id,time_iso,longitude,latitude,depth,mag,mag_type,strike1,dip1,rake1,strike2,dip2,rake2,T_plunge,T_azimuth,N_plunge,N_azimuth,P_plunge,P_azimuth,Mrr,Mtt,Mpp,Mrt,Mrp,Mtp,source,class
M113076A,1976-11-30T00:41:13,-68.51,-20.54,133.7,6.5,mw,181.0,27.0,-73.0,342.0,64.0,-99.0,18.0,78.0,8.0,346.0,70.0,234.0,-1.79e+20,-3.5e+19,2.14e+20,5.500000000000001e+19,-1.42e+20,-4.4e+19,gcmt,deep_subduction
C011777C,1977-01-17T21:27:36,-68.61,-24.89,134.4,6.1,mw,183.0,44.0,73.0,26.0,49.0,105.0,78.0,2.0,11.0,196.0,3.0,105.0,1.978e+19,4.43e+18,-2.422e+19,3.27e+18,1.33e+18,-8.21e+18,gcmt,deep_subduction
B041577A,1977-04-15T23:35:40,-69.27,-23.01,129.7,5.4,mw,121.0,51.0,-159.0,18.0,74.0,-41.0,14.0,74.0,46.0,180.0,40.0,332.0,-6.34e+16,-6.6e+16,1.294e+17,-2.7400000000000004e+16,-6.929999999999999e+16,-7.38e+16,gcmt,deep_subduction
B060877A,1977-06-08T13:25:24,-67.12,-22.21,185.5,5.4,mw,325.0,4.0,40.0,195.0,87.0,93.0,48.0,109.0,3.0,15.0,42.0,282.0,3.91e+16,-2300000000000000.0,-3.67e+16,-9.81e+16,-3.499e+17,1.29e+16,gcmt,deep_subduction
B061877A,1977-06-18T16:49:45,-68.48,-20.95,135.9,5.4,mw,101.0,35.0,-120.0,315.0,60.0,-71.0,13.0,32.0,16.0,126.0,69.0,264.0,-4.806e+17,4.42e+17,3.86e+16,1.688e+17,-2.5710000000000003e+17,-3.329e+17,gcmt,deep_subduction
B063077A,1977-06-30T02:46:07,-69.56,-19.64,122.2,5.4,mw,149.0,22.0,-108.0,348.0,69.0,-83.0,24.0,73.0,6.0,166.0,65.0,270.0,-2.343e+17,-6.48e+16,2.991e+17,6.41e+16,-3.132e+17,-1.395e+17,gcmt,deep_subduction
B082377A,1977-08-23T03:13:00,-68.23,-21.32,136.0,5.2,mw,125.0,37.0,-94.0,309.0,53.0,-87.0,8.0,37.0,2.0,128.0,81.0,232.0,-1.326e+17,8.97e+16,4.29e+16,3.16e+16,-2.98e+16,-8.72e+16,gcmt,deep_subduction
B092077A,1977-09-20T16:23:22,-68.51,-23.57,123.8,5.3,mw,164.0,47.0,-44.0,288.0,59.0,-127.0,7.0,43.0,31.0,309.0,58.0,145.0,-2.322e+17,1.119e+17,1.203e+17,1.5e+17,5.500000000000001e+16,-2.139e+17,gcmt,deep_subduction
B120777A,1977-12-07T00:32:41,-67.32,-28.58,143.9,5.4,mw,148.0,42.0,-82.0,318.0,48.0,-97.0,3.0,53.0,5.0,322.0,84.0,171.0,-1.84e+17,6.38e+16,1.201e+17,2.37e+16,-5400000000000000.0,-1.0169999999999998e+17,gcmt,deep_subduction
B010278A,1978-01-02T08:27:43,-71.61,-37.96,144.0,5.5,mw,93.0,53.0,-9.0,189.0,83.0,-142.0,20.0,315.0,52.0,198.0,31.0,58.0,-1.84e+16,4.66e+16,-2.82e+16,-1.97e+16,1.21e+17,1.454e+17,gcmt,deep_subduction
B040278B,1978-04-02T09:07:14,-69.42,-19.55,118.4,5.3,mw,155.0,37.0,-87.0,331.0,53.0,-92.0,8.0,63.0,2.0,333.0,82.0,230.0,-2.84e+17,9.58e+16,1.882e+17,4.43e+16,-6.05e+16,-6.12e+16,gcmt,deep_subduction
B060778B,1978-06-07T14:08:53,-68.05,-23.7,128.7,5.3,mw,167.0,28.0,-78.0,333.0,62.0,-97.0,17.0,68.0,6.0,336.0,72.0,228.0,-2.226e+17,-1.27e+16,2.3530000000000003e+17,8.5e+16,-1.487e+17,-1.1259999999999998e+17,gcmt,deep_subduction
B062878C,1978-06-28T07:28:03,-69.92,-27.2,119.7,5.3,mw,134.0,30.0,-139.0,8.0,71.0,-66.0,22.0,80.0,22.0,179.0,58.0,310.0,-3.199e+16,-1.551e+16,4.75e+16,-6840000000000001.0,-4.245e+16,-1.926e+16,gcmt,deep_subduction
B102778A,1978-10-27T10:06:56,-66.03,-21.86,299.6,5.6,mw,134.0,24.0,-126.0,353.0,71.0,-75.0,24.0,71.0,14.0,168.0,61.0,285.0,-3.359e+17,1.07e+16,3.252e+17,1.98e+16,-4.437e+17,-1.895e+17,gcmt,deep_subduction
B011379A,1979-01-13T08:39:18,-67.95,-24.17,137.0,5.3,mw,148.0,24.0,-89.0,326.0,66.0,-91.0,21.0,57.0,0.0,327.0,69.0,235.0,-6.08e+16,7630000000000000.0,5.317e+16,3.614e+16,-5.445e+16,-5.151e+16,gcmt,deep_subduction
B032079B,1979-03-20T21:41:27,-71.42,-35.79,122.7,5.5,mw,141.0,24.0,-158.0,32.0,81.0,-68.0,33.0,103.0,22.0,208.0,49.0,326.0,-4.52e+16,-2.82e+16,7.35e+16,-8.35e+16,-1.012e+17,-1.7399999999999998e+16,gcmt,deep_subduction
B041879A,1979-04-18T17:59:17,-67.07,-24.31,194.2,5.4,mw,206.0,37.0,-19.0,311.0,79.0,-126.0,25.0,68.0,35.0,319.0,44.0,185.0,-1.313e+17,-1.745e+17,3.057e+17,2.259e+17,-2.1880000000000003e+17,-1.495e+17,gcmt,deep_subduction
B050479A,1979-05-04T17:21:45,-68.38,-21.77,124.0,5.6,mw,100.0,51.0,-146.0,347.0,65.0,-45.0,8.0,46.0,40.0,143.0,49.0,307.0,-8.31e+16,4.5e+16,3.8e+16,-1.98e+16,-6.750000000000001e+16,-1.103e+17,gcmt,deep_subduction
B061779C,1979-06-17T19:33:37,-69.24,-19.35,126.9,5.3,mw,199.0,18.0,-54.0,341.0,76.0,-101.0,30.0,80.0,10.0,343.0,58.0,236.0,-1.937e+17,-8.01e+16,2.738e+17,1.387e+17,-3.819e+17,-2.56e+16,gcmt,deep_subduction
B062779A,1979-06-27T21:46:30,-68.56,-29.58,141.2,5.6,mw,284.0,32.0,-43.0,52.0,69.0,-115.0,20.0,161.0,23.0,62.0,59.0,287.0,-1.935e+17,2.0830000000000003e+17,-1.48e+16,-1.087e+17,-1.797e+17,2.85e+16,gcmt,deep_subduction
B081079A,1979-08-10T01:28:48,-66.5,-21.32,251.6,5.1,mw,183.0,17.0,-69.0,341.0,74.0,-96.0,29.0,76.0,6.0,343.0,60.0,243.0,-6.621000000000001e+16,9720000000000000.0,5.649e+16,3.717e+16,-9.089e+16,-3150000000000000.0,gcmt,deep_subduction
B112279A,1979-11-22T02:41:27,-66.84,-24.27,181.0,5.8,mw,209.0,44.0,-37.0,327.0,65.0,-128.0,12.0,83.0,34.0,345.0,53.0,190.0,-3.437e+18,-2.282e+18,5.718e+18,2.298e+18,-1.808e+18,-4.87e+17,gcmt,deep_subduction
B122679A,1979-12-26T19:43:42,-71.5,-35.9,110.8,5.6,mw,199.0,6.0,-66.0,355.0,85.0,-92.0,40.0,87.0,2.0,355.0,50.0,262.0,-2.66e+16,-4.67e+16,7.33e+16,2.32e+16,-2.625e+17,-100000000000000.0,gcmt,deep_subduction
B041480D,1980-04-14T23:57:32,-68.96,-21.58,115.4,5.4,mw,195.0,40.0,-47.0,324.0,62.0,-120.0,12.0,75.0,26.0,339.0,61.0,189.0,-1.3e+17,-3.06e+16,1.607e+17,8.73e+16,-4.78e+16,-3.45e+16,gcmt,deep_subduction
B050280E,1980-05-02T19:09:18,-67.33,-24.24,205.2,5.4,mw,197.0,23.0,-57.0,342.0,71.0,-103.0,25.0,82.0,12.0,347.0,62.0,233.0,-1.018e+17,-2.47e+16,1.266e+17,5.05e+16,-1.278e+17,-4900000000000000.0,gcmt,deep_subduction
C052680A,1980-05-26T18:41:51,-69.17,-19.43,104.0,6.0,mw,177.0,23.0,-83.0,349.0,67.0,-93.0,22.0,82.0,3.0,350.0,67.0,254.0,-6.928e+18,-6.07e+17,7.535e+18,1.495e+18,-7.093e+18,-1.052e+18,gcmt,deep_subduction
B061680B,1980-06-16T05:45:18,-68.87,-21.83,118.0,5.5,mw,6.0,44.0,-77.0,168.0,47.0,-102.0,2.0,267.0,9.0,176.0,81.0,7.0,-2.132e+17,-9.91e+16,3.123e+17,-1.9e+16,1.4299999999999998e+16,-2.35e+16,gcmt,deep_subduction
B071380A,1980-07-13T06:20:37,-70.49,-33.47,113.4,5.6,mw,102.0,14.0,178.0,195.0,89.0,76.0,44.0,91.0,14.0,195.0,43.0,299.0,6.870000000000001e+16,-1.682e+17,9.95e+16,-4.32e+16,-3.728e+17,-3.1e+16,gcmt,deep_subduction
C071980A,1980-07-19T11:52:29,-69.89,-29.0,129.3,6.1,mw,306.0,26.0,-77.0,112.0,65.0,-96.0,20.0,206.0,6.0,114.0,70.0,9.0,-8.087e+17,5.889e+17,2.198e+17,-6.221e+17,1.875e+17,-3.052e+17,gcmt,deep_subduction
B080380A,1980-08-03T03:00:53,-69.82,-35.46,163.9,5.3,mw,2.0,20.0,93.0,179.0,70.0,89.0,65.0,87.0,1.0,180.0,25.0,270.0,7.259e+16,-1.58e+16,-5.678e+16,2270000000000000.0,-7.682e+16,-1120000000000000.0,gcmt,deep_subduction
B110880C,1980-11-08T21:35:50,-68.06,-24.42,146.9,5.4,mw,137.0,28.0,-95.0,323.0,62.0,-87.0,17.0,51.0,3.0,142.0,72.0,240.0,-1.107e+17,4.69e+16,6.38e+16,4.28e+16,-6.22e+16,-5.07e+16,gcmt,deep_subduction
C121180B,1980-12-11T18:15:14,-68.46,-21.26,120.8,6.1,mw,159.0,38.0,-111.0,5.0,55.0,-74.0,9.0,84.0,13.0,176.0,74.0,319.0,-2.948e+18,-6.93e+17,3.642e+18,-4.48e+17,-1.15e+18,-5.6200000000000006e+17,gcmt,deep_subduction
B122580B,1980-12-25T06:32:51,-67.19,-31.0,138.1,5.1,mw,173.0,40.0,-106.0,14.0,52.0,-77.0,6.0,94.0,11.0,185.0,78.0,335.0,-4.567e+16,-6899999999999999.0,5.257e+16,-8350000000000000.0,-9030000000000000.0,3730000000000000.0,gcmt,deep_subduction
B012781C,1981-01-27T14:25:51,-68.09,-23.22,140.2,5.4,mw,147.0,32.0,-130.0,12.0,66.0,-68.0,18.0,86.0,20.0,183.0,62.0,318.0,-7.802e+16,-9130000000000000.0,8.715e+16,-3.3690000000000004e+16,-6.298e+16,-1.949e+16,gcmt,deep_subduction
B030281C,1981-03-02T21:20:06,-65.89,-22.47,273.5,5.1,mw,305.0,4.0,49.0,167.0,87.0,93.0,48.0,80.0,3.0,347.0,42.0,254.0,6.860000000000001e+16,-5.679999999999999e+16,-1.18e+16,8.71e+16,-3.906e+17,1.03e+16,gcmt,deep_subduction
B030981B,1981-03-09T07:46:41,-66.59,-23.52,220.7,5.3,mw,198.0,36.0,-46.0,328.0,65.0,-117.0,16.0,77.0,24.0,339.0,60.0,198.0,-5.686e+16,-2.977e+16,8.663e+16,3.142e+16,-4.069e+16,-2.17e+16,gcmt,deep_subduction
C032681B,1981-03-26T18:04:51,-69.22,-19.54,143.9,5.8,mw,179.0,14.0,-76.0,345.0,76.0,-93.0,31.0,78.0,3.0,346.0,59.0,251.0,-1.84e+18,-1.911e+18,3.751e+18,1.319e+18,-5.371e+18,-1.141e+18,gcmt,deep_subduction
B040681A,1981-04-06T14:34:09,-70.81,-35.36,112.8,5.3,mw,95.0,33.0,163.0,200.0,81.0,58.0,45.0,78.0,31.0,205.0,29.0,315.0,2.323e+16,-2.948e+16,6250000000000000.0,-2.116e+16,-6.902999999999999e+16,-4.644999999999999e+16,gcmt,deep_subduction
B060181D,1981-06-01T19:50:20,-65.12,-20.24,349.1,5.0,mw,214.0,25.0,-42.0,343.0,74.0,-109.0,26.0,88.0,18.0,349.0,57.0,228.0,-1.061e+17,-2.21e+16,1.2809999999999998e+17,6.770000000000001e+16,-1.494e+17,2.53e+16,gcmt,deep_subduction
B061681B,1981-06-16T05:41:58,-68.77,-21.63,125.2,5.4,mw,118.0,40.0,-128.0,344.0,59.0,-62.0,10.0,54.0,24.0,149.0,64.0,303.0,-1.2430000000000002e+17,3.1e+16,9.33e+16,-700000000000000.0,-7.019999999999999e+16,-1.165e+17,gcmt,deep_subduction
B071881A,1981-07-18T11:15:24,-66.4,-22.69,232.2,5.0,mw,243.0,17.0,-6.0,338.0,88.0,-107.0,41.0,84.0,17.0,339.0,44.0,231.0,-6300000000000000.0,-3.48e+16,4.1e+16,5.25e+16,-1.343e+17,2.7e+16,gcmt,deep_subduction
B092081D,1981-09-20T10:48:26,-66.59,-23.13,230.9,5.1,mw,65.0,23.0,-136.0,293.0,74.0,-73.0,27.0,10.0,16.0,108.0,58.0,226.0,-1.286e+17,9.54e+16,3.32e+16,1.303e+17,-1.085e+17,3.52e+16,gcmt,deep_subduction
B110281C,1981-11-02T14:31:01,-69.14,-18.62,135.2,5.1,mw,224.0,17.0,-51.0,4.0,77.0,-101.0,31.0,103.0,10.0,7.0,57.0,260.0,-4.46e+16,-9500000000000000.0,5.42e+16,-6900000000000001.0,-1.0249999999999998e+17,2.7600000000000004e+16,gcmt,deep_subduction
B111781A,1981-11-17T07:11:29,-69.72,-25.97,69.1,5.4,mw,144.0,11.0,101.0,312.0,80.0,88.0,55.0,220.0,2.0,313.0,35.0,44.0,5.9e+16,-2.65e+16,-3.26e+16,-1.195e+17,1.079e+17,3.3900000000000004e+16,gcmt,deep_subduction
B113081A,1981-11-30T15:42:33,-70.24,-17.43,144.0,5.4,mw,93.0,3.0,-148.0,331.0,88.0,-87.0,43.0,59.0,3.0,151.0,47.0,244.0,9400000000000000.0,-1.85e+16,9100000000000000.0,1.2290000000000002e+17,-2.191e+17,-4.47e+16,gcmt,deep_subduction
B121581A,1981-12-15T12:32:02,-71.16,-36.13,104.6,5.2,mw,157.0,10.0,-61.0,308.0,81.0,-95.0,36.0,42.0,5.0,309.0,54.0,212.0,-1.102e+16,4370000000000000.0,6650000000000000.0,3.461e+16,-2.7e+16,-1.2609999999999998e+16,gcmt,deep_subduction
B021082A,1982-02-10T20:38:17,-66.09,-22.76,236.6,5.9,mw,235.0,10.0,-28.0,353.0,85.0,-99.0,39.0,92.0,9.0,354.0,49.0,253.0,-2.42e+18,-1.22e+18,3.64e+18,1.89e+18,-1.556e+19,2.08e+18,gcmt,deep_subduction
B032282D,1982-03-22T21:44:17,-69.3,-19.96,139.3,5.1,mw,232.0,12.0,-25.0,347.0,85.0,-101.0,39.0,87.0,11.0,348.0,49.0,244.0,-2.36e+16,-9800000000000000.0,3.33e+16,3.12e+16,-1.21e+17,1.7499999999999998e+16,gcmt,deep_subduction
B041982C,1982-04-19T11:54:35,-66.17,-22.7,266.0,5.3,mw,194.0,19.0,-76.0,0.0,72.0,-95.0,27.0,93.0,4.0,1.0,63.0,262.0,-9.99e+16,-4300000000000000.0,1.042e+17,5100000000000000.0,-1.377e+17,1.26e+16,gcmt,deep_subduction
B052982B,1982-05-29T03:27:04,-68.62,-22.28,116.6,5.2,mw,172.0,23.0,-67.0,327.0,69.0,-100.0,23.0,65.0,9.0,331.0,65.0,221.0,-1.185e+17,-1.25e+16,1.31e+17,8.32e+16,-1.234e+17,-7.28e+16,gcmt,deep_subduction
B060382A,1982-06-03T06:43:56,-68.36,-19.41,195.0,5.2,mw,29.0,48.0,-133.0,263.0,57.0,-54.0,5.0,328.0,30.0,61.0,59.0,229.0,-1.248e+17,1.162e+17,8599999999999998.0,5.28e+16,-2.7900000000000004e+16,1.193e+17,gcmt,deep_subduction
B061082B,1982-06-10T11:43:15,-67.45,-21.37,202.3,5.0,mw,51.0,57.0,-152.0,305.0,67.0,-37.0,6.0,0.0,48.0,97.0,42.0,264.0,-4.56e+16,1.064e+17,-6.08e+16,1.7199999999999998e+16,-6.949999999999999e+16,8300000000000000.0,gcmt,deep_subduction
B071982B,1982-07-19T23:53:04,-66.84,-23.93,231.3,5.2,mw,219.0,31.0,-62.0,8.0,63.0,-106.0,16.0,109.0,14.0,15.0,68.0,247.0,-1.181e+17,9700000000000000.0,1.084e+17,6600000000000000.0,-8.65e+16,5.14e+16,gcmt,deep_subduction
B090382D,1982-09-03T20:14:41,-66.52,-23.84,204.3,5.4,mw,218.0,44.0,-36.0,336.0,66.0,-128.0,12.0,93.0,34.0,354.0,53.0,199.0,-1.0069999999999998e+17,-5.9e+16,1.597e+17,7.18e+16,-6.33e+16,2.59e+16,gcmt,deep_subduction
B091182B,1982-09-11T14:12:25,-67.17,-24.22,198.1,5.1,mw,167.0,29.0,-99.0,357.0,61.0,-85.0,16.0,84.0,4.0,175.0,73.0,279.0,-1.064e+17,-5700000000000000.0,1.121e+17,-1300000000000000.0,-6.929999999999999e+16,-1.59e+16,gcmt,deep_subduction
B111882C,1982-11-18T20:39:54,-65.74,-31.21,166.2,5.5,mw,129.0,24.0,-114.0,335.0,68.0,-80.0,22.0,57.0,10.0,151.0,66.0,263.0,-8.794e+17,3.461e+17,5.333e+17,2.8690000000000003e+17,-8.276999999999999e+17,-4.33e+17,gcmt,deep_subduction
B123182C,1982-12-31T01:35:37,-68.66,-21.41,142.4,5.3,mw,183.0,33.0,-74.0,344.0,59.0,-100.0,13.0,81.0,9.0,349.0,74.0,227.0,-1.004e+17,-1.04e+16,1.1080000000000002e+17,2.37e+16,-4.97e+16,-1.47e+16,gcmt,deep_subduction
B010183A,1983-01-01T05:32:01,-69.45,-17.03,171.8,5.7,mw,216.0,32.0,-19.0,322.0,80.0,-121.0,28.0,76.0,30.0,328.0,46.0,200.0,-9.38e+17,-1.189e+18,2.127e+18,1.802e+18,-1.832e+18,-6.6e+16,gcmt,deep_subduction
B011083B,1983-01-10T09:17:37,-69.16,-21.95,131.9,5.6,mw,162.0,11.0,-115.0,7.0,80.0,-85.0,35.0,93.0,5.0,187.0,55.0,283.0,-1.332e+17,-2.59e+17,3.923e+17,-7.35e+16,-7.257e+17,1.66e+16,gcmt,deep_subduction
B012683D,1983-01-26T01:05:55,-67.22,-24.28,187.6,5.2,mw,163.0,25.0,-91.0,344.0,65.0,-90.0,20.0,73.0,0.0,163.0,70.0,254.0,-1.0189999999999998e+17,-1.88e+16,1.207e+17,2.82e+16,-9.61e+16,-4.68e+16,gcmt,deep_subduction
B012783A,1983-01-27T19:01:40,-67.33,-24.02,191.4,5.5,mw,216.0,31.0,-29.0,332.0,76.0,-117.0,26.0,83.0,26.0,339.0,52.0,210.0,-2.202e+17,-1.474e+17,3.676e+17,2.36e+17,-3.283e+17,2.89e+16,gcmt,deep_subduction
B020183A,1983-02-01T04:22:57,-69.06,-23.09,100.6,5.2,mw,143.0,28.0,-137.0,13.0,71.0,-69.0,24.0,87.0,20.0,186.0,58.0,313.0,-5.498e+16,-1.367e+16,6.865e+16,-2.746e+16,-6.85e+16,-1.7390000000000002e+16,gcmt,deep_subduction
B021583A,1983-02-15T23:21:14,-66.71,-23.02,229.1,5.0,mw,93.0,14.0,-157.0,340.0,85.0,-77.0,38.0,58.0,13.0,159.0,49.0,264.0,-1.88e+16,1500000000000000.0,1.7299999999999998e+16,7.53e+16,-1.779e+17,-6.68e+16,gcmt,deep_subduction
C022583B,1983-02-25T22:49:58,-69.47,-18.61,144.9,5.9,mw,253.0,15.0,-14.0,357.0,87.0,-104.0,40.0,100.0,14.0,358.0,47.0,252.0,-1.36e+18,-7.3e+17,2.09e+18,7.4e+17,-1.262e+19,3.1e+18,gcmt,deep_subduction
B052383A,1983-05-23T00:54:16,-69.59,-18.96,116.0,5.5,mw,133.0,18.0,-129.0,353.0,76.0,-78.0,30.0,74.0,11.0,170.0,58.0,279.0,-5.36e+16,-3.19e+16,8.54e+16,2.05e+16,-1.332e+17,-4.91e+16,gcmt,deep_subduction
B060683B,1983-06-06T16:22:37,-67.27,-24.36,193.9,5.3,mw,190.0,32.0,-53.0,328.0,65.0,-111.0,17.0,73.0,19.0,337.0,64.0,203.0,-6.874e+16,-1.462e+16,8.336e+16,4.058e+16,-4.428e+16,-2.179e+16,gcmt,deep_subduction
B072183A,1983-07-21T07:11:33,-69.25,-22.53,135.2,5.5,mw,122.0,22.0,-160.0,13.0,83.0,-70.0,35.0,85.0,20.0,190.0,48.0,305.0,-9.7e+16,-1.335e+17,2.306e+17,-8.89e+16,-4.604e+17,-1.167e+17,gcmt,deep_subduction
B090183C,1983-09-01T20:01:52,-69.93,-17.43,105.1,5.9,mw,143.0,13.0,-86.0,319.0,77.0,-91.0,32.0,50.0,1.0,319.0,58.0,228.0,-4.522e+17,1.904e+17,2.618e+17,5.547e+17,-6.268e+17,-1.557e+17,gcmt,deep_subduction
B092183B,1983-09-21T10:27:58,-69.14,-19.31,115.8,5.3,mw,129.0,17.0,-84.0,302.0,73.0,-92.0,28.0,34.0,2.0,303.0,62.0,210.0,-2.71e+16,1.306e+16,1.404e+16,2.549e+16,-1.596e+16,-90000000000000.0,gcmt,deep_subduction
B102183A,1983-10-21T08:14:23,-68.61,-30.69,131.6,5.5,mw,323.0,30.0,-143.0,200.0,73.0,-65.0,24.0,271.0,23.0,12.0,56.0,142.0,-9.44e+16,-1.96e+16,1.141e+17,7.46e+16,1.1020000000000002e+17,-2.82e+16,gcmt,deep_subduction
B121583A,1983-12-15T04:22:36,-70.56,-33.09,103.6,5.9,mw,202.0,21.0,-78.0,9.0,69.0,-95.0,24.0,102.0,4.0,10.0,65.0,271.0,-8.194000000000001e+17,2.03e+16,7.991e+17,-1.062e+17,-9.358e+17,2.21e+17,gcmt,deep_subduction
B010184C,1984-01-01T22:08:24,-65.87,-22.22,274.7,5.4,mw,238.0,13.0,-20.0,348.0,86.0,-102.0,40.0,89.0,12.0,349.0,48.0,246.0,-8.3e+16,-3e+17,3.84e+17,2.03e+17,-1.201e+18,1.34e+17,gcmt,deep_subduction
B010684A,1984-01-06T15:01:41,-69.18,-23.55,108.1,5.4,mw,253.0,35.0,-26.0,5.0,75.0,-122.0,23.0,119.0,31.0,14.0,49.0,240.0,-6.879999999999999e+16,-1.3800000000000002e+16,8.26e+16,-2.45e+16,-1.232e+17,1.1200000000000002e+17,gcmt,deep_subduction
B022684A,1984-02-26T08:18:24,-70.65,-17.31,115.6,5.9,mw,169.0,21.0,-69.0,327.0,71.0,-98.0,25.0,63.0,7.0,330.0,64.0,225.0,-8.48e+17,-1.14e+17,9.62e+17,6.98e+17,-1.073e+18,-6.32e+17,gcmt,deep_subduction
B042484B,1984-04-24T18:27:44,-67.03,-24.11,178.2,5.2,mw,209.0,45.0,-9.0,305.0,84.0,-135.0,25.0,69.0,45.0,312.0,35.0,178.0,-1.643e+16,-4.987e+16,6.63e+16,5.144e+16,-3.605e+16,-3.156e+16,gcmt,deep_subduction
B050784A,1984-05-07T14:09:14,-66.27,-28.04,147.3,5.6,mw,185.0,51.0,-37.0,300.0,62.0,-135.0,6.0,60.0,38.0,325.0,51.0,158.0,-3.677e+16,-5890000000000000.0,4.266e+16,3.002e+16,4940000000000000.0,-3.542e+16,gcmt,deep_subduction
B050984A,1984-05-09T23:56:10,-70.19,-34.34,107.9,5.6,mw,205.0,31.0,-95.0,31.0,60.0,-87.0,15.0,119.0,3.0,209.0,75.0,309.0,-7.983e+16,1.1279999999999998e+16,6.855000000000001e+16,-2.63e+16,-4.021e+16,4.455e+16,gcmt,deep_subduction
B051684A,1984-05-16T03:45:06,-66.71,-27.07,156.4,5.4,mw,174.0,68.0,-6.0,267.0,84.0,-158.0,11.0,38.0,67.0,280.0,19.0,132.0,-5.39e+16,6.63e+16,-1.24e+16,7.98e+16,1500000000000000.0,-2.146e+17,gcmt,deep_subduction
B062084A,1984-06-20T19:56:54,-67.04,-23.76,187.3,5.4,mw,215.0,23.0,-23.0,326.0,81.0,-111.0,33.0,74.0,21.0,329.0,49.0,213.0,-7.96e+16,-1.131e+17,1.927e+17,1.655e+17,-2.637e+17,-3.2e+16,gcmt,deep_subduction
B081884B,1984-08-18T04:10:46,-66.83,-27.71,182.3,5.2,mw,160.0,38.0,-60.0,303.0,58.0,-111.0,10.0,48.0,18.0,315.0,69.0,167.0,-1.598e+17,5.739999999999999e+16,1.024e+17,8.27e+16,-1.4399999999999998e+16,-1.069e+17,gcmt,deep_subduction
B102084B,1984-10-20T17:59:25,-66.94,-24.27,209.0,5.9,mw,220.0,27.0,-67.0,14.0,65.0,-101.0,19.0,113.0,10.0,19.0,68.0,262.0,-1.407e+18,-4.6e+16,1.453e+18,-2.55e+17,-1.289e+18,8.94e+17,gcmt,deep_subduction
B110884E,1984-11-08T14:17:48,-68.5,-31.54,143.6,5.4,mw,178.0,45.0,-115.0,32.0,50.0,-67.0,2.0,106.0,17.0,196.0,72.0,8.0,-9.666e+16,2940000000000000.0,9.372e+16,-3.35e+16,570000000000000.0,2.574e+16,gcmt,deep_subduction
B112984B,1984-11-29T19:12:35,-71.28,-35.42,102.1,5.4,mw,151.0,19.0,-154.0,37.0,82.0,-73.0,35.0,112.0,17.0,214.0,50.0,326.0,-3.752e+16,-2.316e+16,6.068e+16,-7.942e+16,-9.489e+16,2400000000000000.0,gcmt,deep_subduction
B121184C,1984-12-11T23:22:29,-68.96,-22.56,128.1,5.6,mw,217.0,13.0,-62.0,8.0,79.0,-96.0,33.0,103.0,6.0,9.0,56.0,270.0,-2.165e+18,4.41e+17,1.723e+18,-5.4100000000000006e+17,-4.854e+18,7.58e+17,gcmt,deep_subduction
B123184B,1984-12-31T13:00:43,-67.19,-22.71,201.7,5.5,mw,195.0,12.0,-54.0,339.0,80.0,-97.0,35.0,75.0,7.0,340.0,54.0,240.0,-6.36e+16,-3.63e+16,9.99e+16,8.05e+16,-2.1e+17,-2.17e+16,gcmt,deep_subduction
B021485B,1985-02-14T08:31:04,-68.01,-23.88,143.7,5.6,mw,111.0,61.0,-167.0,14.0,79.0,-30.0,12.0,65.0,58.0,176.0,29.0,329.0,-7.91e+16,-1.272e+17,2.0630000000000003e+17,-7.26e+16,-1.316e+17,-2.33e+17,gcmt,deep_subduction
B040285B,1985-04-02T02:35:36,-69.72,-28.48,83.2,5.1,mw,133.0,58.0,-143.0,21.0,59.0,-38.0,0.0,77.0,42.0,167.0,48.0,346.0,-3.339e+16,-2.702e+16,6.041e+16,-8080000000000002.0,-3320000000000000.0,-2.1e+16,gcmt,deep_subduction
B051885A,1985-05-18T16:59:20,-69.57,-19.05,126.0,5.4,mw,226.0,24.0,-32.0,346.0,78.0,-111.0,30.0,92.0,20.0,350.0,53.0,231.0,-2.4500000000000003e+17,-4.497e+17,6.947e+17,7.63e+16,-7.957e+17,1.105e+17,gcmt,deep_subduction
B061085B,1985-06-10T15:37:08,-66.64,-27.88,170.2,5.8,mw,161.0,33.0,-64.0,310.0,61.0,-106.0,14.0,52.0,14.0,318.0,70.0,185.0,-2.821e+18,6.65e+17,2.1560000000000005e+18,1.577e+18,-1.087e+18,-2.501e+18,gcmt,deep_subduction
B062385A,1985-06-23T06:55:33,-66.97,-23.64,196.8,5.5,mw,205.0,13.0,-40.0,335.0,82.0,-100.0,36.0,74.0,10.0,336.0,52.0,233.0,-7.74e+16,-8.22e+16,1.595e+17,1.464e+17,-3.32e+17,-3.74e+16,gcmt,deep_subduction
B082785C,1985-08-27T10:44:41,-67.45,-21.45,218.3,5.2,mw,63.0,37.0,-136.0,296.0,65.0,-61.0,15.0,5.0,26.0,103.0,59.0,248.0,-1.593e+17,2.287e+17,-6.939999999999999e+16,1.07e+17,-9.21e+16,-5400000000000000.0,gcmt,deep_subduction
B100885A,1985-10-08T09:47:32,-66.24,-22.6,243.8,5.5,mw,130.0,2.0,-130.0,349.0,89.0,-89.0,44.0,78.0,1.0,169.0,46.0,260.0,5.26e+16,-1.529e+17,1.0029999999999998e+17,1.236e+17,-6.177e+17,-6.49e+16,gcmt,deep_subduction
B102485A,1985-10-24T01:49:00,-68.73,-31.55,124.2,5.7,mw,63.0,44.0,-105.0,263.0,48.0,-76.0,2.0,344.0,10.0,74.0,80.0,244.0,-2.627e+17,2.235e+17,3.91e+16,2.94e+16,-4.62e+16,6.06e+16,gcmt,deep_subduction
B110985B,1985-11-09T22:13:30,-66.41,-27.55,165.2,5.0,mw,172.0,37.0,-45.0,301.0,65.0,-117.0,16.0,51.0,25.0,314.0,60.0,170.0,-7.06e+16,1.317e+16,5.743e+16,6.101e+16,-1.162e+16,-4.882e+16,gcmt,deep_subduction
B010886A,1986-01-08T03:42:54,-71.38,-35.83,96.4,5.4,mw,303.0,16.0,0.0,33.0,90.0,-106.0,43.0,138.0,16.0,33.0,43.0,288.0,1380000000000000.0,1.464e+16,-1.602e+16,-3.571e+16,-5.215e+16,9440000000000000.0,gcmt,deep_subduction
B020986A,1986-02-09T23:32:18,-71.11,-36.24,125.4,5.0,mw,14.0,14.0,92.0,192.0,76.0,89.0,59.0,101.0,1.0,192.0,31.0,282.0,3.297e+16,1.534e+16,-4.832e+16,-1.66e+16,-8.03e+16,-1.481e+16,gcmt,deep_subduction
B031286A,1986-03-12T22:04:27,-67.06,-23.92,210.7,5.2,mw,176.0,15.0,-96.0,2.0,75.0,-88.0,30.0,91.0,2.0,182.0,60.0,274.0,-5.45e+16,-1.36e+16,6.810000000000001e+16,-4200000000000001.0,-1.053e+17,-600000000000000.0,gcmt,deep_subduction
B031586B,1986-03-15T11:29:50,-67.35,-18.91,241.3,5.6,mw,259.0,50.0,-42.0,19.0,59.0,-132.0,5.0,137.0,35.0,43.0,55.0,235.0,-2.098e+18,1.345e+18,7.53e+17,6.66e+17,-1.456e+18,2.0750000000000005e+18,gcmt,deep_subduction
B040986B,1986-04-09T18:11:05,-66.36,-22.31,217.8,5.2,mw,197.0,3.0,-48.0,336.0,88.0,-92.0,43.0,68.0,2.0,336.0,47.0,243.0,-8490000000000000.0,-2430000000000000.0,1.093e+16,4.389e+16,-9.701e+16,-1360000000000000.0,gcmt,deep_subduction
B043086B,1986-04-30T14:09:44,-69.93,-18.31,118.1,5.5,mw,214.0,37.0,-30.0,328.0,73.0,-123.0,21.0,83.0,32.0,339.0,51.0,200.0,-1.3420000000000002e+17,-1.3819999999999998e+17,2.7240000000000003e+17,9.64e+16,-1.664e+17,-2.56e+16,gcmt,deep_subduction
B051086A,1986-05-10T02:00:33,-68.3,-23.51,170.7,5.2,mw,109.0,47.0,-174.0,15.0,85.0,-44.0,25.0,70.0,46.0,190.0,33.0,322.0,-6070000000000000.0,-1.857e+16,2.465e+16,-1.038e+16,-3.406e+16,-3.089e+16,gcmt,deep_subduction
B022587C,1987-02-25T10:42:48,-66.31,-28.73,176.1,5.1,mw,179.0,52.0,-6.0,272.0,86.0,-142.0,23.0,39.0,51.0,278.0,30.0,143.0,-6850000000000001.0,-1630000000000000.0,8480000000000000.0,6.845e+16,1.111e+16,-8.539e+16,gcmt,deep_subduction
B030487B,1987-03-04T10:05:06,-69.13,-19.83,133.2,5.3,mw,166.0,40.0,-60.0,309.0,56.0,-113.0,8.0,55.0,19.0,323.0,69.0,168.0,-1.1060000000000002e+17,2.56e+16,8.5e+16,5.23e+16,-5400000000000000.0,-6.24e+16,gcmt,deep_subduction
C040187A,1987-04-01T01:48:20,-66.19,-22.92,250.8,6.2,mw,268.0,14.0,1.0,177.0,90.0,104.0,44.0,100.0,14.0,357.0,43.0,253.0,2.89e+18,-6.53e+18,3.64e+18,-4.3e+17,-3.1070000000000004e+19,7.09e+18,gcmt,deep_subduction
B051087B,1987-05-10T15:16:28,-65.19,-30.95,186.4,5.6,mw,78.0,69.0,-163.0,341.0,74.0,-22.0,3.0,30.0,63.0,127.0,27.0,299.0,-1.89e+16,8.49e+16,-6.59e+16,-3.17e+16,-7.48e+16,-1.2430000000000002e+17,gcmt,deep_subduction
B051287D,1987-05-12T16:12:51,-68.33,-21.85,139.3,5.4,mw,163.0,33.0,-56.0,304.0,63.0,-110.0,15.0,48.0,18.0,313.0,66.0,177.0,-8.122e+16,2.537e+16,5.586e+16,5.681e+16,-2.583e+16,-6.703e+16,gcmt,deep_subduction
B060187B,1987-06-01T01:50:25,-68.96,-22.06,120.7,5.4,mw,207.0,55.0,-34.0,319.0,63.0,-139.0,5.0,81.0,42.0,347.0,47.0,177.0,-4.531e+16,-3.81e+16,8.341e+16,3.684e+16,-5790000000000000.0,-1.611e+16,gcmt,deep_subduction
B061987E,1987-06-19T19:00:13,-68.94,-21.29,133.2,5.4,mw,196.0,30.0,-65.0,349.0,63.0,-103.0,17.0,88.0,12.0,355.0,69.0,232.0,-3.179e+17,-3.52e+16,3.531e+17,8.5e+16,-2.262e+17,1.34e+16,gcmt,deep_subduction
B070987A,1987-07-09T04:07:47,-68.95,-20.51,123.9,5.2,mw,167.0,23.0,-50.0,305.0,72.0,-105.0,26.0,47.0,15.0,309.0,60.0,193.0,-6.331000000000001e+16,1.698e+16,4.633e+16,8.611e+16,-5.758e+16,-6.324e+16,gcmt,deep_subduction
B071987A,1987-07-19T14:00:33,-70.64,-17.25,127.8,5.2,mw,251.0,5.0,18.0,143.0,89.0,94.0,46.0,58.0,4.0,323.0,43.0,229.0,1.851e+16,-2.054e+16,2030000000000000.0,4.381e+16,-6.46e+16,-1.777e+16,gcmt,deep_subduction
B072987B,1987-07-29T15:22:38,-66.96,-28.33,150.7,5.4,mw,332.0,44.0,-82.0,141.0,47.0,-97.0,2.0,236.0,5.0,146.0,84.0,344.0,-1.1559999999999998e+17,1.31e+16,1.0249999999999998e+17,-9500000000000000.0,4400000000000000.0,-1.091e+17,gcmt,deep_subduction
B081587B,1987-08-15T09:34:56,-68.89,-22.88,133.9,5.1,mw,319.0,54.0,-142.0,204.0,60.0,-43.0,4.0,263.0,39.0,356.0,50.0,168.0,-3.514e+16,-2.837e+16,6.351e+16,1.585e+16,9240000000000000.0,-1.32e+16,gcmt,deep_subduction
B081987A,1987-08-19T07:52:51,-67.07,-24.14,181.9,5.3,mw,171.0,28.0,-100.0,1.0,62.0,-85.0,17.0,88.0,5.0,179.0,73.0,284.0,-6.847000000000001e+16,-1.605e+16,8.452e+16,-3320000000000000.0,-5.149e+16,-5870000000000000.0,gcmt,deep_subduction
C090187A,1987-09-01T04:26:18,-66.51,-23.09,248.8,6.0,mw,218.0,10.0,-84.0,32.0,80.0,-91.0,35.0,123.0,1.0,32.0,55.0,300.0,-1.143e+18,2.19e+17,9.23e+17,-1.849e+18,-2.985e+18,8.74e+17,gcmt,deep_subduction
B091187A,1987-09-11T00:34:58,-68.85,-22.11,132.9,5.4,mw,182.0,33.0,-77.0,347.0,58.0,-98.0,13.0,83.0,7.0,351.0,75.0,233.0,-1.531e+17,-1.127e+17,2.658e+17,2.01e+16,-1e+17,-4.86e+16,gcmt,deep_subduction
B091887A,1987-09-18T08:43:35,-69.25,-24.36,117.9,5.6,mw,182.0,38.0,-46.0,311.0,64.0,-119.0,14.0,62.0,25.0,325.0,61.0,178.0,-2.322e+17,-6000000000000000.0,2.382e+17,1.816e+17,-5.89e+16,-1.268e+17,gcmt,deep_subduction
B100387A,1987-10-03T03:35:16,-69.48,-18.17,136.8,5.8,mw,219.0,46.0,-10.0,316.0,83.0,-135.0,24.0,79.0,45.0,323.0,35.0,188.0,-1.877e+17,-5.4800000000000006e+17,7.357e+17,3.867e+17,-4.455e+17,-1.051e+17,gcmt,deep_subduction
B100787A,1987-10-07T00:51:45,-68.06,-22.88,144.9,5.6,mw,164.0,32.0,-85.0,338.0,59.0,-93.0,14.0,70.0,3.0,340.0,76.0,239.0,-2.686e+17,-1.03e+16,2.789e+17,6.1e+16,-1.3740000000000002e+17,-1.153e+17,gcmt,deep_subduction
B120387B,1987-12-03T11:04:45,-69.26,-21.19,125.3,5.6,mw,181.0,36.0,-77.0,345.0,55.0,-99.0,9.0,82.0,8.0,350.0,78.0,221.0,-1.2430000000000002e+17,-4.85e+16,1.729e+17,1.8e+16,-4.78e+16,-3.14e+16,gcmt,deep_subduction
B123087A,1987-12-30T11:56:28,-71.01,-34.74,111.6,5.7,mw,126.0,21.0,-171.0,27.0,87.0,-69.0,38.0,99.0,21.0,206.0,45.0,318.0,-1.7299999999999998e+16,-4.46e+16,6.19e+16,-7.35e+16,-1.365e+17,-2.61e+16,gcmt,deep_subduction
B020688C,1988-02-06T07:42:41,-68.87,-19.77,135.0,5.2,mw,206.0,33.0,-19.0,312.0,80.0,-121.0,28.0,67.0,31.0,318.0,46.0,190.0,-3.514e+16,-4.251e+16,7.765e+16,7.244e+16,-6.018e+16,-2.935e+16,gcmt,deep_subduction
C020688F,1988-02-06T18:03:59,-67.02,-18.03,284.9,6.0,mw,216.0,10.0,-55.0,0.0,82.0,-96.0,37.0,95.0,6.0,1.0,53.0,263.0,-1.989e+18,2.46e+17,1.743e+18,1.31e+17,-6.327e+18,6.66e+17,gcmt,deep_subduction
B021888A,1988-02-18T13:52:44,-67.84,-23.44,156.5,5.8,mw,106.0,31.0,-175.0,12.0,88.0,-59.0,35.0,76.0,31.0,190.0,40.0,310.0,-3.34e+16,-2.385e+17,2.719e+17,-3.07e+16,-6.079e+17,-2.8650000000000003e+17,gcmt,deep_subduction
B022688A,1988-02-26T02:31:26,-70.09,-17.99,146.2,5.1,mw,189.0,20.0,-61.0,338.0,72.0,-100.0,26.0,76.0,10.0,341.0,61.0,233.0,-1.038e+17,-2.37e+16,1.2749999999999998e+17,6.44e+16,-1.438e+17,-2.45e+16,gcmt,deep_subduction
B052088A,1988-05-20T03:20:01,-69.62,-17.51,136.7,5.5,mw,194.0,26.0,-49.0,329.0,71.0,-108.0,24.0,73.0,17.0,335.0,60.0,213.0,-1.996e+17,-3.3700000000000004e+16,2.334e+17,1.567e+17,-1.96e+17,-4.11e+16,gcmt,deep_subduction
B052288C,1988-05-22T12:47:32,-69.4,-17.17,178.8,5.3,mw,92.0,7.0,-175.0,357.0,89.0,-83.0,44.0,80.0,7.0,177.0,45.0,274.0,1.32e+16,-3.46e+16,2.13e+16,1.66e+16,-1.721e+17,-2.55e+16,gcmt,deep_subduction
B052388A,1988-05-23T00:28:12,-68.9,-28.87,105.7,5.6,mw,320.0,29.0,-90.0,140.0,61.0,-90.0,16.0,230.0,0.0,140.0,74.0,50.0,-1.293e+17,5.06e+16,7.86e+16,-5.570000000000001e+16,6.5e+16,-8.46e+16,gcmt,deep_subduction
B063088A,1988-06-30T14:59:08,-67.32,-23.6,159.5,5.2,mw,95.0,48.0,-152.0,346.0,70.0,-45.0,13.0,45.0,41.0,147.0,46.0,302.0,-4.537e+16,3.441e+16,1.095e+16,-1.635e+16,-6.146e+16,-6.67e+16,gcmt,deep_subduction
B063088B,1988-06-30T15:21:19,-67.15,-23.82,192.1,5.1,mw,219.0,21.0,-23.0,331.0,82.0,-109.0,34.0,77.0,19.0,334.0,50.0,220.0,-2.4e+16,-4.92e+16,7.32e+16,5.07e+16,-1.1100000000000002e+17,-1.02e+16,gcmt,deep_subduction
B072888C,1988-07-28T17:12:42,-65.61,-22.01,295.4,5.7,mw,238.0,37.0,19.0,133.0,79.0,125.0,45.0,78.0,35.0,305.0,25.0,196.0,6.24e+17,-1.372e+18,7.48e+17,7.74e+17,-1.387e+18,3e+16,gcmt,deep_subduction
B091488D,1988-09-14T22:14:14,-68.24,-23.5,140.2,5.7,mw,157.0,32.0,-92.0,340.0,58.0,-89.0,13.0,69.0,1.0,159.0,77.0,254.0,-8.175000000000001e+17,2.08e+16,7.967e+17,1.3560000000000002e+17,-3.983e+17,-3.568e+17,gcmt,deep_subduction
B093088B,1988-09-30T03:23:54,-69.46,-19.76,137.9,5.3,mw,124.0,26.0,-122.0,339.0,69.0,-76.0,22.0,58.0,13.0,154.0,64.0,273.0,-7.88e+16,-1.28e+16,9.17e+16,5.32e+16,-1.071e+17,-1.1319999999999998e+17,gcmt,deep_subduction
B101488A,1988-10-14T19:11:54,-67.69,-23.21,146.0,5.4,mw,162.0,32.0,-82.0,333.0,58.0,-95.0,13.0,67.0,4.0,336.0,76.0,228.0,-1.234e+17,-2700000000000000.0,1.2609999999999998e+17,3.45e+16,-5.96e+16,-6.53e+16,gcmt,deep_subduction
B103188A,1988-10-31T02:08:20,-66.7,-23.17,227.9,5.1,mw,122.0,29.0,-139.0,355.0,71.0,-67.0,23.0,68.0,22.0,167.0,58.0,296.0,-5.508e+16,4240000000000000.0,5.083e+16,-4370000000000000.0,-7.357e+16,-4.18e+16,gcmt,deep_subduction
B112888A,1988-11-28T00:31:32,-68.5,-20.36,142.6,5.2,mw,214.0,49.0,-36.0,329.0,63.0,-133.0,8.0,88.0,38.0,352.0,51.0,189.0,-5.877e+16,-3.006e+16,8.882999999999998e+16,6.327e+16,-2.009e+16,5669999999999999.0,gcmt,deep_subduction
B121688A,1988-12-16T05:05:57,-67.2,-24.31,184.8,5.2,mw,229.0,43.0,22.0,123.0,76.0,131.0,44.0,73.0,39.0,291.0,20.0,184.0,2.388e+16,-5.005e+16,2.617e+16,2.632e+16,-5.199e+16,-1.294e+16,gcmt,deep_subduction
B122488A,1988-12-24T04:27:06,-66.7,-23.43,218.2,5.6,mw,198.0,30.0,-54.0,338.0,66.0,-109.0,19.0,82.0,17.0,346.0,64.0,217.0,-9.72e+17,-5.94e+17,1.566e+18,3.72e+17,-9.46e+17,-2.17e+17,gcmt,deep_subduction
B010789A,1989-01-07T07:26:17,-68.51,-23.2,151.8,5.5,mw,162.0,47.0,-44.0,285.0,59.0,-127.0,7.0,41.0,32.0,307.0,57.0,142.0,-1.856e+17,1.1499999999999998e+17,7.07e+16,9.17e+16,1e+16,-2.177e+17,gcmt,deep_subduction
B020789A,1989-02-07T04:03:05,-67.51,-22.02,181.6,5.5,mw,244.0,17.0,-23.0,355.0,83.0,-106.0,36.0,100.0,16.0,357.0,49.0,248.0,-3.79e+16,-2.38e+16,6.17e+16,1.48e+16,-1.893e+17,5.1e+16,gcmt,deep_subduction
B020989D,1989-02-09T22:49:09,-66.0,-22.23,269.4,5.2,mw,307.0,16.0,42.0,176.0,79.0,102.0,54.0,101.0,12.0,354.0,33.0,256.0,5.07e+16,7099999999999999.0,-5.779999999999999e+16,6600000000000000.0,-1.3879999999999998e+17,3.76e+16,gcmt,deep_subduction
B040189A,1989-04-01T21:58:18,-70.19,-32.86,119.0,5.7,mw,158.0,18.0,-122.0,10.0,75.0,-80.0,29.0,93.0,9.0,188.0,59.0,294.0,-4.807e+16,-1.821e+16,6.628e+16,-1.821e+16,-9.198e+16,-3970000000000000.0,gcmt,deep_subduction
B040589A,1989-04-05T23:47:54,-69.09,-21.13,122.3,5.6,mw,185.0,30.0,-67.0,339.0,62.0,-103.0,16.0,78.0,11.0,345.0,70.0,222.0,-1.434e+18,-7.88e+17,2.223e+18,4.32e+17,-1.154e+18,-5.96e+17,gcmt,deep_subduction
B061989A,1989-06-19T16:00:52,-67.6,-22.05,186.0,5.4,mw,228.0,7.0,-38.0,356.0,86.0,-96.0,40.0,91.0,6.0,357.0,49.0,260.0,-5.91e+16,500000000000000.0,5.86e+16,2.82e+16,-3.665e+17,3.35e+16,gcmt,deep_subduction
B080889C,1989-08-08T23:44:13,-68.89,-22.4,125.4,5.4,mw,167.0,31.0,-126.0,28.0,66.0,-71.0,19.0,104.0,18.0,200.0,64.0,330.0,-8.9e+16,-5.16e+16,1.4059999999999998e+17,-4.23e+16,-8.3e+16,4.21e+16,gcmt,deep_subduction
B100389B,1989-10-03T21:33:44,-66.65,-24.21,186.1,5.4,mw,206.0,42.0,-55.0,343.0,57.0,-117.0,8.0,92.0,23.0,358.0,66.0,200.0,-1.1399999999999998e+17,-5.95e+16,1.735e+17,2.93e+16,-4.33e+16,1.1e+16,gcmt,deep_subduction
B102389C,1989-10-23T23:41:36,-66.39,-27.51,175.8,5.4,mw,179.0,55.0,-29.0,286.0,66.0,-142.0,7.0,50.0,46.0,313.0,43.0,147.0,-5.292e+16,3380000000000000.0,4.954e+16,5.952e+16,2.396e+16,-8.44e+16,gcmt,deep_subduction
B110189A,1989-11-01T06:40:37,-67.8,-21.45,151.8,5.8,mw,134.0,18.0,-110.0,335.0,73.0,-84.0,28.0,60.0,6.0,153.0,61.0,254.0,-8.14e+17,1.29e+17,6.85e+17,5.88e+17,-1.288e+18,-6.3e+17,gcmt,deep_subduction
B110289A,1989-11-02T10:12:33,-68.47,-22.5,120.5,5.4,mw,235.0,20.0,-5.0,330.0,88.0,-110.0,40.0,78.0,20.0,330.0,43.0,220.0,1.61e+16,-8.19e+16,6.58e+16,4.08e+16,-1.412e+17,-2.08e+16,gcmt,deep_subduction
B110889A,1989-11-08T11:23:15,-68.03,-23.74,148.3,5.0,mw,210.0,68.0,-3.0,301.0,87.0,-158.0,13.0,74.0,68.0,308.0,17.0,168.0,-100000000000000.0,-1.056e+17,1.057e+17,4.53e+16,-1.7599999999999998e+16,-5.739999999999999e+16,gcmt,deep_subduction
B111089A,1989-11-10T13:43:02,-65.57,-22.64,284.4,5.2,mw,229.0,21.0,-19.0,337.0,83.0,-110.0,35.0,85.0,20.0,340.0,48.0,226.0,-6.32e+16,-9.05e+16,1.537e+17,1.16e+17,-2.788e+17,4.08e+16,gcmt,deep_subduction
B022590C,1990-02-25T22:51:16,-68.72,-18.35,141.5,5.6,mw,169.0,29.0,-91.0,350.0,61.0,-89.0,16.0,79.0,0.0,169.0,74.0,261.0,-2.876e+17,8699999999999998.0,2.789e+17,2.94e+16,-1.71e+17,-5.38e+16,gcmt,deep_subduction
C051490C,1990-05-14T21:34:09,-71.34,-35.89,92.0,5.7,mw,273.0,40.0,19.0,168.0,78.0,128.0,44.0,115.0,37.0,339.0,24.0,230.0,5.77e+17,-5.92e+17,1.4e+16,-1.64e+17,-1.458e+18,1.059e+18,gcmt,deep_subduction
B051790B,1990-05-17T11:03:34,-69.71,-17.9,126.2,5.4,mw,190.0,14.0,-52.0,331.0,79.0,-99.0,33.0,69.0,9.0,333.0,55.0,230.0,-1.813e+17,-3.25e+16,2.138e+17,2.291e+17,-3.924e+17,-4.83e+16,gcmt,deep_subduction
B061890C,1990-06-18T19:03:04,-68.49,-21.92,136.1,5.3,mw,142.0,31.0,-105.0,339.0,61.0,-81.0,15.0,63.0,7.0,155.0,73.0,270.0,-9.257e+16,2.055e+16,7.202e+16,1.31e+16,-5.531e+16,-4.309e+16,gcmt,deep_subduction
B062290B,1990-06-22T11:48:51,-69.3,-19.59,111.1,5.3,mw,176.0,19.0,-74.0,339.0,71.0,-96.0,26.0,74.0,5.0,341.0,63.0,240.0,-1.032e+17,-3.02e+16,1.334e+17,5.779999999999999e+16,-1.502e+17,-4.47e+16,gcmt,deep_subduction
B062990B,1990-06-29T06:31:30,-68.83,-28.66,117.3,5.3,mw,321.0,36.0,-80.0,129.0,55.0,-97.0,9.0,224.0,6.0,133.0,79.0,12.0,-9.596e+16,4.807e+16,4.789e+16,-3.015e+16,1.314e+16,-3.843e+16,gcmt,deep_subduction
B081590A,1990-08-15T13:23:46,-69.33,-18.43,136.5,5.1,mw,215.0,32.0,-43.0,343.0,69.0,-114.0,20.0,92.0,23.0,353.0,59.0,219.0,-5.490000000000001e+16,-5.04e+16,1.053e+17,1.3800000000000002e+16,-6.899999999999999e+16,9900000000000000.0,gcmt,deep_subduction
B090490F,1990-09-04T23:15:18,-68.66,-30.92,118.4,5.4,mw,215.0,44.0,-92.0,37.0,46.0,-88.0,1.0,126.0,1.0,216.0,88.0,356.0,-4.189e+17,1.276e+17,2.913e+17,-1.53e+16,-8300000000000000.0,2.503e+17,gcmt,deep_subduction
B090790C,1990-09-07T16:09:29,-66.74,-24.29,191.4,5.5,mw,207.0,32.0,-50.0,342.0,66.0,-112.0,18.0,88.0,20.0,351.0,62.0,217.0,-7.87e+16,-6.6e+16,1.447e+17,2.02e+16,-8.16e+16,-1500000000000000.0,gcmt,deep_subduction
C101090A,1990-10-10T01:00:12,-66.6,-19.43,275.0,5.8,mw,237.0,31.0,-28.0,351.0,76.0,-118.0,26.0,103.0,27.0,358.0,51.0,229.0,-2.66e+18,-1.473e+18,4.134000000000001e+18,1.078e+18,-5.181e+18,2.531e+18,gcmt,deep_subduction
B120290C,1990-12-02T14:37:36,-68.8,-21.34,133.6,5.3,mw,137.0,53.0,-157.0,33.0,72.0,-39.0,12.0,88.0,48.0,192.0,40.0,349.0,-5.1e+16,-6.56e+16,1.166e+17,-2.46e+16,-3.65e+16,-1.01e+16,gcmt,deep_subduction
B122190F,1990-12-21T18:31:50,-69.7,-32.71,130.1,5.3,mw,289.0,47.0,-7.0,24.0,85.0,-137.0,24.0,149.0,47.0,30.0,33.0,256.0,-2.85e+16,9.75e+16,-6.899999999999999e+16,-5.15e+16,-1.004e+17,9.67e+16,gcmt,deep_subduction
B031591A,1991-03-15T18:51:08,-68.61,-28.86,124.5,5.5,mw,345.0,25.0,-68.0,140.0,67.0,-100.0,22.0,238.0,9.0,144.0,66.0,32.0,-5.792e+16,9210000000000000.0,4.871000000000001e+16,-4.125e+16,4.275e+16,-3.051e+16,gcmt,deep_subduction
B051191B,1991-05-11T08:04:56,-67.35,-21.22,199.0,5.4,mw,276.0,15.0,1.0,184.0,90.0,105.0,44.0,109.0,15.0,4.0,43.0,260.0,-2700000000000000.0,2.08e+16,-1.8e+16,-1.28e+16,-2.197e+17,5.620000000000001e+16,gcmt,deep_subduction
B053091A,1991-05-30T09:06:29,-68.34,-23.6,155.1,5.3,mw,125.0,46.0,-138.0,3.0,61.0,-52.0,9.0,67.0,32.0,163.0,56.0,324.0,-6.745e+16,-2.286e+16,9.031e+16,-1.059e+16,-3.519e+16,-6.207e+16,gcmt,deep_subduction
B070991A,1991-07-09T05:54:13,-68.93,-20.79,119.8,5.3,mw,115.0,28.0,-132.0,341.0,70.0,-71.0,22.0,56.0,18.0,154.0,61.0,279.0,-9.54e+16,4.66e+16,4.87e+16,1.49e+16,-1.085e+17,-5.83e+16,gcmt,deep_subduction
B082791E,1991-08-27T11:58:30,-68.67,-21.24,119.5,5.0,mw,202.0,25.0,-68.0,358.0,67.0,-100.0,21.0,96.0,9.0,2.0,67.0,251.0,-1.041e+17,-7700000000000000.0,1.1180000000000002e+17,1.18e+16,-1.0289999999999998e+17,2.13e+16,gcmt,deep_subduction
B091591E,1991-09-15T22:56:26,-69.96,-31.58,123.2,5.2,mw,262.0,87.0,0.0,172.0,90.0,177.0,2.0,127.0,87.0,351.0,2.0,217.0,1.17e+16,-1.936e+17,1.819e+17,4500000000000000.0,-3.22e+16,6.721e+17,gcmt,deep_subduction
B102791D,1991-10-27T16:17:35,-67.53,-22.11,177.5,5.6,mw,235.0,9.0,-43.0,7.0,84.0,-96.0,39.0,103.0,6.0,8.0,51.0,270.0,-4.67e+16,2.87e+16,1.81e+16,-1.45e+16,-1.648e+17,1.79e+16,gcmt,deep_subduction
B120191C,1991-12-01T22:41:23,-69.55,-32.03,114.0,5.2,mw,197.0,46.0,-121.0,58.0,52.0,-62.0,3.0,129.0,22.0,220.0,68.0,32.0,-1.074e+17,2.52e+16,8.21e+16,-2.26e+16,600000000000000.0,1.199e+17,gcmt,deep_subduction
B121591F,1991-12-15T18:56:11,-70.37,-17.53,111.3,5.6,mw,147.0,21.0,-93.0,330.0,69.0,-89.0,24.0,59.0,1.0,149.0,66.0,242.0,-5.427e+17,1.501e+17,3.926e+17,2.997e+17,-5.287e+17,-2.435e+17,gcmt,deep_subduction
B012792B,1992-01-27T09:53:06,-68.07,-21.17,145.6,5.0,mw,2.0,46.0,-108.0,207.0,47.0,-72.0,0.0,285.0,13.0,15.0,77.0,193.0,-4.602e+17,5900000000000000.0,4.544e+17,1.0309999999999998e+17,-1.94e+16,1.2410000000000002e+17,gcmt,deep_subduction
B041692C,1992-04-16T18:33:10,-68.92,-20.3,130.1,5.6,mw,207.0,28.0,-37.0,331.0,73.0,-113.0,25.0,79.0,22.0,338.0,56.0,212.0,-2.3690000000000003e+17,-1.911e+17,4.28e+17,1.937e+17,-3.658e+17,-6.820000000000001e+16,gcmt,deep_subduction
B050992A,1992-05-09T00:21:06,-69.74,-18.24,130.3,5.4,mw,214.0,18.0,-9.0,313.0,87.0,-108.0,40.0,59.0,18.0,313.0,45.0,205.0,-3530000000000000.0,-2.31e+16,2.662e+16,5.622e+16,-5.618e+16,-1.403e+16,gcmt,deep_subduction
B060192A,1992-06-01T01:47:18,-70.28,-17.77,95.2,5.0,mw,204.0,42.0,-58.0,345.0,55.0,-116.0,7.0,92.0,21.0,0.0,68.0,199.0,-3.385e+16,7680000000000000.0,2.617e+16,1.834e+16,-7590000000000000.0,3660000000000000.0,gcmt,deep_subduction
B062092A,1992-06-20T13:41:22,-66.98,-19.48,274.4,5.0,mw,212.0,32.0,-63.0,0.0,62.0,-106.0,16.0,102.0,14.0,8.0,69.0,238.0,-9.016e+16,9010000000000000.0,8.116e+16,1.785e+16,-5.97e+16,2.502e+16,gcmt,deep_subduction
B070492B,1992-07-04T06:48:06,-69.08,-21.18,111.6,5.0,mw,152.0,42.0,-85.0,324.0,48.0,-95.0,3.0,58.0,4.0,327.0,85.0,189.0,-5.644999999999999e+16,1.029e+16,4.616e+16,6170000000000000.0,-4570000000000000.0,-3.785e+16,gcmt,deep_subduction
B081492D,1992-08-14T20:09:01,-65.11,-30.91,200.7,5.0,mw,86.0,14.0,-145.0,322.0,82.0,-79.0,36.0,42.0,11.0,140.0,52.0,244.0,-1.855e+16,2.014e+16,-1590000000000000.0,3.682e+16,-5.082e+16,-9860000000000000.0,gcmt,deep_subduction
B081792E,1992-08-17T21:09:31,-68.78,-20.26,116.4,5.2,mw,156.0,14.0,-95.0,341.0,76.0,-89.0,31.0,70.0,1.0,161.0,59.0,253.0,-1.087e+17,3.25e+16,7.62e+16,5.9e+16,-1.805e+17,-2.23e+16,gcmt,deep_subduction
B082092B,1992-08-20T13:37:16,-68.95,-25.9,114.8,5.3,mw,164.0,27.0,-76.0,329.0,64.0,-97.0,19.0,64.0,6.0,332.0,70.0,225.0,-7.308e+16,1.763e+16,5.545e+16,3.306e+16,-4.256e+16,-1.867e+16,gcmt,deep_subduction
B110192F,1992-11-01T09:36:50,-69.51,-29.06,118.7,5.6,mw,341.0,17.0,-72.0,142.0,74.0,-95.0,29.0,237.0,5.0,144.0,60.0,45.0,-9.043e+16,3.096e+16,5.947e+16,-7.981e+16,9.15e+16,-9520000000000000.0,gcmt,deep_subduction
B112092A,1992-11-20T01:45:28,-66.19,-22.72,255.5,5.1,mw,196.0,12.0,-50.0,336.0,81.0,-98.0,36.0,72.0,7.0,337.0,53.0,237.0,-3.513e+16,-1470000000000000.0,3.661e+16,4.45e+16,-9.112e+16,-740000000000000.0,gcmt,deep_subduction
B122392B,1992-12-23T02:20:08,-69.27,-20.39,118.8,5.4,mw,206.0,21.0,-27.0,322.0,81.0,-108.0,33.0,68.0,18.0,325.0,51.0,211.0,-1.361e+17,-4.14e+16,1.775e+17,2.44e+17,-2.33e+17,1.67e+16,gcmt,deep_subduction
B122992C,1992-12-29T20:31:48,-67.15,-31.55,144.4,5.0,mw,139.0,26.0,-112.0,343.0,66.0,-80.0,21.0,65.0,9.0,159.0,67.0,272.0,-8.853e+16,-1070000000000000.0,8.960000000000002e+16,2.374e+16,-8.882999999999998e+16,-6.148e+16,gcmt,deep_subduction
C022493H,1993-02-24T22:21:44,-68.45,-25.18,132.6,6.0,mw,331.0,47.0,-51.0,101.0,55.0,-124.0,5.0,214.0,27.0,122.0,62.0,313.0,-2.683e+17,2.147e+17,5.36e+16,-1.101e+17,-6.68e+16,-2.293e+17,gcmt,deep_subduction
B033093A,1993-03-30T05:24:03,-67.28,-21.98,179.5,5.3,mw,264.0,37.0,-6.0,359.0,86.0,-127.0,31.0,119.0,37.0,2.0,38.0,237.0,-6.45e+16,-1.89e+16,8.34e+16,2.64e+16,-5.122e+17,3.848e+17,gcmt,deep_subduction
B041093E,1993-04-10T21:01:34,-68.8,-22.39,120.8,5.1,mw,206.0,24.0,-56.0,349.0,71.0,-104.0,24.0,90.0,13.0,354.0,62.0,238.0,-6.338e+16,-2.151e+16,8.489e+16,1.984e+16,-8.425e+16,8990000000000000.0,gcmt,deep_subduction
B050593A,1993-05-05T11:38:33,-69.32,-20.19,140.2,5.1,mw,119.0,60.0,-178.0,28.0,88.0,-30.0,20.0,77.0,60.0,204.0,22.0,339.0,-4.47e+16,-9.67e+16,1.414e+17,-1900000000000000.0,-8.43e+16,-6.39e+16,gcmt,deep_subduction
C052493E,1993-05-24T23:51:28,-66.88,-23.45,231.9,6.2,mw,165.0,15.0,-101.0,356.0,75.0,-87.0,30.0,83.0,3.0,175.0,60.0,269.0,-1.594e+19,-4.2e+17,1.636e+19,1.91e+18,-2.903e+19,-2.92e+18,gcmt,deep_subduction
C060893F,1993-06-08T23:17:47,-69.13,-31.62,124.5,6.4,mw,40.0,41.0,-95.0,226.0,49.0,-86.0,4.0,313.0,3.0,44.0,85.0,172.0,-2.988e+18,1.386e+18,1.601e+18,4.03e+17,2.08e+17,1.768e+18,gcmt,deep_subduction
B101993A,1993-10-19T04:02:30,-65.69,-22.12,278.9,5.8,mw,252.0,5.0,-12.0,355.0,89.0,-95.0,44.0,90.0,5.0,355.0,46.0,259.0,-1.7999999999999998e+16,-8.6e+16,1.04e+17,1.12e+17,-1.249e+18,9.9e+16,gcmt,deep_subduction
B103093E,1993-10-30T17:59:08,-68.16,-31.77,125.6,5.9,mw,180.0,41.0,-125.0,43.0,58.0,-64.0,9.0,114.0,22.0,208.0,66.0,3.0,-5.091e+17,-2500000000000000.0,5.116e+17,-2.775e+17,-8.2e+16,2.3570000000000003e+17,gcmt,deep_subduction
B111493A,1993-11-14T01:59:26,-68.74,-22.63,117.1,5.8,mw,155.0,15.0,-115.0,0.0,76.0,-84.0,31.0,85.0,6.0,178.0,58.0,279.0,-2.529e+17,-2.64e+16,2.793e+17,-1.02e+16,-5.161e+17,-6.48e+16,gcmt,deep_subduction
B021794B,1994-02-17T04:37:32,-66.65,-23.3,212.8,5.3,mw,131.0,27.0,-168.0,30.0,85.0,-63.0,34.0,98.0,27.0,208.0,44.0,327.0,-9200000000000000.0,-7.17e+16,8.09e+16,-2.92e+16,-1.1180000000000002e+17,1.05e+16,gcmt,deep_subduction
B052294A,1994-05-22T02:57:19,-66.94,-24.76,179.8,5.4,mw,182.0,49.0,-133.0,57.0,56.0,-52.0,4.0,121.0,31.0,213.0,59.0,25.0,-1.3640000000000002e+17,-1.05e+16,1.469e+17,-4.69e+16,-1000000000000000.0,1.426e+17,gcmt,deep_subduction
B062794C,1994-06-27T07:26:59,-68.99,-20.77,124.7,5.3,mw,152.0,45.0,-104.0,352.0,47.0,-76.0,1.0,72.0,10.0,162.0,80.0,338.0,-1.022e+17,200000000000000.0,1.0209999999999998e+17,-1.51e+16,-7600000000000000.0,-3.75e+16,gcmt,deep_subduction
B080294A,1994-08-02T01:51:25,-67.0,-24.25,198.2,5.1,mw,205.0,39.0,-43.0,331.0,65.0,-121.0,14.0,83.0,28.0,345.0,58.0,197.0,-9.29e+16,-5.2e+16,1.449e+17,5.04e+16,-5.84e+16,-1.45e+16,gcmt,deep_subduction
B102094A,1994-10-20T01:15:20,-70.8,-39.19,170.2,5.7,mw,234.0,15.0,161.0,343.0,85.0,76.0,48.0,238.0,14.0,344.0,39.0,86.0,1.434e+17,1.437e+17,-2.87e+17,-2.767e+17,8.699999999999999e+17,-1.3839999999999998e+17,gcmt,deep_subduction
B120794A,1994-12-07T03:38:02,-66.58,-23.19,246.3,5.6,mw,244.0,29.0,-33.0,4.0,75.0,-114.0,26.0,113.0,24.0,11.0,54.0,245.0,-3.837e+17,-4.11e+16,4.247e+17,-3.08e+16,-7.013e+17,4.233e+17,gcmt,deep_subduction
B121294A,1994-12-12T07:42:02,-69.66,-17.44,161.4,5.8,mw,224.0,30.0,-33.0,343.0,75.0,-116.0,25.0,93.0,25.0,350.0,53.0,222.0,-1.137e+18,-6.8e+17,1.817e+18,7.29e+17,-1.849e+18,4.98e+17,gcmt,deep_subduction
B021095D,1995-02-10T20:27:04,-69.01,-19.98,130.6,5.4,mw,127.0,18.0,-138.0,356.0,78.0,-76.0,32.0,75.0,13.0,174.0,55.0,283.0,-1.203e+17,1.77e+16,1.026e+17,-800000000000000.0,-2.678e+17,-7.37e+16,gcmt,deep_subduction
B021495C,1995-02-14T15:54:01,-67.88,-23.64,159.5,5.7,mw,143.0,18.0,-115.0,349.0,74.0,-82.0,29.0,73.0,7.0,167.0,60.0,271.0,-3.718e+17,-1.849e+17,5.566e+17,1.62e+17,-7.803e+17,-2.913e+17,gcmt,deep_subduction
B051995C,1995-05-19T09:31:49,-66.96,-24.06,237.3,5.0,mw,207.0,23.0,-58.0,354.0,71.0,-102.0,25.0,93.0,12.0,358.0,62.0,244.0,-3.672e+16,8370000000000000.0,2.835e+16,1.151e+16,-3.979e+16,7630000000000000.0,gcmt,deep_subduction
B060995B,1995-06-09T05:35:55,-68.2,-21.61,137.9,5.2,mw,204.0,43.0,-50.0,335.0,59.0,-121.0,8.0,87.0,26.0,352.0,62.0,193.0,-1.312e+17,-2.27e+16,1.539e+17,7.85e+16,-3.85e+16,899999999999999.9,gcmt,deep_subduction
B080395E,1995-08-03T08:19:01,-69.22,-28.26,121.2,5.9,mw,338.0,36.0,-100.0,170.0,54.0,-83.0,9.0,255.0,6.0,346.0,79.0,108.0,-6.17e+17,8.65e+16,5.305e+17,1.9e+16,2.035e+17,-1.3999999999999998e+17,gcmt,deep_subduction
B091995B,1995-09-19T03:31:59,-68.79,-21.22,121.3,5.7,mw,179.0,21.0,-92.0,1.0,69.0,-89.0,24.0,91.0,1.0,181.0,66.0,273.0,-1.87e+17,-3.54e+16,2.2240000000000003e+17,-5700000000000000.0,-2.278e+17,1700000000000000.0,gcmt,deep_subduction
B042096A,1996-04-20T19:17:08,-66.88,-24.15,190.7,5.2,mw,198.0,29.0,-75.0,1.0,62.0,-98.0,17.0,97.0,7.0,4.0,72.0,253.0,-1.06e+17,-9400000000000000.0,1.1539999999999998e+17,6000000000000000.0,-7.66e+16,1.94e+16,gcmt,deep_subduction
B051896B,1996-05-18T07:42:27,-69.08,-23.85,116.4,5.3,mw,208.0,33.0,-51.0,344.0,65.0,-112.0,18.0,90.0,20.0,353.0,63.0,218.0,-8.691e+16,-1140000000000000.0,8.805e+16,4.458e+16,-6.158e+16,1.515e+16,gcmt,deep_subduction
B092196F,1996-09-21T02:53:22,-67.22,-18.76,215.5,5.0,mw,258.0,58.0,-1.0,348.0,89.0,-148.0,21.0,118.0,58.0,350.0,23.0,218.0,-2.63e+16,-1.351e+17,1.614e+17,2.58e+16,-2.121e+17,3.141e+17,gcmt,deep_subduction
B102596D,1996-10-25T19:59:47,-70.28,-17.35,127.3,5.5,mw,196.0,23.0,-47.0,331.0,73.0,-106.0,27.0,73.0,15.0,335.0,59.0,219.0,-1.515e+17,-9.36e+16,2.451e+17,1.327e+17,-2.493e+17,-7.84e+16,gcmt,deep_subduction
C012397B,1997-01-23T02:15:31,-65.92,-22.04,281.6,6.4,mw,85.0,4.0,-175.0,351.0,90.0,-86.0,45.0,77.0,4.0,171.0,45.0,264.0,-1.3e+17,3.2e+17,-1.9e+17,9.55e+18,-5.703e+19,-3.69e+18,gcmt,deep_subduction
B021097B,1997-02-10T10:52:15,-68.31,-32.98,151.6,5.0,mw,317.0,15.0,-31.0,77.0,82.0,-103.0,36.0,178.0,13.0,79.0,51.0,333.0,-2.933e+16,3.393e+16,-4600000000000000.0,-9.537000000000002e+16,-2.647e+16,-1.6220000000000002e+16,gcmt,deep_subduction
B032597A,1997-03-25T00:14:50,-70.62,-33.45,89.9,5.5,mw,158.0,59.0,-161.0,58.0,74.0,-33.0,10.0,111.0,54.0,215.0,34.0,14.0,-6.04e+16,-1.123e+17,1.727e+17,-1.1279999999999998e+17,-8000000000000000.0,1.068e+17,gcmt,deep_subduction
C040197E,1997-04-01T18:33:38,-69.54,-18.32,117.7,5.9,mw,222.0,32.0,-30.0,339.0,75.0,-118.0,25.0,90.0,27.0,347.0,52.0,216.0,-7.86e+17,-7.01e+17,1.487e+18,5.34e+17,-1.309e+18,2.46e+17,gcmt,deep_subduction
C040197F,1997-04-01T18:42:18,-69.62,-18.07,106.4,5.8,mw,188.0,21.0,-51.0,327.0,74.0,-104.0,27.0,68.0,13.0,331.0,59.0,218.0,-7.21e+17,-5.08e+17,1.229e+18,7.76e+17,-1.38e+18,-7.16e+17,gcmt,deep_subduction
B042097B,1997-04-20T19:53:22,-70.39,-33.85,115.5,5.3,mw,181.0,13.0,-93.0,4.0,77.0,-89.0,32.0,93.0,1.0,184.0,58.0,275.0,-1.077e+17,-3e+16,1.3779999999999998e+17,-1.85e+16,-2.522e+17,8300000000000000.0,gcmt,deep_subduction
B061997F,1997-06-19T12:21:07,-70.19,-33.15,115.9,5.4,mw,150.0,24.0,-137.0,20.0,74.0,-72.0,27.0,95.0,17.0,195.0,57.0,313.0,-7.006e+16,-9930000000000000.0,7.998e+16,-5.121000000000001e+16,-9.756e+16,-1.321e+16,gcmt,deep_subduction
B071197B,1997-07-11T02:32:47,-69.71,-18.93,131.3,5.1,mw,154.0,12.0,-106.0,351.0,78.0,-86.0,33.0,78.0,3.0,170.0,57.0,265.0,-5.33e+16,-1.35e+16,6.68e+16,2.24e+16,-1.421e+17,-2.35e+16,gcmt,deep_subduction
B071297A,1997-07-12T16:24:14,-68.39,-21.5,141.0,5.2,mw,117.0,40.0,-129.0,343.0,60.0,-63.0,11.0,53.0,23.0,148.0,64.0,300.0,-6.361e+16,1.968e+16,4.393e+16,-660000000000000.0,-3.937e+16,-5.635e+16,gcmt,deep_subduction
B071397B,1997-07-13T18:10:25,-68.53,-23.34,140.5,5.2,mw,193.0,63.0,18.0,95.0,74.0,152.0,31.0,52.0,58.0,249.0,8.0,146.0,6909999999999999.0,-2.7400000000000004e+16,2.049e+16,4.973e+16,-5.105000000000001e+16,-8.226000000000002e+16,gcmt,deep_subduction
C072097C,1997-07-20T10:14:29,-66.12,-22.82,271.3,5.7,mw,289.0,24.0,-39.0,55.0,75.0,-109.0,28.0,160.0,18.0,60.0,56.0,302.0,-6.844e+17,9.392e+17,-2.548e+17,-9.934e+17,-7.946e+17,2.0830000000000003e+17,gcmt,deep_subduction
B082997A,1997-08-29T05:06:01,-68.68,-22.12,127.1,5.3,mw,149.0,17.0,-120.0,0.0,75.0,-81.0,30.0,83.0,9.0,178.0,59.0,283.0,-4.024e+16,-3210000000000000.0,4.346e+16,-3090000000000000.0,-7.109e+16,-1.2490000000000002e+16,gcmt,deep_subduction
B092897C,1997-09-28T23:13:24,-68.31,-22.22,146.3,5.7,mw,328.0,38.0,-117.0,181.0,57.0,-71.0,10.0,257.0,16.0,350.0,71.0,137.0,-2.155e+17,-1.96e+16,2.351e+17,4.06e+16,9.42e+16,-7.22e+16,gcmt,deep_subduction
B120997G,1997-12-09T14:23:52,-68.7,-20.14,151.7,5.7,mw,252.0,46.0,4.0,160.0,87.0,136.0,31.0,106.0,46.0,337.0,27.0,214.0,1.56e+16,-1.855e+17,1.698e+17,6.07e+16,-2.565e+17,2.081e+17,gcmt,deep_subduction
B011498D,1998-01-14T06:35:48,-68.16,-31.82,134.5,5.1,mw,176.0,31.0,-123.0,34.0,65.0,-72.0,18.0,110.0,16.0,206.0,65.0,336.0,-6.84e+16,1.306e+16,5.534e+16,-4.489e+16,-2.975e+16,4830000000000000.0,gcmt,deep_subduction
B030498C,1998-03-04T17:26:55,-69.86,-17.42,142.3,5.2,mw,237.0,31.0,10.0,138.0,85.0,121.0,42.0,77.0,31.0,315.0,33.0,203.0,1.7390000000000002e+16,-5.844e+16,4.104e+16,4.722000000000001e+16,-7.178e+16,6980000000000000.0,gcmt,deep_subduction
B031398A,1998-03-13T00:44:25,-66.17,-22.67,253.7,5.1,mw,292.0,20.0,28.0,176.0,81.0,108.0,51.0,107.0,18.0,353.0,33.0,251.0,3.04e+16,-4340000000000000.0,-2.606e+16,1050000000000000.0,-8.957e+16,3.312e+16,gcmt,deep_subduction
B032598M,1998-03-25T21:03:02,-66.97,-23.93,208.4,5.2,mw,201.0,32.0,-55.0,342.0,64.0,-110.0,17.0,87.0,18.0,351.0,65.0,218.0,-1.671e+17,-1.045e+17,2.7160000000000003e+17,4.81e+16,-1.458e+17,-1.1e+16,gcmt,deep_subduction
B060798B,1998-06-07T16:10:51,-67.77,-31.48,124.7,5.6,mw,148.0,54.0,-145.0,36.0,62.0,-42.0,5.0,94.0,41.0,188.0,48.0,358.0,-4.43e+17,-3.694e+17,8.124e+17,-3.63e+17,-9.25e+16,4.14e+16,gcmt,deep_subduction
B082498B,1998-08-24T02:45:31,-69.32,-32.84,115.0,5.0,mw,102.0,29.0,-106.0,300.0,62.0,-81.0,16.0,24.0,8.0,116.0,72.0,231.0,-4.466e+16,4.109e+16,3570000000000000.0,2.462e+16,-1.851e+16,-1.772e+16,gcmt,deep_subduction
B091298B,1998-09-12T09:03:52,-67.0,-24.32,185.1,5.1,mw,202.0,33.0,-42.0,329.0,69.0,-116.0,20.0,78.0,24.0,339.0,58.0,204.0,-1.433e+17,-5.590000000000001e+16,1.991e+17,1.091e+17,-1.2330000000000002e+17,-2.31e+16,gcmt,deep_subduction
B111398C,1998-11-13T17:39:05,-68.58,-21.4,139.0,5.4,mw,113.0,12.0,-176.0,20.0,89.0,-78.0,43.0,98.0,12.0,200.0,44.0,302.0,7800000000000000.0,-3.33e+16,2.55e+16,-2.89e+16,-1.014e+17,-6000000000000000.0,gcmt,deep_subduction
B112498A,1998-11-24T01:06:19,-69.08,-22.05,98.3,5.3,mw,23.0,41.0,-141.0,261.0,65.0,-56.0,14.0,327.0,31.0,65.0,56.0,216.0,-4.458e+16,3.735e+16,7230000000000000.0,3.823e+16,-3480000000000000.0,4.797e+16,gcmt,deep_subduction
B112798D,1998-11-27T10:27:06,-69.21,-32.04,128.9,5.2,mw,191.0,45.0,-107.0,35.0,47.0,-74.0,1.0,113.0,12.0,203.0,78.0,19.0,-1.681e+17,1.02e+16,1.579e+17,-3.19e+16,7500000000000000.0,7.67e+16,gcmt,deep_subduction
B120198F,1998-12-01T15:58:41,-69.3,-17.62,169.6,5.0,mw,255.0,45.0,-28.0,6.0,71.0,-132.0,15.0,125.0,39.0,22.0,47.0,232.0,-4.571e+16,8100000000000002.0,3.761e+16,4930000000000000.0,-5.272e+16,6.796e+16,gcmt,deep_subduction
B121198B,1998-12-11T08:37:53,-68.94,-31.52,127.8,5.5,mw,32.0,41.0,-97.0,221.0,49.0,-84.0,4.0,306.0,4.0,37.0,84.0,174.0,-1.3959999999999998e+17,4.11e+16,9.85e+16,2.01e+16,1.26e+16,9.4e+16,gcmt,deep_subduction
B020599D,1999-02-05T16:07:10,-70.56,-34.78,99.0,5.0,mw,126.0,47.0,146.0,241.0,66.0,48.0,51.0,103.0,37.0,261.0,11.0,359.0,4.761999999999999e+16,-6.595e+16,1.833e+16,-2.171e+16,-6.548e+16,1.162e+16,gcmt,deep_subduction
B030299D,1999-03-02T17:45:58,-68.72,-22.93,124.8,5.8,mw,142.0,27.0,-109.0,343.0,64.0,-80.0,19.0,66.0,9.0,159.0,69.0,273.0,-5.688e+17,5.659999999999999e+16,5.123e+17,9.86e+16,-4.687e+17,-3.014e+17,gcmt,deep_subduction
B030599A,1999-03-05T00:33:52,-69.2,-20.27,123.0,5.7,mw,190.0,24.0,-62.0,339.0,69.0,-102.0,23.0,78.0,11.0,344.0,64.0,230.0,-3.26e+17,-7.77e+16,4.037e+17,1.589e+17,-3.578e+17,-6.44e+16,gcmt,deep_subduction
B030999E,1999-03-09T22:57:00,-66.7,-27.91,140.7,5.0,mw,212.0,69.0,-6.0,305.0,85.0,-159.0,11.0,77.0,68.0,318.0,19.0,170.0,-8380000000000000.0,-5.163e+16,6.001e+16,2.135e+16,-9920000000000000.0,-2.392e+16,gcmt,deep_subduction
B031299E,1999-03-12T20:42:39,-69.22,-19.64,140.6,5.1,mw,229.0,43.0,-75.0,29.0,49.0,-103.0,3.0,128.0,10.0,38.0,80.0,234.0,-8.161e+16,4.095e+16,4.066e+16,1.293e+16,-1.866e+16,4350000000000000.0,gcmt,deep_subduction
B042599B,1999-04-25T09:10:48,-69.34,-31.91,120.0,5.3,mw,36.0,42.0,-62.0,181.0,54.0,-113.0,6.0,286.0,18.0,194.0,71.0,35.0,-8.96e+16,-2.11e+16,1.1080000000000002e+17,-1.36e+16,2.86e+16,4.53e+16,gcmt,deep_subduction
B052299A,1999-05-22T01:32:15,-70.57,-36.56,163.5,5.0,mw,204.0,12.0,-65.0,359.0,80.0,-95.0,34.0,93.0,5.0,0.0,55.0,263.0,-4.258e+16,1.327e+16,2.93e+16,4500000000000000.0,-9.449e+16,7980000000000000.0,gcmt,deep_subduction
B052599D,1999-05-25T16:42:10,-66.46,-27.9,175.6,5.3,mw,185.0,52.0,-27.0,292.0,69.0,-139.0,10.0,55.0,45.0,315.0,43.0,155.0,-2.4380000000000003e+17,-6.39e+16,3.078e+17,2.864e+17,2.24e+16,-3.643e+17,gcmt,deep_subduction
B060999H,1999-06-09T23:25:07,-66.43,-22.21,275.9,5.3,mw,265.0,42.0,33.0,149.0,69.0,127.0,52.0,102.0,34.0,314.0,16.0,213.0,8.11e+16,-9.3e+16,1.19e+16,6200000000000000.0,-1.0189999999999998e+17,6.28e+16,gcmt,deep_subduction
B080299A,1999-08-02T01:06:43,-70.1,-33.08,107.9,5.2,mw,141.0,19.0,-151.0,23.0,81.0,-73.0,34.0,99.0,17.0,201.0,51.0,313.0,-5.91e+16,-5.560000000000001e+16,1.147e+17,-8.11e+16,-1.879e+17,-7600000000000000.0,gcmt,deep_subduction
B080499C,1999-08-04T16:49:54,-67.98,-31.87,125.5,5.4,mw,155.0,45.0,-139.0,33.0,62.0,-53.0,10.0,98.0,32.0,194.0,56.0,353.0,-8.74e+16,-2.45e+16,1.119e+17,-7.94e+16,-2.44e+16,5600000000000000.0,gcmt,deep_subduction
C091599A,1999-09-15T03:01:31,-67.37,-20.73,217.5,6.0,mw,102.0,21.0,-159.0,351.0,82.0,-70.0,35.0,65.0,20.0,169.0,49.0,283.0,-1.251e+18,8.33e+17,4.18e+17,1.9e+17,-4.102000000000001e+18,-1.47e+18,gcmt,deep_subduction
C112199A,1999-11-21T03:51:20,-68.89,-21.44,109.3,5.9,mw,179.0,24.0,-62.0,329.0,69.0,-102.0,23.0,69.0,11.0,334.0,64.0,220.0,-4.596e+17,-700000000000000.0,4.603e+17,2.994e+17,-4.083e+17,-1.405e+17,gcmt,deep_subduction
C113099A,1999-11-30T04:01:59,-69.37,-19.01,138.2,6.2,mw,236.0,19.0,-29.0,354.0,81.0,-107.0,34.0,99.0,17.0,357.0,51.0,245.0,-1.991e+18,-1.252e+18,3.243e+18,6.4e+17,-6.908e+18,1.876e+18,gcmt,deep_subduction
C051200C,2000-05-12T18:43:28,-66.85,-23.72,226.6,6.2,mw,214.0,12.0,-62.0,5.0,80.0,-96.0,35.0,100.0,5.0,6.0,55.0,268.0,-2.153e+19,-1.51e+18,2.304e+19,-4.85e+18,-6.164e+19,8.72e+18,gcmt,deep_subduction
B052300D,2000-05-23T16:06:04,-67.2,-23.96,190.5,5.0,mw,340.0,44.0,-147.0,226.0,68.0,-50.0,14.0,288.0,36.0,28.0,51.0,181.0,-3.484e+16,-2.093e+16,5.576e+16,3.637e+16,1.393e+16,1.868e+16,gcmt,deep_subduction
B061400D,2000-06-14T03:19:25,-67.11,-23.84,239.6,5.3,mw,204.0,31.0,-46.0,335.0,68.0,-113.0,20.0,82.0,21.0,344.0,60.0,211.0,-4.3760000000000006e+17,-1.693e+17,6.069e+17,2.653e+17,-4.035e+17,-3.27e+16,gcmt,deep_subduction
C061600B,2000-06-16T07:55:39,-69.92,-33.95,109.1,6.2,mw,219.0,33.0,-67.0,11.0,60.0,-105.0,14.0,112.0,13.0,19.0,71.0,248.0,-3.805e+18,2.61e+17,3.544e+18,3.1e+16,-2.307e+18,1.862e+18,gcmt,deep_subduction
B070700B,2000-07-07T05:26:47,-66.22,-27.69,176.1,5.0,mw,179.0,52.0,-43.0,299.0,58.0,-133.0,4.0,57.0,35.0,325.0,55.0,153.0,-7.17e+16,2190000000000000.0,6.952e+16,4.857e+16,1.678e+16,-6.443e+16,gcmt,deep_subduction
B072700E,2000-07-27T08:31:31,-68.39,-23.06,123.4,5.1,mw,118.0,55.0,-166.0,20.0,79.0,-36.0,16.0,74.0,52.0,186.0,33.0,333.0,-2.739e+16,-4.545e+16,7.284e+16,-1.832e+16,-4.255e+16,-4.693e+16,gcmt,deep_subduction
B082300G,2000-08-23T16:15:35,-68.33,-22.55,120.3,5.2,mw,186.0,26.0,-64.0,337.0,67.0,-102.0,21.0,77.0,11.0,342.0,66.0,226.0,-1.1399999999999998e+17,-3.74e+16,1.514e+17,5.12e+16,-1.123e+17,-3.74e+16,gcmt,deep_subduction
B101800H,2000-10-18T16:37:45,-68.51,-19.53,159.0,5.0,mw,261.0,43.0,1.0,170.0,89.0,133.0,32.0,115.0,43.0,350.0,31.0,226.0,-7840000000000000.0,-4.058e+16,4.842e+16,-2.283e+16,-9.31e+16,7.029e+16,gcmt,deep_subduction
B031601B,2001-03-16T04:36:12,-69.37,-20.63,128.6,5.2,mw,218.0,22.0,-44.0,350.0,75.0,-106.0,28.0,93.0,16.0,354.0,57.0,238.0,-1.881e+17,-1.081e+17,2.962e+17,6.800000000000001e+16,-3.665e+17,6.44e+16,gcmt,deep_subduction
B033101B,2001-03-31T06:54:20,-68.33,-29.49,125.4,5.5,mw,332.0,43.0,-49.0,102.0,59.0,-122.0,9.0,214.0,27.0,120.0,62.0,320.0,-1.038e+17,8.23e+16,2.15e+16,-5.689999999999999e+16,-1.54e+16,-9.2e+16,gcmt,deep_subduction
B042101F,2001-04-21T18:15:52,-67.28,-28.95,140.5,5.3,mw,156.0,44.0,-32.0,270.0,68.0,-129.0,14.0,28.0,36.0,287.0,50.0,136.0,-2.234e+17,2.0750000000000003e+17,1.59e+16,2.4500000000000003e+17,1.176e+17,-2.431e+17,gcmt,deep_subduction
B051501A,2001-05-15T23:53:23,-66.4,-28.15,180.8,5.1,mw,181.0,54.0,-28.0,288.0,68.0,-141.0,8.0,52.0,46.0,314.0,43.0,150.0,-1.45e+17,-1300000000000000.0,1.462e+17,1.304e+17,1.83e+16,-2.282e+17,gcmt,deep_subduction
B052401A,2001-05-24T00:33:13,-67.23,-20.45,205.7,5.0,mw,254.0,14.0,-13.0,357.0,87.0,-104.0,40.0,99.0,14.0,357.0,46.0,252.0,-1.07e+16,-6000000000000000.0,1.67e+16,7600000000000000.0,-1.109e+17,2.67e+16,gcmt,deep_subduction
B061901D,2001-06-19T09:32:28,-68.31,-22.95,152.6,5.2,mw,133.0,19.0,-131.0,355.0,75.0,-77.0,29.0,75.0,12.0,172.0,58.0,282.0,-4.316e+17,1.62e+16,4.154e+17,2.42e+16,-7.973e+17,-2.409e+17,gcmt,deep_subduction
B062501L,2001-06-25T22:14:16,-70.53,-17.35,91.2,5.4,mw,163.0,10.0,-93.0,347.0,80.0,-89.0,35.0,76.0,1.0,167.0,55.0,258.0,-6.770000000000001e+16,1.92e+16,4.85e+16,3.56e+16,-1.521e+17,-9800000000000000.0,gcmt,deep_subduction
C062901E,2001-06-29T18:35:56,-66.39,-19.68,287.2,5.7,mw,199.0,22.0,-52.0,339.0,73.0,-104.0,27.0,80.0,13.0,343.0,60.0,229.0,-7.83e+17,-1.71e+17,9.54e+17,5.13e+17,-1.089e+18,-4.9e+16,gcmt,deep_subduction
B071301A,2001-07-13T12:45:32,-69.29,-19.74,123.7,5.0,mw,189.0,31.0,-37.0,312.0,72.0,-116.0,23.0,61.0,24.0,321.0,56.0,189.0,-3.137e+16,-1.719e+16,4.856e+16,3.156e+16,-4.158e+16,-4.521e+16,gcmt,deep_subduction
B080901C,2001-08-09T03:33:50,-69.42,-18.25,129.9,5.5,mw,122.0,21.0,-120.0,335.0,72.0,-79.0,26.0,56.0,11.0,151.0,62.0,262.0,-1.329e+17,3.57e+16,9.72e+16,8.69e+16,-1.896e+17,-1.2250000000000002e+17,gcmt,deep_subduction
B091501E,2001-09-15T13:58:18,-68.51,-23.0,142.8,5.0,mw,181.0,36.0,-48.0,313.0,64.0,-116.0,15.0,62.0,23.0,325.0,62.0,182.0,-5.727e+16,-290000000000000.0,5.756e+16,4.354e+16,-1.828e+16,-2.846e+16,gcmt,deep_subduction
B101701A,2001-10-17T02:34:47,-68.96,-28.43,135.6,5.3,mw,310.0,34.0,-119.0,163.0,60.0,-72.0,14.0,240.0,16.0,334.0,69.0,111.0,-1.159e+17,3.33e+16,8.26e+16,3000000000000000.0,7.24e+16,-6.04e+16,gcmt,deep_subduction
B102001B,2001-10-20T13:26:40,-68.82,-22.26,128.0,5.0,mw,187.0,8.0,-87.0,4.0,82.0,-90.0,37.0,95.0,0.0,4.0,53.0,274.0,-4.41e+16,-4000000000000000.0,4.81e+16,-1.12e+16,-1.54e+17,5100000000000000.0,gcmt,deep_subduction
B110701B,2001-11-07T13:26:01,-68.01,-21.25,149.2,5.2,mw,331.0,42.0,-78.0,135.0,49.0,-101.0,3.0,232.0,8.0,142.0,81.0,344.0,-8.3e+16,3.337e+16,4.964000000000001e+16,-1.601e+16,-1500000000000000.0,-2.759e+16,gcmt,deep_subduction
B022102D,2002-02-21T08:57:49,-67.3,-31.77,134.2,5.2,mw,131.0,33.0,-149.0,15.0,74.0,-61.0,23.0,83.0,28.0,186.0,52.0,319.0,-7.131e+16,-1.059e+16,8.19e+16,-6.245e+16,-9.371e+16,-4.49e+16,gcmt,deep_subduction
B022602A,2002-02-26T08:32:57,-69.83,-17.97,100.4,5.5,mw,215.0,22.0,-21.0,324.0,83.0,-110.0,34.0,72.0,20.0,327.0,49.0,213.0,-2.98e+16,-4.31e+16,7.29e+16,7.43e+16,-1.073e+17,-1.02e+16,gcmt,deep_subduction
B031802B,2002-03-18T03:10:03,-69.13,-20.33,111.5,5.5,mw,200.0,30.0,-20.0,308.0,80.0,-118.0,30.0,60.0,28.0,313.0,47.0,188.0,-7.009999999999999e+16,-6.08e+16,1.309e+17,1.65e+17,-1.0289999999999998e+17,-6.03e+16,gcmt,deep_subduction
B032502G,2002-03-25T18:31:08,-67.91,-23.32,145.7,5.2,mw,103.0,15.0,-141.0,335.0,81.0,-78.0,35.0,55.0,11.0,153.0,53.0,259.0,-3.128e+16,2.676e+16,4510000000000000.0,2.547e+16,-7.075e+16,-1.1259999999999998e+16,gcmt,deep_subduction
C032802D,2002-03-28T04:56:30,-68.57,-21.69,137.8,6.1,mw,270.0,13.0,-4.0,4.0,89.0,-103.0,43.0,106.0,13.0,4.0,44.0,261.0,2.2e+16,-2.84e+17,2.63e+17,-5.06e+17,-5.701e+18,1.371e+18,gcmt,deep_subduction
B041502D,2002-04-15T23:08:28,-69.03,-22.47,97.0,5.2,mw,226.0,43.0,-53.0,0.0,57.0,-120.0,7.0,111.0,24.0,18.0,64.0,216.0,-4.656e+16,3020000000000000.0,4.354e+16,1.711e+16,-2.015e+16,2.203e+16,gcmt,deep_subduction
B060202B,2002-06-02T05:59:20,-69.5,-19.98,125.8,5.1,mw,155.0,23.0,-95.0,341.0,67.0,-88.0,22.0,69.0,2.0,160.0,68.0,256.0,-7.83e+16,1220000000000000.0,7.709e+16,2.479e+16,-7.652e+16,-3.531e+16,gcmt,deep_subduction
B082902A,2002-08-29T02:28:23,-68.65,-21.09,120.9,5.2,mw,221.0,28.0,-34.0,341.0,75.0,-114.0,26.0,90.0,23.0,348.0,54.0,222.0,-4.230000000000001e+16,-2.663e+16,6.893e+16,2.842e+16,-7.023e+16,1.284e+16,gcmt,deep_subduction
C092402B,2002-09-24T03:57:26,-69.12,-31.48,119.9,6.2,mw,27.0,39.0,-94.0,212.0,51.0,-87.0,6.0,300.0,2.0,30.0,83.0,141.0,-2.633e+18,5.68e+17,2.065e+18,3.91e+17,4.63e+17,1.278e+18,gcmt,deep_subduction
B093002B,2002-09-30T13:06:01,-71.07,-35.17,113.9,5.4,mw,222.0,23.0,-73.0,23.0,68.0,-97.0,23.0,119.0,7.0,26.0,66.0,281.0,-7.017e+16,2.646e+16,4.372e+16,-2.087e+16,-6.472000000000001e+16,2.426e+16,gcmt,deep_subduction
B111202G,2002-11-12T13:06:38,-68.77,-20.31,91.3,5.1,mw,122.0,57.0,-165.0,24.0,78.0,-34.0,14.0,77.0,54.0,186.0,32.0,338.0,-3.963e+16,-4.991e+16,8.954e+16,-4210000000000000.0,-3.805e+16,-3.825e+16,gcmt,deep_subduction
B121202A,2002-12-12T04:03:20,-67.28,-31.86,132.5,5.1,mw,245.0,33.0,8.0,148.0,86.0,123.0,40.0,89.0,33.0,326.0,33.0,211.0,1.482e+16,-5.94e+16,4.459e+16,1.236e+16,-8.694000000000002e+16,5960000000000000.0,gcmt,deep_subduction
B121302D,2002-12-13T19:25:42,-68.98,-21.99,123.5,5.3,mw,221.0,22.0,-46.0,355.0,75.0,-105.0,28.0,97.0,15.0,359.0,58.0,245.0,-3.867e+16,6320000000000000.0,3.235e+16,1.365e+16,-5.805e+16,1.515e+16,gcmt,deep_subduction
B122602C,2002-12-26T22:20:24,-68.55,-31.46,122.5,5.2,mw,347.0,37.0,-81.0,156.0,54.0,-97.0,9.0,251.0,6.0,160.0,80.0,37.0,-9.987e+16,3.4e+16,6.587e+16,-2.118e+16,1.982e+16,-1.017e+16,gcmt,deep_subduction
B010503B,2003-01-05T09:25:59,-68.51,-21.6,136.9,5.2,mw,114.0,72.0,166.0,208.0,77.0,18.0,22.0,72.0,68.0,242.0,3.0,341.0,-4370000000000000.0,-4.75e+16,5.19e+16,7770000000000000.0,-3.23e+16,-3.72e+16,gcmt,deep_subduction
B010703A,2003-01-07T00:54:55,-70.22,-33.6,112.8,6.0,mw,199.0,28.0,-70.0,356.0,64.0,-100.0,19.0,94.0,9.0,1.0,69.0,246.0,-3.17e+17,-1.92e+16,3.37e+17,4.58e+16,-2.52e+17,4.55e+16,gcmt,deep_subduction
B051803C,2003-05-18T21:10:25,-69.18,-31.46,122.3,5.5,mw,43.0,41.0,-82.0,213.0,49.0,-97.0,4.0,308.0,5.0,218.0,84.0,75.0,-1.32e+17,4.6e+16,8.6e+16,3599999999999999.5,2.13e+16,8.31e+16,gcmt,deep_subduction
B052703D,2003-05-27T08:29:49,-68.7,-31.32,127.5,5.7,mw,223.0,37.0,-75.0,25.0,54.0,-101.0,9.0,122.0,9.0,31.0,78.0,256.0,-2.16e+17,6.52e+16,1.51e+17,-6800000000000000.0,-7.59e+16,1.04e+17,gcmt,deep_subduction
B071303C,2003-07-13T07:25:53,-68.82,-22.22,121.4,5.1,mw,258.0,36.0,-10.0,356.0,84.0,-125.0,30.0,115.0,35.0,0.0,40.0,234.0,-1.7299999999999998e+16,-800000000000000.0,1.8e+16,2.25e+16,-8.69e+16,6.13e+16,gcmt,deep_subduction
B071703A,2003-07-17T19:03:51,-69.06,-19.71,147.6,5.2,mw,254.0,4.0,17.0,148.0,89.0,94.0,46.0,62.0,4.0,328.0,44.0,234.0,8690000000000000.0,-1.24e+16,3710000000000000.0,5.05e+16,-8.24e+16,-2570000000000000.0,gcmt,deep_subduction
C072703D,2003-07-27T11:41:31,-65.19,-20.05,350.6,5.9,mw,126.0,12.0,-118.0,335.0,79.0,-84.0,34.0,60.0,6.0,154.0,55.0,252.0,-3.98e+17,1.65e+17,2.34e+17,4.09e+17,-9.2e+17,-2.06e+17,gcmt,deep_subduction
B072903B,2003-07-29T14:02:57,-68.36,-21.7,149.3,5.1,mw,148.0,42.0,-85.0,321.0,48.0,-94.0,3.0,54.0,3.0,324.0,85.0,187.0,-8.37e+16,3.02e+16,5.34e+16,9500000000000000.0,-4100000000000000.0,-3.4100000000000004e+16,gcmt,deep_subduction
C091703C,2003-09-17T21:34:51,-68.43,-21.67,136.0,5.9,mw,176.0,35.0,-110.0,21.0,58.0,-76.0,12.0,101.0,12.0,193.0,74.0,327.0,-3.44e+17,-4.05e+16,3.85e+17,-9.8e+16,-1.43e+17,6.879999999999999e+16,gcmt,deep_subduction
B092803G,2003-09-28T17:40:44,-71.11,-35.54,105.2,5.2,mw,245.0,17.0,-66.0,39.0,74.0,-97.0,29.0,135.0,7.0,41.0,60.0,299.0,-3.04e+16,1.97e+16,1.07e+16,-2.21e+16,-3.34e+16,2970000000000000.0,gcmt,deep_subduction
B101103F,2003-10-11T14:35:57,-69.64,-18.22,150.3,5.1,mw,43.0,56.0,-152.0,296.0,67.0,-37.0,7.0,352.0,47.0,89.0,42.0,256.0,-3.4200000000000004e+16,7.48e+16,-4.06e+16,2.01e+16,-4.1e+16,2.25e+16,gcmt,deep_subduction
B102603B,2003-10-26T16:27:16,-70.18,-18.15,107.7,5.0,mw,228.0,60.0,-11.0,324.0,80.0,-149.0,14.0,93.0,58.0,340.0,28.0,190.0,-1.22e+16,-6.43e+16,7.65e+16,3.68e+16,-2.47e+16,1.54e+16,gcmt,deep_subduction
B112503A,2003-11-25T04:43:44,-67.66,-23.25,175.1,5.4,mw,249.0,50.0,34.0,135.0,65.0,134.0,49.0,95.0,39.0,293.0,9.0,195.0,1.66e+17,-2.68e+17,1.02e+17,2.52e+16,-1.86e+17,7.73e+16,gcmt,deep_subduction
B121203E,2003-12-12T06:57:54,-68.49,-21.35,139.3,5.2,mw,162.0,46.0,-65.0,308.0,50.0,-113.0,2.0,55.0,17.0,324.0,72.0,151.0,-7.26e+16,1.7000000000000002e+16,5.560000000000001e+16,1.84e+16,5900000000000000.0,-5.3e+16,gcmt,deep_subduction
C021904D,2004-02-19T18:04:27,-67.02,-24.12,207.0,5.0,mw,207.0,26.0,-66.0,360.0,66.0,-102.0,20.0,98.0,11.0,4.0,67.0,248.0,-3.73e+16,-5530000000000000.0,4.29e+16,3180000000000000.0,-3.59e+16,1.05e+16,gcmt,deep_subduction
C022604B,2004-02-26T09:58:09,-67.81,-22.9,165.8,5.0,mw,114.0,75.0,-177.0,23.0,87.0,-15.0,8.0,69.0,75.0,192.0,13.0,337.0,-1.32e+16,-2.95e+16,4.269999999999999e+16,-2510000000000000.0,-1.2e+16,-3.29e+16,gcmt,deep_subduction
C031704A,2004-03-17T03:21:10,-65.6,-21.24,297.0,5.5,mw,286.0,28.0,-18.0,32.0,82.0,-117.0,31.0,144.0,27.0,37.0,47.0,274.0,-4.13e+17,7.75e+17,-3.62e+17,-6.5e+17,-1.22e+18,5.04e+17,gcmt,deep_subduction
C032304E,2004-03-23T18:06:38,-68.35,-21.3,138.5,5.0,mw,198.0,41.0,-28.0,310.0,72.0,-128.0,18.0,67.0,35.0,324.0,49.0,180.0,-4.06e+16,-2.61e+16,6.68e+16,5.26e+16,-2.38e+16,-2.83e+16,gcmt,deep_subduction
C033104A,2004-03-31T03:23:28,-68.02,-25.52,137.3,5.1,mw,337.0,67.0,11.0,243.0,80.0,156.0,24.0,198.0,64.0,42.0,9.0,292.0,1.83e+16,1.1000000000000002e+17,-1.28e+17,-7.31e+16,-3700000000000000.0,-9.91e+16,gcmt,deep_subduction
C043004A,2004-04-30T10:03:47,-70.5,-33.59,102.0,5.2,mw,157.0,35.0,-133.0,26.0,65.0,-64.0,16.0,97.0,23.0,194.0,61.0,335.0,-2.92e+16,-1.07e+16,3.99e+16,-1.6200000000000002e+16,-1.99e+16,2160000000000000.0,gcmt,deep_subduction
C053004F,2004-05-30T16:44:00,-70.83,-17.42,125.4,5.3,mw,166.0,20.0,-56.0,310.0,73.0,-102.0,28.0,50.0,11.0,314.0,60.0,204.0,-8.03e+16,1.54e+16,6.49e+16,1.09e+17,-8.95e+16,-7.009999999999999e+16,gcmt,deep_subduction
C061704B,2004-06-17T01:16:05,-68.69,-21.53,124.0,5.2,mw,230.0,50.0,-18.0,332.0,76.0,-138.0,17.0,96.0,47.0,347.0,39.0,199.0,-8.34e+16,-1.49e+17,2.32e+17,1.34e+17,-1.21e+17,8.21e+16,gcmt,deep_subduction
C062304B,2004-06-23T08:48:32,-69.42,-19.64,126.5,5.3,mw,150.0,50.0,-130.0,22.0,54.0,-53.0,2.0,87.0,29.0,178.0,61.0,352.0,-4.58e+16,-2.12e+16,6.71e+16,-1.98e+16,-6050000000000000.0,-6100000000000000.0,gcmt,deep_subduction
C072504A,2004-07-25T14:01:14,-68.93,-17.65,155.7,5.3,mw,203.0,57.0,-12.0,300.0,80.0,-146.0,15.0,68.0,55.0,315.0,31.0,167.0,-2.59e+16,-6.41e+16,9e+16,5.88e+16,-1.84e+16,-5.83e+16,gcmt,deep_subduction
C073104E,2004-07-31T06:32:35,-68.4,-21.69,141.9,5.2,mw,240.0,21.0,2.0,148.0,89.0,111.0,42.0,78.0,21.0,328.0,41.0,219.0,-2320000000000000.0,-1.34e+16,1.57e+16,3.33e+16,-4.24e+16,1.68e+16,gcmt,deep_subduction
C082504B,2004-08-25T05:12:52,-69.18,-20.58,113.8,5.0,mw,213.0,42.0,-30.0,326.0,70.0,-128.0,17.0,83.0,35.0,341.0,50.0,194.0,-2.93e+16,-2.81e+16,5.74e+16,1.95e+16,-2.65e+16,-5090000000000000.0,gcmt,deep_subduction
C100204A,2004-10-02T03:01:29,-68.8,-20.23,157.1,5.1,mw,265.0,5.0,19.0,156.0,88.0,94.0,46.0,70.0,4.0,336.0,43.0,242.0,1.1e+16,-1.45e+16,3500000000000000.5,5.91e+16,-1.3500000000000002e+17,6900000000000001.0,gcmt,deep_subduction
C100304A,2004-10-03T03:30:11,-68.86,-22.38,114.7,5.0,mw,1.0,46.0,-75.0,160.0,46.0,-105.0,0.0,261.0,11.0,170.0,79.0,353.0,-3.12e+16,1470000000000000.0,2.98e+16,-6210000000000000.0,-580000000000000.0,-4790000000000000.0,gcmt,deep_subduction
C102304O,2004-10-23T23:16:15,-67.35,-29.35,148.1,5.0,mw,144.0,41.0,-79.0,309.0,50.0,-100.0,4.0,46.0,8.0,315.0,81.0,165.0,-2.53e+16,1.21e+16,1.32e+16,4980000000000000.0,-790000000000000.0,-1.6e+16,gcmt,deep_subduction
C111104D,2004-11-11T09:11:48,-69.83,-17.34,154.5,5.2,mw,189.0,39.0,-35.0,308.0,69.0,-123.0,17.0,62.0,31.0,322.0,54.0,177.0,-7.89e+16,-2e+16,9.89e+16,8.63e+16,-2.97e+16,-5.21e+16,gcmt,deep_subduction
C111304G,2004-11-13T20:06:14,-66.82,-23.15,224.9,5.2,mw,175.0,19.0,-91.0,356.0,71.0,-90.0,26.0,86.0,0.0,176.0,64.0,266.0,-4.79e+16,4230000000000000.0,4.37e+16,4360000000000000.0,-5.97e+16,-3260000000000000.0,gcmt,deep_subduction
C112304D,2004-11-23T16:49:42,-68.37,-22.94,136.7,5.0,mw,204.0,28.0,-57.0,347.0,67.0,-106.0,20.0,89.0,15.0,354.0,65.0,230.0,-5.65e+16,900000000000000.0,5.56e+16,2.25e+16,-4.71e+16,7390000000000000.0,gcmt,deep_subduction
C120704B,2004-12-07T01:42:43,-69.17,-21.68,96.2,5.1,mw,173.0,35.0,-105.0,11.0,57.0,-80.0,11.0,93.0,8.0,185.0,76.0,311.0,-2.02e+16,-2790000000000000.5,2.3e+16,-3380000000000000.0,-8670000000000000.0,940000000000000.0,gcmt,deep_subduction
C200501061335A,2005-01-06T13:35:22,-68.57,-21.68,145.0,5.1,mw,108.0,36.0,172.0,204.0,85.0,54.0,39.0,82.0,35.0,208.0,31.0,323.0,1.94e+16,-7.29e+16,5.35e+16,-2e+16,-1.1499999999999998e+17,-4.74e+16,gcmt,deep_subduction
C200501202218A,2005-01-20T22:18:45,-69.18,-22.14,111.0,5.1,mw,274.0,47.0,-24.0,22.0,72.0,-134.0,16.0,142.0,41.0,38.0,44.0,248.0,-1.83e+16,2.2e+16,-3770000000000000.0,-2960000000000000.0,-2.54e+16,2.81e+16,gcmt,deep_subduction
C200503010631A,2005-03-01T06:31:45,-66.88,-24.13,224.0,5.0,mw,228.0,21.0,-37.0,353.0,77.0,-108.0,30.0,97.0,17.0,356.0,54.0,241.0,-4.74e+16,-2.29e+16,7.029999999999999e+16,1.65e+16,-1.1100000000000002e+17,2.88e+16,gcmt,deep_subduction
C200503050444A,2005-03-05T04:44:31,-68.51,-21.98,150.2,5.0,mw,134.0,43.0,-153.0,23.0,72.0,-50.0,17.0,85.0,37.0,189.0,48.0,335.0,-1.05e+16,-1e+16,2.05e+16,-6730000000000000.0,-1.14e+16,-5070000000000000.0,gcmt,deep_subduction
C200503152007A,2005-03-15T20:07:06,-67.01,-24.18,200.1,5.1,mw,198.0,25.0,-90.0,18.0,65.0,-90.0,20.0,108.0,0.0,18.0,70.0,288.0,-5.54e+16,5710000000000000.0,4.97e+16,-1.42e+16,-4.34e+16,1.6299999999999998e+16,gcmt,deep_subduction
C200503190135A,2005-03-19T01:36:04,-68.93,-20.6,125.8,5.1,mw,252.0,54.0,4.0,160.0,86.0,144.0,27.0,110.0,54.0,335.0,22.0,212.0,2900000000000000.0,-5.629999999999999e+16,5.34e+16,1.02e+16,-6.4e+16,6.58e+16,gcmt,deep_subduction
C200503250354A,2005-03-25T03:54:30,-69.38,-20.49,122.5,5.0,mw,244.0,12.0,-37.0,11.0,82.0,-100.0,37.0,110.0,10.0,12.0,52.0,270.0,-1.76e+16,1.2e+16,5560000000000000.0,-6120000000000000.0,-4.95e+16,8050000000000000.0,gcmt,deep_subduction
C200503302331A,2005-03-30T23:31:24,-71.12,-35.26,103.9,5.2,mw,203.0,36.0,-92.0,26.0,54.0,-88.0,9.0,115.0,1.0,205.0,81.0,304.0,-2.43e+16,1640000000000000.0,2.26e+16,-3960000000000000.0,-7290000000000000.0,1.23e+16,gcmt,deep_subduction
C200503302331A,2005-03-30T23:31:24,-71.12,-35.26,103.9,5.2,mw,203.0,36.0,-92.0,26.0,54.0,-88.0,9.0,115.0,1.0,205.0,81.0,304.0,-2.43e+16,1640000000000000.0,2.26e+16,-3960000000000000.0,-7290000000000000.0,1.23e+16,gcmt,deep_subduction
C200504162241A,2005-04-16T22:41:19,-69.95,-17.77,129.6,5.6,mw,197.0,24.0,-36.0,320.0,76.0,-110.0,29.0,66.0,19.0,325.0,54.0,206.0,-2.65e+17,-9.68e+16,3.62e+17,3.66e+17,-3.76e+17,-1.02e+17,gcmt,deep_subduction
C200506021056A,2005-06-02T10:56:03,-67.21,-24.35,193.2,5.7,mw,183.0,29.0,-95.0,9.0,61.0,-87.0,16.0,97.0,3.0,187.0,74.0,287.0,-1.07e+18,-1.76e+17,1.25e+18,-1.32e+17,-7.01e+17,1.52e+17,gcmt,deep_subduction
C200506080239A,2005-06-08T02:39:39,-69.29,-28.52,134.5,5.1,mw,1.0,32.0,120.0,147.0,63.0,73.0,68.0,24.0,15.0,155.0,16.0,250.0,5.7e+16,-8450000000000000.0,-4.85e+16,3.19e+16,-2.38e+16,8930000000000000.0,gcmt,deep_subduction
C200506080239A,2005-06-08T02:39:39,-69.29,-28.52,134.5,5.1,mw,1.0,32.0,120.0,147.0,63.0,73.0,68.0,24.0,15.0,155.0,16.0,250.0,5.7e+16,-8450000000000000.0,-4.85e+16,3.19e+16,-2.38e+16,8930000000000000.0,gcmt,deep_subduction
C200506132244A,2005-06-13T22:44:40,-69.23,-20.02,94.5,6.8,mw,182.0,23.0,-81.0,352.0,67.0,-94.0,22.0,85.0,4.0,354.0,68.0,255.0,-3.7e+20,-2.72e+19,3.97e+20,6.15e+19,-3.63e+20,-2.36e+19,gcmt,deep_subduction
C200506210511A,2005-06-21T05:11:22,-69.3,-20.14,120.9,5.4,mw,158.0,23.0,-104.0,354.0,67.0,-84.0,22.0,79.0,6.0,171.0,67.0,274.0,-1.34e+17,9800000000000000.0,1.24e+17,6600000000000000.0,-1.31e+17,-3.12e+16,gcmt,deep_subduction
C200507131206A,2005-07-13T12:06:17,-70.41,-17.95,101.5,5.6,mw,118.0,33.0,-113.0,325.0,60.0,-75.0,14.0,45.0,13.0,138.0,71.0,269.0,-3.87e+17,2.18e+17,1.69e+17,8.76e+16,-2.16e+17,-2.42e+17,gcmt,deep_subduction
C200507150107A,2005-07-15T01:07:19,-69.27,-19.28,138.5,5.0,mw,227.0,20.0,-24.0,340.0,82.0,-109.0,34.0,86.0,18.0,343.0,50.0,230.0,-2.45e+16,-8530000000000000.0,3.3e+16,3.23e+16,-6.79e+16,1.58e+16,gcmt,deep_subduction
C200508060736A,2005-08-06T07:36:32,-69.74,-17.58,149.2,5.4,mw,190.0,30.0,-43.0,319.0,70.0,-113.0,22.0,66.0,21.0,327.0,59.0,197.0,-8.87e+16,-1.14e+16,1e+17,8.48e+16,-6.13e+16,-3.07e+16,gcmt,deep_subduction
C200508140239A,2005-08-14T02:39:42,-69.36,-19.89,129.1,5.7,mw,165.0,17.0,-93.0,348.0,73.0,-89.0,28.0,78.0,1.0,168.0,62.0,260.0,-2.8e+17,-2.83e+16,3.08e+17,8.87e+16,-4.43e+17,-8.11e+16,gcmt,deep_subduction
C200509191320A,2005-09-19T13:21:02,-69.14,-20.04,104.5,5.1,mw,199.0,52.0,-19.0,301.0,75.0,-140.0,15.0,65.0,48.0,318.0,38.0,167.0,-1.45e+16,-1.24e+16,2.68e+16,1.28e+16,-9360000000000000.0,-2.04e+16,gcmt,deep_subduction
C200510171923A,2005-10-17T19:23:04,-69.87,-17.98,134.0,5.6,mw,238.0,22.0,-27.0,353.0,80.0,-110.0,33.0,99.0,19.0,356.0,51.0,241.0,-1.42e+17,-6.1e+16,2.03e+17,6.889999999999999e+16,-4.3e+17,1.3600000000000002e+17,gcmt,deep_subduction
C200510230449A,2005-10-23T04:49:21,-68.81,-21.85,135.1,5.4,mw,268.0,8.0,-7.0,5.0,89.0,-98.0,43.0,103.0,8.0,5.0,45.0,267.0,-9800000000000000.0,1.07e+16,-800000000000000.0,-1.66e+16,-2.03e+17,2.85e+16,gcmt,deep_subduction
C200511132318A,2005-11-13T23:18:39,-69.67,-18.84,112.0,5.1,mw,349.0,27.0,148.0,108.0,76.0,67.0,53.0,350.0,23.0,113.0,28.0,216.0,8650000000000000.0,-6540000000000000.0,-2110000000000000.0,1.88e+16,-7720000000000000.0,1.47e+16,gcmt,deep_subduction
C200511171926A,2005-11-17T19:27:00,-68.13,-22.46,155.3,6.0,mw,126.0,26.0,-149.0,7.0,77.0,-68.0,29.0,79.0,22.0,182.0,53.0,304.0,-7.03e+18,-3.65e+18,1.07e+19,-2.36e+18,-1.56e+19,-5.79e+18,gcmt,deep_subduction
C200512151259A,2005-12-15T12:59:31,-66.59,-23.95,228.1,5.0,mw,189.0,43.0,-86.0,3.0,47.0,-94.0,2.0,96.0,3.0,5.0,86.0,219.0,-4.22e+16,-3310000000000000.0,4.55e+16,1719999999999999.8,-3290000000000000.0,4900000000000000.0,gcmt,deep_subduction
C200512212331A,2005-12-21T23:31:42,-67.11,-24.21,196.5,5.0,mw,161.0,23.0,-127.0,21.0,72.0,-76.0,26.0,100.0,13.0,196.0,61.0,311.0,-2.65e+16,-2340000000000000.0,2.88e+16,-1.6200000000000002e+16,-3.19e+16,-80000000000000.0,gcmt,deep_subduction
C200512281221A,2005-12-28T12:22:04,-69.11,-20.05,127.9,5.0,mw,217.0,49.0,-52.0,347.0,54.0,-125.0,3.0,101.0,28.0,9.0,62.0,196.0,-2.71e+16,-3160000000000000.0,3.03e+16,1.55e+16,-5679999999999999.0,7430000000000000.0,gcmt,deep_subduction
C200602051803A,2006-02-05T18:03:29,-68.17,-23.92,145.9,5.0,mw,127.0,35.0,-116.0,338.0,59.0,-73.0,12.0,56.0,14.0,149.0,71.0,287.0,-2.66e+16,7460000000000000.0,1.92e+16,2500000000000000.0,-1.5e+16,-1.9e+16,gcmt,deep_subduction
C200603012021A,2006-03-01T20:21:48,-69.39,-18.22,140.9,5.2,mw,119.0,47.0,-161.0,16.0,76.0,-44.0,18.0,74.0,44.0,182.0,41.0,328.0,-1.81e+16,-1.9e+16,3.71e+16,-1.21e+16,-2.7400000000000004e+16,-2.5e+16,gcmt,deep_subduction
C200605090902A,2006-05-09T09:02:26,-70.04,-32.85,126.1,5.1,mw,270.0,44.0,-29.0,22.0,70.0,-130.0,16.0,140.0,37.0,37.0,48.0,248.0,-2.25e+16,2.11e+16,1409999999999999.8,-5280000000000000.0,-2.51e+16,3.14e+16,gcmt,deep_subduction
C200605090902A,2006-05-09T09:02:26,-70.04,-32.85,126.1,5.1,mw,270.0,44.0,-29.0,22.0,70.0,-130.0,16.0,140.0,37.0,37.0,48.0,248.0,-2.25e+16,2.11e+16,1409999999999999.8,-5280000000000000.0,-2.51e+16,3.14e+16,gcmt,deep_subduction
C200605141705A,2006-05-14T17:05:06,-69.14,-21.25,125.2,5.0,mw,219.0,28.0,-36.0,341.0,74.0,-114.0,25.0,89.0,23.0,348.0,55.0,222.0,-4.21e+16,-2.09e+16,6.3e+16,2.92e+16,-6.42e+16,1.25e+16,gcmt,deep_subduction
C200606270207A,2006-06-27T02:07:37,-68.92,-22.51,133.6,5.5,mw,156.0,11.0,-110.0,356.0,80.0,-86.0,35.0,83.0,4.0,175.0,55.0,270.0,-6.25e+16,-5900000000000000.0,6.840000000000001e+16,1.21e+16,-1.83e+17,-1.78e+16,gcmt,deep_subduction
C200606271124A,2006-06-27T11:24:40,-68.89,-21.42,133.7,5.5,mw,189.0,19.0,-56.0,333.0,74.0,-101.0,28.0,72.0,11.0,336.0,59.0,228.0,-1.02e+17,-200000000000000.0,1.03e+17,8.24e+16,-1.3500000000000002e+17,-1.26e+16,gcmt,deep_subduction
C200607080913A,2006-07-08T09:13:05,-67.38,-28.69,152.5,5.1,mw,159.0,37.0,-68.0,312.0,56.0,-106.0,10.0,53.0,13.0,321.0,73.0,179.0,-1.74e+17,5.01e+16,1.24e+17,7.31e+16,-2.7800000000000004e+16,-9.87e+16,gcmt,deep_subduction
C200607080913A,2006-07-08T09:13:05,-67.38,-28.69,152.5,5.1,mw,159.0,37.0,-68.0,312.0,56.0,-106.0,10.0,53.0,13.0,321.0,73.0,179.0,-1.74e+17,5.01e+16,1.24e+17,7.31e+16,-2.7800000000000004e+16,-9.87e+16,gcmt,deep_subduction
C200608200251A,2006-08-20T02:51:20,-68.45,-29.29,130.3,5.0,mw,274.0,51.0,-140.0,156.0,60.0,-47.0,5.0,217.0,37.0,311.0,53.0,120.0,-2.82e+16,2.45e+16,3760000000000000.0,4950000000000000.0,1.85e+16,-3.08e+16,gcmt,deep_subduction
C200608200251A,2006-08-20T02:51:20,-68.45,-29.29,130.3,5.0,mw,274.0,51.0,-140.0,156.0,60.0,-47.0,5.0,217.0,37.0,311.0,53.0,120.0,-2.82e+16,2.45e+16,3760000000000000.0,4950000000000000.0,1.85e+16,-3.08e+16,gcmt,deep_subduction
C200608250044A,2006-08-25T00:44:51,-67.18,-24.44,185.8,6.6,mw,194.0,36.0,-48.0,326.0,64.0,-115.0,16.0,74.0,23.0,338.0,62.0,196.0,-6.17e+18,-1.59e+18,7.76e+18,3.93e+18,-3.37e+18,-1.91e+18,gcmt,deep_subduction
C200608311620A,2006-08-31T16:20:38,-67.35,-24.47,190.3,5.0,mw,187.0,31.0,-67.0,340.0,62.0,-104.0,16.0,80.0,12.0,347.0,70.0,221.0,-4.82e+16,-4050000000000001.0,5.230000000000001e+16,1.66e+16,-2.83e+16,-6580000000000000.0,gcmt,deep_subduction
C200609040034A,2006-09-04T00:34:12,-66.9,-24.09,216.5,5.0,mw,197.0,22.0,-73.0,358.0,69.0,-97.0,23.0,94.0,6.0,1.0,66.0,257.0,-3.76e+16,2310000000000000.0,3.53e+16,3910000000000000.0,-3.95e+16,4890000000000000.0,gcmt,deep_subduction
C200609121330A,2006-09-12T13:30:59,-69.13,-29.19,113.7,6.0,mw,309.0,27.0,-115.0,156.0,66.0,-78.0,20.0,237.0,11.0,331.0,67.0,88.0,-6.01e+17,1.4299999999999998e+17,4.58e+17,-2.07e+17,5.4900000000000006e+17,-4.61e+17,gcmt,deep_subduction
C200609121330A,2006-09-12T13:30:59,-69.13,-29.19,113.7,6.0,mw,309.0,27.0,-115.0,156.0,66.0,-78.0,20.0,237.0,11.0,331.0,67.0,88.0,-6.01e+17,1.4299999999999998e+17,4.58e+17,-2.07e+17,5.4900000000000006e+17,-4.61e+17,gcmt,deep_subduction
C200609170934A,2006-09-17T09:34:17,-67.15,-31.9,146.1,6.2,mw,147.0,17.0,-147.0,25.0,81.0,-76.0,34.0,103.0,14.0,203.0,52.0,312.0,-7.6e+17,-1.4299999999999998e+17,9.03e+17,-1.01e+18,-1.77e+18,-2.03e+17,gcmt,deep_subduction
C200609170934A,2006-09-17T09:34:17,-67.15,-31.9,146.1,6.2,mw,147.0,17.0,-147.0,25.0,81.0,-76.0,34.0,103.0,14.0,203.0,52.0,312.0,-7.6e+17,-1.4299999999999998e+17,9.03e+17,-1.01e+18,-1.77e+18,-2.03e+17,gcmt,deep_subduction
C200609200412A,2006-09-20T04:12:11,-69.67,-18.91,125.0,5.0,mw,111.0,29.0,-150.0,354.0,76.0,-64.0,26.0,64.0,25.0,167.0,52.0,294.0,-1.78e+16,510000000000000.0,1.73e+16,1800000000000000.0,-3.48e+16,-2.15e+16,gcmt,deep_subduction
C200609242108A,2006-09-24T21:08:43,-67.18,-31.89,151.6,5.7,mw,122.0,34.0,-131.0,348.0,65.0,-66.0,17.0,61.0,21.0,158.0,62.0,296.0,-3e+17,1.68e+17,1.32e+17,-9.57e+16,-2.55e+17,-9.25e+16,gcmt,deep_subduction
C200609242108A,2006-09-24T21:08:43,-67.18,-31.89,151.6,5.7,mw,122.0,34.0,-131.0,348.0,65.0,-66.0,17.0,61.0,21.0,158.0,62.0,296.0,-3e+17,1.68e+17,1.32e+17,-9.57e+16,-2.55e+17,-9.25e+16,gcmt,deep_subduction
C200610070820A,2006-10-07T08:21:00,-69.27,-24.13,120.9,5.7,mw,132.0,35.0,-101.0,326.0,55.0,-82.0,10.0,50.0,6.0,141.0,78.0,263.0,-4.64e+17,2.05e+17,2.58e+17,6.12e+16,-1.65e+17,-2.03e+17,gcmt,deep_subduction
C200610131028A,2006-10-13T10:28:49,-69.57,-18.22,142.1,5.1,mw,206.0,27.0,-58.0,351.0,68.0,-105.0,21.0,92.0,14.0,357.0,64.0,237.0,-6.720000000000001e+16,-2100000000000000.0,6.929999999999999e+16,2.09e+16,-6.47e+16,1.23e+16,gcmt,deep_subduction
C200610141518A,2006-10-14T15:18:42,-68.77,-23.12,134.7,5.2,mw,120.0,39.0,-130.0,347.0,61.0,-63.0,12.0,58.0,24.0,153.0,63.0,303.0,-4.43e+16,1.24e+16,3.19e+16,-6600000000000000.0,-3.07e+16,-3.12e+16,gcmt,deep_subduction
C200610170402A,2006-10-17T04:02:44,-68.47,-21.09,149.9,5.9,mw,170.0,68.0,-18.0,266.0,73.0,-157.0,3.0,37.0,62.0,301.0,28.0,129.0,-2.55e+17,3.42e+17,-8.6e+16,2.7300000000000003e+17,2.41e+17,-8.53e+17,gcmt,deep_subduction
B200610232100A,2006-10-23T21:00:50,-65.75,-21.77,287.6,5.2,mw,117.0,8.0,-149.0,357.0,86.0,-83.0,41.0,80.0,7.0,176.0,49.0,274.0,-7.59e+16,-2.1e+16,9.69e+16,3.74e+16,-6.38e+17,-8.54e+16,gcmt,deep_subduction
C200611071325A,2006-11-07T13:25:41,-68.68,-21.85,139.6,5.8,mw,282.0,13.0,13.0,179.0,87.0,103.0,46.0,102.0,13.0,358.0,41.0,257.0,2.67e+16,5900000000000000.0,-3.26e+16,5100000000000000.0,-2.94e+17,6.830000000000001e+16,gcmt,deep_subduction
C200611142222A,2006-11-14T22:22:14,-68.76,-23.37,116.1,5.7,mw,143.0,27.0,-111.0,346.0,64.0,-80.0,19.0,69.0,9.0,162.0,69.0,277.0,-3e+17,-2.72e+16,3.28e+17,5.39e+16,-2.7200000000000003e+17,-1.87e+17,gcmt,deep_subduction
C200701071055A,2007-01-07T10:55:33,-71.23,-35.52,121.4,5.0,mw,199.0,23.0,-83.0,12.0,68.0,-93.0,22.0,104.0,3.0,13.0,67.0,276.0,-2.52e+16,3850000000000000.0,2.13e+16,-4110000000000000.0,-2.37e+16,5460000000000000.0,gcmt,deep_subduction
C200701071055A,2007-01-07T10:55:33,-71.23,-35.52,121.4,5.0,mw,199.0,23.0,-83.0,12.0,68.0,-93.0,22.0,104.0,3.0,13.0,67.0,276.0,-2.52e+16,3850000000000000.0,2.13e+16,-4110000000000000.0,-2.37e+16,5460000000000000.0,gcmt,deep_subduction
C200702100603A,2007-02-10T06:03:05,-72.26,-43.26,162.3,5.0,mw,207.0,6.0,117.0,360.0,84.0,87.0,51.0,266.0,3.0,0.0,39.0,92.0,2.31e+16,5.17e+16,-7.48e+16,1500000000000000.0,2.41e+17,-1.24e+16,gcmt,deep_subduction
C200702100603A,2007-02-10T06:03:05,-72.26,-43.26,162.3,5.0,mw,207.0,6.0,117.0,360.0,84.0,87.0,51.0,266.0,3.0,0.0,39.0,92.0,2.31e+16,5.17e+16,-7.48e+16,1500000000000000.0,2.41e+17,-1.24e+16,gcmt,deep_subduction
C200703262100A,2007-03-26T21:00:28,-69.42,-19.34,132.7,5.0,mw,125.0,38.0,-127.0,349.0,60.0,-65.0,12.0,61.0,22.0,155.0,65.0,304.0,-3.4e+16,1680000000000000.0,3.23e+16,-160000000000000.0,-2.13e+16,-2.95e+16,gcmt,deep_subduction
C200704120259A,2007-04-12T02:59:10,-69.67,-18.88,128.5,5.2,mw,196.0,44.0,-56.0,332.0,55.0,-119.0,6.0,82.0,23.0,350.0,66.0,186.0,-5.26e+16,-1.96e+16,7.23e+16,1.89e+16,-1.06e+16,-1.09e+16,gcmt,deep_subduction
C200704180108A,2007-04-18T01:08:15,-66.9,-24.2,218.1,5.2,mw,232.0,41.0,-31.0,346.0,71.0,-126.0,18.0,102.0,34.0,360.0,51.0,215.0,-1.59e+17,-7.71e+16,2.36e+17,1.03e+17,-1.76e+17,1.18e+17,gcmt,deep_subduction
C200705010352A,2007-05-01T03:52:25,-68.8,-21.44,137.1,5.5,mw,156.0,23.0,-73.0,317.0,68.0,-97.0,23.0,52.0,7.0,320.0,66.0,214.0,-1.3e+17,3.66e+16,9.32e+16,1.01e+17,-9.69e+16,-7.32e+16,gcmt,deep_subduction
C200705251747A,2007-05-25T17:47:35,-67.36,-24.33,188.5,5.9,mw,211.0,22.0,-33.0,331.0,78.0,-109.0,31.0,77.0,19.0,335.0,53.0,219.0,-2.75e+17,-2.34e+17,5.09e+17,3.47e+17,-6.41e+17,-5.679999999999999e+16,gcmt,deep_subduction
C200706141041A,2007-06-14T10:42:02,-69.16,-23.03,113.8,5.5,mw,168.0,20.0,-94.0,353.0,70.0,-88.0,25.0,82.0,2.0,173.0,65.0,266.0,-1.1499999999999998e+17,-5.16e+16,1.66e+17,2.04e+16,-1.68e+17,-3.3600000000000004e+16,gcmt,deep_subduction
C200707111512A,2007-07-11T15:12:24,-70.3,-32.67,115.7,5.0,mw,150.0,50.0,-177.0,58.0,88.0,-40.0,25.0,112.0,50.0,236.0,29.0,7.0,-1e+16,-2.45e+16,3.45e+16,-1.86e+16,-2.7e+16,2.34e+16,gcmt,deep_subduction
C200707111512A,2007-07-11T15:12:24,-70.3,-32.67,115.7,5.0,mw,150.0,50.0,-177.0,58.0,88.0,-40.0,25.0,112.0,50.0,236.0,29.0,7.0,-1e+16,-2.45e+16,3.45e+16,-1.86e+16,-2.7e+16,2.34e+16,gcmt,deep_subduction
C200707211534A,2007-07-21T15:34:59,-66.0,-22.31,280.2,6.4,mw,240.0,3.0,-24.0,353.0,89.0,-93.0,44.0,86.0,3.0,354.0,46.0,261.0,-1.59e+17,-1.64e+17,3.23e+17,6.07e+17,-5.34e+18,1.93e+17,gcmt,deep_subduction
C200708041756A,2007-08-04T17:57:06,-68.55,-22.04,150.0,5.2,mw,120.0,34.0,-142.0,357.0,70.0,-62.0,20.0,66.0,26.0,166.0,56.0,303.0,-6.36e+16,6100000000000000.0,5.749999999999999e+16,-1.4099999999999998e+16,-7.52e+16,-5.23e+16,gcmt,deep_subduction
C200708202101A,2007-08-20T21:01:36,-66.66,-19.82,270.3,5.4,mw,254.0,12.0,-30.0,13.0,84.0,-100.0,38.0,112.0,10.0,14.0,50.0,271.0,-2.96e+16,1.7499999999999998e+16,1.21e+16,-2.45e+16,-1.28e+17,2.49e+16,gcmt,deep_subduction
C200708291618A,2007-08-29T16:18:14,-68.81,-21.09,146.5,5.5,mw,168.0,6.0,-70.0,328.0,85.0,-92.0,40.0,59.0,2.0,328.0,50.0,236.0,-6.750000000000001e+16,3.56e+16,3.19e+16,1.22e+17,-1.86e+17,2.09e+16,gcmt,deep_subduction
C200710250835A,2007-10-25T08:35:22,-69.06,-20.69,125.8,5.6,mw,194.0,32.0,-32.0,312.0,73.0,-118.0,23.0,63.0,27.0,321.0,53.0,188.0,-1.5e+17,-5.530000000000001e+16,2.05e+17,2.01e+17,-1.18e+17,-8.43e+16,gcmt,deep_subduction
C200711180540A,2007-11-18T05:40:17,-66.48,-22.67,262.4,6.0,mw,179.0,15.0,-80.0,349.0,75.0,-93.0,30.0,81.0,3.0,350.0,60.0,255.0,-6.74e+17,2.7e+16,6.47e+17,2.44e+17,-1.14e+18,-6.2e+16,gcmt,deep_subduction
C200711211255A,2007-11-21T12:55:08,-68.81,-25.02,127.3,5.8,mw,129.0,32.0,-126.0,350.0,65.0,-70.0,17.0,65.0,18.0,161.0,64.0,294.0,-4.3e+17,1.04e+17,3.26e+17,-4.02e+16,-3.57e+17,-2.26e+17,gcmt,deep_subduction
C200711240502A,2007-11-24T05:02:10,-69.06,-23.73,109.3,5.6,mw,178.0,36.0,-64.0,327.0,58.0,-108.0,12.0,69.0,15.0,336.0,71.0,196.0,-2.34e+17,-3.66e+16,2.7000000000000003e+17,9.04e+16,-9.29e+16,-1.19e+17,gcmt,deep_subduction
C200712251620A,2007-12-25T16:20:55,-69.42,-19.64,120.0,5.8,mw,198.0,20.0,-66.0,353.0,72.0,-98.0,26.0,89.0,8.0,355.0,63.0,250.0,-3.82e+17,-5.84e+16,4.41e+17,9.02e+16,-5.29e+17,3.61e+16,gcmt,deep_subduction
C200712262340A,2007-12-26T23:40:59,-68.77,-22.19,121.3,5.5,mw,135.0,45.0,-111.0,344.0,48.0,-70.0,1.0,60.0,15.0,150.0,75.0,324.0,-1.92e+17,-3300000000000000.0,1.95e+17,-1.4399999999999998e+16,-2.31e+16,-1.77e+17,gcmt,deep_subduction
C200801040126A,2008-01-04T01:26:37,-68.72,-21.66,143.7,5.5,mw,166.0,19.0,-125.0,23.0,75.0,-79.0,29.0,104.0,11.0,200.0,59.0,308.0,-5.04e+16,-8599999999999998.0,5.89e+16,-3.75e+16,-7.92e+16,6500000000000000.0,gcmt,deep_subduction
B200801050729A,2008-01-05T07:29:35,-68.88,-22.87,117.3,5.7,mw,190.0,31.0,-47.0,322.0,68.0,-113.0,20.0,69.0,21.0,331.0,61.0,198.0,-2.78e+17,-6.4e+16,3.42e+17,2.16e+17,-2e+17,-1.17e+17,gcmt,deep_subduction
C200802020022A,2008-02-02T00:22:13,-68.71,-22.12,131.4,5.3,mw,142.0,44.0,-98.0,333.0,46.0,-82.0,1.0,58.0,5.0,148.0,84.0,316.0,-7.36e+16,1.03e+16,6.33e+16,-2100000000000000.0,-5400000000000000.0,-5.629999999999999e+16,gcmt,deep_subduction
C200802161445A,2008-02-16T14:45:15,-68.77,-21.58,135.3,6.1,mw,223.0,18.0,-54.0,6.0,76.0,-100.0,30.0,104.0,10.0,8.0,58.0,262.0,-7.86e+17,1.46e+17,6.4e+17,-4.1e+16,-1.39e+18,3.31e+17,gcmt,deep_subduction
C200803072235A,2008-03-07T22:35:05,-70.55,-17.63,112.2,5.1,mw,146.0,33.0,-85.0,320.0,58.0,-93.0,13.0,53.0,3.0,322.0,77.0,220.0,-6.1e+16,1.8e+16,4.3e+16,2.14e+16,-2.4e+16,-4.37e+16,gcmt,deep_subduction
C200803100943A,2008-03-10T09:43:07,-69.74,-28.42,129.2,5.6,mw,3.0,33.0,-75.0,165.0,58.0,-100.0,13.0,262.0,8.0,170.0,75.0,48.0,-2.38e+17,-4300000000000000.0,2.43e+17,-5.32e+16,1.07e+17,-2.59e+16,gcmt,deep_subduction
C200803100943A,2008-03-10T09:43:07,-69.74,-28.42,129.2,5.6,mw,3.0,33.0,-75.0,165.0,58.0,-100.0,13.0,262.0,8.0,170.0,75.0,48.0,-2.38e+17,-4300000000000000.0,2.43e+17,-5.32e+16,1.07e+17,-2.59e+16,gcmt,deep_subduction
C200803242039A,2008-03-24T20:39:10,-69.42,-20.31,129.2,6.2,mw,198.0,22.0,-73.0,1.0,69.0,-97.0,24.0,96.0,6.0,3.0,65.0,260.0,-1.33e+18,-1.67e+17,1.49e+18,4.1e+16,-1.58e+18,2.56e+17,gcmt,deep_subduction
C200805281735A,2008-05-28T17:35:32,-68.8,-21.79,142.6,5.2,mw,111.0,12.0,-168.0,10.0,88.0,-79.0,42.0,89.0,11.0,189.0,46.0,291.0,6500000000000000.0,-4.24e+16,3.59e+16,-1.22e+16,-1.27e+17,-1.34e+16,gcmt,deep_subduction
C200807250748A,2008-07-25T07:48:15,-68.55,-22.44,137.4,5.0,mw,131.0,15.0,-107.0,328.0,76.0,-86.0,31.0,54.0,4.0,147.0,59.0,244.0,-3.08e+16,1.08e+16,1.99e+16,3.26e+16,-5.3e+16,-2.2e+16,gcmt,deep_subduction
C200808010618A,2008-08-01T06:18:42,-66.92,-22.49,216.9,5.0,mw,111.0,21.0,-129.0,332.0,74.0,-76.0,27.0,51.0,13.0,148.0,59.0,261.0,-5.530000000000001e+16,2.55e+16,2.98e+16,4.85e+16,-9.02e+16,-5.92e+16,gcmt,deep_subduction
C200808210932A,2008-08-21T09:33:00,-69.13,-25.29,118.0,5.4,mw,170.0,39.0,-89.0,348.0,51.0,-91.0,6.0,79.0,1.0,349.0,83.0,252.0,-9.18e+16,-1.78e+16,1.1000000000000002e+17,5500000000000000.0,-2.31e+16,-2.54e+16,gcmt,deep_subduction
C200809111711A,2008-09-11T17:11:37,-69.46,-19.8,124.5,5.1,mw,176.0,28.0,-80.0,345.0,62.0,-95.0,17.0,79.0,5.0,348.0,72.0,242.0,-7.73e+16,-8599999999999998.0,8.59e+16,1.7599999999999998e+16,-5.38e+16,-1.6800000000000002e+16,gcmt,deep_subduction
C200809152336A,2008-09-15T23:36:59,-67.22,-24.34,201.8,5.1,mw,182.0,28.0,-91.0,2.0,62.0,-90.0,17.0,92.0,0.0,182.0,73.0,273.0,-4.51e+16,-1.21e+16,5.72e+16,-1409999999999999.8,-3.4e+16,2440000000000000.0,gcmt,deep_subduction
C200810011703A,2008-10-01T17:03:48,-71.04,-35.03,118.6,5.1,mw,288.0,4.0,-10.0,28.0,89.0,-94.0,44.0,122.0,4.0,28.0,46.0,294.0,1030000000000000.0,870000000000000.0,-1900000000000000.0,-3.48e+16,-6.46e+16,7550000000000000.0,gcmt,deep_subduction
C200810011703A,2008-10-01T17:03:48,-71.04,-35.03,118.6,5.1,mw,288.0,4.0,-10.0,28.0,89.0,-94.0,44.0,122.0,4.0,28.0,46.0,294.0,1030000000000000.0,870000000000000.0,-1900000000000000.0,-3.48e+16,-6.46e+16,7550000000000000.0,gcmt,deep_subduction
C200810122055A,2008-10-12T20:55:44,-65.23,-20.3,361.5,6.2,mw,257.0,18.0,-2.0,349.0,89.0,-108.0,42.0,96.0,18.0,349.0,43.0,242.0,-2.1e+16,-3.3e+17,3.51e+17,3.85e+17,-2.13e+18,6.17e+17,gcmt,deep_subduction
C200812041647A,2008-12-04T16:47:15,-68.64,-21.62,128.7,5.5,mw,281.0,44.0,-46.0,47.0,60.0,-124.0,8.0,161.0,29.0,66.0,59.0,265.0,-1.82e+17,2.07e+17,-2.52e+16,-1.86e+16,-1.3500000000000002e+17,6.870000000000001e+16,gcmt,deep_subduction
C200812201707A,2008-12-20T17:07:05,-68.14,-31.72,122.6,5.5,mw,66.0,46.0,-52.0,198.0,56.0,-122.0,5.0,310.0,26.0,217.0,63.0,51.0,-6.909999999999999e+16,2.71e+16,4.2e+16,-1.31e+16,3.11e+16,5.759999999999999e+16,gcmt,deep_subduction
C200812201707A,2008-12-20T17:07:05,-68.14,-31.72,122.6,5.5,mw,66.0,46.0,-52.0,198.0,56.0,-122.0,5.0,310.0,26.0,217.0,63.0,51.0,-6.909999999999999e+16,2.71e+16,4.2e+16,-1.31e+16,3.11e+16,5.759999999999999e+16,gcmt,deep_subduction
C200901241930A,2009-01-24T19:30:26,-67.81,-18.92,200.0,5.1,mw,174.0,59.0,173.0,268.0,84.0,31.0,26.0,135.0,58.0,277.0,17.0,37.0,1.08e+16,-1.47e+16,3920000000000000.0,-3.13e+16,-1810000000000000.0,5.4e+16,gcmt,deep_subduction
C200901311629A,2009-01-31T16:29:40,-69.54,-19.57,123.2,5.4,mw,124.0,31.0,-148.0,6.0,75.0,-63.0,25.0,76.0,26.0,179.0,53.0,308.0,-7.87e+16,-4.95e+16,1.28e+17,-1.3700000000000002e+16,-1.44e+17,-7.24e+16,gcmt,deep_subduction
C200902160222A,2009-02-16T02:22:55,-70.15,-29.2,117.4,5.6,mw,323.0,46.0,-32.0,77.0,67.0,-131.0,13.0,196.0,37.0,96.0,50.0,301.0,-7.62e+16,1.1100000000000002e+17,-3.49e+16,-6.46e+16,-4.88e+16,-6.18e+16,gcmt,deep_subduction
C200902160222A,2009-02-16T02:22:55,-70.15,-29.2,117.4,5.6,mw,323.0,46.0,-32.0,77.0,67.0,-131.0,13.0,196.0,37.0,96.0,50.0,301.0,-7.62e+16,1.1100000000000002e+17,-3.49e+16,-6.46e+16,-4.88e+16,-6.18e+16,gcmt,deep_subduction
C200903271726A,2009-03-27T17:26:46,-69.7,-19.27,132.5,5.4,mw,179.0,13.0,-90.0,359.0,77.0,-90.0,32.0,89.0,0.0,359.0,58.0,269.0,-6.28e+16,-1.56e+16,7.84e+16,2600000000000000.0,-1.43e+17,-1700000000000000.0,gcmt,deep_subduction
C200904031754A,2009-04-03T17:54:53,-66.71,-28.09,180.4,5.7,mw,183.0,43.0,-31.0,297.0,69.0,-129.0,15.0,54.0,36.0,313.0,50.0,163.0,-2.23e+17,-2.46e+16,2.48e+17,2.56e+17,-4.14e+16,-2.53e+17,gcmt,deep_subduction
C200904031754A,2009-04-03T17:54:53,-66.71,-28.09,180.4,5.7,mw,183.0,43.0,-31.0,297.0,69.0,-129.0,15.0,54.0,36.0,313.0,50.0,163.0,-2.23e+17,-2.46e+16,2.48e+17,2.56e+17,-4.14e+16,-2.53e+17,gcmt,deep_subduction
C200904260803A,2009-04-26T08:03:40,-69.49,-32.89,141.0,5.1,mw,145.0,49.0,169.0,242.0,82.0,42.0,34.0,112.0,48.0,251.0,22.0,7.0,2.21e+16,-9.56e+16,7.34e+16,-6.57e+16,-5.3e+16,4.41e+16,gcmt,deep_subduction
C200904260803A,2009-04-26T08:03:40,-69.49,-32.89,141.0,5.1,mw,145.0,49.0,169.0,242.0,82.0,42.0,34.0,112.0,48.0,251.0,22.0,7.0,2.21e+16,-9.56e+16,7.34e+16,-6.57e+16,-5.3e+16,4.41e+16,gcmt,deep_subduction
C200905081344A,2009-05-08T13:44:57,-69.68,-32.02,109.7,5.4,mw,185.0,48.0,-121.0,47.0,50.0,-60.0,1.0,116.0,22.0,206.0,68.0,24.0,-1.1499999999999998e+17,1700000000000000.0,1.1299999999999998e+17,-3.86e+16,1.47e+16,7.029999999999999e+16,gcmt,deep_subduction
C200905081344A,2009-05-08T13:44:57,-69.68,-32.02,109.7,5.4,mw,185.0,48.0,-121.0,47.0,50.0,-60.0,1.0,116.0,22.0,206.0,68.0,24.0,-1.1499999999999998e+17,1700000000000000.0,1.1299999999999998e+17,-3.86e+16,1.47e+16,7.029999999999999e+16,gcmt,deep_subduction
C200905120103A,2009-05-12T01:04:05,-67.01,-22.36,192.8,5.2,mw,218.0,10.0,-53.0,0.0,82.0,-96.0,37.0,96.0,6.0,1.0,52.0,264.0,-2.28e+16,7450000000000000.0,1.54e+16,1570000000000000.0,-6.94e+16,7210000000000000.0,gcmt,deep_subduction
C200905120507A,2009-05-12T05:07:11,-69.32,-20.14,120.7,5.1,mw,153.0,18.0,-75.0,317.0,73.0,-95.0,28.0,51.0,4.0,319.0,62.0,220.0,-2.77e+16,8270000000000000.0,1.95e+16,2.9900000000000004e+16,-3.11e+16,-1.77e+16,gcmt,deep_subduction
C200905272322A,2009-05-27T23:22:30,-68.07,-23.8,150.4,5.2,mw,160.0,27.0,-80.0,329.0,63.0,-95.0,18.0,63.0,5.0,331.0,71.0,228.0,-5.34e+16,-570000000000000.0,5.39e+16,2.44e+16,-3.89e+16,-3.53e+16,gcmt,deep_subduction
C200906191036A,2009-06-19T10:36:29,-69.08,-21.07,127.5,5.3,mw,321.0,37.0,-91.0,143.0,53.0,-89.0,8.0,232.0,1.0,322.0,82.0,57.0,-6.790000000000001e+16,2.14e+16,4.66e+16,-1.34e+16,1.82e+16,-5.17e+16,gcmt,deep_subduction
C200907141838A,2009-07-14T18:38:15,-67.32,-21.97,196.7,5.7,mw,280.0,8.0,-11.0,20.0,88.0,-98.0,43.0,118.0,8.0,21.0,46.0,282.0,-2.36e+16,4.28e+16,-1.92e+16,-1.45e+17,-3.96e+17,4.95e+16,gcmt,deep_subduction
C200907250417A,2009-07-25T04:17:18,-66.97,-24.16,211.6,5.1,mw,200.0,18.0,-75.0,4.0,73.0,-95.0,28.0,98.0,5.0,6.0,62.0,267.0,-4.83e+16,8210000000000000.0,4.01e+16,-1820000000000000.0,-6.56e+16,8490000000000000.0,gcmt,deep_subduction
C200907271058A,2009-07-27T10:58:23,-66.93,-24.1,222.7,5.1,mw,226.0,40.0,-56.0,5.0,58.0,-115.0,10.0,112.0,21.0,18.0,67.0,226.0,-1.25e+17,2.01e+16,1.05e+17,3.55e+16,-6.27e+16,5.480000000000001e+16,gcmt,deep_subduction
C200908121800A,2009-08-12T18:00:55,-66.71,-28.1,177.9,5.5,mw,297.0,45.0,-126.0,162.0,55.0,-60.0,6.0,232.0,24.0,324.0,65.0,129.0,-1.41e+17,5.17e+16,8.92e+16,2.7300000000000004e+16,6.28e+16,-1.07e+17,gcmt,deep_subduction
C200908121800A,2009-08-12T18:00:55,-66.71,-28.1,177.9,5.5,mw,297.0,45.0,-126.0,162.0,55.0,-60.0,6.0,232.0,24.0,324.0,65.0,129.0,-1.41e+17,5.17e+16,8.92e+16,2.7300000000000004e+16,6.28e+16,-1.07e+17,gcmt,deep_subduction
C200911141944A,2009-11-14T19:44:33,-66.83,-23.04,221.2,6.2,mw,180.0,11.0,-79.0,350.0,79.0,-92.0,34.0,81.0,2.0,350.0,56.0,257.0,-6.61e+17,-2.67e+17,9.28e+17,3.7e+17,-2.02e+18,-1.4199999999999998e+17,gcmt,deep_subduction
C200911291705A,2009-11-29T17:05:34,-66.07,-22.1,272.7,5.4,mw,67.0,12.0,164.0,173.0,87.0,78.0,47.0,71.0,12.0,174.0,40.0,274.0,2.4e+16,3400000000000000.0,-2.7400000000000004e+16,2.52e+16,-1.76e+17,-3.53e+16,gcmt,deep_subduction
C201001181228A,2010-01-18T12:28:40,-68.97,-31.48,116.1,5.4,mw,231.0,37.0,-97.0,60.0,54.0,-85.0,8.0,147.0,4.0,237.0,80.0,354.0,-1.3899999999999998e+17,9.78e+16,4.1e+16,-4.21e+16,-1.5e+16,7.08e+16,gcmt,deep_subduction
C201001181228A,2010-01-18T12:28:40,-68.97,-31.48,116.1,5.4,mw,231.0,37.0,-97.0,60.0,54.0,-85.0,8.0,147.0,4.0,237.0,80.0,354.0,-1.3899999999999998e+17,9.78e+16,4.1e+16,-4.21e+16,-1.5e+16,7.08e+16,gcmt,deep_subduction
C201001280804A,2010-01-28T08:04:16,-66.96,-23.64,204.5,5.9,mw,202.0,24.0,-35.0,325.0,76.0,-110.0,29.0,71.0,19.0,330.0,54.0,210.0,-3.31e+17,-1.94e+17,5.25e+17,4.24e+17,-5.63e+17,-1.32e+17,gcmt,deep_subduction
C201002071709A,2010-02-07T17:09:50,-66.6,-23.36,230.9,5.6,mw,128.0,17.0,-137.0,356.0,79.0,-78.0,33.0,76.0,12.0,173.0,55.0,281.0,-1.1299999999999998e+17,-3.04e+16,1.44e+17,2.22e+16,-3.19e+17,-9.08e+16,gcmt,deep_subduction
C201002121203A,2010-02-12T12:03:43,-69.02,-33.63,173.5,5.8,mw,69.0,57.0,-156.0,325.0,70.0,-35.0,8.0,19.0,50.0,119.0,39.0,283.0,-2.4e+17,5.7300000000000006e+17,-3.33e+17,1000000000000000.0,-3.98e+17,-2.93e+17,gcmt,deep_subduction
C201002121203A,2010-02-12T12:03:43,-69.02,-33.63,173.5,5.8,mw,69.0,57.0,-156.0,325.0,70.0,-35.0,8.0,19.0,50.0,119.0,39.0,283.0,-2.4e+17,5.7300000000000006e+17,-3.33e+17,1000000000000000.0,-3.98e+17,-2.93e+17,gcmt,deep_subduction
C201002182056A,2010-02-18T20:56:38,-68.39,-23.2,130.7,5.0,mw,179.0,42.0,-36.0,297.0,67.0,-126.0,14.0,53.0,33.0,314.0,53.0,163.0,-5.34e+16,1600000000000000.0,5.18e+16,5.19e+16,-7199999999999999.0,-5.4e+16,gcmt,deep_subduction
C201003042239A,2010-03-04T22:39:29,-68.69,-22.36,118.7,6.4,mw,155.0,26.0,-115.0,2.0,67.0,-78.0,21.0,84.0,11.0,178.0,66.0,293.0,-2.3e+18,-8.32e+17,3.13e+18,-1.79e+17,-2.55e+18,-6.35e+17,gcmt,deep_subduction
C201004052236A,2010-04-05T22:37:01,-69.32,-20.07,124.5,5.8,mw,183.0,15.0,-58.0,330.0,77.0,-98.0,32.0,67.0,8.0,332.0,57.0,230.0,-2.54e+17,-4600000000000000.0,2.59e+17,2.79e+17,-4.53e+17,-6.46e+16,gcmt,deep_subduction
C201004092223A,2010-04-09T22:23:05,-68.36,-28.81,131.4,5.8,mw,314.0,47.0,-117.0,170.0,49.0,-64.0,1.0,242.0,19.0,333.0,71.0,149.0,-4.57e+17,5.41e+16,4.03e+17,1.25e+17,8.65e+16,-2.58e+17,gcmt,deep_subduction
C201004092223A,2010-04-09T22:23:05,-68.36,-28.81,131.4,5.8,mw,314.0,47.0,-117.0,170.0,49.0,-64.0,1.0,242.0,19.0,333.0,71.0,149.0,-4.57e+17,5.41e+16,4.03e+17,1.25e+17,8.65e+16,-2.58e+17,gcmt,deep_subduction
C201005041612A,2010-05-04T16:13:01,-68.66,-22.11,134.9,5.4,mw,219.0,24.0,-46.0,353.0,73.0,-108.0,26.0,96.0,17.0,358.0,59.0,238.0,-7.019999999999999e+16,-7900000000000000.0,7.82e+16,2.5e+16,-9.92e+16,2.7e+16,gcmt,deep_subduction
C201006261901A,2010-06-26T19:01:21,-69.63,-19.03,122.9,5.4,mw,154.0,27.0,-101.0,347.0,64.0,-84.0,19.0,73.0,5.0,164.0,71.0,269.0,-1.1200000000000002e+17,-1.5e+16,1.27e+17,1.99e+16,-9.69e+16,-5.39e+16,gcmt,deep_subduction
C201007120011A,2010-07-12T00:11:26,-68.61,-22.4,134.7,6.3,mw,167.0,40.0,-73.0,325.0,52.0,-104.0,6.0,65.0,11.0,334.0,77.0,183.0,-2.48e+18,2.32e+17,2.2400000000000005e+18,6.63e+17,-3.15e+17,-1.11e+18,gcmt,deep_subduction
C201007160225A,2010-07-16T02:25:30,-68.72,-21.54,140.1,5.0,mw,245.0,27.0,-35.0,7.0,75.0,-113.0,26.0,115.0,22.0,13.0,54.0,249.0,-2.48e+16,4910000000000000.0,1.99e+16,-70000000000000.0,-4.31e+16,2.26e+16,gcmt,deep_subduction
C201007261731A,2010-07-26T17:31:34,-67.28,-24.26,202.2,5.6,mw,186.0,21.0,-71.0,346.0,70.0,-97.0,25.0,82.0,7.0,348.0,64.0,245.0,-1.46e+17,-1.63e+16,1.62e+17,5.21e+16,-1.78e+17,-1.47e+16,gcmt,deep_subduction
C201008040424A,2010-08-04T04:24:43,-67.0,-24.01,212.9,5.2,mw,142.0,23.0,-133.0,7.0,73.0,-74.0,26.0,84.0,16.0,182.0,59.0,299.0,-2.78e+16,-5830000000000000.0,3.36e+16,-8390000000000000.0,-4.269999999999999e+16,-1.06e+16,gcmt,deep_subduction
C201009131644A,2010-09-13T16:44:49,-70.46,-31.82,125.8,5.5,mw,260.0,68.0,15.0,165.0,76.0,158.0,26.0,121.0,64.0,314.0,5.0,214.0,1.04e+16,-2.59e+16,1.55e+16,-6760000000000000.0,-2.05e+16,4.49e+16,gcmt,deep_subduction
C201009131644A,2010-09-13T16:44:49,-70.46,-31.82,125.8,5.5,mw,260.0,68.0,15.0,165.0,76.0,158.0,26.0,121.0,64.0,314.0,5.0,214.0,1.04e+16,-2.59e+16,1.55e+16,-6760000000000000.0,-2.05e+16,4.49e+16,gcmt,deep_subduction
C201009170325A,2010-09-17T03:25:37,-67.42,-21.89,199.4,5.4,mw,277.0,8.0,-12.0,18.0,88.0,-98.0,43.0,116.0,8.0,18.0,46.0,280.0,-1.15e+16,1.92e+16,-7640000000000000.0,-2.55e+16,-8.78e+16,5740000000000000.0,gcmt,deep_subduction
C201009261016A,2010-09-26T10:16:26,-68.4,-21.26,97.7,5.1,mw,121.0,47.0,-128.0,350.0,55.0,-57.0,5.0,57.0,27.0,150.0,63.0,318.0,-2.97e+16,1880000000000000.0,2.78e+16,-3540000000000000.0,-9860000000000000.0,-3.01e+16,gcmt,deep_subduction
C201010221931A,2010-10-22T19:31:41,-68.79,-21.07,142.6,5.8,mw,89.0,20.0,-141.0,322.0,78.0,-74.0,31.0,39.0,16.0,138.0,55.0,252.0,-3.37e+17,3.2e+17,1.65e+16,2.52e+17,-5.12e+17,-2.4e+16,gcmt,deep_subduction
C201011061215A,2010-11-06T12:15:47,-69.75,-19.17,127.6,5.2,mw,263.0,32.0,-6.0,358.0,87.0,-122.0,34.0,115.0,32.0,360.0,39.0,238.0,-3240000000000000.0,-2100000000000000.0,5340000000000000.0,1540000000000000.0,-2.97e+16,1.87e+16,gcmt,deep_subduction
C201011291958A,2010-11-29T19:57:59,-67.03,-24.11,209.9,5.0,mw,215.0,21.0,-61.0,3.0,72.0,-101.0,26.0,102.0,10.0,7.0,62.0,257.0,-4.15e+16,-180000000000000.0,4.17e+16,170000000000000.0,-5.78e+16,1.56e+16,gcmt,deep_subduction
C201101042259A,2011-01-04T22:59:14,-69.91,-29.28,130.2,5.8,mw,7.0,35.0,127.0,144.0,62.0,67.0,65.0,13.0,20.0,155.0,14.0,251.0,8.95e+16,-1100000000000000.0,-8.84e+16,5.769999999999999e+16,-3.23e+16,2.07e+16,gcmt,deep_subduction
C201101042259A,2011-01-04T22:59:14,-69.91,-29.28,130.2,5.8,mw,7.0,35.0,127.0,144.0,62.0,67.0,65.0,13.0,20.0,155.0,14.0,251.0,8.95e+16,-1100000000000000.0,-8.84e+16,5.769999999999999e+16,-3.23e+16,2.07e+16,gcmt,deep_subduction
C201102081303A,2011-02-08T13:03:34,-69.96,-27.82,109.3,5.4,mw,296.0,47.0,-169.0,199.0,82.0,-44.0,23.0,255.0,45.0,10.0,36.0,147.0,-3.11e+16,-6.19e+16,9.3e+16,3.6e+16,8.85e+16,-7.21e+16,gcmt,deep_subduction
C201102081303A,2011-02-08T13:03:34,-69.96,-27.82,109.3,5.4,mw,296.0,47.0,-169.0,199.0,82.0,-44.0,23.0,255.0,45.0,10.0,36.0,147.0,-3.11e+16,-6.19e+16,9.3e+16,3.6e+16,8.85e+16,-7.21e+16,gcmt,deep_subduction
C201102142156A,2011-02-14T21:56:52,-69.2,-20.13,124.1,5.2,mw,244.0,57.0,-28.0,350.0,67.0,-144.0,6.0,115.0,48.0,19.0,41.0,210.0,-3.33e+16,-2.01e+16,5.34e+16,4.47e+16,-3.4000000000000004e+16,5.29e+16,gcmt,deep_subduction
C201102282045A,2011-02-28T20:45:45,-69.44,-20.52,125.6,5.2,mw,201.0,15.0,-61.0,351.0,77.0,-97.0,32.0,87.0,7.0,352.0,57.0,251.0,-3.97e+16,-1.1e+16,5.07e+16,1.58e+16,-8.99e+16,3400000000000000.0,gcmt,deep_subduction
C201103061231A,2011-03-06T12:32:02,-69.73,-18.28,126.3,6.3,mw,210.0,26.0,-37.0,335.0,75.0,-111.0,27.0,81.0,20.0,340.0,55.0,218.0,-1.44e+18,-5.8e+17,2.02e+18,1.3e+18,-2.12e+18,9.8e+16,gcmt,deep_subduction
C201103091324A,2011-03-09T13:24:10,-69.29,-27.53,114.8,5.0,mw,15.0,30.0,-65.0,166.0,63.0,-104.0,17.0,266.0,12.0,172.0,69.0,49.0,-5.34e+16,-3920000000000000.0,5.730000000000001e+16,-1.67e+16,3.69e+16,320000000000000.0,gcmt,deep_subduction
C201103091324A,2011-03-09T13:24:10,-69.29,-27.53,114.8,5.0,mw,15.0,30.0,-65.0,166.0,63.0,-104.0,17.0,266.0,12.0,172.0,69.0,49.0,-5.34e+16,-3920000000000000.0,5.730000000000001e+16,-1.67e+16,3.69e+16,320000000000000.0,gcmt,deep_subduction
C201103190835A,2011-03-19T08:35:03,-68.83,-22.0,131.2,5.2,mw,173.0,28.0,-85.0,347.0,62.0,-93.0,17.0,79.0,3.0,348.0,73.0,250.0,-8.53e+16,-9200000000000000.0,9.46e+16,1.61e+16,-5.96e+16,-2.03e+16,gcmt,deep_subduction
C201104021059A,2011-04-02T10:59:42,-69.51,-19.75,117.8,5.9,mw,230.0,24.0,-35.0,352.0,76.0,-110.0,29.0,98.0,20.0,357.0,54.0,237.0,-3.32e+17,-5.95e+16,3.91e+17,1.59e+17,-6.27e+17,2.04e+17,gcmt,deep_subduction
C201106080306A,2011-06-08T03:06:24,-69.84,-17.37,150.4,5.9,mw,208.0,32.0,-27.0,321.0,76.0,-119.0,25.0,73.0,28.0,329.0,50.0,198.0,-4.03e+17,-3.18e+17,7.22e+17,5.6200000000000006e+17,-5.4500000000000006e+17,-1.24e+17,gcmt,deep_subduction
C201106201635A,2011-06-20T16:36:06,-68.63,-21.89,131.4,6.5,mw,261.0,11.0,-9.0,360.0,88.0,-101.0,42.0,100.0,11.0,0.0,46.0,258.0,-3e+17,-3.55e+17,6.55e+17,-2e+16,-7.58e+18,1.5e+18,gcmt,deep_subduction
C201106221357A,2011-06-22T13:57:36,-66.82,-28.24,174.4,5.3,mw,196.0,44.0,17.0,94.0,78.0,133.0,40.0,43.0,42.0,263.0,21.0,152.0,3.11e+16,-3.65e+16,5400000000000000.0,7.89e+16,-3.27e+16,-7.44e+16,gcmt,deep_subduction
C201106221357A,2011-06-22T13:57:36,-66.82,-28.24,174.4,5.3,mw,196.0,44.0,17.0,94.0,78.0,133.0,40.0,43.0,42.0,263.0,21.0,152.0,3.11e+16,-3.65e+16,5400000000000000.0,7.89e+16,-3.27e+16,-7.44e+16,gcmt,deep_subduction
C201107151455A,2011-07-15T14:55:38,-68.89,-21.2,111.9,5.2,mw,334.0,42.0,-99.0,166.0,49.0,-82.0,4.0,250.0,6.0,340.0,83.0,128.0,-1.42e+17,1.33e+16,1.29e+17,6900000000000001.0,2.26e+16,-4.95e+16,gcmt,deep_subduction
C201107230256A,2011-07-23T02:56:55,-70.05,-29.41,127.3,5.5,mw,189.0,40.0,68.0,36.0,53.0,107.0,75.0,360.0,14.0,205.0,6.0,114.0,1.75e+17,-1.58e+16,-1.59e+17,5.639999999999999e+16,2.02e+16,-7.11e+16,gcmt,deep_subduction
C201107230256A,2011-07-23T02:56:55,-70.05,-29.41,127.3,5.5,mw,189.0,40.0,68.0,36.0,53.0,107.0,75.0,360.0,14.0,205.0,6.0,114.0,1.75e+17,-1.58e+16,-1.59e+17,5.639999999999999e+16,2.02e+16,-7.11e+16,gcmt,deep_subduction
C201107311736A,2011-07-31T17:36:34,-66.74,-28.12,181.2,5.3,mw,188.0,47.0,-25.0,296.0,72.0,-134.0,15.0,57.0,41.0,312.0,45.0,162.0,-7.39e+16,-2.96e+16,1.04e+17,1.02e+17,-1.59e+16,-1.03e+17,gcmt,deep_subduction
C201107311736A,2011-07-31T17:36:34,-66.74,-28.12,181.2,5.3,mw,188.0,47.0,-25.0,296.0,72.0,-134.0,15.0,57.0,41.0,312.0,45.0,162.0,-7.39e+16,-2.96e+16,1.04e+17,1.02e+17,-1.59e+16,-1.03e+17,gcmt,deep_subduction
C201109090233A,2011-09-09T02:33:58,-68.93,-22.57,122.9,5.3,mw,209.0,50.0,-40.0,328.0,60.0,-132.0,6.0,86.0,36.0,352.0,54.0,184.0,-9.48e+16,-5.42e+16,1.49e+17,6.66e+16,-2.2e+16,-7099999999999999.0,gcmt,deep_subduction
C201110202326A,2011-10-20T23:26:48,-66.51,-22.97,245.2,5.1,mw,116.0,19.0,-157.0,4.0,83.0,-73.0,36.0,79.0,17.0,182.0,49.0,293.0,-9510000000000000.0,-1.75e+16,2.7e+16,30000000000000.0,-6.15e+16,-1.76e+16,gcmt,deep_subduction
C201110221007A,2011-10-22T10:07:48,-69.75,-18.1,152.2,5.0,mw,234.0,9.0,-31.0,355.0,85.0,-98.0,40.0,92.0,8.0,356.0,49.0,257.0,-9040000000000000.0,-1190000000000000.0,1.02e+16,5540000000000000.0,-5.6e+16,6630000000000000.0,gcmt,deep_subduction
C201111031140A,2011-11-03T11:40:12,-69.22,-24.08,113.1,5.1,mw,178.0,42.0,-53.0,312.0,58.0,-118.0,9.0,62.0,24.0,328.0,65.0,171.0,-6.42e+16,-1.66e+16,8.09e+16,2.09e+16,-2.09e+16,-6.919999999999999e+16,gcmt,deep_subduction
C201111230143A,2011-11-23T01:43:51,-68.29,-22.83,160.1,5.1,mw,133.0,29.0,-124.0,351.0,67.0,-73.0,20.0,68.0,16.0,164.0,64.0,289.0,-4.08e+16,2930000000000000.0,3.79e+16,1140000000000000.0,-4.07e+16,-2.41e+16,gcmt,deep_subduction
C201201280851A,2012-01-28T08:51:43,-66.6,-21.53,251.6,5.1,mw,111.0,36.0,-125.0,332.0,62.0,-67.0,14.0,46.0,20.0,141.0,66.0,284.0,-8.72e+16,4.96e+16,3.76e+16,9600000000000000.0,-5.96e+16,-6.15e+16,gcmt,deep_subduction
C201203100226A,2012-03-10T02:27:01,-69.36,-19.76,127.8,5.3,mw,179.0,19.0,-91.0,1.0,71.0,-89.0,26.0,90.0,0.0,180.0,64.0,271.0,-3.85e+16,-5160000000000000.0,4.37e+16,-660000000000000.0,-5.32e+16,-100000000000000.0,gcmt,deep_subduction
C201204030725A,2012-04-03T07:25:10,-69.22,-19.64,139.3,5.5,mw,110.0,12.0,-130.0,331.0,81.0,-82.0,35.0,54.0,8.0,149.0,54.0,250.0,-1.1299999999999998e+16,7070000000000000.0,4210000000000000.0,1.54e+16,-2.92e+16,-6840000000000001.0,gcmt,deep_subduction
C201205141000A,2012-05-14T10:00:43,-69.94,-18.0,119.2,6.2,mw,203.0,25.0,-25.0,315.0,80.0,-113.0,31.0,64.0,22.0,320.0,50.0,200.0,-8.56e+17,-7.98e+17,1.65e+18,1.85e+18,-1.92e+18,-7.6e+17,gcmt,deep_subduction
C201205241918A,2012-05-24T19:18:55,-70.84,-37.11,162.6,5.4,mw,123.0,17.0,-146.0,360.0,81.0,-76.0,34.0,78.0,14.0,178.0,52.0,286.0,-4.9e+16,-2500000000000000.0,5.15e+16,-5000000000000000.0,-1.49e+17,-3.9e+16,gcmt,deep_subduction
C201205241918A,2012-05-24T19:18:55,-70.84,-37.11,162.6,5.4,mw,123.0,17.0,-146.0,360.0,81.0,-76.0,34.0,78.0,14.0,178.0,52.0,286.0,-4.9e+16,-2500000000000000.0,5.15e+16,-5000000000000000.0,-1.49e+17,-3.9e+16,gcmt,deep_subduction
C201206031139A,2012-06-03T11:39:29,-68.42,-21.41,141.5,5.0,mw,152.0,28.0,-94.0,336.0,63.0,-88.0,17.0,65.0,2.0,155.0,72.0,251.0,-5.67e+16,5649999999999999.0,5.11e+16,1.64e+16,-3.94e+16,-2.89e+16,gcmt,deep_subduction
C201206241025A,2012-06-24T10:26:00,-66.94,-22.52,219.8,5.4,mw,125.0,24.0,-118.0,335.0,69.0,-78.0,23.0,56.0,11.0,151.0,64.0,264.0,-1.03e+17,4.31e+16,6.02e+16,3.76e+16,-1.08e+17,-5.570000000000001e+16,gcmt,deep_subduction
C201208041905A,2012-08-04T19:05:42,-69.51,-31.93,117.5,5.2,mw,171.0,65.0,-175.0,79.0,86.0,-25.0,14.0,128.0,65.0,250.0,20.0,32.0,-1.06e+16,-3200000000000000.0,1.3799999999999998e+16,-1.08e+16,-6940000000000000.0,2.76e+16,gcmt,deep_subduction
C201208041905A,2012-08-04T19:05:42,-69.51,-31.93,117.5,5.2,mw,171.0,65.0,-175.0,79.0,86.0,-25.0,14.0,128.0,65.0,250.0,20.0,32.0,-1.06e+16,-3200000000000000.0,1.3799999999999998e+16,-1.08e+16,-6940000000000000.0,2.76e+16,gcmt,deep_subduction
C201209070237A,2012-09-07T02:37:06,-68.66,-22.43,134.8,5.1,mw,121.0,24.0,-123.0,336.0,70.0,-77.0,24.0,56.0,13.0,151.0,63.0,267.0,-2.78e+16,1.1299999999999998e+16,1.65e+16,1.1e+16,-3.2400000000000004e+16,-1.79e+16,gcmt,deep_subduction
C201209110635A,2012-09-11T06:35:39,-68.39,-31.92,127.0,5.2,mw,20.0,35.0,-77.0,184.0,56.0,-99.0,11.0,280.0,8.0,189.0,77.0,64.0,-3.56e+16,3550000000000000.0,3.21e+16,-2920000000000000.0,1.43e+16,6500000000000000.0,gcmt,deep_subduction
C201209110635A,2012-09-11T06:35:39,-68.39,-31.92,127.0,5.2,mw,20.0,35.0,-77.0,184.0,56.0,-99.0,11.0,280.0,8.0,189.0,77.0,64.0,-3.56e+16,3550000000000000.0,3.21e+16,-2920000000000000.0,1.43e+16,6500000000000000.0,gcmt,deep_subduction
C201209211217A,2012-09-21T12:17:29,-69.53,-19.72,124.7,5.4,mw,184.0,5.0,-66.0,339.0,85.0,-92.0,40.0,71.0,2.0,339.0,50.0,247.0,-2.02e+16,-3700000000000000.0,2.39e+16,4.74e+16,-1.24e+17,-5500000000000000.0,gcmt,deep_subduction
C201209261745A,2012-09-26T17:45:02,-68.71,-22.35,129.9,5.1,mw,151.0,35.0,-107.0,351.0,57.0,-78.0,11.0,73.0,10.0,165.0,75.0,296.0,-6.13e+16,390000000000000.0,6.1e+16,-2500000000000000.0,-2.8e+16,-2.29e+16,gcmt,deep_subduction
C201209291748A,2012-09-29T17:49:03,-69.86,-17.64,145.8,5.2,mw,252.0,40.0,-3.0,344.0,88.0,-130.0,31.0,106.0,40.0,345.0,34.0,220.0,-3700000000000000.0,-3.4300000000000004e+16,3.8e+16,3.57e+16,-7.87e+16,6.25e+16,gcmt,deep_subduction
C201210080150A,2012-10-08T01:50:29,-68.46,-21.83,131.2,5.8,mw,158.0,35.0,-114.0,7.0,59.0,-74.0,12.0,85.0,14.0,178.0,71.0,315.0,-4.52e+17,-8.33e+16,5.35e+17,-8.7e+16,-2.36e+17,-7.54e+16,gcmt,deep_subduction
C201210111722A,2012-10-11T17:22:15,-70.57,-32.86,107.2,5.6,mw,170.0,84.0,-174.0,80.0,84.0,-6.0,0.0,125.0,82.0,216.0,8.0,35.0,-500000000000000.0,-1.1100000000000002e+17,1.1100000000000002e+17,-4.07e+16,2.8100000000000004e+16,3.1e+17,gcmt,deep_subduction
C201210111722A,2012-10-11T17:22:15,-70.57,-32.86,107.2,5.6,mw,170.0,84.0,-174.0,80.0,84.0,-6.0,0.0,125.0,82.0,216.0,8.0,35.0,-500000000000000.0,-1.1100000000000002e+17,1.1100000000000002e+17,-4.07e+16,2.8100000000000004e+16,3.1e+17,gcmt,deep_subduction
C201211041908A,2012-11-04T19:08:30,-68.09,-20.4,188.5,5.0,mw,69.0,31.0,179.0,159.0,90.0,59.0,38.0,42.0,31.0,159.0,37.0,276.0,1350000000000000.0,2.38e+16,-2.51e+16,2.69e+16,-6.06e+16,-3.11e+16,gcmt,deep_subduction
C201211130311A,2012-11-13T03:11:29,-69.4,-20.43,137.1,5.1,mw,83.0,29.0,-150.0,326.0,76.0,-64.0,26.0,36.0,25.0,139.0,52.0,267.0,-1.66e+16,2.04e+16,-3850000000000000.0,1.2e+16,-2.8e+16,-1.18e+16,gcmt,deep_subduction
C201301132123A,2013-01-13T21:23:30,-69.52,-20.24,111.4,5.3,mw,217.0,19.0,-39.0,345.0,78.0,-105.0,31.0,87.0,15.0,348.0,55.0,236.0,-4.56e+16,-1.54e+16,6.1e+16,3.23e+16,-1e+17,1.32e+16,gcmt,deep_subduction
C201302201118A,2013-02-20T11:18:55,-66.64,-27.86,192.2,5.3,mw,91.0,80.0,-172.0,360.0,82.0,-11.0,2.0,46.0,77.0,144.0,13.0,315.0,-3.74e+16,1.74e+16,2e+16,1430000000000000.0,-4490000000000000.0,-6.51e+16,gcmt,deep_subduction
C201302201118A,2013-02-20T11:18:55,-66.64,-27.86,192.2,5.3,mw,91.0,80.0,-172.0,360.0,82.0,-11.0,2.0,46.0,77.0,144.0,13.0,315.0,-3.74e+16,1.74e+16,2e+16,1430000000000000.0,-4490000000000000.0,-6.51e+16,gcmt,deep_subduction
C201302220741A,2013-02-22T07:41:44,-68.57,-21.77,153.9,5.0,mw,219.0,28.0,-15.0,322.0,83.0,-117.0,33.0,75.0,27.0,326.0,45.0,205.0,-5520000000000000.0,-2.13e+16,2.69e+16,1.52e+16,-3.42e+16,-9460000000000000.0,gcmt,deep_subduction
C201304272151A,2013-04-27T21:51:36,-69.37,-18.43,146.3,5.1,mw,208.0,22.0,-22.0,319.0,82.0,-111.0,33.0,67.0,21.0,322.0,49.0,207.0,-6770000000000000.0,-8280000000000000.0,1.51e+16,1.71e+16,-2.05e+16,-4970000000000000.0,gcmt,deep_subduction
C201305121251A,2013-05-12T12:51:57,-68.79,-21.04,143.1,5.1,mw,164.0,6.0,-95.0,349.0,84.0,-89.0,39.0,79.0,1.0,169.0,51.0,260.0,-2.71e+16,1.6e+16,1.12e+16,1.8e+16,-9.44e+16,0.0,gcmt,deep_subduction
C201306081225A,2013-06-08T12:25:10,-66.86,-22.62,215.3,5.6,mw,142.0,20.0,-109.0,341.0,71.0,-83.0,26.0,66.0,6.0,159.0,63.0,262.0,-2.06e+17,2.42e+16,1.82e+17,8.39e+16,-2.77e+17,-1.1100000000000002e+17,gcmt,deep_subduction
C201306110937A,2013-06-11T09:37:13,-68.42,-22.01,138.6,5.2,mw,232.0,38.0,-28.0,344.0,73.0,-125.0,20.0,100.0,33.0,356.0,49.0,216.0,-6.26e+16,-2.7900000000000004e+16,9.05e+16,5.500000000000001e+16,-8.22e+16,4.83e+16,gcmt,deep_subduction
C201306192129A,2013-06-19T21:29:13,-70.2,-32.74,114.8,5.3,mw,190.0,45.0,-111.0,39.0,48.0,-70.0,2.0,115.0,15.0,205.0,75.0,19.0,-7.98e+16,5500000000000000.0,7.43e+16,-1.89e+16,3500000000000000.5,3.99e+16,gcmt,deep_subduction
C201306192129A,2013-06-19T21:29:13,-70.2,-32.74,114.8,5.3,mw,190.0,45.0,-111.0,39.0,48.0,-70.0,2.0,115.0,15.0,205.0,75.0,19.0,-7.98e+16,5500000000000000.0,7.43e+16,-1.89e+16,3500000000000000.5,3.99e+16,gcmt,deep_subduction
C201307022004A,2013-07-02T20:05:01,-66.73,-23.98,225.8,5.7,mw,206.0,33.0,-67.0,360.0,60.0,-104.0,14.0,100.0,12.0,7.0,71.0,238.0,-3.41e+17,1.05e+16,3.3e+17,5.15e+16,-1.94e+17,8.07e+16,gcmt,deep_subduction
C201307061940A,2013-07-06T19:40:34,-69.62,-18.88,130.8,5.1,mw,261.0,41.0,9.0,164.0,84.0,130.0,38.0,109.0,40.0,339.0,28.0,223.0,4830000000000000.0,-1.71e+16,1.23e+16,-2819999999999999.5,-3.2e+16,1.92e+16,gcmt,deep_subduction
C201307092051A,2013-07-09T20:51:51,-69.39,-19.21,131.7,5.1,mw,221.0,33.0,-44.0,350.0,68.0,-115.0,19.0,99.0,23.0,0.0,59.0,224.0,-3.05e+16,-4470000000000000.0,3.5e+16,1.35e+16,-2.92e+16,1.26e+16,gcmt,deep_subduction
C201307101432A,2013-07-10T14:32:16,-69.68,-19.39,131.0,5.7,mw,194.0,11.0,-66.0,350.0,80.0,-94.0,35.0,83.0,4.0,350.0,55.0,254.0,-1.07e+17,-1.45e+16,1.22e+17,5.96e+16,-3.08e+17,1100000000000000.0,gcmt,deep_subduction
C201308191939A,2013-08-19T19:39:50,-68.85,-21.53,139.3,5.4,mw,238.0,25.0,-33.0,358.0,77.0,-111.0,29.0,105.0,21.0,3.0,53.0,243.0,-6.34e+16,3800000000000000.0,5.96e+16,1.99e+16,-1.25e+17,4.97e+16,gcmt,deep_subduction
C201308230834A,2013-08-23T08:34:09,-68.9,-22.33,119.9,5.8,mw,224.0,28.0,-44.0,355.0,71.0,-110.0,24.0,101.0,19.0,2.0,59.0,237.0,-3.12e+17,-6.44e+16,3.76e+17,7.97e+16,-4.16e+17,1.61e+17,gcmt,deep_subduction
C201308301048A,2013-08-30T10:48:17,-70.74,-34.57,112.1,5.3,mw,338.0,45.0,-18.0,81.0,77.0,-133.0,20.0,202.0,42.0,92.0,41.0,311.0,-8050000000000000.0,1.02e+16,-2120000000000000.0,-2.15e+16,-1.92e+16,-1.91e+16,gcmt,deep_subduction
C201308301048A,2013-08-30T10:48:17,-70.74,-34.57,112.1,5.3,mw,338.0,45.0,-18.0,81.0,77.0,-133.0,20.0,202.0,42.0,92.0,41.0,311.0,-8050000000000000.0,1.02e+16,-2120000000000000.0,-2.15e+16,-1.92e+16,-1.91e+16,gcmt,deep_subduction
C201309071913A,2013-09-07T19:13:36,-69.28,-19.66,100.4,5.0,mw,112.0,9.0,-110.0,311.0,82.0,-87.0,37.0,39.0,3.0,131.0,53.0,225.0,-7260000000000000.0,4770000000000000.0,2480000000000000.0,1.51e+16,-1.3799999999999998e+16,-780000000000000.0,gcmt,deep_subduction
C201309251314A,2013-09-25T13:14:46,-68.3,-22.57,149.4,5.2,mw,142.0,20.0,-118.0,351.0,72.0,-80.0,26.0,73.0,9.0,168.0,62.0,276.0,-6.919999999999999e+16,6900000000000001.0,6.24e+16,9200000000000000.0,-9.54e+16,-2.99e+16,gcmt,deep_subduction
C201310091703A,2013-10-09T17:03:56,-67.2,-22.14,184.3,5.2,mw,168.0,47.0,-157.0,62.0,73.0,-45.0,16.0,121.0,42.0,226.0,43.0,15.0,-1.51e+16,-1.15e+16,2.65e+16,-3.04e+16,300000000000000.0,1.96e+16,gcmt,deep_subduction
C201310100332A,2013-10-10T03:32:29,-67.1,-20.84,242.9,5.0,mw,319.0,51.0,-51.0,87.0,53.0,-128.0,1.0,202.0,29.0,112.0,61.0,294.0,-3.12e+16,2.81e+16,3050000000000000.0,-1e+16,-2.1e+16,-1.31e+16,gcmt,deep_subduction
C201312040539A,2013-12-04T05:39:37,-69.39,-24.57,110.2,5.2,mw,139.0,33.0,-105.0,337.0,58.0,-80.0,13.0,60.0,8.0,152.0,75.0,275.0,-6.5e+16,1.53e+16,4.97e+16,7030000000000000.0,-3.2400000000000004e+16,-3.34e+16,gcmt,deep_subduction
C201312100051A,2013-12-10T00:51:31,-69.29,-31.39,117.3,5.3,mw,202.0,45.0,-117.0,57.0,51.0,-66.0,3.0,131.0,18.0,222.0,71.0,32.0,-4.87e+16,1.88e+16,2.9900000000000004e+16,-1.55e+16,6380000000000000.0,3.04e+16,gcmt,deep_subduction
C201312100051A,2013-12-10T00:51:31,-69.29,-31.39,117.3,5.3,mw,202.0,45.0,-117.0,57.0,51.0,-66.0,3.0,131.0,18.0,222.0,71.0,32.0,-4.87e+16,1.88e+16,2.9900000000000004e+16,-1.55e+16,6380000000000000.0,3.04e+16,gcmt,deep_subduction
C201401150838A,2014-01-15T08:38:14,-68.25,-31.27,123.4,5.2,mw,182.0,74.0,-173.0,90.0,83.0,-16.0,6.0,137.0,72.0,248.0,17.0,45.0,-3.61e+16,2.38e+16,1.23e+16,-1.64e+16,-4510000000000000.0,7.95e+16,gcmt,deep_subduction
C201401150838A,2014-01-15T08:38:14,-68.25,-31.27,123.4,5.2,mw,182.0,74.0,-173.0,90.0,83.0,-16.0,6.0,137.0,72.0,248.0,17.0,45.0,-3.61e+16,2.38e+16,1.23e+16,-1.64e+16,-4510000000000000.0,7.95e+16,gcmt,deep_subduction
C201401291001A,2014-01-29T10:01:55,-69.64,-18.65,135.5,5.6,mw,252.0,31.0,-14.0,355.0,83.0,-120.0,31.0,109.0,30.0,359.0,44.0,235.0,-8.43e+16,-3.25e+16,1.17e+17,5.9e+16,-3.24e+17,1.84e+17,gcmt,deep_subduction
C201402101100A,2014-02-10T11:00:17,-68.81,-22.38,123.8,5.2,mw,250.0,41.0,-19.0,355.0,77.0,-130.0,22.0,114.0,39.0,5.0,43.0,227.0,-3.14e+16,-9900000000000000.0,4.12e+16,1.85e+16,-6.51e+16,5.610000000000001e+16,gcmt,deep_subduction
C201402121143A,2014-02-12T11:43:19,-68.71,-22.2,131.0,5.6,mw,190.0,41.0,-57.0,329.0,57.0,-115.0,9.0,77.0,21.0,344.0,67.0,188.0,-5.6100000000000006e+17,-1.85e+17,7.46e+17,2.06e+17,-1.65e+17,-2.04e+17,gcmt,deep_subduction
C201403201841A,2014-03-20T18:41:38,-69.23,-23.94,119.3,5.1,mw,172.0,52.0,-38.0,288.0,61.0,-136.0,5.0,48.0,39.0,314.0,51.0,144.0,-3.97e+16,1.24e+16,2.7400000000000004e+16,2.36e+16,7420000000000000.0,-5.05e+16,gcmt,deep_subduction
C201403311253A,2014-03-31T12:53:11,-69.27,-19.54,129.9,5.6,mw,275.0,48.0,-36.0,31.0,64.0,-132.0,10.0,150.0,37.0,52.0,51.0,252.0,-1.54e+17,1.76e+17,-2.19e+16,2.68e+16,-1.79e+17,1.19e+17,gcmt,deep_subduction
C201404040952A,2014-04-04T09:52:14,-70.54,-31.45,116.4,5.4,mw,167.0,66.0,169.0,262.0,80.0,24.0,24.0,127.0,64.0,283.0,9.0,32.0,3.3600000000000004e+16,-7.78e+16,4.42e+16,-6.48e+16,-3.32e+16,1.54e+17,gcmt,deep_subduction
C201404040952A,2014-04-04T09:52:14,-70.54,-31.45,116.4,5.4,mw,167.0,66.0,169.0,262.0,80.0,24.0,24.0,127.0,64.0,283.0,9.0,32.0,3.3600000000000004e+16,-7.78e+16,4.42e+16,-6.48e+16,-3.32e+16,1.54e+17,gcmt,deep_subduction
C201405140338A,2014-05-14T03:38:26,-66.63,-22.78,239.0,5.6,mw,298.0,7.0,29.0,180.0,87.0,96.0,48.0,96.0,6.0,359.0,41.0,264.0,4.54e+16,-1.25e+16,-3.3e+16,-2600000000000000.0,-3.32e+17,3.63e+16,gcmt,deep_subduction
C201405161708A,2014-05-16T17:08:37,-68.82,-23.51,131.3,5.5,mw,123.0,41.0,-124.0,345.0,56.0,-64.0,8.0,57.0,22.0,150.0,67.0,307.0,-1.87e+17,5.699999999999999e+16,1.3e+17,-3.53e+16,-9.17e+16,-1.1299999999999998e+17,gcmt,deep_subduction
C201407130718A,2014-07-13T07:18:28,-70.81,-30.98,105.7,5.3,mw,290.0,7.0,32.0,168.0,86.0,96.0,48.0,85.0,6.0,348.0,41.0,253.0,1.24e+16,3599999999999999.5,-1.6e+16,2.82e+16,-1.33e+17,1.99e+16,gcmt,deep_subduction
C201407130718A,2014-07-13T07:18:28,-70.81,-30.98,105.7,5.3,mw,290.0,7.0,32.0,168.0,86.0,96.0,48.0,85.0,6.0,348.0,41.0,253.0,1.24e+16,3599999999999999.5,-1.6e+16,2.82e+16,-1.33e+17,1.99e+16,gcmt,deep_subduction
C201407232139A,2014-07-23T21:39:11,-68.77,-20.29,136.3,5.6,mw,212.0,36.0,-30.0,327.0,73.0,-122.0,21.0,81.0,30.0,337.0,51.0,200.0,-1.62e+17,-1.3600000000000002e+17,2.98e+17,1.51e+17,-1.9e+17,-2.54e+16,gcmt,deep_subduction
C201408110449A,2014-08-11T04:49:12,-66.97,-24.03,211.2,5.0,mw,215.0,35.0,-61.0,1.0,60.0,-109.0,13.0,105.0,16.0,11.0,69.0,232.0,-3.57e+16,-1250000000000000.0,3.69e+16,5730000000000000.0,-2.08e+16,1.36e+16,gcmt,deep_subduction
C201408230445A,2014-08-23T04:45:38,-69.23,-20.13,124.8,5.6,mw,304.0,6.0,45.0,168.0,86.0,94.0,49.0,83.0,4.0,348.0,41.0,255.0,1.47e+16,3.62e+16,-5.09e+16,5.91e+16,-2.7000000000000003e+17,4e+16,gcmt,deep_subduction
C201409241116A,2014-09-24T11:16:19,-66.72,-23.78,227.6,6.2,mw,177.0,31.0,-97.0,5.0,59.0,-86.0,14.0,92.0,3.0,183.0,75.0,286.0,-2.27e+18,-2.14e+17,2.48e+18,-1.92e+17,-1.28e+18,6.7e+16,gcmt,deep_subduction
C201410070509A,2014-10-07T05:09:14,-69.63,-19.6,122.3,5.4,mw,137.0,23.0,-126.0,355.0,71.0,-76.0,25.0,74.0,13.0,170.0,61.0,286.0,-8.32e+16,-1.2e+16,9.53e+16,6200000000000000.0,-1.2e+17,-4.94e+16,gcmt,deep_subduction
C201410121044A,2014-10-12T10:44:18,-68.21,-22.94,155.5,5.0,mw,135.0,25.0,-99.0,324.0,66.0,-86.0,21.0,51.0,4.0,143.0,69.0,242.0,-2.21e+16,6100000000000000.0,1.6e+16,1.48e+16,-2.04e+16,-2.39e+16,gcmt,deep_subduction
C201411101138A,2014-11-10T11:39:06,-68.8,-21.63,118.1,5.6,mw,259.0,43.0,-26.0,8.0,73.0,-130.0,18.0,127.0,38.0,23.0,47.0,237.0,-1.1100000000000002e+17,5.779999999999999e+16,5.33e+16,4.69e+16,-1.77e+17,1.6e+17,gcmt,deep_subduction
C201501101755A,2015-01-10T17:55:06,-68.69,-21.57,132.4,5.5,mw,117.0,35.0,-122.0,334.0,61.0,-70.0,14.0,49.0,18.0,144.0,67.0,283.0,-1.3899999999999998e+17,6.969999999999999e+16,6.939999999999999e+16,1.18e+16,-9.16e+16,-8.51e+16,gcmt,deep_subduction
C201502021049A,2015-02-02T10:49:52,-67.14,-32.77,176.8,6.3,mw,304.0,4.0,-13.0,47.0,89.0,-94.0,44.0,141.0,4.0,47.0,46.0,313.0,5.88e+17,-1.6e+16,-5.72e+17,-2.4e+18,-2.07e+18,1.07e+18,gcmt,deep_subduction
C201502021049A,2015-02-02T10:49:52,-67.14,-32.77,176.8,6.3,mw,304.0,4.0,-13.0,47.0,89.0,-94.0,44.0,141.0,4.0,47.0,46.0,313.0,5.88e+17,-1.6e+16,-5.72e+17,-2.4e+18,-2.07e+18,1.07e+18,gcmt,deep_subduction
C201502111301A,2015-02-11T13:01:20,-66.84,-23.5,219.5,5.5,mw,156.0,13.0,-100.0,346.0,77.0,-88.0,32.0,74.0,2.0,166.0,58.0,259.0,-8.85e+16,-6600000000000000.0,9.5e+16,4.59e+16,-1.9e+17,-3.73e+16,gcmt,deep_subduction
C201502111857A,2015-02-11T18:57:27,-66.8,-23.14,223.0,6.7,mw,168.0,19.0,-104.0,3.0,72.0,-85.0,26.0,89.0,5.0,181.0,63.0,281.0,-8.03e+18,-1.2e+17,8.149999999999999e+18,-9e+17,-1.07e+19,-6.7e+17,gcmt,deep_subduction
C201502240513A,2015-02-24T05:13:55,-66.86,-22.71,215.4,5.3,mw,138.0,30.0,-118.0,350.0,64.0,-75.0,18.0,68.0,14.0,163.0,67.0,288.0,-8.71e+16,7000000000000001.0,8.01e+16,1799999999999999.8,-7.2e+16,-4.51e+16,gcmt,deep_subduction
C201503031245A,2015-03-03T12:45:22,-69.33,-20.16,115.7,5.2,mw,144.0,25.0,-112.0,348.0,67.0,-80.0,21.0,71.0,9.0,164.0,67.0,276.0,-5.34e+16,1.1299999999999998e+16,4.2e+16,3910000000000000.0,-4.84e+16,-1.86e+16,gcmt,deep_subduction
C201503230451A,2015-03-23T04:51:42,-69.44,-18.47,140.8,6.4,mw,228.0,17.0,-32.0,349.0,81.0,-105.0,34.0,92.0,14.0,352.0,52.0,243.0,-1.52e+18,-7.8e+17,2.3e+18,1.04e+18,-5.04e+18,9.06e+17,gcmt,deep_subduction
C201503281636A,2015-03-28T16:36:56,-68.76,-22.07,122.5,5.6,mw,153.0,32.0,-113.0,359.0,61.0,-77.0,15.0,79.0,12.0,172.0,71.0,299.0,-2.95e+17,-5.789999999999999e+16,3.53e+17,-2.04e+16,-2.02e+17,-9.85e+16,gcmt,deep_subduction
C201504132216A,2015-04-13T22:16:24,-68.51,-21.14,139.3,5.2,mw,165.0,40.0,-46.0,293.0,63.0,-120.0,13.0,45.0,26.0,308.0,60.0,158.0,-6.05e+16,2.55e+16,3.5e+16,4.32e+16,-7900000000000000.0,-6.25e+16,gcmt,deep_subduction
C201505261032A,2015-05-26T10:32:06,-68.63,-21.94,142.7,5.6,mw,113.0,32.0,-171.0,16.0,85.0,-58.0,33.0,79.0,32.0,193.0,41.0,315.0,-4.1e+16,-1.1100000000000002e+17,1.52e+17,-5.37e+16,-2.64e+17,-1.24e+17,gcmt,deep_subduction
C201506101352A,2015-06-10T13:52:13,-68.47,-22.48,146.8,6.0,mw,136.0,40.0,-79.0,301.0,51.0,-100.0,5.0,38.0,7.0,307.0,81.0,163.0,-1.47e+18,9.48e+17,5.27e+17,3.27e+17,-4e+16,-9.09e+17,gcmt,deep_subduction
C201506221142A,2015-06-22T11:42:13,-68.34,-21.7,149.0,5.1,mw,158.0,36.0,-81.0,327.0,55.0,-97.0,10.0,62.0,5.0,331.0,79.0,212.0,-4.67e+16,8280000000000000.0,3.84e+16,1.19e+16,-1.28e+16,-2.13e+16,gcmt,deep_subduction
C201509011528A,2015-09-01T15:28:59,-69.35,-19.73,136.9,5.4,mw,282.0,57.0,-28.0,28.0,67.0,-144.0,6.0,153.0,48.0,56.0,41.0,249.0,-9.36e+16,1.3799999999999998e+17,-4.48e+16,-1.6900000000000002e+16,-3.9e+16,1.19e+17,gcmt,deep_subduction
C201509281528A,2015-09-28T15:28:10,-66.89,-23.84,221.4,5.9,mw,143.0,3.0,-122.0,355.0,87.0,-88.0,42.0,83.0,2.0,175.0,48.0,266.0,-9.1e+16,-3.3e+16,1.24e+17,1.1e+17,-1.16e+18,-5.1e+16,gcmt,deep_subduction
C201511011516A,2015-11-01T15:16:20,-68.63,-23.19,127.5,5.8,mw,161.0,43.0,-81.0,330.0,48.0,-98.0,3.0,65.0,6.0,335.0,84.0,179.0,-7.38e+17,4.6e+16,6.93e+17,8.7e+16,-3.8e+16,-3.75e+17,gcmt,deep_subduction
C201511080813A,2015-11-08T08:13:41,-69.5,-17.29,176.3,5.7,mw,243.0,10.0,-3.0,336.0,90.0,-100.0,44.0,75.0,10.0,336.0,45.0,236.0,3000000000000000.0,-6.840000000000001e+16,6.54e+16,1.7e+17,-3.89e+17,3.25e+16,gcmt,deep_subduction
C201511090446A,2015-11-09T04:46:30,-69.23,-23.51,123.0,5.3,mw,191.0,23.0,-81.0,2.0,68.0,-94.0,23.0,94.0,3.0,3.0,67.0,265.0,-7.84e+16,-5300000000000000.0,8.37e+16,-100000000000000.0,-8.28e+16,9500000000000000.0,gcmt,deep_subduction
C201511101748A,2015-11-10T17:48:27,-68.88,-22.23,127.9,5.3,mw,161.0,19.0,-114.0,6.0,73.0,-82.0,28.0,90.0,7.0,184.0,61.0,288.0,-5.98e+16,-3100000000000000.0,6.29e+16,-1.3900000000000002e+16,-8.84e+16,-7199999999999999.0,gcmt,deep_subduction
C201511301445A,2015-11-30T14:45:28,-67.24,-24.35,188.5,5.3,mw,176.0,33.0,-87.0,353.0,57.0,-92.0,12.0,85.0,1.0,354.0,78.0,258.0,-8.14e+16,500000000000000.0,8.09e+16,5600000000000000.0,-3.57e+16,-7199999999999999.0,gcmt,deep_subduction
C201601171528A,2016-01-17T15:28:45,-68.72,-21.39,132.3,5.0,mw,166.0,40.0,-62.0,311.0,56.0,-112.0,8.0,57.0,18.0,324.0,70.0,170.0,-2.2e+16,2020000000000000.0,2e+16,8220000000000000.0,-4160000000000000.0,-1.94e+16,gcmt,deep_subduction
C201602251535A,2016-02-25T15:35:11,-69.17,-23.05,107.8,5.2,mw,159.0,34.0,-124.0,18.0,62.0,-69.0,15.0,93.0,18.0,188.0,66.0,326.0,-5.37e+16,-7530000000000000.0,6.12e+16,-2.2e+16,-3.1e+16,-2020000000000000.0,gcmt,deep_subduction
C201604132001A,2016-04-13T20:02:04,-66.54,-21.03,257.8,5.3,mw,113.0,15.0,-151.0,354.0,83.0,-77.0,37.0,73.0,13.0,173.0,51.0,279.0,-1.03e+17,1.05e+17,-2600000000000000.0,-1.86e+16,-2.32e+17,-4e+16,gcmt,deep_subduction
C201604140938A,2016-04-14T09:38:48,-70.39,-33.85,129.3,5.1,mw,120.0,10.0,162.0,228.0,87.0,80.0,47.0,128.0,10.0,229.0,41.0,327.0,1.2e+16,-1.68e+16,4770000000000000.0,-4.68e+16,-4.61e+16,5010000000000000.0,gcmt,deep_subduction
C201604140938A,2016-04-14T09:38:48,-70.39,-33.85,129.3,5.1,mw,120.0,10.0,162.0,228.0,87.0,80.0,47.0,128.0,10.0,229.0,41.0,327.0,1.2e+16,-1.68e+16,4770000000000000.0,-4.68e+16,-4.61e+16,5010000000000000.0,gcmt,deep_subduction
C201604271013A,2016-04-27T10:13:56,-67.01,-24.19,208.1,5.1,mw,203.0,26.0,-64.0,355.0,67.0,-102.0,21.0,94.0,11.0,359.0,66.0,243.0,-4.94e+16,-8330000000000000.0,5.78e+16,9010000000000000.0,-4.89e+16,9000000000000000.0,gcmt,deep_subduction
C201605181449A,2016-05-18T14:49:10,-67.2,-24.34,183.6,5.2,mw,165.0,31.0,-84.0,338.0,59.0,-94.0,14.0,70.0,3.0,340.0,75.0,238.0,-9.04e+16,4900000000000000.0,8.55e+16,2.22e+16,-4.64e+16,-3.12e+16,gcmt,deep_subduction
C201605192025A,2016-05-19T20:25:51,-66.35,-28.15,180.2,5.1,mw,165.0,49.0,-48.0,291.0,55.0,-128.0,3.0,47.0,30.0,315.0,59.0,142.0,-4.36e+16,1.81e+16,2.55e+16,2.16e+16,1.19e+16,-3.91e+16,gcmt,deep_subduction
C201605192025A,2016-05-19T20:25:51,-66.35,-28.15,180.2,5.1,mw,165.0,49.0,-48.0,291.0,55.0,-128.0,3.0,47.0,30.0,315.0,59.0,142.0,-4.36e+16,1.81e+16,2.55e+16,2.16e+16,1.19e+16,-3.91e+16,gcmt,deep_subduction
C201605230343A,2016-05-23T03:43:19,-67.57,-22.24,186.4,5.0,mw,254.0,29.0,-17.0,360.0,82.0,-118.0,31.0,112.0,28.0,4.0,46.0,241.0,-9780000000000000.0,-1409999999999999.8,1.1200000000000002e+16,1870000000000000.0,-3.34e+16,1.85e+16,gcmt,deep_subduction
C201606051505A,2016-06-05T15:05:39,-69.36,-19.45,129.8,5.1,mw,144.0,15.0,-114.0,349.0,76.0,-84.0,31.0,74.0,6.0,167.0,58.0,267.0,-2.72e+16,2950000000000000.0,2.42e+16,8550000000000000.0,-5.13e+16,-1.11e+16,gcmt,deep_subduction
C201606181729A,2016-06-18T17:29:49,-67.27,-24.21,192.3,5.7,mw,183.0,22.0,-78.0,350.0,69.0,-95.0,24.0,84.0,5.0,352.0,66.0,252.0,-3.16e+17,-2.43e+16,3.4e+17,7.34e+16,-3.51e+17,-2.32e+16,gcmt,deep_subduction
C201606242129A,2016-06-24T21:29:21,-69.51,-25.79,128.3,5.5,mw,153.0,67.0,9.0,60.0,82.0,156.0,23.0,14.0,65.0,221.0,10.0,109.0,6.55e+16,1.08e+17,-1.73e+17,4.76e+16,3.73e+16,-9.98e+16,gcmt,deep_subduction
C201607270643A,2016-07-27T06:43:52,-68.13,-24.17,143.6,5.4,mw,135.0,33.0,-106.0,334.0,58.0,-80.0,13.0,57.0,8.0,149.0,75.0,271.0,-1.3e+17,3.34e+16,9.67e+16,2.17e+16,-6.69e+16,-8.32e+16,gcmt,deep_subduction
C201608041415A,2016-08-04T14:15:18,-66.01,-22.17,277.2,6.2,mw,356.0,4.0,96.0,170.0,86.0,90.0,49.0,80.0,0.0,170.0,41.0,261.0,3.66e+17,-1.48e+17,-2.18e+17,3.44e+17,-1.99e+18,-3000000000000000.0,gcmt,deep_subduction
C201608141328A,2016-08-14T13:28:46,-69.35,-20.26,111.8,5.0,mw,204.0,33.0,-56.0,345.0,63.0,-110.0,16.0,90.0,18.0,354.0,66.0,219.0,-3.48e+16,-9410000000000000.0,4.42e+16,1.18e+16,-2.45e+16,3080000000000000.0,gcmt,deep_subduction
C201608160258A,2016-08-16T02:58:42,-68.97,-22.52,132.6,5.4,mw,216.0,13.0,-44.0,348.0,81.0,-100.0,35.0,87.0,10.0,350.0,53.0,247.0,-4.08e+16,-5800000000000000.0,4.66e+16,2.84e+16,-1.19e+17,1.23e+16,gcmt,deep_subduction
C201609060737A,2016-09-06T07:37:55,-67.81,-21.28,170.9,5.0,mw,286.0,29.0,-37.0,49.0,73.0,-114.0,24.0,157.0,23.0,56.0,55.0,288.0,-2.43e+16,3.32e+16,-8850000000000000.0,-2.43e+16,-2.76e+16,1.08e+16,gcmt,deep_subduction
C201609072003A,2016-09-07T20:03:27,-69.25,-20.01,126.0,5.3,mw,144.0,22.0,-99.0,334.0,68.0,-86.0,23.0,61.0,3.0,152.0,67.0,250.0,-1e+17,2.4e+16,7.6e+16,4.55e+16,-9.82e+16,-4.88e+16,gcmt,deep_subduction
C201609080234A,2016-09-08T02:34:10,-68.6,-21.64,142.7,5.0,mw,121.0,50.0,-177.0,29.0,87.0,-40.0,25.0,82.0,50.0,206.0,29.0,337.0,-2420000000000000.0,-2.06e+16,2.3e+16,-1.02e+16,-1.8e+16,-1.22e+16,gcmt,deep_subduction
C201609090003A,2016-09-09T00:03:48,-65.86,-31.41,178.0,5.6,mw,121.0,35.0,-133.0,350.0,65.0,-64.0,16.0,61.0,23.0,159.0,61.0,299.0,-1.85e+17,2.19e+16,1.63e+17,-3400000000000000.0,-1.64e+17,-1.54e+17,gcmt,deep_subduction
C201609090003A,2016-09-09T00:03:48,-65.86,-31.41,178.0,5.6,mw,121.0,35.0,-133.0,350.0,65.0,-64.0,16.0,61.0,23.0,159.0,61.0,299.0,-1.85e+17,2.19e+16,1.63e+17,-3400000000000000.0,-1.64e+17,-1.54e+17,gcmt,deep_subduction
C201609201324A,2016-09-20T13:24:49,-68.1,-23.65,128.9,5.0,mw,165.0,18.0,-56.0,310.0,75.0,-100.0,30.0,48.0,10.0,312.0,59.0,206.0,-9950000000000000.0,2170000000000000.0,7780000000000000.0,1.73e+16,-1.49e+16,-1.19e+16,gcmt,deep_subduction
C201609242027A,2016-09-24T20:27:24,-68.4,-21.55,125.7,5.1,mw,168.0,42.0,-117.0,23.0,54.0,-68.0,6.0,97.0,18.0,189.0,71.0,348.0,-6.07e+16,-1.7399999999999998e+16,7.81e+16,-1.7399999999999998e+16,-1.33e+16,1.01e+16,gcmt,deep_subduction
C201610310544A,2016-10-31T05:44:38,-68.68,-22.45,136.3,5.1,mw,238.0,18.0,-13.0,340.0,86.0,-107.0,39.0,86.0,17.0,341.0,46.0,232.0,-7680000000000000.0,-6040000000000000.0,1.3700000000000002e+16,1.83e+16,-4.26e+16,1.06e+16,gcmt,deep_subduction
C201611041620A,2016-11-04T16:20:49,-70.98,-35.06,96.2,6.3,mw,173.0,27.0,-128.0,35.0,69.0,-73.0,22.0,111.0,16.0,208.0,62.0,331.0,-2.27e+18,-4.87e+17,2.75e+18,-1.74e+18,-2.12e+18,1.01e+18,gcmt,deep_subduction
C201611041620A,2016-11-04T16:20:49,-70.98,-35.06,96.2,6.3,mw,173.0,27.0,-128.0,35.0,69.0,-73.0,22.0,111.0,16.0,208.0,62.0,331.0,-2.27e+18,-4.87e+17,2.75e+18,-1.74e+18,-2.12e+18,1.01e+18,gcmt,deep_subduction
C201611130101A,2016-11-13T01:01:56,-67.36,-28.24,147.5,5.3,mw,165.0,46.0,-144.0,48.0,65.0,-50.0,11.0,110.0,36.0,208.0,52.0,6.0,-7.6e+16,-3.49e+16,1.1100000000000002e+17,-6.48e+16,-1.85e+16,4.92e+16,gcmt,deep_subduction
C201611130101A,2016-11-13T01:01:56,-67.36,-28.24,147.5,5.3,mw,165.0,46.0,-144.0,48.0,65.0,-50.0,11.0,110.0,36.0,208.0,52.0,6.0,-7.6e+16,-3.49e+16,1.1100000000000002e+17,-6.48e+16,-1.85e+16,4.92e+16,gcmt,deep_subduction
C201611202057A,2016-11-20T20:57:47,-68.74,-31.66,119.1,6.4,mw,31.0,40.0,-92.0,214.0,50.0,-89.0,5.0,303.0,1.0,33.0,85.0,136.0,-5.71e+18,2.15e+18,3.56e+18,6.01e+17,6.82e+17,1.5e+18,gcmt,deep_subduction
C201611202057A,2016-11-20T20:57:47,-68.74,-31.66,119.1,6.4,mw,31.0,40.0,-92.0,214.0,50.0,-89.0,5.0,303.0,1.0,33.0,85.0,136.0,-5.71e+18,2.15e+18,3.56e+18,6.01e+17,6.82e+17,1.5e+18,gcmt,deep_subduction
C201612051806A,2016-12-05T18:06:08,-66.76,-23.32,220.4,5.0,mw,131.0,34.0,-161.0,25.0,79.0,-57.0,27.0,90.0,32.0,198.0,46.0,328.0,-1.44e+16,-3.2e+16,4.64e+16,-5540000000000000.0,-4.21e+16,-3210000000000000.0,gcmt,deep_subduction
C201701060630A,2017-01-06T06:30:39,-67.88,-22.3,174.6,5.8,mw,208.0,3.0,-31.0,329.0,88.0,-93.0,43.0,62.0,3.0,329.0,47.0,236.0,3500000000000000.5,-5.729999999999999e+16,5.39e+16,2.63e+17,-4.5e+17,-4.73e+16,gcmt,deep_subduction
C201701080104A,2017-01-08T01:04:47,-66.95,-23.99,212.2,5.1,mw,123.0,37.0,-174.0,28.0,86.0,-53.0,31.0,88.0,37.0,205.0,38.0,331.0,-9830000000000000.0,-4.59e+16,5.57e+16,-1.19e+16,-6.24e+16,-1.23e+16,gcmt,deep_subduction
C201702140938A,2017-02-14T09:38:38,-66.86,-23.89,224.7,5.4,mw,220.0,25.0,-45.0,352.0,73.0,-108.0,26.0,96.0,17.0,357.0,58.0,237.0,-7.34e+16,-1.48e+16,8.82e+16,2.62e+16,-1.07e+17,2.91e+16,gcmt,deep_subduction
C201702181210A,2017-02-18T12:10:23,-66.87,-23.87,221.5,6.4,mw,184.0,6.0,-91.0,4.0,84.0,-90.0,39.0,94.0,0.0,184.0,51.0,275.0,-8.23e+17,-3.64e+17,1.19e+18,-3.6e+17,-4.59e+18,1.16e+17,gcmt,deep_subduction
C201702250231A,2017-02-25T02:31:29,-69.27,-19.41,131.2,5.2,mw,145.0,38.0,-117.0,358.0,57.0,-71.0,10.0,74.0,16.0,167.0,71.0,314.0,-6.830000000000001e+16,-3300000000000000.0,7.15e+16,-1.14e+16,-3e+16,-2.68e+16,gcmt,deep_subduction
C201703160808A,2017-03-16T08:08:11,-67.07,-24.24,204.8,5.1,mw,205.0,38.0,-75.0,6.0,53.0,-102.0,8.0,105.0,9.0,13.0,78.0,234.0,-6.22e+16,2970000000000000.0,5.92e+16,5900000000000000.0,-1.97e+16,1.73e+16,gcmt,deep_subduction
C201703211501A,2017-03-21T15:02:05,-68.7,-21.68,144.8,5.1,mw,298.0,22.0,13.0,196.0,85.0,112.0,46.0,128.0,22.0,14.0,36.0,267.0,4550000000000000.0,1.11e+16,-1.57e+16,-8240000000000000.0,-3.43e+16,8730000000000000.0,gcmt,deep_subduction
C201703270303A,2017-03-27T03:03:35,-71.79,-36.34,102.6,5.0,mw,246.0,42.0,-6.0,341.0,86.0,-132.0,29.0,103.0,42.0,344.0,35.0,215.0,-5340000000000000.0,-2.06e+16,2.59e+16,1.16e+16,-3.37e+16,2.31e+16,gcmt,deep_subduction
C201703270303A,2017-03-27T03:03:35,-71.79,-36.34,102.6,5.0,mw,246.0,42.0,-6.0,341.0,86.0,-132.0,29.0,103.0,42.0,344.0,35.0,215.0,-5340000000000000.0,-2.06e+16,2.59e+16,1.16e+16,-3.37e+16,2.31e+16,gcmt,deep_subduction
C201704141803A,2017-04-14T18:03:30,-68.84,-22.54,133.7,5.3,mw,207.0,16.0,-42.0,338.0,79.0,-102.0,33.0,78.0,12.0,340.0,54.0,233.0,-4.35e+16,-5500000000000000.0,4.9e+16,4.53e+16,-9.21e+16,5800000000000000.0,gcmt,deep_subduction
C201704150819A,2017-04-15T08:19:48,-67.92,-23.2,164.2,6.2,mw,124.0,18.0,-137.0,353.0,78.0,-77.0,32.0,72.0,13.0,170.0,55.0,280.0,-9.55e+17,-4.44e+17,1.4e+18,4.27e+17,-2.77e+18,-1.02e+18,gcmt,deep_subduction
C201704180148A,2017-04-18T01:48:49,-68.4,-21.67,141.4,5.0,mw,137.0,39.0,-108.0,340.0,53.0,-76.0,7.0,60.0,11.0,151.0,77.0,298.0,-4.08e+16,5780000000000000.0,3.5e+16,220000000000000.0,-1.34e+16,-2.76e+16,gcmt,deep_subduction
C201704202124A,2017-04-20T21:24:34,-67.43,-27.54,159.6,5.1,mw,143.0,27.0,-96.0,330.0,63.0,-87.0,18.0,57.0,3.0,148.0,71.0,246.0,-7.2e+16,1.3e+16,5.9e+16,3.07e+16,-5.39e+16,-5.23e+16,gcmt,deep_subduction
C201704202124A,2017-04-20T21:24:34,-67.43,-27.54,159.6,5.1,mw,143.0,27.0,-96.0,330.0,63.0,-87.0,18.0,57.0,3.0,148.0,71.0,246.0,-7.2e+16,1.3e+16,5.9e+16,3.07e+16,-5.39e+16,-5.23e+16,gcmt,deep_subduction
C201704261812A,2017-04-26T18:12:35,-69.44,-19.69,125.6,5.4,mw,186.0,7.0,-61.0,337.0,84.0,-94.0,39.0,70.0,4.0,337.0,51.0,242.0,-2.88e+16,-2400000000000000.0,3.12e+16,5.3e+16,-1.2e+17,-5700000000000000.0,gcmt,deep_subduction
C201705141944A,2017-05-14T19:44:30,-68.71,-20.92,132.4,5.7,mw,240.0,65.0,11.0,146.0,80.0,155.0,25.0,101.0,63.0,306.0,10.0,195.0,3.05e+16,-4.05e+17,3.75e+17,2.72e+16,-2.33e+17,1.85e+17,gcmt,deep_subduction
C201705182345A,2017-05-18T23:45:46,-67.3,-32.78,181.8,5.0,mw,154.0,43.0,-130.0,23.0,59.0,-59.0,9.0,91.0,26.0,186.0,62.0,345.0,-2.54e+16,-1419999999999999.8,2.69e+16,-1.66e+16,-7640000000000000.0,-1820000000000000.0,gcmt,deep_subduction
C201705182345A,2017-05-18T23:45:46,-67.3,-32.78,181.8,5.0,mw,154.0,43.0,-130.0,23.0,59.0,-59.0,9.0,91.0,26.0,186.0,62.0,345.0,-2.54e+16,-1419999999999999.8,2.69e+16,-1.66e+16,-7640000000000000.0,-1820000000000000.0,gcmt,deep_subduction
C201705291457A,2017-05-29T14:57:59,-71.87,-37.38,97.7,5.9,mw,263.0,34.0,-22.0,12.0,78.0,-122.0,26.0,127.0,31.0,19.0,47.0,249.0,-3.3e+17,1.92e+17,1.3800000000000002e+17,-8.8e+16,-7.44e+17,5.3800000000000006e+17,gcmt,deep_subduction
C201705291457A,2017-05-29T14:57:59,-71.87,-37.38,97.7,5.9,mw,263.0,34.0,-22.0,12.0,78.0,-122.0,26.0,127.0,31.0,19.0,47.0,249.0,-3.3e+17,1.92e+17,1.3800000000000002e+17,-8.8e+16,-7.44e+17,5.3800000000000006e+17,gcmt,deep_subduction
C201706032221A,2017-06-03T22:21:50,-68.72,-21.79,133.4,5.1,mw,133.0,29.0,-145.0,11.0,74.0,-65.0,25.0,82.0,24.0,184.0,55.0,312.0,-2.34e+16,-1.98e+16,4.32e+16,-5790000000000000.0,-4.12e+16,-1.43e+16,gcmt,deep_subduction
C201706061735A,2017-06-06T17:35:15,-68.84,-22.74,123.1,5.3,mw,116.0,60.0,-167.0,20.0,79.0,-30.0,12.0,71.0,58.0,181.0,29.0,334.0,-3.89e+16,-6.879999999999999e+16,1.08e+17,-2.92e+16,-5.2e+16,-8.06e+16,gcmt,deep_subduction
C201706231000A,2017-06-23T10:00:56,-71.87,-39.47,128.7,5.0,mw,260.0,39.0,56.0,121.0,59.0,114.0,67.0,78.0,20.0,288.0,10.0,194.0,3.04e+16,-3.91e+16,8740000000000000.0,1.1e+16,-1.26e+16,1.04e+16,gcmt,deep_subduction
C201706231000A,2017-06-23T10:00:56,-71.87,-39.47,128.7,5.0,mw,260.0,39.0,56.0,121.0,59.0,114.0,67.0,78.0,20.0,288.0,10.0,194.0,3.04e+16,-3.91e+16,8740000000000000.0,1.1e+16,-1.26e+16,1.04e+16,gcmt,deep_subduction
C201707021552A,2017-07-02T15:53:04,-68.86,-21.94,130.0,5.4,mw,274.0,23.0,0.0,4.0,90.0,-113.0,41.0,115.0,23.0,4.0,41.0,253.0,1100000000000000.0,2600000000000000.0,-3599999999999999.5,-9600000000000000.0,-1.01e+17,4.3e+16,gcmt,deep_subduction
C201707192322A,2017-07-19T23:22:33,-69.19,-23.92,109.1,5.2,mw,179.0,55.0,-36.0,292.0,61.0,-140.0,3.0,55.0,42.0,321.0,48.0,148.0,-5.789999999999999e+16,1000000000000000.0,5.689999999999999e+16,3.32e+16,1.14e+16,-7.49e+16,gcmt,deep_subduction
C201708010613A,2017-08-01T06:14:00,-69.04,-28.68,118.7,5.6,mw,327.0,27.0,-88.0,145.0,63.0,-91.0,18.0,235.0,1.0,145.0,72.0,53.0,-2.23e+17,5.17e+16,1.72e+17,-1.1000000000000002e+17,1.53e+17,-1.58e+17,gcmt,deep_subduction
C201708010613A,2017-08-01T06:14:00,-69.04,-28.68,118.7,5.6,mw,327.0,27.0,-88.0,145.0,63.0,-91.0,18.0,235.0,1.0,145.0,72.0,53.0,-2.23e+17,5.17e+16,1.72e+17,-1.1000000000000002e+17,1.53e+17,-1.58e+17,gcmt,deep_subduction
C201708020715A,2017-08-02T07:15:16,-70.58,-33.17,95.8,5.4,mw,202.0,32.0,-115.0,51.0,62.0,-75.0,15.0,130.0,13.0,224.0,70.0,352.0,-8.78e+16,2.22e+16,6.56e+16,-5.42e+16,-4.8e+16,1.06e+17,gcmt,deep_subduction
C201708020715A,2017-08-02T07:15:16,-70.58,-33.17,95.8,5.4,mw,202.0,32.0,-115.0,51.0,62.0,-75.0,15.0,130.0,13.0,224.0,70.0,352.0,-8.78e+16,2.22e+16,6.56e+16,-5.42e+16,-4.8e+16,1.06e+17,gcmt,deep_subduction
C201708112357A,2017-08-11T23:57:16,-67.43,-28.05,146.4,5.0,mw,4.0,46.0,-75.0,162.0,46.0,-105.0,0.0,263.0,11.0,173.0,79.0,354.0,-4.35e+16,-7120000000000000.0,5.06e+16,-7110000000000000.0,-670000000000000.0,-7070000000000000.0,gcmt,deep_subduction
C201708112357A,2017-08-11T23:57:16,-67.43,-28.05,146.4,5.0,mw,4.0,46.0,-75.0,162.0,46.0,-105.0,0.0,263.0,11.0,173.0,79.0,354.0,-4.35e+16,-7120000000000000.0,5.06e+16,-7110000000000000.0,-670000000000000.0,-7070000000000000.0,gcmt,deep_subduction
C201709091203A,2017-09-09T12:03:46,-66.29,-22.49,257.5,5.2,mw,60.0,3.0,152.0,178.0,88.0,87.0,47.0,85.0,3.0,178.0,43.0,271.0,4000000000000000.0,4200000000000001.0,-8300000000000000.0,3599999999999999.5,-1.07e+17,-5100000000000000.0,gcmt,deep_subduction
C201709231725A,2017-09-23T17:25:59,-69.04,-30.74,129.5,5.0,mw,44.0,59.0,177.0,136.0,87.0,32.0,24.0,4.0,58.0,140.0,20.0,265.0,4080000000000000.0,4.37e+16,-4.78e+16,1.98e+16,-1.95e+16,870000000000000.0,gcmt,deep_subduction
C201709231725A,2017-09-23T17:25:59,-69.04,-30.74,129.5,5.0,mw,44.0,59.0,177.0,136.0,87.0,32.0,24.0,4.0,58.0,140.0,20.0,265.0,4080000000000000.0,4.37e+16,-4.78e+16,1.98e+16,-1.95e+16,870000000000000.0,gcmt,deep_subduction
C201710050811A,2017-10-05T08:11:40,-68.49,-22.34,139.5,5.5,mw,159.0,37.0,-76.0,323.0,54.0,-100.0,9.0,60.0,8.0,329.0,78.0,196.0,-1.77e+17,3.02e+16,1.47e+17,4.96e+16,-3.81e+16,-9.54e+16,gcmt,deep_subduction
C201710100632A,2017-10-10T06:32:24,-69.86,-18.58,106.4,6.3,mw,151.0,12.0,-104.0,345.0,78.0,-87.0,33.0,73.0,3.0,165.0,57.0,259.0,-1.35e+18,2.85e+17,1.07e+18,7.19e+17,-2.89e+18,-4.03e+17,gcmt,deep_subduction
C201710121859A,2017-10-12T18:59:15,-65.53,-31.03,185.4,5.5,mw,9.0,69.0,-2.0,99.0,88.0,-159.0,13.0,232.0,69.0,104.0,16.0,326.0,800000000000000.0,-8.06e+16,7.98e+16,-1.01e+17,2900000000000000.0,-2.46e+17,gcmt,deep_subduction
C201710121859A,2017-10-12T18:59:15,-65.53,-31.03,185.4,5.5,mw,9.0,69.0,-2.0,99.0,88.0,-159.0,13.0,232.0,69.0,104.0,16.0,326.0,800000000000000.0,-8.06e+16,7.98e+16,-1.01e+17,2900000000000000.0,-2.46e+17,gcmt,deep_subduction
C201711171645A,2017-11-17T16:45:51,-69.45,-19.71,122.0,5.0,mw,138.0,34.0,-122.0,356.0,62.0,-70.0,14.0,72.0,18.0,166.0,67.0,304.0,-3.01e+16,-2960000000000000.0,3.31e+16,-2600000000000000.0,-2.11e+16,-1.65e+16,gcmt,deep_subduction
C201712300820A,2017-12-30T08:20:54,-69.56,-19.36,125.5,5.2,mw,252.0,23.0,-16.0,357.0,84.0,-113.0,35.0,106.0,22.0,360.0,47.0,244.0,-2.01e+16,1060000000000000.0,1.91e+16,1.14e+16,-8.32e+16,3.42e+16,gcmt,deep_subduction
C201801210106A,2018-01-21T01:06:45,-69.66,-18.93,134.0,6.3,mw,186.0,22.0,-80.0,355.0,69.0,-94.0,24.0,88.0,4.0,357.0,66.0,258.0,-2.39e+18,-3.63e+17,2.75e+18,2.96e+17,-2.75e+18,-1.3e+16,gcmt,deep_subduction
C201801240746A,2018-01-24T07:46:09,-69.22,-20.33,128.6,5.3,mw,215.0,20.0,-32.0,336.0,79.0,-107.0,32.0,80.0,17.0,339.0,52.0,226.0,-4.6e+16,-1.7100000000000002e+16,6.31e+16,5.540000000000001e+16,-1.01e+17,1.06e+16,gcmt,deep_subduction
C201801282353A,2018-01-28T23:53:19,-68.78,-31.25,119.8,5.4,mw,218.0,46.0,-107.0,61.0,47.0,-74.0,0.0,140.0,12.0,230.0,78.0,48.0,-1.3e+17,7.76e+16,5.29e+16,-1.81e+16,1.91e+16,7.5e+16,gcmt,deep_subduction
C201801282353A,2018-01-28T23:53:19,-68.78,-31.25,119.8,5.4,mw,218.0,46.0,-107.0,61.0,47.0,-74.0,0.0,140.0,12.0,230.0,78.0,48.0,-1.3e+17,7.76e+16,5.29e+16,-1.81e+16,1.91e+16,7.5e+16,gcmt,deep_subduction
C201802012313A,2018-02-01T23:14:00,-69.95,-31.5,117.9,5.2,mw,2.0,78.0,176.0,92.0,86.0,12.0,11.0,318.0,77.0,109.0,6.0,226.0,-3900000000000000.0,7200000000000000.0,-3300000000000000.0,1.61e+16,5780000000000000.0,7.05e+16,gcmt,deep_subduction
C201802012313A,2018-02-01T23:14:00,-69.95,-31.5,117.9,5.2,mw,2.0,78.0,176.0,92.0,86.0,12.0,11.0,318.0,77.0,109.0,6.0,226.0,-3900000000000000.0,7200000000000000.0,-3300000000000000.0,1.61e+16,5780000000000000.0,7.05e+16,gcmt,deep_subduction
C201803041616A,2018-03-04T16:16:40,-68.65,-20.49,130.9,5.1,mw,259.0,69.0,-22.0,357.0,70.0,-157.0,1.0,128.0,60.0,36.0,30.0,218.0,-1.26e+16,-6470000000000000.0,1.91e+16,2.23e+16,-1.85e+16,5.11e+16,gcmt,deep_subduction
C201803172034A,2018-03-17T20:34:29,-69.19,-18.89,156.7,5.0,mw,284.0,26.0,-3.0,17.0,89.0,-116.0,38.0,130.0,26.0,17.0,40.0,263.0,-750000000000000.0,6710000000000000.0,-5960000000000000.0,-9720000000000000.0,-2.79e+16,1.34e+16,gcmt,deep_subduction
C201803191251A,2018-03-19T12:51:26,-69.76,-32.44,112.6,5.0,mw,194.0,71.0,-165.0,99.0,76.0,-20.0,3.0,147.0,66.0,244.0,24.0,55.0,-6790000000000000.0,1.68e+16,-9960000000000000.0,-9790000000000000.0,1.01e+16,3.27e+16,gcmt,deep_subduction
C201803191251A,2018-03-19T12:51:26,-69.76,-32.44,112.6,5.0,mw,194.0,71.0,-165.0,99.0,76.0,-20.0,3.0,147.0,66.0,244.0,24.0,55.0,-6790000000000000.0,1.68e+16,-9960000000000000.0,-9790000000000000.0,1.01e+16,3.27e+16,gcmt,deep_subduction
C201804171346A,2018-04-17T13:46:09,-68.86,-21.36,128.1,5.0,mw,168.0,37.0,-81.0,337.0,53.0,-97.0,8.0,72.0,6.0,341.0,80.0,216.0,-3.51e+16,-4860000000000000.0,4e+16,6010000000000000.0,-9860000000000000.0,-1.6200000000000002e+16,gcmt,deep_subduction
C201805110119A,2018-05-11T01:19:50,-67.06,-24.15,214.1,5.0,mw,177.0,35.0,-89.0,355.0,55.0,-91.0,10.0,86.0,1.0,356.0,80.0,262.0,-2.56e+16,-1020000000000000.0,2.66e+16,990000000000000.0,-9490000000000000.0,-1860000000000000.0,gcmt,deep_subduction
C201805282059A,2018-05-28T20:59:38,-68.71,-31.3,118.8,5.0,mw,14.0,40.0,-100.0,207.0,50.0,-82.0,5.0,291.0,6.0,21.0,82.0,162.0,-4.08e+16,3890000000000000.0,3.7e+16,6710000000000000.0,5340000000000000.0,1.43e+16,gcmt,deep_subduction
C201805282059A,2018-05-28T20:59:38,-68.71,-31.3,118.8,5.0,mw,14.0,40.0,-100.0,207.0,50.0,-82.0,5.0,291.0,6.0,21.0,82.0,162.0,-4.08e+16,3890000000000000.0,3.7e+16,6710000000000000.0,5340000000000000.0,1.43e+16,gcmt,deep_subduction
C201806200109A,2018-06-20T01:09:59,-66.8,-23.95,234.2,5.0,mw,187.0,35.0,-87.0,4.0,55.0,-92.0,10.0,95.0,2.0,5.0,80.0,265.0,-3.76e+16,-560000000000000.0,3.82e+16,0.0,-1.34e+16,3700000000000000.0,gcmt,deep_subduction
C201806211608A,2018-06-21T16:08:05,-67.21,-24.29,196.1,5.6,mw,172.0,25.0,-95.0,357.0,65.0,-88.0,20.0,86.0,2.0,176.0,70.0,272.0,-3.08e+17,-1799999999999999.8,3.1e+17,5200000000000000.0,-2.58e+17,-2.95e+16,gcmt,deep_subduction
C201807211439A,2018-07-21T14:39:08,-68.79,-22.32,133.8,5.1,mw,246.0,17.0,-15.0,350.0,86.0,-106.0,39.0,95.0,16.0,351.0,47.0,243.0,-6490000000000000.0,-1.65e+16,2.3e+16,9140000000000000.0,-7.06e+16,1.55e+16,gcmt,deep_subduction
C201808040102A,2018-08-04T01:02:29,-69.59,-19.59,117.2,5.2,mw,124.0,23.0,-145.0,1.0,77.0,-71.0,30.0,76.0,18.0,177.0,54.0,294.0,-3.27e+16,-3470000000000000.0,3.62e+16,-5740000000000000.0,-7.03e+16,-2.59e+16,gcmt,deep_subduction
C201808230944A,2018-08-23T09:44:06,-69.55,-17.26,172.6,5.0,mw,245.0,16.0,-8.0,342.0,88.0,-105.0,41.0,87.0,15.0,343.0,45.0,237.0,-4080000000000000.0,-9100000000000000.0,1.32e+16,1.85e+16,-5.57e+16,1.19e+16,gcmt,deep_subduction
C201808311325A,2018-08-31T13:25:03,-70.21,-32.26,115.3,5.0,mw,48.0,54.0,-45.0,169.0,55.0,-135.0,0.0,288.0,35.0,198.0,55.0,19.0,-2.86e+16,-8500000000000000.0,3.71e+16,-1.86e+16,6450000000000000.0,1.72e+16,gcmt,deep_subduction
C201808311325A,2018-08-31T13:25:03,-70.21,-32.26,115.3,5.0,mw,48.0,54.0,-45.0,169.0,55.0,-135.0,0.0,288.0,35.0,198.0,55.0,19.0,-2.86e+16,-8500000000000000.0,3.71e+16,-1.86e+16,6450000000000000.0,1.72e+16,gcmt,deep_subduction
C201809070239A,2018-09-07T02:39:22,-70.16,-28.84,121.5,5.8,mw,120.0,37.0,-84.0,293.0,53.0,-94.0,8.0,26.0,3.0,296.0,81.0,183.0,-5.02e+17,4.7300000000000006e+17,2.96e+16,1.58e+17,-4.96e+16,-2.9e+17,gcmt,deep_subduction
C201809070239A,2018-09-07T02:39:22,-70.16,-28.84,121.5,5.8,mw,120.0,37.0,-84.0,293.0,53.0,-94.0,8.0,26.0,3.0,296.0,81.0,183.0,-5.02e+17,4.7300000000000006e+17,2.96e+16,1.58e+17,-4.96e+16,-2.9e+17,gcmt,deep_subduction
C201811012219A,2018-11-01T22:19:53,-69.57,-19.63,116.3,6.2,mw,172.0,20.0,-88.0,350.0,70.0,-91.0,25.0,81.0,1.0,350.0,65.0,259.0,-1.58e+18,-2e+17,1.78e+18,3.54e+17,-1.96e+18,-3.21e+17,gcmt,deep_subduction
C201812240219A,2018-12-24T02:19:35,-68.28,-21.38,160.9,5.0,mw,151.0,26.0,-99.0,342.0,65.0,-86.0,20.0,68.0,4.0,160.0,70.0,261.0,-6.5e+16,5800000000000000.0,5.93e+16,1.57e+16,-5.41e+16,-2.82e+16,gcmt,deep_subduction
C201812311049A,2018-12-31T10:49:43,-69.35,-31.84,119.9,5.3,mw,186.0,48.0,-121.0,48.0,50.0,-61.0,1.0,117.0,22.0,208.0,68.0,24.0,-9.57e+16,6800000000000000.0,8.89e+16,-3.4100000000000004e+16,1.28e+16,5.649999999999999e+16,gcmt,deep_subduction
C201812311049A,2018-12-31T10:49:43,-69.35,-31.84,119.9,5.3,mw,186.0,48.0,-121.0,48.0,50.0,-61.0,1.0,117.0,22.0,208.0,68.0,24.0,-9.57e+16,6800000000000000.0,8.89e+16,-3.4100000000000004e+16,1.28e+16,5.649999999999999e+16,gcmt,deep_subduction
C201902091923A,2019-02-09T19:23:14,-68.42,-21.66,134.7,5.0,mw,273.0,13.0,-10.0,13.0,88.0,-103.0,41.0,116.0,13.0,14.0,46.0,270.0,1190000000000000.0,-4850000000000000.0,3660000000000000.0,-1.27e+16,-3.98e+16,1.32e+16,gcmt,deep_subduction
C201902231214A,2019-02-23T12:14:44,-66.66,-23.16,239.8,5.0,mw,166.0,19.0,-93.0,349.0,71.0,-89.0,26.0,78.0,1.0,169.0,64.0,261.0,-3.76e+16,4550000000000000.0,3.31e+16,8520000000000000.0,-4.63e+16,-6909999999999999.0,gcmt,deep_subduction
C201903150503A,2019-03-15T05:03:57,-65.9,-17.74,380.5,6.3,mw,157.0,52.0,150.0,267.0,67.0,42.0,46.0,128.0,43.0,291.0,9.0,29.0,2.06e+18,-2.34e+18,2.87e+17,-1.87e+18,-1.36e+18,2.7e+18,gcmt,deep_subduction
C201903170053A,2019-03-17T00:53:43,-68.42,-20.46,141.5,5.1,mw,313.0,78.0,-175.0,222.0,86.0,-12.0,5.0,268.0,77.0,23.0,12.0,177.0,-1790000000000000.0,-5.87e+16,6.05e+16,1.2e+16,6270000000000000.0,-4740000000000000.0,gcmt,deep_subduction
C201904211631A,2019-04-21T16:31:47,-67.12,-24.3,192.3,5.0,mw,195.0,23.0,-78.0,1.0,67.0,-95.0,22.0,95.0,5.0,3.0,67.0,262.0,-3.68e+16,-3960000000000000.0,4.08e+16,480000000000000.0,-3.85e+16,5840000000000000.0,gcmt,deep_subduction
C201904221829A,2019-04-22T18:29:59,-67.16,-24.25,186.9,5.1,mw,191.0,30.0,-50.0,328.0,68.0,-110.0,20.0,73.0,18.0,336.0,62.0,207.0,-3.86e+16,-7480000000000000.0,4.61e+16,2.67e+16,-3.01e+16,-1.11e+16,gcmt,deep_subduction
C201904241857A,2019-04-24T18:57:36,-68.33,-21.49,151.3,5.4,mw,260.0,21.0,19.0,152.0,83.0,110.0,48.0,83.0,19.0,329.0,35.0,225.0,2.41e+16,-3.63e+16,1.22e+16,5.06e+16,-9.79e+16,3.67e+16,gcmt,deep_subduction
C201905160032A,2019-05-16T00:32:15,-69.27,-31.46,120.9,5.1,mw,32.0,42.0,-83.0,202.0,49.0,-97.0,3.0,297.0,5.0,207.0,84.0,60.0,-7.4e+16,2.09e+16,5.31e+16,-2870000000000000.0,1.05e+16,2.31e+16,gcmt,deep_subduction
C201905160032A,2019-05-16T00:32:15,-69.27,-31.46,120.9,5.1,mw,32.0,42.0,-83.0,202.0,49.0,-97.0,3.0,297.0,5.0,207.0,84.0,60.0,-7.4e+16,2.09e+16,5.31e+16,-2870000000000000.0,1.05e+16,2.31e+16,gcmt,deep_subduction
C201905161432A,2019-05-16T14:32:52,-70.08,-17.75,123.1,5.1,mw,107.0,38.0,-125.0,329.0,60.0,-66.0,12.0,42.0,20.0,136.0,66.0,283.0,-6.33e+16,4.22e+16,2.12e+16,6440000000000000.0,-3.91e+16,-4.34e+16,gcmt,deep_subduction
C201905201118A,2019-05-20T11:18:38,-70.04,-31.54,112.9,5.5,mw,277.0,65.0,-13.0,13.0,79.0,-154.0,9.0,143.0,62.0,35.0,26.0,237.0,-5.28e+16,1.09e+17,-5.629999999999999e+16,2.05e+16,-1.18e+17,2.35e+17,gcmt,deep_subduction
C201905201118A,2019-05-20T11:18:38,-70.04,-31.54,112.9,5.5,mw,277.0,65.0,-13.0,13.0,79.0,-154.0,9.0,143.0,62.0,35.0,26.0,237.0,-5.28e+16,1.09e+17,-5.629999999999999e+16,2.05e+16,-1.18e+17,2.35e+17,gcmt,deep_subduction
C201905210718A,2019-05-21T07:19:06,-66.66,-23.11,228.2,5.0,mw,147.0,23.0,-124.0,3.0,71.0,-77.0,25.0,83.0,13.0,179.0,62.0,293.0,-3.14e+16,970000000000000.0,3.04e+16,-6620000000000000.0,-3.84e+16,-9310000000000000.0,gcmt,deep_subduction
C201905242015A,2019-05-24T20:16:04,-66.6,-28.05,176.0,5.2,mw,203.0,30.0,-30.0,320.0,75.0,-117.0,26.0,70.0,26.0,327.0,52.0,198.0,-4.41e+16,-2.65e+16,7.05e+16,5.95e+16,-5.44e+16,-1.61e+16,gcmt,deep_subduction
C201905242015A,2019-05-24T20:16:04,-66.6,-28.05,176.0,5.2,mw,203.0,30.0,-30.0,320.0,75.0,-117.0,26.0,70.0,26.0,327.0,52.0,198.0,-4.41e+16,-2.65e+16,7.05e+16,5.95e+16,-5.44e+16,-1.61e+16,gcmt,deep_subduction
C201906200123A,2019-06-20T01:23:30,-68.83,-33.68,162.9,5.4,mw,352.0,52.0,-157.0,248.0,72.0,-40.0,12.0,304.0,47.0,47.0,41.0,203.0,-6.999999999999999e+16,-4.12e+16,1.1100000000000002e+17,1.26e+17,-1.7199999999999998e+16,1.23e+17,gcmt,deep_subduction
C201906200123A,2019-06-20T01:23:30,-68.83,-33.68,162.9,5.4,mw,352.0,52.0,-157.0,248.0,72.0,-40.0,12.0,304.0,47.0,47.0,41.0,203.0,-6.999999999999999e+16,-4.12e+16,1.1100000000000002e+17,1.26e+17,-1.7199999999999998e+16,1.23e+17,gcmt,deep_subduction
C201909140515A,2019-09-14T05:15:34,-68.46,-31.36,122.2,5.0,mw,212.0,45.0,-113.0,64.0,49.0,-68.0,2.0,139.0,16.0,229.0,74.0,42.0,-4.39e+16,2.55e+16,1.84e+16,-1.01e+16,6180000000000000.0,3.04e+16,gcmt,deep_subduction
C201909140515A,2019-09-14T05:15:34,-68.46,-31.36,122.2,5.0,mw,212.0,45.0,-113.0,64.0,49.0,-68.0,2.0,139.0,16.0,229.0,74.0,42.0,-4.39e+16,2.55e+16,1.84e+16,-1.01e+16,6180000000000000.0,3.04e+16,gcmt,deep_subduction
C201909251943A,2019-09-25T19:43:27,-66.77,-27.94,175.5,5.3,mw,194.0,46.0,-20.0,298.0,76.0,-134.0,19.0,59.0,42.0,311.0,42.0,167.0,-4.9e+16,-3.11e+16,8.01e+16,6.15e+16,-4.06e+16,-8.08e+16,gcmt,deep_subduction
C201909251943A,2019-09-25T19:43:27,-66.77,-27.94,175.5,5.3,mw,194.0,46.0,-20.0,298.0,76.0,-134.0,19.0,59.0,42.0,311.0,42.0,167.0,-4.9e+16,-3.11e+16,8.01e+16,6.15e+16,-4.06e+16,-8.08e+16,gcmt,deep_subduction
C201909261636A,2019-09-26T16:36:22,-72.06,-40.9,139.0,6.1,mw,96.0,58.0,33.0,347.0,62.0,143.0,45.0,309.0,45.0,135.0,3.0,42.0,8.12e+17,-5.5600000000000006e+17,-2.55e+17,3.91e+17,6.17e+17,1.22e+18,gcmt,deep_subduction
C201909261636A,2019-09-26T16:36:22,-72.06,-40.9,139.0,6.1,mw,96.0,58.0,33.0,347.0,62.0,143.0,45.0,309.0,45.0,135.0,3.0,42.0,8.12e+17,-5.5600000000000006e+17,-2.55e+17,3.91e+17,6.17e+17,1.22e+18,gcmt,deep_subduction
C201909301153A,2019-09-30T11:53:25,-68.72,-22.19,125.9,5.6,mw,164.0,19.0,-123.0,18.0,74.0,-79.0,28.0,100.0,10.0,195.0,60.0,303.0,-1.59e+17,-2.5e+16,1.84e+17,-9.48e+16,-2.46e+17,7000000000000001.0,gcmt,deep_subduction
C201910061040A,2019-10-06T10:40:59,-68.5,-21.87,129.7,5.7,mw,236.0,30.0,-23.0,347.0,79.0,-118.0,28.0,99.0,27.0,353.0,49.0,227.0,-1.25e+17,-2.9e+17,4.1500000000000006e+17,-3.53e+16,-4.22e+17,1.33e+17,gcmt,deep_subduction
C201911031323A,2019-11-03T13:23:21,-67.71,-29.19,136.1,5.6,mw,171.0,34.0,-49.0,305.0,65.0,-114.0,17.0,52.0,21.0,315.0,62.0,177.0,-2.35e+17,3.54e+16,2e+17,1.81e+17,-1.1299999999999998e+17,-2.4700000000000003e+17,gcmt,deep_subduction
C201911031323A,2019-11-03T13:23:21,-67.71,-29.19,136.1,5.6,mw,171.0,34.0,-49.0,305.0,65.0,-114.0,17.0,52.0,21.0,315.0,62.0,177.0,-2.35e+17,3.54e+16,2e+17,1.81e+17,-1.1299999999999998e+17,-2.4700000000000003e+17,gcmt,deep_subduction
C201911222227A,2019-11-22T22:27:32,-70.15,-32.77,114.2,5.0,mw,359.0,32.0,-70.0,156.0,61.0,-102.0,15.0,254.0,10.0,162.0,72.0,38.0,-4.31e+16,4750000000000000.0,3.83e+16,-1.6e+16,1.98e+16,-7060000000000000.0,gcmt,deep_subduction
C201911222227A,2019-11-22T22:27:32,-70.15,-32.77,114.2,5.0,mw,359.0,32.0,-70.0,156.0,61.0,-102.0,15.0,254.0,10.0,162.0,72.0,38.0,-4.31e+16,4750000000000000.0,3.83e+16,-1.6e+16,1.98e+16,-7060000000000000.0,gcmt,deep_subduction
C201912090504A,2019-12-09T05:04:18,-70.07,-32.05,132.1,5.1,mw,352.0,38.0,133.0,122.0,63.0,62.0,61.0,348.0,25.0,136.0,14.0,232.0,2.03e+16,-3070000000000000.0,-1.72e+16,1.43e+16,-5480000000000000.0,1.95e+16,gcmt,deep_subduction
C201912090504A,2019-12-09T05:04:18,-70.07,-32.05,132.1,5.1,mw,352.0,38.0,133.0,122.0,63.0,62.0,61.0,348.0,25.0,136.0,14.0,232.0,2.03e+16,-3070000000000000.0,-1.72e+16,1.43e+16,-5480000000000000.0,1.95e+16,gcmt,deep_subduction
C201912151842A,2019-12-15T18:42:13,-67.18,-24.21,196.3,5.0,mw,215.0,30.0,-40.0,341.0,71.0,-114.0,22.0,89.0,23.0,349.0,57.0,218.0,-2.87e+16,-1.03e+16,3.9e+16,1.85e+16,-3.33e+16,6420000000000000.0,gcmt,deep_subduction
C202001080847A,2020-01-08T08:47:48,-68.88,-20.43,133.4,5.2,mw,239.0,10.0,-21.0,349.0,86.0,-99.0,41.0,88.0,9.0,350.0,48.0,249.0,-1.29e+16,-4700000000000000.0,1.7599999999999998e+16,2.02e+16,-9.8e+16,1.35e+16,gcmt,deep_subduction
C202001130201A,2020-01-13T02:01:45,-71.42,-40.33,189.9,5.3,mw,259.0,14.0,-25.0,14.0,84.0,-103.0,38.0,115.0,12.0,15.0,49.0,270.0,-3.19e+16,1.94e+16,1.25e+16,-3.14e+16,-1.47e+17,3.64e+16,gcmt,deep_subduction
C202001130201A,2020-01-13T02:01:45,-71.42,-40.33,189.9,5.3,mw,259.0,14.0,-25.0,14.0,84.0,-103.0,38.0,115.0,12.0,15.0,49.0,270.0,-3.19e+16,1.94e+16,1.25e+16,-3.14e+16,-1.47e+17,3.64e+16,gcmt,deep_subduction
C202001140157A,2020-01-14T01:57:32,-68.34,-21.62,141.6,5.1,mw,147.0,42.0,-91.0,328.0,48.0,-89.0,3.0,58.0,1.0,148.0,87.0,249.0,-5.8e+16,1.14e+16,4.66e+16,2810000000000000.5,-5280000000000000.0,-3.67e+16,gcmt,deep_subduction
C202001240513A,2020-01-24T05:13:53,-70.9,-17.34,99.2,5.4,mw,105.0,18.0,-150.0,347.0,81.0,-75.0,35.0,64.0,15.0,165.0,51.0,275.0,-3.73e+16,200000000000000.0,3.71e+16,3.82e+16,-1.49e+17,-6e+16,gcmt,deep_subduction
C202001251922A,2020-01-25T19:23:03,-67.09,-24.09,197.7,5.0,mw,248.0,31.0,-22.0,357.0,79.0,-119.0,28.0,110.0,29.0,3.0,48.0,236.0,-1.68e+16,4240000000000000.0,1.25e+16,1.23e+16,-3.74e+16,2.05e+16,gcmt,deep_subduction
C202001261844A,2020-01-26T18:44:08,-65.88,-21.92,279.5,5.3,mw,323.0,8.0,66.0,167.0,83.0,93.0,52.0,81.0,3.0,347.0,38.0,254.0,2.3e+16,2100000000000000.0,-2.51e+16,2.29e+16,-9.94e+16,1.33e+16,gcmt,deep_subduction
C202002010235A,2020-02-01T02:36:02,-67.07,-24.41,188.2,5.2,mw,183.0,45.0,-84.0,354.0,45.0,-96.0,0.0,89.0,4.0,359.0,86.0,181.0,-9.17e+16,-2800000000000000.0,9.46e+16,6900000000000001.0,-400000000000000.0,-2500000000000000.0,gcmt,deep_subduction
C202002080617A,2020-02-08T06:18:01,-68.64,-20.91,131.1,5.2,mw,145.0,66.0,171.0,238.0,82.0,24.0,23.0,104.0,65.0,256.0,11.0,9.0,899999999999999.9,-7.09e+16,6.999999999999999e+16,-2.1e+16,-3.3800000000000004e+16,3.13e+16,gcmt,deep_subduction
C202002162205A,2020-02-16T22:05:48,-68.51,-21.79,132.1,5.2,mw,178.0,31.0,-81.0,348.0,59.0,-95.0,14.0,81.0,4.0,350.0,76.0,243.0,-7.08e+16,-1.98e+16,9.06e+16,1.09e+16,-4.14e+16,-1.58e+16,gcmt,deep_subduction
C202003050657A,2020-03-05T06:57:45,-67.57,-28.36,144.6,5.5,mw,165.0,38.0,-96.0,353.0,52.0,-85.0,7.0,80.0,4.0,170.0,82.0,289.0,-1.96e+17,1.13e+16,1.84e+17,-4800000000000000.0,-4.76e+16,-3.4300000000000004e+16,gcmt,deep_subduction
C202003050657A,2020-03-05T06:57:45,-67.57,-28.36,144.6,5.5,mw,165.0,38.0,-96.0,353.0,52.0,-85.0,7.0,80.0,4.0,170.0,82.0,289.0,-1.96e+17,1.13e+16,1.84e+17,-4800000000000000.0,-4.76e+16,-3.4300000000000004e+16,gcmt,deep_subduction
C202003101344A,2020-03-10T13:44:25,-67.96,-22.12,166.1,5.1,mw,247.0,9.0,-24.0,0.0,87.0,-98.0,41.0,98.0,8.0,1.0,48.0,262.0,-1.22e+16,1.18e+16,450000000000000.0,2470000000000000.0,-5.39e+16,7270000000000000.0,gcmt,deep_subduction
C202003130208A,2020-03-13T02:08:07,-69.26,-20.01,141.4,5.2,mw,263.0,53.0,-157.0,159.0,72.0,-39.0,12.0,215.0,48.0,318.0,40.0,115.0,-3.38e+16,4.769999999999999e+16,-1.4e+16,1930000000000000.0,4.74e+16,-6.019999999999999e+16,gcmt,deep_subduction
C202004091406A,2020-04-09T14:06:55,-69.4,-18.23,160.8,5.0,mw,213.0,18.0,-45.0,347.0,77.0,-103.0,31.0,87.0,12.0,350.0,56.0,241.0,-3.19e+16,-1140000000000000.0,3.31e+16,1.91e+16,-6.14e+16,8530000000000000.0,gcmt,deep_subduction
C202004141602A,2020-04-14T16:02:14,-70.33,-33.83,115.3,5.0,mw,112.0,55.0,-136.0,353.0,55.0,-45.0,0.0,53.0,36.0,143.0,54.0,322.0,-2.65e+16,6390000000000000.0,2.01e+16,-1.6299999999999998e+16,-1.29e+16,-2.52e+16,gcmt,deep_subduction
C202004141602A,2020-04-14T16:02:14,-70.33,-33.83,115.3,5.0,mw,112.0,55.0,-136.0,353.0,55.0,-45.0,0.0,53.0,36.0,143.0,54.0,322.0,-2.65e+16,6390000000000000.0,2.01e+16,-1.6299999999999998e+16,-1.29e+16,-2.52e+16,gcmt,deep_subduction
C202004290537A,2020-04-29T05:37:22,-67.14,-24.3,185.5,5.4,mw,201.0,22.0,-31.0,320.0,79.0,-109.0,31.0,66.0,18.0,324.0,52.0,208.0,-5.83e+16,-3.07e+16,8.91e+16,1.01e+17,-1.1000000000000002e+17,-2.47e+16,gcmt,deep_subduction
C202004300923A,2020-04-30T09:23:17,-68.13,-22.66,145.3,5.3,mw,127.0,46.0,-129.0,357.0,56.0,-57.0,6.0,64.0,27.0,157.0,62.0,323.0,-9.94e+16,3100000000000000.0,9.62e+16,-3.4000000000000004e+16,-4.23e+16,-6.67e+16,gcmt,deep_subduction
C202004302210A,2020-04-30T22:10:38,-67.06,-23.98,199.0,5.4,mw,203.0,21.0,-49.0,340.0,74.0,-104.0,28.0,81.0,13.0,344.0,58.0,231.0,-7.71e+16,-1.91e+16,9.63e+16,5.25e+16,-1.21e+17,200000000000000.0,gcmt,deep_subduction
C202005082242A,2020-05-08T22:42:08,-68.92,-23.11,106.7,5.0,mw,153.0,40.0,-99.0,345.0,51.0,-82.0,6.0,69.0,6.0,160.0,82.0,296.0,-3.25e+16,1980000000000000.0,3.05e+16,-590000000000000.0,-7490000000000000.0,-1.3e+16,gcmt,deep_subduction
C202005101804A,2020-05-10T18:04:26,-68.11,-22.74,138.6,5.4,mw,119.0,18.0,-125.0,335.0,76.0,-80.0,30.0,57.0,10.0,153.0,58.0,259.0,-8.31e+16,3.25e+16,5.06e+16,6.27e+16,-1.48e+17,-6.25e+16,gcmt,deep_subduction
C202005231310A,2020-05-23T13:11:04,-69.81,-33.56,130.1,5.2,mw,251.0,57.0,-32.0,0.0,64.0,-143.0,4.0,125.0,45.0,30.0,44.0,218.0,-3.68e+16,1790000000000000.0,3.5e+16,4.81e+16,-4.29e+16,5.6e+16,gcmt,deep_subduction
C202005231310A,2020-05-23T13:11:04,-69.81,-33.56,130.1,5.2,mw,251.0,57.0,-32.0,0.0,64.0,-143.0,4.0,125.0,45.0,30.0,44.0,218.0,-3.68e+16,1790000000000000.0,3.5e+16,4.81e+16,-4.29e+16,5.6e+16,gcmt,deep_subduction
C202006030735A,2020-06-03T07:35:40,-68.44,-23.22,108.6,6.8,mw,155.0,30.0,-88.0,333.0,60.0,-91.0,15.0,64.0,1.0,334.0,75.0,241.0,-1.55e+19,1.23e+18,1.43e+19,4.28e+18,-8.33e+18,-8.159999999999999e+18,gcmt,deep_subduction
C202008031156A,2020-08-03T11:56:54,-69.26,-19.61,123.4,5.5,mw,179.0,29.0,-84.0,352.0,61.0,-93.0,16.0,84.0,3.0,354.0,74.0,253.0,-1.71e+17,-1.7299999999999998e+16,1.88e+17,2.06e+16,-1.1100000000000002e+17,-1.7199999999999998e+16,gcmt,deep_subduction
C202011151233A,2020-11-15T12:33:20,-67.57,-24.1,168.5,5.3,mw,239.0,6.0,-6.0,335.0,89.0,-96.0,44.0,70.0,6.0,335.0,45.0,239.0,1.23e+16,-3.01e+16,1.78e+16,4.51e+16,-1.06e+17,-1.08e+16,gcmt,deep_subduction
C202011302254A,2020-11-30T22:55:06,-67.18,-24.33,189.9,6.3,mw,198.0,34.0,-61.0,344.0,60.0,-108.0,14.0,87.0,16.0,353.0,69.0,216.0,-2.95e+18,-4.43e+17,3.4e+18,9.75e+17,-1.59e+18,2.6e+16,gcmt,deep_subduction
C202012030237A,2020-12-03T02:37:29,-67.12,-31.92,138.3,5.2,mw,235.0,53.0,28.0,128.0,68.0,140.0,44.0,86.0,45.0,284.0,9.0,185.0,4.34e+16,-9.2e+16,4.87e+16,1.98e+16,-3.4100000000000004e+16,6400000000000000.0,gcmt,deep_subduction
C202012030237A,2020-12-03T02:37:29,-67.12,-31.92,138.3,5.2,mw,235.0,53.0,28.0,128.0,68.0,140.0,44.0,86.0,45.0,284.0,9.0,185.0,4.34e+16,-9.2e+16,4.87e+16,1.98e+16,-3.4100000000000004e+16,6400000000000000.0,gcmt,deep_subduction
C202012040406A,2020-12-04T04:06:21,-66.67,-23.91,228.9,5.1,mw,207.0,40.0,-78.0,11.0,51.0,-100.0,6.0,108.0,8.0,18.0,80.0,234.0,-7.9e+16,5800000000000000.0,7.32e+16,5100000000000000.0,-1.85e+16,2.64e+16,gcmt,deep_subduction
C202012061647A,2020-12-06T16:47:45,-69.07,-20.36,114.0,6.1,mw,188.0,21.0,-69.0,346.0,70.0,-98.0,25.0,82.0,7.0,349.0,64.0,244.0,-1.03e+18,-2.98e+17,1.32e+18,3.69e+17,-1.36e+18,-1.4000000000000002e+17,gcmt,deep_subduction
C202012141520A,2020-12-14T15:20:53,-68.68,-21.83,119.9,6.0,mw,255.0,32.0,-29.0,11.0,75.0,-119.0,25.0,123.0,28.0,19.0,51.0,248.0,-6.53e+17,2.8100000000000003e+17,3.72e+17,-1.6e+16,-1.15e+18,7.55e+17,gcmt,deep_subduction
C202012271355A,2020-12-27T13:55:23,-69.49,-19.15,131.7,5.1,mw,234.0,28.0,-25.0,346.0,79.0,-116.0,29.0,97.0,25.0,352.0,50.0,228.0,-2.87e+16,-1.72e+16,4.59e+16,2.17e+16,-6.63e+16,2.4e+16,gcmt,deep_subduction
C202101240007A,2021-01-24T00:07:48,-70.01,-33.5,108.1,5.7,mw,197.0,5.0,-94.0,21.0,85.0,-90.0,40.0,110.0,0.0,201.0,50.0,291.0,-2.7800000000000004e+16,-8.65e+16,1.1399999999999998e+17,-1.79e+17,-4.76e+17,8.44e+16,gcmt,deep_subduction
C202103081248A,2021-03-08T12:48:09,-69.78,-32.18,105.9,5.3,mw,197.0,45.0,-105.0,37.0,47.0,-76.0,1.0,117.0,10.0,207.0,80.0,19.0,-8.25e+16,8900000000000000.0,7.36e+16,-1.33e+16,2000000000000000.0,4.41e+16,gcmt,deep_subduction
C202104290217A,2021-04-29T02:17:20,-71.05,-37.29,155.4,5.6,mw,115.0,28.0,-159.0,6.0,80.0,-64.0,31.0,75.0,26.0,181.0,48.0,304.0,-1.31e+17,-4.74e+16,1.79e+17,-6.7e+16,-3.8e+17,-1.77e+17,gcmt,deep_subduction
C202108250028A,2021-08-25T00:28:36,-69.4,-27.48,105.6,5.1,mw,320.0,40.0,-99.0,152.0,51.0,-83.0,6.0,237.0,6.0,327.0,82.0,103.0,-4.8e+16,1.3799999999999998e+16,3.42e+16,-1440000000000000.0,1.08e+16,-2.45e+16,gcmt,deep_subduction
C202111030317A,2021-11-03T03:17:51,-69.91,-32.88,117.3,5.7,mw,209.0,22.0,-36.0,333.0,77.0,-108.0,30.0,78.0,18.0,337.0,54.0,221.0,-1.72e+17,-9.06e+16,2.62e+17,1.88e+17,-3.33e+17,-5800000000000000.0,gcmt,deep_subduction
C202203060935A,2022-03-06T09:35:11,-68.77,-28.59,115.9,5.5,mw,338.0,39.0,-74.0,138.0,53.0,-103.0,7.0,237.0,10.0,146.0,78.0,1.0,-2.21e+17,4.56e+16,1.76e+17,-6.08e+16,3.16e+16,-1.3899999999999998e+17,gcmt,deep_subduction
C202204011128A,2022-04-01T11:28:07,-67.97,-31.39,117.2,5.1,mw,29.0,46.0,-70.0,181.0,47.0,-109.0,1.0,285.0,14.0,195.0,76.0,17.0,-7.37e+16,-1.23e+16,8.61e+16,-1.34e+16,5200000000000000.0,2.83e+16,gcmt,deep_subduction
C202204030516A,2022-04-03T05:16:39,-67.07,-31.54,136.3,5.1,mw,214.0,38.0,-53.0,351.0,61.0,-115.0,12.0,99.0,21.0,4.0,65.0,217.0,-4.16e+16,-7430000000000000.0,4.9e+16,1.36e+16,-2.38e+16,1.29e+16,gcmt,deep_subduction
C202204241445A,2022-04-24T14:45:09,-71.16,-35.24,99.5,5.0,mw,102.0,47.0,-140.0,342.0,62.0,-51.0,9.0,45.0,34.0,141.0,55.0,303.0,-2.04e+16,1.29e+16,7540000000000000.0,-7760000000000000.0,-1.82e+16,-1.69e+16,gcmt,deep_subduction
C202206181824A,2022-06-18T18:24:15,-69.41,-33.52,148.2,5.1,mw,305.0,40.0,-41.0,69.0,65.0,-122.0,14.0,182.0,29.0,84.0,57.0,294.0,-3.81e+16,5.71e+16,-1.9e+16,-2.59e+16,-2.02e+16,-7650000000000000.0,gcmt,deep_subduction
C202208180210A,2022-08-18T02:10:25,-70.5,-34.42,114.7,5.3,mw,187.0,21.0,-107.0,25.0,70.0,-84.0,25.0,110.0,6.0,203.0,64.0,305.0,-7.47e+16,-8000000000000000.0,8.27e+16,-4.4e+16,-8.87e+16,3.14e+16,gcmt,deep_subduction
C202211080851A,2022-11-08T08:51:20,-70.63,-33.62,105.7,5.0,mw,148.0,43.0,164.0,250.0,79.0,48.0,40.0,121.0,41.0,259.0,23.0,11.0,1.19e+16,-2.94e+16,1.75e+16,-2.7e+16,-1.69e+16,1.89e+16,gcmt,deep_subduction
C202303132250A,2023-03-13T22:50:47,-67.46,-28.1,149.0,5.2,mw,154.0,28.0,-127.0,14.0,68.0,-72.0,21.0,91.0,16.0,187.0,63.0,312.0,-5.04e+16,-2.88e+16,7.92e+16,-1.54e+16,-5.83e+16,-3700000000000000.0,gcmt,deep_subduction
C202304270607A,2023-04-27T06:07:17,-71.32,-35.66,98.9,5.0,mw,174.0,20.0,-116.0,21.0,72.0,-81.0,27.0,104.0,8.0,198.0,62.0,304.0,-1.85e+16,-5930000000000000.0,2.45e+16,-1.1200000000000002e+16,-2.82e+16,5639999999999999.0,gcmt,deep_subduction
C202307091711A,2023-07-09T17:11:36,-70.13,-33.22,108.2,5.7,mw,157.0,37.0,-95.0,343.0,53.0,-86.0,8.0,71.0,3.0,161.0,81.0,272.0,-2.98e+17,-2600000000000000.0,3e+17,1.6800000000000002e+16,-9.12e+16,-1.25e+17,gcmt,deep_subduction
C202307170305A,2023-07-17T03:05:17,-70.44,-38.18,193.4,6.6,mw,260.0,21.0,-38.0,26.0,77.0,-107.0,30.0,130.0,16.0,30.0,55.0,276.0,-4.9e+18,3.49e+18,1.4099999999999995e+18,-4.4e+18,-1e+19,4.58e+18,gcmt,deep_subduction
C202310262149A,2023-10-26T21:49:40,-70.26,-28.76,106.3,5.4,mw,306.0,22.0,173.0,43.0,87.0,68.0,43.0,291.0,22.0,44.0,38.0,153.0,1.4299999999999998e+16,-7.71e+16,6.29e+16,1.17e+17,1.27e+17,-1.6900000000000002e+16,gcmt,deep_subduction
C202401030804A,2024-01-03T08:04:09,-68.78,-28.52,121.2,5.5,mw,310.0,35.0,-104.0,146.0,56.0,-81.0,11.0,229.0,8.0,321.0,77.0,87.0,-1.93e+17,7.93e+16,1.1299999999999998e+17,-3.6e+16,7.8e+16,-1.3700000000000002e+17,gcmt,deep_subduction
C202409061012A,2024-09-06T10:13:01,-69.41,-28.71,128.2,5.7,mw,10.0,42.0,96.0,182.0,49.0,85.0,85.0,49.0,4.0,185.0,4.0,276.0,4.57e+17,-5.8e+16,-3.99e+17,2.7900000000000004e+16,-5.639999999999999e+16,-3.6e+16,gcmt,deep_subduction
C202409212124A,2024-09-21T21:24:33,-66.85,-32.0,153.2,6.0,mw,115.0,54.0,-134.0,354.0,54.0,-46.0,0.0,55.0,34.0,145.0,56.0,325.0,-7.92e+17,1.19e+17,6.73e+17,-3.58e+17,-2.58e+17,-7.94e+17,gcmt,deep_subduction
C202409240058A,2024-09-24T00:58:53,-65.67,-31.56,174.4,5.0,mw,185.0,67.0,-6.0,278.0,85.0,-157.0,12.0,49.0,66.0,290.0,20.0,144.0,-1.14e+16,-4730000000000000.0,1.6200000000000002e+16,2.01e+16,-3250000000000000.0,-4.99e+16,gcmt,deep_subduction
C202410202259A,2024-10-20T22:59:43,-68.73,-30.9,117.5,5.7,mw,178.0,45.0,-106.0,20.0,48.0,-75.0,1.0,99.0,11.0,189.0,79.0,2.0,-4.62e+17,4500000000000000.0,4.58e+17,-9.68e+16,-8200000000000000.0,7.22e+16,gcmt,deep_subduction
C202411030404A,2024-11-03T04:04:07,-69.4,-35.76,196.8,5.4,mw,187.0,26.0,-124.0,44.0,69.0,-75.0,23.0,123.0,14.0,219.0,63.0,338.0,-1.55e+17,1.61e+16,1.3799999999999998e+17,-1.3600000000000002e+17,-1.08e+17,7.88e+16,gcmt,deep_subduction
C202412132338A,2024-12-13T23:38:22,-70.79,-35.36,115.0,6.4,mw,235.0,20.0,-53.0,16.0,74.0,-103.0,28.0,116.0,12.0,19.0,59.0,268.0,-2.1800000000000005e+18,2.7800000000000003e+17,1.9e+18,-9.08e+17,-3.68e+18,1.69e+18,gcmt,deep_subduction
C202412242242A,2024-12-24T22:42:31,-67.32,-28.24,152.7,5.9,mw,154.0,40.0,-129.0,21.0,60.0,-62.0,11.0,91.0,24.0,186.0,63.0,339.0,-7.16e+17,-3.59e+17,1.07e+18,-2.47e+17,-3.43e+17,-1.1e+16,gcmt,deep_subduction
