id,time_iso,longitude,latitude,depth,mag,mag_type,strike1,dip1,rake1,strike2,dip2,rake2,T_plunge,T_azimuth,N_plunge,N_azimuth,P_plunge,P_azimuth,Mrr,Mtt,Mpp,Mrt,Mrp,Mtp,source,class
B011177A,1977-01-11T07:02:43,-72.1,-31.92,42.2,5.4,mw,5.0,34.0,111.0,160.0,59.0,77.0,73.0,36.0,11.0,167.0,13.0,259.0,7.116e+16,1.044e+16,-8.16e+16,2.177e+16,-3.401e+16,1.407e+16,gcmt,subduction_intraslab
B100577B,1977-10-05T04:34:18,-71.43,-28.34,52.7,5.4,mw,16.0,36.0,113.0,168.0,57.0,74.0,73.0,38.0,13.0,177.0,11.0,270.0,1.703e+17,2.7900000000000004e+16,-1.982e+17,3.97e+16,-7.41e+16,-5600000000000000.0,gcmt,subduction_intraslab
B021778B,1978-02-17T06:43:33,-71.47,-28.59,66.0,5.7,mw,141.0,23.0,35.0,18.0,77.0,109.0,54.0,311.0,18.0,194.0,30.0,93.0,5.823e+16,-2030000000000000.0,-5.62e+16,5.207e+16,9.218e+16,2.379e+16,gcmt,subduction_intraslab
D080378B,1978-08-03T18:11:23,-70.4,-26.54,69.3,6.3,mw,231.0,22.0,-57.0,15.0,72.0,-102.0,26.0,115.0,12.0,19.0,61.0,267.0,-1.498e+19,7.49e+18,7.49e+18,-1.6e+18,-1.7490000000000002e+19,4.52e+18,gcmt,subduction_intraslab
B042679A,1979-04-26T02:00:11,-72.07,-33.91,33.7,5.8,mw,26.0,25.0,124.0,170.0,70.0,76.0,63.0,57.0,13.0,175.0,23.0,271.0,5.149e+17,1.315e+17,-6.464e+17,1.557e+17,-6.172e+17,-8.55e+16,gcmt,subduction_intraslab
B051579B,1979-05-15T17:32:43,-69.39,-22.9,93.3,5.3,mw,169.0,13.0,-107.0,6.0,77.0,-86.0,32.0,93.0,4.0,186.0,58.0,282.0,-7.039999999999999e+16,1.67e+16,5.37e+16,-1.84e+16,-1.268e+17,-4900000000000000.0,gcmt,subduction_intraslab
B052279A,1979-05-22T08:33:41,-69.66,-22.87,83.0,5.5,mw,165.0,40.0,-117.0,19.0,55.0,-69.0,8.0,94.0,17.0,187.0,71.0,341.0,-1.658e+17,-3.64e+16,2.023e+17,-5.04e+16,-4.71e+16,1.1e+16,gcmt,subduction_intraslab
B052879D,1979-05-28T14:59:26,-70.98,-24.56,60.0,5.8,mw,349.0,35.0,-113.0,196.0,58.0,-75.0,12.0,275.0,13.0,8.0,72.0,142.0,-5.875e+17,-2.69e+17,8.565e+17,1.206e+17,3.216e+17,8.29e+16,gcmt,subduction_intraslab
B070679A,1979-07-06T02:01:17,-71.63,-32.38,49.0,5.6,mw,166.0,39.0,70.0,11.0,54.0,105.0,75.0,328.0,12.0,182.0,8.0,90.0,4.9160000000000006e+17,-2000000000000000.0,-4.896e+17,1.19e+17,1.409e+17,1.65e+16,gcmt,subduction_intraslab
B101179B,1979-10-11T08:56:02,-71.55,-33.41,44.0,5.3,mw,13.0,24.0,96.0,187.0,66.0,87.0,69.0,92.0,2.0,188.0,21.0,279.0,9.57e+16,1.85e+16,-1.1419999999999998e+17,-1e+16,-9.56e+16,-2.26e+16,gcmt,subduction_intraslab
B122879B,1979-12-28T13:46:24,-69.59,-24.55,114.3,5.3,mw,158.0,30.0,-86.0,333.0,60.0,-92.0,15.0,65.0,2.0,334.0,75.0,236.0,-1.651e+17,4.64e+16,1.187e+17,4.34e+16,-7.43e+16,-3.98e+16,gcmt,subduction_intraslab
B021480A,1980-02-14T14:07:00,-71.56,-32.02,46.9,5.3,mw,226.0,41.0,142.0,346.0,66.0,55.0,55.0,211.0,32.0,2.0,14.0,101.0,2.821e+16,2.153e+16,-4.974e+16,-4430000000000000.0,2.26e+16,-1.689e+16,gcmt,subduction_intraslab
B041681C,1981-04-16T22:06:02,-71.02,-20.11,24.7,5.1,mw,2.0,33.0,114.0,154.0,60.0,75.0,71.0,29.0,13.0,161.0,14.0,254.0,4.248e+16,5330000000000000.0,-4.781e+16,1.588e+16,-2.075e+16,1.442e+16,gcmt,subduction_intraslab
C110781A,1981-11-07T03:29:58,-71.39,-32.41,65.6,6.8,mw,208.0,5.0,-47.0,345.0,86.0,-94.0,41.0,78.0,4.0,345.0,49.0,251.0,-6.7e+17,-7.67e+18,8.34e+18,7.82e+18,-3.122e+19,-2.17e+18,gcmt,subduction_intraslab
B050382B,1982-05-03T07:26:12,-69.38,-23.47,112.0,5.5,mw,24.0,63.0,-23.0,125.0,70.0,-151.0,5.0,253.0,55.0,157.0,35.0,346.0,-1.083e+17,-1.079e+17,2.162e+17,-4.3e+16,1.6900000000000002e+16,-1.036e+17,gcmt,subduction_intraslab
B090682C,1982-09-06T11:13:27,-71.39,-32.08,78.5,5.3,mw,68.0,21.0,-166.0,326.0,85.0,-69.0,37.0,38.0,20.0,144.0,46.0,257.0,-1.786e+16,3.959e+16,-2.173e+16,4.539e+16,-7.859e+16,-1.4990000000000002e+16,gcmt,subduction_intraslab
B102682A,1982-10-26T03:24:34,-71.33,-29.7,56.1,5.6,mw,100.0,15.0,-154.0,345.0,84.0,-77.0,37.0,63.0,13.0,164.0,50.0,270.0,-1.367e+17,1.149e+17,2.18e+16,9.69e+16,-4.904e+17,-1.0960000000000002e+17,gcmt,subduction_intraslab
B050283B,1983-05-02T01:25:03,-71.28,-26.63,33.0,5.1,mw,20.0,30.0,116.0,171.0,64.0,76.0,68.0,53.0,13.0,177.0,18.0,271.0,2.3450000000000003e+17,8.08e+16,-3.153e+17,4.81e+16,-1.955e+17,-2.31e+16,gcmt,subduction_intraslab
B050783A,1983-05-07T01:07:26,-71.61,-28.37,33.8,5.4,mw,16.0,29.0,101.0,183.0,62.0,84.0,73.0,79.0,5.0,186.0,17.0,278.0,4.284e+16,-220000000000000.0,-4.261e+16,930000000000000.0,-2.81e+16,-7390000000000000.0,gcmt,subduction_intraslab
B050983A,1983-05-09T10:58:23,-74.45,-41.92,33.0,5.8,mw,358.0,41.0,-118.0,213.0,54.0,-68.0,7.0,287.0,18.0,19.0,71.0,177.0,-1.293e+18,-2.7800000000000003e+17,1.571e+18,4.14e+17,2.52e+17,5.75e+17,gcmt,subduction_intraslab
C100983A,1983-10-09T11:25:49,-71.1,-26.31,39.7,6.2,mw,9.0,20.0,111.0,167.0,71.0,82.0,63.0,65.0,7.0,169.0,26.0,263.0,3.858e+18,1.27e+17,-3.986e+18,1.429e+18,-4.9e+18,1.26e+17,gcmt,subduction_intraslab
B101683B,1983-10-16T09:59:49,-70.65,-23.51,84.1,5.7,mw,185.0,16.0,-90.0,4.0,74.0,-90.0,29.0,94.0,0.0,4.0,61.0,274.0,-5.2300000000000006e+17,2100000000000000.0,5.209e+17,-5.779999999999999e+16,-8.148e+17,3.95e+16,gcmt,subduction_intraslab
B122383B,1983-12-23T22:56:10,-71.67,-27.23,33.0,5.2,mw,306.0,61.0,-25.0,49.0,68.0,-148.0,5.0,176.0,52.0,80.0,37.0,269.0,-2.426e+16,7.772e+16,-5.346e+16,-4440000000000000.0,-5.372e+16,5390000000000000.0,gcmt,subduction_intraslab
B020384B,1984-02-03T08:29:53,-71.64,-29.74,48.4,5.7,mw,182.0,45.0,83.0,12.0,45.0,97.0,85.0,7.0,5.0,187.0,0.0,97.0,2.532e+17,2.55e+16,-2.787e+17,2.02e+16,-1500000000000000.0,-3.77e+16,gcmt,subduction_intraslab
B041984B,1984-04-19T08:28:59,-72.06,-31.74,31.0,5.6,mw,19.0,16.0,120.0,168.0,76.0,82.0,58.0,68.0,8.0,170.0,31.0,265.0,2.0830000000000003e+17,100000000000000.0,-2.084e+17,9.62e+16,-3.809e+17,-1.97e+16,gcmt,subduction_intraslab
B061184A,1984-06-11T02:05:42,-71.9,-31.25,44.5,5.8,mw,357.0,36.0,94.0,171.0,54.0,87.0,81.0,68.0,2.0,173.0,9.0,264.0,2.198e+18,2.98e+17,-2.497e+18,1.72e+17,-7.43e+17,3.1e+17,gcmt,subduction_intraslab
B081284D,1984-08-12T11:51:48,-69.67,-24.22,117.6,5.6,mw,180.0,45.0,-56.0,316.0,54.0,-119.0,5.0,66.0,24.0,334.0,66.0,167.0,-2.633e+17,-7400000000000000.0,2.707e+17,1.204e+17,-3599999999999999.5,-1.411e+17,gcmt,subduction_intraslab
B110884B,1984-11-08T06:33:01,-71.87,-30.89,42.3,5.2,mw,359.0,40.0,87.0,182.0,50.0,92.0,84.0,109.0,2.0,1.0,5.0,271.0,2.247e+17,3.13e+16,-2.56e+17,-6600000000000000.0,-4.46e+16,-2900000000000000.0,gcmt,subduction_intraslab
B011885A,1985-01-18T15:00:15,-71.26,-29.79,74.5,5.8,mw,322.0,67.0,13.0,227.0,78.0,156.0,25.0,182.0,64.0,22.0,8.0,276.0,5.3900000000000006e+17,2.904e+18,-3.443e+18,-1.459e+18,-4.09e+17,-4.98e+17,gcmt,subduction_intraslab
B022185B,1985-02-21T18:53:14,-72.1,-33.37,32.9,5.5,mw,29.0,31.0,127.0,167.0,66.0,70.0,63.0,45.0,18.0,176.0,19.0,272.0,2.69e+17,8.7e+16,-3.56e+17,8.86e+16,-2.473e+17,-4.98e+16,gcmt,subduction_intraslab
B030485A,1985-03-04T00:32:52,-71.79,-33.06,33.0,6.7,mw,234.0,32.0,155.0,346.0,77.0,60.0,49.0,223.0,29.0,353.0,26.0,99.0,5.84e+19,-5.5e+18,-5.289e+19,-7.36e+19,9.282e+19,-5.169e+19,gcmt,subduction_intraslab
B030485D,1985-03-04T15:01:14,-71.81,-33.87,53.1,6.1,mw,21.0,28.0,109.0,179.0,63.0,80.0,70.0,68.0,9.0,184.0,18.0,277.0,2.537e+18,4.36e+17,-2.973e+18,1.97e+17,-2.02e+18,-5.4700000000000006e+17,gcmt,subduction_intraslab
B030485E,1985-03-04T19:03:15,-72.06,-32.98,36.0,6.1,mw,16.0,29.0,111.0,172.0,63.0,79.0,70.0,58.0,10.0,177.0,17.0,270.0,1.354e+18,3.95e+17,-1.749e+18,2.38e+17,-1.082e+18,-8.6e+16,gcmt,subduction_intraslab
C031785A,1985-03-17T10:41:45,-71.73,-33.22,43.5,6.6,mw,356.0,26.0,91.0,175.0,64.0,90.0,71.0,84.0,0.0,175.0,19.0,265.0,6.243e+18,-1.93e+17,-6.05e+18,4.93e+17,-4.835e+18,5.09e+17,gcmt,subduction_intraslab
C031985A,1985-03-19T04:01:13,-71.94,-33.63,35.6,6.7,mw,355.0,24.0,90.0,175.0,66.0,90.0,69.0,85.0,0.0,355.0,21.0,265.0,8.667e+18,-2.99e+17,-8.368e+18,7.19e+17,-7.813e+18,7.49e+17,gcmt,subduction_intraslab
B032485A,1985-03-24T16:16:37,-72.53,-34.44,25.4,5.5,mw,20.0,19.0,114.0,175.0,73.0,82.0,62.0,73.0,8.0,177.0,27.0,271.0,2.235e+17,4.23e+16,-2.658e+17,4.16e+16,-3.454e+17,-3.13e+16,gcmt,subduction_intraslab
C040985A,1985-04-09T01:57:07,-71.86,-34.26,46.6,7.2,mw,0.0,21.0,99.0,170.0,69.0,86.0,66.0,74.0,3.0,171.0,24.0,263.0,3.318e+19,-1e+16,-3.316e+19,7.62e+18,-3.604e+19,3.12e+18,gcmt,subduction_intraslab
B051785B,1985-05-17T02:44:10,-72.59,-34.19,36.1,5.0,mw,46.0,32.0,143.0,168.0,71.0,63.0,56.0,44.0,25.0,177.0,22.0,278.0,7.91e+16,2.92e+16,-1.083e+17,3.71e+16,-1e+17,-4.18e+16,gcmt,subduction_intraslab
B051985A,1985-05-19T07:07:48,-72.54,-34.0,37.5,5.3,mw,20.0,28.0,103.0,185.0,62.0,83.0,72.0,79.0,6.0,188.0,17.0,280.0,1.776e+17,3.58e+16,-2.134e+17,-5300000000000000.0,-1.3839999999999998e+17,-5.32e+16,gcmt,subduction_intraslab
B051985C,1985-05-19T18:09:21,-71.81,-30.38,46.1,6.0,mw,359.0,35.0,96.0,172.0,55.0,86.0,79.0,66.0,3.0,174.0,10.0,265.0,2.335e+18,1.12e+17,-2.448e+18,2.17e+17,-8.67e+17,2.17e+17,gcmt,subduction_intraslab
B060285B,1985-06-02T16:27:02,-73.76,-37.83,32.0,5.6,mw,347.0,24.0,47.0,212.0,73.0,107.0,59.0,145.0,16.0,27.0,26.0,289.0,4.115e+17,5.649999999999999e+16,-4.68e+17,-3.769e+17,-4.648e+17,-8.28e+16,gcmt,subduction_intraslab
B061185A,1985-06-11T11:12:32,-72.0,-32.57,34.4,5.4,mw,14.0,28.0,103.0,180.0,63.0,83.0,71.0,76.0,6.0,183.0,18.0,275.0,1.501e+17,3.64e+16,-1.866e+17,5000000000000000.0,-1.2330000000000002e+17,-2.45e+16,gcmt,subduction_intraslab
B070585B,1985-07-05T15:22:41,-72.43,-33.59,30.4,5.3,mw,348.0,22.0,70.0,190.0,69.0,98.0,65.0,114.0,8.0,7.0,24.0,274.0,1.2410000000000002e+17,1.77e+16,-1.418e+17,-3.26e+16,-1.419e+17,-400000000000000.0,gcmt,subduction_intraslab
B070685B,1985-07-06T08:33:09,-72.5,-33.6,20.8,5.1,mw,356.0,27.0,79.0,189.0,63.0,96.0,71.0,112.0,5.0,6.0,18.0,275.0,1.413e+17,2.49e+16,-1.662e+17,-2.29e+16,-1.101e+17,-1.07e+16,gcmt,subduction_intraslab
B070785B,1985-07-07T11:25:17,-72.38,-33.02,24.6,5.9,mw,0.0,21.0,96.0,174.0,69.0,88.0,66.0,80.0,2.0,175.0,24.0,266.0,8.042e+17,9.58e+16,-9e+17,1.1279999999999998e+17,-9.207e+17,6.09e+16,gcmt,subduction_intraslab
B071785B,1985-07-17T13:53:05,-72.07,-32.71,31.1,5.3,mw,15.0,27.0,115.0,168.0,66.0,78.0,67.0,55.0,11.0,173.0,20.0,267.0,1.623e+17,3.04e+16,-1.927e+17,4.65e+16,-1.431e+17,-1000000000000000.0,gcmt,subduction_intraslab
B032386A,1986-03-23T11:47:46,-70.85,-26.03,98.5,5.3,mw,223.0,21.0,-90.0,43.0,69.0,-90.0,24.0,133.0,0.0,43.0,66.0,313.0,-5.666e+16,2.497e+16,3.168e+16,-5.2e+16,-5.555e+16,5.674e+16,gcmt,subduction_intraslab
B032686A,1986-03-26T07:04:53,-72.22,-34.07,37.6,5.3,mw,5.0,24.0,97.0,177.0,66.0,87.0,69.0,81.0,3.0,178.0,21.0,269.0,1.34e+17,1.11e+16,-1.451e+17,1.02e+16,-1.2609999999999998e+17,-1500000000000000.0,gcmt,subduction_intraslab
B090586B,1986-09-05T06:06:20,-72.53,-37.05,80.5,5.6,mw,129.0,24.0,174.0,225.0,88.0,66.0,42.0,111.0,24.0,226.0,38.0,336.0,7190000000000000.0,-5.144e+16,4.425e+16,-7.539e+16,-7.451e+16,-8760000000000000.0,gcmt,subduction_intraslab
B091286A,1986-09-12T10:39:47,-70.96,-21.88,108.8,5.1,mw,207.0,26.0,-74.0,9.0,65.0,-98.0,20.0,105.0,7.0,13.0,69.0,264.0,-4.075e+16,-1.165e+16,5.24e+16,-5940000000000000.0,-3.954e+16,2.04e+16,gcmt,subduction_intraslab
B012987B,1987-01-29T17:22:49,-71.07,-29.81,65.9,5.4,mw,206.0,9.0,-66.0,2.0,82.0,-94.0,37.0,95.0,3.0,2.0,53.0,268.0,-1.52e+16,-5.15e+16,6.67e+16,-8400000000000002.0,-1.444e+17,1.3900000000000002e+16,gcmt,subduction_intraslab
C030587A,1987-03-05T09:17:20,-70.93,-24.38,41.9,7.3,mw,12.0,23.0,106.0,175.0,68.0,83.0,66.0,73.0,6.0,177.0,23.0,270.0,1.746e+20,-5.4e+18,-1.692e+20,2.91e+19,-1.759e+20,-1.1e+19,gcmt,subduction_intraslab
C030587B,1987-03-05T10:55:22,-71.31,-24.19,33.0,5.7,mw,336.0,17.0,80.0,166.0,73.0,93.0,61.0,81.0,3.0,346.0,28.0,254.0,1.424e+19,2.8100000000000005e+18,-1.705e+19,5.94e+18,-2.484e+19,6.919999999999999e+18,gcmt,subduction_intraslab
B030687E,1987-03-06T09:40:02,-70.55,-23.87,45.0,5.8,mw,54.0,24.0,154.0,168.0,80.0,68.0,51.0,53.0,22.0,172.0,31.0,276.0,8.76e+17,3.34e+17,-1.21e+18,6.82e+17,-2.169e+18,-7.03e+17,gcmt,subduction_intraslab
B032287B,1987-03-22T03:24:07,-70.61,-23.92,45.3,5.8,mw,40.0,32.0,145.0,161.0,72.0,63.0,55.0,38.0,25.0,170.0,23.0,271.0,7.328e+17,2.652e+17,-9.98e+17,5.348e+17,-9.048e+17,-2.658e+17,gcmt,subduction_intraslab
B051987B,1987-05-19T12:56:34,-72.07,-30.71,22.8,6.1,mw,355.0,32.0,88.0,177.0,58.0,91.0,77.0,92.0,1.0,357.0,13.0,266.0,1.578e+18,5.16e+17,-2.0950000000000005e+18,3e+16,-8.73e+17,1.78e+17,gcmt,subduction_intraslab
B080487A,1987-08-04T15:04:42,-73.66,-40.63,64.5,5.0,mw,84.0,48.0,32.0,331.0,67.0,133.0,49.0,289.0,39.0,130.0,11.0,31.0,7.807e+16,-9.710000000000002e+16,1.904e+16,-7540000000000000.0,7.233e+16,8.77e+16,gcmt,subduction_intraslab
C080887C,1987-08-08T15:49:10,-70.02,-18.96,79.5,6.9,mw,176.0,20.0,-87.0,353.0,70.0,-91.0,25.0,84.0,1.0,353.0,65.0,261.0,-4.515e+19,-1.025e+19,5.54e+19,7.74e+18,-5.982e+19,-7.08e+18,gcmt,subduction_intraslab
C081387B,1987-08-13T15:23:17,-71.59,-18.08,35.9,6.1,mw,327.0,18.0,76.0,161.0,72.0,95.0,63.0,79.0,4.0,340.0,27.0,248.0,3.761e+18,-5.06e+17,-3.255e+18,1.58e+18,-5.152e+18,1.693e+18,gcmt,subduction_intraslab
C081587D,1987-08-15T18:04:33,-71.37,-28.25,44.2,6.1,mw,20.0,30.0,110.0,176.0,62.0,78.0,71.0,61.0,10.0,182.0,16.0,275.0,3.518e+18,2.57e+17,-3.775e+18,5.22e+17,-2.34e+18,-5.5000000000000006e+17,gcmt,subduction_intraslab
B091187B,1987-09-11T04:02:06,-71.02,-31.67,114.2,5.1,mw,52.0,10.0,-39.0,181.0,84.0,-98.0,38.0,278.0,8.0,182.0,51.0,83.0,-1.804e+16,8580000000000000.0,9470000000000000.0,-1170000000000000.0,6.666e+16,8860000000000000.0,gcmt,subduction_intraslab
B102187D,1987-10-21T23:26:01,-70.04,-20.65,76.0,5.4,mw,200.0,29.0,-38.0,325.0,72.0,-114.0,24.0,73.0,23.0,333.0,56.0,204.0,-2.073e+16,-1.268e+16,3.342e+16,1.866e+16,-2.578e+16,-9760000000000000.0,gcmt,subduction_intraslab
B103187B,1987-10-31T05:11:25,-70.8,-26.15,66.0,5.1,mw,338.0,60.0,-13.0,75.0,79.0,-149.0,12.0,204.0,58.0,93.0,29.0,301.0,-5669999999999999.0,2.6e+16,-2.033e+16,-2.018e+16,-1.84e+16,-3.297e+16,gcmt,subduction_intraslab
B110987B,1987-11-09T17:46:26,-69.88,-21.96,70.4,5.4,mw,259.0,60.0,-28.0,4.0,66.0,-147.0,4.0,130.0,50.0,35.0,40.0,223.0,-3.905e+16,1.002e+16,2.902e+16,4.524e+16,-5.135e+16,8.337999999999998e+16,gcmt,subduction_intraslab
B122887A,1987-12-28T08:16:28,-71.45,-28.27,44.2,6.0,mw,20.0,31.0,114.0,173.0,62.0,76.0,70.0,54.0,12.0,180.0,16.0,273.0,6.36e+17,1.464e+17,-7.824e+17,1.131e+17,-4.449e+17,-8.97e+16,gcmt,subduction_intraslab
B050588C,1988-05-05T17:39:26,-71.23,-29.57,72.1,5.4,mw,0.0,3.0,53.0,217.0,87.0,92.0,48.0,129.0,2.0,36.0,42.0,305.0,8100000000000000.0,5100000000000000.0,-1.32e+16,-8.61e+16,-1.176e+17,-1.35e+16,gcmt,subduction_intraslab
B081488B,1988-08-14T13:11:51,-70.44,-21.47,110.1,5.1,mw,161.0,31.0,-104.0,356.0,60.0,-82.0,15.0,81.0,7.0,172.0,74.0,287.0,-5.026e+16,7350000000000000.0,4.291e+16,-3520000000000000.0,-2.641e+16,-8210000000000000.0,gcmt,subduction_intraslab
C081488C,1988-08-14T17:53:18,-71.23,-27.31,38.9,6.5,mw,326.0,16.0,31.0,206.0,82.0,103.0,51.0,132.0,13.0,24.0,36.0,285.0,2.425e+18,2.496e+18,-4.921e+18,-4.62e+18,-9.604e+18,-4.17e+17,gcmt,subduction_intraslab
B123089B,1989-12-30T12:38:17,-71.42,-26.57,39.1,5.1,mw,21.0,48.0,121.0,159.0,51.0,60.0,67.0,4.0,23.0,179.0,2.0,270.0,1.629e+17,7.18e+16,-2.348e+17,4.64e+16,-1.17e+16,200000000000000.0,gcmt,subduction_intraslab
B040290A,1990-04-02T13:56:37,-72.63,-33.04,15.0,5.5,mw,6.0,36.0,106.0,167.0,56.0,79.0,76.0,41.0,9.0,173.0,10.0,265.0,2.918e+17,6.889999999999999e+16,-3.607e+17,5.19e+16,-1.147e+17,3.06e+16,gcmt,subduction_intraslab
B080290A,1990-08-02T05:24:14,-72.2,-32.14,35.1,5.8,mw,2.0,27.0,95.0,177.0,63.0,87.0,72.0,81.0,2.0,178.0,18.0,269.0,1.015e+18,1.09e+17,-1.124e+18,6.5e+16,-7.95e+17,1.3e+16,gcmt,subduction_intraslab
B082890D,1990-08-28T08:58:13,-70.63,-19.99,65.1,5.2,mw,334.0,45.0,-88.0,150.0,45.0,-92.0,0.0,242.0,2.0,152.0,88.0,332.0,-7.832e+16,4590000000000000.0,7.372e+16,-1210000000000000.0,-1330000000000000.0,-5.206000000000001e+16,gcmt,subduction_intraslab
B103190A,1990-10-31T14:39:35,-71.07,-27.05,73.3,5.6,mw,74.0,50.0,-140.0,315.0,60.0,-48.0,6.0,17.0,35.0,111.0,54.0,278.0,-1.544e+17,2.275e+17,-7.31e+16,1.55e+16,-1.008e+17,-8.81e+16,gcmt,subduction_intraslab
B122790B,1990-12-27T16:08:41,-70.18,-22.42,63.9,5.2,mw,229.0,20.0,-50.0,7.0,75.0,-103.0,29.0,108.0,13.0,10.0,58.0,260.0,-7.62e+16,-1.36e+16,8.98e+16,-1.7399999999999998e+16,-1.52e+17,5.639999999999999e+16,gcmt,subduction_intraslab
B081891D,1991-08-18T21:52:13,-71.9,-31.95,46.3,5.4,mw,312.0,18.0,37.0,186.0,79.0,105.0,54.0,114.0,15.0,3.0,32.0,263.0,2.802e+16,8050000000000000.0,-3.607e+16,-9880000000000000.0,-7.311e+16,1.715e+16,gcmt,subduction_intraslab
B022892B,1992-02-28T09:14:15,-69.56,-24.21,77.4,5.7,mw,99.0,47.0,173.0,194.0,85.0,43.0,33.0,66.0,46.0,199.0,25.0,318.0,4.31e+16,-2.278e+17,1.847e+17,2.38e+16,-4.428e+17,-3.836e+17,gcmt,subduction_intraslab
B050392B,1992-05-03T03:40:42,-71.66,-32.36,61.0,5.2,mw,275.0,4.0,23.0,162.0,88.0,94.0,46.0,75.0,4.0,342.0,43.0,248.0,2.31e+16,-2.9e+16,5900000000000000.0,6.59e+16,-2.0710000000000003e+17,4200000000000001.0,gcmt,subduction_intraslab
B052292A,1992-05-22T01:20:43,-72.42,-33.84,34.3,5.4,mw,0.0,21.0,92.0,178.0,69.0,89.0,66.0,87.0,1.0,179.0,24.0,269.0,1.865e+17,-1.54e+16,-1.711e+17,6600000000000000.0,-1.971e+17,1200000000000000.0,gcmt,subduction_intraslab
B062192D,1992-06-21T10:52:48,-71.53,-26.8,47.0,5.3,mw,225.0,44.0,144.0,343.0,66.0,52.0,53.0,206.0,34.0,0.0,13.0,99.0,2.912e+17,1.642e+17,-4.553e+17,-1.537e+17,2.0870000000000003e+17,-1.434e+17,gcmt,subduction_intraslab
B111792B,1992-11-17T04:24:23,-71.63,-30.85,54.7,5.7,mw,0.0,32.0,106.0,161.0,60.0,80.0,73.0,47.0,8.0,166.0,14.0,258.0,9.212999999999998e+16,2540000000000000.0,-9.467e+16,2.521e+16,-4.781e+16,1.776e+16,gcmt,subduction_intraslab
C031593F,1993-03-15T16:09:09,-71.16,-26.55,59.6,6.2,mw,232.0,15.0,-36.0,357.0,81.0,-102.0,35.0,98.0,12.0,359.0,52.0,253.0,-2.259e+18,7.28e+17,1.53e+18,7.79e+17,-5.933e+18,1.25e+18,gcmt,subduction_intraslab
C071193A,1993-07-11T13:36:32,-70.56,-25.31,49.0,6.0,mw,356.0,21.0,95.0,171.0,69.0,88.0,66.0,78.0,2.0,172.0,24.0,263.0,6.418e+18,4.66e+17,-6.885e+18,1.241e+18,-7.412e+18,8.51e+17,gcmt,subduction_intraslab
B071693C,1993-07-16T21:21:35,-72.56,-33.32,19.2,5.3,mw,7.0,18.0,111.0,164.0,73.0,83.0,62.0,64.0,7.0,167.0,28.0,260.0,1.913e+17,1.27e+16,-2.041e+17,8.7e+16,-2.714e+17,1.82e+16,gcmt,subduction_intraslab
B071793A,1993-07-17T01:35:45,-71.58,-30.03,67.4,5.1,mw,342.0,10.0,46.0,207.0,83.0,97.0,52.0,125.0,7.0,26.0,37.0,290.0,9.22e+16,2.48e+16,-1.17e+17,-1.716e+17,-3.34e+17,-1.45e+16,gcmt,subduction_intraslab
B021194A,1994-02-11T00:48:49,-71.3,-18.96,35.1,5.0,mw,291.0,45.0,53.0,158.0,56.0,121.0,64.0,125.0,25.0,319.0,6.0,226.0,1.33e+17,-6.820000000000001e+16,-6.48e+16,-2.7e+16,-6.64e+16,9.35e+16,gcmt,subduction_intraslab
B041694D,1994-04-16T09:55:26,-71.84,-32.23,31.3,5.0,mw,10.0,26.0,108.0,171.0,65.0,81.0,69.0,64.0,8.0,174.0,19.0,267.0,2.35e+17,0.0,-2.35e+17,5.12e+16,-1.875e+17,-3700000000000000.0,gcmt,subduction_intraslab
B041994B,1994-04-19T08:28:47,-70.59,-22.59,38.1,5.2,mw,18.0,15.0,132.0,154.0,79.0,80.0,55.0,52.0,10.0,156.0,33.0,253.0,4.85e+16,1.85e+16,-6.69e+16,5.98e+16,-1.211e+17,1.13e+16,gcmt,subduction_intraslab
B051094A,1994-05-10T01:49:12,-70.72,-19.97,58.0,5.8,mw,353.0,29.0,99.0,163.0,61.0,85.0,73.0,60.0,4.0,165.0,16.0,257.0,6.345e+17,6.04e+16,-6.95e+17,1.512e+17,-4.103e+17,1.754e+17,gcmt,subduction_intraslab
B061694B,1994-06-16T00:47:27,-71.96,-32.99,36.0,5.1,mw,10.0,22.0,112.0,166.0,70.0,81.0,64.0,62.0,8.0,169.0,24.0,263.0,3.409e+16,-2630000000000000.0,-3.146e+16,1.205e+16,-3.362e+16,190000000000000.0,gcmt,subduction_intraslab
B081494F,1994-08-14T10:58:26,-71.42,-29.82,47.8,5.5,mw,340.0,24.0,14.0,237.0,85.0,113.0,46.0,171.0,23.0,55.0,35.0,308.0,3.95e+16,4.38e+16,-8.33e+16,-1.502e+17,-6.999999999999999e+16,-2.68e+16,gcmt,subduction_intraslab
B091294B,1994-09-12T06:30:01,-72.13,-31.26,47.3,5.8,mw,306.0,21.0,51.0,167.0,74.0,103.0,59.0,95.0,13.0,343.0,28.0,246.0,3.786e+17,-1.14e+16,-3.671e+17,1.391e+17,-6.761e+17,3.028e+17,gcmt,subduction_intraslab
B091494C,1994-09-14T05:02:18,-72.09,-31.23,28.4,5.0,mw,26.0,32.0,131.0,160.0,66.0,68.0,62.0,35.0,20.0,170.0,18.0,267.0,1.1140000000000002e+17,3.84e+16,-1.499e+17,5.19e+16,-9.2e+16,-4700000000000000.0,gcmt,subduction_intraslab
B101194A,1994-10-11T01:37:25,-71.91,-32.22,57.8,5.3,mw,284.0,33.0,37.0,162.0,71.0,118.0,55.0,108.0,26.0,332.0,21.0,232.0,2.887e+17,-2.085e+17,-8.02e+16,-4.57e+16,-3.705e+17,1.722e+17,gcmt,subduction_intraslab
B121094B,1994-12-10T03:39:37,-71.14,-23.5,36.0,5.6,mw,7.0,28.0,107.0,168.0,64.0,81.0,70.0,60.0,8.0,172.0,18.0,265.0,9.7e+17,1.08e+17,-1.078e+18,2.23e+17,-7.39e+17,5.9e+16,gcmt,subduction_intraslab
B040795C,1995-04-07T16:01:28,-70.53,-25.58,72.7,5.0,mw,150.0,19.0,-103.0,345.0,72.0,-86.0,27.0,71.0,4.0,163.0,63.0,262.0,-2.9780000000000004e+16,1.024e+16,1.954e+16,7510000000000000.0,-3.436e+16,-6330000000000000.0,gcmt,subduction_intraslab
B052895F,1995-05-28T19:59:13,-71.77,-29.39,42.0,5.1,mw,170.0,19.0,88.0,352.0,71.0,91.0,64.0,264.0,1.0,172.0,26.0,82.0,1.332e+17,-2400000000000000.0,-1.308e+17,-2.14e+16,1.658e+17,2.03e+16,gcmt,subduction_intraslab
B060295B,1995-06-02T19:07:24,-71.64,-31.72,92.1,5.4,mw,166.0,14.0,-73.0,328.0,76.0,-94.0,31.0,62.0,4.0,330.0,59.0,233.0,-9.64e+16,-1.16e+16,1.08e+17,1.178e+17,-1.934e+17,-7.45e+16,gcmt,subduction_intraslab
B100195A,1995-10-01T12:50:18,-71.76,-31.33,89.7,5.4,mw,180.0,18.0,-74.0,344.0,73.0,-95.0,28.0,78.0,5.0,345.0,62.0,246.0,-6.48e+16,-2.24e+16,8.72e+16,3.32e+16,-1.099e+17,-2.14e+16,gcmt,subduction_intraslab
B022296C,1996-02-22T13:40:57,-72.0,-33.53,50.0,5.5,mw,93.0,40.0,49.0,321.0,61.0,119.0,63.0,278.0,25.0,126.0,11.0,31.0,5.769e+17,-5.615e+17,-1.54e+16,-1.0189999999999998e+17,3.726e+17,3.827e+17,gcmt,subduction_intraslab
C041996A,1996-04-19T00:19:40,-70.58,-23.95,50.0,6.1,mw,11.0,19.0,109.0,171.0,72.0,83.0,63.0,70.0,6.0,173.0,26.0,266.0,4.747e+18,6.55e+17,-5.402e+18,1.316e+18,-6.595e+18,1.7999999999999998e+16,gcmt,subduction_intraslab
B042596A,1996-04-25T04:51:22,-71.52,-30.24,72.6,5.4,mw,7.0,42.0,-82.0,177.0,48.0,-97.0,3.0,272.0,5.0,182.0,84.0,34.0,-8.548e+16,1.839e+16,6.708e+16,-9030000000000000.0,8850000000000000.0,2060000000000000.0,gcmt,subduction_intraslab
B080196F,1996-08-01T21:51:50,-70.84,-18.22,97.5,5.0,mw,230.0,35.0,-28.0,344.0,74.0,-122.0,23.0,98.0,30.0,353.0,50.0,219.0,-2.84e+16,-9350000000000000.0,3.775e+16,2.733e+16,-4.06e+16,2.087e+16,gcmt,subduction_intraslab
C090996A,1996-09-09T00:20:45,-71.94,-32.06,49.0,5.5,mw,334.0,40.0,55.0,196.0,58.0,116.0,66.0,156.0,21.0,2.0,10.0,268.0,7.549e+17,2.167e+17,-9.717e+17,-2.657e+17,-3.075e+17,8.27e+16,gcmt,subduction_intraslab
B121896A,1996-12-18T10:12:32,-71.17,-24.98,30.0,5.0,mw,180.0,44.0,75.0,21.0,48.0,104.0,79.0,1.0,11.0,191.0,2.0,100.0,2.163e+17,-6.02e+16,-1.561e+17,5.460000000000001e+16,1900000000000000.0,-1.65e+16,gcmt,subduction_intraslab
C030997B,1997-03-09T11:43:51,-71.52,-29.91,43.0,5.7,mw,6.0,34.0,86.0,191.0,57.0,93.0,78.0,111.0,2.0,10.0,11.0,279.0,1.89e+18,2000000000000000.0,-1.892e+18,-2.09e+17,-7.88e+17,-3.04e+17,gcmt,subduction_intraslab
B031097A,1997-03-10T03:53:08,-71.58,-30.11,49.6,5.1,mw,10.0,38.0,94.0,184.0,52.0,87.0,83.0,75.0,3.0,186.0,7.0,277.0,3.564e+17,-6.62e+16,-2.902e+17,1.09e+16,-8.04e+16,-2.84e+16,gcmt,subduction_intraslab
B041397E,1997-04-13T23:20:38,-71.87,-18.56,50.5,5.1,mw,328.0,36.0,95.0,142.0,54.0,86.0,80.0,36.0,3.0,144.0,9.0,235.0,1.931e+17,-4.91e+16,-1.44e+17,4.93e+16,-5.44e+16,1.324e+17,gcmt,subduction_intraslab
B051797B,1997-05-17T02:10:26,-70.06,-27.06,121.1,5.5,mw,251.0,23.0,-168.0,150.0,85.0,-67.0,36.0,220.0,23.0,328.0,45.0,83.0,-4.66e+16,1.03e+17,-5.639999999999999e+16,-8.46e+16,1.991e+17,-3.94e+16,gcmt,subduction_intraslab
B070697D,1997-07-06T23:15:23,-72.46,-30.26,15.0,5.2,mw,352.0,24.0,80.0,183.0,66.0,95.0,69.0,102.0,4.0,1.0,21.0,269.0,3.727e+17,2.25e+16,-3.952e+17,-3.22e+16,-3.46e+17,1.85e+16,gcmt,subduction_intraslab
B071997C,1997-07-19T12:23:03,-72.05,-29.54,32.9,5.5,mw,315.0,47.0,40.0,195.0,62.0,129.0,55.0,156.0,34.0,354.0,9.0,258.0,4.92e+17,1.913e+17,-6.833e+17,-2.901e+17,-2.58e+17,2.502e+17,gcmt,subduction_intraslab
B081897B,1997-08-18T12:24:30,-72.42,-30.08,15.0,5.0,mw,4.0,24.0,96.0,177.0,66.0,87.0,69.0,82.0,3.0,178.0,21.0,269.0,3.147e+17,-1.83e+16,-2.964e+17,2.38e+16,-2.769e+17,-3400000000000000.0,gcmt,subduction_intraslab
C101597A,1997-10-15T01:03:42,-71.42,-31.06,69.8,6.8,mw,315.0,12.0,-128.0,173.0,80.0,-83.0,35.0,257.0,7.0,352.0,54.0,92.0,-1.588e+19,1.69e+18,1.419e+19,-4.51e+18,4.588e+19,-7.99e+18,gcmt,subduction_intraslab
B102697A,1997-10-26T01:35:46,-70.5,-26.47,65.9,5.1,mw,139.0,56.0,-42.0,255.0,57.0,-138.0,1.0,17.0,38.0,287.0,52.0,108.0,-4.966e+16,5.977e+16,-1.012e+16,2.039e+16,6.393e+16,-2.408e+16,gcmt,subduction_intraslab
B011298C,1998-01-12T04:12:15,-70.81,-24.99,37.1,5.3,mw,336.0,22.0,74.0,173.0,69.0,96.0,66.0,94.0,6.0,351.0,23.0,258.0,1.84e+17,4.36e+16,-2.277e+17,2.5e+16,-2.273e+17,7.13e+16,gcmt,subduction_intraslab
C011298G,1998-01-12T10:14:15,-71.87,-31.25,35.0,6.2,mw,355.0,27.0,91.0,174.0,63.0,90.0,72.0,83.0,0.0,174.0,18.0,264.0,6.913e+18,9.1e+16,-7.004e+18,5.5600000000000006e+17,-5.18e+18,6.83e+17,gcmt,subduction_intraslab
C013098B,1998-01-30T12:16:20,-70.62,-24.02,41.0,6.5,mw,8.0,17.0,105.0,172.0,74.0,86.0,61.0,76.0,4.0,174.0,28.0,266.0,2.26e+19,3.07e+18,-2.567e+19,5.649999999999999e+18,-3.669e+19,4.8e+17,gcmt,subduction_intraslab
B041098B,1998-04-10T10:03:25,-70.19,-21.41,83.8,5.0,mw,167.0,82.0,5.0,76.0,85.0,172.0,9.0,31.0,81.0,221.0,2.0,121.0,-3e+16,9.78e+16,-6.780000000000001e+16,3.3700000000000004e+16,-1.61e+16,-1.564e+17,gcmt,subduction_intraslab
C072998A,1998-07-29T07:14:28,-71.67,-32.3,58.0,6.3,mw,181.0,40.0,116.0,329.0,55.0,70.0,72.0,187.0,16.0,341.0,8.0,73.0,4.75e+18,-8.5e+16,-4.666e+18,-1.81e+18,8.31e+17,1.261e+18,gcmt,subduction_intraslab
C090398F,1998-09-03T17:38:05,-71.97,-29.56,34.0,6.6,mw,332.0,20.0,44.0,199.0,76.0,105.0,56.0,128.0,14.0,16.0,30.0,278.0,3.39e+18,9.01e+17,-4.292e+18,-2.587e+18,-6.107e+18,3.5e+17,gcmt,subduction_intraslab
B101098A,1998-10-10T04:12:10,-72.48,-33.87,19.8,5.2,mw,352.0,26.0,87.0,175.0,64.0,91.0,71.0,88.0,1.0,355.0,19.0,264.0,2.654e+17,7099999999999999.0,-2.725e+17,1.48e+16,-2.172e+17,3.2e+16,gcmt,subduction_intraslab
B112398B,1998-11-23T09:30:21,-70.56,-23.77,53.4,5.2,mw,160.0,10.0,55.0,16.0,82.0,96.0,53.0,293.0,6.0,195.0,36.0,101.0,5.42e+16,-3800000000000000.0,-5.04e+16,4.98e+16,1.559e+17,6600000000000000.0,gcmt,subduction_intraslab
B021799D,1999-02-17T21:59:02,-71.15,-21.4,41.1,5.1,mw,358.0,36.0,116.0,147.0,58.0,72.0,71.0,16.0,15.0,157.0,12.0,250.0,2.281e+17,-1.65e+16,-2.117e+17,1.002e+17,-6.68e+16,6.47e+16,gcmt,subduction_intraslab
B043099E,1999-04-30T19:28:50,-72.27,-31.9,32.1,5.0,mw,355.0,29.0,81.0,185.0,61.0,95.0,73.0,107.0,4.0,3.0,16.0,272.0,1.789e+17,5.36e+16,-2.3250000000000003e+17,-1.62e+16,-1.296e+17,-4500000000000000.0,gcmt,subduction_intraslab
B070999A,1999-07-09T01:21:03,-71.33,-24.94,35.1,5.0,mw,343.0,26.0,52.0,205.0,70.0,107.0,61.0,140.0,16.0,19.0,23.0,282.0,1.688e+17,8.11e+16,-2.499e+17,-1.0149999999999998e+17,-2.0670000000000003e+17,-4.79e+16,gcmt,subduction_intraslab
B111899C,1999-11-18T05:44:15,-69.94,-25.22,69.2,5.1,mw,166.0,10.0,-70.0,326.0,80.0,-93.0,35.0,59.0,3.0,326.0,54.0,232.0,-3.1190000000000004e+16,4120000000000000.0,2.707e+16,5.26e+16,-7.629e+16,-1.388e+16,gcmt,subduction_intraslab
B120499G,1999-12-04T17:06:59,-71.81,-28.68,63.0,5.2,mw,219.0,43.0,131.0,349.0,59.0,59.0,62.0,208.0,27.0,6.0,9.0,101.0,1.929e+17,8.68e+16,-2.797e+17,-5.16e+16,9.09e+16,-8.37e+16,gcmt,subduction_intraslab
C010800F,2000-01-08T11:59:31,-70.66,-23.21,41.0,5.9,mw,356.0,18.0,98.0,167.0,72.0,87.0,63.0,73.0,3.0,168.0,27.0,259.0,2.251e+18,1.96e+17,-2.448e+18,7.8e+17,-3.175e+18,4.37e+17,gcmt,subduction_intraslab
B050900B,2000-05-09T00:45:51,-70.44,-25.92,57.0,5.2,mw,12.0,20.0,128.0,152.0,74.0,77.0,59.0,45.0,12.0,156.0,28.0,253.0,4.092e+16,940000000000000.0,-4.186e+16,3.454e+16,-5.283e+16,3650000000000000.0,gcmt,subduction_intraslab
B112700B,2000-11-27T10:54:36,-70.68,-24.72,49.9,5.1,mw,340.0,47.0,4.0,247.0,87.0,137.0,31.0,194.0,47.0,64.0,26.0,302.0,1.1180000000000002e+16,2.01e+16,-3.128e+16,-3.164e+16,-2.927e+16,-3.916e+16,gcmt,subduction_intraslab
C112900B,2000-11-29T10:25:19,-70.89,-24.63,53.0,5.9,mw,207.0,12.0,-56.0,352.0,80.0,-97.0,35.0,88.0,7.0,353.0,54.0,254.0,-1.255e+18,2.19e+17,1.036e+18,5.4800000000000006e+17,-3.107e+18,2.7700000000000003e+17,gcmt,subduction_intraslab
B010701C,2001-01-07T10:18:28,-72.33,-33.52,21.0,5.7,mw,353.0,23.0,85.0,178.0,67.0,92.0,68.0,92.0,2.0,358.0,22.0,267.0,6.175e+17,4.78e+16,-6.653e+17,8400000000000002.0,-6.367e+17,4.92e+16,gcmt,subduction_intraslab
B022201B,2001-02-22T07:55:57,-71.63,-27.47,27.3,5.0,mw,6.0,12.0,119.0,157.0,80.0,84.0,55.0,60.0,6.0,158.0,34.0,252.0,9.51e+16,-4700000000000000.0,-9.05e+16,9.83e+16,-2.165e+17,8699999999999998.0,gcmt,subduction_intraslab
C031501G,2001-03-15T13:02:44,-72.04,-32.61,42.0,5.6,mw,144.0,38.0,59.0,2.0,58.0,112.0,68.0,319.0,19.0,170.0,10.0,76.0,7.484e+17,-9.79e+16,-6.505e+17,2.455e+17,3.467e+17,2.121e+17,gcmt,subduction_intraslab
B061801C,2001-06-18T19:57:01,-69.63,-24.45,117.4,5.5,mw,167.0,33.0,-75.0,329.0,58.0,-100.0,12.0,66.0,8.0,335.0,75.0,212.0,-4.64e+17,4.01e+16,4.2380000000000006e+17,1.545e+17,-1.752e+17,-1.844e+17,gcmt,subduction_intraslab
B082801A,2001-08-28T06:56:12,-70.57,-21.84,95.7,5.8,mw,161.0,17.0,-99.0,350.0,73.0,-87.0,28.0,78.0,3.0,169.0,62.0,264.0,-2.737e+17,-2.36e+16,2.973e+17,7.07e+16,-4.366e+17,-8.41e+16,gcmt,subduction_intraslab
C040102C,2002-04-01T19:59:35,-71.36,-29.74,73.0,6.1,mw,274.0,30.0,-22.0,23.0,79.0,-118.0,29.0,135.0,28.0,29.0,48.0,263.0,-1.577e+18,2.195e+18,-6.18e+17,-6.3e+16,-3.657e+18,9.83e+17,gcmt,subduction_intraslab
C041802F,2002-04-18T16:08:42,-70.73,-27.44,53.0,6.2,mw,253.0,56.0,168.0,350.0,80.0,35.0,31.0,217.0,54.0,3.0,16.0,117.0,3.424e+18,2.46e+18,-5.884e+18,6.34e+17,4.22e+18,-6.352e+18,gcmt,subduction_intraslab
B052302B,2002-05-23T15:52:22,-71.76,-30.91,50.0,5.7,mw,358.0,35.0,89.0,179.0,55.0,91.0,80.0,91.0,0.0,359.0,10.0,269.0,8.037000000000001e+17,1.481e+17,-9.518e+17,1000000000000000.0,-3.216e+17,2.33e+16,gcmt,subduction_intraslab
B052402A,2002-05-24T00:23:20,-71.52,-32.17,57.0,5.3,mw,9.0,40.0,107.0,167.0,52.0,76.0,77.0,24.0,11.0,176.0,6.0,267.0,2.272e+17,9400000000000000.0,-2.3650000000000003e+17,4.83e+16,-4.6e+16,7700000000000000.0,gcmt,subduction_intraslab
C061802C,2002-06-18T13:56:30,-71.63,-31.04,57.0,6.0,mw,353.0,29.0,96.0,166.0,61.0,87.0,74.0,68.0,3.0,168.0,16.0,259.0,4.465e+18,7.8e+16,-4.543e+18,8.09e+17,-2.759e+18,8.68e+17,gcmt,subduction_intraslab
B062302A,2002-06-23T11:10:44,-71.54,-31.49,90.9,5.6,mw,334.0,42.0,-113.0,184.0,52.0,-71.0,5.0,260.0,15.0,351.0,74.0,152.0,-7.84e+16,-900000000000000.0,7.93e+16,1.928e+16,1.763e+16,-1.657e+16,gcmt,subduction_intraslab
B010903F,2003-01-09T07:03:01,-71.68,-18.69,37.3,5.0,mw,301.0,29.0,58.0,157.0,66.0,106.0,65.0,95.0,15.0,330.0,19.0,235.0,7.029999999999999e+16,-1.8e+16,-5.22e+16,2.53e+16,-6.730000000000001e+16,6.59e+16,gcmt,subduction_intraslab
B022003F,2003-02-20T20:07:09,-71.7,-18.6,40.5,5.2,mw,329.0,32.0,82.0,158.0,59.0,95.0,76.0,82.0,4.0,335.0,13.0,244.0,2.67e+17,-1.89e+16,-2.48e+17,4.78e+16,-1.42e+17,1.49e+17,gcmt,subduction_intraslab
B040603A,2003-04-06T01:09:08,-69.31,-23.48,104.9,5.4,mw,165.0,22.0,-92.0,347.0,68.0,-89.0,23.0,77.0,1.0,167.0,67.0,259.0,-8.29e+16,-9100000000000000.0,9.21e+16,2.02e+16,-9.19e+16,-2.65e+16,gcmt,subduction_intraslab
B041403A,2003-04-14T14:42:34,-72.9,-35.38,31.1,5.5,mw,18.0,44.0,158.0,124.0,75.0,48.0,44.0,353.0,40.0,137.0,19.0,244.0,3.22e+16,3.19e+16,-6.42e+16,6.36e+16,-1.3800000000000002e+16,3.27e+16,gcmt,subduction_intraslab
B042403A,2003-04-24T08:22:23,-70.78,-23.84,65.0,5.1,mw,276.0,47.0,-40.0,36.0,62.0,-129.0,9.0,153.0,34.0,57.0,55.0,256.0,-2.89e+16,3.13e+16,-2450000000000000.0,3260000000000000.0,-2.95e+16,1.59e+16,gcmt,subduction_intraslab
B060203A,2003-06-02T02:52:15,-72.4,-33.08,28.0,5.1,mw,9.0,25.0,92.0,187.0,65.0,89.0,70.0,94.0,1.0,187.0,20.0,277.0,1.69e+17,9700000000000000.0,-1.79e+17,-1.57e+16,-1.47e+17,-2.65e+16,gcmt,subduction_intraslab
B061903D,2003-06-19T23:05:01,-72.14,-30.89,27.0,5.1,mw,2.0,26.0,98.0,173.0,64.0,86.0,71.0,74.0,4.0,175.0,19.0,266.0,2.12e+17,1.7000000000000002e+16,-2.29e+17,2.8000000000000004e+16,-1.7e+17,1.16e+16,gcmt,subduction_intraslab
C062003G,2003-06-20T13:30:49,-71.97,-30.88,35.0,6.8,mw,1.0,27.0,93.0,177.0,63.0,88.0,72.0,83.0,2.0,178.0,18.0,268.0,1.42e+19,2.2e+17,-1.44e+19,7.4e+17,-1.01e+19,2.5e+17,gcmt,subduction_intraslab
B100403F,2003-10-04T18:16:00,-72.07,-29.31,43.0,5.2,mw,331.0,48.0,40.0,211.0,62.0,130.0,54.0,173.0,35.0,10.0,8.0,274.0,5.570000000000001e+16,2.7800000000000004e+16,-8.36e+16,-4.38e+16,-1.7199999999999998e+16,-1600000000000000.0,gcmt,subduction_intraslab
B112603H,2003-11-26T10:57:52,-71.84,-30.19,95.1,5.2,mw,162.0,19.0,-91.0,344.0,71.0,-90.0,26.0,73.0,0.0,164.0,64.0,254.0,-3.67e+16,-1900000000000000.0,3.86e+16,1.4e+16,-4.82e+16,-1.36e+16,gcmt,subduction_intraslab
B121003F,2003-12-10T12:25:54,-71.86,-27.69,20.0,5.4,mw,312.0,41.0,-3.0,44.0,88.0,-131.0,31.0,167.0,41.0,46.0,34.0,280.0,-1.51e+16,2.39e+17,-2.2400000000000003e+17,-1.68e+17,-2.12e+17,5300000000000000.0,gcmt,subduction_intraslab
C011004D,2004-01-10T07:25:46,-71.94,-30.9,58.6,5.6,mw,70.0,48.0,-144.0,314.0,64.0,-48.0,9.0,15.0,37.0,113.0,51.0,273.0,-2.03e+17,2.88e+17,-8.5e+16,1.7399999999999998e+16,-2.57e+17,-6.39e+16,gcmt,subduction_intraslab
C011904A,2004-01-19T05:47:29,-72.07,-31.85,34.0,5.0,mw,358.0,25.0,95.0,172.0,65.0,88.0,70.0,77.0,2.0,173.0,20.0,264.0,8.86e+16,1.56e+16,-1.04e+17,1.27e+16,-8e+16,1.19e+16,gcmt,subduction_intraslab
C012304C,2004-01-23T05:00:33,-70.31,-23.07,85.1,5.5,mw,230.0,45.0,-28.0,340.0,70.0,-132.0,15.0,99.0,39.0,357.0,47.0,206.0,-1.66e+17,-1.45e+17,3.11e+17,8.68e+16,-1.62e+17,1.1000000000000002e+17,gcmt,subduction_intraslab
C012704C,2004-01-27T16:00:39,-71.37,-17.93,73.5,5.3,mw,137.0,12.0,-93.0,320.0,78.0,-89.0,33.0,49.0,1.0,140.0,57.0,231.0,-1.41e+17,4.53e+16,9.58e+16,2.71e+17,-3.2e+17,-1.77e+17,gcmt,subduction_intraslab
C040304E,2004-04-03T09:57:14,-72.35,-30.04,28.0,5.1,mw,320.0,33.0,50.0,185.0,65.0,113.0,62.0,131.0,21.0,355.0,17.0,258.0,1.47e+17,3.18e+16,-1.79e+17,-3.48e+16,-1.3e+17,6.66e+16,gcmt,subduction_intraslab
C042204A,2004-04-22T02:13:23,-70.4,-23.98,59.2,5.1,mw,39.0,26.0,133.0,173.0,72.0,72.0,59.0,58.0,17.0,179.0,25.0,277.0,2.26e+16,3060000000000000.0,-2.56e+16,7180000000000000.0,-2.9900000000000004e+16,-8800000000000000.0,gcmt,subduction_intraslab
C082704A,2004-08-27T00:43:56,-71.25,-27.63,35.0,5.4,mw,135.0,8.0,37.0,8.0,85.0,96.0,49.0,285.0,6.0,188.0,40.0,92.0,1.07e+17,2.56e+16,-1.33e+17,1.02e+17,6.73e+17,5.490000000000001e+16,gcmt,subduction_intraslab
C092704F,2004-09-27T22:58:29,-72.02,-32.72,33.3,5.1,mw,17.0,21.0,109.0,177.0,70.0,83.0,64.0,76.0,6.0,180.0,25.0,273.0,1.29e+17,2.7800000000000004e+16,-1.57e+17,1.22e+16,-1.72e+17,-1.9e+16,gcmt,subduction_intraslab
C111104C,2004-11-11T03:24:03,-70.47,-22.9,96.7,5.1,mw,12.0,79.0,-170.0,280.0,81.0,-11.0,1.0,326.0,76.0,60.0,14.0,236.0,-3530000000000000.0,2.15e+16,-1.8e+16,8360000000000000.0,-1.04e+16,5.01e+16,gcmt,subduction_intraslab
C120804A,2004-12-08T06:04:00,-71.75,-30.97,52.0,5.0,mw,358.0,34.0,91.0,177.0,56.0,89.0,79.0,85.0,1.0,177.0,11.0,267.0,3.16e+17,4.07e+16,-3.56e+17,9200000000000000.0,-1.42e+17,1.7199999999999998e+16,gcmt,subduction_intraslab
C200501241907A,2005-01-24T19:07:16,-72.17,-29.54,48.9,5.2,mw,356.0,27.0,79.0,189.0,63.0,96.0,71.0,111.0,5.0,6.0,18.0,275.0,3.45e+16,6410000000000000.0,-4.09e+16,-5500000000000000.0,-2.71e+16,-2750000000000000.0,gcmt,subduction_intraslab
C200501241907A,2005-01-24T19:07:16,-72.17,-29.54,48.9,5.2,mw,356.0,27.0,79.0,189.0,63.0,96.0,71.0,111.0,5.0,6.0,18.0,275.0,3.45e+16,6410000000000000.0,-4.09e+16,-5500000000000000.0,-2.71e+16,-2750000000000000.0,gcmt,subduction_intraslab
C200503010724A,2005-03-01T07:24:09,-72.1,-31.59,32.9,5.0,mw,354.0,25.0,103.0,159.0,66.0,84.0,69.0,57.0,6.0,161.0,20.0,254.0,1.1299999999999998e+17,9100000000000000.0,-1.22e+17,4.24e+16,-9.65e+16,3.65e+16,gcmt,subduction_intraslab
C200503010724A,2005-03-01T07:24:09,-72.1,-31.59,32.9,5.0,mw,354.0,25.0,103.0,159.0,66.0,84.0,69.0,57.0,6.0,161.0,20.0,254.0,1.1299999999999998e+17,9100000000000000.0,-1.22e+17,4.24e+16,-9.65e+16,3.65e+16,gcmt,subduction_intraslab
C200503191423A,2005-03-19T14:23:31,-71.87,-27.93,29.2,5.0,mw,357.0,28.0,93.0,174.0,62.0,89.0,73.0,80.0,1.0,175.0,17.0,265.0,2.11e+16,620000000000000.0,-2.17e+16,1719999999999999.8,-1.39e+16,1719999999999999.8,gcmt,subduction_intraslab
C200503191423A,2005-03-19T14:23:31,-71.87,-27.93,29.2,5.0,mw,357.0,28.0,93.0,174.0,62.0,89.0,73.0,80.0,1.0,175.0,17.0,265.0,2.11e+16,620000000000000.0,-2.17e+16,1719999999999999.8,-1.39e+16,1719999999999999.8,gcmt,subduction_intraslab
C200507220014A,2005-07-22T00:14:42,-71.41,-29.37,76.8,5.0,mw,97.0,26.0,7.0,360.0,87.0,116.0,42.0,295.0,26.0,178.0,36.0,67.0,3980000000000000.0,4440000000000000.0,-8420000000000000.0,-2630000000000000.0,4.6e+16,2.29e+16,gcmt,subduction_intraslab
C200507220014A,2005-07-22T00:14:42,-71.41,-29.37,76.8,5.0,mw,97.0,26.0,7.0,360.0,87.0,116.0,42.0,295.0,26.0,178.0,36.0,67.0,3980000000000000.0,4440000000000000.0,-8420000000000000.0,-2630000000000000.0,4.6e+16,2.29e+16,gcmt,subduction_intraslab
C200509111831A,2005-09-11T18:31:31,-73.68,-36.66,29.3,5.0,mw,80.0,27.0,104.0,244.0,64.0,83.0,70.0,139.0,6.0,247.0,19.0,339.0,2.53e+16,-2.43e+16,-1010000000000000.0,-1.75e+16,-1.03e+16,-8800000000000000.0,gcmt,subduction_intraslab
C200509111831A,2005-09-11T18:31:31,-73.68,-36.66,29.3,5.0,mw,80.0,27.0,104.0,244.0,64.0,83.0,70.0,139.0,6.0,247.0,19.0,339.0,2.53e+16,-2.43e+16,-1010000000000000.0,-1.75e+16,-1.03e+16,-8800000000000000.0,gcmt,subduction_intraslab
C200511281633A,2005-11-28T16:33:22,-71.54,-29.45,39.4,5.6,mw,254.0,9.0,-169.0,153.0,88.0,-81.0,43.0,234.0,9.0,333.0,46.0,72.0,-2e+16,4.01e+16,-2.01e+16,-1.01e+17,2.06e+17,-1.97e+16,gcmt,subduction_intraslab
C200511281633A,2005-11-28T16:33:22,-71.54,-29.45,39.4,5.6,mw,254.0,9.0,-169.0,153.0,88.0,-81.0,43.0,234.0,9.0,333.0,46.0,72.0,-2e+16,4.01e+16,-2.01e+16,-1.01e+17,2.06e+17,-1.97e+16,gcmt,subduction_intraslab
C200512141052A,2005-12-14T10:52:09,-72.05,-31.22,57.5,5.2,mw,266.0,24.0,-18.0,12.0,83.0,-113.0,34.0,122.0,23.0,15.0,47.0,258.0,-2.71e+16,2.28e+16,4300000000000000.0,-1.25e+16,-9.82e+16,4.31e+16,gcmt,subduction_intraslab
C200512141052A,2005-12-14T10:52:09,-72.05,-31.22,57.5,5.2,mw,266.0,24.0,-18.0,12.0,83.0,-113.0,34.0,122.0,23.0,15.0,47.0,258.0,-2.71e+16,2.28e+16,4300000000000000.0,-1.25e+16,-9.82e+16,4.31e+16,gcmt,subduction_intraslab
C200512311214A,2005-12-31T12:14:07,-71.79,-29.21,24.7,5.1,mw,311.0,18.0,5.0,217.0,88.0,108.0,44.0,144.0,18.0,36.0,41.0,290.0,709999999999999.9,1.3e+16,-1.3700000000000002e+16,-2.25e+16,-3.2400000000000004e+16,90000000000000.0,gcmt,subduction_intraslab
C200512311214A,2005-12-31T12:14:07,-71.79,-29.21,24.7,5.1,mw,311.0,18.0,5.0,217.0,88.0,108.0,44.0,144.0,18.0,36.0,41.0,290.0,709999999999999.9,1.3e+16,-1.3700000000000002e+16,-2.25e+16,-3.2400000000000004e+16,90000000000000.0,gcmt,subduction_intraslab
C200601210846A,2006-01-21T08:47:02,-71.07,-25.67,34.0,5.0,mw,179.0,42.0,79.0,13.0,49.0,99.0,82.0,340.0,7.0,187.0,4.0,97.0,2.63e+16,-2829999999999999.5,-2.35e+16,4020000000000000.0,2720000000000000.0,-2190000000000000.0,gcmt,subduction_intraslab
C200602101751A,2006-02-10T17:51:59,-71.84,-32.57,41.6,5.1,mw,11.0,32.0,97.0,183.0,59.0,86.0,76.0,81.0,3.0,185.0,14.0,276.0,6.42e+16,8000000000000000.0,-7.22e+16,200000000000000.0,-3.55e+16,-9300000000000000.0,gcmt,subduction_intraslab
C200602101751A,2006-02-10T17:51:59,-71.84,-32.57,41.6,5.1,mw,11.0,32.0,97.0,183.0,59.0,86.0,76.0,81.0,3.0,185.0,14.0,276.0,6.42e+16,8000000000000000.0,-7.22e+16,200000000000000.0,-3.55e+16,-9300000000000000.0,gcmt,subduction_intraslab
C200603270523A,2006-03-27T05:24:04,-69.81,-21.03,67.1,5.2,mw,321.0,66.0,178.0,52.0,88.0,24.0,18.0,279.0,66.0,56.0,16.0,184.0,2500000000000000.0,-7.78e+16,7.53e+16,2.64e+16,2.38e+16,1.7299999999999998e+16,gcmt,subduction_intraslab
C200604092050A,2006-04-09T20:50:51,-70.73,-20.46,39.0,5.8,mw,49.0,30.0,106.0,211.0,61.0,81.0,73.0,100.0,8.0,216.0,15.0,308.0,4.18e+17,-1.7e+17,-2.48e+17,-1.05e+17,-2.41e+17,-2.28e+17,gcmt,subduction_intraslab
C200604191749A,2006-04-19T17:49:12,-71.52,-27.08,19.6,5.3,mw,16.0,18.0,111.0,174.0,73.0,83.0,62.0,74.0,6.0,176.0,28.0,270.0,1.96e+17,3.14e+16,-2.27e+17,3.83e+16,-3.04e+17,-1.82e+16,gcmt,subduction_intraslab
C200604191749A,2006-04-19T17:49:12,-71.52,-27.08,19.6,5.3,mw,16.0,18.0,111.0,174.0,73.0,83.0,62.0,74.0,6.0,176.0,28.0,270.0,1.96e+17,3.14e+16,-2.27e+17,3.83e+16,-3.04e+17,-1.82e+16,gcmt,subduction_intraslab
C200604301031A,2006-04-30T10:31:24,-71.59,-27.1,17.6,5.1,mw,350.0,18.0,84.0,176.0,72.0,92.0,63.0,89.0,2.0,356.0,27.0,265.0,5.460000000000001e+16,5300000000000000.0,-5.98e+16,4500000000000000.0,-8.17e+16,7600000000000000.0,gcmt,subduction_intraslab
C200604301031A,2006-04-30T10:31:24,-71.59,-27.1,17.6,5.1,mw,350.0,18.0,84.0,176.0,72.0,92.0,63.0,89.0,2.0,356.0,27.0,265.0,5.460000000000001e+16,5300000000000000.0,-5.98e+16,4500000000000000.0,-8.17e+16,7600000000000000.0,gcmt,subduction_intraslab
C200604302012A,2006-04-30T20:12:25,-71.76,-27.28,22.2,5.6,mw,4.0,23.0,100.0,174.0,68.0,86.0,67.0,76.0,4.0,175.0,23.0,267.0,2.78e+17,9000000000000000.0,-2.86e+17,4.15e+16,-2.82e+17,5400000000000000.0,gcmt,subduction_intraslab
C200604302012A,2006-04-30T20:12:25,-71.76,-27.28,22.2,5.6,mw,4.0,23.0,100.0,174.0,68.0,86.0,67.0,76.0,4.0,175.0,23.0,267.0,2.78e+17,9000000000000000.0,-2.86e+17,4.15e+16,-2.82e+17,5400000000000000.0,gcmt,subduction_intraslab
C200604302125A,2006-04-30T21:25:27,-71.62,-27.05,30.1,5.1,mw,350.0,22.0,80.0,180.0,69.0,94.0,66.0,97.0,4.0,359.0,23.0,267.0,4.42e+17,-6.68e+16,-3.75e+17,-2.38e+16,-4.39e+17,3.4000000000000004e+16,gcmt,subduction_intraslab
C200604302125A,2006-04-30T21:25:27,-71.62,-27.05,30.1,5.1,mw,350.0,22.0,80.0,180.0,69.0,94.0,66.0,97.0,4.0,359.0,23.0,267.0,4.42e+17,-6.68e+16,-3.75e+17,-2.38e+16,-4.39e+17,3.4000000000000004e+16,gcmt,subduction_intraslab
C200604302132A,2006-04-30T21:33:00,-71.77,-27.32,19.7,5.9,mw,352.0,22.0,88.0,173.0,68.0,91.0,67.0,85.0,1.0,353.0,23.0,263.0,5.5e+17,-2.25e+16,-5.28e+17,6.36e+16,-5.77e+17,6.860000000000001e+16,gcmt,subduction_intraslab
C200604302132A,2006-04-30T21:33:00,-71.77,-27.32,19.7,5.9,mw,352.0,22.0,88.0,173.0,68.0,91.0,67.0,85.0,1.0,353.0,23.0,263.0,5.5e+17,-2.25e+16,-5.28e+17,6.36e+16,-5.77e+17,6.860000000000001e+16,gcmt,subduction_intraslab
C200604302304A,2006-04-30T23:04:48,-71.61,-27.42,21.8,5.8,mw,357.0,18.0,96.0,171.0,72.0,88.0,63.0,78.0,2.0,171.0,27.0,262.0,3.26e+17,1.65e+16,-3.42e+17,8.11e+16,-4.63e+17,4.02e+16,gcmt,subduction_intraslab
C200604302304A,2006-04-30T23:04:48,-71.61,-27.42,21.8,5.8,mw,357.0,18.0,96.0,171.0,72.0,88.0,63.0,78.0,2.0,171.0,27.0,262.0,3.26e+17,1.65e+16,-3.42e+17,8.11e+16,-4.63e+17,4.02e+16,gcmt,subduction_intraslab
C200605010135A,2006-05-01T01:35:54,-71.67,-27.26,30.3,5.5,mw,21.0,22.0,115.0,174.0,70.0,80.0,64.0,67.0,9.0,177.0,24.0,271.0,9.27e+16,4000000000000000.0,-9.67e+16,2.07e+16,-1.07e+17,-1.28e+16,gcmt,subduction_intraslab
C200605010135A,2006-05-01T01:35:54,-71.67,-27.26,30.3,5.5,mw,21.0,22.0,115.0,174.0,70.0,80.0,64.0,67.0,9.0,177.0,24.0,271.0,9.27e+16,4000000000000000.0,-9.67e+16,2.07e+16,-1.07e+17,-1.28e+16,gcmt,subduction_intraslab
C200605010249A,2006-05-01T02:49:44,-71.61,-27.34,23.3,5.0,mw,3.0,22.0,108.0,164.0,69.0,83.0,65.0,61.0,7.0,166.0,24.0,259.0,1.1100000000000002e+17,5400000000000000.0,-1.16e+17,4.27e+16,-1.2e+17,1.54e+16,gcmt,subduction_intraslab
C200605010249A,2006-05-01T02:49:44,-71.61,-27.34,23.3,5.0,mw,3.0,22.0,108.0,164.0,69.0,83.0,65.0,61.0,7.0,166.0,24.0,259.0,1.1100000000000002e+17,5400000000000000.0,-1.16e+17,4.27e+16,-1.2e+17,1.54e+16,gcmt,subduction_intraslab
C200605111907A,2006-05-11T19:07:15,-71.9,-27.55,18.1,5.1,mw,339.0,35.0,77.0,175.0,56.0,99.0,77.0,116.0,8.0,350.0,10.0,258.0,2.4e+16,-1430000000000000.0,-2.25e+16,-1660000000000000.0,-9440000000000000.0,5330000000000000.0,gcmt,subduction_intraslab
C200605111907A,2006-05-11T19:07:15,-71.9,-27.55,18.1,5.1,mw,339.0,35.0,77.0,175.0,56.0,99.0,77.0,116.0,8.0,350.0,10.0,258.0,2.4e+16,-1430000000000000.0,-2.25e+16,-1660000000000000.0,-9440000000000000.0,5330000000000000.0,gcmt,subduction_intraslab
C200605230240A,2006-05-23T02:40:33,-71.72,-27.04,29.0,5.0,mw,9.0,23.0,96.0,182.0,67.0,87.0,68.0,87.0,2.0,183.0,22.0,274.0,1.79e+16,360000000000000.0,-1.82e+16,-120000000000000.0,-1.76e+16,-1680000000000000.0,gcmt,subduction_intraslab
C200605230240A,2006-05-23T02:40:33,-71.72,-27.04,29.0,5.0,mw,9.0,23.0,96.0,182.0,67.0,87.0,68.0,87.0,2.0,183.0,22.0,274.0,1.79e+16,360000000000000.0,-1.82e+16,-120000000000000.0,-1.76e+16,-1680000000000000.0,gcmt,subduction_intraslab
C200605252048A,2006-05-25T20:48:08,-71.91,-18.41,44.4,5.6,mw,317.0,30.0,65.0,165.0,63.0,103.0,69.0,101.0,12.0,339.0,17.0,245.0,1.58e+17,9900000000000000.0,-1.68e+17,3.1e+16,-1.33e+17,1.21e+17,gcmt,subduction_intraslab
C200608171332A,2006-08-17T13:33:02,-70.02,-23.41,100.1,5.1,mw,268.0,38.0,22.0,161.0,77.0,126.0,46.0,108.0,35.0,331.0,23.0,224.0,2.41e+16,-2.04e+16,-3640000000000000.0,2.14e+16,-4.09e+16,4.730000000000001e+16,gcmt,subduction_intraslab
C200609011552A,2006-09-01T15:52:43,-71.13,-25.57,27.0,5.1,mw,133.0,60.0,19.0,33.0,73.0,149.0,33.0,349.0,55.0,187.0,8.0,85.0,2.21e+16,5.610000000000001e+16,-7.82e+16,3.91e+16,1.9e+16,1.79e+16,gcmt,subduction_intraslab
C200609110127A,2006-09-11T01:27:35,-71.33,-26.42,45.0,5.0,mw,24.0,32.0,112.0,178.0,60.0,77.0,71.0,57.0,12.0,185.0,14.0,278.0,2.2e+16,-470000000000000.0,-2.15e+16,3720000000000000.0,-1.28e+16,-4300000000000000.0,gcmt,subduction_intraslab
C200610121805A,2006-10-12T18:06:04,-72.03,-31.48,36.8,6.4,mw,3.0,26.0,96.0,176.0,65.0,87.0,70.0,79.0,3.0,177.0,19.0,268.0,3.22e+18,2.21e+17,-3.44e+18,2.8100000000000003e+17,-2.68e+18,6.6e+16,gcmt,subduction_intraslab
C200610121805A,2006-10-12T18:06:04,-72.03,-31.48,36.8,6.4,mw,3.0,26.0,96.0,176.0,65.0,87.0,70.0,79.0,3.0,177.0,19.0,268.0,3.22e+18,2.21e+17,-3.44e+18,2.8100000000000003e+17,-2.68e+18,6.6e+16,gcmt,subduction_intraslab
C200610131612A,2006-10-13T16:12:58,-72.02,-31.55,38.7,5.0,mw,360.0,26.0,95.0,174.0,64.0,88.0,70.0,79.0,2.0,175.0,19.0,266.0,7.79e+16,9800000000000000.0,-8.77e+16,8500000000000002.0,-6.62e+16,6000000000000000.0,gcmt,subduction_intraslab
C200610131612A,2006-10-13T16:12:58,-72.02,-31.55,38.7,5.0,mw,360.0,26.0,95.0,174.0,64.0,88.0,70.0,79.0,2.0,175.0,19.0,266.0,7.79e+16,9800000000000000.0,-8.77e+16,8500000000000002.0,-6.62e+16,6000000000000000.0,gcmt,subduction_intraslab
C200610160133A,2006-10-16T01:33:40,-71.76,-30.32,43.0,5.3,mw,8.0,38.0,113.0,160.0,56.0,73.0,73.0,25.0,14.0,170.0,9.0,262.0,1.98e+17,1.13e+16,-2.09e+17,6e+16,-6.12e+16,2.33e+16,gcmt,subduction_intraslab
C200610160133A,2006-10-16T01:33:40,-71.76,-30.32,43.0,5.3,mw,8.0,38.0,113.0,160.0,56.0,73.0,73.0,25.0,14.0,170.0,9.0,262.0,1.98e+17,1.13e+16,-2.09e+17,6e+16,-6.12e+16,2.33e+16,gcmt,subduction_intraslab
C200610222329A,2006-10-22T23:29:15,-71.23,-25.85,28.3,5.1,mw,4.0,19.0,112.0,161.0,73.0,83.0,62.0,60.0,7.0,163.0,27.0,257.0,9.19e+16,1.14e+16,-1.03e+17,4.95e+16,-1.29e+17,1.7399999999999998e+16,gcmt,subduction_intraslab
C200611061451A,2006-11-06T14:51:40,-70.99,-26.63,74.9,5.4,mw,130.0,21.0,-102.0,323.0,69.0,-85.0,24.0,50.0,4.0,142.0,65.0,241.0,-5.85e+16,3.23e+16,2.62e+16,2.73e+16,-4.49e+16,-4090000000000000.0,gcmt,subduction_intraslab
C200702071854A,2007-02-07T18:55:02,-71.28,-17.92,80.9,5.5,mw,186.0,16.0,-42.0,316.0,79.0,-102.0,33.0,57.0,12.0,319.0,54.0,211.0,-8.26e+16,-7800000000000000.0,9.04e+16,1.48e+17,-1.3999999999999998e+17,-3.57e+16,gcmt,subduction_intraslab
C200702141421A,2007-02-14T14:21:53,-70.27,-19.74,101.5,5.6,mw,150.0,29.0,-133.0,17.0,70.0,-70.0,22.0,92.0,19.0,190.0,60.0,317.0,-7.13e+16,-4.1e+16,1.1200000000000002e+17,-3e+16,-8.73e+16,-6100000000000000.0,gcmt,subduction_intraslab
C200703021307A,2007-03-02T13:07:36,-71.64,-30.93,54.8,5.4,mw,7.0,35.0,100.0,176.0,55.0,83.0,79.0,61.0,6.0,179.0,10.0,270.0,1.3700000000000002e+17,2.08e+16,-1.58e+17,1.19e+16,-5.37e+16,-3599999999999999.5,gcmt,subduction_intraslab
C200703021307A,2007-03-02T13:07:36,-71.64,-30.93,54.8,5.4,mw,7.0,35.0,100.0,176.0,55.0,83.0,79.0,61.0,6.0,179.0,10.0,270.0,1.3700000000000002e+17,2.08e+16,-1.58e+17,1.19e+16,-5.37e+16,-3599999999999999.5,gcmt,subduction_intraslab
C200703291440A,2007-03-29T14:40:47,-72.16,-31.63,26.6,5.6,mw,12.0,19.0,91.0,191.0,71.0,90.0,64.0,101.0,0.0,191.0,26.0,281.0,1.89e+17,2.27e+16,-2.12e+17,-4.94e+16,-2.54e+17,-4.88e+16,gcmt,subduction_intraslab
C200703291440A,2007-03-29T14:40:47,-72.16,-31.63,26.6,5.6,mw,12.0,19.0,91.0,191.0,71.0,90.0,64.0,101.0,0.0,191.0,26.0,281.0,1.89e+17,2.27e+16,-2.12e+17,-4.94e+16,-2.54e+17,-4.88e+16,gcmt,subduction_intraslab
C200703291832A,2007-03-29T18:32:02,-72.23,-31.72,32.0,5.1,mw,347.0,31.0,85.0,172.0,59.0,93.0,76.0,90.0,2.0,351.0,14.0,260.0,3.43e+16,1230000000000000.0,-3.55e+16,1729999999999999.8,-1.88e+16,6960000000000000.0,gcmt,subduction_intraslab
C200703291832A,2007-03-29T18:32:02,-72.23,-31.72,32.0,5.1,mw,347.0,31.0,85.0,172.0,59.0,93.0,76.0,90.0,2.0,351.0,14.0,260.0,3.43e+16,1230000000000000.0,-3.55e+16,1729999999999999.8,-1.88e+16,6960000000000000.0,gcmt,subduction_intraslab
C200704261213A,2007-04-26T12:13:34,-71.11,-28.1,49.2,5.2,mw,33.0,43.0,128.0,166.0,58.0,60.0,64.0,23.0,25.0,183.0,8.0,277.0,5.45e+16,1.51e+16,-6.96e+16,2.16e+16,-2.06e+16,-1.3799999999999998e+16,gcmt,subduction_intraslab
C200704261213A,2007-04-26T12:13:34,-71.11,-28.1,49.2,5.2,mw,33.0,43.0,128.0,166.0,58.0,60.0,64.0,23.0,25.0,183.0,8.0,277.0,5.45e+16,1.51e+16,-6.96e+16,2.16e+16,-2.06e+16,-1.3799999999999998e+16,gcmt,subduction_intraslab
C200705201215A,2007-05-20T12:15:50,-71.55,-29.54,47.4,5.4,mw,21.0,41.0,116.0,168.0,54.0,69.0,72.0,25.0,17.0,181.0,7.0,273.0,9.62e+16,1.59e+16,-1.1200000000000002e+17,2.63e+16,-2.7700000000000004e+16,-9500000000000000.0,gcmt,subduction_intraslab
C200705201215A,2007-05-20T12:15:50,-71.55,-29.54,47.4,5.4,mw,21.0,41.0,116.0,168.0,54.0,69.0,72.0,25.0,17.0,181.0,7.0,273.0,9.62e+16,1.59e+16,-1.1200000000000002e+17,2.63e+16,-2.7700000000000004e+16,-9500000000000000.0,gcmt,subduction_intraslab
C200706210954A,2007-06-21T09:54:59,-71.42,-31.79,53.5,5.2,mw,359.0,32.0,94.0,174.0,58.0,88.0,77.0,77.0,2.0,175.0,13.0,266.0,4.43e+16,1560000000000000.0,-4.59e+16,3270000000000000.0,-2.19e+16,2970000000000000.0,gcmt,subduction_intraslab
C200706210954A,2007-06-21T09:54:59,-71.42,-31.79,53.5,5.2,mw,359.0,32.0,94.0,174.0,58.0,88.0,77.0,77.0,2.0,175.0,13.0,266.0,4.43e+16,1560000000000000.0,-4.59e+16,3270000000000000.0,-2.19e+16,2970000000000000.0,gcmt,subduction_intraslab
C200706281925A,2007-06-28T19:25:22,-71.63,-32.08,80.3,5.7,mw,198.0,15.0,-73.0,0.0,75.0,-95.0,30.0,94.0,4.0,1.0,60.0,264.0,-1.91e+17,2.64e+16,1.64e+17,9300000000000000.0,-3.14e+17,2.8000000000000004e+16,gcmt,subduction_intraslab
C200706281925A,2007-06-28T19:25:22,-71.63,-32.08,80.3,5.7,mw,198.0,15.0,-73.0,0.0,75.0,-95.0,30.0,94.0,4.0,1.0,60.0,264.0,-1.91e+17,2.64e+16,1.64e+17,9300000000000000.0,-3.14e+17,2.8000000000000004e+16,gcmt,subduction_intraslab
C200710201956A,2007-10-20T19:56:22,-73.51,-36.5,40.7,5.2,mw,13.0,23.0,104.0,177.0,67.0,84.0,67.0,76.0,6.0,179.0,22.0,272.0,5.18e+16,1.01e+16,-6.18e+16,4670000000000000.0,-5.56e+16,-4780000000000000.0,gcmt,subduction_intraslab
C200710201956A,2007-10-20T19:56:22,-73.51,-36.5,40.7,5.2,mw,13.0,23.0,104.0,177.0,67.0,84.0,67.0,76.0,6.0,179.0,22.0,272.0,5.18e+16,1.01e+16,-6.18e+16,4670000000000000.0,-5.56e+16,-4780000000000000.0,gcmt,subduction_intraslab
C200711141540A,2007-11-14T15:41:11,-70.62,-22.64,37.6,7.7,mw,358.0,20.0,98.0,170.0,71.0,87.0,64.0,75.0,3.0,171.0,25.0,262.0,2.96e+20,4.200000000000001e+18,-3e+20,7.35e+19,-3.63e+20,3.3700000000000004e+19,gcmt,subduction_intraslab
C200711151114A,2007-11-15T11:14:56,-71.12,-23.03,19.8,5.0,mw,339.0,22.0,81.0,170.0,68.0,94.0,66.0,86.0,4.0,348.0,23.0,257.0,6.850000000000001e+16,-9200000000000000.0,-5.92e+16,9900000000000000.0,-6.909999999999999e+16,1.57e+16,gcmt,subduction_intraslab
C200711151503A,2007-11-15T15:03:14,-71.01,-22.99,35.8,6.1,mw,5.0,21.0,106.0,168.0,70.0,84.0,65.0,68.0,6.0,170.0,25.0,263.0,2.36e+18,4.15e+17,-2.77e+18,7.11e+17,-2.91e+18,2.57e+17,gcmt,subduction_intraslab
C200711160842A,2007-11-16T08:42:44,-70.79,-22.89,26.4,5.1,mw,7.0,19.0,111.0,165.0,72.0,83.0,62.0,65.0,7.0,167.0,27.0,261.0,1.34e+17,1000000000000000.0,-1.3500000000000002e+17,5.600000000000001e+16,-1.77e+17,8500000000000002.0,gcmt,subduction_intraslab
C200711161434A,2007-11-16T14:34:10,-70.88,-23.16,29.6,5.0,mw,353.0,21.0,81.0,182.0,69.0,93.0,66.0,98.0,3.0,1.0,24.0,270.0,4.68e+16,1990000000000000.0,-4.88e+16,-3449999999999999.5,-5.41e+16,1950000000000000.0,gcmt,subduction_intraslab
C200711171813A,2007-11-17T18:13:19,-70.9,-23.03,23.6,5.2,mw,357.0,28.0,53.0,217.0,68.0,107.0,63.0,154.0,16.0,30.0,21.0,294.0,6.09e+16,-1700000000000000.0,-5.92e+16,-4.68e+16,-4.1e+16,-1.65e+16,gcmt,subduction_intraslab
C200711180702A,2007-11-18T07:02:42,-69.9,-19.12,98.4,5.3,mw,246.0,44.0,-17.0,349.0,78.0,-133.0,21.0,110.0,42.0,359.0,41.0,219.0,-2.94e+16,-2.49e+16,5.43e+16,2.58e+16,-6.32e+16,5.620000000000001e+16,gcmt,subduction_intraslab
C200711201644A,2007-11-20T16:44:34,-70.95,-23.11,32.3,5.0,mw,360.0,24.0,91.0,179.0,66.0,90.0,69.0,89.0,0.0,179.0,21.0,269.0,9.91e+16,1e+16,-1.09e+17,1700000000000000.0,-9.67e+16,1200000000000000.0,gcmt,subduction_intraslab
C200711260614A,2007-11-26T06:14:58,-70.52,-22.56,36.9,5.0,mw,39.0,25.0,126.0,180.0,70.0,74.0,62.0,66.0,15.0,185.0,23.0,282.0,3.12e+16,-4270000000000000.0,-2.7e+16,6220000000000000.0,-3.4900000000000004e+16,-1.1200000000000002e+16,gcmt,subduction_intraslab
C200712130535A,2007-12-13T05:35:28,-70.93,-23.13,25.0,5.3,mw,354.0,17.0,88.0,176.0,73.0,91.0,62.0,87.0,0.0,356.0,28.0,266.0,8.81e+16,-1100000000000000.0,-8.7e+16,8400000000000002.0,-1.28e+17,7300000000000000.0,gcmt,subduction_intraslab
C200712151822A,2007-12-15T18:22:32,-72.02,-32.81,33.3,5.9,mw,359.0,21.0,89.0,179.0,69.0,90.0,66.0,90.0,0.0,359.0,24.0,269.0,5.4700000000000006e+17,8.8e+16,-6.35e+17,7000000000000000.0,-6.59e+17,1.2e+16,gcmt,subduction_intraslab
C200712151822A,2007-12-15T18:22:32,-72.02,-32.81,33.3,5.9,mw,359.0,21.0,89.0,179.0,69.0,90.0,66.0,90.0,0.0,359.0,24.0,269.0,5.4700000000000006e+17,8.8e+16,-6.35e+17,7000000000000000.0,-6.59e+17,1.2e+16,gcmt,subduction_intraslab
C200802041701A,2008-02-04T17:01:36,-70.76,-20.27,46.1,6.3,mw,1.0,27.0,107.0,162.0,64.0,81.0,69.0,54.0,8.0,166.0,19.0,258.0,2.86e+18,4.37e+17,-3.3e+18,9.29e+17,-2.29e+18,6.49e+17,gcmt,subduction_intraslab
C200803011951A,2008-03-01T19:52:05,-70.76,-20.51,50.8,5.7,mw,357.0,29.0,102.0,163.0,62.0,83.0,72.0,58.0,6.0,166.0,17.0,258.0,2.57e+17,6.25e+16,-3.19e+17,6.47e+16,-1.86e+17,7.77e+16,gcmt,subduction_intraslab
C200804170757A,2008-04-17T07:57:21,-71.3,-19.9,23.0,5.1,mw,328.0,33.0,70.0,171.0,59.0,102.0,73.0,111.0,10.0,345.0,14.0,252.0,4.75e+16,-920000000000000.0,-4.66e+16,-859999999999999.9,-2.76e+16,1.89e+16,gcmt,subduction_intraslab
C200810300132A,2008-10-30T01:32:47,-70.89,-23.86,41.0,5.7,mw,10.0,30.0,85.0,196.0,60.0,93.0,75.0,115.0,3.0,15.0,15.0,284.0,7.99e+16,1.89e+16,-9.88e+16,-1.65e+16,-5.22e+16,-3.09e+16,gcmt,subduction_intraslab
C200811232119A,2008-11-23T21:19:44,-73.36,-36.38,37.8,5.3,mw,11.0,22.0,111.0,169.0,69.0,82.0,65.0,65.0,8.0,172.0,24.0,265.0,6.56e+16,1.36e+16,-7.93e+16,1.81e+16,-7.7e+16,2100000000000000.0,gcmt,subduction_intraslab
C200811232119A,2008-11-23T21:19:44,-73.36,-36.38,37.8,5.3,mw,11.0,22.0,111.0,169.0,69.0,82.0,65.0,65.0,8.0,172.0,24.0,265.0,6.56e+16,1.36e+16,-7.93e+16,1.81e+16,-7.7e+16,2100000000000000.0,gcmt,subduction_intraslab
C200812182119A,2008-12-18T21:19:33,-72.13,-32.63,22.5,6.2,mw,360.0,19.0,94.0,175.0,71.0,89.0,64.0,83.0,1.0,176.0,26.0,267.0,1.13e+18,1.18e+17,-1.25e+18,1.33e+17,-1.54e+18,6.2e+16,gcmt,subduction_intraslab
C200812182119A,2008-12-18T21:19:33,-72.13,-32.63,22.5,6.2,mw,360.0,19.0,94.0,175.0,71.0,89.0,64.0,83.0,1.0,176.0,26.0,267.0,1.13e+18,1.18e+17,-1.25e+18,1.33e+17,-1.54e+18,6.2e+16,gcmt,subduction_intraslab
C200812190730A,2008-12-19T07:30:11,-72.24,-32.66,22.0,5.1,mw,359.0,20.0,90.0,179.0,70.0,90.0,65.0,89.0,0.0,179.0,25.0,269.0,9.47e+16,6400000000000000.0,-1.01e+17,1500000000000000.0,-1.17e+17,1200000000000000.0,gcmt,subduction_intraslab
C200812190730A,2008-12-19T07:30:11,-72.24,-32.66,22.0,5.1,mw,359.0,20.0,90.0,179.0,70.0,90.0,65.0,89.0,0.0,179.0,25.0,269.0,9.47e+16,6400000000000000.0,-1.01e+17,1500000000000000.0,-1.17e+17,1200000000000000.0,gcmt,subduction_intraslab
C200902060258A,2009-02-06T02:58:36,-71.62,-28.16,59.1,5.5,mw,154.0,23.0,-107.0,352.0,68.0,-83.0,23.0,77.0,7.0,169.0,66.0,275.0,-8.29e+16,1.7100000000000002e+16,6.59e+16,3300000000000000.0,-7.96e+16,-1.93e+16,gcmt,subduction_intraslab
C200902060258A,2009-02-06T02:58:36,-71.62,-28.16,59.1,5.5,mw,154.0,23.0,-107.0,352.0,68.0,-83.0,23.0,77.0,7.0,169.0,66.0,275.0,-8.29e+16,1.7100000000000002e+16,6.59e+16,3300000000000000.0,-7.96e+16,-1.93e+16,gcmt,subduction_intraslab
C200904170208A,2009-04-17T02:08:15,-71.1,-19.72,31.9,6.1,mw,355.0,24.0,102.0,161.0,67.0,85.0,68.0,61.0,5.0,164.0,21.0,256.0,1.09e+18,1.03e+17,-1.2e+18,3.9e+17,-1.03e+18,3.07e+17,gcmt,subduction_intraslab
C200905171235A,2009-05-17T12:35:25,-70.24,-27.39,101.7,5.2,mw,356.0,29.0,-79.0,163.0,62.0,-96.0,16.0,258.0,5.0,166.0,73.0,58.0,-7.62e+16,1.79e+16,5.83e+16,-1.92e+16,4.01e+16,-5800000000000000.0,gcmt,subduction_intraslab
C200905171235A,2009-05-17T12:35:25,-70.24,-27.39,101.7,5.2,mw,356.0,29.0,-79.0,163.0,62.0,-96.0,16.0,258.0,5.0,166.0,73.0,58.0,-7.62e+16,1.79e+16,5.83e+16,-1.92e+16,4.01e+16,-5800000000000000.0,gcmt,subduction_intraslab
C200905250510A,2009-05-25T05:10:14,-71.65,-28.69,56.3,5.4,mw,192.0,20.0,-84.0,5.0,70.0,-92.0,25.0,97.0,2.0,6.0,65.0,271.0,-6.989999999999999e+16,1.07e+16,5.92e+16,-5300000000000000.0,-7.72e+16,8300000000000000.0,gcmt,subduction_intraslab
C200905250510A,2009-05-25T05:10:14,-71.65,-28.69,56.3,5.4,mw,192.0,20.0,-84.0,5.0,70.0,-92.0,25.0,97.0,2.0,6.0,65.0,271.0,-6.989999999999999e+16,1.07e+16,5.92e+16,-5300000000000000.0,-7.72e+16,8300000000000000.0,gcmt,subduction_intraslab
C200906132010A,2009-06-13T20:10:57,-71.08,-17.67,95.4,5.1,mw,237.0,25.0,12.0,135.0,85.0,115.0,45.0,70.0,25.0,313.0,35.0,204.0,1.31e+16,-4.2e+16,2.88e+16,5.2e+16,-5.42e+16,1e+16,gcmt,subduction_intraslab
C200906132122A,2009-06-13T21:22:10,-71.99,-30.8,33.9,5.3,mw,352.0,29.0,88.0,175.0,61.0,91.0,74.0,89.0,1.0,355.0,16.0,264.0,3.77e+16,4630000000000000.0,-4.230000000000001e+16,1690000000000000.0,-2.47e+16,5070000000000000.0,gcmt,subduction_intraslab
C200906132122A,2009-06-13T21:22:10,-71.99,-30.8,33.9,5.3,mw,352.0,29.0,88.0,175.0,61.0,91.0,74.0,89.0,1.0,355.0,16.0,264.0,3.77e+16,4630000000000000.0,-4.230000000000001e+16,1690000000000000.0,-2.47e+16,5070000000000000.0,gcmt,subduction_intraslab
C200907071646A,2009-07-07T16:46:19,-71.57,-29.3,46.7,5.3,mw,260.0,50.0,-174.0,165.0,85.0,-40.0,23.0,219.0,50.0,340.0,31.0,115.0,-1.32e+16,5.91e+16,-4.59e+16,-7900000000000000.0,9.98e+16,-1.05e+17,gcmt,subduction_intraslab
C200907071646A,2009-07-07T16:46:19,-71.57,-29.3,46.7,5.3,mw,260.0,50.0,-174.0,165.0,85.0,-40.0,23.0,219.0,50.0,340.0,31.0,115.0,-1.32e+16,5.91e+16,-4.59e+16,-7900000000000000.0,9.98e+16,-1.05e+17,gcmt,subduction_intraslab
C200909251547A,2009-09-25T15:47:27,-71.9,-32.26,41.8,5.0,mw,277.0,58.0,15.0,180.0,78.0,147.0,32.0,134.0,55.0,341.0,13.0,232.0,1.3e+16,-810000000000000.0,-1.22e+16,-7460000000000000.0,-2.54e+16,4.32e+16,gcmt,subduction_intraslab
C200909251547A,2009-09-25T15:47:27,-71.9,-32.26,41.8,5.0,mw,277.0,58.0,15.0,180.0,78.0,147.0,32.0,134.0,55.0,341.0,13.0,232.0,1.3e+16,-810000000000000.0,-1.22e+16,-7460000000000000.0,-2.54e+16,4.32e+16,gcmt,subduction_intraslab
C200911040135A,2009-11-04T01:35:50,-70.95,-25.75,55.9,5.1,mw,32.0,38.0,128.0,167.0,61.0,64.0,64.0,32.0,23.0,180.0,12.0,275.0,4.019999999999999e+16,1.56e+16,-5.58e+16,1.23e+16,-2.37e+16,-9960000000000000.0,gcmt,subduction_intraslab
C200911130306A,2009-11-13T03:06:04,-71.01,-19.6,36.2,6.5,mw,342.0,24.0,92.0,160.0,66.0,89.0,69.0,69.0,1.0,160.0,21.0,251.0,5.28e+18,-1.2e+17,-5.16e+18,1.78e+18,-4.82e+18,2e+18,gcmt,subduction_intraslab
C200911161834A,2009-11-16T18:34:29,-71.04,-19.7,40.4,5.4,mw,344.0,30.0,90.0,163.0,60.0,90.0,75.0,73.0,0.0,163.0,15.0,253.0,5.65e+16,3260000000000000.0,-5.97e+16,1.01e+16,-3.33e+16,2.06e+16,gcmt,subduction_intraslab
C200912280057A,2009-12-28T00:57:20,-70.7,-22.59,42.9,5.2,mw,1.0,26.0,106.0,163.0,65.0,82.0,69.0,58.0,7.0,166.0,20.0,259.0,6.22e+16,1.04e+16,-7.26e+16,1.97e+16,-5.520000000000001e+16,1.33e+16,gcmt,subduction_intraslab
C200912291147A,2009-12-29T11:47:36,-73.39,-36.78,43.4,5.3,mw,1.0,21.0,95.0,175.0,69.0,88.0,66.0,82.0,2.0,176.0,24.0,267.0,3.37e+16,1850000000000000.0,-3.55e+16,3600000000000000.0,-3.76e+16,1250000000000000.0,gcmt,subduction_intraslab
C200912291147A,2009-12-29T11:47:36,-73.39,-36.78,43.4,5.3,mw,1.0,21.0,95.0,175.0,69.0,88.0,66.0,82.0,2.0,176.0,24.0,267.0,3.37e+16,1850000000000000.0,-3.55e+16,3600000000000000.0,-3.76e+16,1250000000000000.0,gcmt,subduction_intraslab
C201001300550A,2010-01-30T05:50:14,-71.32,-28.26,55.0,5.3,mw,17.0,31.0,107.0,177.0,60.0,80.0,73.0,63.0,9.0,182.0,15.0,274.0,8.63e+16,1.9e+16,-1.05e+17,8100000000000000.0,-5.550000000000001e+16,-1.31e+16,gcmt,subduction_intraslab
C201001300550A,2010-01-30T05:50:14,-71.32,-28.26,55.0,5.3,mw,17.0,31.0,107.0,177.0,60.0,80.0,73.0,63.0,9.0,182.0,15.0,274.0,8.63e+16,1.9e+16,-1.05e+17,8100000000000000.0,-5.550000000000001e+16,-1.31e+16,gcmt,subduction_intraslab
C201002271900A,2010-02-27T19:00:12,-72.29,-33.62,24.2,6.3,mw,3.0,27.0,97.0,175.0,64.0,86.0,71.0,77.0,3.0,177.0,19.0,268.0,2.42e+18,-3.43e+17,-2.08e+18,2.61e+17,-1.7e+18,8999999999999998.0,gcmt,subduction_intraslab
C201002271900A,2010-02-27T19:00:12,-72.29,-33.62,24.2,6.3,mw,3.0,27.0,97.0,175.0,64.0,86.0,71.0,77.0,3.0,177.0,19.0,268.0,2.42e+18,-3.43e+17,-2.08e+18,2.61e+17,-1.7e+18,8999999999999998.0,gcmt,subduction_intraslab
C201002272302A,2010-02-27T23:02:06,-73.33,-37.94,53.4,5.9,mw,349.0,27.0,90.0,169.0,63.0,90.0,72.0,79.0,0.0,349.0,18.0,259.0,7.05e+17,-1.22e+17,-5.83e+17,9.1e+16,-4.6e+17,9.5e+16,gcmt,subduction_intraslab
C201002272302A,2010-02-27T23:02:06,-73.33,-37.94,53.4,5.9,mw,349.0,27.0,90.0,169.0,63.0,90.0,72.0,79.0,0.0,349.0,18.0,259.0,7.05e+17,-1.22e+17,-5.83e+17,9.1e+16,-4.6e+17,9.5e+16,gcmt,subduction_intraslab
C201002280108A,2010-02-28T01:08:28,-72.46,-34.25,31.5,5.9,mw,13.0,24.0,95.0,187.0,66.0,88.0,69.0,93.0,2.0,188.0,21.0,279.0,7.36e+17,-5.7e+16,-6.79e+17,-6.5e+16,-6.53e+17,-1.17e+17,gcmt,subduction_intraslab
C201002280108A,2010-02-28T01:08:28,-72.46,-34.25,31.5,5.9,mw,13.0,24.0,95.0,187.0,66.0,88.0,69.0,93.0,2.0,188.0,21.0,279.0,7.36e+17,-5.7e+16,-6.79e+17,-6.5e+16,-6.53e+17,-1.17e+17,gcmt,subduction_intraslab
C201002281125A,2010-02-28T11:25:39,-72.05,-35.11,53.5,6.2,mw,17.0,25.0,113.0,171.0,67.0,80.0,66.0,63.0,10.0,175.0,22.0,269.0,1.65e+18,1.95e+17,-1.84e+18,3.93e+17,-1.64e+18,-1.13e+17,gcmt,subduction_intraslab
C201002281125A,2010-02-28T11:25:39,-72.05,-35.11,53.5,6.2,mw,17.0,25.0,113.0,171.0,67.0,80.0,66.0,63.0,10.0,175.0,22.0,269.0,1.65e+18,1.95e+17,-1.84e+18,3.93e+17,-1.64e+18,-1.13e+17,gcmt,subduction_intraslab
C201003010110A,2010-03-01T01:11:00,-72.33,-35.4,57.8,5.4,mw,34.0,33.0,130.0,169.0,65.0,67.0,63.0,43.0,20.0,179.0,17.0,276.0,5.05e+16,2.2e+16,-7.25e+16,1.34e+16,-4.46e+16,-1.48e+16,gcmt,subduction_intraslab
C201003010110A,2010-03-01T01:11:00,-72.33,-35.4,57.8,5.4,mw,34.0,33.0,130.0,169.0,65.0,67.0,63.0,43.0,20.0,179.0,17.0,276.0,5.05e+16,2.2e+16,-7.25e+16,1.34e+16,-4.46e+16,-1.48e+16,gcmt,subduction_intraslab
C201003011656A,2010-03-01T16:56:54,-72.7,-36.4,67.6,5.1,mw,43.0,35.0,125.0,182.0,62.0,68.0,66.0,53.0,19.0,193.0,15.0,288.0,2.5e+16,2650000000000000.0,-2.77e+16,3140000000000000.0,-1.8e+16,-1.39e+16,gcmt,subduction_intraslab
C201003011656A,2010-03-01T16:56:54,-72.7,-36.4,67.6,5.1,mw,43.0,35.0,125.0,182.0,62.0,68.0,66.0,53.0,19.0,193.0,15.0,288.0,2.5e+16,2650000000000000.0,-2.77e+16,3140000000000000.0,-1.8e+16,-1.39e+16,gcmt,subduction_intraslab
C201003050736A,2010-03-05T07:36:45,-73.41,-35.35,36.2,5.1,mw,266.0,50.0,-3.0,358.0,88.0,-140.0,25.0,125.0,50.0,1.0,29.0,230.0,-6370000000000000.0,-3870000000000000.0,1.02e+16,-4300000000000000.0,-3.38e+16,4.1e+16,gcmt,subduction_intraslab
C201003050736A,2010-03-05T07:36:45,-73.41,-35.35,36.2,5.1,mw,266.0,50.0,-3.0,358.0,88.0,-140.0,25.0,125.0,50.0,1.0,29.0,230.0,-6370000000000000.0,-3870000000000000.0,1.02e+16,-4300000000000000.0,-3.38e+16,4.1e+16,gcmt,subduction_intraslab
C201003070446A,2010-03-07T04:46:35,-72.18,-33.14,29.1,5.3,mw,7.0,26.0,92.0,185.0,64.0,89.0,71.0,92.0,1.0,185.0,19.0,275.0,4.3e+16,-1390000000000000.0,-4.17e+16,-2080000000000000.0,-3.31e+16,-4210000000000000.0,gcmt,subduction_intraslab
C201003070446A,2010-03-07T04:46:35,-72.18,-33.14,29.1,5.3,mw,7.0,26.0,92.0,185.0,64.0,89.0,71.0,92.0,1.0,185.0,19.0,275.0,4.3e+16,-1390000000000000.0,-4.17e+16,-2080000000000000.0,-3.31e+16,-4210000000000000.0,gcmt,subduction_intraslab
C201003071836A,2010-03-07T18:36:04,-72.22,-34.65,47.0,5.5,mw,24.0,27.0,114.0,177.0,65.0,78.0,67.0,64.0,11.0,182.0,19.0,276.0,7.07e+16,1.61e+16,-8.68e+16,8400000000000002.0,-6.58e+16,-1.62e+16,gcmt,subduction_intraslab
C201003071836A,2010-03-07T18:36:04,-72.22,-34.65,47.0,5.5,mw,24.0,27.0,114.0,177.0,65.0,78.0,67.0,64.0,11.0,182.0,19.0,276.0,7.07e+16,1.61e+16,-8.68e+16,8400000000000002.0,-6.58e+16,-1.62e+16,gcmt,subduction_intraslab
C201003072200A,2010-03-07T22:00:40,-72.18,-34.01,34.4,5.1,mw,26.0,42.0,113.0,176.0,52.0,71.0,74.0,29.0,15.0,189.0,5.0,280.0,6.21e+16,9780000000000000.0,-7.18e+16,1.23e+16,-1.54e+16,-1.66e+16,gcmt,subduction_intraslab
C201003072200A,2010-03-07T22:00:40,-72.18,-34.01,34.4,5.1,mw,26.0,42.0,113.0,176.0,52.0,71.0,74.0,29.0,15.0,189.0,5.0,280.0,6.21e+16,9780000000000000.0,-7.18e+16,1.23e+16,-1.54e+16,-1.66e+16,gcmt,subduction_intraslab
C201003072346A,2010-03-07T23:47:00,-73.36,-36.17,29.4,5.4,mw,26.0,21.0,-119.0,237.0,72.0,-80.0,26.0,319.0,10.0,54.0,62.0,162.0,-2.82e+16,1.24e+16,1.58e+16,3.48e+16,1.98e+16,1.76e+16,gcmt,subduction_intraslab
C201003072346A,2010-03-07T23:47:00,-73.36,-36.17,29.4,5.4,mw,26.0,21.0,-119.0,237.0,72.0,-80.0,26.0,319.0,10.0,54.0,62.0,162.0,-2.82e+16,1.24e+16,1.58e+16,3.48e+16,1.98e+16,1.76e+16,gcmt,subduction_intraslab
C201003092210A,2010-03-09T22:10:51,-72.83,-33.88,20.3,5.0,mw,358.0,22.0,76.0,193.0,69.0,96.0,66.0,113.0,5.0,11.0,23.0,279.0,3.84e+16,-550000000000000.0,-3.78e+16,-1.15e+16,-3.95e+16,-3610000000000000.0,gcmt,subduction_intraslab
C201003092210A,2010-03-09T22:10:51,-72.83,-33.88,20.3,5.0,mw,358.0,22.0,76.0,193.0,69.0,96.0,66.0,113.0,5.0,11.0,23.0,279.0,3.84e+16,-550000000000000.0,-3.78e+16,-1.15e+16,-3.95e+16,-3610000000000000.0,gcmt,subduction_intraslab
C201003100241A,2010-03-10T02:41:52,-73.13,-37.07,48.5,5.4,mw,19.0,32.0,107.0,178.0,60.0,80.0,73.0,62.0,9.0,184.0,14.0,276.0,6.2e+16,4680000000000000.0,-6.67e+16,6870000000000001.0,-3.63e+16,-1.04e+16,gcmt,subduction_intraslab
C201003100241A,2010-03-10T02:41:52,-73.13,-37.07,48.5,5.4,mw,19.0,32.0,107.0,178.0,60.0,80.0,73.0,62.0,9.0,184.0,14.0,276.0,6.2e+16,4680000000000000.0,-6.67e+16,6870000000000001.0,-3.63e+16,-1.04e+16,gcmt,subduction_intraslab
C201003112234A,2010-03-11T22:34:05,-74.11,-37.85,22.5,5.3,mw,351.0,20.0,82.0,180.0,70.0,93.0,65.0,95.0,3.0,359.0,25.0,267.0,7.95e+16,-8599999999999998.0,-7.09e+16,-2200000000000000.0,-8.91e+16,5900000000000000.0,gcmt,subduction_intraslab
C201003112234A,2010-03-11T22:34:05,-74.11,-37.85,22.5,5.3,mw,351.0,20.0,82.0,180.0,70.0,93.0,65.0,95.0,3.0,359.0,25.0,267.0,7.95e+16,-8599999999999998.0,-7.09e+16,-2200000000000000.0,-8.91e+16,5900000000000000.0,gcmt,subduction_intraslab
C201003130315A,2010-03-13T03:15:04,-74.02,-36.69,31.4,5.1,mw,2.0,23.0,88.0,183.0,67.0,91.0,68.0,95.0,1.0,3.0,22.0,273.0,8.29e+16,-8000000000000000.0,-7.49e+16,-5400000000000000.0,-7.64e+16,-2800000000000000.0,gcmt,subduction_intraslab
C201003130315A,2010-03-13T03:15:04,-74.02,-36.69,31.4,5.1,mw,2.0,23.0,88.0,183.0,67.0,91.0,68.0,95.0,1.0,3.0,22.0,273.0,8.29e+16,-8000000000000000.0,-7.49e+16,-5400000000000000.0,-7.64e+16,-2800000000000000.0,gcmt,subduction_intraslab
C201003130319A,2010-03-13T03:19:10,-73.77,-36.77,23.7,5.3,mw,10.0,19.0,102.0,177.0,72.0,86.0,63.0,81.0,4.0,178.0,27.0,270.0,1.02e+17,-9100000000000000.0,-9.29e+16,1.16e+16,-1.32e+17,-6500000000000000.0,gcmt,subduction_intraslab
C201003130319A,2010-03-13T03:19:10,-73.77,-36.77,23.7,5.3,mw,10.0,19.0,102.0,177.0,72.0,86.0,63.0,81.0,4.0,178.0,27.0,270.0,1.02e+17,-9100000000000000.0,-9.29e+16,1.16e+16,-1.32e+17,-6500000000000000.0,gcmt,subduction_intraslab
C201003180318A,2010-03-18T03:18:24,-72.42,-34.49,30.6,5.1,mw,35.0,21.0,-54.0,177.0,73.0,-103.0,27.0,277.0,12.0,181.0,60.0,69.0,-3.44e+16,6860000000000001.0,2.75e+16,-8330000000000000.0,4.51e+16,1.01e+16,gcmt,subduction_intraslab
C201003180318A,2010-03-18T03:18:24,-72.42,-34.49,30.6,5.1,mw,35.0,21.0,-54.0,177.0,73.0,-103.0,27.0,277.0,12.0,181.0,60.0,69.0,-3.44e+16,6860000000000001.0,2.75e+16,-8330000000000000.0,4.51e+16,1.01e+16,gcmt,subduction_intraslab
C201003261452A,2010-03-26T14:52:11,-71.31,-28.11,41.4,6.3,mw,176.0,38.0,70.0,21.0,54.0,105.0,75.0,336.0,12.0,192.0,8.0,100.0,1.59e+18,9.4e+16,-1.69e+18,4.2e+17,4.26e+17,-2.8100000000000003e+17,gcmt,subduction_intraslab
C201003261452A,2010-03-26T14:52:11,-71.31,-28.11,41.4,6.3,mw,176.0,38.0,70.0,21.0,54.0,105.0,75.0,336.0,12.0,192.0,8.0,100.0,1.59e+18,9.4e+16,-1.69e+18,4.2e+17,4.26e+17,-2.8100000000000003e+17,gcmt,subduction_intraslab
C201003290735A,2010-03-29T07:35:10,-72.01,-34.92,53.2,5.8,mw,36.0,29.0,127.0,175.0,67.0,71.0,63.0,54.0,17.0,182.0,20.0,279.0,6.979999999999999e+16,1.62e+16,-8.6e+16,1.49e+16,-6.969999999999999e+16,-2.57e+16,gcmt,subduction_intraslab
C201003290735A,2010-03-29T07:35:10,-72.01,-34.92,53.2,5.8,mw,36.0,29.0,127.0,175.0,67.0,71.0,63.0,54.0,17.0,182.0,20.0,279.0,6.979999999999999e+16,1.62e+16,-8.6e+16,1.49e+16,-6.969999999999999e+16,-2.57e+16,gcmt,subduction_intraslab
C201004101506A,2010-04-10T15:06:37,-71.1,-25.75,75.2,5.5,mw,237.0,25.0,-15.0,341.0,84.0,-114.0,35.0,91.0,24.0,343.0,46.0,226.0,-3.4200000000000004e+16,-6.11e+16,9.53e+16,5.93e+16,-1.76e+17,4.59e+16,gcmt,subduction_intraslab
C201004180252A,2010-04-18T02:52:20,-74.22,-37.28,21.6,5.0,mw,348.0,33.0,74.0,187.0,59.0,100.0,74.0,123.0,8.0,2.0,13.0,270.0,4.7e+16,-3810000000000000.0,-4.32e+16,-8320000000000000.0,-2.22e+16,2210000000000000.0,gcmt,subduction_intraslab
C201004180252A,2010-04-18T02:52:20,-74.22,-37.28,21.6,5.0,mw,348.0,33.0,74.0,187.0,59.0,100.0,74.0,123.0,8.0,2.0,13.0,270.0,4.7e+16,-3810000000000000.0,-4.32e+16,-8320000000000000.0,-2.22e+16,2210000000000000.0,gcmt,subduction_intraslab
C201005060242A,2010-05-06T02:42:53,-71.25,-18.32,52.6,6.2,mw,357.0,37.0,104.0,160.0,54.0,80.0,78.0,33.0,8.0,166.0,9.0,257.0,2.26e+18,2.85e+17,-2.54e+18,4.58e+17,-6.89e+17,6.28e+17,gcmt,subduction_intraslab
C201005090329A,2010-05-09T03:29:39,-72.45,-34.13,23.2,5.1,mw,14.0,22.0,112.0,170.0,70.0,81.0,64.0,66.0,8.0,173.0,24.0,267.0,2.97e+16,1670000000000000.0,-3.14e+16,8129999999999998.0,-3.37e+16,-1020000000000000.0,gcmt,subduction_intraslab
C201005090329A,2010-05-09T03:29:39,-72.45,-34.13,23.2,5.1,mw,14.0,22.0,112.0,170.0,70.0,81.0,64.0,66.0,8.0,173.0,24.0,267.0,2.97e+16,1670000000000000.0,-3.14e+16,8129999999999998.0,-3.37e+16,-1020000000000000.0,gcmt,subduction_intraslab
C201005251309A,2010-05-25T13:09:29,-73.49,-37.83,47.6,5.1,mw,348.0,26.0,99.0,158.0,64.0,86.0,70.0,59.0,4.0,160.0,19.0,252.0,8.76e+16,-1900000000000000.0,-8.57e+16,2.94e+16,-6.55e+16,2.8000000000000004e+16,gcmt,subduction_intraslab
C201005251309A,2010-05-25T13:09:29,-73.49,-37.83,47.6,5.1,mw,348.0,26.0,99.0,158.0,64.0,86.0,70.0,59.0,4.0,160.0,19.0,252.0,8.76e+16,-1900000000000000.0,-8.57e+16,2.94e+16,-6.55e+16,2.8000000000000004e+16,gcmt,subduction_intraslab
C201006241324A,2010-06-24T13:24:09,-74.16,-37.07,20.1,5.2,mw,12.0,24.0,102.0,178.0,66.0,85.0,68.0,78.0,5.0,180.0,21.0,272.0,3.19e+16,-3730000000000000.0,-2.82e+16,2980000000000000.0,-2.78e+16,-2550000000000000.0,gcmt,subduction_intraslab
C201006241324A,2010-06-24T13:24:09,-74.16,-37.07,20.1,5.2,mw,12.0,24.0,102.0,178.0,66.0,85.0,68.0,78.0,5.0,180.0,21.0,272.0,3.19e+16,-3730000000000000.0,-2.82e+16,2980000000000000.0,-2.78e+16,-2550000000000000.0,gcmt,subduction_intraslab
C201007030005A,2010-07-03T00:05:10,-72.06,-34.63,56.2,5.1,mw,43.0,39.0,124.0,183.0,58.0,66.0,67.0,45.0,20.0,196.0,10.0,290.0,4.86e+16,-4760000000000000.0,-4.39e+16,1.31e+16,-2.5e+16,-2.13e+16,gcmt,subduction_intraslab
C201007030005A,2010-07-03T00:05:10,-72.06,-34.63,56.2,5.1,mw,43.0,39.0,124.0,183.0,58.0,66.0,67.0,45.0,20.0,196.0,10.0,290.0,4.86e+16,-4760000000000000.0,-4.39e+16,1.31e+16,-2.5e+16,-2.13e+16,gcmt,subduction_intraslab
C201007170607A,2010-07-17T06:07:47,-70.49,-24.85,57.9,5.5,mw,29.0,24.0,130.0,165.0,72.0,74.0,60.0,52.0,15.0,171.0,25.0,268.0,1.19e+17,3.01e+16,-1.5e+17,5.639999999999999e+16,-1.59e+17,-1.78e+16,gcmt,subduction_intraslab
C201008030529A,2010-08-03T05:29:24,-70.94,-19.99,28.5,5.0,mw,0.0,30.0,97.0,173.0,60.0,86.0,74.0,73.0,3.0,175.0,15.0,265.0,4.41e+16,850000000000000.0,-4.5e+16,4970000000000000.0,-2.61e+16,2829999999999999.5,gcmt,subduction_intraslab
C201008050627A,2010-08-05T06:27:26,-73.76,-37.57,29.6,5.2,mw,355.0,30.0,86.0,180.0,60.0,92.0,75.0,96.0,2.0,359.0,15.0,268.0,1.54e+17,-1.48e+16,-1.3899999999999998e+17,-3900000000000000.0,-8.65e+16,5800000000000000.0,gcmt,subduction_intraslab
C201008050627A,2010-08-05T06:27:26,-73.76,-37.57,29.6,5.2,mw,355.0,30.0,86.0,180.0,60.0,92.0,75.0,96.0,2.0,359.0,15.0,268.0,1.54e+17,-1.48e+16,-1.3899999999999998e+17,-3900000000000000.0,-8.65e+16,5800000000000000.0,gcmt,subduction_intraslab
C201008052035A,2010-08-05T20:35:54,-70.91,-20.09,25.2,5.2,mw,354.0,20.0,94.0,170.0,70.0,88.0,65.0,77.0,2.0,170.0,25.0,261.0,4.15e+16,4480000000000000.0,-4.6e+16,9710000000000000.0,-5.08e+16,7520000000000000.0,gcmt,subduction_intraslab
C201009200542A,2010-09-20T05:43:00,-72.36,-33.84,22.4,5.1,mw,348.0,22.0,78.0,182.0,69.0,95.0,66.0,100.0,4.0,360.0,24.0,268.0,3.71e+16,-470000000000000.0,-3.66e+16,-2819999999999999.5,-4.07e+16,3260000000000000.0,gcmt,subduction_intraslab
C201009200542A,2010-09-20T05:43:00,-72.36,-33.84,22.4,5.1,mw,348.0,22.0,78.0,182.0,69.0,95.0,66.0,100.0,4.0,360.0,24.0,268.0,3.71e+16,-470000000000000.0,-3.66e+16,-2819999999999999.5,-4.07e+16,3260000000000000.0,gcmt,subduction_intraslab
C201009231636A,2010-09-23T16:36:21,-72.13,-35.05,53.3,5.0,mw,19.0,30.0,113.0,173.0,63.0,78.0,70.0,58.0,11.0,179.0,17.0,273.0,1.05e+17,1.32e+16,-1.18e+17,1.97e+16,-7.69e+16,-1.3e+16,gcmt,subduction_intraslab
C201009231636A,2010-09-23T16:36:21,-72.13,-35.05,53.3,5.0,mw,19.0,30.0,113.0,173.0,63.0,78.0,70.0,58.0,11.0,179.0,17.0,273.0,1.05e+17,1.32e+16,-1.18e+17,1.97e+16,-7.69e+16,-1.3e+16,gcmt,subduction_intraslab
C201009260529A,2010-09-26T05:29:53,-73.14,-40.58,73.9,5.1,mw,126.0,43.0,103.0,289.0,48.0,78.0,81.0,134.0,9.0,297.0,3.0,27.0,3.86e+16,-3.8e+16,-600000000000000.0,-5679999999999999.0,-1780000000000000.0,2.61e+16,gcmt,subduction_intraslab
C201009260529A,2010-09-26T05:29:53,-73.14,-40.58,73.9,5.1,mw,126.0,43.0,103.0,289.0,48.0,78.0,81.0,134.0,9.0,297.0,3.0,27.0,3.86e+16,-3.8e+16,-600000000000000.0,-5679999999999999.0,-1780000000000000.0,2.61e+16,gcmt,subduction_intraslab
C201010230138A,2010-10-23T01:38:20,-71.39,-29.58,52.8,5.3,mw,9.0,33.0,82.0,199.0,57.0,95.0,77.0,126.0,5.0,16.0,12.0,285.0,2.3e+17,5.22e+16,-2.82e+17,-4.36e+16,-1.1000000000000002e+17,-9.06e+16,gcmt,subduction_intraslab
C201010230138A,2010-10-23T01:38:20,-71.39,-29.58,52.8,5.3,mw,9.0,33.0,82.0,199.0,57.0,95.0,77.0,126.0,5.0,16.0,12.0,285.0,2.3e+17,5.22e+16,-2.82e+17,-4.36e+16,-1.1000000000000002e+17,-9.06e+16,gcmt,subduction_intraslab
C201010231057A,2010-10-23T10:56:59,-73.87,-36.77,28.5,5.4,mw,31.0,29.0,110.0,188.0,63.0,79.0,70.0,76.0,10.0,193.0,18.0,286.0,3.89e+16,-1810000000000000.0,-3.71e+16,-550000000000000.0,-2.97e+16,-1.42e+16,gcmt,subduction_intraslab
C201010231057A,2010-10-23T10:56:59,-73.87,-36.77,28.5,5.4,mw,31.0,29.0,110.0,188.0,63.0,79.0,70.0,76.0,10.0,193.0,18.0,286.0,3.89e+16,-1810000000000000.0,-3.71e+16,-550000000000000.0,-2.97e+16,-1.42e+16,gcmt,subduction_intraslab
C201010291411A,2010-10-29T14:11:55,-72.03,-29.62,30.4,5.0,mw,313.0,31.0,36.0,192.0,72.0,116.0,55.0,135.0,25.0,3.0,23.0,262.0,4.29e+16,1.16e+16,-5.44e+16,-2.33e+16,-5.66e+16,2.38e+16,gcmt,subduction_intraslab
C201010291411A,2010-10-29T14:11:55,-72.03,-29.62,30.4,5.0,mw,313.0,31.0,36.0,192.0,72.0,116.0,55.0,135.0,25.0,3.0,23.0,262.0,4.29e+16,1.16e+16,-5.44e+16,-2.33e+16,-5.66e+16,2.38e+16,gcmt,subduction_intraslab
C201010310710A,2010-10-31T07:10:42,-72.39,-33.82,21.4,5.3,mw,4.0,20.0,94.0,180.0,70.0,89.0,65.0,87.0,1.0,180.0,25.0,271.0,6.24e+16,3700000000000000.0,-6.6e+16,1200000000000000.0,-7.72e+16,-1900000000000000.0,gcmt,subduction_intraslab
C201010310710A,2010-10-31T07:10:42,-72.39,-33.82,21.4,5.3,mw,4.0,20.0,94.0,180.0,70.0,89.0,65.0,87.0,1.0,180.0,25.0,271.0,6.24e+16,3700000000000000.0,-6.6e+16,1200000000000000.0,-7.72e+16,-1900000000000000.0,gcmt,subduction_intraslab
C201011280819A,2010-11-28T08:19:49,-72.29,-34.58,33.0,5.6,mw,40.0,24.0,-70.0,198.0,68.0,-99.0,22.0,294.0,8.0,201.0,66.0,92.0,-4.31e+16,2680000000000000.0,4.04e+16,1.25e+16,4.62e+16,2.61e+16,gcmt,subduction_intraslab
C201011280819A,2010-11-28T08:19:49,-72.29,-34.58,33.0,5.6,mw,40.0,24.0,-70.0,198.0,68.0,-99.0,22.0,294.0,8.0,201.0,66.0,92.0,-4.31e+16,2680000000000000.0,4.04e+16,1.25e+16,4.62e+16,2.61e+16,gcmt,subduction_intraslab
C201101071405A,2011-01-07T14:05:40,-73.73,-35.72,34.8,5.2,mw,26.0,37.0,90.0,206.0,53.0,90.0,82.0,118.0,0.0,26.0,8.0,296.0,6.92e+16,-2.43e+16,-4.49e+16,-7960000000000000.0,-1.51e+16,-1.33e+16,gcmt,subduction_intraslab
C201101071405A,2011-01-07T14:05:40,-73.73,-35.72,34.8,5.2,mw,26.0,37.0,90.0,206.0,53.0,90.0,82.0,118.0,0.0,26.0,8.0,296.0,6.92e+16,-2.43e+16,-4.49e+16,-7960000000000000.0,-1.51e+16,-1.33e+16,gcmt,subduction_intraslab
C201101172329A,2011-01-17T23:29:52,-71.62,-30.51,89.5,5.1,mw,223.0,19.0,-34.0,345.0,79.0,-106.0,32.0,89.0,16.0,348.0,53.0,236.0,-1.2e+16,-1.11e+16,2.32e+16,8930000000000000.0,-3.71e+16,4660000000000000.0,gcmt,subduction_intraslab
C201101172329A,2011-01-17T23:29:52,-71.62,-30.51,89.5,5.1,mw,223.0,19.0,-34.0,345.0,79.0,-106.0,32.0,89.0,16.0,348.0,53.0,236.0,-1.2e+16,-1.11e+16,2.32e+16,8930000000000000.0,-3.71e+16,4660000000000000.0,gcmt,subduction_intraslab
C201102100212A,2011-02-10T02:12:30,-70.62,-27.56,92.9,5.1,mw,341.0,70.0,21.0,244.0,71.0,158.0,29.0,202.0,61.0,24.0,1.0,293.0,2.69e+16,4.23e+16,-6.909999999999999e+16,-2.82e+16,1.03e+16,-5.540000000000001e+16,gcmt,subduction_intraslab
C201102100212A,2011-02-10T02:12:30,-70.62,-27.56,92.9,5.1,mw,341.0,70.0,21.0,244.0,71.0,158.0,29.0,202.0,61.0,24.0,1.0,293.0,2.69e+16,4.23e+16,-6.909999999999999e+16,-2.82e+16,1.03e+16,-5.540000000000001e+16,gcmt,subduction_intraslab
C201102181701A,2011-02-18T17:01:03,-72.37,-33.99,27.3,5.2,mw,14.0,20.0,105.0,178.0,71.0,85.0,64.0,79.0,5.0,180.0,26.0,272.0,5.8e+16,2700000000000000.0,-6.07e+16,5400000000000000.0,-7.39e+16,-6000000000000000.0,gcmt,subduction_intraslab
C201102181701A,2011-02-18T17:01:03,-72.37,-33.99,27.3,5.2,mw,14.0,20.0,105.0,178.0,71.0,85.0,64.0,79.0,5.0,180.0,26.0,272.0,5.8e+16,2700000000000000.0,-6.07e+16,5400000000000000.0,-7.39e+16,-6000000000000000.0,gcmt,subduction_intraslab
C201103162236A,2011-03-16T22:36:20,-71.89,-32.57,36.8,5.3,mw,15.0,28.0,105.0,179.0,63.0,83.0,71.0,73.0,7.0,182.0,18.0,275.0,1.69e+17,1.33e+16,-1.82e+17,1.28e+16,-1.29e+17,-2.35e+16,gcmt,subduction_intraslab
C201103162236A,2011-03-16T22:36:20,-71.89,-32.57,36.8,5.3,mw,15.0,28.0,105.0,179.0,63.0,83.0,71.0,73.0,7.0,182.0,18.0,275.0,1.69e+17,1.33e+16,-1.82e+17,1.28e+16,-1.29e+17,-2.35e+16,gcmt,subduction_intraslab
C201103171114A,2011-03-17T11:14:27,-72.0,-32.67,35.0,5.0,mw,6.0,28.0,101.0,174.0,62.0,84.0,72.0,70.0,5.0,176.0,17.0,268.0,6.23e+16,7199999999999999.0,-6.949999999999999e+16,8000000000000000.0,-4.5e+16,899999999999999.9,gcmt,subduction_intraslab
C201103171114A,2011-03-17T11:14:27,-72.0,-32.67,35.0,5.0,mw,6.0,28.0,101.0,174.0,62.0,84.0,72.0,70.0,5.0,176.0,17.0,268.0,6.23e+16,7199999999999999.0,-6.949999999999999e+16,8000000000000000.0,-4.5e+16,899999999999999.9,gcmt,subduction_intraslab
C201103201712A,2011-03-20T17:12:30,-70.61,-24.87,56.3,5.0,mw,10.0,29.0,110.0,167.0,63.0,79.0,70.0,55.0,10.0,172.0,18.0,265.0,4.54e+16,3120000000000000.0,-4.86e+16,1.21e+16,-3.21e+16,1750000000000000.0,gcmt,subduction_intraslab
C201103280610A,2011-03-28T06:10:44,-72.08,-34.91,51.1,5.2,mw,29.0,32.0,119.0,176.0,62.0,73.0,68.0,52.0,15.0,184.0,15.0,278.0,5.66e+16,-2110000000000000.0,-5.45e+16,1.42e+16,-3.62e+16,-1.29e+16,gcmt,subduction_intraslab
C201103280610A,2011-03-28T06:10:44,-72.08,-34.91,51.1,5.2,mw,29.0,32.0,119.0,176.0,62.0,73.0,68.0,52.0,15.0,184.0,15.0,278.0,5.66e+16,-2110000000000000.0,-5.45e+16,1.42e+16,-3.62e+16,-1.29e+16,gcmt,subduction_intraslab
C201104102024A,2011-04-10T20:24:26,-73.96,-36.17,18.0,5.0,mw,357.0,15.0,83.0,184.0,75.0,92.0,60.0,97.0,2.0,4.0,30.0,273.0,4.52e+16,600000000000000.0,-4.58e+16,-6100000000000000.0,-7.68e+16,-500000000000000.0,gcmt,subduction_intraslab
C201104102024A,2011-04-10T20:24:26,-73.96,-36.17,18.0,5.0,mw,357.0,15.0,83.0,184.0,75.0,92.0,60.0,97.0,2.0,4.0,30.0,273.0,4.52e+16,600000000000000.0,-4.58e+16,-6100000000000000.0,-7.68e+16,-500000000000000.0,gcmt,subduction_intraslab
C201104131514A,2011-04-13T15:14:45,-72.27,-33.78,31.2,5.1,mw,9.0,23.0,100.0,178.0,67.0,86.0,68.0,80.0,4.0,180.0,22.0,272.0,1.1499999999999998e+17,1.24e+16,-1.27e+17,7099999999999999.0,-1.18e+17,-8000000000000000.0,gcmt,subduction_intraslab
C201104131514A,2011-04-13T15:14:45,-72.27,-33.78,31.2,5.1,mw,9.0,23.0,100.0,178.0,67.0,86.0,68.0,80.0,4.0,180.0,22.0,272.0,1.1499999999999998e+17,1.24e+16,-1.27e+17,7099999999999999.0,-1.18e+17,-8000000000000000.0,gcmt,subduction_intraslab
C201104190057A,2011-04-19T00:57:30,-72.48,-33.3,20.6,5.0,mw,355.0,29.0,76.0,191.0,62.0,97.0,72.0,119.0,7.0,7.0,16.0,275.0,4.06e+16,-120000000000000.0,-4.05e+16,-8070000000000002.0,-2.53e+16,-2150000000000000.0,gcmt,subduction_intraslab
C201104190057A,2011-04-19T00:57:30,-72.48,-33.3,20.6,5.0,mw,355.0,29.0,76.0,191.0,62.0,97.0,72.0,119.0,7.0,7.0,16.0,275.0,4.06e+16,-120000000000000.0,-4.05e+16,-8070000000000002.0,-2.53e+16,-2150000000000000.0,gcmt,subduction_intraslab
C201104190550A,2011-04-19T05:50:49,-72.65,-33.97,21.4,5.0,mw,23.0,24.0,108.0,184.0,67.0,82.0,67.0,79.0,7.0,187.0,22.0,280.0,4.81e+16,-3620000000000000.0,-4.44e+16,1250000000000000.0,-4.58e+16,-1.08e+16,gcmt,subduction_intraslab
C201104190550A,2011-04-19T05:50:49,-72.65,-33.97,21.4,5.0,mw,23.0,24.0,108.0,184.0,67.0,82.0,67.0,79.0,7.0,187.0,22.0,280.0,4.81e+16,-3620000000000000.0,-4.44e+16,1250000000000000.0,-4.58e+16,-1.08e+16,gcmt,subduction_intraslab
C201104270457A,2011-04-27T04:57:37,-72.66,-34.01,20.2,5.1,mw,17.0,21.0,103.0,183.0,70.0,85.0,65.0,86.0,4.0,185.0,25.0,277.0,4.230000000000001e+16,-950000000000000.0,-4.13e+16,-1120000000000000.0,-4.97e+16,-7550000000000000.0,gcmt,subduction_intraslab
C201104270457A,2011-04-27T04:57:37,-72.66,-34.01,20.2,5.1,mw,17.0,21.0,103.0,183.0,70.0,85.0,65.0,86.0,4.0,185.0,25.0,277.0,4.230000000000001e+16,-950000000000000.0,-4.13e+16,-1120000000000000.0,-4.97e+16,-7550000000000000.0,gcmt,subduction_intraslab
C201105070657A,2011-05-07T06:57:34,-72.82,-33.98,29.1,5.0,mw,17.0,25.0,93.0,194.0,65.0,89.0,70.0,101.0,1.0,194.0,20.0,285.0,2.67e+16,-2850000000000000.0,-2.38e+16,-4980000000000000.0,-2.18e+16,-6220000000000000.0,gcmt,subduction_intraslab
C201105070657A,2011-05-07T06:57:34,-72.82,-33.98,29.1,5.0,mw,17.0,25.0,93.0,194.0,65.0,89.0,70.0,101.0,1.0,194.0,20.0,285.0,2.67e+16,-2850000000000000.0,-2.38e+16,-4980000000000000.0,-2.18e+16,-6220000000000000.0,gcmt,subduction_intraslab
C201105191705A,2011-05-19T17:05:14,-71.95,-34.63,53.2,5.2,mw,19.0,32.0,118.0,167.0,62.0,74.0,68.0,44.0,14.0,175.0,16.0,269.0,5.58e+16,5940000000000000.0,-6.17e+16,1.74e+16,-3.57e+16,-3370000000000000.0,gcmt,subduction_intraslab
C201105191705A,2011-05-19T17:05:14,-71.95,-34.63,53.2,5.2,mw,19.0,32.0,118.0,167.0,62.0,74.0,68.0,44.0,14.0,175.0,16.0,269.0,5.58e+16,5940000000000000.0,-6.17e+16,1.74e+16,-3.57e+16,-3370000000000000.0,gcmt,subduction_intraslab
C201106011347A,2011-06-01T13:47:30,-74.3,-37.37,27.0,5.1,mw,9.0,23.0,77.0,202.0,68.0,95.0,67.0,122.0,5.0,20.0,22.0,288.0,1.06e+17,-1.54e+16,-9.04e+16,-4.42e+16,-9.04e+16,-2.06e+16,gcmt,subduction_intraslab
C201106011347A,2011-06-01T13:47:30,-74.3,-37.37,27.0,5.1,mw,9.0,23.0,77.0,202.0,68.0,95.0,67.0,122.0,5.0,20.0,22.0,288.0,1.06e+17,-1.54e+16,-9.04e+16,-4.42e+16,-9.04e+16,-2.06e+16,gcmt,subduction_intraslab
C201106051025A,2011-06-05T10:25:21,-72.11,-35.01,50.1,5.6,mw,24.0,31.0,118.0,172.0,63.0,74.0,68.0,52.0,14.0,180.0,17.0,274.0,9.76e+16,4700000000000000.0,-1.02e+17,2.54e+16,-6.919999999999999e+16,-1.65e+16,gcmt,subduction_intraslab
C201106051025A,2011-06-05T10:25:21,-72.11,-35.01,50.1,5.6,mw,24.0,31.0,118.0,172.0,63.0,74.0,68.0,52.0,14.0,180.0,17.0,274.0,9.76e+16,4700000000000000.0,-1.02e+17,2.54e+16,-6.919999999999999e+16,-1.65e+16,gcmt,subduction_intraslab
C201107232245A,2011-07-23T22:45:25,-70.94,-20.12,28.1,5.1,mw,351.0,27.0,90.0,171.0,63.0,90.0,72.0,81.0,0.0,351.0,18.0,261.0,3.38e+16,1520000000000000.0,-3.53e+16,3960000000000000.0,-2.45e+16,6190000000000000.0,gcmt,subduction_intraslab
C201107240154A,2011-07-24T01:54:26,-70.95,-20.22,23.4,5.0,mw,344.0,27.0,90.0,163.0,63.0,90.0,72.0,73.0,0.0,163.0,18.0,253.0,3.25e+16,-4280000000000000.0,-2.82e+16,6760000000000000.0,-2.23e+16,7790000000000000.0,gcmt,subduction_intraslab
C201108280430A,2011-08-28T04:30:35,-72.38,-33.2,19.7,5.1,mw,7.0,23.0,90.0,187.0,67.0,90.0,68.0,97.0,0.0,7.0,22.0,277.0,9.47e+16,-1000000000000000.0,-9.36e+16,-1.2e+16,-9.37e+16,-1.2e+16,gcmt,subduction_intraslab
C201108280430A,2011-08-28T04:30:35,-72.38,-33.2,19.7,5.1,mw,7.0,23.0,90.0,187.0,67.0,90.0,68.0,97.0,0.0,7.0,22.0,277.0,9.47e+16,-1000000000000000.0,-9.36e+16,-1.2e+16,-9.37e+16,-1.2e+16,gcmt,subduction_intraslab
C201109100317A,2011-09-10T03:17:10,-72.47,-34.1,28.6,5.1,mw,27.0,25.0,112.0,184.0,67.0,80.0,66.0,76.0,9.0,187.0,22.0,281.0,2.75e+16,-640000000000000.0,-2.69e+16,820000000000000.0,-2.72e+16,-7820000000000000.0,gcmt,subduction_intraslab
C201109100317A,2011-09-10T03:17:10,-72.47,-34.1,28.6,5.1,mw,27.0,25.0,112.0,184.0,67.0,80.0,66.0,76.0,9.0,187.0,22.0,281.0,2.75e+16,-640000000000000.0,-2.69e+16,820000000000000.0,-2.72e+16,-7820000000000000.0,gcmt,subduction_intraslab
C201110301853A,2011-10-30T18:53:50,-71.01,-25.82,34.3,5.8,mw,13.0,26.0,113.0,168.0,66.0,79.0,67.0,58.0,10.0,172.0,20.0,266.0,4.14e+17,5.95e+16,-4.7300000000000006e+17,1.17e+17,-3.75e+17,1700000000000000.0,gcmt,subduction_intraslab
C201111011758A,2011-11-01T17:58:36,-69.43,-23.84,108.2,5.0,mw,118.0,38.0,-144.0,358.0,69.0,-58.0,18.0,65.0,30.0,165.0,54.0,309.0,-2.35e+16,-3490000000000000.0,2.7e+16,-1780000000000000.0,-2.58e+16,-2.5e+16,gcmt,subduction_intraslab
C201111050713A,2011-11-05T07:14:00,-70.58,-23.44,36.8,5.7,mw,237.0,26.0,140.0,4.0,74.0,70.0,57.0,248.0,19.0,10.0,26.0,110.0,2.78e+17,-8.56e+16,-1.92e+17,-5.550000000000001e+16,4.07e+17,-1.64e+17,gcmt,subduction_intraslab
C201111081718A,2011-11-08T17:18:14,-72.45,-34.16,28.9,5.2,mw,6.0,22.0,108.0,166.0,69.0,83.0,65.0,65.0,7.0,169.0,24.0,262.0,6.62e+16,8100000000000000.0,-7.43e+16,2.2e+16,-7.65e+16,7099999999999999.0,gcmt,subduction_intraslab
C201111081718A,2011-11-08T17:18:14,-72.45,-34.16,28.9,5.2,mw,6.0,22.0,108.0,166.0,69.0,83.0,65.0,65.0,7.0,169.0,24.0,262.0,6.62e+16,8100000000000000.0,-7.43e+16,2.2e+16,-7.65e+16,7099999999999999.0,gcmt,subduction_intraslab
C201111110808A,2011-11-11T08:08:50,-73.31,-38.24,41.3,5.1,mw,346.0,20.0,76.0,181.0,71.0,95.0,64.0,99.0,5.0,359.0,26.0,267.0,5.31e+16,-2670000000000000.0,-5.05e+16,-3800000000000000.0,-6.57e+16,6050000000000000.0,gcmt,subduction_intraslab
C201111110808A,2011-11-11T08:08:50,-73.31,-38.24,41.3,5.1,mw,346.0,20.0,76.0,181.0,71.0,95.0,64.0,99.0,5.0,359.0,26.0,267.0,5.31e+16,-2670000000000000.0,-5.05e+16,-3800000000000000.0,-6.57e+16,6050000000000000.0,gcmt,subduction_intraslab
C201111220741A,2011-11-22T07:41:36,-71.98,-34.8,52.6,5.3,mw,43.0,31.0,129.0,179.0,66.0,69.0,63.0,55.0,19.0,188.0,18.0,285.0,3.91e+16,5620000000000001.0,-4.47e+16,6380000000000000.0,-3.68e+16,-2e+16,gcmt,subduction_intraslab
C201111220741A,2011-11-22T07:41:36,-71.98,-34.8,52.6,5.3,mw,43.0,31.0,129.0,179.0,66.0,69.0,63.0,55.0,19.0,188.0,18.0,285.0,3.91e+16,5620000000000001.0,-4.47e+16,6380000000000000.0,-3.68e+16,-2e+16,gcmt,subduction_intraslab
C201112072223A,2011-12-07T22:23:14,-71.55,-28.03,22.8,6.1,mw,17.0,25.0,109.0,176.0,67.0,81.0,67.0,70.0,8.0,179.0,21.0,272.0,1.12e+18,1.16e+17,-1.24e+18,1.61e+17,-1.09e+18,-1.29e+17,gcmt,subduction_intraslab
C201112072223A,2011-12-07T22:23:14,-71.55,-28.03,22.8,6.1,mw,17.0,25.0,109.0,176.0,67.0,81.0,67.0,70.0,8.0,179.0,21.0,272.0,1.12e+18,1.16e+17,-1.24e+18,1.61e+17,-1.09e+18,-1.29e+17,gcmt,subduction_intraslab
C201201092130A,2012-01-09T21:30:54,-71.93,-32.7,35.5,5.2,mw,11.0,23.0,100.0,180.0,68.0,86.0,67.0,83.0,4.0,182.0,23.0,273.0,5.779999999999999e+16,5900000000000000.0,-6.37e+16,1300000000000000.0,-6.14e+16,-6400000000000000.0,gcmt,subduction_intraslab
C201201092130A,2012-01-09T21:30:54,-71.93,-32.7,35.5,5.2,mw,11.0,23.0,100.0,180.0,68.0,86.0,67.0,83.0,4.0,182.0,23.0,273.0,5.779999999999999e+16,5900000000000000.0,-6.37e+16,1300000000000000.0,-6.14e+16,-6400000000000000.0,gcmt,subduction_intraslab
C201201172321A,2012-01-17T23:21:38,-71.95,-31.76,33.9,5.6,mw,355.0,29.0,87.0,178.0,61.0,91.0,74.0,91.0,1.0,357.0,16.0,267.0,3.35e+17,5400000000000000.0,-3.41e+17,3000000000000000.0,-2.17e+17,2.05e+16,gcmt,subduction_intraslab
C201201172321A,2012-01-17T23:21:38,-71.95,-31.76,33.9,5.6,mw,355.0,29.0,87.0,178.0,61.0,91.0,74.0,91.0,1.0,357.0,16.0,267.0,3.35e+17,5400000000000000.0,-3.41e+17,3000000000000000.0,-2.17e+17,2.05e+16,gcmt,subduction_intraslab
C201201172323A,2012-01-17T23:23:24,-71.96,-31.86,39.1,5.8,mw,7.0,40.0,91.0,185.0,50.0,89.0,85.0,86.0,1.0,186.0,5.0,276.0,3.66e+17,-1.24e+17,-2.42e+17,1500000000000000.0,-5.17e+16,-1.24e+16,gcmt,subduction_intraslab
C201201172323A,2012-01-17T23:23:24,-71.96,-31.86,39.1,5.8,mw,7.0,40.0,91.0,185.0,50.0,89.0,85.0,86.0,1.0,186.0,5.0,276.0,3.66e+17,-1.24e+17,-2.42e+17,1500000000000000.0,-5.17e+16,-1.24e+16,gcmt,subduction_intraslab
C201203031101A,2012-03-03T11:01:47,-71.55,-30.48,66.0,5.3,mw,179.0,23.0,88.0,1.0,67.0,91.0,68.0,273.0,1.0,181.0,22.0,91.0,6.5e+16,2600000000000000.0,-6.760000000000001e+16,1900000000000000.0,6.36e+16,-200000000000000.0,gcmt,subduction_intraslab
C201203031101A,2012-03-03T11:01:47,-71.55,-30.48,66.0,5.3,mw,179.0,23.0,88.0,1.0,67.0,91.0,68.0,273.0,1.0,181.0,22.0,91.0,6.5e+16,2600000000000000.0,-6.760000000000001e+16,1900000000000000.0,6.36e+16,-200000000000000.0,gcmt,subduction_intraslab
C201203032212A,2012-03-03T22:13:00,-73.17,-35.77,31.2,5.0,mw,45.0,30.0,101.0,213.0,61.0,84.0,74.0,107.0,5.0,216.0,15.0,307.0,5.14e+16,-1.85e+16,-3.28e+16,-1.56e+16,-2.91e+16,-3.1e+16,gcmt,subduction_intraslab
C201203032212A,2012-03-03T22:13:00,-73.17,-35.77,31.2,5.0,mw,45.0,30.0,101.0,213.0,61.0,84.0,74.0,107.0,5.0,216.0,15.0,307.0,5.14e+16,-1.85e+16,-3.28e+16,-1.56e+16,-2.91e+16,-3.1e+16,gcmt,subduction_intraslab
C201203041627A,2012-03-04T16:27:26,-70.39,-21.45,44.8,5.3,mw,17.0,36.0,119.0,163.0,59.0,71.0,70.0,31.0,16.0,173.0,12.0,267.0,4.41e+16,7570000000000000.0,-5.17e+16,1.44e+16,-2e+16,470000000000000.0,gcmt,subduction_intraslab
C201203240728A,2012-03-24T07:28:37,-71.21,-33.04,91.2,5.2,mw,68.0,64.0,2.0,337.0,88.0,154.0,19.0,289.0,64.0,152.0,16.0,25.0,4510000000000000.0,-4.12e+16,3.67e+16,-1.06e+16,2.41e+16,3.87e+16,gcmt,subduction_intraslab
C201203240728A,2012-03-24T07:28:37,-71.21,-33.04,91.2,5.2,mw,68.0,64.0,2.0,337.0,88.0,154.0,19.0,289.0,64.0,152.0,16.0,25.0,4510000000000000.0,-4.12e+16,3.67e+16,-1.06e+16,2.41e+16,3.87e+16,gcmt,subduction_intraslab
C201204010731A,2012-04-01T07:31:40,-69.51,-23.31,110.9,5.2,mw,260.0,48.0,-18.0,2.0,77.0,-137.0,18.0,125.0,45.0,15.0,39.0,230.0,-1.1200000000000002e+16,2580000000000000.0,8570000000000000.0,9740000000000000.0,-2.63e+16,2.87e+16,gcmt,subduction_intraslab
C201204170350A,2012-04-17T03:50:24,-71.69,-32.77,39.6,6.7,mw,2.0,24.0,95.0,176.0,66.0,88.0,68.0,81.0,2.0,177.0,21.0,267.0,9.7e+18,2.2e+17,-9.93e+18,9.1e+17,-9.08e+18,2.7e+17,gcmt,subduction_intraslab
C201204170350A,2012-04-17T03:50:24,-71.69,-32.77,39.6,6.7,mw,2.0,24.0,95.0,176.0,66.0,88.0,68.0,81.0,2.0,177.0,21.0,267.0,9.7e+18,2.2e+17,-9.93e+18,9.1e+17,-9.08e+18,2.7e+17,gcmt,subduction_intraslab
C201204300739A,2012-04-30T07:39:49,-71.81,-29.88,39.0,5.6,mw,330.0,47.0,35.0,214.0,65.0,131.0,51.0,172.0,37.0,14.0,11.0,276.0,1.87e+17,1.28e+17,-3.15e+17,-1.58e+17,-8.41e+16,-1.6900000000000002e+16,gcmt,subduction_intraslab
C201204300739A,2012-04-30T07:39:49,-71.81,-29.88,39.0,5.6,mw,330.0,47.0,35.0,214.0,65.0,131.0,51.0,172.0,37.0,14.0,11.0,276.0,1.87e+17,1.28e+17,-3.15e+17,-1.58e+17,-8.41e+16,-1.6900000000000002e+16,gcmt,subduction_intraslab
C201205190835A,2012-05-19T08:35:15,-71.14,-25.84,32.6,5.9,mw,23.0,44.0,125.0,160.0,55.0,62.0,66.0,14.0,23.0,177.0,6.0,270.0,6.88e+17,7.4e+16,-7.61e+17,3.3e+17,-1.61e+17,-3.2e+16,gcmt,subduction_intraslab
C201207012339A,2012-07-01T23:39:11,-71.52,-28.66,40.3,5.4,mw,23.0,34.0,123.0,165.0,62.0,70.0,67.0,37.0,18.0,175.0,15.0,270.0,8.52e+16,1.01e+16,-9.53e+16,3.19e+16,-5.04e+16,-7500000000000000.0,gcmt,subduction_intraslab
C201207012339A,2012-07-01T23:39:11,-71.52,-28.66,40.3,5.4,mw,23.0,34.0,123.0,165.0,62.0,70.0,67.0,37.0,18.0,175.0,15.0,270.0,8.52e+16,1.01e+16,-9.53e+16,3.19e+16,-5.04e+16,-7500000000000000.0,gcmt,subduction_intraslab
C201207040833A,2012-07-04T08:33:10,-73.31,-38.09,44.6,5.2,mw,344.0,27.0,73.0,183.0,64.0,98.0,70.0,110.0,8.0,359.0,19.0,266.0,4.519999999999999e+16,-2980000000000000.0,-4.22e+16,-5880000000000000.0,-3.42e+16,5270000000000000.0,gcmt,subduction_intraslab
C201207040833A,2012-07-04T08:33:10,-73.31,-38.09,44.6,5.2,mw,344.0,27.0,73.0,183.0,64.0,98.0,70.0,110.0,8.0,359.0,19.0,266.0,4.519999999999999e+16,-2980000000000000.0,-4.22e+16,-5880000000000000.0,-3.42e+16,5270000000000000.0,gcmt,subduction_intraslab
C201207181824A,2012-07-18T18:24:14,-70.9,-20.79,29.4,5.1,mw,358.0,22.0,96.0,171.0,68.0,88.0,67.0,77.0,2.0,172.0,23.0,263.0,5.9e+16,3200000000000000.0,-6.21e+16,1.09e+16,-6.22e+16,6800000000000000.0,gcmt,subduction_intraslab
C201208070039A,2012-08-07T00:39:07,-70.88,-27.96,65.5,5.6,mw,276.0,38.0,180.0,6.0,90.0,52.0,34.0,244.0,38.0,6.0,34.0,128.0,200000000000000.0,-1.3800000000000002e+16,1.35e+16,1.01e+16,8.99e+16,-6.999999999999999e+16,gcmt,subduction_intraslab
C201208070039A,2012-08-07T00:39:07,-70.88,-27.96,65.5,5.6,mw,276.0,38.0,180.0,6.0,90.0,52.0,34.0,244.0,38.0,6.0,34.0,128.0,200000000000000.0,-1.3800000000000002e+16,1.35e+16,1.01e+16,8.99e+16,-6.999999999999999e+16,gcmt,subduction_intraslab
C201208270039A,2012-08-27T00:39:59,-69.63,-24.03,93.3,5.0,mw,206.0,57.0,-39.0,320.0,58.0,-140.0,1.0,83.0,41.0,352.0,49.0,173.0,-1.69e+16,-1.34e+16,3.03e+16,9610000000000000.0,750000000000000.0,-5470000000000000.0,gcmt,subduction_intraslab
C201208300804A,2012-08-30T08:04:40,-74.04,-37.34,26.2,5.1,mw,352.0,17.0,79.0,183.0,73.0,93.0,62.0,98.0,3.0,2.0,28.0,270.0,3.64e+16,4630000000000000.0,-4.1e+16,-3920000000000000.0,-5.64e+16,1440000000000000.0,gcmt,subduction_intraslab
C201208300804A,2012-08-30T08:04:40,-74.04,-37.34,26.2,5.1,mw,352.0,17.0,79.0,183.0,73.0,93.0,62.0,98.0,3.0,2.0,28.0,270.0,3.64e+16,4630000000000000.0,-4.1e+16,-3920000000000000.0,-5.64e+16,1440000000000000.0,gcmt,subduction_intraslab
C201209011038A,2012-09-01T10:38:42,-71.57,-27.46,49.2,5.0,mw,298.0,26.0,10.0,199.0,85.0,116.0,44.0,134.0,25.0,17.0,35.0,267.0,6370000000000000.0,1.84e+16,-2.47e+16,-1.3799999999999998e+16,-4.78e+16,1.42e+16,gcmt,subduction_intraslab
C201209011038A,2012-09-01T10:38:42,-71.57,-27.46,49.2,5.0,mw,298.0,26.0,10.0,199.0,85.0,116.0,44.0,134.0,25.0,17.0,35.0,267.0,6370000000000000.0,1.84e+16,-2.47e+16,-1.3799999999999998e+16,-4.78e+16,1.42e+16,gcmt,subduction_intraslab
C201210152104A,2012-10-15T21:04:22,-72.29,-31.81,21.9,5.2,mw,348.0,28.0,77.0,183.0,62.0,97.0,72.0,108.0,6.0,359.0,17.0,267.0,5.12e+16,-1700000000000000.0,-4.95e+16,-5370000000000000.0,-3.47e+16,4350000000000000.0,gcmt,subduction_intraslab
C201210152104A,2012-10-15T21:04:22,-72.29,-31.81,21.9,5.2,mw,348.0,28.0,77.0,183.0,62.0,97.0,72.0,108.0,6.0,359.0,17.0,267.0,5.12e+16,-1700000000000000.0,-4.95e+16,-5370000000000000.0,-3.47e+16,4350000000000000.0,gcmt,subduction_intraslab
C201211141902A,2012-11-14T19:02:07,-71.66,-29.32,69.4,6.2,mw,248.0,23.0,-28.0,4.0,79.0,-111.0,31.0,111.0,21.0,8.0,51.0,250.0,-8.23e+17,1.87e+17,6.36e+17,6.1e+16,-2.06e+18,8.56e+17,gcmt,subduction_intraslab
C201211141902A,2012-11-14T19:02:07,-71.66,-29.32,69.4,6.2,mw,248.0,23.0,-28.0,4.0,79.0,-111.0,31.0,111.0,21.0,8.0,51.0,250.0,-8.23e+17,1.87e+17,6.36e+17,6.1e+16,-2.06e+18,8.56e+17,gcmt,subduction_intraslab
C201211211816A,2012-11-21T18:16:41,-72.4,-33.93,27.9,5.1,mw,19.0,24.0,118.0,169.0,69.0,79.0,64.0,60.0,11.0,173.0,23.0,268.0,5.93e+16,3400000000000000.0,-6.27e+16,1.89e+16,-6.4e+16,-5000000000000000.0,gcmt,subduction_intraslab
C201211211816A,2012-11-21T18:16:41,-72.4,-33.93,27.9,5.1,mw,19.0,24.0,118.0,169.0,69.0,79.0,64.0,60.0,11.0,173.0,23.0,268.0,5.93e+16,3400000000000000.0,-6.27e+16,1.89e+16,-6.4e+16,-5000000000000000.0,gcmt,subduction_intraslab
C201211212252A,2012-11-21T22:52:31,-72.49,-34.04,33.3,5.2,mw,11.0,32.0,101.0,177.0,58.0,83.0,75.0,67.0,6.0,181.0,13.0,272.0,5.19e+16,670000000000000.0,-5.26e+16,5020000000000000.0,-2.62e+16,-3600000000000000.0,gcmt,subduction_intraslab
C201211212252A,2012-11-21T22:52:31,-72.49,-34.04,33.3,5.2,mw,11.0,32.0,101.0,177.0,58.0,83.0,75.0,67.0,6.0,181.0,13.0,272.0,5.19e+16,670000000000000.0,-5.26e+16,5020000000000000.0,-2.62e+16,-3600000000000000.0,gcmt,subduction_intraslab
C201212030931A,2012-12-03T09:31:57,-70.58,-28.75,108.6,5.2,mw,88.0,33.0,-34.0,207.0,72.0,-118.0,22.0,319.0,27.0,217.0,54.0,83.0,-2.98e+16,2.7e+16,2790000000000000.5,1.8e+16,4.04e+16,3.55e+16,gcmt,subduction_intraslab
C201212030931A,2012-12-03T09:31:57,-70.58,-28.75,108.6,5.2,mw,88.0,33.0,-34.0,207.0,72.0,-118.0,22.0,319.0,27.0,217.0,54.0,83.0,-2.98e+16,2.7e+16,2790000000000000.5,1.8e+16,4.04e+16,3.55e+16,gcmt,subduction_intraslab
C201212241212A,2012-12-24T12:12:41,-71.79,-29.01,41.2,5.4,mw,353.0,41.0,57.0,214.0,57.0,115.0,68.0,175.0,21.0,19.0,8.0,286.0,6.730000000000001e+16,1.13e+16,-7.86e+16,-2.91e+16,-1.56e+16,-2.39e+16,gcmt,subduction_intraslab
C201212241212A,2012-12-24T12:12:41,-71.79,-29.01,41.2,5.4,mw,353.0,41.0,57.0,214.0,57.0,115.0,68.0,175.0,21.0,19.0,8.0,286.0,6.730000000000001e+16,1.13e+16,-7.86e+16,-2.91e+16,-1.56e+16,-2.39e+16,gcmt,subduction_intraslab
C201301302015A,2013-01-30T20:15:50,-71.18,-28.09,45.8,6.8,mw,31.0,30.0,119.0,178.0,64.0,75.0,67.0,59.0,14.0,185.0,18.0,279.0,1.35e+19,6.5e+17,-1.42e+19,2.33e+18,-1.09e+19,-3.94e+18,gcmt,subduction_intraslab
C201301302015A,2013-01-30T20:15:50,-71.18,-28.09,45.8,6.8,mw,31.0,30.0,119.0,178.0,64.0,75.0,67.0,59.0,14.0,185.0,18.0,279.0,1.35e+19,6.5e+17,-1.42e+19,2.33e+18,-1.09e+19,-3.94e+18,gcmt,subduction_intraslab
C201302101954A,2013-02-10T19:54:32,-72.21,-33.58,30.9,5.4,mw,6.0,24.0,100.0,176.0,66.0,86.0,69.0,77.0,4.0,177.0,21.0,269.0,1.43e+17,-1.07e+16,-1.32e+17,1.66e+16,-1.23e+17,-3300000000000000.0,gcmt,subduction_intraslab
C201302101954A,2013-02-10T19:54:32,-72.21,-33.58,30.9,5.4,mw,6.0,24.0,100.0,176.0,66.0,86.0,69.0,77.0,4.0,177.0,21.0,269.0,1.43e+17,-1.07e+16,-1.32e+17,1.66e+16,-1.23e+17,-3300000000000000.0,gcmt,subduction_intraslab
C201303021142A,2013-03-02T11:42:05,-70.41,-22.9,56.0,5.1,mw,199.0,34.0,-40.0,323.0,69.0,-118.0,19.0,74.0,26.0,334.0,57.0,196.0,-1.78e+16,-1.21e+16,2.9900000000000004e+16,1.2e+16,-1.71e+16,-1.07e+16,gcmt,subduction_intraslab
C201308050540A,2013-08-05T05:41:02,-71.01,-20.14,22.8,5.2,mw,356.0,27.0,97.0,168.0,63.0,86.0,72.0,70.0,3.0,169.0,18.0,260.0,8.85e+16,1.22e+16,-1.01e+17,1.7000000000000002e+16,-6.850000000000001e+16,1.77e+16,gcmt,subduction_intraslab
C201308162217A,2013-08-16T22:17:33,-71.31,-28.69,49.2,5.4,mw,148.0,34.0,47.0,16.0,66.0,115.0,61.0,324.0,22.0,186.0,17.0,89.0,4.37e+16,2.53e+16,-6.9e+16,1.42e+16,3.89e+16,7110000000000000.0,gcmt,subduction_intraslab
C201308162217A,2013-08-16T22:17:33,-71.31,-28.69,49.2,5.4,mw,148.0,34.0,47.0,16.0,66.0,115.0,61.0,324.0,22.0,186.0,17.0,89.0,4.37e+16,2.53e+16,-6.9e+16,1.42e+16,3.89e+16,7110000000000000.0,gcmt,subduction_intraslab
C201310312303A,2013-10-31T23:04:07,-71.86,-30.46,35.8,6.6,mw,5.0,28.0,98.0,175.0,62.0,85.0,73.0,74.0,4.0,177.0,17.0,268.0,5.52e+18,2.26e+17,-5.75e+18,5.5400000000000006e+17,-3.75e+18,1.9e+16,gcmt,subduction_intraslab
C201310312303A,2013-10-31T23:04:07,-71.86,-30.46,35.8,6.6,mw,5.0,28.0,98.0,175.0,62.0,85.0,73.0,74.0,4.0,177.0,17.0,268.0,5.52e+18,2.26e+17,-5.75e+18,5.5400000000000006e+17,-3.75e+18,1.9e+16,gcmt,subduction_intraslab
C201311071701A,2013-11-07T17:01:09,-74.25,-37.6,22.0,5.0,mw,339.0,30.0,69.0,183.0,62.0,102.0,71.0,120.0,10.0,358.0,16.0,265.0,6.82e+16,-1.3700000000000002e+16,-5.45e+16,-1.4e+16,-4.03e+16,8970000000000000.0,gcmt,subduction_intraslab
C201311071701A,2013-11-07T17:01:09,-74.25,-37.6,22.0,5.0,mw,339.0,30.0,69.0,183.0,62.0,102.0,71.0,120.0,10.0,358.0,16.0,265.0,6.82e+16,-1.3700000000000002e+16,-5.45e+16,-1.4e+16,-4.03e+16,8970000000000000.0,gcmt,subduction_intraslab
C201312070923A,2013-12-07T09:23:56,-72.58,-33.88,19.9,5.0,mw,14.0,17.0,92.0,192.0,73.0,89.0,62.0,101.0,1.0,192.0,28.0,283.0,2.62e+16,-1800000000000000.0,-2.44e+16,-8120000000000002.0,-3.82e+16,-5590000000000001.0,gcmt,subduction_intraslab
C201312070923A,2013-12-07T09:23:56,-72.58,-33.88,19.9,5.0,mw,14.0,17.0,92.0,192.0,73.0,89.0,62.0,101.0,1.0,192.0,28.0,283.0,2.62e+16,-1800000000000000.0,-2.44e+16,-8120000000000002.0,-3.82e+16,-5590000000000001.0,gcmt,subduction_intraslab
C201312171230A,2013-12-17T12:30:04,-70.83,-25.64,74.3,5.5,mw,178.0,42.0,-110.0,25.0,51.0,-73.0,5.0,103.0,13.0,194.0,76.0,353.0,-1.73e+17,-5.22e+16,2.25e+17,-3.48e+16,-2.7800000000000004e+16,6.31e+16,gcmt,subduction_intraslab
C201401040011A,2014-01-04T00:11:55,-70.98,-20.6,20.3,5.7,mw,352.0,24.0,88.0,174.0,66.0,91.0,69.0,85.0,1.0,353.0,21.0,263.0,3.57e+17,1.98e+16,-3.77e+17,3.3900000000000004e+16,-3.29e+17,5.19e+16,gcmt,subduction_intraslab
C201401060359A,2014-01-06T03:59:06,-71.03,-20.75,26.8,5.1,mw,356.0,22.0,93.0,173.0,69.0,89.0,66.0,80.0,1.0,173.0,23.0,264.0,4.55e+16,3630000000000000.0,-4.91e+16,7050000000000000.0,-5.05e+16,5370000000000000.0,gcmt,subduction_intraslab
C201401070343A,2014-01-07T03:43:27,-69.89,-21.07,103.5,5.3,mw,196.0,18.0,-83.0,9.0,73.0,-92.0,27.0,101.0,2.0,10.0,62.0,276.0,-7.019999999999999e+16,-1.25e+16,8.27e+16,-1.6900000000000002e+16,-1.1100000000000002e+17,2.1e+16,gcmt,subduction_intraslab
C201401080422A,2014-01-08T04:22:15,-70.97,-20.72,22.8,5.7,mw,355.0,22.0,92.0,173.0,68.0,89.0,67.0,82.0,1.0,173.0,23.0,264.0,2.66e+17,2.58e+16,-2.92e+17,3.61e+16,-2.89e+17,3.31e+16,gcmt,subduction_intraslab
C201402170034A,2014-02-17T00:34:37,-72.06,-31.65,29.6,5.1,mw,25.0,30.0,116.0,175.0,63.0,76.0,68.0,57.0,13.0,182.0,17.0,276.0,3.97e+16,-5970000000000000.0,-3.37e+16,9910000000000000.0,-2.64e+16,-6950000000000000.0,gcmt,subduction_intraslab
C201402170034A,2014-02-17T00:34:37,-72.06,-31.65,29.6,5.1,mw,25.0,30.0,116.0,175.0,63.0,76.0,68.0,57.0,13.0,182.0,17.0,276.0,3.97e+16,-5970000000000000.0,-3.37e+16,9910000000000000.0,-2.64e+16,-6950000000000000.0,gcmt,subduction_intraslab
C201403060437A,2014-03-06T04:37:08,-71.42,-33.31,85.4,5.3,mw,75.0,61.0,11.0,340.0,81.0,150.0,27.0,294.0,59.0,144.0,13.0,31.0,4.53e+16,-9.88e+16,5.35e+16,-2.13e+16,6.57e+16,1.2e+17,gcmt,subduction_intraslab
C201403060437A,2014-03-06T04:37:08,-71.42,-33.31,85.4,5.3,mw,75.0,61.0,11.0,340.0,81.0,150.0,27.0,294.0,59.0,144.0,13.0,31.0,4.53e+16,-9.88e+16,5.35e+16,-2.13e+16,6.57e+16,1.2e+17,gcmt,subduction_intraslab
C201403181435A,2014-03-18T14:36:02,-71.1,-20.13,21.6,5.0,mw,349.0,31.0,88.0,172.0,59.0,91.0,76.0,86.0,1.0,351.0,14.0,261.0,5.05e+16,420000000000000.0,-5.09e+16,3200000000000000.0,-2.68e+16,8620000000000000.0,gcmt,subduction_intraslab
C201403221329A,2014-03-22T13:30:04,-71.2,-19.67,22.8,5.6,mw,349.0,26.0,88.0,170.0,64.0,91.0,71.0,82.0,1.0,350.0,19.0,260.0,2.2400000000000003e+17,-1.47e+16,-2.1e+17,2.6e+16,-1.65e+17,3.78e+16,gcmt,subduction_intraslab
C201403222214A,2014-03-22T22:15:02,-71.22,-19.7,27.3,5.0,mw,350.0,27.0,90.0,169.0,63.0,90.0,72.0,79.0,0.0,169.0,18.0,259.0,4.66e+16,300000000000000.0,-4.69e+16,6300000000000000.0,-3.31e+16,9050000000000000.0,gcmt,subduction_intraslab
C201403232023A,2014-03-23T20:23:09,-71.11,-20.01,31.6,5.1,mw,5.0,36.0,122.0,147.0,60.0,69.0,68.0,16.0,18.0,158.0,13.0,252.0,8.04e+16,1.49e+16,-9.53e+16,3.72e+16,-3.52e+16,3.28e+16,gcmt,subduction_intraslab
C201403232204A,2014-03-23T22:04:30,-71.12,-19.76,31.1,5.1,mw,322.0,20.0,79.0,154.0,71.0,94.0,64.0,70.0,4.0,333.0,26.0,241.0,3.65e+16,-4800000000000000.0,-3.17e+16,2.22e+16,-4.66e+16,2.47e+16,gcmt,subduction_intraslab
C201403241132A,2014-03-24T11:32:19,-71.25,-19.84,33.0,5.2,mw,351.0,26.0,92.0,169.0,64.0,89.0,71.0,77.0,1.0,169.0,19.0,260.0,1.09e+17,-8500000000000002.0,-1e+17,1.7000000000000002e+16,-8.12e+16,1.64e+16,gcmt,subduction_intraslab
C201403241140A,2014-03-24T11:40:50,-71.12,-19.8,27.4,5.6,mw,353.0,20.0,91.0,171.0,70.0,90.0,65.0,81.0,0.0,172.0,25.0,262.0,2.57e+17,5100000000000000.0,-2.62e+17,4.63e+16,-3.02e+17,3.78e+16,gcmt,subduction_intraslab
C201403241232A,2014-03-24T12:32:57,-71.15,-19.72,33.5,5.0,mw,357.0,29.0,94.0,172.0,61.0,88.0,74.0,76.0,2.0,173.0,16.0,264.0,5.3e+16,-2580000000000000.0,-5.04e+16,5800000000000000.0,-3.25e+16,4490000000000000.0,gcmt,subduction_intraslab
C201403241545A,2014-03-24T15:45:38,-71.06,-19.54,29.1,5.7,mw,347.0,21.0,90.0,166.0,69.0,90.0,66.0,76.0,0.0,166.0,24.0,257.0,2.95e+17,9300000000000000.0,-3.04e+17,8.08e+16,-3.36e+17,7.97e+16,gcmt,subduction_intraslab
C201403241843A,2014-03-24T18:43:18,-70.98,-19.66,31.3,5.0,mw,346.0,27.0,93.0,162.0,63.0,88.0,72.0,68.0,1.0,163.0,18.0,253.0,3.97e+16,-3510000000000000.0,-3.62e+16,9210000000000000.0,-2.62e+16,1.04e+16,gcmt,subduction_intraslab
C201404012358A,2014-04-01T23:58:11,-71.39,-19.85,20.6,6.9,mw,347.0,26.0,81.0,177.0,65.0,94.0,70.0,96.0,4.0,355.0,20.0,264.0,3.14e+19,-2.39e+18,-2.9e+19,-2.4e+17,-2.52e+19,3.91e+18,gcmt,subduction_intraslab
C201404021945A,2014-04-02T19:45:56,-70.87,-20.36,31.5,5.3,mw,1.0,27.0,98.0,173.0,63.0,86.0,72.0,74.0,4.0,174.0,18.0,266.0,9.58e+16,-2600000000000000.0,-9.32e+16,1.27e+16,-6.69e+16,4700000000000000.0,gcmt,subduction_intraslab
C201404030001A,2014-04-03T00:01:24,-71.21,-19.8,25.7,5.0,mw,354.0,27.0,102.0,160.0,63.0,84.0,71.0,57.0,6.0,163.0,18.0,255.0,5.64e+16,-6850000000000001.0,-4.95e+16,1.73e+16,-3.64e+16,9610000000000000.0,gcmt,subduction_intraslab
C201404030158A,2014-04-03T01:58:40,-70.88,-20.34,33.7,6.5,mw,354.0,23.0,96.0,167.0,67.0,87.0,68.0,72.0,3.0,168.0,22.0,259.0,6.65e+18,4.7e+17,-7.12e+18,1.62e+18,-6.39e+18,1.36e+18,gcmt,subduction_intraslab
C201404030526A,2014-04-03T05:26:22,-70.9,-20.72,32.2,6.4,mw,4.0,27.0,104.0,168.0,63.0,83.0,71.0,63.0,6.0,171.0,18.0,264.0,6.04e+18,-7.7e+17,-5.27e+18,1.37e+18,-4.03e+18,2.13e+17,gcmt,subduction_intraslab
C201404040938A,2014-04-04T09:39:00,-71.3,-20.03,18.9,5.2,mw,347.0,24.0,90.0,167.0,66.0,90.0,69.0,76.0,0.0,167.0,21.0,257.0,6.67e+16,3400000000000000.0,-7.009999999999999e+16,1.4299999999999998e+16,-5.98e+16,1.85e+16,gcmt,subduction_intraslab
C201404050222A,2014-04-05T02:22:42,-71.71,-32.74,42.4,5.6,mw,359.0,28.0,78.0,193.0,63.0,96.0,72.0,117.0,6.0,10.0,17.0,278.0,2.32e+17,2.55e+16,-2.57e+17,-4.95e+16,-1.65e+17,-3.3600000000000004e+16,gcmt,subduction_intraslab
C201404050222A,2014-04-05T02:22:42,-71.71,-32.74,42.4,5.6,mw,359.0,28.0,78.0,193.0,63.0,96.0,72.0,117.0,6.0,10.0,17.0,278.0,2.32e+17,2.55e+16,-2.57e+17,-4.95e+16,-1.65e+17,-3.3600000000000004e+16,gcmt,subduction_intraslab
C201404050405A,2014-04-05T04:05:08,-71.07,-20.75,29.9,5.0,mw,356.0,26.0,109.0,154.0,66.0,81.0,68.0,47.0,8.0,158.0,20.0,251.0,4.01e+16,340000000000000.0,-4.04e+16,1.83e+16,-3.1e+16,1.21e+16,gcmt,subduction_intraslab
C201404050544A,2014-04-05T05:45:01,-70.79,-20.13,29.5,5.2,mw,358.0,28.0,104.0,162.0,63.0,83.0,71.0,57.0,6.0,166.0,18.0,258.0,7.74e+16,4600000000000000.0,-8.2e+16,2.21e+16,-5.42e+16,1.63e+16,gcmt,subduction_intraslab
C201404101749A,2014-04-10T17:49:17,-71.31,-19.87,21.1,5.0,mw,327.0,25.0,65.0,175.0,67.0,101.0,66.0,104.0,10.0,350.0,22.0,256.0,4.05e+16,-1330000000000000.0,-3.91e+16,-290000000000000.0,-4.08e+16,1.44e+16,gcmt,subduction_intraslab
C201404131211A,2014-04-13T12:11:36,-71.01,-20.58,21.8,5.5,mw,350.0,21.0,97.0,162.0,69.0,87.0,66.0,68.0,3.0,163.0,24.0,254.0,1.1299999999999998e+17,-4200000000000001.0,-1.09e+17,4.13e+16,-1.21e+17,2.7800000000000004e+16,gcmt,subduction_intraslab
C201404151859A,2014-04-15T18:59:46,-71.09,-20.05,21.2,5.1,mw,343.0,30.0,81.0,174.0,60.0,95.0,74.0,98.0,5.0,351.0,15.0,260.0,4.74e+16,-1400000000000000.2,-4.6e+16,440000000000000.0,-2.77e+16,9670000000000000.0,gcmt,subduction_intraslab
C201404192054A,2014-04-19T20:54:49,-71.32,-19.91,21.8,5.8,mw,339.0,26.0,79.0,171.0,64.0,96.0,70.0,93.0,5.0,349.0,19.0,257.0,5.96e+17,-8.23e+16,-5.13e+17,3.12e+16,-4.49e+17,1.32e+17,gcmt,subduction_intraslab
C201404241007A,2014-04-24T10:07:06,-72.92,-34.67,21.7,5.0,mw,48.0,36.0,-73.0,207.0,55.0,-102.0,10.0,305.0,10.0,214.0,76.0,78.0,-2.81e+16,9700000000000000.0,1.84e+16,1690000000000000.0,1.1299999999999998e+16,1.52e+16,gcmt,subduction_intraslab
C201404241007A,2014-04-24T10:07:06,-72.92,-34.67,21.7,5.0,mw,48.0,36.0,-73.0,207.0,55.0,-102.0,10.0,305.0,10.0,214.0,76.0,78.0,-2.81e+16,9700000000000000.0,1.84e+16,1690000000000000.0,1.1299999999999998e+16,1.52e+16,gcmt,subduction_intraslab
C201404241026A,2014-04-24T10:26:52,-71.32,-19.83,20.2,5.1,mw,347.0,28.0,88.0,170.0,62.0,91.0,73.0,83.0,1.0,349.0,17.0,259.0,5.54e+16,-3030000000000000.0,-5.230000000000001e+16,5980000000000000.0,-3.69e+16,1.05e+16,gcmt,subduction_intraslab
C201404301800A,2014-04-30T18:01:00,-71.93,-32.66,39.8,5.1,mw,358.0,29.0,88.0,180.0,61.0,91.0,74.0,92.0,1.0,360.0,16.0,269.0,6.750000000000001e+16,4000000000000000.0,-7.15e+16,-600000000000000.0,-4.37e+16,1200000000000000.0,gcmt,subduction_intraslab
C201404301800A,2014-04-30T18:01:00,-71.93,-32.66,39.8,5.1,mw,358.0,29.0,88.0,180.0,61.0,91.0,74.0,92.0,1.0,360.0,16.0,269.0,6.750000000000001e+16,4000000000000000.0,-7.15e+16,-600000000000000.0,-4.37e+16,1200000000000000.0,gcmt,subduction_intraslab
C201405040446A,2014-05-04T04:46:52,-71.18,-20.02,19.3,5.0,mw,344.0,24.0,88.0,166.0,66.0,91.0,69.0,78.0,1.0,346.0,21.0,256.0,3.91e+16,-2040000000000000.0,-3.7e+16,8050000000000000.0,-3.4e+16,9970000000000000.0,gcmt,subduction_intraslab
C201405051121A,2014-05-05T11:21:25,-70.99,-20.19,24.3,5.4,mw,354.0,30.0,91.0,173.0,60.0,89.0,75.0,82.0,0.0,173.0,15.0,263.0,1.45e+17,200000000000000.0,-1.46e+17,1.09e+16,-8.32e+16,1.67e+16,gcmt,subduction_intraslab
C201405210900A,2014-05-21T09:00:58,-71.56,-30.6,49.7,5.1,mw,351.0,33.0,93.0,168.0,57.0,88.0,77.0,72.0,1.0,169.0,12.0,259.0,5.76e+16,-360000000000000.0,-5.72e+16,6610000000000000.0,-2.63e+16,1.1e+16,gcmt,subduction_intraslab
C201405210900A,2014-05-21T09:00:58,-71.56,-30.6,49.7,5.1,mw,351.0,33.0,93.0,168.0,57.0,88.0,77.0,72.0,1.0,169.0,12.0,259.0,5.76e+16,-360000000000000.0,-5.72e+16,6610000000000000.0,-2.63e+16,1.1e+16,gcmt,subduction_intraslab
C201405301141A,2014-05-30T11:41:45,-70.17,-21.31,72.9,5.2,mw,353.0,56.0,23.0,250.0,71.0,143.0,39.0,207.0,49.0,46.0,10.0,305.0,3.39e+16,5690000000000000.0,-3.96e+16,-2.05e+16,-9240000000000000.0,-5.4e+16,gcmt,subduction_intraslab
C201405301532A,2014-05-30T15:32:34,-70.15,-21.23,81.9,5.6,mw,2.0,85.0,4.0,272.0,86.0,175.0,7.0,227.0,83.0,53.0,1.0,317.0,3.71e+16,-4.39e+16,6800000000000000.0,-2.65e+16,2.17e+16,-3.26e+17,gcmt,subduction_intraslab
C201406041704A,2014-06-04T17:04:33,-70.97,-20.66,21.7,5.0,mw,347.0,26.0,89.0,168.0,64.0,90.0,71.0,79.0,0.0,348.0,19.0,258.0,4.39e+16,2730000000000000.0,-4.66e+16,7240000000000000.0,-3.62e+16,1.1e+16,gcmt,subduction_intraslab
C201406190938A,2014-06-19T09:38:44,-71.13,-19.88,21.6,5.7,mw,349.0,24.0,89.0,170.0,66.0,90.0,69.0,81.0,0.0,350.0,21.0,260.0,4.1e+17,2.24e+16,-4.33e+17,6.840000000000001e+16,-3.89e+17,8.78e+16,gcmt,subduction_intraslab
C201406191954A,2014-06-19T19:54:11,-71.15,-19.8,23.0,5.8,mw,351.0,22.0,91.0,169.0,68.0,90.0,67.0,79.0,0.0,170.0,23.0,260.0,4e+17,4.43e+16,-4.45e+17,8.36e+16,-4.43e+17,8.92e+16,gcmt,subduction_intraslab
C201406191959A,2014-06-19T19:59:46,-71.22,-19.9,28.4,5.2,mw,355.0,28.0,103.0,161.0,63.0,83.0,71.0,56.0,6.0,164.0,18.0,256.0,1.08e+17,-5100000000000000.0,-1.03e+17,3.29e+16,-7.1e+16,2.18e+16,gcmt,subduction_intraslab
C201407132054A,2014-07-13T20:54:20,-70.62,-20.3,40.2,5.5,mw,341.0,29.0,108.0,140.0,63.0,80.0,71.0,29.0,9.0,145.0,17.0,237.0,2.2200000000000003e+17,-4.86e+16,-1.73e+17,1.17e+17,-1.08e+17,1.04e+17,gcmt,subduction_intraslab
C201407180524A,2014-07-18T05:24:16,-71.14,-20.14,22.4,5.0,mw,349.0,30.0,92.0,167.0,60.0,89.0,75.0,74.0,1.0,167.0,15.0,258.0,4.14e+16,-2920000000000000.0,-3.85e+16,5690000000000000.0,-2.26e+16,8030000000000000.0,gcmt,subduction_intraslab
C201407210021A,2014-07-21T00:21:33,-70.95,-20.16,35.8,5.0,mw,11.0,33.0,103.0,175.0,58.0,81.0,76.0,60.0,7.0,180.0,12.0,271.0,4.7e+16,-1010000000000000.0,-4.6e+16,6360000000000000.0,-2.14e+16,-2330000000000000.0,gcmt,subduction_intraslab
C201408080410A,2014-08-08T04:10:21,-72.27,-33.64,24.2,5.2,mw,5.0,27.0,87.0,189.0,63.0,92.0,72.0,102.0,1.0,8.0,18.0,278.0,7.84e+16,-3000000000000000.0,-7.54e+16,-9700000000000000.0,-5.530000000000001e+16,-9000000000000000.0,gcmt,subduction_intraslab
C201408080410A,2014-08-08T04:10:21,-72.27,-33.64,24.2,5.2,mw,5.0,27.0,87.0,189.0,63.0,92.0,72.0,102.0,1.0,8.0,18.0,278.0,7.84e+16,-3000000000000000.0,-7.54e+16,-9700000000000000.0,-5.530000000000001e+16,-9000000000000000.0,gcmt,subduction_intraslab
C201408140002A,2014-08-14T00:03:01,-70.4,-20.17,64.5,5.3,mw,1.0,32.0,108.0,160.0,60.0,79.0,73.0,43.0,9.0,166.0,14.0,258.0,8.32e+16,2.59e+16,-1.09e+17,2.21e+16,-4.95e+16,2.71e+16,gcmt,subduction_intraslab
C201408232232A,2014-08-23T22:32:29,-71.74,-32.76,42.0,6.4,mw,5.0,26.0,92.0,183.0,64.0,89.0,71.0,92.0,1.0,184.0,19.0,274.0,4.070000000000001e+18,3.16e+17,-4.39e+18,-1.8e+17,-3.4e+18,-3.6e+17,gcmt,subduction_intraslab
C201408232232A,2014-08-23T22:32:29,-71.74,-32.76,42.0,6.4,mw,5.0,26.0,92.0,183.0,64.0,89.0,71.0,92.0,1.0,184.0,19.0,274.0,4.070000000000001e+18,3.16e+17,-4.39e+18,-1.8e+17,-3.4e+18,-3.6e+17,gcmt,subduction_intraslab
C201410071233A,2014-10-07T12:33:28,-71.2,-19.98,20.2,5.3,mw,342.0,27.0,84.0,168.0,64.0,93.0,71.0,85.0,2.0,347.0,19.0,256.0,7.32e+16,-3599999999999999.5,-6.959999999999999e+16,9300000000000000.0,-5.520000000000001e+16,1.84e+16,gcmt,subduction_intraslab
C201411220650A,2014-11-22T06:51:00,-71.3,-19.98,21.1,5.0,mw,341.0,27.0,79.0,173.0,63.0,96.0,71.0,96.0,5.0,351.0,18.0,259.0,4.17e+16,-950000000000000.0,-4.07e+16,1310000000000000.0,-3.07e+16,9400000000000000.0,gcmt,subduction_intraslab
C201412030938A,2014-12-03T09:38:41,-70.44,-22.65,61.9,5.2,mw,240.0,31.0,-68.0,35.0,61.0,-103.0,15.0,134.0,11.0,41.0,71.0,276.0,-5.58e+16,3.11e+16,2.47e+16,-1.14e+16,-3.26e+16,2.33e+16,gcmt,subduction_intraslab
C201501201734A,2015-01-20T17:34:50,-71.01,-23.22,34.3,5.2,mw,22.0,36.0,103.0,187.0,55.0,81.0,78.0,66.0,7.0,192.0,10.0,283.0,4.44e+16,2.44e+16,-6.88e+16,-2450000000000000.0,-2.14e+16,-2.3e+16,gcmt,subduction_intraslab
C201502021522A,2015-02-02T15:22:17,-71.11,-22.16,36.2,5.0,mw,60.0,61.0,165.0,158.0,76.0,29.0,30.0,22.0,58.0,180.0,10.0,286.0,4.24e+16,6.889999999999999e+16,-1.1100000000000002e+17,2.7900000000000004e+16,-4.13e+16,-6.61e+16,gcmt,subduction_intraslab
C201502171435A,2015-02-17T14:36:00,-70.86,-32.33,102.2,5.4,mw,339.0,80.0,170.0,70.0,80.0,10.0,14.0,294.0,76.0,114.0,0.0,204.0,4200000000000001.0,-9.74e+16,9.33e+16,1.51e+16,3.29e+16,1.09e+17,gcmt,subduction_intraslab
C201502171435A,2015-02-17T14:36:00,-70.86,-32.33,102.2,5.4,mw,339.0,80.0,170.0,70.0,80.0,10.0,14.0,294.0,76.0,114.0,0.0,204.0,4200000000000001.0,-9.74e+16,9.33e+16,1.51e+16,3.29e+16,1.09e+17,gcmt,subduction_intraslab
C201503021653A,2015-03-02T16:53:49,-71.34,-28.05,34.9,5.2,mw,26.0,33.0,121.0,170.0,62.0,72.0,68.0,45.0,16.0,179.0,15.0,274.0,7.45e+16,2.91e+16,-1.04e+17,1.52e+16,-5.37e+16,-1.4000000000000002e+16,gcmt,subduction_intraslab
C201503021653A,2015-03-02T16:53:49,-71.34,-28.05,34.9,5.2,mw,26.0,33.0,121.0,170.0,62.0,72.0,68.0,45.0,16.0,179.0,15.0,274.0,7.45e+16,2.91e+16,-1.04e+17,1.52e+16,-5.37e+16,-1.4000000000000002e+16,gcmt,subduction_intraslab
C201503050208A,2015-03-05T02:08:55,-72.74,-34.17,25.2,5.0,mw,83.0,31.0,175.0,177.0,88.0,60.0,40.0,59.0,30.0,178.0,35.0,293.0,2160000000000000.0,6630000000000000.0,-8790000000000000.0,-2080000000000000.0,-3.59e+16,-2.07e+16,gcmt,subduction_intraslab
C201503050208A,2015-03-05T02:08:55,-72.74,-34.17,25.2,5.0,mw,83.0,31.0,175.0,177.0,88.0,60.0,40.0,59.0,30.0,178.0,35.0,293.0,2160000000000000.0,6630000000000000.0,-8790000000000000.0,-2080000000000000.0,-3.59e+16,-2.07e+16,gcmt,subduction_intraslab
C201503052130A,2015-03-05T21:30:36,-71.52,-29.31,60.5,5.3,mw,237.0,44.0,160.0,342.0,76.0,48.0,43.0,211.0,41.0,354.0,20.0,102.0,3.07e+16,3.26e+16,-6.33e+16,-2.7800000000000004e+16,5.01e+16,-3.58e+16,gcmt,subduction_intraslab
C201503052130A,2015-03-05T21:30:36,-71.52,-29.31,60.5,5.3,mw,237.0,44.0,160.0,342.0,76.0,48.0,43.0,211.0,41.0,354.0,20.0,102.0,3.07e+16,3.26e+16,-6.33e+16,-2.7800000000000004e+16,5.01e+16,-3.58e+16,gcmt,subduction_intraslab
C201504010817A,2015-04-01T08:17:31,-71.97,-29.48,28.7,5.4,mw,304.0,36.0,25.0,193.0,76.0,124.0,48.0,140.0,33.0,4.0,23.0,258.0,5.560000000000001e+16,2.1e+16,-7.66e+16,-5.27e+16,-9.14e+16,5.44e+16,gcmt,subduction_intraslab
C201504010817A,2015-04-01T08:17:31,-71.97,-29.48,28.7,5.4,mw,304.0,36.0,25.0,193.0,76.0,124.0,48.0,140.0,33.0,4.0,23.0,258.0,5.560000000000001e+16,2.1e+16,-7.66e+16,-5.27e+16,-9.14e+16,5.44e+16,gcmt,subduction_intraslab
C201505141508A,2015-05-14T15:08:10,-71.69,-28.78,25.0,5.1,mw,24.0,12.0,108.0,185.0,78.0,86.0,57.0,90.0,4.0,186.0,33.0,278.0,3.4900000000000004e+16,540000000000000.0,-3.54e+16,-6250000000000000.0,-8.16e+16,-9360000000000000.0,gcmt,subduction_intraslab
C201505141508A,2015-05-14T15:08:10,-71.69,-28.78,25.0,5.1,mw,24.0,12.0,108.0,185.0,78.0,86.0,57.0,90.0,4.0,186.0,33.0,278.0,3.4900000000000004e+16,540000000000000.0,-3.54e+16,-6250000000000000.0,-8.16e+16,-9360000000000000.0,gcmt,subduction_intraslab
C201505221939A,2015-05-22T19:39:39,-71.08,-20.13,21.5,5.3,mw,349.0,26.0,84.0,175.0,64.0,93.0,71.0,91.0,3.0,354.0,19.0,263.0,8.47e+16,8000000000000000.0,-9.27e+16,4100000000000000.0,-6.820000000000001e+16,1.4099999999999998e+16,gcmt,subduction_intraslab
C201505290428A,2015-05-29T04:28:21,-71.1,-28.23,58.0,5.2,mw,28.0,34.0,119.0,175.0,61.0,72.0,69.0,48.0,15.0,184.0,14.0,278.0,7.39e+16,1.09e+16,-8.49e+16,1.54e+16,-4.57e+16,-1.84e+16,gcmt,subduction_intraslab
C201505290428A,2015-05-29T04:28:21,-71.1,-28.23,58.0,5.2,mw,28.0,34.0,119.0,175.0,61.0,72.0,69.0,48.0,15.0,184.0,14.0,278.0,7.39e+16,1.09e+16,-8.49e+16,1.54e+16,-4.57e+16,-1.84e+16,gcmt,subduction_intraslab
C201505311608A,2015-05-31T16:08:34,-71.18,-19.85,28.2,5.0,mw,345.0,27.0,83.0,173.0,64.0,93.0,71.0,90.0,3.0,351.0,19.0,260.0,3.28e+16,1630000000000000.0,-3.44e+16,2400000000000000.0,-2.6e+16,7080000000000000.0,gcmt,subduction_intraslab
C201507161048A,2015-07-16T10:48:10,-71.82,-29.4,32.3,5.0,mw,8.0,45.0,-119.0,225.0,52.0,-65.0,4.0,297.0,20.0,29.0,70.0,196.0,-7.22e+16,1.5e+16,5.729999999999999e+16,3.19e+16,-5400000000000000.0,2.64e+16,gcmt,subduction_intraslab
C201507161048A,2015-07-16T10:48:10,-71.82,-29.4,32.3,5.0,mw,8.0,45.0,-119.0,225.0,52.0,-65.0,4.0,297.0,20.0,29.0,70.0,196.0,-7.22e+16,1.5e+16,5.729999999999999e+16,3.19e+16,-5400000000000000.0,2.64e+16,gcmt,subduction_intraslab
C201507171111A,2015-07-17T11:11:26,-73.42,-35.57,21.5,5.2,mw,24.0,19.0,109.0,184.0,72.0,83.0,63.0,84.0,6.0,186.0,26.0,279.0,6.760000000000001e+16,3900000000000000.0,-7.16e+16,-3599999999999999.5,-9.52e+16,-1.89e+16,gcmt,subduction_intraslab
C201507171111A,2015-07-17T11:11:26,-73.42,-35.57,21.5,5.2,mw,24.0,19.0,109.0,184.0,72.0,83.0,63.0,84.0,6.0,186.0,26.0,279.0,6.760000000000001e+16,3900000000000000.0,-7.16e+16,-3599999999999999.5,-9.52e+16,-1.89e+16,gcmt,subduction_intraslab
C201507242314A,2015-07-24T23:14:43,-70.65,-20.28,48.0,5.3,mw,330.0,30.0,77.0,165.0,61.0,97.0,73.0,92.0,6.0,341.0,16.0,250.0,7.19e+16,9300000000000000.0,-8.12e+16,1.16e+16,-5.04e+16,4.15e+16,gcmt,subduction_intraslab
C201508120014A,2015-08-12T00:14:44,-71.79,-31.84,38.0,5.5,mw,345.0,27.0,83.0,172.0,63.0,93.0,72.0,90.0,3.0,351.0,18.0,260.0,1.78e+17,6900000000000001.0,-1.84e+17,1.24e+16,-1.31e+17,3.89e+16,gcmt,subduction_intraslab
C201508120014A,2015-08-12T00:14:44,-71.79,-31.84,38.0,5.5,mw,345.0,27.0,83.0,172.0,63.0,93.0,72.0,90.0,3.0,351.0,18.0,260.0,1.78e+17,6900000000000001.0,-1.84e+17,1.24e+16,-1.31e+17,3.89e+16,gcmt,subduction_intraslab
C201508232310A,2015-08-23T23:10:10,-71.53,-29.59,46.0,5.7,mw,17.0,38.0,81.0,208.0,52.0,97.0,81.0,150.0,5.0,24.0,7.0,293.0,3.94e+17,-9500000000000000.0,-3.85e+17,-7.2e+16,-8.79e+16,-1.94e+17,gcmt,subduction_intraslab
C201508232310A,2015-08-23T23:10:10,-71.53,-29.59,46.0,5.7,mw,17.0,38.0,81.0,208.0,52.0,97.0,81.0,150.0,5.0,24.0,7.0,293.0,3.94e+17,-9500000000000000.0,-3.85e+17,-7.2e+16,-8.79e+16,-1.94e+17,gcmt,subduction_intraslab
C201509152121A,2015-09-15T21:21:25,-71.23,-19.88,20.4,5.0,mw,332.0,27.0,70.0,174.0,65.0,100.0,69.0,104.0,9.0,350.0,19.0,257.0,4.3e+16,-360000000000000.0,-4.26e+16,-260000000000000.0,-3.62e+16,1.3700000000000002e+16,gcmt,subduction_intraslab
S201509162318A,2015-09-16T23:18:52,-71.95,-31.79,35.7,7.0,mw,349.0,30.0,87.0,173.0,60.0,92.0,75.0,87.0,1.0,352.0,15.0,261.0,5.13e+19,-6.37e+18,-4.49e+19,2.65e+18,-2.85e+19,6.41e+18,gcmt,subduction_intraslab
S201509162318A,2015-09-16T23:18:52,-71.95,-31.79,35.7,7.0,mw,349.0,30.0,87.0,173.0,60.0,92.0,75.0,87.0,1.0,352.0,15.0,261.0,5.13e+19,-6.37e+18,-4.49e+19,2.65e+18,-2.85e+19,6.41e+18,gcmt,subduction_intraslab
C201509170410A,2015-09-17T04:10:36,-71.94,-31.65,36.6,6.7,mw,355.0,30.0,94.0,170.0,60.0,88.0,75.0,74.0,2.0,171.0,15.0,262.0,1.61e+19,-2.44e+18,-1.3700000000000002e+19,1.95e+18,-8.65e+18,1.47e+18,gcmt,subduction_intraslab
C201509170410A,2015-09-17T04:10:36,-71.94,-31.65,36.6,6.7,mw,355.0,30.0,94.0,170.0,60.0,88.0,75.0,74.0,2.0,171.0,15.0,262.0,1.61e+19,-2.44e+18,-1.3700000000000002e+19,1.95e+18,-8.65e+18,1.47e+18,gcmt,subduction_intraslab
C201509171214A,2015-09-17T12:14:45,-72.41,-32.27,22.3,5.9,mw,351.0,26.0,90.0,172.0,64.0,90.0,71.0,82.0,0.0,351.0,19.0,261.0,6.44e+17,-1.05e+17,-5.39e+17,7.07e+16,-4.76e+17,6.67e+16,gcmt,subduction_intraslab
C201509171214A,2015-09-17T12:14:45,-72.41,-32.27,22.3,5.9,mw,351.0,26.0,90.0,172.0,64.0,90.0,71.0,82.0,0.0,351.0,19.0,261.0,6.44e+17,-1.05e+17,-5.39e+17,7.07e+16,-4.76e+17,6.67e+16,gcmt,subduction_intraslab
C201509172040A,2015-09-17T20:40:37,-72.02,-30.08,31.0,5.5,mw,357.0,30.0,103.0,162.0,61.0,82.0,73.0,53.0,7.0,166.0,15.0,257.0,8.42e+16,600000000000000.0,-8.49e+16,2.2e+16,-4.8e+16,1.66e+16,gcmt,subduction_intraslab
C201509172040A,2015-09-17T20:40:37,-72.02,-30.08,31.0,5.5,mw,357.0,30.0,103.0,162.0,61.0,82.0,73.0,53.0,7.0,166.0,15.0,257.0,8.42e+16,600000000000000.0,-8.49e+16,2.2e+16,-4.8e+16,1.66e+16,gcmt,subduction_intraslab
C201509172239A,2015-09-17T22:39:22,-71.96,-31.12,38.5,5.2,mw,237.0,23.0,-52.0,17.0,72.0,-105.0,25.0,119.0,14.0,22.0,61.0,266.0,-3.5e+16,1.81e+16,1.68e+16,-4060000000000001.0,-4.12e+16,1.32e+16,gcmt,subduction_intraslab
C201509172239A,2015-09-17T22:39:22,-71.96,-31.12,38.5,5.2,mw,237.0,23.0,-52.0,17.0,72.0,-105.0,25.0,119.0,14.0,22.0,61.0,266.0,-3.5e+16,1.81e+16,1.68e+16,-4060000000000001.0,-4.12e+16,1.32e+16,gcmt,subduction_intraslab
C201509181351A,2015-09-18T13:51:23,-71.9,-31.48,30.4,5.2,mw,356.0,23.0,74.0,194.0,68.0,97.0,66.0,116.0,6.0,11.0,23.0,279.0,2.25e+16,-1740000000000000.0,-2.08e+16,-6870000000000001.0,-2.1e+16,-1360000000000000.0,gcmt,subduction_intraslab
C201509181351A,2015-09-18T13:51:23,-71.9,-31.48,30.4,5.2,mw,356.0,23.0,74.0,194.0,68.0,97.0,66.0,116.0,6.0,11.0,23.0,279.0,2.25e+16,-1740000000000000.0,-2.08e+16,-6870000000000001.0,-2.1e+16,-1360000000000000.0,gcmt,subduction_intraslab
C201509190907A,2015-09-19T09:07:13,-71.86,-31.2,36.7,5.7,mw,353.0,29.0,92.0,171.0,61.0,89.0,74.0,78.0,1.0,171.0,16.0,262.0,4.95e+17,1.51e+16,-5.11e+17,5.41e+16,-3.12e+17,7.63e+16,gcmt,subduction_intraslab
C201509190907A,2015-09-19T09:07:13,-71.86,-31.2,36.7,5.7,mw,353.0,29.0,92.0,171.0,61.0,89.0,74.0,78.0,1.0,171.0,16.0,262.0,4.95e+17,1.51e+16,-5.11e+17,5.41e+16,-3.12e+17,7.63e+16,gcmt,subduction_intraslab
C201509191308A,2015-09-19T13:09:05,-72.18,-30.71,23.0,5.6,mw,359.0,26.0,100.0,168.0,65.0,85.0,70.0,68.0,4.0,170.0,20.0,261.0,2.4e+17,3800000000000000.0,-2.44e+17,5.33e+16,-1.95e+17,3.05e+16,gcmt,subduction_intraslab
C201509191308A,2015-09-19T13:09:05,-72.18,-30.71,23.0,5.6,mw,359.0,26.0,100.0,168.0,65.0,85.0,70.0,68.0,4.0,170.0,20.0,261.0,2.4e+17,3800000000000000.0,-2.44e+17,5.33e+16,-1.95e+17,3.05e+16,gcmt,subduction_intraslab
C201509200302A,2015-09-20T03:02:02,-71.47,-31.02,49.7,5.0,mw,340.0,33.0,75.0,178.0,58.0,100.0,75.0,115.0,8.0,353.0,13.0,261.0,5.42e+16,1560000000000000.0,-5.58e+16,-3880000000000000.0,-2.73e+16,1.14e+16,gcmt,subduction_intraslab
C201509200302A,2015-09-20T03:02:02,-71.47,-31.02,49.7,5.0,mw,340.0,33.0,75.0,178.0,58.0,100.0,75.0,115.0,8.0,353.0,13.0,261.0,5.42e+16,1560000000000000.0,-5.58e+16,-3880000000000000.0,-2.73e+16,1.14e+16,gcmt,subduction_intraslab
C201509200607A,2015-09-20T06:07:06,-72.18,-31.79,23.1,5.1,mw,350.0,27.0,83.0,178.0,63.0,94.0,72.0,96.0,3.0,356.0,18.0,265.0,6.32e+16,-1270000000000000.0,-6.19e+16,-390000000000000.0,-4.519999999999999e+16,6680000000000000.0,gcmt,subduction_intraslab
C201509200607A,2015-09-20T06:07:06,-72.18,-31.79,23.1,5.1,mw,350.0,27.0,83.0,178.0,63.0,94.0,72.0,96.0,3.0,356.0,18.0,265.0,6.32e+16,-1270000000000000.0,-6.19e+16,-390000000000000.0,-4.519999999999999e+16,6680000000000000.0,gcmt,subduction_intraslab
C201509200902A,2015-09-20T09:02:38,-72.3,-30.36,17.4,5.1,mw,7.0,22.0,77.0,201.0,69.0,95.0,66.0,119.0,5.0,19.0,24.0,287.0,3.66e+16,-3180000000000000.0,-3.35e+16,-1.55e+16,-3.58e+16,-7480000000000000.0,gcmt,subduction_intraslab
C201509200902A,2015-09-20T09:02:38,-72.3,-30.36,17.4,5.1,mw,7.0,22.0,77.0,201.0,69.0,95.0,66.0,119.0,5.0,19.0,24.0,287.0,3.66e+16,-3180000000000000.0,-3.35e+16,-1.55e+16,-3.58e+16,-7480000000000000.0,gcmt,subduction_intraslab
C201509201718A,2015-09-20T17:18:30,-71.92,-30.46,34.1,5.0,mw,353.0,29.0,88.0,175.0,61.0,91.0,74.0,88.0,1.0,355.0,16.0,264.0,2.72e+16,-200000000000000.0,-2.7e+16,1100000000000000.0,-1.68e+16,2810000000000000.5,gcmt,subduction_intraslab
C201509201718A,2015-09-20T17:18:30,-71.92,-30.46,34.1,5.0,mw,353.0,29.0,88.0,175.0,61.0,91.0,74.0,88.0,1.0,355.0,16.0,264.0,2.72e+16,-200000000000000.0,-2.7e+16,1100000000000000.0,-1.68e+16,2810000000000000.5,gcmt,subduction_intraslab
C201509210539A,2015-09-21T05:39:39,-71.84,-31.66,37.6,6.1,mw,2.0,28.0,101.0,170.0,63.0,84.0,72.0,67.0,5.0,173.0,18.0,264.0,1.41e+18,6.900000000000001e+16,-1.48e+18,2.52e+17,-1.01e+18,1.11e+17,gcmt,subduction_intraslab
C201509210539A,2015-09-21T05:39:39,-71.84,-31.66,37.6,6.1,mw,2.0,28.0,101.0,170.0,63.0,84.0,72.0,67.0,5.0,173.0,18.0,264.0,1.41e+18,6.900000000000001e+16,-1.48e+18,2.52e+17,-1.01e+18,1.11e+17,gcmt,subduction_intraslab
C201509211537A,2015-09-21T15:37:12,-71.95,-31.17,31.0,5.4,mw,353.0,24.0,90.0,172.0,66.0,90.0,69.0,82.0,0.0,172.0,21.0,262.0,1.41e+17,8900000000000000.0,-1.5e+17,1.86e+16,-1.34e+17,2.15e+16,gcmt,subduction_intraslab
C201509211537A,2015-09-21T15:37:12,-71.95,-31.17,31.0,5.4,mw,353.0,24.0,90.0,172.0,66.0,90.0,69.0,82.0,0.0,172.0,21.0,262.0,1.41e+17,8900000000000000.0,-1.5e+17,1.86e+16,-1.34e+17,2.15e+16,gcmt,subduction_intraslab
C201509211739A,2015-09-21T17:40:06,-71.81,-31.77,39.0,6.6,mw,1.0,28.0,92.0,178.0,62.0,89.0,73.0,86.0,1.0,179.0,17.0,269.0,7.85e+18,1.8e+17,-8.03e+18,2.4e+17,-5.42e+18,3e+16,gcmt,subduction_intraslab
C201509211739A,2015-09-21T17:40:06,-71.81,-31.77,39.0,6.6,mw,1.0,28.0,92.0,178.0,62.0,89.0,73.0,86.0,1.0,179.0,17.0,269.0,7.85e+18,1.8e+17,-8.03e+18,2.4e+17,-5.42e+18,3e+16,gcmt,subduction_intraslab
C201509211836A,2015-09-21T18:36:57,-72.02,-31.14,38.8,5.5,mw,347.0,32.0,87.0,171.0,58.0,92.0,77.0,86.0,2.0,350.0,13.0,259.0,5.86e+17,-8.55e+16,-5e+17,3e+16,-2.66e+17,8.43e+16,gcmt,subduction_intraslab
C201509211836A,2015-09-21T18:36:57,-72.02,-31.14,38.8,5.5,mw,347.0,32.0,87.0,171.0,58.0,92.0,77.0,86.0,2.0,350.0,13.0,259.0,5.86e+17,-8.55e+16,-5e+17,3e+16,-2.66e+17,8.43e+16,gcmt,subduction_intraslab
C201509211956A,2015-09-21T19:56:13,-71.87,-31.94,42.2,5.6,mw,345.0,30.0,93.0,162.0,60.0,88.0,75.0,66.0,2.0,162.0,15.0,253.0,4.34e+17,-4.63e+16,-3.88e+17,8.67e+16,-2.32e+17,1.1100000000000002e+17,gcmt,subduction_intraslab
C201509211956A,2015-09-21T19:56:13,-71.87,-31.94,42.2,5.6,mw,345.0,30.0,93.0,162.0,60.0,88.0,75.0,66.0,2.0,162.0,15.0,253.0,4.34e+17,-4.63e+16,-3.88e+17,8.67e+16,-2.32e+17,1.1100000000000002e+17,gcmt,subduction_intraslab
C201509220712A,2015-09-22T07:13:04,-71.39,-31.58,64.5,6.0,mw,0.0,28.0,103.0,165.0,63.0,83.0,71.0,60.0,6.0,168.0,17.0,260.0,1.15e+18,1.4199999999999998e+17,-1.29e+18,2.7900000000000003e+17,-8.27e+17,2.03e+17,gcmt,subduction_intraslab
C201509220712A,2015-09-22T07:13:04,-71.39,-31.58,64.5,6.0,mw,0.0,28.0,103.0,165.0,63.0,83.0,71.0,60.0,6.0,168.0,17.0,260.0,1.15e+18,1.4199999999999998e+17,-1.29e+18,2.7900000000000003e+17,-8.27e+17,2.03e+17,gcmt,subduction_intraslab
C201509231132A,2015-09-23T11:32:47,-72.03,-31.67,29.4,5.0,mw,356.0,27.0,84.0,182.0,64.0,93.0,71.0,99.0,3.0,1.0,19.0,270.0,4.91e+16,550000000000000.0,-4.97e+16,-2770000000000000.0,-3.73e+16,950000000000000.0,gcmt,subduction_intraslab
C201509231132A,2015-09-23T11:32:47,-72.03,-31.67,29.4,5.0,mw,356.0,27.0,84.0,182.0,64.0,93.0,71.0,99.0,3.0,1.0,19.0,270.0,4.91e+16,550000000000000.0,-4.97e+16,-2770000000000000.0,-3.73e+16,950000000000000.0,gcmt,subduction_intraslab
C201509260251A,2015-09-26T02:51:22,-71.62,-30.88,51.7,6.3,mw,357.0,33.0,94.0,172.0,57.0,88.0,78.0,74.0,2.0,173.0,12.0,264.0,2.78e+18,2.58e+17,-3.04e+18,2.42e+17,-1.3e+18,3.37e+17,gcmt,subduction_intraslab
C201509260251A,2015-09-26T02:51:22,-71.62,-30.88,51.7,6.3,mw,357.0,33.0,94.0,172.0,57.0,88.0,78.0,74.0,2.0,173.0,12.0,264.0,2.78e+18,2.58e+17,-3.04e+18,2.42e+17,-1.3e+18,3.37e+17,gcmt,subduction_intraslab
C201509272104A,2015-09-27T21:04:51,-71.73,-31.79,38.2,5.4,mw,336.0,31.0,80.0,167.0,60.0,96.0,75.0,93.0,5.0,344.0,14.0,253.0,5.46e+16,-7640000000000000.0,-4.7e+16,3100000000000000.0,-2.96e+16,1.51e+16,gcmt,subduction_intraslab
C201509272104A,2015-09-27T21:04:51,-71.73,-31.79,38.2,5.4,mw,336.0,31.0,80.0,167.0,60.0,96.0,75.0,93.0,5.0,344.0,14.0,253.0,5.46e+16,-7640000000000000.0,-4.7e+16,3100000000000000.0,-2.96e+16,1.51e+16,gcmt,subduction_intraslab
C201510030626A,2015-10-03T06:27:00,-71.75,-30.33,42.1,5.9,mw,13.0,35.0,108.0,171.0,57.0,77.0,75.0,45.0,10.0,178.0,11.0,270.0,7.38e+17,3.9e+16,-7.77e+17,1.48e+17,-3.04e+17,-2.2e+16,gcmt,subduction_intraslab
C201510030626A,2015-10-03T06:27:00,-71.75,-30.33,42.1,5.9,mw,13.0,35.0,108.0,171.0,57.0,77.0,75.0,45.0,10.0,178.0,11.0,270.0,7.38e+17,3.9e+16,-7.77e+17,1.48e+17,-3.04e+17,-2.2e+16,gcmt,subduction_intraslab
C201510031121A,2015-10-03T11:21:06,-71.88,-29.95,31.5,5.1,mw,1.0,28.0,86.0,186.0,62.0,92.0,72.0,101.0,2.0,5.0,17.0,274.0,6.860000000000001e+16,1600000000000000.0,-7.019999999999999e+16,-6500000000000000.0,-4.81e+16,-4300000000000000.0,gcmt,subduction_intraslab
C201510031121A,2015-10-03T11:21:06,-71.88,-29.95,31.5,5.1,mw,1.0,28.0,86.0,186.0,62.0,92.0,72.0,101.0,2.0,5.0,17.0,274.0,6.860000000000001e+16,1600000000000000.0,-7.019999999999999e+16,-6500000000000000.0,-4.81e+16,-4300000000000000.0,gcmt,subduction_intraslab
C201510041011A,2015-10-04T10:12:01,-71.88,-30.68,30.5,5.0,mw,5.0,30.0,103.0,169.0,61.0,83.0,73.0,61.0,7.0,173.0,16.0,265.0,4.22e+16,-1570000000000000.0,-4.06e+16,8110000000000002.0,-2.47e+16,1800000000000000.0,gcmt,subduction_intraslab
C201510041011A,2015-10-04T10:12:01,-71.88,-30.68,30.5,5.0,mw,5.0,30.0,103.0,169.0,61.0,83.0,73.0,61.0,7.0,173.0,16.0,265.0,4.22e+16,-1570000000000000.0,-4.06e+16,8110000000000002.0,-2.47e+16,1800000000000000.0,gcmt,subduction_intraslab
C201510051633A,2015-10-05T16:33:30,-71.78,-30.36,42.8,5.9,mw,8.0,34.0,101.0,175.0,57.0,83.0,77.0,63.0,6.0,179.0,12.0,270.0,7.45e+17,3.9e+16,-7.84e+17,8.1e+16,-3.31e+17,-1.6e+16,gcmt,subduction_intraslab
C201510051633A,2015-10-05T16:33:30,-71.78,-30.36,42.8,5.9,mw,8.0,34.0,101.0,175.0,57.0,83.0,77.0,63.0,6.0,179.0,12.0,270.0,7.45e+17,3.9e+16,-7.84e+17,8.1e+16,-3.31e+17,-1.6e+16,gcmt,subduction_intraslab
C201510091827A,2015-10-09T18:27:39,-71.82,-31.81,36.2,5.5,mw,342.0,25.0,75.0,179.0,66.0,97.0,69.0,103.0,6.0,356.0,20.0,263.0,1.3500000000000002e+17,5500000000000000.0,-1.3999999999999998e+17,-5800000000000000.0,-1.21e+17,2.43e+16,gcmt,subduction_intraslab
C201510091827A,2015-10-09T18:27:39,-71.82,-31.81,36.2,5.5,mw,342.0,25.0,75.0,179.0,66.0,97.0,69.0,103.0,6.0,356.0,20.0,263.0,1.3500000000000002e+17,5500000000000000.0,-1.3999999999999998e+17,-5800000000000000.0,-1.21e+17,2.43e+16,gcmt,subduction_intraslab
C201510120315A,2015-10-12T03:15:24,-71.96,-31.28,32.5,5.6,mw,355.0,28.0,97.0,167.0,62.0,86.0,73.0,68.0,3.0,169.0,17.0,260.0,2.17e+17,8500000000000002.0,-2.26e+17,4.07e+16,-1.44e+17,3.91e+16,gcmt,subduction_intraslab
C201510120315A,2015-10-12T03:15:24,-71.96,-31.28,32.5,5.6,mw,355.0,28.0,97.0,167.0,62.0,86.0,73.0,68.0,3.0,169.0,17.0,260.0,2.17e+17,8500000000000002.0,-2.26e+17,4.07e+16,-1.44e+17,3.91e+16,gcmt,subduction_intraslab
C201510201006A,2015-10-20T10:06:19,-71.51,-30.79,43.0,5.0,mw,179.0,40.0,107.0,337.0,52.0,76.0,77.0,196.0,11.0,345.0,6.0,77.0,7.84e+16,-8400000000000002.0,-6.999999999999999e+16,-2.08e+16,1.24e+16,1.34e+16,gcmt,subduction_intraslab
C201510201006A,2015-10-20T10:06:19,-71.51,-30.79,43.0,5.0,mw,179.0,40.0,107.0,337.0,52.0,76.0,77.0,196.0,11.0,345.0,6.0,77.0,7.84e+16,-8400000000000002.0,-6.999999999999999e+16,-2.08e+16,1.24e+16,1.34e+16,gcmt,subduction_intraslab
C201510242124A,2015-10-24T21:24:49,-71.64,-31.5,51.3,5.0,mw,341.0,33.0,79.0,174.0,57.0,97.0,76.0,107.0,6.0,350.0,12.0,259.0,3.64e+16,5270000000000000.0,-4.17e+16,-120000000000000.0,-1.84e+16,1.04e+16,gcmt,subduction_intraslab
C201510242124A,2015-10-24T21:24:49,-71.64,-31.5,51.3,5.0,mw,341.0,33.0,79.0,174.0,57.0,97.0,76.0,107.0,6.0,350.0,12.0,259.0,3.64e+16,5270000000000000.0,-4.17e+16,-120000000000000.0,-1.84e+16,1.04e+16,gcmt,subduction_intraslab
C201511070731A,2015-11-07T07:31:48,-71.66,-30.99,43.4,6.8,mw,359.0,33.0,97.0,171.0,58.0,86.0,77.0,67.0,4.0,173.0,12.0,264.0,1.29e+19,7.7e+17,-1.3700000000000002e+19,1.52e+18,-6.08e+18,1.43e+18,gcmt,subduction_intraslab
C201511070731A,2015-11-07T07:31:48,-71.66,-30.99,43.4,6.8,mw,359.0,33.0,97.0,171.0,58.0,86.0,77.0,67.0,4.0,173.0,12.0,264.0,1.29e+19,7.7e+17,-1.3700000000000002e+19,1.52e+18,-6.08e+18,1.43e+18,gcmt,subduction_intraslab
C201511071053A,2015-11-07T10:53:48,-71.71,-30.88,44.6,5.7,mw,349.0,31.0,86.0,174.0,59.0,92.0,76.0,91.0,2.0,353.0,14.0,262.0,4.7e+17,3.83e+16,-5.08e+17,1.93e+16,-2.64e+17,8.23e+16,gcmt,subduction_intraslab
C201511071053A,2015-11-07T10:53:48,-71.71,-30.88,44.6,5.7,mw,349.0,31.0,86.0,174.0,59.0,92.0,76.0,91.0,2.0,353.0,14.0,262.0,4.7e+17,3.83e+16,-5.08e+17,1.93e+16,-2.64e+17,8.23e+16,gcmt,subduction_intraslab
C201511212305A,2015-11-21T23:05:34,-71.98,-30.66,32.7,5.8,mw,5.0,28.0,102.0,171.0,63.0,84.0,72.0,67.0,6.0,174.0,18.0,266.0,4.82e+17,3.21e+16,-5.14e+17,7.97e+16,-3.46e+17,2.04e+16,gcmt,subduction_intraslab
C201511212305A,2015-11-21T23:05:34,-71.98,-30.66,32.7,5.8,mw,5.0,28.0,102.0,171.0,63.0,84.0,72.0,67.0,6.0,174.0,18.0,266.0,4.82e+17,3.21e+16,-5.14e+17,7.97e+16,-3.46e+17,2.04e+16,gcmt,subduction_intraslab
C201511240914A,2015-11-24T09:14:20,-72.2,-31.85,25.1,5.0,mw,359.0,27.0,90.0,179.0,63.0,90.0,72.0,89.0,0.0,179.0,18.0,269.0,3.45e+16,-2710000000000000.0,-3.18e+16,420000000000000.0,-2.39e+16,480000000000000.0,gcmt,subduction_intraslab
C201511240914A,2015-11-24T09:14:20,-72.2,-31.85,25.1,5.0,mw,359.0,27.0,90.0,179.0,63.0,90.0,72.0,89.0,0.0,179.0,18.0,269.0,3.45e+16,-2710000000000000.0,-3.18e+16,420000000000000.0,-2.39e+16,480000000000000.0,gcmt,subduction_intraslab
C201511272100A,2015-11-27T21:00:28,-70.9,-24.76,41.1,6.2,mw,13.0,26.0,113.0,167.0,66.0,79.0,67.0,57.0,10.0,172.0,20.0,266.0,1.65e+18,2.4e+17,-1.89e+18,4.79e+17,-1.48e+18,2.7e+16,gcmt,subduction_intraslab
C201512081256A,2015-12-08T12:56:13,-71.89,-30.92,35.4,5.6,mw,354.0,24.0,91.0,173.0,66.0,89.0,69.0,82.0,0.0,173.0,21.0,263.0,2.44e+17,8500000000000002.0,-2.52e+17,2.8100000000000004e+16,-2.18e+17,2.99e+16,gcmt,subduction_intraslab
C201512081256A,2015-12-08T12:56:13,-71.89,-30.92,35.4,5.6,mw,354.0,24.0,91.0,173.0,66.0,89.0,69.0,82.0,0.0,173.0,21.0,263.0,2.44e+17,8500000000000002.0,-2.52e+17,2.8100000000000004e+16,-2.18e+17,2.99e+16,gcmt,subduction_intraslab
C201512191925A,2015-12-19T19:25:09,-71.54,-30.7,62.4,5.8,mw,359.0,32.0,99.0,168.0,58.0,84.0,76.0,61.0,5.0,171.0,13.0,262.0,5.38e+17,1.3e+17,-6.68e+17,8.11e+16,-2.96e+17,1.03e+17,gcmt,subduction_intraslab
C201512191925A,2015-12-19T19:25:09,-71.54,-30.7,62.4,5.8,mw,359.0,32.0,99.0,168.0,58.0,84.0,76.0,61.0,5.0,171.0,13.0,262.0,5.38e+17,1.3e+17,-6.68e+17,8.11e+16,-2.96e+17,1.03e+17,gcmt,subduction_intraslab
C201512261758B,2015-12-26T17:58:13,-72.33,-31.8,29.7,5.0,mw,323.0,29.0,67.0,168.0,63.0,102.0,69.0,103.0,11.0,343.0,17.0,249.0,5.58e+16,-7470000000000000.0,-4.83e+16,1830000000000000.0,-4.18e+16,2.36e+16,gcmt,subduction_intraslab
C201512261758B,2015-12-26T17:58:13,-72.33,-31.8,29.7,5.0,mw,323.0,29.0,67.0,168.0,63.0,102.0,69.0,103.0,11.0,343.0,17.0,249.0,5.58e+16,-7470000000000000.0,-4.83e+16,1830000000000000.0,-4.18e+16,2.36e+16,gcmt,subduction_intraslab
C201601071540A,2016-01-07T15:40:46,-74.29,-41.65,32.4,5.0,mw,13.0,24.0,98.0,184.0,66.0,86.0,69.0,87.0,3.0,186.0,21.0,277.0,4.35e+16,-580000000000000.0,-4.29e+16,-1560000000000000.0,-3.97e+16,-6780000000000000.0,gcmt,subduction_intraslab
C201601071540A,2016-01-07T15:40:46,-74.29,-41.65,32.4,5.0,mw,13.0,24.0,98.0,184.0,66.0,86.0,69.0,87.0,3.0,186.0,21.0,277.0,4.35e+16,-580000000000000.0,-4.29e+16,-1560000000000000.0,-3.97e+16,-6780000000000000.0,gcmt,subduction_intraslab
C201601080112A,2016-01-08T01:12:05,-71.94,-30.74,32.7,5.7,mw,1.0,29.0,97.0,174.0,62.0,86.0,73.0,75.0,3.0,175.0,17.0,266.0,4.07e+17,2.05e+16,-4.28e+17,4.33e+16,-2.7000000000000003e+17,2.09e+16,gcmt,subduction_intraslab
C201601080112A,2016-01-08T01:12:05,-71.94,-30.74,32.7,5.7,mw,1.0,29.0,97.0,174.0,62.0,86.0,73.0,75.0,3.0,175.0,17.0,266.0,4.07e+17,2.05e+16,-4.28e+17,4.33e+16,-2.7000000000000003e+17,2.09e+16,gcmt,subduction_intraslab
C201601292007A,2016-01-29T20:07:20,-71.74,-30.28,41.7,5.2,mw,14.0,33.0,105.0,177.0,58.0,80.0,75.0,60.0,8.0,182.0,13.0,274.0,5.24e+16,-230000000000000.0,-5.22e+16,6860000000000001.0,-2.52e+16,-5110000000000000.0,gcmt,subduction_intraslab
C201601292007A,2016-01-29T20:07:20,-71.74,-30.28,41.7,5.2,mw,14.0,33.0,105.0,177.0,58.0,80.0,75.0,60.0,8.0,182.0,13.0,274.0,5.24e+16,-230000000000000.0,-5.22e+16,6860000000000001.0,-2.52e+16,-5110000000000000.0,gcmt,subduction_intraslab
C201602050528A,2016-02-05T05:28:13,-72.08,-31.0,35.0,5.1,mw,1.0,33.0,90.0,181.0,57.0,90.0,78.0,90.0,0.0,181.0,12.0,271.0,4.74e+16,-9660000000000000.0,-3.77e+16,-180000000000000.0,-1.91e+16,-570000000000000.0,gcmt,subduction_intraslab
C201602050528A,2016-02-05T05:28:13,-72.08,-31.0,35.0,5.1,mw,1.0,33.0,90.0,181.0,57.0,90.0,78.0,90.0,0.0,181.0,12.0,271.0,4.74e+16,-9660000000000000.0,-3.77e+16,-180000000000000.0,-1.91e+16,-570000000000000.0,gcmt,subduction_intraslab
C201602100033A,2016-02-10T00:33:11,-71.9,-30.62,36.2,6.3,mw,11.0,29.0,103.0,176.0,61.0,83.0,73.0,69.0,6.0,180.0,16.0,272.0,3.53e+18,1.64e+17,-3.69e+18,3.89e+17,-2.28e+18,-2.41e+17,gcmt,subduction_intraslab
C201602100033A,2016-02-10T00:33:11,-71.9,-30.62,36.2,6.3,mw,11.0,29.0,103.0,176.0,61.0,83.0,73.0,69.0,6.0,180.0,16.0,272.0,3.53e+18,1.64e+17,-3.69e+18,3.89e+17,-2.28e+18,-2.41e+17,gcmt,subduction_intraslab
C201603020949A,2016-03-02T09:49:59,-70.98,-18.79,60.4,5.2,mw,343.0,29.0,89.0,165.0,61.0,91.0,74.0,76.0,1.0,344.0,16.0,254.0,5.94e+16,7400000000000000.0,-6.68e+16,1.09e+16,-4.07e+16,2.3e+16,gcmt,subduction_intraslab
C201603121605A,2016-03-12T16:05:19,-71.73,-30.22,37.2,5.1,mw,18.0,36.0,117.0,166.0,58.0,72.0,71.0,34.0,16.0,176.0,11.0,269.0,5.56e+16,-900000000000000.0,-5.47e+16,1.9e+16,-2.3e+16,-2810000000000000.5,gcmt,subduction_intraslab
C201603121605A,2016-03-12T16:05:19,-71.73,-30.22,37.2,5.1,mw,18.0,36.0,117.0,166.0,58.0,72.0,71.0,34.0,16.0,176.0,11.0,269.0,5.56e+16,-900000000000000.0,-5.47e+16,1.9e+16,-2.3e+16,-2810000000000000.5,gcmt,subduction_intraslab
C201603160349A,2016-03-16T03:49:37,-72.03,-31.28,30.6,5.3,mw,353.0,25.0,85.0,178.0,65.0,92.0,70.0,93.0,2.0,357.0,20.0,267.0,1.1000000000000002e+17,8100000000000000.0,-1.19e+17,800000000000000.0,-9.73e+16,9600000000000000.0,gcmt,subduction_intraslab
C201603160349A,2016-03-16T03:49:37,-72.03,-31.28,30.6,5.3,mw,353.0,25.0,85.0,178.0,65.0,92.0,70.0,93.0,2.0,357.0,20.0,267.0,1.1000000000000002e+17,8100000000000000.0,-1.19e+17,800000000000000.0,-9.73e+16,9600000000000000.0,gcmt,subduction_intraslab
C201604041232A,2016-04-04T12:32:49,-72.0,-31.26,28.8,5.3,mw,1.0,23.0,99.0,171.0,67.0,86.0,67.0,74.0,3.0,172.0,22.0,264.0,1.02e+17,4300000000000000.0,-1.06e+17,1.92e+16,-1.01e+17,8400000000000002.0,gcmt,subduction_intraslab
C201604041232A,2016-04-04T12:32:49,-72.0,-31.26,28.8,5.3,mw,1.0,23.0,99.0,171.0,67.0,86.0,67.0,74.0,3.0,172.0,22.0,264.0,1.02e+17,4300000000000000.0,-1.06e+17,1.92e+16,-1.01e+17,8400000000000002.0,gcmt,subduction_intraslab
C201604061735A,2016-04-06T17:35:43,-71.82,-31.46,34.2,5.3,mw,5.0,27.0,95.0,178.0,63.0,87.0,72.0,82.0,3.0,180.0,18.0,270.0,1.07e+17,1.4199999999999998e+16,-1.21e+17,4500000000000000.0,-8.07e+16,-2800000000000000.0,gcmt,subduction_intraslab
C201604061735A,2016-04-06T17:35:43,-71.82,-31.46,34.2,5.3,mw,5.0,27.0,95.0,178.0,63.0,87.0,72.0,82.0,3.0,180.0,18.0,270.0,1.07e+17,1.4199999999999998e+16,-1.21e+17,4500000000000000.0,-8.07e+16,-2800000000000000.0,gcmt,subduction_intraslab
C201604160605A,2016-04-16T06:05:27,-70.15,-26.48,101.9,5.3,mw,266.0,51.0,-135.0,143.0,57.0,-49.0,3.0,206.0,33.0,298.0,57.0,111.0,-6.59e+16,6.760000000000001e+16,-1700000000000000.0,1.51e+16,5.15e+16,-3.9e+16,gcmt,subduction_intraslab
C201604181138A,2016-04-18T11:38:42,-71.49,-31.83,50.0,5.2,mw,347.0,29.0,83.0,175.0,61.0,94.0,73.0,94.0,3.0,353.0,16.0,262.0,6.939999999999999e+16,5600000000000000.0,-7.5e+16,2200000000000000.0,-4.68e+16,1.24e+16,gcmt,subduction_intraslab
C201604181138A,2016-04-18T11:38:42,-71.49,-31.83,50.0,5.2,mw,347.0,29.0,83.0,175.0,61.0,94.0,73.0,94.0,3.0,353.0,16.0,262.0,6.939999999999999e+16,5600000000000000.0,-7.5e+16,2200000000000000.0,-4.68e+16,1.24e+16,gcmt,subduction_intraslab
C201605111311A,2016-05-11T13:11:38,-71.95,-30.73,30.1,5.4,mw,3.0,27.0,101.0,171.0,64.0,85.0,71.0,69.0,5.0,173.0,18.0,265.0,1.19e+17,1.21e+16,-1.31e+17,2.06e+16,-9.27e+16,9600000000000000.0,gcmt,subduction_intraslab
C201605111311A,2016-05-11T13:11:38,-71.95,-30.73,30.1,5.4,mw,3.0,27.0,101.0,171.0,64.0,85.0,71.0,69.0,5.0,173.0,18.0,265.0,1.19e+17,1.21e+16,-1.31e+17,2.06e+16,-9.27e+16,9600000000000000.0,gcmt,subduction_intraslab
C201605221147A,2016-05-22T11:47:14,-71.93,-30.54,32.2,5.1,mw,6.0,33.0,102.0,172.0,58.0,82.0,75.0,60.0,7.0,176.0,13.0,268.0,4.76e+16,-1510000000000000.0,-4.61e+16,7260000000000000.0,-2.2400000000000004e+16,460000000000000.0,gcmt,subduction_intraslab
C201605221147A,2016-05-22T11:47:14,-71.93,-30.54,32.2,5.1,mw,6.0,33.0,102.0,172.0,58.0,82.0,75.0,60.0,7.0,176.0,13.0,268.0,4.76e+16,-1510000000000000.0,-4.61e+16,7260000000000000.0,-2.2400000000000004e+16,460000000000000.0,gcmt,subduction_intraslab
C201606050551A,2016-06-05T05:51:16,-72.03,-29.45,36.2,5.8,mw,314.0,35.0,28.0,201.0,74.0,122.0,50.0,147.0,31.0,11.0,23.0,267.0,2.5e+17,1.68e+17,-4.18e+17,-2.18e+17,-3.61e+17,1.32e+17,gcmt,subduction_intraslab
C201606050551A,2016-06-05T05:51:16,-72.03,-29.45,36.2,5.8,mw,314.0,35.0,28.0,201.0,74.0,122.0,50.0,147.0,31.0,11.0,23.0,267.0,2.5e+17,1.68e+17,-4.18e+17,-2.18e+17,-3.61e+17,1.32e+17,gcmt,subduction_intraslab
C201606061316A,2016-06-06T13:16:06,-71.8,-30.13,39.1,5.5,mw,13.0,38.0,116.0,161.0,56.0,71.0,71.0,25.0,16.0,172.0,9.0,265.0,1.3500000000000002e+17,2.39e+16,-1.59e+17,4.12e+16,-4.69e+16,1e+16,gcmt,subduction_intraslab
C201606061316A,2016-06-06T13:16:06,-71.8,-30.13,39.1,5.5,mw,13.0,38.0,116.0,161.0,56.0,71.0,71.0,25.0,16.0,172.0,9.0,265.0,1.3500000000000002e+17,2.39e+16,-1.59e+17,4.12e+16,-4.69e+16,1e+16,gcmt,subduction_intraslab
C201606061321A,2016-06-06T13:22:03,-71.66,-30.06,39.6,5.4,mw,1.0,36.0,91.0,179.0,54.0,89.0,81.0,85.0,1.0,180.0,9.0,270.0,1.6e+17,4.87e+16,-2.08e+17,1799999999999999.8,-6.2e+16,-100000000000000.0,gcmt,subduction_intraslab
C201606061321A,2016-06-06T13:22:03,-71.66,-30.06,39.6,5.4,mw,1.0,36.0,91.0,179.0,54.0,89.0,81.0,85.0,1.0,180.0,9.0,270.0,1.6e+17,4.87e+16,-2.08e+17,1799999999999999.8,-6.2e+16,-100000000000000.0,gcmt,subduction_intraslab
C201606220354A,2016-06-22T03:54:43,-72.01,-30.68,35.4,5.1,mw,1.0,28.0,97.0,173.0,62.0,86.0,73.0,74.0,3.0,175.0,17.0,266.0,5.3e+16,1110000000000000.0,-5.41e+16,6280000000000000.0,-3.53e+16,2670000000000000.0,gcmt,subduction_intraslab
C201606220354A,2016-06-22T03:54:43,-72.01,-30.68,35.4,5.1,mw,1.0,28.0,97.0,173.0,62.0,86.0,73.0,74.0,3.0,175.0,17.0,266.0,5.3e+16,1110000000000000.0,-5.41e+16,6280000000000000.0,-3.53e+16,2670000000000000.0,gcmt,subduction_intraslab
C201606271251A,2016-06-27T12:51:18,-71.46,-31.58,45.6,5.0,mw,9.0,33.0,107.0,169.0,58.0,79.0,74.0,49.0,9.0,175.0,13.0,267.0,4.019999999999999e+16,1.14e+16,-5.16e+16,6940000000000000.0,-2.16e+16,2050000000000000.0,gcmt,subduction_intraslab
C201606271251A,2016-06-27T12:51:18,-71.46,-31.58,45.6,5.0,mw,9.0,33.0,107.0,169.0,58.0,79.0,74.0,49.0,9.0,175.0,13.0,267.0,4.019999999999999e+16,1.14e+16,-5.16e+16,6940000000000000.0,-2.16e+16,2050000000000000.0,gcmt,subduction_intraslab
C201607180859A,2016-07-18T08:59:45,-71.92,-30.59,36.6,5.0,mw,341.0,38.0,89.0,163.0,52.0,91.0,83.0,79.0,1.0,343.0,7.0,252.0,5.18e+16,-1300000000000000.0,-5.05e+16,3590000000000000.0,-1.3799999999999998e+16,1.74e+16,gcmt,subduction_intraslab
C201607180859A,2016-07-18T08:59:45,-71.92,-30.59,36.6,5.0,mw,341.0,38.0,89.0,163.0,52.0,91.0,83.0,79.0,1.0,343.0,7.0,252.0,5.18e+16,-1300000000000000.0,-5.05e+16,3590000000000000.0,-1.3799999999999998e+16,1.74e+16,gcmt,subduction_intraslab
C201607251726A,2016-07-25T17:26:52,-70.63,-26.15,87.9,6.1,mw,176.0,23.0,-75.0,341.0,68.0,-96.0,23.0,75.0,6.0,343.0,66.0,240.0,-1.28e+18,4.26e+17,8.53e+17,4.85e+17,-1e+18,-1.5e+16,gcmt,subduction_intraslab
C201608300809A,2016-08-30T08:09:14,-72.67,-34.91,30.5,5.4,mw,20.0,20.0,98.0,191.0,70.0,87.0,65.0,96.0,3.0,192.0,25.0,284.0,1.04e+17,9900000000000000.0,-1.1399999999999998e+17,-2.52e+16,-1.34e+17,-3.63e+16,gcmt,subduction_intraslab
C201608300809A,2016-08-30T08:09:14,-72.67,-34.91,30.5,5.4,mw,20.0,20.0,98.0,191.0,70.0,87.0,65.0,96.0,3.0,192.0,25.0,284.0,1.04e+17,9900000000000000.0,-1.1399999999999998e+17,-2.52e+16,-1.34e+17,-3.63e+16,gcmt,subduction_intraslab
C201610250718A,2016-10-25T07:18:27,-71.26,-26.76,30.5,5.0,mw,350.0,26.0,94.0,165.0,64.0,88.0,71.0,70.0,2.0,166.0,19.0,256.0,4.9e+16,-160000000000000.0,-4.88e+16,1.1299999999999998e+16,-3.84e+16,1.17e+16,gcmt,subduction_intraslab
C201610300449A,2016-10-30T04:49:46,-70.55,-25.21,51.1,5.3,mw,292.0,46.0,-176.0,198.0,87.0,-44.0,27.0,254.0,46.0,15.0,32.0,145.0,-1.27e+16,-4.86e+16,6.13e+16,1.61e+16,7.34e+16,-5.639999999999999e+16,gcmt,subduction_intraslab
C201612162311A,2016-12-16T23:11:44,-72.06,-30.57,35.8,5.2,mw,334.0,31.0,82.0,163.0,59.0,95.0,76.0,86.0,4.0,341.0,14.0,250.0,6.17e+16,-5860000000000000.0,-5.58e+16,7100000000000000.0,-3.25e+16,2.3e+16,gcmt,subduction_intraslab
C201612162311A,2016-12-16T23:11:44,-72.06,-30.57,35.8,5.2,mw,334.0,31.0,82.0,163.0,59.0,95.0,76.0,86.0,4.0,341.0,14.0,250.0,6.17e+16,-5860000000000000.0,-5.58e+16,7100000000000000.0,-3.25e+16,2.3e+16,gcmt,subduction_intraslab
C201612251422A,2016-12-25T14:22:38,-74.43,-43.41,32.8,7.6,mw,4.0,19.0,96.0,178.0,71.0,88.0,64.0,85.0,2.0,179.0,26.0,270.0,1.75e+20,-2.9e+18,-1.73e+20,1.06e+19,-2.2400000000000003e+20,-3.4e+18,gcmt,subduction_intraslab
C201612251422A,2016-12-25T14:22:38,-74.43,-43.41,32.8,7.6,mw,4.0,19.0,96.0,178.0,71.0,88.0,64.0,85.0,2.0,179.0,26.0,270.0,1.75e+20,-2.9e+18,-1.73e+20,1.06e+19,-2.2400000000000003e+20,-3.4e+18,gcmt,subduction_intraslab
C201701031341A,2017-01-03T13:41:55,-70.67,-19.91,48.4,5.2,mw,215.0,61.0,19.0,116.0,74.0,149.0,33.0,72.0,56.0,271.0,9.0,168.0,1.41e+16,-5.39e+16,3.98e+16,1.89e+16,-3.22e+16,-2.71e+16,gcmt,subduction_intraslab
C201701032119A,2017-01-03T21:19:11,-74.63,-43.33,23.8,5.5,mw,320.0,26.0,61.0,172.0,68.0,103.0,65.0,104.0,12.0,347.0,22.0,252.0,1.1299999999999998e+17,8100000000000000.0,-1.21e+17,1.08e+16,-1.26e+17,6.28e+16,gcmt,subduction_intraslab
C201701032119A,2017-01-03T21:19:11,-74.63,-43.33,23.8,5.5,mw,320.0,26.0,61.0,172.0,68.0,103.0,65.0,104.0,12.0,347.0,22.0,252.0,1.1299999999999998e+17,8100000000000000.0,-1.21e+17,1.08e+16,-1.26e+17,6.28e+16,gcmt,subduction_intraslab
C201701112158A,2017-01-11T21:58:22,-69.91,-22.79,76.9,5.8,mw,169.0,43.0,-129.0,36.0,58.0,-60.0,8.0,105.0,25.0,199.0,63.0,358.0,-3.76e+17,-1.21e+17,4.9800000000000006e+17,-1.77e+17,-9.35e+16,1.58e+17,gcmt,subduction_intraslab
C201702121621A,2017-02-12T16:21:18,-71.58,-28.01,32.6,5.1,mw,2.0,26.0,101.0,170.0,64.0,85.0,70.0,69.0,5.0,172.0,19.0,264.0,3.95e+16,4540000000000000.0,-4.41e+16,7310000000000000.0,-3.25e+16,3990000000000000.0,gcmt,subduction_intraslab
C201702121621A,2017-02-12T16:21:18,-71.58,-28.01,32.6,5.1,mw,2.0,26.0,101.0,170.0,64.0,85.0,70.0,69.0,5.0,172.0,19.0,264.0,3.95e+16,4540000000000000.0,-4.41e+16,7310000000000000.0,-3.25e+16,3990000000000000.0,gcmt,subduction_intraslab
C201702260859A,2017-02-26T08:59:22,-71.74,-28.89,36.5,5.0,mw,16.0,31.0,111.0,173.0,61.0,78.0,71.0,56.0,10.0,179.0,15.0,272.0,5.25e+16,2320000000000000.0,-5.480000000000001e+16,1.03e+16,-3.23e+16,-4670000000000000.0,gcmt,subduction_intraslab
C201702260859A,2017-02-26T08:59:22,-71.74,-28.89,36.5,5.0,mw,16.0,31.0,111.0,173.0,61.0,78.0,71.0,56.0,10.0,179.0,15.0,272.0,5.25e+16,2320000000000000.0,-5.480000000000001e+16,1.03e+16,-3.23e+16,-4670000000000000.0,gcmt,subduction_intraslab
C201703100622A,2017-03-10T06:22:25,-72.14,-30.63,20.5,5.2,mw,2.0,24.0,93.0,179.0,66.0,89.0,69.0,86.0,1.0,179.0,21.0,270.0,5.26e+16,-230000000000000.0,-5.24e+16,1760000000000000.0,-4.58e+16,-340000000000000.0,gcmt,subduction_intraslab
C201703100622A,2017-03-10T06:22:25,-72.14,-30.63,20.5,5.2,mw,2.0,24.0,93.0,179.0,66.0,89.0,69.0,86.0,1.0,179.0,21.0,270.0,5.26e+16,-230000000000000.0,-5.24e+16,1760000000000000.0,-4.58e+16,-340000000000000.0,gcmt,subduction_intraslab
C201703131505A,2017-03-13T15:05:59,-71.5,-30.52,47.9,5.1,mw,358.0,34.0,95.0,173.0,56.0,87.0,78.0,71.0,3.0,174.0,11.0,265.0,5.96e+16,1300000000000000.0,-6.09e+16,5140000000000000.0,-2.5e+16,4910000000000000.0,gcmt,subduction_intraslab
C201703131505A,2017-03-13T15:05:59,-71.5,-30.52,47.9,5.1,mw,358.0,34.0,95.0,173.0,56.0,87.0,78.0,71.0,3.0,174.0,11.0,265.0,5.96e+16,1300000000000000.0,-6.09e+16,5140000000000000.0,-2.5e+16,4910000000000000.0,gcmt,subduction_intraslab
C201703311844A,2017-03-31T18:44:44,-71.61,-30.83,41.6,5.2,mw,358.0,30.0,97.0,171.0,60.0,86.0,74.0,71.0,3.0,173.0,15.0,263.0,8.63e+16,-3800000000000000.0,-8.25e+16,1.15e+16,-4.89e+16,7400000000000000.0,gcmt,subduction_intraslab
C201703311844A,2017-03-31T18:44:44,-71.61,-30.83,41.6,5.2,mw,358.0,30.0,97.0,171.0,60.0,86.0,74.0,71.0,3.0,173.0,15.0,263.0,8.63e+16,-3800000000000000.0,-8.25e+16,1.15e+16,-4.89e+16,7400000000000000.0,gcmt,subduction_intraslab
C201704111339A,2017-04-11T13:39:49,-70.22,-27.71,86.7,5.1,mw,272.0,46.0,171.0,8.0,84.0,45.0,35.0,240.0,45.0,14.0,25.0,132.0,8590000000000000.0,-1.06e+16,2040000000000000.0,2640000000000000.0,3.69e+16,-3.82e+16,gcmt,subduction_intraslab
C201704111339A,2017-04-11T13:39:49,-70.22,-27.71,86.7,5.1,mw,272.0,46.0,171.0,8.0,84.0,45.0,35.0,240.0,45.0,14.0,25.0,132.0,8590000000000000.0,-1.06e+16,2040000000000000.0,2640000000000000.0,3.69e+16,-3.82e+16,gcmt,subduction_intraslab
C201704130342A,2017-04-13T03:42:56,-71.7,-31.15,45.8,5.4,mw,358.0,38.0,119.0,143.0,58.0,69.0,70.0,7.0,17.0,154.0,10.0,247.0,1.2e+17,8300000000000000.0,-1.28e+17,5.15e+16,-3.34e+16,5.93e+16,gcmt,subduction_intraslab
C201704130342A,2017-04-13T03:42:56,-71.7,-31.15,45.8,5.4,mw,358.0,38.0,119.0,143.0,58.0,69.0,70.0,7.0,17.0,154.0,10.0,247.0,1.2e+17,8300000000000000.0,-1.28e+17,5.15e+16,-3.34e+16,5.93e+16,gcmt,subduction_intraslab
C201704242138A,2017-04-24T21:38:37,-72.07,-33.13,26.0,6.9,mw,3.0,16.0,94.0,179.0,74.0,89.0,61.0,87.0,1.0,179.0,29.0,270.0,1.3e+19,3.9e+17,-1.33e+19,5.6e+17,-2.03e+19,-2.2e+17,gcmt,subduction_intraslab
C201704242138A,2017-04-24T21:38:37,-72.07,-33.13,26.0,6.9,mw,3.0,16.0,94.0,179.0,74.0,89.0,61.0,87.0,1.0,179.0,29.0,270.0,1.3e+19,3.9e+17,-1.33e+19,5.6e+17,-2.03e+19,-2.2e+17,gcmt,subduction_intraslab
C201704250143A,2017-04-25T01:43:03,-72.31,-33.35,31.1,5.2,mw,16.0,24.0,107.0,178.0,67.0,83.0,67.0,74.0,7.0,181.0,22.0,274.0,1.53e+17,-1.65e+16,-1.3700000000000002e+17,1.89e+16,-1.3899999999999998e+17,-1.84e+16,gcmt,subduction_intraslab
C201704250143A,2017-04-25T01:43:03,-72.31,-33.35,31.1,5.2,mw,16.0,24.0,107.0,178.0,67.0,83.0,67.0,74.0,7.0,181.0,22.0,274.0,1.53e+17,-1.65e+16,-1.3700000000000002e+17,1.89e+16,-1.3899999999999998e+17,-1.84e+16,gcmt,subduction_intraslab
C201704290146A,2017-04-29T01:46:03,-72.08,-33.42,32.3,5.1,mw,5.0,33.0,92.0,183.0,57.0,89.0,78.0,88.0,1.0,184.0,12.0,274.0,1.81e+17,-5.31e+16,-1.28e+17,500000000000000.0,-6.720000000000001e+16,-6100000000000000.0,gcmt,subduction_intraslab
C201704290146A,2017-04-29T01:46:03,-72.08,-33.42,32.3,5.1,mw,5.0,33.0,92.0,183.0,57.0,89.0,78.0,88.0,1.0,184.0,12.0,274.0,1.81e+17,-5.31e+16,-1.28e+17,500000000000000.0,-6.720000000000001e+16,-6100000000000000.0,gcmt,subduction_intraslab
C201704300936A,2017-04-30T09:36:07,-71.17,-19.96,21.9,5.0,mw,344.0,27.0,90.0,163.0,63.0,90.0,72.0,73.0,0.0,164.0,18.0,254.0,4.43e+16,-3950000000000000.0,-4.04e+16,9140000000000000.0,-3.03e+16,1.17e+16,gcmt,subduction_intraslab
C201705131654A,2017-05-13T16:54:51,-72.12,-32.9,28.4,5.2,mw,360.0,20.0,84.0,186.0,70.0,92.0,65.0,100.0,2.0,5.0,25.0,274.0,6.06e+16,2600000000000000.0,-6.32e+16,-8799999999999998.0,-7.27e+16,-3599999999999999.5,gcmt,subduction_intraslab
C201705131654A,2017-05-13T16:54:51,-72.12,-32.9,28.4,5.2,mw,360.0,20.0,84.0,186.0,70.0,92.0,65.0,100.0,2.0,5.0,25.0,274.0,6.06e+16,2600000000000000.0,-6.32e+16,-8799999999999998.0,-7.27e+16,-3599999999999999.5,gcmt,subduction_intraslab
C201706120243A,2017-06-12T02:43:32,-71.87,-31.49,33.8,5.7,mw,5.0,26.0,99.0,175.0,64.0,86.0,70.0,75.0,4.0,177.0,19.0,268.0,3.83e+17,3.69e+16,-4.1900000000000006e+17,4.43e+16,-3.2e+17,5000000000000000.0,gcmt,subduction_intraslab
C201706120243A,2017-06-12T02:43:32,-71.87,-31.49,33.8,5.7,mw,5.0,26.0,99.0,175.0,64.0,86.0,70.0,75.0,4.0,177.0,19.0,268.0,3.83e+17,3.69e+16,-4.1900000000000006e+17,4.43e+16,-3.2e+17,5000000000000000.0,gcmt,subduction_intraslab
C201706261444A,2017-06-26T14:44:54,-71.53,-30.77,55.2,5.1,mw,3.0,29.0,101.0,170.0,61.0,84.0,73.0,66.0,5.0,173.0,16.0,265.0,5.269999999999999e+16,1.11e+16,-6.38e+16,8120000000000002.0,-3.67e+16,5380000000000000.0,gcmt,subduction_intraslab
C201706261444A,2017-06-26T14:44:54,-71.53,-30.77,55.2,5.1,mw,3.0,29.0,101.0,170.0,61.0,84.0,73.0,66.0,5.0,173.0,16.0,265.0,5.269999999999999e+16,1.11e+16,-6.38e+16,8120000000000002.0,-3.67e+16,5380000000000000.0,gcmt,subduction_intraslab
C201707261011A,2017-07-26T10:11:04,-69.65,-23.89,88.8,5.0,mw,181.0,36.0,-85.0,355.0,54.0,-94.0,9.0,87.0,3.0,357.0,80.0,248.0,-3.34e+16,230000000000000.0,3.32e+16,2500000000000000.0,-1.09e+16,-1200000000000000.0,gcmt,subduction_intraslab
C201708121559A,2017-08-12T15:59:35,-71.28,-19.95,18.6,5.2,mw,339.0,24.0,78.0,172.0,67.0,95.0,68.0,92.0,5.0,350.0,21.0,258.0,5.35e+16,50000000000000.0,-5.36e+16,4800000000000000.0,-5.15e+16,1.42e+16,gcmt,subduction_intraslab
C201708151903A,2017-08-15T19:03:26,-72.25,-30.06,18.4,5.1,mw,352.0,29.0,78.0,186.0,62.0,97.0,72.0,112.0,6.0,3.0,17.0,271.0,5.03e+16,-740000000000000.0,-4.95e+16,-7090000000000000.0,-3.27e+16,940000000000000.0,gcmt,subduction_intraslab
C201708151903A,2017-08-15T19:03:26,-72.25,-30.06,18.4,5.1,mw,352.0,29.0,78.0,186.0,62.0,97.0,72.0,112.0,6.0,3.0,17.0,271.0,5.03e+16,-740000000000000.0,-4.95e+16,-7090000000000000.0,-3.27e+16,940000000000000.0,gcmt,subduction_intraslab
C201709042155A,2017-09-04T21:55:22,-70.22,-19.23,105.3,5.2,mw,134.0,48.0,-145.0,19.0,65.0,-48.0,10.0,80.0,37.0,178.0,51.0,338.0,-5.21e+16,-4.26e+16,9.48e+16,-1.23e+16,-2.97e+16,-2.7500000000000004e+16,gcmt,subduction_intraslab
C201712280354A,2017-12-28T03:54:57,-70.49,-24.94,67.4,5.4,mw,358.0,25.0,103.0,164.0,65.0,84.0,69.0,62.0,5.0,167.0,20.0,258.0,1.09e+17,3.18e+16,-1.41e+17,3.2e+16,-1.04e+17,3.25e+16,gcmt,subduction_intraslab
C201801201131A,2018-01-20T11:31:17,-72.1,-28.98,39.1,5.2,mw,291.0,62.0,-13.0,28.0,78.0,-151.0,11.0,157.0,59.0,48.0,29.0,253.0,-8630000000000000.0,5.230000000000001e+16,-4.37e+16,620000000000000.0,-4.019999999999999e+16,4.01e+16,gcmt,subduction_intraslab
C201801201131A,2018-01-20T11:31:17,-72.1,-28.98,39.1,5.2,mw,291.0,62.0,-13.0,28.0,78.0,-151.0,11.0,157.0,59.0,48.0,29.0,253.0,-8630000000000000.0,5.230000000000001e+16,-4.37e+16,620000000000000.0,-4.019999999999999e+16,4.01e+16,gcmt,subduction_intraslab
C201801261327A,2018-01-26T13:27:10,-74.27,-37.63,22.7,5.0,mw,7.0,28.0,94.0,182.0,62.0,88.0,73.0,86.0,2.0,183.0,17.0,274.0,3.67e+16,-6470000000000000.0,-3.02e+16,360000000000000.0,-2.22e+16,-2150000000000000.0,gcmt,subduction_intraslab
C201801261327A,2018-01-26T13:27:10,-74.27,-37.63,22.7,5.0,mw,7.0,28.0,94.0,182.0,62.0,88.0,73.0,86.0,2.0,183.0,17.0,274.0,3.67e+16,-6470000000000000.0,-3.02e+16,360000000000000.0,-2.22e+16,-2150000000000000.0,gcmt,subduction_intraslab
C201804051112A,2018-04-05T11:12:14,-70.6,-20.27,87.8,5.5,mw,123.0,61.0,175.0,216.0,86.0,29.0,23.0,83.0,60.0,223.0,17.0,346.0,-3800000000000000.0,-2.12e+17,2.16e+17,-4.36e+16,-1.29e+17,-7.69e+16,gcmt,subduction_intraslab
C201804101019A,2018-04-10T10:19:36,-71.58,-31.05,81.7,6.2,mw,120.0,26.0,-118.0,331.0,67.0,-77.0,21.0,51.0,12.0,146.0,66.0,264.0,-2.2000000000000005e+18,1.25e+18,9.5e+17,5.21e+17,-1.83e+18,-6.77e+17,gcmt,subduction_intraslab
C201804101019A,2018-04-10T10:19:36,-71.58,-31.05,81.7,6.2,mw,120.0,26.0,-118.0,331.0,67.0,-77.0,21.0,51.0,12.0,146.0,66.0,264.0,-2.2000000000000005e+18,1.25e+18,9.5e+17,5.21e+17,-1.83e+18,-6.77e+17,gcmt,subduction_intraslab
C201805060244A,2018-05-06T02:44:25,-72.48,-34.23,31.5,5.2,mw,25.0,24.0,105.0,190.0,67.0,84.0,67.0,88.0,6.0,192.0,22.0,284.0,6.999999999999999e+16,400000000000000.0,-7.039999999999999e+16,-8300000000000000.0,-7.009999999999999e+16,-2.36e+16,gcmt,subduction_intraslab
C201805060244A,2018-05-06T02:44:25,-72.48,-34.23,31.5,5.2,mw,25.0,24.0,105.0,190.0,67.0,84.0,67.0,88.0,6.0,192.0,22.0,284.0,6.999999999999999e+16,400000000000000.0,-7.039999999999999e+16,-8300000000000000.0,-7.009999999999999e+16,-2.36e+16,gcmt,subduction_intraslab
C201806020617A,2018-06-02T06:17:22,-73.9,-38.35,29.0,5.2,mw,354.0,19.0,87.0,177.0,72.0,91.0,63.0,89.0,1.0,357.0,27.0,266.0,6.59e+16,2900000000000000.0,-6.879999999999999e+16,4100000000000000.0,-8.96e+16,5700000000000000.0,gcmt,subduction_intraslab
C201806020617A,2018-06-02T06:17:22,-73.9,-38.35,29.0,5.2,mw,354.0,19.0,87.0,177.0,72.0,91.0,63.0,89.0,1.0,357.0,27.0,266.0,6.59e+16,2900000000000000.0,-6.879999999999999e+16,4100000000000000.0,-8.96e+16,5700000000000000.0,gcmt,subduction_intraslab
C201808270916A,2018-08-27T09:16:07,-71.61,-29.65,49.4,5.0,mw,214.0,45.0,122.0,352.0,53.0,62.0,67.0,202.0,22.0,10.0,4.0,102.0,3.62e+16,6560000000000000.0,-4.269999999999999e+16,-1.2e+16,8950000000000000.0,-1.16e+16,gcmt,subduction_intraslab
C201808270916A,2018-08-27T09:16:07,-71.61,-29.65,49.4,5.0,mw,214.0,45.0,122.0,352.0,53.0,62.0,67.0,202.0,22.0,10.0,4.0,102.0,3.62e+16,6560000000000000.0,-4.269999999999999e+16,-1.2e+16,8950000000000000.0,-1.16e+16,gcmt,subduction_intraslab
C201808280451A,2018-08-28T04:51:44,-71.49,-29.63,52.0,5.2,mw,220.0,35.0,116.0,9.0,59.0,73.0,70.0,241.0,15.0,18.0,13.0,111.0,7.07e+16,-2100000000000000.0,-6.860000000000001e+16,-3800000000000000.0,4.1e+16,-3.61e+16,gcmt,subduction_intraslab
C201808280451A,2018-08-28T04:51:44,-71.49,-29.63,52.0,5.2,mw,220.0,35.0,116.0,9.0,59.0,73.0,70.0,241.0,15.0,18.0,13.0,111.0,7.07e+16,-2100000000000000.0,-6.860000000000001e+16,-3800000000000000.0,4.1e+16,-3.61e+16,gcmt,subduction_intraslab
C201809191842A,2018-09-19T18:42:24,-70.56,-19.44,107.5,5.0,mw,116.0,58.0,-153.0,12.0,68.0,-35.0,6.0,66.0,49.0,163.0,40.0,331.0,-2.34e+16,-1.41e+16,3.74e+16,-8840000000000000.0,-1.28e+16,-3.1e+16,gcmt,subduction_intraslab
C201809221313A,2018-09-22T13:14:04,-71.13,-25.8,34.2,5.4,mw,226.0,45.0,119.0,8.0,52.0,65.0,70.0,217.0,20.0,24.0,4.0,116.0,1.29e+17,-1.48e+16,-1.1499999999999998e+17,-3.31e+16,3.75e+16,-6.760000000000001e+16,gcmt,subduction_intraslab
C201809230532A,2018-09-23T05:32:16,-70.35,-24.43,65.9,5.3,mw,4.0,20.0,108.0,165.0,71.0,84.0,63.0,65.0,6.0,167.0,26.0,260.0,1.01e+17,1.97e+16,-1.21e+17,4.14e+16,-1.3999999999999998e+17,1.7399999999999998e+16,gcmt,subduction_intraslab
C201811091854A,2018-11-09T18:54:14,-71.91,-30.64,33.4,5.2,mw,3.0,31.0,98.0,174.0,59.0,85.0,75.0,71.0,4.0,176.0,14.0,267.0,7.78e+16,500000000000000.0,-7.82e+16,8200000000000000.0,-4.15e+16,1799999999999999.8,gcmt,subduction_intraslab
C201811091854A,2018-11-09T18:54:14,-71.91,-30.64,33.4,5.2,mw,3.0,31.0,98.0,174.0,59.0,85.0,75.0,71.0,4.0,176.0,14.0,267.0,7.78e+16,500000000000000.0,-7.82e+16,8200000000000000.0,-4.15e+16,1799999999999999.8,gcmt,subduction_intraslab
C201812012355A,2018-12-01T23:55:29,-72.55,-33.95,19.7,5.4,mw,8.0,20.0,93.0,185.0,70.0,89.0,65.0,94.0,1.0,186.0,25.0,276.0,1.74e+17,1900000000000000.0,-1.76e+17,-1.83e+16,-2.11e+17,-2.15e+16,gcmt,subduction_intraslab
C201812012355A,2018-12-01T23:55:29,-72.55,-33.95,19.7,5.4,mw,8.0,20.0,93.0,185.0,70.0,89.0,65.0,94.0,1.0,186.0,25.0,276.0,1.74e+17,1900000000000000.0,-1.76e+17,-1.83e+16,-2.11e+17,-2.15e+16,gcmt,subduction_intraslab
C201901200132A,2019-01-20T01:32:58,-71.39,-30.18,60.7,6.7,mw,187.0,39.0,-106.0,28.0,53.0,-77.0,7.0,109.0,10.0,200.0,78.0,344.0,-1.25e+19,3.84e+18,8.71e+18,-3.67e+18,-1.58e+18,1.4099999999999995e+18,gcmt,subduction_intraslab
C201901200132A,2019-01-20T01:32:58,-71.39,-30.18,60.7,6.7,mw,187.0,39.0,-106.0,28.0,53.0,-77.0,7.0,109.0,10.0,200.0,78.0,344.0,-1.25e+19,3.84e+18,8.71e+18,-3.67e+18,-1.58e+18,1.4099999999999995e+18,gcmt,subduction_intraslab
C201901300744A,2019-01-30T07:44:47,-70.61,-25.99,58.5,5.6,mw,189.0,8.0,-76.0,355.0,83.0,-92.0,38.0,87.0,2.0,355.0,52.0,263.0,-1.08e+17,5.35e+16,5.44e+16,3.08e+16,-3.02e+17,9800000000000000.0,gcmt,subduction_intraslab
C201902251528A,2019-02-25T15:28:49,-71.78,-29.7,48.0,5.3,mw,359.0,47.0,45.0,235.0,58.0,127.0,58.0,199.0,31.0,33.0,6.0,299.0,3.23e+16,3010000000000000.0,-3.53e+16,-1.71e+16,-1040000000000000.0,-2.86e+16,gcmt,subduction_intraslab
C201902251528A,2019-02-25T15:28:49,-71.78,-29.7,48.0,5.3,mw,359.0,47.0,45.0,235.0,58.0,127.0,58.0,199.0,31.0,33.0,6.0,299.0,3.23e+16,3010000000000000.0,-3.53e+16,-1.71e+16,-1040000000000000.0,-2.86e+16,gcmt,subduction_intraslab
C201903012243A,2019-03-01T22:43:31,-71.84,-30.65,34.1,5.0,mw,356.0,29.0,86.0,181.0,61.0,92.0,74.0,97.0,2.0,360.0,16.0,269.0,5.16e+16,1640000000000000.0,-5.32e+16,-1630000000000000.0,-3.18e+16,1350000000000000.0,gcmt,subduction_intraslab
C201903012243A,2019-03-01T22:43:31,-71.84,-30.65,34.1,5.0,mw,356.0,29.0,86.0,181.0,61.0,92.0,74.0,97.0,2.0,360.0,16.0,269.0,5.16e+16,1640000000000000.0,-5.32e+16,-1630000000000000.0,-3.18e+16,1350000000000000.0,gcmt,subduction_intraslab
C201903022021A,2019-03-02T20:21:57,-72.69,-33.67,16.7,5.5,mw,352.0,17.0,68.0,195.0,74.0,97.0,60.0,114.0,6.0,13.0,29.0,279.0,1.3999999999999998e+17,-6000000000000000.0,-1.34e+17,-6.39e+16,-2.07e+17,-4200000000000001.0,gcmt,subduction_intraslab
C201903022021A,2019-03-02T20:21:57,-72.69,-33.67,16.7,5.5,mw,352.0,17.0,68.0,195.0,74.0,97.0,60.0,114.0,6.0,13.0,29.0,279.0,1.3999999999999998e+17,-6000000000000000.0,-1.34e+17,-6.39e+16,-2.07e+17,-4200000000000001.0,gcmt,subduction_intraslab
C201903161806A,2019-03-16T18:06:18,-71.3,-29.87,58.7,5.2,mw,195.0,25.0,109.0,353.0,67.0,81.0,67.0,247.0,8.0,357.0,21.0,90.0,6.02e+16,1.15e+16,-7.17e+16,-1.03e+16,5.96e+16,-4200000000000001.0,gcmt,subduction_intraslab
C201903161806A,2019-03-16T18:06:18,-71.3,-29.87,58.7,5.2,mw,195.0,25.0,109.0,353.0,67.0,81.0,67.0,247.0,8.0,357.0,21.0,90.0,6.02e+16,1.15e+16,-7.17e+16,-1.03e+16,5.96e+16,-4200000000000001.0,gcmt,subduction_intraslab
C201903251052A,2019-03-25T10:52:43,-69.99,-21.26,66.1,5.0,mw,199.0,16.0,-83.0,12.0,74.0,-92.0,29.0,104.0,2.0,13.0,61.0,279.0,-1.4e+16,-1.07e+16,2.47e+16,-7150000000000000.0,-3.2e+16,9540000000000000.0,gcmt,subduction_intraslab
C201903281505A,2019-03-28T15:05:37,-70.29,-24.62,73.1,5.4,mw,0.0,24.0,101.0,168.0,67.0,85.0,68.0,69.0,5.0,170.0,22.0,262.0,8.37e+16,4.12e+16,-1.25e+17,2.07e+16,-9.76e+16,2.23e+16,gcmt,subduction_intraslab
C201904180406A,2019-04-18T04:06:35,-71.53,-29.46,73.5,5.6,mw,183.0,15.0,-82.0,355.0,75.0,-92.0,30.0,87.0,2.0,355.0,60.0,262.0,-1.51e+17,-1.24e+16,1.63e+17,2.65e+16,-2.66e+17,-4100000000000000.0,gcmt,subduction_intraslab
C201904180406A,2019-04-18T04:06:35,-71.53,-29.46,73.5,5.6,mw,183.0,15.0,-82.0,355.0,75.0,-92.0,30.0,87.0,2.0,355.0,60.0,262.0,-1.51e+17,-1.24e+16,1.63e+17,2.65e+16,-2.66e+17,-4100000000000000.0,gcmt,subduction_intraslab
C201904260622A,2019-04-26T06:22:38,-71.1,-25.81,34.1,5.5,mw,10.0,46.0,74.0,213.0,46.0,106.0,79.0,201.0,11.0,22.0,0.0,292.0,2.76e+17,-6.11e+16,-2.15e+17,-6.12e+16,2.27e+16,-7.26e+16,gcmt,subduction_intraslab
C201905171416A,2019-05-17T14:16:25,-70.26,-19.77,93.2,5.0,mw,177.0,21.0,-75.0,341.0,69.0,-96.0,24.0,76.0,5.0,343.0,65.0,241.0,-3.15e+16,1.48e+16,1.67e+16,1.22e+16,-2.42e+16,2450000000000000.0,gcmt,subduction_intraslab
C201906030842A,2019-06-03T08:42:13,-70.51,-19.69,79.9,5.2,mw,165.0,25.0,-80.0,334.0,66.0,-95.0,21.0,68.0,4.0,336.0,69.0,235.0,-3.02e+16,-2.43e+16,5.46e+16,1.72e+16,-4.07e+16,-3.85e+16,gcmt,subduction_intraslab
C201906051619A,2019-06-05T16:19:45,-70.15,-27.43,98.3,5.3,mw,157.0,26.0,-138.0,28.0,73.0,-70.0,26.0,103.0,19.0,202.0,57.0,324.0,-6.42e+16,-1.93e+16,8.36e+16,-5.540000000000001e+16,-7.99e+16,4800000000000000.0,gcmt,subduction_intraslab
C201906051619A,2019-06-05T16:19:45,-70.15,-27.43,98.3,5.3,mw,157.0,26.0,-138.0,28.0,73.0,-70.0,26.0,103.0,19.0,202.0,57.0,324.0,-6.42e+16,-1.93e+16,8.36e+16,-5.540000000000001e+16,-7.99e+16,4800000000000000.0,gcmt,subduction_intraslab
C201906132250A,2019-06-13T22:50:15,-71.52,-30.46,63.4,5.0,mw,2.0,37.0,105.0,164.0,55.0,79.0,77.0,38.0,9.0,170.0,9.0,262.0,3.73e+16,6560000000000000.0,-4.39e+16,6929999999999999.0,-1.29e+16,6580000000000000.0,gcmt,subduction_intraslab
C201906132250A,2019-06-13T22:50:15,-71.52,-30.46,63.4,5.0,mw,2.0,37.0,105.0,164.0,55.0,79.0,77.0,38.0,9.0,170.0,9.0,262.0,3.73e+16,6560000000000000.0,-4.39e+16,6929999999999999.0,-1.29e+16,6580000000000000.0,gcmt,subduction_intraslab
C201906280830A,2019-06-28T08:30:45,-71.13,-29.41,95.6,5.0,mw,322.0,67.0,4.0,230.0,86.0,157.0,19.0,183.0,67.0,40.0,13.0,278.0,2280000000000000.0,3.5e+16,-3.73e+16,-1.35e+16,-8030000000000000.0,-7240000000000000.0,gcmt,subduction_intraslab
C201906280830A,2019-06-28T08:30:45,-71.13,-29.41,95.6,5.0,mw,322.0,67.0,4.0,230.0,86.0,157.0,19.0,183.0,67.0,40.0,13.0,278.0,2280000000000000.0,3.5e+16,-3.73e+16,-1.35e+16,-8030000000000000.0,-7240000000000000.0,gcmt,subduction_intraslab
C201908242336A,2019-08-24T23:36:38,-74.42,-43.14,31.7,5.1,mw,15.0,27.0,89.0,196.0,63.0,91.0,72.0,107.0,0.0,15.0,18.0,285.0,5.980000000000001e+16,-4970000000000000.0,-5.480000000000001e+16,-1.22e+16,-4.22e+16,-1.45e+16,gcmt,subduction_intraslab
C201908242336A,2019-08-24T23:36:38,-74.42,-43.14,31.7,5.1,mw,15.0,27.0,89.0,196.0,63.0,91.0,72.0,107.0,0.0,15.0,18.0,285.0,5.980000000000001e+16,-4970000000000000.0,-5.480000000000001e+16,-1.22e+16,-4.22e+16,-1.45e+16,gcmt,subduction_intraslab
C201909012132A,2019-09-01T21:32:21,-71.38,-18.69,40.1,5.1,mw,332.0,31.0,75.0,170.0,60.0,99.0,74.0,104.0,8.0,346.0,14.0,254.0,7.22e+16,7800000000000000.0,-8.01e+16,3500000000000000.5,-4.52e+16,3.11e+16,gcmt,subduction_intraslab
C201909262031A,2019-09-26T20:31:34,-71.57,-29.83,47.3,5.4,mw,13.0,36.0,98.0,184.0,54.0,85.0,80.0,71.0,4.0,187.0,9.0,278.0,1.69e+17,1.88e+16,-1.88e+17,3900000000000000.0,-6e+16,-3.13e+16,gcmt,subduction_intraslab
C201909262031A,2019-09-26T20:31:34,-71.57,-29.83,47.3,5.4,mw,13.0,36.0,98.0,184.0,54.0,85.0,80.0,71.0,4.0,187.0,9.0,278.0,1.69e+17,1.88e+16,-1.88e+17,3900000000000000.0,-6e+16,-3.13e+16,gcmt,subduction_intraslab
C201911042153A,2019-11-04T21:53:26,-71.37,-31.81,67.2,6.1,mw,205.0,33.0,118.0,352.0,61.0,73.0,69.0,227.0,15.0,1.0,14.0,95.0,1.44e+18,2.27e+17,-1.67e+18,-3.35e+17,8.96e+17,-2.7200000000000003e+17,gcmt,subduction_intraslab
C201911042153A,2019-11-04T21:53:26,-71.37,-31.81,67.2,6.1,mw,205.0,33.0,118.0,352.0,61.0,73.0,69.0,227.0,15.0,1.0,14.0,95.0,1.44e+18,2.27e+17,-1.67e+18,-3.35e+17,8.96e+17,-2.7200000000000003e+17,gcmt,subduction_intraslab
C201912030846A,2019-12-03T08:46:40,-71.02,-18.59,60.0,6.0,mw,343.0,30.0,89.0,165.0,60.0,91.0,74.0,77.0,1.0,344.0,15.0,254.0,1.07e+18,1.58e+17,-1.23e+18,1.88e+17,-7.03e+17,4.33e+17,gcmt,subduction_intraslab
C202002111350A,2020-02-11T13:50:07,-70.63,-24.8,70.0,5.3,mw,90.0,8.0,-177.0,357.0,90.0,-82.0,44.0,79.0,8.0,177.0,45.0,275.0,-3130000000000000.0,5190000000000000.0,-2060000000000000.0,4030000000000000.0,-9.67e+16,-1.29e+16,gcmt,subduction_intraslab
C202003170812A,2020-03-17T08:12:04,-73.13,-36.17,38.0,5.6,mw,109.0,28.0,79.0,301.0,62.0,96.0,72.0,224.0,5.0,118.0,17.0,27.0,1.99e+17,-1.86e+17,-1.33e+16,-1.26e+17,8.48e+16,1.08e+17,gcmt,subduction_intraslab
C202003170812A,2020-03-17T08:12:04,-73.13,-36.17,38.0,5.6,mw,109.0,28.0,79.0,301.0,62.0,96.0,72.0,224.0,5.0,118.0,17.0,27.0,1.99e+17,-1.86e+17,-1.33e+16,-1.26e+17,8.48e+16,1.08e+17,gcmt,subduction_intraslab
C202006251155A,2020-06-25T11:55:07,-71.82,-32.13,35.0,5.2,mw,28.0,39.0,129.0,162.0,60.0,63.0,63.0,25.0,24.0,176.0,11.0,271.0,5.68e+16,1.39e+16,-7.08e+16,2.58e+16,-2.73e+16,-7160000000000000.0,gcmt,subduction_intraslab
C202006251155A,2020-06-25T11:55:07,-71.82,-32.13,35.0,5.2,mw,28.0,39.0,129.0,162.0,60.0,63.0,63.0,25.0,24.0,176.0,11.0,271.0,5.68e+16,1.39e+16,-7.08e+16,2.58e+16,-2.73e+16,-7160000000000000.0,gcmt,subduction_intraslab
C202007170540A,2020-07-17T05:40:39,-70.11,-20.25,75.6,5.9,mw,213.0,25.0,-55.0,355.0,70.0,-105.0,23.0,97.0,14.0,0.0,62.0,241.0,-7.68e+17,-1.28e+17,8.96e+17,1.68e+17,-9.23e+17,2.38e+17,gcmt,subduction_intraslab
C202008160318A,2020-08-16T03:18:51,-70.31,-19.29,91.6,5.2,mw,94.0,38.0,-138.0,329.0,66.0,-60.0,16.0,37.0,27.0,135.0,58.0,280.0,-3.56e+16,3.16e+16,4030000000000000.0,4760000000000000.0,-3.39e+16,-2.39e+16,gcmt,subduction_intraslab
C202009010409A,2020-09-01T04:09:39,-71.41,-28.01,34.4,6.8,mw,15.0,24.0,112.0,171.0,68.0,81.0,65.0,65.0,9.0,174.0,23.0,268.0,1.67e+19,7.5e+17,-1.75e+19,4.34e+18,-1.72e+19,-8.599999999999999e+17,gcmt,subduction_intraslab
C202009010409A,2020-09-01T04:09:39,-71.41,-28.01,34.4,6.8,mw,15.0,24.0,112.0,171.0,68.0,81.0,65.0,65.0,9.0,174.0,23.0,268.0,1.67e+19,7.5e+17,-1.75e+19,4.34e+18,-1.72e+19,-8.599999999999999e+17,gcmt,subduction_intraslab
C202009010430A,2020-09-01T04:30:11,-71.37,-28.05,37.6,6.3,mw,21.0,30.0,119.0,168.0,65.0,74.0,67.0,49.0,14.0,175.0,18.0,269.0,2.58e+18,1.33e+17,-2.71e+18,8.46e+17,-1.93e+18,-2.43e+17,gcmt,subduction_intraslab
C202009010430A,2020-09-01T04:30:11,-71.37,-28.05,37.6,6.3,mw,21.0,30.0,119.0,168.0,65.0,74.0,67.0,49.0,14.0,175.0,18.0,269.0,2.58e+18,1.33e+17,-2.71e+18,8.46e+17,-1.93e+18,-2.43e+17,gcmt,subduction_intraslab
C202009010701A,2020-09-01T07:01:31,-71.65,-28.17,36.5,5.7,mw,6.0,31.0,105.0,169.0,60.0,81.0,73.0,57.0,7.0,173.0,15.0,265.0,6.31e+17,-8.14e+16,-5.49e+17,1.3700000000000002e+17,-3.3e+17,1.17e+16,gcmt,subduction_intraslab
C202009010701A,2020-09-01T07:01:31,-71.65,-28.17,36.5,5.7,mw,6.0,31.0,105.0,169.0,60.0,81.0,73.0,57.0,7.0,173.0,15.0,265.0,6.31e+17,-8.14e+16,-5.49e+17,1.3700000000000002e+17,-3.3e+17,1.17e+16,gcmt,subduction_intraslab
C202009011031A,2020-09-01T10:31:58,-71.53,-27.94,23.1,5.7,mw,7.0,24.0,104.0,172.0,67.0,84.0,68.0,71.0,5.0,174.0,22.0,267.0,2.81e+17,5900000000000000.0,-2.87e+17,5.25e+16,-2.62e+17,2900000000000000.0,gcmt,subduction_intraslab
C202009011031A,2020-09-01T10:31:58,-71.53,-27.94,23.1,5.7,mw,7.0,24.0,104.0,172.0,67.0,84.0,68.0,71.0,5.0,174.0,22.0,267.0,2.81e+17,5900000000000000.0,-2.87e+17,5.25e+16,-2.62e+17,2900000000000000.0,gcmt,subduction_intraslab
C202009011713A,2020-09-01T17:13:27,-71.61,-27.84,29.1,5.0,mw,7.0,23.0,104.0,172.0,67.0,84.0,67.0,72.0,5.0,174.0,22.0,267.0,4.08e+16,-230000000000000.0,-4.05e+16,7800000000000000.0,-3.96e+16,190000000000000.0,gcmt,subduction_intraslab
C202009011713A,2020-09-01T17:13:27,-71.61,-27.84,29.1,5.0,mw,7.0,23.0,104.0,172.0,67.0,84.0,67.0,72.0,5.0,174.0,22.0,267.0,4.08e+16,-230000000000000.0,-4.05e+16,7800000000000000.0,-3.96e+16,190000000000000.0,gcmt,subduction_intraslab
C202009012109A,2020-09-01T21:09:26,-71.46,-28.03,23.6,6.5,mw,17.0,22.0,116.0,169.0,70.0,80.0,63.0,63.0,10.0,173.0,25.0,267.0,3.3e+18,3.98e+17,-3.7e+18,1.02e+18,-3.97e+18,-1.83e+17,gcmt,subduction_intraslab
C202009012109A,2020-09-01T21:09:26,-71.46,-28.03,23.6,6.5,mw,17.0,22.0,116.0,169.0,70.0,80.0,63.0,63.0,10.0,173.0,25.0,267.0,3.3e+18,3.98e+17,-3.7e+18,1.02e+18,-3.97e+18,-1.83e+17,gcmt,subduction_intraslab
C202009060116A,2020-09-06T01:17:04,-71.8,-30.41,38.2,6.3,mw,7.0,28.0,100.0,175.0,62.0,84.0,72.0,72.0,5.0,178.0,17.0,269.0,3.34e+18,1.2e+17,-3.46e+18,3.79e+17,-2.26e+18,-4.8e+16,gcmt,subduction_intraslab
C202009060116A,2020-09-06T01:17:04,-71.8,-30.41,38.2,6.3,mw,7.0,28.0,100.0,175.0,62.0,84.0,72.0,72.0,5.0,178.0,17.0,269.0,3.34e+18,1.2e+17,-3.46e+18,3.79e+17,-2.26e+18,-4.8e+16,gcmt,subduction_intraslab
C202009110735A,2020-09-11T07:36:01,-69.99,-21.38,56.9,6.2,mw,315.0,69.0,169.0,49.0,80.0,22.0,22.0,274.0,66.0,73.0,7.0,181.0,4.01e+17,-2.87e+18,2.47e+18,4.48e+17,1e+18,1.97e+17,gcmt,subduction_intraslab
C202010210913A,2020-10-21T09:13:12,-71.06,-25.47,27.6,5.7,mw,12.0,26.0,117.0,163.0,67.0,78.0,65.0,51.0,11.0,167.0,22.0,262.0,3.65e+17,4.89e+16,-4.14e+17,1.47e+17,-3.46e+17,2.58e+16,gcmt,subduction_intraslab
C202010280452A,2020-10-28T04:52:35,-71.72,-34.96,76.6,5.5,mw,342.0,54.0,-148.0,232.0,65.0,-40.0,6.0,289.0,43.0,25.0,46.0,192.0,-8.8e+16,-6.24e+16,1.5e+17,8.31e+16,2500000000000000.0,7.24e+16,gcmt,subduction_intraslab
C202010280452A,2020-10-28T04:52:35,-71.72,-34.96,76.6,5.5,mw,342.0,54.0,-148.0,232.0,65.0,-40.0,6.0,289.0,43.0,25.0,46.0,192.0,-8.8e+16,-6.24e+16,1.5e+17,8.31e+16,2500000000000000.0,7.24e+16,gcmt,subduction_intraslab
C202010281453A,2020-10-28T14:53:14,-71.24,-29.31,61.7,5.8,mw,234.0,34.0,141.0,357.0,70.0,62.0,56.0,231.0,26.0,8.0,20.0,108.0,3.2e+17,1.7399999999999998e+16,-3.38e+17,-1.1000000000000002e+17,3.65e+17,-2.25e+17,gcmt,subduction_intraslab
C202010281453A,2020-10-28T14:53:14,-71.24,-29.31,61.7,5.8,mw,234.0,34.0,141.0,357.0,70.0,62.0,56.0,231.0,26.0,8.0,20.0,108.0,3.2e+17,1.7399999999999998e+16,-3.38e+17,-1.1000000000000002e+17,3.65e+17,-2.25e+17,gcmt,subduction_intraslab
C202011210211A,2020-11-21T02:11:52,-71.47,-31.07,62.3,5.5,mw,353.0,32.0,98.0,164.0,58.0,85.0,76.0,58.0,4.0,166.0,13.0,257.0,2.06e+17,1.7399999999999998e+16,-2.23e+17,3.91e+16,-1.02e+17,5.28e+16,gcmt,subduction_intraslab
C202011210211A,2020-11-21T02:11:52,-71.47,-31.07,62.3,5.5,mw,353.0,32.0,98.0,164.0,58.0,85.0,76.0,58.0,4.0,166.0,13.0,257.0,2.06e+17,1.7399999999999998e+16,-2.23e+17,3.91e+16,-1.02e+17,5.28e+16,gcmt,subduction_intraslab
C202011220054A,2020-11-22T00:55:00,-73.12,-34.67,33.8,6.1,mw,171.0,48.0,169.0,268.0,82.0,43.0,35.0,139.0,46.0,277.0,22.0,32.0,1.67e+17,-1.17e+17,-5e+16,-1.27e+18,-7.1e+17,1.28e+18,gcmt,subduction_intraslab
C202011220054A,2020-11-22T00:55:00,-73.12,-34.67,33.8,6.1,mw,171.0,48.0,169.0,268.0,82.0,43.0,35.0,139.0,46.0,277.0,22.0,32.0,1.67e+17,-1.17e+17,-5e+16,-1.27e+18,-7.1e+17,1.28e+18,gcmt,subduction_intraslab
C202012021700A,2020-12-02T17:00:39,-69.47,-24.22,104.3,5.2,mw,84.0,36.0,-138.0,317.0,67.0,-62.0,17.0,27.0,26.0,126.0,58.0,267.0,-3.95e+16,4.35e+16,-3950000000000000.0,1.56e+16,-3.67e+16,-1.9e+16,gcmt,subduction_intraslab
C202101160353A,2021-01-16T03:53:37,-71.38,-31.09,62.3,5.1,mw,30.0,21.0,-34.0,152.0,78.0,-108.0,31.0,257.0,17.0,156.0,53.0,41.0,-2.7e+16,-8630000000000000.0,3.57e+16,-3.25e+16,5e+16,2819999999999999.5,gcmt,subduction_intraslab
C202104191113A,2021-04-19T11:13:33,-72.45,-33.97,21.9,5.2,mw,11.0,22.0,99.0,182.0,68.0,86.0,67.0,85.0,3.0,183.0,23.0,274.0,5.61e+16,-2200000000000000.0,-5.39e+16,520000000000000.0,-5.65e+16,-6090000000000000.0,gcmt,subduction_intraslab
C202105020657A,2021-05-02T06:57:42,-71.71,-30.18,42.4,5.8,mw,9.0,36.0,122.0,151.0,60.0,69.0,68.0,19.0,18.0,162.0,13.0,256.0,4.83e+17,9.06e+16,-5.7300000000000006e+17,2.15e+17,-2.08e+17,1.3500000000000002e+17,gcmt,subduction_intraslab
C202106120336A,2021-06-12T03:36:31,-72.3,-33.65,27.7,5.1,mw,15.0,22.0,97.0,187.0,68.0,87.0,67.0,92.0,3.0,188.0,23.0,279.0,5.64e+16,-2680000000000000.0,-5.37e+16,-5750000000000000.0,-5.68e+16,-1.04e+16,gcmt,subduction_intraslab
C202106221916A,2021-06-22T19:16:29,-71.14,-32.06,75.2,5.3,mw,21.0,41.0,-81.0,190.0,49.0,-97.0,4.0,285.0,6.0,195.0,83.0,49.0,-3.31e+16,-1740000000000000.0,3.4900000000000004e+16,-1500000000000000.0,5400000000000000.0,1.1e+16,gcmt,subduction_intraslab
C202107040101A,2021-07-04T01:01:41,-71.74,-28.84,30.5,5.9,mw,11.0,29.0,111.0,167.0,63.0,79.0,70.0,54.0,10.0,172.0,18.0,265.0,7.59e+17,5.7e+16,-8.16e+17,2.03e+17,-5.4100000000000006e+17,1.9e+16,gcmt,subduction_intraslab
C202107082038A,2021-07-08T20:38:38,-71.68,-28.88,32.7,5.4,mw,2.0,24.0,108.0,162.0,68.0,82.0,67.0,58.0,7.0,165.0,22.0,258.0,1.42e+17,9300000000000000.0,-1.51e+17,5.44e+16,-1.3700000000000002e+17,2.55e+16,gcmt,subduction_intraslab
C202109011835A,2021-09-01T18:35:50,-71.35,-27.8,42.4,5.6,mw,21.0,29.0,119.0,169.0,65.0,75.0,67.0,52.0,14.0,175.0,19.0,270.0,3.16e+17,4.21e+16,-3.58e+17,9.41e+16,-2.6e+17,-3.11e+16,gcmt,subduction_intraslab
C202109201312A,2021-09-20T13:12:08,-74.2,-36.85,19.4,5.1,mw,359.0,22.0,82.0,188.0,69.0,93.0,66.0,103.0,3.0,7.0,23.0,276.0,4.230000000000001e+16,-2390000000000000.0,-3.99e+16,-7500000000000000.0,-4.35e+16,-2230000000000000.0,gcmt,subduction_intraslab
C202112111454A,2021-12-11T14:54:23,-71.43,-29.55,49.2,5.7,mw,19.0,41.0,112.0,171.0,52.0,72.0,75.0,25.0,14.0,182.0,6.0,274.0,3.63e+17,3.75e+16,-4.01e+17,8.3e+16,-8.06e+16,-3.65e+16,gcmt,subduction_intraslab
C202205041159A,2022-05-04T11:59:39,-71.99,-32.29,31.7,5.2,mw,359.0,23.0,65.0,206.0,69.0,100.0,64.0,133.0,10.0,22.0,24.0,288.0,6.24e+16,5600000000000000.0,-6.800000000000001e+16,-3.67e+16,-6.44e+16,-1.88e+16,gcmt,subduction_intraslab
C202205041248A,2022-05-04T12:48:26,-72.06,-32.26,32.4,5.1,mw,357.0,33.0,72.0,198.0,59.0,101.0,73.0,137.0,10.0,12.0,13.0,280.0,4.9e+16,1870000000000000.0,-5.09e+16,-1.34e+16,-2.37e+16,-7260000000000000.0,gcmt,subduction_intraslab
C202205200907A,2022-05-20T09:07:53,-71.99,-29.56,36.3,5.7,mw,353.0,18.0,80.0,183.0,72.0,93.0,63.0,98.0,3.0,2.0,27.0,271.0,2.61e+17,1.3600000000000002e+17,-3.97e+17,-2.48e+16,-4.4400000000000006e+17,2900000000000000.0,gcmt,subduction_intraslab
C202206250354A,2022-06-25T03:54:53,-71.65,-29.75,60.2,5.1,mw,298.0,58.0,-20.0,39.0,73.0,-147.0,10.0,166.0,53.0,63.0,35.0,263.0,-9670000000000000.0,3.89e+16,-2.93e+16,-1230000000000000.0,-3.08e+16,1.27e+16,gcmt,subduction_intraslab
C202210180735A,2022-10-18T07:35:37,-71.44,-30.84,43.5,5.0,mw,350.0,31.0,94.0,166.0,59.0,88.0,76.0,69.0,2.0,167.0,14.0,257.0,4.85e+16,5020000000000000.0,-5.35e+16,7370000000000000.0,-2.61e+16,1.33e+16,gcmt,subduction_intraslab
C202301120619A,2023-01-12T06:19:14,-71.5,-30.77,61.0,5.5,mw,353.0,34.0,94.0,168.0,57.0,87.0,78.0,68.0,2.0,170.0,12.0,260.0,2.53e+17,6.11e+16,-3.14e+17,2.95e+16,-1.2e+17,6.62e+16,gcmt,subduction_intraslab
C202302050102A,2023-02-05T01:02:48,-71.31,-29.6,74.3,5.5,mw,34.0,45.0,-69.0,186.0,49.0,-109.0,2.0,289.0,14.0,199.0,75.0,28.0,-2.44e+17,3.24e+16,2.12e+17,-5.88e+16,4.16e+16,7.51e+16,gcmt,subduction_intraslab
C202303060734A,2023-03-06T07:34:54,-71.48,-29.82,94.7,5.0,mw,141.0,7.0,-136.0,7.0,85.0,-85.0,40.0,93.0,5.0,187.0,49.0,283.0,-2400000000000000.0,-5100000000000000.0,7500000000000000.0,-3439999999999999.5,-2.91e+16,-920000000000000.0,gcmt,subduction_intraslab
C202304041908A,2023-04-04T19:08:50,-70.91,-27.44,59.8,5.9,mw,240.0,27.0,-40.0,7.0,73.0,-111.0,25.0,113.0,20.0,13.0,57.0,250.0,-3.9e+17,-1.07e+17,4.96e+17,-1.09e+17,-6.83e+17,4.3e+17,gcmt,subduction_intraslab
C202308301417A,2023-08-30T14:17:12,-71.48,-29.58,48.0,5.3,mw,6.0,37.0,134.0,136.0,64.0,63.0,61.0,4.0,25.0,149.0,15.0,246.0,7.63e+16,1.29e+16,-8.93e+16,5.460000000000001e+16,-3.18e+16,4.34e+16,gcmt,subduction_intraslab
C202309062348A,2023-09-06T23:48:09,-71.73,-30.34,43.8,6.3,mw,12.0,34.0,107.0,172.0,58.0,79.0,75.0,52.0,9.0,178.0,12.0,270.0,2.92e+18,5e+16,-2.97e+18,5.29e+17,-1.35e+18,-1.19e+17,gcmt,subduction_intraslab
C202309111337A,2023-09-11T13:37:14,-71.4,-27.18,26.6,5.5,mw,356.0,15.0,90.0,176.0,75.0,90.0,60.0,86.0,0.0,356.0,30.0,266.0,1.28e+17,2.25e+16,-1.51e+17,1.6800000000000002e+16,-2.42e+17,1.25e+16,gcmt,subduction_intraslab
C202309170401A,2023-09-17T04:01:50,-71.55,-29.44,78.5,5.1,mw,9.0,56.0,-163.0,269.0,76.0,-35.0,13.0,323.0,52.0,70.0,35.0,223.0,-1.1e+16,9280000000000000.0,1750000000000000.0,3.21e+16,-1.79e+16,4.38e+16,gcmt,subduction_intraslab
C202310311233A,2023-10-31T12:33:51,-71.58,-28.83,50.2,6.6,mw,346.0,27.0,44.0,215.0,71.0,110.0,59.0,153.0,19.0,28.0,23.0,289.0,6.4e+18,1.74e+18,-8.139999999999999e+18,-5.68e+18,-6.41e+18,-2.12e+18,gcmt,subduction_intraslab
C202311061351A,2023-11-06T13:51:15,-72.08,-32.99,30.0,5.1,mw,19.0,43.0,109.0,173.0,50.0,73.0,77.0,19.0,13.0,185.0,3.0,275.0,6.04e+16,750000000000000.0,-6.11e+16,1.3799999999999998e+16,-8290000000000000.0,-6660000000000000.0,gcmt,subduction_intraslab
C202402112114A,2024-02-11T21:14:46,-71.49,-28.29,30.3,5.4,mw,208.0,35.0,138.0,335.0,68.0,63.0,58.0,207.0,25.0,346.0,18.0,85.0,1.27e+17,3.75e+16,-1.65e+17,-8.98e+16,9.84e+16,-8400000000000002.0,gcmt,subduction_intraslab
C202402140131A,2024-02-14T01:31:47,-71.66,-28.97,36.2,5.8,mw,14.0,28.0,114.0,168.0,65.0,78.0,68.0,55.0,11.0,173.0,19.0,266.0,6.59e+17,5.8e+16,-7.17e+17,1.91e+17,-5.29e+17,-6000000000000000.0,gcmt,subduction_intraslab
C202402152359A,2024-02-15T23:59:39,-71.95,-29.21,22.0,5.0,mw,355.0,29.0,83.0,183.0,61.0,94.0,74.0,102.0,3.0,1.0,16.0,270.0,4.09e+16,-5000000000000000.0,-3.59e+16,-3060000000000000.0,-2.39e+16,830000000000000.0,gcmt,subduction_intraslab
C202404031351A,2024-04-03T13:52:00,-73.0,-36.97,43.2,5.2,mw,18.0,34.0,108.0,176.0,58.0,78.0,74.0,55.0,10.0,182.0,13.0,274.0,9.84e+16,-4300000000000000.0,-9.41e+16,1.67e+16,-4.7e+16,-1.17e+16,gcmt,subduction_intraslab
C202408311304B,2024-08-31T13:04:52,-71.82,-29.78,35.0,5.0,mw,360.0,30.0,86.0,185.0,60.0,92.0,75.0,101.0,2.0,3.0,15.0,273.0,8.03e+16,8799999999999998.0,-8.91e+16,-5500000000000000.0,-4.9e+16,-3800000000000000.0,gcmt,subduction_intraslab
C202409221846A,2024-09-22T18:46:41,-71.37,-32.01,83.2,5.1,mw,90.0,24.0,-9.0,189.0,86.0,-113.0,37.0,299.0,23.0,190.0,44.0,76.0,-7720000000000000.0,1.16e+16,-3910000000000000.0,930000000000000.0,4.4e+16,1.7e+16,gcmt,subduction_intraslab
C202409230236A,2024-09-23T02:36:43,-71.41,-29.79,75.2,5.4,mw,331.0,35.0,-81.0,140.0,55.0,-96.0,10.0,235.0,5.0,144.0,79.0,28.0,-1.25e+17,3.5e+16,9.04e+16,-3.7e+16,3.4100000000000004e+16,-7.21e+16,gcmt,subduction_intraslab
C202411261233A,2024-11-26T12:33:13,-71.45,-30.53,55.8,5.1,mw,3.0,34.0,100.0,171.0,56.0,83.0,78.0,58.0,6.0,175.0,11.0,266.0,4.64e+16,1540000000000000.0,-4.8e+16,6160000000000000.0,-1.86e+16,2560000000000000.0,gcmt,subduction_intraslab
C202502160708A,2025-02-16T07:08:46,-74.14,-38.6,22.7,5.0,mw,11.0,28.0,94.0,186.0,62.0,88.0,73.0,91.0,2.0,187.0,17.0,278.0,4.6e+16,1510000000000000.0,-4.75e+16,-2550000000000000.0,-3.26e+16,-7170000000000000.0,gcmt,subduction_intraslab
C202503182117A,2025-03-18T21:17:52,-71.42,-30.14,76.8,5.3,mw,2.0,39.0,-104.0,200.0,53.0,-79.0,7.0,282.0,8.0,13.0,79.0,153.0,-8.76e+16,0.0,8.77e+16,1.7499999999999998e+16,1.91e+16,1.79e+16,gcmt,subduction_intraslab
C202503240435A,2025-03-24T04:35:11,-71.4,-29.65,81.0,5.1,mw,150.0,41.0,-93.0,334.0,49.0,-87.0,4.0,62.0,2.0,152.0,86.0,270.0,-5.71e+16,1.04e+16,4.67e+16,1840000000000000.0,-7380000000000000.0,-2.64e+16,gcmt,subduction_intraslab
