id,time_iso,longitude,latitude,depth,mag,mag_type,strike1,dip1,rake1,strike2,dip2,rake2,T_plunge,T_azimuth,N_plunge,N_azimuth,P_plunge,P_azimuth,Mrr,Mtt,Mpp,Mrt,Mrp,Mtp,source,class
B122178B,1978-12-21T01:13:57,-72.57,-36.4,50.0,5.6,mw,101.0,34.0,52.0,324.0,64.0,112.0,64.0,271.0,20.0,134.0,16.0,38.0,5.478e+17,-4.288e+17,-1.19e+17,-1.293e+17,4.274e+17,2.866e+17,gcmt,subduction_interface
B042879E,1979-04-28T11:38:25,-71.17,-27.39,21.1,6.1,mw,31.0,24.0,68.0,234.0,68.0,99.0,66.0,161.0,9.0,51.0,22.0,317.0,1.307e+18,-6.07e+17,-7e+17,-1.162e+18,-7.19e+17,-8.27e+17,gcmt,subduction_interface
C051479B,1979-05-14T23:04:07,-69.32,-23.05,72.4,5.9,mw,183.0,27.0,-101.0,16.0,63.0,-84.0,18.0,102.0,5.0,193.0,71.0,298.0,-2.219e+18,-3.61e+17,2.58e+18,-5.66e+17,-1.707e+18,5.5800000000000006e+17,gcmt,subduction_interface
B080279A,1979-08-02T07:40:29,-71.48,-28.01,19.0,5.1,mw,15.0,28.0,113.0,169.0,65.0,79.0,68.0,57.0,10.0,174.0,19.0,268.0,1.488e+17,5.27e+16,-2.015e+17,3.28e+16,-1.353e+17,899999999999999.9,gcmt,subduction_interface
B061180C,1980-06-11T14:21:25,-71.93,-33.03,20.0,5.5,mw,1.0,26.0,87.0,184.0,64.0,91.0,71.0,97.0,1.0,3.0,19.0,273.0,5.183e+17,8.24e+16,-6.008e+17,-3.3700000000000004e+16,-4.4560000000000006e+17,-2.7500000000000004e+16,gcmt,subduction_interface
B010781C,1981-01-07T16:26:47,-71.39,-23.96,15.0,5.2,mw,5.0,33.0,93.0,181.0,57.0,88.0,78.0,84.0,2.0,182.0,12.0,273.0,2.8370000000000003e+17,5.659999999999999e+16,-3.403e+17,800000000000000.0,-1.417e+17,-2.13e+16,gcmt,subduction_interface
B062181A,1981-06-21T10:30:09,-70.83,-20.84,15.0,5.6,mw,299.0,24.0,40.0,172.0,75.0,109.0,56.0,107.0,18.0,347.0,27.0,247.0,2.378e+17,-4.03e+16,-1.975e+17,1.64e+16,-4.147e+17,1.879e+17,gcmt,subduction_interface
C100483C,1983-10-04T18:52:37,-70.56,-26.01,38.7,7.3,mw,9.0,20.0,110.0,168.0,71.0,83.0,63.0,66.0,7.0,170.0,26.0,263.0,2.044e+20,1.31e+19,-2.175e+20,6.790000000000001e+19,-2.552e+20,8e+18,gcmt,subduction_interface
B072484A,1984-07-24T04:49:53,-71.18,-25.71,15.8,5.3,mw,14.0,18.0,126.0,157.0,75.0,79.0,58.0,53.0,10.0,160.0,30.0,256.0,3.327e+17,5200000000000000.0,-3.378e+17,2.5790000000000003e+17,-5.042e+17,9700000000000000.0,gcmt,subduction_interface
B022185C,1985-02-21T21:53:02,-71.01,-20.79,15.0,5.3,mw,10.0,30.0,114.0,163.0,63.0,77.0,69.0,47.0,11.0,169.0,17.0,263.0,2.371e+17,6.25e+16,-2.996e+17,7.15e+16,-1.762e+17,3.17e+16,gcmt,subduction_interface
M030385A,1985-03-03T22:47:39,-71.71,-33.92,40.7,7.8,mw,11.0,26.0,110.0,169.0,66.0,81.0,68.0,61.0,9.0,173.0,20.0,266.0,7.48e+20,4.89e+19,-7.969e+20,1.912e+20,-6.55e+20,2.9e+18,gcmt,subduction_interface
B030485C,1985-03-04T13:49:34,-72.75,-34.05,13.5,5.5,mw,26.0,24.0,128.0,165.0,71.0,74.0,61.0,52.0,15.0,170.0,25.0,267.0,2.775e+17,2.64e+16,-3.04e+17,1.3560000000000002e+17,-3.308e+17,-3.95e+16,gcmt,subduction_interface
B030785A,1985-03-07T00:55:00,-72.31,-33.34,18.2,5.3,mw,7.0,30.0,107.0,168.0,62.0,81.0,72.0,57.0,8.0,172.0,16.0,265.0,1.529e+17,600000000000000.0,-1.535e+17,3.57e+16,-9.51e+16,6800000000000000.0,gcmt,subduction_interface
B031285A,1985-03-12T08:23:19,-72.59,-33.23,10.0,5.5,mw,35.0,17.0,123.0,180.0,76.0,81.0,58.0,78.0,9.0,183.0,31.0,278.0,2.572e+17,3.71e+16,-2.943e+17,9600000000000000.0,-5.297e+17,-9.99e+16,gcmt,subduction_interface
B032385A,1985-03-23T13:45:25,-72.82,-34.49,17.7,5.5,mw,26.0,21.0,106.0,189.0,70.0,84.0,65.0,89.0,6.0,191.0,24.0,284.0,2.339e+17,1.17e+16,-2.456e+17,-3.66e+16,-2.87e+17,-8.4e+16,gcmt,subduction_interface
B032385B,1985-03-23T14:36:59,-72.54,-33.44,10.0,5.2,mw,16.0,46.0,118.0,159.0,51.0,65.0,70.0,5.0,20.0,176.0,3.0,267.0,2.2480000000000003e+17,3.62e+16,-2.61e+17,7.67e+16,-1.97e+16,1.32e+16,gcmt,subduction_interface
C032585A,1985-03-25T05:14:39,-72.52,-34.6,23.9,6.5,mw,10.0,20.0,98.0,181.0,70.0,87.0,65.0,86.0,3.0,182.0,25.0,274.0,2.595e+18,-7.9e+16,-2.516e+18,8999999999999998.0,-3.096e+18,-2.45e+17,gcmt,subduction_interface
B040385B,1985-04-03T13:06:26,-71.5,-32.62,35.5,6.1,mw,18.0,21.0,87.0,201.0,69.0,91.0,66.0,112.0,1.0,20.0,24.0,290.0,1.098e+18,-4e+16,-1.057e+18,-4.66e+17,-1.211e+18,-4.11e+17,gcmt,subduction_interface
B042885A,1985-04-28T02:53:47,-71.9,-33.18,29.6,5.2,mw,7.0,22.0,100.0,176.0,69.0,86.0,66.0,78.0,4.0,177.0,24.0,269.0,2.102e+17,1.82e+16,-2.284e+17,2.5e+16,-2.3690000000000003e+17,-3300000000000000.0,gcmt,subduction_interface
B060985B,1985-06-09T18:46:32,-71.68,-33.76,35.5,5.0,mw,347.0,26.0,97.0,159.0,64.0,86.0,71.0,61.0,3.0,161.0,19.0,252.0,7.387e+16,-1.271e+16,-6.116e+16,2.261e+16,-4.975e+16,1.643e+16,gcmt,subduction_interface
B061485A,1985-06-14T13:14:16,-74.92,-40.74,10.0,5.5,mw,223.0,48.0,-62.0,4.0,49.0,-117.0,1.0,113.0,20.0,23.0,70.0,206.0,-1.429e+17,4300000000000000.0,1.3859999999999998e+17,4.34e+16,-2.4e+16,7.18e+16,gcmt,subduction_interface
B081285A,1985-08-12T00:04:53,-73.94,-38.45,17.2,6.0,mw,16.0,15.0,111.0,174.0,76.0,84.0,59.0,76.0,5.0,175.0,31.0,268.0,1.11e+18,-5.4e+16,-1.056e+18,2.7800000000000003e+17,-1.977e+18,-1.05e+17,gcmt,subduction_interface
B110685B,1985-11-06T16:08:53,-74.3,-41.0,15.9,5.1,mw,221.0,49.0,-52.0,351.0,53.0,-125.0,3.0,105.0,27.0,14.0,63.0,200.0,-7.53e+16,-1.265e+16,8.795e+16,3.475e+16,-1.689e+16,3.114e+16,gcmt,subduction_interface
B072886B,1986-07-28T20:29:05,-72.47,-33.53,18.2,5.3,mw,4.0,22.0,100.0,174.0,68.0,86.0,66.0,77.0,4.0,176.0,23.0,267.0,2.797e+17,2.29e+16,-3.026e+17,3.99e+16,-3.052e+17,6200000000000000.0,gcmt,subduction_interface
B102486A,1986-10-24T02:42:55,-70.15,-25.41,50.0,5.4,mw,239.0,32.0,174.0,334.0,87.0,58.0,39.0,215.0,32.0,336.0,34.0,91.0,1.93e+16,9.24e+16,-1.117e+17,-8.79e+16,1.693e+17,-6.32e+16,gcmt,subduction_interface
B020387A,1987-02-03T16:42:46,-73.3,-37.69,28.4,5.7,mw,357.0,16.0,95.0,172.0,74.0,89.0,61.0,80.0,1.0,172.0,29.0,263.0,3.331e+17,4.16e+16,-3.748e+17,8.58e+16,-5.593e+17,4.64e+16,gcmt,subduction_interface
B030887A,1987-03-08T12:51:51,-71.09,-20.01,15.0,5.3,mw,52.0,22.0,142.0,178.0,77.0,73.0,55.0,67.0,17.0,182.0,30.0,282.0,3.435e+16,1.441e+16,-4.876e+16,2630000000000000.0,-8.029e+16,-2.719e+16,gcmt,subduction_interface
B052387B,1987-05-23T05:01:15,-71.13,-19.97,15.0,5.2,mw,331.0,30.0,56.0,189.0,66.0,107.0,65.0,129.0,16.0,1.0,19.0,266.0,4.608e+16,6810000000000000.0,-5.289e+16,-1.349e+16,-4.01e+16,1.004e+16,gcmt,subduction_interface
B061187A,1987-06-11T05:08:58,-71.43,-20.41,15.0,5.0,mw,15.0,34.0,126.0,154.0,63.0,69.0,65.0,26.0,19.0,164.0,16.0,259.0,4.139e+16,1810000000000000.0,-4.321e+16,2.29e+16,-2.129e+16,3470000000000000.0,gcmt,subduction_interface
B082487A,1987-08-24T06:09:49,-71.36,-20.41,15.0,5.1,mw,178.0,44.0,109.0,332.0,49.0,72.0,77.0,173.0,13.0,344.0,2.0,75.0,4.296e+16,-2100000000000000.0,-4.086e+16,-1.171e+16,50000000000000.0,1.098e+16,gcmt,subduction_interface
C011988B,1988-01-19T07:30:46,-70.55,-24.86,31.0,6.8,mw,353.0,17.0,87.0,177.0,73.0,91.0,62.0,88.0,1.0,357.0,28.0,266.0,1.88e+19,1.21e+18,-2.001e+19,1.49e+18,-2.923e+19,1.8e+18,gcmt,subduction_interface
B012088A,1988-01-20T15:01:38,-71.2,-24.73,15.0,5.2,mw,358.0,22.0,91.0,177.0,68.0,90.0,67.0,86.0,0.0,177.0,23.0,267.0,4.829e+17,8.28e+16,-5.657e+17,3.3e+16,-5.467e+17,3.23e+16,gcmt,subduction_interface
C022288C,1988-02-22T19:13:26,-69.57,-20.53,66.9,6.3,mw,178.0,16.0,-42.0,309.0,79.0,-102.0,33.0,49.0,12.0,311.0,54.0,203.0,-3.218e+18,1.33e+17,3.085e+18,6.559e+18,-4.789e+18,-2.04e+18,gcmt,subduction_interface
B033088B,1988-03-30T23:51:05,-71.17,-24.89,15.0,5.7,mw,337.0,12.0,90.0,157.0,78.0,90.0,57.0,67.0,0.0,337.0,33.0,247.0,7.96e+17,5.5e+16,-8.51e+17,8.02e+17,-1.898e+18,4.7e+17,gcmt,subduction_interface
B070488C,1988-07-04T13:54:21,-71.72,-18.35,27.0,5.4,mw,272.0,46.0,19.0,168.0,76.0,134.0,41.0,119.0,42.0,336.0,19.0,227.0,1.918e+17,-1.3620000000000002e+17,-5.560000000000001e+16,3.87e+16,-3.296e+17,3.933e+17,gcmt,subduction_interface
B081788C,1988-08-17T11:34:55,-71.18,-26.72,15.0,5.7,mw,49.0,11.0,156.0,163.0,85.0,80.0,49.0,62.0,10.0,164.0,40.0,262.0,3.28e+17,-2.5e+16,-3.03e+17,5.16e+17,-1.437e+18,-2.35e+17,gcmt,subduction_interface
B051989B,1989-05-19T11:51:01,-70.07,-24.86,50.4,5.4,mw,52.0,21.0,151.0,169.0,80.0,71.0,51.0,58.0,18.0,173.0,33.0,275.0,5.44e+16,3500000000000000.5,-5.8e+16,4.06e+16,-1.314e+17,-3.89e+16,gcmt,subduction_interface
B091489A,1989-09-14T04:42:40,-71.44,-26.9,15.0,5.0,mw,65.0,15.0,-35.0,190.0,81.0,-102.0,35.0,290.0,12.0,191.0,52.0,85.0,-5.779999999999999e+16,3599999999999999.5,5.42e+16,3.25e+16,2.058e+17,5.99e+16,gcmt,subduction_interface
B042190B,1990-04-21T18:54:56,-73.79,-37.28,19.9,5.7,mw,352.0,17.0,80.0,183.0,73.0,93.0,62.0,98.0,3.0,2.0,28.0,271.0,3.555e+17,2.45e+16,-3.8e+17,-3.99e+16,-5.435e+17,1.29e+16,gcmt,subduction_interface
B042290A,1990-04-22T20:25:27,-73.6,-38.07,31.0,5.6,mw,347.0,16.0,81.0,177.0,74.0,93.0,61.0,91.0,3.0,356.0,29.0,264.0,1.84e+17,7800000000000000.0,-1.919e+17,1.34e+16,-2.978e+17,2.83e+16,gcmt,subduction_interface
B110492E,1992-11-04T21:32:41,-72.21,-31.98,19.2,5.8,mw,0.0,28.0,93.0,177.0,62.0,89.0,73.0,84.0,1.0,177.0,17.0,268.0,1.076e+18,-2.3e+16,-1.053e+18,5.6e+16,-7.33e+17,3e+16,gcmt,subduction_interface
B110892C,1992-11-08T10:23:02,-70.95,-23.32,15.0,5.0,mw,21.0,11.0,126.0,165.0,81.0,84.0,53.0,67.0,6.0,166.0,36.0,260.0,9.95e+16,-5500000000000000.0,-9.4e+16,8.38e+16,-2.73e+17,-1.2e+16,gcmt,subduction_interface
C112892B,1992-11-28T03:13:38,-72.08,-31.59,22.3,6.4,mw,51.0,52.0,-177.0,319.0,87.0,-38.0,24.0,12.0,52.0,136.0,28.0,269.0,-8.42e+17,4.764e+18,-3.921e+18,2.736e+18,-2.11e+18,-1.185e+18,gcmt,subduction_interface
B031993B,1993-03-19T01:48:12,-71.58,-27.04,15.0,5.6,mw,351.0,19.0,91.0,170.0,71.0,90.0,64.0,80.0,0.0,170.0,26.0,260.0,5.6900000000000006e+17,4.78e+16,-6.168e+17,1.321e+17,-7.488e+17,1.177e+17,gcmt,subduction_interface
B091794D,1994-09-17T12:22:20,-72.01,-32.48,18.8,5.3,mw,11.0,26.0,83.0,199.0,64.0,93.0,71.0,117.0,3.0,18.0,19.0,287.0,2.933e+17,5500000000000000.0,-2.988e+17,-8.63e+16,-2.241e+17,-9.24e+16,gcmt,subduction_interface
B092294C,1994-09-22T14:24:38,-71.9,-32.07,27.0,5.1,mw,61.0,36.0,21.0,314.0,78.0,124.0,46.0,259.0,33.0,126.0,25.0,18.0,6.07e+16,-1.331e+17,7.24e+16,-8.95e+16,1.0169999999999998e+17,3.31e+16,gcmt,subduction_interface
B042895A,1995-04-28T02:04:24,-71.99,-32.06,20.8,5.2,mw,126.0,42.0,61.0,342.0,54.0,114.0,70.0,308.0,19.0,148.0,6.0,56.0,6.829e+16,-3.449e+16,-3.379e+16,2.317e+16,3.162e+16,1.079e+16,gcmt,subduction_interface
M073095A,1995-07-30T05:11:56,-70.74,-24.17,28.7,7.3,mw,354.0,22.0,87.0,177.0,68.0,91.0,67.0,90.0,1.0,357.0,23.0,267.0,8.260999999999999e+20,4.25e+19,-8.686e+20,3.02e+19,-8.674e+20,6.42e+19,gcmt,subduction_interface
B080295A,1995-08-02T00:14:14,-71.2,-23.05,15.0,5.5,mw,16.0,18.0,117.0,168.0,74.0,82.0,60.0,67.0,8.0,170.0,29.0,265.0,5.473e+17,8.1e+16,-6.283e+17,2.257e+17,-9.11e+17,-1.11e+16,gcmt,subduction_interface
B080295B,1995-08-02T11:05:44,-71.07,-23.03,15.0,5.1,mw,23.0,15.0,128.0,165.0,78.0,81.0,56.0,63.0,9.0,166.0,33.0,262.0,2.346e+17,6200000000000000.0,-2.408e+17,1.614e+17,-4.922e+17,-2.87e+16,gcmt,subduction_interface
B080295C,1995-08-02T16:27:37,-70.99,-23.28,15.0,5.1,mw,42.0,19.0,139.0,172.0,78.0,75.0,55.0,63.0,14.0,175.0,31.0,274.0,2.019e+17,2.44e+16,-2.263e+17,9.2e+16,-4.204e+17,-8.93e+16,gcmt,subduction_interface
C080395B,1995-08-03T01:57:28,-70.96,-23.02,15.0,5.9,mw,11.0,12.0,112.0,168.0,79.0,85.0,56.0,73.0,4.0,169.0,34.0,262.0,1.391e+18,1.16e+17,-1.507e+18,7.42e+17,-3.384e+18,2.8e+16,gcmt,subduction_interface
B101695A,1995-10-16T16:36:24,-71.31,-23.5,15.0,5.2,mw,17.0,27.0,115.0,170.0,66.0,78.0,67.0,58.0,11.0,175.0,20.0,269.0,2.955e+17,3.3700000000000004e+16,-3.292e+17,7.64e+16,-2.562e+17,-1.93e+16,gcmt,subduction_interface
C110195A,1995-11-01T00:35:40,-71.68,-29.11,22.0,6.4,mw,6.0,25.0,111.0,163.0,67.0,80.0,67.0,56.0,9.0,167.0,21.0,260.0,7.87e+18,8.3e+17,-8.699999999999999e+18,2.831e+18,-7.203e+18,1.021e+18,gcmt,subduction_interface
B112195D,1995-11-21T18:17:09,-72.3,-33.33,16.2,5.3,mw,355.0,20.0,84.0,181.0,71.0,92.0,64.0,95.0,2.0,1.0,26.0,270.0,2.851e+17,-1.14e+16,-2.737e+17,-1.4199999999999998e+16,-3.457e+17,9700000000000000.0,gcmt,subduction_interface
B113095B,1995-11-30T13:15:44,-71.48,-27.93,15.0,5.4,mw,12.0,21.0,109.0,171.0,70.0,83.0,64.0,69.0,7.0,174.0,25.0,267.0,2.968e+17,1.62e+16,-3.131e+17,7.45e+16,-3.561e+17,-7199999999999999.0,gcmt,subduction_interface
B070396C,1996-07-03T16:48:33,-71.22,-23.24,15.0,5.4,mw,20.0,25.0,122.0,165.0,69.0,76.0,63.0,53.0,13.0,171.0,23.0,266.0,4.8070000000000006e+17,7.82e+16,-5.5890000000000006e+17,1.94e+17,-5.224e+17,-2.52e+16,gcmt,subduction_interface
B081596B,1996-08-15T06:25:36,-71.25,-17.45,72.0,5.1,mw,149.0,39.0,-174.0,55.0,87.0,-51.0,31.0,114.0,39.0,232.0,36.0,358.0,-1.325e+16,-6.233e+16,7.557e+16,-7.263e+16,-6.236e+16,3.931e+16,gcmt,subduction_interface
B052597C,1997-05-25T18:57:31,-71.2,-23.24,15.0,5.1,mw,0.0,25.0,92.0,178.0,65.0,89.0,70.0,86.0,1.0,178.0,20.0,269.0,1.471e+17,3.47e+16,-1.818e+17,5300000000000000.0,-1.3460000000000002e+17,5000000000000000.0,gcmt,subduction_interface
C070697A,1997-07-06T09:54:09,-72.21,-30.22,15.0,6.5,mw,0.0,21.0,92.0,178.0,69.0,89.0,66.0,86.0,1.0,178.0,24.0,269.0,1.315e+19,-8.8e+17,-1.227e+19,6.5e+17,-1.448e+19,1.7e+17,gcmt,subduction_interface
B071097E,1997-07-10T14:55:52,-71.25,-22.95,15.0,5.3,mw,14.0,17.0,100.0,184.0,73.0,87.0,62.0,89.0,3.0,185.0,28.0,276.0,4.07e+17,-6800000000000000.0,-4.003e+17,-2.92e+16,-6.049e+17,-6.3e+16,gcmt,subduction_interface
C072597A,1997-07-25T06:47:06,-72.37,-30.54,15.0,5.5,mw,345.0,26.0,78.0,178.0,65.0,96.0,70.0,100.0,5.0,356.0,20.0,264.0,1.158e+18,-8e+16,-1.079e+18,-4.5e+16,-9.27e+17,1.53e+17,gcmt,subduction_interface
C072597B,1997-07-25T07:33:37,-72.3,-30.69,15.0,5.1,mw,358.0,25.0,79.0,191.0,66.0,95.0,69.0,111.0,5.0,8.0,20.0,277.0,1.088e+18,-7.9e+16,-1.01e+18,-2.3e+17,-8.91e+17,-6.2e+16,gcmt,subduction_interface
C072797A,1997-07-27T05:21:33,-72.41,-30.64,15.0,5.8,mw,354.0,19.0,86.0,178.0,71.0,91.0,64.0,90.0,1.0,358.0,26.0,267.0,1.917e+18,-1.14e+17,-1.803e+18,5.3e+16,-2.347e+18,1.27e+17,gcmt,subduction_interface
B022803A,2003-02-28T01:40:25,-73.56,-35.41,15.0,5.1,mw,26.0,18.0,115.0,180.0,74.0,82.0,60.0,79.0,7.0,182.0,29.0,276.0,6.66e+16,3400000000000000.0,-6.999999999999999e+16,4800000000000000.0,-1.1000000000000002e+17,-1.63e+16,gcmt,subduction_interface
C050304A,2004-05-03T04:36:54,-73.75,-37.95,24.0,6.5,mw,0.0,16.0,118.0,151.0,76.0,82.0,58.0,51.0,7.0,153.0,31.0,248.0,4.85e+18,4e+16,-4.89e+18,4.66e+18,-7.86e+18,1.34e+18,gcmt,subduction_interface
C061504B,2004-06-15T11:16:32,-73.62,-38.96,33.0,5.4,mw,172.0,52.0,150.0,281.0,67.0,42.0,45.0,143.0,43.0,305.0,9.0,44.0,4.56e+17,-1.93e+17,-2.63e+17,-4.63e+17,-1.58e+17,6.86e+17,gcmt,subduction_interface
C090704F,2004-09-07T10:57:43,-72.49,-34.1,14.1,5.3,mw,10.0,16.0,105.0,174.0,74.0,86.0,61.0,77.0,4.0,175.0,29.0,267.0,4.33e+16,240000000000000.0,-4.36e+16,9260000000000000.0,-6.91e+16,-1409999999999999.8,gcmt,subduction_interface
C090704I,2004-09-07T12:33:59,-72.52,-34.14,14.2,5.3,mw,6.0,10.0,102.0,174.0,80.0,88.0,55.0,81.0,2.0,174.0,35.0,266.0,1.3500000000000002e+17,1.35e+16,-1.48e+17,4.28e+16,-3.76e+17,1500000000000000.0,gcmt,subduction_interface
C200503291638A,2005-03-29T16:38:25,-72.38,-33.76,19.7,5.1,mw,6.0,17.0,100.0,175.0,73.0,87.0,62.0,80.0,3.0,176.0,28.0,267.0,5.88e+16,8500000000000002.0,-6.730000000000001e+16,9900000000000000.0,-9.52e+16,600000000000000.0,gcmt,subduction_interface
C200503291638A,2005-03-29T16:38:25,-72.38,-33.76,19.7,5.1,mw,6.0,17.0,100.0,175.0,73.0,87.0,62.0,80.0,3.0,176.0,28.0,267.0,5.88e+16,8500000000000002.0,-6.730000000000001e+16,9900000000000000.0,-9.52e+16,600000000000000.0,gcmt,subduction_interface
C200504201040A,2005-04-20T10:40:51,-71.42,-17.86,44.2,5.2,mw,172.0,54.0,-165.0,73.0,78.0,-37.0,16.0,127.0,51.0,239.0,34.0,26.0,-1.11e+16,-750000000000000.0,1.19e+16,-9280000000000000.0,-8179999999999998.0,2.09e+16,gcmt,subduction_interface
C200601052251A,2006-01-05T22:51:18,-73.52,-36.43,20.0,5.4,mw,19.0,16.0,104.0,184.0,74.0,86.0,60.0,88.0,4.0,185.0,29.0,277.0,3.7e+16,5170000000000000.0,-4.22e+16,-4010000000000000.0,-6.64e+16,-9040000000000000.0,gcmt,subduction_interface
C200601052251A,2006-01-05T22:51:18,-73.52,-36.43,20.0,5.4,mw,19.0,16.0,104.0,184.0,74.0,86.0,60.0,88.0,4.0,185.0,29.0,277.0,3.7e+16,5170000000000000.0,-4.22e+16,-4010000000000000.0,-6.64e+16,-9040000000000000.0,gcmt,subduction_interface
C200604152350B,2006-04-15T23:50:15,-72.29,-29.71,12.0,6.0,mw,1.0,27.0,85.0,186.0,63.0,93.0,72.0,102.0,2.0,5.0,18.0,274.0,9.99e+17,8000000000000000.0,-1.01e+18,-1.06e+17,-7.28e+17,-6.4e+16,gcmt,subduction_interface
C200604152350B,2006-04-15T23:50:15,-72.29,-29.71,12.0,6.0,mw,1.0,27.0,85.0,186.0,63.0,93.0,72.0,102.0,2.0,5.0,18.0,274.0,9.99e+17,8000000000000000.0,-1.01e+18,-1.06e+17,-7.28e+17,-6.4e+16,gcmt,subduction_interface
C200604172035A,2006-04-17T20:35:02,-72.42,-34.49,19.6,5.0,mw,1.0,32.0,106.0,162.0,59.0,80.0,74.0,46.0,9.0,167.0,14.0,259.0,2.67e+16,1810000000000000.0,-2.86e+16,7000000000000000.0,-1.35e+16,4930000000000000.0,gcmt,subduction_interface
C200604172035A,2006-04-17T20:35:02,-72.42,-34.49,19.6,5.0,mw,1.0,32.0,106.0,162.0,59.0,80.0,74.0,46.0,9.0,167.0,14.0,259.0,2.67e+16,1810000000000000.0,-2.86e+16,7000000000000000.0,-1.35e+16,4930000000000000.0,gcmt,subduction_interface
C200604301917A,2006-04-30T19:17:25,-71.52,-27.17,15.4,6.7,mw,11.0,14.0,106.0,175.0,76.0,86.0,59.0,79.0,4.0,176.0,31.0,268.0,4.55e+18,3.3e+17,-4.88e+18,9.8e+17,-8.86e+18,-2.1e+17,gcmt,subduction_interface
C200604301917A,2006-04-30T19:17:25,-71.52,-27.17,15.4,6.7,mw,11.0,14.0,106.0,175.0,76.0,86.0,59.0,79.0,4.0,176.0,31.0,268.0,4.55e+18,3.3e+17,-4.88e+18,9.8e+17,-8.86e+18,-2.1e+17,gcmt,subduction_interface
C200604302141A,2006-04-30T21:41:07,-71.55,-27.28,13.4,6.7,mw,14.0,18.0,112.0,171.0,73.0,83.0,61.0,70.0,7.0,173.0,28.0,267.0,3.44e+18,4.98e+17,-3.94e+18,1.01e+18,-5.28e+18,-1.22e+17,gcmt,subduction_interface
C200604302141A,2006-04-30T21:41:07,-71.55,-27.28,13.4,6.7,mw,14.0,18.0,112.0,171.0,73.0,83.0,61.0,70.0,7.0,173.0,28.0,267.0,3.44e+18,4.98e+17,-3.94e+18,1.01e+18,-5.28e+18,-1.22e+17,gcmt,subduction_interface
C200605021342A,2006-05-02T13:42:40,-71.85,-27.64,12.0,5.0,mw,359.0,21.0,92.0,177.0,69.0,89.0,66.0,85.0,1.0,177.0,24.0,267.0,6.64e+16,3500000000000000.5,-6.979999999999999e+16,4900000000000000.0,-7.33e+16,3000000000000000.0,gcmt,subduction_interface
C200605021342A,2006-05-02T13:42:40,-71.85,-27.64,12.0,5.0,mw,359.0,21.0,92.0,177.0,69.0,89.0,66.0,85.0,1.0,177.0,24.0,267.0,6.64e+16,3500000000000000.5,-6.979999999999999e+16,4900000000000000.0,-7.33e+16,3000000000000000.0,gcmt,subduction_interface
C200605210511A,2006-05-21T05:11:40,-74.14,-37.41,15.4,5.1,mw,27.0,17.0,120.0,176.0,76.0,82.0,59.0,75.0,8.0,178.0,30.0,273.0,4.58e+16,-500000000000000.0,-4.53e+16,9200000000000000.0,-8.06e+16,-1.03e+16,gcmt,subduction_interface
C200605210511A,2006-05-21T05:11:40,-74.14,-37.41,15.4,5.1,mw,27.0,17.0,120.0,176.0,76.0,82.0,59.0,75.0,8.0,178.0,30.0,273.0,4.58e+16,-500000000000000.0,-4.53e+16,9200000000000000.0,-8.06e+16,-1.03e+16,gcmt,subduction_interface
C200702191924A,2007-02-19T19:24:17,-70.99,-23.03,17.6,5.4,mw,13.0,16.0,103.0,180.0,74.0,86.0,61.0,84.0,4.0,181.0,29.0,273.0,8.98e+16,1.88e+16,-1.09e+17,2700000000000000.0,-1.61e+17,-1.14e+16,gcmt,subduction_interface
C200703101407A,2007-03-10T14:07:15,-70.64,-22.87,25.8,5.4,mw,8.0,15.0,115.0,163.0,77.0,84.0,58.0,64.0,6.0,164.0,31.0,258.0,7.8e+16,1.22e+16,-9.02e+16,5.27e+16,-1.57e+17,1.12e+16,gcmt,subduction_interface
C200703241913A,2007-03-24T19:13:54,-70.48,-19.85,32.8,5.7,mw,107.0,41.0,100.0,274.0,50.0,81.0,82.0,136.0,7.0,280.0,5.0,10.0,2e+17,-2.28e+17,2.7600000000000004e+16,-4.06e+16,-1.28e+16,4.87e+16,gcmt,subduction_interface
C200703291709A,2007-03-29T17:09:10,-72.06,-31.59,22.4,5.8,mw,29.0,22.0,112.0,185.0,69.0,81.0,65.0,80.0,8.0,188.0,24.0,282.0,2.17e+17,3.14e+16,-2.4900000000000003e+17,-1.3e+16,-2.7000000000000003e+17,-8.11e+16,gcmt,subduction_interface
C200703291709A,2007-03-29T17:09:10,-72.06,-31.59,22.4,5.8,mw,29.0,22.0,112.0,185.0,69.0,81.0,65.0,80.0,8.0,188.0,24.0,282.0,2.17e+17,3.14e+16,-2.4900000000000003e+17,-1.3e+16,-2.7000000000000003e+17,-8.11e+16,gcmt,subduction_interface
C200703291746A,2007-03-29T17:46:27,-72.12,-31.69,19.8,5.2,mw,336.0,15.0,59.0,188.0,78.0,98.0,57.0,108.0,7.0,7.0,32.0,272.0,4.08e+16,7500000000000000.0,-4.83e+16,-1.53e+16,-9.18e+16,6000000000000000.0,gcmt,subduction_interface
C200703291746A,2007-03-29T17:46:27,-72.12,-31.69,19.8,5.2,mw,336.0,15.0,59.0,188.0,78.0,98.0,57.0,108.0,7.0,7.0,32.0,272.0,4.08e+16,7500000000000000.0,-4.83e+16,-1.53e+16,-9.18e+16,6000000000000000.0,gcmt,subduction_interface
C200708081414A,2007-08-08T14:14:23,-71.92,-32.66,24.0,5.2,mw,335.0,17.0,78.0,167.0,74.0,93.0,61.0,82.0,3.0,346.0,29.0,255.0,5.83e+16,6900000000000001.0,-6.52e+16,2.2e+16,-1.01e+17,2.53e+16,gcmt,subduction_interface
C200708081414A,2007-08-08T14:14:23,-71.92,-32.66,24.0,5.2,mw,335.0,17.0,78.0,167.0,74.0,93.0,61.0,82.0,3.0,346.0,29.0,255.0,5.83e+16,6900000000000001.0,-6.52e+16,2.2e+16,-1.01e+17,2.53e+16,gcmt,subduction_interface
C200711151506A,2007-11-15T15:06:09,-70.94,-22.98,20.7,6.8,mw,360.0,16.0,98.0,172.0,74.0,88.0,61.0,79.0,2.0,172.0,29.0,264.0,1.04e+19,2.4e+17,-1.06e+19,2.66e+18,-1.71e+19,8.3e+17,gcmt,subduction_interface
C200711170307A,2007-11-17T03:07:36,-70.5,-22.94,26.1,5.3,mw,14.0,13.0,119.0,164.0,79.0,84.0,56.0,66.0,6.0,165.0,33.0,260.0,9.05e+16,1.55e+16,-1.06e+17,6.55e+16,-2.17e+17,5600000000000000.0,gcmt,subduction_interface
C200711171754A,2007-11-17T17:54:37,-70.92,-23.06,15.0,5.8,mw,300.0,11.0,27.0,184.0,85.0,100.0,49.0,105.0,10.0,3.0,39.0,265.0,5.04e+16,1.84e+17,-2.35e+17,-1.81e+16,-7.25e+17,1.07e+17,gcmt,subduction_interface
C200711181215A,2007-11-18T12:15:42,-70.94,-23.03,19.8,5.6,mw,328.0,22.0,68.0,171.0,70.0,98.0,64.0,95.0,8.0,348.0,25.0,255.0,1.92e+17,8.23e+16,-2.75e+17,4.77e+16,-2.88e+17,1.2e+17,gcmt,subduction_interface
C200711192330A,2007-11-19T23:30:34,-70.94,-22.87,18.5,5.9,mw,357.0,16.0,94.0,173.0,74.0,89.0,61.0,81.0,1.0,173.0,29.0,264.0,4.61e+17,2.9e+16,-4.9e+17,1.04e+17,-7.85e+17,4.9e+16,gcmt,subduction_interface
C200711201756A,2007-11-20T17:55:57,-70.92,-22.91,17.2,6.1,mw,1.0,13.0,99.0,172.0,78.0,88.0,57.0,80.0,2.0,173.0,32.0,264.0,6.86e+17,5e+16,-7.36e+17,2.11e+17,-1.51e+18,4.9e+16,gcmt,subduction_interface
C200712060111A,2007-12-06T01:11:14,-70.88,-23.44,18.4,5.2,mw,332.0,18.0,91.0,150.0,72.0,90.0,63.0,60.0,0.0,151.0,27.0,241.0,3.58e+16,-8560000000000000.0,-2.72e+16,2.4900000000000004e+16,-4.37e+16,1.48e+16,gcmt,subduction_interface
C200712130520A,2007-12-13T05:20:27,-70.98,-23.21,17.3,6.0,mw,2.0,12.0,99.0,172.0,78.0,88.0,57.0,80.0,2.0,173.0,33.0,264.0,4.46e+17,2.8e+16,-4.74e+17,1.46e+17,-1.01e+18,3e+16,gcmt,subduction_interface
C200712130723A,2007-12-13T07:23:46,-70.94,-23.18,20.3,6.2,mw,9.0,15.0,106.0,173.0,75.0,86.0,59.0,77.0,4.0,174.0,30.0,266.0,1.12e+18,1.02e+17,-1.22e+18,3.01e+17,-2.05e+18,-3000000000000000.0,gcmt,subduction_interface
C200712160809A,2007-12-16T08:09:21,-70.41,-23.02,30.6,6.7,mw,246.0,6.0,159.0,357.0,88.0,84.0,47.0,261.0,6.0,357.0,43.0,93.0,1.32e+18,-2.6e+17,-1.05e+18,-8.5e+17,1.45e+19,-1.43e+18,gcmt,subduction_interface
C200712200306A,2007-12-20T03:07:00,-72.01,-32.85,25.0,5.3,mw,351.0,12.0,80.0,181.0,78.0,92.0,57.0,93.0,2.0,0.0,33.0,269.0,6.61e+16,2.04e+16,-8.66e+16,-2500000000000000.0,-1.78e+17,5500000000000000.0,gcmt,subduction_interface
C200712200306A,2007-12-20T03:07:00,-72.01,-32.85,25.0,5.3,mw,351.0,12.0,80.0,181.0,78.0,92.0,57.0,93.0,2.0,0.0,33.0,269.0,6.61e+16,2.04e+16,-8.66e+16,-2500000000000000.0,-1.78e+17,5500000000000000.0,gcmt,subduction_interface
C200812182150A,2008-12-18T21:50:34,-72.11,-32.62,20.7,6.0,mw,350.0,18.0,83.0,177.0,72.0,92.0,63.0,90.0,2.0,356.0,27.0,265.0,4.43e+17,7500000000000000.0,-4.51e+17,2.46e+16,-6.1e+17,5.29e+16,gcmt,subduction_interface
C200812182150A,2008-12-18T21:50:34,-72.11,-32.62,20.7,6.0,mw,350.0,18.0,83.0,177.0,72.0,92.0,63.0,90.0,2.0,356.0,27.0,265.0,4.43e+17,7500000000000000.0,-4.51e+17,2.46e+16,-6.1e+17,5.29e+16,gcmt,subduction_interface
C200812190936A,2008-12-19T09:36:08,-72.1,-32.56,23.1,5.7,mw,2.0,19.0,100.0,172.0,72.0,87.0,63.0,77.0,3.0,173.0,27.0,265.0,2.83e+17,1.64e+16,-2.99e+17,6.08e+16,-3.84e+17,1.6900000000000002e+16,gcmt,subduction_interface
C200812190936A,2008-12-19T09:36:08,-72.1,-32.56,23.1,5.7,mw,2.0,19.0,100.0,172.0,72.0,87.0,63.0,77.0,3.0,173.0,27.0,265.0,2.83e+17,1.64e+16,-2.99e+17,6.08e+16,-3.84e+17,1.6900000000000002e+16,gcmt,subduction_interface
C200812191357A,2008-12-19T13:57:36,-71.97,-32.68,24.3,5.1,mw,11.0,19.0,118.0,162.0,74.0,81.0,60.0,59.0,9.0,165.0,28.0,259.0,3.4000000000000004e+16,2.46e+16,-5.86e+16,1.98e+16,-6.780000000000001e+16,1.2e+16,gcmt,subduction_interface
C200812191357A,2008-12-19T13:57:36,-71.97,-32.68,24.3,5.1,mw,11.0,19.0,118.0,162.0,74.0,81.0,60.0,59.0,9.0,165.0,28.0,259.0,3.4000000000000004e+16,2.46e+16,-5.86e+16,1.98e+16,-6.780000000000001e+16,1.2e+16,gcmt,subduction_interface
C200910101526A,2009-10-10T15:26:24,-71.22,-25.02,17.3,5.2,mw,2.0,24.0,106.0,165.0,67.0,83.0,67.0,62.0,6.0,167.0,22.0,260.0,1.93e+17,1.3700000000000002e+16,-2.07e+17,6.21e+16,-1.84e+17,2.92e+16,gcmt,subduction_interface
C200910101710A,2009-10-10T17:10:24,-71.2,-25.02,13.4,5.3,mw,358.0,24.0,98.0,169.0,66.0,86.0,69.0,72.0,3.0,171.0,21.0,262.0,7.009999999999999e+16,1.33e+16,-8.34e+16,1.4399999999999998e+16,-6.919999999999999e+16,1.16e+16,gcmt,subduction_interface
C200910280620A,2009-10-28T06:20:03,-72.05,-32.84,19.0,5.2,mw,164.0,43.0,86.0,349.0,47.0,94.0,87.0,310.0,3.0,167.0,2.0,77.0,3.88e+16,-2590000000000000.0,-3.62e+16,1160000000000000.0,2980000000000000.0,8360000000000000.0,gcmt,subduction_interface
C200910280620A,2009-10-28T06:20:03,-72.05,-32.84,19.0,5.2,mw,164.0,43.0,86.0,349.0,47.0,94.0,87.0,310.0,3.0,167.0,2.0,77.0,3.88e+16,-2590000000000000.0,-3.62e+16,1160000000000000.0,2980000000000000.0,8360000000000000.0,gcmt,subduction_interface
C201002270634A,2010-02-27T06:35:14,-73.15,-35.98,23.2,8.3,mw,19.0,18.0,116.0,172.0,74.0,82.0,61.0,70.0,8.0,174.0,28.0,269.0,1.04e+22,-3.9e+20,-1e+22,3.04e+21,-1.52e+22,-1.19e+21,gcmt,subduction_interface
C201002270634A,2010-02-27T06:35:14,-73.15,-35.98,23.2,8.3,mw,19.0,18.0,116.0,172.0,74.0,82.0,61.0,70.0,8.0,174.0,28.0,269.0,1.04e+22,-3.9e+20,-1e+22,3.04e+21,-1.52e+22,-1.19e+21,gcmt,subduction_interface
C201002281948A,2010-02-28T19:48:39,-74.15,-38.36,15.1,5.9,mw,1.0,16.0,91.0,180.0,74.0,90.0,61.0,90.0,0.0,180.0,29.0,270.0,3.88e+17,-6300000000000000.0,-3.81e+17,-2000000000000000.0,-6.08e+17,-3400000000000000.0,gcmt,subduction_interface
C201002281948A,2010-02-28T19:48:39,-74.15,-38.36,15.1,5.9,mw,1.0,16.0,91.0,180.0,74.0,90.0,61.0,90.0,0.0,180.0,29.0,270.0,3.88e+17,-6300000000000000.0,-3.81e+17,-2000000000000000.0,-6.08e+17,-3400000000000000.0,gcmt,subduction_interface
C201003010244A,2010-03-01T02:44:45,-72.75,-35.22,18.9,5.7,mw,302.0,29.0,32.0,183.0,75.0,115.0,53.0,123.0,24.0,356.0,26.0,254.0,1.3999999999999998e+17,4.03e+16,-1.8e+17,-3.08e+16,-2.55e+17,1.3e+17,gcmt,subduction_interface
C201003010244A,2010-03-01T02:44:45,-72.75,-35.22,18.9,5.7,mw,302.0,29.0,32.0,183.0,75.0,115.0,53.0,123.0,24.0,356.0,26.0,254.0,1.3999999999999998e+17,4.03e+16,-1.8e+17,-3.08e+16,-2.55e+17,1.3e+17,gcmt,subduction_interface
C201003010749A,2010-03-01T07:49:09,-73.53,-34.73,12.0,5.5,mw,208.0,35.0,-65.0,358.0,58.0,-107.0,12.0,100.0,14.0,7.0,71.0,228.0,-9.45e+16,-3.54e+16,1.3e+17,8400000000000002.0,-5.29e+16,3.3e+16,gcmt,subduction_interface
C201003010749A,2010-03-01T07:49:09,-73.53,-34.73,12.0,5.5,mw,208.0,35.0,-65.0,358.0,58.0,-107.0,12.0,100.0,14.0,7.0,71.0,228.0,-9.45e+16,-3.54e+16,1.3e+17,8400000000000002.0,-5.29e+16,3.3e+16,gcmt,subduction_interface
C201003020409A,2010-03-02T04:09:29,-73.73,-35.88,15.0,5.1,mw,359.0,13.0,78.0,191.0,78.0,93.0,57.0,104.0,3.0,10.0,32.0,279.0,5.93e+16,8200000000000000.0,-6.750000000000001e+16,-2.69e+16,-1.34e+17,-7900000000000000.0,gcmt,subduction_interface
C201003020409A,2010-03-02T04:09:29,-73.73,-35.88,15.0,5.1,mw,359.0,13.0,78.0,191.0,78.0,93.0,57.0,104.0,3.0,10.0,32.0,279.0,5.93e+16,8200000000000000.0,-6.750000000000001e+16,-2.69e+16,-1.34e+17,-7900000000000000.0,gcmt,subduction_interface
C201003020428A,2010-03-02T04:28:46,-73.81,-36.85,15.2,5.1,mw,17.0,11.0,110.0,178.0,79.0,86.0,55.0,83.0,4.0,178.0,34.0,271.0,6.820000000000001e+16,3500000000000000.5,-7.17e+16,9900000000000000.0,-1.79e+17,-9400000000000000.0,gcmt,subduction_interface
C201003020428A,2010-03-02T04:28:46,-73.81,-36.85,15.2,5.1,mw,17.0,11.0,110.0,178.0,79.0,86.0,55.0,83.0,4.0,178.0,34.0,271.0,6.820000000000001e+16,3500000000000000.5,-7.17e+16,9900000000000000.0,-1.79e+17,-9400000000000000.0,gcmt,subduction_interface
C201003020610A,2010-03-02T06:10:53,-72.87,-34.63,14.7,5.4,mw,3.0,5.0,84.0,189.0,85.0,91.0,50.0,99.0,1.0,9.0,40.0,278.0,2.01e+16,3800000000000000.0,-2.4e+16,-1.7199999999999998e+16,-1.1399999999999998e+17,-3100000000000000.0,gcmt,subduction_interface
C201003020610A,2010-03-02T06:10:53,-72.87,-34.63,14.7,5.4,mw,3.0,5.0,84.0,189.0,85.0,91.0,50.0,99.0,1.0,9.0,40.0,278.0,2.01e+16,3800000000000000.0,-2.4e+16,-1.7199999999999998e+16,-1.1399999999999998e+17,-3100000000000000.0,gcmt,subduction_interface
C201003021216A,2010-03-02T12:16:33,-73.83,-36.76,18.4,5.1,mw,5.0,16.0,95.0,181.0,74.0,89.0,61.0,89.0,1.0,181.0,29.0,272.0,4.19e+16,-1580000000000000.0,-4.03e+16,-110000000000000.0,-6.39e+16,-2130000000000000.0,gcmt,subduction_interface
C201003021216A,2010-03-02T12:16:33,-73.83,-36.76,18.4,5.1,mw,5.0,16.0,95.0,181.0,74.0,89.0,61.0,89.0,1.0,181.0,29.0,272.0,4.19e+16,-1580000000000000.0,-4.03e+16,-110000000000000.0,-6.39e+16,-2130000000000000.0,gcmt,subduction_interface
C201003021912A,2010-03-02T19:12:58,-72.55,-34.39,19.1,5.1,mw,14.0,17.0,119.0,163.0,75.0,81.0,59.0,62.0,8.0,165.0,30.0,260.0,1.57e+17,1.61e+16,-1.73e+17,9.19e+16,-2.66e+17,6100000000000000.0,gcmt,subduction_interface
C201003021912A,2010-03-02T19:12:58,-72.55,-34.39,19.1,5.1,mw,14.0,17.0,119.0,163.0,75.0,81.0,59.0,62.0,8.0,165.0,30.0,260.0,1.57e+17,1.61e+16,-1.73e+17,9.19e+16,-2.66e+17,6100000000000000.0,gcmt,subduction_interface
C201003030435A,2010-03-03T04:35:58,-74.29,-37.61,15.0,5.1,mw,350.0,12.0,66.0,194.0,79.0,95.0,56.0,110.0,5.0,13.0,34.0,280.0,4.13e+16,4500000000000000.0,-4.58e+16,-2.71e+16,-1.02e+17,-2400000000000000.0,gcmt,subduction_interface
C201003030435A,2010-03-03T04:35:58,-74.29,-37.61,15.0,5.1,mw,350.0,12.0,66.0,194.0,79.0,95.0,56.0,110.0,5.0,13.0,34.0,280.0,4.13e+16,4500000000000000.0,-4.58e+16,-2.71e+16,-1.02e+17,-2400000000000000.0,gcmt,subduction_interface
C201003031744A,2010-03-03T17:44:30,-73.69,-36.7,16.3,6.1,mw,15.0,12.0,103.0,182.0,78.0,87.0,57.0,88.0,3.0,182.0,33.0,274.0,6.98e+17,4e+16,-7.38e+17,-3.5000000000000004e+16,-1.64e+18,-1.09e+17,gcmt,subduction_interface
C201003031744A,2010-03-03T17:44:30,-73.69,-36.7,16.3,6.1,mw,15.0,12.0,103.0,182.0,78.0,87.0,57.0,88.0,3.0,182.0,33.0,274.0,6.98e+17,4e+16,-7.38e+17,-3.5000000000000004e+16,-1.64e+18,-1.09e+17,gcmt,subduction_interface
C201003031958A,2010-03-03T19:58:30,-72.36,-33.59,19.1,5.8,mw,2.0,17.0,94.0,178.0,73.0,89.0,62.0,87.0,1.0,179.0,28.0,269.0,3.37e+17,2200000000000000.0,-3.39e+17,1.81e+16,-4.91e+17,-1600000000000000.0,gcmt,subduction_interface
C201003031958A,2010-03-03T19:58:30,-72.36,-33.59,19.1,5.8,mw,2.0,17.0,94.0,178.0,73.0,89.0,62.0,87.0,1.0,179.0,28.0,269.0,3.37e+17,2200000000000000.0,-3.39e+17,1.81e+16,-4.91e+17,-1600000000000000.0,gcmt,subduction_interface
C201003040159A,2010-03-04T01:59:52,-72.55,-33.45,12.8,6.0,mw,10.0,19.0,97.0,183.0,71.0,88.0,64.0,89.0,2.0,184.0,26.0,275.0,8.33e+17,-1.2e+16,-8.21e+17,-4e+16,-1.06e+18,-9.4e+16,gcmt,subduction_interface
C201003040159A,2010-03-04T01:59:52,-72.55,-33.45,12.8,6.0,mw,10.0,19.0,97.0,183.0,71.0,88.0,64.0,89.0,2.0,184.0,26.0,275.0,8.33e+17,-1.2e+16,-8.21e+17,-4e+16,-1.06e+18,-9.4e+16,gcmt,subduction_interface
C201003051031A,2010-03-05T10:31:31,-73.77,-37.58,26.0,5.1,mw,358.0,28.0,97.0,171.0,62.0,86.0,73.0,72.0,3.0,173.0,17.0,264.0,7.25e+16,-4100000000000000.0,-6.840000000000001e+16,1.02e+16,-4.64e+16,5800000000000000.0,gcmt,subduction_interface
C201003051031A,2010-03-05T10:31:31,-73.77,-37.58,26.0,5.1,mw,358.0,28.0,97.0,171.0,62.0,86.0,73.0,72.0,3.0,173.0,17.0,264.0,7.25e+16,-4100000000000000.0,-6.840000000000001e+16,1.02e+16,-4.64e+16,5800000000000000.0,gcmt,subduction_interface
C201003051147A,2010-03-05T11:47:14,-73.75,-36.89,14.9,6.7,mw,9.0,16.0,98.0,180.0,74.0,88.0,61.0,87.0,2.0,181.0,29.0,272.0,5.18e+18,9e+16,-5.28e+18,4e+16,-8.6e+18,-4.1e+17,gcmt,subduction_interface
C201003051147A,2010-03-05T11:47:14,-73.75,-36.89,14.9,6.7,mw,9.0,16.0,98.0,180.0,74.0,88.0,61.0,87.0,2.0,181.0,29.0,272.0,5.18e+18,9e+16,-5.28e+18,4e+16,-8.6e+18,-4.1e+17,gcmt,subduction_interface
C201003061519A,2010-03-06T15:19:06,-74.31,-37.59,14.3,5.1,mw,28.0,19.0,112.0,185.0,72.0,83.0,62.0,84.0,7.0,187.0,27.0,281.0,4.24e+16,3449999999999999.5,-4.58e+16,-3300000000000000.0,-6.39e+16,-1.42e+16,gcmt,subduction_interface
C201003061519A,2010-03-06T15:19:06,-74.31,-37.59,14.3,5.1,mw,28.0,19.0,112.0,185.0,72.0,83.0,62.0,84.0,7.0,187.0,27.0,281.0,4.24e+16,3449999999999999.5,-4.58e+16,-3300000000000000.0,-6.39e+16,-1.42e+16,gcmt,subduction_interface
C201003071559A,2010-03-07T15:59:47,-73.78,-38.22,25.0,5.8,mw,348.0,12.0,84.0,174.0,78.0,91.0,57.0,86.0,1.0,354.0,33.0,263.0,3.02e+17,4.16e+16,-3.44e+17,7.28e+16,-7.2e+17,5.96e+16,gcmt,subduction_interface
C201003071559A,2010-03-07T15:59:47,-73.78,-38.22,25.0,5.8,mw,348.0,12.0,84.0,174.0,78.0,91.0,57.0,86.0,1.0,354.0,33.0,263.0,3.02e+17,4.16e+16,-3.44e+17,7.28e+16,-7.2e+17,5.96e+16,gcmt,subduction_interface
C201003131034A,2010-03-13T10:34:45,-73.95,-37.78,20.0,5.8,mw,7.0,19.0,102.0,175.0,71.0,86.0,64.0,78.0,4.0,176.0,26.0,268.0,3.56e+17,1.16e+16,-3.67e+17,5.39e+16,-4.62e+17,-6100000000000000.0,gcmt,subduction_interface
C201003131034A,2010-03-13T10:34:45,-73.95,-37.78,20.0,5.8,mw,7.0,19.0,102.0,175.0,71.0,86.0,64.0,78.0,4.0,176.0,26.0,268.0,3.56e+17,1.16e+16,-3.67e+17,5.39e+16,-4.62e+17,-6100000000000000.0,gcmt,subduction_interface
C201003132020A,2010-03-13T20:20:26,-74.29,-37.11,15.0,5.0,mw,346.0,12.0,79.0,177.0,79.0,92.0,56.0,90.0,2.0,357.0,34.0,266.0,4.17e+16,500000000000000.0,-4.22e+16,3800000000000000.0,-1e+17,6100000000000000.0,gcmt,subduction_interface
C201003132020A,2010-03-13T20:20:26,-74.29,-37.11,15.0,5.0,mw,346.0,12.0,79.0,177.0,79.0,92.0,56.0,90.0,2.0,357.0,34.0,266.0,4.17e+16,500000000000000.0,-4.22e+16,3800000000000000.0,-1e+17,6100000000000000.0,gcmt,subduction_interface
C201003141352A,2010-03-14T13:52:24,-73.85,-38.71,19.3,5.7,mw,281.0,25.0,-26.0,35.0,79.0,-113.0,31.0,143.0,23.0,39.0,50.0,279.0,-6.989999999999999e+16,9.46e+16,-2.47e+16,-7.21e+16,-1.49e+17,4.25e+16,gcmt,subduction_interface
C201003141352A,2010-03-14T13:52:24,-73.85,-38.71,19.3,5.7,mw,281.0,25.0,-26.0,35.0,79.0,-113.0,31.0,143.0,23.0,39.0,50.0,279.0,-6.989999999999999e+16,9.46e+16,-2.47e+16,-7.21e+16,-1.49e+17,4.25e+16,gcmt,subduction_interface
C201003151108A,2010-03-15T11:08:34,-73.85,-35.96,12.0,6.2,mw,21.0,15.0,103.0,187.0,76.0,87.0,59.0,93.0,3.0,188.0,31.0,280.0,1.15e+18,-3.2e+16,-1.12e+18,-2.45e+17,-2.11e+18,-2.86e+17,gcmt,subduction_interface
C201003151108A,2010-03-15T11:08:34,-73.85,-35.96,12.0,6.2,mw,21.0,15.0,103.0,187.0,76.0,87.0,59.0,93.0,3.0,188.0,31.0,280.0,1.15e+18,-3.2e+16,-1.12e+18,-2.45e+17,-2.11e+18,-2.86e+17,gcmt,subduction_interface
C201003160304A,2010-03-16T03:04:39,-73.76,-36.68,17.2,5.4,mw,19.0,14.0,112.0,177.0,77.0,85.0,58.0,80.0,5.0,178.0,32.0,271.0,3.73e+17,-9100000000000000.0,-3.64e+17,5.93e+16,-7.35e+17,-5.580000000000001e+16,gcmt,subduction_interface
C201003160304A,2010-03-16T03:04:39,-73.76,-36.68,17.2,5.4,mw,19.0,14.0,112.0,177.0,77.0,85.0,58.0,80.0,5.0,178.0,32.0,271.0,3.73e+17,-9100000000000000.0,-3.64e+17,5.93e+16,-7.35e+17,-5.580000000000001e+16,gcmt,subduction_interface
C201003190854A,2010-03-19T08:54:51,-73.33,-35.67,15.0,5.9,mw,27.0,10.0,118.0,178.0,81.0,85.0,54.0,82.0,5.0,179.0,36.0,273.0,5.88e+16,3500000000000000.5,-6.22e+16,8000000000000000.0,-1.84e+17,-1.46e+16,gcmt,subduction_interface
C201003190854A,2010-03-19T08:54:51,-73.33,-35.67,15.0,5.9,mw,27.0,10.0,118.0,178.0,81.0,85.0,54.0,82.0,5.0,179.0,36.0,273.0,5.88e+16,3500000000000000.5,-6.22e+16,8000000000000000.0,-1.84e+17,-1.46e+16,gcmt,subduction_interface
C201003191420A,2010-03-19T14:20:47,-72.59,-33.37,15.1,5.0,mw,20.0,16.0,110.0,178.0,75.0,84.0,59.0,81.0,5.0,180.0,30.0,273.0,3.47e+16,-3070000000000000.0,-3.16e+16,3730000000000000.0,-5.89e+16,-5510000000000000.0,gcmt,subduction_interface
C201003191420A,2010-03-19T14:20:47,-72.59,-33.37,15.1,5.0,mw,20.0,16.0,110.0,178.0,75.0,84.0,59.0,81.0,5.0,180.0,30.0,273.0,3.47e+16,-3070000000000000.0,-3.16e+16,3730000000000000.0,-5.89e+16,-5510000000000000.0,gcmt,subduction_interface
C201003211831A,2010-03-21T18:31:06,-73.57,-36.56,21.2,5.5,mw,11.0,25.0,113.0,166.0,67.0,79.0,67.0,57.0,10.0,170.0,21.0,264.0,1.72e+17,2.16e+16,-1.94e+17,5.460000000000001e+16,-1.6e+17,7800000000000000.0,gcmt,subduction_interface
C201003211831A,2010-03-21T18:31:06,-73.57,-36.56,21.2,5.5,mw,11.0,25.0,113.0,166.0,67.0,79.0,67.0,57.0,10.0,170.0,21.0,264.0,1.72e+17,2.16e+16,-1.94e+17,5.460000000000001e+16,-1.6e+17,7800000000000000.0,gcmt,subduction_interface
C201003251110A,2010-03-25T11:10:40,-73.69,-35.85,15.0,5.1,mw,21.0,14.0,103.0,187.0,76.0,87.0,58.0,93.0,3.0,188.0,31.0,280.0,5.36e+16,-5000000000000000.0,-4.85e+16,-1.07e+16,-1.01e+17,-1.19e+16,gcmt,subduction_interface
C201003251110A,2010-03-25T11:10:40,-73.69,-35.85,15.0,5.1,mw,21.0,14.0,103.0,187.0,76.0,87.0,58.0,93.0,3.0,188.0,31.0,280.0,5.36e+16,-5000000000000000.0,-4.85e+16,-1.07e+16,-1.01e+17,-1.19e+16,gcmt,subduction_interface
C201003281436A,2010-03-28T14:36:34,-73.92,-36.16,12.0,5.3,mw,6.0,16.0,92.0,183.0,74.0,89.0,61.0,92.0,1.0,184.0,29.0,274.0,3.84e+16,3480000000000000.0,-4.19e+16,-3610000000000000.0,-6.37e+16,-3650000000000000.0,gcmt,subduction_interface
C201003281436A,2010-03-28T14:36:34,-73.92,-36.16,12.0,5.3,mw,6.0,16.0,92.0,183.0,74.0,89.0,61.0,92.0,1.0,184.0,29.0,274.0,3.84e+16,3480000000000000.0,-4.19e+16,-3610000000000000.0,-6.37e+16,-3650000000000000.0,gcmt,subduction_interface
C201003282138A,2010-03-28T21:38:36,-73.44,-35.56,12.0,6.0,mw,28.0,16.0,112.0,185.0,75.0,84.0,59.0,87.0,6.0,186.0,30.0,280.0,5.14e+17,2.1e+16,-5.35e+17,-6.1e+16,-9.6e+17,-1.64e+17,gcmt,subduction_interface
C201003282138A,2010-03-28T21:38:36,-73.44,-35.56,12.0,6.0,mw,28.0,16.0,112.0,185.0,75.0,84.0,59.0,87.0,6.0,186.0,30.0,280.0,5.14e+17,2.1e+16,-5.35e+17,-6.1e+16,-9.6e+17,-1.64e+17,gcmt,subduction_interface
C201003282143A,2010-03-28T21:43:16,-73.44,-35.45,17.1,5.8,mw,7.0,16.0,86.0,191.0,74.0,91.0,61.0,102.0,1.0,11.0,29.0,280.0,1.76e+17,1000000000000000.0,-1.77e+17,-5.600000000000001e+16,-2.83e+17,-2.85e+16,gcmt,subduction_interface
C201003282143A,2010-03-28T21:43:16,-73.44,-35.45,17.1,5.8,mw,7.0,16.0,86.0,191.0,74.0,91.0,61.0,102.0,1.0,11.0,29.0,280.0,1.76e+17,1000000000000000.0,-1.77e+17,-5.600000000000001e+16,-2.83e+17,-2.85e+16,gcmt,subduction_interface
C201004011943A,2010-04-01T19:43:05,-72.25,-34.28,23.9,5.1,mw,352.0,16.0,89.0,173.0,74.0,90.0,61.0,83.0,0.0,353.0,29.0,263.0,2.84e+16,7840000000000000.0,-3.62e+16,6490000000000000.0,-5.269999999999999e+16,5880000000000000.0,gcmt,subduction_interface
C201004011943A,2010-04-01T19:43:05,-72.25,-34.28,23.9,5.1,mw,352.0,16.0,89.0,173.0,74.0,90.0,61.0,83.0,0.0,353.0,29.0,263.0,2.84e+16,7840000000000000.0,-3.62e+16,6490000000000000.0,-5.269999999999999e+16,5880000000000000.0,gcmt,subduction_interface
C201004022258A,2010-04-02T22:58:12,-73.2,-36.33,30.4,6.0,mw,17.0,15.0,101.0,186.0,75.0,87.0,60.0,92.0,3.0,187.0,30.0,278.0,5.22e+17,5.1e+16,-5.73e+17,-9.3e+16,-9.79e+17,-1.22e+17,gcmt,subduction_interface
C201004022258A,2010-04-02T22:58:12,-73.2,-36.33,30.4,6.0,mw,17.0,15.0,101.0,186.0,75.0,87.0,60.0,92.0,3.0,187.0,30.0,278.0,5.22e+17,5.1e+16,-5.73e+17,-9.3e+16,-9.79e+17,-1.22e+17,gcmt,subduction_interface
C201004162241A,2010-04-16T22:41:38,-74.25,-37.69,12.0,5.7,mw,360.0,15.0,90.0,180.0,75.0,90.0,60.0,90.0,0.0,360.0,30.0,270.0,1.76e+17,-1000000000000000.0,-1.75e+17,1000000000000000.0,-2.97e+17,899999999999999.9,gcmt,subduction_interface
C201004162241A,2010-04-16T22:41:38,-74.25,-37.69,12.0,5.7,mw,360.0,15.0,90.0,180.0,75.0,90.0,60.0,90.0,0.0,360.0,30.0,270.0,1.76e+17,-1000000000000000.0,-1.75e+17,1000000000000000.0,-2.97e+17,899999999999999.9,gcmt,subduction_interface
C201004162315A,2010-04-16T23:15:37,-74.24,-37.62,12.0,5.7,mw,31.0,15.0,115.0,185.0,77.0,84.0,58.0,86.0,6.0,186.0,31.0,280.0,2.03e+17,-800000000000000.0,-2.02e+17,-2.37e+16,-4.13e+17,-6.889999999999999e+16,gcmt,subduction_interface
C201004162315A,2010-04-16T23:15:37,-74.24,-37.62,12.0,5.7,mw,31.0,15.0,115.0,185.0,77.0,84.0,58.0,86.0,6.0,186.0,31.0,280.0,2.03e+17,-800000000000000.0,-2.02e+17,-2.37e+16,-4.13e+17,-6.889999999999999e+16,gcmt,subduction_interface
C201004180149A,2010-04-18T01:49:39,-74.19,-37.41,14.9,5.6,mw,4.0,19.0,93.0,180.0,71.0,89.0,64.0,88.0,1.0,180.0,26.0,271.0,1.73e+17,500000000000000.0,-1.74e+17,1200000000000000.0,-2.25e+17,-5600000000000000.0,gcmt,subduction_interface
C201004180149A,2010-04-18T01:49:39,-74.19,-37.41,14.9,5.6,mw,4.0,19.0,93.0,180.0,71.0,89.0,64.0,88.0,1.0,180.0,26.0,271.0,1.73e+17,500000000000000.0,-1.74e+17,1200000000000000.0,-2.25e+17,-5600000000000000.0,gcmt,subduction_interface
C201004190732A,2010-04-19T07:32:48,-74.24,-37.69,18.5,5.4,mw,353.0,20.0,93.0,170.0,70.0,89.0,65.0,79.0,1.0,171.0,25.0,261.0,4.42e+16,-540000000000000.0,-4.37e+16,9560000000000000.0,-5.32e+16,6510000000000000.0,gcmt,subduction_interface
C201004190732A,2010-04-19T07:32:48,-74.24,-37.69,18.5,5.4,mw,353.0,20.0,93.0,170.0,70.0,89.0,65.0,79.0,1.0,171.0,25.0,261.0,4.42e+16,-540000000000000.0,-4.37e+16,9560000000000000.0,-5.32e+16,6510000000000000.0,gcmt,subduction_interface
C201004231003A,2010-04-23T10:03:09,-73.32,-37.69,29.5,6.0,mw,7.0,14.0,141.0,135.0,81.0,79.0,52.0,32.0,11.0,136.0,36.0,234.0,3.5e+17,5.7e+16,-4.07e+17,8.57e+17,-8.05e+17,2.05e+17,gcmt,subduction_interface
C201004231003A,2010-04-23T10:03:09,-73.32,-37.69,29.5,6.0,mw,7.0,14.0,141.0,135.0,81.0,79.0,52.0,32.0,11.0,136.0,36.0,234.0,3.5e+17,5.7e+16,-4.07e+17,8.57e+17,-8.05e+17,2.05e+17,gcmt,subduction_interface
C201005031839A,2010-05-03T18:39:45,-74.33,-37.36,12.0,5.3,mw,6.0,16.0,92.0,183.0,74.0,89.0,61.0,92.0,1.0,183.0,29.0,274.0,8.09e+16,-300000000000000.0,-8.05e+16,-6800000000000000.0,-1.3e+17,-6300000000000000.0,gcmt,subduction_interface
C201005031839A,2010-05-03T18:39:45,-74.33,-37.36,12.0,5.3,mw,6.0,16.0,92.0,183.0,74.0,89.0,61.0,92.0,1.0,183.0,29.0,274.0,8.09e+16,-300000000000000.0,-8.05e+16,-6800000000000000.0,-1.3e+17,-6300000000000000.0,gcmt,subduction_interface
C201005032309A,2010-05-03T23:09:50,-74.08,-38.31,14.5,6.3,mw,357.0,14.0,89.0,178.0,76.0,90.0,59.0,88.0,0.0,358.0,31.0,268.0,1.09e+18,4e+16,-1.13e+18,6.6e+16,-2.02e+18,4.6e+16,gcmt,subduction_interface
C201005032309A,2010-05-03T23:09:50,-74.08,-38.31,14.5,6.3,mw,357.0,14.0,89.0,178.0,76.0,90.0,59.0,88.0,0.0,358.0,31.0,268.0,1.09e+18,4e+16,-1.13e+18,6.6e+16,-2.02e+18,4.6e+16,gcmt,subduction_interface
C201005242357A,2010-05-24T23:57:38,-73.71,-36.4,20.6,5.4,mw,19.0,19.0,111.0,177.0,73.0,83.0,62.0,77.0,6.0,179.0,27.0,272.0,4.93e+16,9900000000000000.0,-5.92e+16,5800000000000000.0,-7.68e+16,-7700000000000000.0,gcmt,subduction_interface
C201005242357A,2010-05-24T23:57:38,-73.71,-36.4,20.6,5.4,mw,19.0,19.0,111.0,177.0,73.0,83.0,62.0,77.0,6.0,179.0,27.0,272.0,4.93e+16,9900000000000000.0,-5.92e+16,5800000000000000.0,-7.68e+16,-7700000000000000.0,gcmt,subduction_interface
C201006011605A,2010-06-01T16:05:33,-73.85,-36.93,22.0,5.7,mw,355.0,21.0,81.0,184.0,70.0,93.0,65.0,100.0,3.0,3.0,24.0,272.0,3.81e+16,3880000000000000.0,-4.2e+16,-4270000000000000.0,-4.59e+16,190000000000000.0,gcmt,subduction_interface
C201006011605A,2010-06-01T16:05:33,-73.85,-36.93,22.0,5.7,mw,355.0,21.0,81.0,184.0,70.0,93.0,65.0,100.0,3.0,3.0,24.0,272.0,3.81e+16,3880000000000000.0,-4.2e+16,-4270000000000000.0,-4.59e+16,190000000000000.0,gcmt,subduction_interface
C201006270715A,2010-06-27T07:15:50,-74.3,-37.0,14.8,5.0,mw,6.0,22.0,92.0,184.0,68.0,89.0,67.0,93.0,1.0,184.0,23.0,274.0,2.53e+16,-30000000000000.0,-2.53e+16,-1600000000000000.0,-2.63e+16,-2160000000000000.0,gcmt,subduction_interface
C201006270715A,2010-06-27T07:15:50,-74.3,-37.0,14.8,5.0,mw,6.0,22.0,92.0,184.0,68.0,89.0,67.0,93.0,1.0,184.0,23.0,274.0,2.53e+16,-30000000000000.0,-2.53e+16,-1600000000000000.0,-2.63e+16,-2160000000000000.0,gcmt,subduction_interface
C201006290140A,2010-06-29T01:40:02,-73.72,-37.91,18.9,6.1,mw,330.0,27.0,126.0,110.0,69.0,73.0,63.0,354.0,16.0,117.0,22.0,213.0,1.56e+17,-9.83e+16,-5.719999999999999e+16,1.67e+17,-3.68e+16,1.04e+17,gcmt,subduction_interface
C201006290140A,2010-06-29T01:40:02,-73.72,-37.91,18.9,6.1,mw,330.0,27.0,126.0,110.0,69.0,73.0,63.0,354.0,16.0,117.0,22.0,213.0,1.56e+17,-9.83e+16,-5.719999999999999e+16,1.67e+17,-3.68e+16,1.04e+17,gcmt,subduction_interface
C201007141505A,2010-07-14T15:05:52,-73.8,-38.39,23.4,5.8,mw,353.0,14.0,88.0,175.0,76.0,91.0,59.0,86.0,1.0,355.0,31.0,265.0,2.4e+17,1.83e+16,-2.59e+17,3.84e+16,-4.77e+17,2.83e+16,gcmt,subduction_interface
C201007141505A,2010-07-14T15:05:52,-73.8,-38.39,23.4,5.8,mw,353.0,14.0,88.0,175.0,76.0,91.0,59.0,86.0,1.0,355.0,31.0,265.0,2.4e+17,1.83e+16,-2.59e+17,3.84e+16,-4.77e+17,2.83e+16,gcmt,subduction_interface
C201007150036A,2010-07-15T00:36:09,-72.35,-34.27,23.4,5.5,mw,18.0,24.0,121.0,164.0,70.0,77.0,63.0,54.0,12.0,169.0,24.0,264.0,8.34e+16,4.49e+16,-1.28e+17,3.21e+16,-1.1399999999999998e+17,9000000000000000.0,gcmt,subduction_interface
C201007150036A,2010-07-15T00:36:09,-72.35,-34.27,23.4,5.5,mw,18.0,24.0,121.0,164.0,70.0,77.0,63.0,54.0,12.0,169.0,24.0,264.0,8.34e+16,4.49e+16,-1.28e+17,3.21e+16,-1.1399999999999998e+17,9000000000000000.0,gcmt,subduction_interface
C201009090728A,2010-09-09T07:28:05,-74.16,-37.27,12.0,6.2,mw,11.0,14.0,99.0,182.0,76.0,88.0,59.0,89.0,2.0,183.0,31.0,274.0,1.08e+18,3.8e+16,-1.12e+18,-5e+16,-2.03e+18,-1.31e+17,gcmt,subduction_interface
C201009090728A,2010-09-09T07:28:05,-74.16,-37.27,12.0,6.2,mw,11.0,14.0,99.0,182.0,76.0,88.0,59.0,89.0,2.0,183.0,31.0,274.0,1.08e+18,3.8e+16,-1.12e+18,-5e+16,-2.03e+18,-1.31e+17,gcmt,subduction_interface
C201009140323A,2010-09-14T03:23:38,-74.27,-37.32,12.5,5.3,mw,359.0,19.0,83.0,186.0,71.0,92.0,64.0,100.0,2.0,5.0,26.0,274.0,5.610000000000001e+16,1799999999999999.8,-5.789999999999999e+16,-9000000000000000.0,-7.1e+16,-2800000000000000.0,gcmt,subduction_interface
C201009140323A,2010-09-14T03:23:38,-74.27,-37.32,12.5,5.3,mw,359.0,19.0,83.0,186.0,71.0,92.0,64.0,100.0,2.0,5.0,26.0,274.0,5.610000000000001e+16,1799999999999999.8,-5.789999999999999e+16,-9000000000000000.0,-7.1e+16,-2800000000000000.0,gcmt,subduction_interface
C201009300026A,2010-09-30T00:26:20,-74.07,-36.51,12.4,5.8,mw,9.0,17.0,98.0,180.0,73.0,87.0,62.0,86.0,2.0,181.0,28.0,272.0,1.65e+17,100000000000000.0,-1.65e+17,2800000000000000.0,-2.41e+17,-1.29e+16,gcmt,subduction_interface
C201009300026A,2010-09-30T00:26:20,-74.07,-36.51,12.4,5.8,mw,9.0,17.0,98.0,180.0,73.0,87.0,62.0,86.0,2.0,181.0,28.0,272.0,1.65e+17,100000000000000.0,-1.65e+17,2800000000000000.0,-2.41e+17,-1.29e+16,gcmt,subduction_interface
C201010230558A,2010-10-23T05:58:31,-73.88,-37.91,21.2,5.5,mw,31.0,16.0,123.0,177.0,76.0,81.0,58.0,75.0,9.0,179.0,31.0,274.0,1.08e+17,1.23e+16,-1.2e+17,1.92e+16,-2.15e+17,-3.09e+16,gcmt,subduction_interface
C201010230558A,2010-10-23T05:58:31,-73.88,-37.91,21.2,5.5,mw,31.0,16.0,123.0,177.0,76.0,81.0,58.0,75.0,9.0,179.0,31.0,274.0,1.08e+17,1.23e+16,-1.2e+17,1.92e+16,-2.15e+17,-3.09e+16,gcmt,subduction_interface
C201101022020A,2011-01-02T20:20:26,-73.84,-38.71,19.4,7.1,mw,5.0,13.0,97.0,178.0,77.0,88.0,58.0,86.0,2.0,178.0,32.0,269.0,2.84e+19,-4.9e+17,-2.79e+19,2.7e+18,-5.66e+19,-5.7e+17,gcmt,subduction_interface
C201101022020A,2011-01-02T20:20:26,-73.84,-38.71,19.4,7.1,mw,5.0,13.0,97.0,178.0,77.0,88.0,58.0,86.0,2.0,178.0,32.0,269.0,2.84e+19,-4.9e+17,-2.79e+19,2.7e+18,-5.66e+19,-5.7e+17,gcmt,subduction_interface
C201101070942A,2011-01-07T09:42:23,-73.66,-35.87,12.3,5.6,mw,22.0,21.0,107.0,184.0,70.0,83.0,64.0,83.0,6.0,186.0,25.0,279.0,8.72e+16,7000000000000001.0,-9.42e+16,-2600000000000000.0,-1.09e+17,-2.22e+16,gcmt,subduction_interface
C201101070942A,2011-01-07T09:42:23,-73.66,-35.87,12.3,5.6,mw,22.0,21.0,107.0,184.0,70.0,83.0,64.0,83.0,6.0,186.0,25.0,279.0,8.72e+16,7000000000000001.0,-9.42e+16,-2600000000000000.0,-1.09e+17,-2.22e+16,gcmt,subduction_interface
C201101100602A,2011-01-10T06:02:54,-73.59,-35.77,12.1,5.9,mw,22.0,14.0,105.0,187.0,76.0,86.0,59.0,92.0,4.0,188.0,31.0,280.0,4.17e+17,-7300000000000000.0,-4.1e+17,-8.6e+16,-7.92e+17,-1.1000000000000002e+17,gcmt,subduction_interface
C201101100602A,2011-01-10T06:02:54,-73.59,-35.77,12.1,5.9,mw,22.0,14.0,105.0,187.0,76.0,86.0,59.0,92.0,4.0,188.0,31.0,280.0,4.17e+17,-7300000000000000.0,-4.1e+17,-8.6e+16,-7.92e+17,-1.1000000000000002e+17,gcmt,subduction_interface
C201102051611A,2011-02-05T16:11:41,-73.84,-37.81,21.0,5.7,mw,9.0,17.0,98.0,180.0,73.0,88.0,62.0,87.0,2.0,181.0,28.0,272.0,2.31e+17,-2000000000000000.0,-2.29e+17,3200000000000000.0,-3.46e+17,-1.78e+16,gcmt,subduction_interface
C201102051611A,2011-02-05T16:11:41,-73.84,-37.81,21.0,5.7,mw,9.0,17.0,98.0,180.0,73.0,88.0,62.0,87.0,2.0,181.0,28.0,272.0,2.31e+17,-2000000000000000.0,-2.29e+17,3200000000000000.0,-3.46e+17,-1.78e+16,gcmt,subduction_interface
C201102112005A,2011-02-11T20:05:39,-73.56,-36.63,17.8,6.8,mw,15.0,13.0,104.0,180.0,77.0,87.0,57.0,86.0,3.0,181.0,32.0,273.0,9.99e+18,-3.3e+17,-9.66e+18,2.5e+17,-2.09e+19,-1.32e+18,gcmt,subduction_interface
C201102112005A,2011-02-11T20:05:39,-73.56,-36.63,17.8,6.8,mw,15.0,13.0,104.0,180.0,77.0,87.0,57.0,86.0,3.0,181.0,32.0,273.0,9.99e+18,-3.3e+17,-9.66e+18,2.5e+17,-2.09e+19,-1.32e+18,gcmt,subduction_interface
C201102112339A,2011-02-11T23:39:23,-74.11,-37.45,16.4,6.0,mw,11.0,16.0,98.0,183.0,74.0,88.0,61.0,90.0,2.0,183.0,29.0,275.0,6.28e+17,-3.3e+16,-5.94e+17,-3.4000000000000004e+16,-1.01e+18,-7.000000000000001e+16,gcmt,subduction_interface
C201102112339A,2011-02-11T23:39:23,-74.11,-37.45,16.4,6.0,mw,11.0,16.0,98.0,183.0,74.0,88.0,61.0,90.0,2.0,183.0,29.0,275.0,6.28e+17,-3.3e+16,-5.94e+17,-3.4000000000000004e+16,-1.01e+18,-7.000000000000001e+16,gcmt,subduction_interface
C201102120117A,2011-02-12T01:17:05,-74.0,-37.35,14.1,6.1,mw,12.0,15.0,98.0,183.0,75.0,88.0,60.0,90.0,2.0,184.0,30.0,275.0,6.14e+17,8999999999999998.0,-6.23e+17,-5.3e+16,-1.06e+18,-8.3e+16,gcmt,subduction_interface
C201102120117A,2011-02-12T01:17:05,-74.0,-37.35,14.1,6.1,mw,12.0,15.0,98.0,183.0,75.0,88.0,60.0,90.0,2.0,184.0,30.0,275.0,6.14e+17,8999999999999998.0,-6.23e+17,-5.3e+16,-1.06e+18,-8.3e+16,gcmt,subduction_interface
C201102131035A,2011-02-13T10:35:10,-73.74,-36.83,14.1,6.0,mw,12.0,18.0,97.0,184.0,72.0,88.0,63.0,91.0,2.0,185.0,27.0,276.0,5.75e+17,4000000000000000.0,-5.8e+17,-4.8e+16,-8.04e+17,-8.2e+16,gcmt,subduction_interface
C201102131035A,2011-02-13T10:35:10,-73.74,-36.83,14.1,6.0,mw,12.0,18.0,97.0,184.0,72.0,88.0,63.0,91.0,2.0,185.0,27.0,276.0,5.75e+17,4000000000000000.0,-5.8e+17,-4.8e+16,-8.04e+17,-8.2e+16,gcmt,subduction_interface
C201102131344A,2011-02-13T13:44:40,-73.74,-36.75,17.8,5.6,mw,9.0,15.0,95.0,184.0,75.0,89.0,60.0,92.0,1.0,184.0,30.0,275.0,1.72e+17,-400000000000000.0,-1.71e+17,-1.6900000000000002e+16,-2.99e+17,-1.85e+16,gcmt,subduction_interface
C201102131344A,2011-02-13T13:44:40,-73.74,-36.75,17.8,5.6,mw,9.0,15.0,95.0,184.0,75.0,89.0,60.0,92.0,1.0,184.0,30.0,275.0,1.72e+17,-400000000000000.0,-1.71e+17,-1.6900000000000002e+16,-2.99e+17,-1.85e+16,gcmt,subduction_interface
C201102140340A,2011-02-14T03:40:15,-73.61,-35.67,12.0,6.6,mw,25.0,17.0,105.0,189.0,74.0,86.0,61.0,93.0,4.0,191.0,29.0,283.0,5.600000000000001e+18,-2.3e+17,-5.37e+18,-1.27e+18,-9.05e+18,-1.7299999999999995e+18,gcmt,subduction_interface
C201102140340A,2011-02-14T03:40:15,-73.61,-35.67,12.0,6.6,mw,25.0,17.0,105.0,189.0,74.0,86.0,61.0,93.0,4.0,191.0,29.0,283.0,5.600000000000001e+18,-2.3e+17,-5.37e+18,-1.27e+18,-9.05e+18,-1.7299999999999995e+18,gcmt,subduction_interface
C201102141021A,2011-02-14T10:21:27,-73.41,-35.6,14.9,5.1,mw,13.0,18.0,107.0,175.0,73.0,85.0,61.0,77.0,5.0,177.0,28.0,270.0,4.519999999999999e+16,-2510000000000000.0,-4.269999999999999e+16,8100000000000002.0,-6.55e+16,-3690000000000000.0,gcmt,subduction_interface
C201102141021A,2011-02-14T10:21:27,-73.41,-35.6,14.9,5.1,mw,13.0,18.0,107.0,175.0,73.0,85.0,61.0,77.0,5.0,177.0,28.0,270.0,4.519999999999999e+16,-2510000000000000.0,-4.269999999999999e+16,8100000000000002.0,-6.55e+16,-3690000000000000.0,gcmt,subduction_interface
C201102190626A,2011-02-19T06:26:38,-72.33,-34.05,20.8,5.2,mw,360.0,21.0,94.0,176.0,69.0,89.0,66.0,83.0,1.0,176.0,24.0,267.0,5.540000000000001e+16,5800000000000000.0,-6.12e+16,5500000000000000.0,-6.65e+16,2900000000000000.0,gcmt,subduction_interface
C201102190626A,2011-02-19T06:26:38,-72.33,-34.05,20.8,5.2,mw,360.0,21.0,94.0,176.0,69.0,89.0,66.0,83.0,1.0,176.0,24.0,267.0,5.540000000000001e+16,5800000000000000.0,-6.12e+16,5500000000000000.0,-6.65e+16,2900000000000000.0,gcmt,subduction_interface
C201102280129A,2011-02-28T01:29:29,-73.69,-37.46,25.3,5.8,mw,6.0,16.0,97.0,179.0,74.0,88.0,61.0,86.0,2.0,179.0,29.0,271.0,3.43e+17,1.31e+16,-3.56e+17,1.6800000000000002e+16,-5.62e+17,-1.62e+16,gcmt,subduction_interface
C201102280129A,2011-02-28T01:29:29,-73.69,-37.46,25.3,5.8,mw,6.0,16.0,97.0,179.0,74.0,88.0,61.0,86.0,2.0,179.0,29.0,271.0,3.43e+17,1.31e+16,-3.56e+17,1.6800000000000002e+16,-5.62e+17,-1.62e+16,gcmt,subduction_interface
C201103030758A,2011-03-03T07:58:58,-73.83,-37.45,23.3,5.1,mw,1.0,22.0,97.0,173.0,68.0,87.0,67.0,78.0,3.0,174.0,23.0,266.0,5.46e+16,-2500000000000000.0,-5.21e+16,8210000000000000.0,-5.519999999999999e+16,2130000000000000.0,gcmt,subduction_interface
C201103030758A,2011-03-03T07:58:58,-73.83,-37.45,23.3,5.1,mw,1.0,22.0,97.0,173.0,68.0,87.0,67.0,78.0,3.0,174.0,23.0,266.0,5.46e+16,-2500000000000000.0,-5.21e+16,8210000000000000.0,-5.519999999999999e+16,2130000000000000.0,gcmt,subduction_interface
C201104220512A,2011-04-22T05:12:51,-74.31,-38.1,13.8,5.6,mw,359.0,19.0,88.0,182.0,71.0,91.0,64.0,93.0,1.0,1.0,26.0,271.0,7.45e+16,-1000000000000000.0,-7.35e+16,-3200000000000000.0,-9.75e+16,-300000000000000.0,gcmt,subduction_interface
C201104220512A,2011-04-22T05:12:51,-74.31,-38.1,13.8,5.6,mw,359.0,19.0,88.0,182.0,71.0,91.0,64.0,93.0,1.0,1.0,26.0,271.0,7.45e+16,-1000000000000000.0,-7.35e+16,-3200000000000000.0,-9.75e+16,-300000000000000.0,gcmt,subduction_interface
C201106011255A,2011-06-01T12:55:25,-74.41,-37.74,12.0,6.3,mw,1.0,17.0,88.0,183.0,73.0,91.0,62.0,94.0,1.0,3.0,28.0,272.0,2.25e+18,1.6e+16,-2.27e+18,-1.94e+17,-3.4e+18,-7.5e+16,gcmt,subduction_interface
C201106011255A,2011-06-01T12:55:25,-74.41,-37.74,12.0,6.3,mw,1.0,17.0,88.0,183.0,73.0,91.0,62.0,94.0,1.0,3.0,28.0,272.0,2.25e+18,1.6e+16,-2.27e+18,-1.94e+17,-3.4e+18,-7.5e+16,gcmt,subduction_interface
C201106290536A,2011-06-29T05:36:52,-72.54,-33.98,18.9,5.5,mw,13.0,18.0,100.0,183.0,72.0,87.0,63.0,88.0,3.0,184.0,27.0,275.0,1.52e+17,-9200000000000000.0,-1.43e+17,-4900000000000000.0,-2.02e+17,-1.96e+16,gcmt,subduction_interface
C201106290536A,2011-06-29T05:36:52,-72.54,-33.98,18.9,5.5,mw,13.0,18.0,100.0,183.0,72.0,87.0,63.0,88.0,3.0,184.0,27.0,275.0,1.52e+17,-9200000000000000.0,-1.43e+17,-4900000000000000.0,-2.02e+17,-1.96e+16,gcmt,subduction_interface
C201107160026A,2011-07-16T00:26:17,-72.19,-33.96,23.9,6.1,mw,14.0,21.0,108.0,174.0,70.0,83.0,64.0,73.0,6.0,177.0,25.0,269.0,6.72e+17,2.3e+16,-6.94e+17,1.24e+17,-7.99e+17,-4.8e+16,gcmt,subduction_interface
C201107160026A,2011-07-16T00:26:17,-72.19,-33.96,23.9,6.1,mw,14.0,21.0,108.0,174.0,70.0,83.0,64.0,73.0,6.0,177.0,25.0,269.0,6.72e+17,2.3e+16,-6.94e+17,1.24e+17,-7.99e+17,-4.8e+16,gcmt,subduction_interface
C201107251115A,2011-07-25T11:15:13,-74.03,-37.9,20.5,5.6,mw,3.0,15.0,95.0,178.0,75.0,89.0,60.0,86.0,1.0,179.0,30.0,269.0,7.85e+16,-7800000000000000.0,-7.07e+16,5100000000000000.0,-1.28e+17,-1100000000000000.0,gcmt,subduction_interface
C201107251115A,2011-07-25T11:15:13,-74.03,-37.9,20.5,5.6,mw,3.0,15.0,95.0,178.0,75.0,89.0,60.0,86.0,1.0,179.0,30.0,269.0,7.85e+16,-7800000000000000.0,-7.07e+16,5100000000000000.0,-1.28e+17,-1100000000000000.0,gcmt,subduction_interface
C201107281605A,2011-07-28T16:06:00,-73.57,-35.91,12.6,5.2,mw,24.0,19.0,103.0,191.0,71.0,86.0,63.0,94.0,4.0,192.0,26.0,284.0,4.39e+16,-990000000000000.0,-4.29e+16,-9650000000000000.0,-5.88e+16,-1.41e+16,gcmt,subduction_interface
C201107281605A,2011-07-28T16:06:00,-73.57,-35.91,12.6,5.2,mw,24.0,19.0,103.0,191.0,71.0,86.0,63.0,94.0,4.0,192.0,26.0,284.0,4.39e+16,-990000000000000.0,-4.29e+16,-9650000000000000.0,-5.88e+16,-1.41e+16,gcmt,subduction_interface
C201107281950A,2011-07-28T19:50:19,-73.53,-35.86,13.2,5.7,mw,344.0,17.0,61.0,194.0,75.0,98.0,59.0,116.0,8.0,12.0,30.0,278.0,1.61e+17,4.33e+16,-2.04e+17,-8.26e+16,-2.94e+17,-8100000000000000.0,gcmt,subduction_interface
C201107281950A,2011-07-28T19:50:19,-73.53,-35.86,13.2,5.7,mw,344.0,17.0,61.0,194.0,75.0,98.0,59.0,116.0,8.0,12.0,30.0,278.0,1.61e+17,4.33e+16,-2.04e+17,-8.26e+16,-2.94e+17,-8100000000000000.0,gcmt,subduction_interface
C201108061322A,2011-08-06T13:22:39,-73.46,-36.06,15.0,5.5,mw,49.0,9.0,131.0,188.0,83.0,84.0,51.0,91.0,6.0,189.0,38.0,283.0,4.84e+16,-7900000000000000.0,-4.05e+16,-2.41e+16,-1.96e+17,-2.65e+16,gcmt,subduction_interface
C201108061322A,2011-08-06T13:22:39,-73.46,-36.06,15.0,5.5,mw,49.0,9.0,131.0,188.0,83.0,84.0,51.0,91.0,6.0,189.0,38.0,283.0,4.84e+16,-7900000000000000.0,-4.05e+16,-2.41e+16,-1.96e+17,-2.65e+16,gcmt,subduction_interface
C201109031620A,2011-09-03T16:20:57,-74.17,-38.27,18.3,5.8,mw,4.0,16.0,93.0,181.0,74.0,89.0,61.0,89.0,1.0,181.0,29.0,272.0,3.38e+17,1e+16,-3.48e+17,-3800000000000000.0,-5.47e+17,-1.53e+16,gcmt,subduction_interface
C201109031620A,2011-09-03T16:20:57,-74.17,-38.27,18.3,5.8,mw,4.0,16.0,93.0,181.0,74.0,89.0,61.0,89.0,1.0,181.0,29.0,272.0,3.38e+17,1e+16,-3.48e+17,-3800000000000000.0,-5.47e+17,-1.53e+16,gcmt,subduction_interface
C201109140703A,2011-09-14T07:03:55,-71.88,-32.8,26.2,5.9,mw,359.0,16.0,84.0,185.0,74.0,92.0,61.0,97.0,2.0,5.0,29.0,274.0,3.82e+17,4.46e+16,-4.26e+17,-5.99e+16,-6.39e+17,-1.95e+16,gcmt,subduction_interface
C201109140703A,2011-09-14T07:03:55,-71.88,-32.8,26.2,5.9,mw,359.0,16.0,84.0,185.0,74.0,92.0,61.0,97.0,2.0,5.0,29.0,274.0,3.82e+17,4.46e+16,-4.26e+17,-5.99e+16,-6.39e+17,-1.95e+16,gcmt,subduction_interface
C201109282240A,2011-09-28T22:40:15,-74.45,-38.05,12.0,5.6,mw,6.0,15.0,82.0,194.0,75.0,92.0,60.0,107.0,2.0,13.0,30.0,282.0,1.03e+17,2800000000000000.0,-1.06e+17,-4.43e+16,-1.74e+17,-2e+16,gcmt,subduction_interface
C201109282240A,2011-09-28T22:40:15,-74.45,-38.05,12.0,5.6,mw,6.0,15.0,82.0,194.0,75.0,92.0,60.0,107.0,2.0,13.0,30.0,282.0,1.03e+17,2800000000000000.0,-1.06e+17,-4.43e+16,-1.74e+17,-2e+16,gcmt,subduction_interface
C201109291540A,2011-09-29T15:40:53,-74.56,-38.06,12.0,5.1,mw,3.0,22.0,87.0,187.0,68.0,91.0,67.0,99.0,1.0,6.0,23.0,276.0,5.92e+16,6100000000000000.0,-6.53e+16,-8400000000000002.0,-6.55e+16,-6600000000000000.0,gcmt,subduction_interface
C201109291540A,2011-09-29T15:40:53,-74.56,-38.06,12.0,5.1,mw,3.0,22.0,87.0,187.0,68.0,91.0,67.0,99.0,1.0,6.0,23.0,276.0,5.92e+16,6100000000000000.0,-6.53e+16,-8400000000000002.0,-6.55e+16,-6600000000000000.0,gcmt,subduction_interface
C201201231604A,2012-01-23T16:04:57,-73.42,-36.5,22.2,6.2,mw,13.0,19.0,101.0,182.0,71.0,86.0,64.0,86.0,3.0,183.0,26.0,275.0,1.11e+18,6e+16,-1.17e+18,-2.5e+16,-1.5e+18,-1.63e+17,gcmt,subduction_interface
C201201231604A,2012-01-23T16:04:57,-73.42,-36.5,22.2,6.2,mw,13.0,19.0,101.0,182.0,71.0,86.0,64.0,86.0,3.0,183.0,26.0,275.0,1.11e+18,6e+16,-1.17e+18,-2.5e+16,-1.5e+18,-1.63e+17,gcmt,subduction_interface
C201202110258A,2012-02-11T02:58:24,-73.68,-37.54,24.4,5.7,mw,3.0,22.0,93.0,180.0,68.0,89.0,67.0,88.0,1.0,181.0,23.0,271.0,2.43e+17,-4000000000000000.0,-2.39e+17,2100000000000000.0,-2.54e+17,-6800000000000000.0,gcmt,subduction_interface
C201202110258A,2012-02-11T02:58:24,-73.68,-37.54,24.4,5.7,mw,3.0,22.0,93.0,180.0,68.0,89.0,67.0,88.0,1.0,181.0,23.0,271.0,2.43e+17,-4000000000000000.0,-2.39e+17,2100000000000000.0,-2.54e+17,-6800000000000000.0,gcmt,subduction_interface
C201203252237A,2012-03-25T22:37:20,-72.41,-35.31,33.8,7.1,mw,20.0,16.0,112.0,177.0,76.0,84.0,59.0,79.0,6.0,179.0,30.0,272.0,2.92e+19,-3.8e+17,-2.88e+19,4.15e+18,-5.19e+19,-4.74e+18,gcmt,subduction_interface
C201203252237A,2012-03-25T22:37:20,-72.41,-35.31,33.8,7.1,mw,20.0,16.0,112.0,177.0,76.0,84.0,59.0,79.0,6.0,179.0,30.0,272.0,2.92e+19,-3.8e+17,-2.88e+19,4.15e+18,-5.19e+19,-4.74e+18,gcmt,subduction_interface
C201204030211A,2012-04-03T02:11:10,-72.63,-33.86,14.4,5.1,mw,5.0,22.0,84.0,191.0,68.0,92.0,67.0,106.0,2.0,10.0,23.0,279.0,4.26e+16,-1210000000000000.0,-4.14e+16,-9520000000000000.0,-4.25e+16,-5730000000000000.0,gcmt,subduction_interface
C201204030211A,2012-04-03T02:11:10,-72.63,-33.86,14.4,5.1,mw,5.0,22.0,84.0,191.0,68.0,92.0,67.0,106.0,2.0,10.0,23.0,279.0,4.26e+16,-1210000000000000.0,-4.14e+16,-9520000000000000.0,-4.25e+16,-5730000000000000.0,gcmt,subduction_interface
C201211201623A,2012-11-20T16:23:29,-72.4,-33.99,18.9,5.2,mw,16.0,20.0,100.0,185.0,71.0,87.0,64.0,90.0,3.0,187.0,26.0,278.0,1e+17,7099999999999999.0,-1.07e+17,-1.01e+16,-1.32e+17,-2.12e+16,gcmt,subduction_interface
C201211201623A,2012-11-20T16:23:29,-72.4,-33.99,18.9,5.2,mw,16.0,20.0,100.0,185.0,71.0,87.0,64.0,90.0,3.0,187.0,26.0,278.0,1e+17,7099999999999999.0,-1.07e+17,-1.01e+16,-1.32e+17,-2.12e+16,gcmt,subduction_interface
C201211212136A,2012-11-21T21:36:26,-72.31,-34.05,21.2,5.9,mw,6.0,20.0,106.0,169.0,70.0,84.0,64.0,70.0,5.0,171.0,25.0,264.0,5.08e+17,3.48e+16,-5.43e+17,1.3999999999999998e+17,-6.23e+17,2.63e+16,gcmt,subduction_interface
C201211212136A,2012-11-21T21:36:26,-72.31,-34.05,21.2,5.9,mw,6.0,20.0,106.0,169.0,70.0,84.0,64.0,70.0,5.0,171.0,25.0,264.0,5.08e+17,3.48e+16,-5.43e+17,1.3999999999999998e+17,-6.23e+17,2.63e+16,gcmt,subduction_interface
C201212261317A,2012-12-26T13:17:58,-73.78,-37.41,24.8,5.4,mw,4.0,17.0,92.0,182.0,73.0,89.0,62.0,91.0,1.0,182.0,28.0,273.0,8.06e+16,4500000000000000.0,-8.51e+16,-4300000000000000.0,-1.23e+17,-5000000000000000.0,gcmt,subduction_interface
C201212261317A,2012-12-26T13:17:58,-73.78,-37.41,24.8,5.4,mw,4.0,17.0,92.0,182.0,73.0,89.0,62.0,91.0,1.0,182.0,28.0,273.0,8.06e+16,4500000000000000.0,-8.51e+16,-4300000000000000.0,-1.23e+17,-5000000000000000.0,gcmt,subduction_interface
C201212270037A,2012-12-27T00:37:12,-73.77,-35.89,12.0,5.9,mw,14.0,16.0,94.0,190.0,74.0,89.0,61.0,98.0,1.0,190.0,29.0,281.0,3.22e+17,8699999999999998.0,-3.3e+17,-8.87e+16,-5.32e+17,-7.35e+16,gcmt,subduction_interface
C201212270037A,2012-12-27T00:37:12,-73.77,-35.89,12.0,5.9,mw,14.0,16.0,94.0,190.0,74.0,89.0,61.0,98.0,1.0,190.0,29.0,281.0,3.22e+17,8699999999999998.0,-3.3e+17,-8.87e+16,-5.32e+17,-7.35e+16,gcmt,subduction_interface
C201301230247A,2013-01-23T02:47:44,-71.62,-31.82,30.2,5.2,mw,336.0,25.0,71.0,176.0,66.0,99.0,67.0,102.0,8.0,353.0,21.0,260.0,4.78e+16,-3580000000000000.0,-4.42e+16,-1550000000000000.0,-4.37e+16,1.1200000000000002e+16,gcmt,subduction_interface
C201301230247A,2013-01-23T02:47:44,-71.62,-31.82,30.2,5.2,mw,336.0,25.0,71.0,176.0,66.0,99.0,67.0,102.0,8.0,353.0,21.0,260.0,4.78e+16,-3580000000000000.0,-4.42e+16,-1550000000000000.0,-4.37e+16,1.1200000000000002e+16,gcmt,subduction_interface
C201302181000A,2013-02-18T10:00:13,-72.39,-34.05,17.1,5.4,mw,5.0,18.0,95.0,180.0,72.0,89.0,63.0,88.0,1.0,181.0,27.0,271.0,1.02e+17,4900000000000000.0,-1.06e+17,500000000000000.0,-1.46e+17,-4900000000000000.0,gcmt,subduction_interface
C201302181000A,2013-02-18T10:00:13,-72.39,-34.05,17.1,5.4,mw,5.0,18.0,95.0,180.0,72.0,89.0,63.0,88.0,1.0,181.0,27.0,271.0,1.02e+17,4900000000000000.0,-1.06e+17,500000000000000.0,-1.46e+17,-4900000000000000.0,gcmt,subduction_interface
C201303290730A,2013-03-29T07:31:00,-73.28,-35.44,13.9,5.5,mw,23.0,19.0,111.0,181.0,72.0,83.0,62.0,80.0,7.0,183.0,27.0,276.0,8.49e+16,1.3700000000000002e+16,-9.85e+16,1500000000000000.0,-1.27e+17,-2.1e+16,gcmt,subduction_interface
C201303290730A,2013-03-29T07:31:00,-73.28,-35.44,13.9,5.5,mw,23.0,19.0,111.0,181.0,72.0,83.0,62.0,80.0,7.0,183.0,27.0,276.0,8.49e+16,1.3700000000000002e+16,-9.85e+16,1500000000000000.0,-1.27e+17,-2.1e+16,gcmt,subduction_interface
C201309292306A,2013-09-29T23:07:02,-73.89,-37.53,20.3,5.2,mw,4.0,20.0,92.0,182.0,70.0,89.0,65.0,91.0,1.0,182.0,25.0,272.0,7.42e+16,3500000000000000.5,-7.77e+16,-2800000000000000.0,-9.25e+16,-3900000000000000.0,gcmt,subduction_interface
C201309292306A,2013-09-29T23:07:02,-73.89,-37.53,20.3,5.2,mw,4.0,20.0,92.0,182.0,70.0,89.0,65.0,91.0,1.0,182.0,25.0,272.0,7.42e+16,3500000000000000.5,-7.77e+16,-2800000000000000.0,-9.25e+16,-3900000000000000.0,gcmt,subduction_interface
C201309292323A,2013-09-29T23:23:20,-73.81,-37.57,21.7,5.0,mw,358.0,20.0,86.0,182.0,70.0,91.0,65.0,94.0,1.0,2.0,25.0,271.0,1.72e+17,-1900000000000000.0,-1.7e+17,-9300000000000000.0,-1.98e+17,-200000000000000.0,gcmt,subduction_interface
C201309292323A,2013-09-29T23:23:20,-73.81,-37.57,21.7,5.0,mw,358.0,20.0,86.0,182.0,70.0,91.0,65.0,94.0,1.0,2.0,25.0,271.0,1.72e+17,-1900000000000000.0,-1.7e+17,-9300000000000000.0,-1.98e+17,-200000000000000.0,gcmt,subduction_interface
C201310300229A,2013-10-30T02:29:19,-73.36,-35.46,12.7,5.8,mw,15.0,18.0,91.0,194.0,72.0,90.0,63.0,104.0,0.0,194.0,27.0,285.0,4.72e+17,2.6e+16,-4.98e+17,-1.77e+17,-6.96e+17,-1.48e+17,gcmt,subduction_interface
C201310300229A,2013-10-30T02:29:19,-73.36,-35.46,12.7,5.8,mw,15.0,18.0,91.0,194.0,72.0,90.0,63.0,104.0,0.0,194.0,27.0,285.0,4.72e+17,2.6e+16,-4.98e+17,-1.77e+17,-6.96e+17,-1.48e+17,gcmt,subduction_interface
C201310300251A,2013-10-30T02:51:57,-73.48,-35.43,12.0,6.2,mw,19.0,17.0,92.0,196.0,73.0,89.0,62.0,105.0,1.0,197.0,28.0,287.0,1.61e+18,-4.3e+16,-1.57e+18,-7.11e+17,-2.44e+18,-5.32e+17,gcmt,subduction_interface
C201310300251A,2013-10-30T02:51:57,-73.48,-35.43,12.0,6.2,mw,19.0,17.0,92.0,196.0,73.0,89.0,62.0,105.0,1.0,197.0,28.0,287.0,1.61e+18,-4.3e+16,-1.57e+18,-7.11e+17,-2.44e+18,-5.32e+17,gcmt,subduction_interface
C201310311539A,2013-10-31T15:39:46,-71.22,-24.95,21.3,5.1,mw,356.0,24.0,101.0,164.0,67.0,85.0,68.0,65.0,4.0,166.0,22.0,257.0,5.45e+16,-4890000000000000.0,-4.96e+16,1.66e+16,-4.71e+16,7880000000000000.0,gcmt,subduction_interface
C201403030317A,2014-03-03T03:17:50,-72.11,-33.21,22.0,5.1,mw,2.0,24.0,96.0,176.0,67.0,87.0,68.0,81.0,2.0,177.0,21.0,268.0,6.969999999999999e+16,-5500000000000000.0,-6.42e+16,6700000000000000.0,-6.21e+16,600000000000000.0,gcmt,subduction_interface
C201403030317A,2014-03-03T03:17:50,-72.11,-33.21,22.0,5.1,mw,2.0,24.0,96.0,176.0,67.0,87.0,68.0,81.0,2.0,177.0,21.0,268.0,6.969999999999999e+16,-5500000000000000.0,-6.42e+16,6700000000000000.0,-6.21e+16,600000000000000.0,gcmt,subduction_interface
C201403041051A,2014-03-04T10:51:19,-72.16,-33.63,23.4,5.7,mw,15.0,22.0,104.0,180.0,68.0,84.0,66.0,80.0,5.0,182.0,23.0,274.0,4.08e+17,1.22e+16,-4.2e+17,1.86e+16,-4.4000000000000006e+17,-5.629999999999999e+16,gcmt,subduction_interface
C201403041051A,2014-03-04T10:51:19,-72.16,-33.63,23.4,5.7,mw,15.0,22.0,104.0,180.0,68.0,84.0,66.0,80.0,5.0,182.0,23.0,274.0,4.08e+17,1.22e+16,-4.2e+17,1.86e+16,-4.4000000000000006e+17,-5.629999999999999e+16,gcmt,subduction_interface
C201403151446A,2014-03-15T14:46:33,-71.86,-34.8,47.5,5.1,mw,22.0,24.0,115.0,175.0,69.0,79.0,65.0,67.0,10.0,179.0,23.0,273.0,5.14e+16,-1550000000000000.0,-4.980000000000001e+16,1.05e+16,-5.28e+16,-8520000000000000.0,gcmt,subduction_interface
C201403151446A,2014-03-15T14:46:33,-71.86,-34.8,47.5,5.1,mw,22.0,24.0,115.0,175.0,69.0,79.0,65.0,67.0,10.0,179.0,23.0,273.0,5.14e+16,-1550000000000000.0,-4.980000000000001e+16,1.05e+16,-5.28e+16,-8520000000000000.0,gcmt,subduction_interface
C201403170134A,2014-03-17T01:35:01,-71.01,-19.84,22.3,5.2,mw,352.0,46.0,56.0,216.0,53.0,120.0,66.0,187.0,24.0,17.0,4.0,285.0,6.09e+16,-3850000000000000.0,-5.7e+16,-3.57e+16,1200000000000000.0,-1.27e+16,gcmt,subduction_interface
C201403170511A,2014-03-17T05:11:45,-71.05,-20.01,17.8,6.4,mw,352.0,17.0,94.0,168.0,73.0,89.0,62.0,76.0,1.0,168.0,28.0,259.0,2.51e+18,1.03e+17,-2.61e+18,8.39e+17,-3.78e+18,5.16e+17,gcmt,subduction_interface
C201403170832A,2014-03-17T08:32:43,-70.91,-20.02,23.3,5.2,mw,352.0,38.0,-144.0,232.0,69.0,-58.0,18.0,299.0,30.0,40.0,54.0,182.0,-3.14e+16,-6690000000000000.0,3.81e+16,3.52e+16,1.23e+16,2.04e+16,gcmt,subduction_interface
C201403182126A,2014-03-18T21:26:53,-71.02,-20.01,13.6,5.8,mw,13.0,17.0,101.0,182.0,73.0,87.0,61.0,87.0,3.0,183.0,28.0,275.0,3.78e+17,4600000000000000.0,-3.83e+17,-1.03e+16,-5.87e+17,-5.19e+16,gcmt,subduction_interface
C201403221259A,2014-03-22T13:00:08,-71.14,-19.73,18.9,6.2,mw,346.0,20.0,90.0,167.0,70.0,90.0,65.0,77.0,0.0,347.0,25.0,257.0,1.79e+18,4.7e+16,-1.84e+18,4.85e+17,-2.1e+18,4.72e+17,gcmt,subduction_interface
C201403231819A,2014-03-23T18:20:08,-71.05,-19.7,21.7,6.3,mw,350.0,21.0,100.0,160.0,69.0,86.0,66.0,64.0,3.0,161.0,24.0,253.0,1.85e+18,-4000000000000000.0,-1.85e+18,7.89e+17,-2e+18,5.4300000000000006e+17,gcmt,subduction_interface
C201403241126A,2014-03-24T11:26:46,-71.05,-19.8,21.9,5.7,mw,352.0,22.0,94.0,168.0,68.0,89.0,67.0,75.0,1.0,168.0,23.0,259.0,3.4e+17,2.35e+16,-3.64e+17,8.54e+16,-3.73e+17,7.49e+16,gcmt,subduction_interface
C201403250015A,2014-03-25T00:15:17,-71.01,-19.83,23.5,5.2,mw,338.0,24.0,90.0,158.0,66.0,90.0,69.0,68.0,0.0,158.0,21.0,248.0,7.8e+16,-3599999999999999.5,-7.43e+16,2.7400000000000004e+16,-6.760000000000001e+16,3.4200000000000004e+16,gcmt,subduction_interface
C201404012346A,2014-04-01T23:47:31,-70.81,-19.7,21.6,8.2,mw,355.0,15.0,106.0,159.0,76.0,86.0,59.0,63.0,4.0,160.0,30.0,252.0,9.2e+20,-3.9e+19,-8.81e+20,6.37e+20,-1.53e+21,2.05e+20,gcmt,subduction_interface
C201404030243A,2014-04-03T02:43:35,-70.6,-20.43,28.7,7.7,mw,358.0,14.0,103.0,165.0,76.0,87.0,58.0,70.0,3.0,165.0,31.0,257.0,2.2000000000000003e+20,4.6e+18,-2.2400000000000003e+20,1.22e+20,-4.2e+20,3.8e+19,gcmt,subduction_interface
C201404040137A,2014-04-04T01:37:57,-70.91,-20.61,19.5,6.3,mw,1.0,25.0,109.0,160.0,67.0,81.0,67.0,54.0,8.0,163.0,21.0,257.0,1.94e+18,7.8e+16,-2.02e+18,7.78e+17,-1.69e+18,3.76e+17,gcmt,subduction_interface
C201404061406A,2014-04-06T14:06:11,-71.16,-20.4,15.0,5.2,mw,81.0,6.0,-167.0,338.0,89.0,-84.0,43.0,62.0,6.0,158.0,46.0,254.0,-8900000000000000.0,1.46e+16,-5700000000000000.0,4.35e+16,-1.1000000000000002e+17,-7900000000000000.0,gcmt,subduction_interface
C201404071343A,2014-04-07T13:43:26,-70.88,-20.13,16.8,5.7,mw,46.0,26.0,35.0,284.0,76.0,112.0,54.0,220.0,21.0,98.0,28.0,357.0,2.19e+17,-3.52e+17,1.33e+17,-4.28e+17,1.17e+17,-1.04e+17,gcmt,subduction_interface
C201404081014A,2014-04-08T10:14:38,-71.15,-20.62,12.4,5.6,mw,1.0,18.0,70.0,202.0,73.0,97.0,62.0,122.0,6.0,20.0,27.0,287.0,1.54e+17,6600000000000000.0,-1.6e+17,-9.46e+16,-2.09e+17,-3.85e+16,gcmt,subduction_interface
C201404091114A,2014-04-09T11:14:48,-71.11,-20.65,14.7,5.2,mw,350.0,22.0,91.0,169.0,68.0,90.0,67.0,78.0,0.0,169.0,23.0,259.0,6.19e+16,2000000000000000.0,-6.39e+16,1.25e+16,-6.44e+16,1.24e+16,gcmt,subduction_interface
C201404110001A,2014-04-11T00:01:51,-70.88,-20.64,14.5,6.2,mw,328.0,28.0,43.0,198.0,72.0,111.0,58.0,137.0,20.0,12.0,24.0,272.0,9.05e+17,3.74e+17,-1.28e+18,-5.12e+17,-1.16e+18,1.3500000000000002e+17,gcmt,subduction_interface
C201404140556A,2014-04-14T05:56:23,-70.98,-20.73,18.9,5.1,mw,356.0,21.0,95.0,170.0,69.0,88.0,66.0,76.0,2.0,171.0,24.0,261.0,6.969999999999999e+16,4500000000000000.0,-7.42e+16,1.51e+16,-7.73e+16,1.06e+16,gcmt,subduction_interface
C201404151609A,2014-04-15T16:09:40,-70.99,-20.12,19.5,5.3,mw,343.0,26.0,81.0,173.0,64.0,95.0,71.0,93.0,4.0,351.0,19.0,260.0,8.13e+16,2200000000000000.0,-8.35e+16,4500000000000000.0,-6.6e+16,1.85e+16,gcmt,subduction_interface
C201404211339A,2014-04-21T13:39:12,-71.19,-19.69,20.9,5.3,mw,349.0,24.0,93.0,166.0,66.0,89.0,69.0,74.0,1.0,167.0,21.0,257.0,7.6e+16,-700000000000000.0,-7.54e+16,1.78e+16,-6.909999999999999e+16,1.7399999999999998e+16,gcmt,subduction_interface
C201405140551A,2014-05-14T05:51:53,-71.26,-19.64,17.8,5.2,mw,332.0,23.0,78.0,164.0,67.0,95.0,68.0,84.0,5.0,343.0,22.0,251.0,7.4e+16,-7700000000000000.0,-6.63e+16,1.64e+16,-7.11e+16,2.7600000000000004e+16,gcmt,subduction_interface
C201405170911A,2014-05-17T09:11:12,-71.15,-19.98,18.5,5.6,mw,344.0,25.0,86.0,169.0,65.0,92.0,70.0,83.0,2.0,348.0,20.0,257.0,1.89e+17,5500000000000000.0,-1.95e+17,2.97e+16,-1.65e+17,5.04e+16,gcmt,subduction_interface
C201405270904A,2014-05-27T09:04:10,-74.0,-36.02,15.0,5.1,mw,19.0,13.0,98.0,191.0,77.0,88.0,58.0,98.0,2.0,191.0,32.0,282.0,4.59e+16,-1700000000000000.0,-4.42e+16,-1.62e+16,-9.1e+16,-1.2e+16,gcmt,subduction_interface
C201405270904A,2014-05-27T09:04:10,-74.0,-36.02,15.0,5.1,mw,19.0,13.0,98.0,191.0,77.0,88.0,58.0,98.0,2.0,191.0,32.0,282.0,4.59e+16,-1700000000000000.0,-4.42e+16,-1.62e+16,-9.1e+16,-1.2e+16,gcmt,subduction_interface
C201406201953A,2014-06-20T19:53:37,-71.19,-19.75,20.7,5.6,mw,349.0,24.0,94.0,164.0,66.0,88.0,69.0,70.0,2.0,165.0,21.0,256.0,1.84e+17,700000000000000.0,-1.84e+17,5.05e+16,-1.67e+17,4.74e+16,gcmt,subduction_interface
C201406202022A,2014-06-20T20:22:36,-71.21,-19.72,18.4,5.8,mw,344.0,21.0,84.0,171.0,70.0,92.0,65.0,85.0,2.0,350.0,24.0,259.0,4.64e+17,1.06e+16,-4.75e+17,7.63e+16,-5.4800000000000006e+17,1.08e+17,gcmt,subduction_interface
C201409280846A,2014-09-28T08:46:36,-73.38,-35.63,20.3,5.2,mw,21.0,19.0,106.0,185.0,72.0,85.0,63.0,86.0,5.0,186.0,26.0,279.0,6.12e+16,100000000000000.0,-6.14e+16,-4100000000000000.0,-8.33e+16,-1.47e+16,gcmt,subduction_interface
C201409280846A,2014-09-28T08:46:36,-73.38,-35.63,20.3,5.2,mw,21.0,19.0,106.0,185.0,72.0,85.0,63.0,86.0,5.0,186.0,26.0,279.0,6.12e+16,100000000000000.0,-6.14e+16,-4100000000000000.0,-8.33e+16,-1.47e+16,gcmt,subduction_interface
C201410232338A,2014-10-23T23:38:57,-72.39,-34.02,17.2,5.0,mw,3.0,13.0,97.0,176.0,77.0,88.0,58.0,84.0,2.0,176.0,32.0,267.0,4.35e+16,-2300000000000000.0,-4.12e+16,6400000000000000.0,-8.41e+16,200000000000000.0,gcmt,subduction_interface
C201410232338A,2014-10-23T23:38:57,-72.39,-34.02,17.2,5.0,mw,3.0,13.0,97.0,176.0,77.0,88.0,58.0,84.0,2.0,176.0,32.0,267.0,4.35e+16,-2300000000000000.0,-4.12e+16,6400000000000000.0,-8.41e+16,200000000000000.0,gcmt,subduction_interface
C201411291418A,2014-11-29T14:18:15,-71.26,-19.89,13.4,5.3,mw,339.0,22.0,78.0,172.0,69.0,95.0,66.0,90.0,4.0,350.0,24.0,258.0,9.56e+16,3800000000000000.0,-9.94e+16,1.2e+16,-1.09e+17,2.7500000000000004e+16,gcmt,subduction_interface
C201412121235A,2014-12-12T12:35:35,-71.16,-19.83,20.8,5.1,mw,340.0,24.0,83.0,168.0,66.0,93.0,69.0,83.0,3.0,346.0,21.0,255.0,5.41e+16,60000000000000.0,-5.42e+16,9800000000000000.0,-5.03e+16,1.67e+16,gcmt,subduction_interface
C201503181827A,2015-03-18T18:27:35,-73.9,-36.16,12.0,6.2,mw,9.0,17.0,87.0,192.0,73.0,91.0,62.0,103.0,1.0,12.0,28.0,281.0,1.02e+18,6.2e+16,-1.08e+18,-3.43e+17,-1.57e+18,-2.27e+17,gcmt,subduction_interface
C201503181827A,2015-03-18T18:27:35,-73.9,-36.16,12.0,6.2,mw,9.0,17.0,87.0,192.0,73.0,91.0,62.0,103.0,1.0,12.0,28.0,281.0,1.02e+18,6.2e+16,-1.08e+18,-3.43e+17,-1.57e+18,-2.27e+17,gcmt,subduction_interface
C201503181907A,2015-03-18T19:07:54,-74.06,-36.09,14.7,5.4,mw,2.0,22.0,82.0,190.0,68.0,93.0,67.0,106.0,3.0,9.0,23.0,278.0,1.07e+17,5200000000000000.0,-1.1200000000000002e+17,-2.34e+16,-1.1200000000000002e+17,-1.32e+16,gcmt,subduction_interface
C201503181907A,2015-03-18T19:07:54,-74.06,-36.09,14.7,5.4,mw,2.0,22.0,82.0,190.0,68.0,93.0,67.0,106.0,3.0,9.0,23.0,278.0,1.07e+17,5200000000000000.0,-1.1200000000000002e+17,-2.34e+16,-1.1200000000000002e+17,-1.32e+16,gcmt,subduction_interface
C201503190834A,2015-03-19T08:34:22,-74.01,-36.17,14.2,5.2,mw,359.0,25.0,83.0,187.0,65.0,93.0,70.0,104.0,3.0,6.0,20.0,275.0,3.18e+16,1630000000000000.0,-3.35e+16,-4130000000000000.0,-2.65e+16,-2090000000000000.0,gcmt,subduction_interface
C201503190834A,2015-03-19T08:34:22,-74.01,-36.17,14.2,5.2,mw,359.0,25.0,83.0,187.0,65.0,93.0,70.0,104.0,3.0,6.0,20.0,275.0,3.18e+16,1630000000000000.0,-3.35e+16,-4130000000000000.0,-2.65e+16,-2090000000000000.0,gcmt,subduction_interface
C201503242246A,2015-03-24T22:46:57,-70.94,-20.58,21.2,5.2,mw,346.0,29.0,84.0,173.0,61.0,93.0,74.0,92.0,3.0,352.0,16.0,261.0,5.269999999999999e+16,1950000000000000.0,-5.47e+16,2500000000000000.0,-3.46e+16,1.04e+16,gcmt,subduction_interface
C201506200210A,2015-06-20T02:10:13,-74.1,-36.35,12.0,6.4,mw,9.0,18.0,84.0,196.0,72.0,92.0,63.0,109.0,2.0,15.0,27.0,284.0,2.94e+18,5.8e+16,-3e+18,-1.19e+18,-4.1e+18,-7.13e+17,gcmt,subduction_interface
C201506200210A,2015-06-20T02:10:13,-74.1,-36.35,12.0,6.4,mw,9.0,18.0,84.0,196.0,72.0,92.0,63.0,109.0,2.0,15.0,27.0,284.0,2.94e+18,5.8e+16,-3e+18,-1.19e+18,-4.1e+18,-7.13e+17,gcmt,subduction_interface
C201506200522A,2015-06-20T05:22:22,-74.1,-36.47,12.0,5.5,mw,11.0,18.0,93.0,188.0,72.0,89.0,63.0,96.0,1.0,188.0,27.0,279.0,9.46e+16,2200000000000000.0,-9.68e+16,-1.6800000000000002e+16,-1.29e+17,-1.67e+16,gcmt,subduction_interface
C201506200522A,2015-06-20T05:22:22,-74.1,-36.47,12.0,5.5,mw,11.0,18.0,93.0,188.0,72.0,89.0,63.0,96.0,1.0,188.0,27.0,279.0,9.46e+16,2200000000000000.0,-9.68e+16,-1.6800000000000002e+16,-1.29e+17,-1.67e+16,gcmt,subduction_interface
C201509162254A,2015-09-16T22:55:22,-72.09,-31.13,17.4,8.3,mw,7.0,19.0,109.0,166.0,72.0,83.0,63.0,66.0,6.0,168.0,27.0,261.0,1.95e+21,-4.4e+19,-1.91e+21,7.42e+20,-2.48e+21,9.4e+19,gcmt,subduction_interface
C201509162254A,2015-09-16T22:55:22,-72.09,-31.13,17.4,8.3,mw,7.0,19.0,109.0,166.0,72.0,83.0,63.0,66.0,6.0,168.0,27.0,261.0,1.95e+21,-4.4e+19,-1.91e+21,7.42e+20,-2.48e+21,9.4e+19,gcmt,subduction_interface
C201509171332A,2015-09-17T13:32:34,-72.28,-32.23,17.5,5.9,mw,357.0,22.0,87.0,181.0,68.0,91.0,67.0,93.0,1.0,0.0,23.0,270.0,6.98e+17,-3.1e+16,-6.67e+17,-2.1e+16,-7.01e+17,1.1e+16,gcmt,subduction_interface
C201509171332A,2015-09-17T13:32:34,-72.28,-32.23,17.5,5.9,mw,357.0,22.0,87.0,181.0,68.0,91.0,67.0,93.0,1.0,0.0,23.0,270.0,6.98e+17,-3.1e+16,-6.67e+17,-2.1e+16,-7.01e+17,1.1e+16,gcmt,subduction_interface
C201509180910A,2015-09-18T09:10:52,-72.3,-32.31,13.4,6.2,mw,347.0,24.0,81.0,177.0,67.0,94.0,68.0,95.0,4.0,356.0,22.0,264.0,1.26e+18,4.3e+16,-1.3e+18,1.5e+16,-1.21e+18,1.81e+17,gcmt,subduction_interface
C201509180910A,2015-09-18T09:10:52,-72.3,-32.31,13.4,6.2,mw,347.0,24.0,81.0,177.0,67.0,94.0,68.0,95.0,4.0,356.0,22.0,264.0,1.26e+18,4.3e+16,-1.3e+18,1.5e+16,-1.21e+18,1.81e+17,gcmt,subduction_interface
C201509190506A,2015-09-19T05:06:51,-72.3,-29.73,12.0,6.1,mw,349.0,30.0,81.0,180.0,60.0,95.0,74.0,104.0,5.0,357.0,15.0,266.0,9.23e+17,-4.9e+16,-8.75e+17,-5.2e+16,-5.3900000000000006e+17,8.8e+16,gcmt,subduction_interface
C201509190506A,2015-09-19T05:06:51,-72.3,-29.73,12.0,6.1,mw,349.0,30.0,81.0,180.0,60.0,95.0,74.0,104.0,5.0,357.0,15.0,266.0,9.23e+17,-4.9e+16,-8.75e+17,-5.2e+16,-5.3900000000000006e+17,8.8e+16,gcmt,subduction_interface
C201509190831A,2015-09-19T08:31:30,-72.3,-30.26,13.5,5.4,mw,0.0,24.0,91.0,180.0,66.0,90.0,69.0,89.0,0.0,180.0,21.0,270.0,1.1100000000000002e+17,2400000000000000.0,-1.1399999999999998e+17,700000000000000.0,-9.91e+16,-100000000000000.0,gcmt,subduction_interface
C201509190831A,2015-09-19T08:31:30,-72.3,-30.26,13.5,5.4,mw,0.0,24.0,91.0,180.0,66.0,90.0,69.0,89.0,0.0,180.0,21.0,270.0,1.1100000000000002e+17,2400000000000000.0,-1.1399999999999998e+17,700000000000000.0,-9.91e+16,-100000000000000.0,gcmt,subduction_interface
C201509191252A,2015-09-19T12:52:26,-72.05,-32.34,19.7,6.2,mw,6.0,23.0,98.0,178.0,67.0,87.0,68.0,82.0,3.0,179.0,22.0,270.0,1.87e+18,6.4e+16,-1.94e+18,1.28e+17,-1.86e+18,-6.6e+16,gcmt,subduction_interface
C201509191252A,2015-09-19T12:52:26,-72.05,-32.34,19.7,6.2,mw,6.0,23.0,98.0,178.0,67.0,87.0,68.0,82.0,3.0,179.0,22.0,270.0,1.87e+18,6.4e+16,-1.94e+18,1.28e+17,-1.86e+18,-6.6e+16,gcmt,subduction_interface
C201510030603A,2015-10-03T06:03:48,-73.71,-37.57,21.5,5.8,mw,4.0,19.0,93.0,181.0,72.0,89.0,63.0,89.0,1.0,181.0,26.0,271.0,2.91e+17,3900000000000000.0,-2.95e+17,-700000000000000.0,-3.89e+17,-1.21e+16,gcmt,subduction_interface
C201510030603A,2015-10-03T06:03:48,-73.71,-37.57,21.5,5.8,mw,4.0,19.0,93.0,181.0,72.0,89.0,63.0,89.0,1.0,181.0,26.0,271.0,2.91e+17,3900000000000000.0,-2.95e+17,-700000000000000.0,-3.89e+17,-1.21e+16,gcmt,subduction_interface
C201510040349A,2015-10-04T03:49:53,-72.26,-30.41,12.2,5.5,mw,358.0,26.0,94.0,173.0,64.0,88.0,71.0,79.0,2.0,174.0,19.0,265.0,1.1399999999999998e+17,5000000000000000.0,-1.19e+17,1.28e+16,-9.18e+16,1e+16,gcmt,subduction_interface
C201510040349A,2015-10-04T03:49:53,-72.26,-30.41,12.2,5.5,mw,358.0,26.0,94.0,173.0,64.0,88.0,71.0,79.0,2.0,174.0,19.0,265.0,1.1399999999999998e+17,5000000000000000.0,-1.19e+17,1.28e+16,-9.18e+16,1e+16,gcmt,subduction_interface
C201511060844A,2015-11-06T08:44:14,-72.28,-30.26,12.5,5.4,mw,6.0,25.0,97.0,178.0,65.0,87.0,70.0,81.0,3.0,179.0,20.0,270.0,8.94e+16,1300000000000000.0,-9.06e+16,6200000000000000.0,-7.62e+16,-2500000000000000.0,gcmt,subduction_interface
C201511060844A,2015-11-06T08:44:14,-72.28,-30.26,12.5,5.4,mw,6.0,25.0,97.0,178.0,65.0,87.0,70.0,81.0,3.0,179.0,20.0,270.0,8.94e+16,1300000000000000.0,-9.06e+16,6200000000000000.0,-7.62e+16,-2500000000000000.0,gcmt,subduction_interface
C201511110154A,2015-11-11T01:54:47,-72.18,-29.47,12.4,6.9,mw,2.0,22.0,93.0,179.0,68.0,89.0,67.0,87.0,1.0,179.0,23.0,270.0,1.34e+19,7e+16,-1.35e+19,4.2e+17,-1.3700000000000002e+19,-8e+16,gcmt,subduction_interface
C201511110154A,2015-11-11T01:54:47,-72.18,-29.47,12.4,6.9,mw,2.0,22.0,93.0,179.0,68.0,89.0,67.0,87.0,1.0,179.0,23.0,270.0,1.34e+19,7e+16,-1.35e+19,4.2e+17,-1.3700000000000002e+19,-8e+16,gcmt,subduction_interface
C201511110246A,2015-11-11T02:46:33,-72.29,-29.7,12.0,6.9,mw,358.0,21.0,90.0,178.0,69.0,90.0,66.0,88.0,0.0,358.0,24.0,268.0,1.34e+19,-2.3e+17,-1.31e+19,4.6e+17,-1.43e+19,4.4e+17,gcmt,subduction_interface
C201511110246A,2015-11-11T02:46:33,-72.29,-29.7,12.0,6.9,mw,358.0,21.0,90.0,178.0,69.0,90.0,66.0,88.0,0.0,358.0,24.0,268.0,1.34e+19,-2.3e+17,-1.31e+19,4.6e+17,-1.43e+19,4.4e+17,gcmt,subduction_interface
C201511280544A,2015-11-28T05:44:45,-72.26,-30.39,12.0,5.6,mw,0.0,22.0,95.0,175.0,68.0,88.0,67.0,82.0,2.0,176.0,23.0,267.0,2.4900000000000003e+17,1.1e+16,-2.6e+17,2.5e+16,-2.58e+17,1.06e+16,gcmt,subduction_interface
C201511280544A,2015-11-28T05:44:45,-72.26,-30.39,12.0,5.6,mw,0.0,22.0,95.0,175.0,68.0,88.0,67.0,82.0,2.0,176.0,23.0,267.0,2.4900000000000003e+17,1.1e+16,-2.6e+17,2.5e+16,-2.58e+17,1.06e+16,gcmt,subduction_interface
C201512100009A,2015-12-10T00:09:37,-73.45,-35.97,18.9,5.5,mw,23.0,13.0,103.0,190.0,77.0,87.0,58.0,96.0,3.0,190.0,32.0,282.0,1.06e+17,-3500000000000000.5,-1.03e+17,-3.6e+16,-2.25e+17,-3.1e+16,gcmt,subduction_interface
C201512100009A,2015-12-10T00:09:37,-73.45,-35.97,18.9,5.5,mw,23.0,13.0,103.0,190.0,77.0,87.0,58.0,96.0,3.0,190.0,32.0,282.0,1.06e+17,-3500000000000000.5,-1.03e+17,-3.6e+16,-2.25e+17,-3.1e+16,gcmt,subduction_interface
C201602220637A,2016-02-22T06:37:08,-72.26,-30.56,12.2,6.0,mw,359.0,23.0,90.0,179.0,67.0,90.0,68.0,90.0,0.0,359.0,22.0,269.0,9.72e+17,2.4e+16,-9.95e+17,8000000000000000.0,-9.51e+17,1e+16,gcmt,subduction_interface
C201602220637A,2016-02-22T06:37:08,-72.26,-30.56,12.2,6.0,mw,359.0,23.0,90.0,179.0,67.0,90.0,68.0,90.0,0.0,359.0,22.0,269.0,9.72e+17,2.4e+16,-9.95e+17,8000000000000000.0,-9.51e+17,1e+16,gcmt,subduction_interface
C201607050229A,2016-07-05T02:29:09,-71.14,-20.11,18.5,5.1,mw,351.0,26.0,90.0,170.0,64.0,90.0,71.0,80.0,0.0,171.0,19.0,261.0,4.81e+16,1500000000000000.0,-4.96e+16,6600000000000000.0,-3.89e+16,8660000000000000.0,gcmt,subduction_interface
C201607180258A,2016-07-18T02:58:53,-71.95,-30.86,24.6,5.2,mw,3.0,13.0,115.0,157.0,78.0,84.0,56.0,60.0,6.0,158.0,33.0,252.0,2.43e+16,4100000000000000.0,-2.84e+16,2.45e+16,-5.62e+16,7260000000000000.0,gcmt,subduction_interface
C201607180258A,2016-07-18T02:58:53,-71.95,-30.86,24.6,5.2,mw,3.0,13.0,115.0,157.0,78.0,84.0,56.0,60.0,6.0,158.0,33.0,252.0,2.43e+16,4100000000000000.0,-2.84e+16,2.45e+16,-5.62e+16,7260000000000000.0,gcmt,subduction_interface
C201607190518A,2016-07-19T05:18:44,-72.29,-30.27,14.2,5.8,mw,359.0,25.0,91.0,178.0,65.0,89.0,70.0,86.0,1.0,178.0,20.0,268.0,3.4e+17,-300000000000000.0,-3.39e+17,1.3900000000000002e+16,-2.82e+17,9200000000000000.0,gcmt,subduction_interface
C201607190518A,2016-07-19T05:18:44,-72.29,-30.27,14.2,5.8,mw,359.0,25.0,91.0,178.0,65.0,89.0,70.0,86.0,1.0,178.0,20.0,268.0,3.4e+17,-300000000000000.0,-3.39e+17,1.3900000000000002e+16,-2.82e+17,9200000000000000.0,gcmt,subduction_interface
C201608081224A,2016-08-08T12:24:35,-71.74,-31.71,30.4,5.0,mw,6.0,43.0,134.0,133.0,60.0,57.0,60.0,353.0,28.0,151.0,10.0,246.0,2.36e+16,3750000000000000.0,-2.73e+16,1.56e+16,-3710000000000000.0,1.3700000000000002e+16,gcmt,subduction_interface
C201608081224A,2016-08-08T12:24:35,-71.74,-31.71,30.4,5.0,mw,6.0,43.0,134.0,133.0,60.0,57.0,60.0,353.0,28.0,151.0,10.0,246.0,2.36e+16,3750000000000000.0,-2.73e+16,1.56e+16,-3710000000000000.0,1.3700000000000002e+16,gcmt,subduction_interface
C201608161817A,2016-08-16T18:17:39,-71.21,-19.65,19.3,5.1,mw,335.0,23.0,75.0,172.0,68.0,96.0,66.0,93.0,6.0,349.0,23.0,257.0,4.86e+16,-2170000000000000.0,-4.64e+16,4640000000000000.0,-5.11e+16,1.41e+16,gcmt,subduction_interface
C201610272032A,2016-10-27T20:33:02,-72.75,-33.83,12.0,6.0,mw,11.0,17.0,90.0,190.0,73.0,90.0,62.0,100.0,0.0,190.0,28.0,280.0,6.45e+17,-2000000000000000.0,-6.43e+17,-1.66e+17,-9.3e+17,-1.22e+17,gcmt,subduction_interface
C201610272032A,2016-10-27T20:33:02,-72.75,-33.83,12.0,6.0,mw,11.0,17.0,90.0,190.0,73.0,90.0,62.0,100.0,0.0,190.0,28.0,280.0,6.45e+17,-2000000000000000.0,-6.43e+17,-1.66e+17,-9.3e+17,-1.22e+17,gcmt,subduction_interface
C201610292201A,2016-10-29T22:01:44,-72.71,-33.96,14.4,5.2,mw,14.0,19.0,100.0,183.0,71.0,86.0,64.0,88.0,3.0,185.0,26.0,276.0,3.88e+16,-2310000000000000.0,-3.64e+16,-1430000000000000.0,-4.8e+16,-5600000000000001.0,gcmt,subduction_interface
C201610292201A,2016-10-29T22:01:44,-72.71,-33.96,14.4,5.2,mw,14.0,19.0,100.0,183.0,71.0,86.0,64.0,88.0,3.0,185.0,26.0,276.0,3.88e+16,-2310000000000000.0,-3.64e+16,-1430000000000000.0,-4.8e+16,-5600000000000001.0,gcmt,subduction_interface
C201611080455A,2016-11-08T04:55:50,-73.71,-36.66,20.0,6.0,mw,8.0,17.0,95.0,182.0,73.0,88.0,62.0,90.0,1.0,183.0,28.0,274.0,6.32e+17,2.3e+16,-6.55e+17,-3.3e+16,-9.52e+17,-5.9e+16,gcmt,subduction_interface
C201611080455A,2016-11-08T04:55:50,-73.71,-36.66,20.0,6.0,mw,8.0,17.0,95.0,182.0,73.0,88.0,62.0,90.0,1.0,183.0,28.0,274.0,6.32e+17,2.3e+16,-6.55e+17,-3.3e+16,-9.52e+17,-5.9e+16,gcmt,subduction_interface
C201702160702A,2017-02-16T07:02:09,-72.35,-30.26,13.8,5.4,mw,359.0,27.0,91.0,178.0,63.0,90.0,72.0,87.0,0.0,178.0,18.0,268.0,9.01e+16,200000000000000.0,-9.03e+16,2500000000000000.0,-6.740000000000001e+16,2200000000000000.0,gcmt,subduction_interface
C201702160702A,2017-02-16T07:02:09,-72.35,-30.26,13.8,5.4,mw,359.0,27.0,91.0,178.0,63.0,90.0,72.0,87.0,0.0,178.0,18.0,268.0,9.01e+16,200000000000000.0,-9.03e+16,2500000000000000.0,-6.740000000000001e+16,2200000000000000.0,gcmt,subduction_interface
C201704230236A,2017-04-23T02:36:11,-72.04,-33.06,23.0,6.0,mw,1.0,22.0,88.0,184.0,68.0,91.0,67.0,96.0,1.0,4.0,23.0,273.0,7.85e+17,2.7e+16,-8.12e+17,-6.2e+16,-8.19e+17,-3.9e+16,gcmt,subduction_interface
C201704230236A,2017-04-23T02:36:11,-72.04,-33.06,23.0,6.0,mw,1.0,22.0,88.0,184.0,68.0,91.0,67.0,96.0,1.0,4.0,23.0,273.0,7.85e+17,2.7e+16,-8.12e+17,-6.2e+16,-8.19e+17,-3.9e+16,gcmt,subduction_interface
C201704231940A,2017-04-23T19:40:14,-72.17,-33.16,22.3,5.6,mw,355.0,24.0,87.0,178.0,66.0,91.0,69.0,90.0,1.0,357.0,21.0,267.0,2.06e+17,-4800000000000000.0,-2.01e+17,5300000000000000.0,-1.83e+17,1.3800000000000002e+16,gcmt,subduction_interface
C201704231940A,2017-04-23T19:40:14,-72.17,-33.16,22.3,5.6,mw,355.0,24.0,87.0,178.0,66.0,91.0,69.0,90.0,1.0,357.0,21.0,267.0,2.06e+17,-4800000000000000.0,-2.01e+17,5300000000000000.0,-1.83e+17,1.3800000000000002e+16,gcmt,subduction_interface
C201704270509A,2017-04-27T05:09:27,-71.89,-33.32,25.0,5.1,mw,350.0,16.0,79.0,181.0,74.0,93.0,61.0,96.0,3.0,0.0,29.0,269.0,4.34e+16,750000000000000.0,-4.42e+16,-2440000000000000.0,-7.07e+16,3560000000000000.0,gcmt,subduction_interface
C201704270509A,2017-04-27T05:09:27,-71.89,-33.32,25.0,5.1,mw,350.0,16.0,79.0,181.0,74.0,93.0,61.0,96.0,3.0,0.0,29.0,269.0,4.34e+16,750000000000000.0,-4.42e+16,-2440000000000000.0,-7.07e+16,3560000000000000.0,gcmt,subduction_interface
C201704281530A,2017-04-28T15:30:10,-72.03,-33.3,23.4,5.9,mw,0.0,20.0,99.0,171.0,70.0,87.0,65.0,75.0,3.0,172.0,25.0,263.0,5.98e+17,6000000000000000.0,-6.04e+17,1.31e+17,-7.02e+17,4.9e+16,gcmt,subduction_interface
C201704281530A,2017-04-28T15:30:10,-72.03,-33.3,23.4,5.9,mw,0.0,20.0,99.0,171.0,70.0,87.0,65.0,75.0,3.0,172.0,25.0,263.0,5.98e+17,6000000000000000.0,-6.04e+17,1.31e+17,-7.02e+17,4.9e+16,gcmt,subduction_interface
C201704281558A,2017-04-28T15:58:37,-72.06,-33.35,24.0,5.4,mw,349.0,18.0,97.0,162.0,72.0,88.0,63.0,68.0,2.0,162.0,27.0,253.0,1.34e+17,-4300000000000000.0,-1.29e+17,6.36e+16,-1.82e+17,3.57e+16,gcmt,subduction_interface
C201704281558A,2017-04-28T15:58:37,-72.06,-33.35,24.0,5.4,mw,349.0,18.0,97.0,162.0,72.0,88.0,63.0,68.0,2.0,162.0,27.0,253.0,1.34e+17,-4300000000000000.0,-1.29e+17,6.36e+16,-1.82e+17,3.57e+16,gcmt,subduction_interface
C201704281605A,2017-04-28T16:06:00,-71.83,-33.3,30.5,5.8,mw,334.0,20.0,73.0,172.0,71.0,96.0,63.0,91.0,6.0,350.0,26.0,257.0,5.78e+17,-2.5e+16,-5.5300000000000006e+17,8.2e+16,-7.66e+17,1.79e+17,gcmt,subduction_interface
C201704281605A,2017-04-28T16:06:00,-71.83,-33.3,30.5,5.8,mw,334.0,20.0,73.0,172.0,71.0,96.0,63.0,91.0,6.0,350.0,26.0,257.0,5.78e+17,-2.5e+16,-5.5300000000000006e+17,8.2e+16,-7.66e+17,1.79e+17,gcmt,subduction_interface
C201704281741A,2017-04-28T17:41:55,-72.0,-33.27,24.2,5.3,mw,5.0,18.0,90.0,185.0,72.0,90.0,63.0,95.0,0.0,185.0,27.0,275.0,1.2e+17,500000000000000.0,-1.2e+17,-1.33e+16,-1.63e+17,-1.04e+16,gcmt,subduction_interface
C201704281741A,2017-04-28T17:41:55,-72.0,-33.27,24.2,5.3,mw,5.0,18.0,90.0,185.0,72.0,90.0,63.0,95.0,0.0,185.0,27.0,275.0,1.2e+17,500000000000000.0,-1.2e+17,-1.33e+16,-1.63e+17,-1.04e+16,gcmt,subduction_interface
C201707041605A,2017-07-04T16:06:04,-73.56,-35.59,12.0,5.9,mw,25.0,19.0,104.0,190.0,71.0,85.0,63.0,92.0,5.0,192.0,26.0,284.0,4.36e+17,1.15e+16,-4.47e+17,-9.15e+16,-5.92e+17,-1.54e+17,gcmt,subduction_interface
C201707041605A,2017-07-04T16:06:04,-73.56,-35.59,12.0,5.9,mw,25.0,19.0,104.0,190.0,71.0,85.0,63.0,92.0,5.0,192.0,26.0,284.0,4.36e+17,1.15e+16,-4.47e+17,-9.15e+16,-5.92e+17,-1.54e+17,gcmt,subduction_interface
C201707120908A,2017-07-12T09:08:23,-73.34,-35.5,12.3,5.6,mw,28.0,16.0,112.0,185.0,75.0,84.0,59.0,87.0,6.0,187.0,30.0,280.0,9.35e+16,4400000000000000.0,-9.79e+16,-1.14e+16,-1.73e+17,-3.02e+16,gcmt,subduction_interface
C201707120908A,2017-07-12T09:08:23,-73.34,-35.5,12.3,5.6,mw,28.0,16.0,112.0,185.0,75.0,84.0,59.0,87.0,6.0,187.0,30.0,280.0,9.35e+16,4400000000000000.0,-9.79e+16,-1.14e+16,-1.73e+17,-3.02e+16,gcmt,subduction_interface
C201707141200A,2017-07-14T12:00:34,-72.7,-33.8,14.2,5.4,mw,16.0,19.0,97.0,189.0,71.0,88.0,64.0,96.0,2.0,190.0,26.0,281.0,9.38e+16,-7400000000000000.0,-8.63e+16,-1.66e+16,-1.1499999999999998e+17,-1.91e+16,gcmt,subduction_interface
C201707141200A,2017-07-14T12:00:34,-72.7,-33.8,14.2,5.4,mw,16.0,19.0,97.0,189.0,71.0,88.0,64.0,96.0,2.0,190.0,26.0,281.0,9.38e+16,-7400000000000000.0,-8.63e+16,-1.66e+16,-1.1499999999999998e+17,-1.91e+16,gcmt,subduction_interface
C201708022003A,2017-08-02T20:03:33,-71.28,-28.61,24.5,5.3,mw,57.0,4.0,-57.0,203.0,86.0,-92.0,41.0,296.0,2.0,204.0,49.0,111.0,-2.84e+16,7700000000000000.0,2.07e+16,9.66e+16,2.23e+17,2.21e+16,gcmt,subduction_interface
C201708022003A,2017-08-02T20:03:33,-71.28,-28.61,24.5,5.3,mw,57.0,4.0,-57.0,203.0,86.0,-92.0,41.0,296.0,2.0,204.0,49.0,111.0,-2.84e+16,7700000000000000.0,2.07e+16,9.66e+16,2.23e+17,2.21e+16,gcmt,subduction_interface
C201708121254A,2017-08-12T12:54:18,-72.26,-30.39,13.1,5.8,mw,5.0,24.0,84.0,191.0,66.0,93.0,69.0,106.0,2.0,10.0,21.0,279.0,3.25e+17,-8900000000000000.0,-3.16e+17,-6.31e+16,-2.81e+17,-4.39e+16,gcmt,subduction_interface
C201708121254A,2017-08-12T12:54:18,-72.26,-30.39,13.1,5.8,mw,5.0,24.0,84.0,191.0,66.0,93.0,69.0,106.0,2.0,10.0,21.0,279.0,3.25e+17,-8900000000000000.0,-3.16e+17,-6.31e+16,-2.81e+17,-4.39e+16,gcmt,subduction_interface
C201709181346A,2017-09-18T13:47:02,-72.15,-31.91,21.5,5.9,mw,351.0,23.0,84.0,177.0,67.0,93.0,68.0,92.0,2.0,356.0,22.0,265.0,3.84e+17,1400000000000000.0,-3.85e+17,8699999999999998.0,-3.69e+17,4.18e+16,gcmt,subduction_interface
C201709181346A,2017-09-18T13:47:02,-72.15,-31.91,21.5,5.9,mw,351.0,23.0,84.0,177.0,67.0,93.0,68.0,92.0,2.0,356.0,22.0,265.0,3.84e+17,1400000000000000.0,-3.85e+17,8699999999999998.0,-3.69e+17,4.18e+16,gcmt,subduction_interface
C201712111900A,2017-12-11T19:01:01,-71.3,-19.62,14.3,5.5,mw,342.0,28.0,91.0,161.0,62.0,89.0,73.0,69.0,1.0,161.0,17.0,251.0,1.33e+17,-6900000000000001.0,-1.26e+17,3.17e+16,-8.88e+16,4.48e+16,gcmt,subduction_interface
C201802082119A,2018-02-08T21:19:28,-74.19,-37.58,12.2,5.6,mw,27.0,17.0,111.0,185.0,74.0,84.0,60.0,86.0,6.0,187.0,29.0,280.0,1.28e+17,8900000000000000.0,-1.3700000000000002e+17,-1.4399999999999998e+16,-2.18e+17,-4.13e+16,gcmt,subduction_interface
C201802082119A,2018-02-08T21:19:28,-74.19,-37.58,12.2,5.6,mw,27.0,17.0,111.0,185.0,74.0,84.0,60.0,86.0,6.0,187.0,29.0,280.0,1.28e+17,8900000000000000.0,-1.3700000000000002e+17,-1.4399999999999998e+16,-2.18e+17,-4.13e+16,gcmt,subduction_interface
C201812051712A,2018-12-05T17:12:17,-71.57,-33.66,35.4,5.5,mw,333.0,48.0,120.0,112.0,50.0,61.0,68.0,315.0,22.0,132.0,1.0,222.0,6.37e+16,-3.31e+16,-3.05e+16,2.6e+16,2.51e+16,2.16e+16,gcmt,subduction_interface
C201812051712A,2018-12-05T17:12:17,-71.57,-33.66,35.4,5.5,mw,333.0,48.0,120.0,112.0,50.0,61.0,68.0,315.0,22.0,132.0,1.0,222.0,6.37e+16,-3.31e+16,-3.05e+16,2.6e+16,2.51e+16,2.16e+16,gcmt,subduction_interface
C201901280900A,2019-01-28T09:00:53,-73.0,-35.61,28.5,5.2,mw,15.0,17.0,101.0,184.0,73.0,87.0,62.0,89.0,3.0,185.0,28.0,276.0,4.64e+16,6100000000000000.0,-5.25e+16,-3800000000000000.0,-7.55e+16,-8799999999999998.0,gcmt,subduction_interface
C201901280900A,2019-01-28T09:00:53,-73.0,-35.61,28.5,5.2,mw,15.0,17.0,101.0,184.0,73.0,87.0,62.0,89.0,3.0,185.0,28.0,276.0,4.64e+16,6100000000000000.0,-5.25e+16,-3800000000000000.0,-7.55e+16,-8799999999999998.0,gcmt,subduction_interface
C201902061756A,2019-02-06T17:56:55,-71.15,-19.85,17.1,5.2,mw,347.0,19.0,87.0,170.0,71.0,91.0,64.0,81.0,1.0,349.0,26.0,259.0,5.540000000000001e+16,-2700000000000000.0,-5.27e+16,1.19e+16,-6.810000000000001e+16,1.08e+16,gcmt,subduction_interface
C201904071052A,2019-04-07T10:52:48,-72.63,-33.84,12.0,5.6,mw,14.0,17.0,96.0,188.0,73.0,88.0,62.0,95.0,2.0,189.0,28.0,280.0,2.44e+17,-3800000000000000.0,-2.4e+17,-4.76e+16,-3.61e+17,-4.85e+16,gcmt,subduction_interface
C201904071052A,2019-04-07T10:52:48,-72.63,-33.84,12.0,5.6,mw,14.0,17.0,96.0,188.0,73.0,88.0,62.0,95.0,2.0,189.0,28.0,280.0,2.44e+17,-3800000000000000.0,-2.4e+17,-4.76e+16,-3.61e+17,-4.85e+16,gcmt,subduction_interface
C201906140019A,2019-06-14T00:19:18,-72.16,-30.12,12.0,6.4,mw,1.0,21.0,88.0,183.0,69.0,91.0,66.0,94.0,1.0,3.0,24.0,273.0,2.43e+18,6.1e+16,-2.5e+18,-1.71e+17,-2.71e+18,-1.08e+17,gcmt,subduction_interface
C201906140019A,2019-06-14T00:19:18,-72.16,-30.12,12.0,6.4,mw,1.0,21.0,88.0,183.0,69.0,91.0,66.0,94.0,1.0,3.0,24.0,273.0,2.43e+18,6.1e+16,-2.5e+18,-1.71e+17,-2.71e+18,-1.08e+17,gcmt,subduction_interface
C201908011828A,2019-08-01T18:28:16,-72.24,-34.32,25.0,6.8,mw,19.0,14.0,106.0,183.0,77.0,86.0,58.0,87.0,4.0,184.0,32.0,276.0,8.24e+18,1.1e+17,-8.35e+18,-5.2e+17,-1.66e+19,-1.64e+18,gcmt,subduction_interface
C201908011828A,2019-08-01T18:28:16,-72.24,-34.32,25.0,6.8,mw,19.0,14.0,106.0,183.0,77.0,86.0,58.0,87.0,4.0,184.0,32.0,276.0,8.24e+18,1.1e+17,-8.35e+18,-5.2e+17,-1.66e+19,-1.64e+18,gcmt,subduction_interface
C201908020055A,2019-08-02T00:55:22,-72.3,-34.18,23.9,5.4,mw,350.0,24.0,69.0,193.0,68.0,99.0,66.0,119.0,8.0,9.0,22.0,276.0,1.1100000000000002e+17,1700000000000000.0,-1.1299999999999998e+17,-3.48e+16,-1.06e+17,-2400000000000000.0,gcmt,subduction_interface
C201908020055A,2019-08-02T00:55:22,-72.3,-34.18,23.9,5.4,mw,350.0,24.0,69.0,193.0,68.0,99.0,66.0,119.0,8.0,9.0,22.0,276.0,1.1100000000000002e+17,1700000000000000.0,-1.1299999999999998e+17,-3.48e+16,-1.06e+17,-2400000000000000.0,gcmt,subduction_interface
C201909050541A,2019-09-05T05:41:37,-73.91,-36.18,13.4,5.1,mw,3.0,21.0,78.0,196.0,70.0,94.0,65.0,113.0,4.0,14.0,25.0,282.0,3.79e+16,2990000000000000.0,-4.09e+16,-1.36e+16,-4.44e+16,-7910000000000000.0,gcmt,subduction_interface
C201909050541A,2019-09-05T05:41:37,-73.91,-36.18,13.4,5.1,mw,3.0,21.0,78.0,196.0,70.0,94.0,65.0,113.0,4.0,14.0,25.0,282.0,3.79e+16,2990000000000000.0,-4.09e+16,-1.36e+16,-4.44e+16,-7910000000000000.0,gcmt,subduction_interface
C201909230824A,2019-09-23T08:24:46,-73.96,-36.18,12.7,5.3,mw,4.0,16.0,81.0,194.0,74.0,93.0,61.0,108.0,3.0,13.0,29.0,282.0,4.89e+16,2500000000000000.0,-5.14e+16,-2.09e+16,-7.99e+16,-9300000000000000.0,gcmt,subduction_interface
C201909230824A,2019-09-23T08:24:46,-73.96,-36.18,12.7,5.3,mw,4.0,16.0,81.0,194.0,74.0,93.0,61.0,108.0,3.0,13.0,29.0,282.0,4.89e+16,2500000000000000.0,-5.14e+16,-2.09e+16,-7.99e+16,-9300000000000000.0,gcmt,subduction_interface
C201909291557A,2019-09-29T15:58:00,-73.1,-35.56,16.7,6.7,mw,16.0,12.0,106.0,180.0,78.0,87.0,57.0,85.0,3.0,180.0,33.0,272.0,6.12e+18,1.7e+17,-6.29e+18,3e+17,-1.39e+19,-8.4e+17,gcmt,subduction_interface
C201909291557A,2019-09-29T15:58:00,-73.1,-35.56,16.7,6.7,mw,16.0,12.0,106.0,180.0,78.0,87.0,57.0,85.0,3.0,180.0,33.0,272.0,6.12e+18,1.7e+17,-6.29e+18,3e+17,-1.39e+19,-8.4e+17,gcmt,subduction_interface
C201911030806A,2019-11-03T08:06:15,-72.13,-30.75,19.7,5.2,mw,1.0,22.0,92.0,179.0,68.0,89.0,67.0,87.0,1.0,179.0,23.0,270.0,5.12e+16,-30000000000000.0,-5.12e+16,1390000000000000.0,-5.16e+16,50000000000000.0,gcmt,subduction_interface
C201911030806A,2019-11-03T08:06:15,-72.13,-30.75,19.7,5.2,mw,1.0,22.0,92.0,179.0,68.0,89.0,67.0,87.0,1.0,179.0,23.0,270.0,5.12e+16,-30000000000000.0,-5.12e+16,1390000000000000.0,-5.16e+16,50000000000000.0,gcmt,subduction_interface
C201911151716A,2019-11-15T17:16:48,-72.33,-34.01,22.0,5.2,mw,10.0,23.0,107.0,171.0,68.0,83.0,66.0,69.0,7.0,174.0,23.0,267.0,6.26e+16,1900000000000000.0,-6.45e+16,1.4099999999999998e+16,-6.54e+16,-800000000000000.0,gcmt,subduction_interface
C201911151716A,2019-11-15T17:16:48,-72.33,-34.01,22.0,5.2,mw,10.0,23.0,107.0,171.0,68.0,83.0,66.0,69.0,7.0,174.0,23.0,267.0,6.26e+16,1900000000000000.0,-6.45e+16,1.4099999999999998e+16,-6.54e+16,-800000000000000.0,gcmt,subduction_interface
C201912030729A,2019-12-03T07:29:35,-70.9,-20.84,14.1,5.3,mw,349.0,18.0,87.0,172.0,72.0,91.0,63.0,83.0,1.0,351.0,27.0,261.0,7.92e+16,1500000000000000.0,-8.07e+16,1.58e+16,-1.1299999999999998e+17,1.45e+16,gcmt,subduction_interface
C202001281816A,2020-01-28T18:16:52,-72.26,-30.35,12.0,5.5,mw,342.0,23.0,69.0,185.0,69.0,99.0,65.0,109.0,8.0,2.0,24.0,269.0,1.19e+17,-800000000000000.0,-1.18e+17,-2.18e+16,-1.29e+17,1.4000000000000002e+16,gcmt,subduction_interface
C202001281816A,2020-01-28T18:16:52,-72.26,-30.35,12.0,5.5,mw,342.0,23.0,69.0,185.0,69.0,99.0,65.0,109.0,8.0,2.0,24.0,269.0,1.19e+17,-800000000000000.0,-1.18e+17,-2.18e+16,-1.29e+17,1.4000000000000002e+16,gcmt,subduction_interface
C202002130550A,2020-02-13T05:50:43,-70.83,-20.92,15.4,5.0,mw,45.0,7.0,158.0,156.0,87.0,84.0,47.0,60.0,6.0,157.0,42.0,252.0,5980000000000000.0,4580000000000000.0,-1.06e+16,2.77e+16,-6.22e+16,-2900000000000000.0,gcmt,subduction_interface
C202002180532A,2020-02-18T05:32:50,-73.27,-35.63,15.0,5.0,mw,13.0,13.0,99.0,184.0,78.0,88.0,57.0,92.0,2.0,185.0,33.0,276.0,2.33e+16,2280000000000000.0,-2.55e+16,-3560000000000000.0,-5.29e+16,-3970000000000000.0,gcmt,subduction_interface
C202002180532A,2020-02-18T05:32:50,-73.27,-35.63,15.0,5.0,mw,13.0,13.0,99.0,184.0,78.0,88.0,57.0,92.0,2.0,185.0,33.0,276.0,2.33e+16,2280000000000000.0,-2.55e+16,-3560000000000000.0,-5.29e+16,-3970000000000000.0,gcmt,subduction_interface
C202004161513A,2020-04-16T15:13:10,-73.65,-38.06,22.0,5.1,mw,219.0,46.0,-72.0,15.0,47.0,-107.0,1.0,117.0,13.0,27.0,77.0,210.0,-5.08e+16,9780000000000000.0,4.11e+16,9740000000000000.0,-6460000000000000.0,2.17e+16,gcmt,subduction_interface
C202004161513A,2020-04-16T15:13:10,-73.65,-38.06,22.0,5.1,mw,219.0,46.0,-72.0,15.0,47.0,-107.0,1.0,117.0,13.0,27.0,77.0,210.0,-5.08e+16,9780000000000000.0,4.11e+16,9740000000000000.0,-6460000000000000.0,2.17e+16,gcmt,subduction_interface
C202010252117A,2020-10-25T21:17:20,-71.1,-19.94,12.2,5.3,mw,351.0,19.0,94.0,167.0,71.0,89.0,64.0,75.0,1.0,167.0,26.0,258.0,9.65e+16,5400000000000000.0,-1.02e+17,3.14e+16,-1.3e+17,2.28e+16,gcmt,subduction_interface
C202104190318A,2021-04-19T03:19:03,-72.45,-34.02,21.2,5.3,mw,12.0,20.0,99.0,182.0,70.0,87.0,65.0,87.0,3.0,183.0,25.0,275.0,5.97e+16,-300000000000000.0,-5.94e+16,-899999999999999.9,-7.13e+16,-7500000000000000.0,gcmt,subduction_interface
C202104190411A,2021-04-19T04:11:33,-72.44,-34.03,19.8,5.2,mw,7.0,19.0,98.0,179.0,71.0,87.0,64.0,84.0,3.0,180.0,26.0,271.0,5.699999999999999e+16,1200000000000000.0,-5.83e+16,3100000000000000.0,-7.52e+16,-2900000000000000.0,gcmt,subduction_interface
C202104191305A,2021-04-19T13:05:31,-72.37,-34.05,23.3,5.0,mw,340.0,27.0,74.0,178.0,64.0,98.0,70.0,104.0,7.0,354.0,19.0,262.0,3.51e+16,-3860000000000000.0,-3.12e+16,-2080000000000000.0,-2.64e+16,6220000000000000.0,gcmt,subduction_interface
C202104220017A,2021-04-22T00:17:20,-72.46,-34.03,21.1,5.5,mw,7.0,21.0,96.0,181.0,69.0,88.0,66.0,87.0,2.0,182.0,24.0,273.0,1.53e+17,3300000000000000.0,-1.56e+17,-300000000000000.0,-1.75e+17,-1.13e+16,gcmt,subduction_interface
C202107040129A,2021-07-04T01:29:19,-71.6,-28.79,20.8,6.0,mw,7.0,18.0,95.0,181.0,72.0,88.0,63.0,89.0,2.0,182.0,27.0,273.0,7.92e+17,1.5e+16,-8.07e+17,-1.2e+16,-1.1e+18,-5.6e+16,gcmt,subduction_interface
C202109211314A,2021-09-21T13:14:45,-74.28,-36.82,12.0,6.4,mw,6.0,16.0,86.0,190.0,74.0,91.0,61.0,102.0,1.0,10.0,29.0,279.0,2.67e+18,3.3e+16,-2.7e+18,-8.29e+17,-4.39e+18,-4e+17,gcmt,subduction_interface
C202112010439A,2021-12-01T04:39:27,-73.66,-38.02,21.5,5.1,mw,152.0,24.0,-107.0,350.0,67.0,-83.0,22.0,74.0,7.0,167.0,67.0,273.0,-5.75e+16,2.1e+16,3.65e+16,2300000000000000.0,-4.82e+16,-9990000000000000.0,gcmt,subduction_interface
C202202280115A,2022-02-28T01:15:21,-73.99,-37.07,12.7,5.7,mw,5.0,17.0,90.0,185.0,73.0,90.0,62.0,95.0,0.0,185.0,28.0,275.0,1.97e+17,1e+16,-2.07e+17,-2.89e+16,-3.05e+17,-2.09e+16,gcmt,subduction_interface
C202204161710A,2022-04-16T17:10:39,-72.37,-33.94,21.7,5.0,mw,3.0,23.0,90.0,183.0,67.0,90.0,68.0,92.0,0.0,183.0,22.0,273.0,3.69e+16,-940000000000000.0,-3.6e+16,-1640000000000000.0,-3.62e+16,-1760000000000000.0,gcmt,subduction_interface
C202211130224A,2022-11-13T02:24:11,-73.46,-37.37,29.0,5.7,mw,229.0,20.0,-42.0,359.0,77.0,-105.0,30.0,101.0,15.0,3.0,56.0,250.0,-1.2e+18,5.5500000000000006e+17,6.41e+17,3.92e+17,-1.9e+18,4.95e+17,gcmt,subduction_interface
C202211130224B,2022-11-13T02:25:02,-73.68,-37.59,20.6,6.2,mw,354.0,18.0,84.0,180.0,72.0,92.0,63.0,93.0,2.0,360.0,27.0,269.0,2.19e+18,-1.7000000000000002e+16,-2.17e+18,-5.5e+16,-2.97e+18,1.13e+17,gcmt,subduction_interface
C202212100725A,2022-12-10T07:25:53,-72.11,-33.64,24.2,5.4,mw,16.0,21.0,103.0,182.0,70.0,85.0,65.0,84.0,5.0,183.0,25.0,276.0,1.23e+17,6700000000000000.0,-1.3e+17,300000000000000.0,-1.5e+17,-2.04e+16,gcmt,subduction_interface
C202303301733A,2023-03-30T17:33:18,-73.7,-35.77,12.0,6.3,mw,14.0,16.0,92.0,192.0,74.0,89.0,61.0,101.0,1.0,192.0,29.0,283.0,1.92e+18,-1.7000000000000002e+16,-1.9e+18,-6.53e+17,-3.1e+18,-4.68e+17,gcmt,subduction_interface
C202309151807A,2023-09-15T18:07:45,-71.7,-27.42,12.0,5.7,mw,356.0,18.0,83.0,183.0,72.0,92.0,63.0,97.0,2.0,3.0,27.0,272.0,2.33e+17,-2.57e+16,-2.07e+17,-2.44e+16,-3.1e+17,2700000000000000.0,gcmt,subduction_interface
C202312240323A,2023-12-24T03:23:48,-74.12,-38.25,19.1,5.8,mw,359.0,16.0,88.0,181.0,74.0,91.0,61.0,91.0,1.0,1.0,29.0,270.0,3.83e+17,3700000000000000.0,-3.87e+17,-9100000000000000.0,-5.94e+17,1400000000000000.0,gcmt,subduction_interface
C202403120342A,2024-03-12T03:42:38,-72.67,-33.9,17.2,5.1,mw,357.0,18.0,76.0,192.0,72.0,95.0,62.0,109.0,4.0,11.0,27.0,279.0,3.96e+16,-859999999999999.9,-3.87e+16,-1.3700000000000002e+16,-5.38e+16,-3050000000000000.0,gcmt,subduction_interface
C202405130918A,2024-05-13T09:18:58,-73.31,-35.44,18.4,5.2,mw,16.0,19.0,94.0,192.0,71.0,89.0,64.0,100.0,1.0,192.0,26.0,283.0,4.81e+16,300000000000000.0,-4.84e+16,-1.25e+16,-6.28e+16,-1.25e+16,gcmt,subduction_interface
C202408182331A,2024-08-18T23:32:04,-74.03,-37.15,14.8,5.2,mw,9.0,20.0,92.0,187.0,70.0,89.0,65.0,96.0,1.0,188.0,25.0,278.0,3.91e+16,3340000000000000.0,-4.24e+16,-5880000000000000.0,-4.72e+16,-6740000000000000.0,gcmt,subduction_interface
C202412070626A,2024-12-07T06:26:28,-73.55,-38.97,29.9,5.3,mw,102.0,36.0,53.0,326.0,62.0,114.0,64.0,277.0,21.0,134.0,14.0,39.0,9.52e+16,-7.31e+16,-2.21e+16,-1.99e+16,6.59e+16,6.730000000000001e+16,gcmt,subduction_interface
C202412300541A,2024-12-30T05:41:03,-72.06,-29.96,19.6,5.5,mw,1.0,21.0,103.0,167.0,70.0,85.0,65.0,68.0,5.0,168.0,25.0,261.0,2.12e+17,-1500000000000000.0,-2.1e+17,6.69e+16,-2.4e+17,2.23e+16,gcmt,subduction_interface
