id,time_iso,longitude,latitude,depth,mag,mag_type,lon_error,lat_error,depth_error,mag_error,strike1,dip1,rake1,strike2,dip2,rake2,Mrr,Mtt,Mpp,Mrt,Mrp,Mtp,source
C022876A,1976-02-28T16:27:13,-75.57,-40.3,15.0,5.9,mw,0.02,0.03,0.0,,13.0,45.0,-85.0,187.0,45.0,-95.0,-8e+17,-2.3e+17,1.03e+18,-3e+16,1e+16,2.3e+17,gcmt
C053076A,1976-05-30T03:08:55,-75.94,-42.06,15.0,6.1,mw,0.02,0.02,0.0,,187.0,44.0,-101.0,23.0,47.0,-79.0,-1.66e+18,8e+16,1.59e+18,-2.4e+17,-3e+16,4.3e+17,gcmt
B011177A,1977-01-11T07:02:43,-72.1,-31.92,42.2,5.2,mw,0.15,0.17,10.7,,5.0,34.0,111.0,160.0,59.0,77.0,7.116e+16,1.044e+16,-8.16e+16,2.177e+16,-3.401e+16,1.407e+16,gcmt
B022277A,1977-02-22T14:10:12,-76.35,-45.97,10.0,5.4,mw,0.12,0.08,0.0,,261.0,76.0,-168.0,168.0,78.0,-14.0,-7300000000000000.0,6.61e+16,-5.88e+16,3.02e+16,5.34e+16,-1.642e+17,gcmt
B100577B,1977-10-05T04:34:18,-71.43,-28.34,52.7,5.5,mw,0.04,0.05,2.5,,16.0,36.0,113.0,168.0,57.0,74.0,1.703e+17,2.7900000000000004e+16,-1.982e+17,3.97e+16,-7.41e+16,-5600000000000000.0,gcmt
Z112377A,1977-11-23T09:26:48,-67.69,-31.22,20.8,7.4,mw,0.01,0.01,0.4,,183.0,44.0,90.0,4.0,46.0,90.0,1.855e+20,8e+17,-1.863e+20,1.3e+18,6.5e+18,-1.19e+19,gcmt
B112477A,1977-11-24T18:20:20,-68.05,-31.53,46.5,5.6,mw,0.04,0.06,2.5,,190.0,34.0,91.0,8.0,56.0,89.0,2.04e+17,1.0049999999999998e+17,-3.046e+17,1.51e+16,1.08e+17,-6.4e+16,gcmt
B112877B,1977-11-28T04:19:39,-68.21,-32.02,33.1,5.6,mw,0.08,0.09,5.5,,150.0,52.0,27.0,43.0,69.0,139.0,1.298e+17,1.472e+17,-2.77e+17,1.333e+17,5.460000000000001e+16,-5.27e+16,gcmt
B112877C,1977-11-28T06:31:38,-67.64,-31.67,15.0,6.1,mw,0.08,0.08,0.0,,182.0,21.0,106.0,345.0,70.0,84.0,1.174e+18,2.18e+17,-1.391e+18,-4.24e+17,1.488e+18,2.12e+17,gcmt
B120577B,1977-12-05T15:43:35,-68.22,-31.57,32.0,5.7,mw,0.07,0.07,0.0,,103.0,65.0,-5.0,195.0,86.0,-154.0,2.46e+16,1.995e+17,-2.241e+17,-2.25e+16,2.3250000000000003e+17,3.903e+17,gcmt
B120677A,1977-12-06T17:05:16,-68.11,-31.43,19.0,5.9,mw,0.05,0.06,0.0,,181.0,37.0,82.0,11.0,54.0,96.0,6.121e+17,2.7879999999999997e+17,-8.909000000000001e+17,5.540000000000001e+16,2.254e+17,-1.3700000000000002e+17,gcmt
B120777A,1977-12-07T00:32:41,-67.32,-28.58,143.9,5.5,mw,0.05,0.06,2.0,,148.0,42.0,-82.0,318.0,48.0,-97.0,-1.84e+17,6.38e+16,1.201e+17,2.37e+16,-5400000000000000.0,-1.0169999999999998e+17,gcmt
B121077B,1977-12-10T07:11:57,-68.03,-31.28,34.9,5.5,mw,0.07,0.1,4.4,,199.0,29.0,117.0,348.0,65.0,76.0,1.1259999999999998e+17,7.77e+16,-1.902e+17,-1.97e+16,1.137e+17,-1400000000000000.0,gcmt
B010278A,1978-01-02T08:27:43,-71.61,-37.96,144.0,5.5,mw,0.08,0.08,3.4,,93.0,53.0,-9.0,189.0,83.0,-142.0,-1.84e+16,4.66e+16,-2.8199999999999996e+16,-1.97e+16,1.21e+17,1.454e+17,gcmt
B011778A,1978-01-17T11:33:21,-68.08,-31.53,23.0,6.0,mw,0.05,0.05,0.0,,142.0,66.0,12.0,47.0,79.0,156.0,9.75e+16,8.938e+17,-9.913e+17,4.83e+17,1.0940000000000002e+17,-1.401e+17,gcmt
B012078A,1978-01-20T04:43:03,-70.04,-34.55,109.3,5.6,mw,0.06,0.04,3.0,,183.0,26.0,-98.0,12.0,64.0,-86.0,-2.592e+17,4.56e+16,2.136e+17,-5.36e+16,-1.819e+17,1.94e+16,gcmt
B021778B,1978-02-17T06:43:33,-71.47,-28.59,66.0,5.3,mw,0.1,0.08,8.1,,141.0,23.0,35.0,18.0,77.0,109.0,5.823e+16,-2030000000000000.2,-5.62e+16,5.207e+16,9.218e+16,2.379e+16,gcmt
B062878C,1978-06-28T07:28:03,-69.92,-27.2,119.7,5.1,mw,0.18,0.11,8.0,,134.0,30.0,-139.0,8.0,71.0,-66.0,-3.199e+16,-1.551e+16,4.75e+16,-6840000000000001.0,-4.245e+16,-1.926e+16,gcmt
B082178A,1978-08-21T00:28:30,-68.11,-31.79,25.0,5.3,mw,0.11,0.12,0.0,,218.0,9.0,79.0,49.0,81.0,92.0,5.104e+16,-2.207e+16,-2.8969999999999996e+16,8.357e+16,7.066e+16,2500000000000000.0,gcmt
B122178B,1978-12-21T01:13:57,-72.57,-36.4,50.0,5.8,mw,0.05,0.03,0.0,,101.0,34.0,52.0,324.0,64.0,112.0,5.478e+17,-4.288e+17,-1.19e+17,-1.293e+17,4.274e+17,2.866e+17,gcmt
B032079B,1979-03-20T21:41:27,-71.42,-35.79,122.7,5.4,mw,0.07,0.05,2.8,,141.0,24.0,-158.0,32.0,81.0,-68.0,-4.52e+16,-2.8199999999999996e+16,7.35e+16,-8.35e+16,-1.012e+17,-1.7399999999999998e+16,gcmt
B042679A,1979-04-26T02:00:11,-72.07,-33.91,33.7,5.9,mw,0.03,0.03,1.7,,26.0,25.0,124.0,170.0,70.0,76.0,5.149e+17,1.315e+17,-6.464e+17,1.557e+17,-6.172e+17,-8.55e+16,gcmt
B042879E,1979-04-28T11:38:25,-71.17,-27.39,21.1,6.1,mw,0.05,0.04,2.2,,31.0,24.0,68.0,234.0,68.0,99.0,1.307e+18,-6.07e+17,-7e+17,-1.162e+18,-7.19e+17,-8.27e+17,gcmt
B052079D,1979-05-20T19:37:48,-71.11,-27.32,15.0,5.9,mw,0.06,0.05,0.0,,11.0,13.0,117.0,163.0,79.0,84.0,2.6789999999999997e+17,4.94e+16,-3.173e+17,2.082e+17,-6.646e+17,2.8599999999999996e+16,gcmt
B062779A,1979-06-27T21:46:30,-68.56,-29.58,141.2,5.6,mw,0.05,0.03,1.8,,284.0,32.0,-43.0,52.0,69.0,-115.0,-1.935e+17,2.0830000000000003e+17,-1.48e+16,-1.087e+17,-1.797e+17,2.8499999999999996e+16,gcmt
B070679A,1979-07-06T02:01:17,-71.63,-32.38,49.0,5.7,mw,0.03,0.03,0.0,,166.0,39.0,70.0,11.0,54.0,105.0,4.9160000000000006e+17,-2000000000000000.0,-4.896e+17,1.19e+17,1.409e+17,1.65e+16,gcmt
B080279A,1979-08-02T07:40:29,-71.48,-28.01,19.0,5.5,mw,0.05,0.04,0.0,,15.0,28.0,113.0,169.0,65.0,79.0,1.488e+17,5.27e+16,-2.015e+17,3.28e+16,-1.353e+17,899999999999999.9,gcmt
B083079A,1979-08-30T18:59:53,-67.06,-31.4,27.0,5.5,mw,0.09,0.09,0.0,,354.0,31.0,35.0,233.0,73.0,116.0,1.052e+17,1.62e+16,-1.214e+17,-1.4039999999999998e+17,-6.47e+16,-6.52e+16,gcmt
B101179B,1979-10-11T08:56:02,-71.55,-33.41,44.0,5.4,mw,0.07,0.08,4.7,,13.0,24.0,96.0,187.0,66.0,87.0,9.57e+16,1.85e+16,-1.1419999999999998e+17,-1e+16,-9.56e+16,-2.26e+16,gcmt
B122679A,1979-12-26T19:43:42,-71.5,-35.9,110.8,5.6,mw,0.04,0.04,2.5,,199.0,6.0,-66.0,355.0,85.0,-92.0,-2.66e+16,-4.67e+16,7.33e+16,2.32e+16,-2.625e+17,-100000000000000.0,gcmt
B011480E,1980-01-14T21:51:08,-69.42,-33.27,15.0,5.6,mw,0.07,0.06,0.0,,141.0,69.0,5.0,49.0,85.0,159.0,-1.31e+16,2.734e+17,-2.6030000000000003e+17,1.078e+17,3.83e+16,-4.49e+16,gcmt
B012880C,1980-01-28T16:59:24,-76.29,-45.17,15.0,5.4,mw,0.07,0.07,0.0,,195.0,27.0,-56.0,338.0,68.0,-106.0,-1.209e+17,-1.82e+16,1.391e+17,6.37e+16,-1.073e+17,-1.12e+16,gcmt
B021480A,1980-02-14T14:07:00,-71.56,-32.02,46.9,5.1,mw,0.1,0.18,8.5,,226.0,41.0,142.0,346.0,66.0,55.0,2.821e+16,2.153e+16,-4.974e+16,-4430000000000000.0,2.2599999999999996e+16,-1.689e+16,gcmt
B032380A,1980-03-23T23:33:15,-72.08,-30.17,43.4,5.4,mw,0.07,0.1,4.2,,1.0,37.0,75.0,200.0,55.0,101.0,1.248e+17,1.34e+16,-1.383e+17,-2.7300000000000004e+16,-3.89e+16,-3.19e+16,gcmt
B032980B,1980-03-29T06:41:53,-75.86,-43.38,15.0,6.1,mw,0.11,0.09,0.0,,185.0,14.0,-119.0,34.0,78.0,-83.0,-5.33e+17,-1.14e+17,6.47e+17,-8.21e+17,-1.21e+18,4.29e+17,gcmt
B032980D,1980-03-29T17:49:11,-73.91,-38.05,32.4,5.4,mw,0.06,0.05,3.9,,13.0,20.0,106.0,176.0,71.0,85.0,1.172e+17,-6000000000000000.0,-1.111e+17,1.61e+16,-1.472e+17,-9900000000000000.0,gcmt
B040980B,1980-04-09T08:17:59,-67.42,-31.49,15.0,5.3,mw,0.09,0.07,0.0,,340.0,37.0,136.0,108.0,65.0,61.0,9.042e+16,-4.144e+16,-4.898e+16,8.311e+16,1.369e+16,5.894e+16,gcmt
B061180C,1980-06-11T14:21:25,-71.93,-33.03,20.0,5.8,mw,0.03,0.03,0.0,,1.0,26.0,87.0,184.0,64.0,91.0,5.183e+17,8.24e+16,-6.008e+17,-3.3700000000000004e+16,-4.4560000000000006e+17,-2.7500000000000004e+16,gcmt
B071380A,1980-07-13T06:20:37,-70.49,-33.47,113.4,5.7,mw,0.04,0.03,2.2,,102.0,14.0,178.0,195.0,89.0,76.0,6.870000000000001e+16,-1.682e+17,9.95e+16,-4.32e+16,-3.728e+17,-3.1e+16,gcmt
C071980A,1980-07-19T11:52:29,-69.89,-29.0,129.3,5.9,mw,0.04,0.03,1.5,,306.0,26.0,-77.0,112.0,65.0,-96.0,-8.087e+17,5.889e+17,2.198e+17,-6.221e+17,1.875e+17,-3.052e+17,gcmt
B080380A,1980-08-03T03:00:53,-69.82,-35.46,163.9,5.3,mw,0.14,0.07,2.6,,2.0,20.0,93.0,179.0,70.0,89.0,7.259e+16,-1.58e+16,-5.678e+16,2270000000000000.0,-7.682e+16,-1120000000000000.0,gcmt
B082980A,1980-08-29T10:38:17,-73.37,-39.75,44.6,5.4,mw,0.09,0.08,5.9,,171.0,29.0,140.0,298.0,72.0,67.0,8.34e+16,-1.58e+16,-6.760000000000001e+16,-1.054e+17,2.24e+16,4.74e+16,gcmt
B111080A,1980-11-10T16:24:43,-67.55,-31.52,15.0,5.6,mw,0.05,0.04,0.0,,133.0,31.0,49.0,358.0,67.0,111.0,2.5299999999999997e+17,-4.24e+16,-2.106e+17,6.35e+16,2.415e+17,1.167e+17,gcmt
B122580B,1980-12-25T06:32:51,-67.19,-31.0,138.1,5.1,mw,0.14,0.13,4.8,,173.0,40.0,-106.0,14.0,52.0,-77.0,-4.567e+16,-6899999999999999.0,5.257e+16,-8350000000000000.0,-9030000000000000.0,3730000000000000.0,gcmt
B031681A,1981-03-16T13:40:52,-71.67,-35.67,60.1,5.4,mw,0.09,0.06,5.0,,252.0,46.0,-39.0,11.0,63.0,-129.0,-8.331e+16,2.665e+16,5.667e+16,1.611e+16,-6.269e+16,9.187e+16,gcmt
B032381A,1981-03-23T19:28:15,-71.81,-33.96,16.6,6.4,mw,0.06,0.04,2.5,,335.0,5.0,73.0,173.0,85.0,91.0,1.0269999999999999e+18,-5.4000000000000006e+17,-4.87e+17,5.85e+17,-4.676e+18,1.14e+17,gcmt
B040681A,1981-04-06T14:34:09,-70.81,-35.36,112.8,5.2,mw,0.09,0.08,5.5,,95.0,33.0,163.0,200.0,81.0,58.0,2.323e+16,-2.948e+16,6250000000000000.0,-2.116e+16,-6.902999999999999e+16,-4.644999999999999e+16,gcmt
B051781C,1981-05-17T17:05:00,-72.14,-27.39,15.0,5.3,mw,0.09,0.1,0.0,,191.0,37.0,-79.0,358.0,54.0,-98.0,-9.022e+16,-4970000000000000.0,9.519e+16,8250000000000000.0,-3.02e+16,8250000000000000.0,gcmt
B060481A,1981-06-04T07:39:39,-78.12,-34.76,26.0,5.1,mw,0.18,0.16,0.0,,207.0,42.0,-41.0,330.0,64.0,-124.0,-4.225e+16,-1.602e+16,5.826e+16,3.194e+16,-1.917e+16,-1580000000000000.0,gcmt
B072881B,1981-07-28T03:03:27,-73.45,-41.97,46.7,5.6,mw,0.09,0.04,4.7,,44.0,59.0,17.0,305.0,75.0,148.0,6.37e+16,-2.863e+17,2.226e+17,-7.46e+16,1.733e+17,-5.500000000000001e+16,gcmt
B091981B,1981-09-19T11:40:54,-74.94,-39.45,15.0,5.5,mw,0.1,0.06,0.0,,206.0,38.0,-53.0,342.0,61.0,-116.0,-2.0659999999999997e+17,-2700000000000000.0,2.093e+17,1.097e+17,-9.29e+16,2.47e+16,gcmt
C101681A,1981-10-16T03:25:47,-73.15,-33.48,40.4,7.1,mw,0.02,0.02,0.8,,194.0,34.0,96.0,6.0,56.0,86.0,4.936e+19,-5.75e+18,-4.361e+19,-3e+17,1.967e+19,-7.27e+18,gcmt
C110781A,1981-11-07T03:29:58,-71.39,-32.41,65.6,6.9,mw,0.02,0.02,2.5,,208.0,5.0,-47.0,345.0,86.0,-94.0,-6.7e+17,-7.67e+18,8.34e+18,7.82e+18,-3.122e+19,-2.17e+18,gcmt
B121581A,1981-12-15T12:32:02,-71.16,-36.13,104.6,5.0,mw,0.26,0.12,11.8,,157.0,10.0,-61.0,308.0,81.0,-95.0,-1.102e+16,4370000000000000.0,6650000000000000.0,3.461e+16,-2.7e+16,-1.2609999999999998e+16,gcmt
C060182A,1982-06-01T04:14:16,-75.87,-41.69,10.0,6.4,mw,0.03,0.03,0.0,,160.0,33.0,-130.0,25.0,65.0,-67.0,-3.372e+18,-8.6e+17,4.232e+18,-1.871e+18,-2.339e+18,3.07e+17,gcmt
B060582A,1982-06-05T00:17:01,-76.07,-43.44,23.0,5.3,mw,0.13,0.09,0.0,,191.0,29.0,-87.0,8.0,61.0,-91.0,-7.497e+16,-1.0069999999999998e+16,8.504e+16,-6780000000000000.0,-5.132e+16,1.658e+16,gcmt
B090682C,1982-09-06T11:13:27,-71.39,-32.08,78.5,5.3,mw,0.15,0.07,10.2,,68.0,21.0,-166.0,326.0,85.0,-69.0,-1.786e+16,3.959e+16,-2.173e+16,4.539e+16,-7.859e+16,-1.4990000000000002e+16,gcmt
B102682A,1982-10-26T03:24:34,-71.33,-29.7,56.1,5.7,mw,0.04,0.03,4.5,,100.0,15.0,-154.0,345.0,84.0,-77.0,-1.367e+17,1.149e+17,2.18e+16,9.69e+16,-4.904e+17,-1.0960000000000002e+17,gcmt
B111882C,1982-11-18T20:39:54,-65.74,-31.21,166.2,6.0,mw,0.06,0.04,1.8,,129.0,24.0,-114.0,335.0,68.0,-80.0,-8.794e+17,3.461e+17,5.333e+17,2.8690000000000003e+17,-8.276999999999999e+17,-4.33e+17,gcmt
B022883B,1983-02-28T22:44:20,-79.16,-44.78,15.0,6.0,mw,0.04,0.02,0.0,,260.0,90.0,180.0,350.0,90.0,0.0,-1.98e+17,4.7e+17,-2.7200000000000003e+17,0.0,0.0,-1.056e+18,gcmt
B040283A,1983-04-02T05:58:40,-66.13,-29.02,40.1,5.3,mw,0.14,0.1,7.9,,247.0,25.0,137.0,17.0,73.0,71.0,5.178e+16,-1.879e+16,-3.299e+16,1.658e+16,7.784e+16,-4.41e+16,gcmt
B050783A,1983-05-07T01:07:26,-71.61,-28.37,33.8,5.1,mw,0.14,0.16,7.3,,16.0,29.0,101.0,183.0,62.0,84.0,4.284e+16,-220000000000000.0,-4.261e+16,930000000000000.0,-2.81e+16,-7390000000000000.0,gcmt
B050983A,1983-05-09T10:58:23,-74.45,-41.92,33.0,6.1,mw,0.05,0.03,0.0,,358.0,41.0,-118.0,213.0,54.0,-68.0,-1.293e+18,-2.7800000000000003e+17,1.571e+18,4.14e+17,2.52e+17,5.7499999999999994e+17,gcmt
B080183A,1983-08-01T14:09:24,-76.46,-48.33,11.0,5.7,mw,0.08,0.06,0.0,,355.0,14.0,107.0,157.0,76.0,86.0,1.858e+17,1.26e+16,-1.984e+17,1.552e+17,-3.524e+17,6.3e+16,gcmt
B091483A,1983-09-14T00:47:01,-73.65,-36.4,10.1,5.4,mw,0.11,0.11,0.0,,23.0,16.0,131.0,161.0,78.0,79.0,6.26e+16,1.04e+16,-7.3e+16,5.07e+16,-1.2809999999999998e+17,-3400000000000000.0,gcmt
B102183A,1983-10-21T08:14:23,-68.61,-30.69,131.6,5.4,mw,0.08,0.05,2.5,,323.0,30.0,-143.0,200.0,73.0,-65.0,-9.44e+16,-1.96e+16,1.141e+17,7.46e+16,1.1020000000000002e+17,-2.8199999999999996e+16,gcmt
B112683D,1983-11-26T23:29:09,-79.94,-45.11,15.0,5.8,mw,0.08,0.05,0.0,,257.0,90.0,180.0,347.0,90.0,0.0,-5.610000000000001e+16,2.746e+17,-2.1840000000000003e+17,0.0,0.0,-5.172e+17,gcmt
B112883A,1983-11-28T19:10:08,-77.97,-44.6,10.0,5.5,mw,0.17,0.13,0.0,,133.0,18.0,-142.0,7.0,79.0,-76.0,-8.79e+16,-1.5e+16,1.03e+17,-3.71e+16,-2.178e+17,-4.81e+16,gcmt
B121083B,1983-12-10T17:37:57,-78.32,-44.73,15.0,5.6,mw,0.06,0.03,0.0,,258.0,90.0,180.0,348.0,90.0,0.0,-2.43e+16,1.2529999999999998e+17,-1.01e+17,0.0,0.0,-2.634e+17,gcmt
B121583A,1983-12-15T04:22:36,-70.56,-33.09,103.6,6.0,mw,0.06,0.03,2.6,,202.0,21.0,-78.0,9.0,69.0,-95.0,-8.194000000000001e+17,2.03e+16,7.991e+17,-1.062e+17,-9.358e+17,2.21e+17,gcmt
B122383B,1983-12-23T22:56:10,-71.67,-27.23,33.0,5.2,mw,0.12,0.08,0.0,,306.0,61.0,-25.0,49.0,68.0,-148.0,-2.426e+16,7.772e+16,-5.346e+16,-4440000000000000.0,-5.372e+16,5390000000000000.0,gcmt
B020384B,1984-02-03T08:29:53,-71.64,-29.74,48.4,5.6,mw,0.04,0.05,2.5,,182.0,45.0,83.0,12.0,45.0,97.0,2.532e+17,2.55e+16,-2.787e+17,2.02e+16,-1500000000000000.0,-3.77e+16,gcmt
B041984B,1984-04-19T08:28:59,-72.06,-31.74,31.0,5.7,mw,0.05,0.04,0.0,,19.0,16.0,120.0,168.0,76.0,82.0,2.0830000000000003e+17,100000000000000.0,-2.084e+17,9.62e+16,-3.809e+17,-1.97e+16,gcmt
B050784A,1984-05-07T14:09:14,-66.27,-28.04,147.3,5.1,mw,0.13,0.16,4.3,,185.0,51.0,-37.0,300.0,62.0,-135.0,-3.677e+16,-5890000000000000.0,4.266e+16,3.0019999999999996e+16,4940000000000000.0,-3.542e+16,gcmt
B050984A,1984-05-09T23:56:10,-70.19,-34.34,107.9,5.3,mw,0.12,0.06,4.2,,205.0,31.0,-95.0,31.0,60.0,-87.0,-7.983e+16,1.1279999999999998e+16,6.855000000000001e+16,-2.63e+16,-4.021e+16,4.455e+16,gcmt
B051684A,1984-05-16T03:45:06,-66.71,-27.07,156.4,5.5,mw,0.06,0.06,3.3,,174.0,68.0,-6.0,267.0,84.0,-158.0,-5.39e+16,6.63e+16,-1.24e+16,7.98e+16,1500000000000000.0,-2.146e+17,gcmt
B052584B,1984-05-25T13:20:25,-75.86,-43.14,10.0,5.4,mw,0.08,0.06,0.0,,185.0,27.0,-98.0,14.0,63.0,-86.0,-1.1339999999999998e+17,-7700000000000000.0,1.211e+17,-2.55e+16,-8.43e+16,2.37e+16,gcmt
B060384A,1984-06-03T01:44:15,-76.55,-45.29,10.0,5.4,mw,0.07,0.06,0.0,,320.0,61.0,-161.0,221.0,73.0,-30.0,-7.79e+16,-1.174e+17,1.953e+17,4.16e+16,3.69e+16,8000000000000000.0,gcmt
B061184A,1984-06-11T02:05:42,-71.9,-31.25,44.5,6.2,mw,0.02,0.02,1.6,,357.0,36.0,94.0,171.0,54.0,87.0,2.198e+18,2.98e+17,-2.497e+18,1.72e+17,-7.43e+17,3.1e+17,gcmt
B081884B,1984-08-18T04:10:46,-66.83,-27.71,182.3,5.5,mw,0.11,0.12,3.8,,160.0,38.0,-60.0,303.0,58.0,-111.0,-1.598e+17,5.739999999999999e+16,1.024e+17,8.27e+16,-1.4399999999999998e+16,-1.069e+17,gcmt
B110884B,1984-11-08T06:33:01,-71.87,-30.89,42.3,5.5,mw,0.04,0.04,2.5,,359.0,40.0,87.0,182.0,50.0,92.0,2.247e+17,3.13e+16,-2.56e+17,-6600000000000000.0,-4.46e+16,-2900000000000000.0,gcmt
B110884E,1984-11-08T14:17:48,-68.5,-31.54,143.6,5.3,mw,0.13,0.11,4.6,,178.0,45.0,-115.0,32.0,50.0,-67.0,-9.666e+16,2940000000000000.0,9.372e+16,-3.35e+16,570000000000000.0,2.574e+16,gcmt
B112984B,1984-11-29T19:12:35,-71.28,-35.42,102.1,5.4,mw,0.06,0.05,3.6,,151.0,19.0,-154.0,37.0,82.0,-73.0,-3.752e+16,-2.316e+16,6.068e+16,-7.942e+16,-9.489e+16,2400000000000000.0,gcmt
B011885A,1985-01-18T15:00:15,-71.26,-29.79,74.5,6.3,mw,0.02,0.02,1.4,,322.0,67.0,13.0,227.0,78.0,156.0,5.3900000000000006e+17,2.904e+18,-3.443e+18,-1.459e+18,-4.09e+17,-4.98e+17,gcmt
B012685A,1985-01-26T03:07:05,-68.75,-33.11,28.4,5.9,mw,0.03,0.03,1.7,,158.0,38.0,65.0,9.0,56.0,108.0,8.699999999999999e+17,1.161e+17,-9.861000000000001e+17,2.094e+17,3.349e+17,1.172e+17,gcmt
B022185B,1985-02-21T18:53:14,-72.1,-33.37,32.9,5.7,mw,0.04,0.03,2.1,,29.0,31.0,127.0,167.0,66.0,70.0,2.69e+17,8.7e+16,-3.56e+17,8.86e+16,-2.473e+17,-4.98e+16,gcmt
M030385A,1985-03-03T22:47:39,-71.71,-33.92,40.7,7.9,mw,0.02,0.02,1.0,,11.0,26.0,110.0,169.0,66.0,81.0,7.48e+20,4.89e+19,-7.969e+20,1.912e+20,-6.55e+20,2.9e+18,gcmt
B030485A,1985-03-04T00:32:52,-71.79,-33.06,33.0,7.3,mw,0.23,0.17,0.0,,234.0,32.0,155.0,346.0,77.0,60.0,5.84e+19,-5.5e+18,-5.289e+19,-7.36e+19,9.282e+19,-5.169e+19,gcmt
B030485B,1985-03-04T06:07:12,-72.08,-33.43,10.0,6.3,mw,0.25,0.18,0.0,,215.0,24.0,143.0,340.0,76.0,70.0,1.579e+18,7.2e+17,-2.299e+18,-1.231e+18,2.721e+18,-3.16e+17,gcmt
B030485C,1985-03-04T13:49:34,-72.75,-34.05,13.5,5.7,mw,0.09,0.1,4.8,,26.0,24.0,128.0,165.0,71.0,74.0,2.775e+17,2.64e+16,-3.04e+17,1.3560000000000002e+17,-3.308e+17,-3.95e+16,gcmt
B030485D,1985-03-04T15:01:14,-71.81,-33.87,53.1,6.3,mw,0.03,0.02,1.4,,21.0,28.0,109.0,179.0,63.0,80.0,2.537e+18,4.36e+17,-2.973e+18,1.97e+17,-2.02e+18,-5.4700000000000006e+17,gcmt
B030485E,1985-03-04T19:03:15,-72.06,-32.98,36.0,6.1,mw,0.03,0.03,1.8,,16.0,29.0,111.0,172.0,63.0,79.0,1.354e+18,3.95e+17,-1.749e+18,2.38e+17,-1.0820000000000001e+18,-8.6e+16,gcmt
B030585A,1985-03-05T09:09:01,-71.42,-34.18,33.0,5.4,mw,0.16,0.09,0.0,,36.0,14.0,126.0,180.0,79.0,82.0,6.16e+16,-2700000000000000.0,-5.89e+16,5400000000000000.0,-1.46e+17,-2.2e+16,gcmt
B030785A,1985-03-07T00:55:00,-72.31,-33.34,18.2,5.4,mw,0.07,0.06,3.0,,7.0,30.0,107.0,168.0,62.0,81.0,1.529e+17,600000000000000.0,-1.535e+17,3.57e+16,-9.51e+16,6800000000000000.0,gcmt
B031285A,1985-03-12T08:23:19,-72.59,-33.23,10.0,5.8,mw,0.06,0.04,0.0,,35.0,17.0,123.0,180.0,76.0,81.0,2.572e+17,3.71e+16,-2.943e+17,9600000000000000.0,-5.297e+17,-9.99e+16,gcmt
C031785A,1985-03-17T10:41:45,-71.73,-33.22,43.5,6.5,mw,0.02,0.01,0.8,,356.0,26.0,91.0,175.0,64.0,90.0,6.243e+18,-1.93e+17,-6.05e+18,4.93e+17,-4.835e+18,5.09e+17,gcmt
C031985A,1985-03-19T04:01:13,-71.94,-33.63,35.6,6.6,mw,0.01,0.01,0.8,,355.0,24.0,90.0,175.0,66.0,90.0,8.667e+18,-2.99e+17,-8.368e+18,7.19e+17,-7.813e+18,7.49e+17,gcmt
B032385A,1985-03-23T13:45:25,-72.82,-34.49,17.7,5.7,mw,0.06,0.07,2.4,,26.0,21.0,106.0,189.0,70.0,84.0,2.339e+17,1.17e+16,-2.456e+17,-3.66e+16,-2.87e+17,-8.4e+16,gcmt
B032385B,1985-03-23T14:36:59,-72.54,-33.44,10.0,5.5,mw,0.07,0.07,0.0,,16.0,46.0,118.0,159.0,51.0,65.0,2.2480000000000003e+17,3.62e+16,-2.61e+17,7.67e+16,-1.97e+16,1.32e+16,gcmt
B032485A,1985-03-24T16:16:37,-72.53,-34.44,25.4,5.7,mw,0.04,0.04,2.3,,20.0,19.0,114.0,175.0,73.0,82.0,2.235e+17,4.23e+16,-2.658e+17,4.16e+16,-3.454e+17,-3.13e+16,gcmt
C032585A,1985-03-25T05:14:39,-72.52,-34.6,23.9,6.3,mw,0.02,0.02,1.0,,10.0,20.0,98.0,181.0,70.0,87.0,2.595e+18,-7.9e+16,-2.516e+18,8999999999999999.0,-3.096e+18,-2.45e+17,gcmt
B033085A,1985-03-30T13:47:29,-76.85,-45.34,10.0,5.4,mw,0.11,0.09,0.0,,325.0,26.0,-81.0,135.0,64.0,-94.0,-9.68e+16,3.4200000000000004e+16,6.26e+16,-7.15e+16,7.3e+16,-1.1060000000000002e+17,gcmt
B040285B,1985-04-02T02:35:36,-69.72,-28.48,83.2,5.1,mw,0.21,0.18,9.7,,133.0,58.0,-143.0,21.0,59.0,-38.0,-3.339e+16,-2.702e+16,6.041e+16,-8080000000000001.0,-3320000000000000.0,-2.1e+16,gcmt
B040385B,1985-04-03T13:06:26,-71.5,-32.62,35.5,6.1,mw,0.03,0.02,1.4,,18.0,21.0,87.0,201.0,69.0,91.0,1.0980000000000001e+18,-4e+16,-1.057e+18,-4.66e+17,-1.211e+18,-4.11e+17,gcmt
C040985A,1985-04-09T01:57:07,-71.86,-34.26,46.6,7.1,mw,0.02,0.01,0.8,,0.0,21.0,99.0,170.0,69.0,86.0,3.318e+19,-1e+16,-3.316e+19,7.62e+18,-3.604e+19,3.12e+18,gcmt
B041585A,1985-04-15T04:41:53,-72.11,-33.64,14.2,5.5,mw,0.16,0.08,4.1,,28.0,21.0,127.0,169.0,74.0,77.0,1.218e+17,2.55e+16,-1.473e+17,4.77e+16,-1.908e+17,-2.25e+16,gcmt
B042885A,1985-04-28T02:53:47,-71.9,-33.18,29.6,5.6,mw,0.05,0.04,2.4,,7.0,22.0,100.0,176.0,69.0,86.0,2.102e+17,1.82e+16,-2.2839999999999997e+17,2.5e+16,-2.3690000000000003e+17,-3300000000000000.0,gcmt
B042885B,1985-04-28T08:30:36,-75.65,-39.99,10.0,5.9,mw,0.06,0.03,0.0,,46.0,27.0,-101.0,239.0,64.0,-84.0,-6.473e+17,4.1980000000000006e+17,2.274e+17,4.449e+17,2.2639999999999997e+17,3.396e+17,gcmt
B051785B,1985-05-17T02:44:10,-72.59,-34.19,36.1,5.4,mw,0.09,0.07,4.9,,46.0,32.0,143.0,168.0,71.0,63.0,7.91e+16,2.92e+16,-1.083e+17,3.71e+16,-1e+17,-4.18e+16,gcmt
B051985A,1985-05-19T07:07:48,-72.54,-34.0,37.5,5.5,mw,0.05,0.04,2.7,,20.0,28.0,103.0,185.0,62.0,83.0,1.776e+17,3.58e+16,-2.134e+17,-5300000000000000.0,-1.3839999999999998e+17,-5.32e+16,gcmt
B051985C,1985-05-19T18:09:21,-71.81,-30.38,46.1,6.2,mw,0.02,0.02,1.2,,359.0,35.0,96.0,172.0,55.0,86.0,2.335e+18,1.12e+17,-2.448e+18,2.17e+17,-8.67e+17,2.17e+17,gcmt
B060285B,1985-06-02T16:27:02,-73.76,-37.83,32.0,5.8,mw,0.04,0.03,2.2,,347.0,24.0,47.0,212.0,73.0,107.0,4.115e+17,5.649999999999999e+16,-4.68e+17,-3.769e+17,-4.648e+17,-8.28e+16,gcmt
B060985B,1985-06-09T18:46:32,-71.68,-33.76,35.5,5.2,mw,0.09,0.07,5.0,,347.0,26.0,97.0,159.0,64.0,86.0,7.387e+16,-1.271e+16,-6.116e+16,2.261e+16,-4.975e+16,1.643e+16,gcmt
B061085B,1985-06-10T15:37:08,-66.64,-27.88,170.2,6.3,mw,0.02,0.02,0.7,,161.0,33.0,-64.0,310.0,61.0,-106.0,-2.821e+18,6.65e+17,2.1560000000000003e+18,1.577e+18,-1.087e+18,-2.501e+18,gcmt
B061185A,1985-06-11T11:12:32,-72.0,-32.57,34.4,5.5,mw,0.07,0.05,2.7,,14.0,28.0,103.0,180.0,63.0,83.0,1.501e+17,3.64e+16,-1.866e+17,5000000000000000.0,-1.2330000000000002e+17,-2.45e+16,gcmt
B061485A,1985-06-14T13:14:16,-74.92,-40.74,10.0,5.4,mw,0.0,0.0,0.0,,223.0,48.0,-62.0,4.0,49.0,-117.0,-1.429e+17,4299999999999999.5,1.3859999999999998e+17,4.34e+16,-2.4e+16,7.18e+16,gcmt
B070585B,1985-07-05T15:22:41,-72.43,-33.59,30.4,5.5,mw,0.09,0.05,2.7,,348.0,22.0,70.0,190.0,69.0,98.0,1.2410000000000002e+17,1.77e+16,-1.418e+17,-3.26e+16,-1.419e+17,-400000000000000.0,gcmt
B070685B,1985-07-06T08:33:09,-72.5,-33.6,20.8,5.5,mw,0.08,0.08,3.7,,356.0,27.0,79.0,189.0,63.0,96.0,1.413e+17,2.49e+16,-1.662e+17,-2.29e+16,-1.101e+17,-1.07e+16,gcmt
B070785B,1985-07-07T11:25:17,-72.38,-33.02,24.6,6.0,mw,0.03,0.03,1.4,,0.0,21.0,96.0,174.0,69.0,88.0,8.042e+17,9.58e+16,-9e+17,1.1279999999999998e+17,-9.207000000000001e+17,6.09e+16,gcmt
B071185B,1985-07-11T20:31:15,-72.32,-32.93,29.5,5.5,mw,0.05,0.05,2.6,,2.0,28.0,90.0,182.0,62.0,90.0,1.536e+17,2.04e+16,-1.74e+17,-3500000000000000.5,-1.083e+17,-6600000000000000.0,gcmt
B071785B,1985-07-17T13:53:05,-72.07,-32.71,31.1,5.5,mw,0.05,0.05,2.7,,15.0,27.0,115.0,168.0,66.0,78.0,1.623e+17,3.04e+16,-1.927e+17,4.65e+16,-1.431e+17,-1000000000000000.0,gcmt
B080485B,1985-08-04T04:54:05,-76.14,-45.37,10.0,5.8,mw,0.08,0.07,0.0,,199.0,24.0,-64.0,352.0,68.0,-101.0,-4.184e+17,-1.087e+17,5.271e+17,9.46e+16,-4.773e+17,4.03e+16,gcmt
B081285A,1985-08-12T00:04:53,-73.94,-38.45,17.2,6.2,mw,0.03,0.02,1.3,,16.0,15.0,111.0,174.0,76.0,84.0,1.1100000000000001e+18,-5.4e+16,-1.056e+18,2.7800000000000003e+17,-1.977e+18,-1.05e+17,gcmt
B082085B,1985-08-20T12:21:09,-72.55,-33.97,39.0,5.2,mw,0.08,0.07,4.8,,12.0,33.0,104.0,176.0,58.0,81.0,6.386e+16,1.066e+16,-7.452e+16,6800000000000000.0,-3.341e+16,-5460000000000000.0,gcmt
B102485A,1985-10-24T01:49:00,-68.73,-31.55,124.2,5.5,mw,0.05,0.03,1.4,,63.0,44.0,-105.0,263.0,48.0,-76.0,-2.6269999999999997e+17,2.235e+17,3.91e+16,2.94e+16,-4.62e+16,6.06e+16,gcmt
B110685B,1985-11-06T16:08:53,-74.3,-41.0,15.9,5.3,mw,0.14,0.09,5.6,,221.0,49.0,-52.0,351.0,53.0,-125.0,-7.53e+16,-1.265e+16,8.795e+16,3.475e+16,-1.689e+16,3.114e+16,gcmt
B110985B,1985-11-09T22:13:30,-66.41,-27.55,165.2,5.3,mw,0.11,0.08,3.6,,172.0,37.0,-45.0,301.0,65.0,-117.0,-7.06e+16,1.317e+16,5.743e+16,6.101e+16,-1.162e+16,-4.882e+16,gcmt
B010886A,1986-01-08T03:42:54,-71.38,-35.83,96.4,5.1,mw,0.16,0.1,11.2,,303.0,16.0,0.0,33.0,90.0,-106.0,1380000000000000.0,1.464e+16,-1.602e+16,-3.571e+16,-5.215e+16,9440000000000000.0,gcmt
B020986A,1986-02-09T23:32:18,-71.11,-36.24,125.4,5.2,mw,0.15,0.07,4.3,,14.0,14.0,92.0,192.0,76.0,89.0,3.297e+16,1.534e+16,-4.832e+16,-1.66e+16,-8.03e+16,-1.481e+16,gcmt
B032686A,1986-03-26T07:04:53,-72.22,-34.07,37.6,5.4,mw,0.06,0.05,3.7,,5.0,24.0,97.0,177.0,66.0,87.0,1.34e+17,1.11e+16,-1.451e+17,1.02e+16,-1.2609999999999998e+17,-1500000000000000.0,gcmt
B072886B,1986-07-28T20:29:05,-72.47,-33.53,18.2,5.7,mw,0.04,0.05,2.1,,4.0,22.0,100.0,174.0,68.0,86.0,2.797e+17,2.29e+16,-3.026e+17,3.99e+16,-3.052e+17,6200000000000000.0,gcmt
B081186E,1986-08-11T22:06:49,-67.76,-31.19,26.5,5.3,mw,0.07,0.06,5.5,,187.0,49.0,167.0,285.0,80.0,41.0,2.675e+16,2.6309999999999996e+16,-5.305e+16,-8.654e+16,530000000000000.0,9.006e+16,gcmt
B090586B,1986-09-05T06:06:20,-72.53,-37.05,80.5,5.3,mw,0.13,0.07,9.7,,129.0,24.0,174.0,225.0,88.0,66.0,7190000000000000.0,-5.144e+16,4.425e+16,-7.539e+16,-7.451e+16,-8760000000000000.0,gcmt
B112886A,1986-11-28T20:34:49,-77.17,-45.53,15.0,5.2,mw,0.15,0.08,0.0,,260.0,90.0,180.0,350.0,90.0,0.0,-1.473e+16,3.622e+16,-2.149e+16,0.0,0.0,-7.995e+16,gcmt
B012787A,1987-01-27T07:06:55,-72.65,-32.35,15.0,5.5,mw,0.06,0.05,0.0,,28.0,32.0,138.0,156.0,69.0,65.0,1.322e+17,6.44e+16,-1.966e+17,8e+16,-1.294e+17,2300000000000000.0,gcmt
B012987B,1987-01-29T17:22:49,-71.07,-29.81,65.9,5.4,mw,0.05,0.04,5.7,,206.0,9.0,-66.0,2.0,82.0,-94.0,-1.52e+16,-5.15e+16,6.67e+16,-8400000000000001.0,-1.444e+17,1.3900000000000002e+16,gcmt
B020387A,1987-02-03T16:42:46,-73.3,-37.69,28.4,5.8,mw,0.06,0.05,2.8,,357.0,16.0,95.0,172.0,74.0,89.0,3.331e+17,4.16e+16,-3.748e+17,8.58e+16,-5.593e+17,4.64e+16,gcmt
B021487D,1987-02-14T15:44:19,-76.51,-45.7,15.0,5.9,mw,0.05,0.03,0.0,,259.0,76.0,-171.0,167.0,81.0,-14.0,-1.297e+17,3.629e+17,-2.3330000000000003e+17,4.45e+16,1.735e+17,-6.801e+17,gcmt
B022587C,1987-02-25T10:42:48,-66.31,-28.73,176.1,5.3,mw,0.16,0.09,4.1,,179.0,52.0,-6.0,272.0,86.0,-142.0,-6850000000000001.0,-1630000000000000.0,8480000000000000.0,6.845e+16,1.111e+16,-8.539e+16,gcmt
B032387B,1987-03-23T20:47:59,-72.84,-34.32,51.2,5.1,mw,0.09,0.08,5.2,,31.0,41.0,125.0,169.0,58.0,64.0,5.032e+16,1.457e+16,-6.49e+16,1.574e+16,-2.132e+16,-1.332e+16,gcmt
B051087B,1987-05-10T15:16:28,-65.19,-30.95,186.4,5.4,mw,0.07,0.06,2.2,,78.0,69.0,-163.0,341.0,74.0,-22.0,-1.89e+16,8.49e+16,-6.59e+16,-3.17e+16,-7.48e+16,-1.2430000000000002e+17,gcmt
B051987B,1987-05-19T12:56:34,-72.07,-30.71,22.8,6.1,mw,0.02,0.02,1.3,,355.0,32.0,88.0,177.0,58.0,91.0,1.578e+18,5.16e+17,-2.0950000000000003e+18,3e+16,-8.73e+17,1.78e+17,gcmt
B072987B,1987-07-29T15:22:38,-66.96,-28.33,150.7,5.4,mw,0.09,0.08,2.8,,332.0,44.0,-82.0,141.0,47.0,-97.0,-1.1559999999999998e+17,1.31e+16,1.0249999999999998e+17,-9500000000000000.0,4399999999999999.5,-1.091e+17,gcmt
B080487A,1987-08-04T15:04:42,-73.66,-40.63,64.5,5.4,mw,0.06,0.03,2.9,,84.0,48.0,32.0,331.0,67.0,133.0,7.807e+16,-9.710000000000002e+16,1.904e+16,-7540000000000000.0,7.233e+16,8.77e+16,gcmt
C081587D,1987-08-15T18:04:33,-71.37,-28.25,44.2,6.4,mw,0.02,0.02,1.1,,20.0,30.0,110.0,176.0,62.0,78.0,3.518e+18,2.57e+17,-3.775e+18,5.22e+17,-2.34e+18,-5.5000000000000006e+17,gcmt
B091187B,1987-09-11T04:02:06,-71.02,-31.67,114.2,5.2,mw,0.11,0.06,4.5,,52.0,10.0,-39.0,181.0,84.0,-98.0,-1.804e+16,8580000000000000.0,9470000000000000.0,-1170000000000000.0,6.666e+16,8860000000000000.0,gcmt
B091387C,1987-09-13T20:08:53,-70.0,-34.59,15.0,5.9,mw,0.04,0.03,0.0,,27.0,58.0,176.0,119.0,87.0,32.0,-2199999999999999.8,5.529e+17,-5.5069999999999994e+17,4.011e+17,-1.2410000000000002e+17,3.47e+17,gcmt
B112987A,1987-11-29T07:57:22,-76.57,-45.87,15.0,5.4,mw,0.07,0.06,0.0,,154.0,37.0,-95.0,340.0,53.0,-86.0,-1.599e+17,6800000000000000.0,1.531e+17,1.23e+16,-4.96e+16,-7.26e+16,gcmt
B122887A,1987-12-28T08:16:28,-71.45,-28.27,44.2,5.9,mw,0.03,0.04,2.3,,20.0,31.0,114.0,173.0,62.0,76.0,6.36e+17,1.464e+17,-7.824e+17,1.131e+17,-4.449e+17,-8.97e+16,gcmt
B123087A,1987-12-30T11:56:28,-71.01,-34.74,111.6,5.4,mw,0.06,0.07,3.4,,126.0,21.0,-171.0,27.0,87.0,-69.0,-1.7299999999999998e+16,-4.46e+16,6.19e+16,-7.35e+16,-1.365e+17,-2.61e+16,gcmt
B031388A,1988-03-13T11:31:35,-73.07,-33.82,15.0,5.8,mw,0.04,0.04,0.0,,38.0,28.0,138.0,166.0,72.0,68.0,3.808e+17,1.039e+17,-4.848e+17,1.965e+17,-4.954e+17,-1.2729999999999998e+17,gcmt
B050588C,1988-05-05T17:39:26,-71.23,-29.57,72.1,5.4,mw,0.05,0.05,5.5,,0.0,3.0,53.0,217.0,87.0,92.0,8100000000000000.0,5100000000000000.0,-1.32e+16,-8.61e+16,-1.176e+17,-1.35e+16,gcmt
B052188B,1988-05-21T14:28:49,-71.57,-32.92,15.0,6.1,mw,0.09,0.05,0.0,,64.0,4.0,159.0,175.0,89.0,87.0,1.62e+17,-1.3500000000000002e+17,-2.7e+16,1.85e+17,-1.81e+18,-1.23e+17,gcmt
B052388A,1988-05-23T00:28:12,-68.9,-28.87,105.7,5.4,mw,0.06,0.05,2.9,,320.0,29.0,-90.0,140.0,61.0,-90.0,-1.293e+17,5.06e+16,7.86e+16,-5.570000000000001e+16,6.5e+16,-8.46e+16,gcmt
C081488C,1988-08-14T17:53:18,-71.23,-27.31,38.9,6.6,mw,0.02,0.02,1.4,,326.0,16.0,31.0,206.0,82.0,103.0,2.425e+18,2.496e+18,-4.921e+18,-4.62e+18,-9.604e+18,-4.17e+17,gcmt
B081788E,1988-08-17T14:26:08,-70.85,-27.0,15.0,5.5,mw,0.18,0.11,0.0,,56.0,10.0,152.0,173.0,85.0,81.0,3.11e+16,7000000000000001.0,-3.81e+16,2.57e+16,-1.964e+17,-2.59e+16,gcmt
B111488C,1988-11-14T16:55:38,-72.21,-32.76,50.6,5.1,mw,0.1,0.07,5.5,,347.0,27.0,96.0,160.0,63.0,87.0,5.246000000000001e+16,-1.422e+16,-3.825e+16,1.405e+16,-3.085e+16,7550000000000000.0,gcmt
B011589A,1989-01-15T01:27:52,-71.72,-31.69,15.0,5.4,mw,0.0,0.0,0.0,,336.0,10.0,113.0,133.0,81.0,86.0,5.649999999999999e+16,-1.94e+16,-3.71e+16,1.1319999999999998e+17,-1.002e+17,1.57e+16,gcmt
B022189B,1989-02-21T22:08:55,-78.44,-44.96,15.0,5.5,mw,0.1,0.04,0.0,,98.0,20.0,-80.0,268.0,71.0,-94.0,-1.3700000000000002e+17,1.607e+17,-2.36e+16,1.85e+17,9600000000000000.0,-7800000000000000.0,gcmt
B022489C,1989-02-24T12:36:48,-71.83,-39.26,15.0,5.2,mw,0.09,0.1,0.0,,110.0,62.0,23.0,9.0,70.0,150.0,2.3650000000000004e+16,2.289e+16,-4.654e+16,4.16e+16,3.467e+16,6.386999999999999e+16,gcmt
B040189A,1989-04-01T21:58:18,-70.19,-32.86,119.0,5.3,mw,0.08,0.04,3.2,,158.0,18.0,-122.0,10.0,75.0,-80.0,-4.807e+16,-1.821e+16,6.628e+16,-1.821e+16,-9.198e+16,-3970000000000000.0,gcmt
B041389A,1989-04-13T00:43:10,-75.07,-39.96,15.0,5.8,mw,0.04,0.03,0.0,,204.0,34.0,-51.0,339.0,64.0,-113.0,-4.21e+17,-6.12e+16,4.822e+17,2.237e+17,-2.672e+17,2.3e+16,gcmt
B041789A,1989-04-17T04:55:28,-71.85,-30.92,15.0,5.2,mw,0.13,0.12,0.0,,351.0,23.0,85.0,176.0,67.0,92.0,4.434e+16,1.649e+16,-6.083e+16,3410000000000000.5,-5.019e+16,7980000000000000.0,gcmt
B061789A,1989-06-17T18:28:14,-75.21,-41.1,15.0,5.6,mw,0.13,0.07,0.0,,247.0,34.0,-28.0,1.0,75.0,-121.0,-1.319e+17,5.26e+16,7.93e+16,8.03e+16,-2.141e+17,1.23e+17,gcmt
B062489B,1989-06-24T12:58:47,-66.2,-28.53,21.0,5.5,mw,0.05,0.05,0.0,,88.0,77.0,-172.0,357.0,82.0,-13.0,-1.35e+16,2.39e+16,-1.04e+16,-2.55e+16,-4.5e+16,-1.961e+17,gcmt
B102389C,1989-10-23T23:41:36,-66.39,-27.51,175.8,5.3,mw,0.06,0.06,2.1,,179.0,55.0,-29.0,286.0,66.0,-142.0,-5.292e+16,3380000000000000.0,4.954e+16,5.952e+16,2.396e+16,-8.44e+16,gcmt
B111489B,1989-11-14T06:08:01,-71.51,-27.72,55.2,5.4,mw,0.08,0.13,7.9,,202.0,51.0,140.0,319.0,60.0,46.0,9.1e+16,3.33e+16,-1.2430000000000002e+17,-1.0169999999999998e+17,-800000000000000.0,2.34e+16,gcmt
B040290A,1990-04-02T13:56:37,-72.63,-33.04,15.0,5.6,mw,0.05,0.04,0.0,,6.0,36.0,106.0,167.0,56.0,79.0,2.918e+17,6.889999999999999e+16,-3.607e+17,5.19e+16,-1.147e+17,3.06e+16,gcmt
B042190B,1990-04-21T18:54:56,-73.79,-37.28,19.9,5.8,mw,0.05,0.04,2.4,,352.0,17.0,80.0,183.0,73.0,93.0,3.555e+17,2.45e+16,-3.8e+17,-3.99e+16,-5.4349999999999994e+17,1.29e+16,gcmt
B042290A,1990-04-22T20:25:27,-73.6,-38.07,31.0,5.6,mw,0.05,0.04,2.6,,347.0,16.0,81.0,177.0,74.0,93.0,1.84e+17,7800000000000000.0,-1.919e+17,1.34e+16,-2.978e+17,2.8299999999999996e+16,gcmt
C051490C,1990-05-14T21:34:09,-71.34,-35.89,92.0,6.1,mw,0.02,0.02,1.6,,273.0,40.0,19.0,168.0,78.0,128.0,5.77e+17,-5.92e+17,1.4e+16,-1.64e+17,-1.458e+18,1.059e+18,gcmt
B062990B,1990-06-29T06:31:30,-68.83,-28.66,117.3,5.3,mw,0.09,0.06,3.5,,321.0,36.0,-80.0,129.0,55.0,-97.0,-9.596e+16,4.807e+16,4.789e+16,-3.015e+16,1.314e+16,-3.843e+16,gcmt
B080290A,1990-08-02T05:24:14,-72.2,-32.14,35.1,6.0,mw,0.04,0.03,1.8,,2.0,27.0,95.0,177.0,63.0,87.0,1.0149999999999999e+18,1.09e+17,-1.1240000000000001e+18,6.5e+16,-7.95e+17,1.3e+16,gcmt
B090490F,1990-09-04T23:15:18,-68.66,-30.92,118.4,5.7,mw,0.04,0.04,1.1,,215.0,44.0,-92.0,37.0,46.0,-88.0,-4.189e+17,1.276e+17,2.913e+17,-1.53e+16,-8300000000000000.0,2.503e+17,gcmt
B101190A,1990-10-11T04:25:28,-72.07,-34.17,15.0,5.4,mw,0.1,0.08,0.0,,329.0,11.0,58.0,182.0,81.0,96.0,5.3e+16,-5500000000000000.0,-4.76e+16,-1e+16,-1.539e+17,1.4399999999999998e+16,gcmt
B103190A,1990-10-31T14:39:35,-71.07,-27.05,73.3,5.5,mw,0.05,0.03,2.1,,74.0,50.0,-140.0,315.0,60.0,-48.0,-1.544e+17,2.275e+17,-7.31e+16,1.55e+16,-1.008e+17,-8.81e+16,gcmt
B122190F,1990-12-21T18:31:50,-69.7,-32.71,130.1,5.4,mw,0.05,0.04,2.0,,289.0,47.0,-7.0,24.0,85.0,-137.0,-2.8499999999999996e+16,9.75e+16,-6.899999999999999e+16,-5.15e+16,-1.004e+17,9.67e+16,gcmt
B031591A,1991-03-15T18:51:08,-68.61,-28.86,124.5,5.2,mw,0.07,0.06,3.6,,345.0,25.0,-68.0,140.0,67.0,-100.0,-5.792e+16,9210000000000000.0,4.871000000000001e+16,-4.125e+16,4.275e+16,-3.051e+16,gcmt
B051891A,1991-05-18T06:57:29,-75.45,-40.59,15.0,5.4,mw,0.12,0.09,0.0,,242.0,61.0,-27.0,346.0,67.0,-149.0,-7.09e+16,-5.84e+16,1.293e+17,5.36e+16,-3.87e+16,1.0129999999999998e+17,gcmt
B060391B,1991-06-03T05:05:21,-75.75,-40.77,15.0,5.5,mw,0.07,0.06,0.0,,345.0,46.0,-146.0,229.0,66.0,-49.0,-1.475e+17,-9.36e+16,2.411e+17,7.12e+16,7.38e+16,1.423e+17,gcmt
B081891D,1991-08-18T21:52:13,-71.9,-31.95,46.3,5.2,mw,0.11,0.07,7.2,,312.0,18.0,37.0,186.0,79.0,105.0,2.802e+16,8050000000000000.0,-3.607e+16,-9880000000000000.0,-7.311e+16,1.715e+16,gcmt
B091591E,1991-09-15T22:56:26,-69.96,-31.58,123.2,5.8,mw,0.03,0.02,1.1,,262.0,87.0,0.0,172.0,90.0,177.0,1.17e+16,-1.936e+17,1.819e+17,4500000000000000.0,-3.22e+16,6.721e+17,gcmt
B120191C,1991-12-01T22:41:23,-69.55,-32.03,114.0,5.4,mw,0.06,0.06,1.9,,197.0,46.0,-121.0,58.0,52.0,-62.0,-1.074e+17,2.52e+16,8.21e+16,-2.26e+16,600000000000000.0,1.199e+17,gcmt
B041092B,1992-04-10T09:33:12,-71.7,-33.68,32.0,5.1,mw,0.16,0.12,0.0,,248.0,57.0,-172.0,154.0,83.0,-33.0,-140000000000000.0,3.587e+16,-3.573e+16,-890000000000000.0,3.499e+16,-2.812e+16,gcmt
B050392B,1992-05-03T03:40:42,-71.66,-32.36,61.0,5.5,mw,0.05,0.04,0.0,,275.0,4.0,23.0,162.0,88.0,94.0,2.31e+16,-2.9e+16,5900000000000000.0,6.59e+16,-2.0710000000000003e+17,4200000000000000.5,gcmt
B051892B,1992-05-18T03:02:26,-72.03,-33.61,15.0,6.1,mw,0.0,0.0,0.0,,19.0,8.0,120.0,169.0,83.0,86.0,4.69e+17,-9.7e+16,-3.73e+17,3.37e+17,-1.655e+18,-7.000000000000001e+16,gcmt
B052292A,1992-05-22T01:20:43,-72.42,-33.84,34.3,5.5,mw,0.04,0.04,2.4,,0.0,21.0,92.0,178.0,69.0,89.0,1.865e+17,-1.54e+16,-1.711e+17,6600000000000000.0,-1.971e+17,1200000000000000.0,gcmt
B081492D,1992-08-14T20:09:01,-65.11,-30.91,200.7,5.1,mw,0.07,0.08,2.6,,86.0,14.0,-145.0,322.0,82.0,-79.0,-1.855e+16,2.0139999999999996e+16,-1590000000000000.0,3.682e+16,-5.082e+16,-9860000000000000.0,gcmt
B100192D,1992-10-01T08:18:52,-74.96,-39.04,15.0,5.5,mw,0.0,0.0,0.0,,35.0,42.0,-51.0,167.0,58.0,-120.0,-1.469e+17,-3.8e+16,1.849e+17,-5.729999999999999e+16,6.08e+16,4.29e+16,gcmt
B102992F,1992-10-29T14:39:20,-71.29,-29.5,53.5,5.3,mw,0.07,0.05,6.1,,130.0,17.0,-11.0,231.0,87.0,-107.0,-2.953e+16,3.76e+16,-8070000000000001.0,6.397e+16,8.022e+16,-3.224e+16,gcmt
B110192F,1992-11-01T09:36:50,-69.51,-29.06,118.7,5.4,mw,0.04,0.03,2.0,,341.0,17.0,-72.0,142.0,74.0,-95.0,-9.043e+16,3.096e+16,5.947e+16,-7.981e+16,9.15e+16,-9520000000000000.0,gcmt
B110492E,1992-11-04T21:32:41,-72.21,-31.98,19.2,6.0,mw,0.03,0.02,1.4,,0.0,28.0,93.0,177.0,62.0,89.0,1.0760000000000001e+18,-2.3e+16,-1.053e+18,5.6e+16,-7.33e+17,3e+16,gcmt
B111792B,1992-11-17T04:24:23,-71.63,-30.85,54.7,5.3,mw,0.04,0.05,2.3,,0.0,32.0,106.0,161.0,60.0,80.0,9.212999999999998e+16,2540000000000000.0,-9.467e+16,2.521e+16,-4.781e+16,1.776e+16,gcmt
C112892B,1992-11-28T03:13:38,-72.08,-31.59,22.3,6.4,mw,0.01,0.01,1.1,,51.0,52.0,-177.0,319.0,87.0,-38.0,-8.42e+17,4.764e+18,-3.921e+18,2.736e+18,-2.11e+18,-1.185e+18,gcmt
B122992C,1992-12-29T20:31:48,-67.15,-31.55,144.4,5.4,mw,0.13,0.11,4.6,,139.0,26.0,-112.0,343.0,66.0,-80.0,-8.853e+16,-1070000000000000.0,8.960000000000002e+16,2.374e+16,-8.882999999999998e+16,-6.148e+16,gcmt
B010193C,1993-01-01T09:56:34,-71.66,-31.93,22.2,5.3,mw,0.07,0.07,3.1,,356.0,19.0,92.0,174.0,71.0,89.0,7.022e+16,-1.058e+16,-5.963e+16,9310000000000000.0,-8.224e+16,4050000000000000.5,gcmt
B031793A,1993-03-17T04:35:58,-75.37,-38.67,15.0,5.6,mw,0.05,0.04,0.0,,224.0,30.0,-37.0,348.0,72.0,-115.0,-1.572e+17,-6.33e+16,2.2040000000000003e+17,7.39e+16,-2.148e+17,7.56e+16,gcmt
B031993B,1993-03-19T01:48:12,-71.58,-27.04,15.0,5.9,mw,0.02,0.03,0.0,,351.0,19.0,91.0,170.0,71.0,90.0,5.6900000000000006e+17,4.78e+16,-6.168e+17,1.321e+17,-7.488e+17,1.177e+17,gcmt
B031993G,1993-03-19T16:01:14,-71.56,-27.02,15.0,5.3,mw,0.05,0.07,0.0,,339.0,32.0,72.0,181.0,60.0,101.0,8.199e+16,1.411e+16,-9.611e+16,-7000000000000000.0,-5.035e+16,1.815e+16,gcmt
B060193C,1993-06-01T15:53:51,-77.64,-46.0,15.0,5.9,mw,0.03,0.02,0.0,,172.0,73.0,16.0,77.0,75.0,162.0,1.86e+16,2.8650000000000003e+17,-3.051e+17,3.536e+17,-2.281e+17,-7.769e+17,gcmt
C060893F,1993-06-08T23:17:47,-69.13,-31.62,124.5,6.3,mw,0.02,0.01,0.6,,40.0,41.0,-95.0,226.0,49.0,-86.0,-2.988e+18,1.386e+18,1.601e+18,4.03e+17,2.08e+17,1.768e+18,gcmt
B071693C,1993-07-16T21:21:35,-72.56,-33.32,19.2,5.6,mw,0.04,0.04,2.2,,7.0,18.0,111.0,164.0,73.0,83.0,1.913e+17,1.27e+16,-2.041e+17,8.7e+16,-2.714e+17,1.82e+16,gcmt
B071793A,1993-07-17T01:35:45,-71.58,-30.03,67.4,5.7,mw,0.04,0.03,3.9,,342.0,10.0,46.0,207.0,83.0,97.0,9.22e+16,2.48e+16,-1.17e+17,-1.716e+17,-3.34e+17,-1.45e+16,gcmt
B103093E,1993-10-30T17:59:08,-68.16,-31.77,125.6,5.8,mw,0.02,0.02,0.8,,180.0,41.0,-125.0,43.0,58.0,-64.0,-5.091e+17,-2500000000000000.0,5.1159999999999994e+17,-2.775e+17,-8.2e+16,2.3570000000000003e+17,gcmt
B120493E,1993-12-04T23:16:59,-72.22,-33.57,28.8,5.6,mw,0.07,0.07,3.5,,35.0,16.0,140.0,163.0,80.0,77.0,1.159e+17,1.79e+16,-1.338e+17,1.016e+17,-2.758e+17,-3.2e+16,gcmt
B041694D,1994-04-16T09:55:26,-71.84,-32.23,31.3,5.6,mw,0.03,0.03,2.1,,10.0,26.0,108.0,171.0,65.0,81.0,2.35e+17,0.0,-2.35e+17,5.12e+16,-1.875e+17,-3700000000000000.0,gcmt
B042894B,1994-04-28T16:44:57,-75.72,-39.95,15.0,5.5,mw,0.04,0.04,0.0,,225.0,51.0,-44.0,346.0,57.0,-132.0,-1.66e+17,-6.7e+16,2.33e+17,9.17e+16,-4.85e+16,8.7e+16,gcmt
B061694B,1994-06-16T00:47:27,-71.96,-32.99,36.0,5.1,mw,0.12,0.11,0.0,,10.0,22.0,112.0,166.0,70.0,81.0,3.409e+16,-2630000000000000.0,-3.146e+16,1.205e+16,-3.362e+16,190000000000000.0,gcmt
B081494F,1994-08-14T10:58:26,-71.42,-29.82,47.8,5.4,mw,0.05,0.05,4.7,,340.0,24.0,14.0,237.0,85.0,113.0,3.95e+16,4.38e+16,-8.33e+16,-1.502e+17,-6.999999999999999e+16,-2.68e+16,gcmt
B091294B,1994-09-12T06:30:01,-72.13,-31.26,47.3,5.9,mw,0.02,0.02,1.6,,306.0,21.0,51.0,167.0,74.0,103.0,3.786e+17,-1.14e+16,-3.671e+17,1.391e+17,-6.761e+17,3.028e+17,gcmt
B091494C,1994-09-14T05:02:18,-72.09,-31.23,28.4,5.4,mw,0.04,0.04,2.5,,26.0,32.0,131.0,160.0,66.0,68.0,1.1140000000000002e+17,3.84e+16,-1.499e+17,5.19e+16,-9.2e+16,-4700000000000000.0,gcmt
B091794D,1994-09-17T12:22:20,-72.01,-32.48,18.8,5.7,mw,0.02,0.02,1.1,,11.0,26.0,83.0,199.0,64.0,93.0,2.933e+17,5500000000000000.0,-2.988e+17,-8.63e+16,-2.241e+17,-9.24e+16,gcmt
B092294C,1994-09-22T14:24:38,-71.9,-32.07,27.0,5.4,mw,0.07,0.05,0.0,,61.0,36.0,21.0,314.0,78.0,124.0,6.07e+16,-1.331e+17,7.24e+16,-8.95e+16,1.0169999999999998e+17,3.31e+16,gcmt
B101194A,1994-10-11T01:37:25,-71.91,-32.22,57.8,5.7,mw,0.02,0.02,1.6,,284.0,33.0,37.0,162.0,71.0,118.0,2.887e+17,-2.085e+17,-8.02e+16,-4.57e+16,-3.705e+17,1.722e+17,gcmt
B102094A,1994-10-20T01:15:20,-70.8,-39.19,170.2,5.9,mw,0.02,0.01,0.4,,234.0,15.0,161.0,343.0,85.0,76.0,1.434e+17,1.437e+17,-2.87e+17,-2.767e+17,8.699999999999999e+17,-1.3839999999999998e+17,gcmt
B032395B,1995-03-23T09:18:25,-72.81,-36.33,15.0,5.5,mw,0.09,0.06,0.0,,21.0,6.0,120.0,170.0,85.0,87.0,2.17e+16,2.91e+16,-5.09e+16,3.29e+16,-1.986e+17,2500000000000000.0,gcmt
B042895A,1995-04-28T02:04:24,-71.99,-32.06,20.8,5.1,mw,0.09,0.1,4.0,,126.0,42.0,61.0,342.0,54.0,114.0,6.829e+16,-3.449e+16,-3.379e+16,2.317e+16,3.162e+16,1.079e+16,gcmt
B052895F,1995-05-28T19:59:13,-71.77,-29.39,42.0,5.5,mw,0.03,0.03,0.0,,170.0,19.0,88.0,352.0,71.0,91.0,1.332e+17,-2400000000000000.0,-1.308e+17,-2.14e+16,1.658e+17,2.03e+16,gcmt
B060295B,1995-06-02T19:07:24,-71.64,-31.72,92.1,5.5,mw,0.03,0.02,1.9,,166.0,14.0,-73.0,328.0,76.0,-94.0,-9.64e+16,-1.16e+16,1.08e+17,1.178e+17,-1.934e+17,-7.45e+16,gcmt
B070195B,1995-07-01T09:14:56,-72.84,-34.14,29.8,5.2,mw,0.06,0.06,3.8,,7.0,24.0,108.0,168.0,67.0,82.0,5.969e+16,-1.03e+16,-4.938e+16,1.746e+16,-5.079e+16,-550000000000000.0,gcmt
B080395E,1995-08-03T08:19:01,-69.22,-28.26,121.2,5.8,mw,0.02,0.01,0.7,,338.0,36.0,-100.0,170.0,54.0,-83.0,-6.17e+17,8.65e+16,5.305e+17,1.9e+16,2.035e+17,-1.3999999999999998e+17,gcmt
B091795B,1995-09-17T07:25:33,-74.47,-35.61,15.0,5.6,mw,0.03,0.03,0.0,,184.0,42.0,-124.0,46.0,56.0,-63.0,-2.2879999999999997e+17,1.85e+16,2.1030000000000003e+17,-1.167e+17,-1.15e+16,1.125e+17,gcmt
B100195A,1995-10-01T12:50:18,-71.76,-31.33,89.7,5.4,mw,0.05,0.02,3.1,,180.0,18.0,-74.0,344.0,73.0,-95.0,-6.48e+16,-2.24e+16,8.72e+16,3.32e+16,-1.099e+17,-2.14e+16,gcmt
B100395J,1995-10-03T16:08:20,-72.65,-30.86,23.3,5.7,mw,0.03,0.04,1.9,,9.0,41.0,104.0,171.0,51.0,79.0,3.541e+17,7.67e+16,-4.308e+17,4.62e+16,-6.879999999999999e+16,4299999999999999.5,gcmt
B103195A,1995-10-31T01:56:04,-71.45,-28.91,15.0,5.7,mw,0.03,0.03,0.0,,20.0,11.0,128.0,162.0,81.0,83.0,1.23e+17,6.53e+16,-1.883e+17,1.412e+17,-4.378e+17,1.7199999999999998e+16,gcmt
C110195A,1995-11-01T00:35:40,-71.68,-29.11,22.0,6.6,mw,0.01,0.01,0.0,,6.0,25.0,111.0,163.0,67.0,80.0,7.87e+18,8.3e+17,-8.699999999999999e+18,2.831e+18,-7.203e+18,1.0209999999999999e+18,gcmt
B112195D,1995-11-21T18:17:09,-72.3,-33.33,16.2,5.7,mw,0.02,0.03,1.2,,355.0,20.0,84.0,181.0,71.0,92.0,2.851e+17,-1.14e+16,-2.737e+17,-1.4199999999999998e+16,-3.457e+17,9700000000000000.0,gcmt
B113095B,1995-11-30T13:15:44,-71.48,-27.93,15.0,5.7,mw,0.02,0.02,0.0,,12.0,21.0,109.0,171.0,70.0,83.0,2.968e+17,1.62e+16,-3.131e+17,7.45e+16,-3.561e+17,-7199999999999999.0,gcmt
B021996E,1996-02-19T07:10:14,-76.02,-42.45,15.0,6.0,mw,0.02,0.02,0.0,,201.0,27.0,-85.0,15.0,63.0,-93.0,-7.382e+17,-1.738e+17,9.119999999999999e+17,-1.619e+17,-6.145e+17,3.822e+17,gcmt
B022296C,1996-02-22T13:40:57,-72.0,-33.53,50.0,5.9,mw,0.02,0.01,0.0,,93.0,40.0,49.0,321.0,61.0,119.0,5.769e+17,-5.615e+17,-1.54e+16,-1.0189999999999998e+17,3.726e+17,3.827e+17,gcmt
B031196C,1996-03-11T11:56:11,-71.45,-42.34,134.4,5.3,mw,0.05,0.03,1.5,,208.0,13.0,40.0,79.0,82.0,100.0,1.55e+16,-4.06e+16,2.51e+16,1.113e+17,2.8399999999999996e+16,-3.69e+16,gcmt
B042596A,1996-04-25T04:51:22,-71.52,-30.24,72.6,5.2,mw,0.08,0.06,5.0,,7.0,42.0,-82.0,177.0,48.0,-97.0,-8.548e+16,1.839e+16,6.708e+16,-9030000000000000.0,8850000000000000.0,2060000000000000.0,gcmt
B081496F,1996-08-14T21:23:49,-72.81,-42.36,33.0,5.2,mw,0.11,0.1,0.0,,215.0,29.0,-11.0,314.0,85.0,-119.0,-6950000000000000.0,-3.253e+16,3.948e+16,3.276e+16,-5.418999999999999e+16,-2.383e+16,gcmt
C090996A,1996-09-09T00:20:45,-71.94,-32.06,49.0,5.9,mw,0.01,0.01,0.0,,334.0,40.0,55.0,196.0,58.0,116.0,7.549e+17,2.1669999999999997e+17,-9.717e+17,-2.657e+17,-3.075e+17,8.27e+16,gcmt
B021097B,1997-02-10T10:52:15,-68.31,-32.98,151.6,5.3,mw,0.08,0.07,2.6,,317.0,15.0,-31.0,77.0,82.0,-103.0,-2.933e+16,3.3929999999999996e+16,-4600000000000000.0,-9.537000000000002e+16,-2.6469999999999996e+16,-1.6220000000000002e+16,gcmt
C030997B,1997-03-09T11:43:51,-71.52,-29.91,43.0,6.1,mw,0.01,0.01,0.0,,6.0,34.0,86.0,191.0,57.0,93.0,1.89e+18,2000000000000000.0,-1.892e+18,-2.09e+17,-7.88e+17,-3.04e+17,gcmt
B031097A,1997-03-10T03:53:08,-71.58,-30.11,49.6,5.6,mw,0.02,0.02,1.5,,10.0,38.0,94.0,184.0,52.0,87.0,3.564e+17,-6.62e+16,-2.902e+17,1.09e+16,-8.04e+16,-2.8399999999999996e+16,gcmt
B032597A,1997-03-25T00:14:50,-70.62,-33.45,89.9,5.5,mw,0.04,0.03,2.4,,158.0,59.0,-161.0,58.0,74.0,-33.0,-6.04e+16,-1.123e+17,1.727e+17,-1.1279999999999998e+17,-8000000000000000.0,1.068e+17,gcmt
B042097B,1997-04-20T19:53:22,-70.39,-33.85,115.5,5.6,mw,0.03,0.02,1.2,,181.0,13.0,-93.0,4.0,77.0,-89.0,-1.077e+17,-3e+16,1.3779999999999998e+17,-1.85e+16,-2.5219999999999997e+17,8300000000000000.0,gcmt
B051797B,1997-05-17T02:10:26,-70.06,-27.06,121.1,5.5,mw,0.04,0.03,1.6,,251.0,23.0,-168.0,150.0,85.0,-67.0,-4.66e+16,1.03e+17,-5.639999999999999e+16,-8.46e+16,1.991e+17,-3.94e+16,gcmt
B060997C,1997-06-09T14:45:29,-71.83,-32.08,67.3,5.1,mw,0.08,0.08,8.1,,266.0,39.0,-9.0,3.0,85.0,-129.0,-1.055e+16,-1360000000000000.0,1.191e+16,-8400000000000000.0,-4.72e+16,4.082e+16,gcmt
B061997F,1997-06-19T12:21:07,-70.19,-33.15,115.9,5.4,mw,0.04,0.03,2.0,,150.0,24.0,-137.0,20.0,74.0,-72.0,-7.006e+16,-9930000000000000.0,7.998e+16,-5.121000000000001e+16,-9.756e+16,-1.321e+16,gcmt
B070497E,1997-07-04T23:52:04,-76.92,-45.63,15.0,5.2,mw,0.06,0.04,0.0,,264.0,90.0,-180.0,354.0,90.0,0.0,-2.348e+16,2.969e+16,-6220000000000000.0,0.0,0.0,-7.983e+16,gcmt
C070697A,1997-07-06T09:54:09,-72.21,-30.22,15.0,6.8,mw,0.0,0.01,0.0,,0.0,21.0,92.0,178.0,69.0,89.0,1.315e+19,-8.8e+17,-1.227e+19,6.5e+17,-1.448e+19,1.7e+17,gcmt
B070697D,1997-07-06T23:15:23,-72.46,-30.26,15.0,5.7,mw,0.02,0.02,0.0,,352.0,24.0,80.0,183.0,66.0,95.0,3.727e+17,2.25e+16,-3.952e+17,-3.22e+16,-3.46e+17,1.85e+16,gcmt
B071997C,1997-07-19T12:23:03,-72.05,-29.54,32.9,5.9,mw,0.02,0.02,1.2,,315.0,47.0,40.0,195.0,62.0,129.0,4.92e+17,1.913e+17,-6.833e+17,-2.901e+17,-2.58e+17,2.5019999999999997e+17,gcmt
B072197G,1997-07-21T17:54:21,-72.52,-29.86,15.0,5.4,mw,0.05,0.04,0.0,,14.0,22.0,109.0,173.0,70.0,83.0,1.171e+17,-1.29e+16,-1.042e+17,2.51e+16,-1.24e+17,-8799999999999999.0,gcmt
B072197H,1997-07-21T23:19:49,-71.79,-30.72,15.0,5.9,mw,0.05,0.03,0.0,,29.0,27.0,123.0,173.0,67.0,74.0,5.858e+17,1.049e+17,-6.908e+17,1.44e+17,-5.884e+17,-1.3700000000000002e+17,gcmt
B072297A,1997-07-22T02:09:35,-72.38,-30.71,15.0,5.4,mw,0.06,0.06,0.0,,14.0,21.0,59.0,227.0,72.0,101.0,1.115e+17,-3.31e+16,-7.84e+16,-1.038e+17,-6.34e+16,-4500000000000000.0,gcmt
B072497A,1997-07-24T19:54:43,-72.63,-30.63,15.0,5.7,mw,0.02,0.02,0.0,,0.0,31.0,91.0,179.0,59.0,89.0,3.26e+17,2.48e+16,-3.508e+17,7000000000000001.0,-1.768e+17,4800000000000000.0,gcmt
C072597A,1997-07-25T06:47:06,-72.37,-30.54,15.0,6.0,mw,0.01,0.01,0.0,,345.0,26.0,78.0,178.0,65.0,96.0,1.158e+18,-8e+16,-1.079e+18,-4.5e+16,-9.27e+17,1.53e+17,gcmt
C072597B,1997-07-25T07:33:37,-72.3,-30.69,15.0,6.0,mw,0.04,0.04,0.0,,358.0,25.0,79.0,191.0,66.0,95.0,1.0880000000000001e+18,-7.9e+16,-1.01e+18,-2.3e+17,-8.91e+17,-6.2e+16,gcmt
C072797A,1997-07-27T05:21:33,-72.41,-30.64,15.0,6.3,mw,0.01,0.01,0.0,,354.0,19.0,86.0,178.0,71.0,91.0,1.917e+18,-1.14e+17,-1.803e+18,5.3e+16,-2.347e+18,1.27e+17,gcmt
B072997A,1997-07-29T00:31:21,-72.96,-30.87,42.2,5.2,mw,0.07,0.1,5.8,,340.0,46.0,65.0,194.0,49.0,114.0,4.938e+16,3.316e+16,-8.254e+16,-5690000000000000.0,-3930000000000000.0,4820000000000000.0,gcmt
B080697D,1997-08-06T22:50:11,-71.89,-30.67,15.0,5.5,mw,0.0,0.0,0.0,,339.0,5.0,63.0,186.0,85.0,92.0,6.06e+16,-3.27e+16,-2.7900000000000004e+16,-3e+16,-2.5219999999999997e+17,1.17e+16,gcmt
B081897B,1997-08-18T12:24:30,-72.42,-30.08,15.0,5.7,mw,0.02,0.02,0.0,,4.0,24.0,96.0,177.0,66.0,87.0,3.147e+17,-1.83e+16,-2.964e+17,2.38e+16,-2.769e+17,-3400000000000000.0,gcmt
C101597A,1997-10-15T01:03:42,-71.42,-31.06,69.8,7.1,mw,0.01,0.01,0.5,,315.0,12.0,-128.0,173.0,80.0,-83.0,-1.588e+19,1.69e+18,1.419e+19,-4.51e+18,4.588e+19,-7.99e+18,gcmt
B110597B,1997-11-05T06:09:13,-78.73,-44.54,15.0,5.6,mw,0.04,0.04,0.0,,80.0,75.0,-173.0,349.0,84.0,-15.0,-1.4299999999999998e+16,9.97e+16,-8.54e+16,-1.57e+16,-7.48e+16,-2.387e+17,gcmt
B110997B,1997-11-09T20:23:41,-72.18,-30.06,32.1,5.3,mw,0.12,0.13,10.7,,325.0,29.0,32.0,206.0,75.0,115.0,4.698e+16,1.825e+16,-6.524e+16,-4.821e+16,-6.347000000000001e+16,1.123e+16,gcmt
B121897B,1997-12-18T12:30:07,-72.92,-41.99,44.2,5.2,mw,0.16,0.07,7.7,,87.0,27.0,37.0,323.0,74.0,112.0,3.339e+16,-3.686e+16,3470000000000000.0,-2.8889999999999996e+16,4.644e+16,2.567e+16,gcmt
C011298G,1998-01-12T10:14:15,-71.87,-31.25,35.0,6.6,mw,0.01,0.01,0.0,,355.0,27.0,91.0,174.0,63.0,90.0,6.913e+18,9.1e+16,-7.004e+18,5.5600000000000006e+17,-5.18e+18,6.83e+17,gcmt
B011498D,1998-01-14T06:35:48,-68.16,-31.82,134.5,5.2,mw,0.08,0.06,3.0,,176.0,31.0,-123.0,34.0,65.0,-72.0,-6.84e+16,1.306e+16,5.534e+16,-4.489e+16,-2.975e+16,4830000000000000.0,gcmt
C040198D,1998-04-01T22:43:05,-75.37,-40.64,15.0,6.7,mw,0.01,0.01,0.0,,199.0,44.0,-88.0,17.0,46.0,-92.0,-1.18e+19,8.1e+17,1.099e+19,1.5e+17,-3.5000000000000006e+17,3.72e+18,gcmt
B050898E,1998-05-08T17:42:17,-78.08,-45.15,15.0,5.3,mw,0.2,0.15,0.0,,158.0,55.0,-17.0,258.0,76.0,-144.0,-1.777e+16,4.755e+16,-2.9780000000000004e+16,4.944e+16,4.675e+16,-6.467e+16,gcmt
B060698B,1998-06-06T12:16:22,-73.2,-36.56,15.0,5.2,mw,0.0,0.0,0.0,,341.0,12.0,65.0,186.0,79.0,95.0,4.205e+16,-1.827e+16,-2.378e+16,-1.2509999999999998e+16,-7.858e+16,6680000000000000.0,gcmt
B060798B,1998-06-07T16:10:51,-67.77,-31.48,124.7,5.9,mw,0.01,0.01,0.6,,148.0,54.0,-145.0,36.0,62.0,-42.0,-4.43e+17,-3.694e+17,8.124e+17,-3.63e+17,-9.25e+16,4.14e+16,gcmt
B062298D,1998-06-22T07:55:08,-66.37,-28.06,181.0,5.4,mw,0.14,0.16,5.9,,210.0,66.0,-18.0,307.0,73.0,-155.0,-3.5199999999999996e+16,-1.1080000000000002e+17,1.46e+17,7.06e+16,-500000000000000.0,-5.480000000000001e+16,gcmt
B071898D,1998-07-18T09:57:21,-71.2,-28.58,27.6,5.4,mw,0.04,0.05,2.8,,8.0,17.0,119.0,158.0,75.0,82.0,8.01e+16,1.4299999999999998e+16,-9.44e+16,5.769999999999999e+16,-1.345e+17,1.67e+16,gcmt
C072998A,1998-07-29T07:14:28,-71.67,-32.3,58.0,6.4,mw,0.01,0.01,0.0,,181.0,40.0,116.0,329.0,55.0,70.0,4.75e+18,-8.5e+16,-4.666e+18,-1.81e+18,8.31e+17,1.261e+18,gcmt
B082498B,1998-08-24T02:45:31,-69.32,-32.84,115.0,5.1,mw,0.18,0.21,8.9,,102.0,29.0,-106.0,300.0,62.0,-81.0,-4.466e+16,4.109e+16,3570000000000000.0,2.462e+16,-1.851e+16,-1.772e+16,gcmt
C090398F,1998-09-03T17:38:05,-71.97,-29.56,34.0,6.5,mw,0.01,0.01,0.0,,332.0,20.0,44.0,199.0,76.0,105.0,3.39e+18,9.01e+17,-4.292e+18,-2.587e+18,-6.107e+18,3.5e+17,gcmt
B091198A,1998-09-11T05:24:50,-71.55,-30.46,37.1,5.0,mw,0.11,0.14,8.6,,337.0,47.0,52.0,207.0,55.0,124.0,4.035e+16,-3840000000000000.0,-3.651e+16,-3.163e+16,-3770000000000000.0,420000000000000.0,gcmt
B100998B,1998-10-09T10:24:37,-76.5,-47.21,15.0,5.1,mw,0.09,0.08,0.0,,19.0,46.0,138.0,142.0,61.0,52.0,4.173e+16,2.213e+16,-6.386999999999999e+16,2.342e+16,-1.071e+16,1.684e+16,gcmt
B101098A,1998-10-10T04:12:10,-72.48,-33.87,19.8,5.6,mw,0.03,0.03,1.4,,352.0,26.0,87.0,175.0,64.0,91.0,2.654e+17,7099999999999999.0,-2.725e+17,1.48e+16,-2.172e+17,3.2e+16,gcmt
B102998B,1998-10-29T19:55:58,-70.46,-32.56,109.5,5.3,mw,0.1,0.06,5.0,,165.0,47.0,164.0,266.0,78.0,44.0,3.042e+16,-3.98e+16,9380000000000000.0,-6.503e+16,-1.914e+16,7.303e+16,gcmt
B110698A,1998-11-06T08:01:20,-79.34,-44.52,15.0,5.9,mw,0.02,0.02,0.0,,256.0,69.0,171.0,349.0,82.0,22.0,-6.36e+16,3.284e+17,-2.648e+17,-2.661e+17,2.818e+17,-6.816e+17,gcmt
B112798D,1998-11-27T10:27:06,-69.21,-32.04,128.9,5.4,mw,0.05,0.04,1.5,,191.0,45.0,-107.0,35.0,47.0,-74.0,-1.681e+17,1.02e+16,1.579e+17,-3.19e+16,7500000000000000.0,7.67e+16,gcmt
B121198B,1998-12-11T08:37:53,-68.94,-31.52,127.8,5.4,mw,0.05,0.04,1.4,,32.0,41.0,-97.0,221.0,49.0,-84.0,-1.3959999999999998e+17,4.11e+16,9.85e+16,2.01e+16,1.26e+16,9.4e+16,gcmt
C121498D,1998-12-14T16:25:30,-71.25,-38.28,145.9,5.9,mw,0.01,0.01,0.4,,250.0,8.0,-6.0,346.0,89.0,-98.0,-1799999999999999.8,-1.2350000000000002e+17,1.2529999999999998e+17,2.3730000000000003e+17,-9.828e+17,1.0109999999999998e+17,gcmt
B122698A,1998-12-26T11:20:26,-75.74,-40.9,15.4,5.5,mw,0.06,0.06,2.6,,187.0,18.0,-89.0,6.0,72.0,-90.0,-1.31e+17,-1.7499999999999998e+16,1.485e+17,-2.02e+16,-2.009e+17,1.8e+16,gcmt
B020599D,1999-02-05T16:07:10,-70.56,-34.78,99.0,5.2,mw,0.13,0.08,6.4,,126.0,47.0,146.0,241.0,66.0,48.0,4.761999999999999e+16,-6.595e+16,1.833e+16,-2.171e+16,-6.548e+16,1.162e+16,gcmt
B030599B,1999-03-05T03:35:19,-70.25,-34.75,15.0,5.9,mw,0.04,0.04,0.0,,170.0,12.0,69.0,12.0,79.0,94.0,3.858e+17,-2.7300000000000004e+16,-3.585e+17,2.023e+17,8.644e+17,4500000000000000.0,gcmt
B030999E,1999-03-09T22:57:00,-66.7,-27.91,140.7,5.1,mw,0.12,0.13,4.6,,212.0,69.0,-6.0,305.0,85.0,-159.0,-8380000000000000.0,-5.163e+16,6.001e+16,2.1349999999999996e+16,-9920000000000000.0,-2.392e+16,gcmt
B032799B,1999-03-27T11:13:35,-71.85,-40.32,15.0,5.4,mw,0.07,0.05,0.0,,174.0,72.0,174.0,266.0,85.0,18.0,-1.28e+16,-2e+16,3.27e+16,-5.779999999999999e+16,-3.24e+16,1.7e+17,gcmt
B042599B,1999-04-25T09:10:48,-69.34,-31.91,120.0,5.3,mw,0.05,0.06,2.0,,36.0,42.0,-62.0,181.0,54.0,-113.0,-8.96e+16,-2.11e+16,1.1080000000000002e+17,-1.36e+16,2.8599999999999996e+16,4.53e+16,gcmt
B043099E,1999-04-30T19:28:50,-72.27,-31.9,32.1,5.5,mw,0.03,0.04,2.3,,355.0,29.0,81.0,185.0,61.0,95.0,1.789e+17,5.36e+16,-2.3250000000000003e+17,-1.62e+16,-1.296e+17,-4500000000000000.0,gcmt
B051099A,1999-05-10T08:47:26,-69.05,-29.51,67.5,5.2,mw,0.1,0.11,8.0,,119.0,53.0,15.0,20.0,78.0,142.0,2.061e+16,3.323e+16,-5.385e+16,1.623e+16,3.3e+16,3.402e+16,gcmt
B052299A,1999-05-22T01:32:15,-70.57,-36.56,163.5,5.3,mw,0.07,0.08,2.4,,204.0,12.0,-65.0,359.0,80.0,-95.0,-4.258e+16,1.327e+16,2.93e+16,4500000000000000.0,-9.449e+16,7980000000000000.0,gcmt
B052599D,1999-05-25T16:42:10,-66.46,-27.9,175.6,5.8,mw,0.03,0.03,1.1,,185.0,52.0,-27.0,292.0,69.0,-139.0,-2.4380000000000003e+17,-6.39e+16,3.078e+17,2.864e+17,2.24e+16,-3.643e+17,gcmt
B080299A,1999-08-02T01:06:43,-70.1,-33.08,107.9,5.5,mw,0.03,0.02,1.8,,141.0,19.0,-151.0,23.0,81.0,-73.0,-5.91e+16,-5.560000000000001e+16,1.147e+17,-8.11e+16,-1.879e+17,-7600000000000000.0,gcmt
B080499C,1999-08-04T16:49:54,-67.98,-31.87,125.5,5.3,mw,0.04,0.05,1.9,,155.0,45.0,-139.0,33.0,62.0,-53.0,-8.74e+16,-2.45e+16,1.119e+17,-7.94e+16,-2.44e+16,5600000000000000.0,gcmt
B081299C,1999-08-12T07:27:12,-76.72,-45.37,15.0,5.5,mw,0.19,0.18,0.0,,6.0,40.0,-20.0,111.0,77.0,-128.0,-6.899999999999999e+16,-2.91e+16,9.81e+16,-1.546e+17,1.2e+16,-1.0229999999999998e+17,gcmt
C082299A,1999-08-22T09:35:42,-75.44,-40.88,15.0,6.4,mw,0.01,0.01,0.0,,202.0,45.0,-84.0,14.0,46.0,-96.0,-4.099e+18,-1.79e+17,4.279e+18,2.06e+17,-1.49e+17,1.601e+18,gcmt
B091099E,1999-09-10T17:16:34,-71.22,-29.74,54.8,5.0,mw,0.0,0.0,0.0,,250.0,46.0,-168.0,151.0,81.0,-45.0,-8480000000000000.0,2.935e+16,-2.087e+16,-6430000000000000.0,3.141e+16,-1.873e+16,gcmt
B092999E,1999-09-29T18:01:34,-72.6,-30.94,15.0,5.7,mw,0.03,0.03,0.0,,352.0,31.0,87.0,175.0,59.0,92.0,3.346e+17,3.4899999999999996e+16,-3.696e+17,1.17e+16,-1.935e+17,4.38e+16,gcmt
B110399D,1999-11-03T13:59:23,-73.93,-37.7,15.0,5.3,mw,0.15,0.17,0.0,,28.0,7.0,132.0,166.0,85.0,85.0,2.7800000000000004e+16,-4000000000000000.0,-2.38e+16,3.14e+16,-1.199e+17,-7000000000000001.0,gcmt
B110399E,1999-11-03T15:19:22,-73.64,-37.7,33.0,5.2,mw,0.16,0.1,0.0,,96.0,55.0,179.0,187.0,89.0,35.0,-6570000000000000.0,-1.528e+16,2.185e+16,6929999999999999.0,-4.878e+16,-6.416e+16,gcmt
B110699A,1999-11-06T00:57:09,-71.6,-29.63,32.9,5.2,mw,0.07,0.08,3.8,,4.0,25.0,34.0,242.0,76.0,111.0,3.262e+16,-5400000000000000.0,-2.722e+16,-6.303e+16,-3.283e+16,-4.026e+16,gcmt
B112099B,1999-11-20T21:52:53,-72.66,-30.79,32.4,5.2,mw,0.06,0.08,5.4,,11.0,40.0,106.0,171.0,52.0,77.0,6.429e+16,3640000000000000.0,-6.793999999999999e+16,1.1259999999999998e+16,-1.434e+16,-1930000000000000.0,gcmt
B120499G,1999-12-04T17:06:59,-71.81,-28.68,63.0,5.6,mw,0.02,0.04,2.0,,219.0,43.0,131.0,349.0,59.0,59.0,1.929e+17,8.68e+16,-2.797e+17,-5.16e+16,9.09e+16,-8.37e+16,gcmt
B022100C,2000-02-21T14:36:31,-71.8,-29.54,51.6,5.1,mw,0.05,0.07,3.8,,196.0,31.0,114.0,349.0,62.0,76.0,4.711e+16,7060000000000000.0,-5.417e+16,-1.169e+16,3.041e+16,-1890000000000000.0,gcmt
B032600A,2000-03-26T03:32:41,-72.16,-32.5,48.9,5.2,mw,0.12,0.11,8.4,,330.0,30.0,55.0,189.0,66.0,108.0,4.769e+16,6240000000000000.0,-5.393e+16,-1.457e+16,-4.198e+16,1.097e+16,gcmt
B043000B,2000-04-30T05:31:30,-66.33,-27.39,26.8,5.2,mw,0.08,0.08,4.1,,185.0,38.0,45.0,57.0,64.0,119.0,5.724e+16,-9060000000000000.0,-4.818e+16,5.293999999999999e+16,1019999999999999.9,-2.458e+16,gcmt
C061600B,2000-06-16T07:55:39,-69.92,-33.95,109.1,6.4,mw,0.01,0.01,0.4,,219.0,33.0,-67.0,11.0,60.0,-105.0,-3.805e+18,2.61e+17,3.544e+18,3.1e+16,-2.307e+18,1.862e+18,gcmt
B070700B,2000-07-07T05:26:47,-66.22,-27.69,176.1,5.3,mw,0.06,0.05,2.3,,179.0,52.0,-43.0,299.0,58.0,-133.0,-7.17e+16,2190000000000000.0,6.952e+16,4.857e+16,1.678e+16,-6.443e+16,gcmt
B122000C,2000-12-20T11:24:01,-75.39,-39.36,15.0,6.4,mw,0.02,0.01,0.0,,206.0,43.0,-72.0,3.0,50.0,-106.0,-4.402e+18,-1.415e+18,5.817e+18,3.74e+17,-8.18e+17,1.941e+18,gcmt
B010701C,2001-01-07T10:18:28,-72.33,-33.52,21.0,5.9,mw,0.02,0.02,0.0,,353.0,23.0,85.0,178.0,67.0,92.0,6.175e+17,4.78e+16,-6.653e+17,8400000000000001.0,-6.367e+17,4.92e+16,gcmt
B022201B,2001-02-22T07:55:57,-71.63,-27.47,27.3,5.5,mw,0.15,0.18,10.9,,6.0,12.0,119.0,157.0,80.0,84.0,9.51e+16,-4700000000000000.0,-9.05e+16,9.83e+16,-2.165e+17,8699999999999999.0,gcmt
B022701B,2001-02-27T02:13:07,-71.84,-28.04,15.0,5.2,mw,0.06,0.09,0.0,,9.0,28.0,120.0,155.0,66.0,75.0,4.691e+16,2.076e+16,-6.767e+16,2.146e+16,-4.427e+16,1.818e+16,gcmt
B030301E,2001-03-03T11:58:13,-75.45,-39.48,15.0,5.8,mw,0.03,0.03,0.0,,228.0,31.0,-43.0,357.0,69.0,-114.0,-4.3840000000000006e+17,-2.72e+16,4.656e+17,1.2809999999999998e+17,-4.8230000000000006e+17,2.492e+17,gcmt
C031501G,2001-03-15T13:02:44,-72.04,-32.61,42.0,5.9,mw,0.01,0.01,0.0,,144.0,38.0,59.0,2.0,58.0,112.0,7.484e+17,-9.79e+16,-6.505e+17,2.455e+17,3.467e+17,2.121e+17,gcmt
B033101B,2001-03-31T06:54:20,-68.33,-29.49,125.4,5.4,mw,0.04,0.03,1.5,,332.0,43.0,-49.0,102.0,59.0,-122.0,-1.038e+17,8.23e+16,2.15e+16,-5.689999999999999e+16,-1.54e+16,-9.2e+16,gcmt
C040901A,2001-04-09T09:01:05,-73.23,-32.88,15.0,6.6,mw,0.01,0.01,0.0,,219.0,44.0,-86.0,33.0,46.0,-94.0,-1.061e+19,3e+18,7.61e+18,2.1e+17,-5e+17,7.12e+18,gcmt
B042101F,2001-04-21T18:15:52,-67.28,-28.95,140.5,5.7,mw,0.02,0.02,0.7,,156.0,44.0,-32.0,270.0,68.0,-129.0,-2.234e+17,2.0750000000000003e+17,1.59e+16,2.4500000000000003e+17,1.176e+17,-2.431e+17,gcmt
B050601E,2001-05-06T05:59:51,-70.92,-32.95,50.0,5.2,mw,0.13,0.12,9.9,,313.0,32.0,42.0,185.0,69.0,115.0,4.154e+16,3490000000000000.0,-4.503999999999999e+16,-1.53e+16,-4.558e+16,2.266e+16,gcmt
B051501A,2001-05-15T23:53:23,-66.4,-28.15,180.8,5.6,mw,0.04,0.04,1.6,,181.0,54.0,-28.0,288.0,68.0,-141.0,-1.45e+17,-1300000000000000.0,1.462e+17,1.304e+17,1.83e+16,-2.282e+17,gcmt
B061301C,2001-06-13T04:10:52,-66.9,-27.69,38.1,5.0,mw,0.12,0.13,8.8,,209.0,30.0,70.0,52.0,62.0,101.0,3.067e+16,-1.306e+16,-1.7609999999999998e+16,1.937e+16,1.2430000000000002e+16,-2.337e+16,gcmt
B072401E,2001-07-24T17:42:45,-72.17,-33.22,51.6,5.2,mw,0.03,0.04,2.8,,334.0,40.0,87.0,158.0,50.0,93.0,7.816e+16,-1.209e+16,-6.607e+16,3170000000000000.0,-1.419e+16,2.943e+16,gcmt
B101201B,2001-10-12T04:21:37,-69.04,-33.16,15.0,5.3,mw,0.4,0.14,0.0,,222.0,78.0,171.0,314.0,81.0,12.0,-7099999999999999.0,1.041e+17,-9.7e+16,-3.09e+16,2000000000000000.0,7700000000000000.0,gcmt
B101701A,2001-10-17T02:34:47,-68.96,-28.43,135.6,5.4,mw,0.04,0.04,1.5,,310.0,34.0,-119.0,163.0,60.0,-72.0,-1.159e+17,3.33e+16,8.26e+16,3000000000000000.0,7.24e+16,-6.04e+16,gcmt
B102301I,2001-10-23T23:54:26,-76.47,-43.39,29.1,5.1,mw,0.24,0.17,11.0,,232.0,45.0,-27.0,342.0,71.0,-132.0,-2.942e+16,-2.3929999999999996e+16,5.335e+16,1.7549999999999998e+16,-3.087e+16,2.281e+16,gcmt
B110301B,2001-11-03T01:43:27,-72.02,-36.19,99.9,5.1,mw,0.11,0.08,5.4,,274.0,33.0,25.0,163.0,77.0,120.0,2.2679999999999996e+16,-2.239e+16,-290000000000000.0,-850000000000000.0,-4.581000000000001e+16,2.282e+16,gcmt
B110601A,2001-11-06T06:12:59,-71.68,-30.53,65.7,5.1,mw,0.08,0.08,6.3,,352.0,37.0,88.0,174.0,53.0,91.0,4.889e+16,7950000000000000.0,-5.684e+16,370000000000000.0,-1.577e+16,7710000000000000.0,gcmt
B022102D,2002-02-21T08:57:49,-67.3,-31.77,134.2,5.4,mw,0.05,0.05,1.7,,131.0,33.0,-149.0,15.0,74.0,-61.0,-7.131e+16,-1.059e+16,8.19e+16,-6.245e+16,-9.371e+16,-4.49e+16,gcmt
C030302A,2002-03-03T07:16:19,-76.42,-45.92,15.0,5.9,mw,0.02,0.02,0.0,,258.0,83.0,-176.0,168.0,86.0,-7.0,-1.1020000000000002e+17,3.625e+17,-2.5219999999999997e+17,1.34e+16,9.12e+16,-7e+17,gcmt
C040102C,2002-04-01T19:59:35,-71.36,-29.74,73.0,6.3,mw,0.01,0.01,0.0,,274.0,30.0,-22.0,23.0,79.0,-118.0,-1.577e+18,2.1949999999999997e+18,-6.18e+17,-6.3e+16,-3.657e+18,9.83e+17,gcmt
C041802F,2002-04-18T16:08:42,-70.73,-27.44,53.0,6.6,mw,0.01,0.01,0.0,,253.0,56.0,168.0,350.0,80.0,35.0,3.424e+18,2.46e+18,-5.884e+18,6.34e+17,4.22e+18,-6.352e+18,gcmt
B042702B,2002-04-27T23:53:58,-67.78,-31.72,49.3,5.2,mw,0.06,0.07,4.7,,341.0,41.0,31.0,227.0,71.0,127.0,3.96e+16,3.009e+16,-6.969e+16,-2.952e+16,-3.421e+16,-3.793e+16,gcmt
B052302B,2002-05-23T15:52:22,-71.76,-30.91,50.0,5.9,mw,0.02,0.02,0.0,,358.0,35.0,89.0,179.0,55.0,91.0,8.037000000000001e+17,1.481e+17,-9.518000000000001e+17,1000000000000000.0,-3.216e+17,2.33e+16,gcmt
B052402A,2002-05-24T00:23:20,-71.52,-32.17,57.0,5.5,mw,0.02,0.03,0.0,,9.0,40.0,107.0,167.0,52.0,76.0,2.2719999999999997e+17,9400000000000000.0,-2.3650000000000003e+17,4.83e+16,-4.6e+16,7700000000000000.0,gcmt
C052802A,2002-05-28T04:04:28,-66.81,-29.15,15.0,6.0,mw,0.02,0.02,0.0,,180.0,19.0,55.0,36.0,74.0,101.0,6.275e+17,-3.67e+16,-5.909e+17,6.475e+17,7.481e+17,-1.655e+17,gcmt
C061802C,2002-06-18T13:56:30,-71.63,-31.04,57.0,6.4,mw,0.01,0.01,0.0,,353.0,29.0,96.0,166.0,61.0,87.0,4.465e+18,7.8e+16,-4.543e+18,8.09e+17,-2.759e+18,8.68e+17,gcmt
B062302A,2002-06-23T11:10:44,-71.54,-31.49,90.9,5.2,mw,0.05,0.05,2.3,,334.0,42.0,-113.0,184.0,52.0,-71.0,-7.84e+16,-900000000000000.0,7.93e+16,1.928e+16,1.763e+16,-1.657e+16,gcmt
B070202D,2002-07-02T20:21:05,-68.19,-31.43,27.0,5.5,mw,0.04,0.05,0.0,,156.0,40.0,15.0,54.0,81.0,129.0,5.26e+16,9.37e+16,-1.463e+17,1.561e+17,6.08e+16,-5.709999999999999e+16,gcmt
B071802D,2002-07-18T21:53:17,-79.75,-44.72,15.0,5.2,mw,0.0,0.0,0.0,,246.0,34.0,42.0,119.0,68.0,117.0,4.363000000000001e+16,-7.132e+16,2.769e+16,4.069e+16,-2.523e+16,1.028e+16,gcmt
C092402B,2002-09-24T03:57:26,-69.12,-31.48,119.9,6.2,mw,0.02,0.01,0.6,,27.0,39.0,-94.0,212.0,51.0,-87.0,-2.633e+18,5.6799999999999994e+17,2.065e+18,3.91e+17,4.63e+17,1.278e+18,gcmt
B093002B,2002-09-30T13:06:01,-71.07,-35.17,113.9,5.2,mw,0.05,0.03,2.3,,222.0,23.0,-73.0,23.0,68.0,-97.0,-7.017e+16,2.646e+16,4.372e+16,-2.087e+16,-6.472000000000001e+16,2.426e+16,gcmt
B100602E,2002-10-06T11:21:45,-71.95,-28.87,26.8,5.3,mw,0.06,0.05,3.7,,348.0,27.0,70.0,190.0,65.0,100.0,7.601e+16,1.2490000000000002e+16,-8.85e+16,-1.725e+16,-6.34e+16,-220000000000000.0,gcmt
B103102F,2002-10-31T20:36:55,-75.39,-40.56,15.0,5.1,mw,0.13,0.08,0.0,,244.0,43.0,-61.0,27.0,53.0,-114.0,-5.775e+16,3.036e+16,2.739e+16,9110000000000000.0,-2.358e+16,2.88e+16,gcmt
B110902G,2002-11-09T06:06:00,-75.64,-48.2,15.0,5.6,mw,0.09,0.07,0.0,,1.0,10.0,89.0,182.0,80.0,90.0,1.323e+17,-3.99e+16,-9.24e+16,-1.13e+16,-3.082e+17,-1300000000000000.0,gcmt
B121202A,2002-12-12T04:03:20,-67.28,-31.86,132.5,5.3,mw,0.03,0.04,1.3,,245.0,33.0,8.0,148.0,86.0,123.0,1.482e+16,-5.94e+16,4.459e+16,1.236e+16,-8.694000000000002e+16,5960000000000000.0,gcmt
B122602C,2002-12-26T22:20:24,-68.55,-31.46,122.5,5.2,mw,0.05,0.03,1.7,,347.0,37.0,-81.0,156.0,54.0,-97.0,-9.987e+16,3.4e+16,6.587e+16,-2.118e+16,1.982e+16,-1.017e+16,gcmt
B010703A,2003-01-07T00:54:55,-70.22,-33.6,112.8,5.7,mw,0.03,0.02,1.3,,199.0,28.0,-70.0,356.0,64.0,-100.0,-3.17e+17,-1.92e+16,3.37e+17,4.58e+16,-2.52e+17,4.55e+16,gcmt
B010903G,2003-01-09T09:49:12,-79.54,-44.66,15.0,5.9,mw,0.02,0.01,0.0,,169.0,84.0,-2.0,259.0,88.0,-174.0,-6.24e+16,3.64e+17,-3.01e+17,8.22e+16,3.55e+16,-7.95e+17,gcmt
B022803A,2003-02-28T01:40:25,-73.56,-35.41,15.0,5.3,mw,0.07,0.06,0.0,,26.0,18.0,115.0,180.0,74.0,82.0,6.66e+16,3400000000000000.0,-6.999999999999999e+16,4800000000000000.0,-1.1000000000000002e+17,-1.63e+16,gcmt
B041403A,2003-04-14T14:42:34,-72.9,-35.38,31.1,5.2,mw,0.06,0.06,4.1,,18.0,44.0,158.0,124.0,75.0,48.0,3.22e+16,3.19e+16,-6.42e+16,6.36e+16,-1.3800000000000002e+16,3.27e+16,gcmt
B051803C,2003-05-18T21:10:25,-69.18,-31.46,122.3,5.4,mw,0.03,0.02,0.8,,43.0,41.0,-82.0,213.0,49.0,-97.0,-1.32e+17,4.6e+16,8.6e+16,3599999999999999.5,2.13e+16,8.31e+16,gcmt
B052703D,2003-05-27T08:29:49,-68.7,-31.32,127.5,5.5,mw,0.03,0.02,0.9,,223.0,37.0,-75.0,25.0,54.0,-101.0,-2.16e+17,6.52e+16,1.51e+17,-6800000000000000.0,-7.59e+16,1.04e+17,gcmt
B060203A,2003-06-02T02:52:15,-72.4,-33.08,28.0,5.5,mw,0.03,0.03,0.0,,9.0,25.0,92.0,187.0,65.0,89.0,1.69e+17,9700000000000000.0,-1.79e+17,-1.57e+16,-1.47e+17,-2.65e+16,gcmt
B062003C,2003-06-20T04:23:26,-77.06,-45.72,15.0,5.3,mw,0.07,0.06,0.0,,172.0,36.0,-70.0,327.0,56.0,-104.0,-1.07e+17,1.22e+16,9.51e+16,3.83e+16,-2.68e+16,-3.56e+16,gcmt
C062003G,2003-06-20T13:30:49,-71.97,-30.88,35.0,6.8,mw,0.01,0.01,0.0,,1.0,27.0,93.0,177.0,63.0,88.0,1.42e+19,2.2e+17,-1.44e+19,7.4e+17,-1.01e+19,2.5e+17,gcmt
B072603I,2003-07-26T14:10:22,-71.56,-28.59,39.0,5.5,mw,0.03,0.03,0.0,,26.0,26.0,110.0,184.0,66.0,81.0,1.7e+17,-4.2e+16,-1.28e+17,1.17e+16,-1.3600000000000002e+17,-3.3e+16,gcmt
B092803G,2003-09-28T17:40:44,-71.11,-35.54,105.2,5.0,mw,0.07,0.05,3.8,,245.0,17.0,-66.0,39.0,74.0,-97.0,-3.04e+16,1.97e+16,1.07e+16,-2.21e+16,-3.34e+16,2970000000000000.0,gcmt
B100403F,2003-10-04T18:16:00,-72.07,-29.31,43.0,5.2,mw,0.05,0.06,3.6,,331.0,48.0,40.0,211.0,62.0,130.0,5.570000000000001e+16,2.7800000000000004e+16,-8.36e+16,-4.38e+16,-1.7199999999999998e+16,-1600000000000000.0,gcmt
B110103B,2003-11-01T03:19:11,-68.18,-35.48,49.7,5.1,mw,0.15,0.06,8.4,,250.0,65.0,-164.0,153.0,75.0,-26.0,-1.36e+16,4.07e+16,-2.71e+16,280000000000000.0,2.09e+16,-3.13e+16,gcmt
B111203C,2003-11-12T01:54:24,-75.52,-40.56,21.8,5.5,mw,0.15,0.11,5.4,,216.0,33.0,-83.0,27.0,57.0,-95.0,-2.2599999999999997e+17,5.789999999999999e+16,1.68e+17,-3.6e+16,-9.52e+16,1.05e+17,gcmt
B112603H,2003-11-26T10:57:52,-71.84,-30.19,95.1,5.1,mw,0.07,0.05,4.6,,162.0,19.0,-91.0,344.0,71.0,-90.0,-3.67e+16,-1900000000000000.0,3.86e+16,1.4e+16,-4.82e+16,-1.36e+16,gcmt
B121003F,2003-12-10T12:25:54,-71.86,-27.69,20.0,5.6,mw,0.03,0.02,0.0,,312.0,41.0,-3.0,44.0,88.0,-131.0,-1.51e+16,2.39e+17,-2.2400000000000003e+17,-1.68e+17,-2.12e+17,5300000000000000.0,gcmt
C011004D,2004-01-10T07:25:46,-71.94,-30.9,58.6,5.6,mw,0.01,0.01,0.9,,70.0,48.0,-144.0,314.0,64.0,-48.0,-2.0299999999999997e+17,2.88e+17,-8.5e+16,1.7399999999999998e+16,-2.57e+17,-6.39e+16,gcmt
C011904A,2004-01-19T05:47:29,-72.07,-31.85,34.0,5.3,mw,0.02,0.02,0.0,,358.0,25.0,95.0,172.0,65.0,88.0,8.86e+16,1.56e+16,-1.04e+17,1.27e+16,-8e+16,1.19e+16,gcmt
C031704I,2004-03-17T16:49:49,-66.75,-31.99,49.5,5.0,mw,0.03,0.02,2.0,,172.0,39.0,79.0,5.0,52.0,99.0,4.16e+16,8290000000000000.0,-4.99e+16,4079999999999999.5,1.04e+16,1220000000000000.0,gcmt
C040304E,2004-04-03T09:57:14,-72.35,-30.04,28.0,5.5,mw,0.01,0.01,0.7,,320.0,33.0,50.0,185.0,65.0,113.0,1.47e+17,3.18e+16,-1.79e+17,-3.4799999999999996e+16,-1.3e+17,6.66e+16,gcmt
C041504G,2004-04-15T21:39:23,-67.55,-30.35,37.1,5.3,mw,0.03,0.03,1.1,,185.0,43.0,114.0,334.0,51.0,69.0,1.2e+17,-100000000000000.0,-1.2e+17,-3.92e+16,9500000000000000.0,2.23e+16,gcmt
C043004A,2004-04-30T10:03:47,-70.5,-33.59,102.0,5.0,mw,0.03,0.02,2.8,,157.0,35.0,-133.0,26.0,65.0,-64.0,-2.92e+16,-1.07e+16,3.99e+16,-1.6200000000000002e+16,-1.99e+16,2160000000000000.0,gcmt
C050304A,2004-05-03T04:36:54,-73.75,-37.95,24.0,6.6,mw,0.01,0.01,0.0,,0.0,16.0,118.0,151.0,76.0,82.0,4.85e+18,4e+16,-4.89e+18,4.66e+18,-7.86e+18,1.34e+18,gcmt
C060104D,2004-06-01T17:04:59,-68.23,-32.23,38.5,5.0,mw,0.05,0.04,2.4,,347.0,39.0,112.0,140.0,54.0,73.0,3.44e+16,1270000000000000.0,-3.57e+16,1.03e+16,-7830000000000000.0,2.7e+16,gcmt
C061504B,2004-06-15T11:16:32,-73.62,-38.96,33.0,5.9,mw,0.01,0.01,0.0,,172.0,52.0,150.0,281.0,67.0,42.0,4.56e+17,-1.93e+17,-2.63e+17,-4.63e+17,-1.58e+17,6.86e+17,gcmt
C082704A,2004-08-27T00:43:56,-71.25,-27.63,35.0,5.8,mw,0.01,0.01,0.0,,135.0,8.0,37.0,8.0,85.0,96.0,1.07e+17,2.56e+16,-1.33e+17,1.02e+17,6.73e+17,5.490000000000001e+16,gcmt
C082804C,2004-08-28T13:41:35,-70.36,-35.21,16.0,6.5,mw,0.01,0.01,0.0,,21.0,61.0,-178.0,290.0,88.0,-29.0,-2e+17,4.1900000000000005e+18,-3.99e+18,3.18e+18,-1.36e+18,4.78e+18,gcmt
C083004F,2004-08-30T16:08:18,-72.1,-50.65,12.0,5.1,mw,0.03,0.03,0.0,,355.0,35.0,73.0,196.0,57.0,102.0,4.56e+16,3210000000000000.0,-4.88e+16,-1.04e+16,-1.78e+16,-5270000000000000.0,gcmt
C090704F,2004-09-07T10:57:43,-72.49,-34.1,14.1,5.2,mw,0.02,0.02,0.9,,10.0,16.0,105.0,174.0,74.0,86.0,4.33e+16,240000000000000.0,-4.36e+16,9260000000000000.0,-6.91e+16,-1409999999999999.8,gcmt
C090704G,2004-09-07T11:53:11,-65.79,-28.91,20.0,6.1,mw,0.02,0.01,0.0,,216.0,37.0,80.0,48.0,54.0,97.0,1.49e+18,-6.55e+17,-8.39e+17,4.51e+17,2.7000000000000003e+17,-9.42e+17,gcmt
C090704I,2004-09-07T12:33:59,-72.52,-34.14,14.2,5.7,mw,0.03,0.03,1.6,,6.0,10.0,102.0,174.0,80.0,88.0,1.3500000000000002e+17,1.35e+16,-1.48e+17,4.28e+16,-3.76e+17,1500000000000000.0,gcmt
C090804A,2004-09-08T08:16:07,-72.4,-34.13,15.4,5.1,mw,0.02,0.01,1.6,,359.0,23.0,98.0,170.0,67.0,86.0,3.47e+16,1680000000000000.0,-3.64e+16,7390000000000000.0,-3.44e+16,4170000000000000.0,gcmt
C091004D,2004-09-10T10:44:16,-73.24,-38.06,12.0,5.2,mw,0.02,0.01,0.0,,30.0,48.0,62.0,248.0,49.0,118.0,8.16e+16,-4.78e+16,-3.3800000000000004e+16,-2.11e+16,2.17e+16,-5.2e+16,gcmt
C091204C,2004-09-12T14:24:39,-70.15,-34.31,12.0,5.3,mw,0.02,0.02,0.0,,162.0,44.0,114.0,310.0,50.0,68.0,1.09e+17,-3.1e+16,-7.83e+16,-3.4200000000000004e+16,-8300000000000000.0,5.94e+16,gcmt
C092704F,2004-09-27T22:58:29,-72.02,-32.72,33.3,5.5,mw,0.02,0.01,1.1,,17.0,21.0,109.0,177.0,70.0,83.0,1.29e+17,2.7800000000000004e+16,-1.57e+17,1.22e+16,-1.72e+17,-1.9e+16,gcmt
C110404C,2004-11-04T08:10:14,-76.9,-46.0,18.0,5.0,mw,0.04,0.02,1.8,,88.0,61.0,-158.0,347.0,71.0,-31.0,-1.39e+16,1.4e+16,-150000000000000.0,-3220000000000000.0,-1.34e+16,-2.96e+16,gcmt
C110404D,2004-11-04T08:29:16,-76.79,-45.94,19.2,5.2,mw,0.02,0.01,1.1,,82.0,73.0,-172.0,349.0,82.0,-17.0,-1.67e+16,3.65e+16,-1.98e+16,-2530000000000000.0,-2.5e+16,-8.38e+16,gcmt
C120804A,2004-12-08T06:04:00,-71.75,-30.97,52.0,5.6,mw,0.01,0.01,0.0,,358.0,34.0,91.0,177.0,56.0,89.0,3.16e+17,4.07e+16,-3.56e+17,9200000000000000.0,-1.42e+17,1.7199999999999998e+16,gcmt
C200501241907A,2005-01-24T19:07:16,-72.17,-29.54,48.9,5.0,mw,0.04,0.03,2.7,,356.0,27.0,79.0,189.0,63.0,96.0,3.45e+16,6410000000000000.0,-4.09e+16,-5500000000000000.0,-2.71e+16,-2750000000000000.0,gcmt
C200503010724A,2005-03-01T07:24:09,-72.1,-31.59,32.9,5.4,mw,0.02,0.01,0.9,,354.0,25.0,103.0,159.0,66.0,84.0,1.1299999999999998e+17,9100000000000000.0,-1.22e+17,4.24e+16,-9.65e+16,3.65e+16,gcmt
C200503132038A,2005-03-13T20:39:03,-72.02,-32.72,35.7,5.2,mw,0.02,0.02,1.2,,9.0,24.0,103.0,175.0,66.0,84.0,5.659999999999999e+16,1.01e+16,-6.68e+16,6800000000000000.0,-5.560000000000001e+16,-1500000000000000.0,gcmt
C200503141243A,2005-03-14T12:43:50,-66.28,-28.86,27.3,5.1,mw,0.03,0.02,1.0,,247.0,54.0,136.0,6.0,56.0,45.0,3.33e+16,-7260000000000000.0,-2.6e+16,-2.05e+16,1.64e+16,-3.1e+16,gcmt
C200503211651A,2005-03-21T16:51:30,-71.96,-27.72,46.2,5.3,mw,0.1,0.06,5.5,,83.0,50.0,162.0,185.0,76.0,41.0,3.67e+16,-8200000000000000.0,-2.8499999999999996e+16,-5500000000000000.0,-5.07e+16,-7.67e+16,gcmt
C200503291638A,2005-03-29T16:38:25,-72.38,-33.76,19.7,5.3,mw,0.03,0.03,2.1,,6.0,17.0,100.0,175.0,73.0,87.0,5.88e+16,8500000000000001.0,-6.730000000000001e+16,9900000000000000.0,-9.52e+16,600000000000000.0,gcmt
C200504130925A,2005-04-13T09:25:27,-73.24,-33.27,12.0,5.4,mw,0.01,0.01,0.0,,21.0,38.0,-89.0,200.0,52.0,-91.0,-1.33e+17,3599999999999999.5,1.29e+17,1.02e+16,3.09e+16,5.3e+16,gcmt
C200506080239A,2005-06-08T02:39:39,-69.29,-28.52,134.5,5.1,mw,0.03,0.02,2.2,,1.0,32.0,120.0,147.0,63.0,73.0,5.7e+16,-8450000000000000.0,-4.85e+16,3.19e+16,-2.38e+16,8930000000000000.0,gcmt
C200507220014A,2005-07-22T00:14:42,-71.41,-29.37,76.8,5.1,mw,0.02,0.02,4.0,,97.0,26.0,7.0,360.0,87.0,116.0,3980000000000000.0,4440000000000000.0,-8420000000000000.0,-2630000000000000.0,4.6e+16,2.29e+16,gcmt
C200510101607A,2005-10-10T16:06:56,-77.12,-45.7,12.0,5.1,mw,0.03,0.01,0.0,,85.0,46.0,-158.0,339.0,74.0,-46.0,-2.2e+16,2.54e+16,-3380000000000000.0,1.03e+16,-2.79e+16,-3.74e+16,gcmt
C200511281633A,2005-11-28T16:33:22,-71.54,-29.45,39.4,5.5,mw,0.01,0.02,2.7,,254.0,9.0,-169.0,153.0,88.0,-81.0,-2e+16,4.01e+16,-2.01e+16,-1.01e+17,2.06e+17,-1.97e+16,gcmt
C200512141052A,2005-12-14T10:52:09,-72.05,-31.22,57.5,5.3,mw,0.01,0.01,2.3,,266.0,24.0,-18.0,12.0,83.0,-113.0,-2.71e+16,2.28e+16,4299999999999999.5,-1.25e+16,-9.82e+16,4.31e+16,gcmt
C200512212219A,2005-12-21T22:19:49,-74.43,-42.85,30.0,5.2,mw,0.02,0.02,0.0,,333.0,23.0,60.0,185.0,70.0,102.0,4.730000000000001e+16,4590000000000000.0,-5.19e+16,-1.01e+16,-5.87e+16,1.07e+16,gcmt
C200512260056A,2005-12-26T00:56:13,-73.74,-39.01,41.0,5.1,mw,0.03,0.02,1.2,,4.0,32.0,89.0,185.0,58.0,91.0,5.36e+16,2530000000000000.0,-5.61e+16,-2790000000000000.5,-2.7400000000000004e+16,-4940000000000000.0,gcmt
C200512311214A,2005-12-31T12:14:07,-71.79,-29.21,24.7,5.0,mw,0.05,0.03,2.3,,311.0,18.0,5.0,217.0,88.0,108.0,709999999999999.9,1.3e+16,-1.3700000000000002e+16,-2.25e+16,-3.2400000000000004e+16,90000000000000.0,gcmt
C200601052251A,2006-01-05T22:51:18,-73.52,-36.43,20.0,5.2,mw,0.02,0.03,0.0,,19.0,16.0,104.0,184.0,74.0,86.0,3.7e+16,5170000000000000.0,-4.22e+16,-4010000000000000.0,-6.64e+16,-9040000000000000.0,gcmt
C200602101751A,2006-02-10T17:51:59,-71.84,-32.57,41.6,5.2,mw,0.03,0.02,1.4,,11.0,32.0,97.0,183.0,59.0,86.0,6.42e+16,8000000000000000.0,-7.22e+16,200000000000000.0,-3.55e+16,-9300000000000000.0,gcmt
C200604151442A,2006-04-15T14:42:12,-72.33,-31.18,28.2,5.2,mw,0.02,0.02,0.9,,1.0,22.0,93.0,179.0,68.0,89.0,5.98e+16,5900000000000000.0,-6.57e+16,2100000000000000.2,-6.56e+16,200000000000000.0,gcmt
C200604152350B,2006-04-15T23:50:15,-72.29,-29.71,12.0,6.0,mw,0.01,0.01,0.0,,1.0,27.0,85.0,186.0,63.0,93.0,9.99e+17,8000000000000000.0,-1.01e+18,-1.06e+17,-7.28e+17,-6.4e+16,gcmt
C200604191749A,2006-04-19T17:49:12,-71.52,-27.08,19.6,5.6,mw,0.01,0.01,0.6,,16.0,18.0,111.0,174.0,73.0,83.0,1.96e+17,3.14e+16,-2.27e+17,3.83e+16,-3.04e+17,-1.82e+16,gcmt
C200604250523A,2006-04-25T05:23:37,-71.71,-27.15,23.1,5.0,mw,0.03,0.02,1.5,,360.0,23.0,92.0,177.0,67.0,89.0,2.44e+16,1150000000000000.0,-2.56e+16,1280000000000000.0,-2.48e+16,670000000000000.0,gcmt
C200604281821A,2006-04-28T18:21:53,-77.47,-45.76,12.0,5.3,mw,0.01,0.01,0.0,,76.0,75.0,-179.0,346.0,89.0,-15.0,7400000000000000.0,5.749999999999999e+16,-6.49e+16,2199999999999999.8,-3.58e+16,-1.1299999999999998e+17,gcmt
C200604301031A,2006-04-30T10:31:24,-71.59,-27.1,17.6,5.3,mw,0.03,0.02,1.5,,350.0,18.0,84.0,176.0,72.0,92.0,5.460000000000001e+16,5300000000000000.0,-5.98e+16,4500000000000000.0,-8.17e+16,7600000000000000.0,gcmt
C200604301114A,2006-04-30T11:14:02,-71.62,-27.07,18.2,5.3,mw,0.02,0.02,1.0,,350.0,20.0,81.0,180.0,71.0,93.0,7.31e+16,7500000000000000.0,-8.06e+16,-1200000000000000.0,-9.54e+16,6900000000000001.0,gcmt
C200604301917A,2006-04-30T19:17:25,-71.52,-27.17,15.4,6.6,mw,0.01,0.0,0.2,,11.0,14.0,106.0,175.0,76.0,86.0,4.55e+18,3.3e+17,-4.88e+18,9.8e+17,-8.86e+18,-2.1e+17,gcmt
C200604302012A,2006-04-30T20:12:25,-71.76,-27.28,22.2,5.7,mw,0.04,0.03,2.0,,4.0,23.0,100.0,174.0,68.0,86.0,2.7799999999999997e+17,9000000000000000.0,-2.86e+17,4.15e+16,-2.82e+17,5400000000000000.0,gcmt
C200604302125A,2006-04-30T21:25:27,-71.62,-27.05,30.1,5.8,mw,0.05,0.04,2.2,,350.0,22.0,80.0,180.0,69.0,94.0,4.42e+17,-6.68e+16,-3.75e+17,-2.38e+16,-4.39e+17,3.4000000000000004e+16,gcmt
C200604302132A,2006-04-30T21:33:00,-71.77,-27.32,19.7,5.9,mw,0.03,0.03,1.4,,352.0,22.0,88.0,173.0,68.0,91.0,5.5e+17,-2.25e+16,-5.28e+17,6.36e+16,-5.77e+17,6.860000000000001e+16,gcmt
C200604302141A,2006-04-30T21:41:07,-71.55,-27.28,13.4,6.5,mw,0.0,0.0,0.2,,14.0,18.0,112.0,171.0,73.0,83.0,3.44e+18,4.98e+17,-3.94e+18,1.01e+18,-5.28e+18,-1.22e+17,gcmt
C200604302304A,2006-04-30T23:04:48,-71.61,-27.42,21.8,5.8,mw,0.03,0.02,1.5,,357.0,18.0,96.0,171.0,72.0,88.0,3.26e+17,1.65e+16,-3.42e+17,8.11e+16,-4.63e+17,4.02e+16,gcmt
C200605010135A,2006-05-01T01:35:54,-71.67,-27.26,30.3,5.4,mw,0.03,0.02,1.2,,21.0,22.0,115.0,174.0,70.0,80.0,9.27e+16,4000000000000000.0,-9.67e+16,2.07e+16,-1.07e+17,-1.28e+16,gcmt
C200605010249A,2006-05-01T02:49:44,-71.61,-27.34,23.3,5.4,mw,0.02,0.02,1.3,,3.0,22.0,108.0,164.0,69.0,83.0,1.1100000000000002e+17,5400000000000000.0,-1.16e+17,4.27e+16,-1.2e+17,1.54e+16,gcmt
C200605020411A,2006-05-02T04:11:21,-71.84,-27.58,16.0,5.2,mw,0.02,0.02,0.8,,352.0,20.0,81.0,181.0,71.0,93.0,5.19e+16,540000000000000.0,-5.24e+16,-3010000000000000.0,-6.5e+16,2940000000000000.0,gcmt
C200605021342A,2006-05-02T13:42:40,-71.85,-27.64,12.0,5.3,mw,0.01,0.01,0.0,,359.0,21.0,92.0,177.0,69.0,89.0,6.64e+16,3500000000000000.5,-6.979999999999999e+16,4900000000000000.0,-7.33e+16,3000000000000000.0,gcmt
C200605021358A,2006-05-02T13:58:33,-71.86,-27.61,15.4,5.2,mw,0.02,0.02,1.2,,352.0,16.0,80.0,182.0,74.0,93.0,4.64e+16,2800000000000000.0,-4.92e+16,-3100000000000000.0,-7.7e+16,2900000000000000.0,gcmt
C200605090902A,2006-05-09T09:02:26,-70.04,-32.85,126.1,5.0,mw,0.03,0.02,2.3,,270.0,44.0,-29.0,22.0,70.0,-130.0,-2.25e+16,2.11e+16,1409999999999999.8,-5280000000000000.0,-2.5099999999999996e+16,3.14e+16,gcmt
C200605111348A,2006-05-11T13:48:59,-72.08,-27.72,12.0,5.5,mw,0.01,0.01,0.0,,6.0,15.0,94.0,182.0,75.0,89.0,9.76e+16,400000000000000.0,-9.81e+16,-6200000000000000.0,-1.64e+17,-7600000000000000.0,gcmt
C200605181826A,2006-05-18T18:26:23,-72.14,-32.34,23.5,5.0,mw,0.06,0.05,2.8,,11.0,24.0,109.0,170.0,68.0,82.0,3.29e+16,-1680000000000000.0,-3.13e+16,8460000000000000.0,-3.11e+16,-730000000000000.0,gcmt
C200605210511A,2006-05-21T05:11:40,-74.14,-37.41,15.4,5.2,mw,0.03,0.02,1.3,,27.0,17.0,120.0,176.0,76.0,82.0,4.58e+16,-500000000000000.0,-4.53e+16,9200000000000000.0,-8.06e+16,-1.03e+16,gcmt
C200605300250A,2006-05-30T02:50:08,-76.17,-45.92,14.9,5.7,mw,0.01,0.01,0.8,,78.0,71.0,-175.0,346.0,85.0,-19.0,-4000000000000000.0,1.65e+17,-1.61e+17,-1.09e+16,-1.3e+17,-3.2e+17,gcmt
C200607031607A,2006-07-03T16:07:20,-66.47,-28.07,195.2,5.1,mw,0.03,0.02,3.0,,177.0,57.0,-21.0,279.0,72.0,-145.0,-2.4e+16,7480000000000000.0,1.65e+16,2.56e+16,4310000000000000.0,-5.019999999999999e+16,gcmt
C200607080913A,2006-07-08T09:13:05,-67.38,-28.69,152.5,5.5,mw,0.01,0.01,0.8,,159.0,37.0,-68.0,312.0,56.0,-106.0,-1.74e+17,5.01e+16,1.24e+17,7.31e+16,-2.7800000000000004e+16,-9.87e+16,gcmt
C200607161142A,2006-07-16T11:42:45,-72.84,-28.71,12.0,6.2,mw,0.0,0.01,0.0,,357.0,46.0,-111.0,205.0,48.0,-70.0,-2e+18,-6.04e+17,2.6e+18,3.62e+17,-1e+16,6.39e+17,gcmt
C200607192211A,2006-07-19T22:11:30,-72.24,-32.63,31.0,5.0,mw,0.05,0.03,2.0,,336.0,25.0,74.0,174.0,66.0,98.0,3.23e+16,1360000000000000.0,-3.37e+16,1150000000000000.0,-2.96e+16,9540000000000000.0,gcmt
C200608051403A,2006-08-05T14:03:50,-68.86,-33.2,32.0,5.6,mw,0.01,0.01,0.6,,137.0,39.0,44.0,10.0,64.0,120.0,1.74e+17,7.33e+16,-2.4700000000000003e+17,5.01e+16,1.34e+17,9.02e+16,gcmt
C200608200251A,2006-08-20T02:51:20,-68.45,-29.29,130.3,5.0,mw,0.05,0.04,4.9,,274.0,51.0,-140.0,156.0,60.0,-47.0,-2.82e+16,2.45e+16,3760000000000000.0,4950000000000000.0,1.85e+16,-3.08e+16,gcmt
C200608312316A,2006-08-31T23:16:46,-70.86,-28.89,81.2,5.1,mw,0.04,0.02,3.8,,167.0,73.0,-13.0,261.0,78.0,-163.0,-7930000000000000.0,2.34e+16,-1.55e+16,1.21e+16,1.23e+16,-4.72e+16,gcmt
C200609121330A,2006-09-12T13:30:59,-69.13,-29.19,113.7,5.9,mw,0.01,0.01,0.6,,309.0,27.0,-115.0,156.0,66.0,-78.0,-6.01e+17,1.4299999999999998e+17,4.58e+17,-2.07e+17,5.4900000000000006e+17,-4.61e+17,gcmt
C200609170934A,2006-09-17T09:34:17,-67.15,-31.9,146.1,6.2,mw,0.01,0.0,0.4,,147.0,17.0,-147.0,25.0,81.0,-76.0,-7.6e+17,-1.4299999999999998e+17,9.03e+17,-1.01e+18,-1.77e+18,-2.03e+17,gcmt
C200609242108A,2006-09-24T21:08:43,-67.18,-31.89,151.6,5.6,mw,0.01,0.01,0.7,,122.0,34.0,-131.0,348.0,65.0,-66.0,-3e+17,1.68e+17,1.32e+17,-9.57e+16,-2.5499999999999997e+17,-9.25e+16,gcmt
C200610071632A,2006-10-07T16:32:15,-77.03,-45.79,14.2,5.1,mw,0.03,0.02,0.7,,135.0,33.0,-74.0,296.0,58.0,-100.0,-5.95e+16,3.4900000000000004e+16,2.46e+16,2.83e+16,-4540000000000000.0,-1.84e+16,gcmt
C200610121805A,2006-10-12T18:06:04,-72.03,-31.48,36.8,6.4,mw,0.01,0.0,0.3,,3.0,26.0,96.0,176.0,65.0,87.0,3.22e+18,2.21e+17,-3.44e+18,2.8100000000000003e+17,-2.68e+18,6.6e+16,gcmt
C200610131612A,2006-10-13T16:12:58,-72.02,-31.55,38.7,5.3,mw,0.02,0.01,0.9,,360.0,26.0,95.0,174.0,64.0,88.0,7.79e+16,9800000000000000.0,-8.77e+16,8500000000000001.0,-6.62e+16,6000000000000000.0,gcmt
C200610160133A,2006-10-16T01:33:40,-71.76,-30.32,43.0,5.5,mw,0.02,0.01,0.6,,8.0,38.0,113.0,160.0,56.0,73.0,1.98e+17,1.13e+16,-2.09e+17,6e+16,-6.12e+16,2.33e+16,gcmt
C200611201933A,2006-11-20T19:33:54,-75.57,-40.24,12.0,5.2,mw,0.01,0.01,0.0,,190.0,42.0,-82.0,359.0,48.0,-97.0,-7.039999999999999e+16,-5700000000000000.0,7.61e+16,5800000000000000.0,-8200000000000000.0,5800000000000000.0,gcmt
C200612311455A,2006-12-31T14:55:06,-71.4,-38.04,17.7,5.5,mw,0.01,0.01,0.7,,31.0,86.0,178.0,121.0,88.0,4.0,1.64e+16,2.15e+17,-2.32e+17,1.7100000000000002e+16,-600000000000000.0,1.16e+17,gcmt
C200701071055A,2007-01-07T10:55:33,-71.23,-35.52,121.4,5.0,mw,0.04,0.04,4.6,,199.0,23.0,-83.0,12.0,68.0,-93.0,-2.52e+16,3850000000000000.0,2.13e+16,-4110000000000000.0,-2.37e+16,5460000000000000.0,gcmt
C200701232040A,2007-01-23T20:40:16,-73.07,-45.46,12.8,5.3,mw,0.02,0.01,1.2,,264.0,89.0,-1.0,354.0,89.0,-179.0,-1.34e+16,-1.89e+16,3.22e+16,2600000000000000.0,-2400000000000000.0,1.26e+17,gcmt
C200701280253A,2007-01-28T02:53:16,-73.69,-45.39,46.8,5.2,mw,0.04,0.02,2.0,,104.0,76.0,1.0,14.0,89.0,166.0,-1.27e+16,4e+16,-2.73e+16,1.05e+16,1.67e+16,6.67e+16,gcmt
C200702030900A,2007-02-03T09:00:19,-73.03,-45.51,12.0,5.3,mw,0.02,0.01,0.0,,91.0,84.0,-6.0,182.0,84.0,-174.0,-3.4200000000000004e+16,2.36e+16,1.06e+16,-7199999999999999.0,8300000000000000.0,1.24e+17,gcmt
C200702100603A,2007-02-10T06:03:05,-72.26,-43.26,162.3,5.5,mw,0.01,0.01,1.0,,207.0,6.0,117.0,360.0,84.0,87.0,2.31e+16,5.17e+16,-7.48e+16,1500000000000000.0,2.41e+17,-1.24e+16,gcmt
C200702231955A,2007-02-23T19:55:50,-73.08,-45.51,16.6,5.7,mw,0.01,0.01,0.8,,87.0,70.0,-12.0,181.0,79.0,-160.0,-4.5e+16,1.53e+16,2.97e+16,-7.93e+16,1.3500000000000002e+17,3.79e+17,gcmt
C200703021307A,2007-03-02T13:07:36,-71.64,-30.93,54.8,5.4,mw,0.01,0.01,0.9,,7.0,35.0,100.0,176.0,55.0,83.0,1.3700000000000002e+17,2.08e+16,-1.58e+17,1.19e+16,-5.37e+16,-3599999999999999.5,gcmt
C200703201759A,2007-03-20T17:59:50,-67.19,-31.92,146.1,5.2,mw,0.02,0.02,2.1,,168.0,19.0,-125.0,24.0,75.0,-79.0,-3.39e+16,-3850000000000000.0,3.78e+16,-2.69e+16,-5.15e+16,4410000000000000.0,gcmt
C200703222025A,2007-03-22T20:25:25,-71.6,-28.1,40.7,5.2,mw,0.03,0.02,1.4,,341.0,51.0,49.0,215.0,54.0,129.0,5.22e+16,2.7700000000000004e+16,-7.99e+16,-2.13e+16,-1200000000000000.0,-1.59e+16,gcmt
C200703291440A,2007-03-29T14:40:47,-72.16,-31.63,26.6,5.6,mw,0.01,0.01,0.7,,12.0,19.0,91.0,191.0,71.0,90.0,1.89e+17,2.27e+16,-2.12e+17,-4.94e+16,-2.54e+17,-4.88e+16,gcmt
C200703291709A,2007-03-29T17:09:10,-72.06,-31.59,22.4,5.6,mw,0.01,0.01,0.6,,29.0,22.0,112.0,185.0,69.0,81.0,2.17e+17,3.14e+16,-2.4900000000000003e+17,-1.3e+16,-2.7000000000000003e+17,-8.11e+16,gcmt
C200703291746A,2007-03-29T17:46:27,-72.12,-31.69,19.8,5.3,mw,0.03,0.02,1.9,,336.0,15.0,59.0,188.0,78.0,98.0,4.08e+16,7500000000000000.0,-4.83e+16,-1.53e+16,-9.18e+16,6000000000000000.0,gcmt
C200703291832A,2007-03-29T18:32:02,-72.23,-31.72,32.0,5.0,mw,0.04,0.03,1.2,,347.0,31.0,85.0,172.0,59.0,93.0,3.43e+16,1230000000000000.0,-3.55e+16,1729999999999999.8,-1.88e+16,6960000000000000.0,gcmt
C200704020249A,2007-04-02T02:49:42,-73.04,-45.41,30.4,6.1,mw,0.04,0.02,1.5,,53.0,43.0,-86.0,228.0,47.0,-94.0,-1.59e+18,1.1399999999999999e+18,4.5e+17,1.15e+17,1.32e+17,1.71e+18,gcmt
C200704211753A,2007-04-21T17:53:48,-72.95,-45.48,12.0,6.2,mw,0.01,0.0,0.0,,84.0,86.0,2.0,354.0,88.0,176.0,-9.12e+17,-1.2e+17,1.03e+18,1.85e+17,2.8000000000000003e+17,2.77e+18,gcmt
C200704220605A,2007-04-22T06:05:28,-72.34,-31.59,27.8,5.1,mw,0.03,0.03,1.2,,348.0,28.0,61.0,201.0,66.0,105.0,3.47e+16,5639999999999999.0,-4.03e+16,-1.5e+16,-2.79e+16,-4530000000000000.0,gcmt
C200704261213A,2007-04-26T12:13:34,-71.11,-28.1,49.2,5.2,mw,0.02,0.01,1.2,,33.0,43.0,128.0,166.0,58.0,60.0,5.45e+16,1.51e+16,-6.96e+16,2.16e+16,-2.06e+16,-1.3799999999999998e+16,gcmt
C200705191626A,2007-05-19T16:26:09,-68.66,-28.77,124.3,5.0,mw,0.03,0.02,2.4,,338.0,46.0,-59.0,117.0,52.0,-118.0,-3.55e+16,1.58e+16,1.98e+16,-1.14e+16,-4420000000000000.0,-2.97e+16,gcmt
C200705201215A,2007-05-20T12:15:50,-71.55,-29.54,47.4,5.3,mw,0.01,0.01,0.7,,21.0,41.0,116.0,168.0,54.0,69.0,9.62e+16,1.59e+16,-1.1200000000000002e+17,2.63e+16,-2.7700000000000004e+16,-9500000000000000.0,gcmt
C200706210954A,2007-06-21T09:54:59,-71.42,-31.79,53.5,5.1,mw,0.02,0.02,1.5,,359.0,32.0,94.0,174.0,58.0,88.0,4.43e+16,1560000000000000.0,-4.59e+16,3270000000000000.0,-2.19e+16,2970000000000000.0,gcmt
C200706281925A,2007-06-28T19:25:22,-71.63,-32.08,80.3,5.6,mw,0.01,0.01,1.1,,198.0,15.0,-73.0,0.0,75.0,-95.0,-1.91e+17,2.64e+16,1.64e+17,9300000000000000.0,-3.14e+17,2.8000000000000004e+16,gcmt
C200707111512A,2007-07-11T15:12:24,-70.3,-32.67,115.7,5.1,mw,0.03,0.02,2.7,,150.0,50.0,-177.0,58.0,88.0,-40.0,-1e+16,-2.45e+16,3.45e+16,-1.86e+16,-2.7e+16,2.34e+16,gcmt
C200708081414A,2007-08-08T14:14:23,-71.92,-32.66,24.0,5.3,mw,0.02,0.02,0.0,,335.0,17.0,78.0,167.0,74.0,93.0,5.83e+16,6900000000000001.0,-6.52e+16,2.2e+16,-1.01e+17,2.53e+16,gcmt
C200709220801A,2007-09-22T08:01:04,-76.8,-46.01,12.0,5.5,mw,0.01,0.01,0.0,,75.0,80.0,178.0,165.0,88.0,10.0,-5.95e+16,1.57e+17,-9.73e+16,3.6e+16,-4.07e+16,-2.25e+17,gcmt
C200710161337A,2007-10-16T13:37:54,-76.84,-45.98,13.9,5.2,mw,0.02,0.01,1.1,,71.0,63.0,-173.0,338.0,83.0,-27.0,-1.87e+16,5.269999999999999e+16,-3.39e+16,1.35e+16,-2.85e+16,-5.39e+16,gcmt
C200710201956A,2007-10-20T19:56:22,-73.51,-36.5,40.7,5.2,mw,0.02,0.01,1.3,,13.0,23.0,104.0,177.0,67.0,84.0,5.18e+16,1.01e+16,-6.18e+16,4670000000000000.0,-5.56e+16,-4780000000000000.0,gcmt
C200710270116A,2007-10-27T01:16:56,-69.21,-31.85,113.8,5.0,mw,0.04,0.03,3.3,,299.0,51.0,-26.0,46.0,70.0,-138.0,-1.73e+16,3.72e+16,-1.99e+16,-7780000000000000.0,-2.34e+16,7780000000000000.0,gcmt
C200712151822A,2007-12-15T18:22:32,-72.02,-32.81,33.3,5.9,mw,0.01,0.01,0.5,,359.0,21.0,89.0,179.0,69.0,90.0,5.4700000000000006e+17,8.8e+16,-6.35e+17,7000000000000000.0,-6.59e+17,1.2e+16,gcmt
C200712200306A,2007-12-20T03:07:00,-72.01,-32.85,25.0,5.5,mw,0.02,0.02,0.0,,351.0,12.0,80.0,181.0,78.0,92.0,6.61e+16,2.04e+16,-8.66e+16,-2500000000000000.0,-1.78e+17,5500000000000000.0,gcmt
C200802292251A,2008-02-29T22:51:37,-75.49,-40.56,19.5,5.0,mw,0.04,0.03,0.9,,212.0,46.0,-107.0,56.0,47.0,-73.0,-4.69e+16,2.2599999999999996e+16,2.43e+16,-9370000000000000.0,7730000000000000.0,1.7e+16,gcmt
C200803100943A,2008-03-10T09:43:07,-69.74,-28.42,129.2,5.6,mw,0.01,0.01,0.8,,3.0,33.0,-75.0,165.0,58.0,-100.0,-2.38e+17,-4299999999999999.5,2.43e+17,-5.32e+16,1.07e+17,-2.59e+16,gcmt
C200803290134A,2008-03-29T01:34:39,-74.58,-43.2,42.0,5.1,mw,0.04,0.03,1.0,,5.0,32.0,90.0,184.0,58.0,90.0,5.34e+16,-8840000000000000.0,-4.45e+16,-1680000000000000.0,-2.46e+16,-2780000000000000.0,gcmt
C200804110129A,2008-04-11T01:29:44,-76.36,-45.88,17.0,5.1,mw,0.03,0.02,1.6,,80.0,67.0,-165.0,343.0,76.0,-24.0,4000000000000000.0,2.17e+16,-2.57e+16,-1.61e+16,-3.37e+16,-4.25e+16,gcmt
C200805020551A,2008-05-02T05:51:27,-72.65,-42.93,17.4,5.2,mw,0.03,0.01,1.2,,206.0,77.0,-177.0,115.0,87.0,-13.0,-3.55e+16,8.82e+16,-5.28e+16,-1.85e+16,1500000000000000.0,5.590000000000001e+16,gcmt
C200805030236A,2008-05-03T02:36:16,-72.56,-42.82,12.0,5.0,mw,0.05,0.02,0.0,,280.0,52.0,-31.0,31.0,66.0,-137.0,-1.98e+16,2.9e+16,-9160000000000000.0,9930000000000000.0,-3.8e+16,1.66e+16,gcmt
C200805201516A,2008-05-20T15:16:07,-78.9,-44.57,12.2,5.6,mw,0.02,0.01,1.2,,76.0,64.0,-170.0,342.0,81.0,-27.0,-2.8899999999999996e+16,1.48e+17,-1.19e+17,-4600000000000000.0,-1.32e+17,-2.12e+17,gcmt
C200805240243A,2008-05-24T02:43:42,-72.46,-42.17,12.0,5.4,mw,0.02,0.01,0.0,,84.0,57.0,-11.0,180.0,81.0,-146.0,-6.999999999999999e+16,4500000000000000.0,6.55e+16,3.03e+16,8.34e+16,1.57e+17,gcmt
C200810011703A,2008-10-01T17:03:48,-71.04,-35.03,118.6,5.2,mw,0.02,0.02,1.9,,288.0,4.0,-10.0,28.0,89.0,-94.0,1030000000000000.0,870000000000000.0,-1900000000000000.0,-3.48e+16,-6.46e+16,7550000000000000.0,gcmt
C200810271908A,2008-10-27T19:08:22,-69.49,-27.18,138.4,5.1,mw,0.02,0.02,2.4,,304.0,56.0,37.0,191.0,60.0,140.0,3.46e+16,1.68e+16,-5.14e+16,-1.6200000000000002e+16,-1.08e+16,3.33e+16,gcmt
C200811232119A,2008-11-23T21:19:44,-73.36,-36.38,37.8,5.3,mw,0.02,0.01,1.2,,11.0,22.0,111.0,169.0,69.0,82.0,6.56e+16,1.36e+16,-7.93e+16,1.81e+16,-7.7e+16,2100000000000000.2,gcmt
C200812162205A,2008-12-16T22:05:28,-71.85,-29.91,63.4,5.1,mw,0.02,0.02,3.5,,290.0,29.0,-1.0,21.0,90.0,-119.0,-1400000000000000.2,1.99e+16,-1.86e+16,-1.4e+16,-4.6e+16,1.79e+16,gcmt
C200812182119A,2008-12-18T21:19:33,-72.13,-32.63,22.5,6.1,mw,0.01,0.01,0.3,,360.0,19.0,94.0,175.0,71.0,89.0,1.1299999999999999e+18,1.18e+17,-1.25e+18,1.33e+17,-1.54e+18,6.2e+16,gcmt
C200812182150A,2008-12-18T21:50:34,-72.11,-32.62,20.7,5.9,mw,0.01,0.01,0.6,,350.0,18.0,83.0,177.0,72.0,92.0,4.43e+17,7500000000000000.0,-4.51e+17,2.46e+16,-6.1e+17,5.29e+16,gcmt
C200812190730A,2008-12-19T07:30:11,-72.24,-32.66,22.0,5.4,mw,0.01,0.01,0.7,,359.0,20.0,90.0,179.0,70.0,90.0,9.47e+16,6400000000000000.0,-1.01e+17,1500000000000000.0,-1.17e+17,1200000000000000.0,gcmt
C200812190936A,2008-12-19T09:36:08,-72.1,-32.56,23.1,5.7,mw,0.01,0.01,0.5,,2.0,19.0,100.0,172.0,72.0,87.0,2.83e+17,1.64e+16,-2.99e+17,6.08e+16,-3.84e+17,1.6900000000000002e+16,gcmt
C200812191357A,2008-12-19T13:57:36,-71.97,-32.68,24.3,5.2,mw,0.03,0.02,2.2,,11.0,19.0,118.0,162.0,74.0,81.0,3.4000000000000004e+16,2.46e+16,-5.86e+16,1.98e+16,-6.780000000000001e+16,1.2e+16,gcmt
C200812191648A,2008-12-19T16:48:53,-72.25,-32.6,29.4,5.2,mw,0.02,0.02,1.0,,351.0,23.0,82.0,180.0,67.0,93.0,4.93e+16,5710000000000000.0,-5.5e+16,-820000000000000.0,-4.97e+16,4350000000000000.0,gcmt
C200812201707A,2008-12-20T17:07:05,-68.14,-31.72,122.6,5.2,mw,0.02,0.01,1.9,,66.0,46.0,-52.0,198.0,56.0,-122.0,-6.909999999999999e+16,2.71e+16,4.2e+16,-1.31e+16,3.11e+16,5.759999999999999e+16,gcmt
C200901231256A,2009-01-23T12:56:09,-71.22,-36.64,121.9,5.2,mw,0.02,0.02,3.3,,253.0,56.0,-16.0,352.0,77.0,-145.0,-1.52e+16,-1.56e+16,3.08e+16,2.43e+16,-3.69e+16,5.44e+16,gcmt
C200902060258A,2009-02-06T02:58:36,-71.62,-28.16,59.1,5.3,mw,0.01,0.01,1.4,,154.0,23.0,-107.0,352.0,68.0,-83.0,-8.29e+16,1.7100000000000002e+16,6.59e+16,3300000000000000.0,-7.96e+16,-1.93e+16,gcmt
C200902160222A,2009-02-16T02:22:55,-70.15,-29.2,117.4,5.4,mw,0.01,0.01,1.0,,323.0,46.0,-32.0,77.0,67.0,-131.0,-7.62e+16,1.1100000000000002e+17,-3.4899999999999996e+16,-6.46e+16,-4.88e+16,-6.18e+16,gcmt
C200903111306A,2009-03-11T13:06:56,-69.29,-31.98,36.8,5.3,mw,0.01,0.01,0.5,,190.0,44.0,109.0,344.0,49.0,72.0,1.03e+17,1.97e+16,-1.23e+17,-2.14e+16,8000000000000000.0,7800000000000000.0,gcmt
C200903121103A,2009-03-12T11:03:12,-78.35,-45.27,17.0,5.0,mw,0.03,0.03,1.0,,157.0,43.0,-117.0,12.0,53.0,-67.0,-3.72e+16,4360000000000000.0,3.28e+16,-1.44e+16,-7570000000000000.0,-3510000000000000.0,gcmt
C200903151350A,2009-03-15T13:50:41,-65.51,-31.22,198.6,5.2,mw,0.02,0.02,1.7,,149.0,40.0,-69.0,303.0,53.0,-107.0,-5.93e+16,2.89e+16,3.04e+16,2.06e+16,-1810000000000000.0,-3.83e+16,gcmt
C200904031754A,2009-04-03T17:54:53,-66.71,-28.09,180.4,5.7,mw,0.01,0.01,0.7,,183.0,43.0,-31.0,297.0,69.0,-129.0,-2.23e+17,-2.46e+16,2.48e+17,2.56e+17,-4.14e+16,-2.5299999999999997e+17,gcmt
C200904260803A,2009-04-26T08:03:40,-69.49,-32.89,141.0,5.3,mw,0.02,0.01,1.2,,145.0,49.0,169.0,242.0,82.0,42.0,2.21e+16,-9.56e+16,7.34e+16,-6.57e+16,-5.3e+16,4.41e+16,gcmt
C200904281529A,2009-04-28T15:29:30,-76.28,-48.48,17.5,5.1,mw,0.03,0.02,1.3,,7.0,20.0,97.0,180.0,70.0,88.0,3.19e+16,1.25e+16,-4.43e+16,190000000000000.0,-4.55e+16,-2570000000000000.0,gcmt
C200905081344A,2009-05-08T13:44:57,-69.68,-32.02,109.7,5.4,mw,0.02,0.01,1.1,,185.0,48.0,-121.0,47.0,50.0,-60.0,-1.1499999999999998e+17,1700000000000000.0,1.1299999999999998e+17,-3.86e+16,1.47e+16,7.029999999999999e+16,gcmt
C200905171235A,2009-05-17T12:35:25,-70.24,-27.39,101.7,5.2,mw,0.02,0.01,1.5,,356.0,29.0,-79.0,163.0,62.0,-96.0,-7.62e+16,1.79e+16,5.83e+16,-1.92e+16,4.01e+16,-5800000000000000.0,gcmt
C200905250510A,2009-05-25T05:10:14,-71.65,-28.69,56.3,5.3,mw,0.01,0.01,1.3,,192.0,20.0,-84.0,5.0,70.0,-92.0,-6.989999999999999e+16,1.07e+16,5.92e+16,-5300000000000000.0,-7.72e+16,8300000000000000.0,gcmt
C200906132122A,2009-06-13T21:22:10,-71.99,-30.8,33.9,5.0,mw,0.02,0.02,1.1,,352.0,29.0,88.0,175.0,61.0,91.0,3.77e+16,4630000000000000.0,-4.230000000000001e+16,1690000000000000.0,-2.47e+16,5070000000000000.0,gcmt
C200906170705A,2009-06-17T07:04:53,-77.61,-45.83,24.7,5.2,mw,0.02,0.01,1.2,,346.0,68.0,-11.0,80.0,80.0,-158.0,-8120000000000001.0,3.5099999999999996e+16,-2.7e+16,-2.87e+16,-2.2e+16,-7.19e+16,gcmt
C200906290307A,2009-06-29T03:07:31,-77.15,-45.64,17.0,5.3,mw,0.02,0.01,0.9,,79.0,67.0,-171.0,346.0,81.0,-23.0,-2.8000000000000004e+16,5.759999999999999e+16,-2.96e+16,4800000000000000.0,-4.03e+16,-9.87e+16,gcmt
C200907071646A,2009-07-07T16:46:19,-71.57,-29.3,46.7,5.4,mw,0.01,0.01,1.8,,260.0,50.0,-174.0,165.0,85.0,-40.0,-1.32e+16,5.91e+16,-4.59e+16,-7900000000000000.0,9.98e+16,-1.05e+17,gcmt
C200907121443A,2009-07-12T14:43:55,-71.58,-30.71,65.6,5.2,mw,0.02,0.02,1.5,,360.0,32.0,99.0,169.0,58.0,84.0,5.769999999999999e+16,1.16e+16,-6.92e+16,7890000000000000.0,-3.06e+16,8330000000000000.0,gcmt
C200908121800A,2009-08-12T18:00:55,-66.71,-28.1,177.9,5.4,mw,0.01,0.01,0.9,,297.0,45.0,-126.0,162.0,55.0,-60.0,-1.41e+17,5.17e+16,8.92e+16,2.7300000000000004e+16,6.28e+16,-1.07e+17,gcmt
C200909120356A,2009-09-12T03:56:57,-76.99,-45.83,18.3,5.0,mw,0.04,0.04,1.4,,176.0,26.0,-92.0,359.0,64.0,-89.0,-3.46e+16,7160000000000000.0,2.75e+16,-200000000000000.0,-2.37e+16,-940000000000000.0,gcmt
C200909251547A,2009-09-25T15:47:27,-71.9,-32.26,41.8,5.1,mw,0.03,0.02,1.8,,277.0,58.0,15.0,180.0,78.0,147.0,1.3e+16,-810000000000000.0,-1.22e+16,-7460000000000000.0,-2.54e+16,4.32e+16,gcmt
C200910280620A,2009-10-28T06:20:03,-72.05,-32.84,19.0,5.0,mw,0.02,0.03,1.0,,164.0,43.0,86.0,349.0,47.0,94.0,3.88e+16,-2590000000000000.0,-3.62e+16,1160000000000000.0,2980000000000000.0,8360000000000000.0,gcmt
C200911222207A,2009-11-22T22:07:51,-75.46,-39.77,12.0,5.8,mw,0.01,0.01,0.0,,199.0,43.0,-69.0,351.0,51.0,-109.0,-6.99e+17,-1.9e+16,7.19e+17,1.77e+17,-1.16e+17,6.7e+16,gcmt
C200912291147A,2009-12-29T11:47:36,-73.39,-36.78,43.4,5.1,mw,0.03,0.02,2.1,,1.0,21.0,95.0,175.0,69.0,88.0,3.37e+16,1850000000000000.0,-3.55e+16,3600000000000000.0,-3.76e+16,1250000000000000.0,gcmt
C201001181228A,2010-01-18T12:28:40,-68.97,-31.48,116.1,5.4,mw,0.02,0.01,1.0,,231.0,37.0,-97.0,60.0,54.0,-85.0,-1.3899999999999998e+17,9.78e+16,4.1e+16,-4.21e+16,-1.5e+16,7.08e+16,gcmt
C201001191728A,2010-01-19T17:28:21,-65.74,-27.71,32.1,5.2,mw,0.02,0.01,1.4,,243.0,75.0,178.0,333.0,88.0,15.0,8500000000000001.0,6.4e+16,-7.25e+16,-1.04e+16,2.01e+16,-4.92e+16,gcmt
C201001300550A,2010-01-30T05:50:14,-71.32,-28.26,55.0,5.3,mw,0.01,0.01,1.1,,17.0,31.0,107.0,177.0,60.0,80.0,8.63e+16,1.9e+16,-1.05e+17,8100000000000000.0,-5.550000000000001e+16,-1.31e+16,gcmt
C201002121203A,2010-02-12T12:03:43,-69.02,-33.63,173.5,5.8,mw,0.01,0.01,0.6,,69.0,57.0,-156.0,325.0,70.0,-35.0,-2.4e+17,5.7300000000000006e+17,-3.33e+17,1000000000000000.0,-3.98e+17,-2.93e+17,gcmt
C201002270634A,2010-02-27T06:35:14,-73.15,-35.98,23.2,8.8,mw,0.01,0.01,0.3,,19.0,18.0,116.0,172.0,74.0,82.0,1.04e+22,-3.9e+20,-1e+22,3.04e+21,-1.52e+22,-1.19e+21,gcmt
S201002270801A,2010-02-27T08:01:29,-75.41,-38.09,19.9,7.4,mw,0.03,0.04,1.4,,3.0,46.0,-102.0,200.0,46.0,-78.0,-1.3999999999999998e+20,1.63e+19,1.24e+20,2.34e+19,-4.1e+18,2.27e+19,gcmt
C201002271900A,2010-02-27T19:00:12,-72.29,-33.62,24.2,6.2,mw,0.02,0.02,0.8,,3.0,27.0,97.0,175.0,64.0,86.0,2.42e+18,-3.43e+17,-2.08e+18,2.61e+17,-1.7e+18,8999999999999999.0,gcmt
C201002272302A,2010-02-27T23:02:06,-73.33,-37.94,53.4,5.9,mw,0.04,0.03,2.2,,349.0,27.0,90.0,169.0,63.0,90.0,7.05e+17,-1.22e+17,-5.83e+17,9.1e+16,-4.6e+17,9.5e+16,gcmt
C201002280108A,2010-02-28T01:08:28,-72.46,-34.25,31.5,5.9,mw,0.02,0.02,0.9,,13.0,24.0,95.0,187.0,66.0,88.0,7.36e+17,-5.7e+16,-6.79e+17,-6.5e+16,-6.53e+17,-1.17e+17,gcmt
C201002281125A,2010-02-28T11:25:39,-72.05,-35.11,53.5,6.2,mw,0.01,0.01,0.6,,17.0,25.0,113.0,171.0,67.0,80.0,1.65e+18,1.95e+17,-1.84e+18,3.93e+17,-1.64e+18,-1.13e+17,gcmt
C201002281948A,2010-02-28T19:48:39,-74.15,-38.36,15.1,5.8,mw,0.01,0.01,0.4,,1.0,16.0,91.0,180.0,74.0,90.0,3.88e+17,-6300000000000000.0,-3.81e+17,-2000000000000000.0,-6.08e+17,-3400000000000000.0,gcmt
C201003010110A,2010-03-01T01:11:00,-72.33,-35.4,57.8,5.2,mw,0.02,0.01,1.4,,34.0,33.0,130.0,169.0,65.0,67.0,5.05e+16,2.2e+16,-7.25e+16,1.34e+16,-4.46e+16,-1.48e+16,gcmt
C201003010244A,2010-03-01T02:44:45,-72.75,-35.22,18.9,5.6,mw,0.01,0.01,0.8,,302.0,29.0,32.0,183.0,75.0,115.0,1.3999999999999998e+17,4.03e+16,-1.8e+17,-3.08e+16,-2.5499999999999997e+17,1.3e+17,gcmt
C201003010749A,2010-03-01T07:49:09,-73.53,-34.73,12.0,5.3,mw,0.01,0.01,0.0,,208.0,35.0,-65.0,358.0,58.0,-107.0,-9.45e+16,-3.54e+16,1.3e+17,8400000000000001.0,-5.29e+16,3.3e+16,gcmt
C201003010846A,2010-03-01T08:46:56,-73.46,-35.51,15.1,5.3,mw,0.02,0.02,1.0,,26.0,17.0,98.0,197.0,73.0,87.0,5.610000000000001e+16,2500000000000000.0,-5.86e+16,-2.67e+16,-9.1e+16,-2.63e+16,gcmt
C201003010858A,2010-03-01T08:58:31,-74.96,-37.91,18.8,5.0,mw,0.03,0.04,1.1,,204.0,41.0,-79.0,9.0,50.0,-100.0,-3.98e+16,6150000000000000.0,3.36e+16,4069999999999999.5,-7150000000000000.0,8890000000000000.0,gcmt
C201003011220A,2010-03-01T12:20:17,-74.01,-34.57,12.0,5.1,mw,0.02,0.02,0.0,,41.0,40.0,-91.0,222.0,50.0,-89.0,-5.24e+16,2.27e+16,2.97e+16,6080000000000000.0,6240000000000000.0,2.7400000000000004e+16,gcmt
C201003011436A,2010-03-01T14:36:29,-73.96,-34.53,12.0,5.2,mw,0.02,0.01,0.0,,46.0,39.0,-89.0,224.0,51.0,-91.0,-7.55e+16,3.76e+16,3.79e+16,1e+16,1.19e+16,2.9900000000000004e+16,gcmt
C201003011552A,2010-03-01T15:52:39,-73.91,-36.83,27.2,5.1,mw,0.02,0.02,0.9,,13.0,27.0,104.0,177.0,64.0,83.0,4.05e+16,-470000000000000.0,-4e+16,4330000000000000.0,-3.18e+16,-3550000000000000.0,gcmt
C201003011656A,2010-03-01T16:56:54,-72.7,-36.4,67.6,5.0,mw,0.03,0.02,2.9,,43.0,35.0,125.0,182.0,62.0,68.0,2.5e+16,2650000000000000.0,-2.77e+16,3140000000000000.0,-1.8e+16,-1.39e+16,gcmt
C201003012240A,2010-03-01T22:40:17,-74.27,-34.9,18.0,5.0,mw,0.04,0.03,1.1,,32.0,37.0,-88.0,209.0,53.0,-92.0,-3.7e+16,1.17e+16,2.53e+16,4200000000000000.0,9000000000000000.0,1.24e+16,gcmt
C201003020209A,2010-03-02T02:09:37,-71.47,-39.86,15.6,5.1,mw,0.02,0.01,1.4,,176.0,65.0,-168.0,80.0,79.0,-25.0,470000000000000.0,-1.52e+16,1.47e+16,-3.2e+16,1.53e+16,5.28e+16,gcmt
C201003020409A,2010-03-02T04:09:29,-73.73,-35.88,15.0,5.4,mw,0.02,0.02,0.0,,359.0,13.0,78.0,191.0,78.0,93.0,5.93e+16,8200000000000000.0,-6.750000000000001e+16,-2.69e+16,-1.34e+17,-7900000000000000.0,gcmt
C201003020428A,2010-03-02T04:28:46,-73.81,-36.85,15.2,5.5,mw,0.02,0.01,1.0,,17.0,11.0,110.0,178.0,79.0,86.0,6.820000000000001e+16,3500000000000000.5,-7.17e+16,9900000000000000.0,-1.79e+17,-9400000000000000.0,gcmt
C201003020610A,2010-03-02T06:10:53,-72.87,-34.63,14.7,5.3,mw,0.02,0.02,2.7,,3.0,5.0,84.0,189.0,85.0,91.0,2.01e+16,3800000000000000.0,-2.4e+16,-1.7199999999999998e+16,-1.1399999999999998e+17,-3100000000000000.0,gcmt
C201003021130A,2010-03-02T11:30:29,-72.99,-35.45,12.0,5.0,mw,0.03,0.01,0.0,,198.0,67.0,-163.0,101.0,74.0,-24.0,-1.85e+16,2.81e+16,-9510000000000000.0,-8520000000000000.0,3000000000000000.0,3.22e+16,gcmt
C201003021216A,2010-03-02T12:16:33,-73.83,-36.76,18.4,5.2,mw,0.02,0.02,1.1,,5.0,16.0,95.0,181.0,74.0,89.0,4.19e+16,-1580000000000000.0,-4.03e+16,-110000000000000.0,-6.39e+16,-2130000000000000.0,gcmt
C201003021407A,2010-03-02T14:07:06,-74.43,-39.72,34.7,5.1,mw,0.03,0.02,1.1,,16.0,28.0,112.0,172.0,64.0,79.0,4.61e+16,-3590000000000000.0,-4.25e+16,1.11e+16,-3.2400000000000004e+16,-3920000000000000.0,gcmt
C201003021912A,2010-03-02T19:12:58,-72.55,-34.39,19.1,5.6,mw,0.01,0.01,0.7,,14.0,17.0,119.0,163.0,75.0,81.0,1.57e+17,1.61e+16,-1.73e+17,9.19e+16,-2.66e+17,6100000000000000.0,gcmt
C201003022144A,2010-03-02T21:44:35,-73.85,-36.61,37.0,5.1,mw,0.04,0.03,1.8,,44.0,26.0,115.0,196.0,67.0,79.0,3.54e+16,-1.07e+16,-2.46e+16,-4240000000000000.0,-3.25e+16,-1.4e+16,gcmt
C201003030435A,2010-03-03T04:35:58,-74.29,-37.61,15.0,5.3,mw,0.01,0.02,0.0,,350.0,12.0,66.0,194.0,79.0,95.0,4.13e+16,4500000000000000.0,-4.58e+16,-2.71e+16,-1.02e+17,-2400000000000000.0,gcmt
C201003030442A,2010-03-03T04:42:27,-74.27,-37.4,20.9,5.1,mw,0.03,0.03,1.3,,13.0,26.0,105.0,176.0,65.0,83.0,4.24e+16,-7330000000000000.0,-3.5099999999999996e+16,6070000000000000.0,-3.19e+16,-3260000000000000.0,gcmt
C201003030616A,2010-03-03T06:16:24,-72.44,-33.81,23.5,5.2,mw,0.02,0.01,0.9,,10.0,22.0,99.0,180.0,68.0,86.0,5.15e+16,2870000000000000.0,-5.44e+16,2070000000000000.0,-5.43e+16,-4330000000000000.0,gcmt
C201003031744A,2010-03-03T17:44:30,-73.69,-36.7,16.3,6.1,mw,0.01,0.01,0.4,,15.0,12.0,103.0,182.0,78.0,87.0,6.98e+17,4e+16,-7.38e+17,-3.5000000000000004e+16,-1.64e+18,-1.09e+17,gcmt
C201003031958A,2010-03-03T19:58:30,-72.36,-33.59,19.1,5.8,mw,0.01,0.01,0.4,,2.0,17.0,94.0,178.0,73.0,89.0,3.37e+17,2199999999999999.8,-3.39e+17,1.81e+16,-4.91e+17,-1600000000000000.0,gcmt
C201003040159A,2010-03-04T01:59:52,-72.55,-33.45,12.8,6.0,mw,0.01,0.01,0.3,,10.0,19.0,97.0,183.0,71.0,88.0,8.33e+17,-1.2e+16,-8.21e+17,-4e+16,-1.06e+18,-9.4e+16,gcmt
C201003040903A,2010-03-04T09:03:40,-74.96,-37.72,16.8,5.0,mw,0.02,0.02,1.0,,217.0,45.0,-56.0,353.0,54.0,-119.0,-3.71e+16,-2110000000000000.0,3.92e+16,1.5e+16,-9880000000000000.0,1.21e+16,gcmt
C201003041737A,2010-03-04T17:37:51,-72.41,-34.24,23.5,5.4,mw,0.02,0.02,1.1,,14.0,22.0,106.0,177.0,69.0,84.0,1.01e+17,1.01e+16,-1.1100000000000002e+17,1.12e+16,-1.1499999999999998e+17,-1.06e+16,gcmt
C201003050334A,2010-03-05T03:34:33,-71.94,-34.67,12.0,5.4,mw,0.01,0.01,0.0,,1.0,38.0,-77.0,165.0,53.0,-100.0,-1.48e+17,-3.67e+16,1.85e+17,-2.24e+16,4.2e+16,-3.07e+16,gcmt
C201003050355A,2010-03-05T03:55:18,-71.95,-34.63,26.1,5.3,mw,0.02,0.01,1.1,,319.0,75.0,177.0,50.0,87.0,15.0,-600000000000000.0,-8.98e+16,9.04e+16,1.53e+16,2.09e+16,1.3800000000000002e+16,gcmt
C201003050736A,2010-03-05T07:36:45,-73.41,-35.35,36.2,5.1,mw,0.02,0.02,1.9,,266.0,50.0,-3.0,358.0,88.0,-140.0,-6370000000000000.0,-3870000000000000.0,1.02e+16,-4300000000000000.0,-3.38e+16,4.1e+16,gcmt
C201003050919A,2010-03-05T09:19:39,-73.59,-36.76,15.0,6.1,mw,0.01,0.01,0.3,,11.0,8.0,116.0,164.0,83.0,87.0,4.6e+17,6.3e+16,-5.23e+17,5.21e+17,-1.83e+18,3.8e+16,gcmt
C201003051031A,2010-03-05T10:31:31,-73.77,-37.58,26.0,5.2,mw,0.04,0.03,1.1,,358.0,28.0,97.0,171.0,62.0,86.0,7.25e+16,-4100000000000000.0,-6.840000000000001e+16,1.02e+16,-4.64e+16,5800000000000000.0,gcmt
C201003051147A,2010-03-05T11:47:14,-73.75,-36.89,14.9,6.6,mw,0.0,0.0,0.2,,9.0,16.0,98.0,180.0,74.0,88.0,5.18e+18,9e+16,-5.28e+18,4e+16,-8.6e+18,-4.1e+17,gcmt
C201003061519A,2010-03-06T15:19:06,-74.31,-37.59,14.3,5.2,mw,0.02,0.02,1.0,,28.0,19.0,112.0,185.0,72.0,83.0,4.24e+16,3449999999999999.5,-4.58e+16,-3300000000000000.0,-6.39e+16,-1.42e+16,gcmt
C201003070446A,2010-03-07T04:46:35,-72.18,-33.14,29.1,5.1,mw,0.03,0.02,1.0,,7.0,26.0,92.0,185.0,64.0,89.0,4.3e+16,-1390000000000000.0,-4.17e+16,-2080000000000000.0,-3.31e+16,-4210000000000000.0,gcmt
C201003071559A,2010-03-07T15:59:47,-73.78,-38.22,25.0,5.9,mw,0.01,0.01,0.0,,348.0,12.0,84.0,174.0,78.0,91.0,3.02e+17,4.16e+16,-3.44e+17,7.28e+16,-7.2e+17,5.96e+16,gcmt
C201003071836A,2010-03-07T18:36:04,-72.22,-34.65,47.0,5.3,mw,0.02,0.01,1.1,,24.0,27.0,114.0,177.0,65.0,78.0,7.07e+16,1.61e+16,-8.68e+16,8400000000000001.0,-6.58e+16,-1.62e+16,gcmt
C201003072200A,2010-03-07T22:00:40,-72.18,-34.01,34.4,5.2,mw,0.02,0.02,0.7,,26.0,42.0,113.0,176.0,52.0,71.0,6.21e+16,9780000000000000.0,-7.18e+16,1.23e+16,-1.54e+16,-1.66e+16,gcmt
C201003072346A,2010-03-07T23:47:00,-73.36,-36.17,29.4,5.1,mw,0.04,0.02,1.7,,26.0,21.0,-119.0,237.0,72.0,-80.0,-2.82e+16,1.24e+16,1.58e+16,3.48e+16,1.98e+16,1.76e+16,gcmt
C201003081303A,2010-03-08T13:03:43,-73.97,-34.54,12.0,5.1,mw,0.02,0.02,0.0,,38.0,41.0,-97.0,228.0,49.0,-84.0,-5.85e+16,2.7400000000000004e+16,3.12e+16,9600000000000000.0,2640000000000000.0,2.79e+16,gcmt
C201003081750A,2010-03-08T17:50:46,-72.04,-32.88,16.5,5.3,mw,0.02,0.02,0.9,,360.0,28.0,108.0,159.0,63.0,81.0,9.06e+16,-3300000000000000.0,-8.73e+16,3.22e+16,-5.92e+16,1.57e+16,gcmt
C201003081808A,2010-03-08T18:08:01,-72.11,-32.78,16.0,5.3,mw,0.02,0.02,0.9,,353.0,26.0,89.0,175.0,64.0,91.0,8.04e+16,-600000000000000.0,-7.98e+16,5300000000000000.0,-6.19e+16,8699999999999999.0,gcmt
C201003092210A,2010-03-09T22:10:51,-72.83,-33.88,20.3,5.1,mw,0.03,0.03,1.4,,358.0,22.0,76.0,193.0,69.0,96.0,3.84e+16,-550000000000000.0,-3.78e+16,-1.15e+16,-3.95e+16,-3610000000000000.0,gcmt
C201003100241A,2010-03-10T02:41:52,-73.13,-37.07,48.5,5.2,mw,0.02,0.01,1.0,,19.0,32.0,107.0,178.0,60.0,80.0,6.2e+16,4680000000000000.0,-6.67e+16,6870000000000001.0,-3.63e+16,-1.04e+16,gcmt
C201003100401A,2010-03-10T04:01:48,-74.12,-37.32,15.0,5.1,mw,0.02,0.02,0.0,,15.0,12.0,109.0,176.0,78.0,86.0,2.62e+16,890000000000000.0,-2.71e+16,4950000000000000.0,-6.09e+16,-2790000000000000.5,gcmt
C201003100845A,2010-03-10T08:45:22,-74.29,-35.16,17.9,5.1,mw,0.04,0.03,1.2,,48.0,34.0,-59.0,192.0,61.0,-109.0,-4.26e+16,1.05e+16,3.21e+16,-4200000000000000.0,2.81e+16,1.98e+16,gcmt
C201003101220A,2010-03-10T12:20:59,-72.85,-33.6,15.0,5.6,mw,0.02,0.02,0.0,,47.0,6.0,122.0,195.0,85.0,87.0,5.759999999999999e+16,-6600000000000000.0,-5.1e+16,-9.03e+16,-3.37e+17,-3.57e+16,gcmt
C201003101600A,2010-03-10T16:00:53,-75.28,-38.25,27.4,5.1,mw,0.02,0.01,1.0,,344.0,55.0,-152.0,237.0,67.0,-38.0,-2.66e+16,-2.02e+16,4.68e+16,2.9900000000000004e+16,-560000000000000.0,2.96e+16,gcmt
C201003111439A,2010-03-11T14:39:52,-72.11,-34.54,12.9,6.9,mw,0.0,0.0,0.1,,324.0,35.0,-90.0,144.0,55.0,-90.0,-2.33e+19,8.58e+18,1.47e+19,-4.69e+18,6.43e+18,-9.55e+18,gcmt
C201003111455A,2010-03-11T14:55:35,-72.13,-34.53,16.3,7.0,mw,0.01,0.01,0.3,,16.0,6.0,-53.0,159.0,86.0,-93.0,-5.9e+18,2.4e+17,5.659999999999999e+18,-1.27e+19,3.2e+19,2.7e+17,gcmt
C201003112011A,2010-03-11T20:11:27,-72.08,-34.62,19.3,5.6,mw,0.01,0.02,0.7,,3.0,44.0,-61.0,146.0,52.0,-115.0,-3.27e+17,1.48e+16,3.12e+17,-1.41e+17,7199999999999999.0,-8.64e+16,gcmt
C201003112234A,2010-03-11T22:34:05,-74.11,-37.85,22.5,5.3,mw,0.02,0.02,1.0,,351.0,20.0,82.0,180.0,70.0,93.0,7.95e+16,-8599999999999999.0,-7.09e+16,-2199999999999999.8,-8.91e+16,5900000000000000.0,gcmt
C201003121032A,2010-03-12T10:32:33,-74.69,-37.86,17.9,5.1,mw,0.03,0.03,1.5,,348.0,18.0,71.0,188.0,73.0,96.0,3.11e+16,-3370000000000000.0,-2.77e+16,-8159999999999999.0,-4.09e+16,1820000000000000.0,gcmt
C201003121650A,2010-03-12T16:50:04,-72.18,-34.41,12.0,5.7,mw,0.01,0.01,0.0,,342.0,40.0,-87.0,158.0,50.0,-92.0,-3.95e+17,2.49e+16,3.7e+17,-3.81e+16,6.830000000000001e+16,-1.47e+17,gcmt
C201003130315A,2010-03-13T03:15:04,-74.02,-36.69,31.4,5.3,mw,0.04,0.03,1.7,,2.0,23.0,88.0,183.0,67.0,91.0,8.29e+16,-8000000000000000.0,-7.49e+16,-5400000000000000.0,-7.64e+16,-2800000000000000.0,gcmt
C201003130319A,2010-03-13T03:19:10,-73.77,-36.77,23.7,5.4,mw,0.03,0.02,1.6,,10.0,19.0,102.0,177.0,72.0,86.0,1.02e+17,-9100000000000000.0,-9.29e+16,1.16e+16,-1.32e+17,-6500000000000000.0,gcmt
C201003130712A,2010-03-13T07:12:07,-71.97,-34.65,18.9,5.1,mw,0.02,0.02,0.9,,345.0,45.0,-81.0,152.0,46.0,-99.0,-4.51e+16,-2570000000000000.0,4.769999999999999e+16,-3890000000000000.0,-330000000000000.0,-2.33e+16,gcmt
C201003131034A,2010-03-13T10:34:45,-73.95,-37.78,20.0,5.8,mw,0.01,0.01,0.4,,7.0,19.0,102.0,175.0,71.0,86.0,3.56e+17,1.16e+16,-3.67e+17,5.39e+16,-4.62e+17,-6100000000000000.0,gcmt
C201003131522A,2010-03-13T15:22:36,-72.07,-34.57,15.6,5.2,mw,0.02,0.02,1.1,,10.0,29.0,-75.0,172.0,62.0,-99.0,-6.979999999999999e+16,-6100000000000000.0,7.59e+16,-1.19e+16,4.63e+16,500000000000000.0,gcmt
C201003132020A,2010-03-13T20:20:26,-74.29,-37.11,15.0,5.3,mw,0.02,0.02,0.0,,346.0,12.0,79.0,177.0,79.0,92.0,4.17e+16,500000000000000.0,-4.22e+16,3800000000000000.0,-1e+17,6100000000000000.0,gcmt
C201003140731A,2010-03-14T07:31:24,-72.1,-34.42,16.4,5.2,mw,0.02,0.02,1.1,,341.0,34.0,-116.0,191.0,59.0,-73.0,-6.810000000000001e+16,-2400000000000000.0,7.05e+16,1.94e+16,3.3800000000000004e+16,-5600000000000000.0,gcmt
C201003141352A,2010-03-14T13:52:24,-73.85,-38.71,19.3,5.5,mw,0.03,0.02,1.1,,281.0,25.0,-26.0,35.0,79.0,-113.0,-6.989999999999999e+16,9.46e+16,-2.47e+16,-7.21e+16,-1.49e+17,4.25e+16,gcmt
C201003142004A,2010-03-14T20:04:57,-73.85,-38.68,13.3,5.4,mw,0.01,0.01,0.6,,228.0,23.0,-60.0,15.0,71.0,-102.0,-1.16e+17,3.4699999999999996e+16,8.13e+16,-2.15e+16,-1.3700000000000002e+17,5.31e+16,gcmt
C201003151108A,2010-03-15T11:08:34,-73.85,-35.96,12.0,6.2,mw,0.0,0.0,0.0,,21.0,15.0,103.0,187.0,76.0,87.0,1.1499999999999999e+18,-3.2e+16,-1.1200000000000001e+18,-2.45e+17,-2.11e+18,-2.8599999999999997e+17,gcmt
C201003160221A,2010-03-16T02:22:03,-73.63,-36.49,13.4,6.6,mw,0.0,0.0,0.2,,12.0,14.0,107.0,175.0,77.0,86.0,4.94e+18,2.9e+17,-5.23e+18,1.14e+18,-1.03e+19,-2.8e+17,gcmt
C201003160304A,2010-03-16T03:04:39,-73.76,-36.68,17.2,5.9,mw,0.03,0.02,1.3,,19.0,14.0,112.0,177.0,77.0,85.0,3.73e+17,-9100000000000000.0,-3.64e+17,5.93e+16,-7.35e+17,-5.580000000000001e+16,gcmt
C201003171738A,2010-03-17T17:38:37,-73.03,-44.36,12.0,5.4,mw,0.01,0.01,0.0,,191.0,68.0,-178.0,100.0,88.0,-22.0,-9300000000000000.0,6.34e+16,-5.41e+16,-6.19e+16,1.26e+16,1.47e+17,gcmt
C201003171829A,2010-03-17T18:29:38,-73.56,-35.47,20.5,5.1,mw,0.03,0.02,1.3,,27.0,24.0,106.0,190.0,67.0,83.0,4.03e+16,-2590000000000000.0,-3.77e+16,-4750000000000000.0,-3.97e+16,-1.34e+16,gcmt
C201003180157A,2010-03-18T01:57:34,-72.98,-36.65,25.5,5.2,mw,0.04,0.02,1.2,,340.0,8.0,63.0,188.0,83.0,94.0,2e+16,4840000000000000.0,-2.48e+16,-1.2e+16,-8.35e+16,1750000000000000.0,gcmt
C201003180318A,2010-03-18T03:18:24,-72.42,-34.49,30.6,5.1,mw,0.04,0.03,2.0,,35.0,21.0,-54.0,177.0,73.0,-103.0,-3.44e+16,6860000000000001.0,2.75e+16,-8330000000000000.0,4.51e+16,1.01e+16,gcmt
C201003180932A,2010-03-18T09:32:27,-73.01,-44.43,20.4,5.2,mw,0.03,0.01,1.4,,186.0,72.0,171.0,279.0,81.0,18.0,-8110000000000001.0,2.69e+16,-1.88e+16,-3.39e+16,-1.66e+16,8.210000000000002e+16,gcmt
C201003190255A,2010-03-19T02:55:55,-72.65,-33.63,16.6,5.2,mw,0.02,0.02,0.9,,13.0,18.0,99.0,184.0,72.0,87.0,4.43e+16,-2770000000000000.0,-4.15e+16,-2190000000000000.0,-5.87e+16,-6150000000000000.0,gcmt
C201003190854A,2010-03-19T08:54:51,-73.33,-35.67,15.0,5.5,mw,0.01,0.01,0.0,,27.0,10.0,118.0,178.0,81.0,85.0,5.88e+16,3500000000000000.5,-6.22e+16,8000000000000000.0,-1.84e+17,-1.46e+16,gcmt
C201003191420A,2010-03-19T14:20:47,-72.59,-33.37,15.1,5.2,mw,0.03,0.02,1.2,,20.0,16.0,110.0,178.0,75.0,84.0,3.47e+16,-3070000000000000.0,-3.16e+16,3730000000000000.0,-5.89e+16,-5510000000000000.0,gcmt
C201003211831A,2010-03-21T18:31:06,-73.57,-36.56,21.2,5.5,mw,0.01,0.01,0.5,,11.0,25.0,113.0,166.0,67.0,79.0,1.72e+17,2.16e+16,-1.94e+17,5.460000000000001e+16,-1.6e+17,7800000000000000.0,gcmt
C201003240005A,2010-03-24T00:05:15,-74.18,-37.28,16.3,5.1,mw,0.03,0.02,1.3,,12.0,14.0,106.0,176.0,77.0,86.0,3.09e+16,-2490000000000000.0,-2.84e+16,5550000000000000.0,-5.76e+16,-2390000000000000.0,gcmt
C201003251110A,2010-03-25T11:10:40,-73.69,-35.85,15.0,5.3,mw,0.01,0.01,0.0,,21.0,14.0,103.0,187.0,76.0,87.0,5.36e+16,-5000000000000000.0,-4.85e+16,-1.07e+16,-1.01e+17,-1.19e+16,gcmt
C201003261452A,2010-03-26T14:52:11,-71.31,-28.11,41.4,6.1,mw,0.01,0.01,0.2,,176.0,38.0,70.0,21.0,54.0,105.0,1.59e+18,9.4e+16,-1.69e+18,4.2e+17,4.26e+17,-2.8100000000000003e+17,gcmt
C201003281436A,2010-03-28T14:36:34,-73.92,-36.16,12.0,5.2,mw,0.01,0.02,0.0,,6.0,16.0,92.0,183.0,74.0,89.0,3.84e+16,3480000000000000.0,-4.19e+16,-3610000000000000.0,-6.37e+16,-3650000000000000.0,gcmt
C201003282138A,2010-03-28T21:38:36,-73.44,-35.56,12.0,6.0,mw,0.01,0.01,0.0,,28.0,16.0,112.0,185.0,75.0,84.0,5.14e+17,2.1e+16,-5.35e+17,-6.1e+16,-9.6e+17,-1.64e+17,gcmt
C201003282143A,2010-03-28T21:43:16,-73.44,-35.45,17.1,5.6,mw,0.03,0.02,1.6,,7.0,16.0,86.0,191.0,74.0,91.0,1.76e+17,1000000000000000.0,-1.77e+17,-5.600000000000001e+16,-2.83e+17,-2.8499999999999996e+16,gcmt
C201003290735A,2010-03-29T07:35:10,-72.01,-34.92,53.2,5.3,mw,0.01,0.01,1.1,,36.0,29.0,127.0,175.0,67.0,71.0,6.979999999999999e+16,1.62e+16,-8.6e+16,1.49e+16,-6.969999999999999e+16,-2.57e+16,gcmt
C201004011253A,2010-04-01T12:53:10,-72.22,-34.87,12.0,5.1,mw,0.03,0.02,0.0,,195.0,58.0,-142.0,82.0,59.0,-39.0,-3.2400000000000004e+16,2.1e+16,1.15e+16,-2.36e+16,2.53e+16,4.05e+16,gcmt
C201004011943A,2010-04-01T19:43:05,-72.25,-34.28,23.9,5.1,mw,0.03,0.02,1.9,,352.0,16.0,89.0,173.0,74.0,90.0,2.84e+16,7840000000000000.0,-3.62e+16,6490000000000000.0,-5.269999999999999e+16,5880000000000000.0,gcmt
C201004022258A,2010-04-02T22:58:12,-73.2,-36.33,30.4,6.0,mw,0.01,0.01,0.5,,17.0,15.0,101.0,186.0,75.0,87.0,5.22e+17,5.1e+16,-5.7299999999999994e+17,-9.3e+16,-9.79e+17,-1.22e+17,gcmt
C201004092223A,2010-04-09T22:23:05,-68.36,-28.81,131.4,5.7,mw,0.01,0.01,0.6,,314.0,47.0,-117.0,170.0,49.0,-64.0,-4.57e+17,5.41e+16,4.03e+17,1.25e+17,8.65e+16,-2.58e+17,gcmt
C201004162241A,2010-04-16T22:41:38,-74.25,-37.69,12.0,5.6,mw,0.01,0.01,0.0,,360.0,15.0,90.0,180.0,75.0,90.0,1.76e+17,-1000000000000000.0,-1.75e+17,1000000000000000.0,-2.97e+17,899999999999999.9,gcmt
C201004162315A,2010-04-16T23:15:37,-74.24,-37.62,12.0,5.7,mw,0.01,0.01,0.0,,31.0,15.0,115.0,185.0,77.0,84.0,2.0299999999999997e+17,-800000000000000.0,-2.02e+17,-2.37e+16,-4.13e+17,-6.889999999999999e+16,gcmt
C201004180149A,2010-04-18T01:49:39,-74.19,-37.41,14.9,5.6,mw,0.01,0.01,0.5,,4.0,19.0,93.0,180.0,71.0,89.0,1.73e+17,500000000000000.0,-1.74e+17,1200000000000000.0,-2.25e+17,-5600000000000000.0,gcmt
C201004180252A,2010-04-18T02:52:20,-74.22,-37.28,21.6,5.1,mw,0.03,0.03,1.1,,348.0,33.0,74.0,187.0,59.0,100.0,4.7e+16,-3810000000000000.0,-4.32e+16,-8320000000000000.0,-2.22e+16,2210000000000000.0,gcmt
C201004190732A,2010-04-19T07:32:48,-74.24,-37.69,18.5,5.2,mw,0.02,0.02,1.0,,353.0,20.0,93.0,170.0,70.0,89.0,4.42e+16,-540000000000000.0,-4.37e+16,9560000000000000.0,-5.32e+16,6510000000000000.0,gcmt
C201004231003A,2010-04-23T10:03:09,-73.32,-37.69,29.5,6.0,mw,0.01,0.01,0.5,,7.0,14.0,141.0,135.0,81.0,79.0,3.5e+17,5.7e+16,-4.07e+17,8.57e+17,-8.05e+17,2.05e+17,gcmt
C201004290756A,2010-04-29T07:56:34,-74.28,-36.97,19.0,5.1,mw,0.02,0.02,0.9,,4.0,27.0,92.0,182.0,63.0,89.0,4.4e+16,-3110000000000000.0,-4.09e+16,-830000000000000.0,-3.09e+16,-2290000000000000.0,gcmt
C201005021452A,2010-05-02T14:52:44,-72.22,-34.48,15.3,5.9,mw,0.01,0.01,0.4,,26.0,25.0,-36.0,149.0,76.0,-110.0,-4.18e+17,-1.93e+17,6.12e+17,-4.71e+17,6.57e+17,-4.5e+16,gcmt
C201005031839A,2010-05-03T18:39:45,-74.33,-37.36,12.0,5.4,mw,0.01,0.01,0.0,,6.0,16.0,92.0,183.0,74.0,89.0,8.09e+16,-300000000000000.0,-8.05e+16,-6800000000000000.0,-1.3e+17,-6300000000000000.0,gcmt
C201005032309A,2010-05-03T23:09:50,-74.08,-38.31,14.5,6.2,mw,0.01,0.01,0.3,,357.0,14.0,89.0,178.0,76.0,90.0,1.0900000000000001e+18,4e+16,-1.1299999999999999e+18,6.6e+16,-2.02e+18,4.6e+16,gcmt
C201005041355A,2010-05-04T13:55:11,-72.48,-34.17,23.2,5.2,mw,0.02,0.01,0.8,,25.0,26.0,107.0,187.0,66.0,82.0,5.37e+16,3160000000000000.0,-5.69e+16,-2930000000000000.0,-4.95e+16,-1.76e+16,gcmt
C201005051524A,2010-05-05T15:24:12,-73.32,-35.67,16.2,5.4,mw,0.02,0.01,0.9,,19.0,14.0,106.0,182.0,76.0,86.0,6.850000000000001e+16,3400000000000000.0,-7.2e+16,-3900000000000000.0,-1.3799999999999998e+17,-1.3700000000000002e+16,gcmt
C201005090329A,2010-05-09T03:29:39,-72.45,-34.13,23.2,5.0,mw,0.03,0.02,1.4,,14.0,22.0,112.0,170.0,70.0,81.0,2.97e+16,1670000000000000.0,-3.14e+16,8129999999999999.0,-3.37e+16,-1019999999999999.9,gcmt
C201005132039A,2010-05-13T20:39:18,-72.51,-34.26,30.3,5.2,mw,0.02,0.02,1.2,,11.0,27.0,117.0,161.0,67.0,77.0,3.68e+16,3.16e+16,-6.83e+16,1.17e+16,-4.53e+16,1.42e+16,gcmt
C201005211852A,2010-05-21T18:52:11,-72.09,-34.75,12.0,5.3,mw,0.01,0.01,0.0,,25.0,38.0,-91.0,206.0,52.0,-90.0,-1.1299999999999998e+17,1.7399999999999998e+16,9.58e+16,1.29e+16,2.53e+16,4.93e+16,gcmt
C201005242357A,2010-05-24T23:57:38,-73.71,-36.4,20.6,5.3,mw,0.02,0.02,1.2,,19.0,19.0,111.0,177.0,73.0,83.0,4.93e+16,9900000000000000.0,-5.92e+16,5800000000000000.0,-7.68e+16,-7700000000000000.0,gcmt
C201005251309A,2010-05-25T13:09:29,-73.49,-37.83,47.6,5.3,mw,0.02,0.02,1.5,,348.0,26.0,99.0,158.0,64.0,86.0,8.76e+16,-1900000000000000.0,-8.57e+16,2.94e+16,-6.55e+16,2.8000000000000004e+16,gcmt
C201006011605A,2010-06-01T16:05:33,-73.85,-36.93,22.0,5.1,mw,0.02,0.02,1.1,,355.0,21.0,81.0,184.0,70.0,93.0,3.81e+16,3880000000000000.0,-4.2e+16,-4270000000000000.0,-4.59e+16,190000000000000.0,gcmt
C201006120351A,2010-06-12T03:51:57,-71.59,-28.43,44.6,5.2,mw,0.01,0.01,1.0,,256.0,54.0,143.0,10.0,61.0,43.0,3.84e+16,-1.95e+16,-1.89e+16,-4.230000000000001e+16,4.7e+16,-3.71e+16,gcmt
C201006241324A,2010-06-24T13:24:09,-74.16,-37.07,20.1,5.0,mw,0.03,0.03,1.2,,12.0,24.0,102.0,178.0,66.0,85.0,3.19e+16,-3730000000000000.0,-2.82e+16,2980000000000000.0,-2.78e+16,-2550000000000000.0,gcmt
C201006270715A,2010-06-27T07:15:50,-74.3,-37.0,14.8,5.0,mw,0.02,0.02,1.5,,6.0,22.0,92.0,184.0,68.0,89.0,2.53e+16,-30000000000000.0,-2.53e+16,-1600000000000000.0,-2.63e+16,-2160000000000000.0,gcmt
C201006280059A,2010-06-28T00:59:51,-75.34,-37.91,20.4,5.6,mw,0.01,0.01,0.5,,41.0,39.0,-59.0,184.0,57.0,-113.0,-2.5299999999999997e+17,-2.8799999999999996e+16,2.82e+17,-3.3600000000000004e+16,1.2e+17,1.43e+17,gcmt
C201006290140A,2010-06-29T01:40:02,-73.72,-37.91,18.9,5.5,mw,0.01,0.01,0.5,,330.0,27.0,126.0,110.0,69.0,73.0,1.56e+17,-9.83e+16,-5.719999999999999e+16,1.67e+17,-3.68e+16,1.04e+17,gcmt
C201007030005A,2010-07-03T00:05:10,-72.06,-34.63,56.2,5.1,mw,0.03,0.02,1.6,,43.0,39.0,124.0,183.0,58.0,66.0,4.86e+16,-4760000000000000.0,-4.39e+16,1.31e+16,-2.5e+16,-2.13e+16,gcmt
C201007092257A,2010-07-09T22:57:16,-76.41,-45.93,12.0,5.3,mw,0.02,0.01,1.2,,79.0,59.0,-176.0,347.0,86.0,-31.0,-1700000000000000.0,3.74e+16,-3.57e+16,800000000000000.0,-5.37e+16,-7.7e+16,gcmt
C201007140832A,2010-07-14T08:32:27,-73.89,-38.35,15.3,6.6,mw,0.01,0.0,0.3,,7.0,9.0,97.0,180.0,81.0,89.0,3.15e+18,1.1e+17,-3.26e+18,5e+16,-1.03e+19,-2e+17,gcmt
C201007141505A,2010-07-14T15:05:52,-73.8,-38.39,23.4,5.8,mw,0.01,0.01,0.6,,353.0,14.0,88.0,175.0,76.0,91.0,2.4e+17,1.83e+16,-2.59e+17,3.84e+16,-4.7699999999999994e+17,2.8299999999999996e+16,gcmt
C201007150036A,2010-07-15T00:36:09,-72.35,-34.27,23.4,5.4,mw,0.01,0.01,0.9,,18.0,24.0,121.0,164.0,70.0,77.0,8.34e+16,4.49e+16,-1.28e+17,3.21e+16,-1.1399999999999998e+17,9000000000000000.0,gcmt
C201008050601A,2010-08-05T06:01:52,-73.69,-37.7,17.7,5.9,mw,0.01,0.01,0.6,,6.0,13.0,97.0,179.0,78.0,88.0,3.63e+17,1.48e+16,-3.78e+17,2.1e+16,-7.94e+17,-1.64e+16,gcmt
C201008050627A,2010-08-05T06:27:26,-73.76,-37.57,29.6,5.4,mw,0.02,0.02,0.7,,355.0,30.0,86.0,180.0,60.0,92.0,1.54e+17,-1.48e+16,-1.3899999999999998e+17,-3900000000000000.0,-8.65e+16,5800000000000000.0,gcmt
C201008150750A,2010-08-15T07:50:41,-71.47,-37.09,16.2,5.2,mw,0.02,0.01,0.9,,290.0,58.0,-9.0,25.0,82.0,-148.0,-1.84e+16,6.08e+16,-4.24e+16,-1.49e+16,-4.18e+16,5.540000000000001e+16,gcmt
C201009060320A,2010-09-06T03:20:59,-73.56,-37.79,27.2,5.0,mw,0.07,0.05,2.4,,19.0,28.0,114.0,173.0,65.0,78.0,2.21e+16,1.45e+16,-3.66e+16,2520000000000000.0,-2.33e+16,-2340000000000000.0,gcmt
C201009090728A,2010-09-09T07:28:05,-74.16,-37.27,12.0,6.2,mw,0.0,0.0,0.0,,11.0,14.0,99.0,182.0,76.0,88.0,1.0800000000000001e+18,3.8e+16,-1.1200000000000001e+18,-5e+16,-2.0299999999999997e+18,-1.31e+17,gcmt
C201009122108A,2010-09-12T21:08:46,-71.87,-29.41,47.2,5.2,mw,0.03,0.03,2.5,,72.0,64.0,179.0,162.0,89.0,26.0,2.73e+16,3.23e+16,-5.97e+16,-9710000000000000.0,-3.86e+16,-5.42e+16,gcmt
C201009131644A,2010-09-13T16:44:49,-70.46,-31.82,125.8,5.1,mw,0.04,0.03,3.5,,260.0,68.0,15.0,165.0,76.0,158.0,1.04e+16,-2.59e+16,1.55e+16,-6760000000000000.0,-2.05e+16,4.49e+16,gcmt
C201009140323A,2010-09-14T03:23:38,-74.27,-37.32,12.5,5.2,mw,0.01,0.01,0.7,,359.0,19.0,83.0,186.0,71.0,92.0,5.610000000000001e+16,1799999999999999.8,-5.789999999999999e+16,-9000000000000000.0,-7.1e+16,-2800000000000000.0,gcmt
C201009140337A,2010-09-14T03:37:14,-74.35,-37.32,16.0,5.1,mw,0.02,0.03,0.0,,352.0,19.0,76.0,187.0,72.0,95.0,3.34e+16,-1530000000000000.0,-3.19e+16,-6560000000000000.0,-4.34e+16,680000000000000.0,gcmt
C201009170652A,2010-09-17T06:52:43,-74.17,-37.65,15.9,5.1,mw,0.04,0.03,1.6,,341.0,16.0,71.0,181.0,75.0,95.0,2.92e+16,-1190000000000000.0,-2.8e+16,-2620000000000000.0,-4.79e+16,4550000000000000.0,gcmt
C201009200325A,2010-09-20T03:25:35,-66.64,-28.34,198.2,5.1,mw,0.02,0.02,2.5,,86.0,51.0,171.0,182.0,83.0,40.0,-4390000000000000.0,-7570000000000000.0,1.2e+16,3.17e+16,-4.37e+16,-4.33e+16,gcmt
C201009200542A,2010-09-20T05:43:00,-72.36,-33.84,22.4,5.1,mw,0.03,0.02,1.5,,348.0,22.0,78.0,182.0,69.0,95.0,3.71e+16,-470000000000000.0,-3.66e+16,-2819999999999999.5,-4.07e+16,3260000000000000.0,gcmt
C201009231636A,2010-09-23T16:36:21,-72.13,-35.05,53.3,5.4,mw,0.01,0.01,1.0,,19.0,30.0,113.0,173.0,63.0,78.0,1.05e+17,1.32e+16,-1.18e+17,1.97e+16,-7.69e+16,-1.3e+16,gcmt
C201009260529A,2010-09-26T05:29:53,-73.14,-40.58,73.9,5.0,mw,0.03,0.02,1.8,,126.0,43.0,103.0,289.0,48.0,78.0,3.86e+16,-3.8e+16,-600000000000000.0,-5679999999999999.0,-1780000000000000.0,2.61e+16,gcmt
C201009291629A,2010-09-29T16:29:56,-71.75,-34.49,56.9,5.1,mw,0.06,0.03,2.9,,62.0,42.0,134.0,190.0,61.0,58.0,3.32e+16,-6310000000000000.0,-2.69e+16,5970000000000000.0,-2.2e+16,-2.83e+16,gcmt
C201009300026A,2010-09-30T00:26:20,-74.07,-36.51,12.4,5.6,mw,0.01,0.02,0.7,,9.0,17.0,98.0,180.0,73.0,87.0,1.65e+17,100000000000000.0,-1.65e+17,2800000000000000.0,-2.41e+17,-1.29e+16,gcmt
C201010210249A,2010-10-21T02:50:01,-74.07,-34.82,12.0,5.9,mw,0.01,0.01,0.0,,2.0,45.0,-136.0,237.0,60.0,-54.0,-5.83e+17,-4e+16,6.23e+17,2.8399999999999997e+17,1.15e+17,6.38e+17,gcmt
C201010230138A,2010-10-23T01:38:20,-71.39,-29.58,52.8,5.6,mw,0.02,0.01,0.9,,9.0,33.0,82.0,199.0,57.0,95.0,2.2999999999999997e+17,5.22e+16,-2.82e+17,-4.36e+16,-1.1000000000000002e+17,-9.06e+16,gcmt
C201010230558A,2010-10-23T05:58:31,-73.88,-37.91,21.2,5.5,mw,0.02,0.01,0.9,,31.0,16.0,123.0,177.0,76.0,81.0,1.08e+17,1.23e+16,-1.2e+17,1.92e+16,-2.15e+17,-3.09e+16,gcmt
C201010231057A,2010-10-23T10:56:59,-73.87,-36.77,28.5,5.1,mw,0.04,0.03,1.5,,31.0,29.0,110.0,188.0,63.0,79.0,3.89e+16,-1810000000000000.0,-3.71e+16,-550000000000000.0,-2.97e+16,-1.42e+16,gcmt
C201010291411A,2010-10-29T14:11:55,-72.03,-29.62,30.4,5.2,mw,0.02,0.01,1.1,,313.0,31.0,36.0,192.0,72.0,116.0,4.29e+16,1.16e+16,-5.44e+16,-2.33e+16,-5.66e+16,2.38e+16,gcmt
C201010310710A,2010-10-31T07:10:42,-72.39,-33.82,21.4,5.3,mw,0.02,0.01,0.8,,4.0,20.0,94.0,180.0,70.0,89.0,6.24e+16,3700000000000000.0,-6.6e+16,1200000000000000.0,-7.72e+16,-1900000000000000.0,gcmt
C201011100123A,2010-11-10T01:23:36,-73.55,-36.52,28.8,5.0,mw,0.03,0.03,1.0,,359.0,33.0,88.0,181.0,57.0,91.0,3.96e+16,-790000000000000.0,-3.88e+16,-920000000000000.0,-1.75e+16,-160000000000000.0,gcmt
C201011280819A,2010-11-28T08:19:49,-72.29,-34.58,33.0,5.2,mw,0.02,0.02,1.0,,40.0,24.0,-70.0,198.0,68.0,-99.0,-4.31e+16,2680000000000000.0,4.04e+16,1.25e+16,4.62e+16,2.61e+16,gcmt
C201012131851A,2010-12-13T18:51:05,-73.51,-34.07,12.0,5.2,mw,0.02,0.01,0.0,,38.0,28.0,-89.0,217.0,62.0,-90.0,-6.21e+16,2.17e+16,4.04e+16,2.63e+16,3.57e+16,3.34e+16,gcmt
C201101022020A,2011-01-02T20:20:26,-73.84,-38.71,19.4,7.1,mw,0.01,0.01,0.3,,5.0,13.0,97.0,178.0,77.0,88.0,2.84e+19,-4.9e+17,-2.79e+19,2.7e+18,-5.66e+19,-5.7e+17,gcmt
C201101042259A,2011-01-04T22:59:14,-69.91,-29.28,130.2,5.3,mw,0.02,0.01,1.1,,7.0,35.0,127.0,144.0,62.0,67.0,8.95e+16,-1099999999999999.9,-8.84e+16,5.769999999999999e+16,-3.23e+16,2.07e+16,gcmt
C201101070942A,2011-01-07T09:42:23,-73.66,-35.87,12.3,5.4,mw,0.01,0.01,0.6,,22.0,21.0,107.0,184.0,70.0,83.0,8.72e+16,7000000000000001.0,-9.42e+16,-2600000000000000.0,-1.09e+17,-2.22e+16,gcmt
C201101071405A,2011-01-07T14:05:40,-73.73,-35.72,34.8,5.1,mw,0.05,0.04,0.9,,26.0,37.0,90.0,206.0,53.0,90.0,6.92e+16,-2.43e+16,-4.49e+16,-7960000000000000.0,-1.51e+16,-1.33e+16,gcmt
C201101100602A,2011-01-10T06:02:54,-73.59,-35.77,12.1,5.9,mw,0.01,0.01,0.3,,22.0,14.0,105.0,187.0,76.0,86.0,4.17e+17,-7300000000000000.0,-4.0999999999999994e+17,-8.6e+16,-7.92e+17,-1.1000000000000002e+17,gcmt
C201101110105A,2011-01-11T01:05:29,-73.79,-35.7,18.4,5.0,mw,0.03,0.03,1.2,,29.0,23.0,95.0,204.0,67.0,88.0,2.78e+16,-5980000000000000.0,-2.18e+16,-1.07e+16,-2.5099999999999996e+16,-1.08e+16,gcmt
C201101110533A,2011-01-11T05:33:53,-72.08,-35.33,12.0,5.1,mw,0.03,0.02,0.0,,138.0,15.0,60.0,349.0,77.0,98.0,1.97e+16,4720000000000000.0,-2.44e+16,-9420000000000000.0,4.85e+16,1.4e+16,gcmt
C201101172329A,2011-01-17T23:29:52,-71.62,-30.51,89.5,5.0,mw,0.02,0.02,5.0,,223.0,19.0,-34.0,345.0,79.0,-106.0,-1.2e+16,-1.11e+16,2.32e+16,8930000000000000.0,-3.71e+16,4660000000000000.0,gcmt
C201101211536A,2011-01-21T15:36:14,-72.48,-34.03,27.6,5.0,mw,0.05,0.03,1.8,,347.0,25.0,69.0,190.0,66.0,99.0,2.54e+16,80000000000000.0,-2.55e+16,-6580000000000000.0,-2.2400000000000004e+16,700000000000000.1,gcmt
C201102051611A,2011-02-05T16:11:41,-73.84,-37.81,21.0,5.7,mw,0.01,0.01,0.5,,9.0,17.0,98.0,180.0,73.0,88.0,2.31e+17,-2000000000000000.0,-2.29e+17,3200000000000000.0,-3.46e+17,-1.78e+16,gcmt
C201102081303A,2011-02-08T13:03:34,-69.96,-27.82,109.3,5.4,mw,0.01,0.01,1.2,,296.0,47.0,-169.0,199.0,82.0,-44.0,-3.11e+16,-6.19e+16,9.3e+16,3.6e+16,8.85e+16,-7.21e+16,gcmt
C201102100212A,2011-02-10T02:12:30,-70.62,-27.56,92.9,5.2,mw,0.02,0.01,2.2,,341.0,70.0,21.0,244.0,71.0,158.0,2.69e+16,4.23e+16,-6.909999999999999e+16,-2.8199999999999996e+16,1.03e+16,-5.540000000000001e+16,gcmt
C201102112005A,2011-02-11T20:05:39,-73.56,-36.63,17.8,6.8,mw,0.0,0.0,0.2,,15.0,13.0,104.0,180.0,77.0,87.0,9.99e+18,-3.3e+17,-9.66e+18,2.5e+17,-2.09e+19,-1.32e+18,gcmt
C201102112339A,2011-02-11T23:39:23,-74.11,-37.45,16.4,6.0,mw,0.01,0.01,0.6,,11.0,16.0,98.0,183.0,74.0,88.0,6.28e+17,-3.3e+16,-5.94e+17,-3.4000000000000004e+16,-1.01e+18,-7.000000000000001e+16,gcmt
C201102120117A,2011-02-12T01:17:05,-74.0,-37.35,14.1,6.0,mw,0.01,0.01,0.3,,12.0,15.0,98.0,183.0,75.0,88.0,6.14e+17,8999999999999999.0,-6.23e+17,-5.3e+16,-1.06e+18,-8.3e+16,gcmt
C201102130851A,2011-02-13T08:51:37,-73.61,-36.78,16.2,5.9,mw,0.01,0.01,0.5,,13.0,11.0,101.0,182.0,79.0,88.0,3.28e+17,-300000000000000.0,-3.28e+17,-1.55e+16,-8.14e+17,-4.11e+16,gcmt
C201102131035A,2011-02-13T10:35:10,-73.74,-36.83,14.1,5.9,mw,0.01,0.01,0.3,,12.0,18.0,97.0,184.0,72.0,88.0,5.7499999999999994e+17,4000000000000000.0,-5.8e+17,-4.8e+16,-8.04e+17,-8.2e+16,gcmt
C201102131344A,2011-02-13T13:44:40,-73.74,-36.75,17.8,5.6,mw,0.01,0.01,0.6,,9.0,15.0,95.0,184.0,75.0,89.0,1.72e+17,-400000000000000.0,-1.71e+17,-1.6900000000000002e+16,-2.99e+17,-1.85e+16,gcmt
C201102140340A,2011-02-14T03:40:15,-73.61,-35.67,12.0,6.6,mw,0.0,0.0,0.0,,25.0,17.0,105.0,189.0,74.0,86.0,5.600000000000001e+18,-2.3e+17,-5.37e+18,-1.27e+18,-9.05e+18,-1.7299999999999997e+18,gcmt
C201102141021A,2011-02-14T10:21:27,-73.41,-35.6,14.9,5.2,mw,0.02,0.02,1.2,,13.0,18.0,107.0,175.0,73.0,85.0,4.519999999999999e+16,-2510000000000000.0,-4.269999999999999e+16,8100000000000001.0,-6.55e+16,-3690000000000000.0,gcmt
C201102141218A,2011-02-14T12:18:25,-71.54,-35.65,12.8,5.2,mw,0.02,0.02,1.9,,211.0,21.0,-33.0,331.0,79.0,-108.0,-2.81e+16,-1.74e+16,4.54e+16,3.79e+16,-6.42e+16,-1610000000000000.0,gcmt
C201102181701A,2011-02-18T17:01:03,-72.37,-33.99,27.3,5.3,mw,0.02,0.01,0.9,,14.0,20.0,105.0,178.0,71.0,85.0,5.8e+16,2700000000000000.0,-6.07e+16,5400000000000000.0,-7.39e+16,-6000000000000000.0,gcmt
C201102190626A,2011-02-19T06:26:38,-72.33,-34.05,20.8,5.2,mw,0.02,0.01,0.9,,360.0,21.0,94.0,176.0,69.0,89.0,5.540000000000001e+16,5800000000000000.0,-6.12e+16,5500000000000000.0,-6.65e+16,2900000000000000.0,gcmt
C201102210538A,2011-02-21T05:38:50,-72.55,-46.02,17.6,5.0,mw,0.06,0.02,1.6,,271.0,32.0,-20.0,18.0,79.0,-121.0,-1.51e+16,1.94e+16,-4370000000000000.0,850000000000000.0,-3.72e+16,1.59e+16,gcmt
C201102240436A,2011-02-24T04:36:53,-73.82,-36.29,20.5,5.1,mw,0.03,0.03,1.5,,24.0,27.0,139.0,152.0,73.0,69.0,3.06e+16,6310000000000000.0,-3.69e+16,2.67e+16,-3.35e+16,-180000000000000.0,gcmt
C201102280129A,2011-02-28T01:29:29,-73.69,-37.46,25.3,5.8,mw,0.01,0.01,0.5,,6.0,16.0,97.0,179.0,74.0,88.0,3.43e+17,1.31e+16,-3.56e+17,1.6800000000000002e+16,-5.62e+17,-1.62e+16,gcmt
C201103030758A,2011-03-03T07:58:58,-73.83,-37.45,23.3,5.2,mw,0.02,0.02,0.9,,1.0,22.0,97.0,173.0,68.0,87.0,5.46e+16,-2500000000000000.0,-5.21e+16,8210000000000000.0,-5.519999999999999e+16,2130000000000000.0,gcmt
C201103091324A,2011-03-09T13:24:10,-69.29,-27.53,114.8,5.2,mw,0.03,0.03,3.9,,15.0,30.0,-65.0,166.0,63.0,-104.0,-5.34e+16,-3920000000000000.0,5.730000000000001e+16,-1.67e+16,3.69e+16,320000000000000.0,gcmt
C201103162236A,2011-03-16T22:36:20,-71.89,-32.57,36.8,5.5,mw,0.01,0.01,0.6,,15.0,28.0,105.0,179.0,63.0,83.0,1.69e+17,1.33e+16,-1.82e+17,1.28e+16,-1.29e+17,-2.35e+16,gcmt
C201103171114A,2011-03-17T11:14:27,-72.0,-32.67,35.0,5.2,mw,0.02,0.02,0.9,,6.0,28.0,101.0,174.0,62.0,84.0,6.23e+16,7199999999999999.0,-6.949999999999999e+16,8000000000000000.0,-4.5e+16,899999999999999.9,gcmt
C201103280610A,2011-03-28T06:10:44,-72.08,-34.91,51.1,5.2,mw,0.02,0.02,1.3,,29.0,32.0,119.0,176.0,62.0,73.0,5.66e+16,-2110000000000000.0,-5.45e+16,1.42e+16,-3.62e+16,-1.29e+16,gcmt
C201103282357A,2011-03-28T23:57:53,-72.36,-33.69,32.8,5.1,mw,0.02,0.02,0.8,,2.0,33.0,96.0,175.0,57.0,86.0,4.269999999999999e+16,1250000000000000.0,-4.39e+16,3240000000000000.0,-1.98e+16,1360000000000000.0,gcmt
C201104040754A,2011-04-04T07:54:34,-77.04,-45.8,12.0,5.3,mw,0.01,0.01,0.0,,174.0,32.0,-79.0,341.0,59.0,-97.0,-1.1200000000000002e+17,1.12e+16,1.01e+17,2.7600000000000004e+16,-5.15e+16,-2.04e+16,gcmt
C201104102024A,2011-04-10T20:24:26,-73.96,-36.17,18.0,5.2,mw,0.02,0.02,1.2,,357.0,15.0,83.0,184.0,75.0,92.0,4.52e+16,600000000000000.0,-4.58e+16,-6100000000000000.0,-7.68e+16,-500000000000000.0,gcmt
C201104131514A,2011-04-13T15:14:45,-72.27,-33.78,31.2,5.4,mw,0.01,0.01,0.6,,9.0,23.0,100.0,178.0,67.0,86.0,1.1499999999999998e+17,1.24e+16,-1.27e+17,7099999999999999.0,-1.18e+17,-8000000000000000.0,gcmt
C201104190057A,2011-04-19T00:57:30,-72.48,-33.3,20.6,5.1,mw,0.02,0.02,0.9,,355.0,29.0,76.0,191.0,62.0,97.0,4.06e+16,-120000000000000.0,-4.05e+16,-8070000000000001.0,-2.53e+16,-2150000000000000.0,gcmt
C201104190550A,2011-04-19T05:50:49,-72.65,-33.97,21.4,5.1,mw,0.02,0.02,0.9,,23.0,24.0,108.0,184.0,67.0,82.0,4.81e+16,-3620000000000000.0,-4.44e+16,1250000000000000.0,-4.58e+16,-1.08e+16,gcmt
C201104220512A,2011-04-22T05:12:51,-74.31,-38.1,13.8,5.3,mw,0.01,0.01,0.6,,359.0,19.0,88.0,182.0,71.0,91.0,7.45e+16,-1000000000000000.0,-7.35e+16,-3200000000000000.0,-9.75e+16,-300000000000000.0,gcmt
C201104270457A,2011-04-27T04:57:37,-72.66,-34.01,20.2,5.1,mw,0.02,0.02,1.0,,17.0,21.0,103.0,183.0,70.0,85.0,4.230000000000001e+16,-950000000000000.0,-4.13e+16,-1120000000000000.0,-4.97e+16,-7550000000000000.0,gcmt
C201105070657A,2011-05-07T06:57:34,-72.82,-33.98,29.1,5.0,mw,0.04,0.03,1.4,,17.0,25.0,93.0,194.0,65.0,89.0,2.67e+16,-2850000000000000.0,-2.38e+16,-4980000000000000.0,-2.18e+16,-6220000000000000.0,gcmt
C201105191705A,2011-05-19T17:05:14,-71.95,-34.63,53.2,5.2,mw,0.02,0.02,1.2,,19.0,32.0,118.0,167.0,62.0,74.0,5.58e+16,5940000000000000.0,-6.17e+16,1.74e+16,-3.57e+16,-3370000000000000.0,gcmt
C201106011255A,2011-06-01T12:55:25,-74.41,-37.74,12.0,6.3,mw,0.0,0.0,0.0,,1.0,17.0,88.0,183.0,73.0,91.0,2.25e+18,1.6e+16,-2.27e+18,-1.94e+17,-3.4e+18,-7.5e+16,gcmt
C201106011347A,2011-06-01T13:47:30,-74.3,-37.37,27.0,5.4,mw,0.05,0.04,1.8,,9.0,23.0,77.0,202.0,68.0,95.0,1.06e+17,-1.54e+16,-9.04e+16,-4.42e+16,-9.04e+16,-2.06e+16,gcmt
C201106041628A,2011-06-04T16:28:48,-72.22,-40.59,21.2,5.0,mw,0.02,0.01,1.6,,162.0,64.0,-165.0,65.0,77.0,-27.0,-1.19e+16,-1.95e+16,3.14e+16,-1.67e+16,-1280000000000000.0,2.84e+16,gcmt
C201106051025A,2011-06-05T10:25:21,-72.11,-35.01,50.1,5.3,mw,0.01,0.01,0.8,,24.0,31.0,118.0,172.0,63.0,74.0,9.76e+16,4700000000000000.0,-1.02e+17,2.54e+16,-6.919999999999999e+16,-1.65e+16,gcmt
C201106221357A,2011-06-22T13:57:36,-66.82,-28.24,174.4,5.3,mw,0.02,0.01,1.6,,196.0,44.0,17.0,94.0,78.0,133.0,3.11e+16,-3.65e+16,5400000000000000.0,7.89e+16,-3.27e+16,-7.44e+16,gcmt
C201106290536A,2011-06-29T05:36:52,-72.54,-33.98,18.9,5.5,mw,0.01,0.01,0.6,,13.0,18.0,100.0,183.0,72.0,87.0,1.52e+17,-9200000000000000.0,-1.43e+17,-4900000000000000.0,-2.02e+17,-1.96e+16,gcmt
C201107130201A,2011-07-13T02:01:57,-73.88,-36.33,21.0,5.0,mw,0.03,0.02,1.2,,6.0,23.0,93.0,182.0,67.0,89.0,3.27e+16,-2210000000000000.0,-3.05e+16,-859999999999999.9,-3.02e+16,-2090000000000000.0,gcmt
C201107160026A,2011-07-16T00:26:17,-72.19,-33.96,23.9,6.0,mw,0.01,0.01,0.3,,14.0,21.0,108.0,174.0,70.0,83.0,6.72e+17,2.3e+16,-6.94e+17,1.24e+17,-7.99e+17,-4.8e+16,gcmt
C201107230256A,2011-07-23T02:56:55,-70.05,-29.41,127.3,5.5,mw,0.01,0.01,0.7,,189.0,40.0,68.0,36.0,53.0,107.0,1.75e+17,-1.58e+16,-1.59e+17,5.639999999999999e+16,2.02e+16,-7.11e+16,gcmt
C201107251115A,2011-07-25T11:15:13,-74.03,-37.9,20.5,5.4,mw,0.02,0.01,1.0,,3.0,15.0,95.0,178.0,75.0,89.0,7.85e+16,-7800000000000000.0,-7.07e+16,5100000000000000.0,-1.28e+17,-1099999999999999.9,gcmt
C201107281605A,2011-07-28T16:06:00,-73.57,-35.91,12.6,5.2,mw,0.02,0.02,0.9,,24.0,19.0,103.0,191.0,71.0,86.0,4.39e+16,-990000000000000.0,-4.29e+16,-9650000000000000.0,-5.88e+16,-1.41e+16,gcmt
C201107281950A,2011-07-28T19:50:19,-73.53,-35.86,13.2,5.6,mw,0.01,0.01,0.6,,344.0,17.0,61.0,194.0,75.0,98.0,1.61e+17,4.33e+16,-2.04e+17,-8.26e+16,-2.94e+17,-8100000000000000.0,gcmt
C201107311736A,2011-07-31T17:36:34,-66.74,-28.12,181.2,5.4,mw,0.01,0.01,1.4,,188.0,47.0,-25.0,296.0,72.0,-134.0,-7.39e+16,-2.96e+16,1.04e+17,1.02e+17,-1.59e+16,-1.03e+17,gcmt
C201108061322A,2011-08-06T13:22:39,-73.46,-36.06,15.0,5.5,mw,0.02,0.01,0.0,,49.0,9.0,131.0,188.0,83.0,84.0,4.84e+16,-7900000000000000.0,-4.05e+16,-2.41e+16,-1.96e+17,-2.65e+16,gcmt
C201108280430A,2011-08-28T04:30:35,-72.38,-33.2,19.7,5.4,mw,0.01,0.01,0.6,,7.0,23.0,90.0,187.0,67.0,90.0,9.47e+16,-1000000000000000.0,-9.36e+16,-1.2e+16,-9.37e+16,-1.2e+16,gcmt
C201109031620A,2011-09-03T16:20:57,-74.17,-38.27,18.3,5.8,mw,0.01,0.01,0.4,,4.0,16.0,93.0,181.0,74.0,89.0,3.38e+17,1e+16,-3.48e+17,-3800000000000000.0,-5.47e+17,-1.53e+16,gcmt
C201109071121A,2011-09-07T11:21:52,-72.55,-33.43,18.9,5.2,mw,0.02,0.02,0.8,,338.0,24.0,78.0,171.0,66.0,95.0,5.12e+16,-3110000000000000.0,-4.81e+16,4810000000000000.0,-4.64e+16,1.36e+16,gcmt
C201109100317A,2011-09-10T03:17:10,-72.47,-34.1,28.6,5.0,mw,0.03,0.02,1.2,,27.0,25.0,112.0,184.0,67.0,80.0,2.75e+16,-640000000000000.0,-2.69e+16,820000000000000.0,-2.72e+16,-7820000000000000.0,gcmt
C201109140703A,2011-09-14T07:03:55,-71.88,-32.8,26.2,5.9,mw,0.01,0.01,0.5,,359.0,16.0,84.0,185.0,74.0,92.0,3.82e+17,4.46e+16,-4.26e+17,-5.99e+16,-6.39e+17,-1.95e+16,gcmt
C201109282240A,2011-09-28T22:40:15,-74.45,-38.05,12.0,5.5,mw,0.01,0.01,0.0,,6.0,15.0,82.0,194.0,75.0,92.0,1.03e+17,2800000000000000.0,-1.06e+17,-4.43e+16,-1.74e+17,-2e+16,gcmt
C201109291540A,2011-09-29T15:40:53,-74.56,-38.06,12.0,5.2,mw,0.01,0.02,0.0,,3.0,22.0,87.0,187.0,68.0,91.0,5.92e+16,6100000000000000.0,-6.53e+16,-8400000000000001.0,-6.55e+16,-6600000000000000.0,gcmt
C201110192045A,2011-10-19T20:45:10,-77.8,-45.74,26.4,5.2,mw,0.02,0.01,1.0,,69.0,70.0,-159.0,331.0,70.0,-22.0,-1.22e+16,5.32e+16,-4.1e+16,-1.09e+16,-3.19e+16,-3.91e+16,gcmt
C201111081718A,2011-11-08T17:18:14,-72.45,-34.16,28.9,5.3,mw,0.02,0.01,0.9,,6.0,22.0,108.0,166.0,69.0,83.0,6.62e+16,8100000000000000.0,-7.43e+16,2.2e+16,-7.65e+16,7099999999999999.0,gcmt
C201111110808A,2011-11-11T08:08:50,-73.31,-38.24,41.3,5.2,mw,0.02,0.01,1.2,,346.0,20.0,76.0,181.0,71.0,95.0,5.31e+16,-2670000000000000.0,-5.05e+16,-3800000000000000.0,-6.57e+16,6050000000000000.0,gcmt
C201111220741A,2011-11-22T07:41:36,-71.98,-34.8,52.6,5.1,mw,0.02,0.02,1.7,,43.0,31.0,129.0,179.0,66.0,69.0,3.91e+16,5620000000000001.0,-4.47e+16,6380000000000000.0,-3.68e+16,-2e+16,gcmt
C201111251735A,2011-11-25T17:35:44,-75.59,-37.77,30.0,5.0,mw,0.03,0.03,0.9,,321.0,47.0,-122.0,184.0,52.0,-60.0,-3.5099999999999996e+16,1360000000000000.0,3.38e+16,1.56e+16,7940000000000000.0,-1.15e+16,gcmt
C201112072223A,2011-12-07T22:23:14,-71.55,-28.03,22.8,6.1,mw,0.01,0.0,0.3,,17.0,25.0,109.0,176.0,67.0,81.0,1.1200000000000001e+18,1.16e+17,-1.24e+18,1.61e+17,-1.0900000000000001e+18,-1.29e+17,gcmt
C201112161202A,2011-12-16T12:02:57,-76.43,-46.0,14.3,5.4,mw,0.01,0.01,1.0,,75.0,75.0,178.0,165.0,89.0,15.0,-5000000000000000.0,8.68e+16,-8.18e+16,1.85e+16,-4.08e+16,-1.44e+17,gcmt
C201112161254A,2011-12-16T12:54:26,-76.57,-46.01,15.4,5.7,mw,0.01,0.01,0.6,,76.0,71.0,177.0,167.0,87.0,19.0,-8.12e+16,2.4700000000000003e+17,-1.65e+17,1.17e+17,-1.5e+17,-4.2300000000000006e+17,gcmt
C201112221506A,2011-12-22T15:06:30,-76.64,-46.06,27.5,5.0,mw,0.02,0.02,1.1,,72.0,66.0,-177.0,341.0,87.0,-24.0,-4530000000000000.0,2.78e+16,-2.33e+16,6160000000000000.0,-1.75e+16,-3.47e+16,gcmt
C201112230418A,2011-12-23T04:18:40,-79.85,-44.71,22.9,5.0,mw,0.03,0.02,1.9,,258.0,75.0,-166.0,164.0,76.0,-15.0,-1.16e+16,2.6e+16,-1.44e+16,5270000000000000.0,1.01e+16,-3.91e+16,gcmt
C201201050054A,2012-01-05T00:54:33,-76.65,-45.95,18.0,5.3,mw,0.02,0.01,1.0,,75.0,69.0,-175.0,343.0,85.0,-22.0,-8300000000000000.0,5.84e+16,-5e+16,4299999999999999.5,-3.99e+16,-8.6e+16,gcmt
C201201092130A,2012-01-09T21:30:54,-71.93,-32.7,35.5,5.2,mw,0.02,0.01,1.2,,11.0,23.0,100.0,180.0,68.0,86.0,5.779999999999999e+16,5900000000000000.0,-6.37e+16,1300000000000000.0,-6.14e+16,-6400000000000000.0,gcmt
C201201172321A,2012-01-17T23:21:38,-71.95,-31.76,33.9,5.7,mw,0.01,0.01,0.4,,355.0,29.0,87.0,178.0,61.0,91.0,3.35e+17,5400000000000000.0,-3.41e+17,3000000000000000.0,-2.17e+17,2.05e+16,gcmt
C201201172323A,2012-01-17T23:23:24,-71.96,-31.86,39.1,5.6,mw,0.02,0.02,0.3,,7.0,40.0,91.0,185.0,50.0,89.0,3.66e+17,-1.24e+17,-2.42e+17,1500000000000000.0,-5.17e+16,-1.24e+16,gcmt
C201201181135A,2012-01-18T11:35:54,-68.24,-31.81,13.7,5.0,mw,0.02,0.02,0.9,,215.0,42.0,130.0,346.0,59.0,60.0,3.67e+16,4720000000000000.0,-4.14e+16,-1.89e+16,1.58e+16,-9310000000000000.0,gcmt
C201201231604A,2012-01-23T16:04:57,-73.42,-36.5,22.2,6.1,mw,0.01,0.0,0.3,,13.0,19.0,101.0,182.0,71.0,86.0,1.1100000000000001e+18,6e+16,-1.17e+18,-2.5e+16,-1.5e+18,-1.63e+17,gcmt
C201202110258A,2012-02-11T02:58:24,-73.68,-37.54,24.4,5.6,mw,0.01,0.01,0.4,,3.0,22.0,93.0,180.0,68.0,89.0,2.43e+17,-4000000000000000.0,-2.39e+17,2100000000000000.2,-2.54e+17,-6800000000000000.0,gcmt
C201202170801A,2012-02-17T08:01:20,-74.29,-37.27,17.0,5.1,mw,0.02,0.02,0.8,,350.0,25.0,66.0,197.0,67.0,101.0,4.56e+16,-220000000000000.0,-4.53e+16,-1.78e+16,-4.07e+16,-1980000000000000.0,gcmt
C201203031101A,2012-03-03T11:01:47,-71.55,-30.48,66.0,5.2,mw,0.01,0.01,1.7,,179.0,23.0,88.0,1.0,67.0,91.0,6.5e+16,2600000000000000.0,-6.760000000000001e+16,1900000000000000.0,6.36e+16,-200000000000000.0,gcmt
C201203032212A,2012-03-03T22:13:00,-73.17,-35.77,31.2,5.1,mw,0.02,0.02,0.8,,45.0,30.0,101.0,213.0,61.0,84.0,5.14e+16,-1.85e+16,-3.28e+16,-1.56e+16,-2.91e+16,-3.1e+16,gcmt
C201203162331A,2012-03-16T23:31:58,-72.27,-33.45,32.7,5.1,mw,0.03,0.02,1.2,,1.0,26.0,95.0,176.0,65.0,88.0,3.57e+16,5520000000000000.0,-4.12e+16,2610000000000000.0,-3.11e+16,1240000000000000.0,gcmt
C201203240728A,2012-03-24T07:28:37,-71.21,-33.04,91.2,5.1,mw,0.02,0.02,2.5,,68.0,64.0,2.0,337.0,88.0,154.0,4510000000000000.0,-4.12e+16,3.67e+16,-1.06e+16,2.41e+16,3.87e+16,gcmt
C201203252237A,2012-03-25T22:37:20,-72.41,-35.31,33.8,7.1,mw,0.01,0.01,0.3,,20.0,16.0,112.0,177.0,76.0,84.0,2.92e+19,-3.8e+17,-2.88e+19,4.15e+18,-5.19e+19,-4.74e+18,gcmt
C201204030211A,2012-04-03T02:11:10,-72.63,-33.86,14.4,5.1,mw,0.02,0.01,0.8,,5.0,22.0,84.0,191.0,68.0,92.0,4.26e+16,-1210000000000000.0,-4.14e+16,-9520000000000000.0,-4.25e+16,-5730000000000000.0,gcmt
C201204061325A,2012-04-06T13:25:02,-75.38,-38.54,21.1,5.0,mw,0.03,0.03,1.0,,181.0,42.0,-110.0,27.0,52.0,-73.0,-3.82e+16,4120000000000000.0,3.41e+16,-1.16e+16,-3760000000000000.0,7940000000000000.0,gcmt
C201204170350A,2012-04-17T03:50:24,-71.69,-32.77,39.6,6.7,mw,0.0,0.0,0.2,,2.0,24.0,95.0,176.0,66.0,88.0,9.7e+18,2.2e+17,-9.93e+18,9.1e+17,-9.08e+18,2.7e+17,gcmt
C201204300739A,2012-04-30T07:39:49,-71.81,-29.88,39.0,5.6,mw,0.01,0.01,0.7,,330.0,47.0,35.0,214.0,65.0,131.0,1.87e+17,1.28e+17,-3.15e+17,-1.58e+17,-8.41e+16,-1.6900000000000002e+16,gcmt
C201205241918A,2012-05-24T19:18:55,-70.84,-37.11,162.6,5.4,mw,0.01,0.01,0.8,,123.0,17.0,-146.0,360.0,81.0,-76.0,-4.9e+16,-2500000000000000.0,5.15e+16,-5000000000000000.0,-1.49e+17,-3.9e+16,gcmt
C201206070405A,2012-06-07T04:05:10,-70.97,-36.23,16.8,6.0,mw,0.01,0.01,0.5,,2.0,69.0,-173.0,269.0,84.0,-21.0,-2.67e+17,1.78e+17,8.9e+16,3.92e+17,-1.6e+16,1.1499999999999999e+18,gcmt
C201206180829A,2012-06-18T08:29:06,-68.6,-33.01,28.9,5.0,mw,0.04,0.03,1.5,,166.0,25.0,82.0,355.0,65.0,94.0,3.05e+16,-1310000000000000.0,-2.92e+16,-1290000000000000.0,2.56e+16,5090000000000000.0,gcmt
C201207012339A,2012-07-01T23:39:11,-71.52,-28.66,40.3,5.3,mw,0.01,0.01,0.7,,23.0,34.0,123.0,165.0,62.0,70.0,8.52e+16,1.01e+16,-9.53e+16,3.19e+16,-5.04e+16,-7500000000000000.0,gcmt
C201207040833A,2012-07-04T08:33:10,-73.31,-38.09,44.6,5.1,mw,0.03,0.02,1.3,,344.0,27.0,73.0,183.0,64.0,98.0,4.519999999999999e+16,-2980000000000000.0,-4.22e+16,-5880000000000000.0,-3.42e+16,5270000000000000.0,gcmt
C201207250601A,2012-07-25T06:01:19,-66.53,-28.23,184.2,5.1,mw,0.03,0.02,2.9,,185.0,45.0,-41.0,307.0,62.0,-127.0,-3.99e+16,-5830000000000000.0,4.58e+16,3.1e+16,-4390000000000000.0,-2.98e+16,gcmt
C201208070039A,2012-08-07T00:39:07,-70.88,-27.96,65.5,5.3,mw,0.01,0.01,1.9,,276.0,38.0,180.0,6.0,90.0,52.0,200000000000000.0,-1.3800000000000002e+16,1.35e+16,1.01e+16,8.99e+16,-6.999999999999999e+16,gcmt
C201208300804A,2012-08-30T08:04:40,-74.04,-37.34,26.2,5.2,mw,0.03,0.02,1.5,,352.0,17.0,79.0,183.0,73.0,93.0,3.64e+16,4630000000000000.0,-4.1e+16,-3920000000000000.0,-5.64e+16,1440000000000000.0,gcmt
C201209011038A,2012-09-01T10:38:42,-71.57,-27.46,49.2,5.1,mw,0.02,0.02,3.6,,298.0,26.0,10.0,199.0,85.0,116.0,6370000000000000.0,1.84e+16,-2.47e+16,-1.3799999999999998e+16,-4.78e+16,1.42e+16,gcmt
C201209110635A,2012-09-11T06:35:39,-68.39,-31.92,127.0,5.0,mw,0.02,0.02,2.3,,20.0,35.0,-77.0,184.0,56.0,-99.0,-3.56e+16,3550000000000000.0,3.21e+16,-2920000000000000.0,1.43e+16,6500000000000000.0,gcmt
C201210111722A,2012-10-11T17:22:15,-70.57,-32.86,107.2,5.6,mw,0.01,0.01,1.1,,170.0,84.0,-174.0,80.0,84.0,-6.0,-500000000000000.0,-1.1100000000000002e+17,1.1100000000000002e+17,-4.07e+16,2.8100000000000004e+16,3.1e+17,gcmt
C201210152104A,2012-10-15T21:04:22,-72.29,-31.81,21.9,5.1,mw,0.02,0.02,0.7,,348.0,28.0,77.0,183.0,62.0,97.0,5.12e+16,-1700000000000000.0,-4.95e+16,-5370000000000000.0,-3.47e+16,4350000000000000.0,gcmt
C201211120507A,2012-11-12T05:07:13,-77.28,-45.76,18.4,5.2,mw,0.02,0.01,1.0,,78.0,73.0,179.0,168.0,89.0,17.0,4640000000000000.0,3.41e+16,-3.87e+16,4820000000000000.0,-2.66e+16,-7.83e+16,gcmt
C201211121055A,2012-11-12T10:55:14,-77.41,-45.76,17.1,5.1,mw,0.02,0.01,1.4,,77.0,64.0,-179.0,346.0,89.0,-26.0,1840000000000000.0,2.4e+16,-2.58e+16,3490000000000000.0,-2.65e+16,-4.78e+16,gcmt
C201211130431A,2012-11-13T04:31:30,-77.54,-45.8,17.9,6.0,mw,0.01,0.0,0.4,,77.0,79.0,176.0,168.0,86.0,11.0,-3.4000000000000004e+16,5.97e+17,-5.6299999999999994e+17,1.66e+17,-2.55e+17,-1.25e+18,gcmt
C201211141902A,2012-11-14T19:02:07,-71.66,-29.32,69.4,6.2,mw,0.0,0.0,0.6,,248.0,23.0,-28.0,4.0,79.0,-111.0,-8.23e+17,1.87e+17,6.36e+17,6.1e+16,-2.06e+18,8.56e+17,gcmt
C201211191645A,2012-11-19T16:45:54,-72.42,-33.92,20.9,5.1,mw,0.02,0.02,1.0,,351.0,23.0,78.0,184.0,67.0,95.0,3.82e+16,-530000000000000.0,-3.77e+16,-4730000000000000.0,-3.69e+16,1700000000000000.0,gcmt
C201211201623A,2012-11-20T16:23:29,-72.4,-33.99,18.9,5.4,mw,0.01,0.01,0.6,,16.0,20.0,100.0,185.0,71.0,87.0,1e+17,7099999999999999.0,-1.07e+17,-1.01e+16,-1.32e+17,-2.12e+16,gcmt
C201211211816A,2012-11-21T18:16:41,-72.4,-33.93,27.9,5.2,mw,0.02,0.01,0.9,,19.0,24.0,118.0,169.0,69.0,79.0,5.93e+16,3400000000000000.0,-6.27e+16,1.89e+16,-6.4e+16,-5000000000000000.0,gcmt
C201211212136A,2012-11-21T21:36:26,-72.31,-34.05,21.2,5.9,mw,0.01,0.01,0.3,,6.0,20.0,106.0,169.0,70.0,84.0,5.08e+17,3.4799999999999996e+16,-5.43e+17,1.3999999999999998e+17,-6.23e+17,2.63e+16,gcmt
C201211212252A,2012-11-21T22:52:31,-72.49,-34.04,33.3,5.1,mw,0.04,0.03,1.1,,11.0,32.0,101.0,177.0,58.0,83.0,5.19e+16,670000000000000.0,-5.26e+16,5020000000000000.0,-2.62e+16,-3600000000000000.0,gcmt
C201211252211A,2012-11-25T22:11:46,-78.37,-44.5,16.4,5.1,mw,0.02,0.01,1.0,,80.0,79.0,-172.0,349.0,82.0,-11.0,-1.6e+16,2.55e+16,-9500000000000000.0,-1220000000000000.0,-6620000000000000.0,-4.53e+16,gcmt
C201212030931A,2012-12-03T09:31:57,-70.58,-28.75,108.6,5.1,mw,0.03,0.02,2.9,,88.0,33.0,-34.0,207.0,72.0,-118.0,-2.98e+16,2.7e+16,2790000000000000.5,1.8e+16,4.04e+16,3.55e+16,gcmt
C201212241212A,2012-12-24T12:12:41,-71.79,-29.01,41.2,5.2,mw,0.02,0.01,0.9,,353.0,41.0,57.0,214.0,57.0,115.0,6.730000000000001e+16,1.13e+16,-7.86e+16,-2.91e+16,-1.56e+16,-2.39e+16,gcmt
C201212261317A,2012-12-26T13:17:58,-73.78,-37.41,24.8,5.4,mw,0.02,0.01,0.8,,4.0,17.0,92.0,182.0,73.0,89.0,8.06e+16,4500000000000000.0,-8.51e+16,-4299999999999999.5,-1.23e+17,-5000000000000000.0,gcmt
C201212270037A,2012-12-27T00:37:12,-73.77,-35.89,12.0,5.8,mw,0.01,0.01,0.0,,14.0,16.0,94.0,190.0,74.0,89.0,3.22e+17,8699999999999999.0,-3.3e+17,-8.87e+16,-5.32e+17,-7.35e+16,gcmt
C201301230247A,2013-01-23T02:47:44,-71.62,-31.82,30.2,5.1,mw,0.03,0.02,1.1,,336.0,25.0,71.0,176.0,66.0,99.0,4.78e+16,-3580000000000000.0,-4.42e+16,-1550000000000000.0,-4.37e+16,1.1200000000000002e+16,gcmt
C201301230743A,2013-01-23T07:42:59,-79.68,-44.71,24.6,5.5,mw,0.01,0.01,0.7,,348.0,85.0,5.0,258.0,85.0,175.0,-2.23e+16,1e+17,-7.78e+16,-2.47e+16,1.6e+16,-1.99e+17,gcmt
C201301302015A,2013-01-30T20:15:50,-71.18,-28.09,45.8,6.8,mw,0.0,0.0,0.2,,31.0,30.0,119.0,178.0,64.0,75.0,1.35e+19,6.5e+17,-1.42e+19,2.33e+18,-1.09e+19,-3.94e+18,gcmt
C201302101954A,2013-02-10T19:54:32,-72.21,-33.58,30.9,5.4,mw,0.02,0.02,1.0,,6.0,24.0,100.0,176.0,66.0,86.0,1.43e+17,-1.07e+16,-1.32e+17,1.66e+16,-1.23e+17,-3300000000000000.0,gcmt
C201302181000A,2013-02-18T10:00:13,-72.39,-34.05,17.1,5.4,mw,0.01,0.01,0.6,,5.0,18.0,95.0,180.0,72.0,89.0,1.02e+17,4900000000000000.0,-1.06e+17,500000000000000.0,-1.46e+17,-4900000000000000.0,gcmt
C201302201118A,2013-02-20T11:18:55,-66.64,-27.86,192.2,5.1,mw,0.03,0.02,2.7,,91.0,80.0,-172.0,360.0,82.0,-11.0,-3.74e+16,1.74e+16,2e+16,1430000000000000.0,-4490000000000000.0,-6.51e+16,gcmt
C201303290730A,2013-03-29T07:31:00,-73.28,-35.44,13.9,5.4,mw,0.01,0.01,0.6,,23.0,19.0,111.0,181.0,72.0,83.0,8.49e+16,1.3700000000000002e+16,-9.85e+16,1500000000000000.0,-1.27e+17,-2.1e+16,gcmt
C201304130919A,2013-04-13T09:19:05,-76.3,-45.89,13.8,5.4,mw,0.01,0.01,1.0,,76.0,68.0,-178.0,346.0,88.0,-22.0,6200000000000000.0,5.87e+16,-6.48e+16,3700000000000000.0,-5.43e+16,-1.1399999999999998e+17,gcmt
C201305030918A,2013-05-03T09:18:21,-72.71,-28.26,12.0,5.2,mw,0.01,0.01,0.0,,359.0,45.0,-108.0,204.0,47.0,-73.0,-6.69e+16,2520000000000000.0,6.44e+16,1.59e+16,-859999999999999.9,1.32e+16,gcmt
C201305211251A,2013-05-21T12:51:53,-77.04,-45.7,12.0,5.2,mw,0.02,0.01,0.0,,113.0,32.0,-118.0,326.0,62.0,-73.0,-5.649999999999999e+16,3.4599999999999996e+16,2.19e+16,2.48e+16,-3.71e+16,-6.14e+16,gcmt
C201306192129A,2013-06-19T21:29:13,-70.2,-32.74,114.8,5.2,mw,0.02,0.01,1.1,,190.0,45.0,-111.0,39.0,48.0,-70.0,-7.98e+16,5500000000000000.0,7.43e+16,-1.89e+16,3500000000000000.5,3.99e+16,gcmt
C201308162217A,2013-08-16T22:17:33,-71.31,-28.69,49.2,5.2,mw,0.02,0.01,1.3,,148.0,34.0,47.0,16.0,66.0,115.0,4.37e+16,2.53e+16,-6.9e+16,1.42e+16,3.89e+16,7110000000000000.0,gcmt
C201308301048A,2013-08-30T10:48:17,-70.74,-34.57,112.1,5.0,mw,0.03,0.01,3.1,,338.0,45.0,-18.0,81.0,77.0,-133.0,-8050000000000000.0,1.02e+16,-2120000000000000.0,-2.15e+16,-1.92e+16,-1.91e+16,gcmt
C201309292306A,2013-09-29T23:07:02,-73.89,-37.53,20.3,5.3,mw,0.02,0.01,0.7,,4.0,20.0,92.0,182.0,70.0,89.0,7.42e+16,3500000000000000.5,-7.77e+16,-2800000000000000.0,-9.25e+16,-3900000000000000.0,gcmt
C201309292323A,2013-09-29T23:23:20,-73.81,-37.57,21.7,5.5,mw,0.01,0.01,0.5,,358.0,20.0,86.0,182.0,70.0,91.0,1.72e+17,-1900000000000000.0,-1.7e+17,-9300000000000000.0,-1.98e+17,-200000000000000.0,gcmt
C201310211817A,2013-10-21T18:17:21,-75.48,-38.04,13.3,5.0,mw,0.02,0.02,0.9,,201.0,38.0,-61.0,346.0,57.0,-111.0,-3.41e+16,-1770000000000000.0,3.59e+16,1.19e+16,-1.28e+16,2590000000000000.0,gcmt
C201310300229A,2013-10-30T02:29:19,-73.36,-35.46,12.7,5.9,mw,0.01,0.01,0.4,,15.0,18.0,91.0,194.0,72.0,90.0,4.72e+17,2.6e+16,-4.98e+17,-1.77e+17,-6.96e+17,-1.48e+17,gcmt
C201310300251A,2013-10-30T02:51:57,-73.48,-35.43,12.0,6.3,mw,0.0,0.0,0.0,,19.0,17.0,92.0,196.0,73.0,89.0,1.61e+18,-4.3e+16,-1.57e+18,-7.11e+17,-2.44e+18,-5.32e+17,gcmt
C201310312303A,2013-10-31T23:04:07,-71.86,-30.46,35.8,6.5,mw,0.0,0.0,0.2,,5.0,28.0,98.0,175.0,62.0,85.0,5.52e+18,2.26e+17,-5.75e+18,5.5400000000000006e+17,-3.75e+18,1.9e+16,gcmt
C201311071701A,2013-11-07T17:01:09,-74.25,-37.6,22.0,5.2,mw,0.03,0.03,1.2,,339.0,30.0,69.0,183.0,62.0,102.0,6.82e+16,-1.3700000000000002e+16,-5.45e+16,-1.4e+16,-4.03e+16,8970000000000000.0,gcmt
C201311100201A,2013-11-10T02:02:02,-72.23,-33.37,29.1,5.2,mw,0.02,0.02,1.1,,18.0,24.0,98.0,189.0,67.0,87.0,4.89e+16,2710000000000000.0,-5.16e+16,-6700000000000000.0,-4.81e+16,-1.36e+16,gcmt
C201311150619A,2013-11-15T06:19:17,-67.54,-32.72,34.6,5.1,mw,0.02,0.02,0.8,,208.0,41.0,103.0,10.0,50.0,79.0,4.94e+16,-2560000000000000.0,-4.68e+16,-4480000000000000.0,1.01e+16,-1.69e+16,gcmt
C201311290521A,2013-11-29T05:21:34,-72.44,-33.33,24.1,5.0,mw,0.03,0.02,1.2,,16.0,28.0,91.0,195.0,62.0,90.0,3.23e+16,-2270000000000000.0,-3e+16,-5240000000000000.0,-2.03e+16,-8100000000000001.0,gcmt
C201312070923A,2013-12-07T09:23:56,-72.58,-33.88,19.9,5.0,mw,0.02,0.02,1.2,,14.0,17.0,92.0,192.0,73.0,89.0,2.62e+16,-1800000000000000.0,-2.44e+16,-8120000000000001.0,-3.82e+16,-5590000000000001.0,gcmt
C201312100051A,2013-12-10T00:51:31,-69.29,-31.39,117.3,5.1,mw,0.02,0.01,1.4,,202.0,45.0,-117.0,57.0,51.0,-66.0,-4.87e+16,1.88e+16,2.9900000000000004e+16,-1.55e+16,6380000000000000.0,3.04e+16,gcmt
C201401071206A,2014-01-07T12:06:10,-79.9,-44.7,24.4,5.1,mw,0.02,0.01,0.9,,256.0,81.0,176.0,347.0,86.0,9.0,-1530000000000000.0,3.07e+16,-2.92e+16,-7340000000000000.0,9410000000000000.0,-5.76e+16,gcmt
C201401150838A,2014-01-15T08:38:14,-68.25,-31.27,123.4,5.2,mw,0.02,0.01,1.6,,182.0,74.0,-173.0,90.0,83.0,-16.0,-3.61e+16,2.38e+16,1.23e+16,-1.64e+16,-4510000000000000.0,7.95e+16,gcmt
C201402170034A,2014-02-17T00:34:37,-72.06,-31.65,29.6,5.0,mw,0.03,0.02,1.0,,25.0,30.0,116.0,175.0,63.0,76.0,3.97e+16,-5970000000000000.0,-3.37e+16,9910000000000000.0,-2.64e+16,-6950000000000000.0,gcmt
C201403021012A,2014-03-02T10:12:24,-76.95,-45.56,18.0,5.3,mw,0.04,0.04,1.7,,170.0,33.0,-47.0,302.0,67.0,-114.0,-1e+17,2.24e+16,7.76e+16,9.52e+16,-1.01e+16,-3.17e+16,gcmt
C201403021114A,2014-03-02T11:14:40,-76.89,-46.15,15.3,5.2,mw,0.03,0.04,1.7,,6.0,49.0,-50.0,134.0,55.0,-127.0,-5.8e+16,420000000000000.0,5.76e+16,-4.17e+16,-8380000000000000.0,-2.27e+16,gcmt
C201403021618A,2014-03-02T16:18:32,-76.93,-45.78,21.0,5.0,mw,0.03,0.03,1.0,,160.0,33.0,-86.0,336.0,57.0,-93.0,-3.78e+16,4540000000000000.0,3.33e+16,8030000000000000.0,-1.55e+16,-1.3799999999999998e+16,gcmt
C201403021703A,2014-03-02T17:03:43,-76.96,-45.81,12.0,5.4,mw,0.01,0.01,0.0,,177.0,32.0,-64.0,328.0,61.0,-105.0,-1.18e+17,9800000000000000.0,1.09e+17,5.649999999999999e+16,-4.99e+16,-3.34e+16,gcmt
C201403030317A,2014-03-03T03:17:50,-72.11,-33.21,22.0,5.2,mw,0.02,0.01,0.7,,2.0,24.0,96.0,176.0,67.0,87.0,6.969999999999999e+16,-5500000000000000.0,-6.42e+16,6700000000000000.0,-6.21e+16,600000000000000.0,gcmt
C201403041051A,2014-03-04T10:51:19,-72.16,-33.63,23.4,5.8,mw,0.01,0.01,0.4,,15.0,22.0,104.0,180.0,68.0,84.0,4.08e+17,1.22e+16,-4.2e+17,1.86e+16,-4.4000000000000006e+17,-5.629999999999999e+16,gcmt
C201403060437A,2014-03-06T04:37:08,-71.42,-33.31,85.4,5.4,mw,0.01,0.01,1.2,,75.0,61.0,11.0,340.0,81.0,150.0,4.53e+16,-9.88e+16,5.35e+16,-2.13e+16,6.57e+16,1.2e+17,gcmt
C201403151446A,2014-03-15T14:46:33,-71.86,-34.8,47.5,5.2,mw,0.02,0.01,1.2,,22.0,24.0,115.0,175.0,69.0,79.0,5.14e+16,-1550000000000000.0,-4.980000000000001e+16,1.05e+16,-5.28e+16,-8520000000000000.0,gcmt
C201403272350A,2014-03-27T23:51:00,-68.74,-29.31,27.5,5.7,mw,0.01,0.01,0.7,,185.0,63.0,177.0,277.0,87.0,28.0,8.72e+16,1.86e+16,-1.06e+17,-1.8e+17,6.59e+16,3.69e+17,gcmt
C201404040952A,2014-04-04T09:52:14,-70.54,-31.45,116.4,5.4,mw,0.01,0.01,1.0,,167.0,66.0,169.0,262.0,80.0,24.0,3.3600000000000004e+16,-7.78e+16,4.42e+16,-6.48e+16,-3.32e+16,1.54e+17,gcmt
C201404050222A,2014-04-05T02:22:42,-71.71,-32.74,42.4,5.6,mw,0.01,0.01,0.6,,359.0,28.0,78.0,193.0,63.0,96.0,2.32e+17,2.55e+16,-2.57e+17,-4.95e+16,-1.65e+17,-3.3600000000000004e+16,gcmt
C201404301800A,2014-04-30T18:01:00,-71.93,-32.66,39.8,5.2,mw,0.02,0.01,0.8,,358.0,29.0,88.0,180.0,61.0,91.0,6.750000000000001e+16,4000000000000000.0,-7.15e+16,-600000000000000.0,-4.37e+16,1200000000000000.0,gcmt
C201405210900A,2014-05-21T09:00:58,-71.56,-30.6,49.7,5.1,mw,0.02,0.01,0.9,,351.0,33.0,93.0,168.0,57.0,88.0,5.76e+16,-360000000000000.0,-5.72e+16,6610000000000000.0,-2.63e+16,1.1e+16,gcmt
C201405270904A,2014-05-27T09:04:10,-74.0,-36.02,15.0,5.3,mw,0.01,0.01,0.0,,19.0,13.0,98.0,191.0,77.0,88.0,4.59e+16,-1700000000000000.0,-4.42e+16,-1.62e+16,-9.1e+16,-1.2e+16,gcmt
C201405302206A,2014-05-30T22:06:20,-72.42,-33.47,31.2,5.1,mw,0.03,0.03,1.0,,359.0,30.0,84.0,186.0,60.0,93.0,4.26e+16,-2380000000000000.0,-4.019999999999999e+16,-4100000000000000.0,-2.32e+16,-1570000000000000.0,gcmt
C201407130718A,2014-07-13T07:18:28,-70.81,-30.98,105.7,5.4,mw,0.01,0.01,1.0,,290.0,7.0,32.0,168.0,86.0,96.0,1.24e+16,3599999999999999.5,-1.6e+16,2.8199999999999996e+16,-1.33e+17,1.99e+16,gcmt
C201407260731A,2014-07-26T07:31:47,-72.42,-30.54,14.6,5.0,mw,0.02,0.02,0.8,,357.0,28.0,97.0,168.0,62.0,86.0,3.06e+16,-3240000000000000.0,-2.7400000000000004e+16,5290000000000000.0,-1.92e+16,3050000000000000.0,gcmt
C201408080410A,2014-08-08T04:10:21,-72.27,-33.64,24.2,5.3,mw,0.01,0.01,0.6,,5.0,27.0,87.0,189.0,63.0,92.0,7.84e+16,-3000000000000000.0,-7.54e+16,-9700000000000000.0,-5.530000000000001e+16,-9000000000000000.0,gcmt
C201408232232A,2014-08-23T22:32:29,-71.74,-32.76,42.0,6.4,mw,0.0,0.0,0.2,,5.0,26.0,92.0,183.0,64.0,89.0,4.0700000000000005e+18,3.16e+17,-4.3899999999999995e+18,-1.8e+17,-3.4e+18,-3.6e+17,gcmt
C201409280846A,2014-09-28T08:46:36,-73.38,-35.63,20.3,5.3,mw,0.02,0.01,0.8,,21.0,19.0,106.0,185.0,72.0,85.0,6.12e+16,100000000000000.0,-6.14e+16,-4100000000000000.0,-8.33e+16,-1.47e+16,gcmt
C201410232338A,2014-10-23T23:38:57,-72.39,-34.02,17.2,5.2,mw,0.02,0.01,0.9,,3.0,13.0,97.0,176.0,77.0,88.0,4.35e+16,-2300000000000000.0,-4.12e+16,6400000000000000.0,-8.41e+16,200000000000000.0,gcmt
C201410251705A,2014-10-25T17:05:20,-72.58,-33.89,30.4,5.0,mw,0.03,0.02,1.0,,29.0,27.0,112.0,184.0,65.0,79.0,3.35e+16,-8190000000000000.0,-2.53e+16,3230000000000000.0,-2.55e+16,-7300000000000000.0,gcmt
C201501180359A,2015-01-18T03:59:58,-71.9,-33.13,25.0,5.2,mw,0.02,0.02,0.0,,18.0,17.0,128.0,158.0,77.0,80.0,3.11e+16,970000000000000.0,-3.2e+16,2.58e+16,-5.47e+16,-640000000000000.0,gcmt
C201501270527A,2015-01-27T05:27:51,-73.83,-36.84,28.8,5.0,mw,0.04,0.02,1.4,,10.0,21.0,90.0,190.0,69.0,90.0,2.53e+16,-2650000000000000.0,-2.2599999999999996e+16,-4900000000000000.0,-2.7e+16,-3730000000000000.0,gcmt
C201502021049A,2015-02-02T10:49:52,-67.14,-32.77,176.8,6.3,mw,0.0,0.0,0.3,,304.0,4.0,-13.0,47.0,89.0,-94.0,5.88e+17,-1.6e+16,-5.7199999999999994e+17,-2.4e+18,-2.0699999999999997e+18,1.07e+18,gcmt
C201502171435A,2015-02-17T14:36:00,-70.86,-32.33,102.2,5.4,mw,0.01,0.01,1.3,,339.0,80.0,170.0,70.0,80.0,10.0,4200000000000000.5,-9.74e+16,9.33e+16,1.51e+16,3.29e+16,1.09e+17,gcmt
C201503011548A,2015-03-01T15:48:25,-71.75,-27.42,36.5,5.0,mw,0.03,0.02,1.3,,7.0,26.0,102.0,173.0,64.0,84.0,2.89e+16,6440000000000000.0,-3.53e+16,3960000000000000.0,-2.5099999999999996e+16,610000000000000.0,gcmt
C201503021653A,2015-03-02T16:53:49,-71.34,-28.05,34.9,5.3,mw,0.01,0.01,0.7,,26.0,33.0,121.0,170.0,62.0,72.0,7.45e+16,2.91e+16,-1.04e+17,1.52e+16,-5.37e+16,-1.4000000000000002e+16,gcmt
C201503050208A,2015-03-05T02:08:55,-72.74,-34.17,25.2,5.0,mw,0.03,0.02,2.2,,83.0,31.0,175.0,177.0,88.0,60.0,2160000000000000.0,6630000000000000.0,-8790000000000000.0,-2080000000000000.0,-3.59e+16,-2.07e+16,gcmt
C201503052130A,2015-03-05T21:30:36,-71.52,-29.31,60.5,5.2,mw,0.01,0.01,1.9,,237.0,44.0,160.0,342.0,76.0,48.0,3.07e+16,3.26e+16,-6.33e+16,-2.7800000000000004e+16,5.01e+16,-3.58e+16,gcmt
C201503061039A,2015-03-06T10:39:50,-78.91,-44.52,14.3,5.0,mw,0.02,0.01,1.6,,77.0,74.0,-172.0,345.0,82.0,-16.0,-1680000000000000.0,2.06e+16,-1.89e+16,-2990000000000000.0,-1.36e+16,-3.74e+16,gcmt
C201503131916A,2015-03-13T19:16:08,-73.51,-44.79,25.4,5.0,mw,0.04,0.02,1.6,,99.0,61.0,4.0,7.0,86.0,151.0,-2270000000000000.0,8810000000000000.0,-6540000000000000.0,8580000000000000.0,1.6200000000000002e+16,2.93e+16,gcmt
C201503181827A,2015-03-18T18:27:35,-73.9,-36.16,12.0,6.1,mw,0.0,0.0,0.0,,9.0,17.0,87.0,192.0,73.0,91.0,1.02e+18,6.2e+16,-1.0800000000000001e+18,-3.43e+17,-1.57e+18,-2.27e+17,gcmt
C201503181907A,2015-03-18T19:07:54,-74.06,-36.09,14.7,5.4,mw,0.01,0.01,0.8,,2.0,22.0,82.0,190.0,68.0,93.0,1.07e+17,5200000000000000.0,-1.1200000000000002e+17,-2.34e+16,-1.1200000000000002e+17,-1.32e+16,gcmt
C201503190834A,2015-03-19T08:34:22,-74.01,-36.17,14.2,5.0,mw,0.01,0.02,0.9,,359.0,25.0,83.0,187.0,65.0,93.0,3.18e+16,1630000000000000.0,-3.35e+16,-4130000000000000.0,-2.65e+16,-2090000000000000.0,gcmt
C201504010817A,2015-04-01T08:17:31,-71.97,-29.48,28.7,5.4,mw,0.01,0.01,0.7,,304.0,36.0,25.0,193.0,76.0,124.0,5.560000000000001e+16,2.1e+16,-7.66e+16,-5.27e+16,-9.14e+16,5.44e+16,gcmt
C201505141508A,2015-05-14T15:08:10,-71.69,-28.78,25.0,5.2,mw,0.02,0.02,0.0,,24.0,12.0,108.0,185.0,78.0,86.0,3.4900000000000004e+16,540000000000000.0,-3.54e+16,-6250000000000000.0,-8.16e+16,-9360000000000000.0,gcmt
C201505290428A,2015-05-29T04:28:21,-71.1,-28.23,58.0,5.3,mw,0.01,0.01,0.9,,28.0,34.0,119.0,175.0,61.0,72.0,7.39e+16,1.09e+16,-8.49e+16,1.54e+16,-4.57e+16,-1.84e+16,gcmt
C201506021032A,2015-06-02T10:32:50,-72.6,-33.84,22.0,5.1,mw,0.02,0.02,0.9,,27.0,26.0,107.0,188.0,66.0,82.0,4.38e+16,290000000000000.0,-4.41e+16,-2940000000000000.0,-3.99e+16,-1.47e+16,gcmt
C201506200210A,2015-06-20T02:10:13,-74.1,-36.35,12.0,6.4,mw,0.0,0.0,0.0,,9.0,18.0,84.0,196.0,72.0,92.0,2.94e+18,5.8e+16,-3e+18,-1.19e+18,-4.0999999999999995e+18,-7.13e+17,gcmt
C201506200522A,2015-06-20T05:22:22,-74.1,-36.47,12.0,5.4,mw,0.01,0.02,0.0,,11.0,18.0,93.0,188.0,72.0,89.0,9.46e+16,2199999999999999.8,-9.68e+16,-1.6800000000000002e+16,-1.29e+17,-1.67e+16,gcmt
C201507161048A,2015-07-16T10:48:10,-71.82,-29.4,32.3,5.2,mw,0.03,0.02,0.9,,8.0,45.0,-119.0,225.0,52.0,-65.0,-7.22e+16,1.5e+16,5.729999999999999e+16,3.19e+16,-5400000000000000.0,2.64e+16,gcmt
C201507171111A,2015-07-17T11:11:26,-73.42,-35.57,21.5,5.3,mw,0.02,0.01,0.9,,24.0,19.0,109.0,184.0,72.0,83.0,6.760000000000001e+16,3900000000000000.0,-7.16e+16,-3599999999999999.5,-9.52e+16,-1.89e+16,gcmt
C201507200947A,2015-07-20T09:47:44,-74.45,-35.81,17.5,5.1,mw,0.01,0.02,0.6,,16.0,43.0,-97.0,205.0,47.0,-84.0,-5.35e+16,7210000000000000.0,4.62e+16,5180000000000000.0,1540000000000000.0,1.67e+16,gcmt
C201508011130A,2015-08-01T11:30:26,-68.44,-29.93,22.9,5.2,mw,0.01,0.01,0.5,,166.0,29.0,102.0,332.0,61.0,83.0,6.04e+16,-1.03e+16,-5.01e+16,-2.14e+16,3.06e+16,1.72e+16,gcmt
C201508120014A,2015-08-12T00:14:44,-71.79,-31.84,38.0,5.5,mw,0.01,0.01,0.5,,345.0,27.0,83.0,172.0,63.0,93.0,1.78e+17,6900000000000001.0,-1.84e+17,1.24e+16,-1.31e+17,3.89e+16,gcmt
C201508232310A,2015-08-23T23:10:10,-71.53,-29.59,46.0,5.7,mw,0.01,0.01,0.5,,17.0,38.0,81.0,208.0,52.0,97.0,3.94e+17,-9500000000000000.0,-3.85e+17,-7.2e+16,-8.79e+16,-1.94e+17,gcmt
C201509162254A,2015-09-16T22:55:22,-72.09,-31.13,17.4,8.3,mw,0.01,0.01,0.4,,7.0,19.0,109.0,166.0,72.0,83.0,1.95e+21,-4.4e+19,-1.91e+21,7.42e+20,-2.48e+21,9.4e+19,gcmt
S201509162318A,2015-09-16T23:18:52,-71.95,-31.79,35.7,7.1,mw,0.02,0.02,0.8,,349.0,30.0,87.0,173.0,60.0,92.0,5.13e+19,-6.37e+18,-4.49e+19,2.65e+18,-2.85e+19,6.41e+18,gcmt
C201509170410A,2015-09-17T04:10:36,-71.94,-31.65,36.6,6.8,mw,0.01,0.01,0.4,,355.0,30.0,94.0,170.0,60.0,88.0,1.61e+19,-2.44e+18,-1.3700000000000002e+19,1.95e+18,-8.65e+18,1.47e+18,gcmt
C201509171214A,2015-09-17T12:14:45,-72.41,-32.27,22.3,5.9,mw,0.01,0.02,0.7,,351.0,26.0,90.0,172.0,64.0,90.0,6.44e+17,-1.05e+17,-5.39e+17,7.07e+16,-4.76e+17,6.67e+16,gcmt
C201509171332A,2015-09-17T13:32:34,-72.28,-32.23,17.5,5.9,mw,0.01,0.01,0.5,,357.0,22.0,87.0,181.0,68.0,91.0,6.98e+17,-3.1e+16,-6.67e+17,-2.1e+16,-7.01e+17,1.1e+16,gcmt
C201509172040A,2015-09-17T20:40:37,-72.02,-30.08,31.0,5.3,mw,0.02,0.02,0.8,,357.0,30.0,103.0,162.0,61.0,82.0,8.42e+16,600000000000000.0,-8.49e+16,2.2e+16,-4.8e+16,1.66e+16,gcmt
C201509172208A,2015-09-17T22:08:10,-72.27,-30.37,21.4,5.1,mw,0.03,0.03,1.2,,358.0,28.0,86.0,183.0,63.0,92.0,5.03e+16,-7990000000000000.0,-4.230000000000001e+16,-3130000000000000.0,-3.2400000000000004e+16,-120000000000000.0,gcmt
C201509172239A,2015-09-17T22:39:22,-71.96,-31.12,38.5,5.1,mw,0.03,0.02,1.5,,237.0,23.0,-52.0,17.0,72.0,-105.0,-3.5e+16,1.81e+16,1.68e+16,-4060000000000000.5,-4.12e+16,1.32e+16,gcmt
C201509180315A,2015-09-18T03:15:44,-71.76,-31.44,40.7,5.0,mw,0.04,0.03,1.2,,3.0,37.0,100.0,171.0,53.0,83.0,4.06e+16,-970000000000000.0,-3.96e+16,5140000000000000.0,-1.14e+16,1750000000000000.0,gcmt
C201509180332A,2015-09-18T03:32:22,-72.28,-31.85,27.7,5.2,mw,0.03,0.02,1.1,,356.0,22.0,92.0,174.0,68.0,89.0,4.71e+16,-2230000000000000.0,-4.49e+16,5070000000000000.0,-4.85e+16,3570000000000000.0,gcmt
C201509180429A,2015-09-18T04:29:08,-71.99,-31.59,34.6,5.1,mw,0.03,0.03,0.8,,5.0,41.0,90.0,185.0,49.0,90.0,5.24e+16,-9200000000000000.0,-4.32e+16,-450000000000000.0,-6370000000000000.0,-3060000000000000.0,gcmt
C201509180818A,2015-09-18T08:18:22,-72.6,-32.32,12.0,5.5,mw,0.01,0.01,0.0,,348.0,20.0,85.0,173.0,70.0,92.0,1.26e+17,-8000000000000000.0,-1.18e+17,1.49e+16,-1.45e+17,1.94e+16,gcmt
C201509180910A,2015-09-18T09:10:52,-72.3,-32.31,13.4,6.1,mw,0.0,0.01,0.2,,347.0,24.0,81.0,177.0,67.0,94.0,1.26e+18,4.3e+16,-1.3e+18,1.5e+16,-1.21e+18,1.81e+17,gcmt
C201509182212A,2015-09-18T22:12:19,-72.29,-30.45,18.0,5.1,mw,0.01,0.01,0.6,,356.0,24.0,89.0,177.0,66.0,90.0,4.39e+16,-1560000000000000.0,-4.230000000000001e+16,1950000000000000.0,-3.98e+16,2510000000000000.0,gcmt
C201509190506A,2015-09-19T05:06:51,-72.3,-29.73,12.0,5.9,mw,0.0,0.0,0.0,,349.0,30.0,81.0,180.0,60.0,95.0,9.23e+17,-4.9e+16,-8.75e+17,-5.2e+16,-5.3900000000000006e+17,8.8e+16,gcmt
C201509190831A,2015-09-19T08:31:30,-72.3,-30.26,13.5,5.4,mw,0.01,0.01,0.4,,0.0,24.0,91.0,180.0,66.0,90.0,1.1100000000000002e+17,2400000000000000.0,-1.1399999999999998e+17,700000000000000.0,-9.91e+16,-100000000000000.0,gcmt
C201509190907A,2015-09-19T09:07:13,-71.86,-31.2,36.7,5.8,mw,0.01,0.01,0.3,,353.0,29.0,92.0,171.0,61.0,89.0,4.95e+17,1.51e+16,-5.11e+17,5.41e+16,-3.12e+17,7.63e+16,gcmt
C201509191252A,2015-09-19T12:52:26,-72.05,-32.34,19.7,6.2,mw,0.0,0.0,0.2,,6.0,23.0,98.0,178.0,67.0,87.0,1.87e+18,6.4e+16,-1.94e+18,1.28e+17,-1.86e+18,-6.6e+16,gcmt
C201509191308A,2015-09-19T13:09:05,-72.18,-30.71,23.0,5.6,mw,0.01,0.01,0.8,,359.0,26.0,100.0,168.0,65.0,85.0,2.4e+17,3800000000000000.0,-2.44e+17,5.33e+16,-1.95e+17,3.05e+16,gcmt
C201509191813A,2015-09-19T18:13:19,-72.14,-31.41,38.2,5.0,mw,0.04,0.03,1.1,,6.0,31.0,97.0,179.0,59.0,86.0,3.22e+16,-940000000000000.0,-3.12e+16,1800000000000000.0,-1.74e+16,-1350000000000000.0,gcmt
C201509200302A,2015-09-20T03:02:02,-71.47,-31.02,49.7,5.1,mw,0.02,0.01,0.9,,340.0,33.0,75.0,178.0,58.0,100.0,5.42e+16,1560000000000000.0,-5.58e+16,-3880000000000000.0,-2.73e+16,1.14e+16,gcmt
C201509200607A,2015-09-20T06:07:06,-72.18,-31.79,23.1,5.2,mw,0.01,0.01,0.5,,350.0,27.0,83.0,178.0,63.0,94.0,6.32e+16,-1270000000000000.0,-6.19e+16,-390000000000000.0,-4.519999999999999e+16,6680000000000000.0,gcmt
C201509200902A,2015-09-20T09:02:38,-72.3,-30.36,17.4,5.1,mw,0.02,0.02,0.8,,7.0,22.0,77.0,201.0,69.0,95.0,3.66e+16,-3180000000000000.0,-3.35e+16,-1.55e+16,-3.58e+16,-7480000000000000.0,gcmt
C201509210539A,2015-09-21T05:39:39,-71.84,-31.66,37.6,6.1,mw,0.0,0.0,0.2,,2.0,28.0,101.0,170.0,63.0,84.0,1.41e+18,6.900000000000001e+16,-1.48e+18,2.52e+17,-1.01e+18,1.11e+17,gcmt
C201509211537A,2015-09-21T15:37:12,-71.95,-31.17,31.0,5.5,mw,0.01,0.01,0.5,,353.0,24.0,90.0,172.0,66.0,90.0,1.41e+17,8900000000000000.0,-1.5e+17,1.86e+16,-1.34e+17,2.15e+16,gcmt
C201509211739A,2015-09-21T17:40:06,-71.81,-31.77,39.0,6.6,mw,0.0,0.0,0.2,,1.0,28.0,92.0,178.0,62.0,89.0,7.85e+18,1.8e+17,-8.03e+18,2.4e+17,-5.42e+18,3e+16,gcmt
C201509211836A,2015-09-21T18:36:57,-72.02,-31.14,38.8,5.8,mw,0.04,0.03,1.2,,347.0,32.0,87.0,171.0,58.0,92.0,5.86e+17,-8.55e+16,-5e+17,3e+16,-2.66e+17,8.43e+16,gcmt
C201509211956A,2015-09-21T19:56:13,-71.87,-31.94,42.2,5.7,mw,0.02,0.01,0.7,,345.0,30.0,93.0,162.0,60.0,88.0,4.34e+17,-4.63e+16,-3.88e+17,8.67e+16,-2.32e+17,1.1100000000000002e+17,gcmt
C201509220712A,2015-09-22T07:13:04,-71.39,-31.58,64.5,6.1,mw,0.01,0.0,0.4,,0.0,28.0,103.0,165.0,63.0,83.0,1.1499999999999999e+18,1.4199999999999998e+17,-1.29e+18,2.7900000000000003e+17,-8.27e+17,2.03e+17,gcmt
C201509231132A,2015-09-23T11:32:47,-72.03,-31.67,29.4,5.1,mw,0.02,0.02,0.7,,356.0,27.0,84.0,182.0,64.0,93.0,4.91e+16,550000000000000.0,-4.97e+16,-2770000000000000.0,-3.73e+16,950000000000000.0,gcmt
C201509252030A,2015-09-25T20:31:02,-72.27,-30.58,28.5,5.0,mw,0.02,0.02,0.9,,344.0,30.0,75.0,181.0,62.0,98.0,3.16e+16,3290000000000000.0,-3.4900000000000004e+16,-2420000000000000.0,-2.15e+16,4910000000000000.0,gcmt
C201509260251A,2015-09-26T02:51:22,-71.62,-30.88,51.7,6.3,mw,0.0,0.0,0.2,,357.0,33.0,94.0,172.0,57.0,88.0,2.78e+18,2.58e+17,-3.04e+18,2.42e+17,-1.3e+18,3.37e+17,gcmt
C201509272104A,2015-09-27T21:04:51,-71.73,-31.79,38.2,5.1,mw,0.03,0.02,0.9,,336.0,31.0,80.0,167.0,60.0,96.0,5.46e+16,-7640000000000000.0,-4.7e+16,3100000000000000.0,-2.96e+16,1.51e+16,gcmt
C201510021622A,2015-10-02T16:22:52,-71.82,-30.77,35.8,5.0,mw,0.04,0.03,1.5,,349.0,26.0,109.0,148.0,66.0,81.0,3.07e+16,-3790000000000000.0,-2.69e+16,1.65e+16,-2.13e+16,1.04e+16,gcmt
C201510021633A,2015-10-02T16:33:30,-72.93,-31.08,20.4,5.0,mw,0.02,0.03,1.3,,216.0,52.0,-50.0,343.0,53.0,-129.0,-3.17e+16,-5350000000000000.0,3.71e+16,2.15e+16,-4130000000000000.0,7360000000000000.0,gcmt
C201510030603A,2015-10-03T06:03:48,-73.71,-37.57,21.5,5.7,mw,0.01,0.01,0.4,,4.0,19.0,93.0,181.0,72.0,89.0,2.91e+17,3900000000000000.0,-2.95e+17,-700000000000000.0,-3.89e+17,-1.21e+16,gcmt
C201510030626A,2015-10-03T06:27:00,-71.75,-30.33,42.1,5.9,mw,0.01,0.01,0.3,,13.0,35.0,108.0,171.0,57.0,77.0,7.38e+17,3.9e+16,-7.77e+17,1.48e+17,-3.04e+17,-2.2e+16,gcmt
C201510031121A,2015-10-03T11:21:06,-71.88,-29.95,31.5,5.2,mw,0.02,0.01,0.6,,1.0,28.0,86.0,186.0,62.0,92.0,6.860000000000001e+16,1600000000000000.0,-7.019999999999999e+16,-6500000000000000.0,-4.81e+16,-4299999999999999.5,gcmt
C201510040349A,2015-10-04T03:49:53,-72.26,-30.41,12.2,5.4,mw,0.01,0.01,0.4,,358.0,26.0,94.0,173.0,64.0,88.0,1.1399999999999998e+17,5000000000000000.0,-1.19e+17,1.28e+16,-9.18e+16,1e+16,gcmt
C201510041011A,2015-10-04T10:12:01,-71.88,-30.68,30.5,5.1,mw,0.02,0.02,0.8,,5.0,30.0,103.0,169.0,61.0,83.0,4.22e+16,-1570000000000000.0,-4.06e+16,8110000000000001.0,-2.47e+16,1800000000000000.0,gcmt
C201510051633A,2015-10-05T16:33:30,-71.78,-30.36,42.8,5.9,mw,0.01,0.01,0.3,,8.0,34.0,101.0,175.0,57.0,83.0,7.45e+17,3.9e+16,-7.84e+17,8.1e+16,-3.31e+17,-1.6e+16,gcmt
C201510060451A,2015-10-06T04:51:45,-72.52,-30.26,24.0,5.0,mw,0.03,0.03,1.0,,342.0,34.0,75.0,181.0,57.0,100.0,3.22e+16,600000000000000.0,-3.28e+16,-3480000000000000.0,-1.5e+16,5080000000000000.0,gcmt
C201510091827A,2015-10-09T18:27:39,-71.82,-31.81,36.2,5.4,mw,0.01,0.01,0.6,,342.0,25.0,75.0,179.0,66.0,97.0,1.3500000000000002e+17,5500000000000000.0,-1.3999999999999998e+17,-5800000000000000.0,-1.21e+17,2.43e+16,gcmt
C201510120315A,2015-10-12T03:15:24,-71.96,-31.28,32.5,5.6,mw,0.01,0.01,0.4,,355.0,28.0,97.0,167.0,62.0,86.0,2.17e+17,8500000000000001.0,-2.2599999999999997e+17,4.07e+16,-1.44e+17,3.91e+16,gcmt
C201510151923A,2015-10-15T19:23:27,-71.67,-30.4,36.4,5.0,mw,0.03,0.03,1.4,,29.0,33.0,114.0,180.0,60.0,75.0,3.12e+16,5870000000000000.0,-3.71e+16,3040000000000000.0,-1.97e+16,-1.06e+16,gcmt
C201510201006A,2015-10-20T10:06:19,-71.51,-30.79,43.0,5.2,mw,0.02,0.02,0.8,,179.0,40.0,107.0,337.0,52.0,76.0,7.84e+16,-8400000000000001.0,-6.999999999999999e+16,-2.08e+16,1.24e+16,1.34e+16,gcmt
C201510242124A,2015-10-24T21:24:49,-71.64,-31.5,51.3,5.0,mw,0.03,0.02,1.3,,341.0,33.0,79.0,174.0,57.0,97.0,3.64e+16,5270000000000000.0,-4.17e+16,-120000000000000.0,-1.84e+16,1.04e+16,gcmt
C201511060844A,2015-11-06T08:44:14,-72.28,-30.26,12.5,5.3,mw,0.01,0.01,0.4,,6.0,25.0,97.0,178.0,65.0,87.0,8.94e+16,1300000000000000.0,-9.06e+16,6200000000000000.0,-7.62e+16,-2500000000000000.0,gcmt
C201511070704A,2015-11-07T07:04:41,-72.33,-29.54,12.0,6.0,mw,0.01,0.01,0.0,,1.0,25.0,79.0,193.0,65.0,95.0,1.1200000000000001e+18,-3000000000000000.0,-1.1200000000000001e+18,-2.7500000000000003e+17,-9.09e+17,-1.47e+17,gcmt
C201511070731A,2015-11-07T07:31:48,-71.66,-30.99,43.4,6.7,mw,0.0,0.0,0.2,,359.0,33.0,97.0,171.0,58.0,86.0,1.29e+19,7.7e+17,-1.3700000000000002e+19,1.52e+18,-6.08e+18,1.43e+18,gcmt
C201511071053A,2015-11-07T10:53:48,-71.71,-30.88,44.6,5.8,mw,0.02,0.01,0.8,,349.0,31.0,86.0,174.0,59.0,92.0,4.7e+17,3.83e+16,-5.08e+17,1.93e+16,-2.64e+17,8.23e+16,gcmt
C201511110154A,2015-11-11T01:54:47,-72.18,-29.47,12.4,6.8,mw,0.0,0.0,0.2,,2.0,22.0,93.0,179.0,68.0,89.0,1.34e+19,7e+16,-1.35e+19,4.2e+17,-1.3700000000000002e+19,-8e+16,gcmt
C201511110246A,2015-11-11T02:46:33,-72.29,-29.7,12.0,6.8,mw,0.0,0.0,0.0,,358.0,21.0,90.0,178.0,69.0,90.0,1.34e+19,-2.3e+17,-1.31e+19,4.6e+17,-1.43e+19,4.4e+17,gcmt
C201511212305A,2015-11-21T23:05:34,-71.98,-30.66,32.7,5.8,mw,0.01,0.01,0.3,,5.0,28.0,102.0,171.0,63.0,84.0,4.82e+17,3.21e+16,-5.14e+17,7.97e+16,-3.46e+17,2.04e+16,gcmt
C201511240914A,2015-11-24T09:14:20,-72.2,-31.85,25.1,5.0,mw,0.03,0.03,1.0,,359.0,27.0,90.0,179.0,63.0,90.0,3.45e+16,-2710000000000000.0,-3.18e+16,420000000000000.0,-2.39e+16,480000000000000.0,gcmt
C201511280544A,2015-11-28T05:44:45,-72.26,-30.39,12.0,5.6,mw,0.01,0.01,0.0,,0.0,22.0,95.0,175.0,68.0,88.0,2.4900000000000003e+17,1.1e+16,-2.6e+17,2.5e+16,-2.58e+17,1.06e+16,gcmt
C201512081256A,2015-12-08T12:56:13,-71.89,-30.92,35.4,5.6,mw,0.01,0.01,0.5,,354.0,24.0,91.0,173.0,66.0,89.0,2.44e+17,8500000000000001.0,-2.52e+17,2.8100000000000004e+16,-2.18e+17,2.99e+16,gcmt
C201512100009A,2015-12-10T00:09:37,-73.45,-35.97,18.9,5.5,mw,0.01,0.01,0.6,,23.0,13.0,103.0,190.0,77.0,87.0,1.06e+17,-3500000000000000.5,-1.03e+17,-3.6e+16,-2.25e+17,-3.1e+16,gcmt
C201512191925A,2015-12-19T19:25:09,-71.54,-30.7,62.4,5.8,mw,0.01,0.01,0.6,,359.0,32.0,99.0,168.0,58.0,84.0,5.38e+17,1.3e+17,-6.68e+17,8.11e+16,-2.96e+17,1.03e+17,gcmt
C201512261758B,2015-12-26T17:58:13,-72.33,-31.8,29.7,5.2,mw,0.02,0.02,0.8,,323.0,29.0,67.0,168.0,63.0,102.0,5.58e+16,-7470000000000000.0,-4.83e+16,1830000000000000.0,-4.18e+16,2.36e+16,gcmt
C201601071540A,2016-01-07T15:40:46,-74.29,-41.65,32.4,5.1,mw,0.03,0.02,0.9,,13.0,24.0,98.0,184.0,66.0,86.0,4.35e+16,-580000000000000.0,-4.29e+16,-1560000000000000.0,-3.97e+16,-6780000000000000.0,gcmt
C201601080112A,2016-01-08T01:12:05,-71.94,-30.74,32.7,5.7,mw,0.01,0.01,0.3,,1.0,29.0,97.0,174.0,62.0,86.0,4.07e+17,2.05e+16,-4.28e+17,4.33e+16,-2.7000000000000003e+17,2.09e+16,gcmt
C201601260019A,2016-01-26T00:19:15,-71.99,-32.66,31.8,5.1,mw,0.02,0.02,0.9,,344.0,39.0,83.0,173.0,51.0,96.0,4.56e+16,1.04e+16,-5.61e+16,-540000000000000.0,-1.1200000000000002e+16,1.4e+16,gcmt
C201601292007A,2016-01-29T20:07:20,-71.74,-30.28,41.7,5.1,mw,0.03,0.02,1.0,,14.0,33.0,105.0,177.0,58.0,80.0,5.24e+16,-230000000000000.0,-5.22e+16,6860000000000001.0,-2.52e+16,-5110000000000000.0,gcmt
C201602050528A,2016-02-05T05:28:13,-72.08,-31.0,35.0,5.0,mw,0.03,0.02,0.9,,1.0,33.0,90.0,181.0,57.0,90.0,4.74e+16,-9660000000000000.0,-3.77e+16,-180000000000000.0,-1.91e+16,-570000000000000.0,gcmt
C201602100033A,2016-02-10T00:33:11,-71.9,-30.62,36.2,6.4,mw,0.0,0.0,0.2,,11.0,29.0,103.0,176.0,61.0,83.0,3.53e+18,1.64e+17,-3.69e+18,3.89e+17,-2.2799999999999997e+18,-2.41e+17,gcmt
C201602190533A,2016-02-19T05:33:14,-71.81,-30.62,35.6,5.0,mw,0.03,0.02,1.0,,358.0,31.0,89.0,179.0,59.0,91.0,4.21e+16,-1740000000000000.0,-4.04e+16,160000000000000.0,-2.18e+16,1190000000000000.0,gcmt
C201602192150A,2016-02-19T21:50:51,-77.89,-45.8,25.2,5.0,mw,0.03,0.02,1.1,,80.0,72.0,-163.0,344.0,74.0,-19.0,-6800000000000000.0,2.08e+16,-1.4e+16,-8030000000000000.0,-1.48e+16,-3.5099999999999996e+16,gcmt
C201602220637A,2016-02-22T06:37:08,-72.26,-30.56,12.2,6.0,mw,0.0,0.0,0.2,,359.0,23.0,90.0,179.0,67.0,90.0,9.72e+17,2.4e+16,-9.95e+17,8000000000000000.0,-9.51e+17,1e+16,gcmt
C201602260852A,2016-02-26T08:52:53,-67.54,-31.75,35.0,5.0,mw,0.02,0.01,1.7,,231.0,44.0,151.0,343.0,70.0,50.0,2.14e+16,1.33e+16,-3.47e+16,-1.72e+16,2.17e+16,-1.59e+16,gcmt
C201603121605A,2016-03-12T16:05:19,-71.73,-30.22,37.2,5.1,mw,0.02,0.01,0.7,,18.0,36.0,117.0,166.0,58.0,72.0,5.56e+16,-900000000000000.0,-5.47e+16,1.9e+16,-2.3e+16,-2810000000000000.5,gcmt
C201603160349A,2016-03-16T03:49:37,-72.03,-31.28,30.6,5.4,mw,0.01,0.01,0.5,,353.0,25.0,85.0,178.0,65.0,92.0,1.1000000000000002e+17,8100000000000000.0,-1.19e+17,800000000000000.0,-9.73e+16,9600000000000000.0,gcmt
C201603271201A,2016-03-27T12:01:44,-77.32,-45.64,36.4,5.0,mw,0.04,0.02,2.0,,74.0,80.0,-174.0,343.0,84.0,-10.0,8060000000000000.0,1.49e+16,-2.29e+16,-3820000000000000.0,-9300000000000000.0,-2.86e+16,gcmt
C201604041232A,2016-04-04T12:32:49,-72.0,-31.26,28.8,5.4,mw,0.01,0.01,0.6,,1.0,23.0,99.0,171.0,67.0,86.0,1.02e+17,4299999999999999.5,-1.06e+17,1.92e+16,-1.01e+17,8400000000000001.0,gcmt
C201604061735A,2016-04-06T17:35:43,-71.82,-31.46,34.2,5.4,mw,0.01,0.01,0.7,,5.0,27.0,95.0,178.0,63.0,87.0,1.07e+17,1.4199999999999998e+16,-1.21e+17,4500000000000000.0,-8.07e+16,-2800000000000000.0,gcmt
C201604140938A,2016-04-14T09:38:48,-70.39,-33.85,129.3,5.2,mw,0.02,0.01,1.7,,120.0,10.0,162.0,228.0,87.0,80.0,1.2e+16,-1.68e+16,4770000000000000.0,-4.68e+16,-4.61e+16,5010000000000000.0,gcmt
C201604181138A,2016-04-18T11:38:42,-71.49,-31.83,50.0,5.2,mw,0.02,0.01,1.2,,347.0,29.0,83.0,175.0,61.0,94.0,6.939999999999999e+16,5600000000000000.0,-7.5e+16,2199999999999999.8,-4.68e+16,1.24e+16,gcmt
C201605111311A,2016-05-11T13:11:38,-71.95,-30.73,30.1,5.4,mw,0.01,0.01,0.5,,3.0,27.0,101.0,171.0,64.0,85.0,1.19e+17,1.21e+16,-1.31e+17,2.06e+16,-9.27e+16,9600000000000000.0,gcmt
C201605192025A,2016-05-19T20:25:51,-66.35,-28.15,180.2,5.1,mw,0.02,0.01,1.8,,165.0,49.0,-48.0,291.0,55.0,-128.0,-4.36e+16,1.81e+16,2.55e+16,2.16e+16,1.19e+16,-3.91e+16,gcmt
C201605221147A,2016-05-22T11:47:14,-71.93,-30.54,32.2,5.1,mw,0.02,0.02,0.7,,6.0,33.0,102.0,172.0,58.0,82.0,4.76e+16,-1510000000000000.0,-4.61e+16,7260000000000000.0,-2.2400000000000004e+16,460000000000000.0,gcmt
C201606050551A,2016-06-05T05:51:16,-72.03,-29.45,36.2,5.8,mw,0.01,0.01,0.6,,314.0,35.0,28.0,201.0,74.0,122.0,2.5e+17,1.68e+17,-4.18e+17,-2.18e+17,-3.61e+17,1.32e+17,gcmt
C201606061316A,2016-06-06T13:16:06,-71.8,-30.13,39.1,5.4,mw,0.01,0.01,0.6,,13.0,38.0,116.0,161.0,56.0,71.0,1.3500000000000002e+17,2.39e+16,-1.59e+17,4.12e+16,-4.69e+16,1e+16,gcmt
C201606061321A,2016-06-06T13:22:03,-71.66,-30.06,39.6,5.5,mw,0.01,0.01,0.6,,1.0,36.0,91.0,179.0,54.0,89.0,1.6e+17,4.87e+16,-2.08e+17,1799999999999999.8,-6.2e+16,-100000000000000.0,gcmt
C201606220354A,2016-06-22T03:54:43,-72.01,-30.68,35.4,5.1,mw,0.02,0.02,0.8,,1.0,28.0,97.0,173.0,62.0,86.0,5.3e+16,1110000000000000.0,-5.41e+16,6280000000000000.0,-3.53e+16,2670000000000000.0,gcmt
C201606271251A,2016-06-27T12:51:18,-71.46,-31.58,45.6,5.1,mw,0.03,0.02,1.9,,9.0,33.0,107.0,169.0,58.0,79.0,4.019999999999999e+16,1.14e+16,-5.16e+16,6940000000000000.0,-2.16e+16,2050000000000000.0,gcmt
C201607180258A,2016-07-18T02:58:53,-71.95,-30.86,24.6,5.2,mw,0.03,0.02,1.1,,3.0,13.0,115.0,157.0,78.0,84.0,2.43e+16,4100000000000000.0,-2.84e+16,2.45e+16,-5.62e+16,7260000000000000.0,gcmt
C201607180859A,2016-07-18T08:59:45,-71.92,-30.59,36.6,5.1,mw,0.03,0.02,0.7,,341.0,38.0,89.0,163.0,52.0,91.0,5.18e+16,-1300000000000000.0,-5.05e+16,3590000000000000.0,-1.3799999999999998e+16,1.74e+16,gcmt
C201607190518A,2016-07-19T05:18:44,-72.29,-30.27,14.2,5.7,mw,0.01,0.01,0.3,,359.0,25.0,91.0,178.0,65.0,89.0,3.4e+17,-300000000000000.0,-3.39e+17,1.3900000000000002e+16,-2.82e+17,9200000000000000.0,gcmt
C201607262300A,2016-07-26T23:00:24,-71.88,-32.59,31.9,5.0,mw,0.03,0.03,0.9,,159.0,39.0,69.0,5.0,54.0,106.0,3.1e+16,140000000000000.0,-3.11e+16,6560000000000000.0,9810000000000000.0,4640000000000000.0,gcmt
C201607270125A,2016-07-27T01:25:18,-79.48,-44.62,20.3,5.9,mw,0.01,0.0,0.4,,78.0,88.0,179.0,168.0,89.0,2.0,-5.520000000000001e+16,3.73e+17,-3.18e+17,2.64e+16,-3.27e+16,-7.55e+17,gcmt
C201608231447A,2016-08-23T14:47:29,-77.66,-45.77,22.2,5.0,mw,0.02,0.01,1.2,,76.0,70.0,-175.0,344.0,86.0,-20.0,-5950000000000000.0,2.3e+16,-1.7e+16,2950000000000000.0,-1.36e+16,-3.54e+16,gcmt
C201608300809A,2016-08-30T08:09:14,-72.67,-34.91,30.5,5.4,mw,0.01,0.01,0.6,,20.0,20.0,98.0,191.0,70.0,87.0,1.04e+17,9900000000000000.0,-1.1399999999999998e+17,-2.52e+16,-1.34e+17,-3.63e+16,gcmt
C201609090003A,2016-09-09T00:03:48,-65.86,-31.41,178.0,5.6,mw,0.01,0.01,1.2,,121.0,35.0,-133.0,350.0,65.0,-64.0,-1.85e+17,2.19e+16,1.63e+17,-3400000000000000.0,-1.64e+17,-1.54e+17,gcmt
C201610011025A,2016-10-01T10:26:00,-72.29,-29.79,30.0,5.0,mw,0.04,0.03,0.7,,349.0,36.0,86.0,173.0,54.0,93.0,3.99e+16,-5480000000000000.0,-3.44e+16,80000000000000.0,-1.26e+16,4780000000000000.0,gcmt
C201610272032A,2016-10-27T20:33:02,-72.75,-33.83,12.0,6.0,mw,0.0,0.01,0.0,,11.0,17.0,90.0,190.0,73.0,90.0,6.45e+17,-2000000000000000.0,-6.43e+17,-1.66e+17,-9.3e+17,-1.22e+17,gcmt
C201610292201A,2016-10-29T22:01:44,-72.71,-33.96,14.4,5.1,mw,0.02,0.01,0.8,,14.0,19.0,100.0,183.0,71.0,86.0,3.88e+16,-2310000000000000.0,-3.64e+16,-1430000000000000.0,-4.8e+16,-5600000000000001.0,gcmt
C201610311115A,2016-10-31T11:15:48,-72.68,-33.74,29.8,5.0,mw,0.03,0.03,1.0,,8.0,35.0,85.0,194.0,55.0,94.0,4.49e+16,-4150000000000000.0,-4.08e+16,-5770000000000000.0,-1.48e+16,-7460000000000000.0,gcmt
C201611041620A,2016-11-04T16:20:49,-70.98,-35.06,96.2,6.3,mw,0.0,0.0,0.3,,173.0,27.0,-128.0,35.0,69.0,-73.0,-2.27e+18,-4.87e+17,2.75e+18,-1.74e+18,-2.12e+18,1.01e+18,gcmt
C201611080455A,2016-11-08T04:55:50,-73.71,-36.66,20.0,6.0,mw,0.01,0.01,0.3,,8.0,17.0,95.0,182.0,73.0,88.0,6.32e+17,2.3e+16,-6.55e+17,-3.3e+16,-9.52e+17,-5.9e+16,gcmt
C201611130101A,2016-11-13T01:01:56,-67.36,-28.24,147.5,5.3,mw,0.01,0.01,1.0,,165.0,46.0,-144.0,48.0,65.0,-50.0,-7.6e+16,-3.4899999999999996e+16,1.1100000000000002e+17,-6.48e+16,-1.85e+16,4.92e+16,gcmt
C201611202057A,2016-11-20T20:57:47,-68.74,-31.66,119.1,6.4,mw,0.01,0.0,0.3,,31.0,40.0,-92.0,214.0,50.0,-89.0,-5.71e+18,2.15e+18,3.56e+18,6.01e+17,6.82e+17,1.5e+18,gcmt
C201612120140A,2016-12-12T01:40:28,-71.62,-31.03,51.8,5.0,mw,0.03,0.02,1.5,,8.0,38.0,102.0,172.0,53.0,81.0,3.69e+16,1670000000000000.0,-3.86e+16,4930000000000000.0,-9570000000000000.0,50000000000000.0,gcmt
C201612120256A,2016-12-12T02:57:01,-68.11,-31.31,21.7,5.0,mw,0.02,0.02,1.0,,8.0,51.0,132.0,134.0,55.0,51.0,2.98e+16,5490000000000000.0,-3.53e+16,1.77e+16,3640000000000000.0,1.59e+16,gcmt
C201612162311A,2016-12-16T23:11:44,-72.06,-30.57,35.8,5.2,mw,0.02,0.01,0.6,,334.0,31.0,82.0,163.0,59.0,95.0,6.17e+16,-5860000000000000.0,-5.58e+16,7100000000000000.0,-3.25e+16,2.3e+16,gcmt
C201612191536A,2016-12-19T15:36:52,-71.27,-30.8,43.7,5.0,mw,0.04,0.03,1.4,,354.0,38.0,94.0,169.0,52.0,87.0,3.79e+16,5840000000000000.0,-4.37e+16,3040000000000000.0,-1.04e+16,7690000000000000.0,gcmt
C201612251422A,2016-12-25T14:22:38,-74.43,-43.41,32.8,7.6,mw,0.01,0.01,0.3,,4.0,19.0,96.0,178.0,71.0,88.0,1.75e+20,-2.9e+18,-1.73e+20,1.06e+19,-2.2400000000000003e+20,-3.4e+18,gcmt
C201701032119A,2017-01-03T21:19:11,-74.63,-43.33,23.8,5.4,mw,0.02,0.01,0.9,,320.0,26.0,61.0,172.0,68.0,103.0,1.1299999999999998e+17,8100000000000000.0,-1.21e+17,1.08e+16,-1.26e+17,6.28e+16,gcmt
C201701041324A,2017-01-04T13:24:07,-71.64,-30.51,32.5,5.0,mw,0.03,0.03,1.4,,175.0,38.0,119.0,320.0,58.0,69.0,3.33e+16,-2800000000000000.5,-3.05e+16,-1.61e+16,7170000000000000.0,1.33e+16,gcmt
C201701080033A,2017-01-08T00:33:51,-72.42,-30.23,20.6,5.0,mw,0.02,0.02,0.9,,339.0,25.0,73.0,178.0,66.0,98.0,3e+16,-3550000000000000.0,-2.64e+16,-1700000000000000.0,-2.64e+16,5460000000000000.0,gcmt
C201702030052A,2017-02-03T00:52:31,-69.51,-33.07,19.5,5.4,mw,0.01,0.01,0.6,,138.0,46.0,-15.0,238.0,79.0,-135.0,-5.38e+16,1.57e+17,-1.04e+17,9.63e+16,5.16e+16,-2.22e+16,gcmt
C201702121621A,2017-02-12T16:21:18,-71.58,-28.01,32.6,5.1,mw,0.02,0.02,0.9,,2.0,26.0,101.0,170.0,64.0,85.0,3.95e+16,4540000000000000.0,-4.41e+16,7310000000000000.0,-3.25e+16,3990000000000000.0,gcmt
C201702160702A,2017-02-16T07:02:09,-72.35,-30.26,13.8,5.3,mw,0.01,0.01,0.5,,359.0,27.0,91.0,178.0,63.0,90.0,9.01e+16,200000000000000.0,-9.03e+16,2500000000000000.0,-6.740000000000001e+16,2199999999999999.8,gcmt
C201702260859A,2017-02-26T08:59:22,-71.74,-28.89,36.5,5.1,mw,0.02,0.02,0.8,,16.0,31.0,111.0,173.0,61.0,78.0,5.25e+16,2320000000000000.0,-5.480000000000001e+16,1.03e+16,-3.23e+16,-4670000000000000.0,gcmt
C201703100622A,2017-03-10T06:22:25,-72.14,-30.63,20.5,5.2,mw,0.01,0.01,0.6,,2.0,24.0,93.0,179.0,66.0,89.0,5.26e+16,-230000000000000.0,-5.24e+16,1760000000000000.0,-4.58e+16,-340000000000000.0,gcmt
C201703131505A,2017-03-13T15:05:59,-71.5,-30.52,47.9,5.1,mw,0.02,0.01,0.8,,358.0,34.0,95.0,173.0,56.0,87.0,5.96e+16,1300000000000000.0,-6.09e+16,5140000000000000.0,-2.5e+16,4910000000000000.0,gcmt
C201703200817A,2017-03-20T08:17:31,-66.35,-27.2,187.4,5.0,mw,0.02,0.02,3.1,,269.0,53.0,-160.0,167.0,74.0,-39.0,-1.32e+16,1.58e+16,-2530000000000000.0,5940000000000000.0,2.72e+16,-3.19e+16,gcmt
C201703270303A,2017-03-27T03:03:35,-71.79,-36.34,102.6,5.1,mw,0.02,0.01,2.5,,246.0,42.0,-6.0,341.0,86.0,-132.0,-5340000000000000.0,-2.06e+16,2.59e+16,1.16e+16,-3.37e+16,2.31e+16,gcmt
C201703311844A,2017-03-31T18:44:44,-71.61,-30.83,41.6,5.3,mw,0.01,0.01,0.6,,358.0,30.0,97.0,171.0,60.0,86.0,8.63e+16,-3800000000000000.0,-8.25e+16,1.15e+16,-4.89e+16,7400000000000000.0,gcmt
C201704111339A,2017-04-11T13:39:49,-70.22,-27.71,86.7,5.1,mw,0.02,0.01,2.5,,272.0,46.0,171.0,8.0,84.0,45.0,8590000000000000.0,-1.06e+16,2039999999999999.8,2640000000000000.0,3.69e+16,-3.82e+16,gcmt
C201704130342A,2017-04-13T03:42:56,-71.7,-31.15,45.8,5.4,mw,0.01,0.01,0.6,,358.0,38.0,119.0,143.0,58.0,69.0,1.2e+17,8300000000000000.0,-1.28e+17,5.15e+16,-3.34e+16,5.93e+16,gcmt
C201704202124A,2017-04-20T21:24:34,-67.43,-27.54,159.6,5.3,mw,0.01,0.01,1.1,,143.0,27.0,-96.0,330.0,63.0,-87.0,-7.2e+16,1.3e+16,5.9e+16,3.07e+16,-5.39e+16,-5.23e+16,gcmt
C201704222246A,2017-04-22T22:46:46,-72.26,-33.02,29.1,5.1,mw,0.03,0.02,1.0,,1.0,24.0,84.0,188.0,66.0,93.0,3.76e+16,-420000000000000.0,-3.72e+16,-5590000000000001.0,-3.32e+16,-2900000000000000.0,gcmt
C201704230236A,2017-04-23T02:36:11,-72.04,-33.06,23.0,6.0,mw,0.01,0.01,0.3,,1.0,22.0,88.0,184.0,68.0,91.0,7.85e+17,2.7e+16,-8.12e+17,-6.2e+16,-8.19e+17,-3.9e+16,gcmt
C201704231940A,2017-04-23T19:40:14,-72.17,-33.16,22.3,5.6,mw,0.01,0.01,0.4,,355.0,24.0,87.0,178.0,66.0,91.0,2.06e+17,-4800000000000000.0,-2.0099999999999997e+17,5300000000000000.0,-1.83e+17,1.3800000000000002e+16,gcmt
C201704242138A,2017-04-24T21:38:37,-72.07,-33.13,26.0,6.9,mw,0.0,0.0,0.2,,3.0,16.0,94.0,179.0,74.0,89.0,1.3e+19,3.9e+17,-1.33e+19,5.6e+17,-2.03e+19,-2.2e+17,gcmt
C201704250143A,2017-04-25T01:43:03,-72.31,-33.35,31.1,5.5,mw,0.03,0.03,1.3,,16.0,24.0,107.0,178.0,67.0,83.0,1.53e+17,-1.65e+16,-1.3700000000000002e+17,1.89e+16,-1.3899999999999998e+17,-1.84e+16,gcmt
C201704270509A,2017-04-27T05:09:27,-71.89,-33.32,25.0,5.2,mw,0.02,0.02,0.0,,350.0,16.0,79.0,181.0,74.0,93.0,4.34e+16,750000000000000.0,-4.42e+16,-2440000000000000.0,-7.07e+16,3560000000000000.0,gcmt
C201704281530A,2017-04-28T15:30:10,-72.03,-33.3,23.4,5.9,mw,0.01,0.01,0.3,,0.0,20.0,99.0,171.0,70.0,87.0,5.98e+17,6000000000000000.0,-6.04e+17,1.31e+17,-7.02e+17,4.9e+16,gcmt
C201704281558A,2017-04-28T15:58:37,-72.06,-33.35,24.0,5.5,mw,0.02,0.02,0.0,,349.0,18.0,97.0,162.0,72.0,88.0,1.34e+17,-4299999999999999.5,-1.29e+17,6.36e+16,-1.82e+17,3.57e+16,gcmt
C201704281605A,2017-04-28T16:06:00,-71.83,-33.3,30.5,5.9,mw,0.01,0.01,0.4,,334.0,20.0,73.0,172.0,71.0,96.0,5.78e+17,-2.5e+16,-5.5300000000000006e+17,8.2e+16,-7.66e+17,1.79e+17,gcmt
C201704281741A,2017-04-28T17:41:55,-72.0,-33.27,24.2,5.5,mw,0.02,0.01,0.9,,5.0,18.0,90.0,185.0,72.0,90.0,1.2e+17,500000000000000.0,-1.2e+17,-1.33e+16,-1.63e+17,-1.04e+16,gcmt
C201704290146A,2017-04-29T01:46:03,-72.08,-33.42,32.3,5.4,mw,0.03,0.03,0.8,,5.0,33.0,92.0,183.0,57.0,89.0,1.81e+17,-5.31e+16,-1.28e+17,500000000000000.0,-6.720000000000001e+16,-6100000000000000.0,gcmt
C201705061451A,2017-05-06T14:51:43,-78.83,-44.52,13.9,5.4,mw,0.01,0.01,0.9,,76.0,73.0,178.0,167.0,88.0,17.0,-200000000000000.0,5.9e+16,-5.88e+16,1.47e+16,-3.75e+16,-1.1499999999999998e+17,gcmt
C201705131654A,2017-05-13T16:54:51,-72.12,-32.9,28.4,5.3,mw,0.02,0.01,0.8,,360.0,20.0,84.0,186.0,70.0,92.0,6.06e+16,2600000000000000.0,-6.32e+16,-8799999999999999.0,-7.27e+16,-3599999999999999.5,gcmt
C201705270738A,2017-05-27T07:38:42,-76.26,-45.88,14.7,5.3,mw,0.01,0.01,0.9,,76.0,58.0,-176.0,344.0,86.0,-32.0,-1.32e+16,4.71e+16,-3.3900000000000004e+16,1.67e+16,-4.83e+16,-7.35e+16,gcmt
C201705291457A,2017-05-29T14:57:59,-71.87,-37.38,97.7,5.9,mw,0.01,0.01,1.8,,263.0,34.0,-22.0,12.0,78.0,-122.0,-3.3e+17,1.92e+17,1.3800000000000002e+17,-8.8e+16,-7.44e+17,5.3800000000000006e+17,gcmt
C201706120243A,2017-06-12T02:43:32,-71.87,-31.49,33.8,5.7,mw,0.01,0.01,0.4,,5.0,26.0,99.0,175.0,64.0,86.0,3.83e+17,3.69e+16,-4.1900000000000006e+17,4.43e+16,-3.2e+17,5000000000000000.0,gcmt
C201706231000A,2017-06-23T10:00:56,-71.87,-39.47,128.7,5.0,mw,0.03,0.02,1.9,,260.0,39.0,56.0,121.0,59.0,114.0,3.04e+16,-3.91e+16,8740000000000000.0,1.1e+16,-1.26e+16,1.04e+16,gcmt
C201706252208A,2017-06-25T22:08:43,-71.66,-42.09,12.0,5.2,mw,0.03,0.02,0.0,,172.0,17.0,118.0,322.0,75.0,82.0,3.63e+16,-5470000000000000.0,-3.08e+16,-4.04e+16,4.65e+16,1.14e+16,gcmt
C201706261444A,2017-06-26T14:44:54,-71.53,-30.77,55.2,5.2,mw,0.02,0.01,1.1,,3.0,29.0,101.0,170.0,61.0,84.0,5.269999999999999e+16,1.11e+16,-6.38e+16,8120000000000001.0,-3.67e+16,5380000000000000.0,gcmt
C201707041605A,2017-07-04T16:06:04,-73.56,-35.59,12.0,5.9,mw,0.01,0.01,0.0,,25.0,19.0,104.0,190.0,71.0,85.0,4.36e+17,1.15e+16,-4.47e+17,-9.15e+16,-5.92e+17,-1.54e+17,gcmt
C201707070304A,2017-07-07T03:04:52,-72.54,-33.65,31.7,5.1,mw,0.03,0.02,0.9,,16.0,28.0,98.0,186.0,63.0,86.0,4.75e+16,-6740000000000000.0,-4.08e+16,-1010000000000000.1,-3.17e+16,-7420000000000000.0,gcmt
C201707120908A,2017-07-12T09:08:23,-73.34,-35.5,12.3,5.5,mw,0.01,0.01,0.5,,28.0,16.0,112.0,185.0,75.0,84.0,9.35e+16,4399999999999999.5,-9.79e+16,-1.14e+16,-1.73e+17,-3.02e+16,gcmt
C201707141200A,2017-07-14T12:00:34,-72.7,-33.8,14.2,5.4,mw,0.01,0.01,0.5,,16.0,19.0,97.0,189.0,71.0,88.0,9.38e+16,-7400000000000000.0,-8.63e+16,-1.66e+16,-1.1499999999999998e+17,-1.91e+16,gcmt
C201708010613A,2017-08-01T06:14:00,-69.04,-28.68,118.7,5.6,mw,0.01,0.01,0.9,,327.0,27.0,-88.0,145.0,63.0,-91.0,-2.23e+17,5.17e+16,1.72e+17,-1.1000000000000002e+17,1.53e+17,-1.58e+17,gcmt
C201708020715A,2017-08-02T07:15:16,-70.58,-33.17,95.8,5.4,mw,0.01,0.01,0.9,,202.0,32.0,-115.0,51.0,62.0,-75.0,-8.78e+16,2.22e+16,6.56e+16,-5.42e+16,-4.8e+16,1.06e+17,gcmt
C201708022003A,2017-08-02T20:03:33,-71.28,-28.61,24.5,5.5,mw,0.01,0.01,0.4,,57.0,4.0,-57.0,203.0,86.0,-92.0,-2.8399999999999996e+16,7700000000000000.0,2.07e+16,9.66e+16,2.23e+17,2.21e+16,gcmt
C201708112357A,2017-08-11T23:57:16,-67.43,-28.05,146.4,5.1,mw,0.02,0.02,2.2,,4.0,46.0,-75.0,162.0,46.0,-105.0,-4.35e+16,-7120000000000000.0,5.06e+16,-7110000000000000.0,-670000000000000.0,-7070000000000000.0,gcmt
C201708121254A,2017-08-12T12:54:18,-72.26,-30.39,13.1,5.7,mw,0.01,0.01,0.3,,5.0,24.0,84.0,191.0,66.0,93.0,3.25e+17,-8900000000000000.0,-3.16e+17,-6.31e+16,-2.81e+17,-4.39e+16,gcmt
C201708151903A,2017-08-15T19:03:26,-72.25,-30.06,18.4,5.1,mw,0.02,0.02,0.7,,352.0,29.0,78.0,186.0,62.0,97.0,5.03e+16,-740000000000000.0,-4.95e+16,-7090000000000000.0,-3.27e+16,940000000000000.0,gcmt
C201708182031A,2017-08-18T20:31:55,-77.44,-45.7,23.9,5.1,mw,0.03,0.01,1.5,,74.0,62.0,171.0,168.0,82.0,29.0,1.42e+16,1.52e+16,-2.94e+16,2750000000000000.0,-2.1e+16,-3.87e+16,gcmt
C201708300315A,2017-08-30T03:15:40,-73.75,-37.4,29.2,5.1,mw,0.03,0.02,1.3,,10.0,21.0,96.0,183.0,69.0,88.0,3.2e+16,20000000000000.0,-3.2e+16,-1260000000000000.0,-3.59e+16,-3650000000000000.0,gcmt
C201709181346A,2017-09-18T13:47:02,-72.15,-31.91,21.5,5.8,mw,0.01,0.01,0.3,,351.0,23.0,84.0,177.0,67.0,93.0,3.84e+17,1400000000000000.0,-3.85e+17,8699999999999999.0,-3.69e+17,4.18e+16,gcmt
C201709231725A,2017-09-23T17:25:59,-69.04,-30.74,129.5,5.1,mw,0.02,0.02,2.7,,44.0,59.0,177.0,136.0,87.0,32.0,4079999999999999.5,4.37e+16,-4.78e+16,1.98e+16,-1.95e+16,870000000000000.0,gcmt
C201710011648A,2017-10-01T16:48:07,-76.52,-45.94,26.8,5.0,mw,0.03,0.02,1.4,,75.0,69.0,-175.0,343.0,85.0,-21.0,800000000000000.0,1.66e+16,-1.74e+16,-560000000000000.0,-1.31e+16,-2.66e+16,gcmt
C201710121859A,2017-10-12T18:59:15,-65.53,-31.03,185.4,5.6,mw,0.01,0.01,1.0,,9.0,69.0,-2.0,99.0,88.0,-159.0,800000000000000.0,-8.06e+16,7.98e+16,-1.01e+17,2900000000000000.0,-2.46e+17,gcmt
C201710161929A,2017-10-16T19:29:38,-74.36,-35.5,19.5,5.0,mw,0.03,0.03,1.2,,27.0,38.0,-88.0,205.0,52.0,-91.0,-3.32e+16,5940000000000000.0,2.72e+16,3250000000000000.0,7960000000000000.0,1.3700000000000002e+16,gcmt
C201801201131A,2018-01-20T11:31:17,-72.1,-28.98,39.1,5.2,mw,0.01,0.01,0.8,,291.0,62.0,-13.0,28.0,78.0,-151.0,-8630000000000000.0,5.230000000000001e+16,-4.37e+16,620000000000000.0,-4.019999999999999e+16,4.01e+16,gcmt
C201801261327A,2018-01-26T13:27:10,-74.27,-37.63,22.7,5.0,mw,0.02,0.02,1.0,,7.0,28.0,94.0,182.0,62.0,88.0,3.67e+16,-6470000000000000.0,-3.02e+16,360000000000000.0,-2.22e+16,-2150000000000000.0,gcmt
C201801261526A,2018-01-26T15:26:26,-74.27,-37.64,19.5,5.0,mw,0.03,0.03,1.3,,14.0,26.0,104.0,178.0,65.0,83.0,2.9e+16,-3070000000000000.0,-2.59e+16,2980000000000000.0,-2.28e+16,-2930000000000000.0,gcmt
C201801281011A,2018-01-28T10:11:35,-69.19,-28.26,81.6,5.1,mw,0.02,0.01,1.8,,142.0,43.0,-91.0,324.0,47.0,-89.0,-5.03e+16,1.67e+16,3.36e+16,1560000000000000.0,-3340000000000000.0,-2.96e+16,gcmt
C201801282353A,2018-01-28T23:53:19,-68.78,-31.25,119.8,5.4,mw,0.01,0.01,0.8,,218.0,46.0,-107.0,61.0,47.0,-74.0,-1.3e+17,7.76e+16,5.29e+16,-1.81e+16,1.91e+16,7.5e+16,gcmt
C201802012313A,2018-02-01T23:14:00,-69.95,-31.5,117.9,5.2,mw,0.02,0.01,1.9,,2.0,78.0,176.0,92.0,86.0,12.0,-3900000000000000.0,7200000000000000.0,-3300000000000000.0,1.61e+16,5780000000000000.0,7.05e+16,gcmt
C201802071236A,2018-02-07T12:36:20,-72.92,-29.33,12.0,5.1,mw,0.01,0.01,0.0,,25.0,41.0,-88.0,202.0,49.0,-92.0,-5.7e+16,1.21e+16,4.49e+16,1250000000000000.0,6879999999999999.0,1.76e+16,gcmt
C201802082119A,2018-02-08T21:19:28,-74.19,-37.58,12.2,5.5,mw,0.01,0.01,0.5,,27.0,17.0,111.0,185.0,74.0,84.0,1.28e+17,8900000000000000.0,-1.3700000000000002e+17,-1.4399999999999998e+16,-2.18e+17,-4.13e+16,gcmt
C201803021806A,2018-03-02T18:06:47,-76.6,-44.45,12.9,5.0,mw,0.02,0.01,1.3,,111.0,64.0,-170.0,16.0,81.0,-26.0,-1.39e+16,-1.49e+16,2.88e+16,-1100000000000000.0,-1.32e+16,-2.63e+16,gcmt
C201803191251A,2018-03-19T12:51:26,-69.76,-32.44,112.6,5.0,mw,0.04,0.02,3.7,,194.0,71.0,-165.0,99.0,76.0,-20.0,-6790000000000000.0,1.68e+16,-9960000000000000.0,-9790000000000000.0,1.01e+16,3.27e+16,gcmt
C201804050632A,2018-04-05T06:32:44,-74.46,-42.6,37.1,5.1,mw,0.03,0.02,1.2,,5.0,25.0,97.0,178.0,66.0,87.0,5.03e+16,-6840000000000001.0,-4.34e+16,3470000000000000.0,-4.1e+16,-1530000000000000.0,gcmt
C201804101019A,2018-04-10T10:19:36,-71.58,-31.05,81.7,6.2,mw,0.0,0.0,0.4,,120.0,26.0,-118.0,331.0,67.0,-77.0,-2.2000000000000003e+18,1.25e+18,9.5e+17,5.21e+17,-1.83e+18,-6.77e+17,gcmt
C201805021609A,2018-05-02T16:09:57,-70.06,-33.3,103.4,5.0,mw,0.03,0.03,3.2,,166.0,39.0,-100.0,359.0,52.0,-82.0,-3.28e+16,-1.01e+16,4.29e+16,-1440000000000000.0,-9240000000000000.0,-6899999999999999.0,gcmt
C201805042025A,2018-05-04T20:25:35,-71.72,-29.67,52.1,5.1,mw,0.04,0.03,2.1,,40.0,71.0,171.0,133.0,81.0,19.0,1.07e+16,4.25e+16,-5.32e+16,1.34e+16,-6500000000000000.0,6680000000000000.0,gcmt
C201805060244A,2018-05-06T02:44:25,-72.48,-34.23,31.5,5.3,mw,0.01,0.01,0.6,,25.0,24.0,105.0,190.0,67.0,84.0,6.999999999999999e+16,400000000000000.0,-7.039999999999999e+16,-8300000000000000.0,-7.009999999999999e+16,-2.36e+16,gcmt
C201805282059A,2018-05-28T20:59:38,-68.71,-31.3,118.8,5.0,mw,0.03,0.02,1.9,,14.0,40.0,-100.0,207.0,50.0,-82.0,-4.08e+16,3890000000000000.0,3.7e+16,6710000000000000.0,5340000000000000.0,1.43e+16,gcmt
C201806020617A,2018-06-02T06:17:22,-73.9,-38.35,29.0,5.3,mw,0.02,0.01,0.8,,354.0,19.0,87.0,177.0,72.0,91.0,6.59e+16,2900000000000000.0,-6.879999999999999e+16,4100000000000000.0,-8.96e+16,5700000000000000.0,gcmt
C201806140627A,2018-06-14T06:27:43,-76.46,-45.99,15.2,5.7,mw,0.01,0.01,0.6,,74.0,58.0,177.0,166.0,88.0,32.0,-2.21e+16,1.63e+17,-1.3999999999999998e+17,1.08e+17,-1.83e+17,-2.88e+17,gcmt
C201806230231A,2018-06-23T02:31:40,-79.85,-44.67,24.7,5.1,mw,0.02,0.01,0.8,,350.0,77.0,0.0,80.0,90.0,-167.0,-8440000000000000.0,2.58e+16,-1.74e+16,-1.39e+16,90000000000000.0,-5.75e+16,gcmt
C201807161029A,2018-07-16T10:29:55,-73.6,-35.65,15.9,5.1,mw,0.03,0.02,1.4,,31.0,17.0,113.0,187.0,74.0,83.0,2.63e+16,-330000000000000.0,-2.6e+16,-4000000000000000.0,-4.46e+16,-9390000000000000.0,gcmt
C201808270916A,2018-08-27T09:16:07,-71.61,-29.65,49.4,5.0,mw,0.02,0.01,1.4,,214.0,45.0,122.0,352.0,53.0,62.0,3.62e+16,6560000000000000.0,-4.269999999999999e+16,-1.2e+16,8950000000000000.0,-1.16e+16,gcmt
C201808280451A,2018-08-28T04:51:44,-71.49,-29.63,52.0,5.2,mw,0.01,0.01,0.9,,220.0,35.0,116.0,9.0,59.0,73.0,7.07e+16,-2100000000000000.2,-6.860000000000001e+16,-3800000000000000.0,4.1e+16,-3.61e+16,gcmt
C201808311325A,2018-08-31T13:25:03,-70.21,-32.26,115.3,5.0,mw,0.02,0.02,2.2,,48.0,54.0,-45.0,169.0,55.0,-135.0,-2.86e+16,-8500000000000000.0,3.71e+16,-1.86e+16,6450000000000000.0,1.72e+16,gcmt
C201809070239A,2018-09-07T02:39:22,-70.16,-28.84,121.5,5.8,mw,0.02,0.01,2.0,,120.0,37.0,-84.0,293.0,53.0,-94.0,-5.0199999999999994e+17,4.7300000000000006e+17,2.96e+16,1.58e+17,-4.96e+16,-2.9e+17,gcmt
C201810011511A,2018-10-01T15:11:51,-76.26,-45.88,17.6,5.3,mw,0.01,0.01,0.9,,78.0,44.0,178.0,170.0,88.0,46.0,7800000000000000.0,2.8599999999999996e+16,-3.64e+16,2700000000000000.0,-7.36e+16,-6.33e+16,gcmt
C201810251119A,2018-10-25T11:19:38,-72.03,-30.53,35.2,5.0,mw,0.02,0.02,0.8,,3.0,35.0,94.0,178.0,55.0,87.0,3.65e+16,-2030000000000000.2,-3.44e+16,1670000000000000.0,-1.27e+16,-190000000000000.0,gcmt
C201811020820A,2018-11-02T08:20:27,-67.6,-30.18,36.5,5.0,mw,0.03,0.02,1.6,,99.0,49.0,47.0,334.0,57.0,128.0,3.06e+16,-2.29e+16,-7690000000000000.0,7570000000000000.0,1.87e+16,2.41e+16,gcmt
C201811062122A,2018-11-06T21:22:57,-77.09,-45.69,12.0,5.2,mw,0.01,0.01,0.0,,75.0,53.0,-176.0,343.0,87.0,-37.0,-2.16e+16,4.29e+16,-2.13e+16,3.67e+16,-4.59e+16,-6.999999999999999e+16,gcmt
C201811091854A,2018-11-09T18:54:14,-71.91,-30.64,33.4,5.2,mw,0.01,0.01,0.5,,3.0,31.0,98.0,174.0,59.0,85.0,7.78e+16,500000000000000.0,-7.82e+16,8200000000000000.0,-4.15e+16,1799999999999999.8,gcmt
C201812012355A,2018-12-01T23:55:29,-72.55,-33.95,19.7,5.6,mw,0.01,0.01,0.4,,8.0,20.0,93.0,185.0,70.0,89.0,1.74e+17,1900000000000000.0,-1.76e+17,-1.83e+16,-2.11e+17,-2.15e+16,gcmt
C201812051712A,2018-12-05T17:12:17,-71.57,-33.66,35.4,5.1,mw,0.04,0.02,1.0,,333.0,48.0,120.0,112.0,50.0,61.0,6.37e+16,-3.31e+16,-3.05e+16,2.6e+16,2.5099999999999996e+16,2.16e+16,gcmt
C201812311049A,2018-12-31T10:49:43,-69.35,-31.84,119.9,5.3,mw,0.01,0.01,0.9,,186.0,48.0,-121.0,48.0,50.0,-61.0,-9.57e+16,6800000000000000.0,8.89e+16,-3.4100000000000004e+16,1.28e+16,5.649999999999999e+16,gcmt
C201901200132A,2019-01-20T01:32:58,-71.39,-30.18,60.7,6.6,mw,0.0,0.0,0.2,,187.0,39.0,-106.0,28.0,53.0,-77.0,-1.25e+19,3.84e+18,8.71e+18,-3.67e+18,-1.58e+18,1.4099999999999997e+18,gcmt
C201901280900A,2019-01-28T09:00:53,-73.0,-35.61,28.5,5.2,mw,0.02,0.01,1.0,,15.0,17.0,101.0,184.0,73.0,87.0,4.64e+16,6100000000000000.0,-5.25e+16,-3800000000000000.0,-7.55e+16,-8799999999999999.0,gcmt
C201902190509A,2019-02-19T05:09:47,-71.53,-28.18,32.2,5.0,mw,0.03,0.03,0.8,,328.0,41.0,72.0,172.0,51.0,105.0,3.73e+16,-4200000000000000.0,-3.31e+16,-5620000000000001.0,-9010000000000000.0,1.21e+16,gcmt
C201902251528A,2019-02-25T15:28:49,-71.78,-29.7,48.0,5.0,mw,0.03,0.02,2.2,,359.0,47.0,45.0,235.0,58.0,127.0,3.23e+16,3010000000000000.0,-3.53e+16,-1.71e+16,-1040000000000000.0,-2.86e+16,gcmt
C201903012243A,2019-03-01T22:43:31,-71.84,-30.65,34.1,5.1,mw,0.02,0.02,1.0,,356.0,29.0,86.0,181.0,61.0,92.0,5.16e+16,1640000000000000.0,-5.32e+16,-1630000000000000.0,-3.18e+16,1350000000000000.0,gcmt
C201903022021A,2019-03-02T20:21:57,-72.69,-33.67,16.7,5.5,mw,0.01,0.01,0.5,,352.0,17.0,68.0,195.0,74.0,97.0,1.3999999999999998e+17,-6000000000000000.0,-1.34e+17,-6.39e+16,-2.07e+17,-4200000000000000.5,gcmt
C201903071534A,2019-03-07T15:34:32,-72.82,-29.51,31.5,5.7,mw,0.01,0.01,0.3,,185.0,38.0,114.0,335.0,55.0,72.0,4.1900000000000006e+17,1.09e+17,-5.29e+17,-1.17e+17,1.34e+17,1.26e+17,gcmt
C201903151842A,2019-03-15T18:42:53,-76.42,-44.38,13.1,5.0,mw,0.02,0.02,0.9,,351.0,38.0,-114.0,200.0,56.0,-73.0,-3.99e+16,-3070000000000000.0,4.3e+16,1.26e+16,1.29e+16,4380000000000000.0,gcmt
C201903161754A,2019-03-16T17:54:34,-77.23,-45.68,15.6,5.1,mw,0.02,0.01,1.1,,78.0,64.0,-177.0,347.0,88.0,-26.0,2100000000000000.0,1.98e+16,-2.19e+16,200000000000000.0,-2.42e+16,-4.34e+16,gcmt
C201903161806A,2019-03-16T18:06:18,-71.3,-29.87,58.7,5.2,mw,0.01,0.01,1.4,,195.0,25.0,109.0,353.0,67.0,81.0,6.02e+16,1.15e+16,-7.17e+16,-1.03e+16,5.96e+16,-4200000000000000.5,gcmt
C201904071052A,2019-04-07T10:52:48,-72.63,-33.84,12.0,5.7,mw,0.01,0.01,0.0,,14.0,17.0,96.0,188.0,73.0,88.0,2.44e+17,-3800000000000000.0,-2.4e+17,-4.76e+16,-3.61e+17,-4.85e+16,gcmt
C201904180406A,2019-04-18T04:06:35,-71.53,-29.46,73.5,5.6,mw,0.01,0.01,1.1,,183.0,15.0,-82.0,355.0,75.0,-92.0,-1.51e+17,-1.24e+16,1.63e+17,2.65e+16,-2.66e+17,-4100000000000000.0,gcmt
C201904211000A,2019-04-21T10:00:15,-71.86,-35.86,85.6,5.0,mw,0.03,0.02,3.5,,327.0,59.0,-154.0,223.0,68.0,-34.0,-1.85e+16,-2.5e+16,4.35e+16,1.65e+16,4140000000000000.0,6060000000000000.0,gcmt
C201905160032A,2019-05-16T00:32:15,-69.27,-31.46,120.9,5.2,mw,0.02,0.01,1.2,,32.0,42.0,-83.0,202.0,49.0,-97.0,-7.4e+16,2.09e+16,5.31e+16,-2870000000000000.0,1.05e+16,2.31e+16,gcmt
C201905170527A,2019-05-17T05:27:33,-74.15,-35.2,12.0,5.2,mw,0.01,0.01,0.0,,25.0,43.0,-88.0,203.0,47.0,-92.0,-6.7e+16,7870000000000000.0,5.91e+16,610000000000000.0,4480000000000000.0,2.8e+16,gcmt
C201905201118A,2019-05-20T11:18:38,-70.04,-31.54,112.9,5.6,mw,0.01,0.01,1.0,,277.0,65.0,-13.0,13.0,79.0,-154.0,-5.28e+16,1.09e+17,-5.629999999999999e+16,2.05e+16,-1.18e+17,2.35e+17,gcmt
C201905242015A,2019-05-24T20:16:04,-66.6,-28.05,176.0,5.3,mw,0.01,0.01,1.1,,203.0,30.0,-30.0,320.0,75.0,-117.0,-4.41e+16,-2.65e+16,7.05e+16,5.95e+16,-5.44e+16,-1.61e+16,gcmt
C201906051619A,2019-06-05T16:19:45,-70.15,-27.43,98.3,5.3,mw,0.01,0.01,1.0,,157.0,26.0,-138.0,28.0,73.0,-70.0,-6.42e+16,-1.93e+16,8.36e+16,-5.540000000000001e+16,-7.99e+16,4800000000000000.0,gcmt
C201906132250A,2019-06-13T22:50:15,-71.52,-30.46,63.4,5.0,mw,0.03,0.02,2.0,,2.0,37.0,105.0,164.0,55.0,79.0,3.73e+16,6560000000000000.0,-4.39e+16,6929999999999999.0,-1.29e+16,6580000000000000.0,gcmt
C201906140019A,2019-06-14T00:19:18,-72.16,-30.12,12.0,6.3,mw,0.0,0.0,0.0,,1.0,21.0,88.0,183.0,69.0,91.0,2.43e+18,6.1e+16,-2.5e+18,-1.71e+17,-2.71e+18,-1.08e+17,gcmt
C201906200123A,2019-06-20T01:23:30,-68.83,-33.68,162.9,5.5,mw,0.01,0.01,0.8,,352.0,52.0,-157.0,248.0,72.0,-40.0,-6.999999999999999e+16,-4.12e+16,1.1100000000000002e+17,1.26e+17,-1.7199999999999998e+16,1.23e+17,gcmt
C201906280830A,2019-06-28T08:30:45,-71.13,-29.41,95.6,5.0,mw,0.03,0.02,3.4,,322.0,67.0,4.0,230.0,86.0,157.0,2280000000000000.0,3.5e+16,-3.73e+16,-1.35e+16,-8030000000000000.0,-7240000000000000.0,gcmt
C201908011828A,2019-08-01T18:28:16,-72.24,-34.32,25.0,6.8,mw,0.01,0.0,0.2,,19.0,14.0,106.0,183.0,77.0,86.0,8.24e+18,1.1e+17,-8.35e+18,-5.2e+17,-1.66e+19,-1.64e+18,gcmt
C201908012001A,2019-08-01T20:01:33,-72.08,-34.35,14.7,5.9,mw,0.03,0.03,2.0,,358.0,13.0,87.0,181.0,77.0,91.0,3.75e+17,-1.07e+16,-3.64e+17,-1.66e+16,-7.69e+17,2400000000000000.0,gcmt
C201908020055A,2019-08-02T00:55:22,-72.3,-34.18,23.9,5.4,mw,0.01,0.01,0.5,,350.0,24.0,69.0,193.0,68.0,99.0,1.1100000000000002e+17,1700000000000000.0,-1.1299999999999998e+17,-3.4799999999999996e+16,-1.06e+17,-2400000000000000.0,gcmt
C201908102336A,2019-08-10T23:36:47,-66.95,-28.08,185.9,5.0,mw,0.03,0.02,3.2,,116.0,25.0,-134.0,343.0,73.0,-72.0,-2.2599999999999996e+16,9690000000000000.0,1.29e+16,5200000000000000.0,-3.18e+16,-1.51e+16,gcmt
C201908151423A,2019-08-15T14:23:46,-72.11,-30.01,23.8,5.0,mw,0.03,0.03,1.1,,7.0,28.0,98.0,177.0,62.0,86.0,2.94e+16,-2560000000000000.0,-2.69e+16,2450000000000000.0,-1.9e+16,-1030000000000000.0,gcmt
C201908240233A,2019-08-24T02:33:04,-71.5,-31.46,95.9,5.0,mw,0.03,0.02,4.4,,306.0,49.0,-167.0,207.0,81.0,-42.0,-9820000000000000.0,-2.1e+16,3.09e+16,9960000000000000.0,1.97e+16,-1.1e+16,gcmt
C201908242336A,2019-08-24T23:36:38,-74.42,-43.14,31.7,5.2,mw,0.02,0.01,0.7,,15.0,27.0,89.0,196.0,63.0,91.0,5.980000000000001e+16,-4970000000000000.0,-5.480000000000001e+16,-1.22e+16,-4.22e+16,-1.45e+16,gcmt
C201909050541A,2019-09-05T05:41:37,-73.91,-36.18,13.4,5.1,mw,0.01,0.01,0.8,,3.0,21.0,78.0,196.0,70.0,94.0,3.79e+16,2990000000000000.0,-4.09e+16,-1.36e+16,-4.44e+16,-7910000000000000.0,gcmt
C201909140515A,2019-09-14T05:15:34,-68.46,-31.36,122.2,5.1,mw,0.02,0.01,1.4,,212.0,45.0,-113.0,64.0,49.0,-68.0,-4.39e+16,2.55e+16,1.84e+16,-1.01e+16,6180000000000000.0,3.04e+16,gcmt
C201909230824A,2019-09-23T08:24:46,-73.96,-36.18,12.7,5.3,mw,0.01,0.01,0.7,,4.0,16.0,81.0,194.0,74.0,93.0,4.89e+16,2500000000000000.0,-5.14e+16,-2.09e+16,-7.99e+16,-9300000000000000.0,gcmt
C201909251943A,2019-09-25T19:43:27,-66.77,-27.94,175.5,5.3,mw,0.01,0.01,1.3,,194.0,46.0,-20.0,298.0,76.0,-134.0,-4.9e+16,-3.11e+16,8.01e+16,6.15e+16,-4.06e+16,-8.08e+16,gcmt
C201909261636A,2019-09-26T16:36:22,-72.06,-40.9,139.0,6.1,mw,0.01,0.0,0.4,,96.0,58.0,33.0,347.0,62.0,143.0,8.12e+17,-5.5600000000000006e+17,-2.55e+17,3.91e+17,6.17e+17,1.22e+18,gcmt
C201909262031A,2019-09-26T20:31:34,-71.57,-29.83,47.3,5.5,mw,0.01,0.01,0.5,,13.0,36.0,98.0,184.0,54.0,85.0,1.69e+17,1.88e+16,-1.88e+17,3900000000000000.0,-6e+16,-3.13e+16,gcmt
C201909291557A,2019-09-29T15:58:00,-73.1,-35.56,16.7,6.7,mw,0.0,0.0,0.2,,16.0,12.0,106.0,180.0,78.0,87.0,6.12e+18,1.7e+17,-6.29e+18,3e+17,-1.39e+19,-8.4e+17,gcmt
C201910280355A,2019-10-28T03:55:14,-68.97,-30.25,39.0,5.1,mw,0.02,0.01,1.5,,59.0,39.0,145.0,178.0,69.0,57.0,2.82e+16,-1820000000000000.0,-2.64e+16,1.46e+16,-3.07e+16,-2.28e+16,gcmt
C201911030806A,2019-11-03T08:06:15,-72.13,-30.75,19.7,5.2,mw,0.01,0.01,0.6,,1.0,22.0,92.0,179.0,68.0,89.0,5.12e+16,-30000000000000.0,-5.12e+16,1390000000000000.0,-5.16e+16,50000000000000.0,gcmt
C201911031323A,2019-11-03T13:23:21,-67.71,-29.19,136.1,5.7,mw,0.01,0.01,0.6,,171.0,34.0,-49.0,305.0,65.0,-114.0,-2.35e+17,3.54e+16,2e+17,1.81e+17,-1.1299999999999998e+17,-2.4700000000000003e+17,gcmt
C201911042153A,2019-11-04T21:53:26,-71.37,-31.81,67.2,6.1,mw,0.01,0.01,0.5,,205.0,33.0,118.0,352.0,61.0,73.0,1.44e+18,2.27e+17,-1.67e+18,-3.35e+17,8.96e+17,-2.7200000000000003e+17,gcmt
C201911151716A,2019-11-15T17:16:48,-72.33,-34.01,22.0,5.2,mw,0.01,0.01,0.6,,10.0,23.0,107.0,171.0,68.0,83.0,6.26e+16,1900000000000000.0,-6.45e+16,1.4099999999999998e+16,-6.54e+16,-800000000000000.0,gcmt
C201911192310A,2019-11-19T23:10:45,-66.98,-33.79,14.8,5.7,mw,0.01,0.01,0.3,,213.0,47.0,61.0,73.0,50.0,118.0,3.2e+17,-2.43e+17,-7.64e+16,6.61e+16,-5.14e+16,-2.91e+17,gcmt
C201911222227A,2019-11-22T22:27:32,-70.15,-32.77,114.2,5.1,mw,0.02,0.02,1.9,,359.0,32.0,-70.0,156.0,61.0,-102.0,-4.31e+16,4750000000000000.0,3.83e+16,-1.6e+16,1.98e+16,-7060000000000000.0,gcmt
C202001130201A,2020-01-13T02:01:45,-71.42,-40.33,189.9,5.4,mw,0.01,0.01,0.9,,259.0,14.0,-25.0,14.0,84.0,-103.0,-3.19e+16,1.94e+16,1.25e+16,-3.14e+16,-1.47e+17,3.64e+16,gcmt
C202001281816A,2020-01-28T18:16:52,-72.26,-30.35,12.0,5.4,mw,0.01,0.02,0.0,,342.0,23.0,69.0,185.0,69.0,99.0,1.19e+17,-800000000000000.0,-1.18e+17,-2.18e+16,-1.29e+17,1.4000000000000002e+16,gcmt
C202002180532A,2020-02-18T05:32:50,-73.27,-35.63,15.0,5.1,mw,0.02,0.02,0.0,,13.0,13.0,99.0,184.0,78.0,88.0,2.33e+16,2280000000000000.0,-2.55e+16,-3560000000000000.0,-5.29e+16,-3970000000000000.0,gcmt
C202003050657A,2020-03-05T06:57:45,-67.57,-28.36,144.6,5.5,mw,0.01,0.01,0.5,,165.0,38.0,-96.0,353.0,52.0,-85.0,-1.96e+17,1.13e+16,1.84e+17,-4800000000000000.0,-4.76e+16,-3.4300000000000004e+16,gcmt
C202003170812A,2020-03-17T08:12:04,-73.13,-36.17,38.0,5.6,mw,0.01,0.01,0.4,,109.0,28.0,79.0,301.0,62.0,96.0,1.99e+17,-1.86e+17,-1.33e+16,-1.26e+17,8.48e+16,1.08e+17,gcmt
C202003231746A,2020-03-23T17:46:15,-79.39,-44.68,12.4,5.0,mw,0.03,0.02,0.9,,64.0,42.0,105.0,224.0,49.0,76.0,3.27e+16,-2.15e+16,-1.11e+16,340000000000000.0,-7260000000000000.0,-1.6200000000000002e+16,gcmt
C202003240652A,2020-03-24T06:52:22,-71.89,-30.5,35.7,5.0,mw,0.04,0.03,1.0,,6.0,35.0,99.0,176.0,56.0,84.0,4.2e+16,-7700000000000000.0,-3.43e+16,4620000000000000.0,-1.47e+16,-859999999999999.9,gcmt
C202004010355A,2020-04-01T03:55:23,-76.77,-45.63,19.8,5.0,mw,0.05,0.05,1.2,,341.0,43.0,-87.0,157.0,47.0,-93.0,-4.62e+16,1.3e+16,3.32e+16,-2780000000000000.0,1430000000000000.0,-9190000000000000.0,gcmt
C202004010409A,2020-04-01T04:09:23,-76.81,-45.62,12.0,5.2,mw,0.01,0.01,0.0,,330.0,44.0,-109.0,176.0,49.0,-73.0,-8.46e+16,1.06e+16,7.39e+16,1.89e+16,1.32e+16,-2.15e+16,gcmt
C202004010412A,2020-04-01T04:12:20,-77.02,-45.66,20.3,5.2,mw,0.04,0.04,1.5,,336.0,25.0,-109.0,176.0,66.0,-81.0,-5.59e+16,1e+16,4.58e+16,3340000000000000.0,4.69e+16,-1.1200000000000002e+16,gcmt
C202004141602A,2020-04-14T16:02:14,-70.33,-33.83,115.3,5.0,mw,0.03,0.02,2.6,,112.0,55.0,-136.0,353.0,55.0,-45.0,-2.65e+16,6390000000000000.0,2.0099999999999996e+16,-1.6299999999999998e+16,-1.29e+16,-2.52e+16,gcmt
C202004141854A,2020-04-14T18:54:46,-79.9,-44.71,33.4,5.0,mw,0.04,0.02,1.5,,351.0,79.0,9.0,259.0,81.0,169.0,9510000000000000.0,9940000000000000.0,-1.95e+16,-7540000000000000.0,3870000000000000.0,-4.230000000000001e+16,gcmt
C202004161513A,2020-04-16T15:13:10,-73.65,-38.06,22.0,5.1,mw,0.02,0.01,0.6,,219.0,46.0,-72.0,15.0,47.0,-107.0,-5.08e+16,9780000000000000.0,4.11e+16,9740000000000000.0,-6460000000000000.0,2.17e+16,gcmt
C202004250553A,2020-04-25T05:54:04,-71.02,-27.96,15.0,5.3,mw,0.03,0.02,0.0,,318.0,10.0,29.0,199.0,85.0,99.0,6100000000000000.0,2.6e+16,-3.21e+16,-2.8799999999999996e+16,-9.52e+16,-3000000000000000.0,gcmt
C202005231310A,2020-05-23T13:11:04,-69.81,-33.56,130.1,5.2,mw,0.01,0.01,1.1,,251.0,57.0,-32.0,0.0,64.0,-143.0,-3.68e+16,1790000000000000.0,3.5e+16,4.81e+16,-4.29e+16,5.6e+16,gcmt
C202005291632A,2020-05-29T16:33:01,-68.96,-27.56,122.6,5.0,mw,0.03,0.02,3.7,,185.0,59.0,150.0,292.0,64.0,35.0,1.79e+16,4300000000000000.0,-2.22e+16,-1.39e+16,-5160000000000000.0,2.68e+16,gcmt
C202006251155A,2020-06-25T11:55:07,-71.82,-32.13,35.0,5.2,mw,0.01,0.01,0.7,,28.0,39.0,129.0,162.0,60.0,63.0,5.68e+16,1.39e+16,-7.08e+16,2.58e+16,-2.73e+16,-7160000000000000.0,gcmt
C202007021235A,2020-07-02T12:35:51,-72.34,-34.14,32.8,5.0,mw,0.03,0.02,0.8,,8.0,29.0,90.0,188.0,61.0,90.0,3.95e+16,-4820000000000000.0,-3.47e+16,-3350000000000000.0,-2.37e+16,-4320000000000000.0,gcmt
C202009010409A,2020-09-01T04:09:39,-71.41,-28.01,34.4,6.9,mw,0.0,0.0,0.2,,15.0,24.0,112.0,171.0,68.0,81.0,1.67e+19,7.5e+17,-1.75e+19,4.34e+18,-1.72e+19,-8.599999999999999e+17,gcmt
C202009010430A,2020-09-01T04:30:11,-71.37,-28.05,37.6,6.3,mw,0.01,0.01,0.5,,21.0,30.0,119.0,168.0,65.0,74.0,2.58e+18,1.33e+17,-2.71e+18,8.46e+17,-1.93e+18,-2.43e+17,gcmt
C202009010701A,2020-09-01T07:01:31,-71.65,-28.17,36.5,5.8,mw,0.02,0.02,0.8,,6.0,31.0,105.0,169.0,60.0,81.0,6.31e+17,-8.14e+16,-5.49e+17,1.3700000000000002e+17,-3.3e+17,1.17e+16,gcmt
C202009011031A,2020-09-01T10:31:58,-71.53,-27.94,23.1,5.7,mw,0.01,0.01,0.5,,7.0,24.0,104.0,172.0,67.0,84.0,2.81e+17,5900000000000000.0,-2.87e+17,5.25e+16,-2.62e+17,2900000000000000.0,gcmt
C202009011713A,2020-09-01T17:13:27,-71.61,-27.84,29.1,5.1,mw,0.02,0.02,1.0,,7.0,23.0,104.0,172.0,67.0,84.0,4.08e+16,-230000000000000.0,-4.05e+16,7800000000000000.0,-3.96e+16,190000000000000.0,gcmt
C202009012109A,2020-09-01T21:09:26,-71.46,-28.03,23.6,6.4,mw,0.0,0.0,0.2,,17.0,22.0,116.0,169.0,70.0,80.0,3.3e+18,3.98e+17,-3.7e+18,1.02e+18,-3.97e+18,-1.83e+17,gcmt
C202009020304A,2020-09-02T03:04:34,-71.68,-27.95,31.7,5.1,mw,0.03,0.02,1.0,,352.0,27.0,89.0,173.0,63.0,90.0,4.5e+16,-5370000000000000.0,-3.97e+16,3540000000000000.0,-3.06e+16,4520000000000000.0,gcmt
C202009050639A,2020-09-05T06:39:46,-71.73,-28.09,18.4,5.0,mw,0.02,0.02,1.1,,359.0,20.0,86.0,184.0,71.0,91.0,2.54e+16,-3690000000000000.0,-2.17e+16,-2330000000000000.0,-2.9e+16,-310000000000000.0,gcmt
C202009060116A,2020-09-06T01:17:04,-71.8,-30.41,38.2,6.3,mw,0.0,0.0,0.2,,7.0,28.0,100.0,175.0,62.0,84.0,3.34e+18,1.2e+17,-3.46e+18,3.79e+17,-2.2599999999999997e+18,-4.8e+16,gcmt
C202009170133A,2020-09-17T01:33:21,-71.37,-30.2,40.2,5.0,mw,0.03,0.03,1.2,,0.0,38.0,100.0,167.0,53.0,82.0,3.87e+16,1570000000000000.0,-4.03e+16,5540000000000000.0,-1.06e+16,4710000000000000.0,gcmt
C202010280452A,2020-10-28T04:52:35,-71.72,-34.96,76.6,5.4,mw,0.01,0.01,1.0,,342.0,54.0,-148.0,232.0,65.0,-40.0,-8.8e+16,-6.24e+16,1.5e+17,8.31e+16,2500000000000000.0,7.24e+16,gcmt
C202010281453A,2020-10-28T14:53:14,-71.24,-29.31,61.7,5.8,mw,0.01,0.01,0.7,,234.0,34.0,141.0,357.0,70.0,62.0,3.2e+17,1.7399999999999998e+16,-3.38e+17,-1.1000000000000002e+17,3.65e+17,-2.25e+17,gcmt
C202011030240A,2020-11-03T02:41:02,-79.46,-44.61,18.4,6.0,mw,0.01,0.0,0.3,,258.0,86.0,-179.0,168.0,89.0,-4.0,-7.9e+16,5.91e+17,-5.11e+17,3000000000000000.0,8.6e+16,-1.21e+18,gcmt
C202011031947A,2020-11-03T19:47:37,-79.91,-44.77,29.0,5.0,mw,0.03,0.02,1.2,,263.0,73.0,179.0,353.0,89.0,17.0,-6450000000000000.0,1.09e+16,-4440000000000000.0,-4670000000000000.0,9280000000000000.0,-3.11e+16,gcmt
C202011210211A,2020-11-21T02:11:52,-71.47,-31.07,62.3,5.5,mw,0.01,0.01,0.6,,353.0,32.0,98.0,164.0,58.0,85.0,2.06e+17,1.7399999999999998e+16,-2.23e+17,3.91e+16,-1.02e+17,5.28e+16,gcmt
C202011220054A,2020-11-22T00:55:00,-73.12,-34.67,33.8,6.1,mw,0.01,0.0,0.4,,171.0,48.0,169.0,268.0,82.0,43.0,1.67e+17,-1.17e+17,-5e+16,-1.27e+18,-7.1e+17,1.28e+18,gcmt
C202012030237A,2020-12-03T02:37:29,-67.12,-31.92,138.3,5.2,mw,0.01,0.01,1.1,,235.0,53.0,28.0,128.0,68.0,140.0,4.34e+16,-9.2e+16,4.87e+16,1.98e+16,-3.4100000000000004e+16,6400000000000000.0,gcmt
C202012080707A,2020-12-08T07:07:21,-71.48,-32.15,44.2,5.1,mw,0.02,0.02,1.1,,181.0,31.0,77.0,15.0,60.0,98.0,4.19e+16,-1340000000000000.0,-4.05e+16,9290000000000000.0,2.12e+16,-5400000000000000.0,gcmt
C202012272139A,2020-12-27T21:39:21,-75.26,-39.58,12.0,6.7,mw,0.0,0.0,0.0,,1.0,43.0,-109.0,206.0,50.0,-73.0,-1.34e+19,-1.8e+17,1.36e+19,3.39e+18,9.4e+17,3.47e+18,gcmt
C202101160353A,2021-01-16T03:53:37,-71.38,-31.09,62.3,5.2,mw,0.01,0.01,2.1,,30.0,21.0,-34.0,152.0,78.0,-108.0,-2.7e+16,-8630000000000000.0,3.57e+16,-3.25e+16,5e+16,2819999999999999.5,gcmt
C202101190246A,2021-01-19T02:46:26,-68.86,-31.85,25.8,6.5,mw,0.0,0.0,0.3,,223.0,61.0,164.0,321.0,76.0,30.0,2.1600000000000003e+18,4.99e+18,-7.15e+18,-2.34e+18,1.65e+18,-3.35e+17,gcmt
C202101240007A,2021-01-24T00:07:48,-70.01,-33.5,108.1,5.7,mw,0.04,0.03,10.1,,197.0,5.0,-94.0,21.0,85.0,-90.0,-2.7800000000000004e+16,-8.65e+16,1.1399999999999998e+17,-1.79e+17,-4.76e+17,8.44e+16,gcmt
C202102111401A,2021-02-11T14:01:32,-71.96,-39.87,21.2,5.0,mw,0.02,0.01,1.4,,78.0,82.0,-7.0,169.0,83.0,-172.0,-3560000000000000.0,-1.39e+16,1.74e+16,-5370000000000000.0,4030000000000000.0,3.64e+16,gcmt
C202102190654A,2021-02-19T06:54:32,-71.89,-29.57,31.9,5.0,mw,0.03,0.03,0.8,,156.0,43.0,70.0,3.0,51.0,108.0,4.269999999999999e+16,-220000000000000.0,-4.24e+16,9660000000000000.0,7980000000000000.0,8060000000000000.0,gcmt
C202103081248A,2021-03-08T12:48:09,-69.78,-32.18,105.9,5.2,mw,0.02,0.01,1.2,,197.0,45.0,-105.0,37.0,47.0,-76.0,-8.25e+16,8900000000000000.0,7.36e+16,-1.33e+16,2000000000000000.0,4.41e+16,gcmt
C202104190318A,2021-04-19T03:19:03,-72.45,-34.02,21.2,5.2,mw,0.01,0.01,0.6,,12.0,20.0,99.0,182.0,70.0,87.0,5.97e+16,-300000000000000.0,-5.94e+16,-899999999999999.9,-7.13e+16,-7500000000000000.0,gcmt
C202104190411A,2021-04-19T04:11:33,-72.44,-34.03,19.8,5.3,mw,0.02,0.01,0.9,,7.0,19.0,98.0,179.0,71.0,87.0,5.699999999999999e+16,1200000000000000.0,-5.83e+16,3100000000000000.0,-7.52e+16,-2900000000000000.0,gcmt
C202104191113A,2021-04-19T11:13:33,-72.45,-33.97,21.9,5.2,mw,0.01,0.01,0.7,,11.0,22.0,99.0,182.0,68.0,86.0,5.61e+16,-2200000000000000.0,-5.39e+16,520000000000000.0,-5.65e+16,-6090000000000000.0,gcmt
C202104191305A,2021-04-19T13:05:31,-72.37,-34.05,23.3,5.0,mw,0.02,0.02,0.9,,340.0,27.0,74.0,178.0,64.0,98.0,3.5099999999999996e+16,-3860000000000000.0,-3.12e+16,-2080000000000000.0,-2.64e+16,6220000000000000.0,gcmt
C202104220017A,2021-04-22T00:17:20,-72.46,-34.03,21.1,5.5,mw,0.01,0.01,0.5,,7.0,21.0,96.0,181.0,69.0,88.0,1.53e+17,3300000000000000.0,-1.56e+17,-300000000000000.0,-1.75e+17,-1.13e+16,gcmt
C202104290217A,2021-04-29T02:17:20,-71.05,-37.29,155.4,5.7,mw,0.01,0.01,0.6,,115.0,28.0,-159.0,6.0,80.0,-64.0,-1.31e+17,-4.74e+16,1.79e+17,-6.7e+16,-3.8e+17,-1.77e+17,gcmt
C202105020657A,2021-05-02T06:57:42,-71.71,-30.18,42.4,5.8,mw,0.01,0.01,0.4,,9.0,36.0,122.0,151.0,60.0,69.0,4.83e+17,9.06e+16,-5.7300000000000006e+17,2.15e+17,-2.08e+17,1.3500000000000002e+17,gcmt
C202106050305A,2021-06-05T03:05:17,-74.1,-35.01,18.5,5.4,mw,0.01,0.01,0.3,,19.0,33.0,-114.0,226.0,60.0,-75.0,-1.26e+17,3.26e+16,9.32e+16,6.45e+16,3.5099999999999996e+16,6.56e+16,gcmt
C202106120336A,2021-06-12T03:36:31,-72.3,-33.65,27.7,5.2,mw,0.02,0.01,0.8,,15.0,22.0,97.0,187.0,68.0,87.0,5.64e+16,-2680000000000000.0,-5.37e+16,-5750000000000000.0,-5.68e+16,-1.04e+16,gcmt
C202106221916A,2021-06-22T19:16:29,-71.14,-32.06,75.2,5.0,mw,0.03,0.03,2.3,,21.0,41.0,-81.0,190.0,49.0,-97.0,-3.31e+16,-1740000000000000.0,3.4900000000000004e+16,-1500000000000000.0,5400000000000000.0,1.1e+16,gcmt
C202107040101A,2021-07-04T01:01:41,-71.74,-28.84,30.5,5.9,mw,0.01,0.01,0.3,,11.0,29.0,111.0,167.0,63.0,79.0,7.59e+17,5.7e+16,-8.16e+17,2.03e+17,-5.4100000000000006e+17,1.9e+16,gcmt
C202107040129A,2021-07-04T01:29:19,-71.6,-28.79,20.8,6.0,mw,0.01,0.01,0.3,,7.0,18.0,95.0,181.0,72.0,88.0,7.92e+17,1.5e+16,-8.07e+17,-1.2e+16,-1.1000000000000001e+18,-5.6e+16,gcmt
C202107082038A,2021-07-08T20:38:38,-71.68,-28.88,32.7,5.5,mw,0.01,0.01,0.5,,2.0,24.0,108.0,162.0,68.0,82.0,1.42e+17,9300000000000000.0,-1.51e+17,5.44e+16,-1.3700000000000002e+17,2.55e+16,gcmt
C202107311214A,2021-07-31T12:14:31,-71.96,-32.75,33.0,5.2,mw,0.03,0.02,1.2,,352.0,32.0,89.0,173.0,58.0,91.0,5.93e+16,1.1299999999999998e+16,-7.06e+16,3540000000000000.0,-3.27e+16,1.05e+16,gcmt
C202108250028A,2021-08-25T00:28:36,-69.4,-27.48,105.6,5.1,mw,0.02,0.01,1.5,,320.0,40.0,-99.0,152.0,51.0,-83.0,-4.8e+16,1.3799999999999998e+16,3.42e+16,-1440000000000000.0,1.08e+16,-2.45e+16,gcmt
C202109011835A,2021-09-01T18:35:50,-71.35,-27.8,42.4,5.7,mw,0.01,0.01,0.5,,21.0,29.0,119.0,169.0,65.0,75.0,3.16e+17,4.21e+16,-3.58e+17,9.41e+16,-2.6e+17,-3.11e+16,gcmt
C202109140156A,2021-09-14T01:56:39,-72.08,-31.79,27.4,5.1,mw,0.04,0.03,1.2,,342.0,25.0,81.0,172.0,66.0,94.0,4.67e+16,-1.09e+16,-3.58e+16,2570000000000000.0,-3.74e+16,7090000000000000.0,gcmt
C202109150846A,2021-09-15T08:47:04,-72.26,-32.25,18.3,5.1,mw,0.03,0.02,1.2,,353.0,17.0,91.0,172.0,73.0,90.0,3.14e+16,-4440000000000000.0,-2.7e+16,5820000000000000.0,-4.34e+16,2860000000000000.0,gcmt
C202109201312A,2021-09-20T13:12:08,-74.2,-36.85,19.4,5.1,mw,0.02,0.02,0.8,,359.0,22.0,82.0,188.0,69.0,93.0,4.230000000000001e+16,-2390000000000000.0,-3.99e+16,-7500000000000000.0,-4.35e+16,-2230000000000000.0,gcmt
C202109211314A,2021-09-21T13:14:45,-74.28,-36.82,12.0,6.4,mw,0.0,0.0,0.0,,6.0,16.0,86.0,190.0,74.0,91.0,2.67e+18,3.3e+16,-2.7e+18,-8.29e+17,-4.3899999999999995e+18,-4e+17,gcmt
C202109221742A,2021-09-22T17:42:07,-74.27,-36.85,23.0,5.0,mw,0.02,0.02,1.1,,348.0,32.0,70.0,191.0,61.0,102.0,3.41e+16,-2310000000000000.0,-3.18e+16,-8700000000000000.0,-1.82e+16,650000000000000.0,gcmt
C202109290753A,2021-09-29T07:54:00,-68.15,-33.33,27.9,5.0,mw,0.04,0.03,1.5,,200.0,27.0,106.0,2.0,64.0,82.0,3.06e+16,-1450000000000000.0,-2.91e+16,-1840000000000000.0,2.36e+16,-5560000000000000.0,gcmt
C202110041236A,2021-10-04T12:36:21,-72.15,-31.72,30.1,5.1,mw,0.03,0.02,1.1,,344.0,30.0,87.0,168.0,60.0,92.0,4.37e+16,-5610000000000001.0,-3.81e+16,3820000000000000.0,-2.33e+16,8550000000000000.0,gcmt
C202110130755A,2021-10-13T07:55:33,-72.33,-50.4,12.0,5.5,mw,0.01,0.01,0.0,,48.0,53.0,140.0,165.0,59.0,44.0,1.2e+17,6.35e+16,-1.83e+17,6.31e+16,-3.59e+16,-7.68e+16,gcmt
C202110181832A,2021-10-18T18:32:15,-77.41,-45.73,16.7,5.0,mw,0.02,0.01,1.1,,347.0,81.0,-4.0,77.0,86.0,-171.0,990000000000000.0,1.84e+16,-1.94e+16,-5910000000000000.0,-4740000000000000.0,-3.88e+16,gcmt
C202110182223A,2021-10-18T22:23:39,-77.36,-45.73,12.4,5.1,mw,0.01,0.01,1.1,,80.0,78.0,-172.0,349.0,82.0,-12.0,2540000000000000.0,1.8e+16,-2.05e+16,-6460000000000000.0,-1.41e+16,-4.94e+16,gcmt
C202111030317A,2021-11-03T03:17:51,-69.91,-32.88,117.3,5.7,mw,0.01,0.01,0.9,,209.0,22.0,-36.0,333.0,77.0,-108.0,-1.72e+17,-9.06e+16,2.62e+17,1.88e+17,-3.33e+17,-5800000000000000.0,gcmt
C202111080616A,2021-11-08T06:16:32,-73.48,-34.06,17.2,5.0,mw,0.03,0.02,0.8,,39.0,32.0,-100.0,231.0,59.0,-84.0,-3.63e+16,1.81e+16,1.82e+16,1.6e+16,9660000000000000.0,1.57e+16,gcmt
C202111272244A,2021-11-27T22:44:51,-71.12,-27.93,39.8,5.0,mw,0.03,0.03,0.9,,170.0,37.0,90.0,349.0,53.0,90.0,3.72e+16,-4310000000000000.0,-3.29e+16,-1950000000000000.0,9560000000000000.0,5590000000000001.0,gcmt
C202112010439A,2021-12-01T04:39:27,-73.66,-38.02,21.5,5.2,mw,0.01,0.01,0.4,,152.0,24.0,-107.0,350.0,67.0,-83.0,-5.75e+16,2.1e+16,3.65e+16,2300000000000000.0,-4.82e+16,-9990000000000000.0,gcmt
C202112111454A,2021-12-11T14:54:23,-71.43,-29.55,49.2,5.7,mw,0.01,0.01,0.5,,19.0,41.0,112.0,171.0,52.0,72.0,3.63e+17,3.75e+16,-4.01e+17,8.3e+16,-8.06e+16,-3.65e+16,gcmt
C202202280115A,2022-02-28T01:15:21,-73.99,-37.07,12.7,5.6,mw,0.01,0.01,0.4,,5.0,17.0,90.0,185.0,73.0,90.0,1.97e+17,1e+16,-2.07e+17,-2.8899999999999996e+16,-3.05e+17,-2.09e+16,gcmt
C202203060935A,2022-03-06T09:35:11,-68.77,-28.59,115.9,5.5,mw,0.01,0.01,0.8,,338.0,39.0,-74.0,138.0,53.0,-103.0,-2.21e+17,4.56e+16,1.76e+17,-6.08e+16,3.16e+16,-1.3899999999999998e+17,gcmt
C202204011128A,2022-04-01T11:28:07,-67.97,-31.39,117.2,5.2,mw,0.01,0.01,1.2,,29.0,46.0,-70.0,181.0,47.0,-109.0,-7.37e+16,-1.23e+16,8.61e+16,-1.34e+16,5200000000000000.0,2.8299999999999996e+16,gcmt
C202204030516A,2022-04-03T05:16:39,-67.07,-31.54,136.3,5.1,mw,0.01,0.01,1.6,,214.0,38.0,-53.0,351.0,61.0,-115.0,-4.16e+16,-7430000000000000.0,4.9e+16,1.36e+16,-2.38e+16,1.29e+16,gcmt
C202204161710A,2022-04-16T17:10:39,-72.37,-33.94,21.7,5.1,mw,0.02,0.01,0.8,,3.0,23.0,90.0,183.0,67.0,90.0,3.69e+16,-940000000000000.0,-3.6e+16,-1640000000000000.0,-3.62e+16,-1760000000000000.0,gcmt
C202205040345A,2022-05-04T03:46:03,-72.01,-32.2,32.2,5.0,mw,0.02,0.01,0.8,,355.0,36.0,62.0,208.0,58.0,109.0,3.28e+16,1930000000000000.0,-3.47e+16,-1.35e+16,-1.17e+16,-8050000000000000.0,gcmt
C202205040654A,2022-05-04T06:54:16,-72.02,-32.31,34.6,5.1,mw,0.02,0.01,0.9,,4.0,27.0,72.0,205.0,64.0,99.0,3.65e+16,-580000000000000.0,-3.59e+16,-1.49e+16,-2.5e+16,-9880000000000000.0,gcmt
C202205041159A,2022-05-04T11:59:39,-71.99,-32.29,31.7,5.3,mw,0.01,0.01,0.7,,359.0,23.0,65.0,206.0,69.0,100.0,6.24e+16,5600000000000000.0,-6.800000000000001e+16,-3.67e+16,-6.44e+16,-1.88e+16,gcmt
C202205041248A,2022-05-04T12:48:26,-72.06,-32.26,32.4,5.1,mw,0.01,0.01,0.5,,357.0,33.0,72.0,198.0,59.0,101.0,4.9e+16,1870000000000000.0,-5.09e+16,-1.34e+16,-2.37e+16,-7260000000000000.0,gcmt
C202205052105A,2022-05-05T21:05:30,-73.07,-33.14,37.9,5.2,mw,0.02,0.02,0.8,,218.0,45.0,118.0,1.0,51.0,65.0,6.4e+16,-9680000000000000.0,-5.44e+16,-2.3e+16,1.52e+16,-1.9e+16,gcmt
C202205200907A,2022-05-20T09:07:53,-71.99,-29.56,36.3,5.8,mw,0.01,0.01,0.8,,353.0,18.0,80.0,183.0,72.0,93.0,2.61e+17,1.3600000000000002e+17,-3.97e+17,-2.48e+16,-4.4400000000000006e+17,2900000000000000.0,gcmt
C202206181824A,2022-06-18T18:24:15,-69.41,-33.52,148.2,5.1,mw,0.02,0.01,1.3,,305.0,40.0,-41.0,69.0,65.0,-122.0,-3.81e+16,5.71e+16,-1.9e+16,-2.59e+16,-2.02e+16,-7650000000000000.0,gcmt
C202206210809A,2022-06-21T08:10:00,-69.11,-28.11,22.5,5.1,mw,0.02,0.02,1.8,,106.0,66.0,14.0,10.0,77.0,155.0,3220000000000000.0,1.84e+16,-2.16e+16,2e+16,1.98e+16,4.21e+16,gcmt
C202206250354A,2022-06-25T03:54:53,-71.65,-29.75,60.2,5.1,mw,0.03,0.03,2.8,,298.0,58.0,-20.0,39.0,73.0,-147.0,-9670000000000000.0,3.89e+16,-2.93e+16,-1230000000000000.0,-3.08e+16,1.27e+16,gcmt
C202207061512A,2022-07-06T15:12:31,-75.55,-42.4,12.0,5.5,mw,0.01,0.01,0.0,,9.0,41.0,-105.0,208.0,50.0,-78.0,-2.0299999999999997e+17,1.7599999999999998e+16,1.86e+17,4.39e+16,1.99e+16,6.22e+16,gcmt
C202207132121A,2022-07-13T21:21:34,-73.13,-33.33,19.3,5.0,mw,0.04,0.02,1.0,,17.0,32.0,-121.0,232.0,63.0,-72.0,-3.27e+16,9790000000000000.0,2.3e+16,2.31e+16,7970000000000000.0,1.31e+16,gcmt
C202208080344A,2022-08-08T03:45:00,-71.9,-32.77,22.4,5.0,mw,0.02,0.02,1.2,,333.0,32.0,64.0,183.0,62.0,105.0,2.57e+16,8000000000000000.0,-3.37e+16,-2819999999999999.5,-1.85e+16,7570000000000000.0,gcmt
C202208180210A,2022-08-18T02:10:25,-70.5,-34.42,114.7,5.3,mw,0.01,0.01,0.9,,187.0,21.0,-107.0,25.0,70.0,-84.0,-7.47e+16,-8000000000000000.0,8.27e+16,-4.4e+16,-8.87e+16,3.14e+16,gcmt
C202209232253A,2022-09-23T22:53:31,-75.62,-41.44,31.6,6.1,mw,0.0,0.0,0.2,,190.0,46.0,120.0,330.0,51.0,63.0,1.5e+18,1.69e+17,-1.67e+18,-5.9e+17,5.5e+16,3.37e+17,gcmt
C202209281513A,2022-09-28T15:13:49,-76.24,-45.83,19.6,5.0,mw,0.02,0.01,1.3,,80.0,72.0,-166.0,345.0,77.0,-19.0,709999999999999.9,1.64e+16,-1.71e+16,-8620000000000000.0,-1.77e+16,-3.46e+16,gcmt
C202209300615A,2022-09-30T06:15:49,-76.27,-45.89,12.2,5.3,mw,0.01,0.01,0.8,,345.0,78.0,-8.0,76.0,82.0,-168.0,2199999999999999.8,4.47e+16,-4.69e+16,-1.7299999999999998e+16,-1.99e+16,-8.2e+16,gcmt
C202210101119A,2022-10-10T11:19:06,-71.63,-29.77,34.7,5.0,mw,0.03,0.03,1.2,,355.0,27.0,99.0,165.0,63.0,85.0,3.07e+16,-4170000000000000.0,-2.65e+16,7080000000000000.0,-2.02e+16,3640000000000000.0,gcmt
C202210180735A,2022-10-18T07:35:37,-71.44,-30.84,43.5,5.1,mw,0.02,0.01,1.2,,350.0,31.0,94.0,166.0,59.0,88.0,4.85e+16,5020000000000000.0,-5.35e+16,7370000000000000.0,-2.61e+16,1.33e+16,gcmt
C202211050757A,2022-11-05T07:57:24,-73.85,-35.62,20.3,5.0,mw,0.02,0.01,1.2,,151.0,56.0,175.0,244.0,86.0,34.0,7210000000000000.0,-3.28e+16,2.56e+16,-2.11e+16,-7850000000000000.0,1.84e+16,gcmt
C202211051212A,2022-11-05T12:12:44,-68.6,-33.54,40.6,5.1,mw,0.02,0.01,0.7,,200.0,47.0,115.0,345.0,49.0,66.0,5.18e+16,6680000000000000.0,-5.85e+16,-1.6299999999999998e+16,2880000000000000.0,-3000000000000000.0,gcmt
C202211080851A,2022-11-08T08:51:20,-70.63,-33.62,105.7,5.0,mw,0.02,0.01,2.6,,148.0,43.0,164.0,250.0,79.0,48.0,1.19e+16,-2.94e+16,1.75e+16,-2.7e+16,-1.69e+16,1.89e+16,gcmt
C202211130224A,2022-11-13T02:24:11,-73.46,-37.37,29.0,6.2,mw,0.02,0.01,0.8,,229.0,20.0,-42.0,359.0,77.0,-105.0,-1.2e+18,5.5500000000000006e+17,6.41e+17,3.92e+17,-1.9e+18,4.95e+17,gcmt
C202211130224B,2022-11-13T02:25:02,-73.68,-37.59,20.6,6.3,mw,0.0,0.0,0.2,,354.0,18.0,84.0,180.0,72.0,92.0,2.19e+18,-1.7000000000000002e+16,-2.17e+18,-5.5e+16,-2.97e+18,1.13e+17,gcmt
C202211202217A,2022-11-20T22:17:43,-66.71,-27.91,182.0,5.1,mw,0.02,0.02,2.2,,148.0,38.0,-89.0,327.0,52.0,-91.0,-4.6e+16,9360000000000000.0,3.67e+16,7440000000000000.0,-1.1e+16,-2.91e+16,gcmt
C202211230853A,2022-11-23T08:53:17,-71.14,-35.5,85.1,5.0,mw,0.03,0.02,4.8,,259.0,50.0,0.0,169.0,90.0,140.0,-900000000000000.0,-1.1299999999999998e+16,1.22e+16,2650000000000000.0,-2.5e+16,2.69e+16,gcmt
C202212090806A,2022-12-09T08:06:24,-79.82,-44.66,20.9,5.1,mw,0.02,0.01,1.1,,259.0,76.0,-171.0,167.0,81.0,-14.0,-3490000000000000.0,2.37e+16,-2.03e+16,5410000000000000.0,1.44e+16,-4.84e+16,gcmt
C202212100725A,2022-12-10T07:25:53,-72.11,-33.64,24.2,5.5,mw,0.01,0.01,0.5,,16.0,21.0,103.0,182.0,70.0,85.0,1.23e+17,6700000000000000.0,-1.3e+17,300000000000000.0,-1.5e+17,-2.04e+16,gcmt
C202212232003A,2022-12-23T20:03:53,-76.94,-45.56,12.0,5.3,mw,0.01,0.01,0.0,,160.0,42.0,-55.0,296.0,57.0,-117.0,-7.68e+16,3.29e+16,4.39e+16,3.9e+16,3700000000000000.0,-5.85e+16,gcmt
C202212300519A,2022-12-30T05:19:19,-76.63,-45.97,12.0,5.3,mw,0.01,0.01,0.0,,76.0,69.0,-168.0,342.0,79.0,-21.0,-3.4000000000000004e+16,6.68e+16,-3.28e+16,4500000000000000.0,-2.7600000000000004e+16,-8.13e+16,gcmt
C202301120619A,2023-01-12T06:19:14,-71.5,-30.77,61.0,5.6,mw,0.01,0.01,0.7,,353.0,34.0,94.0,168.0,57.0,87.0,2.5299999999999997e+17,6.11e+16,-3.14e+17,2.95e+16,-1.2e+17,6.62e+16,gcmt
C202302050102A,2023-02-05T01:02:48,-71.31,-29.6,74.3,5.5,mw,0.01,0.01,0.8,,34.0,45.0,-69.0,186.0,49.0,-109.0,-2.44e+17,3.24e+16,2.12e+17,-5.88e+16,4.16e+16,7.51e+16,gcmt
C202302231023A,2023-02-23T10:23:41,-73.38,-34.01,12.0,5.4,mw,0.01,0.01,0.0,,29.0,35.0,-96.0,216.0,55.0,-86.0,-1.64e+17,4.25e+16,1.22e+17,4.21e+16,4.76e+16,8.41e+16,gcmt
C202303110235A,2023-03-11T02:35:31,-77.53,-45.69,21.0,5.2,mw,0.01,0.01,0.9,,81.0,82.0,-174.0,350.0,84.0,-8.0,-1.24e+16,3.06e+16,-1.83e+16,-3570000000000000.0,-9160000000000000.0,-6.980000000000001e+16,gcmt
C202303132250A,2023-03-13T22:50:47,-67.46,-28.1,149.0,5.2,mw,0.01,0.01,1.1,,154.0,28.0,-127.0,14.0,68.0,-72.0,-5.04e+16,-2.8799999999999996e+16,7.92e+16,-1.54e+16,-5.83e+16,-3700000000000000.0,gcmt
C202303141956A,2023-03-14T19:56:43,-75.44,-38.56,12.0,5.5,mw,0.01,0.01,0.0,,205.0,39.0,-71.0,2.0,53.0,-104.0,-2.37e+17,4100000000000000.0,2.32e+17,3.54e+16,-7.34e+16,5.9e+16,gcmt
C202303301733A,2023-03-30T17:33:18,-73.7,-35.77,12.0,6.3,mw,0.0,0.0,0.0,,14.0,16.0,92.0,192.0,74.0,89.0,1.92e+18,-1.7000000000000002e+16,-1.9e+18,-6.53e+17,-3.1e+18,-4.68e+17,gcmt
C202304041908A,2023-04-04T19:08:50,-70.91,-27.44,59.8,5.9,mw,0.01,0.01,0.6,,240.0,27.0,-40.0,7.0,73.0,-111.0,-3.9e+17,-1.07e+17,4.96e+17,-1.09e+17,-6.83e+17,4.3e+17,gcmt
C202304270607A,2023-04-27T06:07:17,-71.32,-35.66,98.9,5.0,mw,0.02,0.01,2.7,,174.0,20.0,-116.0,21.0,72.0,-81.0,-1.85e+16,-5930000000000000.0,2.45e+16,-1.1200000000000002e+16,-2.82e+16,5639999999999999.0,gcmt
C202307091711A,2023-07-09T17:11:36,-70.13,-33.22,108.2,5.6,mw,0.01,0.01,0.6,,157.0,37.0,-95.0,343.0,53.0,-86.0,-2.98e+17,-2600000000000000.0,3e+17,1.6800000000000002e+16,-9.12e+16,-1.25e+17,gcmt
C202307170305A,2023-07-17T03:05:17,-70.44,-38.18,193.4,6.7,mw,0.0,0.0,0.2,,260.0,21.0,-38.0,26.0,77.0,-107.0,-4.9e+18,3.49e+18,1.4099999999999997e+18,-4.4e+18,-1e+19,4.58e+18,gcmt
C202308301417A,2023-08-30T14:17:12,-71.48,-29.58,48.0,5.3,mw,0.01,0.01,1.0,,6.0,37.0,134.0,136.0,64.0,63.0,7.63e+16,1.29e+16,-8.93e+16,5.460000000000001e+16,-3.18e+16,4.34e+16,gcmt
C202309062348A,2023-09-06T23:48:09,-71.73,-30.34,43.8,6.3,mw,0.0,0.0,0.2,,12.0,34.0,107.0,172.0,58.0,79.0,2.92e+18,5e+16,-2.97e+18,5.29e+17,-1.35e+18,-1.19e+17,gcmt
C202309111337A,2023-09-11T13:37:14,-71.4,-27.18,26.6,5.6,mw,0.02,0.01,1.1,,356.0,15.0,90.0,176.0,75.0,90.0,1.28e+17,2.25e+16,-1.51e+17,1.6800000000000002e+16,-2.42e+17,1.25e+16,gcmt
C202309151807A,2023-09-15T18:07:45,-71.7,-27.42,12.0,5.7,mw,0.01,0.01,0.0,,356.0,18.0,83.0,183.0,72.0,92.0,2.33e+17,-2.57e+16,-2.07e+17,-2.44e+16,-3.1e+17,2700000000000000.0,gcmt
C202309170218A,2023-09-17T02:18:04,-75.57,-37.7,28.7,5.2,mw,0.04,0.04,1.0,,173.0,43.0,-76.0,335.0,49.0,-102.0,-8e+16,2.05e+16,5.95e+16,1.78e+16,-2199999999999999.8,-1.14e+16,gcmt
C202309170401A,2023-09-17T04:01:50,-71.55,-29.44,78.5,5.1,mw,0.03,0.01,4.0,,9.0,56.0,-163.0,269.0,76.0,-35.0,-1.1e+16,9280000000000000.0,1750000000000000.0,3.21e+16,-1.79e+16,4.38e+16,gcmt
C202310262149A,2023-10-26T21:49:40,-70.26,-28.76,106.3,5.4,mw,0.01,0.01,0.8,,306.0,22.0,173.0,43.0,87.0,68.0,1.4299999999999998e+16,-7.71e+16,6.29e+16,1.17e+17,1.27e+17,-1.6900000000000002e+16,gcmt
C202310311233A,2023-10-31T12:33:51,-71.58,-28.83,50.2,6.6,mw,0.0,0.0,0.3,,346.0,27.0,44.0,215.0,71.0,110.0,6.4e+18,1.74e+18,-8.139999999999999e+18,-5.68e+18,-6.41e+18,-2.12e+18,gcmt
C202311061351A,2023-11-06T13:51:15,-72.08,-32.99,30.0,5.1,mw,0.02,0.02,0.6,,19.0,43.0,109.0,173.0,50.0,73.0,6.04e+16,750000000000000.0,-6.11e+16,1.3799999999999998e+16,-8290000000000000.0,-6660000000000000.0,gcmt
C202311202103A,2023-11-20T21:03:12,-71.55,-30.99,47.0,5.0,mw,0.04,0.02,1.7,,331.0,33.0,76.0,167.0,58.0,99.0,3.92e+16,-1460000000000000.0,-3.77e+16,1350000000000000.0,-2.02e+16,1.58e+16,gcmt
C202312090449A,2023-12-09T04:49:46,-76.09,-45.82,12.5,5.2,mw,0.01,0.01,0.8,,78.0,72.0,-166.0,343.0,77.0,-19.0,-1.7e+16,4.5e+16,-2.8e+16,-7820000000000000.0,-2.53e+16,-6.76e+16,gcmt
C202312120100A,2023-12-12T01:00:39,-77.62,-45.75,13.1,5.0,mw,0.02,0.01,1.2,,76.0,76.0,-178.0,346.0,89.0,-14.0,-3449999999999999.5,2.07e+16,-1.73e+16,2390000000000000.0,-9580000000000000.0,-3.69e+16,gcmt
C202312240323A,2023-12-24T03:23:48,-74.12,-38.25,19.1,5.8,mw,0.01,0.01,0.4,,359.0,16.0,88.0,181.0,74.0,91.0,3.83e+17,3700000000000000.0,-3.87e+17,-9100000000000000.0,-5.94e+17,1400000000000000.0,gcmt
C202401030804A,2024-01-03T08:04:09,-68.78,-28.52,121.2,5.5,mw,0.01,0.01,0.8,,310.0,35.0,-104.0,146.0,56.0,-81.0,-1.93e+17,7.93e+16,1.1299999999999998e+17,-3.6e+16,7.8e+16,-1.3700000000000002e+17,gcmt
C202401211737A,2024-01-21T17:37:53,-72.35,-33.59,32.2,5.0,mw,0.04,0.03,0.9,,359.0,37.0,83.0,189.0,53.0,96.0,4.230000000000001e+16,-5690000000000000.0,-3.66e+16,-4820000000000000.0,-1.1e+16,-1960000000000000.0,gcmt
C202402112114A,2024-02-11T21:14:46,-71.49,-28.29,30.3,5.5,mw,0.01,0.01,0.5,,208.0,35.0,138.0,335.0,68.0,63.0,1.27e+17,3.75e+16,-1.65e+17,-8.98e+16,9.84e+16,-8400000000000001.0,gcmt
C202402140131A,2024-02-14T01:31:47,-71.66,-28.97,36.2,5.9,mw,0.01,0.01,0.3,,14.0,28.0,114.0,168.0,65.0,78.0,6.59e+17,5.8e+16,-7.17e+17,1.91e+17,-5.29e+17,-6000000000000000.0,gcmt
C202402152359A,2024-02-15T23:59:39,-71.95,-29.21,22.0,5.0,mw,0.02,0.02,0.7,,355.0,29.0,83.0,183.0,61.0,94.0,4.09e+16,-5000000000000000.0,-3.59e+16,-3060000000000000.0,-2.39e+16,830000000000000.0,gcmt
C202403120342A,2024-03-12T03:42:38,-72.67,-33.9,17.2,5.2,mw,0.02,0.02,1.1,,357.0,18.0,76.0,192.0,72.0,95.0,3.96e+16,-859999999999999.9,-3.87e+16,-1.3700000000000002e+16,-5.38e+16,-3050000000000000.0,gcmt
C202404031351A,2024-04-03T13:52:00,-73.0,-36.97,43.2,5.3,mw,0.02,0.01,0.7,,18.0,34.0,108.0,176.0,58.0,78.0,9.84e+16,-4299999999999999.5,-9.41e+16,1.67e+16,-4.7e+16,-1.17e+16,gcmt
C202405130918A,2024-05-13T09:18:58,-73.31,-35.44,18.4,5.2,mw,0.01,0.01,0.7,,16.0,19.0,94.0,192.0,71.0,89.0,4.81e+16,300000000000000.0,-4.84e+16,-1.25e+16,-6.28e+16,-1.25e+16,gcmt
C202405140318A,2024-05-14T03:18:40,-71.88,-28.66,27.9,5.0,mw,0.03,0.02,0.8,,316.0,39.0,66.0,166.0,55.0,108.0,3.17e+16,-6120000000000000.0,-2.55e+16,-3480000000000000.0,-1.22e+16,1.56e+16,gcmt
C202408182331A,2024-08-18T23:32:04,-74.03,-37.15,14.8,5.1,mw,0.01,0.01,0.8,,9.0,20.0,92.0,187.0,70.0,89.0,3.91e+16,3340000000000000.0,-4.24e+16,-5880000000000000.0,-4.72e+16,-6740000000000000.0,gcmt
C202408261621A,2024-08-26T16:21:51,-73.85,-44.93,72.0,5.1,mw,0.02,0.01,1.9,,235.0,46.0,10.0,138.0,83.0,135.0,8650000000000000.0,-4.15e+16,3.29e+16,2.06e+16,-3.13e+16,8010000000000000.0,gcmt
C202408311304B,2024-08-31T13:04:52,-71.82,-29.78,35.0,5.3,mw,0.01,0.01,0.6,,360.0,30.0,86.0,185.0,60.0,92.0,8.03e+16,8799999999999999.0,-8.91e+16,-5500000000000000.0,-4.9e+16,-3800000000000000.0,gcmt
C202409030121A,2024-09-03T01:21:42,-76.8,-45.56,12.0,5.3,mw,0.01,0.01,0.0,,327.0,48.0,-120.0,188.0,50.0,-61.0,-9e+16,5200000000000000.0,8.48e+16,4.25e+16,1.12e+16,-1.89e+16,gcmt
C202409061012A,2024-09-06T10:13:01,-69.41,-28.71,128.2,5.7,mw,0.01,0.01,0.6,,10.0,42.0,96.0,182.0,49.0,85.0,4.57e+17,-5.8e+16,-3.99e+17,2.7900000000000004e+16,-5.639999999999999e+16,-3.6e+16,gcmt
C202409212124A,2024-09-21T21:24:33,-66.85,-32.0,153.2,6.0,mw,0.01,0.0,0.4,,115.0,54.0,-134.0,354.0,54.0,-46.0,-7.92e+17,1.19e+17,6.73e+17,-3.58e+17,-2.58e+17,-7.94e+17,gcmt
C202409221846A,2024-09-22T18:46:41,-71.37,-32.01,83.2,5.1,mw,0.02,0.01,2.8,,90.0,24.0,-9.0,189.0,86.0,-113.0,-7720000000000000.0,1.16e+16,-3910000000000000.0,930000000000000.0,4.4e+16,1.7e+16,gcmt
C202409230236A,2024-09-23T02:36:43,-71.41,-29.79,75.2,5.4,mw,0.01,0.01,0.7,,331.0,35.0,-81.0,140.0,55.0,-96.0,-1.25e+17,3.4999999999999996e+16,9.04e+16,-3.7e+16,3.4100000000000004e+16,-7.21e+16,gcmt
C202409240058A,2024-09-24T00:58:53,-65.67,-31.56,174.4,5.1,mw,0.03,0.02,3.5,,185.0,67.0,-6.0,278.0,85.0,-157.0,-1.14e+16,-4730000000000000.0,1.6200000000000002e+16,2.0099999999999996e+16,-3250000000000000.0,-4.99e+16,gcmt
C202410202259A,2024-10-20T22:59:43,-68.73,-30.9,117.5,5.7,mw,0.01,0.01,0.6,,178.0,45.0,-106.0,20.0,48.0,-75.0,-4.62e+17,4500000000000000.0,4.58e+17,-9.68e+16,-8200000000000000.0,7.22e+16,gcmt
C202410241145A,2024-10-24T11:45:42,-71.95,-28.68,14.3,5.0,mw,0.02,0.02,1.0,,182.0,46.0,120.0,323.0,51.0,63.0,3.2400000000000004e+16,3870000000000000.0,-3.63e+16,-1.1299999999999998e+16,-70000000000000.0,1.43e+16,gcmt
C202411030404A,2024-11-03T04:04:07,-69.4,-35.76,196.8,5.5,mw,0.01,0.01,0.8,,187.0,26.0,-124.0,44.0,69.0,-75.0,-1.55e+17,1.61e+16,1.3799999999999998e+17,-1.3600000000000002e+17,-1.08e+17,7.88e+16,gcmt
C202411081137A,2024-11-08T11:38:07,-75.63,-46.72,12.0,6.3,mw,0.0,0.0,0.0,,10.0,28.0,87.0,193.0,62.0,92.0,3.09e+18,5.9e+16,-3.15e+18,-5.28e+17,-2.04e+18,-6.94e+17,gcmt
C202411261233A,2024-11-26T12:33:13,-71.45,-30.53,55.8,5.1,mw,0.02,0.01,1.1,,3.0,34.0,100.0,171.0,56.0,83.0,4.64e+16,1540000000000000.0,-4.8e+16,6160000000000000.0,-1.86e+16,2560000000000000.0,gcmt
C202412070626A,2024-12-07T06:26:28,-73.55,-38.97,29.9,5.3,mw,0.01,0.01,0.3,,102.0,36.0,53.0,326.0,62.0,114.0,9.52e+16,-7.31e+16,-2.21e+16,-1.99e+16,6.59e+16,6.730000000000001e+16,gcmt
C202412132338A,2024-12-13T23:38:22,-70.79,-35.36,115.0,6.4,mw,0.0,0.0,0.3,,235.0,20.0,-53.0,16.0,74.0,-103.0,-2.1800000000000003e+18,2.7800000000000003e+17,1.9e+18,-9.08e+17,-3.68e+18,1.69e+18,gcmt
C202412242242A,2024-12-24T22:42:31,-67.32,-28.24,152.7,5.9,mw,0.01,0.0,0.4,,154.0,40.0,-129.0,21.0,60.0,-62.0,-7.16e+17,-3.59e+17,1.07e+18,-2.47e+17,-3.43e+17,-1.1e+16,gcmt
C202412300541A,2024-12-30T05:41:03,-72.06,-29.96,19.6,5.6,mw,0.01,0.01,0.4,,1.0,21.0,103.0,167.0,70.0,85.0,2.12e+17,-1500000000000000.0,-2.1e+17,6.69e+16,-2.4e+17,2.23e+16,gcmt
C202502110224A,2025-02-11T02:24:10,-75.13,-37.33,17.0,5.2,mw,0.01,0.01,0.4,,358.0,45.0,-109.0,204.0,48.0,-72.0,-8.64e+16,-5900000000000000.0,9.23e+16,1.98e+16,100000000000000.0,2.02e+16,gcmt
C202502160708A,2025-02-16T07:08:46,-74.14,-38.6,22.7,5.1,mw,0.02,0.02,0.8,,11.0,28.0,94.0,186.0,62.0,88.0,4.6e+16,1510000000000000.0,-4.75e+16,-2550000000000000.0,-3.2599999999999996e+16,-7170000000000000.0,gcmt
C202502222220A,2025-02-22T22:20:25,-77.05,-45.6,12.0,5.4,mw,0.01,0.01,0.0,,79.0,66.0,-174.0,347.0,85.0,-24.0,-3.63e+16,8.08e+16,-4.45e+16,1.7299999999999998e+16,-6.61e+16,-1.54e+17,gcmt
C202502241226A,2025-02-24T12:26:02,-77.6,-45.71,15.1,5.1,mw,0.01,0.01,0.8,,346.0,79.0,-10.0,78.0,81.0,-169.0,-5120000000000000.0,2.94e+16,-2.42e+16,-8660000000000000.0,-1.15e+16,-5.31e+16,gcmt
C202503162150A,2025-03-16T21:50:26,-70.03,-29.04,127.0,5.0,mw,0.03,0.02,0.0,,357.0,41.0,-64.0,145.0,54.0,-110.0,-2.58e+16,-1.21e+16,3.78e+16,-5170000000000000.0,7550000000000000.0,-2.17e+16,gcmt
C202503182117A,2025-03-18T21:17:52,-71.42,-30.14,76.8,5.2,mw,0.01,0.01,0.9,,2.0,39.0,-104.0,200.0,53.0,-79.0,-8.76e+16,0.0,8.77e+16,1.7499999999999998e+16,1.91e+16,1.79e+16,gcmt
C202503240435A,2025-03-24T04:35:11,-71.4,-29.65,81.0,5.1,mw,0.02,0.01,1.5,,150.0,41.0,-93.0,334.0,49.0,-87.0,-5.71e+16,1.04e+16,4.67e+16,1840000000000000.0,-7380000000000000.0,-2.64e+16,gcmt
C202504240320A,2025-04-24T03:20:14,-71.97,-30.8,30.4,5.2,mw,0.02,0.01,0.7,,354.0,24.0,88.0,176.0,66.0,91.0,5.49e+16,2210000000000000.0,-5.71e+16,2750000000000000.0,-4.89e+16,5120000000000000.0,gcmt
C202507020139A,2025-07-02T01:39:45,-72.83,-33.6,13.4,5.4,mw,0.01,0.01,1.1,,48.0,8.0,113.0,205.0,82.0,87.0,3.95e+16,-1.06e+16,-2.8899999999999996e+16,-6.31e+16,-1.3999999999999998e+17,-2.43e+16,gcmt
