id,time_iso,longitude,latitude,depth,mag,mag_type,strike1,dip1,rake1,strike2,dip2,rake2,T_plunge,T_azimuth,N_plunge,N_azimuth,P_plunge,P_azimuth,Mrr,Mtt,Mpp,Mrt,Mrp,Mtp,source,duplicate_id,class
706555,1976-11-30T00:41:00,-68.844,-20.489,90.0,7.54,mw,181.0,27.0,-73.0,342.0,64.0,-99.0,44.71542814037139,78.38196209949928,12.092711323618804,336.13471908461867,42.76772263538868,234.704630908517,-1.79,-0.35,2.14,0.55,-1.42,-0.44,gem,288_gem,deep_subduction
M113076A,1976-11-30T00:41:13,-68.51,-20.54,133.7,6.5,mw,181.0,27.0,-73.0,342.0,64.0,-99.0,18.0,78.0,8.0,346.0,70.0,234.0,-1.79e+20,-3.5e+19,2.14e+20,5.500000000000001e+19,-1.42e+20,-4.4e+19,gcmt,289_gcmt,deep_subduction
703668,1977-01-17T21:27:22,-68.84,-25.026,110.0,6.85,mw,26.0,49.0,105.0,183.0,44.0,73.0,14.320366430720808,180.94258191513205,42.04816878094368,77.63138619124027,44.44128948885093,285.44049645786924,1.98,0.44,-2.42,0.33,0.13,-0.82,gem,290_gem,deep_subduction
C011777C,1977-01-17T21:27:36,-68.61,-24.89,134.4,6.1,mw,183.0,44.0,73.0,26.0,49.0,105.0,78.0,2.0,11.0,196.0,3.0,105.0,1.978e+19,4.43e+18,-2.422e+19,3.27e+18,1.33e+18,-8.21e+18,gcmt,290_gcmt,deep_subduction
699876,1977-04-15T23:35:36,-68.833,-23.15,96.1,5.38,mw,18.0,74.0,-41.0,121.0,51.0,-159.0,33.506012898099634,254.5428356646929,50.69077284160863,38.50072999945729,18.10759618554664,152.04022884398762,-0.63,-0.66,1.29,-0.27,-0.69,-0.74,gem,292_gem,deep_subduction
B041577A,1977-04-15T23:35:40,-69.27,-23.01,129.7,5.4,mw,121.0,51.0,-159.0,18.0,74.0,-41.0,14.0,74.0,46.0,180.0,40.0,332.0,-6.34e+16,-6.6e+16,1.294e+17,-2.7400000000000004e+16,-6.929999999999999e+16,-7.38e+16,gcmt,292_gcmt,deep_subduction
697026,1977-06-08T13:25:18,-67.388,-22.276,166.5,5.65,mw,195.0,87.0,93.0,325.0,4.0,40.0,44.91262620617109,288.1653507113765,3.0123565867748563,195.15801674205548,44.92914318331224,102.14894678807872,0.39,-0.02,-0.36,-0.98,-3.5,0.13,gem,294_gem,deep_subduction
B060877A,1977-06-08T13:25:24,-67.12,-22.21,185.5,5.4,mw,325.0,4.0,40.0,195.0,87.0,93.0,48.0,109.0,3.0,15.0,42.0,282.0,3.91e+16,-2300000000000000.0,-3.67e+16,-9.81e+16,-3.499e+17,1.29e+16,gcmt,294_gcmt,deep_subduction
697434,1977-06-18T16:49:41,-68.354,-20.996,124.9,5.81,mw,101.0,35.0,-120.0,315.0,60.0,-71.0,43.70050278960608,32.29169841040476,29.56992792998508,155.12621167278382,31.893471983346537,265.8018087992368,-4.81,4.42,0.38,1.69,-2.57,-3.33,gem,295_gem,deep_subduction
B061877A,1977-06-18T16:49:45,-68.48,-20.95,135.9,5.4,mw,101.0,35.0,-120.0,315.0,60.0,-71.0,13.0,32.0,16.0,126.0,69.0,264.0,-4.806e+17,4.42e+17,3.86e+16,1.688e+17,-2.5710000000000003e+17,-3.329e+17,gcmt,295_gcmt,deep_subduction
697917,1977-06-30T02:46:04,-69.666,-19.529,102.4,5.7,mw,149.0,22.0,-108.0,348.0,69.0,-83.0,44.76882953209869,72.81775635846503,8.870714727077809,171.7239888973172,43.86841996788332,270.35242451994327,-2.34,-0.65,2.99,0.64,-3.13,-1.4,gem,296_gem,deep_subduction
B063077A,1977-06-30T02:46:07,-69.56,-19.64,122.2,5.4,mw,149.0,22.0,-108.0,348.0,69.0,-83.0,24.0,73.0,6.0,166.0,65.0,270.0,-2.343e+17,-6.48e+16,2.991e+17,6.41e+16,-3.132e+17,-1.395e+17,gcmt,296_gcmt,deep_subduction
694955,1977-08-23T03:12:55,-68.557,-21.492,120.7,5.39,mw,125.0,37.0,-94.0,309.0,53.0,-87.0,44.97422663897905,37.85550758382436,8.510307636452845,136.45348077924518,43.77060407856023,234.6950754096725,-1.33,0.9,0.42,0.32,-0.3,-0.87,gem,298_gem,deep_subduction
B082377A,1977-08-23T03:13:00,-68.23,-21.32,136.0,5.2,mw,125.0,37.0,-94.0,309.0,53.0,-87.0,8.0,37.0,2.0,128.0,81.0,232.0,-1.326e+17,8.97e+16,4.29e+16,3.16e+16,-2.98e+16,-8.72e+16,gcmt,298_gcmt,deep_subduction
693526,1977-09-20T16:23:14,-68.403,-23.409,109.3,5.62,mw,164.0,47.0,-44.0,288.0,59.0,-127.0,40.29541567307021,43.16667582916267,46.86124710320307,248.3590195136089,12.825983994078774,144.29739527574145,-2.32,1.12,1.2,1.5,0.55,-2.14,gem,299_gem,deep_subduction
B092077A,1977-09-20T16:23:22,-68.51,-23.57,123.8,5.3,mw,164.0,47.0,-44.0,288.0,59.0,-127.0,7.0,43.0,31.0,309.0,58.0,145.0,-2.322e+17,1.119e+17,1.203e+17,1.5e+17,5.500000000000001e+16,-2.139e+17,gcmt,299_gcmt,deep_subduction
B120777A,1977-12-07T00:32:36,-67.39,-28.57,124.0,5.5,mwc,148.0,42.0,-82.0,318.0,48.0,-97.0,3.0,53.0,5.0,322.0,84.0,171.0,,,,,,,us,301_us,deep_subduction
688770,1977-12-07T00:32:38,-67.391,-28.724,140.0,5.46,mw,148.0,42.0,-82.0,318.0,48.0,-97.0,44.87483001610005,52.34315972973707,32.473446373437824,283.0236533697507,27.549065603798464,173.63394418912037,-1.84,0.64,1.2,0.24,-0.05,-1.02,gem,301_gem,deep_subduction
B120777A,1977-12-07T00:32:41,-67.32,-28.58,143.9,5.4,mw,148.0,42.0,-82.0,318.0,48.0,-97.0,3.0,53.0,5.0,322.0,84.0,171.0,-1.84e+17,6.38e+16,1.201e+17,2.37e+16,-5400000000000000.0,-1.0169999999999998e+17,gcmt,301_gcmt,deep_subduction
B010278A,1978-01-02T08:27:40,-71.1,-38.14,126.0,5.5,mwc,93.0,53.0,-9.0,189.0,83.0,-142.0,20.0,315.0,52.0,198.0,31.0,58.0,,,,,,,us,11_us,deep_subduction
687168,1978-01-02T08:27:42,-71.106,-38.141,131.1,5.46,mw,93.0,53.0,-9.0,189.0,83.0,-142.0,28.62834789913933,315.1107038793362,52.92770706911868,178.85093600555433,21.45876655418173,57.50078233943361,-0.18,0.47,-0.28,-0.2,1.21,1.45,gem,11_gem,deep_subduction
B010278A,1978-01-02T08:27:43,-71.61,-37.96,144.0,5.5,mw,93.0,53.0,-9.0,189.0,83.0,-142.0,20.0,315.0,52.0,198.0,31.0,58.0,-1.84e+16,4.66e+16,-2.82e+16,-1.97e+16,1.21e+17,1.454e+17,gcmt,11_gcmt,deep_subduction
688047,1978-01-20T04:42:55,-70.45,-34.456,107.2,5.6,mw,12.0,64.0,-86.0,183.0,26.0,-98.0,44.936950917982585,279.011350970108,5.8216854505414295,14.850413378983204,44.47352489455501,110.59545555138448,-2.59,0.46,2.13,-0.54,-1.82,0.19,gem,13_gem,deep_subduction
B012078A,1978-01-20T04:42:57,-70.19,-34.28,132.0,5.6,mwc,183.0,26.0,-98.0,12.0,64.0,-86.0,19.0,99.0,4.0,190.0,70.0,291.0,,,,,,,us,13_us,deep_subduction
683150,1978-04-02T09:07:09,-69.525,-19.29,93.2,5.55,mw,155.0,37.0,-87.0,331.0,53.0,-92.0,44.98549975638889,62.85813446170215,6.454324720942096,326.36576428789874,44.29042335216887,230.02968279550052,-2.84,0.96,1.88,0.44,-0.6,-0.61,gem,303_gem,deep_subduction
B040278B,1978-04-02T09:07:14,-69.42,-19.55,118.4,5.3,mw,155.0,37.0,-87.0,331.0,53.0,-92.0,8.0,63.0,2.0,333.0,82.0,230.0,-2.84e+17,9.58e+16,1.882e+17,4.43e+16,-6.05e+16,-6.12e+16,gcmt,303_gcmt,deep_subduction
680503,1978-06-07T14:08:47,-67.977,-23.814,120.0,5.6,mw,167.0,28.0,-78.0,333.0,62.0,-97.0,44.84927978298349,68.13566317701759,9.60228190938977,328.4472191012607,43.55585781999153,229.19051985157577,-2.23,-0.13,2.35,0.85,-1.49,-1.13,gem,305_gem,deep_subduction
B060778B,1978-06-07T14:08:53,-68.05,-23.7,128.7,5.3,mw,167.0,28.0,-78.0,333.0,62.0,-97.0,17.0,68.0,6.0,336.0,72.0,228.0,-2.226e+17,-1.27e+16,2.3530000000000003e+17,8.5e+16,-1.487e+17,-1.1259999999999998e+17,gcmt,305_gcmt,deep_subduction
B062878C,1978-06-28T07:28:03,-69.92,-27.2,119.7,5.3,mw,134.0,30.0,-139.0,8.0,71.0,-66.0,22.0,80.0,22.0,179.0,58.0,310.0,-3.199e+16,-1.551e+16,4.75e+16,-6840000000000001.0,-4.245e+16,-1.926e+16,gcmt,306_gcmt,deep_subduction
675895,1978-10-27T10:06:46,-65.959,-22.04,271.7,5.78,mw,134.0,24.0,-126.0,353.0,71.0,-75.0,43.97718110655959,71.15720980557296,17.40860392475287,178.7678288656673,40.87980289142885,284.5159328038268,-3.36,0.11,3.25,0.2,-4.44,-1.9,gem,308_gem,deep_subduction
B102778A,1978-10-27T10:06:56,-66.03,-21.86,299.6,5.6,mw,134.0,24.0,-126.0,353.0,71.0,-75.0,24.0,71.0,14.0,168.0,61.0,285.0,-3.359e+17,1.07e+16,3.252e+17,1.98e+16,-4.437e+17,-1.895e+17,gcmt,308_gcmt,deep_subduction
670980,1979-01-13T08:39:13,-67.932,-24.379,117.1,5.26,mw,148.0,24.0,-89.0,326.0,66.0,-91.0,44.99917182025873,57.242588862616,0.607724763198158,326.63484748081333,44.99438240759443,236.02720769777244,-6.08,0.76,5.31,3.61,-5.45,-5.15,gem,310_gem,deep_subduction
B011379A,1979-01-13T08:39:18,-67.95,-24.17,137.0,5.3,mw,148.0,24.0,-89.0,326.0,66.0,-91.0,21.0,57.0,0.0,327.0,69.0,235.0,-6.08e+16,7630000000000000.0,5.317e+16,3.614e+16,-5.445e+16,-5.151e+16,gcmt,310_gcmt,deep_subduction
B032079B,1979-03-20T21:41:21,-71.15,-35.68,91.0,5.4,mwc,141.0,24.0,-158.0,32.0,81.0,-68.0,33.0,103.0,22.0,208.0,49.0,326.0,,,,,,,us,15_us,deep_subduction
668598,1979-03-20T21:41:22,-71.259,-35.675,92.6,5.38,mw,32.0,81.0,-68.0,141.0,24.0,-158.0,41.94584362230861,283.70039436877914,22.71733558588637,35.8020706388312,39.469043753219154,145.96804062914424,-0.45,-0.28,0.73,-0.83,-1.01,-0.17,gem,15_gem,deep_subduction
B032079B,1979-03-20T21:41:27,-71.42,-35.79,122.7,5.5,mw,141.0,24.0,-158.0,32.0,81.0,-68.0,33.0,103.0,22.0,208.0,49.0,326.0,-4.52e+16,-2.82e+16,7.35e+16,-8.35e+16,-1.012e+17,-1.7399999999999998e+16,gcmt,15_gcmt,deep_subduction
666818,1979-04-18T17:59:10,-67.05,-24.475,190.0,5.7,mw,206.0,37.0,-19.0,311.0,79.0,-126.0,37.8614118499525,68.34867968934225,36.80708982216619,302.77722423045293,30.94119518104827,186.1250891484022,-1.31,-1.75,3.05,2.26,-2.19,-1.5,gem,312_gem,deep_subduction
B041879A,1979-04-18T17:59:17,-67.07,-24.31,194.2,5.4,mw,206.0,37.0,-19.0,311.0,79.0,-126.0,25.0,68.0,35.0,319.0,44.0,185.0,-1.313e+17,-1.745e+17,3.057e+17,2.259e+17,-2.1880000000000003e+17,-1.495e+17,gcmt,312_gcmt,deep_subduction
664564,1979-05-04T17:21:40,-68.47,-21.762,120.0,5.38,mw,100.0,51.0,-146.0,347.0,65.0,-45.0,37.21751254071348,46.288871349098144,50.31931938947898,202.56257271015784,11.805690452941931,307.15444172481125,-0.83,0.45,0.38,-0.2,-0.68,-1.1,gem,314_gem,deep_subduction
B050479A,1979-05-04T17:21:45,-68.38,-21.77,124.0,5.6,mw,100.0,51.0,-146.0,347.0,65.0,-45.0,8.0,46.0,40.0,143.0,49.0,307.0,-8.31e+16,4.5e+16,3.8e+16,-1.98e+16,-6.750000000000001e+16,-1.103e+17,gcmt,314_gcmt,deep_subduction
665090,1979-05-14T23:04:03,-69.047,-23.024,83.6,6.26,mw,16.0,63.0,-84.0,183.0,27.0,-101.0,44.86229559347435,281.5479056517644,9.0233395798439,20.64108601401108,43.72793701129369,119.37829495836786,-2.22,-0.36,2.58,-0.57,-1.71,0.56,gem,315_gem,deep_subduction
665116,1979-05-15T17:32:40,-69.246,-22.974,87.0,5.37,mw,6.0,77.0,-86.0,169.0,13.0,-107.0,44.90792073045544,272.6697205396275,4.334450126124883,7.002651186186654,44.764798521407904,101.31394757174132,-0.7,0.17,0.53,-0.18,-1.27,-0.05,gem,316_gem,deep_subduction
663645,1979-06-17T19:33:33,-68.973,-19.417,111.7,5.72,mw,199.0,18.0,-54.0,341.0,76.0,-101.0,44.359405217520326,80.4081164134912,11.915823325208851,338.49929498758,43.19673534025576,237.07109695184064,-1.94,-0.8,2.73,1.39,-3.82,-0.26,gem,322_gem,deep_subduction
B061779C,1979-06-17T19:33:37,-69.24,-19.35,126.9,5.3,mw,199.0,18.0,-54.0,341.0,76.0,-101.0,30.0,80.0,10.0,343.0,58.0,236.0,-1.937e+17,-8.01e+16,2.738e+17,1.387e+17,-3.819e+17,-2.56e+16,gcmt,322_gcmt,deep_subduction
B062779A,1979-06-27T21:46:25,-68.28,-29.48,115.0,5.6,mwc,284.0,32.0,-43.0,52.0,69.0,-115.0,20.0,161.0,23.0,62.0,59.0,287.0,,,,,,,us,323_us,deep_subduction
664194,1979-06-27T21:46:26,-68.343,-29.573,113.1,5.58,mw,52.0,69.0,-115.0,284.0,32.0,-43.0,42.21957861690503,340.56437994777855,29.74927200293764,219.32679854126087,33.35026441315194,107.23180262591018,-1.94,2.08,-0.14,-1.09,-1.8,0.28,gem,323_gem,deep_subduction
B062779A,1979-06-27T21:46:30,-68.56,-29.58,141.2,5.6,mw,284.0,32.0,-43.0,52.0,69.0,-115.0,20.0,161.0,23.0,62.0,59.0,287.0,-1.935e+17,2.0830000000000003e+17,-1.48e+16,-1.087e+17,-1.797e+17,2.85e+16,gcmt,323_gcmt,deep_subduction
660102,1979-08-10T01:28:42,-66.718,-21.356,250.0,5.31,mw,183.0,17.0,-69.0,341.0,74.0,-96.0,44.79336873022672,76.17575373917407,7.056353734697056,339.1166322786371,44.34191987027756,242.16844264408644,-6.62,0.97,5.64,3.72,-9.09,-0.32,gem,325_gem,deep_subduction
B081079A,1979-08-10T01:28:48,-66.5,-21.32,251.6,5.1,mw,183.0,17.0,-69.0,341.0,74.0,-96.0,29.0,76.0,6.0,343.0,60.0,243.0,-6.621000000000001e+16,9720000000000000.0,5.649e+16,3.717e+16,-9.089e+16,-3150000000000000.0,gcmt,325_gcmt,deep_subduction
655987,1979-11-22T02:41:19,-67.074,-24.377,180.0,6.45,mw,209.0,44.0,-37.0,327.0,65.0,-128.0,39.45974228942413,83.6907625694862,43.9808793877168,301.09376885359524,19.722030318481178,190.8536968209982,-3.44,-2.28,5.71,2.3,-1.81,-0.49,gem,326_gem,deep_subduction
B112279A,1979-11-22T02:41:27,-66.84,-24.27,181.0,5.8,mw,209.0,44.0,-37.0,327.0,65.0,-128.0,12.0,83.0,34.0,345.0,53.0,190.0,-3.437e+18,-2.282e+18,5.718e+18,2.298e+18,-1.808e+18,-4.87e+17,gcmt,326_gcmt,deep_subduction
B122679A,1979-12-26T19:43:37,-71.34,-36.0,92.0,5.6,mwc,199.0,6.0,-66.0,355.0,85.0,-92.0,40.0,87.0,2.0,355.0,50.0,262.0,,,,,,,us,20_us,deep_subduction
654711,1979-12-26T19:43:39,-71.331,-36.01,93.7,5.56,mw,199.0,6.0,-66.0,355.0,85.0,-92.0,44.95648242903381,87.12506211468906,2.4819036825604384,354.6445998054399,44.93607513570888,262.16590492792665,-0.27,-0.47,0.73,0.23,-2.62,-0.0,gem,20_gem,deep_subduction
B122679A,1979-12-26T19:43:42,-71.5,-35.9,110.8,5.6,mw,199.0,6.0,-66.0,355.0,85.0,-92.0,40.0,87.0,2.0,355.0,50.0,262.0,-2.66e+16,-4.67e+16,7.33e+16,2.32e+16,-2.625e+17,-100000000000000.0,gcmt,20_gcmt,deep_subduction
654796,1979-12-28T13:46:19,-69.374,-24.407,81.2,5.43,mw,158.0,30.0,-86.0,333.0,60.0,-92.0,44.98130284961152,65.0722003843369,3.971073513189267,331.0941558675155,44.74390577082721,237.14899275626885,-1.65,0.46,1.18,0.43,-0.74,-0.4,gem,328_gem,deep_subduction
647732,1980-04-14T23:57:28,-68.807,-21.33,98.3,5.44,mw,195.0,40.0,-47.0,324.0,62.0,-120.0,41.79290328105607,75.45121971622018,39.19226471756564,298.6628143477293,23.30571777068187,188.0993955122427,-1.3,-0.31,1.6,0.87,-0.48,-0.34,gem,330_gem,deep_subduction
B041480D,1980-04-14T23:57:32,-68.96,-21.58,115.4,5.4,mw,195.0,40.0,-47.0,324.0,62.0,-120.0,12.0,75.0,26.0,339.0,61.0,189.0,-1.3e+17,-3.06e+16,1.607e+17,8.73e+16,-4.78e+16,-3.45e+16,gcmt,330_gcmt,deep_subduction
644959,1980-05-02T19:09:11,-67.045,-24.223,187.7,5.44,mw,197.0,23.0,-57.0,342.0,71.0,-103.0,44.19069520854202,81.90097708270673,15.476054001110178,336.28661579482275,41.72252130247511,231.9935646429095,-1.02,-0.25,1.26,0.51,-1.28,-0.05,gem,331_gem,deep_subduction
B050280E,1980-05-02T19:09:18,-67.33,-24.24,205.2,5.4,mw,197.0,23.0,-57.0,342.0,71.0,-103.0,25.0,82.0,12.0,347.0,62.0,233.0,-1.018e+17,-2.47e+16,1.266e+17,5.05e+16,-1.278e+17,-4900000000000000.0,gcmt,331_gcmt,deep_subduction
646432,1980-05-26T18:41:43,-69.263,-19.437,103.5,6.61,mw,177.0,23.0,-83.0,349.0,67.0,-93.0,44.96210058567454,81.66227998361671,3.899672202865095,347.75871935990307,44.77288666342839,253.8808958244381,-6.93,-0.61,7.53,1.5,-7.09,-1.05,gem,332_gem,deep_subduction
C052680A,1980-05-26T18:41:51,-69.17,-19.43,104.0,6.0,mw,177.0,23.0,-83.0,349.0,67.0,-93.0,22.0,82.0,3.0,350.0,67.0,254.0,-6.928e+18,-6.07e+17,7.535e+18,1.495e+18,-7.093e+18,-1.052e+18,gcmt,332_gcmt,deep_subduction
643689,1980-06-16T05:45:09,-68.582,-22.247,106.4,5.56,mw,6.0,44.0,-77.0,168.0,47.0,-102.0,44.64557499574944,266.84323575403465,43.381663487241646,107.86778665078202,10.691189433908736,7.590162200858742,-2.13,-0.99,3.12,-0.19,0.14,-0.23,gem,334_gem,deep_subduction
B061680B,1980-06-16T05:45:18,-68.87,-21.83,118.0,5.5,mw,6.0,44.0,-77.0,168.0,47.0,-102.0,2.0,267.0,9.0,176.0,81.0,7.0,-2.132e+17,-9.91e+16,3.123e+17,-1.9e+16,1.4299999999999998e+16,-2.35e+16,gcmt,334_gcmt,deep_subduction
B071380A,1980-07-13T06:20:30,-70.15,-33.47,103.0,5.7,mwc,102.0,14.0,178.0,195.0,89.0,76.0,44.0,91.0,14.0,195.0,43.0,299.0,,,,,,,us,26_us,deep_subduction
641755,1980-07-13T06:20:31,-70.249,-33.495,100.4,5.66,mw,102.0,14.0,178.0,195.0,89.0,76.0,43.29649177628768,90.23980808981185,13.993214447355603,193.82008272747143,43.35147528925514,297.4269937388418,0.69,-1.68,0.99,-0.43,-3.73,-0.31,gem,26_gem,deep_subduction
B071380A,1980-07-13T06:20:37,-70.49,-33.47,113.4,5.6,mw,102.0,14.0,178.0,195.0,89.0,76.0,44.0,91.0,14.0,195.0,43.0,299.0,6.870000000000001e+16,-1.682e+17,9.95e+16,-4.32e+16,-3.728e+17,-3.1e+16,gcmt,26_gcmt,deep_subduction
C071980A,1980-07-19T11:52:20,-69.68,-29.0,110.0,5.9,mwc,306.0,26.0,-77.0,112.0,65.0,-96.0,20.0,206.0,6.0,114.0,70.0,9.0,,,,,,,us,335_us,deep_subduction
642123,1980-07-19T11:52:21,-69.671,-29.052,107.6,5.95,mw,112.0,65.0,-96.0,306.0,26.0,-77.0,44.85406930916498,26.50523326580992,8.409730001484414,288.04693695682977,43.92015417624589,189.8618989489096,-8.09,5.89,2.19,-6.22,1.88,-3.05,gem,335_gem,deep_subduction
C071980A,1980-07-19T11:52:29,-69.89,-29.0,129.3,6.1,mw,306.0,26.0,-77.0,112.0,65.0,-96.0,20.0,206.0,6.0,114.0,70.0,9.0,-8.087e+17,5.889e+17,2.198e+17,-6.221e+17,1.875e+17,-3.052e+17,gcmt,335_gcmt,deep_subduction
B080380A,1980-08-03T03:00:49,-69.99,-35.25,151.0,5.3,mwc,2.0,20.0,93.0,179.0,70.0,89.0,65.0,87.0,1.0,180.0,25.0,270.0,,,,,,,us,27_us,deep_subduction
639605,1980-08-03T03:00:50,-69.939,-35.274,148.6,5.27,mw,2.0,20.0,93.0,179.0,70.0,89.0,44.97436695583436,86.98483530985607,1.3376472296743631,178.32165034798936,44.994409535895166,269.65940114340174,7.26,-1.58,-5.67,0.23,-7.68,-0.11,gem,27_gem,deep_subduction
B080380A,1980-08-03T03:00:53,-69.82,-35.46,163.9,5.3,mw,2.0,20.0,93.0,179.0,70.0,89.0,65.0,87.0,1.0,180.0,25.0,270.0,7.259e+16,-1.58e+16,-5.678e+16,2270000000000000.0,-7.682e+16,-1120000000000000.0,gcmt,27_gcmt,deep_subduction
635196,1980-11-08T21:35:46,-67.858,-24.4,125.6,5.35,mw,137.0,28.0,-95.0,323.0,62.0,-87.0,44.97373179538898,50.69644698635699,4.161525897957088,144.86516254049093,44.72453378688329,238.99770952272297,-1.11,0.47,0.63,0.43,-0.62,-0.51,gem,336_gem,deep_subduction
B110880C,1980-11-08T21:35:50,-68.06,-24.42,146.9,5.4,mw,137.0,28.0,-95.0,323.0,62.0,-87.0,17.0,51.0,3.0,142.0,72.0,240.0,-1.107e+17,4.69e+16,6.38e+16,4.28e+16,-6.22e+16,-5.07e+16,gcmt,336_gcmt,deep_subduction
633873,1980-12-11T18:15:07,-68.179,-21.43,116.2,6.31,mw,5.0,55.0,-74.0,159.0,38.0,-111.0,44.23255954978493,263.6283549805204,31.754343424409186,30.68193651276215,29.09337395356549,140.82678826649175,-2.95,-0.69,3.64,-0.45,-1.15,-0.56,gem,337_gem,deep_subduction
C121180B,1980-12-11T18:15:14,-68.46,-21.26,120.8,6.1,mw,159.0,38.0,-111.0,5.0,55.0,-74.0,9.0,84.0,13.0,176.0,74.0,319.0,-2.948e+18,-6.93e+17,3.642e+18,-4.48e+17,-1.15e+18,-5.6200000000000006e+17,gcmt,337_gcmt,deep_subduction
634505,1980-12-25T06:32:47,-67.189,-31.514,123.0,5.07,mw,14.0,52.0,-77.0,173.0,40.0,-106.0,44.53726013774887,274.79350498205895,32.95851917777459,44.43556282860936,27.42254583860085,154.09394954363756,-4.57,-0.69,5.25,-0.83,-0.9,0.37,gem,29_gem,deep_subduction
B122580B,1980-12-25T06:32:51,-67.19,-31.0,138.1,5.1,mw,173.0,40.0,-106.0,14.0,52.0,-77.0,6.0,94.0,11.0,185.0,78.0,335.0,-4.567e+16,-6899999999999999.0,5.257e+16,-8350000000000000.0,-9030000000000000.0,3730000000000000.0,gcmt,29_gcmt,deep_subduction
633214,1981-01-27T14:25:45,-68.117,-23.153,125.7,5.3,mw,12.0,66.0,-68.0,147.0,32.0,-130.0,43.012008314712126,265.814995707138,28.177392069311733,25.79822581162756,33.93797967192772,136.92806528672065,-7.8,-0.91,8.71,-3.37,-6.3,-1.95,gem,339_gem,deep_subduction
B012781C,1981-01-27T14:25:51,-68.09,-23.22,140.2,5.4,mw,147.0,32.0,-130.0,12.0,66.0,-68.0,18.0,86.0,20.0,183.0,62.0,318.0,-7.802e+16,-9130000000000000.0,8.715e+16,-3.3690000000000004e+16,-6.298e+16,-1.949e+16,gcmt,339_gcmt,deep_subduction
629084,1981-03-02T21:19:57,-66.085,-22.636,250.0,5.68,mw,167.0,87.0,93.0,305.0,4.0,49.0,44.91262620617109,260.1653507113765,3.0123565867748563,167.15801674205545,44.92914318331223,74.14894678807866,0.69,-0.57,-0.11,0.87,-3.91,0.1,gem,340_gem,deep_subduction
B030281C,1981-03-02T21:20:06,-65.89,-22.47,273.5,5.1,mw,305.0,4.0,49.0,167.0,87.0,93.0,48.0,80.0,3.0,347.0,42.0,254.0,6.860000000000001e+16,-5.679999999999999e+16,-1.18e+16,8.71e+16,-3.906e+17,1.03e+16,gcmt,340_gcmt,deep_subduction
629592,1981-03-09T07:46:33,-66.458,-23.786,213.3,5.24,mw,198.0,36.0,-46.0,328.0,65.0,-117.0,42.1594129833036,77.29581453787353,34.0434501721747,309.5806492330513,29.071288851219524,197.51938666996344,-5.69,-2.98,8.66,3.14,-4.07,-2.17,gem,341_gem,deep_subduction
B030981B,1981-03-09T07:46:41,-66.59,-23.52,220.7,5.3,mw,198.0,36.0,-46.0,328.0,65.0,-117.0,16.0,77.0,24.0,339.0,60.0,198.0,-5.686e+16,-2.977e+16,8.663e+16,3.142e+16,-4.069e+16,-2.17e+16,gcmt,341_gcmt,deep_subduction
630454,1981-03-26T18:04:44,-68.994,-19.586,130.2,6.47,mw,179.0,14.0,-76.0,345.0,76.0,-93.0,44.932582335696864,77.44620415022746,3.769535513953655,343.6773765468296,44.81977324515108,249.92338199711523,-1.84,-1.91,3.75,1.32,-5.37,-1.14,gem,342_gem,deep_subduction
C032681B,1981-03-26T18:04:51,-69.22,-19.54,143.9,5.8,mw,179.0,14.0,-76.0,345.0,76.0,-93.0,31.0,78.0,3.0,346.0,59.0,251.0,-1.84e+18,-1.911e+18,3.751e+18,1.319e+18,-5.371e+18,-1.141e+18,gcmt,342_gcmt,deep_subduction
B040681A,1981-04-06T14:34:01,-71.05,-35.37,88.0,5.2,mwc,95.0,33.0,163.0,200.0,81.0,58.0,45.0,78.0,31.0,205.0,29.0,315.0,,,,,,,us,32_us,deep_subduction
627842,1981-04-06T14:34:02,-71.029,-35.299,86.2,5.24,mw,95.0,33.0,163.0,200.0,81.0,58.0,34.13796976042472,77.61376294211368,32.71606641460061,193.43394668334184,38.81886015444862,314.55438612209264,2.32,-2.95,0.62,-2.12,-6.9,-4.64,gem,32_gem,deep_subduction
B040681A,1981-04-06T14:34:09,-70.81,-35.36,112.8,5.3,mw,95.0,33.0,163.0,200.0,81.0,58.0,45.0,78.0,31.0,205.0,29.0,315.0,2.323e+16,-2.948e+16,6250000000000000.0,-2.116e+16,-6.902999999999999e+16,-4.644999999999999e+16,gcmt,32_gcmt,deep_subduction
624634,1981-06-01T19:50:14,-65.297,-20.489,330.8,5.48,mw,214.0,25.0,-42.0,343.0,74.0,-109.0,43.13050235689604,88.16464053608564,21.455181154506864,336.5623197631601,39.162244162568186,227.89348066996573,-1.06,-0.22,1.28,0.68,-1.49,0.25,gem,345_gem,deep_subduction
B060181D,1981-06-01T19:50:20,-65.12,-20.24,349.1,5.0,mw,214.0,25.0,-42.0,343.0,74.0,-109.0,26.0,88.0,18.0,349.0,57.0,228.0,-1.061e+17,-2.21e+16,1.2809999999999998e+17,6.770000000000001e+16,-1.494e+17,2.53e+16,gcmt,345_gcmt,deep_subduction
625277,1981-06-16T05:41:53,-68.425,-21.637,105.0,5.43,mw,118.0,40.0,-128.0,344.0,59.0,-62.0,42.47056518452869,54.28644073767731,38.864150103759904,191.82048370368787,22.81564800797488,301.6372824325032,-1.24,0.31,0.93,-0.01,-0.7,-1.17,gem,347_gem,deep_subduction
B061681B,1981-06-16T05:41:58,-68.77,-21.63,125.2,5.4,mw,118.0,40.0,-128.0,344.0,59.0,-62.0,10.0,54.0,24.0,149.0,64.0,303.0,-1.2430000000000002e+17,3.1e+16,9.33e+16,-700000000000000.0,-7.019999999999999e+16,-1.165e+17,gcmt,347_gcmt,deep_subduction
623895,1981-07-18T11:15:17,-66.345,-22.907,236.5,5.39,mw,243.0,17.0,-6.0,338.0,88.0,-107.0,42.70921704132647,84.52892938956421,16.933888117032108,338.2062278857785,42.42406601686344,232.0502394499011,-0.06,-0.35,0.41,0.53,-1.34,0.27,gem,349_gem,deep_subduction
B071881A,1981-07-18T11:15:24,-66.4,-22.69,232.2,5.0,mw,243.0,17.0,-6.0,338.0,88.0,-107.0,41.0,84.0,17.0,339.0,44.0,231.0,-6300000000000000.0,-3.48e+16,4.1e+16,5.25e+16,-1.343e+17,2.7e+16,gcmt,349_gcmt,deep_subduction
611825,1981-09-20T10:48:21,-66.598,-23.113,230.2,5.47,mw,65.0,23.0,-136.0,293.0,74.0,-73.0,43.49021594939038,9.925617927508824,18.93431807572708,118.91706640424616,40.4574071108806,225.9276332011606,-1.29,0.95,0.33,1.3,-1.08,0.35,gem,350_gem,deep_subduction
B092081D,1981-09-20T10:48:26,-66.59,-23.13,230.9,5.1,mw,65.0,23.0,-136.0,293.0,74.0,-73.0,27.0,10.0,16.0,108.0,58.0,226.0,-1.286e+17,9.54e+16,3.32e+16,1.303e+17,-1.085e+17,3.52e+16,gcmt,350_gcmt,deep_subduction
608152,1981-11-02T14:30:55,-69.712,-18.882,94.7,5.31,mw,4.0,77.0,-101.0,224.0,17.0,-51.0,44.3076141828801,283.0705924470826,11.8859000720725,181.21477381473483,43.26071082216676,79.79063736376486,-0.45,-0.1,0.54,-0.07,-1.02,0.28,gem,352_gem,deep_subduction
B110281C,1981-11-02T14:31:01,-69.14,-18.62,135.2,5.1,mw,224.0,17.0,-51.0,4.0,77.0,-101.0,31.0,103.0,10.0,7.0,57.0,260.0,-4.46e+16,-9500000000000000.0,5.42e+16,-6900000000000001.0,-1.0249999999999998e+17,2.7600000000000004e+16,gcmt,352_gcmt,deep_subduction
B111781A,1981-11-17T07:11:29,-69.72,-25.97,69.1,5.4,mw,144.0,11.0,101.0,312.0,80.0,88.0,55.0,220.0,2.0,313.0,35.0,44.0,5.9e+16,-2.65e+16,-3.26e+16,-1.195e+17,1.079e+17,3.3900000000000004e+16,gcmt,354_gcmt,deep_subduction
609320,1981-11-30T15:42:28,-70.088,-17.34,129.1,5.54,mw,93.0,3.0,-148.0,331.0,88.0,-87.0,44.94652872608681,58.560537824321045,2.547731696496699,151.10603327131935,44.940257627697534,243.6509711958293,0.09,-0.18,0.09,1.23,-2.19,-0.45,gem,355_gem,deep_subduction
B113081A,1981-11-30T15:42:33,-70.24,-17.43,144.0,5.4,mw,93.0,3.0,-148.0,331.0,88.0,-87.0,43.0,59.0,3.0,151.0,47.0,244.0,9400000000000000.0,-1.85e+16,9100000000000000.0,1.2290000000000002e+17,-2.191e+17,-4.47e+16,gcmt,355_gcmt,deep_subduction
B121581A,1981-12-15T12:31:59,-71.36,-36.28,95.0,5.0,mwc,157.0,10.0,-61.0,308.0,81.0,-95.0,36.0,42.0,5.0,309.0,54.0,212.0,,,,,,,us,33_us,deep_subduction
607177,1981-12-15T12:32:00,-71.438,-36.291,95.6,5.04,mw,157.0,10.0,-61.0,308.0,81.0,-95.0,44.84371310213546,41.90048338490783,5.061568958430059,306.846765642704,44.71029888334075,211.81658991079087,-1.1,0.44,0.66,3.46,-2.7,-1.26,gem,33_gem,deep_subduction
B121581A,1981-12-15T12:32:02,-71.16,-36.13,104.6,5.2,mw,157.0,10.0,-61.0,308.0,81.0,-95.0,36.0,42.0,5.0,309.0,54.0,212.0,-1.102e+16,4370000000000000.0,6650000000000000.0,3.461e+16,-2.7e+16,-1.2609999999999998e+16,gcmt,33_gcmt,deep_subduction
603866,1982-02-10T20:38:06,-66.531,-22.756,234.1,6.74,mw,235.0,10.0,-28.0,353.0,85.0,-99.0,44.41968768542185,90.76521710517738,8.936388123068914,351.90101518858404,44.19763017138436,253.1058215541451,-0.24,-0.12,0.36,0.19,-1.56,0.21,gem,356_gem,deep_subduction
B021082A,1982-02-10T20:38:17,-66.09,-22.76,236.6,5.9,mw,235.0,10.0,-28.0,353.0,85.0,-99.0,39.0,92.0,9.0,354.0,49.0,253.0,-2.42e+18,-1.22e+18,3.64e+18,1.89e+18,-1.556e+19,2.08e+18,gcmt,357_gcmt,deep_subduction
602777,1982-03-22T21:44:09,-68.782,-19.988,120.5,5.34,mw,232.0,12.0,-25.0,347.0,85.0,-101.0,44.13187973284181,86.43152953630602,11.027440338470038,345.53361590658983,43.77129030963971,244.77374290034243,-0.24,-0.1,0.33,0.31,-1.21,0.17,gem,358_gem,deep_subduction
B032282D,1982-03-22T21:44:17,-69.3,-19.96,139.3,5.1,mw,232.0,12.0,-25.0,347.0,85.0,-101.0,39.0,87.0,11.0,348.0,49.0,244.0,-2.36e+16,-9800000000000000.0,3.33e+16,3.12e+16,-1.21e+17,1.7499999999999998e+16,gcmt,358_gcmt,deep_subduction
600899,1982-04-19T11:54:28,-66.103,-22.731,250.5,5.42,mw,0.0,72.0,-95.0,194.0,19.0,-76.0,44.875857891227625,273.9603703968478,5.868918614406887,178.08601932991405,44.52505476167807,82.28341436261519,-1.0,-0.04,1.04,0.05,-1.38,0.13,gem,359_gem,deep_subduction
B041982C,1982-04-19T11:54:35,-66.17,-22.7,266.0,5.3,mw,194.0,19.0,-76.0,0.0,72.0,-95.0,27.0,93.0,4.0,1.0,63.0,262.0,-9.99e+16,-4300000000000000.0,1.042e+17,5100000000000000.0,-1.377e+17,1.26e+16,gcmt,359_gcmt,deep_subduction
598270,1982-05-03T07:26:02,-68.857,-23.624,105.2,5.48,mw,24.0,63.0,-23.0,125.0,70.0,-151.0,29.63078944717257,253.25255323806675,59.82621933089194,85.20807866497057,5.192603323400275,346.2154876965218,-1.08,-1.08,2.16,-0.43,0.17,-1.04,gem,360_gem,deep_subduction
599762,1982-05-29T03:26:58,-68.441,-22.431,109.4,5.48,mw,172.0,23.0,-67.0,327.0,69.0,-100.0,44.59825803958466,64.48433351382522,11.755354760232075,322.6431364842729,43.02196798010146,221.44493475030333,-1.19,-0.12,1.31,0.83,-1.23,-0.73,gem,361_gem,deep_subduction
B052982B,1982-05-29T03:27:04,-68.62,-22.28,116.6,5.2,mw,172.0,23.0,-67.0,327.0,69.0,-100.0,23.0,65.0,9.0,331.0,65.0,221.0,-1.185e+17,-1.25e+16,1.31e+17,8.32e+16,-1.234e+17,-7.28e+16,gcmt,361_gcmt,deep_subduction
596514,1982-06-03T06:43:49,-68.198,-19.148,172.6,5.43,mw,29.0,48.0,-133.0,263.0,57.0,-54.0,40.72397375538837,327.9574378744767,47.60546161038934,128.50991109625818,9.795119967013,229.41038817694576,-1.25,1.16,0.08,0.53,-0.28,1.19,gem,363_gem,deep_subduction
B060382A,1982-06-03T06:43:56,-68.36,-19.41,195.0,5.2,mw,29.0,48.0,-133.0,263.0,57.0,-54.0,5.0,328.0,30.0,61.0,59.0,229.0,-1.248e+17,1.162e+17,8599999999999998.0,5.28e+16,-2.7900000000000004e+16,1.193e+17,gcmt,363_gcmt,deep_subduction
596927,1982-06-10T11:43:07,-67.475,-21.494,190.0,5.31,mw,51.0,57.0,-152.0,305.0,67.0,-37.0,33.71671644229435,359.8970789328814,55.05678570890059,162.6570772183071,8.117244586965908,264.4353246137872,-0.46,1.06,-0.6,0.17,-0.69,0.08,gem,364_gem,deep_subduction
B061082B,1982-06-10T11:43:15,-67.45,-21.37,202.3,5.0,mw,51.0,57.0,-152.0,305.0,67.0,-37.0,6.0,0.0,48.0,97.0,42.0,264.0,-4.56e+16,1.064e+17,-6.08e+16,1.7199999999999998e+16,-6.949999999999999e+16,8300000000000000.0,gcmt,364_gcmt,deep_subduction
595592,1982-07-19T23:52:56,-66.787,-23.942,209.3,5.39,mw,8.0,63.0,-106.0,219.0,31.0,-62.0,44.027787825072565,289.73078628583585,22.995652863219327,175.51200207423017,37.12910935688071,66.77049310383893,-1.18,0.1,1.08,0.07,-0.86,0.51,gem,366_gem,deep_subduction
B071982B,1982-07-19T23:53:04,-66.84,-23.93,231.3,5.2,mw,219.0,31.0,-62.0,8.0,63.0,-106.0,16.0,109.0,14.0,15.0,68.0,247.0,-1.181e+17,9700000000000000.0,1.084e+17,6600000000000000.0,-8.65e+16,5.14e+16,gcmt,366_gcmt,deep_subduction
591465,1982-09-03T20:14:32,-66.686,-23.911,195.7,5.42,mw,218.0,44.0,-36.0,336.0,66.0,-128.0,39.26194882386332,92.09665277833231,43.9822247452789,310.0187799146379,20.02330795678625,199.42693020915763,-1.01,-0.59,1.59,0.72,-0.63,0.26,gem,368_gem,deep_subduction
B090382D,1982-09-03T20:14:41,-66.52,-23.84,204.3,5.4,mw,218.0,44.0,-36.0,336.0,66.0,-128.0,12.0,93.0,34.0,354.0,53.0,199.0,-1.0069999999999998e+17,-5.9e+16,1.597e+17,7.18e+16,-6.33e+16,2.59e+16,gcmt,368_gcmt,deep_subduction
591882,1982-09-11T14:12:19,-67.047,-24.219,185.0,5.34,mw,167.0,29.0,-99.0,357.0,61.0,-85.0,44.910329828779126,83.6163083654634,7.980345846739712,181.64985756838016,43.98509801858015,279.42643095794887,-1.06,-0.06,1.12,-0.01,-0.69,-0.16,gem,369_gem,deep_subduction
B091182B,1982-09-11T14:12:25,-67.17,-24.22,198.1,5.1,mw,167.0,29.0,-99.0,357.0,61.0,-85.0,16.0,84.0,4.0,175.0,73.0,279.0,-1.064e+17,-5700000000000000.0,1.121e+17,-1300000000000000.0,-6.929999999999999e+16,-1.59e+16,gcmt,369_gcmt,deep_subduction
589249,1982-11-18T20:39:52,-65.848,-31.203,162.6,6.0,mw,129.0,24.0,-114.0,335.0,68.0,-80.0,44.53297392475005,57.14238584769072,13.021464732306804,160.29367650766244,42.55528551150527,262.5522686434889,-8.79,3.46,5.33,2.87,-8.28,-4.33,gem,372_gem,deep_subduction
B111882C,1982-11-18T20:39:54,-65.74,-31.21,166.2,5.5,mw,129.0,24.0,-114.0,335.0,68.0,-80.0,22.0,57.0,10.0,151.0,66.0,263.0,-8.794e+17,3.461e+17,5.333e+17,2.8690000000000003e+17,-8.276999999999999e+17,-4.33e+17,gcmt,372_gcmt,deep_subduction
588237,1982-12-31T01:35:35,-68.289,-21.541,130.0,5.32,mw,183.0,33.0,-74.0,344.0,59.0,-100.0,44.65623234027533,81.4670237954702,18.28953816248128,332.4061020529399,39.67044307547921,226.49702202015985,-1.0,-0.1,1.1,0.24,-0.5,-0.15,gem,373_gem,deep_subduction
B123182C,1982-12-31T01:35:37,-68.66,-21.41,142.4,5.3,mw,183.0,33.0,-74.0,344.0,59.0,-100.0,13.0,81.0,9.0,349.0,74.0,227.0,-1.004e+17,-1.04e+16,1.1080000000000002e+17,2.37e+16,-4.97e+16,-1.47e+16,gcmt,373_gcmt,deep_subduction
588246,1982-12-31T03:47:28,-68.535,-21.214,111.1,5.97,mw,119.0,82.0,83.0,340.0,11.0,130.0,44.42557926170439,200.860926363252,7.207910107621083,297.98156264925206,44.67238074941181,35.164139453015764,4.36,-0.91,-3.45,9.57,-4.65,0.34,gem,374_gem,deep_subduction
583771,1983-01-01T05:31:55,-69.174,-17.202,163.4,6.27,mw,216.0,32.0,-19.0,322.0,80.0,-121.0,39.4004823806895,76.44626300410215,31.599851109867952,316.09233273919943,34.60634253815387,200.97338117909692,-0.94,-1.19,2.12,1.8,-1.83,-0.07,gem,376_gem,deep_subduction
B010183A,1983-01-01T05:32:01,-69.45,-17.03,171.8,5.7,mw,216.0,32.0,-19.0,322.0,80.0,-121.0,28.0,76.0,30.0,328.0,46.0,200.0,-9.38e+17,-1.189e+18,2.127e+18,1.802e+18,-1.832e+18,-6.6e+16,gcmt,376_gcmt,deep_subduction
584401,1983-01-10T09:17:35,-68.279,-21.962,114.3,5.87,mw,7.0,80.0,-85.0,162.0,11.0,-115.0,44.84258282833971,272.6950452824808,5.23806656095406,7.926234586505984,44.679870407524135,103.12771337468295,-1.33,-2.59,3.92,-0.73,-7.26,0.17,gem,377_gem,deep_subduction
B011083B,1983-01-10T09:17:37,-69.16,-21.95,131.9,5.6,mw,162.0,11.0,-115.0,7.0,80.0,-85.0,35.0,93.0,5.0,187.0,55.0,283.0,-1.332e+17,-2.59e+17,3.923e+17,-7.35e+16,-7.257e+17,1.66e+16,gcmt,378_gcmt,deep_subduction
585757,1983-01-26T01:05:49,-67.195,-24.229,176.3,5.39,mw,163.0,25.0,-91.0,344.0,65.0,-90.0,44.99911747532651,73.75248401431503,0.6573161807051825,164.40982320428463,44.99334190626218,255.0670298786727,-1.02,-0.19,1.2,0.28,-0.96,-0.47,gem,379_gem,deep_subduction
B012683D,1983-01-26T01:05:55,-67.22,-24.28,187.6,5.2,mw,163.0,25.0,-91.0,344.0,65.0,-90.0,20.0,73.0,0.0,163.0,70.0,254.0,-1.0189999999999998e+17,-1.88e+16,1.207e+17,2.82e+16,-9.61e+16,-4.68e+16,gcmt,379_gcmt,deep_subduction
585891,1983-01-27T19:01:34,-67.08,-24.347,177.6,5.75,mw,216.0,31.0,-29.0,332.0,76.0,-117.0,40.91553409120741,82.77621815987067,29.896661458564136,322.8880662580259,34.609800917808045,209.5113308674739,-2.2,-1.47,3.67,2.36,-3.28,0.29,gem,380_gem,deep_subduction
B012783A,1983-01-27T19:01:40,-67.33,-24.02,191.4,5.5,mw,216.0,31.0,-29.0,332.0,76.0,-117.0,26.0,83.0,26.0,339.0,52.0,210.0,-2.202e+17,-1.474e+17,3.676e+17,2.36e+17,-3.283e+17,2.89e+16,gcmt,380_gcmt,deep_subduction
581950,1983-02-01T04:22:52,-68.902,-23.076,99.5,5.26,mw,13.0,71.0,-69.0,143.0,28.0,-137.0,42.9094545536362,266.9961736326041,24.461049323273084,22.011721754019334,37.167676309582255,132.18666530843046,-5.5,-1.37,6.86,-2.75,-6.85,-1.74,gem,381_gem,deep_subduction
B020183A,1983-02-01T04:22:57,-69.06,-23.09,100.6,5.2,mw,143.0,28.0,-137.0,13.0,71.0,-69.0,24.0,87.0,20.0,186.0,58.0,313.0,-5.498e+16,-1.367e+16,6.865e+16,-2.746e+16,-6.85e+16,-1.7390000000000002e+16,gcmt,381_gcmt,deep_subduction
582930,1983-02-15T23:21:09,-66.591,-23.039,214.6,5.48,mw,93.0,14.0,-157.0,340.0,85.0,-77.0,43.79918214002545,58.99322941644118,13.09311335005313,161.88031461519824,43.25910383087306,264.5223776059555,-0.19,0.01,0.17,0.75,-1.78,-0.67,gem,382_gem,deep_subduction
B021583A,1983-02-15T23:21:14,-66.71,-23.02,229.1,5.0,mw,93.0,14.0,-157.0,340.0,85.0,-77.0,38.0,58.0,13.0,159.0,49.0,264.0,-1.88e+16,1500000000000000.0,1.7299999999999998e+16,7.53e+16,-1.779e+17,-6.68e+16,gcmt,382_gcmt,deep_subduction
583574,1983-02-25T22:49:53,-69.301,-18.561,138.0,6.68,mw,253.0,15.0,-14.0,357.0,87.0,-104.0,43.387379288070974,99.91120106389816,14.654435337261406,355.60081247809427,42.94288557581358,251.5157939414657,-0.14,-0.07,0.2,0.07,-1.26,0.31,gem,383_gem,deep_subduction
C022583B,1983-02-25T22:49:58,-69.47,-18.61,144.9,5.9,mw,253.0,15.0,-14.0,357.0,87.0,-104.0,40.0,100.0,14.0,358.0,47.0,252.0,-1.36e+18,-7.3e+17,2.09e+18,7.4e+17,-1.262e+19,3.1e+18,gcmt,383_gcmt,deep_subduction
576838,1983-05-23T00:54:12,-69.202,-19.101,105.5,5.4,mw,133.0,18.0,-129.0,353.0,76.0,-78.0,44.25620827370596,73.98161399321793,12.627494185789825,176.59011563632453,43.00387084630547,278.65035669295764,-0.54,-0.32,0.85,0.2,-1.33,-0.49,gem,388_gem,deep_subduction
B052383A,1983-05-23T00:54:16,-69.59,-18.96,116.0,5.5,mw,133.0,18.0,-129.0,353.0,76.0,-78.0,30.0,74.0,11.0,170.0,58.0,279.0,-5.36e+16,-3.19e+16,8.54e+16,2.05e+16,-1.332e+17,-4.91e+16,gcmt,388_gcmt,deep_subduction
573582,1983-06-06T16:22:34,-67.235,-24.39,177.3,5.27,mw,190.0,32.0,-53.0,328.0,65.0,-111.0,43.30286134032652,73.50277449046018,27.26139840739248,314.44907345028554,34.43717786210176,203.75887992895332,-6.87,-1.46,8.33,4.06,-4.43,-2.18,gem,389_gem,deep_subduction
B060683B,1983-06-06T16:22:37,-67.27,-24.36,193.9,5.3,mw,190.0,32.0,-53.0,328.0,65.0,-111.0,17.0,73.0,19.0,337.0,64.0,203.0,-6.874e+16,-1.462e+16,8.336e+16,4.058e+16,-4.428e+16,-2.179e+16,gcmt,389_gcmt,deep_subduction
B072183A,1983-07-21T07:11:33,-69.25,-22.53,135.2,5.5,mw,122.0,22.0,-160.0,13.0,83.0,-70.0,35.0,85.0,20.0,190.0,48.0,305.0,-9.7e+16,-1.335e+17,2.306e+17,-8.89e+16,-4.604e+17,-1.167e+17,gcmt,390_gcmt,deep_subduction
572548,1983-07-21T07:11:34,-68.643,-22.288,120.1,5.75,mw,13.0,83.0,-70.0,122.0,22.0,-160.0,42.30613699168751,265.8318373963773,20.401588170090736,15.617439138418888,40.71127662763574,124.28254817117607,-0.97,-1.33,2.3,-0.89,-4.6,-1.17,gem,390_gem,deep_subduction
B090183C,1983-09-01T20:01:52,-69.93,-17.43,105.1,5.9,mw,143.0,13.0,-86.0,319.0,77.0,-91.0,32.0,50.0,1.0,319.0,58.0,228.0,-4.522e+17,1.904e+17,2.618e+17,5.547e+17,-6.268e+17,-1.557e+17,gcmt,392_gcmt,deep_subduction
B092183B,1983-09-21T10:27:58,-69.14,-19.31,115.8,5.3,mw,129.0,17.0,-84.0,302.0,73.0,-92.0,28.0,34.0,2.0,303.0,62.0,210.0,-2.71e+16,1.306e+16,1.404e+16,2.549e+16,-1.596e+16,-90000000000000.0,gcmt,393_gcmt,deep_subduction
568796,1983-09-21T10:27:58,-69.303,-19.03,107.3,4.97,mw,129.0,17.0,-84.0,302.0,73.0,-92.0,44.98280561233461,34.194780192968324,2.1073636393212074,302.08725556644055,44.93971953824393,209.98289967786184,-2.71,1.31,1.4,2.55,-1.6,-0.01,gem,393_gem,deep_subduction
566886,1983-10-21T08:14:18,-69.232,-30.766,113.3,5.42,mw,200.0,73.0,-65.0,323.0,30.0,-143.0,41.88842582001376,90.9121104058624,27.95768303599361,209.33870060708549,35.32972998134871,321.43808883437856,-0.94,-0.2,1.14,0.75,1.1,-0.28,gem,40_gem,deep_subduction
B102183A,1983-10-21T08:14:18,-69.11,-30.64,117.0,5.4,mwc,323.0,30.0,-143.0,200.0,73.0,-65.0,24.0,271.0,23.0,12.0,56.0,142.0,,,,,,,us,40_us,deep_subduction
B102183A,1983-10-21T08:14:23,-68.61,-30.69,131.6,5.5,mw,323.0,30.0,-143.0,200.0,73.0,-65.0,24.0,271.0,23.0,12.0,56.0,142.0,-9.44e+16,-1.96e+16,1.141e+17,7.46e+16,1.1020000000000002e+17,-2.82e+16,gcmt,40_gcmt,deep_subduction
562902,1983-12-15T04:22:33,-70.12,-33.099,106.0,6.2,mw,4.0,82.0,-115.0,257.0,27.0,-19.0,32.0,115.0,25.0,8.0,47.0,248.0,-64000000000.0,14000000000.000002,50000000000.0,0.0,-212000000000.0,107000000000.0,neis,44_neis,deep_subduction
562902,1983-12-15T04:22:34,-70.237,-33.153,99.3,6.01,mw,9.0,69.0,-95.0,202.0,21.0,-78.0,44.88619483610814,282.8634315952576,6.266570793568689,186.58413513049905,44.43110684558917,90.40419746565136,-8.19,0.2,7.99,-1.06,-9.36,2.21,gem,44_gem,deep_subduction
B121583A,1983-12-15T04:22:36,-70.56,-33.09,103.6,5.9,mw,202.0,21.0,-78.0,9.0,69.0,-95.0,24.0,102.0,4.0,10.0,65.0,271.0,-8.194000000000001e+17,2.03e+16,7.991e+17,-1.062e+17,-9.358e+17,2.21e+17,gcmt,44_gcmt,deep_subduction
560173,1984-01-01T22:08:14,-66.01,-22.783,258.2,6.01,mw,238.0,13.0,-20.0,348.0,86.0,-102.0,43.88653231523018,88.7115659495318,12.345228416162362,346.55892338598346,43.49343891521718,244.5745472197796,-0.08,-0.3,0.38,0.2,-1.2,0.13,gem,399_gem,deep_subduction
B010184C,1984-01-01T22:08:24,-65.87,-22.22,274.7,5.4,mw,238.0,13.0,-20.0,348.0,86.0,-102.0,40.0,89.0,12.0,349.0,48.0,246.0,-8.3e+16,-3e+17,3.84e+17,2.03e+17,-1.201e+18,1.34e+17,gcmt,399_gcmt,deep_subduction
560529,1984-01-06T15:01:36,-68.782,-23.725,96.7,5.43,mw,5.0,75.0,-122.0,253.0,35.0,-26.0,39.69892999199083,299.0861718312991,34.415321727137,174.4220005511679,31.471198568244777,59.62777252461882,-0.69,-0.14,0.82,-0.24,-1.23,1.12,gem,400_gem,deep_subduction
B010684A,1984-01-06T15:01:41,-69.18,-23.55,108.1,5.4,mw,253.0,35.0,-26.0,5.0,75.0,-122.0,23.0,119.0,31.0,14.0,49.0,240.0,-6.879999999999999e+16,-1.3800000000000002e+16,8.26e+16,-2.45e+16,-1.232e+17,1.1200000000000002e+17,gcmt,400_gcmt,deep_subduction
559885,1984-02-26T08:18:20,-70.681,-17.429,108.5,6.09,mw,169.0,21.0,-69.0,327.0,71.0,-98.0,44.70916479532596,62.75545195289237,9.46622886866962,323.2551642705876,43.74062275875268,224.07360771163613,-0.85,-0.11,0.96,0.7,-1.07,-0.63,gem,402_gem,deep_subduction
B022684A,1984-02-26T08:18:24,-70.65,-17.31,115.6,5.9,mw,169.0,21.0,-69.0,327.0,71.0,-98.0,25.0,63.0,7.0,330.0,64.0,225.0,-8.48e+17,-1.14e+17,9.62e+17,6.98e+17,-1.073e+18,-6.32e+17,gcmt,402_gcmt,deep_subduction
555776,1984-04-24T18:27:36,-67.173,-24.419,170.4,5.24,mw,209.0,45.0,-9.0,305.0,84.0,-135.0,32.52640384301786,68.62188990497015,44.99999999999999,299.0,27.337375140891627,177.87112021756457,-1.64,-4.99,6.63,5.14,-3.6,-3.16,gem,404_gem,deep_subduction
B042484B,1984-04-24T18:27:44,-67.03,-24.11,178.2,5.2,mw,209.0,45.0,-9.0,305.0,84.0,-135.0,25.0,69.0,45.0,312.0,35.0,178.0,-1.643e+16,-4.987e+16,6.63e+16,5.144e+16,-3.605e+16,-3.156e+16,gcmt,404_gcmt,deep_subduction
B050784A,1984-05-07T14:09:14,-66.27,-28.04,147.3,5.6,mw,185.0,51.0,-37.0,300.0,62.0,-135.0,6.0,60.0,38.0,325.0,51.0,158.0,-3.677e+16,-5890000000000000.0,4.266e+16,3.002e+16,4940000000000000.0,-3.542e+16,gcmt,405_gcmt,deep_subduction
552410,1984-05-07T14:09:17,-66.823,-27.825,167.9,5.13,mw,185.0,51.0,-37.0,300.0,62.0,-135.0,37.98361207806303,60.35813937002831,50.15495084114525,261.0201019915496,10.26445744507829,158.4869859751169,-3.68,-0.59,4.26,3.0,0.49,-3.54,gem,405_gem,deep_subduction
552612,1984-05-09T23:56:09,-70.328,-34.203,112.3,5.26,mw,31.0,60.0,-87.0,205.0,31.0,-95.0,44.968441737965215,298.80482394787134,5.179622188786078,34.0,44.56457025354641,129.1222507066551,-7.98,1.13,6.85,-2.63,-4.02,4.46,gem,46_gem,deep_subduction
B050984A,1984-05-09T23:56:09,-70.27,-34.14,119.0,5.3,mwc,205.0,31.0,-95.0,31.0,60.0,-87.0,15.0,119.0,3.0,209.0,75.0,309.0,,,,,,,us,46_us,deep_subduction
B050984A,1984-05-09T23:56:10,-70.19,-34.34,107.9,5.6,mw,205.0,31.0,-95.0,31.0,60.0,-87.0,15.0,119.0,3.0,209.0,75.0,309.0,-7.983e+16,1.1279999999999998e+16,6.855000000000001e+16,-2.63e+16,-4.021e+16,4.455e+16,gcmt,46_gcmt,deep_subduction
553164,1984-05-16T03:44:58,-67.26,-27.288,153.1,5.52,mw,174.0,68.0,-6.0,267.0,84.0,-158.0,18.779945183638887,38.17661725602585,67.59987017867833,252.58945932171343,11.765014288095289,132.23775053044994,-0.54,0.66,-0.12,0.8,0.01,-2.15,gem,406_gem,deep_subduction
B051684A,1984-05-16T03:45:06,-66.71,-27.07,156.4,5.4,mw,174.0,68.0,-6.0,267.0,84.0,-158.0,11.0,38.0,67.0,280.0,19.0,132.0,-5.39e+16,6.63e+16,-1.24e+16,7.98e+16,1500000000000000.0,-2.146e+17,gcmt,406_gcmt,deep_subduction
551249,1984-06-20T19:56:46,-67.087,-24.033,181.8,5.64,mw,215.0,23.0,-23.0,326.0,81.0,-111.0,42.102193736874696,74.18712361593924,22.010596077521445,322.7618023507805,39.816952800723975,213.0673624097012,-0.8,-1.13,1.92,1.66,-2.64,-0.32,gem,407_gem,deep_subduction
B062084A,1984-06-20T19:56:54,-67.04,-23.76,187.3,5.4,mw,215.0,23.0,-23.0,326.0,81.0,-111.0,33.0,74.0,21.0,329.0,49.0,213.0,-7.96e+16,-1.131e+17,1.927e+17,1.655e+17,-2.637e+17,-3.2e+16,gcmt,407_gcmt,deep_subduction
546673,1984-08-12T11:51:42,-69.284,-24.333,97.7,5.61,mw,180.0,45.0,-56.0,316.0,54.0,-119.0,42.54815144940487,66.61786615176925,44.99999999999999,270.0,11.93125974898572,167.80128166719328,-2.63,-0.07,2.7,1.2,-0.04,-1.41,gem,409_gem,deep_subduction
547056,1984-08-18T04:10:43,-66.708,-27.798,165.2,5.47,mw,160.0,38.0,-60.0,303.0,58.0,-111.0,43.52422584768546,48.934378326598,34.598843691380566,278.00160213181283,26.80195879343508,167.6069366115554,-1.6,0.57,1.02,0.83,-0.14,-1.07,gem,410_gem,deep_subduction
B081884B,1984-08-18T04:10:46,-66.83,-27.71,182.3,5.2,mw,160.0,38.0,-60.0,303.0,58.0,-111.0,10.0,48.0,18.0,315.0,69.0,167.0,-1.598e+17,5.739999999999999e+16,1.024e+17,8.27e+16,-1.4399999999999998e+16,-1.069e+17,gcmt,410_gcmt,deep_subduction
541715,1984-10-20T17:59:20,-66.721,-24.114,210.0,6.16,mw,14.0,65.0,-101.0,220.0,27.0,-67.0,44.510969254104566,292.21812922303377,15.208762637718936,186.71704229028367,41.537454120531685,82.78110600272493,-1.41,-0.05,1.45,-0.26,-1.29,0.89,gem,411_gem,deep_subduction
B102084B,1984-10-20T17:59:25,-66.94,-24.27,209.0,5.9,mw,220.0,27.0,-67.0,14.0,65.0,-101.0,19.0,113.0,10.0,19.0,68.0,262.0,-1.407e+18,-4.6e+16,1.453e+18,-2.55e+17,-1.289e+18,8.94e+17,gcmt,411_gcmt,deep_subduction
B110884E,1984-11-08T14:17:47,-68.63,-31.42,110.0,5.3,mwc,178.0,45.0,-115.0,32.0,50.0,-67.0,2.0,106.0,17.0,196.0,72.0,8.0,,,,,,,us,49_us,deep_subduction
538653,1984-11-08T14:17:48,-68.65,-31.455,109.7,5.28,mw,32.0,50.0,-67.0,178.0,45.0,-115.0,43.653286782883,285.9451398049055,45.15446058033016,89.52609178076352,8.292250770544248,187.9522140453596,-9.67,0.29,9.37,-3.35,0.06,2.57,gem,49_gem,deep_subduction
B110884E,1984-11-08T14:17:48,-68.5,-31.54,143.6,5.4,mw,178.0,45.0,-115.0,32.0,50.0,-67.0,2.0,106.0,17.0,196.0,72.0,8.0,-9.666e+16,2940000000000000.0,9.372e+16,-3.35e+16,570000000000000.0,2.574e+16,gcmt,49_gcmt,deep_subduction
B112984B,1984-11-29T19:12:29,-71.12,-35.5,85.0,5.4,mwc,151.0,19.0,-154.0,37.0,82.0,-73.0,35.0,112.0,17.0,214.0,50.0,326.0,,,,,,,us,50_us,deep_subduction
540222,1984-11-29T19:12:31,-71.177,-35.449,87.5,5.35,mw,37.0,82.0,-73.0,151.0,19.0,-154.0,43.0981309609742,292.4115425434632,17.466083278018516,39.53449782940635,41.73191368110676,145.83384500730858,-3.75,-2.32,6.06,-7.94,-9.49,0.24,gem,50_gem,deep_subduction
B112984B,1984-11-29T19:12:35,-71.28,-35.42,102.1,5.4,mw,151.0,19.0,-154.0,37.0,82.0,-73.0,35.0,112.0,17.0,214.0,50.0,326.0,-3.752e+16,-2.316e+16,6.068e+16,-7.942e+16,-9.489e+16,2400000000000000.0,gcmt,50_gcmt,deep_subduction
536390,1984-12-11T23:22:22,-68.626,-22.579,115.0,6.42,mw,8.0,79.0,-96.0,217.0,13.0,-62.0,44.780249640191215,283.0992531797832,6.348042823867835,186.76089497248933,44.51927216859698,90.48025283762668,-2.17,0.44,1.72,-0.54,-4.85,0.76,gem,412_gem,deep_subduction
B121184C,1984-12-11T23:22:29,-68.96,-22.56,128.1,5.6,mw,217.0,13.0,-62.0,8.0,79.0,-96.0,33.0,103.0,6.0,9.0,56.0,270.0,-2.165e+18,4.41e+17,1.723e+18,-5.4100000000000006e+17,-4.854e+18,7.58e+17,gcmt,413_gcmt,deep_subduction
538055,1984-12-31T13:00:32,-67.029,-23.012,168.3,5.53,mw,195.0,12.0,-54.0,339.0,80.0,-97.0,44.67807596106464,74.5348257893204,7.43576012628076,337.1199179919887,44.36226833884045,239.78676264976016,-0.64,-0.36,0.99,0.81,-2.1,-0.22,gem,414_gem,deep_subduction
B123184B,1984-12-31T13:00:43,-67.19,-22.71,201.7,5.5,mw,195.0,12.0,-54.0,339.0,80.0,-97.0,35.0,75.0,7.0,340.0,54.0,240.0,-6.36e+16,-3.63e+16,9.99e+16,8.05e+16,-2.1e+17,-2.17e+16,gcmt,414_gcmt,deep_subduction
532247,1985-02-14T08:30:56,-67.864,-24.02,132.4,5.62,mw,14.0,79.0,-30.0,111.0,61.0,-167.0,26.25275249279297,245.197748036948,59.93188215757991,33.618400321975514,13.61016131711496,148.33960962698814,-0.79,-1.27,2.06,-0.73,-1.32,-2.33,gem,416_gem,deep_subduction
B021485B,1985-02-14T08:31:04,-68.01,-23.88,143.7,5.6,mw,111.0,61.0,-167.0,14.0,79.0,-30.0,12.0,65.0,58.0,176.0,29.0,329.0,-7.91e+16,-1.272e+17,2.0630000000000003e+17,-7.26e+16,-1.316e+17,-2.33e+17,gcmt,416_gcmt,deep_subduction
B040285B,1985-04-02T02:35:28,-68.97,-28.77,94.0,5.1,mwc,133.0,58.0,-143.0,21.0,59.0,-38.0,0.0,77.0,42.0,167.0,48.0,346.0,,,,,,,us,419_us,deep_subduction
526584,1985-04-02T02:35:30,-69.075,-28.748,102.5,5.08,mw,21.0,59.0,-38.0,133.0,58.0,-143.0,36.404114334671206,257.1355388365973,53.58531080074357,75.54291307576875,0.7608490520655871,166.5744662521812,-3.34,-2.7,6.04,-0.81,-0.33,-2.1,gem,419_gem,deep_subduction
B040285B,1985-04-02T02:35:36,-69.72,-28.48,83.2,5.1,mw,133.0,58.0,-143.0,21.0,59.0,-38.0,0.0,77.0,42.0,167.0,48.0,346.0,-3.339e+16,-2.702e+16,6.041e+16,-8080000000000002.0,-3320000000000000.0,-2.1e+16,gcmt,419_gcmt,deep_subduction
525342,1985-05-18T16:59:14,-69.193,-19.212,105.7,5.93,mw,226.0,24.0,-32.0,346.0,78.0,-111.0,42.55157683323844,92.4097579488764,22.04009925783941,340.59302283891225,39.34050476231384,231.21274922369705,-2.45,-4.5,6.94,0.76,-7.96,1.1,gem,421_gem,deep_subduction
B051885A,1985-05-18T16:59:20,-69.57,-19.05,126.0,5.4,mw,226.0,24.0,-32.0,346.0,78.0,-111.0,30.0,92.0,20.0,350.0,53.0,231.0,-2.4500000000000003e+17,-4.497e+17,6.947e+17,7.63e+16,-7.957e+17,1.105e+17,gcmt,421_gcmt,deep_subduction
522354,1985-06-10T15:37:00,-66.995,-27.958,201.0,6.4,mw,79.0,53.0,-151.0,331.0,67.0,-40.0,8.0,28.0,45.0,126.0,44.0,290.0,-234000000000.0,357000000000.0,-122000000000.0,-28000000000.000004,-282000000000.0,-284000000000.0,neic,422_neic,deep_subduction
522354,1985-06-10T15:37:03,-66.791,-27.917,169.1,6.34,mw,161.0,33.0,-64.0,310.0,61.0,-106.0,44.103121089288926,52.34449414338189,24.72602957378016,295.837737044536,35.71043504607485,186.50646995977309,-2.82,0.67,2.15,1.58,-1.09,-2.5,gem,422_gem,deep_subduction
B061085B,1985-06-10T15:37:08,-66.64,-27.88,170.2,5.8,mw,161.0,33.0,-64.0,310.0,61.0,-106.0,14.0,52.0,14.0,318.0,70.0,185.0,-2.821e+18,6.65e+17,2.1560000000000005e+18,1.577e+18,-1.087e+18,-2.501e+18,gcmt,422_gcmt,deep_subduction
523292,1985-06-23T06:55:26,-67.072,-23.989,188.4,5.66,mw,205.0,13.0,-40.0,335.0,82.0,-100.0,44.3362536337011,73.01625380955363,10.346464546494232,332.7404345456806,43.81520646759439,232.65187791895505,-0.77,-0.82,1.59,1.46,-3.32,-0.37,gem,423_gem,deep_subduction
B062385A,1985-06-23T06:55:33,-66.97,-23.64,196.8,5.5,mw,205.0,13.0,-40.0,335.0,82.0,-100.0,36.0,74.0,10.0,336.0,52.0,233.0,-7.74e+16,-8.22e+16,1.595e+17,1.464e+17,-3.32e+17,-3.74e+16,gcmt,423_gcmt,deep_subduction
519003,1985-08-27T10:44:35,-67.387,-21.277,191.9,5.54,mw,63.0,37.0,-136.0,296.0,65.0,-61.0,41.77392392835143,4.879412364211078,35.5607003273858,134.5671132579224,27.83139119288244,246.7411298784387,-1.59,2.29,-0.69,1.07,-0.92,-0.05,gem,424_gem,deep_subduction
B082785C,1985-08-27T10:44:41,-67.45,-21.45,218.3,5.2,mw,63.0,37.0,-136.0,296.0,65.0,-61.0,15.0,5.0,26.0,103.0,59.0,248.0,-1.593e+17,2.287e+17,-6.939999999999999e+16,1.07e+17,-9.21e+16,-5400000000000000.0,gcmt,424_gcmt,deep_subduction
512865,1985-10-08T09:47:24,-66.438,-23.046,232.3,5.81,mw,130.0,2.0,-130.0,349.0,89.0,-89.0,44.986314597079605,78.76465358233139,1.2872614787333416,170.0516250152607,44.98476942667577,261.3385270234861,0.53,-1.53,1.0,1.24,-6.18,-0.65,gem,425_gem,deep_subduction
B100885A,1985-10-08T09:47:32,-66.24,-22.6,243.8,5.5,mw,130.0,2.0,-130.0,349.0,89.0,-89.0,44.0,78.0,1.0,169.0,46.0,260.0,5.26e+16,-1.529e+17,1.0029999999999998e+17,1.236e+17,-6.177e+17,-6.49e+16,gcmt,425_gcmt,deep_subduction
B102485A,1985-10-24T01:48:56,-68.64,-31.41,111.0,5.5,mwc,63.0,44.0,-105.0,263.0,48.0,-76.0,2.0,344.0,10.0,74.0,80.0,244.0,,,,,,,us,84_us,deep_subduction
514293,1985-10-24T01:48:56,-68.61,-31.407,108.3,5.55,mw,63.0,44.0,-105.0,263.0,48.0,-76.0,44.528794765871965,343.55153000482125,43.53836515274024,142.7369759274627,10.581746485361,242.96225120404543,-2.63,2.23,0.39,0.29,-0.46,0.61,gem,84_gem,deep_subduction
B102485A,1985-10-24T01:49:00,-68.73,-31.55,124.2,5.7,mw,63.0,44.0,-105.0,263.0,48.0,-76.0,2.0,344.0,10.0,74.0,80.0,244.0,-2.627e+17,2.235e+17,3.91e+16,2.94e+16,-4.62e+16,6.06e+16,gcmt,84_gcmt,deep_subduction
510514,1985-11-09T22:13:28,-66.704,-27.857,170.7,5.27,mw,172.0,37.0,-45.0,301.0,65.0,-117.0,41.905445810255465,50.77744832284293,35.46310883702117,281.0413648023997,27.784819248955586,168.99704716105066,-7.06,1.32,5.74,6.1,-1.16,-4.88,gem,426_gem,deep_subduction
B110985B,1985-11-09T22:13:30,-66.41,-27.55,165.2,5.0,mw,172.0,37.0,-45.0,301.0,65.0,-117.0,16.0,51.0,25.0,314.0,60.0,170.0,-7.06e+16,1.317e+16,5.743e+16,6.101e+16,-1.162e+16,-4.882e+16,gcmt,426_gcmt,deep_subduction
B010886A,1986-01-08T03:42:48,-71.24,-35.93,89.0,5.1,mwc,303.0,16.0,0.0,33.0,90.0,-106.0,43.0,138.0,16.0,33.0,43.0,288.0,,,,,,,us,86_us,deep_subduction
505240,1986-01-08T03:42:50,-71.197,-35.67,92.8,5.15,mw,33.0,90.0,-106.0,303.0,16.0,0.0,42.82134988022057,318.4101960199991,15.999999999999996,213.0,42.82134988022056,107.58980398000084,0.14,1.46,-1.6,-3.57,-5.21,0.94,gem,86_gem,deep_subduction
B010886A,1986-01-08T03:42:54,-71.38,-35.83,96.4,5.4,mw,303.0,16.0,0.0,33.0,90.0,-106.0,43.0,138.0,16.0,33.0,43.0,288.0,1380000000000000.0,1.464e+16,-1.602e+16,-3.571e+16,-5.215e+16,9440000000000000.0,gcmt,86_gcmt,deep_subduction
503210,1986-02-09T23:32:13,-71.491,-36.031,88.9,5.24,mw,14.0,14.0,92.0,192.0,76.0,89.0,44.99615285458898,101.25458829816392,0.5477897516569314,191.802329523886,44.99861003244447,282.350117733744,3.3,1.53,-4.83,-1.66,-8.03,-1.48,gem,87_gem,deep_subduction
B020986A,1986-02-09T23:32:18,-71.11,-36.24,125.4,5.0,mw,14.0,14.0,92.0,192.0,76.0,89.0,59.0,101.0,1.0,192.0,31.0,282.0,3.297e+16,1.534e+16,-4.832e+16,-1.66e+16,-8.03e+16,-1.481e+16,gcmt,87_gcmt,deep_subduction
500369,1986-03-12T22:04:20,-66.81,-23.991,199.1,5.32,mw,2.0,75.0,-88.0,176.0,15.0,-96.0,44.97829221562633,270.3675700915999,2.230367815570861,2.5979381584283487,44.93492946013406,94.82493108662038,-0.55,-0.14,0.68,-0.04,-1.05,-0.01,gem,429_gem,deep_subduction
B031286A,1986-03-12T22:04:27,-67.06,-23.92,210.7,5.2,mw,176.0,15.0,-96.0,2.0,75.0,-88.0,30.0,91.0,2.0,182.0,60.0,274.0,-5.45e+16,-1.36e+16,6.810000000000001e+16,-4200000000000001.0,-1.053e+17,-600000000000000.0,gcmt,429_gcmt,deep_subduction
500564,1986-03-15T11:29:42,-67.464,-19.223,218.8,6.28,mw,19.0,59.0,-132.0,259.0,50.0,-42.0,39.27148629846063,317.35388934544727,49.46921527850547,154.35174645801828,8.457239273054169,54.33697246207396,-2.1,1.34,0.75,0.67,-1.46,2.08,gem,430_gem,deep_subduction
B031586B,1986-03-15T11:29:50,-67.35,-18.91,241.3,5.6,mw,259.0,50.0,-42.0,19.0,59.0,-132.0,5.0,137.0,35.0,43.0,55.0,235.0,-2.098e+18,1.345e+18,7.53e+17,6.66e+17,-1.456e+18,2.0750000000000005e+18,gcmt,430_gcmt,deep_subduction
497876,1986-04-09T18:10:55,-66.707,-22.966,207.2,5.29,mw,197.0,3.0,-48.0,336.0,88.0,-92.0,44.96739943618845,66.89446391155394,2.012970018231542,334.8825421754934,44.96190805437181,242.8710062172896,-0.85,-0.24,1.09,4.39,-9.7,-0.14,gem,432_gem,deep_subduction
B040986B,1986-04-09T18:11:05,-66.36,-22.31,217.8,5.2,mw,197.0,3.0,-48.0,336.0,88.0,-92.0,43.0,68.0,2.0,336.0,47.0,243.0,-8490000000000000.0,-2430000000000000.0,1.093e+16,4.389e+16,-9.701e+16,-1360000000000000.0,gcmt,433_gcmt,deep_subduction
499416,1986-04-30T14:09:39,-69.703,-18.295,103.2,5.59,mw,214.0,37.0,-30.0,328.0,73.0,-123.0,39.71433056723744,83.13870342786993,36.465325866326026,315.26937863456,29.23276577492739,200.8393350861742,-1.34,-1.38,2.72,0.96,-1.66,-0.26,gem,434_gem,deep_subduction
B043086B,1986-04-30T14:09:44,-69.93,-18.31,118.1,5.5,mw,214.0,37.0,-30.0,328.0,73.0,-123.0,21.0,83.0,32.0,339.0,51.0,200.0,-1.3420000000000002e+17,-1.3819999999999998e+17,2.7240000000000003e+17,9.64e+16,-1.664e+17,-2.56e+16,gcmt,434_gcmt,deep_subduction
495245,1986-05-10T02:00:25,-67.885,-23.473,140.0,5.08,mw,15.0,85.0,-44.0,109.0,47.0,-174.0,31.36310402587916,250.7562094884759,46.20938679855793,20.23622810195229,27.13522410039531,142.5535112247963,-0.61,-1.86,2.46,-1.04,-3.41,-3.09,gem,436_gem,deep_subduction
B051086A,1986-05-10T02:00:33,-68.3,-23.51,170.7,5.2,mw,109.0,47.0,-174.0,15.0,85.0,-44.0,25.0,70.0,46.0,190.0,33.0,322.0,-6070000000000000.0,-1.857e+16,2.465e+16,-1.038e+16,-3.406e+16,-3.089e+16,gcmt,436_gcmt,deep_subduction
B090586B,1986-09-05T06:06:15,-71.76,-37.05,94.0,5.3,mwc,129.0,24.0,174.0,225.0,88.0,66.0,42.0,111.0,24.0,226.0,38.0,336.0,,,,,,,us,90_us,deep_subduction
485841,1986-09-05T06:06:15,-71.85,-37.13,84.4,5.31,mw,129.0,24.0,174.0,225.0,88.0,66.0,39.89058588926971,111.62198996952044,23.93716166627112,223.4021802518617,40.63342292722916,335.7935272261249,0.72,-5.14,4.42,-7.54,-7.45,-0.88,gem,90_gem,deep_subduction
475248,1987-02-25T10:42:46,-66.762,-27.852,167.0,5.29,mw,179.0,52.0,-6.0,272.0,86.0,-142.0,28.05430474007284,39.5985566833499,51.976310920989775,266.6350100381608,23.441158491432084,142.95876417631723,-0.69,-0.16,0.84,6.84,1.11,-8.54,gem,443_gem,deep_subduction
B022587C,1987-02-25T10:42:48,-66.31,-28.73,176.1,5.1,mw,179.0,52.0,-6.0,272.0,86.0,-142.0,23.0,39.0,51.0,278.0,30.0,143.0,-6850000000000001.0,-1630000000000000.0,8480000000000000.0,6.845e+16,1.111e+16,-8.539e+16,gcmt,444_gcmt,deep_subduction
471164,1987-03-04T10:04:58,-69.034,-19.998,108.6,5.34,mw,166.0,40.0,-60.0,309.0,56.0,-113.0,43.40210497641311,55.0536880192816,37.991800191485176,277.4361654413311,22.70405556629009,168.36226487025797,-1.11,0.26,0.85,0.52,-0.05,-0.62,gem,445_gem,deep_subduction
B030487B,1987-03-04T10:05:06,-69.13,-19.83,133.2,5.3,mw,166.0,40.0,-60.0,309.0,56.0,-113.0,8.0,55.0,19.0,323.0,69.0,168.0,-1.1060000000000002e+17,2.56e+16,8.5e+16,5.23e+16,-5400000000000000.0,-6.24e+16,gcmt,445_gcmt,deep_subduction
468209,1987-04-01T01:48:09,-66.097,-22.956,250.0,6.94,mw,177.0,90.0,104.0,268.0,14.0,1.0,43.32238911641655,280.5998070146222,14.000000000000009,177.0,43.32238911641655,73.40019298537783,0.29,-0.65,0.36,-0.04,-3.11,0.71,gem,459_gem,deep_subduction
C040187A,1987-04-01T01:48:20,-66.19,-22.92,250.8,6.2,mw,268.0,14.0,1.0,177.0,90.0,104.0,44.0,100.0,14.0,357.0,43.0,253.0,2.89e+18,-6.53e+18,3.64e+18,-4.3e+17,-3.1070000000000004e+19,7.09e+18,gcmt,459_gcmt,deep_subduction
466312,1987-05-10T15:16:23,-65.552,-31.011,179.6,5.41,mw,78.0,69.0,-163.0,341.0,74.0,-22.0,24.09550343977692,30.64441148904882,65.55775509498046,200.37434313034348,3.861412969215426,298.9145995588957,-0.19,0.85,-0.65,-0.32,-0.75,-1.24,gem,460_gem,deep_subduction
B051087B,1987-05-10T15:16:28,-65.19,-30.95,186.4,5.6,mw,78.0,69.0,-163.0,341.0,74.0,-22.0,3.0,30.0,63.0,127.0,27.0,299.0,-1.89e+16,8.49e+16,-6.59e+16,-3.17e+16,-7.48e+16,-1.2430000000000002e+17,gcmt,460_gcmt,deep_subduction
466784,1987-05-12T16:12:42,-68.335,-21.865,110.0,5.31,mw,163.0,33.0,-56.0,304.0,63.0,-110.0,43.48722716382096,48.72519460157906,27.80107494818644,288.7164833118732,33.76242299020824,178.0778924844941,-8.12,2.54,5.58,5.68,-2.58,-6.7,gem,461_gem,deep_subduction
B051287D,1987-05-12T16:12:51,-68.33,-21.85,139.3,5.4,mw,163.0,33.0,-56.0,304.0,63.0,-110.0,15.0,48.0,18.0,313.0,66.0,177.0,-8.122e+16,2.537e+16,5.586e+16,5.681e+16,-2.583e+16,-6.703e+16,gcmt,461_gcmt,deep_subduction
463314,1987-06-01T01:50:16,-68.667,-22.274,100.0,5.21,mw,207.0,55.0,-34.0,319.0,63.0,-139.0,36.20135144645426,80.97179588517923,52.95736182436493,275.08974576515817,6.809687492960172,175.9859799713263,-4.53,-3.81,8.34,3.68,-0.58,-1.61,gem,463_gem,deep_subduction
B060187B,1987-06-01T01:50:25,-68.96,-22.06,120.7,5.4,mw,207.0,55.0,-34.0,319.0,63.0,-139.0,5.0,81.0,42.0,347.0,47.0,177.0,-4.531e+16,-3.81e+16,8.341e+16,3.684e+16,-5790000000000000.0,-1.611e+16,gcmt,463_gcmt,deep_subduction
464703,1987-06-19T19:00:08,-68.566,-21.422,114.6,5.69,mw,196.0,30.0,-65.0,349.0,63.0,-103.0,44.28325595147172,87.79318399109559,19.93895597654614,337.0732800101639,39.00997354801177,229.98377894927583,-3.18,-0.35,3.53,0.85,-2.26,0.13,gem,465_gem,deep_subduction
B061987E,1987-06-19T19:00:13,-68.94,-21.29,133.2,5.4,mw,196.0,30.0,-65.0,349.0,63.0,-103.0,17.0,88.0,12.0,355.0,69.0,232.0,-3.179e+17,-3.52e+16,3.531e+17,8.5e+16,-2.262e+17,1.34e+16,gcmt,465_gcmt,deep_subduction
461679,1987-07-09T04:07:38,-68.916,-20.596,94.4,5.35,mw,167.0,23.0,-50.0,305.0,72.0,-105.0,43.83459011889448,46.60624838468635,17.516252893765817,298.9668216353966,40.961487353727,193.0653485652388,-6.33,1.7,4.63,8.61,-5.76,-6.32,gem,466_gem,deep_subduction
B070987A,1987-07-09T04:07:47,-68.95,-20.51,123.9,5.2,mw,167.0,23.0,-50.0,305.0,72.0,-105.0,26.0,47.0,15.0,309.0,60.0,193.0,-6.331000000000001e+16,1.698e+16,4.633e+16,8.611e+16,-5.758e+16,-6.324e+16,gcmt,466_gcmt,deep_subduction
462456,1987-07-19T14:00:24,-70.391,-17.277,104.4,5.2,mw,143.0,89.0,94.0,251.0,5.0,18.0,44.85561555243136,237.06138205169785,4.001819672666543,143.06996584839203,44.86533073979996,49.07719361897432,1.85,-2.05,0.2,4.38,-6.46,-1.78,gem,467_gem,deep_subduction
B071987A,1987-07-19T14:00:33,-70.64,-17.25,127.8,5.2,mw,251.0,5.0,18.0,143.0,89.0,94.0,46.0,58.0,4.0,323.0,43.0,229.0,1.851e+16,-2.054e+16,2030000000000000.0,4.381e+16,-6.46e+16,-1.777e+16,gcmt,467_gcmt,deep_subduction
463156,1987-07-29T15:22:33,-67.119,-28.84,139.5,5.38,mw,141.0,47.0,-97.0,332.0,44.0,-82.0,44.88564462774647,55.94596451639524,39.486538607891376,270.7951040734689,18.20751883524381,165.07024423217945,-1.16,0.13,1.02,-0.1,0.04,-1.09,gem,468_gem,deep_subduction
B072987B,1987-07-29T15:22:38,-66.96,-28.33,150.7,5.4,mw,332.0,44.0,-82.0,141.0,47.0,-97.0,2.0,236.0,5.0,146.0,84.0,344.0,-1.1559999999999998e+17,1.31e+16,1.0249999999999998e+17,-9500000000000000.0,4400000000000000.0,-1.091e+17,gcmt,468_gcmt,deep_subduction
459821,1987-08-15T09:34:48,-68.746,-23.155,100.0,5.11,mw,204.0,60.0,-43.0,319.0,54.0,-142.0,37.69608925719398,82.78771991144424,51.71148895229595,251.00000000000003,5.748297869960588,348.326085066435,-3.51,-2.84,6.35,1.58,0.92,-1.32,gem,471_gem,deep_subduction
B081587B,1987-08-15T09:34:56,-68.89,-22.88,133.9,5.1,mw,319.0,54.0,-142.0,204.0,60.0,-43.0,4.0,263.0,39.0,356.0,50.0,168.0,-3.514e+16,-2.837e+16,6.351e+16,1.585e+16,9240000000000000.0,-1.32e+16,gcmt,471_gcmt,deep_subduction
460119,1987-08-19T07:52:45,-67.075,-24.307,158.6,5.24,mw,1.0,62.0,-85.0,171.0,28.0,-100.0,44.90708574202783,267.3078472212493,7.844294782849468,5.200904945094635,44.02546670311746,102.85325293260009,-6.85,-1.6,8.45,-0.33,-5.15,-0.59,gem,473_gem,deep_subduction
B081987A,1987-08-19T07:52:51,-67.07,-24.14,181.9,5.3,mw,171.0,28.0,-100.0,1.0,62.0,-85.0,17.0,88.0,5.0,179.0,73.0,284.0,-6.847000000000001e+16,-1.605e+16,8.452e+16,-3320000000000000.0,-5.149e+16,-5870000000000000.0,gcmt,473_gcmt,deep_subduction
456658,1987-09-01T04:26:12,-66.38,-23.205,245.0,6.32,mw,32.0,80.0,-91.0,218.0,10.0,-84.0,44.99369385404453,302.8631285741974,1.0479946078846951,211.8151893440731,44.98713945934519,120.76748987288984,-1.14,0.22,0.92,-1.85,-2.98,0.87,gem,475_gem,deep_subduction
C090187A,1987-09-01T04:26:18,-66.51,-23.09,248.8,6.0,mw,218.0,10.0,-84.0,32.0,80.0,-91.0,35.0,123.0,1.0,32.0,55.0,300.0,-1.143e+18,2.19e+17,9.23e+17,-1.849e+18,-2.985e+18,8.74e+17,gcmt,475_gcmt,deep_subduction
457370,1987-09-11T00:34:51,-68.465,-22.365,109.7,5.52,mw,182.0,33.0,-77.0,347.0,58.0,-98.0,44.77249087907238,82.62030784259525,15.595988903339231,336.5437470397633,41.07379630244179,232.4638021802163,-1.53,-1.13,2.65,0.2,-1.0,-0.49,gem,476_gem,deep_subduction
B091187A,1987-09-11T00:34:58,-68.85,-22.11,132.9,5.4,mw,182.0,33.0,-77.0,347.0,58.0,-98.0,13.0,83.0,7.0,351.0,75.0,233.0,-1.531e+17,-1.127e+17,2.658e+17,2.01e+16,-1e+17,-4.86e+16,gcmt,476_gcmt,deep_subduction
B091187B,1987-09-11T04:02:03,-70.73,-31.46,95.0,5.2,mwc,52.0,10.0,-39.0,181.0,84.0,-98.0,38.0,278.0,8.0,182.0,51.0,83.0,,,,,,,us,97_us,deep_subduction
457874,1987-09-18T08:43:29,-69.209,-24.339,93.9,5.62,mw,182.0,38.0,-46.0,311.0,64.0,-119.0,41.90805313460143,61.56812907921466,36.6700945209498,289.6360440817423,26.36429077951949,177.98040555184525,-2.32,-0.06,2.38,1.82,-0.59,-1.27,gem,477_gem,deep_subduction
B091887A,1987-09-18T08:43:35,-69.25,-24.36,117.9,5.6,mw,182.0,38.0,-46.0,311.0,64.0,-119.0,14.0,62.0,25.0,325.0,61.0,178.0,-2.322e+17,-6000000000000000.0,2.382e+17,1.816e+17,-5.89e+16,-1.268e+17,gcmt,477_gcmt,deep_subduction
454529,1987-10-03T03:35:08,-69.392,-18.223,130.0,5.9,mw,219.0,46.0,-10.0,316.0,83.0,-135.0,32.34124664883832,79.46165081319214,45.998876651316905,308.4924510495537,26.30539504229608,187.70250021931372,-1.88,-5.48,7.35,3.87,-4.46,-1.05,gem,478_gem,deep_subduction
B100387A,1987-10-03T03:35:16,-69.48,-18.17,136.8,5.8,mw,219.0,46.0,-10.0,316.0,83.0,-135.0,24.0,79.0,45.0,323.0,35.0,188.0,-1.877e+17,-5.4800000000000006e+17,7.357e+17,3.867e+17,-4.455e+17,-1.051e+17,gcmt,478_gcmt,deep_subduction
454842,1987-10-07T00:51:39,-68.204,-22.999,129.6,5.62,mw,164.0,32.0,-85.0,338.0,59.0,-93.0,44.96775894287863,70.37241882185299,5.953090583161567,334.39368936750526,44.415890900152434,238.52944313283285,-2.69,-0.1,2.78,0.61,-1.37,-1.15,gem,479_gem,deep_subduction
B100787A,1987-10-07T00:51:45,-68.06,-22.88,144.9,5.6,mw,164.0,32.0,-85.0,338.0,59.0,-93.0,14.0,70.0,3.0,340.0,76.0,239.0,-2.686e+17,-1.03e+16,2.789e+17,6.1e+16,-1.3740000000000002e+17,-1.153e+17,gcmt,479_gcmt,deep_subduction
449734,1987-12-03T11:04:38,-68.492,-21.681,115.0,5.4,mw,181.0,36.0,-77.0,345.0,55.0,-99.0,44.740042579413625,81.71575803097682,20.597337085509288,329.85036287454136,38.10246883356041,222.71030823565545,-1.24,-0.48,1.72,0.18,-0.48,-0.31,gem,485_gem,deep_subduction
B120387B,1987-12-03T11:04:45,-69.26,-21.19,125.3,5.6,mw,181.0,36.0,-77.0,345.0,55.0,-99.0,9.0,82.0,8.0,350.0,78.0,221.0,-1.2430000000000002e+17,-4.85e+16,1.729e+17,1.8e+16,-4.78e+16,-3.14e+16,gcmt,486_gcmt,deep_subduction
B123087A,1987-12-30T11:56:19,-70.81,-35.03,89.0,5.4,mwc,126.0,21.0,-171.0,27.0,87.0,-69.0,38.0,99.0,21.0,206.0,45.0,318.0,,,,,,,us,99_us,deep_subduction
451852,1987-12-30T11:56:19,-70.797,-35.053,96.0,5.4,mw,39.0,79.0,-57.0,146.0,35.0,-160.0,26.0,103.0,33.0,212.0,46.0,343.0,-4600000000.0,-5800000000.0,10400000000.0,-8100000000.0,-7700000000.0,800000000.0,neic,99_neic,deep_subduction
451852,1987-12-30T11:56:20,-70.95,-35.02,92.5,5.42,mw,27.0,87.0,-69.0,126.0,21.0,-171.0,41.64948276255469,278.1131131605928,21.075209779016404,28.157248985176462,40.920351934628975,137.67253877060625,-0.17,-0.45,0.61,-0.73,-1.36,-0.26,gem,99_gem,deep_subduction
B123087A,1987-12-30T11:56:28,-71.01,-34.74,111.6,5.7,mw,126.0,21.0,-171.0,27.0,87.0,-69.0,38.0,99.0,21.0,206.0,45.0,318.0,-1.7299999999999998e+16,-4.46e+16,6.19e+16,-7.35e+16,-1.365e+17,-2.61e+16,gcmt,99_gcmt,deep_subduction
444956,1988-02-06T07:42:34,-68.715,-20.156,114.6,5.32,mw,206.0,33.0,-19.0,312.0,80.0,-121.0,39.1028697075737,66.85321537101407,32.64110393588684,305.48041661729,33.912002961613744,189.9736016933089,-3.51,-4.25,7.76,7.24,-6.02,-2.94,gem,494_gem,deep_subduction
B020688C,1988-02-06T07:42:41,-68.87,-19.77,135.0,5.2,mw,206.0,33.0,-19.0,312.0,80.0,-121.0,28.0,67.0,31.0,318.0,46.0,190.0,-3.514e+16,-4.251e+16,7.765e+16,7.244e+16,-6.018e+16,-2.935e+16,gcmt,494_gcmt,deep_subduction
444997,1988-02-06T18:03:55,-66.871,-18.064,280.0,6.49,mw,0.0,82.0,-96.0,216.0,10.0,-55.0,44.7590873597149,275.2911467445881,6.178961484121425,179.12818768927357,44.5771146117509,83.00440441369307,-1.99,0.25,1.74,0.13,-6.33,0.67,gem,495_gem,deep_subduction
C020688F,1988-02-06T18:03:59,-67.02,-18.03,284.9,6.0,mw,216.0,10.0,-55.0,0.0,82.0,-96.0,37.0,95.0,6.0,1.0,53.0,263.0,-1.989e+18,2.46e+17,1.743e+18,1.31e+17,-6.327e+18,6.66e+17,gcmt,495_gcmt,deep_subduction
445852,1988-02-18T13:52:37,-67.718,-23.59,150.0,5.84,mw,12.0,88.0,-59.0,106.0,31.0,-175.0,37.76144236611429,255.41779302303723,31.04070604028576,13.204233739674748,36.81646054368279,129.97965351603318,-0.33,-2.38,2.71,-0.31,-6.08,-2.87,gem,498_gem,deep_subduction
B021888A,1988-02-18T13:52:44,-67.84,-23.44,156.5,5.8,mw,106.0,31.0,-175.0,12.0,88.0,-59.0,35.0,76.0,31.0,190.0,40.0,310.0,-3.34e+16,-2.385e+17,2.719e+17,-3.07e+16,-6.079e+17,-2.8650000000000003e+17,gcmt,498_gcmt,deep_subduction
446480,1988-02-26T02:31:20,-69.769,-18.078,120.5,5.47,mw,189.0,20.0,-61.0,338.0,72.0,-100.0,44.49577343260807,76.38626529769954,11.566211425780798,334.7858371549736,43.19970636711701,233.7056382892225,-1.04,-0.24,1.27,0.64,-1.44,-0.24,gem,500_gem,deep_subduction
B022688A,1988-02-26T02:31:26,-70.09,-17.99,146.2,5.1,mw,189.0,20.0,-61.0,338.0,72.0,-100.0,26.0,76.0,10.0,341.0,61.0,233.0,-1.038e+17,-2.37e+16,1.2749999999999998e+17,6.44e+16,-1.438e+17,-2.45e+16,gcmt,500_gcmt,deep_subduction
438298,1988-05-20T03:19:54,-69.573,-17.794,125.0,5.62,mw,194.0,26.0,-49.0,329.0,71.0,-108.0,43.513472108750776,73.5658405405552,20.961328689926127,322.2376302279746,39.11199218527357,214.09028107694692,-2.0,-0.34,2.33,1.57,-1.96,-0.41,gem,510_gem,deep_subduction
B052088A,1988-05-20T03:20:01,-69.62,-17.51,136.7,5.5,mw,194.0,26.0,-49.0,329.0,71.0,-108.0,24.0,73.0,17.0,335.0,60.0,213.0,-1.996e+17,-3.3700000000000004e+16,2.334e+17,1.567e+17,-1.96e+17,-4.11e+16,gcmt,510_gcmt,deep_subduction
438558,1988-05-22T12:47:26,-69.469,-17.469,165.0,5.43,mw,92.0,7.0,-175.0,357.0,89.0,-83.0,44.58645452959018,80.18569845863448,6.9747886001710855,177.11153826556688,44.56863847399848,274.03305070233114,0.13,-0.35,0.21,0.17,-1.72,-0.26,gem,511_gem,deep_subduction
B052288C,1988-05-22T12:47:32,-69.4,-17.17,178.8,5.3,mw,92.0,7.0,-175.0,357.0,89.0,-83.0,44.0,80.0,7.0,177.0,45.0,274.0,1.32e+16,-3.46e+16,2.13e+16,1.66e+16,-1.721e+17,-2.55e+16,gcmt,511_gcmt,deep_subduction
438604,1988-05-23T00:28:04,-68.645,-28.625,112.7,5.41,mw,140.0,61.0,-90.0,320.0,29.0,-90.0,44.99999999999999,50.0,7.63333123551244e-14,140.00000000000006,44.99999999999999,230.0000000000001,-1.29,0.51,0.78,-0.56,0.65,-0.85,gem,512_gem,deep_subduction
B052388A,1988-05-23T00:28:04,-68.65,-28.48,117.0,5.4,mwc,320.0,29.0,-90.0,140.0,61.0,-90.0,16.0,230.0,0.0,140.0,74.0,50.0,,,,,,,us,512_us,deep_subduction
B052388A,1988-05-23T00:28:12,-68.9,-28.87,105.7,5.6,mw,320.0,29.0,-90.0,140.0,61.0,-90.0,16.0,230.0,0.0,140.0,74.0,50.0,-1.293e+17,5.06e+16,7.86e+16,-5.570000000000001e+16,6.5e+16,-8.46e+16,gcmt,512_gcmt,deep_subduction
436694,1988-06-30T14:59:01,-67.596,-23.905,160.0,5.27,mw,95.0,48.0,-152.0,346.0,70.0,-45.0,36.46602702035717,44.86560444622421,47.90203828021209,189.74815496912447,18.06790291618482,300.9142138484517,-4.54,3.44,1.09,-1.64,-6.15,-6.67,gem,513_gem,deep_subduction
B063088A,1988-06-30T14:59:08,-67.32,-23.6,159.5,5.2,mw,95.0,48.0,-152.0,346.0,70.0,-45.0,13.0,45.0,41.0,147.0,46.0,302.0,-4.537e+16,3.441e+16,1.095e+16,-1.635e+16,-6.146e+16,-6.67e+16,gcmt,513_gcmt,deep_subduction
436696,1988-06-30T15:21:11,-67.139,-23.931,165.3,5.35,mw,219.0,21.0,-23.0,331.0,82.0,-109.0,42.525581434698815,77.15311112479776,19.984573821831628,327.6695291448082,40.76349811141744,219.39903797075675,-0.24,-0.49,0.73,0.51,-1.11,-0.1,gem,514_gem,deep_subduction
B063088B,1988-06-30T15:21:19,-67.15,-23.82,192.1,5.1,mw,219.0,21.0,-23.0,331.0,82.0,-109.0,34.0,77.0,19.0,334.0,50.0,220.0,-2.4e+16,-4.92e+16,7.32e+16,5.07e+16,-1.1100000000000002e+17,-1.02e+16,gcmt,514_gcmt,deep_subduction
432864,1988-07-28T17:12:33,-65.612,-22.292,279.3,6.13,mw,133.0,79.0,125.0,238.0,37.0,19.0,31.39167807987237,257.7981368165365,36.26914676113865,141.1997979489937,37.98070347724509,16.249473121542167,0.62,-1.37,0.74,0.77,-1.39,0.03,gem,516_gem,deep_subduction
B072888C,1988-07-28T17:12:42,-65.61,-22.01,295.4,5.7,mw,238.0,37.0,19.0,133.0,79.0,125.0,45.0,78.0,35.0,305.0,25.0,196.0,6.24e+17,-1.372e+18,7.48e+17,7.74e+17,-1.387e+18,3e+16,gcmt,516_gcmt,deep_subduction
425424,1988-09-14T22:14:07,-68.02,-23.551,119.4,5.93,mw,157.0,32.0,-92.0,340.0,58.0,-89.0,44.99483824046308,68.45135219133539,2.4117307845615485,160.86478721270817,44.90370539652609,253.2705524364362,-8.18,0.21,7.96,1.36,-3.98,-3.57,gem,524_gem,deep_subduction
B091488D,1988-09-14T22:14:14,-68.24,-23.5,140.2,5.7,mw,157.0,32.0,-92.0,340.0,58.0,-89.0,13.0,69.0,1.0,159.0,77.0,254.0,-8.175000000000001e+17,2.08e+16,7.967e+17,1.3560000000000002e+17,-3.983e+17,-3.568e+17,gcmt,524_gcmt,deep_subduction
426435,1988-09-30T03:23:48,-69.002,-19.543,107.4,5.42,mw,124.0,26.0,-122.0,339.0,69.0,-76.0,44.07315921642272,57.81578762261341,18.19592832571666,166.37221129098782,40.31891117374264,272.569656406653,-0.79,-0.13,0.91,0.53,-1.07,-1.13,gem,525_gem,deep_subduction
B093088B,1988-09-30T03:23:54,-69.46,-19.76,137.9,5.3,mw,124.0,26.0,-122.0,339.0,69.0,-76.0,22.0,58.0,13.0,154.0,64.0,273.0,-7.88e+16,-1.28e+16,9.17e+16,5.32e+16,-1.071e+17,-1.1319999999999998e+17,gcmt,525_gcmt,deep_subduction
421806,1988-10-02T06:18:10,-66.295,-22.729,246.8,5.36,mw,188.0,86.0,100.0,299.0,11.0,22.0,44.0036291649588,288.58899700910257,10.071412675506425,188.7116243729312,44.243894852679645,88.75017877447243,0.21,-0.01,-0.19,-0.21,-1.31,0.21,gem,526_gem,deep_subduction
422675,1988-10-14T19:11:46,-68.191,-23.13,131.3,5.39,mw,162.0,32.0,-82.0,333.0,58.0,-95.0,44.91755759631118,66.19823603096575,9.310237983612636,326.7899487782375,43.58227160946999,227.813931424927,-1.23,-0.03,1.26,0.34,-0.6,-0.65,gem,527_gem,deep_subduction
B101488A,1988-10-14T19:11:54,-67.69,-23.21,146.0,5.4,mw,162.0,32.0,-82.0,333.0,58.0,-95.0,13.0,67.0,4.0,336.0,76.0,228.0,-1.234e+17,-2700000000000000.0,1.2609999999999998e+17,3.45e+16,-5.96e+16,-6.53e+16,gcmt,527_gcmt,deep_subduction
424290,1988-10-31T02:08:14,-66.698,-23.358,212.6,5.27,mw,122.0,29.0,-139.0,355.0,71.0,-67.0,42.53271622836582,67.48597650146115,26.12531369574252,184.22475760110564,36.217926852523576,295.2749498097206,-5.51,0.42,5.08,-0.44,-7.36,-4.18,gem,528_gem,deep_subduction
B103188A,1988-10-31T02:08:20,-66.7,-23.17,227.9,5.1,mw,122.0,29.0,-139.0,355.0,71.0,-67.0,23.0,68.0,22.0,167.0,58.0,296.0,-5.508e+16,4240000000000000.0,5.083e+16,-4370000000000000.0,-7.357e+16,-4.18e+16,gcmt,528_gcmt,deep_subduction
421468,1988-11-28T00:31:23,-68.636,-21.51,115.9,5.27,mw,214.0,49.0,-36.0,329.0,63.0,-133.0,38.18529722394169,88.64590795160115,48.66672757721138,295.23822436910825,13.43699398085064,189.4766956105049,-5.88,-3.01,8.88,6.33,-2.01,0.57,gem,529_gem,deep_subduction
B112888A,1988-11-28T00:31:32,-68.5,-20.36,142.6,5.2,mw,214.0,49.0,-36.0,329.0,63.0,-133.0,8.0,88.0,38.0,352.0,51.0,189.0,-5.877e+16,-3.006e+16,8.882999999999998e+16,6.327e+16,-2.009e+16,5669999999999999.0,gcmt,530_gcmt,deep_subduction
418211,1988-12-16T05:05:49,-67.114,-24.032,185.5,5.17,mw,123.0,76.0,131.0,229.0,43.0,22.0,25.56388165460529,252.78968032469675,42.90094670684773,136.39703453477694,36.29495349773424,3.3574094441065654,2.39,-5.0,2.61,2.63,-5.2,-1.29,gem,531_gem,deep_subduction
B121688A,1988-12-16T05:05:57,-67.2,-24.31,184.8,5.2,mw,229.0,43.0,22.0,123.0,76.0,131.0,44.0,73.0,39.0,291.0,20.0,184.0,2.388e+16,-5.005e+16,2.617e+16,2.632e+16,-5.199e+16,-1.294e+16,gcmt,531_gcmt,deep_subduction
418808,1988-12-24T04:26:57,-66.628,-23.633,215.0,6.09,mw,198.0,30.0,-54.0,338.0,66.0,-109.0,43.54438254797536,81.9152789614426,24.323494701163185,326.4725669067187,36.61547100999231,216.8463587907324,-0.97,-0.59,1.56,0.37,-0.95,-0.22,gem,532_gem,deep_subduction
B122488A,1988-12-24T04:27:06,-66.7,-23.43,218.2,5.6,mw,198.0,30.0,-54.0,338.0,66.0,-109.0,19.0,82.0,17.0,346.0,64.0,217.0,-9.72e+17,-5.94e+17,1.566e+18,3.72e+17,-9.46e+17,-2.17e+17,gcmt,532_gcmt,deep_subduction
414669,1989-01-07T07:26:12,-68.382,-23.083,114.3,5.57,mw,162.0,47.0,-44.0,285.0,59.0,-127.0,40.29541567307021,41.16667582916267,46.86124710320309,246.3590195136088,12.825983994078753,142.2973952757414,-1.86,1.15,0.7,0.92,0.1,-2.18,gem,533_gem,deep_subduction
B010789A,1989-01-07T07:26:17,-68.51,-23.2,151.8,5.5,mw,162.0,47.0,-44.0,285.0,59.0,-127.0,7.0,41.0,32.0,307.0,57.0,142.0,-1.856e+17,1.1499999999999998e+17,7.07e+16,9.17e+16,1e+16,-2.177e+17,gcmt,533_gcmt,deep_subduction
412180,1989-02-07T04:02:57,-67.407,-22.426,144.7,5.48,mw,244.0,17.0,-23.0,355.0,83.0,-106.0,43.29608411292858,99.88755555986567,16.009290040820392,354.2028458665479,42.34106989037348,249.04648511202856,-0.38,-0.24,0.61,0.15,-1.89,0.51,gem,534_gem,deep_subduction
B020789A,1989-02-07T04:03:05,-67.51,-22.02,181.6,5.5,mw,244.0,17.0,-23.0,355.0,83.0,-106.0,36.0,100.0,16.0,357.0,49.0,248.0,-3.79e+16,-2.38e+16,6.17e+16,1.48e+16,-1.893e+17,5.1e+16,gcmt,534_gcmt,deep_subduction
412369,1989-02-09T22:49:04,-66.108,-22.65,255.7,5.39,mw,176.0,79.0,102.0,307.0,16.0,42.0,43.115240826497846,280.6561978856288,12.670713281500944,178.5046864347587,44.12657320165823,75.9089499793842,0.51,0.07,-0.57,0.07,-1.39,0.38,gem,535_gem,deep_subduction
B020989D,1989-02-09T22:49:09,-66.0,-22.23,269.4,5.2,mw,307.0,16.0,42.0,176.0,79.0,102.0,54.0,101.0,12.0,354.0,33.0,256.0,5.07e+16,7099999999999999.0,-5.779999999999999e+16,6600000000000000.0,-1.3879999999999998e+17,3.76e+16,gcmt,535_gcmt,deep_subduction
B040189A,1989-04-01T21:58:13,-70.06,-32.87,100.0,5.3,mwc,158.0,18.0,-122.0,10.0,75.0,-80.0,29.0,93.0,9.0,188.0,59.0,294.0,,,,,,,us,105_us,deep_subduction
406297,1989-04-01T21:58:14,-70.094,-32.96,104.0,5.3,mw,10.0,75.0,-80.0,158.0,18.0,-122.0,44.45991761780825,271.90456412065106,11.111171474541184,13.016514935379291,43.41136193271287,113.72400194332369,-4.81,-1.82,6.62,-1.82,-9.2,-0.4,gem,105_gem,deep_subduction
B040189A,1989-04-01T21:58:18,-70.19,-32.86,119.0,5.7,mw,158.0,18.0,-122.0,10.0,75.0,-80.0,29.0,93.0,9.0,188.0,59.0,294.0,-4.807e+16,-1.821e+16,6.628e+16,-1.821e+16,-9.198e+16,-3970000000000000.0,gcmt,105_gcmt,deep_subduction
406571,1989-04-05T23:47:48,-68.785,-21.172,104.5,6.18,mw,185.0,30.0,-67.0,339.0,62.0,-103.0,44.39154340575204,78.23687519695045,18.880276398986428,328.67622998136966,39.57654004616091,222.25573532357024,-1.43,-0.79,2.22,0.43,-1.15,-0.6,gem,540_gem,deep_subduction
B040589A,1989-04-05T23:47:54,-69.09,-21.13,122.3,5.6,mw,185.0,30.0,-67.0,339.0,62.0,-103.0,16.0,78.0,11.0,345.0,70.0,222.0,-1.434e+18,-7.88e+17,2.223e+18,4.32e+17,-1.154e+18,-5.96e+17,gcmt,540_gcmt,deep_subduction
402411,1989-06-19T16:00:46,-67.578,-22.357,173.1,5.66,mw,228.0,7.0,-38.0,356.0,86.0,-96.0,44.7700399314832,90.92640301197542,5.573213587329212,355.3715467672492,44.68954746885042,259.83232569924496,-0.59,0.01,0.58,0.28,-3.67,0.34,gem,543_gem,deep_subduction
B061989A,1989-06-19T16:00:52,-67.6,-22.05,186.0,5.4,mw,228.0,7.0,-38.0,356.0,86.0,-96.0,40.0,91.0,6.0,357.0,49.0,260.0,-5.91e+16,500000000000000.0,5.86e+16,2.82e+16,-3.665e+17,3.35e+16,gcmt,543_gcmt,deep_subduction
394592,1989-08-08T23:44:05,-68.606,-22.746,100.0,5.39,mw,28.0,66.0,-71.0,167.0,31.0,-126.0,43.510964210746366,283.9206646210028,24.708595697655696,39.82149371537298,36.346249235237046,149.61136234757606,-0.89,-0.52,1.4,-0.42,-0.83,0.42,gem,545_gem,deep_subduction
B080889C,1989-08-08T23:44:13,-68.89,-22.4,125.4,5.4,mw,167.0,31.0,-126.0,28.0,66.0,-71.0,19.0,104.0,18.0,200.0,64.0,330.0,-8.9e+16,-5.16e+16,1.4059999999999998e+17,-4.23e+16,-8.3e+16,4.21e+16,gcmt,545_gcmt,deep_subduction
388655,1989-10-03T21:33:35,-66.909,-24.188,149.5,5.4,mw,206.0,42.0,-55.0,343.0,57.0,-117.0,42.67202274685242,91.8270593749022,41.4370753687928,307.3583448251325,18.68282981742955,199.9904470627212,-1.14,-0.59,1.73,0.29,-0.43,0.11,gem,548_gem,deep_subduction
B100389B,1989-10-03T21:33:44,-66.65,-24.21,186.1,5.4,mw,206.0,42.0,-55.0,343.0,57.0,-117.0,8.0,92.0,23.0,358.0,66.0,200.0,-1.1399999999999998e+17,-5.95e+16,1.735e+17,2.93e+16,-4.33e+16,1.1e+16,gcmt,548_gcmt,deep_subduction
390483,1989-10-23T23:41:24,-66.726,-27.828,136.4,5.31,mw,179.0,55.0,-29.0,286.0,66.0,-142.0,34.67550593201356,50.44102082806785,53.59250872821749,250.70967200721088,9.734979169356755,147.25731575873738,-5.29,0.34,4.95,5.95,2.4,-8.44,gem,549_gem,deep_subduction
B102389C,1989-10-23T23:41:36,-66.39,-27.51,175.8,5.4,mw,179.0,55.0,-29.0,286.0,66.0,-142.0,7.0,50.0,46.0,313.0,43.0,147.0,-5.292e+16,3380000000000000.0,4.954e+16,5.952e+16,2.396e+16,-8.44e+16,gcmt,549_gcmt,deep_subduction
385503,1989-11-01T06:40:30,-67.869,-21.132,135.8,6.1,mw,134.0,18.0,-110.0,335.0,73.0,-84.0,44.7938523713708,59.87430658624277,7.283810689581053,157.16475860541595,44.28508392562486,254.3261828764764,-0.81,0.13,0.68,0.59,-1.29,-0.63,gem,550_gem,deep_subduction
B110189A,1989-11-01T06:40:37,-67.8,-21.45,151.8,5.8,mw,134.0,18.0,-110.0,335.0,73.0,-84.0,28.0,60.0,6.0,153.0,61.0,254.0,-8.14e+17,1.29e+17,6.85e+17,5.88e+17,-1.288e+18,-6.3e+17,gcmt,550_gcmt,deep_subduction
385737,1989-11-02T10:12:21,-68.585,-22.219,110.8,5.39,mw,235.0,20.0,-5.0,330.0,88.0,-110.0,41.84434252919693,78.05164735205182,19.953329157902708,329.07950811504736,41.4679756142592,220.36600585516047,0.16,-0.82,0.65,0.41,-1.41,-0.21,gem,551_gem,deep_subduction
B110289A,1989-11-02T10:12:33,-68.47,-22.5,120.5,5.4,mw,235.0,20.0,-5.0,330.0,88.0,-110.0,40.0,78.0,20.0,330.0,43.0,220.0,1.61e+16,-8.19e+16,6.58e+16,4.08e+16,-1.412e+17,-2.08e+16,gcmt,551_gcmt,deep_subduction
386441,1989-11-08T11:23:04,-67.786,-23.7,140.0,5.34,mw,210.0,68.0,-3.0,301.0,87.0,-158.0,17.091852900604856,73.47357963232798,67.89955249348588,294.25331583316563,13.58476538201002,167.73468594792814,-0.0,-1.06,1.05,0.45,-0.18,-0.57,gem,552_gem,deep_subduction
B110889A,1989-11-08T11:23:15,-68.03,-23.74,148.3,5.0,mw,210.0,68.0,-3.0,301.0,87.0,-158.0,13.0,74.0,68.0,308.0,17.0,168.0,-100000000000000.0,-1.056e+17,1.057e+17,4.53e+16,-1.7599999999999998e+16,-5.739999999999999e+16,gcmt,552_gcmt,deep_subduction
386597,1989-11-10T13:42:51,-66.002,-22.762,258.5,5.62,mw,229.0,21.0,-19.0,337.0,83.0,-110.0,42.295147465586005,84.01027675071487,20.31504359017807,334.3277794618392,40.7794221814214,225.7056993390461,-0.63,-0.91,1.53,1.16,-2.79,0.41,gem,553_gem,deep_subduction
B111089A,1989-11-10T13:43:02,-65.57,-22.64,284.4,5.2,mw,229.0,21.0,-19.0,337.0,83.0,-110.0,35.0,85.0,20.0,340.0,48.0,226.0,-6.32e+16,-9.05e+16,1.537e+17,1.16e+17,-2.788e+17,4.08e+16,gcmt,553_gcmt,deep_subduction
380447,1990-01-05T13:03:44,-69.322,-19.058,92.4,5.41,mw,97.0,7.0,-165.0,353.0,88.0,-83.0,44.62640081975072,75.58884282948372,6.77370107862374,172.32158690360075,44.57648725048208,269.0425554057195,0.01,-0.19,0.17,0.26,-1.62,-0.26,gem,557_gem,deep_subduction
379790,1990-02-25T22:51:08,-69.236,-18.357,132.3,5.63,mw,169.0,29.0,-91.0,350.0,61.0,-89.0,44.9988901537563,79.73559710543333,0.9145102742634008,170.650188456632,44.98651438984829,261.5643847601208,-2.88,0.09,2.78,0.29,-1.71,-0.54,gem,558_gem,deep_subduction
B022590C,1990-02-25T22:51:16,-68.72,-18.35,141.5,5.6,mw,169.0,29.0,-91.0,350.0,61.0,-89.0,16.0,79.0,0.0,169.0,74.0,261.0,-2.876e+17,8699999999999998.0,2.789e+17,2.94e+16,-1.71e+17,-5.38e+16,gcmt,558_gcmt,deep_subduction
369309,1990-05-14T21:34:04,-71.415,-35.925,83.0,6.2,mw,170.0,82.0,142.0,267.0,52.0,11.0,32.0,121.0,51.0,340.0,19.0,224.0,40000000000.0,-53000000000.0,13000000000.0,3000000000.0,-119000000000.0,156000000000.0,neic,111_neic,deep_subduction
C051490C,1990-05-14T21:34:04,-71.38,-35.84,81.0,6.1,mwc,273.0,40.0,19.0,168.0,78.0,128.0,44.0,115.0,37.0,339.0,24.0,230.0,,,,,,,us,111_us,deep_subduction
369309,1990-05-14T21:34:06,-71.437,-35.867,83.5,6.12,mw,168.0,78.0,128.0,273.0,40.0,19.0,28.87150919579849,295.0911786175219,39.47542239601048,178.0824421958588,37.0299768344978,49.6702023466824,0.58,-0.59,0.01,-0.16,-1.46,1.06,gem,111_gem,deep_subduction
C051490C,1990-05-14T21:34:09,-71.34,-35.89,92.0,5.7,mw,273.0,40.0,19.0,168.0,78.0,128.0,44.0,115.0,37.0,339.0,24.0,230.0,5.77e+17,-5.92e+17,1.4e+16,-1.64e+17,-1.458e+18,1.059e+18,gcmt,111_gcmt,deep_subduction
369553,1990-05-17T11:03:25,-69.648,-18.129,104.6,5.74,mw,190.0,14.0,-52.0,331.0,79.0,-99.0,44.53608155091833,68.54712087030487,9.225242053299295,329.35138473610783,43.991117084576345,230.330444595846,-1.81,-0.33,2.13,2.29,-3.92,-0.48,gem,559_gem,deep_subduction
B051790B,1990-05-17T11:03:34,-69.71,-17.9,126.2,5.4,mw,190.0,14.0,-52.0,331.0,79.0,-99.0,33.0,69.0,9.0,333.0,55.0,230.0,-1.813e+17,-3.25e+16,2.138e+17,2.291e+17,-3.924e+17,-4.83e+16,gcmt,559_gcmt,deep_subduction
366585,1990-06-18T19:02:57,-68.566,-21.775,108.2,5.3,mw,142.0,31.0,-105.0,339.0,61.0,-81.0,44.72525652927487,62.90816026915934,14.79138428397098,168.069042048013,41.53183357147543,271.5942912190192,-9.26,2.06,7.2,1.31,-5.53,-4.31,gem,562_gem,deep_subduction
B061890C,1990-06-18T19:03:04,-68.49,-21.92,136.1,5.3,mw,142.0,31.0,-105.0,339.0,61.0,-81.0,15.0,63.0,7.0,155.0,73.0,270.0,-9.257e+16,2.055e+16,7.202e+16,1.31e+16,-5.531e+16,-4.309e+16,gcmt,562_gcmt,deep_subduction
366939,1990-06-22T11:48:46,-69.139,-19.585,100.6,5.48,mw,176.0,19.0,-74.0,339.0,71.0,-96.0,44.85506851013592,73.4131255920309,6.391867222260822,337.0137019391748,44.434776321920175,240.70786760258773,-1.03,-0.3,1.33,0.58,-1.5,-0.45,gem,563_gem,deep_subduction
B062290B,1990-06-22T11:48:51,-69.3,-19.59,111.1,5.3,mw,176.0,19.0,-74.0,339.0,71.0,-96.0,26.0,74.0,5.0,341.0,63.0,240.0,-1.032e+17,-3.02e+16,1.334e+17,5.779999999999999e+16,-1.502e+17,-4.47e+16,gcmt,563_gcmt,deep_subduction
367604,1990-06-29T06:31:25,-68.809,-28.552,110.8,5.26,mw,129.0,55.0,-97.0,321.0,36.0,-80.0,44.85227611301492,44.016193621676166,16.068045717626976,297.3646915748545,40.74284358284675,192.9983534944012,-9.6,4.81,4.78,-3.02,1.31,-3.84,gem,564_gem,deep_subduction
B062990B,1990-06-29T06:31:25,-68.32,-28.35,123.0,5.3,mwc,321.0,36.0,-80.0,129.0,55.0,-97.0,9.0,224.0,6.0,133.0,79.0,12.0,,,,,,,us,564_us,deep_subduction
B062990B,1990-06-29T06:31:30,-68.83,-28.66,117.3,5.3,mw,321.0,36.0,-80.0,129.0,55.0,-97.0,9.0,224.0,6.0,133.0,79.0,12.0,-9.596e+16,4.807e+16,4.789e+16,-3.015e+16,1.314e+16,-3.843e+16,gcmt,564_gcmt,deep_subduction
359599,1990-08-15T13:23:37,-69.308,-18.902,114.6,5.29,mw,215.0,32.0,-43.0,343.0,69.0,-114.0,42.32841667413986,91.57934844660724,29.37458558801163,330.7356305922138,33.58203416101252,218.78999175325208,-0.55,-0.5,1.05,0.14,-0.69,0.1,gem,565_gem,deep_subduction
B081590A,1990-08-15T13:23:46,-69.33,-18.43,136.5,5.1,mw,215.0,32.0,-43.0,343.0,69.0,-114.0,20.0,92.0,23.0,353.0,59.0,219.0,-5.490000000000001e+16,-5.04e+16,1.053e+17,1.3800000000000002e+16,-6.899999999999999e+16,9900000000000000.0,gcmt,565_gcmt,deep_subduction
B090490F,1990-09-04T23:15:11,-68.96,-31.2,112.0,5.7,mwc,215.0,44.0,-92.0,37.0,46.0,-88.0,1.0,126.0,1.0,216.0,88.0,356.0,,,,,,,us,113_us,deep_subduction
355546,1990-09-04T23:15:12,-69.174,-31.289,111.0,5.71,mw,37.0,46.0,-88.0,215.0,44.0,-92.0,44.99096696450895,305.58572220398617,30.5842642839681,71.80246050908062,29.41932969844554,181.2710327254169,-4.19,1.28,2.91,-0.15,-0.08,2.5,gem,113_gem,deep_subduction
B090490F,1990-09-04T23:15:18,-68.66,-30.92,118.4,5.4,mw,215.0,44.0,-92.0,37.0,46.0,-88.0,1.0,126.0,1.0,216.0,88.0,356.0,-4.189e+17,1.276e+17,2.913e+17,-1.53e+16,-8300000000000000.0,2.503e+17,gcmt,113_gcmt,deep_subduction
355777,1990-09-07T16:09:22,-66.937,-24.357,185.8,5.37,mw,207.0,32.0,-50.0,342.0,66.0,-112.0,43.02991856125058,88.41237118240542,28.01386217858765,328.63467386061564,34.065253897044194,217.5508033393704,-0.79,-0.66,1.44,0.2,-0.82,-0.01,gem,568_gem,deep_subduction
B090790C,1990-09-07T16:09:29,-66.74,-24.29,191.4,5.5,mw,207.0,32.0,-50.0,342.0,66.0,-112.0,18.0,88.0,20.0,351.0,62.0,217.0,-7.87e+16,-6.6e+16,1.447e+17,2.02e+16,-8.16e+16,-1500000000000000.0,gcmt,568_gcmt,deep_subduction
353096,1990-10-10T01:00:06,-66.555,-19.599,270.0,6.5,mw,237.0,31.0,-28.0,351.0,76.0,-118.0,40.79668640979684,103.09798573271472,29.980464013299645,343.2365050585433,34.658046360887425,229.73101698510152,-2.66,-1.47,4.13,1.08,-5.18,2.53,gem,569_gem,deep_subduction
C101090A,1990-10-10T01:00:12,-66.6,-19.43,275.0,5.8,mw,237.0,31.0,-28.0,351.0,76.0,-118.0,26.0,103.0,27.0,358.0,51.0,229.0,-2.66e+18,-1.473e+18,4.134000000000001e+18,1.078e+18,-5.181e+18,2.531e+18,gcmt,569_gcmt,deep_subduction
346148,1990-12-02T14:37:28,-68.35,-21.7,121.3,5.28,mw,33.0,72.0,-39.0,137.0,53.0,-157.0,33.249207495318934,268.84633600826334,52.70606504153281,58.25272414743699,14.944882506173176,168.76802134358945,-0.51,-0.66,1.16,-0.25,-0.36,-0.1,gem,571_gem,deep_subduction
B120290C,1990-12-02T14:37:36,-68.8,-21.34,133.6,5.3,mw,137.0,53.0,-157.0,33.0,72.0,-39.0,12.0,88.0,48.0,192.0,40.0,349.0,-5.1e+16,-6.56e+16,1.166e+17,-2.46e+16,-3.65e+16,-1.01e+16,gcmt,571_gcmt,deep_subduction
B122190F,1990-12-21T18:31:42,-69.59,-32.66,109.0,5.4,mwc,289.0,47.0,-7.0,24.0,85.0,-137.0,24.0,149.0,47.0,30.0,33.0,256.0,,,,,,,us,114_us,deep_subduction
348181,1990-12-21T18:31:45,-69.692,-32.716,117.0,5.42,mw,24.0,85.0,-137.0,289.0,47.0,-7.0,30.833071385685564,328.714581407647,47.20036646667442,198.57858706003165,26.48893786430323,76.0197256343447,-0.28,0.97,-0.69,-0.52,-1.0,0.97,gem,114_gem,deep_subduction
B122190F,1990-12-21T18:31:50,-69.7,-32.71,130.1,5.3,mw,289.0,47.0,-7.0,24.0,85.0,-137.0,24.0,149.0,47.0,30.0,33.0,256.0,-2.85e+16,9.75e+16,-6.899999999999999e+16,-5.15e+16,-1.004e+17,9.67e+16,gcmt,114_gcmt,deep_subduction
338613,1991-03-15T18:51:01,-68.687,-29.111,110.0,5.22,mw,140.0,67.0,-100.0,345.0,25.0,-68.0,44.57154127697175,57.57774477501499,13.089461496002626,314.33590978298633,42.48653953561196,212.0401069039553,-5.79,0.92,4.87,-4.12,4.28,-3.05,gem,574_gem,deep_subduction
B031591A,1991-03-15T18:51:08,-68.61,-28.86,124.5,5.5,mw,345.0,25.0,-68.0,140.0,67.0,-100.0,22.0,238.0,9.0,144.0,66.0,32.0,-5.792e+16,9210000000000000.0,4.871000000000001e+16,-4.125e+16,4.275e+16,-3.051e+16,gcmt,574_gcmt,deep_subduction
331790,1991-05-11T08:04:44,-67.247,-21.959,190.0,5.51,mw,184.0,90.0,105.0,276.0,15.0,1.0,43.07951714187093,288.5108186990699,15.000000000000009,184.0,43.079517141870944,79.48918130093011,-0.03,0.21,-0.18,-0.13,-2.2,0.56,gem,575_gem,deep_subduction
B051191B,1991-05-11T08:04:56,-67.35,-21.22,199.0,5.4,mw,276.0,15.0,1.0,184.0,90.0,105.0,44.0,109.0,15.0,4.0,43.0,260.0,-2700000000000000.0,2.08e+16,-1.8e+16,-1.28e+16,-2.197e+17,5.620000000000001e+16,gcmt,576_gcmt,deep_subduction
333848,1991-05-30T09:06:22,-68.042,-23.665,117.9,5.28,mw,3.0,61.0,-52.0,125.0,46.0,-138.0,39.99551246979249,246.8988016433293,46.371555825062366,38.55636148561052,14.533298629522696,144.33705196449682,-6.75,-2.29,9.03,-1.06,-3.52,-6.21,gem,577_gem,deep_subduction
B053091A,1991-05-30T09:06:29,-68.34,-23.6,155.1,5.3,mw,125.0,46.0,-138.0,3.0,61.0,-52.0,9.0,67.0,32.0,163.0,56.0,324.0,-6.745e+16,-2.286e+16,9.031e+16,-1.059e+16,-3.519e+16,-6.207e+16,gcmt,577_gcmt,deep_subduction
325310,1991-07-09T05:54:07,-68.936,-20.843,98.3,5.38,mw,115.0,28.0,-132.0,341.0,70.0,-71.0,43.24960371575276,55.72937228892761,23.50431244206728,169.87825830238228,37.5524723230246,279.4109824640841,-0.95,0.47,0.48,0.15,-1.08,-0.58,gem,578_gem,deep_subduction
B070991A,1991-07-09T05:54:13,-68.93,-20.79,119.8,5.3,mw,115.0,28.0,-132.0,341.0,70.0,-71.0,22.0,56.0,18.0,154.0,61.0,279.0,-9.54e+16,4.66e+16,4.87e+16,1.49e+16,-1.085e+17,-5.83e+16,gcmt,578_gcmt,deep_subduction
324048,1991-08-27T11:58:23,-68.607,-21.552,110.0,5.39,mw,202.0,25.0,-68.0,358.0,67.0,-100.0,44.580151726039965,95.47877185323624,12.997041679165742,352.3314493126818,42.51869165276821,250.1129450195349,-1.04,-0.08,1.11,0.12,-1.03,0.21,gem,579_gem,deep_subduction
B082791E,1991-08-27T11:58:30,-68.67,-21.24,119.5,5.0,mw,202.0,25.0,-68.0,358.0,67.0,-100.0,21.0,96.0,9.0,2.0,67.0,251.0,-1.041e+17,-7700000000000000.0,1.1180000000000002e+17,1.18e+16,-1.0289999999999998e+17,2.13e+16,gcmt,579_gcmt,deep_subduction
B091591E,1991-09-15T22:56:19,-69.92,-31.48,112.0,5.8,mwc,262.0,87.0,0.0,172.0,90.0,177.0,2.0,127.0,87.0,351.0,2.0,217.0,,,,,,,us,116_us,deep_subduction
320042,1991-09-15T22:56:21,-70.049,-31.455,102.5,5.84,mw,172.0,90.0,177.0,262.0,87.0,0.0,2.1208354676408305,306.96071214756904,87.00000000000009,172.0000000000001,2.1208354676408354,37.03928785243096,0.12,-1.94,1.81,0.04,-0.32,6.72,gem,116_gem,deep_subduction
B091591E,1991-09-15T22:56:26,-69.96,-31.58,123.2,5.2,mw,262.0,87.0,0.0,172.0,90.0,177.0,2.0,127.0,87.0,351.0,2.0,217.0,1.17e+16,-1.936e+17,1.819e+17,4500000000000000.0,-3.22e+16,6.721e+17,gcmt,116_gcmt,deep_subduction
317911,1991-10-27T16:17:31,-67.524,-22.191,170.0,5.42,mw,7.0,84.0,-96.0,235.0,9.0,-43.0,44.74345072979082,282.4357592341219,6.099307794342724,186.35649080175088,44.60969306770827,90.30564828584608,-0.47,0.29,0.18,-0.14,-1.65,0.18,gem,580_gem,deep_subduction
B102791D,1991-10-27T16:17:35,-67.53,-22.11,177.5,5.6,mw,235.0,9.0,-43.0,7.0,84.0,-96.0,39.0,103.0,6.0,8.0,51.0,270.0,-4.67e+16,2.87e+16,1.81e+16,-1.45e+16,-1.648e+17,1.79e+16,gcmt,580_gcmt,deep_subduction
B120191C,1991-12-01T22:41:13,-69.46,-32.02,102.0,5.4,mwc,197.0,46.0,-121.0,58.0,52.0,-62.0,3.0,129.0,22.0,220.0,68.0,32.0,,,,,,,us,117_us,deep_subduction
309241,1991-12-01T22:41:15,-69.542,-32.053,106.9,5.38,mw,58.0,52.0,-62.0,197.0,46.0,-121.0,42.88639855894208,308.5793882166293,45.828615227325976,111.5346911675884,8.60677513702991,210.4978386623624,-1.07,0.25,0.82,-0.23,0.01,1.2,gem,117_gem,deep_subduction
B120191C,1991-12-01T22:41:23,-69.55,-32.03,114.0,5.2,mw,197.0,46.0,-121.0,58.0,52.0,-62.0,3.0,129.0,22.0,220.0,68.0,32.0,-1.074e+17,2.52e+16,8.21e+16,-2.26e+16,600000000000000.0,1.199e+17,gcmt,117_gcmt,deep_subduction
310679,1991-12-15T18:56:05,-70.351,-17.546,98.2,5.88,mw,147.0,21.0,-93.0,330.0,69.0,-89.0,44.99395912795022,59.3220420318292,1.4445841485482045,150.7667808046914,44.969626644681306,242.21029272960143,-5.43,1.5,3.92,3.0,-5.29,-2.44,gem,581_gem,deep_subduction
B121591F,1991-12-15T18:56:11,-70.37,-17.53,111.3,5.6,mw,147.0,21.0,-93.0,330.0,69.0,-89.0,24.0,59.0,1.0,149.0,66.0,242.0,-5.427e+17,1.501e+17,3.926e+17,2.997e+17,-5.287e+17,-2.435e+17,gcmt,581_gcmt,deep_subduction
308670,1992-01-27T09:52:59,-68.128,-21.517,137.6,5.73,mw,2.0,46.0,-108.0,207.0,47.0,-72.0,44.27417630731727,284.62177183606576,45.66171669409025,100.78959336286022,1.916599224837441,192.7520976043793,-4.6,0.06,4.54,1.03,-0.19,1.24,gem,582_gem,deep_subduction
B012792B,1992-01-27T09:53:06,-68.07,-21.17,145.6,5.0,mw,2.0,46.0,-108.0,207.0,47.0,-72.0,0.0,285.0,13.0,15.0,77.0,193.0,-4.602e+17,5900000000000000.0,4.544e+17,1.0309999999999998e+17,-1.94e+16,1.2410000000000002e+17,gcmt,582_gcmt,deep_subduction
296055,1992-04-16T18:33:05,-68.556,-20.224,116.6,5.77,mw,207.0,28.0,-37.0,331.0,73.0,-113.0,42.30929175535899,78.41142540203072,25.63462135247405,322.5125634561188,36.85339143826791,211.43194347958888,-2.37,-1.91,4.28,1.94,-3.66,-0.68,gem,584_gem,deep_subduction
B041692C,1992-04-16T18:33:10,-68.92,-20.3,130.1,5.6,mw,207.0,28.0,-37.0,331.0,73.0,-113.0,25.0,79.0,22.0,338.0,56.0,212.0,-2.3690000000000003e+17,-1.911e+17,4.28e+17,1.937e+17,-3.658e+17,-6.820000000000001e+16,gcmt,584_gcmt,deep_subduction
290567,1992-05-09T00:20:57,-69.445,-18.333,117.4,5.22,mw,214.0,18.0,-9.0,313.0,87.0,-108.0,42.55306339352104,58.86779285485312,17.84909084112132,311.673245939989,42.055902968898245,204.78483031802904,-0.35,-2.31,2.66,5.62,-5.62,-1.4,gem,586_gem,deep_subduction
B050992A,1992-05-09T00:21:06,-69.74,-18.24,130.3,5.4,mw,214.0,18.0,-9.0,313.0,87.0,-108.0,40.0,59.0,18.0,313.0,45.0,205.0,-3530000000000000.0,-2.31e+16,2.662e+16,5.622e+16,-5.618e+16,-1.403e+16,gcmt,586_gcmt,deep_subduction
285152,1992-06-01T01:47:16,-70.769,-17.543,78.1,4.96,mw,204.0,42.0,-58.0,345.0,55.0,-116.0,43.04453073305643,91.81273755771964,41.2968643990048,306.68573478374753,18.296510085889352,199.800729808772,-3.38,0.77,2.61,1.83,-0.76,0.37,gem,587_gem,deep_subduction
B060192A,1992-06-01T01:47:18,-70.28,-17.77,95.2,5.0,mw,204.0,42.0,-58.0,345.0,55.0,-116.0,7.0,92.0,21.0,0.0,68.0,199.0,-3.385e+16,7680000000000000.0,2.617e+16,1.834e+16,-7590000000000000.0,3660000000000000.0,gcmt,587_gcmt,deep_subduction
287906,1992-06-20T13:41:16,-66.917,-19.429,233.8,5.29,mw,0.0,62.0,-106.0,212.0,32.0,-63.0,44.05553020105293,281.6724524586637,23.758420671367663,166.46430918636258,36.52118949853482,57.43980655806621,-9.02,0.9,8.11,1.79,-5.97,2.5,gem,588_gem,deep_subduction
B062092A,1992-06-20T13:41:22,-66.98,-19.48,274.4,5.0,mw,212.0,32.0,-63.0,0.0,62.0,-106.0,16.0,102.0,14.0,8.0,69.0,238.0,-9.016e+16,9010000000000000.0,8.116e+16,1.785e+16,-5.97e+16,2.502e+16,gcmt,588_gcmt,deep_subduction
280368,1992-07-04T06:48:00,-68.853,-20.871,97.4,5.14,mw,152.0,42.0,-85.0,324.0,48.0,-95.0,44.95105676507794,58.461517199819184,25.434026693874006,300.11837069363304,34.22900038785581,191.2409710045889,-5.64,1.03,4.61,0.62,-0.46,-3.79,gem,591_gem,deep_subduction
B070492B,1992-07-04T06:48:06,-69.08,-21.18,111.6,5.0,mw,152.0,42.0,-85.0,324.0,48.0,-95.0,3.0,58.0,4.0,327.0,85.0,189.0,-5.644999999999999e+16,1.029e+16,4.616e+16,6170000000000000.0,-4570000000000000.0,-3.785e+16,gcmt,591_gcmt,deep_subduction
277414,1992-08-14T20:09:00,-65.354,-30.832,195.6,5.15,mw,86.0,14.0,-145.0,322.0,82.0,-79.0,44.11348793260375,41.73284804785629,11.874665175721784,143.4957995526545,43.45961588129136,244.9894018256344,-1.85,2.01,-0.15,3.68,-5.08,-0.99,gem,595_gem,deep_subduction
B081492D,1992-08-14T20:09:01,-65.11,-30.91,200.7,5.0,mw,86.0,14.0,-145.0,322.0,82.0,-79.0,36.0,42.0,11.0,140.0,52.0,244.0,-1.855e+16,2.014e+16,-1590000000000000.0,3.682e+16,-5.082e+16,-9860000000000000.0,gcmt,595_gcmt,deep_subduction
277854,1992-08-17T21:09:25,-68.908,-20.476,105.0,5.49,mw,156.0,14.0,-95.0,341.0,76.0,-89.0,44.9913223499159,70.12488319874961,1.366892169925157,161.49175033987763,44.976074202652704,252.85789000683124,-1.09,0.33,0.76,0.59,-1.81,-0.22,gem,596_gem,deep_subduction
B081792E,1992-08-17T21:09:31,-68.78,-20.26,116.4,5.2,mw,156.0,14.0,-95.0,341.0,76.0,-89.0,31.0,70.0,1.0,161.0,59.0,253.0,-1.087e+17,3.25e+16,7.62e+16,5.9e+16,-1.805e+17,-2.23e+16,gcmt,596_gcmt,deep_subduction
278226,1992-08-20T13:37:12,-69.042,-26.009,105.0,5.23,mw,164.0,27.0,-76.0,329.0,64.0,-97.0,44.80640012317581,63.6030983702459,10.21163320360088,323.2959622071326,43.39195824810939,223.4906902599029,-7.31,1.76,5.54,3.31,-4.26,-1.87,gem,597_gem,deep_subduction
B082092B,1992-08-20T13:37:16,-68.95,-25.9,114.8,5.3,mw,164.0,27.0,-76.0,329.0,64.0,-97.0,19.0,64.0,6.0,332.0,70.0,225.0,-7.308e+16,1.763e+16,5.545e+16,3.306e+16,-4.256e+16,-1.867e+16,gcmt,597_gcmt,deep_subduction
B110192F,1992-11-01T09:36:42,-69.52,-28.98,110.0,5.4,mwc,341.0,17.0,-72.0,142.0,74.0,-95.0,29.0,237.0,5.0,144.0,60.0,45.0,,,,,,,us,600_us,deep_subduction
260430,1992-11-01T09:36:43,-69.586,-28.896,107.9,5.37,mw,142.0,74.0,-95.0,341.0,17.0,-72.0,44.868394591006,56.03398595357544,5.661135559955929,320.37117288984155,44.57405603563377,224.76643299877333,-9.04,3.1,5.94,-7.98,9.15,-0.95,gem,600_gem,deep_subduction
B110192F,1992-11-01T09:36:50,-69.51,-29.06,118.7,5.6,mw,341.0,17.0,-72.0,142.0,74.0,-95.0,29.0,237.0,5.0,144.0,60.0,45.0,-9.043e+16,3.096e+16,5.947e+16,-7.981e+16,9.15e+16,-9520000000000000.0,gcmt,600_gcmt,deep_subduction
263531,1992-11-20T01:45:23,-66.372,-23.061,244.2,5.29,mw,196.0,12.0,-50.0,336.0,81.0,-98.0,44.60987423214323,72.11794162376509,8.085128771061445,334.06229423763256,44.25667342418897,236.1060188647362,-3.51,-0.15,3.66,4.45,-9.11,-0.07,gem,603_gem,deep_subduction
B112092A,1992-11-20T01:45:28,-66.19,-22.72,255.5,5.1,mw,196.0,12.0,-50.0,336.0,81.0,-98.0,36.0,72.0,7.0,337.0,53.0,237.0,-3.513e+16,-1470000000000000.0,3.661e+16,4.45e+16,-9.112e+16,-740000000000000.0,gcmt,603_gcmt,deep_subduction
258730,1992-12-23T02:20:06,-68.996,-20.183,100.3,5.65,mw,206.0,21.0,-27.0,322.0,81.0,-108.0,42.75739689881754,67.27953269621901,19.58143731942029,318.07699920922283,40.78953330821786,210.2023834981056,-1.36,-0.41,1.77,2.44,-2.33,0.17,gem,604_gem,deep_subduction
B122392B,1992-12-23T02:20:08,-69.27,-20.39,118.8,5.4,mw,206.0,21.0,-27.0,322.0,81.0,-108.0,33.0,68.0,18.0,325.0,51.0,211.0,-1.361e+17,-4.14e+16,1.775e+17,2.44e+17,-2.33e+17,1.67e+16,gcmt,604_gcmt,deep_subduction
B122992C,1992-12-29T20:31:43,-67.31,-31.69,131.0,5.4,mwc,139.0,26.0,-112.0,343.0,66.0,-80.0,21.0,65.0,9.0,159.0,67.0,272.0,,,,,,,us,124_us,deep_subduction
259890,1992-12-29T20:31:44,-67.308,-31.759,130.4,5.36,mw,139.0,26.0,-112.0,343.0,66.0,-80.0,44.55358320019059,65.41324596236439,13.916907395908636,169.5334314775689,42.127184968021645,272.4838291126138,-8.85,-0.11,8.96,2.37,-8.88,-6.15,gem,124_gem,deep_subduction
B122992C,1992-12-29T20:31:48,-67.15,-31.55,144.4,5.0,mw,139.0,26.0,-112.0,343.0,66.0,-80.0,21.0,65.0,9.0,159.0,67.0,272.0,-8.853e+16,-1070000000000000.0,8.960000000000002e+16,2.374e+16,-8.882999999999998e+16,-6.148e+16,gcmt,124_gcmt,deep_subduction
249379,1993-02-24T22:21:37,-68.535,-25.038,115.0,5.64,mw,101.0,55.0,-124.0,331.0,47.0,-51.0,41.61334330917819,34.36047046959055,46.936327732275984,232.4780360671167,9.134276242134549,132.57158689936858,-2.68,2.15,0.53,-1.1,-0.67,-2.29,gem,605_gem,deep_subduction
C022493H,1993-02-24T22:21:44,-68.45,-25.18,132.6,6.0,mw,331.0,47.0,-51.0,101.0,55.0,-124.0,5.0,214.0,27.0,122.0,62.0,313.0,-2.683e+17,2.147e+17,5.36e+16,-1.101e+17,-6.68e+16,-2.293e+17,gcmt,605_gcmt,deep_subduction
245625,1993-03-30T05:23:57,-67.45,-22.322,175.3,5.81,mw,264.0,37.0,-6.0,359.0,86.0,-127.0,35.50156733938916,118.5695598688676,36.98189499452739,356.07750425381494,33.26593911968253,236.47192419492205,-0.65,-0.19,0.83,0.26,-5.12,3.85,gem,609_gem,deep_subduction
B033093A,1993-03-30T05:24:03,-67.28,-21.98,179.5,5.3,mw,264.0,37.0,-6.0,359.0,86.0,-127.0,31.0,119.0,37.0,2.0,38.0,237.0,-6.45e+16,-1.89e+16,8.34e+16,2.64e+16,-5.122e+17,3.848e+17,gcmt,609_gcmt,deep_subduction
238056,1993-04-10T21:01:28,-68.89,-22.426,112.2,5.31,mw,206.0,24.0,-56.0,349.0,71.0,-104.0,44.08282998002615,90.34200235280798,16.783438461253485,343.3584077648311,41.1279419347572,238.08866193183604,-6.34,-2.15,8.48,1.98,-8.43,0.9,gem,610_gem,deep_subduction
B041093E,1993-04-10T21:01:34,-68.8,-22.39,120.8,5.1,mw,206.0,24.0,-56.0,349.0,71.0,-104.0,24.0,90.0,13.0,354.0,62.0,238.0,-6.338e+16,-2.151e+16,8.489e+16,1.984e+16,-8.425e+16,8990000000000000.0,gcmt,610_gcmt,deep_subduction
231004,1993-05-05T11:38:25,-69.107,-19.611,106.0,5.39,mw,28.0,88.0,-30.0,119.0,60.0,-178.0,21.81377230370608,257.5795419910772,59.99992630157033,31.467615466945688,19.544952025892904,159.41076335178218,-0.45,-0.97,1.41,-0.02,-0.84,-0.64,gem,611_gem,deep_subduction
B050593A,1993-05-05T11:38:33,-69.32,-20.19,140.2,5.1,mw,119.0,60.0,-178.0,28.0,88.0,-30.0,20.0,77.0,60.0,204.0,22.0,339.0,-4.47e+16,-9.67e+16,1.414e+17,-1900000000000000.0,-8.43e+16,-6.39e+16,gcmt,611_gcmt,deep_subduction
234120,1993-05-24T23:51:27,-66.508,-23.017,219.8,6.95,mw,165.0,15.0,-101.0,356.0,75.0,-87.0,44.953133811178255,83.98329491402046,3.2493796999119566,177.23258701589123,44.86278308662235,270.47163654074683,-1.59,-0.04,1.63,0.19,-2.9,-0.29,gem,613_gem,deep_subduction
C052493E,1993-05-24T23:51:28,-66.88,-23.45,231.9,6.2,mw,165.0,15.0,-101.0,356.0,75.0,-87.0,30.0,83.0,3.0,175.0,60.0,269.0,-1.594e+19,-4.2e+17,1.636e+19,1.91e+18,-2.903e+19,-2.92e+18,gcmt,613_gcmt,deep_subduction
227125,1993-06-08T23:17:41,-69.234,-31.56,131.0,6.3,mw,53.0,45.0,-75.0,211.0,47.0,-105.0,1.0,312.0,11.0,222.0,79.0,47.0,-326000000000.0,142000000000.0,184000000000.0,-36000000000.0,48000000000.0,191000000000.0,neic,127_neic,deep_subduction
C060893F,1993-06-08T23:17:41,-69.22,-31.59,113.0,6.3,mwc,40.0,41.0,-95.0,226.0,49.0,-86.0,4.0,313.0,3.0,44.0,85.0,172.0,,,,,,,us,127_us,deep_subduction
227125,1993-06-08T23:17:41,-69.224,-31.586,110.8,6.27,mw,40.0,41.0,-95.0,226.0,49.0,-86.0,44.9528499500103,313.54237059930625,20.435949143971364,65.38128021876071,37.99238968434115,172.30126767828426,-2.99,1.39,1.6,0.4,0.21,1.77,gem,127_gem,deep_subduction
C060893F,1993-06-08T23:17:47,-69.13,-31.62,124.5,6.4,mw,40.0,41.0,-95.0,226.0,49.0,-86.0,4.0,313.0,3.0,44.0,85.0,172.0,-2.988e+18,1.386e+18,1.601e+18,4.03e+17,2.08e+17,1.768e+18,gcmt,127_gcmt,deep_subduction
203422,1993-10-19T04:02:22,-65.757,-22.326,267.9,6.01,mw,252.0,5.0,-12.0,355.0,89.0,-95.0,44.79904728973501,88.74394411034746,4.893667056596366,353.866745220643,44.78399333735479,258.99211480789444,-0.02,-0.09,0.1,0.11,-1.25,0.1,gem,615_gem,deep_subduction
B101993A,1993-10-19T04:02:30,-65.69,-22.12,278.9,5.8,mw,252.0,5.0,-12.0,355.0,89.0,-95.0,44.0,90.0,5.0,355.0,46.0,259.0,-1.7999999999999998e+16,-8.6e+16,1.04e+17,1.12e+17,-1.249e+18,9.9e+16,gcmt,615_gcmt,deep_subduction
B103093E,1993-10-30T17:59:02,-68.21,-31.75,109.0,5.8,mwc,180.0,41.0,-125.0,43.0,58.0,-64.0,9.0,114.0,22.0,208.0,66.0,3.0,,,,,,,us,130_us,deep_subduction
205282,1993-10-30T17:59:03,-68.27,-31.688,109.3,5.81,mw,43.0,58.0,-64.0,180.0,41.0,-125.0,42.8077822174091,294.6848401039284,39.10379873682911,73.52314231604885,22.00635962789401,182.70045247119924,-5.09,-0.03,5.11,-2.77,-0.82,2.36,gem,130_gem,deep_subduction
B103093E,1993-10-30T17:59:08,-68.16,-31.77,125.6,5.9,mw,180.0,41.0,-125.0,43.0,58.0,-64.0,9.0,114.0,22.0,208.0,66.0,3.0,-5.091e+17,-2500000000000000.0,5.116e+17,-2.775e+17,-8.2e+16,2.3570000000000003e+17,gcmt,130_gcmt,deep_subduction
198038,1993-11-14T01:59:20,-68.595,-22.689,107.0,5.78,mw,0.0,76.0,-84.0,155.0,15.0,-115.0,44.79910314848309,265.06625862805373,6.585874073204488,1.6495408915951089,44.44717449419057,98.1520881984368,-2.53,-0.26,2.79,-0.1,-5.16,-0.65,gem,616_gem,deep_subduction
B111493A,1993-11-14T01:59:26,-68.74,-22.63,117.1,5.8,mw,155.0,15.0,-115.0,0.0,76.0,-84.0,31.0,85.0,6.0,178.0,58.0,279.0,-2.529e+17,-2.64e+16,2.793e+17,-1.02e+16,-5.161e+17,-6.48e+16,gcmt,616_gcmt,deep_subduction
185847,1994-02-17T04:37:27,-66.677,-23.35,218.6,5.34,mw,30.0,85.0,-63.0,131.0,27.0,-168.0,39.89853361806387,277.0828847731213,27.24365196217924,32.58189726889964,37.998238915866,146.30103095700753,-0.09,-0.72,0.8,-0.29,-1.12,0.1,gem,618_gem,deep_subduction
B021794B,1994-02-17T04:37:32,-66.65,-23.3,212.8,5.3,mw,131.0,27.0,-168.0,30.0,85.0,-63.0,34.0,98.0,27.0,208.0,44.0,327.0,-9200000000000000.0,-7.17e+16,8.09e+16,-2.92e+16,-1.1180000000000002e+17,1.05e+16,gcmt,618_gcmt,deep_subduction
174168,1994-05-22T02:57:15,-66.852,-24.427,186.1,5.47,mw,57.0,56.0,-52.0,182.0,49.0,-133.0,40.67112992577552,301.1316202222712,48.378564474909886,106.38887987971896,7.365618229150014,204.7543875082084,-1.36,-0.1,1.46,-0.47,-0.01,1.43,gem,622_gem,deep_subduction
B052294A,1994-05-22T02:57:19,-66.94,-24.76,179.8,5.4,mw,182.0,49.0,-133.0,57.0,56.0,-52.0,4.0,121.0,31.0,213.0,59.0,25.0,-1.3640000000000002e+17,-1.05e+16,1.469e+17,-4.69e+16,-1000000000000000.0,1.426e+17,gcmt,622_gcmt,deep_subduction
170949,1994-06-27T07:26:53,-68.787,-20.847,107.5,5.29,mw,152.0,45.0,-104.0,352.0,47.0,-76.0,44.57450197640152,71.85082102757883,44.999999999999964,241.9999999999997,4.94357460082712,336.96207933265543,-1.02,0.0,1.02,-0.15,-0.08,-0.38,gem,623_gem,deep_subduction
B062794C,1994-06-27T07:26:59,-68.99,-20.77,124.7,5.3,mw,152.0,45.0,-104.0,352.0,47.0,-76.0,1.0,72.0,10.0,162.0,80.0,338.0,-1.022e+17,200000000000000.0,1.0209999999999998e+17,-1.51e+16,-7600000000000000.0,-3.75e+16,gcmt,623_gcmt,deep_subduction
158473,1994-08-02T01:51:21,-66.843,-24.198,188.3,5.38,mw,205.0,39.0,-43.0,331.0,65.0,-121.0,41.34988534686323,82.75462149649678,38.15680276145197,309.00808871887386,25.24087427118822,197.2672879597505,-0.93,-0.52,1.44,0.5,-0.58,-0.14,gem,624_gem,deep_subduction
B080294A,1994-08-02T01:51:25,-67.0,-24.25,198.2,5.1,mw,205.0,39.0,-43.0,331.0,65.0,-121.0,14.0,83.0,28.0,345.0,58.0,197.0,-9.29e+16,-5.2e+16,1.449e+17,5.04e+16,-5.84e+16,-1.45e+16,gcmt,624_gcmt,deep_subduction
151335,1994-10-20T01:15:16,-70.811,-39.187,168.0,6.0,mw,241.0,21.0,167.0,344.0,85.0,70.0,46.0,233.0,20.0,346.0,37.0,92.0,16800000000.0,12600000000.0,-29300000000.0,-30400000000.0,84200000000.0,-26400000000.0,neic,139_neic,deep_subduction
B102094A,1994-10-20T01:15:16,-70.8,-39.19,164.0,5.9,mwc,234.0,15.0,161.0,343.0,85.0,76.0,48.0,238.0,14.0,344.0,39.0,86.0,,,,,,,us,139_us,deep_subduction
151335,1994-10-20T01:15:17,-70.765,-39.209,159.1,5.93,mw,234.0,15.0,161.0,343.0,85.0,76.0,42.949032373394,237.3686892118764,14.360759047524002,341.1562779887162,43.52389130274562,85.22957737870519,1.43,1.44,-2.87,-2.77,8.7,-1.38,gem,139_gem,deep_subduction
B102094A,1994-10-20T01:15:20,-70.8,-39.19,170.2,5.7,mw,234.0,15.0,161.0,343.0,85.0,76.0,48.0,238.0,14.0,344.0,39.0,86.0,1.434e+17,1.437e+17,-2.87e+17,-2.767e+17,8.699999999999999e+17,-1.3839999999999998e+17,gcmt,139_gcmt,deep_subduction
133348,1994-12-07T03:37:56,-66.391,-23.292,240.0,5.91,mw,4.0,75.0,-114.0,244.0,29.0,-33.0,41.95889820405,292.6896212864728,26.208695933658035,176.42072348164402,36.7462712265745,64.857340594596,-3.84,-0.41,4.24,-0.31,-7.01,4.23,gem,627_gem,deep_subduction
B120794A,1994-12-07T03:38:02,-66.58,-23.19,246.3,5.6,mw,244.0,29.0,-33.0,4.0,75.0,-114.0,26.0,113.0,24.0,11.0,54.0,245.0,-3.837e+17,-4.11e+16,4.247e+17,-3.08e+16,-7.013e+17,4.233e+17,gcmt,627_gcmt,deep_subduction
134291,1994-12-12T07:41:56,-69.536,-17.493,143.6,6.21,mw,224.0,30.0,-33.0,343.0,75.0,-116.0,41.56882023157888,93.2018094337826,28.39571517828553,334.5528126644119,35.2797732590962,222.06538878116555,-1.14,-0.68,1.81,0.73,-1.85,0.5,gem,630_gem,deep_subduction
B121294A,1994-12-12T07:42:02,-69.66,-17.44,161.4,5.8,mw,224.0,30.0,-33.0,343.0,75.0,-116.0,25.0,93.0,25.0,350.0,53.0,222.0,-1.137e+18,-6.8e+17,1.817e+18,7.29e+17,-1.849e+18,4.98e+17,gcmt,630_gcmt,deep_subduction
134502,1994-12-13T14:26:39,-68.115,-24.248,115.7,5.06,mw,50.0,32.0,-133.0,278.0,67.0,-67.0,42.73994691613985,350.6666114311891,28.657443351965533,110.99923689643208,33.79693119831355,222.45730501524764,-3.77,2.69,1.07,3.09,-2.12,1.22,gem,631_gem,deep_subduction
118793,1995-02-10T20:26:58,-68.95,-20.132,114.5,5.59,mw,127.0,18.0,-138.0,356.0,78.0,-76.0,43.91541946799893,75.16966874951856,14.464149569753484,179.5504335432057,42.5066550306343,283.22594476889094,-1.2,0.18,1.02,-0.01,-2.68,-0.74,gem,632_gem,deep_subduction
B021095D,1995-02-10T20:27:04,-69.01,-19.98,130.6,5.4,mw,127.0,18.0,-138.0,356.0,78.0,-76.0,32.0,75.0,13.0,174.0,55.0,283.0,-1.203e+17,1.77e+16,1.026e+17,-800000000000000.0,-2.678e+17,-7.37e+16,gcmt,632_gcmt,deep_subduction
119653,1995-02-14T15:53:57,-67.634,-23.459,151.3,5.93,mw,143.0,18.0,-115.0,349.0,74.0,-82.0,44.68121225119286,72.845218869228,8.877083998142878,171.73056322570142,43.95415358297679,270.3914397096345,-3.72,-1.85,5.56,1.62,-7.8,-2.91,gem,633_gem,deep_subduction
B021495C,1995-02-14T15:54:01,-67.88,-23.64,159.5,5.7,mw,143.0,18.0,-115.0,349.0,74.0,-82.0,29.0,73.0,7.0,167.0,60.0,271.0,-3.718e+17,-1.849e+17,5.566e+17,1.62e+17,-7.803e+17,-2.913e+17,gcmt,633_gcmt,deep_subduction
104889,1995-05-19T09:31:43,-66.749,-24.082,204.4,5.08,mw,207.0,23.0,-58.0,354.0,71.0,-102.0,44.237070930427095,92.6582311309764,15.147846740000764,347.3743557365187,41.84411684607921,243.34469938745104,-3.67,0.84,2.83,1.15,-3.98,0.76,gem,635_gem,deep_subduction
B051995C,1995-05-19T09:31:49,-66.96,-24.06,237.3,5.0,mw,207.0,23.0,-58.0,354.0,71.0,-102.0,25.0,93.0,12.0,358.0,62.0,244.0,-3.672e+16,8370000000000000.0,2.835e+16,1.151e+16,-3.979e+16,7630000000000000.0,gcmt,635_gcmt,deep_subduction
97763,1995-06-09T05:35:50,-68.117,-21.726,126.2,5.42,mw,204.0,43.0,-50.0,335.0,59.0,-121.0,41.87309655968004,86.64118652790671,42.81659989775528,300.4849417602506,17.70998706937559,193.2747904924813,-1.31,-0.23,1.53,0.79,-0.39,0.01,gem,637_gem,deep_subduction
B060995B,1995-06-09T05:35:55,-68.2,-21.61,137.9,5.2,mw,204.0,43.0,-50.0,335.0,59.0,-121.0,8.0,87.0,26.0,352.0,62.0,193.0,-1.312e+17,-2.27e+16,1.539e+17,7.85e+16,-3.85e+16,899999999999999.9,gcmt,637_gcmt,deep_subduction
87160,1995-08-03T08:18:53,-69.239,-28.281,109.0,5.8,mw,169.0,50.0,-88.0,345.0,40.0,-93.0,5.0,257.0,2.0,347.0,85.0,97.0,-61500000000.0,5300000000.0,56500000000.00001,-300000000.0,10800000000.0,-12500000000.0,neic,648_neic,deep_subduction
B080395E,1995-08-03T08:18:53,-69.2,-28.35,104.0,5.8,mwc,338.0,36.0,-100.0,170.0,54.0,-83.0,9.0,255.0,6.0,346.0,79.0,108.0,,,,,,,us,648_us,deep_subduction
87160,1995-08-03T08:18:54,-69.124,-28.229,100.0,5.81,mw,170.0,54.0,-83.0,338.0,36.0,-100.0,44.85674503535803,74.9980279494871,17.381700122225073,183.14580101356725,40.00472132658406,288.3765805061692,-6.17,0.86,5.3,0.19,2.04,-1.4,gem,648_gem,deep_subduction
B080395E,1995-08-03T08:19:01,-69.22,-28.26,121.2,5.9,mw,338.0,36.0,-100.0,170.0,54.0,-83.0,9.0,255.0,6.0,346.0,79.0,108.0,-6.17e+17,8.65e+16,5.305e+17,1.9e+16,2.035e+17,-1.3999999999999998e+17,gcmt,648_gcmt,deep_subduction
88444,1995-08-11T10:14:46,-66.79,-23.481,209.7,5.32,mw,178.0,25.0,-46.0,312.0,72.0,-108.0,43.40731203872019,55.11904859204333,20.59797255215739,304.29494081986456,39.466060292952335,196.2694157345701,-5.21,-0.89,6.09,6.38,-6.59,-6.75,gem,654_gem,deep_subduction
84843,1995-09-19T03:31:54,-68.906,-21.336,108.1,5.6,mw,1.0,69.0,-89.0,179.0,21.0,-92.0,44.99544337857861,270.2260289410704,1.2561381525824702,1.4822692237469823,44.97702177632922,92.73770182992756,-1.87,-0.35,2.22,-0.06,-2.28,0.02,gem,656_gem,deep_subduction
B091995B,1995-09-19T03:31:59,-68.79,-21.22,121.3,5.7,mw,179.0,21.0,-92.0,1.0,69.0,-89.0,24.0,91.0,1.0,181.0,66.0,273.0,-1.87e+17,-3.54e+16,2.2240000000000003e+17,-5700000000000000.0,-2.278e+17,1700000000000000.0,gcmt,656_gcmt,deep_subduction
B031196C,1996-03-11T11:56:07,-71.89,-42.18,126.0,5.3,mwc,208.0,13.0,40.0,79.0,82.0,100.0,52.0,0.0,10.0,257.0,36.0,160.0,,,,,,,us,148_us,deep_subduction
952663,1996-03-11T11:56:09,-72.02,-42.167,127.4,5.32,mw,79.0,82.0,100.0,208.0,13.0,40.0,43.83694975639167,180.50391926429648,10.292109446565542,80.46238172142046,44.333686541588335,340.2432486976514,0.15,-0.41,0.25,1.11,0.28,-0.37,gem,148_gem,deep_subduction
959944,1996-04-20T19:17:05,-67.037,-24.165,186.1,5.36,mw,1.0,62.0,-98.0,198.0,29.0,-75.0,44.762438849720496,276.89521871484004,12.428221872070024,174.27070687089076,42.58085340362668,72.58666464392178,-1.06,-0.09,1.15,0.06,-0.77,0.19,gem,669_gem,deep_subduction
B042096A,1996-04-20T19:17:08,-66.88,-24.15,190.7,5.2,mw,198.0,29.0,-75.0,1.0,62.0,-98.0,17.0,97.0,7.0,4.0,72.0,253.0,-1.06e+17,-9400000000000000.0,1.1539999999999998e+17,6000000000000000.0,-7.66e+16,1.94e+16,gcmt,669_gcmt,deep_subduction
964798,1996-05-18T07:42:23,-69.014,-23.903,110.0,5.31,mw,208.0,33.0,-51.0,344.0,65.0,-112.0,43.03025260855902,90.25527232510969,29.12362941930223,328.9172973793472,33.05310785366292,217.66095885895177,-8.69,-0.11,8.8,4.46,-6.16,1.52,gem,670_gem,deep_subduction
B051896B,1996-05-18T07:42:27,-69.08,-23.85,116.4,5.3,mw,208.0,33.0,-51.0,344.0,65.0,-112.0,18.0,90.0,20.0,353.0,63.0,218.0,-8.691e+16,-1140000000000000.0,8.805e+16,4.458e+16,-6.158e+16,1.515e+16,gcmt,670_gcmt,deep_subduction
978440,1996-08-01T21:51:49,-70.664,-17.896,74.8,5.13,mw,230.0,35.0,-28.0,344.0,74.0,-122.0,39.87430417763279,97.3388840374854,34.355147113751066,332.5169127030168,31.340354314647325,217.9173547838066,-2.84,-0.94,3.77,2.73,-4.06,2.09,gem,674_gem,deep_subduction
987452,1996-09-21T02:53:17,-67.538,-19.162,207.3,5.68,mw,258.0,58.0,-1.0,348.0,89.0,-148.0,22.469350123277103,118.61068012051112,57.99731592329146,347.1727320981578,21.53902279796156,218.00578789449668,-0.26,-1.35,1.61,0.26,-2.12,3.14,gem,677_gem,deep_subduction
B092196F,1996-09-21T02:53:22,-67.22,-18.76,215.5,5.0,mw,258.0,58.0,-1.0,348.0,89.0,-148.0,21.0,118.0,58.0,350.0,23.0,218.0,-2.63e+16,-1.351e+17,1.614e+17,2.58e+16,-2.121e+17,3.141e+17,gcmt,677_gcmt,deep_subduction
993702,1996-10-25T19:59:41,-70.096,-17.416,109.6,5.64,mw,196.0,23.0,-47.0,331.0,73.0,-106.0,43.66650467772672,73.33978015360839,18.26098145471409,324.9819422433259,40.69116558247815,218.49932114675,-1.52,-0.94,2.45,1.33,-2.49,-0.78,gem,678_gem,deep_subduction
B102596D,1996-10-25T19:59:47,-70.28,-17.35,127.3,5.5,mw,196.0,23.0,-47.0,331.0,73.0,-106.0,27.0,73.0,15.0,335.0,59.0,219.0,-1.515e+17,-9.36e+16,2.451e+17,1.327e+17,-2.493e+17,-7.84e+16,gcmt,678_gcmt,deep_subduction
1007800,1997-01-23T02:15:23,-65.711,-22.034,275.0,7.12,mw,85.0,4.0,-175.0,351.0,90.0,-86.0,44.86331665788176,76.06070858172177,3.985047802315081,170.03638562776666,44.859960051608525,264.0115961259973,-0.01,0.03,-0.01,0.95,-5.7,-0.37,gem,680_gem,deep_subduction
C012397B,1997-01-23T02:15:31,-65.92,-22.04,281.6,6.4,mw,85.0,4.0,-175.0,351.0,90.0,-86.0,45.0,77.0,4.0,171.0,45.0,264.0,-1.3e+17,3.2e+17,-1.9e+17,9.55e+18,-5.703e+19,-3.69e+18,gcmt,680_gcmt,deep_subduction
B021097B,1997-02-10T10:52:09,-68.75,-32.93,149.0,5.3,mwc,317.0,15.0,-31.0,77.0,82.0,-103.0,36.0,178.0,13.0,79.0,51.0,333.0,,,,,,,us,152_us,deep_subduction
1010513,1997-02-10T10:52:11,-68.78,-32.794,144.7,5.28,mw,77.0,82.0,-103.0,317.0,15.0,-31.0,43.87909274486257,358.29898188538294,13.371171569972454,255.08557332296863,43.05492270352475,152.253928625222,-2.93,3.39,-0.46,-9.54,-2.65,-1.62,gem,152_gem,deep_subduction
B021097B,1997-02-10T10:52:15,-68.31,-32.98,151.6,5.0,mw,317.0,15.0,-31.0,77.0,82.0,-103.0,36.0,178.0,13.0,79.0,51.0,333.0,-2.933e+16,3.393e+16,-4600000000000000.0,-9.537000000000002e+16,-2.647e+16,-1.6220000000000002e+16,gcmt,152_gcmt,deep_subduction
B032597A,1997-03-25T00:14:44,-70.55,-33.48,84.0,5.5,mwc,158.0,59.0,-161.0,58.0,74.0,-33.0,10.0,111.0,54.0,215.0,34.0,14.0,,,,,,,us,154_us,deep_subduction
1018080,1997-03-25T00:14:45,-70.716,-33.451,84.9,5.5,mw,58.0,74.0,-33.0,158.0,59.0,-161.0,29.855470764317506,290.9611459625584,57.35335563335951,84.58776147937436,11.995400247163476,193.95605337137405,-0.6,-1.12,1.72,-1.13,-0.08,1.07,gem,154_gem,deep_subduction
B032597A,1997-03-25T00:14:50,-70.62,-33.45,89.9,5.5,mw,158.0,59.0,-161.0,58.0,74.0,-33.0,10.0,111.0,54.0,215.0,34.0,14.0,-6.04e+16,-1.123e+17,1.727e+17,-1.1279999999999998e+17,-8000000000000000.0,1.068e+17,gcmt,154_gcmt,deep_subduction
1019502,1997-04-01T18:33:32,-69.447,-18.312,107.9,6.13,mw,222.0,32.0,-30.0,339.0,75.0,-118.0,40.82240570079478,89.76565864221465,30.912007857652817,328.6173458479872,33.7553959113752,215.0286360849921,-0.79,-0.7,1.48,0.53,-1.31,0.25,gem,682_gem,deep_subduction
C040197E,1997-04-01T18:33:38,-69.54,-18.32,117.7,5.9,mw,222.0,32.0,-30.0,339.0,75.0,-118.0,25.0,90.0,27.0,347.0,52.0,216.0,-7.86e+17,-7.01e+17,1.487e+18,5.34e+17,-1.309e+18,2.46e+17,gcmt,682_gcmt,deep_subduction
1019505,1997-04-01T18:42:14,-69.32,-18.296,105.6,6.13,mw,188.0,21.0,-51.0,327.0,74.0,-104.0,44.04119875231229,67.8601442754047,15.30964960946611,322.5087563984085,41.95855143547218,218.26029179685665,-0.72,-0.51,1.22,0.78,-1.38,-0.72,gem,683_gem,deep_subduction
C040197F,1997-04-01T18:42:18,-69.62,-18.07,106.4,5.8,mw,188.0,21.0,-51.0,327.0,74.0,-104.0,27.0,68.0,13.0,331.0,59.0,218.0,-7.21e+17,-5.08e+17,1.229e+18,7.76e+17,-1.38e+18,-7.16e+17,gcmt,683_gcmt,deep_subduction
B042097B,1997-04-20T19:53:15,-69.98,-34.04,105.0,5.6,mwc,181.0,13.0,-93.0,4.0,77.0,-89.0,32.0,93.0,1.0,184.0,58.0,275.0,,,,,,,us,155_us,deep_subduction
1022732,1997-04-20T19:53:17,-70.139,-33.93,105.2,5.57,mw,4.0,77.0,-89.0,181.0,13.0,-93.0,44.99424029369226,273.1662723166843,1.0840563941716208,4.250304803615904,44.985251422941,95.33399716559506,-1.08,-0.3,1.37,-0.18,-2.52,0.08,gem,155_gem,deep_subduction
B042097B,1997-04-20T19:53:22,-70.39,-33.85,115.5,5.3,mw,181.0,13.0,-93.0,4.0,77.0,-89.0,32.0,93.0,1.0,184.0,58.0,275.0,-1.077e+17,-3e+16,1.3779999999999998e+17,-1.85e+16,-2.522e+17,8300000000000000.0,gcmt,155_gcmt,deep_subduction
1026007,1997-05-09T01:32:46,-66.934,-24.312,183.0,5.2,mw,0.0,70.0,-115.0,233.0,32.0,-41.0,42.14029547019173,288.68473445608936,29.248959606516834,168.23930826819708,33.90083966459242,56.13348995015542,-4.5,-0.54,5.04,0.68,-5.39,3.34,gem,685_gem,deep_subduction
1026474,1997-05-11T15:49:26,-66.88,-24.31,190.0,5.13,mw,197.0,26.0,-40.0,324.0,74.0,-110.0,42.85357868075316,69.98725113730046,22.9215664887424,316.88906731311096,38.395004492311415,207.31076310423825,-2.49,-1.84,4.33,2.57,-4.05,-1.95,gem,686_gem,deep_subduction
1027534,1997-05-17T02:10:18,-69.499,-27.162,114.0,5.5,mw,48.0,31.0,-28.0,162.0,76.0,-118.0,26.0,274.0,27.0,170.0,51.0,41.0,-7800000000.0,-4300000000.0,12100000000.0,-6500000000.0,13500000000.000002,4800000000.0,neic,687_neic,deep_subduction
1027534,1997-05-17T02:10:20,-69.529,-27.059,110.0,5.52,mw,150.0,85.0,-67.0,251.0,23.0,-168.0,41.24698330496861,40.04957550689676,23.22321291177977,152.15136917320865,39.805308815580126,263.10200671708026,-0.47,1.03,-0.56,-0.85,1.99,-0.39,gem,687_gem,deep_subduction
1032843,1997-06-19T12:21:03,-70.237,-33.173,103.1,5.35,mw,20.0,74.0,-72.0,150.0,24.0,-137.0,43.31830544673774,275.8243393339275,20.115731462319424,26.028502800009107,39.87655819058013,133.8459886433584,-7.01,-0.99,7.99,-5.12,-9.76,-1.32,gem,156_gem,deep_subduction
B061997F,1997-06-19T12:21:03,-70.14,-33.2,106.0,5.4,mwc,150.0,24.0,-137.0,20.0,74.0,-72.0,27.0,95.0,17.0,195.0,57.0,313.0,,,,,,,us,156_us,deep_subduction
1032843,1997-06-19T12:21:03,-70.142,-33.2,105.0,5.4,mw,37.0,84.0,-79.0,155.0,12.0,-152.0,38.0,117.0,11.0,216.0,50.0,319.0,-3400000000.0000005,-1200000000.0,4600000000.0,-9200000000.0,-11200000000.000002,0.0,neic,156_neic,deep_subduction
B061997F,1997-06-19T12:21:07,-70.19,-33.15,115.9,5.4,mw,150.0,24.0,-137.0,20.0,74.0,-72.0,27.0,95.0,17.0,195.0,57.0,313.0,-7.006e+16,-9930000000000000.0,7.998e+16,-5.121000000000001e+16,-9.756e+16,-1.321e+16,gcmt,156_gcmt,deep_subduction
1036390,1997-07-11T02:32:43,-69.413,-18.822,101.3,5.4,mw,154.0,12.0,-106.0,351.0,78.0,-86.0,44.93235962378857,77.49937361508654,3.569804938135584,171.0676815654499,44.84551105376738,264.62517425245625,-0.53,-0.14,0.66,0.22,-1.42,-0.23,gem,691_gem,deep_subduction
B071197B,1997-07-11T02:32:47,-69.71,-18.93,131.3,5.1,mw,154.0,12.0,-106.0,351.0,78.0,-86.0,33.0,78.0,3.0,170.0,57.0,265.0,-5.33e+16,-1.35e+16,6.68e+16,2.24e+16,-1.421e+17,-2.35e+16,gcmt,691_gcmt,deep_subduction
1036608,1997-07-12T16:24:11,-68.215,-21.301,123.8,5.23,mw,117.0,40.0,-129.0,343.0,60.0,-63.0,42.340702536548775,53.943717750660426,38.93952016736709,191.36155458811308,22.89340892374616,301.3127128905698,-6.36,1.97,4.39,-0.07,-3.94,-5.63,gem,692_gem,deep_subduction
B071297A,1997-07-12T16:24:14,-68.39,-21.5,141.0,5.2,mw,117.0,40.0,-129.0,343.0,60.0,-63.0,11.0,53.0,23.0,148.0,64.0,300.0,-6.361e+16,1.968e+16,4.393e+16,-660000000000000.0,-3.937e+16,-5.635e+16,gcmt,692_gcmt,deep_subduction
1036777,1997-07-13T18:10:20,-68.055,-23.633,120.0,5.29,mw,95.0,74.0,152.0,193.0,63.0,18.0,8.238814538532115,231.7065284020805,61.19859297229575,126.43678905720742,27.38518665525548,326.00812293938503,0.69,-2.74,2.04,4.97,-5.11,-8.23,gem,693_gem,deep_subduction
B071397B,1997-07-13T18:10:25,-68.53,-23.34,140.5,5.2,mw,193.0,63.0,18.0,95.0,74.0,152.0,31.0,52.0,58.0,249.0,8.0,146.0,6909999999999999.0,-2.7400000000000004e+16,2.049e+16,4.973e+16,-5.105000000000001e+16,-8.226000000000002e+16,gcmt,693_gcmt,deep_subduction
1037842,1997-07-20T10:14:23,-66.278,-22.902,255.0,6.06,mw,55.0,75.0,-109.0,289.0,24.0,-39.0,43.074873951060326,340.0519621528445,20.908363124354977,229.124645338982,39.59450863904649,120.70459104369786,-6.84,9.39,-2.54,-9.93,-7.95,2.08,gem,695_gem,deep_subduction
C072097C,1997-07-20T10:14:29,-66.12,-22.82,271.3,5.7,mw,289.0,24.0,-39.0,55.0,75.0,-109.0,28.0,160.0,18.0,60.0,56.0,302.0,-6.844e+17,9.392e+17,-2.548e+17,-9.934e+17,-7.946e+17,2.0830000000000003e+17,gcmt,695_gcmt,deep_subduction
938739,1997-08-29T05:05:59,-68.671,-22.139,120.0,5.21,mw,0.0,75.0,-81.0,149.0,17.0,-120.0,44.56211840648396,262.7023429840639,10.007242431336843,2.7100462710844795,43.70726879840355,102.42049360821602,-4.02,-0.32,4.34,-0.31,-7.11,-1.25,gem,697_gem,deep_subduction
B082997A,1997-08-29T05:06:01,-68.68,-22.12,127.1,5.3,mw,149.0,17.0,-120.0,0.0,75.0,-81.0,30.0,83.0,9.0,178.0,59.0,283.0,-4.024e+16,-3210000000000000.0,4.346e+16,-3090000000000000.0,-7.109e+16,-1.2490000000000002e+16,gcmt,697_gcmt,deep_subduction
1044359,1997-09-28T23:13:14,-68.319,-22.338,103.3,5.55,mw,181.0,57.0,-71.0,328.0,38.0,-117.0,43.85374335037957,77.47644264410019,32.81203939330095,205.75303192885485,28.409794934694105,316.16448249958154,-2.15,-0.2,2.35,0.41,0.94,-0.72,gem,698_gem,deep_subduction
B092897C,1997-09-28T23:13:24,-68.31,-22.22,146.3,5.7,mw,328.0,38.0,-117.0,181.0,57.0,-71.0,10.0,257.0,16.0,350.0,71.0,137.0,-2.155e+17,-1.96e+16,2.351e+17,4.06e+16,9.42e+16,-7.22e+16,gcmt,698_gcmt,deep_subduction
1057823,1997-12-09T14:23:46,-68.538,-20.27,131.3,5.66,mw,160.0,87.0,136.0,252.0,46.0,4.0,28.095155594322108,286.7796438351843,46.07555679490154,163.11919067020017,30.6213957829238,35.19976163526837,0.16,-1.85,1.69,0.61,-2.56,2.08,gem,702_gem,deep_subduction
B120997G,1997-12-09T14:23:52,-68.7,-20.14,151.7,5.7,mw,252.0,46.0,4.0,160.0,87.0,136.0,31.0,106.0,46.0,337.0,27.0,214.0,1.56e+16,-1.855e+17,1.698e+17,6.07e+16,-2.565e+17,2.081e+17,gcmt,702_gcmt,deep_subduction
B011498D,1998-01-14T06:35:44,-68.19,-31.8,112.2,5.2,mwc,176.0,31.0,-123.0,34.0,65.0,-72.0,18.0,110.0,16.0,206.0,65.0,336.0,,,,,,,us,168_us,deep_subduction
1064295,1998-01-14T06:35:45,-68.262,-31.757,112.1,5.2,mw,34.0,65.0,-72.0,176.0,31.0,-123.0,43.699604070036266,290.7098815232119,24.13315952189573,46.05868538544337,36.602326276350816,155.4947348475025,-6.84,1.31,5.53,-4.49,-2.98,0.48,gem,168_gem,deep_subduction
B011498D,1998-01-14T06:35:48,-68.16,-31.82,134.5,5.1,mw,176.0,31.0,-123.0,34.0,65.0,-72.0,18.0,110.0,16.0,206.0,65.0,336.0,-6.84e+16,1.306e+16,5.534e+16,-4.489e+16,-2.975e+16,4830000000000000.0,gcmt,168_gcmt,deep_subduction
1066299,1998-01-26T11:14:27,-66.605,-23.143,201.4,5.25,mw,2.0,69.0,-61.0,125.0,35.0,-142.0,41.28754504975778,250.7551254502596,33.93009213610932,16.96557689030419,30.20120656812661,130.01717500315192,-5.12,-1.81,6.93,-0.44,-5.93,-4.58,gem,705_gem,deep_subduction
1080076,1998-03-04T17:26:47,-69.396,-17.53,125.1,5.27,mw,138.0,85.0,121.0,237.0,31.0,10.0,35.991929139220616,257.2017073709035,31.25568224224385,141.04391183220235,38.376706365487,22.3152988503586,1.74,-5.84,4.1,4.72,-7.18,0.7,gem,709_gem,deep_subduction
B030498C,1998-03-04T17:26:55,-69.86,-17.42,142.3,5.2,mw,237.0,31.0,10.0,138.0,85.0,121.0,42.0,77.0,31.0,315.0,33.0,203.0,1.7390000000000002e+16,-5.844e+16,4.104e+16,4.722000000000001e+16,-7.178e+16,6980000000000000.0,gcmt,709_gcmt,deep_subduction
1081509,1998-03-13T00:44:19,-66.115,-22.749,240.7,5.27,mw,176.0,81.0,108.0,292.0,20.0,28.0,41.20951844714877,286.2215380815858,18.62143642100905,179.05922771728513,42.9356901655776,70.7884547464405,3.04,-0.43,-2.6,0.1,-8.96,3.31,gem,710_gem,deep_subduction
B031398A,1998-03-13T00:44:25,-66.17,-22.67,253.7,5.1,mw,292.0,20.0,28.0,176.0,81.0,108.0,51.0,107.0,18.0,353.0,33.0,251.0,3.04e+16,-4340000000000000.0,-2.606e+16,1050000000000000.0,-8.957e+16,3.312e+16,gcmt,710_gcmt,deep_subduction
1083833,1998-03-25T21:02:55,-66.846,-24.323,187.8,5.56,mw,201.0,32.0,-55.0,342.0,64.0,-110.0,43.47493695340482,85.90260648191526,26.68959496562809,327.43604559476785,34.74796321425619,217.02682611587105,-1.67,-1.04,2.71,0.48,-1.46,-0.11,gem,711_gem,deep_subduction
B032598M,1998-03-25T21:03:02,-66.97,-23.93,208.4,5.2,mw,201.0,32.0,-55.0,342.0,64.0,-110.0,17.0,87.0,18.0,351.0,65.0,218.0,-1.671e+17,-1.045e+17,2.7160000000000003e+17,4.81e+16,-1.458e+17,-1.1e+16,gcmt,711_gcmt,deep_subduction
1144367,1998-06-07T16:10:46,-67.833,-31.518,110.0,5.9,mw,33.0,61.0,-36.0,143.0,59.0,-146.0,1.0,88.0,45.0,180.0,45.0,357.0,-43700000000.0,-43499999999.99999,87200000000.0,-31600000000.0,-4200000000.0,-4400000000.0,neic,170_neic,deep_subduction
pde19980607161046250_113,1998-06-07T16:10:46,-67.833,-31.518,113.0,5.9,mwc,20.0,65.0,-35.0,126.0,59.0,-150.0,33.742789116360264,254.50714201769028,55.73632047391157,63.19733241337372,5.267886192150525,160.97602781081537,,,,,,,us,170_us,deep_subduction
1144367,1998-06-07T16:10:47,-67.817,-31.498,111.0,5.87,mw,36.0,62.0,-42.0,148.0,54.0,-145.0,36.961648280038986,274.16818938624726,52.05722998751956,78.9969951677441,7.387382846266927,178.56922846095335,-4.43,-3.69,8.12,-3.63,-0.93,0.41,gem,170_gem,deep_subduction
B060798B,1998-06-07T16:10:51,-67.77,-31.48,124.7,5.6,mw,148.0,54.0,-145.0,36.0,62.0,-42.0,5.0,94.0,41.0,188.0,48.0,358.0,-4.43e+17,-3.694e+17,8.124e+17,-3.63e+17,-9.25e+16,4.14e+16,gcmt,170_gcmt,deep_subduction
1146874,1998-06-22T07:55:08,-66.58,-27.845,148.0,5.4,mw,210.0,66.0,-18.0,307.0,73.0,-155.0,26.064196896339485,77.53676313691619,63.21335336993053,271.87407438326784,5.753560653420117,170.36158850259005,-0.35,-1.11,1.46,0.71,-0.01,-0.55,gem,720_gem,deep_subduction
1148318,1998-06-30T08:58:54,-66.595,-23.894,190.3,5.4,mw,187.0,89.0,96.0,283.0,6.0,6.0,44.675824514221134,283.07292667647124,6.002712820094414,187.1051628435928,44.697573672506,91.13284987801757,-0.13,0.38,-0.25,-0.15,-1.57,0.09,gem,721_gem,deep_subduction
B082498B,1998-08-24T02:45:31,-69.32,-32.84,115.0,5.0,mw,102.0,29.0,-106.0,300.0,62.0,-81.0,16.0,24.0,8.0,116.0,72.0,231.0,-4.466e+16,4.109e+16,3570000000000000.0,2.462e+16,-1.851e+16,-1.772e+16,gcmt,172_gcmt,deep_subduction
B082498B,1998-08-24T02:45:34,-69.45,-31.89,115.3,5.1,mwc,102.0,29.0,-106.0,300.0,62.0,-81.0,16.0,24.0,8.0,116.0,72.0,231.0,,,,,,,us,172_us,deep_subduction
1178523,1998-08-24T02:45:35,-69.466,-31.872,113.7,5.1,mw,102.0,29.0,-106.0,300.0,62.0,-81.0,44.718165153729714,23.74680832537274,13.339676767325257,127.326637124488,42.22745626329981,229.7548134603845,-4.47,4.11,0.35,2.46,-1.85,-1.77,gem,172_gem,deep_subduction
1179680,1998-08-30T07:52:25,-66.715,-23.932,205.0,5.63,mw,235.0,8.0,-32.0,357.0,86.0,-97.0,44.651786624088565,93.05732376672644,6.851996175277568,356.23957739950765,44.53265356103205,259.450260302405,-0.39,-0.32,0.71,0.17,-3.31,0.37,gem,723_gem,deep_subduction
1204318,1998-09-12T09:03:49,-67.123,-24.427,185.0,5.53,mw,202.0,33.0,-42.0,329.0,69.0,-116.0,42.08232583369839,78.09767367274458,30.75854664951088,315.589739397528,32.53744212572218,203.2750938046105,-1.43,-0.56,1.99,1.09,-1.23,-0.23,gem,726_gem,deep_subduction
B091298B,1998-09-12T09:03:52,-67.0,-24.32,185.1,5.1,mw,202.0,33.0,-42.0,329.0,69.0,-116.0,20.0,78.0,24.0,339.0,58.0,204.0,-1.433e+17,-5.590000000000001e+16,1.991e+17,1.091e+17,-1.2330000000000002e+17,-2.31e+16,gcmt,726_gcmt,deep_subduction
B102998B,1998-10-29T19:55:54,-70.48,-32.76,85.5,5.3,mwc,165.0,47.0,164.0,266.0,78.0,44.0,39.0,135.0,45.0,278.0,19.0,29.0,,,,,,,us,263_us,deep_subduction
1314302,1998-10-29T19:55:55,-70.629,-32.824,87.3,5.28,mw,165.0,47.0,164.0,266.0,78.0,44.0,23.512515490433994,135.52195858991132,46.98771377510324,253.32005223046525,33.59582731355928,28.72293004859052,3.04,-3.98,0.93,-6.5,-1.91,7.3,gem,263_gem,deep_subduction
1322678,1998-11-06T12:24:08,-67.162,-21.691,205.0,5.28,mw,202.0,5.0,-58.0,350.0,86.0,-93.0,44.94673502742454,82.37756622362213,2.6763763528723405,349.7032458093808,44.92833800264936,257.0306434824881,-0.31,0.25,0.05,0.2,-1.01,0.09,gem,729_gem,deep_subduction
1323902,1998-11-13T17:38:59,-68.364,-21.612,118.3,5.29,mw,20.0,89.0,-78.0,113.0,12.0,-176.0,43.802524560334575,278.4449750871929,12.005246329236396,20.21267434974675,43.717824230774745,121.94510501434934,0.08,-0.33,0.25,-0.29,-1.01,-0.06,gem,730_gem,deep_subduction
B111398C,1998-11-13T17:39:05,-68.58,-21.4,139.0,5.4,mw,113.0,12.0,-176.0,20.0,89.0,-78.0,43.0,98.0,12.0,200.0,44.0,302.0,7800000000000000.0,-3.33e+16,2.55e+16,-2.89e+16,-1.014e+17,-6000000000000000.0,gcmt,730_gcmt,deep_subduction
B112498A,1998-11-24T01:06:19,-69.08,-22.05,98.3,5.3,mw,23.0,41.0,-141.0,261.0,65.0,-56.0,14.0,327.0,31.0,65.0,56.0,216.0,-4.458e+16,3.735e+16,7230000000000000.0,3.823e+16,-3480000000000000.0,4.797e+16,gcmt,732_gcmt,deep_subduction
B112798D,1998-11-27T10:27:02,-69.33,-32.14,126.7,5.4,mwc,191.0,45.0,-107.0,35.0,47.0,-74.0,1.0,113.0,12.0,203.0,78.0,19.0,,,,,,,us,175_us,deep_subduction
1326078,1998-11-27T10:27:03,-69.439,-32.1,124.2,5.44,mw,35.0,47.0,-74.0,191.0,45.0,-107.0,44.40565564123577,293.7595651143065,45.286064651674415,105.36861410260326,4.206271256495169,199.62867127266105,-1.68,0.1,1.57,-0.32,0.07,0.77,gem,175_gem,deep_subduction
B112798D,1998-11-27T10:27:06,-69.21,-32.04,128.9,5.2,mw,191.0,45.0,-107.0,35.0,47.0,-74.0,1.0,113.0,12.0,203.0,78.0,19.0,-1.681e+17,1.02e+16,1.579e+17,-3.19e+16,7500000000000000.0,7.67e+16,gcmt,175_gcmt,deep_subduction
1331878,1998-12-01T15:58:38,-69.303,-17.651,155.1,5.25,mw,6.0,71.0,-132.0,255.0,45.0,-28.0,37.030059661163634,305.4010865512289,45.35820581666365,165.59461484378278,21.224650897202977,52.43735444513749,-4.57,0.81,3.76,0.49,-5.27,6.8,gem,733_gem,deep_subduction
B120198F,1998-12-01T15:58:41,-69.3,-17.62,169.6,5.0,mw,255.0,45.0,-28.0,6.0,71.0,-132.0,15.0,125.0,39.0,22.0,47.0,232.0,-4.571e+16,8100000000000002.0,3.761e+16,4930000000000000.0,-5.272e+16,6.796e+16,gcmt,733_gcmt,deep_subduction
B121198B,1998-12-11T08:37:50,-68.92,-31.27,117.6,5.4,mwc,32.0,41.0,-97.0,221.0,49.0,-84.0,4.0,306.0,4.0,37.0,84.0,174.0,,,,,,,us,176_us,deep_subduction
1333342,1998-12-11T08:37:51,-68.984,-31.18,115.0,5.4,mw,32.0,41.0,-97.0,221.0,49.0,-84.0,44.907642907545615,306.9569109716369,25.72375075983892,65.65716918016682,34.03280320291319,174.64485521584925,-1.4,0.41,0.98,0.2,0.13,0.94,gem,176_gem,deep_subduction
B121198B,1998-12-11T08:37:53,-68.94,-31.52,127.8,5.5,mw,32.0,41.0,-97.0,221.0,49.0,-84.0,4.0,306.0,4.0,37.0,84.0,174.0,-1.3959999999999998e+17,4.11e+16,9.85e+16,2.01e+16,1.26e+16,9.4e+16,gcmt,176_gcmt,deep_subduction
pde19981214162524980_138,1998-12-14T16:25:24,-71.033,-38.214,135.0,6.0,mwb,350.0,85.0,-90.0,170.0,5.0,-90.0,45.00000000000001,260.0,3.1805546814635176e-15,350.0,45.00000000000004,80.0,,,,,,,us,734_us,deep_subduction
1333806,1998-12-14T16:25:24,-71.033,-38.214,136.0,6.0,mw,247.0,32.0,-4.0,341.0,88.0,-122.0,35.0,98.0,32.0,342.0,39.0,222.0,-6000000000.0,-38000000000.0,43000000000.0,24000000000.0,-82000000000.0,36000000000.0,neic,734_neic,deep_subduction
1333806,1998-12-14T16:25:25,-71.136,-38.261,134.8,5.95,mw,250.0,8.0,-6.0,346.0,89.0,-98.0,44.46651643562278,83.71337642333242,7.959216188309244,345.82547812569493,44.43485904510407,247.94634852343583,-0.02,-1.23,1.25,2.37,-9.83,1.01,gem,734_gem,deep_subduction
B020599D,1999-02-05T16:07:07,-70.95,-35.02,86.2,5.2,mwc,126.0,47.0,146.0,241.0,66.0,48.0,51.0,103.0,37.0,261.0,11.0,359.0,,,,,,,us,178_us,deep_subduction
1449023,1999-02-05T16:07:09,-70.947,-34.81,89.9,5.23,mw,126.0,47.0,146.0,241.0,66.0,48.0,16.878116893973413,103.11255874001824,46.93214455018857,212.05339518078927,38.1751748982796,359.31192159529934,4.76,-6.59,1.83,-2.17,-6.55,1.16,gem,178_gem,deep_subduction
B020599D,1999-02-05T16:07:10,-70.56,-34.78,99.0,5.0,mw,126.0,47.0,146.0,241.0,66.0,48.0,51.0,103.0,37.0,261.0,11.0,359.0,4.761999999999999e+16,-6.595e+16,1.833e+16,-2.171e+16,-6.548e+16,1.162e+16,gcmt,178_gcmt,deep_subduction
1537373,1999-03-02T17:45:55,-68.559,-22.838,106.4,5.87,mw,142.0,27.0,-109.0,343.0,64.0,-80.0,44.64538998274885,66.0967361244916,13.266147441556386,169.56258620739084,42.33363511881176,271.9654348519899,-5.69,0.57,5.12,0.99,-4.69,-3.01,gem,737_gem,deep_subduction
B030299D,1999-03-02T17:45:58,-68.72,-22.93,124.8,5.8,mw,142.0,27.0,-109.0,343.0,64.0,-80.0,19.0,66.0,9.0,159.0,69.0,273.0,-5.688e+17,5.659999999999999e+16,5.123e+17,9.86e+16,-4.687e+17,-3.014e+17,gcmt,737_gcmt,deep_subduction
1538330,1999-03-05T00:33:47,-68.961,-20.412,105.2,5.76,mw,190.0,24.0,-62.0,339.0,69.0,-102.0,44.369229810798494,78.84745020878336,14.657581616416744,334.0230466582824,41.95633988314529,230.4229596836787,-3.26,-0.78,4.03,1.59,-3.58,-0.64,gem,738_gem,deep_subduction
B030599A,1999-03-05T00:33:52,-69.2,-20.27,123.0,5.7,mw,190.0,24.0,-62.0,339.0,69.0,-102.0,23.0,78.0,11.0,344.0,64.0,230.0,-3.26e+17,-7.77e+16,4.037e+17,1.589e+17,-3.578e+17,-6.44e+16,gcmt,738_gcmt,deep_subduction
1540427,1999-03-09T22:56:53,-67.263,-27.68,140.3,5.14,mw,212.0,69.0,-6.0,305.0,85.0,-159.0,18.16121527350024,76.31554177680766,68.55133921596983,289.7044537437336,11.023346307900074,169.97935006768148,-0.84,-5.16,6.0,2.13,-0.99,-2.39,gem,739_gem,deep_subduction
B030999E,1999-03-09T22:57:00,-66.7,-27.91,140.7,5.0,mw,212.0,69.0,-6.0,305.0,85.0,-159.0,11.0,77.0,68.0,318.0,19.0,170.0,-8380000000000000.0,-5.163e+16,6.001e+16,2.135e+16,-9920000000000000.0,-2.392e+16,gcmt,739_gcmt,deep_subduction
1541633,1999-03-12T20:42:36,-68.932,-19.296,130.0,5.14,mw,29.0,49.0,-103.0,229.0,43.0,-75.0,44.57975137479463,308.16714574775403,40.26705887371099,161.5785908220788,17.413970011580133,56.171011368211225,-8.16,4.09,4.06,1.29,-1.87,0.43,gem,740_gem,deep_subduction
B031299E,1999-03-12T20:42:39,-69.22,-19.64,140.6,5.1,mw,229.0,43.0,-75.0,29.0,49.0,-103.0,3.0,128.0,10.0,38.0,80.0,234.0,-8.161e+16,4.095e+16,4.066e+16,1.293e+16,-1.866e+16,4350000000000000.0,gcmt,740_gcmt,deep_subduction
B042599B,1999-04-25T09:10:44,-69.25,-31.8,115.7,5.3,mwc,36.0,42.0,-62.0,181.0,54.0,-113.0,6.0,286.0,18.0,194.0,71.0,35.0,,,,,,,us,181_us,deep_subduction
1627792,1999-04-25T09:10:45,-69.306,-31.832,112.4,5.3,mw,36.0,42.0,-62.0,181.0,54.0,-113.0,43.49404547952368,286.4937663283779,41.03831952216408,140.817447372807,17.97117093769858,34.41717731888377,-0.9,-0.21,1.1,-0.14,0.29,0.45,gem,181_gem,deep_subduction
B042599B,1999-04-25T09:10:48,-69.34,-31.91,120.0,5.3,mw,36.0,42.0,-62.0,181.0,54.0,-113.0,6.0,286.0,18.0,194.0,71.0,35.0,-8.96e+16,-2.11e+16,1.1080000000000002e+17,-1.36e+16,2.86e+16,4.53e+16,gcmt,181_gcmt,deep_subduction
B052299A,1999-05-22T01:32:13,-70.48,-36.78,158.8,5.3,mwc,204.0,12.0,-65.0,359.0,80.0,-95.0,34.0,93.0,5.0,0.0,55.0,263.0,,,,,,,us,183_us,deep_subduction
1681383,1999-05-22T01:32:14,-70.628,-36.751,154.1,5.27,mw,204.0,12.0,-65.0,359.0,80.0,-95.0,44.8383916960053,92.88547154717776,5.423921452142932,357.4678230917309,44.64967358401774,262.0858529549446,-4.26,1.33,2.93,0.45,-9.45,0.8,gem,183_gem,deep_subduction
B052299A,1999-05-22T01:32:15,-70.57,-36.56,163.5,5.0,mw,204.0,12.0,-65.0,359.0,80.0,-95.0,34.0,93.0,5.0,0.0,55.0,263.0,-4.258e+16,1.327e+16,2.93e+16,4500000000000000.0,-9.449e+16,7980000000000000.0,gcmt,183_gcmt,deep_subduction
1682761,1999-05-25T16:42:05,-66.774,-27.922,165.6,5.76,mw,185.0,52.0,-27.0,292.0,69.0,-139.0,34.99376541229664,55.149779485611305,51.452469140893,263.6781605531686,14.111754227473437,155.2861669656162,-2.44,-0.64,3.07,2.86,0.22,-3.64,gem,742_gem,deep_subduction
B052599D,1999-05-25T16:42:10,-66.46,-27.9,175.6,5.3,mw,185.0,52.0,-27.0,292.0,69.0,-139.0,10.0,55.0,45.0,315.0,43.0,155.0,-2.4380000000000003e+17,-6.39e+16,3.078e+17,2.864e+17,2.24e+16,-3.643e+17,gcmt,742_gcmt,deep_subduction
1699066,1999-06-09T23:25:02,-66.151,-22.683,253.6,5.38,mw,149.0,69.0,127.0,265.0,42.0,33.0,23.657507444186013,281.9112537421779,41.66055029638225,168.97051736198034,39.06394133397308,32.73929934493992,0.81,-0.93,0.11,0.06,-1.02,0.63,gem,743_gem,deep_subduction
B060999H,1999-06-09T23:25:07,-66.43,-22.21,275.9,5.3,mw,265.0,42.0,33.0,149.0,69.0,127.0,52.0,102.0,34.0,314.0,16.0,213.0,8.11e+16,-9.3e+16,1.19e+16,6200000000000000.0,-1.0189999999999998e+17,6.28e+16,gcmt,743_gcmt,deep_subduction
B080299A,1999-08-02T01:06:37,-70.15,-33.02,95.4,5.5,mwc,141.0,19.0,-151.0,23.0,81.0,-73.0,34.0,99.0,17.0,201.0,51.0,313.0,,,,,,,us,184_us,deep_subduction
1654910,1999-08-02T01:06:39,-70.234,-33.055,96.8,5.51,mw,23.0,81.0,-73.0,141.0,19.0,-151.0,43.15472426490274,278.5827056938569,17.594122962964832,25.87887016207725,41.601005337985015,132.23158452033482,-0.59,-0.56,1.14,-0.81,-1.88,-0.08,gem,184_gem,deep_subduction
B080299A,1999-08-02T01:06:43,-70.1,-33.08,107.9,5.2,mw,141.0,19.0,-151.0,23.0,81.0,-73.0,34.0,99.0,17.0,201.0,51.0,313.0,-5.91e+16,-5.560000000000001e+16,1.147e+17,-8.11e+16,-1.879e+17,-7600000000000000.0,gcmt,184_gcmt,deep_subduction
B080499C,1999-08-04T16:49:50,-68.08,-31.66,115.2,5.3,mwc,155.0,45.0,-139.0,33.0,62.0,-53.0,10.0,98.0,32.0,194.0,56.0,353.0,,,,,,,us,185_us,deep_subduction
1654972,1999-08-04T16:49:50,-68.079,-31.656,115.2,5.4,mw,8.0,54.0,-43.0,127.0,56.0,-135.0,2.0,247.0,36.0,156.0,54.0,339.0,-8700000000.0,-2200000000.0,10800000000.0,-5500000000.000001,-1700000000.0000002,-6600000000.0,neic,185_neic,deep_subduction
1654972,1999-08-04T16:49:51,-68.111,-31.63,114.5,5.34,mw,33.0,62.0,-53.0,155.0,45.0,-139.0,40.10961530751473,277.43194644329367,45.15738509524528,65.31940396346181,16.660034756800076,172.83123921351978,-0.87,-0.24,1.11,-0.79,-0.24,0.06,gem,185_gem,deep_subduction
B080499C,1999-08-04T16:49:54,-67.98,-31.87,125.5,5.4,mw,155.0,45.0,-139.0,33.0,62.0,-53.0,10.0,98.0,32.0,194.0,56.0,353.0,-8.74e+16,-2.45e+16,1.119e+17,-7.94e+16,-2.44e+16,5600000000000000.0,gcmt,185_gcmt,deep_subduction
1655968,1999-09-15T03:01:25,-67.2,-20.806,210.0,6.37,mw,102.0,21.0,-159.0,351.0,82.0,-70.0,42.41002038374155,65.41601373171102,20.158606516334554,175.00884634995657,40.76644135674871,283.46050168097287,-1.25,0.83,0.41,0.19,-4.1,-1.47,gem,747_gem,deep_subduction
C091599A,1999-09-15T03:01:31,-67.37,-20.73,217.5,6.0,mw,102.0,21.0,-159.0,351.0,82.0,-70.0,35.0,65.0,20.0,169.0,49.0,283.0,-1.251e+18,8.33e+17,4.18e+17,1.9e+17,-4.102000000000001e+18,-1.47e+18,gcmt,747_gcmt,deep_subduction
1642896,1999-10-05T15:20:33,-68.681,-21.309,120.0,5.14,mw,15.0,74.0,-85.0,176.0,17.0,-108.0,44.868394591006,280.9660140464246,5.661135559955931,16.628827110158454,44.574056035633774,112.23356700122667,-3.63,0.34,3.28,-1.69,-5.24,0.19,gem,748_gem,deep_subduction
1651304,1999-11-21T03:51:15,-68.843,-21.612,95.2,5.84,mw,179.0,24.0,-62.0,329.0,69.0,-102.0,44.369229810798494,67.84745020878336,14.657581616416774,323.0230466582824,41.9563398831453,219.42295968367867,-4.6,-0.01,4.6,2.99,-4.08,-1.41,gem,751_gem,deep_subduction
C112199A,1999-11-21T03:51:20,-68.89,-21.44,109.3,5.9,mw,179.0,24.0,-62.0,329.0,69.0,-102.0,23.0,69.0,11.0,334.0,64.0,220.0,-4.596e+17,-700000000000000.0,4.603e+17,2.994e+17,-4.083e+17,-1.405e+17,gcmt,751_gcmt,deep_subduction
1652253,1999-11-30T04:01:53,-69.116,-18.957,123.9,6.53,mw,236.0,19.0,-29.0,354.0,81.0,-107.0,43.20995961718207,97.8714352634895,17.35841484560077,350.7955343776356,41.6814698104474,244.63551272642587,-1.99,-1.25,3.24,0.64,-6.91,1.88,gem,752_gem,deep_subduction
C113099A,1999-11-30T04:01:59,-69.37,-19.01,138.2,6.2,mw,236.0,19.0,-29.0,354.0,81.0,-107.0,34.0,99.0,17.0,357.0,51.0,245.0,-1.991e+18,-1.252e+18,3.243e+18,6.4e+17,-6.908e+18,1.876e+18,gcmt,752_gcmt,deep_subduction
1733450,2000-03-08T21:37:19,-66.993,-23.902,183.5,5.2,mw,193.0,60.0,-41.0,307.0,56.0,-142.0,37.096015003632274,70.70482062041714,52.58413396671741,242.0,4.206219881734258,337.51677026327803,-4.63,-2.33,6.96,2.7,1.54,-3.9,gem,756_gem,deep_subduction
1837083,2000-05-12T18:43:20,-66.58,-23.802,225.0,7.15,mw,5.0,80.0,-96.0,214.0,12.0,-62.0,44.77347458835852,280.1600990945245,6.284633676883362,183.8873139031064,44.53991736238986,87.66566662383002,-2.15,-0.15,2.3,-0.48,-6.16,0.87,gem,759_gem,deep_subduction
C051200C,2000-05-12T18:43:28,-66.85,-23.72,226.6,6.2,mw,214.0,12.0,-62.0,5.0,80.0,-96.0,35.0,100.0,5.0,6.0,55.0,268.0,-2.153e+19,-1.51e+18,2.304e+19,-4.85e+18,-6.164e+19,8.72e+18,gcmt,760_gcmt,deep_subduction
1735706,2000-05-23T16:05:57,-67.039,-24.471,180.0,5.14,mw,226.0,68.0,-50.0,340.0,44.0,-147.0,38.29760019488144,108.1026271066259,44.74269911683886,249.6040412234749,20.30361268472113,1.114727255063258,-3.48,-2.09,5.57,3.64,1.39,1.87,gem,761_gem,deep_subduction
B052300D,2000-05-23T16:06:04,-67.2,-23.96,190.5,5.0,mw,340.0,44.0,-147.0,226.0,68.0,-50.0,14.0,288.0,36.0,28.0,51.0,181.0,-3.484e+16,-2.093e+16,5.576e+16,3.637e+16,1.393e+16,1.868e+16,gcmt,761_gcmt,deep_subduction
1736480,2000-06-14T03:19:19,-66.675,-24.102,196.3,5.85,mw,204.0,31.0,-46.0,335.0,68.0,-113.0,42.755065570860594,82.45610790906255,27.593871026035163,323.56022531066577,34.73101771525361,212.31750701434484,-4.38,-1.69,6.06,2.65,-4.04,-0.33,gem,762_gem,deep_subduction
B061400D,2000-06-14T03:19:25,-67.11,-23.84,239.6,5.3,mw,204.0,31.0,-46.0,335.0,68.0,-113.0,20.0,82.0,21.0,344.0,60.0,211.0,-4.3760000000000006e+17,-1.693e+17,6.069e+17,2.653e+17,-4.035e+17,-3.27e+16,gcmt,762_gcmt,deep_subduction
1736564,2000-06-16T07:55:35,-70.088,-33.877,120.2,6.4,mw,21.0,67.0,-97.0,218.0,24.0,-74.0,22.0,116.0,6.0,24.0,67.0,278.0,-300000000000.0,44000000000.0,257000000000.0,-98000000000.0,-295000000000.0,167000000000.0,neic,188_neic,deep_subduction
pde20000616075535390_120,2000-06-16T07:55:35,-70.088,-33.877,114.0,6.4,mwc,10.0,65.0,-105.0,222.0,29.0,-61.0,44.093904166448574,291.13858147183896,20.40868478590902,180.00869493309773,38.8925306757845,72.54256663054446,,,,,,,us,188_us,deep_subduction
1736564,2000-06-16T07:55:36,-70.09,-33.848,115.5,6.39,mw,11.0,60.0,-105.0,219.0,33.0,-67.0,44.21619910148714,291.8608768551416,24.146108451304944,176.0,36.05134838695746,66.95477759127618,-3.81,0.26,3.54,0.03,-2.31,1.86,gem,188_gem,deep_subduction
C061600B,2000-06-16T07:55:39,-69.92,-33.95,109.1,6.2,mw,219.0,33.0,-67.0,11.0,60.0,-105.0,14.0,112.0,13.0,19.0,71.0,248.0,-3.805e+18,2.61e+17,3.544e+18,3.1e+16,-2.307e+18,1.862e+18,gcmt,188_gcmt,deep_subduction
1737456,2000-07-07T05:26:44,-66.575,-28.001,171.3,5.29,mw,179.0,52.0,-43.0,299.0,58.0,-133.0,39.23520701237853,57.8059353990754,50.23664551886216,248.8757339236945,5.458397989419663,152.28136750402837,-7.17,0.22,6.95,4.86,1.68,-6.44,gem,763_gem,deep_subduction
B070700B,2000-07-07T05:26:47,-66.22,-27.69,176.1,5.0,mw,179.0,52.0,-43.0,299.0,58.0,-133.0,4.0,57.0,35.0,325.0,55.0,153.0,-7.17e+16,2190000000000000.0,6.952e+16,4.857e+16,1.678e+16,-6.443e+16,gcmt,763_gcmt,deep_subduction
1738358,2000-07-27T08:31:28,-68.428,-23.574,107.1,5.24,mw,20.0,79.0,-36.0,118.0,55.0,-166.0,29.43872341708612,253.51147775296783,54.501827309034674,35.81484407663902,18.012613129753564,152.93722452333714,-2.74,-4.54,7.28,-1.83,-4.25,-4.69,gem,764_gem,deep_subduction
B072700E,2000-07-27T08:31:31,-68.39,-23.06,123.4,5.1,mw,118.0,55.0,-166.0,20.0,79.0,-36.0,16.0,74.0,52.0,186.0,33.0,333.0,-2.739e+16,-4.545e+16,7.284e+16,-1.832e+16,-4.255e+16,-4.693e+16,gcmt,764_gcmt,deep_subduction
1739334,2000-08-23T16:15:31,-68.186,-22.703,112.6,5.44,mw,186.0,26.0,-64.0,337.0,67.0,-102.0,44.38064378067614,76.61987399797073,15.795984564797315,330.54788792434266,41.36394683425519,226.12421901320064,-1.14,-0.37,1.51,0.51,-1.12,-0.37,gem,768_gem,deep_subduction
B082300G,2000-08-23T16:15:35,-68.33,-22.55,120.3,5.2,mw,186.0,26.0,-64.0,337.0,67.0,-102.0,21.0,77.0,11.0,342.0,66.0,226.0,-1.1399999999999998e+17,-3.74e+16,1.514e+17,5.12e+16,-1.123e+17,-3.74e+16,gcmt,768_gcmt,deep_subduction
1740888,2000-10-18T16:37:41,-68.506,-19.535,146.9,5.32,mw,170.0,89.0,133.0,261.0,43.0,1.0,30.749990829489786,294.6414653566433,43.0092727399864,170.93295366074585,31.518745519214622,46.039559821578734,-0.78,-4.06,4.84,-2.28,-9.31,7.03,gem,769_gem,deep_subduction
B101800H,2000-10-18T16:37:45,-68.51,-19.53,159.0,5.0,mw,261.0,43.0,1.0,170.0,89.0,133.0,32.0,115.0,43.0,350.0,31.0,226.0,-7840000000000000.0,-4.058e+16,4.842e+16,-2.283e+16,-9.31e+16,7.029e+16,gcmt,769_gcmt,deep_subduction
1817598,2001-03-16T04:36:09,-68.929,-20.592,110.8,5.71,mw,218.0,22.0,-44.0,350.0,75.0,-106.0,43.59629443384616,92.772283155627,17.918253592820324,344.841034860434,40.96652592722885,238.53628109749445,-1.88,-1.08,2.96,0.68,-3.67,0.64,gem,776_gem,deep_subduction
B031601B,2001-03-16T04:36:12,-69.37,-20.63,128.6,5.2,mw,218.0,22.0,-44.0,350.0,75.0,-106.0,28.0,93.0,16.0,354.0,57.0,238.0,-1.881e+17,-1.081e+17,2.962e+17,6.800000000000001e+16,-3.665e+17,6.44e+16,gcmt,776_gcmt,deep_subduction
1800532,2001-03-31T06:54:15,-68.327,-29.402,104.0,5.4,mw,4.0,64.0,-25.0,106.0,68.0,-152.0,2.0,234.0,55.0,142.0,35.0,326.0,-5900000000.0,-1200000000.0,7100000000.0,-4400000000.0,-2200000000.0,-11700000000.0,neic,777_neic,deep_subduction
B033101B,2001-03-31T06:54:15,-68.33,-29.4,104.0,5.4,mwc,332.0,43.0,-49.0,102.0,59.0,-122.0,9.0,214.0,27.0,120.0,62.0,320.0,,,,,,,us,777_us,deep_subduction
1800532,2001-03-31T06:54:16,-68.271,-29.41,105.6,5.37,mw,102.0,59.0,-122.0,332.0,43.0,-49.0,41.61218032765852,34.27095961332782,43.2593757928305,247.5686358872307,17.39261238744892,140.4253188256921,-1.04,0.82,0.21,-0.57,-0.15,-0.92,gem,777_gem,deep_subduction
B033101B,2001-03-31T06:54:20,-68.33,-29.49,125.4,5.5,mw,332.0,43.0,-49.0,102.0,59.0,-122.0,9.0,214.0,27.0,120.0,62.0,320.0,-1.038e+17,8.23e+16,2.15e+16,-5.689999999999999e+16,-1.54e+16,-9.2e+16,gcmt,777_gcmt,deep_subduction
B042101F,2001-04-21T18:15:46,-67.52,-29.1,127.8,5.7,mwc,156.0,44.0,-32.0,270.0,68.0,-129.0,14.0,28.0,36.0,287.0,50.0,136.0,,,,,,,us,781_us,deep_subduction
1817649,2001-04-21T18:15:46,-67.52,-29.103,127.8,5.8,mw,172.0,60.0,-12.0,268.0,79.0,-149.0,13.0,37.0,57.0,285.0,29.0,134.0,-15000000000.0,17400000000.0,-2300000000.0,26600000000.0,5500000000.000001,-49800000000.00001,neic,781_neic,deep_subduction
1817649,2001-04-21T18:15:47,-67.389,-29.098,124.5,5.69,mw,156.0,44.0,-32.0,270.0,68.0,-129.0,38.44311288868443,27.752757815291943,43.986849459504896,247.73645660480776,21.229682231976504,135.7140364486022,-2.23,2.08,0.15,2.45,1.18,-2.43,gem,781_gem,deep_subduction
B042101F,2001-04-21T18:15:52,-67.28,-28.95,140.5,5.3,mw,156.0,44.0,-32.0,270.0,68.0,-129.0,14.0,28.0,36.0,287.0,50.0,136.0,-2.234e+17,2.0750000000000003e+17,1.59e+16,2.4500000000000003e+17,1.176e+17,-2.431e+17,gcmt,781_gcmt,deep_subduction
1836316,2001-05-15T23:53:19,-66.614,-28.033,172.4,5.59,mw,181.0,54.0,-28.0,288.0,68.0,-141.0,34.67215804406804,51.86121773970547,52.9692858059576,255.38239885697053,11.400573456874504,149.87904684868192,-1.45,-0.01,1.46,1.3,0.18,-2.28,gem,782_gem,deep_subduction
B051501A,2001-05-15T23:53:23,-66.4,-28.15,180.8,5.1,mw,181.0,54.0,-28.0,288.0,68.0,-141.0,8.0,52.0,46.0,314.0,43.0,150.0,-1.45e+17,-1300000000000000.0,1.462e+17,1.304e+17,1.83e+16,-2.282e+17,gcmt,782_gcmt,deep_subduction
1844138,2001-05-24T00:33:08,-67.381,-20.412,195.8,5.31,mw,254.0,14.0,-13.0,357.0,87.0,-104.0,43.55963477998908,99.28117171588406,13.712320825389549,355.8644398593835,43.21908672115764,252.60941713645389,-0.11,-0.06,0.16,0.08,-1.11,0.27,gem,783_gem,deep_subduction
B052401A,2001-05-24T00:33:13,-67.23,-20.45,205.7,5.0,mw,254.0,14.0,-13.0,357.0,87.0,-104.0,40.0,99.0,14.0,357.0,46.0,252.0,-1.07e+16,-6000000000000000.0,1.67e+16,7600000000000000.0,-1.109e+17,2.67e+16,gcmt,783_gcmt,deep_subduction
1968233,2001-06-18T19:56:57,-69.144,-24.226,86.5,5.76,mw,167.0,33.0,-75.0,329.0,58.0,-100.0,44.69759092373528,66.18408646829403,17.43495781784213,318.0794461304924,40.13539302410519,212.7251267099985,-4.64,0.4,4.23,1.54,-1.75,-1.84,gem,785_gem,deep_subduction
1968238,2001-06-19T09:32:23,-68.15,-22.889,133.2,5.92,mw,133.0,19.0,-131.0,355.0,75.0,-77.0,44.10751689619661,75.26568705729267,13.958050663561464,179.2068521331571,42.55573669926791,282.39795900264903,-4.32,0.16,4.15,0.24,-7.97,-2.41,gem,786_gem,deep_subduction
B061901D,2001-06-19T09:32:28,-68.31,-22.95,152.6,5.2,mw,133.0,19.0,-131.0,355.0,75.0,-77.0,29.0,75.0,12.0,172.0,58.0,282.0,-4.316e+17,1.62e+16,4.154e+17,2.42e+16,-7.973e+17,-2.409e+17,gcmt,786_gcmt,deep_subduction
B062501L,2001-06-25T22:14:16,-70.53,-17.35,91.2,5.4,mw,163.0,10.0,-93.0,347.0,80.0,-89.0,35.0,76.0,1.0,167.0,55.0,258.0,-6.770000000000001e+16,1.92e+16,4.85e+16,3.56e+16,-1.521e+17,-9800000000000000.0,gcmt,789_gcmt,deep_subduction
1906250,2001-06-29T18:35:51,-66.296,-19.71,266.2,6.06,mw,199.0,22.0,-52.0,339.0,73.0,-104.0,44.01505748172677,79.88044355353907,15.996980003424904,333.79936458759795,41.62544883265936,229.03990383631384,-0.78,-0.17,0.95,0.51,-1.09,-0.05,gem,796_gem,deep_subduction
C062901E,2001-06-29T18:35:56,-66.39,-19.68,287.2,5.7,mw,199.0,22.0,-52.0,339.0,73.0,-104.0,27.0,80.0,13.0,343.0,60.0,229.0,-7.83e+17,-1.71e+17,9.54e+17,5.13e+17,-1.089e+18,-4.9e+16,gcmt,796_gcmt,deep_subduction
1968315,2001-07-13T12:45:25,-69.194,-20.06,102.4,5.19,mw,189.0,31.0,-37.0,312.0,72.0,-116.0,41.82842048354457,61.2349953354327,29.04845788744101,301.427039236274,34.418176163842304,189.0586910347882,-3.14,-1.72,4.85,3.16,-4.16,-4.52,gem,801_gem,deep_subduction
B071301A,2001-07-13T12:45:32,-69.29,-19.74,123.7,5.0,mw,189.0,31.0,-37.0,312.0,72.0,-116.0,23.0,61.0,24.0,321.0,56.0,189.0,-3.137e+16,-1.719e+16,4.856e+16,3.156e+16,-4.158e+16,-4.521e+16,gcmt,801_gcmt,deep_subduction
1970147,2001-08-09T03:33:44,-69.541,-18.272,107.5,5.56,mw,122.0,21.0,-120.0,335.0,72.0,-79.0,44.41762111175696,55.19493432627257,12.700932281805086,157.95337536374552,42.81056825896352,260.0041521266418,-1.33,0.36,0.97,0.87,-1.9,-1.23,gem,805_gem,deep_subduction
B080901C,2001-08-09T03:33:50,-69.42,-18.25,129.9,5.5,mw,122.0,21.0,-120.0,335.0,72.0,-79.0,26.0,56.0,11.0,151.0,62.0,262.0,-1.329e+17,3.57e+16,9.72e+16,8.69e+16,-1.896e+17,-1.2250000000000002e+17,gcmt,805_gcmt,deep_subduction
2093508,2001-09-15T13:58:13,-68.427,-23.203,109.9,5.2,mw,181.0,36.0,-48.0,313.0,64.0,-116.0,42.400005271124655,61.630645351960425,33.77651036467588,293.98744500266287,29.080327920641576,182.14995078211103,-5.73,-0.03,5.75,4.35,-1.83,-2.85,gem,809_gem,deep_subduction
B091501E,2001-09-15T13:58:18,-68.51,-23.0,142.8,5.0,mw,181.0,36.0,-48.0,313.0,64.0,-116.0,15.0,62.0,23.0,325.0,62.0,182.0,-5.727e+16,-290000000000000.0,5.756e+16,4.354e+16,-1.828e+16,-2.846e+16,gcmt,809_gcmt,deep_subduction
2152957,2001-10-12T00:39:55,-66.899,-24.083,192.7,5.42,mw,42.0,67.0,-81.0,199.0,24.0,-111.0,44.65270268561496,305.17177914354045,11.807651163044511,47.09092696198837,42.9464351967704,148.3109672730675,-1.06,0.18,0.88,-0.81,-0.85,0.76,gem,810_gem,deep_subduction
2238618,2001-10-17T02:34:41,-68.916,-28.493,117.3,5.4,mw,156.0,50.0,-85.0,327.0,40.0,-96.0,5.0,242.0,4.0,332.0,84.0,102.0,-14100000000.0,3499999999.9999995,10500000000.0,-200000000.0,2600000000.0,-5400000000.0,neic,811_neic,deep_subduction
B101701A,2001-10-17T02:34:41,-68.92,-28.49,117.3,5.4,mwc,310.0,34.0,-119.0,163.0,60.0,-72.0,14.0,240.0,16.0,334.0,69.0,111.0,,,,,,,us,811_us,deep_subduction
2238618,2001-10-17T02:34:42,-68.939,-28.372,116.1,5.36,mw,163.0,60.0,-72.0,310.0,34.0,-119.0,43.87464010939278,60.02859212531354,28.15716535121031,181.00000000000003,33.02023389750352,291.35606663121104,-1.16,0.33,0.82,0.03,0.72,-0.6,gem,811_gem,deep_subduction
B101701A,2001-10-17T02:34:47,-68.96,-28.43,135.6,5.3,mw,310.0,34.0,-119.0,163.0,60.0,-72.0,14.0,240.0,16.0,334.0,69.0,111.0,-1.159e+17,3.33e+16,8.26e+16,3000000000000000.0,7.24e+16,-6.04e+16,gcmt,811_gcmt,deep_subduction
2252790,2001-10-20T13:26:35,-68.507,-22.24,113.1,5.41,mw,4.0,82.0,-90.0,187.0,8.0,-87.0,45.00000000000001,274.0,5.565970692561155e-15,4.0,44.99999999999999,94.0,-0.44,-0.04,0.48,-0.11,-1.54,0.05,gem,812_gem,deep_subduction
B102001B,2001-10-20T13:26:40,-68.82,-22.26,128.0,5.0,mw,187.0,8.0,-87.0,4.0,82.0,-90.0,37.0,95.0,0.0,4.0,53.0,274.0,-4.41e+16,-4000000000000000.0,4.81e+16,-1.12e+16,-1.54e+17,5100000000000000.0,gcmt,812_gcmt,deep_subduction
B110301B,2001-11-03T01:43:21,-71.65,-36.25,86.2,5.1,mwc,274.0,33.0,25.0,163.0,77.0,120.0,49.0,106.0,29.0,335.0,26.0,230.0,,,,,,,us,271_us,deep_subduction
2317685,2001-11-03T01:43:22,-71.829,-36.202,86.9,5.09,mw,163.0,77.0,120.0,274.0,33.0,25.0,33.75260053922307,285.6757119559843,31.776704006850643,171.22231553398615,40.046861417284006,49.84607909964029,2.27,-2.24,-0.02,-0.09,-4.58,2.28,gem,271_gem,deep_subduction
2331826,2001-11-07T13:25:54,-68.311,-21.254,118.9,5.2,mw,135.0,49.0,-101.0,331.0,42.0,-78.0,44.69874460219474,52.76818768160524,37.85311524119136,272.5008266974837,21.02371070633723,165.12159361718977,-8.3,3.34,4.96,-1.6,-0.15,-2.76,gem,814_gem,deep_subduction
B110701B,2001-11-07T13:26:01,-68.01,-21.25,149.2,5.2,mw,331.0,42.0,-78.0,135.0,49.0,-101.0,3.0,232.0,8.0,142.0,81.0,344.0,-8.3e+16,3.337e+16,4.964000000000001e+16,-1.601e+16,-1500000000000000.0,-2.759e+16,gcmt,814_gcmt,deep_subduction
B022102D,2002-02-21T08:57:46,-67.36,-31.69,120.6,5.4,mwc,131.0,33.0,-149.0,15.0,74.0,-61.0,23.0,83.0,28.0,186.0,52.0,319.0,,,,,,,us,195_us,deep_subduction
2903490,2002-02-21T08:57:47,-67.424,-31.671,119.8,5.37,mw,15.0,74.0,-61.0,131.0,33.0,-149.0,40.73283594967486,263.0396293752103,31.73070933892392,25.21311067852173,33.06077396982481,138.9474470164721,-7.13,-1.06,8.19,-6.25,-9.37,-4.49,gem,195_gem,deep_subduction
B022102D,2002-02-21T08:57:49,-67.3,-31.77,134.2,5.2,mw,131.0,33.0,-149.0,15.0,74.0,-61.0,23.0,83.0,28.0,186.0,52.0,319.0,-7.131e+16,-1.059e+16,8.19e+16,-6.245e+16,-9.371e+16,-4.49e+16,gcmt,195_gcmt,deep_subduction
2901923,2002-02-26T08:32:49,-69.703,-18.327,87.6,5.38,mw,215.0,22.0,-21.0,324.0,83.0,-110.0,42.19003549687785,72.13193160748244,21.167354524966893,321.584287895308,40.313887637270525,212.40367613614188,-0.3,-0.43,0.72,0.74,-1.07,-0.1,gem,819_gem,deep_subduction
B022602A,2002-02-26T08:32:57,-69.83,-17.97,100.4,5.5,mw,215.0,22.0,-21.0,324.0,83.0,-110.0,34.0,72.0,20.0,327.0,49.0,213.0,-2.98e+16,-4.31e+16,7.29e+16,7.43e+16,-1.073e+17,-1.02e+16,gcmt,819_gcmt,deep_subduction
2923811,2002-03-18T03:09:57,-69.002,-20.422,89.3,5.52,mw,200.0,30.0,-20.0,308.0,80.0,-118.0,40.09707704968156,60.2744847594488,29.466888529001224,301.8673689257743,35.85998540687999,187.7631252690657,-0.7,-0.61,1.3,1.65,-1.03,-0.6,gem,820_gem,deep_subduction
B031802B,2002-03-18T03:10:03,-69.13,-20.33,111.5,5.5,mw,200.0,30.0,-20.0,308.0,80.0,-118.0,30.0,60.0,28.0,313.0,47.0,188.0,-7.009999999999999e+16,-6.08e+16,1.309e+17,1.65e+17,-1.0289999999999998e+17,-6.03e+16,gcmt,820_gcmt,deep_subduction
2933432,2002-03-25T18:31:06,-68.195,-23.386,127.0,5.2,mw,103.0,15.0,-141.0,335.0,81.0,-78.0,44.11825024866856,54.88183806604644,12.23395303469109,157.0191309105287,43.30785765000682,258.8126041988428,-3.13,2.68,0.45,2.55,-7.08,-1.13,gem,821_gem,deep_subduction
B032502G,2002-03-25T18:31:08,-67.91,-23.32,145.7,5.2,mw,103.0,15.0,-141.0,335.0,81.0,-78.0,35.0,55.0,11.0,153.0,53.0,259.0,-3.128e+16,2.676e+16,4510000000000000.0,2.547e+16,-7.075e+16,-1.1259999999999998e+16,gcmt,821_gcmt,deep_subduction
3951419,2002-03-28T04:56:23,-68.224,-21.64,121.7,6.45,mw,4.0,89.0,-103.0,270.0,13.0,-4.0,43.59787363314931,286.4742298935872,13.005638796297562,183.76900406408265,43.49907068581808,81.10830602401302,0.02,-0.28,0.26,-0.51,-5.7,1.37,gem,822_gem,deep_subduction
C032802D,2002-03-28T04:56:30,-68.57,-21.69,137.8,6.1,mw,270.0,13.0,-4.0,4.0,89.0,-103.0,43.0,106.0,13.0,4.0,44.0,261.0,2.2e+16,-2.84e+17,2.63e+17,-5.06e+17,-5.701e+18,1.371e+18,gcmt,822_gcmt,deep_subduction
2991578,2002-04-15T23:08:21,-69.102,-22.864,86.6,5.11,mw,0.0,57.0,-120.0,226.0,43.0,-53.0,42.18302680117437,290.8858454363795,43.284136773613646,142.2924438262712,16.325720146646876,36.27861898814172,-4.66,0.3,4.35,1.71,-2.02,2.2,gem,824_gem,deep_subduction
B041502D,2002-04-15T23:08:28,-69.03,-22.47,97.0,5.2,mw,226.0,43.0,-53.0,0.0,57.0,-120.0,7.0,111.0,24.0,18.0,64.0,216.0,-4.656e+16,3020000000000000.0,4.354e+16,1.711e+16,-2.015e+16,2.203e+16,gcmt,824_gcmt,deep_subduction
3148147,2002-05-15T09:20:56,-68.334,-23.16,121.6,5.12,mw,188.0,10.0,-67.0,345.0,81.0,-94.0,44.899695595063456,78.11333923640518,4.099280725271275,344.01791534392225,44.807515922337245,249.9356705483932,-2.1,0.35,1.75,1.57,-5.45,0.07,gem,827_gem,deep_subduction
3165847,2002-06-02T05:59:15,-69.063,-19.837,94.8,5.32,mw,155.0,23.0,-95.0,341.0,67.0,-88.0,44.9806459895903,68.81292025655296,2.7985719235173927,161.61294273968747,44.882768082994176,254.403407433299,-7.83,0.12,7.7,2.48,-7.65,-3.53,gem,829_gem,deep_subduction
B060202B,2002-06-02T05:59:20,-69.5,-19.98,125.8,5.1,mw,155.0,23.0,-95.0,341.0,67.0,-88.0,22.0,69.0,2.0,160.0,68.0,256.0,-7.83e+16,1220000000000000.0,7.709e+16,2.479e+16,-7.652e+16,-3.531e+16,gcmt,829_gcmt,deep_subduction
3361523,2002-08-29T02:28:18,-68.48,-21.234,112.7,5.26,mw,221.0,28.0,-34.0,341.0,75.0,-114.0,42.02957831687591,90.28131644423776,26.0569461722818,334.1313593505694,36.79811556278588,222.6766057644872,-4.23,-2.66,6.89,2.84,-7.02,1.28,gem,833_gem,deep_subduction
B082902A,2002-08-29T02:28:23,-68.65,-21.09,120.9,5.2,mw,221.0,28.0,-34.0,341.0,75.0,-114.0,26.0,90.0,23.0,348.0,54.0,222.0,-4.230000000000001e+16,-2.663e+16,6.893e+16,2.842e+16,-7.023e+16,1.284e+16,gcmt,833_gcmt,deep_subduction
pde20020924035722280_119,2002-09-24T03:57:22,-69.2,-31.519,116.0,6.3,mwc,35.0,45.0,-90.0,215.0,45.0,-90.0,45.000000000000014,305.0,17.3137416939303,196.83657476200852,39.89850481718888,91.72903174807708,,,,,,,us,202_us,deep_subduction
3379719,2002-09-24T03:57:22,-69.2,-31.519,119.6,6.3,mw,5.0,41.0,-95.0,192.0,50.0,-86.0,4.0,279.0,3.0,9.0,84.0,136.0,-353000000000.0,15000000000.0,338000000000.0,29000000000.0,51000000000.0,49000000000.0,neic,202_neic,deep_subduction
3379719,2002-09-24T03:57:23,-69.095,-31.401,115.5,6.24,mw,27.0,39.0,-94.0,212.0,51.0,-87.0,44.97205718931628,299.8431912430071,11.572998418566712,41.64809340595497,42.71955868680234,142.54803846553295,-2.63,0.57,2.06,0.39,0.46,1.28,gem,202_gem,deep_subduction
C092402B,2002-09-24T03:57:26,-69.12,-31.48,119.9,6.2,mw,27.0,39.0,-94.0,212.0,51.0,-87.0,6.0,300.0,2.0,30.0,83.0,141.0,-2.633e+18,5.68e+17,2.065e+18,3.91e+17,4.63e+17,1.278e+18,gcmt,202_gcmt,deep_subduction
B093002B,2002-09-30T13:05:58,-70.83,-35.23,95.6,5.2,mwc,222.0,23.0,-73.0,23.0,68.0,-97.0,23.0,119.0,7.0,26.0,66.0,281.0,,,,,,,us,203_us,deep_subduction
3427294,2002-09-30T13:05:59,-70.88,-35.148,96.6,5.25,mw,23.0,68.0,-97.0,222.0,23.0,-73.0,44.78349683338444,298.35968419048584,8.975103824654026,199.34138350967905,43.8217244568323,100.62328241336412,-7.02,2.65,4.37,-2.09,-6.47,2.43,gem,203_gem,deep_subduction
B093002B,2002-09-30T13:06:01,-71.07,-35.17,113.9,5.4,mw,222.0,23.0,-73.0,23.0,68.0,-97.0,23.0,119.0,7.0,26.0,66.0,281.0,-7.017e+16,2.646e+16,4.372e+16,-2.087e+16,-6.472000000000001e+16,2.426e+16,gcmt,203_gcmt,deep_subduction
B111202G,2002-11-12T13:06:38,-68.77,-20.31,91.3,5.1,mw,122.0,57.0,-165.0,24.0,78.0,-34.0,14.0,77.0,54.0,186.0,32.0,338.0,-3.963e+16,-4.991e+16,8.954e+16,-4210000000000000.0,-3.805e+16,-3.825e+16,gcmt,836_gcmt,deep_subduction
6131535,2002-11-12T13:06:40,-68.886,-20.261,106.0,5.23,mw,24.0,78.0,-34.0,122.0,57.0,-165.0,28.80288759088462,256.8553481113804,56.38191008957193,42.64504359999921,15.82923835113957,157.887131572283,-3.96,-4.99,8.95,-0.42,-3.81,-3.83,gem,836_gem,deep_subduction
B121202A,2002-12-12T04:03:16,-67.3,-31.8,126.0,5.3,mwc,245.0,33.0,8.0,148.0,86.0,123.0,40.0,89.0,33.0,326.0,33.0,211.0,,,,,,,us,204_us,deep_subduction
6256775,2002-12-12T04:03:17,-67.279,-31.814,125.9,5.25,mw,148.0,86.0,123.0,245.0,33.0,8.0,35.238180841407264,268.1129776718404,33.164969081600844,150.6192024535655,37.33627902687218,30.718753049378336,1.48,-5.94,4.45,1.24,-8.69,0.6,gem,204_gem,deep_subduction
B121202A,2002-12-12T04:03:20,-67.28,-31.86,132.5,5.1,mw,245.0,33.0,8.0,148.0,86.0,123.0,40.0,89.0,33.0,326.0,33.0,211.0,1.482e+16,-5.94e+16,4.459e+16,1.236e+16,-8.694000000000002e+16,5960000000000000.0,gcmt,204_gcmt,deep_subduction
6257654,2002-12-13T19:25:36,-68.72,-22.371,106.5,5.17,mw,221.0,22.0,-46.0,355.0,75.0,-105.0,43.706010835085166,97.29925236207782,17.48279258889491,349.77834502772254,41.110564680157154,243.82425992885945,-3.87,0.63,3.23,1.36,-5.8,1.52,gem,838_gem,deep_subduction
B121302D,2002-12-13T19:25:42,-68.98,-21.99,123.5,5.3,mw,221.0,22.0,-46.0,355.0,75.0,-105.0,28.0,97.0,15.0,359.0,58.0,245.0,-3.867e+16,6320000000000000.0,3.235e+16,1.365e+16,-5.805e+16,1.515e+16,gcmt,838_gcmt,deep_subduction
B122602C,2002-12-26T22:20:20,-68.57,-31.23,112.4,5.2,mwc,347.0,37.0,-81.0,156.0,54.0,-97.0,9.0,251.0,6.0,160.0,80.0,37.0,,,,,,,us,205_us,deep_subduction
6264803,2002-12-26T22:20:21,-68.565,-31.155,111.1,5.23,mw,156.0,54.0,-97.0,347.0,37.0,-81.0,44.856745035358045,71.0019720505129,17.38170012222517,322.8541989864326,40.004721326584,217.6234194938306,-9.99,3.4,6.58,-2.12,1.98,-1.02,gem,205_gem,deep_subduction
B122602C,2002-12-26T22:20:24,-68.55,-31.46,122.5,5.2,mw,347.0,37.0,-81.0,156.0,54.0,-97.0,9.0,251.0,6.0,160.0,80.0,37.0,-9.987e+16,3.4e+16,6.587e+16,-2.118e+16,1.982e+16,-1.017e+16,gcmt,205_gcmt,deep_subduction
6531368,2003-01-05T09:25:55,-68.377,-21.66,120.7,5.16,mw,114.0,72.0,166.0,208.0,77.0,18.0,3.4550177382176392,71.91401192738124,68.79301339806806,170.8655391785843,20.896622082417814,340.5931841467059,-0.44,-4.75,5.19,0.78,-3.23,-3.72,gem,840_gem,deep_subduction
B010503B,2003-01-05T09:25:59,-68.51,-21.6,136.9,5.2,mw,114.0,72.0,166.0,208.0,77.0,18.0,22.0,72.0,68.0,242.0,3.0,341.0,-4370000000000000.0,-4.75e+16,5.19e+16,7770000000000000.0,-3.23e+16,-3.72e+16,gcmt,840_gcmt,deep_subduction
B010703A,2003-01-07T00:54:51,-70.05,-33.76,110.8,5.7,mwc,199.0,28.0,-70.0,356.0,64.0,-100.0,19.0,94.0,9.0,1.0,69.0,246.0,,,,,,,us,206_us,deep_subduction
6532247,2003-01-07T00:54:52,-70.255,-33.811,106.2,5.69,mw,199.0,28.0,-70.0,356.0,64.0,-100.0,44.58481279715371,94.2509490028608,14.83884958048756,349.1141346544128,41.64963337387735,245.48521161547671,-3.17,-0.19,3.37,0.46,-2.52,0.46,gem,206_gem,deep_subduction
B010703A,2003-01-07T00:54:55,-70.22,-33.6,112.8,6.0,mw,199.0,28.0,-70.0,356.0,64.0,-100.0,19.0,94.0,9.0,1.0,69.0,246.0,-3.17e+17,-1.92e+16,3.37e+17,4.58e+16,-2.52e+17,4.55e+16,gcmt,206_gcmt,deep_subduction
6687851,2003-04-06T01:09:06,-68.89,-23.44,90.8,5.34,mw,165.0,22.0,-92.0,347.0,68.0,-89.0,44.99710993175577,76.53633202688542,1.04078375676774,167.57718252001894,44.98398620227108,258.61755625153364,-0.83,-0.09,0.92,0.2,-0.92,-0.27,gem,845_gem,deep_subduction
6843892,2003-05-18T21:10:21,-69.094,-31.396,114.1,5.5,mw,38.0,39.0,-81.0,206.0,52.0,-97.0,6.0,301.0,6.0,210.0,81.0,78.0,-17800000000.0,5000000000.0,12800000000.0,400000000.0,4300000000.0,7800000000.0,neic,209_neic,deep_subduction
B051803C,2003-05-18T21:10:21,-69.09,-31.4,114.1,5.4,mwc,43.0,41.0,-82.0,213.0,49.0,-97.0,4.0,308.0,5.0,218.0,84.0,75.0,,,,,,,us,209_us,deep_subduction
6843892,2003-05-18T21:10:22,-69.032,-31.377,111.2,5.37,mw,43.0,41.0,-82.0,213.0,49.0,-97.0,44.879416795246,307.3366748732939,27.78574810688214,185.68801262580183,32.25309922689078,76.26723923510201,-1.32,0.46,0.86,0.04,0.21,0.83,gem,209_gem,deep_subduction
B051803C,2003-05-18T21:10:25,-69.18,-31.46,122.3,5.5,mw,43.0,41.0,-82.0,213.0,49.0,-97.0,4.0,308.0,5.0,218.0,84.0,75.0,-1.32e+17,4.6e+16,8.6e+16,3599999999999999.5,2.13e+16,8.31e+16,gcmt,209_gcmt,deep_subduction
6851922,2003-05-27T08:29:45,-68.596,-31.365,118.0,5.7,mw,11.0,51.0,-69.0,159.0,44.0,-114.0,4.0,86.0,17.0,177.0,73.0,343.0,-27600000000.0,-10400000000.0,37800000000.0,-5200000000.0,-4900000000.0,-4000000000.0,neic,210_neic,deep_subduction
B052703D,2003-05-27T08:29:45,-68.6,-31.36,118.0,5.5,mwc,223.0,37.0,-75.0,25.0,54.0,-101.0,9.0,122.0,9.0,31.0,78.0,256.0,,,,,,,us,210_us,deep_subduction
6851922,2003-05-27T08:29:46,-68.625,-31.301,116.3,5.52,mw,25.0,54.0,-101.0,223.0,37.0,-75.0,44.64693569967812,302.8385533050613,25.51579258593417,184.70896723043464,34.48722702157544,75.56808158744354,-2.16,0.65,1.51,-0.07,-0.76,1.04,gem,210_gem,deep_subduction
B052703D,2003-05-27T08:29:49,-68.7,-31.32,127.5,5.7,mw,223.0,37.0,-75.0,25.0,54.0,-101.0,9.0,122.0,9.0,31.0,78.0,256.0,-2.16e+17,6.52e+16,1.51e+17,-6800000000000000.0,-7.59e+16,1.04e+17,gcmt,210_gcmt,deep_subduction
6997624,2003-07-13T07:25:47,-68.452,-22.032,110.5,5.29,mw,258.0,36.0,-10.0,356.0,84.0,-125.0,36.64343414072442,114.48308520962844,35.93836596251602,351.85310404023744,33.16846352430765,233.5723912115097,-0.17,-0.01,0.18,0.23,-0.87,0.61,gem,850_gem,deep_subduction
B071303C,2003-07-13T07:25:53,-68.82,-22.22,121.4,5.1,mw,258.0,36.0,-10.0,356.0,84.0,-125.0,30.0,115.0,35.0,0.0,40.0,234.0,-1.7299999999999998e+16,-800000000000000.0,1.8e+16,2.25e+16,-8.69e+16,6.13e+16,gcmt,850_gcmt,deep_subduction
7000632,2003-07-17T19:03:47,-68.653,-19.734,130.8,5.26,mw,148.0,89.0,94.0,254.0,4.0,17.0,44.85561555243137,242.06138205169785,4.0018196726665245,148.06996584839203,44.86533073979996,54.07719361897432,0.87,-1.24,0.37,5.05,-8.24,-0.26,gem,851_gem,deep_subduction
B071703A,2003-07-17T19:03:51,-69.06,-19.71,147.6,5.2,mw,254.0,4.0,17.0,148.0,89.0,94.0,46.0,62.0,4.0,328.0,44.0,234.0,8690000000000000.0,-1.24e+16,3710000000000000.0,5.05e+16,-8.24e+16,-2570000000000000.0,gcmt,851_gcmt,deep_subduction
7008801,2003-07-27T11:41:27,-65.144,-20.074,339.4,5.96,mw,126.0,12.0,-118.0,335.0,79.0,-84.0,44.799177434299736,59.65908007601104,6.003296264493764,155.653279724522,44.574094589336944,251.60039543255223,-0.4,0.17,0.23,0.41,-0.92,-0.21,gem,853_gem,deep_subduction
C072703D,2003-07-27T11:41:31,-65.19,-20.05,350.6,5.9,mw,126.0,12.0,-118.0,335.0,79.0,-84.0,34.0,60.0,6.0,154.0,55.0,252.0,-3.98e+17,1.65e+17,2.34e+17,4.09e+17,-9.2e+17,-2.06e+17,gcmt,853_gcmt,deep_subduction
7010899,2003-07-29T14:02:51,-68.221,-21.669,120.4,5.21,mw,148.0,42.0,-85.0,321.0,48.0,-94.0,44.95105676507796,54.461517199819184,25.43402669387492,296.1183706936318,34.22900038785505,187.2409710045874,-0.84,0.3,0.53,0.1,-0.04,-0.34,gem,854_gem,deep_subduction
B072903B,2003-07-29T14:02:57,-68.36,-21.7,149.3,5.1,mw,148.0,42.0,-85.0,321.0,48.0,-94.0,3.0,54.0,3.0,324.0,85.0,187.0,-8.37e+16,3.02e+16,5.34e+16,9500000000000000.0,-4100000000000000.0,-3.4100000000000004e+16,gcmt,854_gcmt,deep_subduction
7129131,2003-09-17T21:34:47,-68.304,-21.556,125.0,5.68,mw,21.0,58.0,-76.0,176.0,35.0,-110.0,44.355841957516255,280.9296647338782,24.788251343209243,37.77264478618929,35.39339475461794,146.9270768516804,-3.44,-0.41,3.85,-0.98,-1.43,0.69,gem,857_gem,deep_subduction
C091703C,2003-09-17T21:34:51,-68.43,-21.67,136.0,5.9,mw,176.0,35.0,-110.0,21.0,58.0,-76.0,12.0,101.0,12.0,193.0,74.0,327.0,-3.44e+17,-4.05e+16,3.85e+17,-9.8e+16,-1.43e+17,6.879999999999999e+16,gcmt,857_gcmt,deep_subduction
B092803G,2003-09-28T17:40:43,-70.68,-35.2,105.8,5.0,mwc,245.0,17.0,-66.0,39.0,74.0,-97.0,29.0,135.0,7.0,41.0,60.0,299.0,,,,,,,us,214_us,deep_subduction
7138194,2003-09-28T17:40:43,-71.018,-35.248,91.4,5.05,mw,39.0,74.0,-97.0,245.0,17.0,-66.0,44.74235311028709,314.63638594769594,7.917089078103907,216.7146454638887,44.17049483264586,118.9504739597054,-3.04,1.97,1.07,-2.21,-3.34,0.3,gem,214_gem,deep_subduction
B092803G,2003-09-28T17:40:44,-71.11,-35.54,105.2,5.2,mw,245.0,17.0,-66.0,39.0,74.0,-97.0,29.0,135.0,7.0,41.0,60.0,299.0,-3.04e+16,1.97e+16,1.07e+16,-2.21e+16,-3.34e+16,2970000000000000.0,gcmt,214_gcmt,deep_subduction
7155574,2003-10-11T14:35:50,-69.479,-17.959,119.6,5.21,mw,43.0,56.0,-152.0,296.0,67.0,-37.0,34.03978317675902,351.968840110442,54.39656843616404,152.60565782267986,9.203844625228257,255.684838961051,-0.34,0.75,-0.4,0.2,-0.41,0.23,gem,859_gem,deep_subduction
B101103F,2003-10-11T14:35:57,-69.64,-18.22,150.3,5.1,mw,43.0,56.0,-152.0,296.0,67.0,-37.0,7.0,352.0,47.0,89.0,42.0,256.0,-3.4200000000000004e+16,7.48e+16,-4.06e+16,2.01e+16,-4.1e+16,2.25e+16,gcmt,859_gcmt,deep_subduction
7166424,2003-10-26T16:27:09,-69.923,-17.817,103.9,5.22,mw,228.0,60.0,-11.0,324.0,80.0,-149.0,25.83435603777588,92.40445530485226,59.53781525081516,307.0,15.015416555743188,189.86651298135507,-0.12,-0.64,0.76,0.37,-0.25,0.15,gem,860_gem,deep_subduction
B102603B,2003-10-26T16:27:16,-70.18,-18.15,107.7,5.0,mw,228.0,60.0,-11.0,324.0,80.0,-149.0,14.0,93.0,58.0,340.0,28.0,190.0,-1.22e+16,-6.43e+16,7.65e+16,3.68e+16,-2.47e+16,1.54e+16,gcmt,860_gcmt,deep_subduction
7191581,2003-11-25T04:43:37,-67.531,-23.287,153.2,5.6,mw,135.0,65.0,134.0,249.0,50.0,34.0,14.005278153260374,274.0731655646644,48.97784293960853,167.4122173074328,37.59702739025642,15.146377433713724,1.66,-2.68,1.02,0.25,-1.86,0.77,gem,863_gem,deep_subduction
B112503A,2003-11-25T04:43:44,-67.66,-23.25,175.1,5.4,mw,249.0,50.0,34.0,135.0,65.0,134.0,49.0,95.0,39.0,293.0,9.0,195.0,1.66e+17,-2.68e+17,1.02e+17,2.52e+16,-1.86e+17,7.73e+16,gcmt,863_gcmt,deep_subduction
7206107,2003-12-12T06:57:48,-68.25,-21.129,112.3,5.22,mw,162.0,46.0,-65.0,308.0,50.0,-113.0,43.61017383148081,54.604091757845424,45.83477281265426,245.8506959952208,5.646310226283887,150.0084023827601,-0.73,0.17,0.55,0.18,0.06,-0.53,gem,865_gem,deep_subduction
B121203E,2003-12-12T06:57:54,-68.49,-21.35,139.3,5.2,mw,162.0,46.0,-65.0,308.0,50.0,-113.0,2.0,55.0,17.0,324.0,72.0,151.0,-7.26e+16,1.7000000000000002e+16,5.560000000000001e+16,1.84e+16,5900000000000000.0,-5.3e+16,gcmt,865_gcmt,deep_subduction
7253020,2004-02-19T18:04:23,-66.847,-23.964,198.8,5.09,mw,207.0,26.0,-66.0,360.0,66.0,-102.0,44.47042334994301,99.1023881244272,14.885230072931623,353.97685650689385,41.74162193413834,250.25735614792168,-3.73,-0.55,4.29,0.32,-3.59,1.05,gem,868_gem,deep_subduction
C021904D,2004-02-19T18:04:27,-67.02,-24.12,207.0,5.0,mw,207.0,26.0,-66.0,360.0,66.0,-102.0,20.0,98.0,11.0,4.0,67.0,248.0,-3.73e+16,-5530000000000000.0,4.29e+16,3180000000000000.0,-3.59e+16,1.05e+16,gcmt,868_gcmt,deep_subduction
7255705,2004-02-26T09:58:03,-67.728,-23.295,135.0,5.07,mw,23.0,87.0,-15.0,114.0,75.0,-177.0,12.524389409940891,249.33936755539185,74.78662351918912,34.11126171195053,8.497562187188265,157.4373955582946,-1.32,-2.95,4.27,-0.25,-1.2,-3.29,gem,869_gem,deep_subduction
C022604B,2004-02-26T09:58:09,-67.81,-22.9,165.8,5.0,mw,114.0,75.0,-177.0,23.0,87.0,-15.0,8.0,69.0,75.0,192.0,13.0,337.0,-1.32e+16,-2.95e+16,4.269999999999999e+16,-2510000000000000.0,-1.2e+16,-3.29e+16,gcmt,869_gcmt,deep_subduction
7312067,2004-03-17T03:21:07,-65.643,-21.172,286.1,6.08,mw,32.0,82.0,-117.0,286.0,28.0,-18.0,40.33083260349957,324.16756948633895,27.631071958850217,207.7809349579694,37.22993194572573,94.3419224721892,-0.41,0.78,-0.36,-0.65,-1.22,0.5,gem,870_gem,deep_subduction
C031704A,2004-03-17T03:21:10,-65.6,-21.24,297.0,5.5,mw,286.0,28.0,-18.0,32.0,82.0,-117.0,31.0,144.0,27.0,37.0,47.0,274.0,-4.13e+17,7.75e+17,-3.62e+17,-6.5e+17,-1.22e+18,5.04e+17,gcmt,870_gcmt,deep_subduction
7316774,2004-03-23T18:06:32,-68.364,-21.238,117.8,5.23,mw,198.0,41.0,-28.0,310.0,72.0,-128.0,38.37916827025391,66.8503687232386,40.86432822195732,293.59997962778834,25.58249260664859,179.13231115314943,-0.41,-0.26,0.66,0.53,-0.24,-0.28,gem,873_gem,deep_subduction
C032304E,2004-03-23T18:06:38,-68.35,-21.3,138.5,5.0,mw,198.0,41.0,-28.0,310.0,72.0,-128.0,18.0,67.0,35.0,324.0,49.0,180.0,-4.06e+16,-2.61e+16,6.68e+16,5.26e+16,-2.38e+16,-2.83e+16,gcmt,873_gcmt,deep_subduction
7322250,2004-03-31T03:23:22,-67.839,-25.32,124.0,5.42,mw,243.0,80.0,156.0,337.0,67.0,11.0,9.958069058896283,17.98014976879699,65.29892378994151,265.54093396367404,22.36001723787695,112.1217981229774,0.18,1.1,-1.28,-0.73,-0.04,-0.99,gem,874_gem,deep_subduction
C033104A,2004-03-31T03:23:28,-68.02,-25.52,137.3,5.1,mw,337.0,67.0,11.0,243.0,80.0,156.0,24.0,198.0,64.0,42.0,9.0,292.0,1.83e+16,1.1000000000000002e+17,-1.28e+17,-7.31e+16,-3700000000000000.0,-9.91e+16,gcmt,874_gcmt,deep_subduction
7336457,2004-04-30T10:03:44,-70.635,-33.548,95.6,5.03,mw,26.0,65.0,-64.0,157.0,35.0,-133.0,42.31800885630911,277.17890735154907,33.21839892790946,43.779648537062656,29.77596819768713,155.7833175690056,-2.92,-1.07,3.99,-1.62,-1.99,0.22,gem,221_gem,deep_subduction
C043004A,2004-04-30T10:03:45,-70.52,-33.55,93.8,5.0,mwc,157.0,35.0,-133.0,26.0,65.0,-64.0,16.0,97.0,23.0,194.0,61.0,335.0,,,,,,,us,221_us,deep_subduction
C043004A,2004-04-30T10:03:47,-70.5,-33.59,102.0,5.2,mw,157.0,35.0,-133.0,26.0,65.0,-64.0,16.0,97.0,23.0,194.0,61.0,335.0,-2.92e+16,-1.07e+16,3.99e+16,-1.6200000000000002e+16,-1.99e+16,2160000000000000.0,gcmt,221_gcmt,deep_subduction
7349777,2004-05-29T13:30:56,-69.131,-20.563,99.9,5.02,mw,214.0,30.0,-40.0,341.0,71.0,-114.0,42.29611072131093,88.05936655032582,27.45585938451816,329.8480721118792,35.337729096672234,218.23091743874133,-2.43,-0.74,3.16,1.58,-2.77,0.54,gem,877_gem,deep_subduction
7350330,2004-05-30T16:43:56,-70.586,-17.245,104.6,5.42,mw,166.0,20.0,-56.0,310.0,73.0,-102.0,44.31632751353425,49.48965749389862,13.06295779880896,306.3954000337166,42.75431033801489,204.0083318458174,-0.8,0.15,0.64,1.09,-0.9,-0.7,gem,878_gem,deep_subduction
C053004F,2004-05-30T16:44:00,-70.83,-17.42,125.4,5.3,mw,166.0,20.0,-56.0,310.0,73.0,-102.0,28.0,50.0,11.0,314.0,60.0,204.0,-8.03e+16,1.54e+16,6.49e+16,1.09e+17,-8.95e+16,-7.009999999999999e+16,gcmt,878_gcmt,deep_subduction
7357403,2004-06-17T01:16:01,-68.479,-21.297,110.5,5.58,mw,230.0,50.0,-18.0,332.0,76.0,-138.0,32.99346764212531,95.40734694451572,49.89169522421027,314.9836279843843,20.13624065375507,199.17917217749465,-0.83,-1.49,2.32,1.34,-1.21,0.82,gem,879_gem,deep_subduction
C061704B,2004-06-17T01:16:05,-68.69,-21.53,124.0,5.2,mw,230.0,50.0,-18.0,332.0,76.0,-138.0,17.0,96.0,47.0,347.0,39.0,199.0,-8.34e+16,-1.49e+17,2.32e+17,1.34e+17,-1.21e+17,8.21e+16,gcmt,879_gcmt,deep_subduction
7359616,2004-06-23T08:48:26,-69.33,-19.598,100.5,5.13,mw,22.0,54.0,-53.0,150.0,50.0,-130.0,41.12871126762431,266.79173265396463,48.46265343276186,77.09772284290489,4.824551706950084,172.56493029796513,-4.58,-2.12,6.71,-1.98,-0.6,-0.61,gem,880_gem,deep_subduction
C062304B,2004-06-23T08:48:32,-69.42,-19.64,126.5,5.3,mw,150.0,50.0,-130.0,22.0,54.0,-53.0,2.0,87.0,29.0,178.0,61.0,352.0,-4.58e+16,-2.12e+16,6.71e+16,-1.98e+16,-6050000000000000.0,-6100000000000000.0,gcmt,880_gcmt,deep_subduction
7375813,2004-07-25T14:01:08,-69.128,-17.652,150.6,5.31,mw,203.0,57.0,-12.0,300.0,80.0,-146.0,27.779902898807485,67.22107884046602,56.67354302176696,283.98027718106067,16.911841519654896,166.43787627903646,-0.26,-0.64,0.9,0.59,-0.18,-0.58,gem,881_gem,deep_subduction
C072504A,2004-07-25T14:01:14,-68.93,-17.65,155.7,5.3,mw,203.0,57.0,-12.0,300.0,80.0,-146.0,15.0,68.0,55.0,315.0,31.0,167.0,-2.59e+16,-6.41e+16,9e+16,5.88e+16,-1.84e+16,-5.83e+16,gcmt,881_gcmt,deep_subduction
7377939,2004-07-31T06:32:30,-68.373,-21.515,130.0,5.11,mw,148.0,89.0,111.0,240.0,21.0,2.0,41.186818989317246,258.01971932295083,21.008331784725065,148.38407276414165,41.42875422300498,38.57350518240008,-0.23,-1.34,1.57,3.33,-4.24,1.68,gem,882_gem,deep_subduction
C073104E,2004-07-31T06:32:35,-68.4,-21.69,141.9,5.2,mw,240.0,21.0,2.0,148.0,89.0,111.0,42.0,78.0,21.0,328.0,41.0,219.0,-2320000000000000.0,-1.34e+16,1.57e+16,3.33e+16,-4.24e+16,1.68e+16,gcmt,882_gcmt,deep_subduction
7392686,2004-08-25T05:12:49,-69.156,-20.417,91.0,5.11,mw,213.0,42.0,-30.0,326.0,70.0,-128.0,38.5198041698148,83.2343226319133,41.90637874476658,307.6427055022482,24.045687898065804,194.03776007127323,-2.93,-2.81,5.74,1.95,-2.65,-0.51,gem,883_gem,deep_subduction
C082504B,2004-08-25T05:12:52,-69.18,-20.58,113.8,5.0,mw,213.0,42.0,-30.0,326.0,70.0,-128.0,17.0,83.0,35.0,341.0,50.0,194.0,-2.93e+16,-2.81e+16,5.74e+16,1.95e+16,-2.65e+16,-5090000000000000.0,gcmt,883_gcmt,deep_subduction
7413989,2004-10-02T03:01:24,-68.474,-20.149,147.0,5.38,mw,156.0,88.0,94.0,265.0,5.0,19.0,44.850356317537454,250.1363296660641,4.007289155549336,156.1401663837123,44.869827887530114,62.141281590433096,0.11,-0.14,0.03,0.59,-1.35,0.07,gem,889_gem,deep_subduction
C100204A,2004-10-02T03:01:29,-68.8,-20.23,157.1,5.1,mw,265.0,5.0,19.0,156.0,88.0,94.0,46.0,70.0,4.0,336.0,43.0,242.0,1.1e+16,-1.45e+16,3500000000000000.5,5.91e+16,-1.3500000000000002e+17,6900000000000001.0,gcmt,889_gcmt,deep_subduction
C100304A,2004-10-03T03:30:11,-68.86,-22.38,114.7,5.0,mw,1.0,46.0,-75.0,160.0,46.0,-105.0,0.0,261.0,11.0,170.0,79.0,353.0,-3.12e+16,1470000000000000.0,2.98e+16,-6210000000000000.0,-580000000000000.0,-4790000000000000.0,gcmt,890_gcmt,deep_subduction
C102304O,2004-10-23T23:16:15,-67.35,-29.35,148.1,5.0,mw,144.0,41.0,-79.0,309.0,50.0,-100.0,4.0,46.0,8.0,315.0,81.0,165.0,-2.53e+16,1.21e+16,1.32e+16,4980000000000000.0,-790000000000000.0,-1.6e+16,gcmt,891_gcmt,deep_subduction
7434329,2004-11-11T09:11:43,-69.751,-17.216,138.0,5.36,mw,189.0,39.0,-35.0,308.0,69.0,-123.0,40.09915506879272,61.69440605726254,38.51764877776002,289.6101443811099,26.370799516969445,176.36898667875994,-0.79,-0.2,0.98,0.86,-0.3,-0.52,gem,893_gem,deep_subduction
C111104D,2004-11-11T09:11:48,-69.83,-17.34,154.5,5.2,mw,189.0,39.0,-35.0,308.0,69.0,-123.0,17.0,62.0,31.0,322.0,54.0,177.0,-7.89e+16,-2e+16,9.89e+16,8.63e+16,-2.97e+16,-5.21e+16,gcmt,893_gcmt,deep_subduction
7435848,2004-11-13T20:06:10,-66.685,-23.191,205.0,5.19,mw,175.0,19.0,-91.0,356.0,71.0,-90.0,44.99942751785613,85.78672812610642,0.4130961223095724,176.19982673037566,44.99759415719579,266.61289889822586,-4.79,0.42,4.37,0.44,-5.97,-0.33,gem,895_gem,deep_subduction
C111304G,2004-11-13T20:06:14,-66.82,-23.15,224.9,5.2,mw,175.0,19.0,-91.0,356.0,71.0,-90.0,26.0,86.0,0.0,176.0,64.0,266.0,-4.79e+16,4230000000000000.0,4.37e+16,4360000000000000.0,-5.97e+16,-3260000000000000.0,gcmt,895_gcmt,deep_subduction
7440754,2004-11-23T16:49:38,-68.18,-23.018,124.6,5.19,mw,204.0,28.0,-57.0,347.0,67.0,-106.0,43.89492282727162,89.76631428002156,20.83979124014221,338.28168301983624,38.80514544395314,230.45647339032683,-5.65,0.09,5.56,2.25,-4.71,0.74,gem,896_gem,deep_subduction
C112304D,2004-11-23T16:49:42,-68.37,-22.94,136.7,5.0,mw,204.0,28.0,-57.0,347.0,67.0,-106.0,20.0,89.0,15.0,354.0,65.0,230.0,-5.65e+16,900000000000000.0,5.56e+16,2.25e+16,-4.71e+16,7390000000000000.0,gcmt,896_gcmt,deep_subduction
C120704B,2004-12-07T01:42:43,-69.17,-21.68,96.2,5.1,mw,173.0,35.0,-105.0,11.0,57.0,-80.0,11.0,93.0,8.0,185.0,76.0,311.0,-2.02e+16,-2790000000000000.5,2.3e+16,-3380000000000000.0,-8670000000000000.0,940000000000000.0,gcmt,897_gcmt,deep_subduction
7459715,2005-01-06T13:35:16,-68.649,-21.859,122.5,5.36,mw,108.0,36.0,172.0,204.0,85.0,54.0,33.507666744663496,82.36542861842184,35.96080760774689,201.07279244387183,36.29529789942562,323.27030587939714,0.19,-0.73,0.53,-0.2,-1.15,-0.47,gem,898_gem,deep_subduction
C200501061335A,2005-01-06T13:35:22,-68.57,-21.68,145.0,5.1,mw,108.0,36.0,172.0,204.0,85.0,54.0,39.0,82.0,35.0,208.0,31.0,323.0,1.94e+16,-7.29e+16,5.35e+16,-2e+16,-1.1499999999999998e+17,-4.74e+16,gcmt,898_gcmt,deep_subduction
7463042,2005-01-20T22:18:38,-68.87,-22.136,97.6,5.02,mw,22.0,72.0,-134.0,274.0,47.0,-24.0,36.06780375199436,322.626917030378,46.80527520564974,181.7529850058676,20.43443370123036,68.37273012161279,-1.83,2.2,-0.37,-0.3,-2.54,2.81,gem,899_gem,deep_subduction
C200501202218A,2005-01-20T22:18:45,-69.18,-22.14,111.0,5.1,mw,274.0,47.0,-24.0,22.0,72.0,-134.0,16.0,142.0,41.0,38.0,44.0,248.0,-1.83e+16,2.2e+16,-3770000000000000.0,-2960000000000000.0,-2.54e+16,2.81e+16,gcmt,899_gcmt,deep_subduction
7736604,2005-03-01T06:31:43,-66.709,-24.012,224.0,5.34,mw,228.0,21.0,-37.0,353.0,77.0,-108.0,43.3260874674955,97.04583175334584,18.220706784016723,348.95705644820544,41.058865551908006,242.29360939051483,-0.47,-0.23,0.7,0.17,-1.11,0.29,gem,902_gem,deep_subduction
C200503010631A,2005-03-01T06:31:45,-66.88,-24.13,224.0,5.0,mw,228.0,21.0,-37.0,353.0,77.0,-108.0,30.0,97.0,17.0,356.0,54.0,241.0,-4.74e+16,-2.29e+16,7.029999999999999e+16,1.65e+16,-1.1100000000000002e+17,2.88e+16,gcmt,902_gcmt,deep_subduction
C200503050444A,2005-03-05T04:44:31,-68.51,-21.98,150.2,5.0,mw,134.0,43.0,-153.0,23.0,72.0,-50.0,17.0,85.0,37.0,189.0,48.0,335.0,-1.05e+16,-1e+16,2.05e+16,-6730000000000000.0,-1.14e+16,-5070000000000000.0,gcmt,904_gcmt,deep_subduction
7481432,2005-03-15T20:07:03,-66.935,-24.105,200.1,5.17,mw,18.0,65.0,-90.0,198.0,25.0,-90.0,44.99999999999998,288.0,3.975693351829397e-14,18.0,45.00000000000001,108.00000000000006,-5.54,0.57,4.97,-1.42,-4.34,1.63,gem,907_gem,deep_subduction
C200503152007A,2005-03-15T20:07:06,-67.01,-24.18,200.1,5.1,mw,198.0,25.0,-90.0,18.0,65.0,-90.0,20.0,108.0,0.0,18.0,70.0,288.0,-5.54e+16,5710000000000000.0,4.97e+16,-1.42e+16,-4.34e+16,1.6299999999999998e+16,gcmt,907_gcmt,deep_subduction
7482792,2005-03-19T01:35:58,-68.849,-20.508,105.1,5.29,mw,160.0,86.0,144.0,252.0,54.0,4.0,22.4089164938477,290.22302827501863,54.07251143386001,165.53780953189562,26.490785964861143,32.08229586794545,0.03,-0.56,0.53,0.1,-0.64,0.66,gem,908_gem,deep_subduction
C200503190135A,2005-03-19T01:36:04,-68.93,-20.6,125.8,5.1,mw,252.0,54.0,4.0,160.0,86.0,144.0,27.0,110.0,54.0,335.0,22.0,212.0,2900000000000000.0,-5.629999999999999e+16,5.34e+16,1.02e+16,-6.4e+16,6.58e+16,gcmt,908_gcmt,deep_subduction
7484857,2005-03-25T03:54:26,-69.023,-20.315,92.4,5.08,mw,11.0,82.0,-100.0,244.0,12.0,-37.0,44.33368654158835,289.75675130234856,10.292109446565542,189.5376182785796,43.83694975639167,89.49608073570346,-1.76,1.2,0.55,-0.61,-4.95,0.81,gem,911_gem,deep_subduction
C200503250354A,2005-03-25T03:54:30,-69.38,-20.49,122.5,5.0,mw,244.0,12.0,-37.0,11.0,82.0,-100.0,37.0,110.0,10.0,12.0,52.0,270.0,-1.76e+16,1.2e+16,5560000000000000.0,-6120000000000000.0,-4.95e+16,8050000000000000.0,gcmt,911_gcmt,deep_subduction
C200503302331A,2005-03-30T23:31:22,-71.04,-35.3,89.9,4.9,mwc,203.0,36.0,-92.0,26.0,54.0,-88.0,9.0,115.0,1.0,205.0,81.0,304.0,,,,,,,us,913_us,deep_subduction
C200503302331A,2005-03-30T23:31:24,-71.12,-35.26,103.9,5.2,mw,203.0,36.0,-92.0,26.0,54.0,-88.0,9.0,115.0,1.0,205.0,81.0,304.0,-2.43e+16,1640000000000000.0,2.26e+16,-3960000000000000.0,-7290000000000000.0,1.23e+16,gcmt,913_gcmtb,deep_subduction
C200503302331A,2005-03-30T23:31:24,-71.12,-35.26,103.9,5.2,mw,203.0,36.0,-92.0,26.0,54.0,-88.0,9.0,115.0,1.0,205.0,81.0,304.0,-2.43e+16,1640000000000000.0,2.26e+16,-3960000000000000.0,-7290000000000000.0,1.23e+16,gcmt,913_gcmt,deep_subduction
7493026,2005-04-16T22:41:15,-69.716,-17.625,113.5,5.8,mw,197.0,24.0,-36.0,320.0,76.0,-110.0,42.83903742584796,66.39426660498799,21.45682456091937,315.0200971909406,39.45767759413768,206.14476476796932,-2.65,-0.97,3.62,3.66,-3.76,-1.02,gem,915_gem,deep_subduction
C200504162241A,2005-04-16T22:41:19,-69.95,-17.77,129.6,5.6,mw,197.0,24.0,-36.0,320.0,76.0,-110.0,29.0,66.0,19.0,325.0,54.0,206.0,-2.65e+17,-9.68e+16,3.62e+17,3.66e+17,-3.76e+17,-1.02e+17,gcmt,915_gcmt,deep_subduction
C200505191556A,2005-05-19T15:56:37,-69.43,-31.54,117.0,4.9,mwc,288.0,53.0,-150.0,179.0,66.0,-41.0,8.0,236.0,44.0,334.0,45.0,138.0,,,,,,,us,917_us,deep_subduction
7381850,2005-05-22T01:05:54,-68.36,-19.557,141.6,5.13,mw,255.0,69.0,-16.0,351.0,75.0,-158.0,23.58027499719131,122.04246783908326,65.93446819575172,314.2633660826441,4.537525886856913,214.0275521963789,-1.01,-1.74,2.75,1.92,-1.89,5.21,gem,918_gem,deep_subduction
7141220,2005-06-02T10:56:00,-66.97,-24.206,188.6,6.03,mw,9.0,61.0,-87.0,183.0,29.0,-95.0,44.96749938981408,276.79421164354795,4.9380123447439,11.74503222108342,44.607960540198015,106.6339535801801,-1.07,-0.18,1.25,-0.13,-0.7,0.15,gem,919_gem,deep_subduction
C200506021056A,2005-06-02T10:56:03,-67.21,-24.35,193.2,5.7,mw,183.0,29.0,-95.0,9.0,61.0,-87.0,16.0,97.0,3.0,187.0,74.0,287.0,-1.07e+18,-1.76e+17,1.25e+18,-1.32e+17,-7.01e+17,1.52e+17,gcmt,919_gcmt,deep_subduction
7142375,2005-06-08T02:39:34,-68.967,-28.378,115.1,5.15,mw,1.0,32.0,120.0,147.0,63.0,73.0,35.76607402390058,23.24573276260781,24.963941748385164,132.83897169187878,43.86879652541973,249.423186074373,5.7,-0.84,-4.85,3.19,-2.38,0.89,gem,920_gem,deep_subduction
C200506080239A,2005-06-08T02:39:35,-69.02,-28.42,122.0,5.1,mwc,1.0,32.0,120.0,147.0,63.0,73.0,68.0,24.0,15.0,155.0,16.0,250.0,,,,,,,us,920_us,deep_subduction
C200506080239A,2005-06-08T02:39:39,-69.29,-28.52,134.5,5.1,mw,1.0,32.0,120.0,147.0,63.0,73.0,68.0,24.0,15.0,155.0,16.0,250.0,5.7e+16,-8450000000000000.0,-4.85e+16,3.19e+16,-2.38e+16,8930000000000000.0,gcmt,920_gcmt,deep_subduction
C200506080239A,2005-06-08T02:39:39,-69.29,-28.52,134.5,5.1,mw,1.0,32.0,120.0,147.0,63.0,73.0,68.0,24.0,15.0,155.0,16.0,250.0,5.7e+16,-8450000000000000.0,-4.85e+16,3.19e+16,-2.38e+16,8930000000000000.0,gcmt,920_gcmtb,deep_subduction
7143508,2005-06-13T22:44:32,-69.104,-19.962,105.0,7.76,mw,182.0,23.0,-81.0,352.0,67.0,-94.0,44.93742584546371,85.1378437533478,4.982927929709615,350.14690509792484,44.63029755041877,255.2093221254064,-3.7,-0.27,3.97,0.61,-3.63,-0.24,gem,921_gem,deep_subduction
C200506132244A,2005-06-13T22:44:40,-69.23,-20.02,94.5,6.8,mw,182.0,23.0,-81.0,352.0,67.0,-94.0,22.0,85.0,4.0,354.0,68.0,255.0,-3.7e+20,-2.72e+19,3.97e+20,6.15e+19,-3.63e+20,-2.36e+19,gcmt,922_gcmt,deep_subduction
7144398,2005-06-21T05:11:17,-68.98,-20.055,97.6,5.45,mw,158.0,23.0,-104.0,354.0,67.0,-84.0,44.84924545707101,78.67103266710598,7.585014656422836,176.28299819486892,44.15235177231571,273.7109509250555,-1.34,0.1,1.24,0.07,-1.31,-0.31,gem,923_gem,deep_subduction
C200506210511A,2005-06-21T05:11:22,-69.3,-20.14,120.9,5.4,mw,158.0,23.0,-104.0,354.0,67.0,-84.0,22.0,79.0,6.0,171.0,67.0,274.0,-1.34e+17,9800000000000000.0,1.24e+17,6600000000000000.0,-1.31e+17,-3.12e+16,gcmt,923_gcmt,deep_subduction
C200507131206A,2005-07-13T12:06:17,-70.41,-17.95,101.5,5.6,mw,118.0,33.0,-113.0,325.0,60.0,-75.0,14.0,45.0,13.0,138.0,71.0,269.0,-3.87e+17,2.18e+17,1.69e+17,8.76e+16,-2.16e+17,-2.42e+17,gcmt,924_gcmt,deep_subduction
7364042,2005-07-15T01:07:15,-68.977,-19.199,122.3,5.21,mw,227.0,20.0,-24.0,340.0,82.0,-109.0,42.78066732834018,85.40617643934326,18.88744733106937,336.9485557508484,41.202073518727694,229.518843361278,-2.45,-0.85,3.3,3.23,-6.79,1.58,gem,925_gem,deep_subduction
C200507150107A,2005-07-15T01:07:19,-69.27,-19.28,138.5,5.0,mw,227.0,20.0,-24.0,340.0,82.0,-109.0,34.0,86.0,18.0,343.0,50.0,230.0,-2.45e+16,-8530000000000000.0,3.3e+16,3.23e+16,-6.79e+16,1.58e+16,gcmt,925_gcmt,deep_subduction
7396134,2005-08-06T07:36:27,-69.574,-17.509,128.3,5.37,mw,190.0,30.0,-43.0,319.0,70.0,-113.0,42.58880766775544,66.15496924154519,26.946774328107114,308.2974819959804,35.46735103523861,197.0639692868882,-0.89,-0.11,1.0,0.85,-0.61,-0.31,gem,927_gem,deep_subduction
C200508060736A,2005-08-06T07:36:32,-69.74,-17.58,149.2,5.4,mw,190.0,30.0,-43.0,319.0,70.0,-113.0,22.0,66.0,21.0,327.0,59.0,197.0,-8.87e+16,-1.14e+16,1e+17,8.48e+16,-6.13e+16,-3.07e+16,gcmt,927_gcmt,deep_subduction
7396427,2005-08-14T02:39:39,-69.106,-19.822,110.8,5.76,mw,165.0,17.0,-93.0,348.0,73.0,-89.0,44.99569595000334,77.40256024089416,1.0569102754214397,168.45949155969947,44.98480989729443,259.51602128071283,-2.8,-0.28,3.08,0.89,-4.43,-0.81,gem,928_gem,deep_subduction
C200508140239A,2005-08-14T02:39:42,-69.36,-19.89,129.1,5.7,mw,165.0,17.0,-93.0,348.0,73.0,-89.0,28.0,78.0,1.0,168.0,62.0,260.0,-2.8e+17,-2.83e+16,3.08e+17,8.87e+16,-4.43e+17,-8.11e+16,gcmt,928_gcmt,deep_subduction
C200509191320A,2005-09-19T13:21:02,-69.14,-20.04,104.5,5.1,mw,199.0,52.0,-19.0,301.0,75.0,-140.0,15.0,65.0,48.0,318.0,38.0,167.0,-1.45e+16,-1.24e+16,2.68e+16,1.28e+16,-9360000000000000.0,-2.04e+16,gcmt,930_gcmt,deep_subduction
7704023,2005-10-17T19:23:01,-69.396,-17.904,117.1,5.73,mw,238.0,22.0,-27.0,353.0,80.0,-110.0,42.57071497425786,99.76021796127554,20.59290355864868,349.5692162978383,40.31743540166877,240.97629728945992,-1.42,-0.61,2.03,0.69,-4.3,1.36,gem,932_gem,deep_subduction
C200510171923A,2005-10-17T19:23:04,-69.87,-17.98,134.0,5.6,mw,238.0,22.0,-27.0,353.0,80.0,-110.0,33.0,99.0,19.0,356.0,51.0,241.0,-1.42e+17,-6.1e+16,2.03e+17,6.889999999999999e+16,-4.3e+17,1.3600000000000002e+17,gcmt,932_gcmt,deep_subduction
7704442,2005-10-23T04:49:15,-68.499,-21.827,112.8,5.48,mw,5.0,89.0,-98.0,268.0,8.0,-7.0,44.46378287413224,282.79135124175025,8.003586001460668,184.859380921208,44.42538797220863,86.93810444638814,-0.1,0.11,0.0,-0.17,-2.03,0.28,gem,933_gem,deep_subduction
C200510230449A,2005-10-23T04:49:21,-68.81,-21.85,135.1,5.4,mw,268.0,8.0,-7.0,5.0,89.0,-98.0,43.0,103.0,8.0,5.0,45.0,267.0,-9800000000000000.0,1.07e+16,-800000000000000.0,-1.66e+16,-2.03e+17,2.85e+16,gcmt,933_gcmt,deep_subduction
C200511132318A,2005-11-13T23:18:39,-69.67,-18.84,112.0,5.1,mw,349.0,27.0,148.0,108.0,76.0,67.0,53.0,350.0,23.0,113.0,28.0,216.0,8650000000000000.0,-6540000000000000.0,-2110000000000000.0,1.88e+16,-7720000000000000.0,1.47e+16,gcmt,934_gcmt,deep_subduction
7750086,2005-11-17T19:26:55,-67.812,-22.38,153.1,6.79,mw,7.0,77.0,-68.0,126.0,26.0,-149.0,42.28219377117646,259.4283629035312,23.546459116532365,12.774126493814435,38.51439269643081,123.06653303690848,-0.7,-0.36,1.07,-0.24,-1.56,-0.58,gem,935_gem,deep_subduction
C200511171926A,2005-11-17T19:27:00,-68.13,-22.46,155.3,6.0,mw,126.0,26.0,-149.0,7.0,77.0,-68.0,29.0,79.0,22.0,182.0,53.0,304.0,-7.03e+18,-3.65e+18,1.07e+19,-2.36e+18,-1.56e+19,-5.79e+18,gcmt,935_gcmt,deep_subduction
7996791,2005-12-15T12:59:28,-66.733,-23.825,228.1,5.03,mw,3.0,47.0,-94.0,189.0,43.0,-86.0,44.96262814566814,275.82887974172894,31.183148671082574,148.64099996225434,28.832172942275115,39.18000934691929,-4.22,-0.33,4.55,0.17,-0.33,0.49,gem,938_gem,deep_subduction
C200512151259A,2005-12-15T12:59:31,-66.59,-23.95,228.1,5.0,mw,189.0,43.0,-86.0,3.0,47.0,-94.0,2.0,96.0,3.0,5.0,86.0,219.0,-4.22e+16,-3310000000000000.0,4.55e+16,1719999999999999.8,-3290000000000000.0,4900000000000000.0,gcmt,938_gcmt,deep_subduction
7997143,2005-12-21T23:31:35,-67.009,-24.119,169.4,5.04,mw,21.0,72.0,-76.0,161.0,23.0,-127.0,44.034064236857965,280.0541801654538,16.266318175757803,26.440146215956247,41.46148575414652,131.37958065209773,-2.65,-0.23,2.88,-1.62,-3.19,-0.01,gem,940_gem,deep_subduction
C200512212331A,2005-12-21T23:31:42,-67.11,-24.21,196.5,5.0,mw,161.0,23.0,-127.0,21.0,72.0,-76.0,26.0,100.0,13.0,196.0,61.0,311.0,-2.65e+16,-2340000000000000.0,2.88e+16,-1.6200000000000002e+16,-3.19e+16,-80000000000000.0,gcmt,940_gcmt,deep_subduction
C200512281221A,2005-12-28T12:22:04,-69.11,-20.05,127.9,5.0,mw,217.0,49.0,-52.0,347.0,54.0,-125.0,3.0,101.0,28.0,9.0,62.0,196.0,-2.71e+16,-3160000000000000.0,3.03e+16,1.55e+16,-5679999999999999.0,7430000000000000.0,gcmt,942_gcmt,deep_subduction
8029745,2006-01-04T13:01:32,-66.254,-22.836,241.2,5.44,mw,168.0,88.0,119.0,261.0,29.0,3.0,37.7610330656303,284.5828415453785,29.03989885416877,169.11096031330305,38.60861537689011,52.792321846917446,0.15,-0.65,0.49,0.02,-1.65,0.72,gem,944_gem,deep_subduction
C200602051803A,2006-02-05T18:03:29,-68.17,-23.92,145.9,5.0,mw,127.0,35.0,-116.0,338.0,59.0,-73.0,12.0,56.0,14.0,149.0,71.0,287.0,-2.66e+16,7460000000000000.0,1.92e+16,2500000000000000.0,-1.5e+16,-1.9e+16,gcmt,947_gcmt,deep_subduction
10595363,2006-03-01T20:21:42,-69.269,-18.407,118.6,5.07,mw,16.0,76.0,-44.0,119.0,47.0,-161.0,34.223528346132966,253.71058939102784,47.5901263992459,31.84015425185811,21.851601144443627,147.88134423936765,-1.81,-1.9,3.71,-1.21,-2.74,-2.5,gem,949_gem,deep_subduction
C200603012021A,2006-03-01T20:21:48,-69.39,-18.22,140.9,5.2,mw,119.0,47.0,-161.0,16.0,76.0,-44.0,18.0,74.0,44.0,182.0,41.0,328.0,-1.81e+16,-1.9e+16,3.71e+16,-1.21e+16,-2.7400000000000004e+16,-2.5e+16,gcmt,949_gcmt,deep_subduction
200605090902A,2006-05-09T09:02:00,-70.04,-32.85,126.0,5.0,mw,270.0,44.0,-29.0,22.0,70.0,-130.0,16.0,140.0,,,48.0,248.0,,,,,,,gmt,971_gmt,deep_subduction
8494679,2006-05-09T09:02:25,-69.666,-32.476,121.2,5.04,mw,22.0,70.0,-130.0,270.0,44.0,-29.0,37.924831111224336,320.1423568559946,43.9465039826271,181.46216595026195,22.023598715115803,68.51406855781505,-2.25,2.11,0.14,-0.53,-2.51,3.14,gem,971_gem,deep_subduction
C200605090902A,2006-05-09T09:02:26,-70.04,-32.85,126.1,5.1,mw,270.0,44.0,-29.0,22.0,70.0,-130.0,16.0,140.0,37.0,37.0,48.0,248.0,-2.25e+16,2.11e+16,1409999999999999.8,-5280000000000000.0,-2.51e+16,3.14e+16,gcmt,971_gcmt,deep_subduction
C200605090902A,2006-05-09T09:02:26,-70.04,-32.85,126.1,5.1,mw,270.0,44.0,-29.0,22.0,70.0,-130.0,16.0,140.0,37.0,37.0,48.0,248.0,-2.25e+16,2.11e+16,1409999999999999.8,-5280000000000000.0,-2.51e+16,3.14e+16,gcmt,971_gcmtb,deep_subduction
C200605090902A,2006-05-09T09:02:26,-69.41,-32.44,125.8,5.0,mwc,270.0,44.0,-29.0,22.0,70.0,-130.0,16.0,140.0,37.0,37.0,48.0,248.0,,,,,,,us,971_us,deep_subduction
8338992,2006-05-14T17:05:02,-68.787,-21.131,103.8,5.24,mw,219.0,28.0,-36.0,341.0,74.0,-114.0,42.2170053125985,89.70083864241951,25.78182932903641,333.70893901412944,36.829210739161134,222.5021457710964,-0.42,-0.21,0.63,0.29,-0.64,0.12,gem,974_gem,deep_subduction
C200605141705A,2006-05-14T17:05:06,-69.14,-21.25,125.2,5.0,mw,219.0,28.0,-36.0,341.0,74.0,-114.0,25.0,89.0,23.0,348.0,55.0,222.0,-4.21e+16,-2.09e+16,6.3e+16,2.92e+16,-6.42e+16,1.25e+16,gcmt,974_gcmt,deep_subduction
8747178,2006-06-06T13:57:48,-69.267,-20.782,87.0,4.99,mw,168.0,20.0,-100.0,358.0,70.0,-86.0,44.93812079730065,85.80137304588146,4.4000293496532095,180.2048939128661,44.72463839385484,274.5756575186323,-2.74,0.57,2.17,-0.03,-2.98,-0.26,gem,981_gem,deep_subduction
8496012,2006-06-27T02:07:33,-68.536,-22.463,112.9,5.47,mw,156.0,11.0,-110.0,356.0,80.0,-86.0,44.90975713229797,83.0785470636248,3.9980888660433296,177.0737797345039,44.81170798427557,271.05533962994605,-0.62,-0.06,0.68,0.12,-1.83,-0.18,gem,982_gem,deep_subduction
C200606270207A,2006-06-27T02:07:37,-68.92,-22.51,133.6,5.5,mw,156.0,11.0,-110.0,356.0,80.0,-86.0,35.0,83.0,4.0,175.0,55.0,270.0,-6.25e+16,-5900000000000000.0,6.840000000000001e+16,1.21e+16,-1.83e+17,-1.78e+16,gcmt,982_gcmt,deep_subduction
8505503,2006-06-27T11:24:35,-68.586,-21.302,116.2,5.45,mw,189.0,19.0,-56.0,333.0,74.0,-101.0,44.37130386445664,72.25041905753358,12.222508604557362,330.01573297140163,43.05913017045048,228.3372962953782,-1.02,-0.0,1.03,0.82,-1.35,-0.13,gem,983_gem,deep_subduction
C200606271124A,2006-06-27T11:24:40,-68.89,-21.42,133.7,5.5,mw,189.0,19.0,-56.0,333.0,74.0,-101.0,28.0,72.0,11.0,336.0,59.0,228.0,-1.02e+17,-200000000000000.0,1.03e+17,8.24e+16,-1.3500000000000002e+17,-1.26e+16,gcmt,983_gcmt,deep_subduction
8505812,2006-07-03T16:07:14,-66.537,-27.922,162.5,5.12,mw,177.0,57.0,-21.0,279.0,72.0,-145.0,31.24712756691897,44.91758807416761,55.95842333992889,251.00400123193657,12.14862481640655,142.42265235276489,-2.4,0.75,1.65,2.56,0.43,-5.02,gem,984_gem,deep_subduction
10699322,2006-07-08T09:13:00,-67.321,-28.484,138.7,5.47,mw,159.0,37.0,-68.0,312.0,56.0,-106.0,44.2300383078155,53.40671032365742,29.811066031839665,289.50527748095004,31.06633079908209,179.31287986093344,-1.74,0.5,1.24,0.73,-0.28,-0.99,gem,985_gem,deep_subduction
C200607080913A,2006-07-08T09:13:01,-67.39,-28.56,140.1,5.5,mwc,159.0,37.0,-68.0,312.0,56.0,-106.0,10.0,53.0,13.0,321.0,73.0,179.0,,,,,,,us,985_us,deep_subduction
C200607080913A,2006-07-08T09:13:05,-67.38,-28.69,152.5,5.1,mw,159.0,37.0,-68.0,312.0,56.0,-106.0,10.0,53.0,13.0,321.0,73.0,179.0,-1.74e+17,5.01e+16,1.24e+17,7.31e+16,-2.7800000000000004e+16,-9.87e+16,gcmt,985_gcmtb,deep_subduction
C200607080913A,2006-07-08T09:13:05,-67.38,-28.69,152.5,5.1,mw,159.0,37.0,-68.0,312.0,56.0,-106.0,10.0,53.0,13.0,321.0,73.0,179.0,-1.74e+17,5.01e+16,1.24e+17,7.31e+16,-2.7800000000000004e+16,-9.87e+16,gcmt,985_gcmt,deep_subduction
8652122,2006-08-20T02:51:13,-68.405,-29.018,106.6,5.03,mw,156.0,60.0,-47.0,274.0,51.0,-140.0,38.834135730117474,37.02652932072096,49.75019381278517,199.00000000000003,8.960390057333624,299.7343405082028,-2.82,2.45,0.37,0.49,1.85,-3.08,gem,992_gem,deep_subduction
C200608200251A,2006-08-20T02:51:14,-68.46,-29.12,111.0,5.0,mwc,274.0,51.0,-140.0,156.0,60.0,-47.0,5.0,217.0,37.0,311.0,53.0,120.0,,,,,,,us,992_us,deep_subduction
C200608200251A,2006-08-20T02:51:20,-68.45,-29.29,130.3,5.0,mw,274.0,51.0,-140.0,156.0,60.0,-47.0,5.0,217.0,37.0,311.0,53.0,120.0,-2.82e+16,2.45e+16,3760000000000000.0,4950000000000000.0,1.85e+16,-3.08e+16,gcmt,992_gcmtb,deep_subduction
C200608200251A,2006-08-20T02:51:20,-68.45,-29.29,130.3,5.0,mw,274.0,51.0,-140.0,156.0,60.0,-47.0,5.0,217.0,37.0,311.0,53.0,120.0,-2.82e+16,2.45e+16,3760000000000000.0,4950000000000000.0,1.85e+16,-3.08e+16,gcmt,992_gcmt,deep_subduction
10700054,2006-08-25T00:44:45,-66.958,-24.373,184.0,6.58,mw,194.0,36.0,-48.0,326.0,64.0,-115.0,42.40000527112465,74.63064535196042,33.77651036467587,306.98744500266287,29.0803279206416,195.14995078211103,-0.62,-0.16,0.77,0.39,-0.34,-0.19,gem,993_gem,deep_subduction
C200608250044A,2006-08-25T00:44:51,-67.18,-24.44,185.8,6.6,mw,194.0,36.0,-48.0,326.0,64.0,-115.0,16.0,74.0,23.0,338.0,62.0,196.0,-6.17e+18,-1.59e+18,7.76e+18,3.93e+18,-3.37e+18,-1.91e+18,gcmt,993_gcmt,deep_subduction
8659530,2006-08-31T16:20:34,-67.142,-24.299,175.4,5.12,mw,187.0,31.0,-67.0,340.0,62.0,-104.0,44.35993549523066,80.32044013321843,20.207331506251148,329.2238985277318,38.75447885802908,222.0389168304048,-4.82,-0.41,5.23,1.66,-2.83,-0.66,gem,994_gem,deep_subduction
C200608311620A,2006-08-31T16:20:38,-67.35,-24.47,190.3,5.0,mw,187.0,31.0,-67.0,340.0,62.0,-104.0,16.0,80.0,12.0,347.0,70.0,221.0,-4.82e+16,-4050000000000001.0,5.230000000000001e+16,1.66e+16,-2.83e+16,-6580000000000000.0,gcmt,994_gcmt,deep_subduction
8652836,2006-09-04T00:34:05,-66.775,-23.969,180.0,5.09,mw,197.0,22.0,-73.0,358.0,69.0,-97.0,44.79351668394313,93.9489907252655,8.425797583925917,355.492204142299,43.976089775724034,257.27504128700286,-3.76,0.23,3.53,0.39,-3.95,0.49,gem,997_gem,deep_subduction
C200609040034A,2006-09-04T00:34:12,-66.9,-24.09,216.5,5.0,mw,197.0,22.0,-73.0,358.0,69.0,-97.0,23.0,94.0,6.0,1.0,66.0,257.0,-3.76e+16,2310000000000000.0,3.53e+16,3910000000000000.0,-3.95e+16,4890000000000000.0,gcmt,997_gcmt,deep_subduction
8663837,2006-09-09T00:09:08,-66.807,-23.892,219.0,4.97,mw,27.0,46.0,-88.0,204.0,44.0,-92.0,44.990966964508935,295.5857222039861,30.584264283965243,61.80246050907584,29.41932969844846,171.27103272541228,-3.78,0.95,2.83,-0.12,-0.06,1.16,gem,998_gem,deep_subduction
8663875,2006-09-10T11:17:44,-66.347,-22.889,248.8,5.14,mw,8.0,83.0,-77.0,126.0,15.0,-150.0,43.84397451906809,266.55664201287857,13.282263181595765,9.66094559404644,43.130063374612966,112.43673507834194,-0.79,-2.0,2.79,-0.43,-6.1,-0.89,gem,999_gem,deep_subduction
pde20060912133055660_114,2006-09-12T13:30:55,-68.898,-28.944,114.0,6.0,mwb,155.0,65.0,-90.0,335.0,25.0,-90.0,44.99999999999999,65.0,2.5444437451708128e-14,155.0,44.99999999999999,245.00000000000003,,,,,,,us,1001_us,deep_subduction
11121520,2006-09-12T13:30:55,-68.863,-28.892,110.7,5.91,mw,156.0,66.0,-78.0,309.0,27.0,-115.0,44.401486643340725,56.99116488216623,16.05609611954881,163.36207421690096,41.20450144046976,267.9576356152366,-0.6,0.14,0.45,-0.21,0.55,-0.46,gem,1001_gem,deep_subduction
11121520,2006-09-12T13:30:55,-68.898,-28.944,114.0,6.0,mw,154.0,69.0,-81.0,311.0,22.0,-111.0,24.0,237.0,8.0,331.0,65.0,78.0,0.0,0.0,0.0,0.0,0.0,0.0,neic,1001_neic,deep_subduction
C200609121330A,2006-09-12T13:30:59,-69.13,-29.19,113.7,6.0,mw,309.0,27.0,-115.0,156.0,66.0,-78.0,20.0,237.0,11.0,331.0,67.0,88.0,-6.01e+17,1.4299999999999998e+17,4.58e+17,-2.07e+17,5.4900000000000006e+17,-4.61e+17,gcmt,1001_gcmtb,deep_subduction
C200609121330A,2006-09-12T13:30:59,-69.13,-29.19,113.7,6.0,mw,309.0,27.0,-115.0,156.0,66.0,-78.0,20.0,237.0,11.0,331.0,67.0,88.0,-6.01e+17,1.4299999999999998e+17,4.58e+17,-2.07e+17,5.4900000000000006e+17,-4.61e+17,gcmt,1001_gcmt,deep_subduction
200609170934A,2006-09-17T09:34:00,-67.15,-31.9,146.0,6.2,mw,147.0,17.0,-147.0,25.0,81.0,-76.0,34.0,103.0,,,52.0,312.0,,,,,,,gmt,1002_gmt,deep_subduction
8715487,2006-09-17T09:34:13,-66.966,-31.66,138.6,6.17,mw,25.0,81.0,-76.0,147.0,17.0,-147.0,43.741267614729225,283.013529512266,14.505172043749758,27.348423983844327,42.66134206120958,131.14121797483762,-0.76,-0.14,0.9,-1.01,-1.77,-0.2,gem,1002_gem,deep_subduction
8715487,2006-09-17T09:34:13,-67.145,-31.733,137.0,6.2,mw,26.0,80.0,-55.0,130.0,37.0,-163.0,26.0,89.0,35.0,199.0,44.0,330.0,-72000000000.0,-87000000000.0,159000000000.0,-125000000000.0,-155000000000.0,-70000000000.0,neic,1002_neic,deep_subduction
C200609170934A,2006-09-17T09:34:17,-67.15,-31.9,146.1,6.2,mw,147.0,17.0,-147.0,25.0,81.0,-76.0,34.0,103.0,14.0,203.0,52.0,312.0,-7.6e+17,-1.4299999999999998e+17,9.03e+17,-1.01e+18,-1.77e+18,-2.03e+17,gcmt,1002_gcmt,deep_subduction
C200609170934A,2006-09-17T09:34:17,-67.15,-31.9,146.1,6.2,mw,147.0,17.0,-147.0,25.0,81.0,-76.0,34.0,103.0,14.0,203.0,52.0,312.0,-7.6e+17,-1.4299999999999998e+17,9.03e+17,-1.01e+18,-1.77e+18,-2.03e+17,gcmt,1002_gcmtb,deep_subduction
8751322,2006-09-20T04:12:06,-69.378,-19.034,101.7,5.03,mw,111.0,29.0,-150.0,354.0,76.0,-64.0,41.44455053564613,64.20322174506191,27.61948809338168,181.7197511620712,36.08917905725792,294.1394136854853,-1.78,0.05,1.73,0.18,-3.48,-2.15,gem,1003_gem,deep_subduction
C200609200412A,2006-09-20T04:12:11,-69.67,-18.91,125.0,5.0,mw,111.0,29.0,-150.0,354.0,76.0,-64.0,26.0,64.0,25.0,167.0,52.0,294.0,-1.78e+16,510000000000000.0,1.73e+16,1800000000000000.0,-3.48e+16,-2.15e+16,gcmt,1003_gcmt,deep_subduction
200609242108A,2006-09-24T21:08:00,-67.18,-31.89,152.0,5.7,mw,122.0,34.0,-131.0,348.0,65.0,-66.0,17.0,61.0,,,62.0,296.0,,,,,,,gmt,1004_gmt,deep_subduction
11121679,2006-09-24T21:08:41,-67.049,-31.778,137.3,5.64,mw,122.0,34.0,-131.0,348.0,65.0,-66.0,42.72924423367394,60.97305710712635,30.89983431738971,184.5344880266149,31.68385976649252,296.2129968572107,-3.0,1.68,1.32,-0.96,-2.55,-0.93,gem,1004_gem,deep_subduction
C200609242108A,2006-09-24T21:08:43,-67.18,-31.89,151.6,5.7,mw,122.0,34.0,-131.0,348.0,65.0,-66.0,17.0,61.0,21.0,158.0,62.0,296.0,-3e+17,1.68e+17,1.32e+17,-9.57e+16,-2.55e+17,-9.25e+16,gcmt,1004_gcmt,deep_subduction
C200609242108A,2006-09-24T21:08:43,-67.18,-31.89,151.6,5.7,mw,122.0,34.0,-131.0,348.0,65.0,-66.0,17.0,61.0,21.0,158.0,62.0,296.0,-3e+17,1.68e+17,1.32e+17,-9.57e+16,-2.55e+17,-9.25e+16,gcmt,1004_gcmtb,deep_subduction
C200609242108A,2006-09-24T21:08:49,-67.69,-32.23,141.0,5.6,mwc,122.0,34.0,-131.0,348.0,65.0,-66.0,17.0,61.0,21.0,158.0,62.0,296.0,,,,,,,us,1004_us,deep_subduction
11121679,2006-09-24T21:08:49,-67.687,-32.228,141.0,5.7,mw,104.0,48.0,-145.0,349.0,65.0,-48.0,10.0,50.0,38.0,148.0,51.0,308.0,-27000000000.000004,12000000000.0,14900000000.0,-9000000000.0,-24600000000.0,-32000000000.0,neic,1004_neic,deep_subduction
8857953,2006-10-07T08:20:56,-69.12,-24.119,101.2,5.73,mw,132.0,35.0,-101.0,326.0,55.0,-82.0,44.82150514740159,49.8853237279655,16.46371146839367,156.96427047017926,40.55872167952048,261.6150085765693,-4.64,2.05,2.58,0.61,-1.65,-2.03,gem,1005_gem,deep_subduction
C200610070820A,2006-10-07T08:21:00,-69.27,-24.13,120.9,5.7,mw,132.0,35.0,-101.0,326.0,55.0,-82.0,10.0,50.0,6.0,141.0,78.0,263.0,-4.64e+17,2.05e+17,2.58e+17,6.12e+16,-1.65e+17,-2.03e+17,gcmt,1005_gcmt,deep_subduction
8822990,2006-10-13T10:28:42,-69.374,-18.12,118.9,5.26,mw,206.0,27.0,-58.0,351.0,68.0,-105.0,44.01641621265543,92.34215212981115,19.31019066231273,342.552602519972,39.68766093754829,235.64819238829625,-0.67,-0.02,0.69,0.21,-0.65,0.12,gem,1008_gem,deep_subduction
C200610131028A,2006-10-13T10:28:49,-69.57,-18.22,142.1,5.1,mw,206.0,27.0,-58.0,351.0,68.0,-105.0,21.0,92.0,14.0,357.0,64.0,237.0,-6.720000000000001e+16,-2100000000000000.0,6.929999999999999e+16,2.09e+16,-6.47e+16,1.23e+16,gcmt,1008_gcmt,deep_subduction
8823040,2006-10-14T15:18:38,-68.255,-22.97,105.5,5.12,mw,120.0,39.0,-130.0,347.0,61.0,-63.0,42.31625510716569,57.69386186067527,37.65086389429418,192.3160205117184,24.626207605166936,303.02710920801195,-4.43,1.24,3.19,-0.66,-3.07,-3.12,gem,1010_gem,deep_subduction
C200610141518A,2006-10-14T15:18:42,-68.77,-23.12,134.7,5.2,mw,120.0,39.0,-130.0,347.0,61.0,-63.0,12.0,58.0,24.0,153.0,63.0,303.0,-4.43e+16,1.24e+16,3.19e+16,-6600000000000000.0,-3.07e+16,-3.12e+16,gcmt,1010_gcmt,deep_subduction
8823137,2006-10-17T04:02:36,-68.424,-21.177,134.6,5.93,mw,170.0,68.0,-18.0,266.0,73.0,-157.0,25.098087833388547,37.63842681988558,64.53538641049533,228.0387920785654,4.030593904404547,129.52979483874515,-0.26,0.34,-0.08,0.27,0.24,-0.85,gem,1012_gem,deep_subduction
C200610170402A,2006-10-17T04:02:44,-68.47,-21.09,149.9,5.9,mw,170.0,68.0,-18.0,266.0,73.0,-157.0,3.0,37.0,62.0,301.0,28.0,129.0,-2.55e+17,3.42e+17,-8.6e+16,2.7300000000000003e+17,2.41e+17,-8.53e+17,gcmt,1012_gcmt,deep_subduction
8859712,2006-10-23T21:00:43,-65.714,-21.878,275.7,5.82,mw,117.0,8.0,-149.0,357.0,86.0,-83.0,44.64297932621403,79.86054677351086,6.921838681753804,176.74667439553775,44.52483033868245,273.6043214697468,-0.76,-0.21,0.96,0.37,-6.38,-0.85,gem,1014_gem,deep_subduction
B200610232100A,2006-10-23T21:00:50,-65.75,-21.77,287.6,5.2,mw,117.0,8.0,-149.0,357.0,86.0,-83.0,41.0,80.0,7.0,176.0,49.0,274.0,-7.59e+16,-2.1e+16,9.69e+16,3.74e+16,-6.38e+17,-8.54e+16,gcmt,1014_gcmt,deep_subduction
8940172,2006-11-04T18:54:33,-69.155,-19.323,113.1,5.09,mw,196.0,34.0,-31.0,313.0,73.0,-120.0,40.52724410765218,65.00347049249524,33.06184392223706,301.18981941078573,31.956311101774208,187.23195806061824,-2.79,-0.97,3.76,3.9,-1.66,-0.98,gem,1015_gem,deep_subduction
8860316,2006-11-07T13:25:35,-68.223,-21.826,118.3,5.59,mw,179.0,87.0,103.0,282.0,13.0,13.0,43.38951335294761,282.35379408050915,13.050928528312667,179.69606721806167,43.68747609819671,76.90359375474367,0.27,0.06,-0.32,0.05,-2.94,0.68,gem,1017_gem,deep_subduction
C200611071325A,2006-11-07T13:25:41,-68.68,-21.85,139.6,5.8,mw,282.0,13.0,13.0,179.0,87.0,103.0,46.0,102.0,13.0,358.0,41.0,257.0,2.67e+16,5900000000000000.0,-3.26e+16,5100000000000000.0,-2.94e+17,6.830000000000001e+16,gcmt,1017_gcmt,deep_subduction
8943651,2006-11-14T22:22:11,-68.456,-23.41,104.1,5.71,mw,143.0,27.0,-111.0,346.0,64.0,-80.0,44.567969959183024,68.57360113602482,14.373324153653412,173.1946242010897,41.89522704888943,276.4852521317336,-3.0,-0.27,3.28,0.54,-2.72,-1.87,gem,1018_gem,deep_subduction
C200611142222A,2006-11-14T22:22:14,-68.76,-23.37,116.1,5.7,mw,143.0,27.0,-111.0,346.0,64.0,-80.0,19.0,69.0,9.0,162.0,69.0,277.0,-3e+17,-2.72e+16,3.28e+17,5.39e+16,-2.7200000000000003e+17,-1.87e+17,gcmt,1018_gcmt,deep_subduction
200701071055A,2007-01-07T10:55:00,-71.23,-35.52,121.0,5.0,mw,199.0,23.0,-83.0,12.0,68.0,-93.0,22.0,104.0,,,68.0,276.0,,,,,,,gmt,1022_gmt,deep_subduction
C200701071055A,2007-01-07T10:55:30,-71.3,-35.41,109.8,5.0,mwc,199.0,23.0,-83.0,12.0,68.0,-93.0,22.0,104.0,3.0,13.0,67.0,276.0,,,,,,,us,1022_us,deep_subduction
C200701071055A,2007-01-07T10:55:33,-71.23,-35.52,121.4,5.0,mw,199.0,23.0,-83.0,12.0,68.0,-93.0,22.0,104.0,3.0,13.0,67.0,276.0,-2.52e+16,3850000000000000.0,2.13e+16,-4110000000000000.0,-2.37e+16,5460000000000000.0,gcmt,1022_gcmtb,deep_subduction
C200701071055A,2007-01-07T10:55:33,-71.23,-35.52,121.4,5.0,mw,199.0,23.0,-83.0,12.0,68.0,-93.0,22.0,104.0,3.0,13.0,67.0,276.0,-2.52e+16,3850000000000000.0,2.13e+16,-4110000000000000.0,-2.37e+16,5460000000000000.0,gcmt,1022_gcmt,deep_subduction
11496211,2007-02-04T10:13:50,-69.32,-17.319,166.3,5.1,mw,221.0,24.0,-37.0,345.0,76.0,-109.0,42.90943960045521,91.14024962767331,21.295638679370704,339.89624525687185,39.49762715702386,231.1549298533085,-2.76,-0.18,2.94,1.94,-4.37,1.13,gem,1026_gem,deep_subduction
200702100603A,2007-02-10T06:03:00,-72.26,-43.26,162.0,5.5,mw,207.0,6.0,117.0,360.0,84.0,87.0,50.0,267.0,,,40.0,92.0,,,,,,,gmt,1028_gmt,deep_subduction
C200702100603A,2007-02-10T06:03:02,-71.56,-42.98,157.3,5.5,mwc,207.0,6.0,117.0,360.0,84.0,87.0,51.0,266.0,3.0,0.0,39.0,92.0,,,,,,,us,1028_us,deep_subduction
11499871,2007-02-10T06:03:02,-71.707,-43.012,157.7,5.53,mw,207.0,6.0,117.0,360.0,84.0,87.0,44.92081702033365,266.84984558335515,2.767934396992118,359.61336065514075,44.94556912091532,92.37926633006106,0.23,0.52,-0.74,0.01,2.41,-0.12,gem,1028_gem,deep_subduction
C200702100603A,2007-02-10T06:03:05,-72.26,-43.26,162.3,5.0,mw,207.0,6.0,117.0,360.0,84.0,87.0,51.0,266.0,3.0,0.0,39.0,92.0,2.31e+16,5.17e+16,-7.48e+16,1500000000000000.0,2.41e+17,-1.24e+16,gcmt,1028_gcmt,deep_subduction
C200702100603A,2007-02-10T06:03:05,-72.26,-43.26,162.3,5.0,mw,207.0,6.0,117.0,360.0,84.0,87.0,51.0,266.0,3.0,0.0,39.0,92.0,2.31e+16,5.17e+16,-7.48e+16,1500000000000000.0,2.41e+17,-1.24e+16,gcmt,1028_gcmtb,deep_subduction
200703201759A,2007-03-20T17:59:00,-67.19,-31.92,146.0,5.2,mw,168.0,19.0,-125.0,24.0,75.0,-79.0,29.0,106.0,,,59.0,310.0,,,,,,,gmt,1034_gmt,deep_subduction
11700513,2007-03-20T17:59:47,-66.963,-31.688,134.7,5.16,mw,24.0,75.0,-79.0,168.0,19.0,-125.0,44.347181991210704,285.11083156264544,12.212616885142562,27.324701613849584,43.08740176232905,129.00496693604924,-3.39,-0.39,3.78,-2.69,-5.15,0.44,gem,1034_gem,deep_subduction
11706029,2007-03-26T21:00:24,-69.418,-19.541,101.4,5.06,mw,125.0,38.0,-127.0,349.0,60.0,-65.0,42.78200976317083,60.79854512659807,35.88734491487401,192.833667855986,26.20885188537722,303.6985915577898,-3.4,0.17,3.23,-0.02,-2.13,-2.95,gem,1038_gem,deep_subduction
C200703262100A,2007-03-26T21:00:28,-69.42,-19.34,132.7,5.0,mw,125.0,38.0,-127.0,349.0,60.0,-65.0,12.0,61.0,22.0,155.0,65.0,304.0,-3.4e+16,1680000000000000.0,3.23e+16,-160000000000000.0,-2.13e+16,-2.95e+16,gcmt,1038_gcmt,deep_subduction
11923207,2007-04-12T02:59:05,-69.511,-18.78,101.6,5.16,mw,196.0,44.0,-56.0,332.0,55.0,-119.0,42.633263398520526,82.58058423551978,43.9261327020439,290.114082371336,14.178637942878504,186.03002778983225,-5.26,-1.96,7.23,1.89,-1.06,-1.09,gem,1046_gem,deep_subduction
C200704120259A,2007-04-12T02:59:10,-69.67,-18.88,128.5,5.2,mw,196.0,44.0,-56.0,332.0,55.0,-119.0,6.0,82.0,23.0,350.0,66.0,186.0,-5.26e+16,-1.96e+16,7.23e+16,1.89e+16,-1.06e+16,-1.09e+16,gcmt,1046_gcmt,deep_subduction
11928099,2007-04-18T01:08:11,-66.689,-24.118,204.7,5.61,mw,232.0,41.0,-31.0,346.0,71.0,-126.0,38.95561249932242,102.6331179760387,40.82698874685289,328.3227192263099,24.90133790374275,214.67703295524632,-1.59,-0.77,2.36,1.03,-1.76,1.18,gem,1047_gem,deep_subduction
C200704180108A,2007-04-18T01:08:15,-66.9,-24.2,218.1,5.2,mw,232.0,41.0,-31.0,346.0,71.0,-126.0,18.0,102.0,34.0,360.0,51.0,215.0,-1.59e+17,-7.71e+16,2.36e+17,1.03e+17,-1.76e+17,1.18e+17,gcmt,1047_gcmt,deep_subduction
C200704191632A,2007-04-19T16:32:06,-67.65,-28.33,133.0,4.9,mwc,122.0,41.0,-112.0,331.0,52.0,-71.0,6.0,48.0,15.0,139.0,74.0,297.0,,,,,,,us,1048_us,deep_subduction
12645159,2007-05-01T03:52:19,-68.453,-21.394,114.1,5.47,mw,156.0,23.0,-73.0,317.0,68.0,-97.0,44.77849941528834,53.04559074718611,9.055866987895572,313.9456801292502,43.80170581257916,215.1533826486608,-1.3,0.37,0.93,1.01,-0.97,-0.73,gem,1052_gem,deep_subduction
C200705010352A,2007-05-01T03:52:25,-68.8,-21.44,137.1,5.5,mw,156.0,23.0,-73.0,317.0,68.0,-97.0,23.0,52.0,7.0,320.0,66.0,214.0,-1.3e+17,3.66e+16,9.32e+16,1.01e+17,-9.69e+16,-7.32e+16,gcmt,1052_gcmt,deep_subduction
12658655,2007-05-19T16:26:05,-68.583,-28.587,107.2,5.03,mw,117.0,52.0,-118.0,338.0,46.0,-59.0,42.88639855894208,46.4206117833707,45.82861522732596,243.4653088324117,8.606775137029938,144.5021613376377,-3.55,1.58,1.98,-1.14,-0.44,-2.97,gem,1053_gem,deep_subduction
C200705191626A,2007-05-19T16:26:05,-68.7,-28.76,111.9,5.0,mwc,338.0,46.0,-59.0,117.0,52.0,-118.0,3.0,226.0,22.0,135.0,68.0,324.0,,,,,,,us,1053_us,deep_subduction
12663046,2007-05-25T17:47:30,-67.098,-24.259,173.4,5.89,mw,211.0,22.0,-33.0,331.0,78.0,-109.0,42.94674726905623,77.3641157634097,19.840321545579684,327.7404195034653,40.43212926638374,219.8360820064217,-2.75,-2.34,5.09,3.47,-6.41,-0.57,gem,1055_gem,deep_subduction
C200705251747A,2007-05-25T17:47:35,-67.36,-24.33,188.5,5.9,mw,211.0,22.0,-33.0,331.0,78.0,-109.0,31.0,77.0,19.0,335.0,53.0,219.0,-2.75e+17,-2.34e+17,5.09e+17,3.47e+17,-6.41e+17,-5.679999999999999e+16,gcmt,1055_gcmt,deep_subduction
12679880,2007-06-14T10:41:58,-68.962,-23.055,101.0,5.5,mw,168.0,20.0,-94.0,353.0,70.0,-88.0,44.99006431597228,81.1207787089973,1.781690129194462,172.90271257761424,44.95454944484322,264.68243803450764,-1.15,-0.52,1.66,0.2,-1.68,-0.34,gem,1056_gem,deep_subduction
C200706141041A,2007-06-14T10:42:02,-69.16,-23.03,113.8,5.5,mw,168.0,20.0,-94.0,353.0,70.0,-88.0,25.0,82.0,2.0,173.0,65.0,266.0,-1.1499999999999998e+17,-5.16e+16,1.66e+17,2.04e+16,-1.68e+17,-3.3600000000000004e+16,gcmt,1056_gcmt,deep_subduction
12689942,2007-06-28T00:12:13,-67.037,-24.312,163.5,4.96,mw,19.0,65.0,-69.0,156.0,32.0,-128.0,43.236924577214985,273.5978494879801,27.68956189904789,33.164615724859345,34.13132766187115,144.00225255706732,-2.66,-0.04,2.7,-1.41,-1.82,-0.25,gem,1058_gem,deep_subduction
200707111512A,2007-07-11T15:12:00,-70.3,-32.67,116.0,5.1,mw,150.0,50.0,-177.0,58.0,88.0,-40.0,25.0,111.0,,,29.0,6.0,,,,,,,gmt,1060_gmt,deep_subduction
12767140,2007-07-11T15:12:21,-70.288,-32.618,90.0,5.05,mw,58.0,88.0,-40.0,150.0,50.0,-177.0,27.939002462933555,291.1417096979486,50.0271145476279,60.38745952712509,26.07402033807644,186.1004223171224,-1.0,-2.45,3.45,-1.86,-2.7,2.34,gem,1060_gem,deep_subduction
C200707111512A,2007-07-11T15:12:22,-70.28,-32.67,93.8,5.1,mwc,150.0,50.0,-177.0,58.0,88.0,-40.0,25.0,112.0,50.0,236.0,29.0,7.0,,,,,,,us,1060_us,deep_subduction
C200707111512A,2007-07-11T15:12:24,-70.3,-32.67,115.7,5.0,mw,150.0,50.0,-177.0,58.0,88.0,-40.0,25.0,112.0,50.0,236.0,29.0,7.0,-1e+16,-2.45e+16,3.45e+16,-1.86e+16,-2.7e+16,2.34e+16,gcmt,1060_gcmtb,deep_subduction
C200707111512A,2007-07-11T15:12:24,-70.3,-32.67,115.7,5.0,mw,150.0,50.0,-177.0,58.0,88.0,-40.0,25.0,112.0,50.0,236.0,29.0,7.0,-1e+16,-2.45e+16,3.45e+16,-1.86e+16,-2.7e+16,2.34e+16,gcmt,1060_gcmt,deep_subduction
13199000,2007-07-21T15:34:52,-65.87,-22.301,282.4,6.43,mw,240.0,3.0,-24.0,353.0,89.0,-93.0,44.93718388210512,86.65241099999571,2.7429110396285514,353.91237071096185,44.93160537463442,261.1728643372025,-0.16,-0.16,0.32,0.61,-5.34,0.19,gem,1061_gem,deep_subduction
C200707211534A,2007-07-21T15:34:59,-66.0,-22.31,280.2,6.4,mw,240.0,3.0,-24.0,353.0,89.0,-93.0,44.0,86.0,3.0,354.0,46.0,261.0,-1.59e+17,-1.64e+17,3.23e+17,6.07e+17,-5.34e+18,1.93e+17,gcmt,1061_gcmt,deep_subduction
12796645,2007-08-04T17:56:59,-68.343,-22.2,119.0,5.3,mw,120.0,34.0,-142.0,357.0,70.0,-62.0,41.449717653573465,66.38035492130791,32.457884892567314,190.55546360777103,31.54987564783163,303.54270816730576,-0.64,0.06,0.57,-0.14,-0.75,-0.52,gem,1062_gem,deep_subduction
C200708041756A,2007-08-04T17:57:06,-68.55,-22.04,150.0,5.2,mw,120.0,34.0,-142.0,357.0,70.0,-62.0,20.0,66.0,26.0,166.0,56.0,303.0,-6.36e+16,6100000000000000.0,5.749999999999999e+16,-1.4099999999999998e+16,-7.52e+16,-5.23e+16,gcmt,1062_gcmt,deep_subduction
12809207,2007-08-20T21:01:32,-66.625,-19.708,258.1,5.35,mw,13.0,84.0,-100.0,254.0,12.0,-30.0,44.29073565151541,291.9912001037771,10.162172649940583,191.92050612315987,43.92536337691914,91.97880521183232,-0.3,0.17,0.12,-0.24,-1.28,0.25,gem,1064_gem,deep_subduction
C200708202101A,2007-08-20T21:01:36,-66.66,-19.82,270.3,5.4,mw,254.0,12.0,-30.0,13.0,84.0,-100.0,38.0,112.0,10.0,14.0,50.0,271.0,-2.96e+16,1.7499999999999998e+16,1.21e+16,-2.45e+16,-1.28e+17,2.49e+16,gcmt,1064_gcmt,deep_subduction
12815973,2007-08-29T16:18:09,-68.471,-20.988,129.9,5.51,mw,168.0,6.0,-70.0,328.0,85.0,-92.0,44.96936895959101,59.78058459271011,2.0890849478773776,327.69234459205364,44.95449377997023,235.6051890921132,-0.68,0.36,0.31,1.22,-1.86,0.21,gem,1065_gem,deep_subduction
C200708291618A,2007-08-29T16:18:14,-68.81,-21.09,146.5,5.5,mw,168.0,6.0,-70.0,328.0,85.0,-92.0,40.0,59.0,2.0,328.0,50.0,236.0,-6.750000000000001e+16,3.56e+16,3.19e+16,1.22e+17,-1.86e+17,2.09e+16,gcmt,1065_gcmt,deep_subduction
13249193,2007-10-25T08:35:17,-68.846,-20.619,95.6,5.6,mw,194.0,32.0,-32.0,312.0,73.0,-118.0,41.06861260356007,63.10876803550485,30.73654574206934,301.90077224765514,33.658646574343514,188.57602170171,-1.5,-0.55,2.05,2.01,-1.18,-0.84,gem,1072_gem,deep_subduction
C200710250835A,2007-10-25T08:35:22,-69.06,-20.69,125.8,5.6,mw,194.0,32.0,-32.0,312.0,73.0,-118.0,23.0,63.0,27.0,321.0,53.0,188.0,-1.5e+17,-5.530000000000001e+16,2.05e+17,2.01e+17,-1.18e+17,-8.43e+16,gcmt,1072_gcmt,deep_subduction
200710270116A,2007-10-27T01:16:00,-69.21,-31.85,114.0,5.0,mw,299.0,51.0,-26.0,46.0,70.0,-138.0,12.0,169.0,,,43.0,270.0,,,,,,,gmt,1073_gmt,deep_subduction
13250332,2007-10-27T01:16:54,-68.961,-31.62,109.9,5.01,mw,46.0,70.0,-138.0,299.0,51.0,-26.0,35.03121232613389,348.4545383353507,50.67220637998344,199.62496324575892,15.58086510989876,89.72706234100349,-1.73,3.72,-1.99,-0.78,-2.34,0.78,gem,1073_gem,deep_subduction
C200710270116A,2007-10-27T01:16:54,-69.03,-31.68,116.6,5.0,mwc,299.0,51.0,-26.0,46.0,70.0,-138.0,12.0,168.0,44.0,66.0,43.0,270.0,,,,,,,us,1073_us,deep_subduction
13268843,2007-11-18T05:40:08,-66.257,-22.676,220.0,6.02,mw,179.0,15.0,-80.0,349.0,75.0,-93.0,44.96122611462807,80.83366113683445,2.959919849670984,347.87379601885465,44.88599906655213,254.92169998701564,-0.67,0.03,0.64,0.24,-1.14,-0.06,gem,1083_gem,deep_subduction
C200711180540A,2007-11-18T05:40:17,-66.48,-22.67,262.4,6.0,mw,179.0,15.0,-80.0,349.0,75.0,-93.0,30.0,81.0,3.0,350.0,60.0,255.0,-6.74e+17,2.7e+16,6.47e+17,2.44e+17,-1.14e+18,-6.2e+16,gcmt,1083_gcmt,deep_subduction
13268889,2007-11-18T07:02:40,-69.733,-18.704,92.3,5.27,mw,246.0,44.0,-17.0,349.0,78.0,-133.0,35.015451045454554,109.42025234084974,43.99685081922789,336.8497963932509,25.71474136531063,219.1389586643274,-0.29,-0.25,0.54,0.26,-0.63,0.56,gem,1084_gem,deep_subduction
13271175,2007-11-21T12:55:04,-68.594,-24.983,109.5,5.78,mw,129.0,32.0,-126.0,350.0,65.0,-70.0,43.389908234475705,64.79792485717502,26.983045728121827,183.5690505796244,34.586028248838545,294.1210765632272,-4.3,1.04,3.26,-0.4,-3.57,-2.26,gem,1090_gem,deep_subduction
C200711211255A,2007-11-21T12:55:08,-68.81,-25.02,127.3,5.8,mw,129.0,32.0,-126.0,350.0,65.0,-70.0,17.0,65.0,18.0,161.0,64.0,294.0,-4.3e+17,1.04e+17,3.26e+17,-4.02e+16,-3.57e+17,-2.26e+17,gcmt,1090_gcmt,deep_subduction
13273050,2007-11-24T05:02:07,-68.879,-23.782,91.6,5.6,mw,178.0,36.0,-64.0,327.0,58.0,-108.0,43.97432750783473,69.56258674087746,29.769840109414307,306.0661429778212,31.394669750112424,195.6350115275987,-2.34,-0.37,2.7,0.9,-0.93,-1.19,gem,1091_gem,deep_subduction
C200711240502A,2007-11-24T05:02:10,-69.06,-23.73,109.3,5.6,mw,178.0,36.0,-64.0,327.0,58.0,-108.0,12.0,69.0,15.0,336.0,71.0,196.0,-2.34e+17,-3.66e+16,2.7000000000000003e+17,9.04e+16,-9.29e+16,-1.19e+17,gcmt,1091_gcmt,deep_subduction
13297498,2007-12-25T16:20:52,-69.164,-19.485,107.5,5.83,mw,198.0,20.0,-66.0,353.0,72.0,-98.0,44.650700940921546,89.2829045099013,9.896225380374068,349.3586702724167,43.65643508021075,249.77637598635053,-3.82,-0.58,4.41,0.9,-5.29,0.36,gem,1100_gem,deep_subduction
C200712251620A,2007-12-25T16:20:55,-69.42,-19.64,120.0,5.8,mw,198.0,20.0,-66.0,353.0,72.0,-98.0,26.0,89.0,8.0,355.0,63.0,250.0,-3.82e+17,-5.84e+16,4.41e+17,9.02e+16,-5.29e+17,3.61e+16,gcmt,1100_gcmt,deep_subduction
13298457,2007-12-26T23:40:52,-68.458,-22.436,101.3,5.53,mw,135.0,45.0,-111.0,344.0,48.0,-70.0,44.0484347236581,59.68734292479729,45.00000000000003,225.00000000000017,7.403719656486275,322.46631814264424,-1.92,-0.03,1.95,-0.14,-0.23,-1.77,gem,1101_gem,deep_subduction
C200712262340A,2007-12-26T23:40:59,-68.77,-22.19,121.3,5.5,mw,135.0,45.0,-111.0,344.0,48.0,-70.0,1.0,60.0,15.0,150.0,75.0,324.0,-1.92e+17,-3300000000000000.0,1.95e+17,-1.4399999999999998e+16,-2.31e+16,-1.77e+17,gcmt,1101_gcmt,deep_subduction
13327160,2008-01-04T01:26:30,-68.332,-21.513,120.8,5.28,mw,23.0,75.0,-79.0,166.0,19.0,-125.0,44.34718199121068,284.1108315626455,12.212616885142545,26.324701613849584,43.08740176232907,128.00496693604924,-0.5,-0.09,0.58,-0.38,-0.79,0.07,gem,1102_gem,deep_subduction
C200801040126A,2008-01-04T01:26:37,-68.72,-21.66,143.7,5.5,mw,166.0,19.0,-125.0,23.0,75.0,-79.0,29.0,104.0,11.0,200.0,59.0,308.0,-5.04e+16,-8599999999999998.0,5.89e+16,-3.75e+16,-7.92e+16,6500000000000000.0,gcmt,1102_gcmt,deep_subduction
13328061,2008-01-05T07:29:32,-68.53,-22.962,99.9,5.71,mw,190.0,31.0,-47.0,322.0,68.0,-113.0,42.85027673498402,69.15296666335678,27.388920536313503,310.42731941428883,34.808846252598734,199.31414477865383,-2.78,-0.64,3.42,2.16,-2.0,-1.17,gem,1103_gem,deep_subduction
B200801050729A,2008-01-05T07:29:35,-68.88,-22.87,117.3,5.7,mw,190.0,31.0,-47.0,322.0,68.0,-113.0,20.0,69.0,21.0,331.0,61.0,198.0,-2.78e+17,-6.4e+16,3.42e+17,2.16e+17,-2e+17,-1.17e+17,gcmt,1103_gcmt,deep_subduction
10525453,2008-02-02T00:22:08,-68.405,-22.23,107.3,5.23,mw,142.0,44.0,-98.0,333.0,46.0,-82.0,44.86542404622186,57.64903342301062,42.3907236570553,212.9548474941882,12.63223533430493,314.75980043665623,-0.74,0.1,0.63,-0.02,-0.05,-0.56,gem,1104_gem,deep_subduction
C200802020022A,2008-02-02T00:22:13,-68.71,-22.12,131.4,5.3,mw,142.0,44.0,-98.0,333.0,46.0,-82.0,1.0,58.0,5.0,148.0,84.0,316.0,-7.36e+16,1.03e+16,6.33e+16,-2100000000000000.0,-5400000000000000.0,-5.629999999999999e+16,gcmt,1104_gcmt,deep_subduction
12942278,2008-02-16T14:45:10,-68.509,-21.377,122.9,6.08,mw,6.0,76.0,-100.0,223.0,18.0,-54.0,44.44381344712208,284.1765243303634,10.95386955906274,183.2340514328993,43.48666529702422,82.65560048713394,-0.79,0.15,0.64,-0.04,-1.39,0.33,gem,1106_gem,deep_subduction
C200802161445A,2008-02-16T14:45:15,-68.77,-21.58,135.3,6.1,mw,223.0,18.0,-54.0,6.0,76.0,-100.0,30.0,104.0,10.0,8.0,58.0,262.0,-7.86e+17,1.46e+17,6.4e+17,-4.1e+16,-1.39e+18,3.31e+17,gcmt,1106_gcmt,deep_subduction
13483918,2008-03-07T22:35:00,-70.356,-17.601,92.8,5.19,mw,146.0,33.0,-85.0,320.0,58.0,-93.0,44.966204942084914,52.38651694484673,6.5766172764848045,315.7739820115592,44.28214142462379,219.31816188154,-6.1,1.8,4.3,2.14,-2.4,-4.37,gem,1109_gem,deep_subduction
C200803072235A,2008-03-07T22:35:05,-70.55,-17.63,112.2,5.1,mw,146.0,33.0,-85.0,320.0,58.0,-93.0,13.0,53.0,3.0,322.0,77.0,220.0,-6.1e+16,1.8e+16,4.3e+16,2.14e+16,-2.4e+16,-4.37e+16,gcmt,1109_gcmt,deep_subduction
C200803100943A,2008-03-10T09:43:01,-69.29,-28.34,89.5,5.6,mwc,3.0,33.0,-75.0,165.0,58.0,-100.0,13.0,262.0,8.0,170.0,75.0,48.0,,,,,,,us,1110_us,deep_subduction
13485624,2008-03-10T09:43:01,-69.294,-28.337,89.5,5.6,mw,20.0,41.0,-80.0,188.0,49.0,-98.0,4.0,283.0,6.0,193.0,82.0,46.0,-29400000000.0,-400000000.0,29900000000.0,-2000000000.0,5000000000.0,8000000000.0,neic,1110_neic,deep_subduction
13485624,2008-03-10T09:43:01,-69.264,-28.356,86.5,5.56,mw,3.0,33.0,-75.0,165.0,58.0,-100.0,44.69759092373529,262.184086468294,17.434957817842125,154.07944613049233,40.13539302410519,48.72512670999856,-2.38,-0.04,2.43,-0.53,1.07,-0.26,gem,1110_gem,deep_subduction
C200803100943A,2008-03-10T09:43:07,-69.74,-28.42,129.2,5.6,mw,3.0,33.0,-75.0,165.0,58.0,-100.0,13.0,262.0,8.0,170.0,75.0,48.0,-2.38e+17,-4300000000000000.0,2.43e+17,-5.32e+16,1.07e+17,-2.59e+16,gcmt,1110_gcmtb,deep_subduction
C200803100943A,2008-03-10T09:43:07,-69.74,-28.42,129.2,5.6,mw,3.0,33.0,-75.0,165.0,58.0,-100.0,13.0,262.0,8.0,170.0,75.0,48.0,-2.38e+17,-4300000000000000.0,2.43e+17,-5.32e+16,1.07e+17,-2.59e+16,gcmt,1110_gcmt,deep_subduction
13495922,2008-03-24T20:39:06,-69.092,-20.098,113.2,6.16,mw,1.0,69.0,-97.0,198.0,22.0,-73.0,44.77715710608155,276.39985773318006,8.753609200301074,177.61143877740164,43.895569873975454,79.09144237031569,-1.33,-0.17,1.49,0.04,-1.58,0.26,gem,1111_gem,deep_subduction
C200803242039A,2008-03-24T20:39:10,-69.42,-20.31,129.2,6.2,mw,198.0,22.0,-73.0,1.0,69.0,-97.0,24.0,96.0,6.0,3.0,65.0,260.0,-1.33e+18,-1.67e+17,1.49e+18,4.1e+16,-1.58e+18,2.56e+17,gcmt,1111_gcmt,deep_subduction
10969868,2008-05-28T17:35:27,-68.37,-21.717,117.9,5.34,mw,10.0,88.0,-79.0,111.0,12.0,-168.0,44.02482936790754,269.541084441547,11.01940240566079,10.38962478933837,43.88139482777373,111.18329583708925,0.07,-0.42,0.35,-0.12,-1.27,-0.13,gem,1119_gem,deep_subduction
C200805281735A,2008-05-28T17:35:32,-68.8,-21.79,142.6,5.2,mw,111.0,12.0,-168.0,10.0,88.0,-79.0,42.0,89.0,11.0,189.0,46.0,291.0,6500000000000000.0,-4.24e+16,3.59e+16,-1.22e+16,-1.27e+17,-1.34e+16,gcmt,1119_gcmt,deep_subduction
13390043,2008-07-25T07:48:10,-68.105,-22.346,111.5,5.17,mw,131.0,15.0,-107.0,328.0,76.0,-86.0,44.88902180481845,54.88735325150395,4.942669075076454,149.8292872779482,44.68564470172952,244.73617470029217,-3.08,1.08,1.99,3.26,-5.3,-2.2,gem,1120_gem,deep_subduction
C200807250748A,2008-07-25T07:48:15,-68.55,-22.44,137.4,5.0,mw,131.0,15.0,-107.0,328.0,76.0,-86.0,31.0,54.0,4.0,147.0,59.0,244.0,-3.08e+16,1.08e+16,1.99e+16,3.26e+16,-5.3e+16,-2.2e+16,gcmt,1120_gcmt,deep_subduction
11154061,2008-08-01T06:18:37,-66.73,-22.437,206.7,5.33,mw,111.0,21.0,-129.0,332.0,74.0,-76.0,44.04119875231227,51.13985572459535,15.309649609466108,156.49124360159158,41.9585514354722,260.7397082031433,-0.55,0.26,0.29,0.48,-0.9,-0.59,gem,1121_gem,deep_subduction
C200808010618A,2008-08-01T06:18:42,-66.92,-22.49,216.9,5.0,mw,111.0,21.0,-129.0,332.0,74.0,-76.0,27.0,51.0,13.0,148.0,59.0,261.0,-5.530000000000001e+16,2.55e+16,2.98e+16,4.85e+16,-9.02e+16,-5.92e+16,gcmt,1121_gcmt,deep_subduction
11652986,2008-08-18T20:28:15,-68.536,-22.123,115.8,5.04,mw,119.0,30.0,-131.0,343.0,68.0,-69.0,43.13449850753741,58.627191301327,25.684712574612828,175.40925870460637,35.95136399684342,285.8231462298396,-2.32,-0.11,2.43,1.09,-2.74,-3.01,gem,1122_gem,deep_subduction
11180596,2008-08-21T09:32:56,-68.767,-25.269,102.1,5.28,mw,170.0,39.0,-89.0,348.0,51.0,-91.0,44.99825288739764,79.2890110326639,3.01795446705556,346.26704569230685,44.842927839863215,253.26143583704325,-0.92,-0.18,1.1,0.06,-0.23,-0.25,gem,1123_gem,deep_subduction
C200808210932A,2008-08-21T09:33:00,-69.13,-25.29,118.0,5.4,mw,170.0,39.0,-89.0,348.0,51.0,-91.0,6.0,79.0,1.0,349.0,83.0,252.0,-9.18e+16,-1.78e+16,1.1000000000000002e+17,5500000000000000.0,-2.31e+16,-2.54e+16,gcmt,1123_gcmt,deep_subduction
11265506,2008-09-11T17:11:33,-69.195,-19.709,100.2,5.27,mw,176.0,28.0,-80.0,345.0,62.0,-95.0,44.89518318423508,78.61086674846234,8.116313864550577,340.4420196504101,43.96253182676031,242.53659695057024,-0.77,-0.09,0.85,0.18,-0.54,-0.17,gem,1125_gem,deep_subduction
C200809111711A,2008-09-11T17:11:37,-69.46,-19.8,124.5,5.1,mw,176.0,28.0,-80.0,345.0,62.0,-95.0,17.0,79.0,5.0,348.0,72.0,242.0,-7.73e+16,-8599999999999998.0,8.59e+16,1.7599999999999998e+16,-5.38e+16,-1.6800000000000002e+16,gcmt,1125_gcmt,deep_subduction
11277584,2008-09-15T23:36:51,-66.887,-24.256,149.1,5.13,mw,2.0,62.0,-90.0,182.0,28.0,-91.0,45.000000000000014,272.0,3.975693351829396e-15,2.0,45.00000000000001,92.0,-4.51,-1.21,5.72,-0.14,-3.4,0.24,gem,1126_gem,deep_subduction
C200809152336A,2008-09-15T23:36:59,-67.22,-24.34,201.8,5.1,mw,182.0,28.0,-91.0,2.0,62.0,-90.0,17.0,92.0,0.0,182.0,73.0,273.0,-4.51e+16,-1.21e+16,5.72e+16,-1409999999999999.8,-3.4e+16,2440000000000000.0,gcmt,1126_gcmt,deep_subduction
200810011703A,2008-10-01T17:03:00,-71.04,-35.03,119.0,5.2,mw,288.0,4.0,-10.0,28.0,89.0,-94.0,44.0,122.0,,,46.0,294.0,,,,,,,gmt,1127_gmt,deep_subduction
C200810011703A,2008-10-01T17:03:46,-70.73,-35.02,99.3,5.2,mwc,288.0,4.0,-10.0,28.0,89.0,-94.0,44.0,122.0,4.0,28.0,46.0,294.0,,,,,,,us,1127_us,deep_subduction
11322869,2008-10-01T17:03:46,-70.912,-35.032,100.9,5.18,mw,28.0,89.0,-94.0,288.0,4.0,-10.0,44.86533073979994,301.9228063810257,4.001819672666526,207.930034151608,44.855615552431374,113.93861794830218,0.1,0.09,-0.19,-3.48,-6.46,0.76,gem,1127_gem,deep_subduction
C200810011703A,2008-10-01T17:03:48,-71.04,-35.03,118.6,5.1,mw,288.0,4.0,-10.0,28.0,89.0,-94.0,44.0,122.0,4.0,28.0,46.0,294.0,1030000000000000.0,870000000000000.0,-1900000000000000.0,-3.48e+16,-6.46e+16,7550000000000000.0,gcmt,1127_gcmt,deep_subduction
C200810011703A,2008-10-01T17:03:48,-71.04,-35.03,118.6,5.1,mw,288.0,4.0,-10.0,28.0,89.0,-94.0,44.0,122.0,4.0,28.0,46.0,294.0,1030000000000000.0,870000000000000.0,-1900000000000000.0,-3.48e+16,-6.46e+16,7550000000000000.0,gcmt,1127_gcmtb,deep_subduction
11346104,2008-10-12T20:55:40,-65.138,-20.267,351.0,6.18,mw,257.0,18.0,-2.0,349.0,89.0,-108.0,42.31871104540694,95.90207460190857,17.99257523769813,348.7014925950147,42.20605228029235,241.5708288454484,-0.02,-0.33,0.35,0.39,-2.13,0.62,gem,1128_gem,deep_subduction
C200810122055A,2008-10-12T20:55:44,-65.23,-20.3,361.5,6.2,mw,257.0,18.0,-2.0,349.0,89.0,-108.0,42.0,96.0,18.0,349.0,43.0,242.0,-2.1e+16,-3.3e+17,3.51e+17,3.85e+17,-2.13e+18,6.17e+17,gcmt,1128_gcmt,deep_subduction
11370123,2008-10-27T19:08:16,-69.264,-27.188,108.5,5.11,mw,191.0,60.0,140.0,304.0,56.0,37.0,3.4503493053245764,335.58846477678026,52.99549801404958,241.00000000000003,36.78838391727524,68.17256435762363,3.46,1.68,-5.14,-1.62,-1.08,3.33,gem,1129_gem,deep_subduction
11492047,2008-12-04T16:47:08,-68.482,-21.453,107.9,5.54,mw,47.0,60.0,-124.0,281.0,44.0,-46.0,41.07698089172527,340.5901142076945,44.084722910469495,193.0,16.871131601255822,85.91829132149888,-1.82,2.07,-0.25,-0.19,-1.35,0.69,gem,1132_gem,deep_subduction
C200812041647A,2008-12-04T16:47:15,-68.64,-21.62,128.7,5.5,mw,281.0,44.0,-46.0,47.0,60.0,-124.0,8.0,161.0,29.0,66.0,59.0,265.0,-1.82e+17,2.07e+17,-2.52e+16,-1.86e+16,-1.3500000000000002e+17,6.870000000000001e+16,gcmt,1132_gcmt,deep_subduction
200812201707A,2008-12-20T17:07:00,-68.14,-31.72,123.0,5.2,mw,66.0,46.0,-52.0,198.0,56.0,-122.0,5.0,310.0,,,63.0,50.0,,,,,,,gmt,1140_gmt,deep_subduction
11527749,2008-12-20T17:07:01,-68.201,-31.589,108.5,5.23,mw,66.0,46.0,-52.0,198.0,56.0,-122.0,41.85031908833312,310.07926843554213,45.940926448886806,152.32071732865097,11.307067378554628,50.396049295971466,-0.69,0.27,0.42,-0.13,0.31,0.58,gem,1140_gem,deep_subduction
C200812201707A,2008-12-20T17:07:01,-68.11,-31.58,106.3,5.2,mwc,66.0,46.0,-52.0,198.0,56.0,-122.0,5.0,310.0,26.0,217.0,63.0,51.0,,,,,,,us,1140_us,deep_subduction
C200812201707A,2008-12-20T17:07:05,-68.14,-31.72,122.6,5.5,mw,66.0,46.0,-52.0,198.0,56.0,-122.0,5.0,310.0,26.0,217.0,63.0,51.0,-6.909999999999999e+16,2.71e+16,4.2e+16,-1.31e+16,3.11e+16,5.759999999999999e+16,gcmt,1140_gcmtb,deep_subduction
C200812201707A,2008-12-20T17:07:05,-68.14,-31.72,122.6,5.5,mw,66.0,46.0,-52.0,198.0,56.0,-122.0,5.0,310.0,26.0,217.0,63.0,51.0,-6.909999999999999e+16,2.71e+16,4.2e+16,-1.31e+16,3.11e+16,5.759999999999999e+16,gcmt,1140_gcmt,deep_subduction
11517264,2008-12-21T06:48:18,-68.164,-22.875,142.1,5.2,mw,193.0,11.0,-51.0,333.0,81.0,-97.0,44.68005523536651,69.57963187963657,7.210595906632267,332.3924005752144,44.41723479282158,235.271154628558,-2.31,-0.43,2.74,3.52,-6.71,-0.46,gem,1141_gem,deep_subduction
11517528,2008-12-22T13:52:41,-69.091,-17.668,151.7,5.02,mw,213.0,55.0,-46.0,333.0,54.0,-135.0,39.43018783697522,93.57868611416887,50.54768218833095,271.30548147415243,1.115489439738425,2.661272948933856,-2.86,-1.4,4.27,1.99,-0.05,0.29,gem,1142_gem,deep_subduction
200901231256A,2009-01-23T12:56:00,-71.22,-36.64,122.0,5.2,mw,253.0,56.0,-16.0,352.0,77.0,-145.0,14.0,119.0,,,34.0,218.0,,,,,,,gmt,1143_gmt,deep_subduction
11616520,2009-01-23T12:56:07,-70.953,-36.403,123.8,5.18,mw,253.0,56.0,-16.0,352.0,77.0,-145.0,29.80725494352942,118.64559480196972,55.51715149749975,332.12636832289166,15.724138266821551,217.92725579963803,-1.52,-1.56,3.08,2.43,-3.69,5.44,gem,1143_gem,deep_subduction
C200901231256A,2009-01-23T12:56:08,-70.81,-36.39,126.6,5.2,mwc,253.0,56.0,-16.0,352.0,77.0,-145.0,13.0,119.0,53.0,10.0,33.0,218.0,,,,,,,us,1143_us,deep_subduction
11617212,2009-01-24T19:30:16,-67.991,-19.058,173.9,5.14,mw,174.0,59.0,173.0,268.0,84.0,31.0,17.898162845871813,135.32741589133457,58.84232911354652,257.61394388842524,24.596858092221265,36.82568530824005,1.08,-1.47,0.39,-3.13,-0.18,5.4,gem,1144_gem,deep_subduction
C200901241930A,2009-01-24T19:30:26,-67.81,-18.92,200.0,5.1,mw,174.0,59.0,173.0,268.0,84.0,31.0,26.0,135.0,58.0,277.0,17.0,37.0,1.08e+16,-1.47e+16,3920000000000000.0,-3.13e+16,-1810000000000000.0,5.4e+16,gcmt,1144_gcmt,deep_subduction
11657514,2009-01-31T16:29:36,-69.153,-19.442,97.6,5.46,mw,6.0,75.0,-63.0,124.0,31.0,-148.0,41.17753018170362,255.22220768251208,29.328380272315595,14.658258855340932,34.854070168407134,127.69153032550872,-0.79,-0.5,1.28,-0.14,-1.44,-0.72,gem,1145_gem,deep_subduction
C200901311629A,2009-01-31T16:29:40,-69.54,-19.57,123.2,5.4,mw,124.0,31.0,-148.0,6.0,75.0,-63.0,25.0,76.0,26.0,179.0,53.0,308.0,-7.87e+16,-4.95e+16,1.28e+17,-1.3700000000000002e+16,-1.44e+17,-7.24e+16,gcmt,1145_gcmt,deep_subduction
11678027,2009-02-16T02:22:50,-69.888,-29.067,100.8,5.37,mw,77.0,67.0,-131.0,323.0,46.0,-32.0,38.16364387078633,15.35979685932324,45.98060007119791,230.9434006890069,18.53748785142238,120.63935090955624,-0.76,1.11,-0.34,-0.65,-0.49,-0.62,gem,1147_gem,deep_subduction
C200902160222A,2009-02-16T02:22:55,-70.15,-29.2,117.4,5.6,mw,323.0,46.0,-32.0,77.0,67.0,-131.0,13.0,196.0,37.0,96.0,50.0,301.0,-7.62e+16,1.1100000000000002e+17,-3.49e+16,-6.46e+16,-4.88e+16,-6.18e+16,gcmt,1147_gcmt,deep_subduction
C200902160222A,2009-02-16T02:22:55,-70.15,-29.2,117.4,5.6,mw,323.0,46.0,-32.0,77.0,67.0,-131.0,13.0,196.0,37.0,96.0,50.0,301.0,-7.62e+16,1.1100000000000002e+17,-3.49e+16,-6.46e+16,-4.88e+16,-6.18e+16,gcmt,1147_gcmtb,deep_subduction
11883156,2009-03-15T13:50:38,-65.428,-30.999,178.7,5.15,mw,149.0,40.0,-69.0,303.0,53.0,-107.0,44.20790654648652,44.21650152049631,35.84903021522688,269.5629446485737,24.41369677050085,160.41794853752253,-5.93,2.89,3.04,2.06,-0.18,-3.83,gem,1150_gem,deep_subduction
12062614,2009-03-27T17:26:42,-69.302,-19.125,111.3,5.4,mw,179.0,13.0,-90.0,359.0,77.0,-90.0,45.00000000000001,89.0,9.939233379573492e-16,359.0,45.00000000000001,269.0,-0.63,-0.16,0.78,0.03,-1.43,-0.02,gem,1151_gem,deep_subduction
C200903271726A,2009-03-27T17:26:46,-69.7,-19.27,132.5,5.4,mw,179.0,13.0,-90.0,359.0,77.0,-90.0,32.0,89.0,0.0,359.0,58.0,269.0,-6.28e+16,-1.56e+16,7.84e+16,2600000000000000.0,-1.43e+17,-1700000000000000.0,gcmt,1151_gcmt,deep_subduction
12086165,2009-04-03T17:54:48,-66.56,-27.908,160.0,5.7,mw,183.0,43.0,-31.0,297.0,69.0,-129.0,38.47641079197866,54.004232630251465,42.9531480403539,276.280036160734,22.67158804100071,163.39407927191382,-2.23,-0.25,2.48,2.56,-0.41,-2.53,gem,1152_gem,deep_subduction
C200904031754A,2009-04-03T17:54:53,-66.71,-28.09,180.4,5.7,mw,183.0,43.0,-31.0,297.0,69.0,-129.0,15.0,54.0,36.0,313.0,50.0,163.0,-2.23e+17,-2.46e+16,2.48e+17,2.56e+17,-4.14e+16,-2.53e+17,gcmt,1152_gcmtb,deep_subduction
C200904031754A,2009-04-03T17:54:53,-66.71,-28.09,180.4,5.7,mw,183.0,43.0,-31.0,297.0,69.0,-129.0,15.0,54.0,36.0,313.0,50.0,163.0,-2.23e+17,-2.46e+16,2.48e+17,2.56e+17,-4.14e+16,-2.53e+17,gcmt,1152_gcmt,deep_subduction
12086165,2009-04-03T17:55:06,-65.83,-27.92,173.0,5.7,mw,181.0,45.0,-24.0,289.0,73.0,-131.0,17.0,48.0,39.0,304.0,45.0,157.0,-18900000000.0,-100000000.0,19000000000.0,26900000000.0,-2600000000.0,-28700000000.0,neic,1152_neic,deep_subduction
12610218,2009-04-18T15:29:19,-68.407,-23.301,112.0,5.15,mw,182.0,54.0,-27.0,288.0,69.0,-141.0,34.36037140367323,52.36925523899538,53.05105489004805,257.00405276926057,11.937112066584016,150.67992825086787,-3.4,0.07,3.33,2.43,-0.4,-5.4,gem,1154_gem,deep_subduction
200904260803A,2009-04-26T08:03:00,-69.49,-32.89,141.0,5.3,mw,145.0,49.0,169.0,242.0,82.0,42.0,34.0,112.0,,,21.0,7.0,,,,,,,gmt,1155_gmt,deep_subduction
C200904260803A,2009-04-26T08:03:36,-69.34,-32.85,114.7,5.3,mwc,145.0,49.0,169.0,242.0,82.0,42.0,34.0,112.0,48.0,251.0,22.0,7.0,,,,,,,us,1155_us,deep_subduction
12697300,2009-04-26T08:03:37,-69.4,-32.866,127.4,5.34,mw,145.0,49.0,169.0,242.0,82.0,42.0,23.7062308870846,112.32752937211148,48.97590086856334,232.6387535202499,31.25401911349125,6.871785609261565,0.22,-0.96,0.73,-0.66,-0.53,0.44,gem,1155_gem,deep_subduction
C200904260803A,2009-04-26T08:03:40,-69.49,-32.89,141.0,5.1,mw,145.0,49.0,169.0,242.0,82.0,42.0,34.0,112.0,48.0,251.0,22.0,7.0,2.21e+16,-9.56e+16,7.34e+16,-6.57e+16,-5.3e+16,4.41e+16,gcmt,1155_gcmtb,deep_subduction
C200904260803A,2009-04-26T08:03:40,-69.49,-32.89,141.0,5.1,mw,145.0,49.0,169.0,242.0,82.0,42.0,34.0,112.0,48.0,251.0,22.0,7.0,2.21e+16,-9.56e+16,7.34e+16,-6.57e+16,-5.3e+16,4.41e+16,gcmt,1155_gcmt,deep_subduction
200905081344A,2009-05-08T13:44:00,-69.68,-32.02,110.0,5.4,mw,185.0,48.0,-121.0,47.0,50.0,-60.0,1.0,116.0,,,67.0,23.0,,,,,,,gmt,1157_gmt,deep_subduction
12784565,2009-05-08T13:44:53,-69.67,-32.029,108.9,5.36,mw,47.0,50.0,-60.0,185.0,48.0,-121.0,42.729346878977616,296.29288522109863,47.187563353406205,111.92458389457784,2.1791227607974983,204.27859506307487,-1.15,0.02,1.13,-0.39,0.15,0.7,gem,1157_gem,deep_subduction
12784565,2009-05-08T13:44:53,-69.678,-32.057,111.9,5.4,mw,31.0,69.0,-74.0,172.0,26.0,-126.0,22.0,108.0,14.0,204.0,62.0,325.0,-9300000000.0,-1500000000.0,10800000000.0,-6500000000.0,-8800000000.0,2900000000.0,neic,1157_neic,deep_subduction
C200905081344A,2009-05-08T13:44:53,-69.68,-32.06,111.9,5.4,mwc,185.0,48.0,-121.0,47.0,50.0,-60.0,1.0,116.0,22.0,206.0,68.0,24.0,,,,,,,us,1157_us,deep_subduction
C200905081344A,2009-05-08T13:44:57,-69.68,-32.02,109.7,5.4,mw,185.0,48.0,-121.0,47.0,50.0,-60.0,1.0,116.0,22.0,206.0,68.0,24.0,-1.1499999999999998e+17,1700000000000000.0,1.1299999999999998e+17,-3.86e+16,1.47e+16,7.029999999999999e+16,gcmt,1157_gcmtb,deep_subduction
C200905081344A,2009-05-08T13:44:57,-69.68,-32.02,109.7,5.4,mw,185.0,48.0,-121.0,47.0,50.0,-60.0,1.0,116.0,22.0,206.0,68.0,24.0,-1.1499999999999998e+17,1700000000000000.0,1.1299999999999998e+17,-3.86e+16,1.47e+16,7.029999999999999e+16,gcmt,1157_gcmt,deep_subduction
12818712,2009-05-12T01:03:59,-66.866,-22.323,192.8,5.17,mw,0.0,82.0,-96.0,218.0,10.0,-53.0,44.7590873597149,275.2911467445881,6.178961484121425,179.12818768927357,44.5771146117509,83.00440441369307,-2.28,0.74,1.54,0.16,-6.94,0.72,gem,1158_gem,deep_subduction
C200905120103A,2009-05-12T01:04:05,-67.01,-22.36,192.8,5.2,mw,218.0,10.0,-53.0,0.0,82.0,-96.0,37.0,96.0,6.0,1.0,52.0,264.0,-2.28e+16,7450000000000000.0,1.54e+16,1570000000000000.0,-6.94e+16,7210000000000000.0,gcmt,1158_gcmt,deep_subduction
12818722,2009-05-12T05:07:05,-69.051,-20.078,96.0,5.08,mw,153.0,18.0,-75.0,317.0,73.0,-95.0,44.88311136291013,51.09512837194649,5.575495703901685,315.51592882116256,44.57602752136721,219.99640333906385,-2.77,0.83,1.95,2.99,-3.11,-1.77,gem,1159_gem,deep_subduction
C200905120507A,2009-05-12T05:07:11,-69.32,-20.14,120.7,5.1,mw,153.0,18.0,-75.0,317.0,73.0,-95.0,28.0,51.0,4.0,319.0,62.0,220.0,-2.77e+16,8270000000000000.0,1.95e+16,2.9900000000000004e+16,-3.11e+16,-1.77e+16,gcmt,1159_gcmt,deep_subduction
12828761,2009-05-17T12:35:21,-69.676,-27.223,91.7,5.2,mw,163.0,62.0,-96.0,356.0,29.0,-79.0,44.86625108128484,77.42799073784192,9.386890096194303,337.9572541611863,43.60903789090184,238.89683043117623,-0.76,0.18,0.58,-0.19,0.4,-0.06,gem,1160_gem,deep_subduction
12866343,2009-05-27T23:22:29,-67.641,-23.462,150.4,5.19,mw,160.0,27.0,-80.0,329.0,63.0,-95.0,44.900906403783445,62.56946368795764,7.495445253540873,325.0353020137967,44.12398221648325,227.7038773563343,-5.34,-0.06,5.39,2.44,-3.89,-3.53,gem,1162_gem,deep_subduction
C200905272322A,2009-05-27T23:22:30,-68.07,-23.8,150.4,5.2,mw,160.0,27.0,-80.0,329.0,63.0,-95.0,18.0,63.0,5.0,331.0,71.0,228.0,-5.34e+16,-570000000000000.0,5.39e+16,2.44e+16,-3.89e+16,-3.53e+16,gcmt,1162_gcmt,deep_subduction
13197432,2009-06-19T10:36:23,-68.66,-20.997,105.9,5.2,mw,143.0,53.0,-89.0,321.0,37.0,-91.0,44.997162098083336,52.28597055837156,2.8931446652114503,145.18252347378802,44.8568723760878,238.0649145039469,-0.68,0.21,0.46,-0.13,0.18,-0.52,gem,1166_gem,deep_subduction
C200906191036A,2009-06-19T10:36:29,-69.08,-21.07,127.5,5.3,mw,321.0,37.0,-91.0,143.0,53.0,-89.0,8.0,232.0,1.0,322.0,82.0,57.0,-6.790000000000001e+16,2.14e+16,4.66e+16,-1.34e+16,1.82e+16,-5.17e+16,gcmt,1166_gcmt,deep_subduction
13383740,2009-07-14T18:38:09,-67.231,-21.818,190.0,5.69,mw,20.0,88.0,-98.0,280.0,8.0,-11.0,44.481572019069766,297.6661202044056,8.014364110099923,199.71829144535167,44.40462341653101,101.7919233110582,-0.24,0.43,-0.19,-1.45,-3.96,0.49,gem,1170_gem,deep_subduction
C200907141838A,2009-07-14T18:38:15,-67.32,-21.97,196.7,5.7,mw,280.0,8.0,-11.0,20.0,88.0,-98.0,43.0,118.0,8.0,21.0,46.0,282.0,-2.36e+16,4.28e+16,-1.92e+16,-1.45e+17,-3.96e+17,4.95e+16,gcmt,1170_gcmt,deep_subduction
13531142,2009-07-25T04:17:13,-66.808,-24.034,204.7,5.2,mw,4.0,73.0,-95.0,200.0,18.0,-75.0,44.87218789685112,277.9962330173203,5.760011735034291,182.23275083387705,44.55068067564922,86.53380675816425,-4.83,0.82,4.01,-0.18,-6.56,0.85,gem,1171_gem,deep_subduction
C200907250417A,2009-07-25T04:17:18,-66.97,-24.16,211.6,5.1,mw,200.0,18.0,-75.0,4.0,73.0,-95.0,28.0,98.0,5.0,6.0,62.0,267.0,-4.83e+16,8210000000000000.0,4.01e+16,-1820000000000000.0,-6.56e+16,8490000000000000.0,gcmt,1171_gcmt,deep_subduction
13531686,2009-07-27T10:58:19,-66.678,-23.925,222.7,5.38,mw,5.0,58.0,-115.0,226.0,40.0,-56.0,42.970372173046094,292.64901217114823,38.16174558536146,155.59048081492062,23.07502704518617,46.03100424512792,-1.25,0.2,1.05,0.35,-0.63,0.55,gem,1172_gem,deep_subduction
C200907271058A,2009-07-27T10:58:23,-66.93,-24.1,222.7,5.1,mw,226.0,40.0,-56.0,5.0,58.0,-115.0,10.0,112.0,21.0,18.0,67.0,226.0,-1.25e+17,2.01e+16,1.05e+17,3.55e+16,-6.27e+16,5.480000000000001e+16,gcmt,1172_gcmt,deep_subduction
13566201,2009-08-12T18:00:52,-66.654,-27.853,168.7,5.43,mw,162.0,55.0,-60.0,297.0,45.0,-126.0,42.34665367452149,51.194572910457055,44.81098549602638,206.07527581957424,12.860679260604185,309.18443576724945,-1.41,0.52,0.89,0.27,0.63,-1.07,gem,1173_gem,deep_subduction
C200908121800A,2009-08-12T18:00:55,-66.71,-28.1,177.9,5.5,mw,297.0,45.0,-126.0,162.0,55.0,-60.0,6.0,232.0,24.0,324.0,65.0,129.0,-1.41e+17,5.17e+16,8.92e+16,2.7300000000000004e+16,6.28e+16,-1.07e+17,gcmt,1173_gcmt,deep_subduction
C200908121800A,2009-08-12T18:00:55,-66.71,-28.1,177.9,5.5,mw,297.0,45.0,-126.0,162.0,55.0,-60.0,6.0,232.0,24.0,324.0,65.0,129.0,-1.41e+17,5.17e+16,8.92e+16,2.7300000000000004e+16,6.28e+16,-1.07e+17,gcmt,1173_gcmtb,deep_subduction
13931198,2009-11-11T09:58:38,-69.339,-19.695,126.8,4.98,mw,9.0,66.0,-44.0,121.0,51.0,-148.0,36.72610366060443,247.97686998637812,50.11166562211439,41.18860005880282,13.394620932684555,147.74287040022244,-2.05,-0.98,3.04,-0.81,-1.39,-2.2,gem,1181_gem,deep_subduction
13936810,2009-11-14T19:44:29,-66.628,-22.957,215.0,6.17,mw,180.0,11.0,-79.0,350.0,79.0,-92.0,44.97223551565384,80.61453365106001,2.2437721544987634,348.3712152996883,44.939940508899554,256.1304257282801,-0.66,-0.27,0.92,0.37,-2.02,-0.14,gem,1183_gem,deep_subduction
C200911141944A,2009-11-14T19:44:33,-66.83,-23.04,221.2,6.2,mw,180.0,11.0,-79.0,350.0,79.0,-92.0,34.0,81.0,2.0,350.0,56.0,257.0,-6.61e+17,-2.67e+17,9.28e+17,3.7e+17,-2.02e+18,-1.4199999999999998e+17,gcmt,1183_gcmt,deep_subduction
13974652,2009-11-29T17:05:28,-65.884,-22.131,263.4,5.44,mw,67.0,12.0,164.0,173.0,87.0,78.0,43.710794798607175,70.67271426405091,11.602784130100666,171.992407750618,43.97084996281832,273.4167950802712,0.24,0.03,-0.27,0.25,-1.76,-0.35,gem,1186_gem,deep_subduction
C200911291705A,2009-11-29T17:05:34,-66.07,-22.1,272.7,5.4,mw,67.0,12.0,164.0,173.0,87.0,78.0,47.0,71.0,12.0,174.0,40.0,274.0,2.4e+16,3400000000000000.0,-2.7400000000000004e+16,2.52e+16,-1.76e+17,-3.53e+16,gcmt,1186_gcmt,deep_subduction
201001181228A,2010-01-18T12:28:00,-68.97,-31.48,116.0,5.4,mw,231.0,37.0,-97.0,60.0,54.0,-85.0,8.0,146.0,,,81.0,354.0,,,,,,,gmt,1189_gmt,deep_subduction
C201001181228A,2010-01-18T12:28:34,-68.6,-31.35,94.1,5.4,mwc,231.0,37.0,-97.0,60.0,54.0,-85.0,8.0,147.0,4.0,237.0,80.0,354.0,,,,,,,us,1189_us,deep_subduction
14238697,2010-01-18T12:28:35,-68.764,-31.337,102.7,5.38,mw,60.0,54.0,-85.0,231.0,37.0,-97.0,44.92686304162677,326.4238540403581,12.731697145925343,69.44819864502097,42.286228302163416,171.3064624194236,-1.39,0.98,0.41,-0.42,-0.15,0.71,gem,1189_gem,deep_subduction
C201001181228A,2010-01-18T12:28:40,-68.97,-31.48,116.1,5.4,mw,231.0,37.0,-97.0,60.0,54.0,-85.0,8.0,147.0,4.0,237.0,80.0,354.0,-1.3899999999999998e+17,9.78e+16,4.1e+16,-4.21e+16,-1.5e+16,7.08e+16,gcmt,1189_gcmtb,deep_subduction
C201001181228A,2010-01-18T12:28:40,-68.97,-31.48,116.1,5.4,mw,231.0,37.0,-97.0,60.0,54.0,-85.0,8.0,147.0,4.0,237.0,80.0,354.0,-1.3899999999999998e+17,9.78e+16,4.1e+16,-4.21e+16,-1.5e+16,7.08e+16,gcmt,1189_gcmt,deep_subduction
14238697,2010-01-18T12:28:51,-67.99,-30.97,93.0,5.4,mw,81.0,50.0,-64.0,226.0,46.0,-115.0,1.0,154.0,18.0,244.0,71.0,58.0,-12500000000.0,12900000000.0,-400000000.0,-2200000000.0,2300000000.0,8500000000.0,neic,1189_neic,deep_subduction
14328970,2010-01-28T08:04:13,-66.799,-23.482,205.0,5.89,mw,202.0,24.0,-35.0,325.0,76.0,-110.0,42.7680114184755,70.64826003308946,21.611700730280013,319.1519383639492,39.42206573226439,210.14585260847332,-3.31,-1.94,5.25,4.24,-5.63,-1.32,gem,1191_gem,deep_subduction
C201001280804A,2010-01-28T08:04:16,-66.96,-23.64,204.5,5.9,mw,202.0,24.0,-35.0,325.0,76.0,-110.0,29.0,71.0,19.0,330.0,54.0,210.0,-3.31e+17,-1.94e+17,5.25e+17,4.24e+17,-5.63e+17,-1.32e+17,gcmt,1191_gcmt,deep_subduction
14264743,2010-01-29T14:24:37,-66.839,-24.037,207.2,5.04,mw,175.0,33.0,-90.0,355.0,57.0,-90.0,45.00000000000001,85.0,1.6697912077683464e-14,175.0,45.00000000000001,265.0,-4.06,-0.18,4.24,0.17,-1.88,-0.4,gem,1192_gem,deep_subduction
17273216,2010-02-07T17:09:46,-66.404,-23.342,230.0,5.64,mw,128.0,17.0,-137.0,356.0,79.0,-78.0,44.05160778269163,75.74960108249297,13.374134968726256,179.04744454237186,42.88074852367253,281.80277929067785,-1.13,-0.3,1.44,0.22,-3.19,-0.91,gem,1194_gem,deep_subduction
C201002071709A,2010-02-07T17:09:50,-66.6,-23.36,230.9,5.6,mw,128.0,17.0,-137.0,356.0,79.0,-78.0,33.0,76.0,12.0,173.0,55.0,281.0,-1.1299999999999998e+17,-3.04e+16,1.44e+17,2.22e+16,-3.19e+17,-9.08e+16,gcmt,1194_gcmt,deep_subduction
201002121203A,2010-02-12T12:03:00,-69.02,-33.63,174.0,5.8,mw,69.0,57.0,-156.0,325.0,70.0,-35.0,8.0,20.0,,,39.0,283.0,,,,,,,gmt,1195_gmt,deep_subduction
C201002121203A,2010-02-12T12:03:38,-68.79,-33.62,148.2,5.8,mwc,69.0,57.0,-156.0,325.0,70.0,-35.0,8.0,19.0,50.0,119.0,39.0,283.0,,,,,,,us,1195_us,deep_subduction
14542435,2010-02-12T12:03:42,-68.893,-33.62,180.0,5.84,mw,69.0,57.0,-156.0,325.0,70.0,-35.0,32.33025444431057,19.7507074707018,55.61366066584705,177.39180916693476,10.459333098328642,283.0410054795709,-2.4,5.73,-3.33,0.01,-3.98,-2.93,gem,1195_gem,deep_subduction
C201002121203A,2010-02-12T12:03:43,-69.02,-33.63,173.5,5.8,mw,69.0,57.0,-156.0,325.0,70.0,-35.0,8.0,19.0,50.0,119.0,39.0,283.0,-2.4e+17,5.7300000000000006e+17,-3.33e+17,1000000000000000.0,-3.98e+17,-2.93e+17,gcmt,1195_gcmtb,deep_subduction
C201002121203A,2010-02-12T12:03:43,-69.02,-33.63,173.5,5.8,mw,69.0,57.0,-156.0,325.0,70.0,-35.0,8.0,19.0,50.0,119.0,39.0,283.0,-2.4e+17,5.7300000000000006e+17,-3.33e+17,1000000000000000.0,-3.98e+17,-2.93e+17,gcmt,1195_gcmt,deep_subduction
14318174,2010-02-18T20:56:33,-68.299,-23.111,109.5,5.24,mw,179.0,42.0,-36.0,297.0,67.0,-126.0,39.671231465103176,52.81379559308164,41.85204028335569,274.83498486225244,22.56914068201889,162.9778084003292,-0.53,0.02,0.51,0.52,-0.07,-0.54,gem,1196_gem,deep_subduction
C201002182056A,2010-02-18T20:56:38,-68.39,-23.2,130.7,5.0,mw,179.0,42.0,-36.0,297.0,67.0,-126.0,14.0,53.0,33.0,314.0,53.0,163.0,-5.34e+16,1600000000000000.0,5.18e+16,5.19e+16,-7199999999999999.0,-5.4e+16,gcmt,1196_gcmt,deep_subduction
14367050,2010-03-04T22:39:25,-68.476,-22.307,105.0,6.33,mw,2.0,67.0,-78.0,155.0,26.0,-115.0,44.384024796614014,262.9320210215648,15.624761678996077,8.817847512672301,41.450508015823424,113.11800043560696,-2.3,-0.83,3.13,-0.18,-2.55,-0.64,gem,1234_gem,deep_subduction
C201003042239A,2010-03-04T22:39:29,-68.69,-22.36,118.7,6.4,mw,155.0,26.0,-115.0,2.0,67.0,-78.0,21.0,84.0,11.0,178.0,66.0,293.0,-2.3e+18,-8.32e+17,3.13e+18,-1.79e+17,-2.55e+18,-6.35e+17,gcmt,1234_gcmt,deep_subduction
14414551,2010-03-18T19:49:35,-68.33,-21.717,133.3,5.03,mw,189.0,83.0,99.0,315.0,11.0,37.0,44.09235783672034,289.1684995371922,9.201102167761253,190.13964140804168,44.4425128376442,90.99876560563672,1.34,-0.42,-0.91,-0.92,-4.22,0.64,gem,1281_gem,deep_subduction
14591168,2010-04-05T22:36:58,-69.055,-19.928,115.0,5.79,mw,183.0,15.0,-58.0,330.0,77.0,-98.0,44.62155757099018,66.82174314098506,8.710476844445628,328.12538493244,44.06421215907174,229.5978868736873,-2.54,-0.05,2.59,2.79,-4.53,-0.65,gem,1297_gem,deep_subduction
C201004052236A,2010-04-05T22:37:01,-69.32,-20.07,124.5,5.8,mw,183.0,15.0,-58.0,330.0,77.0,-98.0,32.0,67.0,8.0,332.0,57.0,230.0,-2.54e+17,-4600000000000000.0,2.59e+17,2.79e+17,-4.53e+17,-6.46e+16,gcmt,1297_gcmt,deep_subduction
C201004092223A,2010-04-09T22:23:02,-68.12,-28.56,115.4,5.7,mwc,314.0,47.0,-117.0,170.0,49.0,-64.0,1.0,242.0,19.0,333.0,71.0,149.0,,,,,,,us,1298_us,deep_subduction
14630539,2010-04-09T22:23:02,-68.124,-28.559,117.7,5.8,mw,175.0,49.0,-60.0,314.0,49.0,-120.0,0.0,244.0,21.0,334.0,68.0,154.0,-56300000000.0,500000000.0,55800000000.0,17100000000.0,8300000000.0,-35000000000.0,neic,1298_neic,deep_subduction
14630539,2010-04-09T22:23:02,-68.198,-28.598,115.0,5.75,mw,170.0,49.0,-64.0,314.0,47.0,-117.0,43.34000519288965,61.93994694991415,46.5305815623359,236.493789667892,2.721930370918307,329.3685417282426,-4.57,0.54,4.03,1.25,0.86,-2.58,gem,1298_gem,deep_subduction
C201004092223A,2010-04-09T22:23:05,-68.36,-28.81,131.4,5.8,mw,314.0,47.0,-117.0,170.0,49.0,-64.0,1.0,242.0,19.0,333.0,71.0,149.0,-4.57e+17,5.41e+16,4.03e+17,1.25e+17,8.65e+16,-2.58e+17,gcmt,1298_gcmtb,deep_subduction
C201004092223A,2010-04-09T22:23:05,-68.36,-28.81,131.4,5.8,mw,314.0,47.0,-117.0,170.0,49.0,-64.0,1.0,242.0,19.0,333.0,71.0,149.0,-4.57e+17,5.41e+16,4.03e+17,1.25e+17,8.65e+16,-2.58e+17,gcmt,1298_gcmt,deep_subduction
14629899,2010-05-01T21:01:34,-68.608,-21.114,111.5,4.98,mw,227.0,37.0,-38.0,349.0,69.0,-121.0,40.93887062411707,101.22238635386536,36.0384058854336,332.0908450011732,28.28312355595117,219.0443385536604,-2.16,-0.62,2.77,1.1,-2.16,1.21,gem,1307_gem,deep_subduction
14668355,2010-05-04T16:12:59,-68.31,-21.955,134.9,5.34,mw,219.0,24.0,-46.0,353.0,73.0,-108.0,43.509025816853054,95.85770425137588,19.53132680646404,346.17955259758924,40.061857403928,238.82340283407927,-0.7,-0.08,0.78,0.25,-0.99,0.27,gem,1312_gem,deep_subduction
C201005041612A,2010-05-04T16:13:01,-68.66,-22.11,134.9,5.4,mw,219.0,24.0,-46.0,353.0,73.0,-108.0,26.0,96.0,17.0,358.0,59.0,238.0,-7.019999999999999e+16,-7900000000000000.0,7.82e+16,2.5e+16,-9.92e+16,2.7e+16,gcmt,1312_gcmt,deep_subduction
14788244,2010-06-26T19:01:17,-69.371,-19.015,99.3,5.41,mw,154.0,27.0,-101.0,347.0,64.0,-84.0,44.88018101698493,72.17257824001052,8.194983257519526,170.41789631629558,43.95543443289902,268.39950655665905,-1.12,-0.15,1.27,0.2,-0.97,-0.54,gem,1325_gem,deep_subduction
C201006261901A,2010-06-26T19:01:21,-69.63,-19.03,122.9,5.4,mw,154.0,27.0,-101.0,347.0,64.0,-84.0,19.0,73.0,5.0,164.0,71.0,269.0,-1.1200000000000002e+17,-1.5e+16,1.27e+17,1.99e+16,-9.69e+16,-5.39e+16,gcmt,1325_gcmt,deep_subduction
600992789,2010-07-12T00:11:19,-68.351,-22.254,107.2,6.23,mw,167.0,40.0,-73.0,325.0,52.0,-104.0,44.478897621717664,64.99880399193853,33.98148156107961,293.5547940452265,26.32777888291304,184.07118204590768,-2.48,0.23,2.24,0.66,-0.32,-1.11,gem,1331_gem,deep_subduction
C201007120011A,2010-07-12T00:11:26,-68.61,-22.4,134.7,6.3,mw,167.0,40.0,-73.0,325.0,52.0,-104.0,6.0,65.0,11.0,334.0,77.0,183.0,-2.48e+18,2.32e+17,2.2400000000000005e+18,6.63e+17,-3.15e+17,-1.11e+18,gcmt,1331_gcmt,deep_subduction
14992676,2010-07-16T02:25:24,-68.462,-21.365,124.4,5.09,mw,7.0,75.0,-113.0,245.0,27.0,-35.0,42.201022226783785,294.9772979378572,25.158317203494565,179.77019542541893,37.34895608135944,68.76627405291799,-2.48,0.49,1.99,-0.01,-4.31,2.26,gem,1335_gem,deep_subduction
C201007160225A,2010-07-16T02:25:30,-68.72,-21.54,140.1,5.0,mw,245.0,27.0,-35.0,7.0,75.0,-113.0,26.0,115.0,22.0,13.0,54.0,249.0,-2.48e+16,4910000000000000.0,1.99e+16,-70000000000000.0,-4.31e+16,2.26e+16,gcmt,1335_gcmt,deep_subduction
15010186,2010-07-26T17:31:30,-67.045,-24.135,190.0,5.53,mw,186.0,21.0,-71.0,346.0,70.0,-97.0,44.76114189984377,81.30106054945935,8.665140115166592,342.6084401224243,43.93809843803428,244.16389871912497,-1.46,-0.16,1.62,0.52,-1.78,-0.15,gem,1337_gem,deep_subduction
C201007261731A,2010-07-26T17:31:34,-67.28,-24.26,202.2,5.6,mw,186.0,21.0,-71.0,346.0,70.0,-97.0,25.0,82.0,7.0,348.0,64.0,245.0,-1.46e+17,-1.63e+16,1.62e+17,5.21e+16,-1.78e+17,-1.47e+16,gcmt,1337_gcmt,deep_subduction
15065196,2010-08-04T04:24:40,-66.81,-23.888,212.9,5.09,mw,7.0,73.0,-74.0,142.0,23.0,-133.0,43.704952958372814,264.4416054361377,18.21564437677595,12.774392748312152,40.67957925389052,119.2050366779174,-2.78,-0.58,3.36,-0.84,-4.27,-1.06,gem,1339_gem,deep_subduction
C201008040424A,2010-08-04T04:24:43,-67.0,-24.01,212.9,5.2,mw,142.0,23.0,-133.0,7.0,73.0,-74.0,26.0,84.0,16.0,182.0,59.0,299.0,-2.78e+16,-5830000000000000.0,3.36e+16,-8390000000000000.0,-4.269999999999999e+16,-1.06e+16,gcmt,1339_gcmt,deep_subduction
15120651,2010-08-25T02:35:02,-68.627,-21.098,112.1,5.14,mw,199.0,46.0,-23.0,306.0,74.0,-134.0,35.80993378077768,66.10528493150667,45.99349120455088,287.7783223489174,21.999478595855496,173.05257192100078,-2.63,-2.39,5.02,3.31,-1.68,-2.94,gem,1344_gem,deep_subduction
15162901,2010-09-05T16:06:36,-67.649,-19.163,190.3,5.18,mw,261.0,74.0,-8.0,353.0,83.0,-164.0,16.223439821898065,126.26935857106076,72.65100299697913,327.6163804205769,5.982455751828286,218.0167013969272,-1.06,-1.51,2.57,0.89,-1.79,6.73,gem,1345_gem,deep_subduction
201009131644A,2010-09-13T16:44:00,-70.46,-31.82,126.0,5.1,mw,260.0,68.0,15.0,165.0,76.0,158.0,26.0,121.0,,,5.0,213.0,,,,,,,gmt,1349_gmt,deep_subduction
C201009131644A,2010-09-13T16:44:47,-70.26,-31.85,100.9,5.1,mwc,260.0,68.0,15.0,165.0,76.0,158.0,26.0,121.0,64.0,314.0,5.0,214.0,,,,,,,us,1349_us,deep_subduction
15188703,2010-09-13T16:44:47,-70.327,-31.782,97.7,5.09,mw,165.0,76.0,158.0,260.0,68.0,15.0,5.433016523151549,301.50632270205057,66.04807948467132,199.14346005479692,23.251909149643684,33.84841945066523,1.04,-2.59,1.55,-0.68,-2.05,4.49,gem,1349_gem,deep_subduction
C201009131644A,2010-09-13T16:44:49,-70.46,-31.82,125.8,5.5,mw,260.0,68.0,15.0,165.0,76.0,158.0,26.0,121.0,64.0,314.0,5.0,214.0,1.04e+16,-2.59e+16,1.55e+16,-6760000000000000.0,-2.05e+16,4.49e+16,gcmt,1349_gcmt,deep_subduction
C201009131644A,2010-09-13T16:44:49,-70.46,-31.82,125.8,5.5,mw,260.0,68.0,15.0,165.0,76.0,158.0,26.0,121.0,64.0,314.0,5.0,214.0,1.04e+16,-2.59e+16,1.55e+16,-6760000000000000.0,-2.05e+16,4.49e+16,gcmt,1349_gcmtb,deep_subduction
15193887,2010-09-17T03:25:29,-67.288,-21.705,174.7,5.24,mw,18.0,88.0,-98.0,277.0,8.0,-12.0,44.48157201906979,295.6661202044056,8.014364110099923,197.71829144535167,44.40462341653098,99.7919233110582,-1.15,1.92,-0.76,-2.55,-8.78,0.57,gem,1352_gem,deep_subduction
C201009170325A,2010-09-17T03:25:37,-67.42,-21.89,199.4,5.4,mw,277.0,8.0,-12.0,18.0,88.0,-98.0,43.0,116.0,8.0,18.0,46.0,280.0,-1.15e+16,1.92e+16,-7640000000000000.0,-2.55e+16,-8.78e+16,5740000000000000.0,gcmt,1352_gcmt,deep_subduction
15198309,2010-09-20T03:25:30,-66.638,-27.999,170.7,5.13,mw,86.0,51.0,171.0,182.0,83.0,40.0,22.961820211956823,51.504760780252695,50.96168454459278,173.00465844749397,29.635207675057224,307.55723671488425,-0.44,-0.76,1.2,3.17,-4.37,-4.33,gem,1354_gem,deep_subduction
15211720,2010-09-26T10:16:16,-68.291,-21.264,110.1,5.01,mw,121.0,47.0,-128.0,350.0,55.0,-57.0,41.74114568201519,56.88454336786612,46.75710739573585,218.45849345566967,9.29843129254858,318.4842829911992,-2.97,0.19,2.78,-0.35,-0.99,-3.01,gem,1358_gem,deep_subduction
C201009261016A,2010-09-26T10:16:26,-68.4,-21.26,97.7,5.1,mw,121.0,47.0,-128.0,350.0,55.0,-57.0,5.0,57.0,27.0,150.0,63.0,318.0,-2.97e+16,1880000000000000.0,2.78e+16,-3540000000000000.0,-9860000000000000.0,-3.01e+16,gcmt,1358_gcmt,deep_subduction
15263328,2010-10-22T19:31:36,-68.435,-20.91,125.3,5.81,mw,89.0,20.0,-141.0,322.0,78.0,-74.0,43.558360134816354,38.78102703775363,16.896324015009593,145.56952218074343,41.59311321434895,251.2111414353855,-3.37,3.2,0.16,2.52,-5.12,-0.24,gem,1362_gem,deep_subduction
C201010221931A,2010-10-22T19:31:41,-68.79,-21.07,142.6,5.8,mw,89.0,20.0,-141.0,322.0,78.0,-74.0,31.0,39.0,16.0,138.0,55.0,252.0,-3.37e+17,3.2e+17,1.65e+16,2.52e+17,-5.12e+17,-2.4e+16,gcmt,1362_gcmt,deep_subduction
15561631,2010-11-06T12:15:41,-69.297,-18.922,106.1,4.97,mw,263.0,32.0,-6.0,358.0,87.0,-122.0,37.64599841955554,114.88044109044525,31.96206626285668,356.10983651996446,36.074398618563166,239.0729108375976,-0.32,-0.21,0.53,0.15,-2.97,1.87,gem,1368_gem,deep_subduction
C201011061215A,2010-11-06T12:15:47,-69.75,-19.17,127.6,5.2,mw,263.0,32.0,-6.0,358.0,87.0,-122.0,34.0,115.0,32.0,360.0,39.0,238.0,-3240000000000000.0,-2100000000000000.0,5340000000000000.0,1540000000000000.0,-2.97e+16,1.87e+16,gcmt,1368_gcmt,deep_subduction
15652325,2010-11-14T22:59:54,-66.731,-22.677,236.8,5.07,mw,1.0,90.0,-89.0,109.0,1.0,-161.0,44.99127423966527,270.0001522739227,1.0000000000000056,1.0,44.99127423966527,91.99984772607728,-0.82,1.53,-0.7,-0.11,-5.0,-0.11,gem,1370_gem,deep_subduction
15678107,2010-11-29T19:57:56,-66.809,-23.978,209.9,5.18,mw,3.0,72.0,-101.0,215.0,21.0,-61.0,44.40171692869104,281.6490885875262,12.837375145009162,178.75377019585312,42.76751848079596,76.58571379153852,-4.15,-0.02,4.17,0.02,-5.78,1.56,gem,1372_gem,deep_subduction
C201011291958A,2010-11-29T19:57:59,-67.03,-24.11,209.9,5.0,mw,215.0,21.0,-61.0,3.0,72.0,-101.0,26.0,102.0,10.0,7.0,62.0,257.0,-4.15e+16,-180000000000000.0,4.17e+16,170000000000000.0,-5.78e+16,1.56e+16,gcmt,1372_gcmt,deep_subduction
15954754,2010-12-15T18:22:23,-69.175,-17.799,142.8,5.07,mw,8.0,71.0,-160.0,271.0,71.0,-20.0,24.64947730363203,319.6412038911876,65.35029484603787,139.37875486512962,0.0994848120049,229.5955521791805,-0.93,1.23,-0.29,1.43,-1.7,4.38,gem,1374_gem,deep_subduction
15905612,2011-01-04T22:59:08,-69.791,-29.075,133.6,5.0,mw,7.0,0.0,7.0,,,,,,,,,,,,,,,,sja,1376_sja,deep_subduction
15905612,2011-01-04T22:59:10,-69.725,-29.119,122.8,5.31,mw,7.0,35.0,127.0,144.0,62.0,67.0,30.73830826750008,14.630698090329474,31.486415003139903,125.98997574640111,43.04843913607949,250.8875204585108,0.9,-0.01,-0.88,0.58,-0.32,0.21,gem,1376_gem,deep_subduction
C201101042259A,2011-01-04T22:59:14,-69.91,-29.28,130.2,5.8,mw,7.0,35.0,127.0,144.0,62.0,67.0,65.0,13.0,20.0,155.0,14.0,251.0,8.95e+16,-1100000000000000.0,-8.84e+16,5.769999999999999e+16,-3.23e+16,2.07e+16,gcmt,1376_gcmtb,deep_subduction
C201101042259A,2011-01-04T22:59:14,-69.91,-29.28,130.2,5.8,mw,7.0,35.0,127.0,144.0,62.0,67.0,65.0,13.0,20.0,155.0,14.0,251.0,8.95e+16,-1100000000000000.0,-8.84e+16,5.769999999999999e+16,-3.23e+16,2.07e+16,gcmt,1376_gcmt,deep_subduction
pde20110104225910000_110,2011-01-04T22:59:14,-69.91,-29.28,130.2,5.3,mwc,7.0,35.0,127.0,144.0,62.0,67.0,65.0,13.0,20.0,155.0,14.0,251.0,8.95e+16,-1100000000000000.0,-8.84e+16,5.77e+16,-3.23e+16,2.07e+16,us,1376_us,deep_subduction
16328776,2011-02-08T13:03:29,-69.68,-27.628,93.4,5.38,mw,199.0,82.0,-44.0,296.0,47.0,-169.0,32.39674958087422,75.50344380253398,46.53273943514175,207.52660987477373,25.563537659205487,327.8340494464379,-0.31,-0.62,0.93,0.36,0.89,-0.72,gem,1386_gem,deep_subduction
16328776,2011-02-08T13:03:30,-69.521,-27.618,94.9,5.4,mw,219.0,68.0,-64.0,347.0,33.0,-137.0,19.0,291.0,24.0,29.0,59.0,165.0,-8700000000.0,-3499999999.9999995,12200000000.0,6800000000.000001,6899999999.999999,5000000000.0,neic,1386_neic,deep_subduction
C201102081303A,2011-02-08T13:03:34,-69.96,-27.82,109.3,5.4,mw,296.0,47.0,-169.0,199.0,82.0,-44.0,23.0,255.0,45.0,10.0,36.0,147.0,-3.11e+16,-6.19e+16,9.3e+16,3.6e+16,8.85e+16,-7.21e+16,gcmt,1386_gcmt,deep_subduction
C201102081303A,2011-02-08T13:03:34,-69.96,-27.82,109.3,5.4,mw,296.0,47.0,-169.0,199.0,82.0,-44.0,23.0,255.0,45.0,10.0,36.0,147.0,-3.11e+16,-6.19e+16,9.3e+16,3.6e+16,8.85e+16,-7.21e+16,gcmt,1386_gcmtb,deep_subduction
16024887,2011-02-14T21:56:44,-69.117,-20.015,99.8,5.24,mw,244.0,57.0,-28.0,350.0,67.0,-144.0,33.71671644229435,115.10292106711852,55.05678570890058,312.3429227816929,8.11724458696592,210.5646753862128,-0.33,-0.2,0.53,0.45,-0.34,0.53,gem,1397_gem,deep_subduction
C201102142156A,2011-02-14T21:56:52,-69.2,-20.13,124.1,5.2,mw,244.0,57.0,-28.0,350.0,67.0,-144.0,6.0,115.0,48.0,19.0,41.0,210.0,-3.33e+16,-2.01e+16,5.34e+16,4.47e+16,-3.4000000000000004e+16,5.29e+16,gcmt,1397_gcmt,deep_subduction
16166883,2011-02-28T20:45:42,-69.044,-20.405,99.9,5.28,mw,201.0,15.0,-61.0,351.0,77.0,-97.0,44.68617622720836,87.28490053113046,8.020464564658734,349.2735121889783,44.1982943694539,251.39829806130163,-0.4,-0.11,0.5,0.16,-0.9,0.03,gem,1403_gem,deep_subduction
C201102282045A,2011-02-28T20:45:45,-69.44,-20.52,125.6,5.2,mw,201.0,15.0,-61.0,351.0,77.0,-97.0,32.0,87.0,7.0,352.0,57.0,251.0,-3.97e+16,-1.1e+16,5.07e+16,1.58e+16,-8.99e+16,3400000000000000.0,gcmt,1403_gcmt,deep_subduction
16196152,2011-03-05T09:38:49,-69.165,-20.238,95.8,5.06,mw,145.0,35.0,-108.0,347.0,57.0,-78.0,44.52472110469736,67.8686803686565,23.26914360155377,182.8899032971899,36.405018581531536,291.3777456354344,-3.5,-0.75,4.25,0.32,-1.79,-2.53,gem,1405_gem,deep_subduction
16196722,2011-03-06T12:31:58,-69.495,-18.191,110.3,6.26,mw,210.0,26.0,-37.0,335.0,75.0,-111.0,42.61544041236842,80.8015768638133,23.431971015937656,327.30161070397105,38.25940578527325,217.31616625130363,-1.44,-0.58,2.02,1.3,-2.12,0.1,gem,1406_gem,deep_subduction
C201103061231A,2011-03-06T12:32:02,-69.73,-18.28,126.3,6.3,mw,210.0,26.0,-37.0,335.0,75.0,-111.0,27.0,81.0,20.0,340.0,55.0,218.0,-1.44e+18,-5.8e+17,2.02e+18,1.3e+18,-2.12e+18,9.8e+16,gcmt,1406_gcmt,deep_subduction
16295222,2011-03-09T13:24:06,-69.138,-27.576,103.1,5.16,mw,15.0,30.0,-65.0,166.0,63.0,-104.0,44.28325595147172,266.7931839910956,19.93895597654613,156.0732800101639,39.00997354801178,48.98377894927592,-5.34,-0.39,5.73,-1.67,3.69,0.03,gem,1407_gem,deep_subduction
C201103091324A,2011-03-09T13:24:10,-69.29,-27.53,114.8,5.0,mw,15.0,30.0,-65.0,166.0,63.0,-104.0,17.0,266.0,12.0,172.0,69.0,49.0,-5.34e+16,-3920000000000000.0,5.730000000000001e+16,-1.67e+16,3.69e+16,320000000000000.0,gcmt,1407_gcmtb,deep_subduction
C201103091324A,2011-03-09T13:24:10,-69.29,-27.53,114.8,5.0,mw,15.0,30.0,-65.0,166.0,63.0,-104.0,17.0,266.0,12.0,172.0,69.0,49.0,-5.34e+16,-3920000000000000.0,5.730000000000001e+16,-1.67e+16,3.69e+16,320000000000000.0,gcmt,1407_gcmt,deep_subduction
16338043,2011-03-19T08:35:00,-68.541,-22.037,107.7,5.3,mw,173.0,28.0,-85.0,347.0,62.0,-93.0,44.97373179538897,79.30355301364295,4.161525897957056,345.1348374595092,44.724533786883306,251.0022904772771,-0.85,-0.09,0.94,0.16,-0.6,-0.2,gem,1410_gem,deep_subduction
C201103190835A,2011-03-19T08:35:03,-68.83,-22.0,131.2,5.2,mw,173.0,28.0,-85.0,347.0,62.0,-93.0,17.0,79.0,3.0,348.0,73.0,250.0,-8.53e+16,-9200000000000000.0,9.46e+16,1.61e+16,-5.96e+16,-2.03e+16,gcmt,1410_gcmt,deep_subduction
602546014,2011-04-02T10:59:38,-69.215,-19.661,100.7,5.86,mw,230.0,24.0,-35.0,352.0,76.0,-110.0,42.76801141847553,98.64826003308946,21.611700730280027,347.1519383639492,39.42206573226439,238.14585260847332,-3.32,-0.59,3.91,1.59,-6.27,2.04,gem,1414_gem,deep_subduction
C201104021059A,2011-04-02T10:59:42,-69.51,-19.75,117.8,5.9,mw,230.0,24.0,-35.0,352.0,76.0,-110.0,29.0,98.0,20.0,357.0,54.0,237.0,-3.32e+17,-5.95e+16,3.91e+17,1.59e+17,-6.27e+17,2.04e+17,gcmt,1414_gcmt,deep_subduction
16587483,2011-04-12T21:44:40,-66.712,-23.872,210.0,5.14,mw,10.0,75.0,-57.0,122.0,36.0,-154.0,39.37782869561581,255.27903423439344,35.4148092725031,20.983472809536124,30.767295562209,136.0279834343205,-2.54,-1.49,4.03,-1.2,-4.29,-2.6,gem,1417_gem,deep_subduction
16500448,2011-05-08T20:46:17,-66.407,-23.196,223.8,5.07,mw,177.0,88.0,133.0,269.0,43.0,3.0,30.345172134748253,302.00352835897263,43.03708720249704,178.8685420218917,31.884041479219054,53.35942638536813,0.16,-0.48,0.32,-0.19,-3.66,3.37,gem,1424_gem,deep_subduction
16575907,2011-06-08T03:06:21,-69.588,-17.166,139.7,5.94,mw,208.0,32.0,-27.0,321.0,76.0,-119.0,40.444993035814136,73.75880509214005,31.14296473345501,312.7556120247583,33.938075418038466,198.7622873491135,-0.4,-0.32,0.72,0.56,-0.55,-0.12,gem,1430_gem,deep_subduction
C201106080306A,2011-06-08T03:06:24,-69.84,-17.37,150.4,5.9,mw,208.0,32.0,-27.0,321.0,76.0,-119.0,25.0,73.0,28.0,329.0,50.0,198.0,-4.03e+17,-3.18e+17,7.22e+17,5.6200000000000006e+17,-5.4500000000000006e+17,-1.24e+17,gcmt,1430_gcmt,deep_subduction
16638810,2011-06-20T16:36:00,-68.338,-21.762,121.2,6.53,mw,261.0,11.0,-9.0,360.0,88.0,-101.0,44.038655078661535,100.22171839623628,10.881843088884803,359.5083542518215,43.91891533359426,258.8402288672901,-0.3,-0.35,0.65,-0.02,-7.58,1.5,gem,1431_gem,deep_subduction
C201106201635A,2011-06-20T16:36:06,-68.63,-21.89,131.4,6.5,mw,261.0,11.0,-9.0,360.0,88.0,-101.0,42.0,100.0,11.0,0.0,46.0,258.0,-3e+17,-3.55e+17,6.55e+17,-2e+16,-7.58e+18,1.5e+18,gcmt,1431_gcmt,deep_subduction
16644203,2011-06-22T13:57:30,-66.675,-27.996,158.6,5.32,mw,94.0,78.0,133.0,196.0,44.0,17.0,25.34759126374796,223.5421708531964,44.324813828835794,105.9820391480098,34.97049396109095,332.8919956836489,0.31,-0.36,0.05,0.79,-0.33,-0.74,gem,1432_gem,deep_subduction
C201106221357A,2011-06-22T13:57:36,-66.82,-28.24,174.4,5.3,mw,196.0,44.0,17.0,94.0,78.0,133.0,40.0,43.0,42.0,263.0,21.0,152.0,3.11e+16,-3.65e+16,5400000000000000.0,7.89e+16,-3.27e+16,-7.44e+16,gcmt,1432_gcmtb,deep_subduction
C201106221357A,2011-06-22T13:57:36,-66.82,-28.24,174.4,5.3,mw,196.0,44.0,17.0,94.0,78.0,133.0,40.0,43.0,42.0,263.0,21.0,152.0,3.11e+16,-3.65e+16,5400000000000000.0,7.89e+16,-3.27e+16,-7.44e+16,gcmt,1432_gcmt,deep_subduction
16949484,2011-07-05T10:30:18,-68.459,-19.598,143.0,4.97,mw,241.0,70.0,-13.0,336.0,78.0,-160.0,21.45466254329866,107.2159595488572,67.71860043733959,303.6569542649017,5.732012817769779,199.4767537039401,-0.71,-2.25,2.96,0.93,-0.7,1.93,gem,1434_gem,deep_subduction
16844774,2011-07-15T14:55:31,-68.525,-21.105,110.5,5.38,mw,166.0,49.0,-82.0,334.0,42.0,-99.0,44.840426166796185,70.34052127533693,32.42962736747949,199.524731938753,27.639300153817008,308.9577953868257,-1.42,0.13,1.29,0.07,0.23,-0.49,gem,1436_gem,deep_subduction
C201107151455A,2011-07-15T14:55:38,-68.89,-21.2,111.9,5.2,mw,334.0,42.0,-99.0,166.0,49.0,-82.0,4.0,250.0,6.0,340.0,83.0,128.0,-1.42e+17,1.33e+16,1.29e+17,6900000000000001.0,2.26e+16,-4.95e+16,gcmt,1436_gcmt,deep_subduction
16884001,2011-07-23T02:56:51,-69.705,-29.335,103.4,5.5,mw,32.0,73.0,101.0,178.0,21.0,58.0,61.0,318.0,11.0,208.0,27.0,113.0,12900000000.0,600000000.0,-13500000000.000002,11000000000.000002,15400000000.0,-4300000000.0,neic,1438_neic,deep_subduction
16884001,2011-07-23T02:56:53,-69.959,-29.35,120.0,5.46,mw,36.0,53.0,107.0,189.0,40.0,68.0,23.76261833665684,178.65174492544963,36.38143589222572,69.72388399811217,44.1860731724664,293.98858158969324,1.75,-0.16,-1.59,0.56,0.2,-0.71,gem,1438_gem,deep_subduction
C201107230256A,2011-07-23T02:56:55,-70.05,-29.41,127.3,5.5,mw,189.0,40.0,68.0,36.0,53.0,107.0,75.0,360.0,14.0,205.0,6.0,114.0,1.75e+17,-1.58e+16,-1.59e+17,5.639999999999999e+16,2.02e+16,-7.11e+16,gcmt,1438_gcmt,deep_subduction
C201107230256A,2011-07-23T02:56:55,-70.05,-29.41,127.3,5.5,mw,189.0,40.0,68.0,36.0,53.0,107.0,75.0,360.0,14.0,205.0,6.0,114.0,1.75e+17,-1.58e+16,-1.59e+17,5.639999999999999e+16,2.02e+16,-7.11e+16,gcmt,1438_gcmtb,deep_subduction
pde20110723025651350_103,2011-07-23T02:56:55,-70.05,-29.41,127.3,5.5,mwb,189.0,40.0,68.0,36.0,53.0,107.0,75.0,360.0,14.0,205.0,6.0,114.0,1.75e+17,-1.6e+16,-1.59e+17,5.6e+16,2e+16,-7.1e+16,us,1438_us,deep_subduction
16918148,2011-07-31T17:36:29,-66.681,-27.831,164.5,5.43,mw,188.0,47.0,-25.0,296.0,72.0,-134.0,35.998928322024064,56.36596963059321,46.96753058114181,275.26934157344374,20.28670575597587,161.94421208055746,-0.74,-0.3,1.04,1.02,-0.16,-1.03,gem,1444_gem,deep_subduction
C201107311736A,2011-07-31T17:36:34,-66.74,-28.12,181.2,5.3,mw,188.0,47.0,-25.0,296.0,72.0,-134.0,15.0,57.0,41.0,312.0,45.0,162.0,-7.39e+16,-2.96e+16,1.04e+17,1.02e+17,-1.59e+16,-1.03e+17,gcmt,1444_gcmt,deep_subduction
C201107311736A,2011-07-31T17:36:34,-66.74,-28.12,181.2,5.3,mw,188.0,47.0,-25.0,296.0,72.0,-134.0,15.0,57.0,41.0,312.0,45.0,162.0,-7.39e+16,-2.96e+16,1.04e+17,1.02e+17,-1.59e+16,-1.03e+17,gcmt,1444_gcmtb,deep_subduction
17217001,2011-09-09T02:33:52,-68.733,-22.422,95.8,5.39,mw,209.0,50.0,-40.0,328.0,60.0,-132.0,38.91320163951469,85.9914641805114,49.29169345915143,286.2279438008874,10.109846380242256,184.2674464719195,-0.95,-0.54,1.49,0.67,-0.22,-0.07,gem,1449_gem,deep_subduction
C201109090233A,2011-09-09T02:33:58,-68.93,-22.57,122.9,5.3,mw,209.0,50.0,-40.0,328.0,60.0,-132.0,6.0,86.0,36.0,352.0,54.0,184.0,-9.48e+16,-5.42e+16,1.49e+17,6.66e+16,-2.2e+16,-7099999999999999.0,gcmt,1449_gcmt,deep_subduction
17324844,2011-10-03T17:35:53,-69.189,-20.139,101.7,5.04,mw,155.0,19.0,-95.0,341.0,71.0,-88.0,44.98570288733128,68.93361125122806,2.058815132927853,160.99272850178943,44.940349288284175,253.048587059256,-2.37,-0.32,2.68,1.16,-3.34,-1.39,gem,1454_gem,deep_subduction
17332890,2011-10-06T17:05:29,-66.475,-23.069,218.3,5.25,mw,249.0,7.0,-1.0,340.0,90.0,-97.0,44.57642012279422,76.92537306912334,6.9989912264579885,339.97758687816304,44.572827882421976,243.0306762261204,0.72,-2.09,1.36,2.87,-8.74,0.11,gem,1455_gem,deep_subduction
17349018,2011-10-18T01:39:35,-66.746,-23.202,214.2,5.08,mw,142.0,23.0,-114.0,348.0,69.0,-80.0,44.56335312399582,70.27508721917786,12.17172859350456,172.53979277306598,42.88765812618435,274.09699033951745,-3.22,0.25,2.97,0.55,-3.7,-1.53,gem,1456_gem,deep_subduction
17389917,2011-10-20T23:26:46,-66.388,-22.885,245.2,5.16,mw,4.0,83.0,-73.0,116.0,19.0,-157.0,43.0392511325747,259.23200185901794,17.354611924459,6.199068122957328,41.85508178929583,112.45678893992056,-0.95,-1.75,2.7,0.0,-6.15,-1.76,gem,1458_gem,deep_subduction
C201110202326A,2011-10-20T23:26:48,-66.51,-22.97,245.2,5.1,mw,116.0,19.0,-157.0,4.0,83.0,-73.0,36.0,79.0,17.0,182.0,49.0,293.0,-9510000000000000.0,-1.75e+16,2.7e+16,30000000000000.0,-6.15e+16,-1.76e+16,gcmt,1458_gcmt,deep_subduction
17393567,2011-10-22T10:07:42,-69.549,-18.041,122.2,5.11,mw,234.0,9.0,-31.0,355.0,85.0,-98.0,44.55560985406709,91.81020043317562,7.806140779991837,354.0526282024369,44.38735889232591,256.3407681620181,-0.9,-0.12,1.02,0.55,-5.6,0.66,gem,1459_gem,deep_subduction
C201110221007A,2011-10-22T10:07:48,-69.75,-18.1,152.2,5.0,mw,234.0,9.0,-31.0,355.0,85.0,-98.0,40.0,92.0,8.0,356.0,49.0,257.0,-9040000000000000.0,-1190000000000000.0,1.02e+16,5540000000000000.0,-5.6e+16,6630000000000000.0,gcmt,1459_gcmt,deep_subduction
600094070,2011-10-22T11:02:56,-68.769,-20.088,117.3,5.1,mw,145.0,25.0,-101.0,337.0,66.0,-85.0,44.893668689798055,63.27301470408838,7.026571937303864,160.32666658063238,44.24883994858857,257.2225308880923,-3.88,0.53,3.35,1.31,-3.42,-2.14,gem,1460_gem,deep_subduction
17465350,2011-11-01T17:58:32,-69.198,-23.884,77.8,5.03,mw,118.0,38.0,-144.0,358.0,69.0,-58.0,40.45508758684058,64.86599080280388,37.32721815605998,195.42595222150425,27.36685769118256,308.6736732642544,-2.35,-0.35,2.7,-0.18,-2.58,-2.5,gem,1462_gem,deep_subduction
17495314,2011-11-03T11:40:08,-69.144,-24.058,93.4,5.26,mw,178.0,42.0,-53.0,312.0,58.0,-118.0,42.40732553343314,62.51588946989614,41.51258070659368,278.5730457391358,18.991721814634133,170.83731424842767,-0.64,-0.17,0.8,0.21,-0.21,-0.69,gem,1463_gem,deep_subduction
C201111031140A,2011-11-03T11:40:12,-69.22,-24.08,113.1,5.1,mw,178.0,42.0,-53.0,312.0,58.0,-118.0,9.0,62.0,24.0,328.0,65.0,171.0,-6.42e+16,-1.66e+16,8.09e+16,2.09e+16,-2.09e+16,-6.919999999999999e+16,gcmt,1463_gcmt,deep_subduction
17558606,2011-11-23T01:43:46,-68.036,-22.863,131.9,5.13,mw,133.0,29.0,-124.0,351.0,67.0,-73.0,43.76330560498128,67.80544719411455,22.40982396753584,181.0678527629741,37.83472758021754,289.7469945694375,-4.08,0.29,3.79,0.11,-4.07,-2.41,gem,1468_gem,deep_subduction
C201111230143A,2011-11-23T01:43:51,-68.29,-22.83,160.1,5.1,mw,133.0,29.0,-124.0,351.0,67.0,-73.0,20.0,68.0,16.0,164.0,64.0,289.0,-4.08e+16,2930000000000000.0,3.79e+16,1140000000000000.0,-4.07e+16,-2.41e+16,gcmt,1468_gcmt,deep_subduction
600268297,2012-01-28T08:51:41,-66.398,-21.626,251.6,5.31,mw,111.0,36.0,-125.0,332.0,62.0,-67.0,43.16845353718025,45.639985558923456,32.53035012319807,172.38735667640117,29.519561901106574,283.55794956771007,-0.87,0.5,0.37,0.1,-0.6,-0.61,gem,1481_gem,deep_subduction
C201201280851A,2012-01-28T08:51:43,-66.6,-21.53,251.6,5.1,mw,111.0,36.0,-125.0,332.0,62.0,-67.0,14.0,46.0,20.0,141.0,66.0,284.0,-8.72e+16,4.96e+16,3.76e+16,9600000000000000.0,-5.96e+16,-6.15e+16,gcmt,1481_gcmt,deep_subduction
600772048,2012-03-10T02:26:56,-69.133,-19.662,102.0,5.16,mw,1.0,71.0,-89.0,179.0,19.0,-91.0,44.99517143321327,270.2133303101687,1.1997955409689192,1.4131867116773833,44.979708059568026,92.61239554251802,-3.85,-0.52,4.37,-0.07,-5.32,-0.01,gem,1487_gem,deep_subduction
C201203100226A,2012-03-10T02:27:01,-69.36,-19.76,127.8,5.3,mw,179.0,19.0,-91.0,1.0,71.0,-89.0,26.0,90.0,0.0,180.0,64.0,271.0,-3.85e+16,-5160000000000000.0,4.37e+16,-660000000000000.0,-5.32e+16,-100000000000000.0,gcmt,1487_gcmt,deep_subduction
600840143,2012-04-01T07:31:36,-69.197,-23.148,91.5,5.02,mw,2.0,77.0,-137.0,260.0,48.0,-18.0,33.493664575522175,304.96284646334936,48.31082785654328,166.9762514527864,21.79143890023241,50.30348102194933,-1.12,0.26,0.85,0.97,-2.63,2.87,gem,1491_gem,deep_subduction
600847142,2012-04-03T07:25:08,-69.007,-19.596,113.2,4.97,mw,110.0,12.0,-130.0,331.0,81.0,-82.0,44.60987423214321,53.88205837623491,8.085128771061463,151.93770576236744,44.25667342418895,249.89398113526383,-1.13,0.71,0.42,1.54,-2.92,-0.68,gem,1493_gem,deep_subduction
C201204030725A,2012-04-03T07:25:10,-69.22,-19.64,139.3,5.5,mw,110.0,12.0,-130.0,331.0,81.0,-82.0,35.0,54.0,8.0,149.0,54.0,250.0,-1.1299999999999998e+16,7070000000000000.0,4210000000000000.0,1.54e+16,-2.92e+16,-6840000000000001.0,gcmt,1493_gcmt,deep_subduction
601012000,2012-05-14T10:00:39,-69.758,-17.752,105.0,6.27,mw,203.0,25.0,-25.0,315.0,80.0,-113.0,41.8185176214561,64.63472455169034,23.880110777764727,311.30023602377906,38.73535403948061,200.4983728380508,-0.86,-0.8,1.65,1.85,-1.92,-0.76,gem,1498_gem,deep_subduction
C201205141000A,2012-05-14T10:00:43,-69.94,-18.0,119.2,6.2,mw,203.0,25.0,-25.0,315.0,80.0,-113.0,31.0,64.0,22.0,320.0,50.0,200.0,-8.56e+17,-7.98e+17,1.65e+18,1.85e+18,-1.92e+18,-7.6e+17,gcmt,1498_gcmt,deep_subduction
201205241918A,2012-05-24T19:18:00,-70.84,-37.11,163.0,5.4,mw,123.0,17.0,-146.0,360.0,81.0,-76.0,34.0,78.0,,,52.0,287.0,,,,,,,gmt,1500_gmt,deep_subduction
pde20120524191854970_150,2012-05-24T19:18:54,-70.467,-36.912,153.0,5.4,mwb,104.0,19.0,-165.0,360.0,85.0,-71.0,37.0,73.0,19.0,178.0,47.0,289.0,-2.8e+16,1000000000000000.0,2.7e+16,-5000000000000000.0,-1.65e+17,-5.7e+16,us,1500_us,deep_subduction
601033403,2012-05-24T19:18:54,-70.7,-36.989,147.3,5.41,mw,123.0,17.0,-146.0,360.0,81.0,-76.0,43.717396421492246,78.0659745790008,14.784477908998095,182.6833202290312,42.54815144940487,286.7025736692161,-0.49,-0.03,0.51,-0.05,-1.49,-0.39,gem,1500_gem,deep_subduction
601033403,2012-05-24T19:18:54,-70.467,-36.912,150.4,5.4,mw,104.0,19.0,-165.0,360.0,85.0,-71.0,37.0,73.0,19.0,178.0,47.0,289.0,-2800000000.0000005,100000000.0,2700000000.0,-500000000.0,-16500000000.0,-5699999999.999999,neic,1500_neic,deep_subduction
C201205241918A,2012-05-24T19:18:55,-70.84,-37.11,162.6,5.4,mw,123.0,17.0,-146.0,360.0,81.0,-76.0,34.0,78.0,14.0,178.0,52.0,286.0,-4.9e+16,-2500000000000000.0,5.15e+16,-5000000000000000.0,-1.49e+17,-3.9e+16,gcmt,1500_gcmt,deep_subduction
C201205241918A,2012-05-24T19:18:55,-70.84,-37.11,162.6,5.4,mw,123.0,17.0,-146.0,360.0,81.0,-76.0,34.0,78.0,14.0,178.0,52.0,286.0,-4.9e+16,-2500000000000000.0,5.15e+16,-5000000000000000.0,-1.49e+17,-3.9e+16,gcmt,1500_gcmtb,deep_subduction
601095937,2012-06-03T11:39:25,-68.319,-21.422,118.2,5.19,mw,152.0,28.0,-94.0,336.0,63.0,-88.0,44.983183429366456,64.95733928544695,3.339570337800993,158.30063155835535,44.82238390340675,251.62518940379024,-5.67,0.56,5.11,1.64,-3.94,-2.89,gem,1501_gem,deep_subduction
C201206031139A,2012-06-03T11:39:29,-68.42,-21.41,141.5,5.0,mw,152.0,28.0,-94.0,336.0,63.0,-88.0,17.0,65.0,2.0,155.0,72.0,251.0,-5.67e+16,5649999999999999.0,5.11e+16,1.64e+16,-3.94e+16,-2.89e+16,gcmt,1501_gcmt,deep_subduction
601191896,2012-06-24T10:25:55,-66.774,-22.507,200.3,5.4,mw,125.0,24.0,-118.0,335.0,69.0,-78.0,44.369229810798494,56.15254979121664,14.657581616416763,160.9769533417176,41.95633988314531,264.57704031632136,-1.03,0.43,0.6,0.38,-1.08,-0.56,gem,1504_gem,deep_subduction
C201206241025A,2012-06-24T10:26:00,-66.94,-22.52,219.8,5.4,mw,125.0,24.0,-118.0,335.0,69.0,-78.0,23.0,56.0,11.0,151.0,64.0,264.0,-1.03e+17,4.31e+16,6.02e+16,3.76e+16,-1.08e+17,-5.570000000000001e+16,gcmt,1504_gcmt,deep_subduction
601218147,2012-07-01T00:44:31,-68.361,-22.485,111.4,5.02,mw,136.0,7.0,-106.0,332.0,83.0,-88.0,44.97377272587565,60.36883521201287,1.9793120629628136,152.34751633808992,44.957878101434815,244.3250995058781,-0.99,0.36,0.62,1.84,-3.54,-0.44,gem,1505_gem,deep_subduction
601467953,2012-07-25T06:01:14,-66.693,-28.036,167.6,5.13,mw,185.0,45.0,-41.0,307.0,62.0,-127.0,40.04879647498167,62.19845244766509,44.99999999999999,275.0,17.051574802635113,167.13861328941243,-3.99,-0.58,4.58,3.1,-0.44,-2.98,gem,1509_gem,deep_subduction
C201208041905A,2012-08-04T19:05:42,-69.51,-31.93,117.5,5.2,mw,171.0,65.0,-175.0,79.0,86.0,-25.0,14.0,128.0,65.0,250.0,20.0,32.0,-1.06e+16,-3200000000000000.0,1.3799999999999998e+16,-1.08e+16,-6940000000000000.0,2.76e+16,gcmt,1510_gcmt,deep_subduction
C201208041905A,2012-08-04T19:05:42,-69.51,-31.93,117.5,5.2,mw,171.0,65.0,-175.0,79.0,86.0,-25.0,14.0,128.0,65.0,250.0,20.0,32.0,-1.06e+16,-3200000000000000.0,1.3799999999999998e+16,-1.08e+16,-6940000000000000.0,2.76e+16,gcmt,1510_gcmtb,deep_subduction
601687282,2012-09-07T02:37:00,-68.343,-22.401,103.9,5.04,mw,121.0,24.0,-123.0,336.0,70.0,-77.0,44.13380326720967,55.90791002310471,16.455613182680526,162.5607794820695,41.25782972814721,267.5777330253493,-2.78,1.13,1.65,1.1,-3.24,-1.79,gem,1515_gem,deep_subduction
C201209070237A,2012-09-07T02:37:06,-68.66,-22.43,134.8,5.1,mw,121.0,24.0,-123.0,336.0,70.0,-77.0,24.0,56.0,13.0,151.0,63.0,267.0,-2.78e+16,1.1299999999999998e+16,1.65e+16,1.1e+16,-3.2400000000000004e+16,-1.79e+16,gcmt,1515_gcmt,deep_subduction
201209110635A,2012-09-11T06:35:00,-68.39,-31.92,127.0,5.0,mw,20.0,35.0,-77.0,184.0,56.0,-99.0,11.0,281.0,,,77.0,65.0,,,,,,,gmt,1516_gmt,deep_subduction
601703111,2012-09-11T06:35:38,-68.293,-31.824,119.6,4.98,mw,20.0,35.0,-77.0,184.0,56.0,-99.0,44.751028263216064,280.68694072582946,18.717654206830645,171.060098886947,39.31134329999091,64.9528079180692,-3.56,0.35,3.21,-0.29,1.43,0.65,gem,1516_gem,deep_subduction
C201209110635A,2012-09-11T06:35:39,-68.39,-31.92,127.0,5.2,mw,20.0,35.0,-77.0,184.0,56.0,-99.0,11.0,280.0,8.0,189.0,77.0,64.0,-3.56e+16,3550000000000000.0,3.21e+16,-2920000000000000.0,1.43e+16,6500000000000000.0,gcmt,1516_gcmtb,deep_subduction
C201209110635A,2012-09-11T06:35:39,-68.39,-31.92,127.0,5.2,mw,20.0,35.0,-77.0,184.0,56.0,-99.0,11.0,280.0,8.0,189.0,77.0,64.0,-3.56e+16,3550000000000000.0,3.21e+16,-2920000000000000.0,1.43e+16,6500000000000000.0,gcmt,1516_gcmt,deep_subduction
601735816,2012-09-21T12:17:25,-69.175,-19.672,103.7,5.35,mw,184.0,5.0,-66.0,339.0,85.0,-92.0,44.96892833642121,71.81099869070323,2.0575944800320456,339.754308998542,44.957211483151305,247.69846067276265,-0.2,-0.04,0.23,0.47,-1.24,-0.06,gem,1517_gem,deep_subduction
C201209211217A,2012-09-21T12:17:29,-69.53,-19.72,124.7,5.4,mw,184.0,5.0,-66.0,339.0,85.0,-92.0,40.0,71.0,2.0,339.0,50.0,247.0,-2.02e+16,-3700000000000000.0,2.39e+16,4.74e+16,-1.24e+17,-5500000000000000.0,gcmt,1517_gcmt,deep_subduction
601741012,2012-09-26T17:44:59,-68.613,-22.292,107.8,5.17,mw,151.0,35.0,-107.0,351.0,57.0,-78.0,44.57565324529223,73.15932747215777,22.473633986054825,187.2129801848984,36.94653734909021,295.3398021381888,-6.13,0.04,6.1,-0.25,-2.8,-2.29,gem,1518_gem,deep_subduction
C201209261745A,2012-09-26T17:45:02,-68.71,-22.35,129.9,5.1,mw,151.0,35.0,-107.0,351.0,57.0,-78.0,11.0,73.0,10.0,165.0,75.0,296.0,-6.13e+16,390000000000000.0,6.1e+16,-2500000000000000.0,-2.8e+16,-2.29e+16,gcmt,1518_gcmt,deep_subduction
601767300,2012-09-29T17:48:57,-69.695,-17.495,132.5,5.3,mw,252.0,40.0,-3.0,344.0,88.0,-130.0,33.46523125604973,106.36496169525168,39.998009304493166,342.6806349149735,32.12531443590084,220.8880507390756,-0.04,-0.34,0.38,0.36,-0.79,0.62,gem,1519_gem,deep_subduction
C201209291748A,2012-09-29T17:49:03,-69.86,-17.64,145.8,5.2,mw,252.0,40.0,-3.0,344.0,88.0,-130.0,31.0,106.0,40.0,345.0,34.0,220.0,-3700000000000000.0,-3.4300000000000004e+16,3.8e+16,3.57e+16,-7.87e+16,6.25e+16,gcmt,1519_gcmt,deep_subduction
601794915,2012-10-08T01:50:25,-68.282,-21.767,114.3,5.77,mw,7.0,59.0,-74.0,158.0,35.0,-114.0,44.13485423812022,265.4789163753713,26.5382578963603,24.46235803562007,34.17125304303568,134.28053013246722,-4.52,-0.83,5.35,-0.87,-2.36,-0.75,gem,1520_gem,deep_subduction
C201210080150A,2012-10-08T01:50:29,-68.46,-21.83,131.2,5.8,mw,158.0,35.0,-114.0,7.0,59.0,-74.0,12.0,85.0,14.0,178.0,71.0,315.0,-4.52e+17,-8.33e+16,5.35e+17,-8.7e+16,-2.36e+17,-7.54e+16,gcmt,1520_gcmt,deep_subduction
201210111722A,2012-10-11T17:22:00,-70.57,-32.86,107.0,5.6,mw,170.0,84.0,-174.0,80.0,84.0,-6.0,0.0,125.0,,,8.0,35.0,,,,,,,gmt,1521_gmt,deep_subduction
pde20121011172209930_81,2012-10-11T17:22:10,-70.52,-32.97,120.0,5.5,mww,71.0,83.0,-2.0,161.0,88.0,-172.0,3.0,295.0,82.0,179.0,6.0,26.0,5000000000000000.0,-1.51e+17,1.46e+17,-2.1e+16,2.6e+16,1.93e+17,us,1521_us,deep_subduction
601874145,2012-10-11T17:22:10,-70.591,-32.881,85.0,5.61,mw,80.0,84.0,-6.0,170.0,84.0,-174.0,8.38617906059263,305.3130141452274,81.61378766479633,125.4755770954614,0.0234554497393877,35.31647196378515,-0.01,-1.11,1.11,-0.41,0.28,3.1,gem,1521_gem,deep_subduction
601874145,2012-10-11T17:22:10,-70.52,-32.97,120.0,5.6,mw,71.0,83.0,-2.0,161.0,88.0,-172.0,3.0,295.0,82.0,179.0,6.0,26.0,500000000.0,-15100000000.0,14600000000.0,-2100000000.0,2600000000.0,19300000000.0,neic,1521_neic,deep_subduction
C201210111722A,2012-10-11T17:22:15,-70.57,-32.86,107.2,5.6,mw,170.0,84.0,-174.0,80.0,84.0,-6.0,0.0,125.0,82.0,216.0,8.0,35.0,-500000000000000.0,-1.1100000000000002e+17,1.1100000000000002e+17,-4.07e+16,2.8100000000000004e+16,3.1e+17,gcmt,1521_gcmtb,deep_subduction
C201210111722A,2012-10-11T17:22:15,-70.57,-32.86,107.2,5.6,mw,170.0,84.0,-174.0,80.0,84.0,-6.0,0.0,125.0,82.0,216.0,8.0,35.0,-500000000000000.0,-1.1100000000000002e+17,1.1100000000000002e+17,-4.07e+16,2.8100000000000004e+16,3.1e+17,gcmt,1521_gcmt,deep_subduction
601871340,2012-11-04T19:08:23,-67.941,-20.383,160.0,5.19,mw,69.0,31.0,179.0,159.0,90.0,59.0,37.18768790667493,42.42786205914791,30.99884414490316,159.54774013727547,37.4305756318328,276.9270983153814,0.14,2.38,-2.51,2.69,-6.06,-3.11,gem,1523_gem,deep_subduction
C201211041908A,2012-11-04T19:08:30,-68.09,-20.4,188.5,5.0,mw,69.0,31.0,179.0,159.0,90.0,59.0,38.0,42.0,31.0,159.0,37.0,276.0,1350000000000000.0,2.38e+16,-2.51e+16,2.69e+16,-6.06e+16,-3.11e+16,gcmt,1523_gcmt,deep_subduction
601890532,2012-11-13T03:11:25,-69.027,-20.406,91.0,4.98,mw,83.0,29.0,-150.0,326.0,76.0,-64.0,41.44455053564612,36.20322174506191,27.619488093381683,153.71975116207125,36.08917905725789,266.1394136854853,-1.66,2.04,-0.38,1.2,-2.8,-1.18,gem,1527_gem,deep_subduction
C201211130311A,2012-11-13T03:11:29,-69.4,-20.43,137.1,5.1,mw,83.0,29.0,-150.0,326.0,76.0,-64.0,26.0,36.0,25.0,139.0,52.0,267.0,-1.66e+16,2.04e+16,-3850000000000000.0,1.2e+16,-2.8e+16,-1.18e+16,gcmt,1527_gcmt,deep_subduction
602217378,2013-01-09T18:38:43,-69.629,-18.074,109.8,4.97,mw,215.0,25.0,-34.0,336.0,76.0,-111.0,42.53490328459787,83.26718601636753,22.81412771391,330.5658388246572,38.79965389007248,220.7980884329132,-1.41,-1.02,2.43,1.27,-2.7,0.11,gem,1541_gem,deep_subduction
602320790,2013-01-13T21:23:27,-69.2,-20.128,86.9,5.32,mw,217.0,19.0,-39.0,345.0,78.0,-105.0,43.67773331157967,86.82990495628496,15.929296990226742,341.0149156864793,42.000611967645625,236.12337018640343,-0.46,-0.15,0.61,0.32,-1.0,0.13,gem,1542_gem,deep_subduction
C201301132123A,2013-01-13T21:23:30,-69.52,-20.24,111.4,5.3,mw,217.0,19.0,-39.0,345.0,78.0,-105.0,31.0,87.0,15.0,348.0,55.0,236.0,-4.56e+16,-1.54e+16,6.1e+16,3.23e+16,-1e+17,1.32e+16,gcmt,1542_gcmt,deep_subduction
602489083,2013-02-20T11:18:54,-66.581,-27.781,170.1,5.14,mw,91.0,80.0,-172.0,360.0,82.0,-11.0,12.395206011140605,45.463901240346445,77.50909825004312,218.2541899748736,1.5191632967231876,315.129944626187,-3.74,1.74,2.0,0.14,-0.45,-6.51,gem,1548_gem,deep_subduction
C201302201118A,2013-02-20T11:18:55,-66.64,-27.86,192.2,5.3,mw,91.0,80.0,-172.0,360.0,82.0,-11.0,2.0,46.0,77.0,144.0,13.0,315.0,-3.74e+16,1.74e+16,2e+16,1430000000000000.0,-4490000000000000.0,-6.51e+16,gcmt,1548_gcmtb,deep_subduction
C201302201118A,2013-02-20T11:18:55,-66.64,-27.86,192.2,5.3,mw,91.0,80.0,-172.0,360.0,82.0,-11.0,2.0,46.0,77.0,144.0,13.0,315.0,-3.74e+16,1.74e+16,2e+16,1430000000000000.0,-4490000000000000.0,-6.51e+16,gcmt,1548_gcmt,deep_subduction
602534604,2013-02-22T07:41:38,-68.274,-21.774,123.0,5.02,mw,219.0,28.0,-15.0,322.0,83.0,-117.0,40.12614008274053,74.85254635563359,27.66419814919193,318.63128055160416,37.41102651764121,204.993547095622,-0.55,-2.13,2.69,1.52,-3.42,-0.95,gem,1549_gem,deep_subduction
C201302220741A,2013-02-22T07:41:44,-68.57,-21.77,153.9,5.0,mw,219.0,28.0,-15.0,322.0,83.0,-117.0,33.0,75.0,27.0,326.0,45.0,205.0,-5520000000000000.0,-2.13e+16,2.69e+16,1.52e+16,-3.42e+16,-9460000000000000.0,gcmt,1549_gcmt,deep_subduction
602550528,2013-02-24T16:43:40,-67.079,-24.168,191.3,5.02,mw,207.0,29.0,-51.0,344.0,68.0,-109.0,43.391779897758745,88.61262169945655,23.93304205208542,333.80405961489726,37.07778552079496,224.20750622721184,-2.5,-1.26,3.76,0.9,-2.76,0.2,gem,1550_gem,deep_subduction
602735771,2013-03-25T16:18:12,-68.461,-22.149,109.3,4.96,mw,214.0,63.0,-33.0,320.0,61.0,-149.0,33.59708018532351,87.61737179862638,56.34855990135034,263.9430993865827,1.6950185204504808,356.49092750942833,-1.53,-1.95,3.48,1.72,0.15,-0.26,gem,1552_gem,deep_subduction
C201304272151A,2013-04-27T21:51:36,-69.37,-18.43,146.3,5.1,mw,208.0,22.0,-22.0,319.0,82.0,-111.0,33.0,67.0,21.0,322.0,49.0,207.0,-6770000000000000.0,-8280000000000000.0,1.51e+16,1.71e+16,-2.05e+16,-4970000000000000.0,gcmt,1555_gcmt,deep_subduction
602946982,2013-05-12T12:51:53,-68.478,-20.975,131.8,5.26,mw,164.0,6.0,-95.0,349.0,84.0,-89.0,44.99803028609432,78.5497224363873,0.5335567005548049,169.0832655866784,44.99700120616467,259.6167895710009,-0.27,0.16,0.11,0.18,-0.94,0.0,gem,1558_gem,deep_subduction
C201305121251A,2013-05-12T12:51:57,-68.79,-21.04,143.1,5.1,mw,164.0,6.0,-95.0,349.0,84.0,-89.0,39.0,79.0,1.0,169.0,51.0,260.0,-2.71e+16,1.6e+16,1.12e+16,1.8e+16,-9.44e+16,0.0,gcmt,1558_gcmt,deep_subduction
603056438,2013-06-08T12:25:08,-66.731,-22.602,215.0,5.64,mw,142.0,20.0,-109.0,341.0,71.0,-83.0,44.77906685892922,66.81965135725017,8.060582147791974,164.8982403266658,44.0942491282015,262.7847327820444,-2.06,0.24,1.82,0.84,-2.77,-1.11,gem,1561_gem,deep_subduction
C201306081225A,2013-06-08T12:25:10,-66.86,-22.62,215.3,5.6,mw,142.0,20.0,-109.0,341.0,71.0,-83.0,26.0,66.0,6.0,159.0,63.0,262.0,-2.06e+17,2.42e+16,1.82e+17,8.39e+16,-2.77e+17,-1.1100000000000002e+17,gcmt,1561_gcmt,deep_subduction
603068701,2013-06-11T09:37:06,-68.185,-21.849,117.4,5.36,mw,232.0,38.0,-28.0,344.0,73.0,-125.0,39.143261018143626,100.14478982996025,37.63509792043365,331.2709967187544,28.565458856268457,216.4488063557428,-0.63,-0.28,0.9,0.55,-0.82,0.48,gem,1562_gem,deep_subduction
C201306110937A,2013-06-11T09:37:13,-68.42,-22.01,138.6,5.2,mw,232.0,38.0,-28.0,344.0,73.0,-125.0,20.0,100.0,33.0,356.0,49.0,216.0,-6.26e+16,-2.7900000000000004e+16,9.05e+16,5.500000000000001e+16,-8.22e+16,4.83e+16,gcmt,1562_gcmt,deep_subduction
201306192129A,2013-06-19T21:29:00,-70.2,-32.74,115.0,5.2,mw,190.0,45.0,-111.0,39.0,48.0,-70.0,2.0,115.0,,,75.0,17.0,,,,,,,gmt,1563_gmt,deep_subduction
603233800,2013-06-19T21:29:11,-70.039,-32.658,104.3,5.3,mw,53.0,54.0,-84.0,224.0,36.0,-98.0,9.0,139.0,5.0,230.0,80.0,347.0,,,,,,,neic,1563_neic,deep_subduction
603233800,2013-06-19T21:29:12,-70.146,-32.614,114.8,5.23,mw,39.0,48.0,-70.0,190.0,45.0,-111.0,44.043147791716265,295.00151019813427,45.58361183289235,105.77108175456374,4.628583151058199,200.5106379408378,-0.8,0.06,0.74,-0.19,0.04,0.4,gem,1563_gem,deep_subduction
C201306192129A,2013-06-19T21:29:13,-70.2,-32.74,114.8,5.3,mw,190.0,45.0,-111.0,39.0,48.0,-70.0,2.0,115.0,15.0,205.0,75.0,19.0,-7.98e+16,5500000000000000.0,7.43e+16,-1.89e+16,3500000000000000.5,3.99e+16,gcmt,1563_gcmtb,deep_subduction
C201306192129A,2013-06-19T21:29:13,-70.2,-32.74,114.8,5.3,mw,190.0,45.0,-111.0,39.0,48.0,-70.0,2.0,115.0,15.0,205.0,75.0,19.0,-7.98e+16,5500000000000000.0,7.43e+16,-1.89e+16,3500000000000000.5,3.99e+16,gcmt,1563_gcmt,deep_subduction
pde20130619212911500_104,2013-06-19T21:29:14,-70.22,-32.76,115.4,5.3,mwb,190.0,45.0,-110.0,38.0,48.0,-71.0,2.0,114.0,14.0,205.0,76.0,19.0,-8.12e+16,2800000000000000.0,7.84e+16,-1.82e+16,3100000000000000.0,4.25e+16,us,1563_us,deep_subduction
603175388,2013-07-02T20:04:56,-66.591,-23.848,205.0,5.67,mw,206.0,33.0,-67.0,360.0,60.0,-104.0,44.29518624309229,99.47100844920068,23.15668219384528,344.8060996908061,36.72995743531141,236.19456090316223,-3.41,0.1,3.3,0.52,-1.94,0.81,gem,1564_gem,deep_subduction
C201307022004A,2013-07-02T20:05:01,-66.73,-23.98,225.8,5.7,mw,206.0,33.0,-67.0,360.0,60.0,-104.0,14.0,100.0,12.0,7.0,71.0,238.0,-3.41e+17,1.05e+16,3.3e+17,5.15e+16,-1.94e+17,8.07e+16,gcmt,1564_gcmt,deep_subduction
603179306,2013-07-06T19:40:28,-69.396,-18.804,102.3,4.99,mw,164.0,84.0,130.0,261.0,41.0,9.0,30.45840221910421,289.1042976637581,40.3557838565058,169.12396762156914,34.67934858003945,43.11352346774629,0.48,-1.71,1.23,-0.28,-3.2,1.92,gem,1565_gem,deep_subduction
C201307061940A,2013-07-06T19:40:34,-69.62,-18.88,130.8,5.1,mw,261.0,41.0,9.0,164.0,84.0,130.0,38.0,109.0,40.0,339.0,28.0,223.0,4830000000000000.0,-1.71e+16,1.23e+16,-2819999999999999.5,-3.2e+16,1.92e+16,gcmt,1565_gcmt,deep_subduction
608441177,2013-07-09T20:51:46,-69.112,-19.081,111.5,5.05,mw,221.0,33.0,-44.0,350.0,68.0,-115.0,42.30594394005119,98.45605678417996,30.46000134782434,336.0954623977993,32.58056139561349,224.0199763576668,-3.05,-0.45,3.5,1.35,-2.92,1.26,gem,1566_gem,deep_subduction
C201307092051A,2013-07-09T20:51:51,-69.39,-19.21,131.7,5.1,mw,221.0,33.0,-44.0,350.0,68.0,-115.0,19.0,99.0,23.0,0.0,59.0,224.0,-3.05e+16,-4470000000000000.0,3.5e+16,1.35e+16,-2.92e+16,1.26e+16,gcmt,1566_gcmt,deep_subduction
603228685,2013-07-10T14:32:12,-69.301,-19.333,108.5,5.62,mw,194.0,11.0,-66.0,350.0,80.0,-94.0,44.87144332561814,83.49487593194203,4.737810213183924,348.7621190565612,44.7376733389422,254.0514605162897,-1.07,-0.14,1.22,0.6,-3.08,0.01,gem,1567_gem,deep_subduction
C201307101432A,2013-07-10T14:32:16,-69.68,-19.39,131.0,5.7,mw,194.0,11.0,-66.0,350.0,80.0,-94.0,35.0,83.0,4.0,350.0,55.0,254.0,-1.07e+17,-1.45e+16,1.22e+17,5.96e+16,-3.08e+17,1100000000000000.0,gcmt,1567_gcmt,deep_subduction
603339691,2013-08-19T19:39:45,-68.485,-21.409,114.2,5.38,mw,238.0,25.0,-33.0,358.0,77.0,-111.0,42.45723759038397,105.53055697177751,22.954700314293262,352.7300561457359,38.77573843452976,242.83847622675643,-0.63,0.04,0.59,0.2,-1.25,0.5,gem,1574_gem,deep_subduction
C201308191939A,2013-08-19T19:39:50,-68.85,-21.53,139.3,5.4,mw,238.0,25.0,-33.0,358.0,77.0,-111.0,29.0,105.0,21.0,3.0,53.0,243.0,-6.34e+16,3800000000000000.0,5.96e+16,1.99e+16,-1.25e+17,4.97e+16,gcmt,1574_gcmt,deep_subduction
608161566,2013-08-23T08:34:05,-68.623,-22.256,100.1,5.77,mw,224.0,28.0,-44.0,355.0,71.0,-110.0,42.92493764281024,100.40305028389427,24.39905895425942,345.4497463121724,37.20011943462613,235.31050022802103,-3.12,-0.64,3.76,0.8,-4.16,1.61,gem,1575_gem,deep_subduction
C201308230834A,2013-08-23T08:34:09,-68.9,-22.33,119.9,5.8,mw,224.0,28.0,-44.0,355.0,71.0,-110.0,24.0,101.0,19.0,2.0,59.0,237.0,-3.12e+17,-6.44e+16,3.76e+17,7.97e+16,-4.16e+17,1.61e+17,gcmt,1575_gcmt,deep_subduction
201308301048A,2013-08-30T10:48:00,-70.74,-34.57,112.0,5.0,mw,338.0,45.0,-18.0,81.0,77.0,-133.0,20.0,202.0,,,41.0,311.0,,,,,,,gmt,1576_gmt,deep_subduction
C201308301048A,2013-08-30T10:48:17,-70.74,-34.57,112.1,5.3,mw,338.0,45.0,-18.0,81.0,77.0,-133.0,20.0,202.0,42.0,92.0,41.0,311.0,-8050000000000000.0,1.02e+16,-2120000000000000.0,-2.15e+16,-1.92e+16,-1.91e+16,gcmt,1576_gcmtb,deep_subduction
C201308301048A,2013-08-30T10:48:17,-70.74,-34.57,112.1,5.3,mw,338.0,45.0,-18.0,81.0,77.0,-133.0,20.0,202.0,42.0,92.0,41.0,311.0,-8050000000000000.0,1.02e+16,-2120000000000000.0,-2.15e+16,-1.92e+16,-1.91e+16,gcmt,1576_gcmt,deep_subduction
C201309071913A,2013-09-07T19:13:36,-69.28,-19.66,100.4,5.0,mw,112.0,9.0,-110.0,311.0,82.0,-87.0,37.0,39.0,3.0,131.0,53.0,225.0,-7260000000000000.0,4770000000000000.0,2480000000000000.0,1.51e+16,-1.3799999999999998e+16,-780000000000000.0,gcmt,1577_gcmt,deep_subduction
603482848,2013-09-25T13:14:44,-68.234,-22.627,149.4,5.32,mw,142.0,20.0,-118.0,351.0,72.0,-80.0,44.5287912074183,73.83444109012851,11.245953892772528,175.11392509024824,43.29103148148575,275.9102086362496,-0.69,0.07,0.62,0.09,-0.95,-0.3,gem,1578_gem,deep_subduction
C201309251314A,2013-09-25T13:14:46,-68.3,-22.57,149.4,5.2,mw,142.0,20.0,-118.0,351.0,72.0,-80.0,26.0,73.0,9.0,168.0,62.0,276.0,-6.919999999999999e+16,6900000000000001.0,6.24e+16,9200000000000000.0,-9.54e+16,-2.99e+16,gcmt,1578_gcmt,deep_subduction
603721821,2013-10-09T17:03:48,-67.243,-22.153,184.3,5.02,mw,62.0,73.0,-45.0,168.0,47.0,-157.0,35.43573422342592,300.701233972034,47.40927532892078,81.42591158025755,20.429926473534906,195.33038233265583,-1.51,-1.15,2.65,-3.04,0.03,1.96,gem,1581_gem,deep_subduction
C201310091703A,2013-10-09T17:03:56,-67.2,-22.14,184.3,5.2,mw,168.0,47.0,-157.0,62.0,73.0,-45.0,16.0,121.0,42.0,226.0,43.0,15.0,-1.51e+16,-1.15e+16,2.65e+16,-3.04e+16,300000000000000.0,1.96e+16,gcmt,1581_gcmt,deep_subduction
603724017,2013-10-10T03:32:27,-67.079,-20.852,242.9,4.99,mw,87.0,53.0,-128.0,319.0,51.0,-51.0,41.04668361233669,22.812075828264653,48.86302383197903,207.37994864910524,2.264505327547357,114.78523922039408,-3.12,2.81,0.3,-1.0,-2.1,-1.31,gem,1582_gem,deep_subduction
C201310100332A,2013-10-10T03:32:29,-67.1,-20.84,242.9,5.0,mw,319.0,51.0,-51.0,87.0,53.0,-128.0,1.0,202.0,29.0,112.0,61.0,294.0,-3.12e+16,2.81e+16,3050000000000000.0,-1e+16,-2.1e+16,-1.31e+16,gcmt,1582_gcmt,deep_subduction
603734849,2013-10-13T01:06:41,-66.669,-20.402,241.4,5.02,mw,181.0,84.0,114.0,285.0,25.0,15.0,39.17323486821658,295.3428049461822,24.331072515448007,183.7240090900122,41.04813321641336,70.53702595596536,0.94,-0.27,-0.67,-0.52,-3.81,1.71,gem,1583_gem,deep_subduction
603780833,2013-11-09T13:26:11,-68.553,-22.017,135.9,5.03,mw,183.0,37.0,-65.0,333.0,57.0,-108.0,44.00943773411773,75.31735998334437,31.203133208122328,309.5068153621638,29.92615616102224,199.10150992944216,-3.63,-0.43,4.06,1.27,-1.16,-1.05,gem,1590_gem,deep_subduction
603828430,2013-12-04T05:39:32,-69.196,-24.621,85.9,5.18,mw,139.0,33.0,-105.0,337.0,58.0,-80.0,44.69759092373526,59.81591353170603,17.434957817842097,167.92055386950767,40.1353930241052,273.27487329000144,-6.5,1.53,4.97,0.7,-3.24,-3.34,gem,1594_gem,deep_subduction
C201312040539A,2013-12-04T05:39:37,-69.39,-24.57,110.2,5.2,mw,139.0,33.0,-105.0,337.0,58.0,-80.0,13.0,60.0,8.0,152.0,75.0,275.0,-6.5e+16,1.53e+16,4.97e+16,7030000000000000.0,-3.2400000000000004e+16,-3.34e+16,gcmt,1594_gcmt,deep_subduction
201312100051A,2013-12-10T00:51:00,-69.29,-31.39,117.0,5.1,mw,202.0,45.0,-117.0,57.0,51.0,-66.0,3.0,131.0,,,71.0,32.0,,,,,,,gmt,1596_gmt,deep_subduction
609542126,2013-12-10T00:51:27,-69.33,-31.361,110.7,5.09,mw,57.0,51.0,-66.0,202.0,45.0,-117.0,43.48768600395365,310.25726078678423,44.7611343813706,110.42331829393288,10.066437648015716,210.56301514132628,-4.87,1.88,2.99,-1.55,0.64,3.04,gem,1596_gem,deep_subduction
C201312100051A,2013-12-10T00:51:31,-69.29,-31.39,117.3,5.3,mw,202.0,45.0,-117.0,57.0,51.0,-66.0,3.0,131.0,18.0,222.0,71.0,32.0,-4.87e+16,1.88e+16,2.9900000000000004e+16,-1.55e+16,6380000000000000.0,3.04e+16,gcmt,1596_gcmtb,deep_subduction
C201312100051A,2013-12-10T00:51:31,-69.29,-31.39,117.3,5.3,mw,202.0,45.0,-117.0,57.0,51.0,-66.0,3.0,131.0,18.0,222.0,71.0,32.0,-4.87e+16,1.88e+16,2.9900000000000004e+16,-1.55e+16,6380000000000000.0,3.04e+16,gcmt,1596_gcmt,deep_subduction
201401150838A,2014-01-15T08:38:00,-68.25,-31.27,123.0,5.2,mw,182.0,74.0,-173.0,90.0,83.0,-16.0,6.0,137.0,,,16.0,45.0,,,,,,,gmt,1603_gmt,deep_subduction
603956758,2014-01-15T08:38:08,-68.144,-31.137,101.7,5.21,mw,90.0,83.0,-16.0,182.0,74.0,-173.0,15.708635375296703,316.8696858573873,72.98436413003921,113.6543789475054,6.375491403940401,225.06884526855083,-3.61,2.38,1.23,-1.64,-0.45,7.95,gem,1603_gem,deep_subduction
C201401150838A,2014-01-15T08:38:14,-68.25,-31.27,123.4,5.2,mw,182.0,74.0,-173.0,90.0,83.0,-16.0,6.0,137.0,72.0,248.0,17.0,45.0,-3.61e+16,2.38e+16,1.23e+16,-1.64e+16,-4510000000000000.0,7.95e+16,gcmt,1603_gcmtb,deep_subduction
C201401150838A,2014-01-15T08:38:14,-68.25,-31.27,123.4,5.2,mw,182.0,74.0,-173.0,90.0,83.0,-16.0,6.0,137.0,72.0,248.0,17.0,45.0,-3.61e+16,2.38e+16,1.23e+16,-1.64e+16,-4510000000000000.0,7.95e+16,gcmt,1603_gcmt,deep_subduction
604013036,2014-01-29T10:01:50,-69.415,-18.549,113.7,5.66,mw,252.0,31.0,-14.0,355.0,83.0,-120.0,39.062326519933016,108.6684602245836,30.766835394048805,349.7760563201381,35.741843789688915,234.40672799558047,-0.84,-0.33,1.17,0.59,-3.24,1.84,gem,1604_gem,deep_subduction
C201401291001A,2014-01-29T10:01:55,-69.64,-18.65,135.5,5.6,mw,252.0,31.0,-14.0,355.0,83.0,-120.0,31.0,109.0,30.0,359.0,44.0,235.0,-8.43e+16,-3.25e+16,1.17e+17,5.9e+16,-3.24e+17,1.84e+17,gcmt,1604_gcmt,deep_subduction
604041033,2014-02-10T11:00:09,-68.656,-22.25,105.0,5.25,mw,250.0,41.0,-19.0,355.0,77.0,-130.0,36.54168050162339,113.6432915259116,40.94293433275699,343.63318310540376,27.69892788754435,226.53943378286772,-0.31,-0.1,0.41,0.18,-0.65,0.56,gem,1606_gem,deep_subduction
C201402101100A,2014-02-10T11:00:17,-68.81,-22.38,123.8,5.2,mw,250.0,41.0,-19.0,355.0,77.0,-130.0,22.0,114.0,39.0,5.0,43.0,227.0,-3.14e+16,-9900000000000000.0,4.12e+16,1.85e+16,-6.51e+16,5.610000000000001e+16,gcmt,1606_gcmt,deep_subduction
604043302,2014-02-12T11:43:10,-68.718,-22.322,98.4,5.84,mw,190.0,41.0,-57.0,329.0,57.0,-115.0,43.00024422147606,77.09475132684548,39.903254127205976,295.85245722324794,20.562386751455254,187.57068275520604,-0.56,-0.18,0.74,0.21,-0.17,-0.2,gem,1607_gem,deep_subduction
C201402121143A,2014-02-12T11:43:19,-68.71,-22.2,131.0,5.6,mw,190.0,41.0,-57.0,329.0,57.0,-115.0,9.0,77.0,21.0,344.0,67.0,188.0,-5.6100000000000006e+17,-1.85e+17,7.46e+17,2.06e+17,-1.65e+17,-2.04e+17,gcmt,1607_gcmt,deep_subduction
604100289,2014-03-08T00:07:37,-67.184,-24.415,175.0,4.96,mw,189.0,32.0,-49.0,323.0,67.0,-112.0,42.9351094617844,69.71809977294248,28.239601971759782,309.7376591492866,33.96483246540402,198.52753390231555,-2.2,-0.55,2.75,1.56,-1.54,-1.07,gem,1616_gem,deep_subduction
604183794,2014-03-20T18:41:32,-69.185,-24.013,95.9,5.14,mw,172.0,52.0,-38.0,288.0,61.0,-136.0,38.01565760165599,47.97214699757012,50.7417231391138,244.93334140891503,8.36287337883504,144.57102420755916,-3.97,1.24,2.74,2.36,0.74,-5.05,gem,1625_gem,deep_subduction
C201403201841A,2014-03-20T18:41:38,-69.23,-23.94,119.3,5.1,mw,172.0,52.0,-38.0,288.0,61.0,-136.0,5.0,48.0,39.0,314.0,51.0,144.0,-3.97e+16,1.24e+16,2.7400000000000004e+16,2.36e+16,7420000000000000.0,-5.05e+16,gcmt,1625_gcmt,deep_subduction
604400824,2014-03-31T12:53:05,-69.045,-19.476,110.6,5.55,mw,31.0,64.0,-132.0,275.0,48.0,-36.0,38.40704841027033,329.6531664873263,47.89664083469378,178.33536982626845,14.605505100500984,71.57563046746765,-1.54,1.76,-0.21,0.27,-1.79,1.19,gem,1640_gem,deep_subduction
C201403311253A,2014-03-31T12:53:11,-69.27,-19.54,129.9,5.6,mw,275.0,48.0,-36.0,31.0,64.0,-132.0,10.0,150.0,37.0,52.0,51.0,252.0,-1.54e+17,1.76e+17,-2.19e+16,2.68e+16,-1.79e+17,1.19e+17,gcmt,1640_gcmt,deep_subduction
201404040952A,2014-04-04T09:52:00,-70.54,-31.45,116.0,5.4,mw,167.0,66.0,169.0,262.0,80.0,24.0,24.0,127.0,,,9.0,32.0,,,,,,,gmt,1650_gmt,deep_subduction
604425841,2014-04-04T09:52:08,-70.539,-31.471,95.7,5.44,mw,167.0,66.0,169.0,262.0,80.0,24.0,10.218774305326855,126.58286840475188,64.94678266480807,239.2668182164719,22.613081797657685,32.27670013290003,0.34,-0.78,0.44,-0.65,-0.33,1.54,gem,1650_gem,deep_subduction
c000p4ng,2014-04-04T09:52:12,-70.74,-31.39,90.5,5.4,mww,74.0,89.0,-21.0,165.0,69.0,-179.0,14.0,121.0,69.0,252.0,15.0,28.0,2500000000000000.0,-7.01e+16,6.76e+16,-5.05e+16,-9500000000000000.0,1.14e+17,us,1650_us,deep_subduction
604425841,2014-04-04T09:52:12,-70.74,-31.39,90.5,5.4,mw,74.0,89.0,-21.0,165.0,69.0,-179.0,14.0,121.0,69.0,252.0,15.0,28.0,250000000.0,-7009999999.999999,6760000000.000001,-5050000000.0,-950000000.0,11399999999.999998,neic,1650_neic,deep_subduction
C201404040952A,2014-04-04T09:52:14,-70.54,-31.45,116.4,5.4,mw,167.0,66.0,169.0,262.0,80.0,24.0,24.0,127.0,64.0,283.0,9.0,32.0,3.3600000000000004e+16,-7.78e+16,4.42e+16,-6.48e+16,-3.32e+16,1.54e+17,gcmt,1650_gcmtb,deep_subduction
C201404040952A,2014-04-04T09:52:14,-70.54,-31.45,116.4,5.4,mw,167.0,66.0,169.0,262.0,80.0,24.0,24.0,127.0,64.0,283.0,9.0,32.0,3.3600000000000004e+16,-7.78e+16,4.42e+16,-6.48e+16,-3.32e+16,1.54e+17,gcmt,1650_gcmt,deep_subduction
604583636,2014-05-14T03:38:22,-66.582,-22.738,225.0,5.62,mw,180.0,87.0,96.0,298.0,7.0,29.0,44.65162107576825,276.3014966436891,6.024508230721285,180.3169014564152,44.71723481994879,84.31853259612205,0.45,-0.12,-0.33,-0.03,-3.32,0.36,gem,1680_gem,deep_subduction
C201405140338A,2014-05-14T03:38:26,-66.63,-22.78,239.0,5.6,mw,298.0,7.0,29.0,180.0,87.0,96.0,48.0,96.0,6.0,359.0,41.0,264.0,4.54e+16,-1.25e+16,-3.3e+16,-2600000000000000.0,-3.32e+17,3.63e+16,gcmt,1680_gcmt,deep_subduction
604587880,2014-05-16T17:08:32,-68.614,-23.483,104.0,5.5,mw,123.0,41.0,-124.0,345.0,56.0,-64.0,42.88068593934988,56.57048027638575,39.98031902341764,197.70936406988355,20.62826109227509,306.10936055506374,-1.87,0.57,1.3,-0.35,-0.92,-1.13,gem,1682_gem,deep_subduction
C201405161708A,2014-05-16T17:08:37,-68.82,-23.51,131.3,5.5,mw,123.0,41.0,-124.0,345.0,56.0,-64.0,8.0,57.0,22.0,150.0,67.0,307.0,-1.87e+17,5.699999999999999e+16,1.3e+17,-3.53e+16,-9.17e+16,-1.1299999999999998e+17,gcmt,1682_gcmt,deep_subduction
606942988,2014-06-14T22:13:30,-69.036,-25.021,101.9,4.96,mw,245.0,65.0,-29.0,348.0,64.0,-152.0,31.36533329369244,116.79383098934812,58.62025204436088,294.8662745137809,0.8568902471774903,26.27144813537882,-0.87,-1.13,2.0,2.11,-1.0,2.09,gem,1690_gem,deep_subduction
201407130718A,2014-07-13T07:18:00,-70.81,-30.98,106.0,5.4,mw,290.0,7.0,32.0,168.0,86.0,96.0,48.0,85.0,,,41.0,253.0,,,,,,,gmt,1696_gmt,deep_subduction
610571154,2014-07-13T07:18:25,-70.585,-30.745,83.4,5.36,mw,168.0,86.0,96.0,290.0,7.0,32.0,44.63846147899766,264.42531642003735,6.043715667627305,168.4241960859216,44.72637801871684,72.40456162100759,0.12,0.04,-0.16,0.28,-1.33,0.2,gem,1696_gem,deep_subduction
C201407130718A,2014-07-13T07:18:28,-70.81,-30.98,105.7,5.3,mw,290.0,7.0,32.0,168.0,86.0,96.0,48.0,85.0,6.0,348.0,41.0,253.0,1.24e+16,3599999999999999.5,-1.6e+16,2.82e+16,-1.33e+17,1.99e+16,gcmt,1696_gcmtb,deep_subduction
C201407130718A,2014-07-13T07:18:28,-70.81,-30.98,105.7,5.3,mw,290.0,7.0,32.0,168.0,86.0,96.0,48.0,85.0,6.0,348.0,41.0,253.0,1.24e+16,3599999999999999.5,-1.6e+16,2.82e+16,-1.33e+17,1.99e+16,gcmt,1696_gcmt,deep_subduction
605098866,2014-07-23T21:39:08,-68.595,-20.195,116.3,5.63,mw,212.0,36.0,-30.0,327.0,73.0,-122.0,39.94289897302583,80.88713650251816,35.35551074970491,314.4362806936207,30.19622583814917,200.05081551444115,-1.62,-1.36,2.98,1.51,-1.9,-0.25,gem,1701_gem,deep_subduction
C201407232139A,2014-07-23T21:39:11,-68.77,-20.29,136.3,5.6,mw,212.0,36.0,-30.0,327.0,73.0,-122.0,21.0,81.0,30.0,337.0,51.0,200.0,-1.62e+17,-1.3600000000000002e+17,2.98e+17,1.51e+17,-1.9e+17,-2.54e+16,gcmt,1701_gcmt,deep_subduction
605098866,2014-07-23T21:39:12,-68.59,-20.24,110.5,5.6,mw,206.0,40.0,-40.0,329.0,65.0,-122.0,14.0,82.0,29.0,344.0,57.0,195.0,-21740000000.0,-11439999999.999998,33180000000.0,14070000000.0,-13240000000.0,-2810000000.0000005,neic,1701_neic,deep_subduction
610571790,2014-08-11T04:49:07,-66.834,-23.897,199.8,5.03,mw,1.0,60.0,-109.0,215.0,35.0,-61.0,43.74749097006685,284.667986673516,29.41867666078604,162.0,31.98556858195839,51.38010043385236,-3.57,-0.12,3.69,0.57,-2.08,1.36,gem,1704_gem,deep_subduction
C201408110449A,2014-08-11T04:49:12,-66.97,-24.03,211.2,5.0,mw,215.0,35.0,-61.0,1.0,60.0,-109.0,13.0,105.0,16.0,11.0,69.0,232.0,-3.57e+16,-1250000000000000.0,3.69e+16,5730000000000000.0,-2.08e+16,1.36e+16,gcmt,1704_gcmt,deep_subduction
610572053,2014-08-23T04:45:33,-68.923,-20.108,103.4,5.56,mw,168.0,86.0,94.0,304.0,6.0,45.0,44.83891366207825,262.2988638763442,4.02932529183371,168.28222442159836,44.87818967383199,74.26006528047742,0.15,0.36,-0.5,0.59,-2.7,0.4,gem,1706_gem,deep_subduction
C201408230445A,2014-08-23T04:45:38,-69.23,-20.13,124.8,5.6,mw,304.0,6.0,45.0,168.0,86.0,94.0,49.0,83.0,4.0,348.0,41.0,255.0,1.47e+16,3.62e+16,-5.09e+16,5.91e+16,-2.7000000000000003e+17,4e+16,gcmt,1706_gcmt,deep_subduction
610572650,2014-09-24T11:16:13,-66.572,-23.787,210.0,6.22,mw,5.0,59.0,-86.0,177.0,31.0,-97.0,44.94554330832837,272.0871982896077,7.254690335213375,9.386787808180372,44.140650163444064,106.4830542115526,-2.27,-0.21,2.48,-0.19,-1.28,0.07,gem,1710_gem,deep_subduction
C201409241116A,2014-09-24T11:16:19,-66.72,-23.78,227.6,6.2,mw,177.0,31.0,-97.0,5.0,59.0,-86.0,14.0,92.0,3.0,183.0,75.0,286.0,-2.27e+18,-2.14e+17,2.48e+18,-1.92e+17,-1.28e+18,6.7e+16,gcmt,1710_gcmt,deep_subduction
605742446,2014-10-07T05:09:10,-69.316,-19.644,102.2,5.4,mw,137.0,23.0,-126.0,355.0,71.0,-76.0,44.04463010965904,74.3694266808651,16.404452723682816,180.9128971758774,41.37568975100939,285.9430294038575,-0.83,-0.12,0.95,0.06,-1.2,-0.49,gem,1712_gem,deep_subduction
C201410070509A,2014-10-07T05:09:14,-69.63,-19.6,122.3,5.4,mw,137.0,23.0,-126.0,355.0,71.0,-76.0,25.0,74.0,13.0,170.0,61.0,286.0,-8.32e+16,-1.2e+16,9.53e+16,6200000000000000.0,-1.2e+17,-4.94e+16,gcmt,1712_gcmt,deep_subduction
605532121,2014-10-12T10:44:11,-68.17,-22.874,125.0,4.99,mw,135.0,25.0,-99.0,324.0,66.0,-86.0,44.928718250019735,51.76999595267392,5.803092545198083,147.58853852775286,44.48550601606537,243.317448274767,-2.21,0.61,1.6,1.48,-2.04,-2.39,gem,1714_gem,deep_subduction
C201410121044A,2014-10-12T10:44:18,-68.21,-22.94,155.5,5.0,mw,135.0,25.0,-99.0,324.0,66.0,-86.0,21.0,51.0,4.0,143.0,69.0,242.0,-2.21e+16,6100000000000000.0,1.6e+16,1.48e+16,-2.04e+16,-2.39e+16,gcmt,1714_gcmt,deep_subduction
610573724,2014-11-10T11:38:59,-68.533,-21.574,104.2,5.54,mw,8.0,73.0,-130.0,259.0,43.0,-26.0,37.33025114619223,306.57309045890173,42.86521753134731,171.51544865268158,24.31140978535479,56.72581724595557,-1.11,0.58,0.53,0.47,-1.77,1.6,gem,1719_gem,deep_subduction
C201411101138A,2014-11-10T11:39:06,-68.8,-21.63,118.1,5.6,mw,259.0,43.0,-26.0,8.0,73.0,-130.0,18.0,127.0,38.0,23.0,47.0,237.0,-1.1100000000000002e+17,5.779999999999999e+16,5.33e+16,4.69e+16,-1.77e+17,1.6e+17,gcmt,1719_gcmt,deep_subduction
610575217,2015-01-10T17:55:02,-68.602,-21.577,107.4,5.43,mw,117.0,35.0,-122.0,334.0,61.0,-70.0,43.52646258710816,49.676771611874926,30.207924605496373,173.24967370473644,31.47122625812432,284.12710572251285,-1.39,0.7,0.69,0.12,-0.92,-0.85,gem,1724_gem,deep_subduction
C201501101755A,2015-01-10T17:55:06,-68.69,-21.57,132.4,5.5,mw,117.0,35.0,-122.0,334.0,61.0,-70.0,14.0,49.0,18.0,144.0,67.0,283.0,-1.3899999999999998e+17,6.969999999999999e+16,6.939999999999999e+16,1.18e+16,-9.16e+16,-8.51e+16,gcmt,1724_gcmt,deep_subduction
201502021049A,2015-02-02T10:49:00,-67.14,-32.77,177.0,6.3,mw,304.0,4.0,-13.0,47.0,89.0,-94.0,44.0,141.0,,,46.0,313.0,,,,,,,gmt,1728_gmt,deep_subduction
606634885,2015-02-02T10:49:48,-67.149,-32.641,174.3,6.27,mw,47.0,89.0,-94.0,304.0,4.0,-13.0,44.86533073979996,320.9228063810257,4.001819672666548,226.930034151608,44.855615552431374,132.93861794830218,0.59,-0.02,-0.57,-2.4,-2.07,1.07,gem,1728_gem,deep_subduction
C201502021049A,2015-02-02T10:49:52,-67.14,-32.77,176.8,6.3,mw,304.0,4.0,-13.0,47.0,89.0,-94.0,44.0,141.0,4.0,47.0,46.0,313.0,5.88e+17,-1.6e+16,-5.72e+17,-2.4e+18,-2.07e+18,1.07e+18,gcmt,1728_gcmt,deep_subduction
C201502021049A,2015-02-02T10:49:52,-67.14,-32.77,176.8,6.3,mw,304.0,4.0,-13.0,47.0,89.0,-94.0,44.0,141.0,4.0,47.0,46.0,313.0,5.88e+17,-1.6e+16,-5.72e+17,-2.4e+18,-2.07e+18,1.07e+18,gcmt,1728_gcmtb,deep_subduction
606634885,2015-02-02T10:50:07,-66.6992,-33.1806,197.0,6.3,mw,48.2,85.59,-96.63,284.73,7.96,-33.73,40.0,144.0,7.0,49.0,49.0,311.0,-1900000000.0,47300000000.0,-45400000000.0,-231700000000.0,-189500000000.0,87200000000.0,neic,1728_neic,deep_subduction
606724134,2015-02-11T13:01:15,-66.79,-23.5,197.3,5.49,mw,156.0,13.0,-100.0,346.0,77.0,-88.0,44.969468102823,74.34004820519885,2.482015553268613,166.8217478981311,44.92307975350764,259.299429814322,-0.89,-0.07,0.95,0.46,-1.9,-0.37,gem,1730_gem,deep_subduction
C201502111301A,2015-02-11T13:01:20,-66.84,-23.5,219.5,5.5,mw,156.0,13.0,-100.0,346.0,77.0,-88.0,32.0,74.0,2.0,166.0,58.0,259.0,-8.85e+16,-6600000000000000.0,9.5e+16,4.59e+16,-1.9e+17,-3.73e+16,gcmt,1730_gcmt,deep_subduction
610586175,2015-02-11T18:57:20,-66.657,-23.075,200.1,6.69,mw,3.0,72.0,-85.0,168.0,19.0,-104.0,44.87585789122761,269.0396296031521,5.868918614406884,4.913980670085948,44.52505476167808,100.7165856373848,-0.8,-0.01,0.81,-0.09,-1.07,-0.07,gem,1731_gem,deep_subduction
C201502111857A,2015-02-11T18:57:27,-66.8,-23.14,223.0,6.7,mw,168.0,19.0,-104.0,3.0,72.0,-85.0,26.0,89.0,5.0,181.0,63.0,281.0,-8.03e+18,-1.2e+17,8.149999999999999e+18,-9e+17,-1.07e+19,-6.7e+17,gcmt,1731_gcmt,deep_subduction
606745696,2015-02-22T18:26:52,-67.15,-24.238,162.8,5.05,mw,6.0,64.0,-53.0,126.0,44.0,-141.0,39.82761036081742,250.27156661758744,44.10916410319524,34.21601291840477,18.9381617390262,143.6435026889754,-2.98,-0.38,3.36,-1.69,-2.24,-2.12,gem,1733_gem,deep_subduction
610586433,2015-02-24T05:13:51,-66.757,-22.677,199.3,5.32,mw,138.0,30.0,-118.0,350.0,64.0,-75.0,44.10533179803673,68.3661845347961,21.361298412964377,180.64345180359385,38.229881070667474,288.58875427024714,-0.87,0.07,0.8,0.02,-0.72,-0.45,gem,1734_gem,deep_subduction
C201502240513A,2015-02-24T05:13:55,-66.86,-22.71,215.4,5.3,mw,138.0,30.0,-118.0,350.0,64.0,-75.0,18.0,68.0,14.0,163.0,67.0,288.0,-8.71e+16,7000000000000001.0,8.01e+16,1799999999999999.8,-7.2e+16,-4.51e+16,gcmt,1734_gcmt,deep_subduction
610586572,2015-03-03T12:45:18,-69.156,-20.355,106.9,5.17,mw,144.0,25.0,-112.0,348.0,67.0,-80.0,44.58015172603998,70.52122814676375,12.99704167916576,173.6685506873182,42.51869165276818,275.8870549804651,-5.34,1.13,4.2,0.39,-4.84,-1.86,gem,1737_gem,deep_subduction
C201503031245A,2015-03-03T12:45:22,-69.33,-20.16,115.7,5.2,mw,144.0,25.0,-112.0,348.0,67.0,-80.0,21.0,71.0,9.0,164.0,67.0,276.0,-5.34e+16,1.1299999999999998e+16,4.2e+16,3910000000000000.0,-4.84e+16,-1.86e+16,gcmt,1737_gcmt,deep_subduction
606858496,2015-03-23T04:51:37,-69.17,-18.335,127.3,6.43,mw,228.0,17.0,-32.0,349.0,81.0,-105.0,43.64089625095209,91.29913826868494,15.046627551027209,346.4448630741475,42.49396297318374,242.18751908586813,-1.52,-0.78,2.3,1.04,-5.04,0.91,gem,1747_gem,deep_subduction
C201503230451A,2015-03-23T04:51:42,-69.44,-18.47,140.8,6.4,mw,228.0,17.0,-32.0,349.0,81.0,-105.0,34.0,92.0,14.0,352.0,52.0,243.0,-1.52e+18,-7.8e+17,2.3e+18,1.04e+18,-5.04e+18,9.06e+17,gcmt,1747_gcmt,deep_subduction
610587192,2015-03-28T16:36:53,-68.507,-22.158,107.2,5.66,mw,153.0,32.0,-113.0,359.0,61.0,-77.0,44.327816964958735,79.60155431098298,21.630960754931085,192.3916436123483,37.81123095528047,300.31368840283807,-2.95,-0.58,3.53,-0.2,-2.02,-0.98,gem,1749_gem,deep_subduction
C201503281636A,2015-03-28T16:36:56,-68.76,-22.07,122.5,5.6,mw,153.0,32.0,-113.0,359.0,61.0,-77.0,15.0,79.0,12.0,172.0,71.0,299.0,-2.95e+17,-5.789999999999999e+16,3.53e+17,-2.04e+16,-2.02e+17,-9.85e+16,gcmt,1749_gcmt,deep_subduction
606951613,2015-03-30T21:00:46,-66.21,-22.715,241.1,5.26,mw,176.0,83.0,117.0,279.0,27.0,15.0,37.49936969817765,293.184455803859,27.48099903441055,179.6617359483531,40.192116202744025,63.59393260016412,1.97,-0.46,-1.51,0.17,-8.38,4.42,gem,1750_gem,deep_subduction
607119791,2015-04-13T22:16:19,-68.524,-21.047,119.0,5.24,mw,165.0,40.0,-46.0,293.0,63.0,-120.0,41.64904569290516,44.806078003272944,39.245234453362905,268.2101977024887,23.43071134761801,157.47666425988905,-0.6,0.26,0.35,0.43,-0.08,-0.62,gem,1752_gem,deep_subduction
C201504132216A,2015-04-13T22:16:24,-68.51,-21.14,139.3,5.2,mw,165.0,40.0,-46.0,293.0,63.0,-120.0,13.0,45.0,26.0,308.0,60.0,158.0,-6.05e+16,2.55e+16,3.5e+16,4.32e+16,-7900000000000000.0,-6.25e+16,gcmt,1752_gcmt,deep_subduction
607265447,2015-05-26T10:32:02,-68.41,-22.024,122.6,5.61,mw,16.0,85.0,-58.0,113.0,32.0,-171.0,37.97082487802261,259.65528797333434,32.257258456509504,19.16529557153933,35.46243561152226,135.88054378725553,-0.41,-1.11,1.52,-0.54,-2.64,-1.24,gem,1756_gem,deep_subduction
C201505261032A,2015-05-26T10:32:06,-68.63,-21.94,142.7,5.6,mw,113.0,32.0,-171.0,16.0,85.0,-58.0,33.0,79.0,32.0,193.0,41.0,315.0,-4.1e+16,-1.1100000000000002e+17,1.52e+17,-5.37e+16,-2.64e+17,-1.24e+17,gcmt,1756_gcmt,deep_subduction
607288602,2015-06-10T13:52:08,-68.43,-22.415,117.0,6.07,mw,136.0,40.0,-79.0,301.0,51.0,-100.0,44.78087681485542,38.210042141987856,28.643865395098192,275.3867889256634,31.56618755588324,165.77853653860484,-1.47,0.95,0.52,0.33,-0.04,-0.91,gem,1760_gem,deep_subduction
C201506101352A,2015-06-10T13:52:13,-68.47,-22.48,146.8,6.0,mw,136.0,40.0,-79.0,301.0,51.0,-100.0,5.0,38.0,7.0,307.0,81.0,163.0,-1.47e+18,9.48e+17,5.27e+17,3.27e+17,-4e+16,-9.09e+17,gcmt,1760_gcmt,deep_subduction
607308398,2015-06-22T11:42:06,-68.204,-21.777,119.7,5.07,mw,158.0,36.0,-81.0,327.0,55.0,-97.0,44.87510626710456,61.56429303646473,15.55130704607914,315.4783733983173,40.99352601122508,211.48215523362973,-4.67,0.83,3.84,1.19,-1.28,-2.13,gem,1763_gem,deep_subduction
C201506221142A,2015-06-22T11:42:13,-68.34,-21.7,149.0,5.1,mw,158.0,36.0,-81.0,327.0,55.0,-97.0,10.0,62.0,5.0,331.0,79.0,212.0,-4.67e+16,8280000000000000.0,3.84e+16,1.19e+16,-1.28e+16,-2.13e+16,gcmt,1763_gcmt,deep_subduction
607719008,2015-09-01T15:28:50,-69.243,-19.76,97.2,5.41,mw,28.0,67.0,-144.0,282.0,57.0,-28.0,33.52962914249485,333.12211426260103,55.26279619861342,170.2534404872173,8.043004196164313,68.49480176420093,-0.94,1.38,-0.44,-0.17,-0.39,1.19,gem,1771_gem,deep_subduction
C201509011528A,2015-09-01T15:28:59,-69.35,-19.73,136.9,5.4,mw,282.0,57.0,-28.0,28.0,67.0,-144.0,6.0,153.0,48.0,56.0,41.0,249.0,-9.36e+16,1.3799999999999998e+17,-4.48e+16,-1.6900000000000002e+16,-3.9e+16,1.19e+17,gcmt,1771_gcmt,deep_subduction
610637958,2015-09-28T15:28:03,-66.72,-23.833,199.2,5.98,mw,143.0,3.0,-122.0,355.0,87.0,-88.0,44.97975927483221,83.5112156557974,1.5955180061060437,175.10622503116383,44.97582174637812,266.7010151377612,-0.09,-0.03,0.12,0.11,-1.16,-0.05,gem,1824_gem,deep_subduction
C201509281528A,2015-09-28T15:28:10,-66.89,-23.84,221.4,5.9,mw,143.0,3.0,-122.0,355.0,87.0,-88.0,42.0,83.0,2.0,175.0,48.0,266.0,-9.1e+16,-3.3e+16,1.24e+17,1.1e+17,-1.16e+18,-5.1e+16,gcmt,1824_gcmt,deep_subduction
607859026,2015-10-07T05:59:13,-69.741,-17.767,129.5,4.98,mw,213.0,18.0,-33.0,335.0,80.0,-105.0,43.54182128762616,77.59854466937287,15.876218117919102,331.9170987597219,42.16519112915076,226.9910883276021,-1.29,-0.35,1.64,1.66,-2.94,0.29,gem,1834_gem,deep_subduction
607861511,2015-10-10T06:00:23,-67.09,-24.392,170.8,5.11,mw,182.0,84.0,107.0,291.0,18.0,19.0,41.97116880012892,290.099083174577,17.259124758588786,183.871273958726,42.97792996615664,77.0436803518079,1.74,-1.37,-0.37,-1.09,-5.39,1.63,gem,1836_gem,deep_subduction
608005044,2015-11-01T15:16:16,-68.357,-23.25,105.7,5.87,mw,161.0,43.0,-81.0,330.0,48.0,-98.0,44.83575041872246,64.64385703808296,38.61949817090945,282.05657185299685,19.670720522969727,175.4637623762717,-0.74,0.05,0.69,0.09,-0.04,-0.38,gem,1843_gem,deep_subduction
C201511011516A,2015-11-01T15:16:20,-68.63,-23.19,127.5,5.8,mw,161.0,43.0,-81.0,330.0,48.0,-98.0,3.0,65.0,6.0,335.0,84.0,179.0,-7.38e+17,4.6e+16,6.93e+17,8.7e+16,-3.8e+16,-3.75e+17,gcmt,1843_gcmt,deep_subduction
608023794,2015-11-08T08:13:37,-69.428,-17.347,170.0,5.69,mw,243.0,10.0,-3.0,336.0,90.0,-100.0,44.1535525371972,75.7075428363213,9.987771384298435,335.86280077879667,44.12268801750113,236.02876972961167,0.03,-0.68,0.65,1.7,-3.89,0.33,gem,1849_gem,deep_subduction
C201511080813A,2015-11-08T08:13:41,-69.5,-17.29,176.3,5.7,mw,243.0,10.0,-3.0,336.0,90.0,-100.0,44.0,75.0,10.0,336.0,45.0,236.0,3000000000000000.0,-6.840000000000001e+16,6.54e+16,1.7e+17,-3.89e+17,3.25e+16,gcmt,1849_gcmt,deep_subduction
608024250,2015-11-09T04:46:28,-68.911,-23.479,110.0,5.31,mw,2.0,68.0,-94.0,191.0,23.0,-81.0,44.9292142978198,275.06940976147865,5.146832267547381,179.9144729441083,44.6096801227527,84.81686837748725,-0.78,-0.05,0.83,-0.0,-0.83,0.1,gem,1850_gem,deep_subduction
C201511090446A,2015-11-09T04:46:30,-69.23,-23.51,123.0,5.3,mw,191.0,23.0,-81.0,2.0,68.0,-94.0,23.0,94.0,3.0,3.0,67.0,265.0,-7.84e+16,-5300000000000000.0,8.37e+16,-100000000000000.0,-8.28e+16,9500000000000000.0,gcmt,1850_gcmt,deep_subduction
608026306,2015-11-10T17:48:22,-68.692,-22.241,108.2,5.29,mw,6.0,73.0,-82.0,161.0,19.0,-114.0,44.67339419659608,269.6258557905357,9.197326703467068,8.837468454759914,43.86254921911835,107.78977658135722,-0.6,-0.03,0.62,-0.14,-0.88,-0.07,gem,1851_gem,deep_subduction
C201511101748A,2015-11-10T17:48:27,-68.88,-22.23,127.9,5.3,mw,161.0,19.0,-114.0,6.0,73.0,-82.0,28.0,90.0,7.0,184.0,61.0,288.0,-5.98e+16,-3100000000000000.0,6.29e+16,-1.3900000000000002e+16,-8.84e+16,-7199999999999999.0,gcmt,1851_gcmt,deep_subduction
608060620,2015-11-30T14:45:22,-67.134,-24.272,164.8,5.23,mw,176.0,33.0,-87.0,353.0,57.0,-92.0,44.987828167617046,83.8315122669178,3.991072386479892,349.8324240999071,44.734609848404205,255.86858508969647,-0.81,0.01,0.8,0.06,-0.36,-0.07,gem,1858_gem,deep_subduction
C201511301445A,2015-11-30T14:45:28,-67.24,-24.35,188.5,5.3,mw,176.0,33.0,-87.0,353.0,57.0,-92.0,12.0,85.0,1.0,354.0,78.0,258.0,-8.14e+16,500000000000000.0,8.09e+16,5600000000000000.0,-3.57e+16,-7199999999999999.0,gcmt,1858_gcmt,deep_subduction
C201601171528A,2016-01-17T15:28:45,-68.72,-21.39,132.3,5.0,mw,166.0,40.0,-62.0,311.0,56.0,-112.0,8.0,57.0,18.0,324.0,70.0,170.0,-2.2e+16,2020000000000000.0,2e+16,8220000000000000.0,-4160000000000000.0,-1.94e+16,gcmt,1868_gcmt,deep_subduction
608354497,2016-02-25T15:35:07,-69.007,-23.085,86.2,5.16,mw,18.0,62.0,-69.0,159.0,34.0,-124.0,43.38227542455888,272.824403483984,29.98025203105149,35.862773710031206,31.85342832919124,146.8667440033007,-5.37,-0.75,6.12,-2.2,-3.1,-0.2,gem,1878_gem,deep_subduction
C201602251535A,2016-02-25T15:35:11,-69.17,-23.05,107.8,5.2,mw,159.0,34.0,-124.0,18.0,62.0,-69.0,15.0,93.0,18.0,188.0,66.0,326.0,-5.37e+16,-7530000000000000.0,6.12e+16,-2.2e+16,-3.1e+16,-2020000000000000.0,gcmt,1878_gcmt,deep_subduction
608552464,2016-04-13T20:01:58,-66.521,-20.881,229.4,5.52,mw,113.0,15.0,-151.0,354.0,83.0,-77.0,43.81809192594096,73.26178774031342,13.493035961651966,176.57354719366947,43.06082005729221,279.5313779977251,-1.03,1.05,-0.02,-0.19,-2.32,-0.4,gem,1886_gem,deep_subduction
C201604132001A,2016-04-13T20:02:04,-66.54,-21.03,257.8,5.3,mw,113.0,15.0,-151.0,354.0,83.0,-77.0,37.0,73.0,13.0,173.0,51.0,279.0,-1.03e+17,1.05e+17,-2600000000000000.0,-1.86e+16,-2.32e+17,-4e+16,gcmt,1886_gcmt,deep_subduction
201604140938A,2016-04-14T09:38:00,-70.39,-33.85,129.0,5.1,mw,120.0,10.0,162.0,228.0,87.0,80.0,47.0,128.0,,,41.0,327.0,,,,,,,gmt,1887_gmt,deep_subduction
611829322,2016-04-14T09:38:43,-70.374,-33.873,109.3,5.15,mw,120.0,10.0,162.0,228.0,87.0,80.0,44.12617387529938,127.8233933846999,9.55994597937854,227.2252534563625,44.29326531831637,326.68263570582747,1.2,-1.68,0.47,-4.68,-4.61,0.5,gem,1887_gem,deep_subduction
611829322,2016-04-14T09:38:47,-70.54,-33.65,140.5,5.1,mw,45.0,26.0,72.0,244.0,65.0,98.0,68.0,170.0,8.0,61.0,20.0,328.0,3758000000.0,-3001999999.9999995,-756000000.0,-3384999999.9999995,-1478000000.0,-2779000000.0,neic,1887_neic,deep_subduction
20005hz4,2016-04-14T09:38:47,-70.54,-33.65,140.5,5.1,mww,244.0,65.0,98.0,45.0,26.0,72.0,68.0,170.0,8.0,61.0,20.0,328.0,3.758e+16,-3.002e+16,-7560000000000000.0,-3.385e+16,-1.478e+16,-2.779e+16,us,1887_us,deep_subduction
C201604140938A,2016-04-14T09:38:48,-70.39,-33.85,129.3,5.1,mw,120.0,10.0,162.0,228.0,87.0,80.0,47.0,128.0,10.0,229.0,41.0,327.0,1.2e+16,-1.68e+16,4770000000000000.0,-4.68e+16,-4.61e+16,5010000000000000.0,gcmt,1887_gcmt,deep_subduction
C201604140938A,2016-04-14T09:38:48,-70.39,-33.85,129.3,5.1,mw,120.0,10.0,162.0,228.0,87.0,80.0,47.0,128.0,10.0,229.0,41.0,327.0,1.2e+16,-1.68e+16,4770000000000000.0,-4.68e+16,-4.61e+16,5010000000000000.0,gcmt,1887_gcmtb,deep_subduction
608588751,2016-04-21T18:07:43,-67.564,-22.306,159.5,5.16,mw,175.0,82.0,120.0,279.0,31.0,16.0,35.60716595433715,294.8939081422593,30.65543055933317,179.77823179759446,39.29250216977449,60.76616304377393,1.74,-0.52,-1.22,0.03,-5.81,3.63,gem,1891_gem,deep_subduction
608606789,2016-04-27T10:13:50,-66.856,-24.107,183.9,5.18,mw,203.0,26.0,-64.0,355.0,67.0,-102.0,44.38064378067615,93.61987399797071,15.795984564797276,347.5478879243427,41.36394683425517,243.12421901320067,-4.94,-0.83,5.78,0.9,-4.89,0.9,gem,1892_gem,deep_subduction
C201604271013A,2016-04-27T10:13:56,-67.01,-24.19,208.1,5.1,mw,203.0,26.0,-64.0,355.0,67.0,-102.0,21.0,94.0,11.0,359.0,66.0,243.0,-4.94e+16,-8330000000000000.0,5.78e+16,9010000000000000.0,-4.89e+16,9000000000000000.0,gcmt,1892_gcmt,deep_subduction
608794658,2016-05-18T14:49:04,-67.188,-24.421,162.3,5.28,mw,165.0,31.0,-84.0,338.0,59.0,-94.0,44.95579011121372,70.62897689958248,6.46061520348645,334.13696288095764,44.31873537302623,237.7883292566989,-0.9,0.05,0.85,0.22,-0.46,-0.31,gem,1894_gem,deep_subduction
C201605181449A,2016-05-18T14:49:10,-67.2,-24.34,183.6,5.2,mw,165.0,31.0,-84.0,338.0,59.0,-94.0,14.0,70.0,3.0,340.0,75.0,238.0,-9.04e+16,4900000000000000.0,8.55e+16,2.22e+16,-4.64e+16,-3.12e+16,gcmt,1894_gcmt,deep_subduction
608805643,2016-05-19T20:25:43,-66.657,-27.959,164.9,5.12,mw,165.0,49.0,-48.0,291.0,55.0,-128.0,40.77602805264264,46.69126116790119,48.23237958423807,241.742884728206,7.527018527818891,143.23473540679936,-4.36,1.81,2.55,2.16,1.19,-3.91,gem,1895_gem,deep_subduction
608805643,2016-05-19T20:25:46,-66.56,-28.06,170.5,5.1,mw,150.0,44.0,-57.0,289.0,54.0,-117.0,6.0,38.0,22.0,306.0,67.0,141.0,-4275000000.0,3005000000.0,1269000000.0,1575000000.0,341000000.00000006,-3891000000.0,neic,1895_neic,deep_subduction
C201605192025A,2016-05-19T20:25:51,-66.35,-28.15,180.2,5.1,mw,165.0,49.0,-48.0,291.0,55.0,-128.0,3.0,47.0,30.0,315.0,59.0,142.0,-4.36e+16,1.81e+16,2.55e+16,2.16e+16,1.19e+16,-3.91e+16,gcmt,1895_gcmtb,deep_subduction
C201605192025A,2016-05-19T20:25:51,-66.35,-28.15,180.2,5.1,mw,165.0,49.0,-48.0,291.0,55.0,-128.0,3.0,47.0,30.0,315.0,59.0,142.0,-4.36e+16,1.81e+16,2.55e+16,2.16e+16,1.19e+16,-3.91e+16,gcmt,1895_gcmt,deep_subduction
608817525,2016-05-23T03:43:12,-67.411,-22.034,173.9,5.0,mw,254.0,29.0,-17.0,360.0,82.0,-118.0,40.04089466719415,111.75275002130292,28.59201789138164,354.4943883054606,36.696202130158426,240.52792500964452,-0.98,-0.14,1.12,0.19,-3.34,1.85,gem,1897_gem,deep_subduction
C201605230343A,2016-05-23T03:43:19,-67.57,-22.24,186.4,5.0,mw,254.0,29.0,-17.0,360.0,82.0,-118.0,31.0,112.0,28.0,4.0,46.0,241.0,-9780000000000000.0,-1409999999999999.8,1.1200000000000002e+16,1870000000000000.0,-3.34e+16,1.85e+16,gcmt,1897_gcmt,deep_subduction
608988305,2016-06-05T15:05:34,-69.113,-19.475,106.1,5.11,mw,144.0,15.0,-114.0,349.0,76.0,-84.0,44.782066454724166,73.61607016835387,6.796171864925654,170.40844658689764,44.415532641320326,267.1140638492957,-2.72,0.29,2.42,0.85,-5.13,-1.11,gem,1899_gem,deep_subduction
C201606051505A,2016-06-05T15:05:39,-69.36,-19.45,129.8,5.1,mw,144.0,15.0,-114.0,349.0,76.0,-84.0,31.0,74.0,6.0,167.0,58.0,267.0,-2.72e+16,2950000000000000.0,2.42e+16,8550000000000000.0,-5.13e+16,-1.11e+16,gcmt,1899_gcmt,deep_subduction
609050588,2016-06-18T17:29:45,-67.134,-24.227,175.1,5.72,mw,183.0,22.0,-78.0,350.0,69.0,-95.0,44.8965268171376,83.78478551351071,6.093687243006845,347.6785184636214,44.457786977691725,251.6654075598917,-3.16,-0.24,3.4,0.73,-3.51,-0.23,gem,1902_gem,deep_subduction
C201606181729A,2016-06-18T17:29:49,-67.27,-24.21,192.3,5.7,mw,183.0,22.0,-78.0,350.0,69.0,-95.0,24.0,84.0,5.0,352.0,66.0,252.0,-3.16e+17,-2.43e+16,3.4e+17,7.34e+16,-3.51e+17,-2.32e+16,gcmt,1902_gcmt,deep_subduction
609062029,2016-06-24T21:29:18,-69.333,-25.744,113.9,5.44,mw,60.0,82.0,156.0,153.0,67.0,9.0,11.40923197698089,194.3760819996562,65.5599100795831,78.01374914373213,21.308439131273587,288.8907303500173,0.66,1.08,-1.73,0.48,0.37,-1.0,gem,1904_gem,deep_subduction
C201606242129A,2016-06-24T21:29:21,-69.51,-25.79,128.3,5.5,mw,153.0,67.0,9.0,60.0,82.0,156.0,23.0,14.0,65.0,221.0,10.0,109.0,6.55e+16,1.08e+17,-1.73e+17,4.76e+16,3.73e+16,-9.98e+16,gcmt,1904_gcmt,deep_subduction
609262814,2016-07-27T06:43:46,-68.009,-24.229,115.9,5.4,mw,135.0,33.0,-106.0,334.0,58.0,-80.0,44.65623234027533,56.53297620452975,18.28953816248124,165.59389794706,39.67044307547925,271.50297797984007,-1.3,0.33,0.96,0.22,-0.67,-0.83,gem,1914_gem,deep_subduction
C201607270643A,2016-07-27T06:43:52,-68.13,-24.17,143.6,5.4,mw,135.0,33.0,-106.0,334.0,58.0,-80.0,13.0,57.0,8.0,149.0,75.0,271.0,-1.3e+17,3.34e+16,9.67e+16,2.17e+16,-6.69e+16,-8.32e+16,gcmt,1914_gcmt,deep_subduction
609287853,2016-08-04T14:15:11,-65.955,-22.283,258.1,6.14,mw,170.0,86.0,90.0,356.0,4.0,96.0,45.000000000000014,260.0,4.770832022195277e-15,350.0,44.99999999999999,80.0,0.37,-0.15,-0.21,0.34,-1.99,-0.0,gem,1915_gem,deep_subduction
C201608041415A,2016-08-04T14:15:18,-66.01,-22.17,277.2,6.2,mw,356.0,4.0,96.0,170.0,86.0,90.0,49.0,80.0,0.0,170.0,41.0,261.0,3.66e+17,-1.48e+17,-2.18e+17,3.44e+17,-1.99e+18,-3000000000000000.0,gcmt,1915_gcmt,deep_subduction
609350849,2016-08-14T13:28:42,-69.223,-20.203,99.3,5.06,mw,204.0,33.0,-56.0,345.0,63.0,-110.0,43.48722716382096,89.72519460157912,27.801074948186404,329.7164833118733,33.762422990208265,219.07789248449413,-3.48,-0.94,4.42,1.18,-2.45,0.31,gem,1917_gem,deep_subduction
C201608141328A,2016-08-14T13:28:46,-69.35,-20.26,111.8,5.0,mw,204.0,33.0,-56.0,345.0,63.0,-110.0,16.0,90.0,18.0,354.0,66.0,219.0,-3.48e+16,-9410000000000000.0,4.42e+16,1.18e+16,-2.45e+16,3080000000000000.0,gcmt,1917_gcmt,deep_subduction
609354377,2016-08-16T02:58:38,-68.631,-22.462,109.5,5.34,mw,216.0,13.0,-44.0,348.0,81.0,-100.0,44.42493635676076,87.42181413950777,9.781113010077458,347.6942058286397,43.92116815128043,248.13783811916852,-0.41,-0.06,0.46,0.28,-1.19,0.12,gem,1918_gem,deep_subduction
C201608160258A,2016-08-16T02:58:42,-68.97,-22.52,132.6,5.4,mw,216.0,13.0,-44.0,348.0,81.0,-100.0,35.0,87.0,10.0,350.0,53.0,247.0,-4.08e+16,-5800000000000000.0,4.66e+16,2.84e+16,-1.19e+17,1.23e+16,gcmt,1918_gcmt,deep_subduction
609395013,2016-09-06T07:37:46,-67.799,-21.257,156.2,5.06,mw,49.0,73.0,-114.0,286.0,29.0,-37.0,42.12644469741318,337.3901223675011,26.90143489417457,220.07649609277604,35.99156926162283,108.4530566033232,-2.43,3.32,-0.88,-2.43,-2.76,1.08,gem,1923_gem,deep_subduction
C201609060737A,2016-09-06T07:37:55,-67.81,-21.28,170.9,5.0,mw,286.0,29.0,-37.0,49.0,73.0,-114.0,24.0,157.0,23.0,56.0,55.0,288.0,-2.43e+16,3.32e+16,-8850000000000000.0,-2.43e+16,-2.76e+16,1.08e+16,gcmt,1923_gcmt,deep_subduction
609425625,2016-09-07T20:03:23,-69.001,-20.018,101.4,5.38,mw,144.0,22.0,-99.0,334.0,68.0,-86.0,44.941652293868906,60.91233601053057,4.62026951555756,155.53824928924382,44.68657476066393,250.12306765201447,-1.0,0.24,0.76,0.46,-0.98,-0.49,gem,1924_gem,deep_subduction
C201609072003A,2016-09-07T20:03:27,-69.25,-20.01,126.0,5.3,mw,144.0,22.0,-99.0,334.0,68.0,-86.0,23.0,61.0,3.0,152.0,67.0,250.0,-1e+17,2.4e+16,7.6e+16,4.55e+16,-9.82e+16,-4.88e+16,gcmt,1924_gcmt,deep_subduction
C201609080234A,2016-09-08T02:34:10,-68.6,-21.64,142.7,5.0,mw,121.0,50.0,-177.0,29.0,87.0,-40.0,25.0,82.0,50.0,206.0,29.0,337.0,-2420000000000000.0,-2.06e+16,2.3e+16,-1.02e+16,-1.8e+16,-1.22e+16,gcmt,1926_gcmt,deep_subduction
609577103,2016-09-09T00:03:44,-65.796,-31.358,159.6,5.57,mw,121.0,35.0,-133.0,350.0,65.0,-64.0,42.398282026581,61.181392951950045,32.58152088988685,186.8797625195941,30.35368910236916,298.8575736342849,-1.85,0.22,1.63,-0.03,-1.64,-1.54,gem,1927_gem,deep_subduction
C201609090003A,2016-09-09T00:03:48,-65.86,-31.41,178.0,5.6,mw,121.0,35.0,-133.0,350.0,65.0,-64.0,16.0,61.0,23.0,159.0,61.0,299.0,-1.85e+17,2.19e+16,1.63e+17,-3400000000000000.0,-1.64e+17,-1.54e+17,gcmt,1927_gcmt,deep_subduction
609577103,2016-09-09T00:03:48,-65.75,-31.41,160.5,5.6,mw,133.0,35.0,-113.0,341.0,58.0,-74.0,12.0,60.0,13.0,153.0,72.0,289.0,-21950000000.0,4000000000.0,17950000000.0,1150000000.0,-11499999999.999998,-14120000000.0,neic,1927_neic,deep_subduction
C201609090003A,2016-09-09T00:03:48,-65.86,-31.41,178.0,5.6,mw,121.0,35.0,-133.0,350.0,65.0,-64.0,16.0,61.0,23.0,159.0,61.0,299.0,-1.85e+17,2.19e+16,1.63e+17,-3400000000000000.0,-1.64e+17,-1.54e+17,gcmt,1927_gcmtb,deep_subduction
C201609201324A,2016-09-20T13:24:49,-68.1,-23.65,128.9,5.0,mw,165.0,18.0,-56.0,310.0,75.0,-100.0,30.0,48.0,10.0,312.0,59.0,206.0,-9950000000000000.0,2170000000000000.0,7780000000000000.0,1.73e+16,-1.49e+16,-1.19e+16,gcmt,1929_gcmt,deep_subduction
C201609242027A,2016-09-24T20:27:24,-68.4,-21.55,125.7,5.1,mw,168.0,42.0,-117.0,23.0,54.0,-68.0,6.0,97.0,18.0,189.0,71.0,348.0,-6.07e+16,-1.7399999999999998e+16,7.81e+16,-1.7399999999999998e+16,-1.33e+16,1.01e+16,gcmt,1930_gcmt,deep_subduction
609625258,2016-10-31T05:44:31,-68.66,-22.418,107.1,5.06,mw,238.0,18.0,-13.0,340.0,86.0,-107.0,42.70364796050119,86.22308290295643,17.68381589163376,339.1108140797996,42.0015952359399,232.4269090054495,-0.77,-0.6,1.37,1.83,-4.26,1.06,gem,1937_gem,deep_subduction
C201610310544A,2016-10-31T05:44:38,-68.68,-22.45,136.3,5.1,mw,238.0,18.0,-13.0,340.0,86.0,-107.0,39.0,86.0,17.0,341.0,46.0,232.0,-7680000000000000.0,-6040000000000000.0,1.3700000000000002e+16,1.83e+16,-4.26e+16,1.06e+16,gcmt,1937_gcmt,deep_subduction
201611041620A,2016-11-04T16:20:00,-70.98,-35.06,96.0,6.3,mw,173.0,27.0,-128.0,35.0,69.0,-73.0,22.0,111.0,,,62.0,331.0,,,,,,,gmt,1939_gmt,deep_subduction
615010353,2016-11-04T16:20:44,-70.931,-35.081,89.6,6.32,mw,35.0,69.0,-73.0,173.0,27.0,-128.0,43.69803037839633,292.0973379144107,20.80522517191929,43.38687038049051,39.02988041091629,151.32686823778693,-2.27,-0.49,2.75,-1.74,-2.12,1.01,gem,1939_gem,deep_subduction
C201611041620A,2016-11-04T16:20:49,-70.98,-35.06,96.2,6.3,mw,173.0,27.0,-128.0,35.0,69.0,-73.0,22.0,111.0,16.0,208.0,62.0,331.0,-2.27e+18,-4.87e+17,2.75e+18,-1.74e+18,-2.12e+18,1.01e+18,gcmt,1939_gcmt,deep_subduction
C201611041620A,2016-11-04T16:20:49,-70.98,-35.06,96.2,6.3,mw,173.0,27.0,-128.0,35.0,69.0,-73.0,22.0,111.0,16.0,208.0,62.0,331.0,-2.27e+18,-4.87e+17,2.75e+18,-1.74e+18,-2.12e+18,1.01e+18,gcmt,1939_gcmtb,deep_subduction
615033206,2016-11-13T01:01:52,-67.395,-28.083,134.9,5.34,mw,48.0,65.0,-50.0,165.0,46.0,-144.0,38.8252673261872,290.4098091514235,46.01055266661066,76.88503652969177,17.387718334859457,185.8137388189547,-0.76,-0.35,1.11,-0.65,-0.18,0.49,gem,1942_gem,deep_subduction
C201611130101A,2016-11-13T01:01:56,-67.36,-28.24,147.5,5.3,mw,165.0,46.0,-144.0,48.0,65.0,-50.0,11.0,110.0,36.0,208.0,52.0,6.0,-7.6e+16,-3.49e+16,1.1100000000000002e+17,-6.48e+16,-1.85e+16,4.92e+16,gcmt,1942_gcmt,deep_subduction
C201611130101A,2016-11-13T01:01:56,-67.36,-28.24,147.5,5.3,mw,165.0,46.0,-144.0,48.0,65.0,-50.0,11.0,110.0,36.0,208.0,52.0,6.0,-7.6e+16,-3.49e+16,1.1100000000000002e+17,-6.48e+16,-1.85e+16,4.92e+16,gcmt,1942_gcmtb,deep_subduction
1000776j,2016-11-13T01:01:57,-67.42,-28.12,130.5,5.3,mww,42.0,64.0,-59.0,169.0,39.0,-135.0,14.0,110.0,27.0,207.0,59.0,356.0,-7.531e+16,-1.993e+16,9.525e+16,-5.383e+16,-3.009e+16,3.624e+16,us,1942_us,deep_subduction
615033206,2016-11-13T01:01:57,-67.42,-28.12,130.5,5.3,mw,42.0,64.0,-59.0,169.0,39.0,-135.0,14.0,110.0,27.0,207.0,59.0,356.0,-7530000000.0,-1990000000.0,9530000000.0,-5380000000.0,-3010000000.0,3620000000.0,neic,1942_neic,deep_subduction
615033088,2016-11-13T14:01:00,-67.4806,-28.9231,120.0,5.7,mw,112.48,55.98,-127.8,346.67,49.09,-47.77,4.0,228.0,31.0,136.0,59.0,325.0,-31580000000.0,11970000000.0,19610000000.0,-23170000000.000004,-14760000000.0,-17490000000.0,neic,1943_neic,deep_subduction
100077ap,2016-11-13T14:01:00,-67.4806,-28.9231,120.0,5.7,mwr,112.48,55.98,-127.8,346.67,49.09,-47.77,4.0,228.0,31.0,136.0,59.0,325.0,-3.1581e+17,1.1969e+17,1.9612e+17,-2.3166e+17,-1.4761e+17,-1.7488e+17,us,1943_us,deep_subduction
100077cs,2016-11-13T17:52:52,-68.1874,-31.9902,120.0,4.9,mwr,148.57,39.17,-132.93,18.76,62.46,-60.97,13.0,88.0,25.0,184.0,61.0,334.0,-1.7251e+16,-4040000000000000.0,2.1291e+16,-9273000000000000.0,-9558000000000000.0,-2988000000000000.0,us,1944_us,deep_subduction
201611202057A,2016-11-20T20:57:00,-68.74,-31.66,119.0,6.4,mw,31.0,40.0,-92.0,214.0,50.0,-89.0,5.0,302.0,,,85.0,137.0,,,,,,,gmt,1945_gmt,deep_subduction
615052593,2016-11-20T20:57:43,-68.645,-31.597,107.3,6.41,mw,31.0,40.0,-92.0,214.0,50.0,-89.0,44.99273427757117,302.419507134154,7.280550828296431,39.7576873068158,44.0869431757207,136.8662410273257,-5.71,2.15,3.56,0.6,0.68,1.5,gem,1945_gem,deep_subduction
10007az5,2016-11-20T20:57:46,-68.53,-31.74,120.5,6.4,mww,210.0,54.0,-86.0,24.0,36.0,-94.0,9.0,298.0,3.0,28.0,80.0,136.0,-6.006e+18,2.416e+18,3.589e+18,1.138e+18,1.238e+18,7.47e+17,us,1945_us,deep_subduction
615052593,2016-11-20T20:57:46,-68.53,-31.74,120.5,6.4,mw,24.0,36.0,-94.0,210.0,54.0,-86.0,9.0,298.0,3.0,28.0,80.0,136.0,-600600000000.0,241600000000.0,358900000000.0,113799999999.99998,123800000000.0,74700000000.0,neic,1945_neic,deep_subduction
C201611202057A,2016-11-20T20:57:47,-68.74,-31.66,119.1,6.4,mw,31.0,40.0,-92.0,214.0,50.0,-89.0,5.0,303.0,1.0,33.0,85.0,136.0,-5.71e+18,2.15e+18,3.56e+18,6.01e+17,6.82e+17,1.5e+18,gcmt,1945_gcmtb,deep_subduction
C201611202057A,2016-11-20T20:57:47,-68.74,-31.66,119.1,6.4,mw,31.0,40.0,-92.0,214.0,50.0,-89.0,5.0,303.0,1.0,33.0,85.0,136.0,-5.71e+18,2.15e+18,3.56e+18,6.01e+17,6.82e+17,1.5e+18,gcmt,1945_gcmt,deep_subduction
609825606,2016-12-05T18:06:04,-66.672,-23.181,205.8,5.09,mw,25.0,79.0,-57.0,131.0,34.0,-161.0,38.71889015207368,269.4959748808045,34.273694899822736,32.61214689210988,32.68462305411741,148.54037545740465,-1.44,-3.2,4.64,-0.55,-4.21,-0.32,gem,1946_gem,deep_subduction
C201612051806A,2016-12-05T18:06:08,-66.76,-23.32,220.4,5.0,mw,131.0,34.0,-161.0,25.0,79.0,-57.0,27.0,90.0,32.0,198.0,46.0,328.0,-1.44e+16,-3.2e+16,4.64e+16,-5540000000000000.0,-4.21e+16,-3210000000000000.0,gcmt,1946_gcmt,deep_subduction
611831490,2017-01-06T06:30:34,-67.747,-22.287,158.4,5.75,mw,208.0,3.0,-31.0,329.0,88.0,-93.0,44.94529193793296,61.46845290448039,2.574926691921971,328.89584284519924,44.93906621923729,236.32379217812587,0.04,-0.57,0.53,2.63,-4.5,-0.47,gem,1956_gem,deep_subduction
C201701060630A,2017-01-06T06:30:39,-67.88,-22.3,174.6,5.8,mw,208.0,3.0,-31.0,329.0,88.0,-93.0,43.0,62.0,3.0,329.0,47.0,236.0,3500000000000000.5,-5.729999999999999e+16,5.39e+16,2.63e+17,-4.5e+17,-4.73e+16,gcmt,1956_gcmt,deep_subduction
610049689,2017-01-08T01:04:43,-66.839,-24.058,190.0,5.2,mw,28.0,86.0,-53.0,123.0,37.0,-174.0,35.53641182860449,268.2574094784966,37.16353888161115,31.03851496386744,33.03913107659349,150.57729412825938,-0.98,-4.59,5.57,-1.19,-6.24,-1.23,gem,1958_gem,deep_subduction
C201701080104A,2017-01-08T01:04:47,-66.95,-23.99,212.2,5.1,mw,123.0,37.0,-174.0,28.0,86.0,-53.0,31.0,88.0,37.0,205.0,38.0,331.0,-9830000000000000.0,-4.59e+16,5.57e+16,-1.19e+16,-6.24e+16,-1.23e+16,gcmt,1958_gcmt,deep_subduction
610208991,2017-02-14T09:38:32,-66.675,-23.837,190.4,5.36,mw,220.0,25.0,-45.0,352.0,73.0,-108.0,43.33961255471188,96.37997372612932,20.824620287983528,345.3457013386177,39.38211410803737,237.152073038454,-0.73,-0.15,0.88,0.26,-1.07,0.29,gem,1963_gem,deep_subduction
C201702140938A,2017-02-14T09:38:38,-66.86,-23.89,224.7,5.4,mw,220.0,25.0,-45.0,352.0,73.0,-108.0,26.0,96.0,17.0,357.0,58.0,237.0,-7.34e+16,-1.48e+16,8.82e+16,2.62e+16,-1.07e+17,2.91e+16,gcmt,1963_gcmt,deep_subduction
610243814,2017-02-18T12:10:15,-66.709,-23.917,193.1,6.38,mw,4.0,84.0,-90.0,184.0,6.0,-91.0,45.000000000000014,274.0,2.3854160110976368e-15,4.0,45.000000000000014,94.0,-0.82,-0.36,1.19,-0.36,-4.59,0.12,gem,1965_gem,deep_subduction
C201702181210A,2017-02-18T12:10:23,-66.87,-23.87,221.5,6.4,mw,184.0,6.0,-91.0,4.0,84.0,-90.0,39.0,94.0,0.0,184.0,51.0,275.0,-8.23e+17,-3.64e+17,1.19e+18,-3.6e+17,-4.59e+18,1.16e+17,gcmt,1965_gcmt,deep_subduction
610240974,2017-02-25T02:31:24,-69.066,-19.471,111.7,5.21,mw,145.0,38.0,-117.0,358.0,57.0,-71.0,43.799324599575705,74.00936769518438,33.79041518897499,203.9298642726751,27.38987412836003,314.2173016370021,-0.68,-0.03,0.71,-0.11,-0.3,-0.27,gem,1966_gem,deep_subduction
C201702250231A,2017-02-25T02:31:29,-69.27,-19.41,131.2,5.2,mw,145.0,38.0,-117.0,358.0,57.0,-71.0,10.0,74.0,16.0,167.0,71.0,314.0,-6.830000000000001e+16,-3300000000000000.0,7.15e+16,-1.14e+16,-3e+16,-2.68e+16,gcmt,1966_gcmt,deep_subduction
610329841,2017-03-16T08:08:05,-66.953,-24.12,178.8,5.15,mw,6.0,53.0,-102.0,205.0,38.0,-75.0,44.59289792864967,284.52336479589843,29.189335072937308,161.1045951800795,31.25844909490617,51.28242939017901,-6.22,0.3,5.92,0.59,-1.97,1.73,gem,1970_gem,deep_subduction
C201703160808A,2017-03-16T08:08:11,-67.07,-24.24,204.8,5.1,mw,205.0,38.0,-75.0,6.0,53.0,-102.0,8.0,105.0,9.0,13.0,78.0,234.0,-6.22e+16,2970000000000000.0,5.92e+16,5900000000000000.0,-1.97e+16,1.73e+16,gcmt,1970_gcmt,deep_subduction
610346374,2017-03-20T08:17:27,-66.516,-27.059,182.5,5.03,mw,167.0,74.0,-39.0,269.0,53.0,-160.0,32.62993048731814,42.59371239419079,52.41060162846206,188.8692042151233,16.5719474946772,301.6100318782638,-1.32,1.58,-0.25,0.59,2.72,-3.19,gem,1971_gem,deep_subduction
610401463,2017-03-21T15:01:58,-68.3,-21.635,118.2,4.99,mw,196.0,85.0,112.0,298.0,22.0,13.0,40.22265410596031,308.256036011689,22.21691191009478,198.04781988499,41.555348506966425,86.82115934766983,0.46,1.11,-1.57,-0.82,-3.43,0.87,gem,1972_gem,deep_subduction
C201703211501A,2017-03-21T15:02:05,-68.7,-21.68,144.8,5.1,mw,298.0,22.0,13.0,196.0,85.0,112.0,46.0,128.0,22.0,14.0,36.0,267.0,4550000000000000.0,1.11e+16,-1.57e+16,-8240000000000000.0,-3.43e+16,8730000000000000.0,gcmt,1972_gcmt,deep_subduction
201703270303A,2017-03-27T03:03:00,-71.79,-36.34,103.0,5.1,mw,246.0,42.0,-6.0,341.0,86.0,-132.0,28.0,103.0,,,35.0,215.0,,,,,,,gmt,1973_gmt,deep_subduction
610435259,2017-03-27T03:03:32,-71.741,-36.2378,88.7,5.0,mw,250.97,28.14,-1.0,341.85,89.53,-118.14,38.0,97.0,28.0,342.0,39.0,226.0,91000000.0,-1564000000.0,1473000000.0,552000000.0,-3402000000.0,1151000000.0,neic,1973_neic,deep_subduction
610435259,2017-03-27T03:03:32,-71.801,-36.228,88.8,5.06,mw,246.0,42.0,-6.0,341.0,86.0,-132.0,33.17518631702736,102.90376627601064,41.99688692414658,336.84697837156364,30.19080676554385,215.2596825913465,-0.53,-2.06,2.59,1.16,-3.37,2.31,gem,1973_gem,deep_subduction
C201703270303A,2017-03-27T03:03:35,-71.79,-36.34,102.6,5.0,mw,246.0,42.0,-6.0,341.0,86.0,-132.0,29.0,103.0,42.0,344.0,35.0,215.0,-5340000000000000.0,-2.06e+16,2.59e+16,1.16e+16,-3.37e+16,2.31e+16,gcmt,1973_gcmtb,deep_subduction
C201703270303A,2017-03-27T03:03:35,-71.79,-36.34,102.6,5.0,mw,246.0,42.0,-6.0,341.0,86.0,-132.0,29.0,103.0,42.0,344.0,35.0,215.0,-5340000000000000.0,-2.06e+16,2.59e+16,1.16e+16,-3.37e+16,2.31e+16,gcmt,1973_gcmt,deep_subduction
610526711,2017-04-11T13:39:43,-70.002,-27.64,83.7,5.09,mw,8.0,84.0,45.0,272.0,46.0,171.0,27.282724387536387,60.472645505554965,45.31294239929338,181.90031039211016,32.229688771332754,311.49721411680525,0.86,-1.06,0.2,0.26,3.69,-3.82,gem,1976_gem,deep_subduction
610526711,2017-04-11T13:39:44,-70.0672,-27.6127,82.8,5.1,mw,5.28,85.38,58.01,267.93,32.29,171.32,41.0,246.0,32.0,8.0,33.0,122.0,631000000.0,195000000.0,-826000000.0,1048000000.0,4402000000.0,-3070000000.0,neic,1976_neic,deep_subduction
610528136,2017-04-14T18:03:24,-68.65,-22.526,105.8,5.3,mw,207.0,16.0,-42.0,338.0,79.0,-102.0,44.11247856459629,78.03476952751402,12.654593278461086,335.46215422706763,43.13626924102191,233.31779422608565,-0.43,-0.06,0.49,0.45,-0.92,0.06,gem,1978_gem,deep_subduction
C201704141803A,2017-04-14T18:03:30,-68.84,-22.54,133.7,5.3,mw,207.0,16.0,-42.0,338.0,79.0,-102.0,33.0,78.0,12.0,340.0,54.0,233.0,-4.35e+16,-5500000000000000.0,4.9e+16,4.53e+16,-9.21e+16,5800000000000000.0,gcmt,1978_gcmt,deep_subduction
611832316,2017-04-15T08:19:42,-67.665,-23.212,150.1,6.27,mw,124.0,18.0,-137.0,353.0,78.0,-77.0,43.95525291471098,71.36924090074058,14.28168037688922,175.57697646398378,42.55478160422626,279.0923365629116,-0.95,-0.44,1.4,0.43,-2.77,-1.02,gem,1979_gem,deep_subduction
C201704150819A,2017-04-15T08:19:48,-67.92,-23.2,164.2,6.2,mw,124.0,18.0,-137.0,353.0,78.0,-77.0,32.0,72.0,13.0,170.0,55.0,280.0,-9.55e+17,-4.44e+17,1.4e+18,4.27e+17,-2.77e+18,-1.02e+18,gcmt,1979_gcmt,deep_subduction
610529598,2017-04-18T01:48:43,-68.337,-21.753,116.7,5.06,mw,137.0,39.0,-108.0,340.0,53.0,-76.0,44.43868082331915,59.7250187657649,32.011259538567394,187.53264398280533,28.57676900082519,297.4405982637499,-4.08,0.58,3.5,0.02,-1.34,-2.76,gem,1980_gem,deep_subduction
C201704180148A,2017-04-18T01:48:49,-68.4,-21.67,141.4,5.0,mw,137.0,39.0,-108.0,340.0,53.0,-76.0,7.0,60.0,11.0,151.0,77.0,298.0,-4.08e+16,5780000000000000.0,3.5e+16,220000000000000.0,-1.34e+16,-2.76e+16,gcmt,1980_gcmt,deep_subduction
610546557,2017-04-20T21:24:27,-67.214,-27.5238,119.2,5.1,mw,3.46,80.52,-46.09,103.17,44.72,-166.47,23.0,61.0,43.0,174.0,38.0,312.0,-1660000000.0,-694000000.0,2354000000.0,-641000000.0,-4434000000.0,-4457000000.0,neic,1981_neic,deep_subduction
610546557,2017-04-20T21:24:28,-67.336,-27.52,138.2,5.28,mw,143.0,27.0,-96.0,330.0,63.0,-87.0,44.964249835892296,57.46001562932071,4.583526803224442,152.05253267259775,44.66985306586631,246.59799647799883,-0.72,0.13,0.59,0.31,-0.54,-0.52,gem,1981_gem,deep_subduction
C201704202124A,2017-04-20T21:24:34,-67.43,-27.54,159.6,5.1,mw,143.0,27.0,-96.0,330.0,63.0,-87.0,18.0,57.0,3.0,148.0,71.0,246.0,-7.2e+16,1.3e+16,5.9e+16,3.07e+16,-5.39e+16,-5.23e+16,gcmt,1981_gcmt,deep_subduction
C201704202124A,2017-04-20T21:24:34,-67.43,-27.54,159.6,5.1,mw,143.0,27.0,-96.0,330.0,63.0,-87.0,18.0,57.0,3.0,148.0,71.0,246.0,-7.2e+16,1.3e+16,5.9e+16,3.07e+16,-5.39e+16,-5.23e+16,gcmt,1981_gcmtb,deep_subduction
611833653,2017-04-26T18:12:32,-69.27,-19.704,108.8,5.35,mw,186.0,7.0,-61.0,337.0,84.0,-94.0,44.91745912261095,69.90800825455523,3.465766277870071,336.4458857957684,44.87315506105145,242.98911992553684,-0.29,-0.02,0.31,0.53,-1.2,-0.06,gem,1987_gem,deep_subduction
C201704261812A,2017-04-26T18:12:35,-69.44,-19.69,125.6,5.4,mw,186.0,7.0,-61.0,337.0,84.0,-94.0,39.0,70.0,4.0,337.0,51.0,242.0,-2.88e+16,-2400000000000000.0,3.12e+16,5.3e+16,-1.2e+17,-5700000000000000.0,gcmt,1987_gcmt,deep_subduction
611833885,2017-05-14T19:44:24,-68.66,-20.752,109.1,5.73,mw,146.0,80.0,155.0,240.0,65.0,11.0,10.686368953791588,280.83883356631594,64.423744984551,167.61787129070422,22.945713833875057,15.421067315200048,0.3,-4.05,3.75,0.27,-2.33,1.85,gem,1999_gem,deep_subduction
C201705141944A,2017-05-14T19:44:30,-68.71,-20.92,132.4,5.7,mw,240.0,65.0,11.0,146.0,80.0,155.0,25.0,101.0,63.0,306.0,10.0,195.0,3.05e+16,-4.05e+17,3.75e+17,2.72e+16,-2.33e+17,1.85e+17,gcmt,1999_gcmt,deep_subduction
C201705182345A,2017-05-18T23:45:46,-67.3,-32.78,181.8,5.0,mw,154.0,43.0,-130.0,23.0,59.0,-59.0,9.0,91.0,26.0,186.0,62.0,345.0,-2.54e+16,-1419999999999999.8,2.69e+16,-1.66e+16,-7640000000000000.0,-1820000000000000.0,gcmt,2000_gcmt,deep_subduction
C201705182345A,2017-05-18T23:45:46,-67.3,-32.78,181.8,5.0,mw,154.0,43.0,-130.0,23.0,59.0,-59.0,9.0,91.0,26.0,186.0,62.0,345.0,-2.54e+16,-1419999999999999.8,2.69e+16,-1.66e+16,-7640000000000000.0,-1820000000000000.0,gcmt,2000_gcmtb,deep_subduction
201705291457A,2017-05-29T14:57:00,-71.87,-37.38,98.0,5.9,mw,263.0,34.0,-22.0,12.0,78.0,-122.0,26.0,126.0,,,47.0,248.0,,,,,,,gmt,2002_gmt,deep_subduction
610655584,2017-05-29T14:57:55,-71.749,-37.285,92.1,5.92,mw,12.0,78.0,-122.0,263.0,34.0,-22.0,39.23827841369579,306.65590352732823,33.52020423611544,183.9060938221,32.8928930168253,68.53974076270345,-0.33,0.19,0.13,-0.09,-0.74,0.54,gem,2002_gem,deep_subduction
C201705291457A,2017-05-29T14:57:59,-71.87,-37.38,97.7,5.9,mw,263.0,34.0,-22.0,12.0,78.0,-122.0,26.0,127.0,31.0,19.0,47.0,249.0,-3.3e+17,1.92e+17,1.3800000000000002e+17,-8.8e+16,-7.44e+17,5.3800000000000006e+17,gcmt,2002_gcmtb,deep_subduction
C201705291457A,2017-05-29T14:57:59,-71.87,-37.38,97.7,5.9,mw,263.0,34.0,-22.0,12.0,78.0,-122.0,26.0,127.0,31.0,19.0,47.0,249.0,-3.3e+17,1.92e+17,1.3800000000000002e+17,-8.8e+16,-7.44e+17,5.3800000000000006e+17,gcmt,2002_gcmt,deep_subduction
612739187,2017-06-03T22:21:44,-68.621,-21.88,103.5,5.1,mw,11.0,74.0,-65.0,133.0,29.0,-145.0,41.799370814044224,261.7629761587069,27.59116923187199,19.61826847210989,35.74281225284222,131.7113422381815,-2.34,-1.98,4.32,-0.58,-4.12,-1.43,gem,2003_gem,deep_subduction
C201706032221A,2017-06-03T22:21:50,-68.72,-21.79,133.4,5.1,mw,133.0,29.0,-145.0,11.0,74.0,-65.0,25.0,82.0,24.0,184.0,55.0,312.0,-2.34e+16,-1.98e+16,4.32e+16,-5790000000000000.0,-4.12e+16,-1.43e+16,gcmt,2003_gcmt,deep_subduction
610664203,2017-06-06T17:35:09,-68.719,-22.951,102.0,5.36,mw,20.0,79.0,-30.0,116.0,60.0,-167.0,26.25275249279298,251.197748036948,59.93188215757992,39.61840032197552,13.610161317114969,154.33960962698802,-0.39,-0.69,1.08,-0.29,-0.52,-0.81,gem,2004_gem,deep_subduction
C201706061735A,2017-06-06T17:35:15,-68.84,-22.74,123.1,5.3,mw,116.0,60.0,-167.0,20.0,79.0,-30.0,12.0,71.0,58.0,181.0,29.0,334.0,-3.89e+16,-6.879999999999999e+16,1.08e+17,-2.92e+16,-5.2e+16,-8.06e+16,gcmt,2004_gcmt,deep_subduction
610675176,2017-06-15T09:54:33,-66.817,-21.506,216.9,5.08,mw,124.0,64.0,-22.0,224.0,70.0,-153.0,28.78773547693304,352.9042713006661,60.717134522115565,184.42827727376107,4.912784758702414,85.61137043893666,-1.77,5.35,-3.58,0.26,2.12,0.92,gem,2006_gem,deep_subduction
201706231000A,2017-06-23T10:00:00,-71.87,-39.47,129.0,5.0,mw,260.0,39.0,56.0,121.0,59.0,114.0,67.0,78.0,,,10.0,194.0,,,,,,,gmt,2007_gmt,deep_subduction
20009p84,2017-06-23T10:00:51,-71.9676,-39.441,110.5,5.0,mww,292.87,41.8,106.35,91.38,50.24,75.87,78.0,303.0,11.0,101.0,4.0,191.0,3.0129e+16,-4.0729e+16,1.06e+16,6110000000000000.0,2350000000000000.0,1.1022e+16,us,2007_us,deep_subduction
610760991,2017-06-23T10:00:52,-71.8027,-39.3845,115.5,5.0,mw,112.65,60.27,98.46,275.96,30.8,75.56,73.0,44.0,7.0,288.0,15.0,196.0,2469000000.0,-3078000000.0,608000000.0,1530000000.0,-726000000.0,1112000000.0,neic,2007_neic,deep_subduction
610760991,2017-06-23T10:00:52,-71.84,-39.361,118.7,5.0,mw,121.0,59.0,114.0,260.0,39.0,56.0,25.52891255037592,257.44979273742854,36.145484637845655,147.03283558644853,43.07108293849786,13.967456313215052,3.04,-3.91,0.87,1.1,-1.26,1.04,gem,2007_gem,deep_subduction
C201706231000A,2017-06-23T10:00:56,-71.87,-39.47,128.7,5.0,mw,260.0,39.0,56.0,121.0,59.0,114.0,67.0,78.0,20.0,288.0,10.0,194.0,3.04e+16,-3.91e+16,8740000000000000.0,1.1e+16,-1.26e+16,1.04e+16,gcmt,2007_gcmtb,deep_subduction
C201706231000A,2017-06-23T10:00:56,-71.87,-39.47,128.7,5.0,mw,260.0,39.0,56.0,121.0,59.0,114.0,67.0,78.0,20.0,288.0,10.0,194.0,3.04e+16,-3.91e+16,8740000000000000.0,1.1e+16,-1.26e+16,1.04e+16,gcmt,2007_gcmt,deep_subduction
610785460,2017-07-02T15:52:58,-68.592,-21.864,111.5,5.29,mw,4.0,90.0,-113.0,274.0,23.0,0.0,40.60913197722791,295.3421348077551,23.0,184.0,40.60913197722793,72.65786519224486,0.01,0.03,-0.03,-0.1,-1.01,0.43,gem,2010_gem,deep_subduction
C201707021552A,2017-07-02T15:53:04,-68.86,-21.94,130.0,5.4,mw,274.0,23.0,0.0,4.0,90.0,-113.0,41.0,115.0,23.0,4.0,41.0,253.0,1100000000000000.0,2600000000000000.0,-3599999999999999.5,-9600000000000000.0,-1.01e+17,4.3e+16,gcmt,2010_gcmt,deep_subduction
610786180,2017-07-19T23:22:28,-69.113,-23.829,96.7,5.26,mw,179.0,55.0,-36.0,292.0,61.0,-140.0,36.78282773655851,54.02086104189476,52.65293726345234,245.57615233138043,5.585180441478081,148.21351690591786,-0.58,0.01,0.56,0.33,0.11,-0.75,gem,2015_gem,deep_subduction
C201707192322A,2017-07-19T23:22:33,-69.19,-23.92,109.1,5.2,mw,179.0,55.0,-36.0,292.0,61.0,-140.0,3.0,55.0,42.0,321.0,48.0,148.0,-5.789999999999999e+16,1000000000000000.0,5.689999999999999e+16,3.32e+16,1.14e+16,-7.49e+16,gcmt,2015_gcmt,deep_subduction
610867274,2017-08-01T06:13:56,-68.862,-28.545,112.6,5.6,mw,145.0,63.0,-91.0,327.0,27.0,-88.0,44.99617041266424,55.74345481703921,1.5155334706247552,324.22759358834367,44.963751475875824,232.71344719003864,-2.23,0.52,1.72,-1.1,1.53,-1.58,gem,2018_gem,deep_subduction
2000a34a,2017-08-01T06:13:56,-69.0131,-28.5471,100.5,5.6,mww,331.1,32.18,-83.7,143.67,58.03,-93.95,13.0,237.0,3.0,146.0,77.0,42.0,-2.2675e+17,5.316e+16,1.7359e+17,-7.599e+16,9.145e+16,-1.3379e+17,us,2018_us,deep_subduction
610867274,2017-08-01T06:13:56,-68.8943,-28.545,110.0,5.5,mw,174.79,56.61,-68.74,319.54,38.91,-118.81,9.0,250.0,18.0,343.0,70.0,133.0,-20630000000.000004,1500000000.0,19140000000.0,3990000000.0,9250000000.0,-9030000000.0,neic,2018_neic,deep_subduction
C201708010613A,2017-08-01T06:14:00,-69.04,-28.68,118.7,5.6,mw,327.0,27.0,-88.0,145.0,63.0,-91.0,18.0,235.0,1.0,145.0,72.0,53.0,-2.23e+17,5.17e+16,1.72e+17,-1.1000000000000002e+17,1.53e+17,-1.58e+17,gcmt,2018_gcmt,deep_subduction
C201708010613A,2017-08-01T06:14:00,-69.04,-28.68,118.7,5.6,mw,327.0,27.0,-88.0,145.0,63.0,-91.0,18.0,235.0,1.0,145.0,72.0,53.0,-2.23e+17,5.17e+16,1.72e+17,-1.1000000000000002e+17,1.53e+17,-1.58e+17,gcmt,2018_gcmtb,deep_subduction
201708020715A,2017-08-02T07:15:00,-70.58,-33.17,96.0,5.4,mw,202.0,32.0,-115.0,51.0,62.0,-75.0,15.0,130.0,,,70.0,353.0,,,,,,,gmt,2019_gmt,deep_subduction
611834533,2017-08-02T07:15:12,-70.521,-33.185,92.2,5.37,mw,51.0,62.0,-75.0,202.0,32.0,-115.0,44.16909176533234,310.0394634251935,22.42925993087276,63.67805486472287,37.40118624897081,172.0749955403503,-0.88,0.22,0.65,-0.54,-0.48,1.06,gem,2019_gem,deep_subduction
611834533,2017-08-02T07:15:14,-70.4005,-33.2011,80.5,5.4,mw,56.16,54.64,-59.09,190.19,45.6,-125.9,5.0,125.0,25.0,217.0,65.0,24.0,-13910000000.0,1620000000.0,12280000000.0,-5010000000.0,-230000000.0,13330000000.0,neic,2019_neic,deep_subduction
2000a3js,2017-08-02T07:15:14,-70.4005,-33.2011,80.5,5.4,mww,190.19,45.6,-125.9,56.16,54.64,-59.09,5.0,125.0,25.0,217.0,65.0,24.0,-1.3906e+17,1.621e+16,1.2284e+17,-5.007e+16,-2300000000000000.0,1.3327e+17,us,2019_us,deep_subduction
C201708020715A,2017-08-02T07:15:16,-70.58,-33.17,95.8,5.4,mw,202.0,32.0,-115.0,51.0,62.0,-75.0,15.0,130.0,13.0,224.0,70.0,352.0,-8.78e+16,2.22e+16,6.56e+16,-5.42e+16,-4.8e+16,1.06e+17,gcmt,2019_gcmtb,deep_subduction
C201708020715A,2017-08-02T07:15:16,-70.58,-33.17,95.8,5.4,mw,202.0,32.0,-115.0,51.0,62.0,-75.0,15.0,130.0,13.0,224.0,70.0,352.0,-8.78e+16,2.22e+16,6.56e+16,-5.42e+16,-4.8e+16,1.06e+17,gcmt,2019_gcmt,deep_subduction
610895354,2017-08-11T23:57:10,-67.3566,-28.0885,120.5,5.0,mw,14.51,44.87,-91.08,196.03,45.14,-88.93,0.0,285.0,1.0,15.0,90.0,,-3756000000.0,934000000.0,2821000000.0,62000000.0,-1000000.0,557000000.0000001,neic,2021_neic,deep_subduction
2000a7hj,2017-08-11T23:57:10,-67.3566,-28.0885,120.5,5.0,mww,14.51,44.87,-91.08,196.03,45.14,-88.93,0.0,285.0,1.0,15.0,90.0,-175.0,-3.7556e+16,9342000000000000.0,2.8214e+16,623000000000000.0,-9000000000000.0,5566000000000000.0,us,2021_us,deep_subduction
610895354,2017-08-11T23:57:11,-67.431,-28.045,135.4,5.06,mw,4.0,46.0,-75.0,162.0,46.0,-105.0,44.49471236008151,263.45470933296593,45.50526360444323,83.38048413148942,0.0371068361864347,173.41825126989147,-4.35,-0.71,5.06,-0.71,-0.07,-0.71,gem,2021_gem,deep_subduction
C201708112357A,2017-08-11T23:57:16,-67.43,-28.05,146.4,5.0,mw,4.0,46.0,-75.0,162.0,46.0,-105.0,0.0,263.0,11.0,173.0,79.0,354.0,-4.35e+16,-7120000000000000.0,5.06e+16,-7110000000000000.0,-670000000000000.0,-7070000000000000.0,gcmt,2021_gcmtb,deep_subduction
C201708112357A,2017-08-11T23:57:16,-67.43,-28.05,146.4,5.0,mw,4.0,46.0,-75.0,162.0,46.0,-105.0,0.0,263.0,11.0,173.0,79.0,354.0,-4.35e+16,-7120000000000000.0,5.06e+16,-7110000000000000.0,-670000000000000.0,-7070000000000000.0,gcmt,2021_gcmt,deep_subduction
610967188,2017-09-09T12:03:41,-66.202,-22.395,238.5,5.29,mw,60.0,3.0,152.0,178.0,88.0,87.0,44.93566962713286,85.25356141959446,2.6517729662778247,177.90222040515505,44.94168807888819,270.55143628713444,0.04,0.04,-0.08,0.04,-1.07,-0.05,gem,2028_gem,deep_subduction
C201709091203A,2017-09-09T12:03:46,-66.29,-22.49,257.5,5.2,mw,60.0,3.0,152.0,178.0,88.0,87.0,47.0,85.0,3.0,178.0,43.0,271.0,4000000000000000.0,4200000000000001.0,-8300000000000000.0,3599999999999999.5,-1.07e+17,-5100000000000000.0,gcmt,2028_gcmt,deep_subduction
201709231725A,2017-09-23T17:25:00,-69.04,-30.74,130.0,5.1,mw,44.0,59.0,177.0,136.0,87.0,32.0,23.0,4.0,,,19.0,266.0,,,,,,,gmt,2030_gmt,deep_subduction
611023334,2017-09-23T17:25:52,-69.0916,-30.8377,110.5,5.0,mw,39.79,60.73,155.59,142.3,68.87,31.62,37.0,3.0,53.0,173.0,5.0,270.0,1727000000.0,2745000000.0,-4471000000.0,1700000000.0,-555000000.0,-93000000.0,neic,2030_neic,deep_subduction
2000atms,2017-09-23T17:25:52,-69.0916,-30.8377,110.5,5.0,mww,39.79,60.73,155.59,142.3,68.87,31.62,37.0,3.0,53.0,173.0,5.0,270.0,1.7266e+16,2.7446e+16,-4.4713e+16,1.7003e+16,-5552000000000000.0,-927000000000000.0,us,2030_us,deep_subduction
611023334,2017-09-23T17:25:53,-68.956,-30.729,117.3,5.09,mw,44.0,59.0,177.0,136.0,87.0,32.0,19.902717252070303,4.261503403760969,58.97116300266688,131.2649938603181,22.77206330558409,265.519610792042,0.41,4.37,-4.78,1.98,-1.95,0.09,gem,2030_gem,deep_subduction
C201709231725A,2017-09-23T17:25:59,-69.04,-30.74,129.5,5.0,mw,44.0,59.0,177.0,136.0,87.0,32.0,24.0,4.0,58.0,140.0,20.0,265.0,4080000000000000.0,4.37e+16,-4.78e+16,1.98e+16,-1.95e+16,870000000000000.0,gcmt,2030_gcmt,deep_subduction
C201709231725A,2017-09-23T17:25:59,-69.04,-30.74,129.5,5.0,mw,44.0,59.0,177.0,136.0,87.0,32.0,24.0,4.0,58.0,140.0,20.0,265.0,4080000000000000.0,4.37e+16,-4.78e+16,1.98e+16,-1.95e+16,870000000000000.0,gcmt,2030_gcmtb,deep_subduction
611077395,2017-10-05T08:11:36,-68.47,-22.4,107.7,5.47,mw,159.0,37.0,-76.0,323.0,54.0,-100.0,44.68579616834532,59.0335984837173,23.81055963578721,303.1554115399699,35.819523962791955,194.584109155164,-1.77,0.3,1.47,0.5,-0.38,-0.95,gem,2032_gem,deep_subduction
C201710050811A,2017-10-05T08:11:40,-68.49,-22.34,139.5,5.5,mw,159.0,37.0,-76.0,323.0,54.0,-100.0,9.0,60.0,8.0,329.0,78.0,196.0,-1.77e+17,3.02e+16,1.47e+17,4.96e+16,-3.81e+16,-9.54e+16,gcmt,2032_gcmt,deep_subduction
C201710100632A,2017-10-10T06:32:24,-69.86,-18.58,106.4,6.3,mw,151.0,12.0,-104.0,345.0,78.0,-87.0,33.0,73.0,3.0,165.0,57.0,259.0,-1.35e+18,2.85e+17,1.07e+18,7.19e+17,-2.89e+18,-4.03e+17,gcmt,2033_gcmt,deep_subduction
614438907,2017-10-12T18:59:07,-65.6949,-31.0109,170.5,5.5,mw,8.46,74.51,-5.35,99.9,84.84,-164.45,7.0,233.0,74.0,118.0,15.0,325.0,-1300000000.0,-7280000000.0,8580000000.0,-7200000000.0,-1030000000.0,-23890000000.0,neic,2034_neic,deep_subduction
614438907,2017-10-12T18:59:09,-65.586,-31.014,170.7,5.56,mw,9.0,69.0,-2.0,99.0,88.0,-159.0,15.85898320882575,232.43056370184183,68.94982176657419,94.85816000211298,13.479865792362656,326.3352495152901,0.01,-0.81,0.79,-1.01,0.03,-2.46,gem,2034_gem,deep_subduction
C201710121859A,2017-10-12T18:59:15,-65.53,-31.03,185.4,5.5,mw,9.0,69.0,-2.0,99.0,88.0,-159.0,13.0,232.0,69.0,104.0,16.0,326.0,800000000000000.0,-8.06e+16,7.98e+16,-1.01e+17,2900000000000000.0,-2.46e+17,gcmt,2034_gcmtb,deep_subduction
C201710121859A,2017-10-12T18:59:15,-65.53,-31.03,185.4,5.5,mw,9.0,69.0,-2.0,99.0,88.0,-159.0,13.0,232.0,69.0,104.0,16.0,326.0,800000000000000.0,-8.06e+16,7.98e+16,-1.01e+17,2900000000000000.0,-2.46e+17,gcmt,2034_gcmt,deep_subduction
611470516,2017-11-17T16:45:47,-69.184,-19.784,101.6,5.01,mw,138.0,34.0,-122.0,356.0,62.0,-70.0,43.5911755803328,70.77358753476682,28.65997258110794,192.1284551766082,32.86945824989922,302.8105775127312,-3.01,-0.3,3.31,-0.26,-2.11,-1.65,gem,2036_gem,deep_subduction
C201711171645A,2017-11-17T16:45:51,-69.45,-19.71,122.0,5.0,mw,138.0,34.0,-122.0,356.0,62.0,-70.0,14.0,72.0,18.0,166.0,67.0,304.0,-3.01e+16,-2960000000000000.0,3.31e+16,-2600000000000000.0,-2.11e+16,-1.65e+16,gcmt,2036_gcmt,deep_subduction
611605799,2017-12-19T18:20:13,-67.182,-24.27,173.0,5.04,mw,184.0,31.0,-69.0,340.0,61.0,-102.0,44.46499480104371,78.75878075641435,19.0270706328008,328.97477094895595,39.40984455933333,222.51349126323603,-3.72,-0.16,3.88,1.21,-2.02,-0.59,gem,2038_gem,deep_subduction
611609709,2017-12-26T15:26:12,-69.278,-17.49,144.9,4.97,mw,256.0,55.0,-1.0,347.0,89.0,-145.0,24.350747966646303,115.66853182288384,54.99854188203589,345.40366705623285,23.50031722853669,217.01796489482803,-0.9,-1.25,2.15,-0.66,-2.25,2.44,gem,2039_gem,deep_subduction
611612542,2017-12-30T08:20:50,-69.221,-19.267,102.3,5.24,mw,252.0,23.0,-16.0,357.0,84.0,-113.0,41.61948319128562,105.83900256558212,22.532223224472528,354.21010189409225,39.93272419925204,243.88844421958345,-2.01,0.11,1.91,1.14,-8.32,3.42,gem,2041_gem,deep_subduction
C201712300820A,2017-12-30T08:20:54,-69.56,-19.36,125.5,5.2,mw,252.0,23.0,-16.0,357.0,84.0,-113.0,35.0,106.0,22.0,360.0,47.0,244.0,-2.01e+16,1060000000000000.0,1.91e+16,1.14e+16,-8.32e+16,3.42e+16,gcmt,2041_gcmt,deep_subduction
611835791,2018-01-21T01:06:42,-69.446,-18.836,120.7,6.32,mw,186.0,22.0,-80.0,355.0,69.0,-94.0,44.92801943755901,88.31993902431037,5.116697006108077,353.1956421868696,44.61624495558376,258.12695859138194,-2.39,-0.36,2.75,0.3,-2.75,-0.01,gem,2043_gem,deep_subduction
C201801210106A,2018-01-21T01:06:45,-69.66,-18.93,134.0,6.3,mw,186.0,22.0,-80.0,355.0,69.0,-94.0,24.0,88.0,4.0,357.0,66.0,258.0,-2.39e+18,-3.63e+17,2.75e+18,2.96e+17,-2.75e+18,-1.3e+16,gcmt,2043_gcmt,deep_subduction
611654932,2018-01-24T07:46:04,-69.037,-20.306,104.5,5.34,mw,215.0,20.0,-32.0,336.0,79.0,-107.0,43.20106720870491,79.72619784717199,17.96873671134027,331.994209854503,41.3348626760793,225.41928841968547,-0.46,-0.17,0.63,0.55,-1.01,0.11,gem,2044_gem,deep_subduction
C201801240746A,2018-01-24T07:46:09,-69.22,-20.33,128.6,5.3,mw,215.0,20.0,-32.0,336.0,79.0,-107.0,32.0,80.0,17.0,339.0,52.0,226.0,-4.6e+16,-1.7100000000000002e+16,6.31e+16,5.540000000000001e+16,-1.01e+17,1.06e+16,gcmt,2044_gcmt,deep_subduction
611661679,2018-01-28T10:11:26,-68.948,-28.262,95.0,5.0,mw,149.46,41.0,-83.13,320.38,49.35,-95.94,4.19,54.59,4.5,324.26,83.84,187.35,-4296000000.0,1385000000.0,2911000000.0,645000000.0,-327000000.0,-2118000000.0,gfz,2048_gfz,deep_subduction
611661679,2018-01-28T10:11:28,-69.102,-28.221,101.2,5.08,mw,142.0,43.0,-91.0,324.0,47.0,-89.0,44.99796810035405,52.70752167215824,9.52925868671687,152.3706904475573,43.43092985941485,251.51468794108524,-5.03,1.67,3.36,0.16,-0.33,-2.96,gem,2048_gem,deep_subduction
201801282353A,2018-01-28T23:53:00,-68.78,-31.25,120.0,5.4,mw,218.0,46.0,-107.0,61.0,47.0,-74.0,0.0,140.0,,,78.0,49.0,,,,,,,gmt,2049_gmt,deep_subduction
611835850,2018-01-28T23:53:13,-68.676,-31.241,95.0,5.3,mw,62.97,40.21,-75.62,224.41,51.3,-101.86,5.62,322.8,9.23,231.89,79.17,83.75,-13370000000.0,8330000000.0,5040000000.0,480000000.0,3519999999.9999995,4970000000.0,gfz,2049_gfz,deep_subduction
2000cqsd,2018-01-28T23:53:14,-68.6705,-31.2725,90.5,5.4,mww,69.97,42.05,-74.73,229.77,49.75,-103.37,4.0,329.0,10.0,239.0,79.0,80.0,-1.3157e+17,1.0603e+17,2.554e+16,5380000000000000.0,2.84e+16,7.129e+16,us,2049_us,deep_subduction
611835850,2018-01-28T23:53:15,-68.83,-31.272,105.7,5.36,mw,61.0,47.0,-74.0,218.0,46.0,-107.0,44.40565564123576,319.75956511430644,45.28606465167447,131.36861410260389,4.20627125649486,225.62867127266136,-1.3,0.78,0.52,-0.18,0.19,0.75,gem,2049_gem,deep_subduction
C201801282353A,2018-01-28T23:53:19,-68.78,-31.25,119.8,5.4,mw,218.0,46.0,-107.0,61.0,47.0,-74.0,0.0,140.0,12.0,230.0,78.0,48.0,-1.3e+17,7.76e+16,5.29e+16,-1.81e+16,1.91e+16,7.5e+16,gcmt,2049_gcmtb,deep_subduction
C201801282353A,2018-01-28T23:53:19,-68.78,-31.25,119.8,5.4,mw,218.0,46.0,-107.0,61.0,47.0,-74.0,0.0,140.0,12.0,230.0,78.0,48.0,-1.3e+17,7.76e+16,5.29e+16,-1.81e+16,1.91e+16,7.5e+16,gcmt,2049_gcmt,deep_subduction
201802012313A,2018-02-01T23:13:00,-69.95,-31.5,118.0,5.2,mw,2.0,78.0,176.0,92.0,86.0,12.0,11.0,318.0,,,6.0,227.0,,,,,,,gmt,2050_gmt,deep_subduction
1000ce18,2018-02-01T23:13:53,-69.9024,-31.5047,100.5,5.2,mww,105.21,84.41,4.96,14.72,85.06,174.39,7.0,330.0,83.0,153.0,0.0,60.0,2015000000000000.0,3.5055e+16,-3.707e+16,7685000000000000.0,5133000000000000.0,6.2646e+16,us,2050_us,deep_subduction
611669780,2018-02-01T23:13:53,-69.9024,-31.5047,100.5,5.2,mw,14.72,85.06,174.39,105.21,84.41,4.96,7.0,330.0,83.0,153.0,0.0,60.0,202000000.00000003,3505999999.9999995,-3707000000.0,768000000.0,513000000.0,6265000000.0,neic,2050_neic,deep_subduction
611669780,2018-02-01T23:13:54,-70.06,-31.56,104.5,5.17,mw,2.0,78.0,176.0,92.0,86.0,12.0,5.750690847042204,317.9908473636633,77.4634835156745,74.92031007580613,11.10167758567521,226.85855362773452,-0.39,0.72,-0.33,1.61,0.58,7.05,gem,2050_gem,deep_subduction
C201802012313A,2018-02-01T23:14:00,-69.95,-31.5,117.9,5.2,mw,2.0,78.0,176.0,92.0,86.0,12.0,11.0,318.0,77.0,109.0,6.0,226.0,-3900000000000000.0,7200000000000000.0,-3300000000000000.0,1.61e+16,5780000000000000.0,7.05e+16,gcmt,2050_gcmtb,deep_subduction
C201802012313A,2018-02-01T23:14:00,-69.95,-31.5,117.9,5.2,mw,2.0,78.0,176.0,92.0,86.0,12.0,11.0,318.0,77.0,109.0,6.0,226.0,-3900000000000000.0,7200000000000000.0,-3300000000000000.0,1.61e+16,5780000000000000.0,7.05e+16,gcmt,2050_gcmt,deep_subduction
611729835,2018-03-04T16:16:30,-68.536,-20.421,119.5,5.12,mw,259.0,69.0,-22.0,357.0,70.0,-157.0,26.597446093304736,128.0325450767184,63.39898757703909,309.04284832662137,0.4044964527161372,218.235083047476,-1.26,-0.65,1.91,2.23,-1.85,5.11,gem,2054_gem,deep_subduction
C201803041616A,2018-03-04T16:16:40,-68.65,-20.49,130.9,5.1,mw,259.0,69.0,-22.0,357.0,70.0,-157.0,1.0,128.0,60.0,36.0,30.0,218.0,-1.26e+16,-6470000000000000.0,1.91e+16,2.23e+16,-1.85e+16,5.11e+16,gcmt,2054_gcmt,deep_subduction
C201803172034A,2018-03-17T20:34:29,-69.19,-18.89,156.7,5.0,mw,284.0,26.0,-3.0,17.0,89.0,-116.0,38.0,130.0,26.0,17.0,40.0,263.0,-750000000000000.0,6710000000000000.0,-5960000000000000.0,-9720000000000000.0,-2.79e+16,1.34e+16,gcmt,2055_gcmt,deep_subduction
201803191251A,2018-03-19T12:51:00,-69.76,-32.44,113.0,5.0,mw,194.0,71.0,-165.0,99.0,76.0,-20.0,3.0,147.0,,,24.0,56.0,,,,,,,gmt,2056_gmt,deep_subduction
611801679,2018-03-19T12:51:17,-69.503,-32.36,115.0,4.99,mw,99.0,76.0,-20.0,194.0,71.0,-165.0,22.12412814652305,327.2554404464899,67.48299429529816,135.97210230866767,3.980260153551919,235.63444723696543,-0.68,1.68,-0.99,-0.98,1.01,3.27,gem,2056_gem,deep_subduction
1000d6dq,2018-03-19T12:51:17,-69.5574,-32.3814,100.5,5.0,mww,187.13,81.43,179.34,277.22,89.35,8.57,7.0,142.0,81.0,282.0,6.0,52.0,-4952000000000000.0,1.1256e+16,-6304000000000000.0,-5530000000000000.0,-870000000000000.0,3.397e+16,us,2056_us,deep_subduction
C201803191251A,2018-03-19T12:51:26,-69.76,-32.44,112.6,5.0,mw,194.0,71.0,-165.0,99.0,76.0,-20.0,3.0,147.0,66.0,244.0,24.0,55.0,-6790000000000000.0,1.68e+16,-9960000000000000.0,-9790000000000000.0,1.01e+16,3.27e+16,gcmt,2056_gcmtb,deep_subduction
C201803191251A,2018-03-19T12:51:26,-69.76,-32.44,112.6,5.0,mw,194.0,71.0,-165.0,99.0,76.0,-20.0,3.0,147.0,66.0,244.0,24.0,55.0,-6790000000000000.0,1.68e+16,-9960000000000000.0,-9790000000000000.0,1.01e+16,3.27e+16,gcmt,2056_gcmt,deep_subduction
611883648,2018-04-17T13:46:04,-68.717,-21.416,105.0,5.01,mw,168.0,37.0,-81.0,337.0,53.0,-97.0,44.86974989099685,71.58162259893118,17.4476999187625,323.3493598262937,39.95323303952543,218.08408637114337,-3.51,-0.49,4.0,0.6,-0.99,-1.62,gem,2060_gem,deep_subduction
C201804171346A,2018-04-17T13:46:09,-68.86,-21.36,128.1,5.0,mw,168.0,37.0,-81.0,337.0,53.0,-97.0,8.0,72.0,6.0,341.0,80.0,216.0,-3.51e+16,-4860000000000000.0,4e+16,6010000000000000.0,-9860000000000000.0,-1.6200000000000002e+16,gcmt,2060_gcmt,deep_subduction
611890611,2018-04-23T06:00:34,-68.555,-22.376,105.5,5.0,mw,258.0,30.0,-10.0,357.0,85.0,-119.0,38.91638231854755,111.4414487773613,29.872265643834588,353.8128239128898,36.70928511659369,238.4546460779844,-0.61,-0.2,0.8,0.39,-3.36,1.86,gem,2061_gem,deep_subduction
611905089,2018-04-27T02:01:05,-67.034,-24.233,170.0,5.1,mw,23.0,81.0,-29.0,118.0,61.0,-169.0,24.76654220891901,253.5669812600092,60.892939468501744,39.5276591156387,14.314686356213782,156.80620169566384,-1.18,-3.26,4.44,-1.42,-2.08,-2.95,gem,2062_gem,deep_subduction
201805021609A,2018-05-02T16:09:00,-70.06,-33.3,103.0,5.0,mw,166.0,39.0,-100.0,359.0,52.0,-82.0,6.0,83.0,,,81.0,308.0,,,,,,,gmt,2063_gmt,deep_subduction
611923006,2018-05-02T16:09:54,-69.985,-33.273,111.7,5.0,mw,166.0,39.0,-100.0,359.0,52.0,-82.0,44.82574088006444,83.09733490265063,24.01932658532193,199.388339830216,35.508483712591826,307.9283282356611,-3.28,-1.01,4.29,-0.14,-0.92,-0.69,gem,2063_gem,deep_subduction
C201805110119A,2018-05-11T01:19:50,-67.06,-24.15,214.1,5.0,mw,177.0,35.0,-89.0,355.0,55.0,-91.0,10.0,86.0,1.0,356.0,80.0,262.0,-2.56e+16,-1020000000000000.0,2.66e+16,990000000000000.0,-9490000000000000.0,-1860000000000000.0,gcmt,2066_gcmt,deep_subduction
201805282059A,2018-05-28T20:59:00,-68.71,-31.3,119.0,5.0,mw,14.0,40.0,-100.0,207.0,50.0,-82.0,5.0,291.0,,,82.0,161.0,,,,,,,gmt,2067_gmt,deep_subduction
611955270,2018-05-28T20:59:34,-68.673,-31.252,109.9,5.02,mw,14.0,40.0,-100.0,207.0,50.0,-82.0,44.818808157006224,291.0845920495415,27.25716430015328,51.87798714433336,32.797751331057015,161.267592790388,-4.08,0.39,3.7,0.67,0.53,1.43,gem,2067_gem,deep_subduction
611955270,2018-05-28T20:59:35,-68.6076,-31.2281,106.3,5.0,mw,16.65,34.17,-110.62,221.1,58.28,-76.56,12.0,301.0,11.0,34.0,73.0,166.0,-3446000000.0,500000000.0,2946000000.0,1471000000.0,1133000000.0,2064000000.0,neic,2067_neic,deep_subduction
1000edk8,2018-05-28T20:59:35,-68.7226,-31.2319,100.5,5.0,mww,28.25,38.12,-98.5,219.0,52.37,-83.39,7.0,304.0,5.0,35.0,81.0,161.0,-3.8501e+16,1.1014e+16,2.7487e+16,8562000000000000.0,6394000000000000.0,1.9815e+16,us,2067_us,deep_subduction
C201805282059A,2018-05-28T20:59:38,-68.71,-31.3,118.8,5.0,mw,14.0,40.0,-100.0,207.0,50.0,-82.0,5.0,291.0,6.0,21.0,82.0,162.0,-4.08e+16,3890000000000000.0,3.7e+16,6710000000000000.0,5340000000000000.0,1.43e+16,gcmt,2067_gcmt,deep_subduction
C201805282059A,2018-05-28T20:59:38,-68.71,-31.3,118.8,5.0,mw,14.0,40.0,-100.0,207.0,50.0,-82.0,5.0,291.0,6.0,21.0,82.0,162.0,-4.08e+16,3890000000000000.0,3.7e+16,6710000000000000.0,5340000000000000.0,1.43e+16,gcmt,2067_gcmtb,deep_subduction
612146483,2018-06-20T01:09:54,-66.688,-23.812,200.8,5.0,mw,4.0,55.0,-92.0,187.0,35.0,-87.0,44.9879258855266,275.4357981419858,4.772760768351038,180.64841451353843,44.61540845918609,85.92302318282691,-3.76,-0.06,3.82,0.0,-1.34,0.37,gem,2070_gem,deep_subduction
C201806200109A,2018-06-20T01:09:59,-66.8,-23.95,234.2,5.0,mw,187.0,35.0,-87.0,4.0,55.0,-92.0,10.0,95.0,2.0,5.0,80.0,265.0,-3.76e+16,-560000000000000.0,3.82e+16,0.0,-1.34e+16,3700000000000000.0,gcmt,2070_gcmt,deep_subduction
612151719,2018-06-21T16:08:01,-67.059,-24.274,175.6,5.67,mw,172.0,25.0,-95.0,357.0,65.0,-88.0,44.97795566386304,85.76202447265473,3.2674176973116933,179.03224803271064,44.835913666797154,272.28627973993093,-3.08,-0.02,3.1,0.05,-2.58,-0.29,gem,2071_gem,deep_subduction
C201806211608A,2018-06-21T16:08:05,-67.21,-24.29,196.1,5.6,mw,172.0,25.0,-95.0,357.0,65.0,-88.0,20.0,86.0,2.0,176.0,70.0,272.0,-3.08e+17,-1799999999999999.8,3.1e+17,5200000000000000.0,-2.58e+17,-2.95e+16,gcmt,2071_gcmt,deep_subduction
612366586,2018-07-21T14:39:04,-68.604,-22.263,111.5,5.18,mw,246.0,17.0,-15.0,350.0,86.0,-106.0,43.002439809616384,95.20198379091364,16.583623646429416,349.0773124444933,42.32466014738916,243.3408442558524,-0.65,-1.65,2.3,0.91,-7.06,1.55,gem,2074_gem,deep_subduction
C201807211439A,2018-07-21T14:39:08,-68.79,-22.32,133.8,5.1,mw,246.0,17.0,-15.0,350.0,86.0,-106.0,39.0,95.0,16.0,351.0,47.0,243.0,-6490000000000000.0,-1.65e+16,2.3e+16,9140000000000000.0,-7.06e+16,1.55e+16,gcmt,2074_gcmt,deep_subduction
612451585,2018-08-04T01:02:24,-69.407,-19.587,88.6,5.21,mw,1.0,77.0,-71.0,124.0,23.0,-145.0,42.96017887865758,255.6630133976578,20.400283242828955,5.925503607838436,40.05176621308839,114.14366994350104,-3.27,-0.35,3.62,-0.57,-7.03,-2.59,gem,2075_gem,deep_subduction
C201808040102A,2018-08-04T01:02:29,-69.59,-19.59,117.2,5.2,mw,124.0,23.0,-145.0,1.0,77.0,-71.0,30.0,76.0,18.0,177.0,54.0,294.0,-3.27e+16,-3470000000000000.0,3.62e+16,-5740000000000000.0,-7.03e+16,-2.59e+16,gcmt,2075_gcmt,deep_subduction
612634324,2018-08-23T09:44:03,-69.426,-17.24,171.5,5.12,mw,245.0,16.0,-8.0,342.0,88.0,-105.0,43.01060939747617,87.46229182558807,15.884571538149894,342.067945694373,42.69316895619656,236.84785790574583,-0.41,-0.91,1.32,1.85,-5.57,1.19,gem,2076_gem,deep_subduction
C201808230944A,2018-08-23T09:44:06,-69.55,-17.26,172.6,5.0,mw,245.0,16.0,-8.0,342.0,88.0,-105.0,41.0,87.0,15.0,343.0,45.0,237.0,-4080000000000000.0,-9100000000000000.0,1.32e+16,1.85e+16,-5.57e+16,1.19e+16,gcmt,2076_gcmt,deep_subduction
201808311325A,2018-08-31T13:25:00,-70.21,-32.26,115.0,5.0,mw,48.0,54.0,-45.0,169.0,55.0,-135.0,1.0,288.0,,,55.0,19.0,,,,,,,gmt,2079_gmt,deep_subduction
2000h5yi,2018-08-31T13:25:01,-70.1,-32.217,100.5,5.0,mww,60.24,54.69,-36.63,173.5,60.86,-138.57,4.0,296.0,41.0,202.0,49.0,30.0,-2.6019e+16,-8008000000000000.0,3.4027e+16,-1.247e+16,1.128e+16,2.7772e+16,us,2079_us,deep_subduction
612674475,2018-08-31T13:25:01,-70.397,-32.173,107.9,5.02,mw,48.0,54.0,-45.0,169.0,55.0,-135.0,39.3581288591028,287.99795513561327,50.61981950456935,110.26769855229804,1.1132358890711709,18.91116935246498,-2.86,-0.85,3.71,-1.86,0.65,1.72,gem,2079_gem,deep_subduction
C201808311325A,2018-08-31T13:25:03,-70.21,-32.26,115.3,5.0,mw,48.0,54.0,-45.0,169.0,55.0,-135.0,0.0,288.0,35.0,198.0,55.0,19.0,-2.86e+16,-8500000000000000.0,3.71e+16,-1.86e+16,6450000000000000.0,1.72e+16,gcmt,2079_gcmtb,deep_subduction
C201808311325A,2018-08-31T13:25:03,-70.21,-32.26,115.3,5.0,mw,48.0,54.0,-45.0,169.0,55.0,-135.0,0.0,288.0,35.0,198.0,55.0,19.0,-2.86e+16,-8500000000000000.0,3.71e+16,-1.86e+16,6450000000000000.0,1.72e+16,gcmt,2079_gcmt,deep_subduction
615001037,2018-09-07T02:39:16,-70.001,-28.867,100.0,5.7,mw,114.53,32.22,-87.79,291.93,57.81,-91.39,12.8,22.93,1.18,292.67,77.15,197.5,-36000000000.0,38140000000.0,-2140000000.0,18560000000.0,-7190000000.0,-20960000000.0,gfz,2080_gfz,deep_subduction
2000ha1k,2018-09-07T02:39:17,-70.0476,-28.7734,90.5,5.8,mww,116.51,37.97,-81.71,286.04,52.49,-96.42,7.0,21.0,5.0,290.0,81.0,165.0,-5.117e+17,4.9429e+17,1.74e+16,1.4722e+17,-1.089e+16,-2.1605e+17,us,2080_us,deep_subduction
615001037,2018-09-07T02:39:18,-70.069,-28.852,100.1,5.78,mw,120.0,37.0,-84.0,293.0,53.0,-94.0,44.94204109188136,25.71807849890439,12.381539667057652,283.0629096511974,42.42023084801218,181.49101151907792,-5.02,4.73,0.29,1.58,-0.5,-2.9,gem,2080_gem,deep_subduction
C201809070239A,2018-09-07T02:39:22,-70.16,-28.84,121.5,5.8,mw,120.0,37.0,-84.0,293.0,53.0,-94.0,8.0,26.0,3.0,296.0,81.0,183.0,-5.02e+17,4.7300000000000006e+17,2.96e+16,1.58e+17,-4.96e+16,-2.9e+17,gcmt,2080_gcmt,deep_subduction
C201809070239A,2018-09-07T02:39:22,-70.16,-28.84,121.5,5.8,mw,120.0,37.0,-84.0,293.0,53.0,-94.0,8.0,26.0,3.0,296.0,81.0,183.0,-5.02e+17,4.7300000000000006e+17,2.96e+16,1.58e+17,-4.96e+16,-2.9e+17,gcmt,2080_gcmtb,deep_subduction
613515183,2018-10-26T12:03:22,-69.956,-17.256,137.2,5.01,mw,177.0,25.0,-55.0,319.0,70.0,-105.0,43.96546944224605,60.78755016962788,18.139316079055018,312.3670809694154,40.461928581188246,206.14094325938825,-2.39,-0.08,2.47,2.14,-2.16,-1.45,gem,2087_gem,deep_subduction
613523042,2018-11-01T22:19:51,-69.301,-19.596,101.8,6.21,mw,172.0,20.0,-88.0,350.0,70.0,-91.0,44.99751482803965,80.4395936725362,0.8924233755544108,349.5471394538889,44.98858615351751,258.6549633651857,-1.58,-0.2,1.78,0.35,-1.96,-0.32,gem,2088_gem,deep_subduction
C201811012219A,2018-11-01T22:19:53,-69.57,-19.63,116.3,6.2,mw,172.0,20.0,-88.0,350.0,70.0,-91.0,25.0,81.0,1.0,350.0,65.0,259.0,-1.58e+18,-2e+17,1.78e+18,3.54e+17,-1.96e+18,-3.21e+17,gcmt,2088_gcmt,deep_subduction
614460399,2018-12-24T02:19:30,-68.309,-21.369,119.5,5.23,mw,151.0,26.0,-99.0,342.0,65.0,-86.0,44.92424091616339,67.72785237754027,6.2702758925041415,164.01928988835607,44.39224852353557,260.194508852464,-0.65,0.06,0.59,0.16,-0.54,-0.28,gem,2094_gem,deep_subduction
C201812240219A,2018-12-24T02:19:35,-68.28,-21.38,160.9,5.0,mw,151.0,26.0,-99.0,342.0,65.0,-86.0,20.0,68.0,4.0,160.0,70.0,261.0,-6.5e+16,5800000000000000.0,5.93e+16,1.57e+16,-5.41e+16,-2.82e+16,gcmt,2094_gcmt,deep_subduction
201812311049A,2018-12-31T10:49:00,-69.35,-31.84,120.0,5.3,mw,186.0,48.0,-121.0,48.0,50.0,-61.0,1.0,117.0,,,67.0,24.0,,,,,,,gmt,2095_gmt,deep_subduction
614464164,2018-12-31T10:49:39,-69.232,-31.784,109.0,5.3,mw,30.56,46.87,-77.14,192.1,44.65,-103.36,1.12,111.51,9.35,201.69,80.59,14.71,-10020000000.0,1510000000.0,8510000000.0,-1759999999.9999998,280000000.0,3220000000.0,gfz,2095_gfz,deep_subduction
614464164,2018-12-31T10:49:40,-69.356,-31.784,111.4,5.31,mw,48.0,50.0,-61.0,186.0,48.0,-121.0,42.87520332790926,297.94782919906663,46.97144649298248,112.0172021158017,2.9617009520920825,205.19452317642367,-0.96,0.07,0.88,-0.34,0.13,0.56,gem,2095_gem,deep_subduction
C201812311049A,2018-12-31T10:49:43,-69.35,-31.84,119.9,5.3,mw,186.0,48.0,-121.0,48.0,50.0,-61.0,1.0,117.0,22.0,208.0,68.0,24.0,-9.57e+16,6800000000000000.0,8.89e+16,-3.4100000000000004e+16,1.28e+16,5.649999999999999e+16,gcmt,2095_gcmt,deep_subduction
C201812311049A,2018-12-31T10:49:43,-69.35,-31.84,119.9,5.3,mw,186.0,48.0,-121.0,48.0,50.0,-61.0,1.0,117.0,22.0,208.0,68.0,24.0,-9.57e+16,6800000000000000.0,8.89e+16,-3.4100000000000004e+16,1.28e+16,5.649999999999999e+16,gcmt,2095_gcmtb,deep_subduction
614556221,2019-01-07T13:43:30,-68.934,-19.588,119.6,5.01,mw,207.0,29.0,-19.0,314.0,81.0,-118.0,40.26114100021957,66.14215667175927,28.48542171093036,308.7841973453946,36.56293275410109,195.0530531710316,-1.1,-1.3,2.39,2.6,-2.19,-0.76,gem,2096_gem,deep_subduction
615436117,2019-02-09T19:23:09,-68.367,-21.566,117.6,5.02,mw,13.0,88.0,-103.0,273.0,13.0,-10.0,43.64373931746608,295.28064389497587,13.022585014311218,192.5372401590772,43.445746113937695,89.8831816539315,0.12,-0.48,0.36,-1.27,-3.98,1.32,gem,2101_gem,deep_subduction
C201902091923A,2019-02-09T19:23:14,-68.42,-21.66,134.7,5.0,mw,273.0,13.0,-10.0,13.0,88.0,-103.0,41.0,116.0,13.0,14.0,46.0,270.0,1190000000000000.0,-4850000000000000.0,3660000000000000.0,-1.27e+16,-3.98e+16,1.32e+16,gcmt,2101_gcmt,deep_subduction
614973350,2019-02-23T12:14:39,-66.66,-23.16,213.3,5.12,mw,166.0,19.0,-93.0,349.0,71.0,-89.0,44.994849453743264,78.36017841126852,1.2379514340171254,169.59819626965793,44.97840712079315,260.8355036663372,-3.76,0.46,3.31,0.85,-4.63,-0.69,gem,2103_gem,deep_subduction
C201902231214A,2019-02-23T12:14:44,-66.66,-23.16,239.8,5.0,mw,166.0,19.0,-93.0,349.0,71.0,-89.0,26.0,78.0,1.0,169.0,64.0,261.0,-3.76e+16,4550000000000000.0,3.31e+16,8520000000000000.0,-4.63e+16,-6909999999999999.0,gcmt,2103_gcmt,deep_subduction
615096333,2019-03-07T05:50:36,-69.435,-18.799,113.4,5.01,mw,203.0,21.0,-50.0,341.0,74.0,-104.0,43.99479269856667,82.08852956609411,15.561892963725338,336.4906587532548,41.87501743884408,232.033615422294,-2.16,-0.26,2.43,1.37,-3.09,0.16,gem,2108_gem,deep_subduction
620328401,2019-03-15T05:03:50,-65.858,-17.873,372.2,6.35,mw,157.0,52.0,150.0,267.0,67.0,42.0,12.617165074793824,127.99320382560796,51.30040947052306,234.21780519106824,35.86228111434149,28.68126582312709,2.06,-2.34,0.28,-1.87,-1.36,2.7,gem,2110_gem,deep_subduction
C201903150503A,2019-03-15T05:03:57,-65.9,-17.74,380.5,6.3,mw,157.0,52.0,150.0,267.0,67.0,42.0,46.0,128.0,43.0,291.0,9.0,29.0,2.06e+18,-2.34e+18,2.87e+17,-1.87e+18,-1.36e+18,2.7e+18,gcmt,2110_gcmt,deep_subduction
615225291,2019-03-17T00:53:38,-68.515,-20.358,128.4,5.13,mw,222.0,86.0,-12.0,313.0,78.0,-175.0,11.140032835862838,87.97640908184775,77.46764588631564,240.3353824600959,5.668453971048345,356.85646163739386,-0.18,-5.87,6.05,1.2,0.63,-0.47,gem,2114_gem,deep_subduction
C201903170053A,2019-03-17T00:53:43,-68.42,-20.46,141.5,5.1,mw,313.0,78.0,-175.0,222.0,86.0,-12.0,5.0,268.0,77.0,23.0,12.0,177.0,-1790000000000000.0,-5.87e+16,6.05e+16,1.2e+16,6270000000000000.0,-4740000000000000.0,gcmt,2114_gcmt,deep_subduction
615412601,2019-04-21T16:31:42,-67.166,-24.26,177.1,5.09,mw,1.0,67.0,-95.0,195.0,23.0,-78.0,44.8925842173935,274.80706873092413,6.605020698710175,178.18271394114777,44.349303995663554,81.68335453166225,-3.68,-0.4,4.08,0.05,-3.85,0.58,gem,2120_gem,deep_subduction
C201904211631A,2019-04-21T16:31:47,-67.12,-24.3,192.3,5.0,mw,195.0,23.0,-78.0,1.0,67.0,-95.0,22.0,95.0,5.0,3.0,67.0,262.0,-3.68e+16,-3960000000000000.0,4.08e+16,480000000000000.0,-3.85e+16,5840000000000000.0,gcmt,2120_gcmt,deep_subduction
615412945,2019-04-22T18:29:55,-67.233,-24.252,171.0,5.12,mw,191.0,30.0,-50.0,328.0,68.0,-110.0,43.21989012231971,72.07929670978649,25.43747117119709,315.53027601292536,36.064128371527694,205.26395715446915,-3.86,-0.75,4.61,2.67,-3.01,-1.11,gem,2121_gem,deep_subduction
C201904221829A,2019-04-22T18:29:59,-67.16,-24.25,186.9,5.1,mw,191.0,30.0,-50.0,328.0,68.0,-110.0,20.0,73.0,18.0,336.0,62.0,207.0,-3.86e+16,-7480000000000000.0,4.61e+16,2.67e+16,-3.01e+16,-1.11e+16,gcmt,2121_gcmt,deep_subduction
615417096,2019-04-24T18:57:32,-68.4,-21.449,135.1,5.32,mw,152.0,83.0,110.0,260.0,21.0,19.0,40.71127662763574,263.282548171176,20.40158817009073,154.61743913841883,42.3061369916875,44.83183739637741,0.24,-0.36,0.12,0.51,-0.98,0.37,gem,2122_gem,deep_subduction
C201904241857A,2019-04-24T18:57:36,-68.33,-21.49,151.3,5.4,mw,260.0,21.0,19.0,152.0,83.0,110.0,48.0,83.0,19.0,329.0,35.0,225.0,2.41e+16,-3.63e+16,1.22e+16,5.06e+16,-9.79e+16,3.67e+16,gcmt,2122_gcmt,deep_subduction
201905160032A,2019-05-16T00:32:00,-69.27,-31.46,121.0,5.2,mw,32.0,42.0,-83.0,202.0,49.0,-97.0,3.0,297.0,,,84.0,61.0,,,,,,,gmt,2124_gmt,deep_subduction
70003lxa,2019-05-16T00:32:13,-69.2521,-31.4807,100.5,5.1,mww,34.2,42.77,-83.45,205.32,47.57,-96.02,2.0,300.0,4.0,209.0,85.0,58.0,-6.3608e+16,2.0308e+16,4.33e+16,-2490000000000000.0,7141000000000000.0,1.9713e+16,us,2124_us,deep_subduction
615702557,2019-05-16T00:32:13,-69.323,-31.484,111.0,5.16,mw,32.0,42.0,-83.0,202.0,49.0,-97.0,44.90413004662442,297.0486744426342,30.630922882332,170.88110531955306,29.472989670882058,61.33039808431579,-7.4,2.09,5.31,-0.29,1.05,2.31,gem,2124_gem,deep_subduction
615702557,2019-05-16T00:32:13,-69.217,-31.48,105.0,5.1,mw,19.0,48.95,-99.23,212.89,41.9,-79.57,3.55,115.52,6.95,25.09,82.19,232.41,-5160999999.999999,1313000000.0,3849000000.0,374000000.0,-856000000.0,1638000000.0,gfz,2124_gfz,deep_subduction
C201905160032A,2019-05-16T00:32:15,-69.27,-31.46,120.9,5.1,mw,32.0,42.0,-83.0,202.0,49.0,-97.0,3.0,297.0,5.0,207.0,84.0,60.0,-7.4e+16,2.09e+16,5.31e+16,-2870000000000000.0,1.05e+16,2.31e+16,gcmt,2124_gcmtb,deep_subduction
C201905160032A,2019-05-16T00:32:15,-69.27,-31.46,120.9,5.1,mw,32.0,42.0,-83.0,202.0,49.0,-97.0,3.0,297.0,5.0,207.0,84.0,60.0,-7.4e+16,2.09e+16,5.31e+16,-2870000000000000.0,1.05e+16,2.31e+16,gcmt,2124_gcmt,deep_subduction
615714712,2019-05-16T14:32:49,-70.061,-17.755,103.9,5.21,mw,107.0,38.0,-125.0,329.0,60.0,-66.0,43.00800435869233,41.45603749581062,35.58492269219745,173.3251373859316,26.286202300291222,284.02198852928,-6.33,4.22,2.12,0.64,-3.91,-4.34,gem,2125_gem,deep_subduction
C201905161432A,2019-05-16T14:32:52,-70.08,-17.75,123.1,5.1,mw,107.0,38.0,-125.0,329.0,60.0,-66.0,12.0,42.0,20.0,136.0,66.0,283.0,-6.33e+16,4.22e+16,2.12e+16,6440000000000000.0,-3.91e+16,-4.34e+16,gcmt,2125_gcmt,deep_subduction
201905201118A,2019-05-20T11:18:00,-70.04,-31.54,113.0,5.6,mw,277.0,65.0,-13.0,13.0,79.0,-154.0,9.0,143.0,,,26.0,237.0,,,,,,,gmt,2128_gmt,deep_subduction
70003nha,2019-05-20T11:18:32,-70.2252,-31.4922,100.5,5.5,mww,280.05,75.27,-4.26,11.13,85.88,-165.23,7.0,145.0,75.0,26.0,13.0,236.0,-6.91e+16,1.224e+17,-5.33e+16,-1.783e+16,-5.604e+16,2.3491e+17,us,2128_us,deep_subduction
615739602,2019-05-20T11:18:32,-70.059,-31.486,110.3,5.56,mw,13.0,79.0,-154.0,277.0,65.0,-13.0,24.01965793944689,323.1550730326128,63.43442497042425,170.1231491802621,10.675709309963546,57.97410619377598,-0.53,1.09,-0.56,0.2,-1.18,2.35,gem,2128_gem,deep_subduction
615739602,2019-05-20T11:18:32,-69.905,-31.496,106.0,5.5,mw,10.67,71.46,-164.36,275.58,75.19,-19.2,2.53,323.64,65.92,59.31,23.93,232.51,-5870000000.0,8410000000.0,-2540000000.0,4410000000.0,-3900000000.0,18470000000.0,gfz,2128_gfz,deep_subduction
C201905201118A,2019-05-20T11:18:38,-70.04,-31.54,112.9,5.5,mw,277.0,65.0,-13.0,13.0,79.0,-154.0,9.0,143.0,62.0,35.0,26.0,237.0,-5.28e+16,1.09e+17,-5.629999999999999e+16,2.05e+16,-1.18e+17,2.35e+17,gcmt,2128_gcmt,deep_subduction
C201905201118A,2019-05-20T11:18:38,-70.04,-31.54,112.9,5.5,mw,277.0,65.0,-13.0,13.0,79.0,-154.0,9.0,143.0,62.0,35.0,26.0,237.0,-5.28e+16,1.09e+17,-5.629999999999999e+16,2.05e+16,-1.18e+17,2.35e+17,gcmt,2128_gcmtb,deep_subduction
615740109,2019-05-21T07:18:59,-66.792,-23.136,203.0,5.07,mw,3.0,71.0,-77.0,147.0,23.0,-124.0,44.189825177174,262.89901631101714,15.41686423584629,8.4485958342392,41.75398480599333,112.69910911408238,-3.14,0.1,3.04,-0.66,-3.84,-0.93,gem,2129_gem,deep_subduction
C201905210718A,2019-05-21T07:19:06,-66.66,-23.11,228.2,5.0,mw,147.0,23.0,-124.0,3.0,71.0,-77.0,25.0,83.0,13.0,179.0,62.0,293.0,-3.14e+16,970000000000000.0,3.04e+16,-6620000000000000.0,-3.84e+16,-9310000000000000.0,gcmt,2129_gcmt,deep_subduction
615747878,2019-05-24T20:15:59,-66.661,-27.942,168.0,5.2,mw,200.38,21.99,-24.94,313.7,80.92,-110.11,32.96,60.55,19.85,317.01,50.11,201.42,-1792000000.0,-1433000000.0,3225000000.0,4466000000.0,-4215000000.0,-1581000000.0,gfz,2130_gfz,deep_subduction
615747878,2019-05-24T20:16:00,-66.717,-27.901,160.3,5.27,mw,203.0,30.0,-30.0,320.0,75.0,-117.0,41.24083918408724,70.13242685163692,28.71051480359794,311.434948822922,35.34451045749703,198.57696310572447,-0.44,-0.27,0.7,0.59,-0.54,-0.16,gem,2130_gem,deep_subduction
C201905242015A,2019-05-24T20:16:04,-66.6,-28.05,176.0,5.2,mw,203.0,30.0,-30.0,320.0,75.0,-117.0,26.0,70.0,26.0,327.0,52.0,198.0,-4.41e+16,-2.65e+16,7.05e+16,5.95e+16,-5.44e+16,-1.61e+16,gcmt,2130_gcmtb,deep_subduction
C201905242015A,2019-05-24T20:16:04,-66.6,-28.05,176.0,5.2,mw,203.0,30.0,-30.0,320.0,75.0,-117.0,26.0,70.0,26.0,327.0,52.0,198.0,-4.41e+16,-2.65e+16,7.05e+16,5.95e+16,-5.44e+16,-1.61e+16,gcmt,2130_gcmt,deep_subduction
615955666,2019-06-16T22:50:45,-66.91,-24.125,191.4,5.1,mw,172.0,43.0,-90.0,352.0,47.0,-90.0,44.99999999999999,82.0,7.235761900329499e-14,172.0000000000001,44.99999999999999,262.00000000000017,-4.78,-1.65,6.43,0.05,-0.35,-1.11,gem,2135_gem,deep_subduction
201906200123A,2019-06-20T01:23:00,-68.83,-33.68,163.0,5.5,mw,352.0,52.0,-157.0,248.0,72.0,-40.0,13.0,304.0,,,41.0,203.0,,,,,,,gmt,2136_gmt,deep_subduction
616173401,2019-06-20T01:23:25,-68.824,-33.636,149.0,5.4,mw,245.26,77.56,-41.57,346.08,49.61,-163.57,17.81,301.51,46.93,51.61,37.63,197.17,-3459999999.9999995,-5320000000.0,8780000000.0,10129999999.999998,250000000.0,7830000000.0,gfz,2136_gfz,deep_subduction
600043h2,2019-06-20T01:23:26,-69.3978,-33.6533,140.5,5.4,mww,344.64,69.98,-165.58,249.61,76.47,-20.61,4.0,298.0,66.0,38.0,24.0,206.0,1500000000000000.0,-8.98e+16,8.83e+16,7.989e+16,-2.961e+16,1.2065e+17,us,2136_us,deep_subduction
616173401,2019-06-20T01:23:26,-68.908,-33.57,156.1,5.47,mw,248.0,72.0,-40.0,352.0,52.0,-157.0,33.67077924203191,124.32424497057777,51.89450855412215,272.4754726433047,15.724192905225934,23.51391268504699,-0.7,-0.41,1.11,1.26,-0.17,1.23,gem,2136_gem,deep_subduction
C201906200123A,2019-06-20T01:23:30,-68.83,-33.68,162.9,5.4,mw,352.0,52.0,-157.0,248.0,72.0,-40.0,12.0,304.0,47.0,47.0,41.0,203.0,-6.999999999999999e+16,-4.12e+16,1.1100000000000002e+17,1.26e+17,-1.7199999999999998e+16,1.23e+17,gcmt,2136_gcmt,deep_subduction
C201906200123A,2019-06-20T01:23:30,-68.83,-33.68,162.9,5.4,mw,352.0,52.0,-157.0,248.0,72.0,-40.0,12.0,304.0,47.0,47.0,41.0,203.0,-6.999999999999999e+16,-4.12e+16,1.1100000000000002e+17,1.26e+17,-1.7199999999999998e+16,1.23e+17,gcmt,2136_gcmtb,deep_subduction
616052520,2019-07-10T22:29:49,-66.843,-24.002,197.8,5.05,mw,239.0,44.0,-32.0,352.0,69.0,-130.0,38.44311288868443,110.75275781529194,43.98684945950491,330.73645660480776,21.229682231976504,218.7140364486022,-2.45,-0.5,2.95,1.72,-2.55,2.32,gem,2138_gem,deep_subduction
616066422,2019-07-19T01:18:24,-67.315,-20.814,191.1,5.03,mw,1.0,71.0,-92.0,186.0,19.0,-85.0,44.9806882521026,272.57298742063807,2.3990828678242213,180.1734177403845,44.91891618560796,87.7790195855697,-3.71,1.88,1.84,0.1,-3.51,0.11,gem,2139_gem,deep_subduction
616223953,2019-08-10T23:36:42,-66.842,-27.969,147.8,5.01,mw,116.0,25.0,-134.0,343.0,73.0,-72.0,43.40731203872019,58.88095140795673,20.59797255215739,169.70505918013544,39.46606029295236,277.73058426542985,-2.26,0.97,1.29,0.52,-3.18,-1.51,gem,2143_gem,deep_subduction
616251961,2019-08-28T12:43:43,-69.145,-23.128,99.4,4.96,mw,2.0,61.0,-79.0,160.0,31.0,-109.0,44.56457898297163,263.9581720981017,17.529481622505443,12.083697654877938,40.21535660582308,117.57377097456492,-2.83,-0.11,2.95,-0.38,-1.72,-0.48,gem,2147_gem,deep_subduction
616316477,2019-09-02T20:53:29,-67.134,-24.07,165.0,5.01,mw,174.0,20.0,-94.0,358.0,70.0,-89.0,44.9900643159723,87.12077870899725,1.7816901291944651,178.90271257761424,44.9545494448432,270.68243803450764,-2.49,-0.25,2.74,0.09,-3.2,-0.21,gem,2150_gem,deep_subduction
201909140515A,2019-09-14T05:15:00,-68.46,-31.36,122.0,5.1,mw,212.0,45.0,-113.0,64.0,49.0,-68.0,2.0,138.0,,,74.0,40.0,,,,,,,gmt,2152_gmt,deep_subduction
616479922,2019-09-14T05:15:30,-68.602,-31.381,111.4,5.07,mw,64.0,49.0,-68.0,212.0,45.0,-113.0,43.80589091128245,318.6322515628667,45.52544332381848,126.2981637376717,6.200276985793359,222.65099424762803,-4.39,2.55,1.84,-1.01,0.62,3.04,gem,2152_gem,deep_subduction
70005g9f,2019-09-14T05:15:31,-68.6295,-31.3971,90.5,5.0,mww,54.5,44.1,-78.83,219.12,46.94,-100.63,1.0,317.0,8.0,226.0,82.0,57.0,-4.3729e+16,2.3548e+16,2.0181e+16,-1954000000000000.0,5452000000000000.0,2.734e+16,us,2152_us,deep_subduction
C201909140515A,2019-09-14T05:15:34,-68.46,-31.36,122.2,5.0,mw,212.0,45.0,-113.0,64.0,49.0,-68.0,2.0,139.0,16.0,229.0,74.0,42.0,-4.39e+16,2.55e+16,1.84e+16,-1.01e+16,6180000000000000.0,3.04e+16,gcmt,2152_gcmtb,deep_subduction
C201909140515A,2019-09-14T05:15:34,-68.46,-31.36,122.2,5.0,mw,212.0,45.0,-113.0,64.0,49.0,-68.0,2.0,139.0,16.0,229.0,74.0,42.0,-4.39e+16,2.55e+16,1.84e+16,-1.01e+16,6180000000000000.0,3.04e+16,gcmt,2152_gcmt,deep_subduction
616504264,2019-09-25T19:43:22,-66.734,-27.92,160.0,5.2,mw,188.49,43.1,-20.09,293.44,76.42,-131.31,20.51,53.34,39.92,305.1,43.02,163.76,-3239000000.0,-1036000000.0,4275000000.0,4761999999.999999,-2550000000.0,-5871000000.000001,gfz,2154_gfz,deep_subduction
616504264,2019-09-25T19:43:22,-66.788,-27.849,158.5,5.33,mw,194.0,46.0,-20.0,298.0,76.0,-134.0,35.045587392510235,59.52062495407915,45.99521420397036,282.952418082795,23.01792415991608,166.8571260757352,-0.49,-0.31,0.8,0.61,-0.41,-0.81,gem,2154_gem,deep_subduction
C201909251943A,2019-09-25T19:43:27,-66.77,-27.94,175.5,5.3,mw,194.0,46.0,-20.0,298.0,76.0,-134.0,19.0,59.0,42.0,311.0,42.0,167.0,-4.9e+16,-3.11e+16,8.01e+16,6.15e+16,-4.06e+16,-8.08e+16,gcmt,2154_gcmt,deep_subduction
C201909251943A,2019-09-25T19:43:27,-66.77,-27.94,175.5,5.3,mw,194.0,46.0,-20.0,298.0,76.0,-134.0,19.0,59.0,42.0,311.0,42.0,167.0,-4.9e+16,-3.11e+16,8.01e+16,6.15e+16,-4.06e+16,-8.08e+16,gcmt,2154_gcmtb,deep_subduction
201909261636A,2019-09-26T16:36:00,-72.06,-40.9,139.0,6.1,mw,96.0,58.0,33.0,347.0,62.0,143.0,45.0,310.0,,,3.0,42.0,,,,,,,gmt,2155_gmt,deep_subduction
616542055,2019-09-26T16:36:17,-71.864,-40.701,125.0,6.0,mw,118.97,58.74,49.49,357.7,49.47,136.94,55.74,334.29,33.73,142.88,5.31,236.44,90800000000.0,-2100000000.0,-88800000000.0,49600000000.0,6100000000.0,92000000000.0,gfz,2155_gfz,deep_subduction
70005lt4,2019-09-26T16:36:18,-72.02,-40.8003,130.5,6.1,mww,88.35,64.62,27.81,345.61,65.07,151.79,37.0,307.0,53.0,127.0,0.0,37.0,5.693e+17,-6.336e+17,6.44e+16,4.195e+17,5.732e+17,1.2148e+18,us,2155_us,deep_subduction
616542055,2019-09-26T16:36:18,-72.032,-40.732,129.9,6.07,mw,96.0,58.0,33.0,347.0,62.0,143.0,3.861048836869646,309.7051840677009,54.65076083480268,214.2454407076993,35.07350320924172,42.42123611547015,0.81,-0.56,-0.25,0.39,0.62,1.22,gem,2155_gem,deep_subduction
C201909261636A,2019-09-26T16:36:22,-72.06,-40.9,139.0,6.1,mw,96.0,58.0,33.0,347.0,62.0,143.0,45.0,309.0,45.0,135.0,3.0,42.0,8.12e+17,-5.5600000000000006e+17,-2.55e+17,3.91e+17,6.17e+17,1.22e+18,gcmt,2155_gcmtb,deep_subduction
C201909261636A,2019-09-26T16:36:22,-72.06,-40.9,139.0,6.1,mw,96.0,58.0,33.0,347.0,62.0,143.0,45.0,309.0,45.0,135.0,3.0,42.0,8.12e+17,-5.5600000000000006e+17,-2.55e+17,3.91e+17,6.17e+17,1.22e+18,gcmt,2155_gcmt,deep_subduction
616602775,2019-09-30T11:53:22,-68.788,-22.166,110.9,5.6,mw,18.0,74.0,-79.0,164.0,19.0,-123.0,44.36596513470352,279.1949629917246,12.401487548270014,21.615061216362847,42.98972910879702,123.44329798976298,-1.59,-0.25,1.84,-0.95,-2.46,0.07,gem,2159_gem,deep_subduction
C201909301153A,2019-09-30T11:53:25,-68.72,-22.19,125.9,5.6,mw,164.0,19.0,-123.0,18.0,74.0,-79.0,28.0,100.0,10.0,195.0,60.0,303.0,-1.59e+17,-2.5e+16,1.84e+17,-9.48e+16,-2.46e+17,7000000000000001.0,gcmt,2159_gcmt,deep_subduction
616616499,2019-10-06T10:40:56,-68.571,-21.918,117.8,5.74,mw,236.0,30.0,-23.0,347.0,79.0,-118.0,40.44661359618256,98.3268244129256,29.281807159160344,339.77011931852144,35.66328689974042,226.04183516078425,-1.25,-2.9,4.15,-0.35,-4.22,1.33,gem,2161_gem,deep_subduction
C201910061040A,2019-10-06T10:40:59,-68.5,-21.87,129.7,5.7,mw,236.0,30.0,-23.0,347.0,79.0,-118.0,28.0,99.0,27.0,353.0,49.0,227.0,-1.25e+17,-2.9e+17,4.1500000000000006e+17,-3.53e+16,-4.22e+17,1.33e+17,gcmt,2161_gcmt,deep_subduction
617000015,2019-11-03T13:23:15,-67.701,-29.164,115.0,5.6,mw,167.05,31.22,-49.55,302.14,66.77,-111.47,19.01,48.02,19.65,310.96,62.08,178.59,-15920000000.0,4430000000.0,11490000000.0,14550000000.0,-9580000000.0,-18940000000.0,gfz,2165_gfz,deep_subduction
700062je,2019-11-03T13:23:18,-67.7971,-29.258,120.5,5.6,mww,175.06,37.03,-43.53,302.24,65.5,-118.67,16.0,53.0,26.0,315.0,59.0,171.0,-2.1035e+17,1.689e+16,1.9346e+17,1.65e+17,-9.187e+16,-2.339e+17,us,2165_us,deep_subduction
617000015,2019-11-03T13:23:18,-67.765,-29.115,121.0,5.65,mw,171.0,34.0,-49.0,305.0,65.0,-114.0,42.72924423367394,52.02694289287359,30.899834317389733,288.46551197338505,31.683859766492507,176.78700314278922,-2.35,0.35,2.0,1.81,-1.13,-2.47,gem,2165_gem,deep_subduction
C201911031323A,2019-11-03T13:23:21,-67.71,-29.19,136.1,5.6,mw,171.0,34.0,-49.0,305.0,65.0,-114.0,17.0,52.0,21.0,315.0,62.0,177.0,-2.35e+17,3.54e+16,2e+17,1.81e+17,-1.1299999999999998e+17,-2.4700000000000003e+17,gcmt,2165_gcmtb,deep_subduction
C201911031323A,2019-11-03T13:23:21,-67.71,-29.19,136.1,5.6,mw,171.0,34.0,-49.0,305.0,65.0,-114.0,17.0,52.0,21.0,315.0,62.0,177.0,-2.35e+17,3.54e+16,2e+17,1.81e+17,-1.1299999999999998e+17,-2.4700000000000003e+17,gcmt,2165_gcmt,deep_subduction
201911222227A,2019-11-22T22:27:00,-70.15,-32.77,114.0,5.1,mw,359.0,32.0,-70.0,156.0,61.0,-102.0,14.0,255.0,,,72.0,37.0,,,,,,,gmt,2170_gmt,deep_subduction
616917526,2019-11-22T22:27:31,-70.068,-32.685,106.9,5.06,mw,156.0,61.0,-102.0,359.0,32.0,-70.0,44.482182931838025,74.76270186679074,19.00211588603871,324.9954580589814,39.407997964887,218.5592084081671,-4.31,0.47,3.83,-1.6,1.98,-0.71,gem,2170_gem,deep_subduction
70006bz9,2019-11-22T22:27:31,-69.7963,-32.6949,100.5,5.0,mww,344.67,27.28,-82.66,156.42,62.96,-93.77,18.0,249.0,3.0,158.0,72.0,58.0,-3.1806e+16,9277000000000000.0,2.2529e+16,-9667000000000000.0,1.7815e+16,-4703000000000000.0,us,2170_us,deep_subduction
616917526,2019-11-22T22:27:31,-70.0996,-32.7003,103.8,5.0,mw,146.87,50.86,-95.5,335.54,39.46,-83.28,6.0,241.0,4.0,150.0,83.0,24.0,-3487000000.0,813999999.9999999,2673000000.0,-577000000.0,484000000.0,-1463000000.0,neic,2170_neic,deep_subduction
C201911222227A,2019-11-22T22:27:32,-70.15,-32.77,114.2,5.0,mw,359.0,32.0,-70.0,156.0,61.0,-102.0,15.0,254.0,10.0,162.0,72.0,38.0,-4.31e+16,4750000000000000.0,3.83e+16,-1.6e+16,1.98e+16,-7060000000000000.0,gcmt,2170_gcmt,deep_subduction
C201911222227A,2019-11-22T22:27:32,-70.15,-32.77,114.2,5.0,mw,359.0,32.0,-70.0,156.0,61.0,-102.0,15.0,254.0,10.0,162.0,72.0,38.0,-4.31e+16,4750000000000000.0,3.83e+16,-1.6e+16,1.98e+16,-7060000000000000.0,gcmt,2170_gcmtb,deep_subduction
C201912090504A,2019-12-09T05:04:18,-70.07,-32.05,132.1,5.1,mw,352.0,38.0,133.0,122.0,63.0,62.0,61.0,348.0,25.0,136.0,14.0,232.0,2.03e+16,-3070000000000000.0,-1.72e+16,1.43e+16,-5480000000000000.0,1.95e+16,gcmt,2173_gcmt,deep_subduction
C201912090504A,2019-12-09T05:04:18,-70.07,-32.05,132.1,5.1,mw,352.0,38.0,133.0,122.0,63.0,62.0,61.0,348.0,25.0,136.0,14.0,232.0,2.03e+16,-3070000000000000.0,-1.72e+16,1.43e+16,-5480000000000000.0,1.95e+16,gcmt,2173_gcmtb,deep_subduction
616987900,2019-12-15T18:42:07,-67.266,-24.152,175.6,5.08,mw,215.0,30.0,-40.0,341.0,71.0,-114.0,42.29611072131092,89.05936655032582,27.45585938451814,330.8480721118792,35.337729096672255,219.2309174387414,-2.87,-1.03,3.9,1.85,-3.33,0.64,gem,2174_gem,deep_subduction
C201912151842A,2019-12-15T18:42:13,-67.18,-24.21,196.3,5.0,mw,215.0,30.0,-40.0,341.0,71.0,-114.0,22.0,89.0,23.0,349.0,57.0,218.0,-2.87e+16,-1.03e+16,3.9e+16,1.85e+16,-3.33e+16,6420000000000000.0,gcmt,2174_gcmt,deep_subduction
617126415,2020-01-08T08:47:44,-68.785,-20.418,112.6,5.27,mw,239.0,10.0,-21.0,349.0,86.0,-99.0,44.32924613171379,88.4245046184435,9.401173695899228,349.11671149431027,44.141799851708974,249.87017765761345,-0.13,-0.05,0.17,0.2,-0.98,0.14,gem,2176_gem,deep_subduction
C202001080847A,2020-01-08T08:47:48,-68.88,-20.43,133.4,5.2,mw,239.0,10.0,-21.0,349.0,86.0,-99.0,41.0,88.0,9.0,350.0,48.0,249.0,-1.29e+16,-4700000000000000.0,1.7599999999999998e+16,2.02e+16,-9.8e+16,1.35e+16,gcmt,2176_gcmt,deep_subduction
202001130201A,2020-01-13T02:01:00,-71.42,-40.33,190.0,5.4,mw,259.0,14.0,-25.0,14.0,84.0,-103.0,38.0,115.0,,,49.0,270.0,,,,,,,gmt,2177_gmt,deep_subduction
617174725,2020-01-13T02:01:41,-71.293,-40.206,176.8,5.4,mw,14.0,84.0,-103.0,259.0,14.0,-25.0,43.80736425449869,295.5949023643421,13.206172545358406,192.58671805058484,43.20072546738247,89.85610214485473,-0.32,0.19,0.12,-0.31,-1.47,0.36,gem,2177_gem,deep_subduction
617174725,2020-01-13T02:01:41,-71.0014,-40.5133,170.5,5.3,mw,19.49,81.66,-116.73,273.42,27.91,-18.06,31.0,131.0,26.0,24.0,47.0,262.0,-3240000000.0,4720000000.0,-1480000000.0,-570000000.0,-9160000000.0,2960000000.0,neic,2177_neic,deep_subduction
70006yzw,2020-01-13T02:01:41,-71.0014,-40.5133,170.5,5.3,mww,273.42,27.91,-18.06,19.49,81.66,-116.73,31.0,131.0,26.0,24.0,47.0,262.0,-3.237e+16,4.718e+16,-1.481e+16,-5700000000000000.0,-9.16e+16,2.956e+16,us,2177_us,deep_subduction
C202001130201A,2020-01-13T02:01:45,-71.42,-40.33,189.9,5.3,mw,259.0,14.0,-25.0,14.0,84.0,-103.0,38.0,115.0,12.0,15.0,49.0,270.0,-3.19e+16,1.94e+16,1.25e+16,-3.14e+16,-1.47e+17,3.64e+16,gcmt,2177_gcmt,deep_subduction
C202001130201A,2020-01-13T02:01:45,-71.42,-40.33,189.9,5.3,mw,259.0,14.0,-25.0,14.0,84.0,-103.0,38.0,115.0,12.0,15.0,49.0,270.0,-3.19e+16,1.94e+16,1.25e+16,-3.14e+16,-1.47e+17,3.64e+16,gcmt,2177_gcmtb,deep_subduction
617176277,2020-01-14T01:57:29,-68.35,-21.73,120.0,5.14,mw,147.0,42.0,-91.0,328.0,48.0,-89.0,44.998041068548766,57.70806193011845,6.327486952076482,154.07405372242908,44.30594812839565,250.28747422518904,-5.8,1.14,4.66,0.28,-0.53,-3.67,gem,2178_gem,deep_subduction
C202001140157A,2020-01-14T01:57:32,-68.34,-21.62,141.6,5.1,mw,147.0,42.0,-91.0,328.0,48.0,-89.0,3.0,58.0,1.0,148.0,87.0,249.0,-5.8e+16,1.14e+16,4.66e+16,2810000000000000.5,-5280000000000000.0,-3.67e+16,gcmt,2178_gcmt,deep_subduction
617199732,2020-01-24T05:13:49,-70.771,-17.325,84.0,5.42,mw,105.0,18.0,-150.0,347.0,81.0,-75.0,43.41349150184488,62.82610267027928,16.259068542595518,168.8432617137404,42.08931410374229,274.1165198617568,-0.37,0.0,0.37,0.38,-1.49,-0.6,gem,2179_gem,deep_subduction
C202001240513A,2020-01-24T05:13:53,-70.9,-17.34,99.2,5.4,mw,105.0,18.0,-150.0,347.0,81.0,-75.0,35.0,64.0,15.0,165.0,51.0,275.0,-3.73e+16,200000000000000.0,3.71e+16,3.82e+16,-1.49e+17,-6e+16,gcmt,2179_gcmt,deep_subduction
617207662,2020-01-25T19:22:59,-67.043,-24.103,179.5,5.04,mw,248.0,31.0,-22.0,357.0,79.0,-119.0,40.06652782057556,110.0442837992032,30.398805144144145,350.4776612191937,35.0389198442066,236.18586383317484,-1.68,0.42,1.25,1.23,-3.74,2.05,gem,2180_gem,deep_subduction
C202001251922A,2020-01-25T19:23:03,-67.09,-24.09,197.7,5.0,mw,248.0,31.0,-22.0,357.0,79.0,-119.0,28.0,110.0,29.0,3.0,48.0,236.0,-1.68e+16,4240000000000000.0,1.25e+16,1.23e+16,-3.74e+16,2.05e+16,gcmt,2180_gcmt,deep_subduction
617207707,2020-01-26T18:44:04,-65.895,-21.914,267.9,5.28,mw,167.0,83.0,93.0,323.0,8.0,66.0,44.89807248182333,260.43922412516366,3.068598410669236,167.3771398901797,44.93773895622132,74.31080882170335,0.23,0.02,-0.25,0.23,-0.99,0.13,gem,2181_gem,deep_subduction
C202001261844A,2020-01-26T18:44:08,-65.88,-21.92,279.5,5.3,mw,323.0,8.0,66.0,167.0,83.0,93.0,52.0,81.0,3.0,347.0,38.0,254.0,2.3e+16,2100000000000000.0,-2.51e+16,2.29e+16,-9.94e+16,1.33e+16,gcmt,2181_gcmt,deep_subduction
617254052,2020-02-01T02:35:57,-67.048,-24.379,165.0,5.25,mw,183.0,45.0,-84.0,354.0,45.0,-96.0,44.92153183310084,88.76122797743551,44.99999999999999,273.0000000000001,2.1208354676409145,180.8777101041322,-0.92,-0.03,0.94,0.07,-0.0,-0.03,gem,2183_gem,deep_subduction
C202002010235A,2020-02-01T02:36:02,-67.07,-24.41,188.2,5.2,mw,183.0,45.0,-84.0,354.0,45.0,-96.0,0.0,89.0,4.0,359.0,86.0,181.0,-9.17e+16,-2800000000000000.0,9.46e+16,6900000000000001.0,-400000000000000.0,-2500000000000000.0,gcmt,2183_gcmt,deep_subduction
617475789,2020-02-08T06:17:57,-68.656,-20.82,108.0,5.22,mw,145.0,66.0,171.0,238.0,82.0,24.0,11.44603192664102,104.2876046001627,65.29311042640083,220.39565781994688,21.583938519914085,9.693375877743506,0.01,-0.71,0.7,-0.21,-0.34,0.31,gem,2184_gem,deep_subduction
C202002080617A,2020-02-08T06:18:01,-68.64,-20.91,131.1,5.2,mw,145.0,66.0,171.0,238.0,82.0,24.0,23.0,104.0,65.0,256.0,11.0,9.0,899999999999999.9,-7.09e+16,6.999999999999999e+16,-2.1e+16,-3.3800000000000004e+16,3.13e+16,gcmt,2184_gcmt,deep_subduction
617511917,2020-02-16T22:05:44,-68.479,-21.906,108.0,5.24,mw,178.0,31.0,-81.0,348.0,59.0,-95.0,44.90066247294591,81.44626311857212,9.47632894059742,341.8711684158865,43.54563214285542,242.7425035013015,-0.71,-0.2,0.9,0.11,-0.41,-0.16,gem,2187_gem,deep_subduction
C202002162205A,2020-02-16T22:05:48,-68.51,-21.79,132.1,5.2,mw,178.0,31.0,-81.0,348.0,59.0,-95.0,14.0,81.0,4.0,350.0,76.0,243.0,-7.08e+16,-1.98e+16,9.06e+16,1.09e+16,-4.14e+16,-1.58e+16,gcmt,2187_gcmt,deep_subduction
617614953,2020-03-05T06:57:41,-67.523,-28.413,115.0,5.4,mw,175.49,41.86,-79.47,341.48,49.0,-99.3,3.6,78.05,7.01,347.61,82.12,195.04,-17910000000.0,1670000000.0,16240000000.0,2790000000.0000005,-1650000000.0,-3060000000.0,gfz,2189_gfz,deep_subduction
600089zt,2020-03-05T06:57:41,-67.6027,-28.4109,110.5,5.5,mww,167.4,40.75,-87.64,344.28,49.29,-92.04,4.0,76.0,2.0,346.0,85.0,236.0,-1.9199e+17,1.009e+16,1.819e+17,1.218e+16,-2.681e+16,-4.63e+16,us,2189_us,deep_subduction
617614953,2020-03-05T06:57:42,-67.611,-28.351,130.2,5.47,mw,165.0,38.0,-96.0,353.0,52.0,-85.0,44.93962073300671,79.27192245481024,14.201030957177544,183.8989166417226,41.6041272700631,286.8846275507341,-1.96,0.11,1.84,-0.05,-0.48,-0.34,gem,2189_gem,deep_subduction
C202003050657A,2020-03-05T06:57:45,-67.57,-28.36,144.6,5.5,mw,165.0,38.0,-96.0,353.0,52.0,-85.0,7.0,80.0,4.0,170.0,82.0,289.0,-1.96e+17,1.13e+16,1.84e+17,-4800000000000000.0,-4.76e+16,-3.4300000000000004e+16,gcmt,2189_gcmtb,deep_subduction
C202003050657A,2020-03-05T06:57:45,-67.57,-28.36,144.6,5.5,mw,165.0,38.0,-96.0,353.0,52.0,-85.0,7.0,80.0,4.0,170.0,82.0,289.0,-1.96e+17,1.13e+16,1.84e+17,-4800000000000000.0,-4.76e+16,-3.4300000000000004e+16,gcmt,2189_gcmt,deep_subduction
617656258,2020-03-10T13:44:20,-67.921,-22.155,146.8,5.09,mw,0.0,87.0,-98.0,247.0,9.0,-24.0,44.49851552518446,277.54706429565704,8.032394922932314,179.5762564921837,44.38269357398905,81.63782319520806,-1.22,1.18,0.04,0.25,-5.39,0.73,gem,2190_gem,deep_subduction
C202003101344A,2020-03-10T13:44:25,-67.96,-22.12,166.1,5.1,mw,247.0,9.0,-24.0,0.0,87.0,-98.0,41.0,98.0,8.0,1.0,48.0,262.0,-1.22e+16,1.18e+16,450000000000000.0,2470000000000000.0,-5.39e+16,7270000000000000.0,gcmt,2190_gcmt,deep_subduction
617775075,2020-03-13T02:08:01,-69.26,-19.927,108.5,5.23,mw,159.0,72.0,-39.0,263.0,53.0,-157.0,33.249207495318934,34.84633600826339,52.70606504153283,184.25272414743696,14.94488250617316,294.7680213435895,-3.38,4.77,-1.4,0.19,4.74,-6.02,gem,2191_gem,deep_subduction
C202003130208A,2020-03-13T02:08:07,-69.26,-20.01,141.4,5.2,mw,263.0,53.0,-157.0,159.0,72.0,-39.0,12.0,215.0,48.0,318.0,40.0,115.0,-3.38e+16,4.769999999999999e+16,-1.4e+16,1930000000000000.0,4.74e+16,-6.019999999999999e+16,gcmt,2191_gcmt,deep_subduction
617860928,2020-04-09T09:43:59,-67.115,-24.13,170.4,4.97,mw,158.0,20.0,-110.0,359.0,71.0,-83.0,44.75560398895264,83.5992263564624,8.440292634092904,182.0595956091204,44.00981659815347,280.3009705376545,-2.13,-0.04,2.16,-0.1,-2.85,-0.45,gem,2199_gem,deep_subduction
617939048,2020-04-09T14:06:51,-69.334,-18.168,138.1,5.17,mw,213.0,18.0,-45.0,347.0,77.0,-103.0,44.03359109233727,87.23013759439334,13.900788845666517,343.3861775591968,42.65673415200834,240.2049990816427,-3.19,-0.11,3.31,1.91,-6.14,0.85,gem,2200_gem,deep_subduction
C202004091406A,2020-04-09T14:06:55,-69.4,-18.23,160.8,5.0,mw,213.0,18.0,-45.0,347.0,77.0,-103.0,31.0,87.0,12.0,350.0,56.0,241.0,-3.19e+16,-1140000000000000.0,3.31e+16,1.91e+16,-6.14e+16,8530000000000000.0,gcmt,2200_gcmt,deep_subduction
202004141602A,2020-04-14T16:02:00,-70.33,-33.83,115.0,5.0,mw,112.0,55.0,-136.0,353.0,55.0,-45.0,0.0,53.0,,,54.0,322.0,,,,,,,gmt,2201_gmt,deep_subduction
618052989,2020-04-14T16:02:09,-70.445,-33.895,107.2,5.0,mw,112.0,55.0,-136.0,353.0,55.0,-45.0,38.936461155977845,52.57412692742628,51.06179521959501,231.9348153188324,0.3125292213091455,322.3216157726309,-2.65,0.64,2.01,-1.63,-1.29,-2.52,gem,2201_gem,deep_subduction
618052989,2020-04-14T16:02:09,-70.327,-33.951,101.0,5.0,mw,138.7,35.68,-120.38,354.52,59.79,-70.04,12.63,70.2,17.16,164.17,68.46,305.62,-3153000000.0,391000000.0,2762000000.0,-558000000.0000001,-1825000000.0,-1313000000.0,gfz,2201_gfz,deep_subduction
C202004141602A,2020-04-14T16:02:14,-70.33,-33.83,115.3,5.0,mw,112.0,55.0,-136.0,353.0,55.0,-45.0,0.0,53.0,36.0,143.0,54.0,322.0,-2.65e+16,6390000000000000.0,2.01e+16,-1.6299999999999998e+16,-1.29e+16,-2.52e+16,gcmt,2201_gcmtb,deep_subduction
C202004141602A,2020-04-14T16:02:14,-70.33,-33.83,115.3,5.0,mw,112.0,55.0,-136.0,353.0,55.0,-45.0,0.0,53.0,36.0,143.0,54.0,322.0,-2.65e+16,6390000000000000.0,2.01e+16,-1.6299999999999998e+16,-1.29e+16,-2.52e+16,gcmt,2201_gcmt,deep_subduction
618192960,2020-04-29T05:37:19,-67.243,-24.237,185.5,5.42,mw,201.0,22.0,-31.0,320.0,79.0,-109.0,42.8224659001935,65.83153910707074,20.112315017883297,315.99340236027297,40.38075172178503,207.8472751392972,-0.58,-0.31,0.89,1.01,-1.1,-0.25,gem,2205_gem,deep_subduction
C202004290537A,2020-04-29T05:37:22,-67.14,-24.3,185.5,5.4,mw,201.0,22.0,-31.0,320.0,79.0,-109.0,31.0,66.0,18.0,324.0,52.0,208.0,-5.83e+16,-3.07e+16,8.91e+16,1.01e+17,-1.1000000000000002e+17,-2.47e+16,gcmt,2205_gcmt,deep_subduction
618196611,2020-04-29T16:04:32,-66.76,-23.269,205.5,4.97,mw,123.0,36.0,-123.0,342.0,60.0,-68.0,43.36587816262359,56.27293300089968,32.05677664650405,182.53697578174004,29.787823238550263,293.5437867961576,-3.18,1.47,1.71,-0.5,-2.0,-1.18,gem,2206_gem,deep_subduction
618208105,2020-04-30T09:23:11,-68.076,-22.663,108.0,5.34,mw,127.0,46.0,-129.0,357.0,56.0,-57.0,41.68819467087608,63.555040477515206,45.94500348473844,220.55013631449825,11.708671568945388,322.9187119038152,-0.99,0.03,0.96,-0.34,-0.42,-0.67,gem,2207_gem,deep_subduction
C202004300923A,2020-04-30T09:23:17,-68.13,-22.66,145.3,5.3,mw,127.0,46.0,-129.0,357.0,56.0,-57.0,6.0,64.0,27.0,157.0,62.0,323.0,-9.94e+16,3100000000000000.0,9.62e+16,-3.4000000000000004e+16,-4.23e+16,-6.67e+16,gcmt,2207_gcmt,deep_subduction
618212866,2020-04-30T22:10:33,-67.119,-23.964,176.1,5.4,mw,203.0,21.0,-49.0,340.0,74.0,-104.0,43.94755794184249,81.31687085399676,15.80690356030106,335.4806943526676,41.79419022871804,230.82141636810496,-0.77,-0.19,0.96,0.53,-1.21,0.0,gem,2208_gem,deep_subduction
C202004302210A,2020-04-30T22:10:38,-67.06,-23.98,199.0,5.4,mw,203.0,21.0,-49.0,340.0,74.0,-104.0,28.0,81.0,13.0,344.0,58.0,231.0,-7.71e+16,-1.91e+16,9.63e+16,5.25e+16,-1.21e+17,200000000000000.0,gcmt,2208_gcmt,deep_subduction
618237974,2020-05-08T22:42:07,-68.843,-23.149,92.8,4.96,mw,153.0,40.0,-99.0,345.0,51.0,-82.0,44.85316246583734,69.37842809364145,25.66874514500787,187.9423411974727,34.13779516310366,296.9594449230691,-3.25,0.2,3.05,-0.06,-0.75,-1.3,gem,2209_gem,deep_subduction
C202005082242A,2020-05-08T22:42:08,-68.92,-23.11,106.7,5.0,mw,153.0,40.0,-99.0,345.0,51.0,-82.0,6.0,69.0,6.0,160.0,82.0,296.0,-3.25e+16,1980000000000000.0,3.05e+16,-590000000000000.0,-7490000000000000.0,-1.3e+16,gcmt,2209_gcmt,deep_subduction
618238358,2020-05-10T18:04:22,-68.062,-22.742,115.0,5.45,mw,119.0,18.0,-125.0,335.0,76.0,-80.0,44.39245966114112,56.79582072172616,11.66736447399781,158.45927602351503,43.26321875151653,259.66556032460926,-0.83,0.33,0.5,0.63,-1.48,-0.62,gem,2210_gem,deep_subduction
C202005101804A,2020-05-10T18:04:26,-68.11,-22.74,138.6,5.4,mw,119.0,18.0,-125.0,335.0,76.0,-80.0,30.0,57.0,10.0,153.0,58.0,259.0,-8.31e+16,3.25e+16,5.06e+16,6.27e+16,-1.48e+17,-6.25e+16,gcmt,2210_gcmt,deep_subduction
618317172,2020-05-22T14:59:31,-69.017,-22.959,93.4,4.97,mw,240.0,60.0,-16.0,339.0,76.0,-148.0,27.990492366961995,106.2413628045831,59.01025008750021,314.0,12.225233794645192,202.8541400809586,-1.25,-1.88,3.13,0.78,-1.28,1.88,gem,2212_gem,deep_subduction
202005231310A,2020-05-23T13:10:00,-69.81,-33.56,130.0,5.2,mw,251.0,57.0,-32.0,0.0,64.0,-143.0,4.0,124.0,,,44.0,218.0,,,,,,,gmt,2213_gmt,deep_subduction
618324436,2020-05-23T13:11:00,-69.878,-33.456,120.9,5.24,mw,0.0,64.0,-143.0,251.0,57.0,-32.0,34.77155315680324,304.48641349491413,54.619380518405485,136.62280240726466,5.7387573335873565,38.48735772170198,-3.68,0.18,3.5,4.81,-4.29,5.6,gem,2213_gem,deep_subduction
618324436,2020-05-23T13:11:00,-69.826,-33.474,110.0,5.3,mw,0.28,62.87,-113.77,224.29,35.47,-51.81,14.68,107.42,21.02,11.64,63.94,229.82,-7920000000.0,719999999.9999999,7200000000.0,2310000000.0,-5600000000.000001,3489999999.9999995,gfz,2213_gfz,deep_subduction
70009p3k,2020-05-23T13:11:01,-69.6161,-33.6114,120.5,5.2,mww,3.02,58.23,-148.03,254.83,63.25,-36.14,3.0,310.0,46.0,43.0,44.0,217.0,-3.3551e+16,4434000000000000.0,2.9117e+16,4.2343e+16,-2.8005e+16,5.367e+16,us,2213_us,deep_subduction
C202005231310A,2020-05-23T13:11:04,-69.81,-33.56,130.1,5.2,mw,251.0,57.0,-32.0,0.0,64.0,-143.0,4.0,125.0,45.0,30.0,44.0,218.0,-3.68e+16,1790000000000000.0,3.5e+16,4.81e+16,-4.29e+16,5.6e+16,gcmt,2213_gcmt,deep_subduction
C202005231310A,2020-05-23T13:11:04,-69.81,-33.56,130.1,5.2,mw,251.0,57.0,-32.0,0.0,64.0,-143.0,4.0,125.0,45.0,30.0,44.0,218.0,-3.68e+16,1790000000000000.0,3.5e+16,4.81e+16,-4.29e+16,5.6e+16,gcmt,2213_gcmtb,deep_subduction
618366238,2020-05-29T16:32:55,-69.202,-27.597,109.9,4.98,mw,185.0,59.0,150.0,292.0,64.0,35.0,4.692006411397648,150.30072249262383,55.82393759000809,247.24347507477827,33.76239604934573,57.155545889656594,1.79,0.43,-2.22,-1.39,-0.52,2.68,gem,2214_gem,deep_subduction
618366238,2020-05-29T16:32:56,-69.017,-27.61,128.0,5.0,mw,200.64,42.07,130.15,331.99,59.2,59.81,62.51,191.6,25.59,348.58,9.37,83.12,2807000000.0,1457000000.0,-4264000000.0,-1085000000.0,1085000000.0,540000000.0,gfz,2214_gfz,deep_subduction
618411941,2020-06-03T07:35:35,-68.289,-23.198,109.9,6.79,mw,155.0,30.0,-88.0,333.0,60.0,-91.0,44.99532398146931,63.535948878711565,1.9963545816853665,331.53870752948643,44.93514520365661,239.5456589499649,-1.55,0.12,1.43,0.43,-0.83,-0.82,gem,2215_gem,deep_subduction
C202006030735A,2020-06-03T07:35:40,-68.44,-23.22,108.6,6.8,mw,155.0,30.0,-88.0,333.0,60.0,-91.0,15.0,64.0,1.0,334.0,75.0,241.0,-1.55e+19,1.23e+18,1.43e+19,4.28e+18,-8.33e+18,-8.159999999999999e+18,gcmt,2215_gcmt,deep_subduction
618707819,2020-08-03T11:56:51,-69.179,-19.589,103.3,5.49,mw,179.0,29.0,-84.0,352.0,61.0,-93.0,44.96008977114667,84.58760706499311,5.412175161600259,349.158714454547,44.530172327731925,253.81092607253976,-1.71,-0.17,1.88,0.21,-1.11,-0.17,gem,2222_gem,deep_subduction
C202008031156A,2020-08-03T11:56:54,-69.26,-19.61,123.4,5.5,mw,179.0,29.0,-84.0,352.0,61.0,-93.0,16.0,84.0,3.0,354.0,74.0,253.0,-1.71e+17,-1.7299999999999998e+16,1.88e+17,2.06e+16,-1.1100000000000002e+17,-1.7199999999999998e+16,gcmt,2222_gcmt,deep_subduction
619100829,2020-09-19T09:26:49,-68.663,-20.982,125.7,4.97,mw,103.0,27.0,-125.0,321.0,68.0,-73.0,43.83138015874946,38.85003588944079,20.34779339573525,149.70673547533215,39.20127796511081,257.313333850585,-2.6,1.97,0.63,1.1,-2.31,-0.99,gem,2237_gem,deep_subduction
619544013,2020-11-15T12:33:15,-67.592,-24.101,150.7,5.31,mw,239.0,6.0,-6.0,335.0,89.0,-96.0,44.696986990126085,70.83962168603699,5.968426449585057,334.90191614906684,44.683523287925816,238.96701069819693,0.12,-0.3,0.17,0.45,-1.06,-0.11,gem,2246_gem,deep_subduction
C202011151233A,2020-11-15T12:33:20,-67.57,-24.1,168.5,5.3,mw,239.0,6.0,-6.0,335.0,89.0,-96.0,44.0,70.0,6.0,335.0,45.0,239.0,1.23e+16,-3.01e+16,1.78e+16,4.51e+16,-1.06e+17,-1.08e+16,gcmt,2246_gcmt,deep_subduction
619562451,2020-11-30T22:55:01,-67.062,-24.278,167.6,6.31,mw,198.0,34.0,-61.0,344.0,60.0,-108.0,43.83701197047434,87.31879683596935,27.601070308329827,327.1859538531902,33.56217817063915,216.89071838103607,-2.95,-0.44,3.4,0.97,-1.59,0.03,gem,2250_gem,deep_subduction
C202011302254A,2020-11-30T22:55:06,-67.18,-24.33,189.9,6.3,mw,198.0,34.0,-61.0,344.0,60.0,-108.0,14.0,87.0,16.0,353.0,69.0,216.0,-2.95e+18,-4.43e+17,3.4e+18,9.75e+17,-1.59e+18,2.6e+16,gcmt,2250_gcmt,deep_subduction
202012030237A,2020-12-03T02:37:00,-67.12,-31.92,138.0,5.2,mw,235.0,53.0,28.0,128.0,68.0,140.0,44.0,85.0,,,9.0,184.0,,,,,,,gmt,2252_gmt,deep_subduction
619571710,2020-12-03T02:37:27,-67.126,-31.882,131.8,5.23,mw,128.0,68.0,140.0,235.0,53.0,28.0,12.14628785294925,266.13901474253066,52.54119996849202,159.82468545389293,34.79452002367663,4.740202480826326,0.43,-0.92,0.48,0.2,-0.34,0.06,gem,2252_gem,deep_subduction
C202012030237A,2020-12-03T02:37:29,-67.12,-31.92,138.3,5.2,mw,235.0,53.0,28.0,128.0,68.0,140.0,44.0,86.0,45.0,284.0,9.0,185.0,4.34e+16,-9.2e+16,4.87e+16,1.98e+16,-3.4100000000000004e+16,6400000000000000.0,gcmt,2252_gcmtb,deep_subduction
C202012030237A,2020-12-03T02:37:29,-67.12,-31.92,138.3,5.2,mw,235.0,53.0,28.0,128.0,68.0,140.0,44.0,86.0,45.0,284.0,9.0,185.0,4.34e+16,-9.2e+16,4.87e+16,1.98e+16,-3.4100000000000004e+16,6400000000000000.0,gcmt,2252_gcmt,deep_subduction
619571710,2020-12-03T02:37:32,-67.085,-31.9466,130.5,5.2,mw,137.87,73.3,151.8,236.62,63.09,18.8,32.0,95.0,58.0,290.0,7.0,189.0,2242000000.0,-7759000000.0,5517000000.0,680000000.0,-3493000000.0,1743000000.0000002,neic,2252_neic,deep_subduction
619575646,2020-12-04T04:06:15,-66.54,-23.86,175.0,5.21,mw,11.0,51.0,-100.0,207.0,40.0,-78.0,44.734257725542506,288.08604061759144,30.17603668236239,162.9103669645715,30.13032979749282,53.18764980629089,-0.79,0.06,0.73,0.05,-0.18,0.26,gem,2253_gem,deep_subduction
C202012040406A,2020-12-04T04:06:21,-66.67,-23.91,228.9,5.1,mw,207.0,40.0,-78.0,11.0,51.0,-100.0,6.0,108.0,8.0,18.0,80.0,234.0,-7.9e+16,5800000000000000.0,7.32e+16,5100000000000000.0,-1.85e+16,2.64e+16,gcmt,2253_gcmt,deep_subduction
621560715,2020-12-06T16:47:42,-68.973,-20.333,101.4,6.11,mw,188.0,21.0,-69.0,346.0,70.0,-98.0,44.70916479532596,81.75545195289243,9.46622886866962,342.25516427058767,43.74062275875267,243.07360771163616,-1.03,-0.3,1.32,0.37,-1.36,-0.14,gem,2254_gem,deep_subduction
C202012061647A,2020-12-06T16:47:45,-69.07,-20.36,114.0,6.1,mw,188.0,21.0,-69.0,346.0,70.0,-98.0,25.0,82.0,7.0,349.0,64.0,244.0,-1.03e+18,-2.98e+17,1.32e+18,3.69e+17,-1.36e+18,-1.4000000000000002e+17,gcmt,2254_gcmt,deep_subduction
619610208,2020-12-14T15:20:49,-68.577,-21.771,107.6,6.05,mw,11.0,75.0,-119.0,255.0,32.0,-29.0,40.61194777056741,303.12760142376453,31.38063186629475,181.59380769729887,33.531237333614044,67.75355354361221,-0.65,0.28,0.37,-0.02,-1.15,0.76,gem,2256_gem,deep_subduction
C202012141520A,2020-12-14T15:20:53,-68.68,-21.83,119.9,6.0,mw,255.0,32.0,-29.0,11.0,75.0,-119.0,25.0,123.0,28.0,19.0,51.0,248.0,-6.53e+17,2.8100000000000003e+17,3.72e+17,-1.6e+16,-1.15e+18,7.55e+17,gcmt,2256_gcmt,deep_subduction
619626965,2020-12-27T13:55:20,-69.338,-19.042,114.7,5.22,mw,234.0,28.0,-25.0,346.0,79.0,-116.0,41.14769512670213,96.91452208869369,27.0187076893462,340.4531543743766,36.90936223281403,227.93341573978827,-2.87,-1.72,4.59,2.17,-6.63,2.4,gem,2257_gem,deep_subduction
C202012271355A,2020-12-27T13:55:23,-69.49,-19.15,131.7,5.1,mw,234.0,28.0,-25.0,346.0,79.0,-116.0,29.0,97.0,25.0,352.0,50.0,228.0,-2.87e+16,-1.72e+16,4.59e+16,2.17e+16,-6.63e+16,2.4e+16,gcmt,2257_gcmt,deep_subduction
202101240007A,2021-01-24T00:07:00,-70.01,-33.5,108.0,5.7,mw,197.0,5.0,-94.0,21.0,85.0,-90.0,40.0,111.0,,,50.0,291.0,,,,,,,gmt,2262_gmt,deep_subduction
619763737,2021-01-24T00:07:44,-70.0035,-33.3511,112.0,5.7,mw,90.04,26.31,158.12,199.83,80.49,65.35,48.64,83.33,24.29,204.17,31.14,309.99,13600000000.000002,-14059999999.999998,460000000.0,-9360000000.0,-37500000000.0,-17660000000.0,gfz,2262_gfz,deep_subduction
7000d2s4,2021-01-24T00:07:48,-70.0287,-33.3533,120.5,5.7,mww,99.42,20.8,175.13,193.97,88.27,69.27,43.0,84.0,21.0,195.0,40.0,303.0,3.591e+16,-1.0286e+17,6.695e+16,-9.825e+16,-4.6491e+17,-1.5822e+17,us,2262_us,deep_subduction
C202101240007A,2021-01-24T00:07:48,-70.01,-33.5,108.1,5.7,mw,197.0,5.0,-94.0,21.0,85.0,-90.0,40.0,110.0,0.0,201.0,50.0,291.0,-2.7800000000000004e+16,-8.65e+16,1.1399999999999998e+17,-1.79e+17,-4.76e+17,8.44e+16,gcmt,2262_gcmt,deep_subduction
202103081248A,2021-03-08T12:48:00,-69.78,-32.18,106.0,5.2,mw,197.0,45.0,-105.0,37.0,47.0,-76.0,1.0,118.0,,,79.0,22.0,,,,,,,gmt,2265_gmt,deep_subduction
619922952,2021-03-08T12:48:06,-69.8249,-32.2244,95.0,5.2,mw,19.24,65.79,-90.79,201.16,24.22,-88.25,20.79,109.84,0.72,19.57,69.2,287.68,-5181000000.0,451000000.0,4730000000.000001,-1513000000.0,-4442000000.0,1817000000.0,gfz,2265_gfz,deep_subduction
7000dh39,2021-03-08T12:48:07,-69.7852,-32.204,130.5,5.2,mww,206.61,41.73,-82.41,16.49,48.72,-96.72,4.0,111.0,5.0,21.0,84.0,236.0,-8.3507e+16,1798000000000000.0,8.1709e+16,1911000000000000.0,-1.2609e+16,3.7122e+16,us,2265_us,deep_subduction
C202103081248A,2021-03-08T12:48:09,-69.78,-32.18,105.9,5.3,mw,197.0,45.0,-105.0,37.0,47.0,-76.0,1.0,117.0,10.0,207.0,80.0,19.0,-8.25e+16,8900000000000000.0,7.36e+16,-1.33e+16,2000000000000000.0,4.41e+16,gcmt,2265_gcmt,deep_subduction
202104290217A,2021-04-29T02:17:00,-71.05,-37.29,155.0,5.7,mw,115.0,28.0,-159.0,6.0,80.0,-64.0,30.0,75.0,,,48.0,304.0,,,,,,,gmt,2271_gmt,deep_subduction
620345058,2021-04-29T02:17:16,-70.7936,-37.2407,143.0,5.6,mw,7.34,76.51,-63.83,122.74,29.23,-151.45,26.88,76.87,25.4,180.8,51.45,307.37,-13680000000.000002,-3499999999.9999995,17180000000.0,-6820000000.000001,-26240000000.0,-12220000000.0,gfz,2271_gfz,deep_subduction
C202104290217A,2021-04-29T02:17:20,-71.05,-37.29,155.4,5.6,mw,115.0,28.0,-159.0,6.0,80.0,-64.0,31.0,75.0,26.0,181.0,48.0,304.0,-1.31e+17,-4.74e+16,1.79e+17,-6.7e+16,-3.8e+17,-1.77e+17,gcmt,2271_gcmt,deep_subduction
7000dydz,2021-04-29T02:17:24,-70.9266,-37.1883,120.5,5.6,mww,113.52,30.8,-158.54,4.87,79.2,-60.98,28.0,72.0,28.0,179.0,48.0,306.0,-1.1039e+17,-2.186e+16,1.3225e+17,-5.863e+16,-2.7254e+17,-1.5006e+17,us,2271_us,deep_subduction
621003195,2021-08-25T00:28:31,-69.186,-27.507,98.0,5.0,mw,161.46,56.73,-77.03,318.69,35.44,-108.88,10.84,242.16,10.81,334.26,74.59,108.13,-4511000000.0,1325000000.0,3186000000.0,98000000.0,2009000000.0,-1712000000.0,gfz,2280_gfz,deep_subduction
C202108250028A,2021-08-25T00:28:36,-69.4,-27.48,105.6,5.1,mw,320.0,40.0,-99.0,152.0,51.0,-83.0,6.0,237.0,6.0,327.0,82.0,103.0,-4.8e+16,1.3799999999999998e+16,3.42e+16,-1440000000000000.0,1.08e+16,-2.45e+16,gcmt,2280_gcmt,deep_subduction
202111030317A,2021-11-03T03:17:00,-69.91,-32.88,117.0,5.7,mw,209.0,22.0,-36.0,333.0,77.0,-108.0,30.0,78.0,,,54.0,221.0,,,,,,,gmt,2292_gmt,deep_subduction
621883467,2021-11-03T03:17:47,-69.895,-32.75,111.0,5.7,mw,200.5,14.09,-44.21,333.83,80.23,-100.2,34.46,72.57,10.05,335.58,53.69,231.63,-9910000000.0,-7140000000.0,17050000000.0,15360000000.0,-32190000000.0,-4240000000.0,gfz,2292_gfz,deep_subduction
C202111030317A,2021-11-03T03:17:51,-69.91,-32.88,117.3,5.7,mw,209.0,22.0,-36.0,333.0,77.0,-108.0,30.0,78.0,18.0,337.0,54.0,221.0,-1.72e+17,-9.06e+16,2.62e+17,1.88e+17,-3.33e+17,-5800000000000000.0,gcmt,2292_gcmt,deep_subduction
622117693,2022-03-06T09:35:08,-68.744,-28.576,103.0,5.5,mw,142.02,50.16,-92.49,325.91,39.91,-87.02,5.13,233.79,1.91,143.62,84.52,33.23,-21620000000.0,7340000000.0,14280000000.0,-2920000000.0,2770000000.0000005,-10740000000.0,gfz,2297_gfz,deep_subduction
6000h2il,2022-03-06T09:35:08,-68.7104,-28.5838,100.5,5.5,mww,319.52,40.28,-90.02,139.54,49.72,-89.99,5.0,230.0,0.0,320.0,85.0,50.0,-2.1624e+17,8.815e+16,1.2809e+17,-2.433e+16,2.856e+16,-1.2538e+17,us,2297_us,deep_subduction
C202203060935A,2022-03-06T09:35:11,-68.77,-28.59,115.9,5.5,mw,338.0,39.0,-74.0,138.0,53.0,-103.0,7.0,237.0,10.0,146.0,78.0,1.0,-2.21e+17,4.56e+16,1.76e+17,-6.08e+16,3.16e+16,-1.3899999999999998e+17,gcmt,2297_gcmt,deep_subduction
202204011128A,2022-04-01T11:28:00,-67.97,-31.39,117.0,5.2,mw,29.0,46.0,-70.0,181.0,47.0,-109.0,1.0,285.0,,,76.0,18.0,,,,,,,gmt,2299_gmt,deep_subduction
622265758,2022-04-01T11:28:03,-67.924,-31.397,100.0,5.1,mw,21.93,44.65,-84.2,193.8,45.64,-95.71,0.49,287.83,4.08,197.8,85.89,24.71,-6027000000.0,426000000.0,5601000000.0,-367000000.0,228000000.0,1861000000.0,gfz,2299_gfz,deep_subduction
C202204011128A,2022-04-01T11:28:07,-67.97,-31.39,117.2,5.1,mw,29.0,46.0,-70.0,181.0,47.0,-109.0,1.0,285.0,14.0,195.0,76.0,17.0,-7.37e+16,-1.23e+16,8.61e+16,-1.34e+16,5200000000000000.0,2.83e+16,gcmt,2299_gcmt,deep_subduction
202204030516A,2022-04-03T05:16:00,-67.07,-31.54,136.0,5.1,mw,214.0,38.0,-53.0,351.0,61.0,-115.0,12.0,98.0,,,65.0,215.0,,,,,,,gmt,2300_gmt,deep_subduction
622267725,2022-04-03T05:16:36,-67.068,-31.489,116.0,5.0,mw,205.0,32.33,-51.59,341.83,65.23,-111.46,17.53,87.57,19.4,351.18,63.36,216.59,-3013000000.0,-526000000.0,3539000000.0,1428000000.0,-2231000000.0,249000000.0,gfz,2300_gfz,deep_subduction
C202204030516A,2022-04-03T05:16:39,-67.07,-31.54,136.3,5.1,mw,214.0,38.0,-53.0,351.0,61.0,-115.0,12.0,99.0,21.0,4.0,65.0,217.0,-4.16e+16,-7430000000000000.0,4.9e+16,1.36e+16,-2.38e+16,1.29e+16,gcmt,2300_gcmt,deep_subduction
C202204241445A,2022-04-24T14:45:09,-71.16,-35.24,99.5,5.0,mw,102.0,47.0,-140.0,342.0,62.0,-51.0,9.0,45.0,34.0,141.0,55.0,303.0,-2.04e+16,1.29e+16,7540000000000000.0,-7760000000000000.0,-1.82e+16,-1.69e+16,gcmt,2302_gcmt,deep_subduction
202206181824A,2022-06-18T18:24:00,-69.41,-33.52,148.0,5.1,mw,305.0,40.0,-41.0,69.0,65.0,-122.0,14.0,182.0,,,57.0,294.0,,,,,,,gmt,2309_gmt,deep_subduction
624491753,2022-06-18T18:24:11,-69.424,-33.463,131.0,5.0,mw,79.25,58.58,-114.41,300.3,39.01,-55.92,10.42,186.54,20.65,92.56,66.65,301.75,-3333000000.0,3882000000.0,-549000000.0,-1534000000.0,-1129999999.9999998,-760000000.0,gfz,2309_gfz,deep_subduction
C202206181824A,2022-06-18T18:24:15,-69.41,-33.52,148.2,5.1,mw,305.0,40.0,-41.0,69.0,65.0,-122.0,14.0,182.0,29.0,84.0,57.0,294.0,-3.81e+16,5.71e+16,-1.9e+16,-2.59e+16,-2.02e+16,-7650000000000000.0,gcmt,2309_gcmt,deep_subduction
202208180210A,2022-08-18T02:10:00,-70.5,-34.42,115.0,5.3,mw,187.0,21.0,-107.0,25.0,70.0,-84.0,25.0,110.0,,,64.0,306.0,,,,,,,gmt,2315_gmt,deep_subduction
625085455,2022-08-18T02:10:23,-70.414,-34.334,103.0,5.3,mw,21.88,66.38,-87.18,194.88,23.78,-96.41,21.33,109.74,2.58,200.75,68.5,297.32,-8460000000.0,600000000.0,7860000000.0,-3160000000.0,-7300000000.0,2730000000.0000005,gfz,2315_gfz,deep_subduction
C202208180210A,2022-08-18T02:10:25,-70.5,-34.42,114.7,5.3,mw,187.0,21.0,-107.0,25.0,70.0,-84.0,25.0,110.0,6.0,203.0,64.0,305.0,-7.47e+16,-8000000000000000.0,8.27e+16,-4.4e+16,-8.87e+16,3.14e+16,gcmt,2315_gcmt,deep_subduction
6000ibrs,2022-08-18T02:10:26,-70.5979,-34.3598,90.5,5.3,mww,175.1,22.66,-117.44,24.47,70.01,-79.11,24.0,106.0,10.0,201.0,63.0,312.0,-7.255e+16,4620000000000000.0,6.794e+16,-4.239e+16,-7.027e+16,8510000000000000.0,us,2315_us,deep_subduction
202211080851A,2022-11-08T08:51:00,-70.63,-33.62,106.0,5.0,mw,148.0,43.0,164.0,250.0,79.0,48.0,41.0,121.0,,,23.0,11.0,,,,,,,gmt,2323_gmt,deep_subduction
625129933,2022-11-08T08:51:16,-70.652,-33.633,105.0,5.0,mw,60.54,73.63,-40.78,164.2,51.2,-158.8,14.11,117.03,46.6,222.44,39.97,14.86,-959000000.0,-1353000000.0,2312000000.0,-2575000000.0,188000000.0,1508000000.0,gfz,2323_gfz,deep_subduction
7000in91,2022-11-08T08:51:18,-70.7713,-33.6866,90.5,5.0,mww,155.83,40.37,-175.37,62.3,87.0,-49.73,30.0,120.0,40.0,240.0,35.0,6.0,-3707000000000000.0,-1.8064e+16,2.1771e+16,-2.6621e+16,-1.5507e+16,1.7672e+16,us,2323_us,deep_subduction
C202211080851A,2022-11-08T08:51:20,-70.63,-33.62,105.7,5.0,mw,148.0,43.0,164.0,250.0,79.0,48.0,40.0,121.0,41.0,259.0,23.0,11.0,1.19e+16,-2.94e+16,1.75e+16,-2.7e+16,-1.69e+16,1.89e+16,gcmt,2323_gcmt,deep_subduction
642005252,2022-11-20T22:17:39,-66.638,-27.89,173.0,5.0,mw,168.92,42.26,-64.52,316.14,52.62,-111.35,5.4,61.13,16.82,329.49,72.29,168.33,-2700000000.0,49000000.0,2651000000.0,807000000.0000001,-251000000.0,-1958000000.0,gfz,2326_gfz,deep_subduction
202211230853A,2022-11-23T08:53:00,-71.14,-35.5,85.0,5.0,mw,259.0,50.0,0.0,169.0,90.0,140.0,27.0,116.0,,,27.0,222.0,,,,,,,gmt,2327_gmt,deep_subduction
7000irs5,2022-11-23T08:53:12,-71.3578,-35.3861,87.0,4.9,mwr,176.12,77.44,138.02,277.19,49.24,16.69,38.0,128.0,47.0,343.0,18.0,233.0,8014000000000000.0,-2636000000000000.0,-5377000000000000.0,-2824000000000000.0,-1.678e+16,2.0454e+16,us,2327_us,deep_subduction
625833058,2023-03-13T22:50:44,-67.388,-28.11,140.0,5.2,mw,8.44,68.14,-73.31,149.59,27.25,-125.6,21.43,85.83,15.46,182.07,63.11,305.12,-4108000000.0,-1359000000.0,5467000000.0,-1014000000.0,-4580000000.0,-1033000000.0,gfz,2337_gfz,deep_subduction
C202303132250A,2023-03-13T22:50:47,-67.46,-28.1,149.0,5.2,mw,154.0,28.0,-127.0,14.0,68.0,-72.0,21.0,91.0,16.0,187.0,63.0,312.0,-5.04e+16,-2.88e+16,7.92e+16,-1.54e+16,-5.83e+16,-3700000000000000.0,gcmt,2337_gcmt,deep_subduction
202304270607A,2023-04-27T06:07:00,-71.32,-35.66,99.0,5.0,mw,174.0,20.0,-116.0,21.0,72.0,-81.0,27.0,104.0,,,62.0,305.0,,,,,,,gmt,2342_gmt,deep_subduction
C202304270607A,2023-04-27T06:07:17,-71.32,-35.66,98.9,5.0,mw,174.0,20.0,-116.0,21.0,72.0,-81.0,27.0,104.0,8.0,198.0,62.0,304.0,-1.85e+16,-5930000000000000.0,2.45e+16,-1.1200000000000002e+16,-2.82e+16,5639999999999999.0,gcmt,2342_gcmt,deep_subduction
202307091711A,2023-07-09T17:11:00,-70.13,-33.22,108.0,5.6,mw,157.0,37.0,-95.0,343.0,53.0,-86.0,8.0,71.0,,,81.0,271.0,,,,,,,gmt,2343_gmt,deep_subduction
C202307091711A,2023-07-09T17:11:36,-70.13,-33.22,108.2,5.7,mw,157.0,37.0,-95.0,343.0,53.0,-86.0,8.0,71.0,3.0,161.0,81.0,272.0,-2.98e+17,-2600000000000000.0,3e+17,1.6800000000000002e+16,-9.12e+16,-1.25e+17,gcmt,2343_gcmt,deep_subduction
6000kr5g,2023-07-09T17:11:39,-70.4464,-33.2122,80.5,5.7,mww,162.16,38.21,-85.57,336.53,51.93,-93.48,7.0,69.0,3.0,339.0,83.0,227.0,-3.21e+17,-2.086e+16,3.4186e+17,4.288e+16,-7.834e+16,-1.6126e+17,us,2343_us,deep_subduction
635758658,2023-07-17T03:05:11,-70.407,-38.1,186.0,6.6,mw,26.73,74.6,-112.58,264.18,27.1,-35.65,26.22,134.35,21.72,33.03,54.81,268.63,-520000000000.0,422000000000.0,99000000000.0,-333000000000.0,-843000000000.0,508000000000.0,gfz,2344_gfz,deep_subduction
7000kg9g,2023-07-17T03:05:17,-70.5062,-38.0107,190.5,6.6,mww,261.91,24.55,-39.58,28.85,74.65,-109.39,27.0,134.0,19.0,34.0,56.0,274.0,-5.117e+18,3.855e+18,1.262e+18,-4.217e+18,-8.414e+18,5.284e+18,us,2344_us,deep_subduction
C202307170305A,2023-07-17T03:05:17,-70.44,-38.18,193.4,6.6,mw,260.0,21.0,-38.0,26.0,77.0,-107.0,30.0,130.0,16.0,30.0,55.0,276.0,-4.9e+18,3.49e+18,1.4099999999999995e+18,-4.4e+18,-1e+19,4.58e+18,gcmt,2344_gcmt,deep_subduction
7000l6nl,2023-10-26T21:49:38,-69.9538,-28.8854,100.5,5.4,mww,259.75,23.63,115.77,51.96,68.84,79.23,65.0,304.0,10.0,56.0,23.0,150.0,1.0558e+17,-9.998e+16,-5600000000000000.0,9.336e+16,8.217e+16,-5.926e+16,us,2352_us,deep_subduction
C202310262149A,2023-10-26T21:49:40,-70.26,-28.76,106.3,5.4,mw,306.0,22.0,173.0,43.0,87.0,68.0,43.0,291.0,22.0,44.0,38.0,153.0,1.4299999999999998e+16,-7.71e+16,6.29e+16,1.17e+17,1.27e+17,-1.6900000000000002e+16,gcmt,2352_gcmt,deep_subduction
6000m1cg,2024-01-03T08:04:08,-68.9432,-28.5553,90.5,5.5,mww,311.58,39.66,-108.61,155.2,52.78,-75.18,7.0,235.0,12.0,326.0,76.0,116.0,-1.9738e+17,6.007e+16,1.3731e+17,1570000000000000.0,6.308e+16,-1.2284e+17,us,2360_us,deep_subduction
C202401030804A,2024-01-03T08:04:09,-68.78,-28.52,121.2,5.5,mw,310.0,35.0,-104.0,146.0,56.0,-81.0,11.0,229.0,8.0,321.0,77.0,87.0,-1.93e+17,7.93e+16,1.1299999999999998e+17,-3.6e+16,7.8e+16,-1.3700000000000002e+17,gcmt,2360_gcmt,deep_subduction
6000nq0y,2024-09-06T10:13:00,-69.4882,-28.6948,120.5,5.7,mww,349.59,40.47,88.67,171.34,49.54,91.13,85.0,91.0,1.0,351.0,5.0,261.0,4.1432e+17,-5.131e+16,-3.6301e+17,3480000000000000.0,-6.303e+16,5.404e+16,us,2376_us,deep_subduction
C202409061012A,2024-09-06T10:13:01,-69.41,-28.71,128.2,5.7,mw,10.0,42.0,96.0,182.0,49.0,85.0,85.0,49.0,4.0,185.0,4.0,276.0,4.57e+17,-5.8e+16,-3.99e+17,2.7900000000000004e+16,-5.639999999999999e+16,-3.6e+16,gcmt,2376_gcmt,deep_subduction
C202409212124A,2024-09-21T21:24:33,-66.85,-32.0,153.2,6.0,mw,115.0,54.0,-134.0,354.0,54.0,-46.0,0.0,55.0,34.0,145.0,56.0,325.0,-7.92e+17,1.19e+17,6.73e+17,-3.58e+17,-2.58e+17,-7.94e+17,gcmt,2377_gcmt,deep_subduction
C202409240058A,2024-09-24T00:58:53,-65.67,-31.56,174.4,5.0,mw,185.0,67.0,-6.0,278.0,85.0,-157.0,12.0,49.0,66.0,290.0,20.0,144.0,-1.14e+16,-4730000000000000.0,1.6200000000000002e+16,2.01e+16,-3250000000000000.0,-4.99e+16,gcmt,2380_gcmt,deep_subduction
202410202259A,2024-10-20T22:59:00,-68.73,-30.9,117.0,5.7,mw,178.0,45.0,-106.0,20.0,48.0,-75.0,1.0,99.0,,,79.0,4.0,,,,,,,gmt,2381_gmt,deep_subduction
C202410202259A,2024-10-20T22:59:43,-68.73,-30.9,117.5,5.7,mw,178.0,45.0,-106.0,20.0,48.0,-75.0,1.0,99.0,11.0,189.0,79.0,2.0,-4.62e+17,4500000000000000.0,4.58e+17,-9.68e+16,-8200000000000000.0,7.22e+16,gcmt,2381_gcmt,deep_subduction
6000nzxj,2024-10-20T22:59:45,-68.7596,-30.867,90.5,5.7,mww,8.83,47.37,-87.08,184.52,42.71,-93.16,2.0,97.0,2.0,187.0,87.0,319.0,-4.9615e+17,3.319e+16,4.6296e+17,-2.42e+16,-3.675e+16,5.087e+16,us,2381_us,deep_subduction
202411030404A,2024-11-03T04:04:00,-69.4,-35.76,197.0,5.5,mw,187.0,26.0,-124.0,44.0,69.0,-75.0,22.0,122.0,,,63.0,338.0,,,,,,,gmt,2383_gmt,deep_subduction
C202411030404A,2024-11-03T04:04:07,-69.4,-35.76,196.8,5.4,mw,187.0,26.0,-124.0,44.0,69.0,-75.0,23.0,123.0,14.0,219.0,63.0,338.0,-1.55e+17,1.61e+16,1.3799999999999998e+17,-1.3600000000000002e+17,-1.08e+17,7.88e+16,gcmt,2383_gcmt,deep_subduction
7000npn0,2024-11-03T04:04:08,-69.5173,-35.7026,190.5,5.4,mww,41.58,68.95,-80.77,197.23,22.9,-112.63,23.0,124.0,9.0,218.0,65.0,327.0,-1.2867e+17,3.487e+16,9.379e+16,-9.826e+16,-8.751e+16,3.861e+16,us,2383_us,deep_subduction
202412132338A,2024-12-13T23:38:00,-70.79,-35.36,115.0,6.4,mw,235.0,20.0,-53.0,16.0,74.0,-103.0,28.0,116.0,,,59.0,269.0,,,,,,,gmt,2387_gmt,deep_subduction
7000nyqr,2024-12-13T23:38:22,-70.7316,-35.3393,120.5,6.4,mww,16.2,76.16,-98.36,227.76,16.13,-59.45,31.0,113.0,8.0,18.0,58.0,275.0,-2.0874e+18,5.091e+17,1.5783e+18,-9.561e+17,-3.8613e+18,1.0976e+18,us,2387_us,deep_subduction
C202412132338A,2024-12-13T23:38:22,-70.79,-35.36,115.0,6.4,mw,235.0,20.0,-53.0,16.0,74.0,-103.0,28.0,116.0,12.0,19.0,59.0,268.0,-2.1800000000000005e+18,2.7800000000000003e+17,1.9e+18,-9.08e+17,-3.68e+18,1.69e+18,gcmt,2387_gcmt,deep_subduction
C202412242242A,2024-12-24T22:42:31,-67.32,-28.24,152.7,5.9,mw,154.0,40.0,-129.0,21.0,60.0,-62.0,11.0,91.0,24.0,186.0,63.0,339.0,-7.16e+17,-3.59e+17,1.07e+18,-2.47e+17,-3.43e+17,-1.1e+16,gcmt,2388_gcmt,deep_subduction
6000pfi3,2024-12-24T22:42:34,-67.4617,-28.2519,150.5,5.9,mww,152.05,37.61,-126.88,15.5,60.78,-65.18,12.0,88.0,21.0,183.0,65.0,330.0,-6.2934e+17,-2.7133e+17,9.0067e+17,-1.8988e+17,-3.6263e+17,-8.993e+16,us,2388_us,deep_subduction
010278A,,-71.61,-37.96,144.0,5.5,mw,93.0,53.0,-9.0,189.0,83.0,-142.0,20.0,315.0,,,31.0,58.0,,,,,,,gmt,11_gmt,deep_subduction
010703A,,-70.22,-33.6,113.0,5.7,mw,199.0,28.0,-70.0,356.0,64.0,-100.0,18.0,94.0,,,69.0,245.0,,,,,,,gmt,206_gmt,deep_subduction
010886A,,-71.38,-35.83,96.0,5.1,mw,303.0,16.0,0.0,33.0,90.0,-106.0,43.0,138.0,,,43.0,288.0,,,,,,,gmt,86_gmt,deep_subduction
011498D,,-68.16,-31.82,134.0,5.2,mw,176.0,31.0,-123.0,34.0,65.0,-72.0,17.0,110.0,,,66.0,335.0,,,,,,,gmt,168_gmt,deep_subduction
020599D,,-70.56,-34.78,99.0,5.2,mw,126.0,47.0,146.0,241.0,66.0,48.0,50.0,103.0,,,11.0,359.0,,,,,,,gmt,178_gmt,deep_subduction
020986A,,-71.11,-36.24,125.0,5.2,mw,14.0,14.0,92.0,192.0,76.0,89.0,59.0,101.0,,,31.0,282.0,,,,,,,gmt,87_gmt,deep_subduction
021097B,,-68.31,-32.98,152.0,5.3,mw,317.0,15.0,-31.0,77.0,82.0,-103.0,36.0,178.0,,,51.0,333.0,,,,,,,gmt,152_gmt,deep_subduction
022102D,,-67.3,-31.77,134.0,5.4,mw,131.0,33.0,-149.0,15.0,74.0,-61.0,23.0,82.0,,,52.0,318.0,,,,,,,gmt,195_gmt,deep_subduction
032079B,,-71.42,-35.79,123.0,5.4,mw,141.0,24.0,-158.0,32.0,81.0,-68.0,33.0,102.0,,,49.0,325.0,,,,,,,gmt,15_gmt,deep_subduction
032597A,,-70.62,-33.45,90.0,5.5,mw,158.0,59.0,-161.0,58.0,74.0,-33.0,10.0,111.0,,,34.0,14.0,,,,,,,gmt,154_gmt,deep_subduction
040189A,,-70.19,-32.86,119.0,5.3,mw,158.0,18.0,-122.0,10.0,75.0,-80.0,29.0,93.0,,,59.0,295.0,,,,,,,gmt,105_gmt,deep_subduction
040681A,,-70.81,-35.36,113.0,5.2,mw,95.0,33.0,163.0,200.0,81.0,58.0,45.0,78.0,,,29.0,315.0,,,,,,,gmt,32_gmt,deep_subduction
042097B,,-70.39,-33.85,116.0,5.6,mw,181.0,13.0,-93.0,4.0,77.0,-89.0,32.0,94.0,,,58.0,275.0,,,,,,,gmt,155_gmt,deep_subduction
042599B,,-69.34,-31.91,120.0,5.3,mw,36.0,42.0,-62.0,181.0,54.0,-113.0,6.0,286.0,,,71.0,34.0,,,,,,,gmt,181_gmt,deep_subduction
043004A,,-70.5,-33.59,102.0,5.0,mw,157.0,35.0,-133.0,26.0,65.0,-64.0,16.0,97.0,,,61.0,335.0,,,,,,,gmt,221_gmt,deep_subduction
050984A,,-70.19,-34.34,108.0,5.3,mw,205.0,31.0,-95.0,31.0,60.0,-87.0,14.0,119.0,,,76.0,309.0,,,,,,,gmt,46_gmt,deep_subduction
051490C,,-71.34,-35.89,92.0,6.1,mw,273.0,40.0,19.0,168.0,78.0,128.0,44.0,116.0,,,23.0,230.0,,,,,,,gmt,111_gmt,deep_subduction
051803C,,-69.18,-31.46,122.0,5.4,mw,43.0,41.0,-82.0,213.0,49.0,-97.0,4.0,307.0,,,83.0,76.0,,,,,,,gmt,209_gmt,deep_subduction
052299A,,-70.57,-36.56,164.0,5.3,mw,204.0,12.0,-65.0,359.0,80.0,-95.0,34.0,93.0,,,56.0,262.0,,,,,,,gmt,183_gmt,deep_subduction
052703D,,-68.7,-31.32,128.0,5.5,mw,223.0,37.0,-75.0,25.0,54.0,-101.0,9.0,122.0,,,77.0,256.0,,,,,,,gmt,210_gmt,deep_subduction
060798B,,-67.77,-31.48,125.0,5.9,mw,148.0,54.0,-145.0,36.0,62.0,-42.0,5.0,94.0,,,48.0,358.0,,,,,,,gmt,170_gmt,deep_subduction
060893F,,-69.13,-31.62,124.0,6.3,mw,40.0,41.0,-95.0,226.0,49.0,-86.0,4.0,314.0,,,85.0,172.0,,,,,,,gmt,127_gmt,deep_subduction
061600B,,-69.92,-33.95,109.0,6.4,mw,219.0,33.0,-67.0,11.0,60.0,-105.0,14.0,112.0,,,71.0,249.0,,,,,,,gmt,188_gmt,deep_subduction
061997F,,-70.19,-33.15,116.0,5.3,mw,150.0,24.0,-137.0,20.0,74.0,-72.0,27.0,95.0,,,57.0,314.0,,,,,,,gmt,156_gmt,deep_subduction
071380A,,-70.49,-33.47,113.0,5.7,mw,102.0,14.0,178.0,195.0,89.0,76.0,44.0,90.0,,,43.0,297.0,,,,,,,gmt,26_gmt,deep_subduction
080299A,,-70.1,-33.08,108.0,5.5,mw,141.0,19.0,-151.0,23.0,81.0,-73.0,34.0,99.0,,,51.0,312.0,,,,,,,gmt,184_gmt,deep_subduction
080380A,,-69.82,-35.46,164.0,5.3,mw,2.0,20.0,93.0,179.0,70.0,89.0,65.0,87.0,,,25.0,270.0,,,,,,,gmt,27_gmt,deep_subduction
080499C,,-67.98,-31.87,126.0,5.3,mw,155.0,45.0,-139.0,33.0,62.0,-53.0,10.0,98.0,,,56.0,353.0,,,,,,,gmt,185_gmt,deep_subduction
082498B,,-69.32,-32.84,115.0,5.1,mw,102.0,29.0,-106.0,300.0,62.0,-81.0,17.0,24.0,,,71.0,230.0,,,,,,,gmt,172_gmt,deep_subduction
090490F,,-68.66,-30.92,118.0,5.7,mw,215.0,44.0,-92.0,37.0,46.0,-88.0,1.0,126.0,,,88.0,0.0,,,,,,,gmt,113_gmt,deep_subduction
091591E,,-69.96,-31.58,123.0,5.8,mw,262.0,87.0,0.0,172.0,90.0,177.0,2.0,127.0,,,2.0,217.0,,,,,,,gmt,116_gmt,deep_subduction
092402B,,-69.12,-31.48,120.0,6.2,mw,27.0,39.0,-94.0,212.0,51.0,-87.0,6.0,300.0,,,83.0,143.0,,,,,,,gmt,202_gmt,deep_subduction
092803G,,-71.11,-35.54,105.0,5.1,mw,245.0,17.0,-66.0,39.0,74.0,-97.0,29.0,136.0,,,60.0,300.0,,,,,,,gmt,214_gmt,deep_subduction
093002B,,-71.07,-35.17,114.0,5.2,mw,222.0,23.0,-73.0,23.0,68.0,-97.0,23.0,119.0,,,66.0,281.0,,,,,,,gmt,203_gmt,deep_subduction
102094A,,-70.8,-39.19,170.0,5.9,mw,234.0,15.0,161.0,343.0,85.0,76.0,48.0,237.0,,,39.0,85.0,,,,,,,gmt,139_gmt,deep_subduction
102183A,,-68.61,-30.69,132.0,5.4,mw,323.0,30.0,-143.0,200.0,73.0,-65.0,24.0,271.0,,,56.0,141.0,,,,,,,gmt,40_gmt,deep_subduction
102485A,,-68.73,-31.55,124.0,5.5,mw,63.0,44.0,-105.0,263.0,48.0,-76.0,2.0,344.0,,,79.0,243.0,,,,,,,gmt,84_gmt,deep_subduction
102998B,,-70.46,-32.56,110.0,5.3,mw,165.0,47.0,164.0,266.0,78.0,44.0,39.0,136.0,,,20.0,29.0,,,,,,,gmt,263_gmt,deep_subduction
103093E,,-68.16,-31.77,126.0,5.8,mw,180.0,41.0,-125.0,43.0,58.0,-64.0,9.0,114.0,,,66.0,4.0,,,,,,,gmt,130_gmt,deep_subduction
110884E,,-68.5,-31.54,144.0,5.3,mw,178.0,45.0,-115.0,32.0,50.0,-67.0,3.0,105.0,,,72.0,7.0,,,,,,,gmt,49_gmt,deep_subduction
112798D,,-69.21,-32.04,129.0,5.4,mw,191.0,45.0,-107.0,35.0,47.0,-74.0,1.0,113.0,,,78.0,17.0,,,,,,,gmt,175_gmt,deep_subduction
112984B,,-71.28,-35.42,102.0,5.3,mw,151.0,19.0,-154.0,37.0,82.0,-73.0,35.0,112.0,,,50.0,325.0,,,,,,,gmt,50_gmt,deep_subduction
120191C,,-69.55,-32.03,114.0,5.4,mw,197.0,46.0,-121.0,58.0,52.0,-62.0,3.0,128.0,,,68.0,31.0,,,,,,,gmt,117_gmt,deep_subduction
121198B,,-68.94,-31.52,128.0,5.4,mw,32.0,41.0,-97.0,221.0,49.0,-84.0,4.0,307.0,,,84.0,175.0,,,,,,,gmt,176_gmt,deep_subduction
121202A,,-67.28,-31.86,132.0,5.3,mw,245.0,33.0,8.0,148.0,86.0,123.0,40.0,88.0,,,33.0,211.0,,,,,,,gmt,204_gmt,deep_subduction
121498D,,-71.25,-38.28,146.0,5.9,mw,250.0,8.0,-6.0,346.0,89.0,-98.0,44.0,84.0,,,45.0,248.0,,,,,,,gmt,286_gmt,deep_subduction
121581A,,-71.16,-36.13,105.0,5.0,mw,157.0,10.0,-61.0,308.0,81.0,-95.0,36.0,42.0,,,53.0,212.0,,,,,,,gmt,33_gmt,deep_subduction
121583A,,-70.56,-33.09,104.0,6.0,mw,202.0,21.0,-78.0,9.0,69.0,-95.0,24.0,103.0,,,65.0,271.0,,,,,,,gmt,44_gmt,deep_subduction
122190F,,-69.7,-32.71,130.0,5.4,mw,289.0,47.0,-7.0,24.0,85.0,-137.0,25.0,148.0,,,33.0,256.0,,,,,,,gmt,114_gmt,deep_subduction
122580B,,-67.19,-31.0,138.0,5.1,mw,173.0,40.0,-106.0,14.0,52.0,-77.0,6.0,94.0,,,78.0,334.0,,,,,,,gmt,29_gmt,deep_subduction
122602C,,-68.55,-31.46,122.0,5.2,mw,347.0,37.0,-81.0,156.0,54.0,-97.0,8.0,251.0,,,80.0,37.0,,,,,,,gmt,205_gmt,deep_subduction
122679A,,-71.5,-35.9,111.0,5.6,mw,199.0,6.0,-66.0,355.0,85.0,-92.0,39.0,87.0,,,50.0,262.0,,,,,,,gmt,20_gmt,deep_subduction
122992C,,-67.15,-31.55,144.0,5.4,mw,139.0,26.0,-112.0,343.0,66.0,-80.0,20.0,65.0,,,67.0,272.0,,,,,,,gmt,124_gmt,deep_subduction
123087A,,-71.01,-34.74,112.0,5.4,mw,126.0,21.0,-171.0,27.0,87.0,-69.0,38.0,99.0,,,44.0,318.0,,,,,,,gmt,99_gmt,deep_subduction
