id,time_iso,longitude,latitude,depth,mag,mag_type,strike1,dip1,rake1,strike2,dip2,rake2,T_plunge,T_azimuth,N_plunge,N_azimuth,P_plunge,P_azimuth,Mrr,Mtt,Mpp,Mrt,Mrp,Mtp,source,duplicate_id,class
C022876A,1976-02-28T16:27:13,-75.57,-40.3,15.0,5.5,mw,13.0,45.0,-85.0,187.0,45.0,-95.0,0.0,280.0,3.0,190.0,87.0,13.0,-8e+17,-2.3e+17,1.03e+18,-3e+16,1e+16,2.3e+17,gcmt,1_gcmt,outer_rise
714840,1976-05-30T03:08:53,-75.479,-41.493,15.0,6.09,mw,23.0,47.0,-79.0,187.0,44.0,-101.0,44.71812621806434,285.24335354643136,43.50121317153992,85.24675940341228,10.151791173494509,185.03043265676348,-1.66,0.08,1.59,-0.24,-0.03,0.43,gem,2_gem,outer_rise
C053076A,1976-05-30T03:08:55,-75.94,-42.06,15.0,5.9,mw,187.0,44.0,-101.0,23.0,47.0,-79.0,2.0,105.0,8.0,195.0,82.0,4.0,-1.66e+18,8e+16,1.59e+18,-2.4e+17,-3e+16,4.3e+17,gcmt,2_gcmt,outer_rise
B022277A,1977-02-22T14:10:12,-76.35,-45.97,10.0,5.4,mw,261.0,76.0,-168.0,168.0,78.0,-14.0,2.0,215.0,72.0,310.0,18.0,124.0,-7300000000000000.0,6.61e+16,-5.88e+16,3.02e+16,5.34e+16,-1.642e+17,gcmt,4_gcmt,outer_rise
682971,1978-05-29T17:20:28,-79.406,-44.905,15.0,6.45,mw,170.0,81.0,-17.0,263.0,73.0,-171.0,17.546748481964613,37.21963467442197,71.51556066169412,198.2805165791776,5.630573755034519,305.4332266329947,-0.19,1.73,-1.54,0.72,1.93,-5.28,gem,292_gem,outer_rise
653427,1980-01-28T16:59:21,-76.228,-44.93,16.4,5.44,mw,195.0,27.0,-56.0,338.0,68.0,-106.0,43.894605391292274,79.8800610095708,20.015109492391066,329.36352177598286,39.35664427694057,221.9808298266288,-1.21,-0.18,1.39,0.64,-1.07,-0.11,gem,22_gem,outer_rise
B012880C,1980-01-28T16:59:22,-76.11,-44.96,33.0,5.4,mwc,195.0,27.0,-56.0,338.0,68.0,-106.0,21.0,80.0,15.0,344.0,64.0,221.0,,,,,,,us,22_us,outer_rise
B012880C,1980-01-28T16:59:24,-76.29,-45.17,15.0,5.2,mw,195.0,27.0,-56.0,338.0,68.0,-106.0,21.0,80.0,15.0,344.0,64.0,221.0,-1.209e+17,-1.82e+16,1.391e+17,6.37e+16,-1.073e+17,-1.12e+16,gcmt,22_gcmt,outer_rise
B032980B,1980-03-29T06:41:53,-75.86,-43.38,15.0,5.9,mw,185.0,14.0,-119.0,34.0,78.0,-83.0,32.0,119.0,7.0,213.0,57.0,313.0,-5.33e+17,-1.14e+17,6.47e+17,-8.21e+17,-1.21e+18,4.29e+17,gcmt,24_gcmt,outer_rise
626780,1981-05-17T17:04:56,-71.968,-27.23,15.0,5.26,mw,191.0,37.0,-79.0,358.0,54.0,-98.0,44.805637408425866,93.160186322792,20.29376546632993,341.6117792596458,38.23947458879871,234.6695781495214,-9.02,-0.5,9.51,0.82,-3.02,0.82,gem,300_gem,outer_rise
B051781C,1981-05-17T17:05:00,-72.14,-27.39,15.0,5.4,mw,191.0,37.0,-79.0,358.0,54.0,-98.0,9.0,94.0,6.0,3.0,79.0,237.0,-9.022e+16,-4970000000000000.0,9.519e+16,8250000000000000.0,-3.02e+16,8250000000000000.0,gcmt,300_gcmt,outer_rise
624731,1981-06-04T07:39:40,-78.984,-34.227,22.0,5.14,mw,207.0,42.0,-41.0,330.0,64.0,-124.0,40.56104135662221,83.87633272088436,41.78868680897124,303.97102143365225,21.39666171755152,193.4717222916544,-4.22,-1.6,5.82,3.19,-1.92,-0.16,gem,301_gem,outer_rise
C101681A,1981-10-16T03:25:42,-73.07,-33.13,32.0,7.1,mwc,194.0,34.0,96.0,6.0,56.0,86.0,78.0,262.0,4.0,9.0,11.0,100.0,,,,,,,us,302_us,outer_rise
610009,1981-10-16T03:25:42,-73.074,-33.134,42.0,7.4,mw,57.0,25.0,135.0,190.0,73.0,72.0,59.0,75.0,17.0,195.0,26.0,294.0,8100000000000.0,-2100000000000.0,-6000000000000.0,-500000000000.0,-11700000000000.0,-5200000000000.0,neis,302_neis,outer_rise
610009,1981-10-16T03:25:44,-72.993,-33.137,35.0,7.08,mw,6.0,56.0,86.0,194.0,34.0,96.0,43.72338444010891,81.57574460187158,8.75018179832126,180.04087271696682,44.950226699181165,278.879427118693,4.94,-0.57,-4.36,-0.03,1.97,-0.73,gem,302_gem,outer_rise
C101681A,1981-10-16T03:25:47,-73.15,-33.48,40.4,7.2,mw,194.0,34.0,96.0,6.0,56.0,86.0,78.0,262.0,4.0,9.0,11.0,100.0,4.936e+19,-5.75e+18,-4.361e+19,-3e+17,1.967e+19,-7.27e+18,gcmt,302_gcmt,outer_rise
C060182A,1982-06-01T04:14:16,-75.87,-41.69,10.0,6.3,mw,160.0,33.0,-130.0,25.0,65.0,-67.0,17.0,99.0,21.0,195.0,63.0,332.0,-3.372e+18,-8.6e+17,4.232e+18,-1.871e+18,-2.339e+18,3.07e+17,gcmt,34_gcmt,outer_rise
B060582A,1982-06-05T00:17:01,-76.07,-43.44,23.0,5.0,mw,191.0,29.0,-87.0,8.0,61.0,-91.0,16.0,99.0,1.0,9.0,74.0,275.0,-7.497e+16,-1.0069999999999998e+16,8.504e+16,-6780000000000000.0,-5.132e+16,1.658e+16,gcmt,35_gcmt,outer_rise
583758,1983-02-28T22:44:20,-78.976,-44.441,15.0,5.97,mw,260.0,90.0,180.0,350.0,90.0,0.0,2.480781363304357e-15,35.0,90.0,286.565051177078,7.442344089913072e-15,125.0,-0.2,0.47,-0.27,0.0,0.0,-1.06,gem,37_gem,outer_rise
B022883B,1983-02-28T22:44:20,-79.16,-44.78,15.0,5.5,mw,260.0,90.0,180.0,350.0,90.0,0.0,0.0,215.0,90.0,180.0,0.0,125.0,-1.98e+17,4.7e+17,-2.7200000000000003e+17,0.0,0.0,-1.056e+18,gcmt,37_gcmt,outer_rise
B112683D,1983-11-26T23:29:09,-79.94,-45.11,15.0,5.1,mw,257.0,90.0,180.0,347.0,90.0,0.0,0.0,212.0,90.0,180.0,0.0,122.0,-5.610000000000001e+16,2.746e+17,-2.1840000000000003e+17,0.0,0.0,-5.172e+17,gcmt,41_gcmt,outer_rise
B112883A,1983-11-28T19:10:07,-76.01,-44.95,19.0,5.5,mwc,133.0,18.0,-142.0,7.0,79.0,-76.0,33.0,85.0,14.0,184.0,54.0,294.0,,,,,,,us,42_us,outer_rise
565662,1983-11-28T19:10:08,-76.15,-44.912,21.8,5.53,mw,7.0,79.0,-76.0,133.0,18.0,-142.0,43.81474569742745,265.2860728831881,14.76840245357992,9.93728428015271,42.45848099550315,113.89545164550452,-0.88,-0.15,1.03,-0.37,-2.18,-0.48,gem,42_gem,outer_rise
B112883A,1983-11-28T19:10:08,-77.97,-44.6,10.0,5.0,mw,133.0,18.0,-142.0,7.0,79.0,-76.0,33.0,85.0,14.0,184.0,54.0,294.0,-8.79e+16,-1.5e+16,1.03e+17,-3.71e+16,-2.178e+17,-4.81e+16,gcmt,42_gcmt,outer_rise
B121083B,1983-12-10T17:37:57,-78.32,-44.73,15.0,5.1,mw,258.0,90.0,180.0,348.0,90.0,0.0,0.0,213.0,90.0,180.0,0.0,123.0,-2.43e+16,1.2529999999999998e+17,-1.01e+17,0.0,0.0,-2.634e+17,gcmt,43_gcmt,outer_rise
562664,1983-12-10T17:37:58,-78.118,-44.582,15.0,5.58,mw,258.0,90.0,180.0,348.0,90.0,0.0,2.480781363304356e-15,33.0,90.0,284.565051177078,7.442344089913071e-15,123.0,-0.24,1.25,-1.01,0.0,0.0,-2.63,gem,43_gem,outer_rise
550203,1984-06-03T01:44:12,-76.085,-45.371,12.1,5.43,mw,221.0,73.0,-30.0,320.0,61.0,-161.0,28.793449426684536,92.8497538077538,59.608214738501786,252.4179190638457,8.903681095929478,357.91034830674687,-0.78,-1.17,1.95,0.42,0.37,0.08,gem,238_gem,outer_rise
531377,1985-03-30T13:47:27,-76.69,-45.659,20.0,5.41,mw,135.0,64.0,-94.0,325.0,26.0,-81.0,44.9369509179826,47.98864902989203,5.821685450541434,312.1495866210168,44.473524894555,216.40454444861555,-0.97,0.34,0.62,-0.71,0.73,-1.11,gem,239_gem,outer_rise
B033085A,1985-03-30T13:47:28,-76.4,-45.46,33.0,5.4,mwc,325.0,26.0,-81.0,135.0,64.0,-94.0,19.0,228.0,4.0,137.0,70.0,36.0,,,,,,,us,239_us,outer_rise
528625,1985-04-28T08:30:29,-75.664,-39.728,4.0,6.0,mw,21.0,69.0,-68.0,153.0,30.0,-134.0,21.0,95.0,20.0,193.0,60.0,323.0,-65000000000.0,-12000000000.0,77000000000.0,-41000000000.0,-61000000000.0,-6000000000.0,neic,70_neic,outer_rise
528625,1985-04-28T08:30:31,-75.909,-39.713,15.0,5.89,mw,46.0,27.0,-101.0,239.0,64.0,-84.0,44.88018101698493,324.1725782400105,8.194983257519516,62.41789631629547,43.955434432899,160.3995065566589,-6.47,4.2,2.27,4.45,2.26,3.4,gem,70_gem,outer_rise
B042885B,1985-04-28T08:30:32,-75.61,-39.7,33.0,5.9,mwc,46.0,27.0,-101.0,239.0,64.0,-84.0,18.0,325.0,5.0,57.0,71.0,162.0,,,,,,,us,70_us,outer_rise
B042885B,1985-04-28T08:30:36,-75.65,-39.99,10.0,5.5,mw,46.0,27.0,-101.0,239.0,64.0,-84.0,18.0,325.0,5.0,57.0,71.0,162.0,-6.473e+17,4.1980000000000006e+17,2.274e+17,4.449e+17,2.264e+17,3.396e+17,gcmt,70_gcmt,outer_rise
B080485B,1985-08-04T04:54:05,-76.14,-45.37,10.0,5.4,mw,199.0,24.0,-64.0,352.0,68.0,-101.0,23.0,90.0,10.0,356.0,65.0,243.0,-4.184e+17,-1.087e+17,5.271e+17,9.46e+16,-4.773e+17,4.03e+16,gcmt,82_gcmt,outer_rise
B112886A,1986-11-28T20:34:49,-77.17,-45.53,15.0,5.0,mw,260.0,90.0,180.0,350.0,90.0,0.0,0.0,215.0,90.0,180.0,0.0,125.0,-1.473e+16,3.622e+16,-2.149e+16,0.0,0.0,-7.995e+16,gcmt,91_gcmt,outer_rise
482545,1986-11-28T20:34:50,-77.258,-45.531,32.8,5.22,mw,260.0,90.0,180.0,350.0,90.0,0.0,2.480781363304357e-15,35.0,90.0,286.565051177078,7.442344089913072e-15,125.0,-1.47,3.62,-2.14,0.0,0.0,-8.0,gem,91_gem,outer_rise
B112886A,1986-11-28T20:34:52,-76.67,-45.12,33.0,5.2,mwc,260.0,90.0,180.0,350.0,90.0,0.0,0.0,215.0,90.0,180.0,0.0,125.0,,,,,,,us,91_us,outer_rise
479202,1986-12-25T17:17:41,-79.436,-44.746,15.0,6.35,mw,262.0,88.0,146.0,353.0,56.0,3.0,22.20582947079089,32.23337109363524,56.01291525245498,264.96909831153647,24.323578638472053,132.8663255156776,-0.28,1.23,-0.94,-2.39,0.39,-3.19,gem,321_gem,outer_rise
B012787A,1987-01-27T07:06:55,-72.65,-32.35,15.0,5.4,mw,28.0,32.0,138.0,156.0,69.0,65.0,59.0,31.0,23.0,165.0,20.0,264.0,1.322e+17,6.44e+16,-1.966e+17,8e+16,-1.294e+17,2300000000000000.0,gcmt,92_gcmt,outer_rise
B021487D,1987-02-14T15:44:15,-75.99,-45.71,10.0,5.9,mwc,259.0,76.0,-171.0,167.0,81.0,-14.0,4.0,214.0,74.0,316.0,16.0,123.0,,,,,,,us,94_us,outer_rise
474595,1987-02-14T15:44:19,-76.071,-45.641,15.0,5.86,mw,167.0,81.0,-14.0,259.0,76.0,-171.0,15.644978894873129,33.58534124032303,73.95378319859266,200.41335623630945,3.477344958008928,302.6102613031082,-1.3,3.63,-2.33,0.45,1.73,-6.8,gem,94_gem,outer_rise
B021487D,1987-02-14T15:44:19,-76.51,-45.7,15.0,5.9,mw,259.0,76.0,-171.0,167.0,81.0,-14.0,4.0,214.0,74.0,316.0,16.0,123.0,-1.297e+17,3.629e+17,-2.3330000000000003e+17,4.45e+16,1.735e+17,-6.801e+17,gcmt,94_gcmt,outer_rise
454184,1987-11-29T07:57:22,-76.746,-45.627,14.6,5.44,mw,154.0,37.0,-95.0,340.0,53.0,-86.0,44.95973886205995,67.56888170196811,10.490227699691566,168.22433505219897,43.13967383699129,268.21645733599564,-1.6,0.07,1.53,0.12,-0.5,-0.73,gem,244_gem,outer_rise
B112987A,1987-11-29T07:57:23,-76.44,-45.78,33.0,5.4,mwc,154.0,37.0,-95.0,340.0,53.0,-86.0,8.0,68.0,3.0,158.0,81.0,268.0,,,,,,,us,244_us,outer_rise
B031388A,1988-03-13T11:31:35,-73.07,-33.82,15.0,5.8,mw,38.0,28.0,138.0,166.0,72.0,68.0,58.0,47.0,20.0,173.0,24.0,273.0,3.808e+17,1.039e+17,-4.848e+17,1.965e+17,-4.954e+17,-1.2729999999999998e+17,gcmt,100_gcmt,outer_rise
413481,1989-02-21T22:08:53,-79.186,-44.573,15.0,5.52,mw,98.0,20.0,-80.0,268.0,71.0,-94.0,44.93812079730063,0.1986269541185379,4.400029349653224,265.79510608713383,44.724638393854825,171.42434248136772,-1.37,1.61,-0.23,1.85,0.1,-0.08,gem,103_gem,outer_rise
B022189B,1989-02-21T22:08:55,-78.44,-44.96,15.0,5.3,mw,98.0,20.0,-80.0,268.0,71.0,-94.0,26.0,1.0,3.0,269.0,64.0,172.0,-1.3700000000000002e+17,1.607e+17,-2.36e+16,1.85e+17,9600000000000000.0,-7800000000000000.0,gcmt,103_gcmt,outer_rise
407160,1989-04-13T00:43:09,-75.126,-39.423,15.0,5.78,mw,204.0,34.0,-51.0,339.0,64.0,-113.0,42.93620694410964,86.39408198104735,30.49872191120104,323.16139345121934,31.846724537952976,211.70025416797668,-4.21,-0.61,4.82,2.24,-2.67,0.23,gem,106_gem,outer_rise
B041389A,1989-04-13T00:43:10,-75.07,-39.96,15.0,5.6,mw,204.0,34.0,-51.0,339.0,64.0,-113.0,16.0,86.0,21.0,350.0,63.0,211.0,-4.21e+17,-6.12e+16,4.822e+17,2.237e+17,-2.672e+17,2.3e+16,gcmt,106_gcmt,outer_rise
341452,1991-02-13T06:17:24,-79.568,-44.759,14.4,5.65,mw,261.0,90.0,-180.0,351.0,90.0,0.0,7.442344089913072e-15,216.0,90.0,54.43494882292202,2.4807813633043567e-15,306.0,-0.38,1.34,-0.96,0.0,0.0,-3.53,gem,341_gem,outer_rise
265443,1992-10-01T08:18:50,-75.096,-39.158,15.0,5.46,mw,35.0,42.0,-51.0,167.0,58.0,-120.0,42.129858264714,278.2151686611156,41.576905742806765,134.8537821959926,19.33414743675275,26.71866016235964,-1.47,-0.38,1.84,-0.57,0.61,0.43,gem,345_gem,outer_rise
B031793A,1993-03-17T04:35:58,-75.37,-38.67,15.0,5.8,mw,224.0,30.0,-37.0,348.0,72.0,-115.0,23.0,96.0,24.0,356.0,56.0,226.0,-1.572e+17,-6.33e+16,2.2040000000000003e+17,7.39e+16,-2.148e+17,7.56e+16,gcmt,125_gcmt,outer_rise
243498,1993-03-17T04:36:00,-74.988,-37.591,16.0,5.6,mw,224.0,30.0,-37.0,348.0,72.0,-115.0,41.991529277220216,95.97225297446164,27.89746204017574,337.5121541423183,35.273884778111814,225.51965025227776,-1.57,-0.63,2.2,0.74,-2.15,0.76,gem,125_gem,outer_rise
B031793A,1993-03-17T04:36:01,-74.91,-37.58,30.0,5.6,mwc,224.0,30.0,-37.0,348.0,72.0,-115.0,23.0,96.0,24.0,356.0,56.0,226.0,,,,,,,us,125_us,outer_rise
B060193C,1993-06-01T15:53:43,-77.26,-45.74,10.0,5.9,mwc,172.0,73.0,16.0,77.0,75.0,162.0,23.0,34.0,67.0,217.0,1.0,125.0,,,,,,,us,126_us,outer_rise
225691,1993-06-01T15:53:45,-77.168,-45.709,10.0,5.92,mw,77.0,75.0,162.0,172.0,73.0,16.0,1.7480974052164888,214.0299245195421,68.40611691872044,119.60759639347476,21.515864094232345,304.7193081265026,0.19,2.87,-3.05,3.54,-2.28,-7.77,gem,126_gem,outer_rise
B060193C,1993-06-01T15:53:51,-77.64,-46.0,15.0,5.4,mw,172.0,73.0,16.0,77.0,75.0,162.0,23.0,34.0,67.0,217.0,1.0,125.0,1.86e+16,2.8650000000000003e+17,-3.051e+17,3.536e+17,-2.281e+17,-7.769e+17,gcmt,126_gcmt,outer_rise
179547,1994-04-28T16:44:53,-75.142,-39.511,12.3,5.54,mw,225.0,51.0,-44.0,346.0,57.0,-132.0,39.637956812613965,104.35808065255368,49.63553288905473,297.3052693562412,6.4159614906292415,199.70306526617424,-1.66,-0.67,2.33,0.92,-0.48,0.87,gem,132_gem,outer_rise
B042894B,1994-04-28T16:44:57,-75.72,-39.95,15.0,5.7,mw,225.0,51.0,-44.0,346.0,57.0,-132.0,3.0,104.0,34.0,12.0,55.0,199.0,-1.66e+17,-6.7e+16,2.33e+17,9.17e+16,-4.85e+16,8.7e+16,gcmt,132_gcmt,outer_rise
84590,1995-09-17T07:25:26,-74.167,-35.561,9.0,5.5,mw,66.0,46.0,-66.0,214.0,49.0,-113.0,2.0,319.0,17.0,229.0,73.0,55.0,-16100000000.0,9800000000.0,6300000000.0,-2100000000.0,4200000000.0,10600000000.0,neic,254_neic,outer_rise
84590,1995-09-17T07:25:28,-74.206,-35.523,12.5,5.57,mw,46.0,56.0,-63.0,184.0,42.0,-124.0,42.7754602034723,297.1169923619373,41.90848566267297,83.25635129769643,17.720056140048673,189.921635569075,-2.29,0.18,2.1,-1.17,-0.12,1.12,gem,254_gem,outer_rise
B091795B,1995-09-17T07:25:30,-74.05,-35.56,33.0,5.6,mwc,184.0,42.0,-124.0,46.0,56.0,-63.0,7.0,117.0,22.0,210.0,67.0,10.0,,,,,,,us,254_us,outer_rise
B100395J,1995-10-03T16:08:20,-72.65,-30.86,23.3,5.2,mw,9.0,41.0,104.0,171.0,51.0,79.0,80.0,28.0,9.0,178.0,5.0,269.0,3.541e+17,7.67e+16,-4.308e+17,4.62e+16,-6.879999999999999e+16,4300000000000000.0,gcmt,144_gcmt,outer_rise
69439,1995-11-17T02:40:50,-79.678,-44.873,15.0,5.75,mw,259.0,79.0,171.0,351.0,81.0,11.0,1.5555536889174577,215.0607408609469,76.21838884585704,311.41719669123955,13.690084489393666,124.68172704236622,-0.66,2.02,-1.35,-1.25,0.97,-4.76,gem,354_gem,outer_rise
948724,1996-02-19T07:10:08,-75.461,-42.165,10.0,5.96,mw,15.0,63.0,-93.0,201.0,27.0,-85.0,44.96554292193325,287.2293752182959,4.538532088807621,192.68202130608609,44.67569374257563,98.18053993292398,-7.38,-1.74,9.12,-1.62,-6.14,3.82,gem,146_gem,outer_rise
B021996E,1996-02-19T07:10:14,-76.02,-42.45,15.0,5.3,mw,201.0,27.0,-85.0,15.0,63.0,-93.0,18.0,107.0,2.0,16.0,72.0,279.0,-7.382e+17,-1.738e+17,9.12e+17,-1.619e+17,-6.145e+17,3.822e+17,gcmt,146_gcmt,outer_rise
B070497E,1997-07-04T23:52:04,-76.31,-45.53,10.0,5.2,mwc,264.0,90.0,-180.0,354.0,90.0,0.0,0.0,219.0,90.0,180.0,0.0,129.0,,,,,,,us,256_us,outer_rise
1035413,1997-07-04T23:52:06,-76.503,-45.562,15.0,5.21,mw,264.0,90.0,-180.0,354.0,90.0,0.0,7.442344089913071e-15,219.0,90.0,57.43494882292202,2.480781363304358e-15,309.0,-2.35,2.97,-0.62,0.0,0.0,-7.98,gem,256_gem,outer_rise
B072497A,1997-07-24T19:54:43,-72.63,-30.63,15.0,5.0,mw,0.0,31.0,91.0,179.0,59.0,89.0,76.0,86.0,1.0,179.0,14.0,269.0,3.26e+17,2.48e+16,-3.508e+17,7000000000000001.0,-1.768e+17,4800000000000000.0,gcmt,159_gcmt,outer_rise
B110597B,1997-11-05T06:09:13,-78.73,-44.54,15.0,5.0,mw,80.0,75.0,-173.0,349.0,84.0,-15.0,6.0,35.0,73.0,146.0,15.0,304.0,-1.4299999999999998e+16,9.97e+16,-8.54e+16,-1.57e+16,-7.48e+16,-2.387e+17,gcmt,165_gcmt,outer_rise
1050895,1997-11-05T06:09:15,-78.161,-43.908,15.0,5.56,mw,80.0,75.0,-173.0,349.0,84.0,-15.0,14.980595846577856,34.858294095379165,73.84465326995331,192.33507171981947,5.909682368569944,303.27110967072787,-0.14,1.0,-0.85,-0.16,-0.75,-2.39,gem,362_gem,outer_rise
1065281,1998-01-19T18:23:59,-79.488,-44.971,13.0,6.2,mw,168.0,87.0,-12.0,258.0,78.0,-177.0,6.0,213.0,78.0,334.0,10.0,122.0,30000000000.0,65000000000.0,-95000000000.0,11000000000.0,46000000000.0,-176000000000.0,neic,363_neic,outer_rise
1065281,1998-01-19T18:24:04,-79.537,-44.965,15.0,6.17,mw,170.0,78.0,-4.0,261.0,86.0,-168.0,11.1016775856752,34.85855362773464,77.4634835156745,242.9203100758062,5.750690847042215,125.9908473636633,-0.23,0.85,-0.62,0.41,0.17,-2.07,gem,363_gem,outer_rise
C040198D,1998-04-01T22:43:05,-75.37,-40.64,15.0,6.0,mw,199.0,44.0,-88.0,17.0,46.0,-92.0,1.0,108.0,1.0,18.0,89.0,227.0,-1.18e+19,8.1e+17,1.099e+19,1.5e+17,-3.5000000000000006e+17,3.72e+18,gcmt,364_gcmt,outer_rise
B050898E,1998-05-08T17:42:17,-78.08,-45.15,15.0,5.0,mw,158.0,55.0,-17.0,258.0,76.0,-144.0,14.0,24.0,51.0,275.0,35.0,124.0,-1.777e+16,4.755e+16,-2.9780000000000004e+16,4.944e+16,4.675e+16,-6.467e+16,gcmt,169_gcmt,outer_rise
1105435,1998-05-08T17:42:21,-77.646,-45.706,10.0,5.27,mw,158.0,55.0,-17.0,258.0,76.0,-144.0,30.61177358513884,23.900568981456445,54.55870821533766,237.6681365187558,16.104382861561042,123.7365017870984,-1.78,4.75,-2.97,4.94,4.67,-6.47,gem,169_gem,outer_rise
1322639,1998-11-06T08:01:12,-79.827,-44.341,10.0,5.88,mw,256.0,69.0,171.0,349.0,82.0,22.0,9.129675195936256,214.3802639735254,67.99940893940934,327.8177211127982,19.837533004706817,121.05659611324836,-0.64,3.28,-2.64,-2.66,2.82,-6.82,gem,174_gem,outer_rise
B110698A,1998-11-06T08:01:20,-79.34,-44.52,15.0,5.3,mw,256.0,69.0,171.0,349.0,82.0,22.0,21.0,214.0,67.0,9.0,9.0,121.0,-6.36e+16,3.284e+17,-2.648e+17,-2.661e+17,2.818e+17,-6.816e+17,gcmt,174_gcmt,outer_rise
B122698A,1998-12-26T11:20:26,-75.74,-40.9,15.4,5.2,mw,187.0,18.0,-89.0,6.0,72.0,-90.0,27.0,96.0,0.0,6.0,63.0,275.0,-1.31e+17,-1.7499999999999998e+16,1.485e+17,-2.02e+16,-2.009e+17,1.8e+16,gcmt,177_gcmt,outer_rise
1655100,1999-08-12T07:27:11,-76.711,-45.575,10.5,5.48,mw,6.0,40.0,-20.0,111.0,77.0,-128.0,37.08100711196016,229.915945205032,39.90433001997455,100.71652591802008,28.31148842552893,343.9410812238762,-0.69,-0.29,0.98,-1.55,0.12,-1.02,gem,264_gem,outer_rise
B081299C,1999-08-12T07:27:13,-76.58,-45.62,33.0,5.5,mwc,6.0,40.0,-20.0,111.0,77.0,-128.0,23.0,230.0,37.0,121.0,44.0,344.0,,,,,,,us,264_us,outer_rise
C082299A,1999-08-22T09:35:42,-75.44,-40.88,15.0,5.8,mw,202.0,45.0,-84.0,14.0,46.0,-96.0,1.0,108.0,4.0,18.0,86.0,205.0,-4.099e+18,-1.79e+17,4.279e+18,2.06e+17,-1.49e+17,1.601e+18,gcmt,186_gcmt,outer_rise
B092999E,1999-09-29T18:01:34,-72.6,-30.94,15.0,5.2,mw,352.0,31.0,87.0,175.0,59.0,92.0,76.0,90.0,1.0,355.0,14.0,264.0,3.346e+17,3.49e+16,-3.696e+17,1.17e+16,-1.935e+17,4.38e+16,gcmt,187_gcmt,outer_rise
B122000C,2000-12-20T11:24:01,-75.39,-39.36,15.0,6.2,mw,206.0,43.0,-72.0,3.0,50.0,-106.0,4.0,104.0,12.0,13.0,78.0,211.0,-4.402e+18,-1.415e+18,5.817e+18,3.74e+17,-8.18e+17,1.941e+18,gcmt,189_gcmt,outer_rise
1780646,2001-02-19T14:31:55,-79.927,-45.171,10.0,5.77,mw,260.0,76.0,180.0,350.0,90.0,14.0,9.84972365902512,215.86372851064328,76.0,349.99999999999994,9.84972365902513,124.13627148935672,-0.94,2.29,-1.35,-0.64,1.25,-4.99,gem,378_gem,outer_rise
B030301E,2001-03-03T11:58:13,-75.45,-39.48,15.0,5.1,mw,228.0,31.0,-43.0,357.0,69.0,-114.0,20.0,105.0,22.0,6.0,59.0,233.0,-4.3840000000000006e+17,-2.72e+16,4.656e+17,1.2809999999999998e+17,-4.8230000000000006e+17,2.492e+17,gcmt,191_gcmt,outer_rise
pde20010409090057170_11,2001-04-09T09:00:57,-73.109,-32.668,11.0,6.7,mwc,45.0,55.0,-55.0,174.0,48.0,-129.0,41.41718153849125,291.0119686191941,47.39510372777765,94.5824179781522,8.255081883706419,193.65875398657843,,,,,,,us,383_us,outer_rise
1882885,2001-04-09T09:00:57,-73.109,-32.668,11.0,6.7,mw,54.0,66.0,-87.0,227.0,25.0,-97.0,20.0,142.0,3.0,233.0,69.0,330.0,0.0,0.0,0.0,0.0,0.0,0.0,neic,383_neic,outer_rise
1882885,2001-04-09T09:01:00,-73.102,-32.723,15.0,6.65,mw,33.0,46.0,-94.0,219.0,44.0,-86.0,44.96387886449332,305.8276493431197,40.06320002752818,158.69583199810813,17.090651097595465,53.71064228403702,-1.06,0.3,0.76,0.02,-0.05,0.71,gem,383_gem,outer_rise
C040901A,2001-04-09T09:01:05,-73.23,-32.88,15.0,6.3,mw,219.0,44.0,-86.0,33.0,46.0,-94.0,1.0,126.0,3.0,36.0,87.0,229.0,-1.061e+19,3e+18,7.61e+18,2.1e+17,-5e+17,7.12e+18,gcmt,383_gcmt,outer_rise
2254868,2001-10-23T23:54:23,-76.037,-43.446,15.0,5.13,mw,232.0,45.0,-27.0,342.0,71.0,-132.0,37.0784272396343,101.08677772852307,45.00000000000001,322.0,21.68245841969159,208.5721629604896,-2.94,-2.39,5.33,1.75,-3.09,2.28,gem,270_gem,outer_rise
B102301I,2001-10-23T23:54:24,-75.89,-43.5,33.0,5.1,mwc,232.0,45.0,-27.0,342.0,71.0,-132.0,16.0,101.0,39.0,358.0,47.0,209.0,,,,,,,us,270_us,outer_rise
2903943,2002-03-03T07:16:15,-76.119,-45.837,10.0,5.9,mw,79.0,86.0,-171.0,349.0,81.0,-4.0,3.0,214.0,81.0,102.0,9.0,304.0,-18300000000.0,42600000000.0,-24400000000.0,-11100000000.000002,-3900000000.0,-81600000000.0,neic,196_neic,outer_rise
C030302A,2002-03-03T07:16:15,-76.12,-45.84,10.0,5.9,mwc,258.0,83.0,-176.0,168.0,86.0,-7.0,2.0,213.0,82.0,320.0,8.0,123.0,,,,,,,us,196_us,outer_rise
2903943,2002-03-03T07:16:17,-76.231,-45.798,10.0,5.86,mw,168.0,86.0,-7.0,258.0,83.0,-176.0,7.709879979281681,33.387556127239804,82.00112721196294,197.84307163997028,2.117800484205893,303.1007145530621,-1.1,3.62,-2.52,0.13,0.91,-7.0,gem,196_gem,outer_rise
C030302A,2002-03-03T07:16:19,-76.42,-45.92,15.0,5.6,mw,258.0,83.0,-176.0,168.0,86.0,-7.0,2.0,213.0,82.0,320.0,8.0,123.0,-1.1020000000000002e+17,3.625e+17,-2.522e+17,1.34e+16,9.12e+16,-7e+17,gcmt,196_gcmt,outer_rise
3229300,2002-07-18T21:53:14,-79.995,-44.707,10.0,5.19,mw,119.0,68.0,117.0,246.0,34.0,42.0,31.145415843016423,246.41807126131084,32.40656307585119,133.86057444384068,41.85835876510668,9.199328770594434,4.36,-7.13,2.76,4.07,-2.52,1.03,gem,392_gem,outer_rise
3522120,2002-10-31T20:36:52,-75.053,-40.117,10.0,5.13,mw,27.0,53.0,-114.0,244.0,43.0,-61.0,43.389675216139445,313.7853714810016,42.76855846941132,162.81071801054418,15.001146428588989,58.45918155935988,-5.78,3.04,2.73,0.91,-2.36,2.88,gem,274_gem,outer_rise
6533658,2003-01-09T09:49:08,-79.376,-44.52,15.0,5.9,mw,169.0,84.0,-2.0,259.0,88.0,-174.0,5.629770784055253,33.9649799122713,83.69022790624588,240.90371490389663,2.840191700222172,124.2451838301215,-0.62,3.64,-3.01,0.82,0.35,-7.95,gem,396_gem,outer_rise
B062003C,2003-06-20T04:23:26,-77.06,-45.72,15.0,5.2,mw,172.0,36.0,-70.0,327.0,56.0,-104.0,10.0,67.0,12.0,335.0,74.0,197.0,-1.07e+17,1.22e+16,9.51e+16,3.83e+16,-2.68e+16,-3.56e+16,gcmt,213_gcmt,outer_rise
6941752,2003-06-20T04:23:27,-76.594,-45.627,15.0,5.31,mw,172.0,36.0,-70.0,327.0,56.0,-104.0,44.38855839067007,67.76323436211652,26.620175998223825,308.38199760304,33.82700235412198,198.7566391590803,-1.07,0.12,0.95,0.38,-0.27,-0.36,gem,213_gem,outer_rise
B111203C,2003-11-12T01:54:24,-75.52,-40.56,21.8,5.1,mw,216.0,33.0,-83.0,27.0,57.0,-95.0,12.0,120.0,4.0,29.0,77.0,281.0,-2.26e+17,5.789999999999999e+16,1.68e+17,-3.6e+16,-9.52e+16,1.05e+17,gcmt,215_gcmt,outer_rise
7430468,2004-11-04T08:10:15,-76.57,-45.936,10.0,4.96,mw,88.0,61.0,-158.0,347.0,71.0,-31.0,30.03085465922316,39.27736243625526,58.78598976242237,201.82717804092164,7.732275661778627,304.7756125364801,-1.39,1.4,-0.01,-0.32,-1.34,-2.96,gem,279_gem,outer_rise
C110404C,2004-11-04T08:10:17,-76.55,-45.92,25.0,5.0,mwc,88.0,61.0,-158.0,347.0,71.0,-31.0,7.0,40.0,54.0,139.0,35.0,305.0,,,,,,,us,279_us,outer_rise
7430474,2004-11-04T08:29:14,-76.535,-45.841,10.0,5.24,mw,82.0,73.0,-172.0,349.0,82.0,-17.0,16.844983520708382,36.80605226667603,71.78293518013068,193.7278750823774,6.735383206635218,304.75686594261384,-1.67,3.65,-1.98,-0.25,-2.5,-8.38,gem,227_gem,outer_rise
C110404D,2004-11-04T08:29:16,-76.79,-45.94,19.2,5.1,mw,82.0,73.0,-172.0,349.0,82.0,-17.0,6.0,36.0,71.0,146.0,17.0,304.0,-1.67e+16,3.65e+16,-1.98e+16,-2530000000000000.0,-2.5e+16,-8.38e+16,gcmt,227_gcmt,outer_rise
C110404D,2004-11-04T08:29:16,-76.44,-45.9,25.6,5.2,mwc,82.0,73.0,-172.0,349.0,82.0,-17.0,6.0,36.0,71.0,146.0,17.0,304.0,,,,,,,us,227_us,outer_rise
200504130925A,2005-04-13T09:25:00,-73.24,-33.27,12.0,5.4,mw,21.0,38.0,-89.0,200.0,52.0,-91.0,7.0,290.0,,,83.0,105.0,,,,,,,gmt,418_gmt,outer_rise
7492309,2005-04-13T09:25:24,-72.956,-33.132,12.5,5.37,mw,21.0,38.0,-89.0,200.0,52.0,-91.0,44.99832124085645,290.2875949379342,2.5393676713379283,197.74587860277552,44.88920654942637,105.21383112934802,-1.33,0.04,1.29,0.1,0.31,0.53,gem,418_gem,outer_rise
C200504130925A,2005-04-13T09:25:27,-72.85,-33.14,30.0,5.4,mwc,21.0,38.0,-89.0,200.0,52.0,-91.0,7.0,290.0,0.0,200.0,83.0,106.0,,,,,,,us,418_us,outer_rise
7492309,2005-04-13T09:25:27,-72.85,-33.142,30.0,5.3,mw,5.0,54.0,-125.0,235.0,49.0,-51.0,3.0,119.0,28.0,27.0,62.0,215.0,0.0,0.0,0.0,0.0,0.0,0.0,neic,418_neic,outer_rise
C200510101607A,2005-10-10T16:06:56,-77.12,-45.7,12.0,5.0,mw,85.0,46.0,-158.0,339.0,74.0,-46.0,17.0,38.0,42.0,144.0,43.0,291.0,-2.2e+16,2.54e+16,-3380000000000000.0,1.03e+16,-2.79e+16,-3.74e+16,gcmt,423_gcmt,outer_rise
C200510101607A,2005-10-10T16:06:56,-77.12,-45.7,12.0,5.0,mw,85.0,46.0,-158.0,339.0,74.0,-46.0,17.0,38.0,42.0,144.0,43.0,291.0,-2.2e+16,2.54e+16,-3380000000000000.0,1.03e+16,-2.79e+16,-3.74e+16,gcmt,423_gcmtb,outer_rise
7703525,2005-10-10T16:06:57,-76.695,-45.632,17.0,5.08,mw,85.0,46.0,-158.0,339.0,74.0,-46.0,35.55769165475289,38.42644449050499,45.99410308321214,176.16284129151768,22.34059377941341,291.34336014802835,-2.2,2.54,-0.33,1.03,-2.79,-3.74,gem,423_gem,outer_rise
C200510101607A,2005-10-10T16:07:00,-76.57,-45.62,35.0,5.1,mwc,85.0,46.0,-158.0,339.0,74.0,-46.0,17.0,38.0,42.0,144.0,43.0,291.0,,,,,,,us,423_us,outer_rise
200510101607A,2005-10-10T16:07:00,-77.12,-45.7,12.0,5.1,mw,85.0,46.0,-158.0,339.0,74.0,-46.0,17.0,38.0,,,43.0,291.0,,,,,,,gmt,423_gmt,outer_rise
200604281821A,2006-04-28T18:21:00,-77.47,-45.76,12.0,5.3,mw,76.0,75.0,-179.0,346.0,89.0,-15.0,10.0,32.0,,,11.0,300.0,,,,,,,gmt,436_gmt,outer_rise
8494456,2006-04-28T18:21:54,-76.88,-45.588,15.0,5.35,mw,76.0,75.0,-179.0,346.0,89.0,-15.0,11.19144800205072,31.85502565060364,74.97559241074336,169.34260765660542,9.89504474005542,299.8771974062909,0.07,0.57,-0.64,0.02,-0.36,-1.13,gem,436_gem,outer_rise
C200604281821A,2006-04-28T18:21:55,-76.25,-45.69,10.0,5.3,mwc,76.0,75.0,-179.0,346.0,89.0,-15.0,10.0,32.0,75.0,161.0,12.0,300.0,,,,,,,us,436_us,outer_rise
200605300250A,2006-05-30T02:50:00,-76.17,-45.92,15.0,5.7,mw,78.0,71.0,-175.0,346.0,85.0,-19.0,10.0,34.0,,,17.0,301.0,,,,,,,gmt,456_gmt,outer_rise
C200605300250A,2006-05-30T02:50:08,-76.17,-45.92,14.9,5.6,mw,78.0,71.0,-175.0,346.0,85.0,-19.0,9.0,33.0,71.0,151.0,17.0,300.0,-4000000000000000.0,1.65e+17,-1.61e+17,-1.09e+16,-1.3e+17,-3.2e+17,gcmt,456_gcmt,outer_rise
C200605300250A,2006-05-30T02:50:08,-76.17,-45.92,14.9,5.6,mw,78.0,71.0,-175.0,346.0,85.0,-19.0,9.0,33.0,71.0,151.0,17.0,300.0,-4000000000000000.0,1.65e+17,-1.61e+17,-1.09e+16,-1.3e+17,-3.2e+17,gcmt,456_gcmtb,outer_rise
10699429,2006-07-16T11:42:40,-72.482,-28.65,10.0,6.19,mw,205.0,48.0,-70.0,357.0,46.0,-111.0,44.04314779171628,101.00151019813428,45.58361183289236,271.7710817545639,4.628583151058125,6.510637940837853,-2.0,-0.6,2.6,0.36,-0.01,0.64,gem,459_gem,outer_rise
C200607161142A,2006-07-16T11:42:41,-72.54,-28.72,10.0,6.2,mwc,357.0,46.0,-111.0,205.0,48.0,-70.0,1.0,281.0,15.0,11.0,75.0,188.0,,,,,,,us,459_us,outer_rise
10699429,2006-07-16T11:42:41,-72.543,-28.715,10.0,6.2,mw,193.0,47.0,-67.0,341.0,48.0,-113.0,0.0,87.0,17.0,357.0,73.0,177.0,-234000000000.0,-67000000000.0,302000000000.0,56000000000.00001,1000000000.0,-20000000000.0,neic,459_neic,outer_rise
C200607161142A,2006-07-16T11:42:45,-72.84,-28.71,12.0,6.2,mw,357.0,46.0,-111.0,205.0,48.0,-70.0,1.0,281.0,15.0,11.0,75.0,188.0,-2e+18,-6.04e+17,2.6e+18,3.62e+17,-1e+16,6.39e+17,gcmt,459_gcmt,outer_rise
C200607161142A,2006-07-16T11:42:45,-72.84,-28.71,12.0,6.2,mw,357.0,46.0,-111.0,205.0,48.0,-70.0,1.0,281.0,15.0,11.0,75.0,188.0,-2e+18,-6.04e+17,2.6e+18,3.62e+17,-1e+16,6.39e+17,gcmt,459_gcmtb,outer_rise
200610071632A,2006-10-07T16:32:00,-77.03,-45.79,14.0,5.1,mw,135.0,33.0,-74.0,296.0,58.0,-100.0,13.0,33.0,,,74.0,178.0,,,,,,,gmt,467_gmt,outer_rise
C200610071632A,2006-10-07T16:32:15,-77.03,-45.79,14.2,5.0,mw,135.0,33.0,-74.0,296.0,58.0,-100.0,13.0,33.0,8.0,301.0,74.0,179.0,-5.95e+16,3.4900000000000004e+16,2.46e+16,2.83e+16,-4540000000000000.0,-1.84e+16,gcmt,467_gcmtb,outer_rise
8788782,2006-10-07T16:32:15,-76.436,-45.636,15.0,5.12,mw,135.0,33.0,-74.0,296.0,58.0,-100.0,44.65623234027534,33.467023795470254,18.289538162481243,284.40610205294,39.670443075479234,178.49702202015987,-5.95,3.49,2.46,2.83,-0.45,-1.84,gem,467_gem,outer_rise
C200610071632A,2006-10-07T16:32:15,-77.03,-45.79,14.2,5.0,mw,135.0,33.0,-74.0,296.0,58.0,-100.0,13.0,33.0,8.0,301.0,74.0,179.0,-5.95e+16,3.4900000000000004e+16,2.46e+16,2.83e+16,-4540000000000000.0,-1.84e+16,gcmt,467_gcmt,outer_rise
C200610071632A,2006-10-07T16:32:19,-76.29,-45.7,40.2,5.1,mwc,135.0,33.0,-74.0,296.0,58.0,-100.0,13.0,33.0,8.0,301.0,74.0,179.0,,,,,,,us,467_us,outer_rise
200611201933A,2006-11-20T19:33:00,-75.57,-40.24,12.0,5.2,mw,190.0,42.0,-82.0,359.0,48.0,-97.0,3.0,94.0,,,84.0,216.0,,,,,,,gmt,471_gmt,outer_rise
8971862,2006-11-20T19:33:53,-75.139,-40.087,15.0,5.18,mw,190.0,42.0,-82.0,359.0,48.0,-97.0,44.87483001610006,94.34315972973708,32.47344637343762,325.02365336975106,27.54906560379868,215.63394418912063,-0.7,-0.06,0.76,0.06,-0.08,0.06,gem,471_gem,outer_rise
C200611201933A,2006-11-20T19:33:54,-75.57,-40.24,12.0,5.3,mw,190.0,42.0,-82.0,359.0,48.0,-97.0,3.0,94.0,6.0,4.0,84.0,212.0,-7.039999999999999e+16,-5700000000000000.0,7.61e+16,5800000000000000.0,-8200000000000000.0,5800000000000000.0,gcmt,471_gcmt,outer_rise
C200611201933A,2006-11-20T19:33:54,-75.57,-40.24,12.0,5.3,mw,190.0,42.0,-82.0,359.0,48.0,-97.0,3.0,94.0,6.0,4.0,84.0,212.0,-7.039999999999999e+16,-5700000000000000.0,7.61e+16,5800000000000000.0,-8200000000000000.0,5800000000000000.0,gcmt,471_gcmtb,outer_rise
200709220801A,2007-09-22T08:01:00,-76.8,-46.01,12.0,5.5,mw,75.0,80.0,178.0,165.0,88.0,10.0,8.0,31.0,,,6.0,300.0,,,,,,,gmt,497_gmt,outer_rise
12969469,2007-09-22T08:01:03,-76.446,-45.934,10.0,5.55,mw,75.0,80.0,178.0,165.0,88.0,10.0,5.686087718771306,30.59790130096627,79.82667797988734,154.29884496168472,8.407961223745847,299.7546450877197,-0.59,1.57,-0.97,0.36,-0.41,-2.25,gem,497_gem,outer_rise
C200709220801A,2007-09-22T08:01:03,-76.28,-45.91,10.0,5.5,mwc,75.0,80.0,178.0,165.0,88.0,10.0,8.0,31.0,80.0,175.0,6.0,300.0,,,,,,,us,497_us,outer_rise
C200709220801A,2007-09-22T08:01:04,-76.8,-46.01,12.0,5.6,mw,75.0,80.0,178.0,165.0,88.0,10.0,8.0,31.0,80.0,175.0,6.0,300.0,-5.95e+16,1.57e+17,-9.73e+16,3.6e+16,-4.07e+16,-2.25e+17,gcmt,497_gcmtb,outer_rise
C200709220801A,2007-09-22T08:01:04,-76.8,-46.01,12.0,5.6,mw,75.0,80.0,178.0,165.0,88.0,10.0,8.0,31.0,80.0,175.0,6.0,300.0,-5.95e+16,1.57e+17,-9.73e+16,3.6e+16,-4.07e+16,-2.25e+17,gcmt,497_gcmt,outer_rise
200710161337A,2007-10-16T13:37:00,-76.84,-45.98,14.0,5.2,mw,71.0,63.0,-173.0,338.0,83.0,-27.0,14.0,27.0,,,23.0,291.0,,,,,,,gmt,498_gmt,outer_rise
13243356,2007-10-16T13:37:53,-76.131,-45.927,10.0,5.19,mw,71.0,63.0,-173.0,338.0,83.0,-27.0,22.304685780366984,27.36535371034876,62.70972661154827,170.03273648904565,14.90684381969762,291.0958632924484,-1.87,5.27,-3.39,1.35,-2.85,-5.39,gem,498_gem,outer_rise
C200710161337A,2007-10-16T13:37:53,-76.37,-45.99,10.0,5.2,mwc,71.0,63.0,-173.0,338.0,83.0,-27.0,14.0,28.0,62.0,145.0,23.0,291.0,,,,,,,us,498_us,outer_rise
200802292251A,2008-02-29T22:51:00,-75.49,-40.56,19.0,5.0,mw,212.0,46.0,-107.0,56.0,47.0,-73.0,0.0,134.0,,,78.0,43.0,,,,,,,gmt,503_gmt,outer_rise
C200802292251A,2008-02-29T22:51:37,-75.49,-40.56,19.5,5.1,mw,212.0,46.0,-107.0,56.0,47.0,-73.0,1.0,134.0,12.0,224.0,78.0,41.0,-4.69e+16,2.26e+16,2.43e+16,-9370000000000000.0,7730000000000000.0,1.7e+16,gcmt,503_gcmt,outer_rise
C200802292251A,2008-02-29T22:51:37,-75.49,-40.56,19.5,5.1,mw,212.0,46.0,-107.0,56.0,47.0,-73.0,1.0,134.0,12.0,224.0,78.0,41.0,-4.69e+16,2.26e+16,2.43e+16,-9370000000000000.0,7730000000000000.0,1.7e+16,gcmt,503_gcmtb,outer_rise
200804110129A,2008-04-11T01:29:00,-76.36,-45.88,17.0,5.1,mw,80.0,67.0,-165.0,343.0,76.0,-24.0,6.0,33.0,,,26.0,300.0,,,,,,,gmt,506_gmt,outer_rise
200805201516A,2008-05-20T15:16:00,-78.9,-44.57,12.0,5.6,mw,76.0,64.0,-170.0,342.0,81.0,-27.0,12.0,31.0,,,25.0,296.0,,,,,,,gmt,509_gmt,outer_rise
10971876,2008-05-20T15:16:06,-78.044,-44.529,15.0,5.58,mw,76.0,64.0,-170.0,342.0,81.0,-27.0,23.2178494576102,31.289187708374016,63.32206469629899,179.90884714697404,12.407009152717322,295.8741245437035,-0.29,1.48,-1.19,-0.05,-1.32,-2.12,gem,509_gem,outer_rise
C200805201516A,2008-05-20T15:16:07,-78.9,-44.57,12.2,5.6,mw,76.0,64.0,-170.0,342.0,81.0,-27.0,12.0,32.0,62.0,145.0,25.0,296.0,-2.89e+16,1.48e+17,-1.19e+17,-4600000000000000.0,-1.32e+17,-2.12e+17,gcmt,509_gcmt,outer_rise
C200805201516A,2008-05-20T15:16:07,-78.9,-44.57,12.2,5.6,mw,76.0,64.0,-170.0,342.0,81.0,-27.0,12.0,32.0,62.0,145.0,25.0,296.0,-2.89e+16,1.48e+17,-1.19e+17,-4600000000000000.0,-1.32e+17,-2.12e+17,gcmt,509_gcmtb,outer_rise
12078106,2008-12-18T21:50:39,-72.95,-32.65,32.0,5.8,mw,175.0,81.0,90.0,355.0,9.0,90.0,54.0,85.0,0.0,175.0,35.0,265.0,43000000000.0,0.0,-44000000000.0,11000000000.0,-133000000000.0,4000000000.0,neic,516_neic,outer_rise
200903121103A,2009-03-12T11:03:00,-78.35,-45.27,17.0,5.0,mw,157.0,43.0,-117.0,12.0,53.0,-67.0,5.0,86.0,,,71.0,341.0,,,,,,,gmt,526_gmt,outer_rise
12085978,2009-03-12T11:03:11,-78.019,-44.977,15.0,4.99,mw,12.0,53.0,-67.0,157.0,43.0,-117.0,43.51931257349565,265.8874664782107,42.05212264937879,54.82375221337389,16.130871733637118,159.94667347718143,-3.72,0.44,3.28,-1.44,-0.76,-0.35,gem,526_gem,outer_rise
C200906170705A,2009-06-17T07:04:52,-77.15,-45.62,10.0,5.2,mwc,346.0,68.0,-11.0,80.0,80.0,-158.0,8.0,212.0,65.0,104.0,23.0,305.0,,,,,,,us,535_us,outer_rise
13681521,2009-06-17T07:04:53,-77.204,-45.649,15.0,5.22,mw,80.0,80.0,-158.0,346.0,68.0,-11.0,21.17440775647494,31.449400093410247,67.02655956500291,235.4217064815317,8.50364497430815,124.76963660730678,-0.81,3.51,-2.7,-2.87,-2.2,-7.19,gem,535_gem,outer_rise
200906170705A,2009-06-17T07:05:00,-77.61,-45.83,25.0,5.2,mw,346.0,68.0,-11.0,80.0,80.0,-158.0,8.0,211.0,,,23.0,305.0,,,,,,,gmt,535_gmt,outer_rise
200906290307A,2009-06-29T03:07:00,-77.15,-45.64,17.0,5.3,mw,79.0,67.0,-171.0,346.0,81.0,-23.0,10.0,34.0,,,22.0,300.0,,,,,,,gmt,536_gmt,outer_rise
C200906290307A,2009-06-29T03:07:31,-77.15,-45.64,17.0,5.2,mw,79.0,67.0,-171.0,346.0,81.0,-23.0,10.0,34.0,65.0,147.0,22.0,300.0,-2.8000000000000004e+16,5.759999999999999e+16,-2.96e+16,4800000000000000.0,-4.03e+16,-9.87e+16,gcmt,536_gcmt,outer_rise
C200906290307A,2009-06-29T03:07:31,-77.15,-45.64,17.0,5.2,mw,79.0,67.0,-171.0,346.0,81.0,-23.0,10.0,34.0,65.0,147.0,22.0,300.0,-2.8000000000000004e+16,5.759999999999999e+16,-2.96e+16,4800000000000000.0,-4.03e+16,-9.87e+16,gcmt,536_gcmtb,outer_rise
13307294,2009-06-29T03:07:31,-76.686,-45.576,15.0,5.31,mw,79.0,67.0,-171.0,346.0,81.0,-23.0,21.006810779432893,34.1763009907595,66.20338945544415,184.72629462981715,10.672627139755878,300.02631258634085,-0.28,0.58,-0.29,0.05,-0.4,-0.99,gem,536_gem,outer_rise
20090629030730,2009-06-29T03:07:31,-77.15,-45.64,17.0,5.3,mwc,79.0,67.0,-171.0,346.0,81.0,-23.0,10.0,34.0,65.0,147.0,22.0,300.0,-2.8e+16,5.76e+16,-2.96e+16,4800000000000000.0,-4.03e+16,-9.87e+16,us,536_us,outer_rise
200909120356A,2009-09-12T03:56:00,-76.99,-45.83,18.0,5.0,mw,176.0,26.0,-92.0,359.0,64.0,-89.0,19.0,87.0,,,71.0,270.0,,,,,,,gmt,540_gmt,outer_rise
C200909120356A,2009-09-12T03:56:57,-76.99,-45.83,18.3,5.1,mw,176.0,26.0,-92.0,359.0,64.0,-89.0,19.0,88.0,1.0,179.0,71.0,272.0,-3.46e+16,7160000000000000.0,2.75e+16,-200000000000000.0,-2.37e+16,-940000000000000.0,gcmt,540_gcmtb,outer_rise
C200909120356A,2009-09-12T03:56:57,-76.99,-45.83,18.3,5.1,mw,176.0,26.0,-92.0,359.0,64.0,-89.0,19.0,88.0,1.0,179.0,71.0,272.0,-3.46e+16,7160000000000000.0,2.75e+16,-200000000000000.0,-2.37e+16,-940000000000000.0,gcmt,540_gcmt,outer_rise
13760091,2009-09-12T03:56:57,-76.407,-45.589,15.0,4.99,mw,176.0,26.0,-92.0,359.0,64.0,-89.0,44.99624887639573,87.4956705192169,1.4225041558521725,178.91842694813818,44.96844132022318,270.3398027409446,-3.46,0.72,2.75,-0.02,-2.37,-0.09,gem,540_gem,outer_rise
C200909120356A,2009-09-12T03:56:59,-76.51,-45.64,31.6,5.0,mwc,176.0,26.0,-92.0,359.0,64.0,-89.0,19.0,88.0,1.0,179.0,71.0,272.0,,,,,,,us,540_us,outer_rise
200911222207A,2009-11-22T22:07:00,-75.46,-39.77,12.0,5.8,mw,199.0,43.0,-69.0,351.0,51.0,-109.0,4.0,94.0,,,75.0,199.0,,,,,,,gmt,544_gmt,outer_rise
C200911222207A,2009-11-22T22:07:51,-75.46,-39.77,12.0,5.9,mw,199.0,43.0,-69.0,351.0,51.0,-109.0,4.0,94.0,14.0,3.0,75.0,200.0,-6.99e+17,-1.9e+16,7.19e+17,1.77e+17,-1.16e+17,6.7e+16,gcmt,544_gcmtb,outer_rise
C200911222207A,2009-11-22T22:07:51,-75.46,-39.77,12.0,5.9,mw,199.0,43.0,-69.0,351.0,51.0,-109.0,4.0,94.0,14.0,3.0,75.0,200.0,-6.99e+17,-1.9e+16,7.19e+17,1.77e+17,-1.16e+17,6.7e+16,gcmt,544_gcmt,outer_rise
201002270801A,2010-02-27T08:01:00,-75.41,-38.09,20.0,6.6,mw,3.0,46.0,-102.0,200.0,46.0,-78.0,0.0,101.0,,,81.0,194.0,,,,,,,gmt,551_gmt,outer_rise
14357776,2010-02-27T08:01:20,-75.271,-37.846,15.0,7.36,mw,3.0,46.0,-102.0,200.0,46.0,-78.0,44.67595894069776,281.4541962430185,45.22153435214644,106.29835508232918,2.4241365193760167,13.853198976108615,-1.4,0.16,1.24,0.23,-0.04,0.23,gem,551_gem,outer_rise
S201002270801A,2010-02-27T08:01:23,-75.05,-37.77,41.7,7.4,mwc,3.0,46.0,-102.0,200.0,46.0,-78.0,0.0,281.0,9.0,11.0,81.0,191.0,,,,,,,us,551_us,outer_rise
S201002270801A,2010-02-27T08:01:29,-75.41,-38.09,19.9,6.8,mw,3.0,46.0,-102.0,200.0,46.0,-78.0,0.0,281.0,9.0,11.0,81.0,191.0,-1.3999999999999998e+20,1.63e+19,1.24e+20,2.34e+19,-4.1e+18,2.27e+19,gcmt,551_gcmtb,outer_rise
S201002270801A,2010-02-27T08:01:29,-75.41,-38.09,19.9,6.8,mw,3.0,46.0,-102.0,200.0,46.0,-78.0,0.0,281.0,9.0,11.0,81.0,191.0,-1.3999999999999998e+20,1.63e+19,1.24e+20,2.34e+19,-4.1e+18,2.27e+19,gcmt,551_gcmt,outer_rise
C201003010530A,2010-03-01T05:30:34,-73.88,-34.72,16.5,5.1,mw,234.0,44.0,-67.0,24.0,50.0,-111.0,3.0,128.0,16.0,37.0,74.0,229.0,-2.81e+16,1.16e+16,1.64e+16,5390000000000000.0,-8040000000000000.0,1.18e+16,gcmt,560_gcmt,outer_rise
C201003010530A,2010-03-01T05:30:34,-73.88,-34.72,16.5,5.1,mw,234.0,44.0,-67.0,24.0,50.0,-111.0,3.0,128.0,16.0,37.0,74.0,229.0,-2.81e+16,1.16e+16,1.64e+16,5390000000000000.0,-8040000000000000.0,1.18e+16,gcmt,560_gcmtb,outer_rise
C201003010530A,2010-03-01T05:30:35,-73.6,-34.67,35.0,4.9,mwc,234.0,44.0,-67.0,24.0,50.0,-111.0,3.0,128.0,16.0,37.0,74.0,229.0,,,,,,,us,560_us,outer_rise
201003010858A,2010-03-01T08:58:00,-74.96,-37.91,19.0,5.0,mw,204.0,41.0,-79.0,9.0,50.0,-100.0,4.0,106.0,,,82.0,228.0,,,,,,,gmt,563_gmt,outer_rise
C201003010858A,2010-03-01T08:58:31,-74.96,-37.91,18.8,5.3,mw,204.0,41.0,-79.0,9.0,50.0,-100.0,4.0,106.0,7.0,15.0,81.0,225.0,-3.98e+16,6150000000000000.0,3.36e+16,4070000000000000.0,-7150000000000000.0,8890000000000000.0,gcmt,563_gcmtb,outer_rise
C201003010858A,2010-03-01T08:58:31,-74.96,-37.91,18.8,5.3,mw,204.0,41.0,-79.0,9.0,50.0,-100.0,4.0,106.0,7.0,15.0,81.0,225.0,-3.98e+16,6150000000000000.0,3.36e+16,4070000000000000.0,-7150000000000000.0,8890000000000000.0,gcmt,563_gcmt,outer_rise
201003011220A,2010-03-01T12:20:00,-74.01,-34.57,12.0,5.1,mw,41.0,40.0,-91.0,222.0,50.0,-89.0,5.0,312.0,,,85.0,139.0,,,,,,,gmt,564_gmt,outer_rise
14344165,2010-03-01T12:20:14,-73.828,-34.521,15.0,5.09,mw,41.0,40.0,-91.0,222.0,50.0,-89.0,44.998183427897445,311.7097942500527,3.6860217333976784,45.40323300132661,44.765007272266416,139.06669007879202,-5.24,2.27,2.97,0.61,0.62,2.74,gem,564_gem,outer_rise
C201003011220A,2010-03-01T12:20:17,-74.01,-34.57,12.0,5.0,mw,41.0,40.0,-91.0,222.0,50.0,-89.0,5.0,311.0,0.0,41.0,85.0,137.0,-5.24e+16,2.27e+16,2.97e+16,6080000000000000.0,6240000000000000.0,2.7400000000000004e+16,gcmt,564_gcmt,outer_rise
C201003011220A,2010-03-01T12:20:17,-74.01,-34.57,12.0,5.0,mw,41.0,40.0,-91.0,222.0,50.0,-89.0,5.0,311.0,0.0,41.0,85.0,137.0,-5.24e+16,2.27e+16,2.97e+16,6080000000000000.0,6240000000000000.0,2.7400000000000004e+16,gcmt,564_gcmtb,outer_rise
C201003011220A,2010-03-01T12:20:18,-73.74,-34.54,35.0,5.1,mwc,41.0,40.0,-91.0,222.0,50.0,-89.0,5.0,311.0,0.0,41.0,85.0,137.0,,,,,,,us,564_us,outer_rise
201003011436A,2010-03-01T14:36:00,-73.96,-34.53,12.0,5.2,mw,46.0,39.0,-89.0,224.0,51.0,-91.0,6.0,315.0,,,84.0,129.0,,,,,,,gmt,565_gmt,outer_rise
14344172,2010-03-01T14:36:27,-73.564,-34.418,15.0,5.18,mw,46.0,39.0,-89.0,224.0,51.0,-91.0,44.998252887397655,315.2890110326639,3.0179544670555263,222.2670456923069,44.842927839863215,129.26143583704334,-7.55,3.76,3.79,1.0,1.19,2.99,gem,565_gem,outer_rise
C201003011436A,2010-03-01T14:36:29,-73.96,-34.53,12.0,5.3,mw,46.0,39.0,-89.0,224.0,51.0,-91.0,6.0,315.0,1.0,225.0,84.0,127.0,-7.55e+16,3.76e+16,3.79e+16,1e+16,1.19e+16,2.9900000000000004e+16,gcmt,565_gcmt,outer_rise
C201003011436A,2010-03-01T14:36:29,-73.96,-34.53,12.0,5.3,mw,46.0,39.0,-89.0,224.0,51.0,-91.0,6.0,315.0,1.0,225.0,84.0,127.0,-7.55e+16,3.76e+16,3.79e+16,1e+16,1.19e+16,2.9900000000000004e+16,gcmt,565_gcmtb,outer_rise
C201003011436A,2010-03-01T14:36:30,-73.5,-34.39,30.9,5.2,mwc,46.0,39.0,-89.0,224.0,51.0,-91.0,6.0,315.0,1.0,225.0,84.0,127.0,,,,,,,us,565_us,outer_rise
201003012240A,2010-03-01T22:40:00,-74.27,-34.9,18.0,5.0,mw,32.0,37.0,-88.0,209.0,53.0,-92.0,8.0,301.0,,,82.0,112.0,,,,,,,gmt,568_gmt,outer_rise
14344341,2010-03-01T22:40:15,-73.999,-34.745,18.0,4.97,mw,32.0,37.0,-88.0,209.0,53.0,-92.0,44.99355458095125,300.57197772866243,4.3379917075833605,206.2224794321475,44.678626712611695,111.92062463267791,-3.7,1.17,2.53,0.42,0.9,1.24,gem,568_gem,outer_rise
C201003012240A,2010-03-01T22:40:18,-73.81,-34.83,35.0,5.0,mwc,32.0,37.0,-88.0,209.0,53.0,-92.0,8.0,300.0,1.0,210.0,82.0,111.0,,,,,,,us,568_us,outer_rise
201003040903A,2010-03-04T09:03:00,-74.96,-37.72,17.0,5.0,mw,217.0,45.0,-56.0,353.0,54.0,-119.0,5.0,104.0,,,66.0,205.0,,,,,,,gmt,584_gmt,outer_rise
14351179,2010-03-04T09:03:38,-74.723,-37.593,16.8,5.03,mw,217.0,45.0,-56.0,353.0,54.0,-119.0,42.54815144940487,103.61786615176923,45.000000000000014,307.0,11.93125974898568,204.8012816671932,-3.71,-0.21,3.92,1.5,-0.99,1.21,gem,584_gem,outer_rise
C201003040903A,2010-03-04T09:03:40,-74.96,-37.72,16.8,5.1,mw,217.0,45.0,-56.0,353.0,54.0,-119.0,4.0,104.0,23.0,12.0,66.0,204.0,-3.71e+16,-2110000000000000.0,3.92e+16,1.5e+16,-9880000000000000.0,1.21e+16,gcmt,584_gcmt,outer_rise
C201003040903A,2010-03-04T09:03:40,-74.96,-37.72,16.8,5.1,mw,217.0,45.0,-56.0,353.0,54.0,-119.0,4.0,104.0,23.0,12.0,66.0,204.0,-3.71e+16,-2110000000000000.0,3.92e+16,1.5e+16,-9880000000000000.0,1.21e+16,gcmt,584_gcmtb,outer_rise
201003081303A,2010-03-08T13:03:00,-73.97,-34.54,12.0,5.1,mw,38.0,41.0,-97.0,228.0,49.0,-84.0,4.0,313.0,,,84.0,181.0,,,,,,,gmt,598_gmt,outer_rise
14398331,2010-03-08T13:03:40,-73.752,-34.501,15.0,5.11,mw,38.0,41.0,-97.0,228.0,49.0,-84.0,44.90764290754561,312.95691097163694,25.72375075983897,71.65716918016693,34.032803202913136,180.6448552158493,-5.85,2.74,3.12,0.96,0.26,2.79,gem,598_gem,outer_rise
C201003081303A,2010-03-08T13:03:43,-73.82,-34.53,34.7,5.1,mwc,38.0,41.0,-97.0,228.0,49.0,-84.0,4.0,313.0,5.0,44.0,84.0,183.0,,,,,,,us,598_us,outer_rise
C201003081303A,2010-03-08T13:03:43,-73.97,-34.54,12.0,5.0,mw,38.0,41.0,-97.0,228.0,49.0,-84.0,4.0,313.0,5.0,44.0,84.0,183.0,-5.85e+16,2.7400000000000004e+16,3.12e+16,9600000000000000.0,2640000000000000.0,2.79e+16,gcmt,598_gcmt,outer_rise
C201003081303A,2010-03-08T13:03:43,-73.97,-34.54,12.0,5.0,mw,38.0,41.0,-97.0,228.0,49.0,-84.0,4.0,313.0,5.0,44.0,84.0,183.0,-5.85e+16,2.7400000000000004e+16,3.12e+16,9600000000000000.0,2640000000000000.0,2.79e+16,gcmt,598_gcmtb,outer_rise
201003100845A,2010-03-10T08:45:00,-74.29,-35.16,18.0,5.1,mw,48.0,34.0,-59.0,192.0,61.0,-109.0,14.0,296.0,,,68.0,64.0,,,,,,,gmt,604_gmt,outer_rise
14399318,2010-03-10T08:45:20,-73.928,-35.033,17.9,5.08,mw,48.0,34.0,-59.0,192.0,61.0,-109.0,43.675521324682464,295.9225107014194,28.3284203251948,174.94377564579838,33.081652815112434,64.38433967875943,-4.26,1.05,3.21,-0.42,2.81,1.98,gem,604_gem,outer_rise
C201003100845A,2010-03-10T08:45:22,-74.29,-35.16,17.9,5.1,mw,48.0,34.0,-59.0,192.0,61.0,-109.0,14.0,296.0,17.0,201.0,68.0,64.0,-4.26e+16,1.05e+16,3.21e+16,-4200000000000000.0,2.81e+16,1.98e+16,gcmt,604_gcmtb,outer_rise
C201003100845A,2010-03-10T08:45:22,-74.29,-35.16,17.9,5.1,mw,48.0,34.0,-59.0,192.0,61.0,-109.0,14.0,296.0,17.0,201.0,68.0,64.0,-4.26e+16,1.05e+16,3.21e+16,-4200000000000000.0,2.81e+16,1.98e+16,gcmt,604_gcmt,outer_rise
C201003100845A,2010-03-10T08:45:23,-73.83,-34.99,35.0,5.1,mwc,48.0,34.0,-59.0,192.0,61.0,-109.0,14.0,296.0,17.0,201.0,68.0,64.0,,,,,,,us,604_us,outer_rise
201003101220A,2010-03-10T12:20:00,-72.85,-33.6,15.0,5.6,mw,47.0,6.0,122.0,195.0,85.0,87.0,50.0,101.0,,,40.0,288.0,,,,,,,gmt,605_gmt,outer_rise
C201003101220A,2010-03-10T12:20:59,-72.85,-33.6,15.0,5.5,mw,47.0,6.0,122.0,195.0,85.0,87.0,50.0,102.0,3.0,195.0,40.0,288.0,5.759999999999999e+16,-6600000000000000.0,-5.1e+16,-9.03e+16,-3.37e+17,-3.57e+16,gcmt,605_gcmt,outer_rise
C201003101220A,2010-03-10T12:20:59,-72.85,-33.6,15.0,5.5,mw,47.0,6.0,122.0,195.0,85.0,87.0,50.0,102.0,3.0,195.0,40.0,288.0,5.759999999999999e+16,-6600000000000000.0,-5.1e+16,-9.03e+16,-3.37e+17,-3.57e+16,gcmt,605_gcmtb,outer_rise
201003101600A,2010-03-10T16:00:00,-75.28,-38.25,27.0,5.1,mw,344.0,55.0,-152.0,237.0,67.0,-38.0,8.0,293.0,,,43.0,196.0,,,,,,,gmt,606_gmt,outer_rise
14400304,2010-03-10T16:00:50,-74.929,-38.172,15.0,5.11,mw,237.0,67.0,-38.0,344.0,55.0,-152.0,34.30663945926558,112.83535209913964,54.00157271664896,272.7516606754617,9.597225767947924,16.210246538624972,-2.66,-2.02,4.68,2.99,-0.06,2.96,gem,606_gem,outer_rise
C201003101600A,2010-03-10T16:00:52,-74.91,-38.09,22.9,5.1,mwc,344.0,55.0,-152.0,237.0,67.0,-38.0,7.0,293.0,46.0,31.0,43.0,196.0,,,,,,,us,606_us,outer_rise
201003121032A,2010-03-12T10:32:00,-74.69,-37.86,18.0,5.1,mw,348.0,18.0,71.0,188.0,73.0,96.0,62.0,107.0,,,28.0,273.0,,,,,,,gmt,612_gmt,outer_rise
C201003230234A,2010-03-23T02:34:01,-76.61,-45.69,10.0,4.9,mwc,164.0,45.0,-99.0,357.0,46.0,-81.0,0.0,81.0,6.0,171.0,84.0,348.0,,,,,,,us,635_us,outer_rise
C201003230234A,2010-03-23T02:34:02,-77.04,-45.94,13.9,5.0,mw,164.0,45.0,-99.0,357.0,46.0,-81.0,0.0,81.0,6.0,171.0,84.0,348.0,-2.51e+16,2990000000000000.0,2.21e+16,-2980000000000000.0,-740000000000000.0,-3250000000000000.0,gcmt,635_gcmtb,outer_rise
C201003230234A,2010-03-23T02:34:02,-77.04,-45.94,13.9,5.0,mw,164.0,45.0,-99.0,357.0,46.0,-81.0,0.0,81.0,6.0,171.0,84.0,348.0,-2.51e+16,2990000000000000.0,2.21e+16,-2980000000000000.0,-740000000000000.0,-3250000000000000.0,gcmt,635_gcmt,outer_rise
201006280059A,2010-06-28T00:59:00,-75.34,-37.91,20.0,5.6,mw,41.0,39.0,-59.0,184.0,57.0,-113.0,10.0,289.0,,,69.0,45.0,,,,,,,gmt,668_gmt,outer_rise
14788677,2010-06-28T00:59:46,-75.147,-37.872,20.0,5.61,mw,41.0,39.0,-59.0,184.0,57.0,-113.0,43.3620410433405,289.3187060426288,36.49288977370529,155.00095286023566,24.71990343051033,45.089521704746346,-2.53,-0.29,2.82,-0.34,1.2,1.43,gem,668_gem,outer_rise
C201006280059A,2010-06-28T00:59:47,-75.04,-37.91,28.2,5.6,mwc,41.0,39.0,-59.0,184.0,57.0,-113.0,10.0,290.0,19.0,196.0,69.0,45.0,,,,,,,us,668_us,outer_rise
C201006280059A,2010-06-28T00:59:51,-75.34,-37.91,20.4,5.8,mw,41.0,39.0,-59.0,184.0,57.0,-113.0,10.0,290.0,19.0,196.0,69.0,45.0,-2.53e+17,-2.88e+16,2.82e+17,-3.3600000000000004e+16,1.2e+17,1.43e+17,gcmt,668_gcmtb,outer_rise
C201006280059A,2010-06-28T00:59:51,-75.34,-37.91,20.4,5.8,mw,41.0,39.0,-59.0,184.0,57.0,-113.0,10.0,290.0,19.0,196.0,69.0,45.0,-2.53e+17,-2.88e+16,2.82e+17,-3.3600000000000004e+16,1.2e+17,1.43e+17,gcmt,668_gcmt,outer_rise
201007092257A,2010-07-09T22:57:00,-76.41,-45.93,12.0,5.3,mw,79.0,59.0,-176.0,347.0,86.0,-31.0,19.0,37.0,,,24.0,298.0,,,,,,,gmt,671_gmt,outer_rise
C201007092257A,2010-07-09T22:57:16,-76.41,-45.93,12.0,5.1,mw,79.0,59.0,-176.0,347.0,86.0,-31.0,19.0,37.0,58.0,161.0,24.0,298.0,-1700000000000000.0,3.74e+16,-3.57e+16,800000000000000.0,-5.37e+16,-7.7e+16,gcmt,671_gcmt,outer_rise
C201007092257A,2010-07-09T22:57:16,-76.41,-45.93,12.0,5.1,mw,79.0,59.0,-176.0,347.0,86.0,-31.0,19.0,37.0,58.0,161.0,24.0,298.0,-1700000000000000.0,3.74e+16,-3.57e+16,800000000000000.0,-5.37e+16,-7.7e+16,gcmt,671_gcmtb,outer_rise
C201009300026A,2010-09-30T00:26:10,-74.26,-36.25,20.2,5.6,mwc,9.0,17.0,98.0,180.0,73.0,87.0,62.0,86.0,2.0,181.0,28.0,272.0,,,,,,,us,690_us,outer_rise
15214879,2010-09-30T00:26:10,-74.256,-36.249,20.2,5.8,mw,188.0,73.0,113.0,312.0,29.0,38.0,56.0,128.0,22.0,0.0,24.0,260.0,39300000000.0,-3000000000.0,-36300000000.0,-21100000000.0,-50500000000.0,20400000000.0,neic,690_neic,outer_rise
201010210249A,2010-10-21T02:49:00,-74.07,-34.82,12.0,5.9,mw,2.0,45.0,-136.0,237.0,60.0,-54.0,9.0,303.0,,,58.0,199.0,,,,,,,gmt,691_gmt,outer_rise
15259406,2010-10-21T02:49:55,-73.726,-34.737,8.0,5.8,mw,240.0,66.0,-46.0,353.0,48.0,-147.0,11.0,301.0,39.0,39.0,49.0,198.0,-38700000000.0,-10300000000.0,49000000000.00001,30800000000.0,6899999999.999999,44800000000.00001,neic,691_neic,outer_rise
15259406,2010-10-21T02:49:56,-73.77,-34.754,15.0,5.91,mw,2.0,45.0,-136.0,237.0,60.0,-54.0,40.60913197722794,302.9763111656098,44.99999999999999,92.0,16.038822854808757,198.7070771911018,-0.58,-0.04,0.62,0.28,0.12,0.64,gem,691_gem,outer_rise
C201010210249A,2010-10-21T02:49:56,-73.72,-34.74,10.4,5.9,mwc,2.0,45.0,-136.0,237.0,60.0,-54.0,9.0,302.0,30.0,38.0,58.0,198.0,,,,,,,us,691_us,outer_rise
C201010210249A,2010-10-21T02:50:01,-74.07,-34.82,12.0,5.9,mw,2.0,45.0,-136.0,237.0,60.0,-54.0,9.0,302.0,30.0,38.0,58.0,198.0,-5.83e+17,-4e+16,6.23e+17,2.84e+17,1.15e+17,6.38e+17,gcmt,691_gcmt,outer_rise
C201010210249A,2010-10-21T02:50:01,-74.07,-34.82,12.0,5.9,mw,2.0,45.0,-136.0,237.0,60.0,-54.0,9.0,302.0,30.0,38.0,58.0,198.0,-5.83e+17,-4e+16,6.23e+17,2.84e+17,1.15e+17,6.38e+17,gcmt,691_gcmtb,outer_rise
201012131851A,2010-12-13T18:51:00,-73.51,-34.07,12.0,5.2,mw,38.0,28.0,-89.0,217.0,62.0,-90.0,17.0,307.0,,,73.0,126.0,,,,,,,gmt,699_gmt,outer_rise
15793752,2010-12-13T18:51:02,-73.296,-34.01,12.6,5.19,mw,38.0,28.0,-89.0,217.0,62.0,-90.0,44.99894845173556,307.2605893307564,0.8392585887993457,216.42127150304464,44.98875911367929,125.58225216796336,-6.21,2.17,4.04,2.63,3.57,3.34,gem,699_gem,outer_rise
C201012131851A,2010-12-13T18:51:05,-73.51,-34.07,12.0,5.3,mw,38.0,28.0,-89.0,217.0,62.0,-90.0,17.0,307.0,0.0,217.0,73.0,126.0,-6.21e+16,2.17e+16,4.04e+16,2.63e+16,3.57e+16,3.34e+16,gcmt,699_gcmtb,outer_rise
C201012131851A,2010-12-13T18:51:05,-73.08,-33.99,29.3,5.2,mwc,38.0,28.0,-89.0,217.0,62.0,-90.0,17.0,307.0,0.0,217.0,73.0,126.0,,,,,,,us,699_us,outer_rise
C201012131851A,2010-12-13T18:51:05,-73.51,-34.07,12.0,5.3,mw,38.0,28.0,-89.0,217.0,62.0,-90.0,17.0,307.0,0.0,217.0,73.0,126.0,-6.21e+16,2.17e+16,4.04e+16,2.63e+16,3.57e+16,3.34e+16,gcmt,699_gcmt,outer_rise
201104040754A,2011-04-04T07:54:00,-77.04,-45.8,12.0,5.3,mw,174.0,32.0,-79.0,341.0,59.0,-97.0,13.0,76.0,,,75.0,232.0,,,,,,,gmt,732_gmt,outer_rise
16506185,2011-04-04T07:54:33,-76.674,-45.617,10.3,5.33,mw,174.0,32.0,-79.0,341.0,59.0,-97.0,44.844393585474144,76.02729983918363,12.404031668545512,333.3918728706493,42.5087951325165,231.7614404809744,-1.12,0.11,1.01,0.28,-0.52,-0.2,gem,732_gem,outer_rise
pde20110404075435940_26,2011-04-04T07:54:34,-77.04,-45.8,12.0,5.3,mwc,174.0,32.0,-79.0,341.0,59.0,-97.0,14.0,76.0,6.0,344.0,75.0,231.0,-1.12e+17,1.1e+16,1.01e+17,2.8e+16,-5.2e+16,-2e+16,us,732_us,outer_rise
C201104040754A,2011-04-04T07:54:34,-77.04,-45.8,12.0,5.3,mw,174.0,32.0,-79.0,341.0,59.0,-97.0,14.0,76.0,6.0,344.0,75.0,231.0,-1.1200000000000002e+17,1.12e+16,1.01e+17,2.7600000000000004e+16,-5.15e+16,-2.04e+16,gcmt,732_gcmtb,outer_rise
C201104040754A,2011-04-04T07:54:34,-77.04,-45.8,12.0,5.3,mw,174.0,32.0,-79.0,341.0,59.0,-97.0,14.0,76.0,6.0,344.0,75.0,231.0,-1.1200000000000002e+17,1.12e+16,1.01e+17,2.7600000000000004e+16,-5.15e+16,-2.04e+16,gcmt,732_gcmt,outer_rise
201110192045A,2011-10-19T20:45:00,-77.8,-45.74,26.0,5.2,mw,69.0,70.0,-159.0,331.0,70.0,-22.0,0.0,20.0,,,29.0,290.0,,,,,,,gmt,762_gmt,outer_rise
C201110192045A,2011-10-19T20:45:10,-77.8,-45.74,26.4,5.0,mw,69.0,70.0,-159.0,331.0,70.0,-22.0,0.0,20.0,61.0,111.0,29.0,290.0,-1.22e+16,5.32e+16,-4.1e+16,-1.09e+16,-3.19e+16,-3.91e+16,gcmt,762_gcmtb,outer_rise
C201110192045A,2011-10-19T20:45:10,-77.8,-45.74,26.4,5.0,mw,69.0,70.0,-159.0,331.0,70.0,-22.0,0.0,20.0,61.0,111.0,29.0,290.0,-1.22e+16,5.32e+16,-4.1e+16,-1.09e+16,-3.19e+16,-3.91e+16,gcmt,762_gcmt,outer_rise
600015354,2011-10-19T20:45:10,-77.475,-45.712,10.0,5.17,mw,69.0,70.0,-159.0,331.0,70.0,-22.0,25.639624625853937,20.310979867544404,64.35905320287111,199.68778651861987,0.2431165687146467,290.194290344474,-1.22,5.32,-4.1,-1.09,-3.19,-3.91,gem,762_gem,outer_rise
201111251735A,2011-11-25T17:35:00,-75.59,-37.77,30.0,5.0,mw,321.0,47.0,-122.0,184.0,52.0,-60.0,3.0,253.0,,,67.0,157.0,,,,,,,gmt,766_gmt,outer_rise
17594931,2011-11-25T17:35:43,-75.041,-38.023,15.0,5.01,mw,184.0,52.0,-60.0,321.0,47.0,-122.0,42.58050601034833,73.27100572452906,46.61759102991393,239.76068144905383,6.785648753951028,336.99367305678214,-3.51,0.14,3.38,1.56,0.79,-1.15,gem,766_gem,outer_rise
C201111251735A,2011-11-25T17:35:44,-75.59,-37.77,30.0,5.0,mw,321.0,47.0,-122.0,184.0,52.0,-60.0,2.0,253.0,23.0,344.0,67.0,158.0,-3.51e+16,1360000000000000.0,3.38e+16,1.56e+16,7940000000000000.0,-1.15e+16,gcmt,766_gcmt,outer_rise
C201111251735A,2011-11-25T17:35:44,-75.59,-37.77,30.0,5.0,mw,321.0,47.0,-122.0,184.0,52.0,-60.0,2.0,253.0,23.0,344.0,67.0,158.0,-3.51e+16,1360000000000000.0,3.38e+16,1.56e+16,7940000000000000.0,-1.15e+16,gcmt,766_gcmtb,outer_rise
pde20111125173547180_39,2011-11-25T17:35:44,-75.59,-37.77,30.0,5.0,mwc,321.0,47.0,-122.0,184.0,52.0,-60.0,2.0,253.0,23.0,344.0,67.0,158.0,-3.51e+16,1400000000000000.0,3.38e+16,1.56e+16,7900000000000000.0,-1.15e+16,us,766_us,outer_rise
201112161202A,2011-12-16T12:02:00,-76.43,-46.0,14.0,5.4,mw,75.0,75.0,178.0,165.0,89.0,15.0,12.0,31.0,,,9.0,299.0,,,,,,,gmt,768_gmt,outer_rise
C201112161202A,2011-12-16T12:02:57,-76.43,-46.0,14.3,5.5,mw,75.0,75.0,178.0,165.0,89.0,15.0,11.0,31.0,75.0,171.0,9.0,299.0,-5000000000000000.0,8.68e+16,-8.18e+16,1.85e+16,-4.08e+16,-1.44e+17,gcmt,768_gcmt,outer_rise
pde20111216120256980_10,2011-12-16T12:02:57,-76.43,-46.0,14.3,5.4,mwc,75.0,75.0,178.0,165.0,89.0,15.0,11.0,31.0,75.0,171.0,9.0,299.0,-5000000000000000.0,8.7e+16,-8.2e+16,1.9e+16,-4.1e+16,-1.44e+17,us,768_us,outer_rise
C201112161202A,2011-12-16T12:02:57,-76.43,-46.0,14.3,5.5,mw,75.0,75.0,178.0,165.0,89.0,15.0,11.0,31.0,75.0,171.0,9.0,299.0,-5000000000000000.0,8.68e+16,-8.18e+16,1.85e+16,-4.08e+16,-1.44e+17,gcmt,768_gcmtb,outer_rise
600053895,2011-12-16T12:02:57,-76.358,-45.811,15.0,5.43,mw,75.0,75.0,178.0,165.0,89.0,15.0,9.240745129530474,31.24447849026893,74.90259171334944,158.33537184648458,11.833482448311065,299.2910074873341,-0.05,0.87,-0.81,0.18,-0.41,-1.44,gem,768_gem,outer_rise
201112161254A,2011-12-16T12:54:00,-76.57,-46.01,15.0,5.7,mw,76.0,71.0,177.0,167.0,87.0,19.0,15.0,33.0,,,11.0,300.0,,,,,,,gmt,769_gmt,outer_rise
600053896,2011-12-16T12:54:25,-76.378,-45.885,15.0,5.74,mw,76.0,71.0,177.0,167.0,87.0,19.0,11.445969574692317,33.08473821254256,70.85878838202039,158.77071497073894,15.13120766028272,299.9462797207965,-0.81,2.47,-1.65,1.17,-1.5,-4.23,gem,769_gem,outer_rise
pde20111216125425370_10,2011-12-16T12:54:25,-76.26,-45.85,12.0,5.8,mww,170.0,67.0,6.0,78.0,84.0,157.0,19.0,31.0,66.0,244.0,11.0,125.0,-2000000000000000.0,1.97e+17,-1.94e+17,2.28e+17,-3.4e+16,-4.62e+17,us,769_us,outer_rise
C201112161254A,2011-12-16T12:54:26,-76.57,-46.01,15.4,5.8,mw,76.0,71.0,177.0,167.0,87.0,19.0,16.0,33.0,71.0,176.0,11.0,300.0,-8.12e+16,2.4700000000000003e+17,-1.65e+17,1.17e+17,-1.5e+17,-4.2300000000000006e+17,gcmt,769_gcmtb,outer_rise
C201112161254A,2011-12-16T12:54:26,-76.57,-46.01,15.4,5.8,mw,76.0,71.0,177.0,167.0,87.0,19.0,16.0,33.0,71.0,176.0,11.0,300.0,-8.12e+16,2.4700000000000003e+17,-1.65e+17,1.17e+17,-1.5e+17,-4.2300000000000006e+17,gcmt,769_gcmt,outer_rise
201112221506A,2011-12-22T15:06:00,-76.64,-46.06,28.0,5.0,mw,72.0,66.0,-177.0,341.0,87.0,-24.0,15.0,29.0,,,19.0,294.0,,,,,,,gmt,770_gmt,outer_rise
C201112221506A,2011-12-22T15:06:30,-76.64,-46.06,27.5,5.1,mw,72.0,66.0,-177.0,341.0,87.0,-24.0,15.0,29.0,66.0,155.0,18.0,294.0,-4530000000000000.0,2.78e+16,-2.33e+16,6160000000000000.0,-1.75e+16,-3.47e+16,gcmt,770_gcmtb,outer_rise
C201112221506A,2011-12-22T15:06:30,-76.64,-46.06,27.5,5.1,mw,72.0,66.0,-177.0,341.0,87.0,-24.0,15.0,29.0,66.0,155.0,18.0,294.0,-4530000000000000.0,2.78e+16,-2.33e+16,6160000000000000.0,-1.75e+16,-3.47e+16,gcmt,770_gcmt,outer_rise
pde20111222150632600_13,2011-12-22T15:06:30,-76.64,-46.06,27.5,5.0,mwc,72.0,66.0,-177.0,341.0,87.0,-24.0,15.0,29.0,66.0,155.0,18.0,294.0,-4500000000000000.0,2.78e+16,-2.33e+16,6200000000000000.0,-1.75e+16,-3.47e+16,us,770_us,outer_rise
600091494,2011-12-22T15:06:32,-76.146,-45.891,10.0,5.05,mw,72.0,66.0,-177.0,341.0,87.0,-24.0,18.381347561742658,28.88986411678934,65.92106833898941,166.92768959186583,15.003786490216582,293.78024606316376,-0.45,2.78,-2.33,0.62,-1.75,-3.47,gem,770_gem,outer_rise
201112230418A,2011-12-23T04:18:00,-79.85,-44.71,23.0,5.0,mw,258.0,75.0,-166.0,164.0,76.0,-15.0,1.0,211.0,,,20.0,121.0,,,,,,,gmt,771_gmt,outer_rise
600094053,2011-12-23T04:18:42,-79.416,-44.349,10.0,5.05,mw,164.0,76.0,-15.0,258.0,75.0,-166.0,19.221029859295808,30.91934685197544,70.774522275379,209.63899485248936,0.3980707742440421,300.7805577256978,-1.16,2.6,-1.44,0.53,1.01,-3.91,gem,771_gem,outer_rise
201201050054A,2012-01-05T00:54:00,-76.65,-45.95,18.0,5.3,mw,75.0,69.0,-175.0,343.0,85.0,-22.0,11.0,31.0,,,18.0,297.0,,,,,,,gmt,772_gmt,outer_rise
600136597,2012-01-05T00:54:31,-76.34,-45.962,10.0,5.3,mw,75.0,69.0,-175.0,343.0,85.0,-22.0,17.592850642706033,30.916779964179,68.68773630656227,175.28301378374795,11.644773216155674,297.17007651208235,-0.08,0.58,-0.5,0.04,-0.4,-0.86,gem,772_gem,outer_rise
201204061325A,2012-04-06T13:25:00,-75.38,-38.54,21.0,5.0,mw,181.0,42.0,-110.0,27.0,52.0,-73.0,5.0,105.0,,,76.0,356.0,,,,,,,gmt,785_gmt,outer_rise
600852623,2012-04-06T13:25:01,-75.051,-38.195,15.0,5.0,mw,27.0,52.0,-73.0,181.0,42.0,-110.0,44.21114289162618,285.01074914695414,38.166553112680376,64.8845931445752,21.296048715085103,172.72564487826617,-3.82,0.41,3.41,-1.16,-0.38,0.79,gem,785_gem,outer_rise
600934780,2012-04-25T05:01:57,-79.828,-44.545,10.0,5.3,mw,169.0,75.0,-10.0,261.0,81.0,-165.0,16.81713712531851,34.74818255049075,72.71856582309829,228.4593281428222,3.864736890839816,125.91813290677244,-0.12,0.42,-0.3,0.23,0.2,-0.98,gem,787_gem,outer_rise
201211120507A,2012-11-12T05:07:00,-77.28,-45.76,18.0,5.2,mw,78.0,73.0,179.0,168.0,89.0,17.0,13.0,34.0,,,11.0,302.0,,,,,,,gmt,802_gmt,outer_rise
601884096,2012-11-12T05:07:13,-76.949,-45.579,15.0,5.24,mw,78.0,73.0,179.0,168.0,89.0,17.0,11.296998209817952,34.42825984113955,72.98039197805961,165.1664641369798,12.56111413440837,301.8771537759794,0.46,3.41,-3.87,0.48,-2.66,-7.83,gem,802_gem,outer_rise
201211121055A,2012-11-12T10:55:00,-77.41,-45.76,17.0,5.1,mw,77.0,64.0,-179.0,346.0,89.0,-26.0,17.0,35.0,,,19.0,299.0,,,,,,,gmt,803_gmt,outer_rise
601885151,2012-11-12T10:55:13,-77.226,-45.689,10.0,5.12,mw,77.0,64.0,-179.0,346.0,89.0,-26.0,18.59530950394029,34.80509031616339,63.99321816141917,168.4042911002465,17.51527920420372,298.70995309861263,0.18,2.4,-2.58,0.35,-2.65,-4.78,gem,803_gem,outer_rise
C201211130310A,2012-11-13T03:10:38,-77.4,-45.76,12.0,5.0,mw,76.0,74.0,-165.0,342.0,76.0,-17.0,1.0,29.0,68.0,123.0,22.0,299.0,1890000000000000.0,1.01e+16,-1.2e+16,-5070000000000000.0,-1e+16,-1.75e+16,gcmt,804_gcmt,outer_rise
C201211130310A,2012-11-13T03:10:38,-77.4,-45.76,12.0,5.0,mw,76.0,74.0,-165.0,342.0,76.0,-17.0,1.0,29.0,68.0,123.0,22.0,299.0,1890000000000000.0,1.01e+16,-1.2e+16,-5070000000000000.0,-1e+16,-1.75e+16,gcmt,804_gcmtb,outer_rise
201211130431A,2012-11-13T04:31:00,-77.54,-45.8,18.0,6.0,mw,77.0,79.0,176.0,168.0,86.0,11.0,11.0,33.0,,,5.0,302.0,,,,,,,gmt,805_gmt,outer_rise
choy20121113043126,2012-11-13T04:31:26,-77.05,-45.76,9.0,6.1,mww,77.0,82.0,-176.0,346.0,86.0,-8.0,8.387077569129302,31.9308092623362,81.12916137010338,192.77966070041856,2.868765551864522,301.50749027377594,,,,,,,us,805_us,outer_rise
601890535,2012-11-13T04:31:27,-77.087,-45.703,15.0,6.03,mw,77.0,79.0,176.0,168.0,86.0,11.0,5.028782319826467,32.85234440766203,78.39864435915013,148.23274674138423,10.427537332824794,301.9244673182597,-0.03,0.6,-0.56,0.17,-0.26,-1.25,gem,805_gem,outer_rise
C201211130431A,2012-11-13T04:31:30,-77.54,-45.8,17.9,6.1,mw,77.0,79.0,176.0,168.0,86.0,11.0,11.0,33.0,78.0,185.0,5.0,302.0,-3.4000000000000004e+16,5.97e+17,-5.63e+17,1.66e+17,-2.55e+17,-1.25e+18,gcmt,805_gcmtb,outer_rise
C201211130431A,2012-11-13T04:31:30,-77.54,-45.8,17.9,6.1,mw,77.0,79.0,176.0,168.0,86.0,11.0,11.0,33.0,78.0,185.0,5.0,302.0,-3.4000000000000004e+16,5.97e+17,-5.63e+17,1.66e+17,-2.55e+17,-1.25e+18,gcmt,805_gcmt,outer_rise
601890535,2012-11-13T04:31:46,-76.79,-45.73,10.0,6.0,mw,80.0,89.0,-146.0,349.0,56.0,-1.0,23.0,209.0,56.0,81.0,24.0,310.0,-10000000000.0,56000000000.00001,-46000000000.0,-91000000000.0,-7000000000.000001,-125000000000.0,neic,805_neic,outer_rise
201211252211A,2012-11-25T22:11:00,-78.37,-44.5,16.0,5.1,mw,80.0,79.0,-172.0,349.0,82.0,-11.0,2.0,34.0,,,13.0,304.0,,,,,,,gmt,812_gmt,outer_rise
601994445,2012-11-25T22:11:44,-77.927,-44.361,10.0,5.06,mw,80.0,79.0,-172.0,349.0,82.0,-11.0,13.04494998001221,34.48640057254579,76.75464571223436,204.32993268887,2.255739729392128,303.9634802147157,-1.6,2.55,-0.95,-0.12,-0.66,-4.53,gem,812_gem,outer_rise
602345432,2013-01-23T07:42:58,-79.084,-44.617,11.5,5.4,mw,165.0,72.0,-28.0,264.0,63.0,-160.0,6.0,216.0,57.0,316.0,32.0,122.0,-3100000000.0,6200000000.0,-3200000000.0,3700000000.0,8100000000.0,-12000000000.0,neic,818_neic,outer_rise
C201301230743A,2013-01-23T07:42:59,-79.68,-44.71,24.6,5.5,mw,348.0,85.0,5.0,258.0,85.0,175.0,7.0,213.0,83.0,33.0,0.0,303.0,-2.23e+16,1e+17,-7.78e+16,-2.47e+16,1.6e+16,-1.99e+17,gcmt,818_gcmt,outer_rise
C201301230743A,2013-01-23T07:42:59,-79.68,-44.71,24.6,5.5,mw,348.0,85.0,5.0,258.0,85.0,175.0,7.0,213.0,83.0,33.0,0.0,303.0,-2.23e+16,1e+17,-7.78e+16,-2.47e+16,1.6e+16,-1.99e+17,gcmt,818_gcmtb,outer_rise
602345432,2013-01-23T07:43:00,-79.209,-44.606,15.0,5.49,mw,258.0,85.0,175.0,348.0,85.0,5.0,0.0135395518445205,213.2192791047444,82.98656679975291,303.3293366492046,7.013419999600454,123.21761343760528,-0.22,1.0,-0.77,-0.25,0.16,-1.99,gem,818_gem,outer_rise
201301230743A,2013-01-23T07:43:00,-79.68,-44.71,25.0,5.5,mw,348.0,85.0,5.0,258.0,85.0,175.0,7.0,213.0,,,0.0,303.0,,,,,,,gmt,818_gmt,outer_rise
201304130919A,2013-04-13T09:19:00,-76.3,-45.89,14.0,5.4,mw,76.0,68.0,-178.0,346.0,88.0,-22.0,14.0,33.0,,,17.0,298.0,,,,,,,gmt,824_gmt,outer_rise
C201304130919A,2013-04-13T09:19:05,-76.3,-45.89,13.8,5.4,mw,76.0,68.0,-178.0,346.0,88.0,-22.0,14.0,33.0,68.0,162.0,17.0,299.0,6200000000000000.0,5.87e+16,-6.48e+16,3700000000000000.0,-5.43e+16,-1.1399999999999998e+17,gcmt,824_gcmt,outer_rise
C201304130919A,2013-04-13T09:19:05,-76.3,-45.89,13.8,5.4,mw,76.0,68.0,-178.0,346.0,88.0,-22.0,14.0,33.0,68.0,162.0,17.0,299.0,6200000000000000.0,5.87e+16,-6.48e+16,3700000000000000.0,-5.43e+16,-1.1399999999999998e+17,gcmt,824_gcmtb,outer_rise
pde20130413091904880_10,2013-04-13T09:19:07,-76.33,-45.89,17.1,5.4,mwc,79.0,67.0,-167.0,344.0,78.0,-23.0,7.0,33.0,64.0,138.0,25.0,300.0,3000000000000000.0,6.6e+16,-6.8e+16,-3.2e+16,-8.2e+16,-1.27e+17,us,824_us,outer_rise
602926694,2013-05-03T09:18:18,-72.473,-28.114,15.0,5.16,mw,204.0,47.0,-73.0,359.0,45.0,-108.0,44.32959255759455,102.06782392512082,45.481946420826496,275.5022903771848,3.2875025415838204,8.851149581763366,-6.69,0.25,6.44,1.59,-0.09,1.32,gem,825_gem,outer_rise
201305211251A,2013-05-21T12:51:00,-77.04,-45.7,12.0,5.2,mw,113.0,32.0,-118.0,326.0,62.0,-73.0,16.0,43.0,,,69.0,268.0,,,,,,,gmt,826_gmt,outer_rise
602990057,2013-05-21T12:51:53,-76.664,-45.561,15.0,5.23,mw,113.0,32.0,-118.0,326.0,62.0,-73.0,44.01123254341566,43.16056788326512,24.134163698125743,158.8081446677329,36.27572195293352,268.0055562679229,-0.56,0.35,0.21,0.25,-0.37,-0.61,gem,826_gem,outer_rise
C201305211251A,2013-05-21T12:51:53,-77.04,-45.7,12.0,5.0,mw,113.0,32.0,-118.0,326.0,62.0,-73.0,15.0,43.0,15.0,137.0,68.0,269.0,-5.649999999999999e+16,3.46e+16,2.19e+16,2.48e+16,-3.71e+16,-6.14e+16,gcmt,826_gcmt,outer_rise
C201305211251A,2013-05-21T12:51:53,-77.04,-45.7,12.0,5.0,mw,113.0,32.0,-118.0,326.0,62.0,-73.0,15.0,43.0,15.0,137.0,68.0,269.0,-5.649999999999999e+16,3.46e+16,2.19e+16,2.48e+16,-3.71e+16,-6.14e+16,gcmt,826_gcmtb,outer_rise
201310211817A,2013-10-21T18:17:00,-75.48,-38.04,13.0,5.0,mw,201.0,38.0,-61.0,346.0,57.0,-111.0,10.0,91.0,,,70.0,210.0,,,,,,,gmt,832_gmt,outer_rise
609074863,2013-10-21T18:17:21,-75.148,-37.992,13.3,5.0,mw,201.0,38.0,-61.0,346.0,57.0,-111.0,43.6188685634472,90.61804061154174,34.351091466906105,319.97981495436886,26.97140941328505,209.6263062198101,-3.41,-0.18,3.59,1.19,-1.28,0.26,gem,832_gem,outer_rise
C201310211817A,2013-10-21T18:17:21,-75.48,-38.04,13.3,5.0,mw,201.0,38.0,-61.0,346.0,57.0,-111.0,10.0,91.0,17.0,358.0,70.0,209.0,-3.41e+16,-1770000000000000.0,3.59e+16,1.19e+16,-1.28e+16,2590000000000000.0,gcmt,832_gcmtb,outer_rise
C201310211817A,2013-10-21T18:17:21,-75.48,-38.04,13.3,5.0,mw,201.0,38.0,-61.0,346.0,57.0,-111.0,10.0,91.0,17.0,358.0,70.0,209.0,-3.41e+16,-1770000000000000.0,3.59e+16,1.19e+16,-1.28e+16,2590000000000000.0,gcmt,832_gcmt,outer_rise
201401071206A,2014-01-07T12:06:00,-79.9,-44.7,24.0,5.1,mw,256.0,81.0,176.0,347.0,86.0,9.0,9.0,212.0,,,4.0,121.0,,,,,,,gmt,842_gmt,outer_rise
C201401071206A,2014-01-07T12:06:10,-79.9,-44.7,24.4,5.0,mw,256.0,81.0,176.0,347.0,86.0,9.0,9.0,212.0,80.0,8.0,4.0,121.0,-1530000000000000.0,3.07e+16,-2.92e+16,-7340000000000000.0,9410000000000000.0,-5.76e+16,gcmt,842_gcmt,outer_rise
C201401071206A,2014-01-07T12:06:10,-79.9,-44.7,24.4,5.0,mw,256.0,81.0,176.0,347.0,86.0,9.0,9.0,212.0,80.0,8.0,4.0,121.0,-1530000000000000.0,3.07e+16,-2.92e+16,-7340000000000000.0,9410000000000000.0,-5.76e+16,gcmt,842_gcmtb,outer_rise
603937792,2014-01-07T12:06:12,-79.291,-44.506,24.4,5.15,mw,256.0,81.0,176.0,347.0,86.0,9.0,3.5876840102758005,211.6032507652899,80.2348923758861,322.96839603415134,9.070163174061644,121.02975365704869,-0.15,3.07,-2.92,-0.73,0.94,-5.76,gem,842_gem,outer_rise
201403021012A,2014-03-02T10:12:00,-76.95,-45.56,18.0,5.4,mw,170.0,33.0,-47.0,302.0,67.0,-114.0,18.0,50.0,,,61.0,176.0,,,,,,,gmt,845_gmt,outer_rise
604085373,2014-03-02T10:12:23,-76.722,-45.74,18.0,5.34,mw,170.0,33.0,-47.0,302.0,67.0,-114.0,42.62783617157649,49.50433620994335,29.94829322970342,287.477816949979,32.717409277044624,175.7543384835012,-1.0,0.22,0.77,0.95,-0.1,-0.32,gem,845_gem,outer_rise
C201403021012A,2014-03-02T10:12:24,-76.95,-45.56,18.0,5.2,mw,170.0,33.0,-47.0,302.0,67.0,-114.0,18.0,50.0,22.0,312.0,61.0,177.0,-1e+17,2.24e+16,7.76e+16,9.52e+16,-1.01e+16,-3.17e+16,gcmt,845_gcmtb,outer_rise
C201403021012A,2014-03-02T10:12:24,-76.95,-45.56,18.0,5.2,mw,170.0,33.0,-47.0,302.0,67.0,-114.0,18.0,50.0,22.0,312.0,61.0,177.0,-1e+17,2.24e+16,7.76e+16,9.52e+16,-1.01e+16,-3.17e+16,gcmt,845_gcmt,outer_rise
201403021114A,2014-03-02T11:14:00,-76.89,-46.15,15.0,5.2,mw,6.0,49.0,-50.0,134.0,55.0,-127.0,3.0,249.0,,,61.0,345.0,,,,,,,gmt,846_gmt,outer_rise
604085377,2014-03-02T11:14:40,-76.645,-45.792,15.3,5.18,mw,6.0,49.0,-50.0,134.0,55.0,-127.0,41.1547216883014,248.9214938125079,48.119440829349806,81.81218205367975,6.438450019295665,344.5819600909685,-5.8,0.04,5.76,-4.17,-0.84,-2.27,gem,846_gem,outer_rise
C201403021114A,2014-03-02T11:14:40,-76.89,-46.15,15.3,5.3,mw,6.0,49.0,-50.0,134.0,55.0,-127.0,3.0,249.0,29.0,157.0,60.0,345.0,-5.8e+16,420000000000000.0,5.76e+16,-4.17e+16,-8380000000000000.0,-2.27e+16,gcmt,846_gcmtb,outer_rise
C201403021114A,2014-03-02T11:14:40,-76.89,-46.15,15.3,5.3,mw,6.0,49.0,-50.0,134.0,55.0,-127.0,3.0,249.0,29.0,157.0,60.0,345.0,-5.8e+16,420000000000000.0,5.76e+16,-4.17e+16,-8380000000000000.0,-2.27e+16,gcmt,846_gcmt,outer_rise
201403021618A,2014-03-02T16:18:00,-76.93,-45.78,21.0,5.0,mw,160.0,33.0,-86.0,336.0,57.0,-93.0,12.0,67.0,,,78.0,237.0,,,,,,,gmt,847_gmt,outer_rise
604085391,2014-03-02T16:18:30,-76.576,-45.869,21.0,5.02,mw,160.0,33.0,-86.0,336.0,57.0,-93.0,44.97836555215363,67.10891526150778,5.294865736827003,331.7953199520662,44.53369162090616,236.5637994832857,-3.78,0.45,3.33,0.8,-1.55,-1.38,gem,847_gem,outer_rise
C201403021618A,2014-03-02T16:18:32,-76.93,-45.78,21.0,5.1,mw,160.0,33.0,-86.0,336.0,57.0,-93.0,12.0,68.0,2.0,337.0,78.0,237.0,-3.78e+16,4540000000000000.0,3.33e+16,8030000000000000.0,-1.55e+16,-1.3799999999999998e+16,gcmt,847_gcmt,outer_rise
C201403021618A,2014-03-02T16:18:32,-76.93,-45.78,21.0,5.1,mw,160.0,33.0,-86.0,336.0,57.0,-93.0,12.0,68.0,2.0,337.0,78.0,237.0,-3.78e+16,4540000000000000.0,3.33e+16,8030000000000000.0,-1.55e+16,-1.3799999999999998e+16,gcmt,847_gcmtb,outer_rise
201403021703A,2014-03-02T17:03:00,-76.96,-45.81,12.0,5.4,mw,177.0,32.0,-64.0,328.0,61.0,-105.0,15.0,68.0,,,69.0,205.0,,,,,,,gmt,848_gmt,outer_rise
C201403021703A,2014-03-02T17:03:43,-76.96,-45.81,12.0,5.4,mw,177.0,32.0,-64.0,328.0,61.0,-105.0,15.0,69.0,13.0,335.0,70.0,205.0,-1.18e+17,9800000000000000.0,1.09e+17,5.649999999999999e+16,-4.99e+16,-3.34e+16,gcmt,848_gcmt,outer_rise
b000mzjs,2014-03-02T17:03:43,-77.0,-45.94,12.0,5.4,mwc,343.0,53.0,-90.0,164.0,37.0,-90.0,8.0,73.0,0.0,343.0,82.0,253.0,-1.27e+17,1.6e+16,1.11e+17,1.06e+16,-3.47e+16,-3.08e+16,us,848_us,outer_rise
C201403021703A,2014-03-02T17:03:43,-76.96,-45.81,12.0,5.4,mw,177.0,32.0,-64.0,328.0,61.0,-105.0,15.0,69.0,13.0,335.0,70.0,205.0,-1.18e+17,9800000000000000.0,1.09e+17,5.649999999999999e+16,-4.99e+16,-3.34e+16,gcmt,848_gcmtb,outer_rise
604085395,2014-03-02T17:03:43,-76.246,-45.796,15.0,5.36,mw,177.0,32.0,-64.0,328.0,61.0,-105.0,44.14473101177303,68.25998940936324,23.21123499537273,313.6639805152078,36.84559088158057,204.91997821289536,-1.18,0.1,1.09,0.56,-0.5,-0.33,gem,848_gem,outer_rise
C201409240634A,2014-09-24T06:34:39,-73.76,-34.36,20.5,5.0,mw,359.0,39.0,-99.0,190.0,52.0,-83.0,6.0,275.0,5.0,6.0,82.0,135.0,-3.28e+16,1870000000000000.0,3.09e+16,3940000000000000.0,6860000000000001.0,2190000000000000.0,gcmt,865_gcmt,outer_rise
C201409240634A,2014-09-24T06:34:39,-73.76,-34.36,20.5,5.0,mw,359.0,39.0,-99.0,190.0,52.0,-83.0,6.0,275.0,5.0,6.0,82.0,135.0,-3.28e+16,1870000000000000.0,3.09e+16,3940000000000000.0,6860000000000001.0,2190000000000000.0,gcmt,865_gcmtb,outer_rise
610572645,2014-09-24T06:34:39,-73.38,-34.39,11.5,5.0,mw,2.0,72.0,-92.0,190.0,18.0,-83.0,27.0,94.0,2.0,3.0,63.0,269.0,-2176000000.0,-39000000.0,2215000000.0,-77000000.0,-2966000000.0,235000000.0,neic,865_neic,outer_rise
b000sfgp,2014-09-24T06:34:39,-73.38,-34.39,11.5,5.0,mww,2.0,72.0,-92.0,190.0,18.0,-83.0,27.0,94.0,2.0,3.0,63.0,269.0,-2.176e+16,-390000000000000.0,2.215e+16,-770000000000000.0,-2.966e+16,2350000000000000.0,us,865_us,outer_rise
201503061039A,2015-03-06T10:39:00,-78.91,-44.52,14.0,5.0,mw,77.0,74.0,-172.0,345.0,82.0,-16.0,6.0,32.0,,,17.0,300.0,,,,,,,gmt,879_gmt,outer_rise
C201503061039A,2015-03-06T10:39:50,-78.91,-44.52,14.3,5.1,mw,77.0,74.0,-172.0,345.0,82.0,-16.0,6.0,32.0,72.0,141.0,17.0,300.0,-1680000000000000.0,2.06e+16,-1.89e+16,-2990000000000000.0,-1.36e+16,-3.74e+16,gcmt,879_gcmt,outer_rise
C201503061039A,2015-03-06T10:39:50,-78.91,-44.52,14.3,5.1,mw,77.0,74.0,-172.0,345.0,82.0,-16.0,6.0,32.0,72.0,141.0,17.0,300.0,-1680000000000000.0,2.06e+16,-1.89e+16,-2990000000000000.0,-1.36e+16,-3.74e+16,gcmt,879_gcmtb,outer_rise
606794601,2015-03-06T10:39:50,-78.462,-44.318,14.3,5.03,mw,77.0,74.0,-172.0,345.0,82.0,-16.0,16.223439821898058,31.730641428939293,72.65100299697914,190.38361957942303,5.982455751828306,299.98329860307274,-0.17,2.06,-1.89,-0.3,-1.36,-3.74,gem,879_gem,outer_rise
201507200947A,2015-07-20T09:47:00,-74.45,-35.81,17.0,5.1,mw,16.0,43.0,-97.0,205.0,47.0,-84.0,2.0,291.0,,,85.0,176.0,,,,,,,gmt,893_gmt,outer_rise
607502549,2015-07-20T09:47:39,-74.382,-35.712,10.0,5.08,mw,16.0,43.0,-97.0,205.0,47.0,-84.0,44.90055841823797,290.9472504934268,36.36901097264136,68.15967870993529,22.79501642381357,176.18823146238344,-5.35,0.72,4.62,0.52,0.15,1.67,gem,893_gem,outer_rise
20003gru,2015-09-05T18:15:20,-75.35,-37.93,11.5,4.9,mww,358.0,55.0,-100.0,195.0,37.0,-76.0,9.0,95.0,8.0,4.0,78.0,232.0,-2.409e+16,160000000000000.0,2.393e+16,3030000000000000.0,-8180000000000000.0,2630000000000000.0,us,898_us,outer_rise
608098144,2015-09-17T03:55:08,-72.53,-30.97,35.5,6.5,mw,157.0,56.0,79.0,356.0,35.0,106.0,76.0,34.0,9.0,163.0,11.0,254.0,584400000000.0,25600000000.0,-610000000000.0,154200000000.0,-213200000000.0,171900000000.0,neic,903_neic,outer_rise
20003kfj,2015-09-17T03:55:08,-72.53,-30.97,35.5,6.5,mww,157.0,56.0,79.0,356.0,35.0,106.0,76.0,34.0,9.0,163.0,11.0,254.0,5.844e+18,2.56e+17,-6.1e+18,1.542e+18,-2.132e+18,1.719e+18,us,903_us,outer_rise
201509180818A,2015-09-18T08:18:00,-72.6,-32.32,12.0,5.5,mw,348.0,20.0,85.0,173.0,70.0,92.0,65.0,86.0,,,25.0,262.0,,,,,,,gmt,918_gmt,outer_rise
C201509180818A,2015-09-18T08:18:22,-72.6,-32.32,12.0,5.6,mw,348.0,20.0,85.0,173.0,70.0,92.0,65.0,86.0,2.0,353.0,25.0,262.0,1.26e+17,-8000000000000000.0,-1.18e+17,1.49e+16,-1.45e+17,1.94e+16,gcmt,918_gcmtb,outer_rise
C201509180818A,2015-09-18T08:18:22,-72.6,-32.32,12.0,5.6,mw,348.0,20.0,85.0,173.0,70.0,92.0,65.0,86.0,2.0,353.0,25.0,262.0,1.26e+17,-8000000000000000.0,-1.18e+17,1.49e+16,-1.45e+17,1.94e+16,gcmt,918_gcmt,outer_rise
C201509190433A,2015-09-19T04:33:49,-72.96,-30.48,19.1,5.0,mw,355.0,38.0,-106.0,195.0,54.0,-78.0,8.0,277.0,10.0,8.0,77.0,149.0,-2.93e+16,4780000000000000.0,2.46e+16,7160000000000000.0,6780000000000000.0,1440000000000000.0,gcmt,922_gcmt,outer_rise
C201509190433A,2015-09-19T04:33:49,-72.96,-30.48,19.1,5.0,mw,355.0,38.0,-106.0,195.0,54.0,-78.0,8.0,277.0,10.0,8.0,77.0,149.0,-2.93e+16,4780000000000000.0,2.46e+16,7160000000000000.0,6780000000000000.0,1440000000000000.0,gcmt,922_gcmtb,outer_rise
20150919043348,2015-09-19T04:33:49,-72.96,-30.48,19.1,4.9,mwc,355.0,38.0,-106.0,195.0,54.0,-78.0,8.0,277.0,10.0,8.0,77.0,149.0,-2.93e+16,4780000000000000.0,2.46e+16,7160000000000000.0,6780000000000000.0,1440000000000000.0,us,922_us,outer_rise
201510021633A,2015-10-02T16:33:00,-72.93,-31.08,20.0,5.0,mw,216.0,52.0,-50.0,343.0,53.0,-129.0,0.0,99.0,,,60.0,190.0,,,,,,,gmt,946_gmt,outer_rise
10003jsk,2015-10-02T16:33:28,-72.84,-31.09,11.5,4.9,mww,357.0,60.0,-102.0,200.0,32.0,-70.0,14.0,96.0,10.0,3.0,72.0,237.0,-2.178e+16,-3660000000000000.0,2.544e+16,2710000000000000.0,-1.303e+16,3980000000000000.0,us,946_us,outer_rise
607849909,2015-10-02T16:33:30,-72.667,-31.062,20.4,5.01,mw,216.0,52.0,-50.0,343.0,53.0,-129.0,40.76841785435117,98.96492479041194,49.215308393474,280.90653469822377,0.9604109773149118,189.7931123264688,-3.17,-0.54,3.71,2.15,-0.41,0.74,gem,946_gem,outer_rise
201510060451A,2015-10-06T04:51:00,-72.52,-30.26,24.0,5.0,mw,342.0,34.0,75.0,181.0,57.0,100.0,76.0,119.0,,,12.0,263.0,,,,,,,gmt,953_gmt,outer_rise
611838290,2015-11-07T07:04:40,-72.43,-29.47,11.5,6.2,mw,12.0,18.0,89.0,194.0,72.0,90.0,63.0,104.0,0.0,13.0,27.0,283.0,133200000000.0,-10200000000.0,-123000000000.0,-44100000000.0,-180900000000.0,-27300000000.000004,neic,961_neic,outer_rise
10003vgi,2015-11-07T07:04:40,-72.43,-29.47,11.5,6.2,mww,194.0,72.0,90.0,12.0,18.0,89.0,63.0,104.0,0.0,13.0,27.0,283.0,1.332e+18,-1.02e+17,-1.23e+18,-4.41e+17,-1.809e+18,-2.73e+17,us,961_us,outer_rise
C201511070704A,2015-11-07T07:04:41,-72.33,-29.54,12.0,6.2,mw,1.0,25.0,79.0,193.0,65.0,95.0,69.0,114.0,5.0,11.0,20.0,280.0,1.12e+18,-3000000000000000.0,-1.12e+18,-2.7500000000000003e+17,-9.09e+17,-1.47e+17,gcmt,961_gcmt,outer_rise
C201511070704A,2015-11-07T07:04:41,-72.33,-29.54,12.0,6.2,mw,1.0,25.0,79.0,193.0,65.0,95.0,69.0,114.0,5.0,11.0,20.0,280.0,1.12e+18,-3000000000000000.0,-1.12e+18,-2.7500000000000003e+17,-9.09e+17,-1.47e+17,gcmt,961_gcmtb,outer_rise
201602192150A,2016-02-19T21:50:00,-77.89,-45.8,25.0,5.0,mw,80.0,72.0,-163.0,344.0,74.0,-19.0,1.0,33.0,,,25.0,302.0,,,,,,,gmt,986_gmt,outer_rise
608338691,2016-02-19T21:50:49,-77.755,-45.717,10.0,5.02,mw,80.0,72.0,-163.0,344.0,74.0,-19.0,22.54954583964065,32.56075546060089,67.40369594427835,208.674245118432,1.378243651850895,301.98835151460537,-0.68,2.08,-1.4,-0.8,-1.48,-3.51,gem,986_gem,outer_rise
201603271201A,2016-03-27T12:01:00,-77.32,-45.64,36.0,5.0,mw,74.0,80.0,-174.0,343.0,84.0,-10.0,3.0,29.0,,,11.0,298.0,,,,,,,gmt,991_gmt,outer_rise
608505285,2016-03-27T12:01:41,-77.178,-45.676,15.0,4.97,mw,74.0,80.0,-174.0,343.0,84.0,-10.0,11.079606902521716,28.7579933659556,78.53300253715834,193.6298704464801,2.918554205964984,298.18597016986826,0.81,1.49,-2.29,-0.38,-0.93,-2.86,gem,991_gem,outer_rise
201607270125A,2016-07-27T01:25:00,-79.48,-44.62,20.0,5.9,mw,78.0,88.0,179.0,168.0,89.0,2.0,2.0,33.0,,,1.0,303.0,,,,,,,gmt,1009_gmt,outer_rise
609262802,2016-07-27T01:25:12,-79.147,-44.447,10.0,5.88,mw,78.0,88.0,179.0,168.0,89.0,2.0,0.7077351526880118,33.03055810841397,87.76511056290082,141.48383178515735,2.1197604485731,303.004360886704,-0.55,3.73,-3.18,0.26,-0.33,-7.55,gem,1009_gem,outer_rise
C201607270125A,2016-07-27T01:25:18,-79.48,-44.62,20.3,5.9,mw,78.0,88.0,179.0,168.0,89.0,2.0,2.0,33.0,87.0,191.0,1.0,303.0,-5.520000000000001e+16,3.73e+17,-3.18e+17,2.64e+16,-3.27e+16,-7.55e+17,gcmt,1009_gcmt,outer_rise
C201607270125A,2016-07-27T01:25:18,-79.48,-44.62,20.3,5.9,mw,78.0,88.0,179.0,168.0,89.0,2.0,2.0,33.0,87.0,191.0,1.0,303.0,-5.520000000000001e+16,3.73e+17,-3.18e+17,2.64e+16,-3.27e+16,-7.55e+17,gcmt,1009_gcmtb,outer_rise
609262802,2016-07-27T01:25:23,-79.33,-44.49,15.5,5.9,mw,257.0,71.0,169.0,351.0,79.0,19.0,21.0,215.0,68.0,19.0,6.0,123.0,-3600000000.0,35100000000.0,-31500000000.0,-31800000000.0,30400000000.0,-83200000000.0,neic,1009_neic,outer_rise
201608231447A,2016-08-23T14:47:00,-77.66,-45.77,22.0,5.0,mw,76.0,70.0,-175.0,344.0,86.0,-20.0,11.0,32.0,,,17.0,298.0,,,,,,,gmt,1011_gmt,outer_rise
609376850,2016-08-23T14:47:27,-77.37,-45.704,10.0,5.02,mw,76.0,70.0,-175.0,344.0,86.0,-20.0,16.95958345486276,31.777996845225346,69.6505721174749,177.0868556958493,10.912653992270611,298.40730183573305,-0.59,2.3,-1.7,0.29,-1.36,-3.54,gem,1011_gem,outer_rise
201705061451A,2017-05-06T14:51:00,-78.83,-44.52,14.0,5.4,mw,76.0,73.0,178.0,167.0,88.0,17.0,13.0,33.0,,,11.0,300.0,,,,,,,gmt,1062_gmt,outer_rise
610617754,2017-05-06T14:51:40,-78.2247,-44.3017,10.0,5.3,mw,67.47,80.8,169.08,159.24,79.22,9.37,14.0,23.0,76.0,208.0,1.0,113.0,3718000000.0,4564000000.0,-8282000000.0,1059000000.0,-148000000.0,-6856000000.0,neic,1062_neic,outer_rise
610617754,2017-05-06T14:51:40,-78.306,-44.315,13.9,5.35,mw,76.0,73.0,178.0,167.0,88.0,17.0,10.658348814752037,32.56901775707212,72.92168820196216,160.34500931429147,13.186541773057051,300.04173638147506,-0.0,0.59,-0.58,0.15,-0.38,-1.15,gem,1062_gem,outer_rise
C201705061451A,2017-05-06T14:51:43,-78.83,-44.52,13.9,5.4,mw,76.0,73.0,178.0,167.0,88.0,17.0,13.0,33.0,73.0,173.0,11.0,300.0,-200000000000000.0,5.9e+16,-5.88e+16,1.47e+16,-3.75e+16,-1.1499999999999998e+17,gcmt,1062_gcmtb,outer_rise
C201705061451A,2017-05-06T14:51:43,-78.83,-44.52,13.9,5.4,mw,76.0,73.0,178.0,167.0,88.0,17.0,13.0,33.0,73.0,173.0,11.0,300.0,-200000000000000.0,5.9e+16,-5.88e+16,1.47e+16,-3.75e+16,-1.1499999999999998e+17,gcmt,1062_gcmt,outer_rise
201705270738A,2017-05-27T07:38:00,-76.26,-45.88,15.0,5.3,mw,76.0,58.0,-176.0,344.0,86.0,-32.0,19.0,34.0,,,25.0,295.0,,,,,,,gmt,1065_gmt,outer_rise
C201705270738A,2017-05-27T07:38:42,-76.26,-45.88,14.7,5.1,mw,76.0,58.0,-176.0,344.0,86.0,-32.0,19.0,34.0,58.0,158.0,25.0,295.0,-1.32e+16,4.71e+16,-3.3900000000000004e+16,1.67e+16,-4.83e+16,-7.35e+16,gcmt,1065_gcmtb,outer_rise
C201705270738A,2017-05-27T07:38:42,-76.26,-45.88,14.7,5.1,mw,76.0,58.0,-176.0,344.0,86.0,-32.0,19.0,34.0,58.0,158.0,25.0,295.0,-1.32e+16,4.71e+16,-3.3900000000000004e+16,1.67e+16,-4.83e+16,-7.35e+16,gcmt,1065_gcmt,outer_rise
201708182031A,2017-08-18T20:31:00,-77.44,-45.7,24.0,5.1,mw,74.0,62.0,171.0,168.0,82.0,29.0,25.0,35.0,,,14.0,298.0,,,,,,,gmt,1081_gmt,outer_rise
2000a9je,2017-08-18T20:31:50,-77.6196,-45.5239,21.5,5.1,mww,74.02,60.54,164.68,171.7,76.7,30.35,31.0,36.0,57.0,193.0,11.0,300.0,1.1643e+16,1.1476e+16,-2.3119e+16,1.2211e+16,-2.0393e+16,-3.8016e+16,us,1081_us,outer_rise
610929077,2017-08-18T20:31:50,-76.819,-45.492,10.0,5.07,mw,74.0,62.0,171.0,168.0,82.0,29.0,14.545552022226412,34.662068552864866,61.58268867638086,153.31651180856738,23.842359128816017,298.07763037708173,1.42,1.52,-2.94,0.28,-2.1,-3.87,gem,1081_gem,outer_rise
610929077,2017-08-18T20:31:50,-77.6196,-45.5239,21.5,5.1,mw,74.02,60.54,164.68,171.7,76.7,30.35,31.0,36.0,57.0,193.0,11.0,300.0,1164000000.0,1148000000.0,-2312000000.0,1221000000.0,-2039000000.0,-3802000000.0,neic,1081_neic,outer_rise
C201708182031A,2017-08-18T20:31:55,-77.44,-45.7,23.9,5.1,mw,74.0,62.0,171.0,168.0,82.0,29.0,26.0,35.0,60.0,183.0,14.0,298.0,1.42e+16,1.52e+16,-2.94e+16,2750000000000000.0,-2.1e+16,-3.87e+16,gcmt,1081_gcmt,outer_rise
C201708182031A,2017-08-18T20:31:55,-77.44,-45.7,23.9,5.1,mw,74.0,62.0,171.0,168.0,82.0,29.0,26.0,35.0,60.0,183.0,14.0,298.0,1.42e+16,1.52e+16,-2.94e+16,2750000000000000.0,-2.1e+16,-3.87e+16,gcmt,1081_gcmtb,outer_rise
201710011648A,2017-10-01T16:48:00,-76.52,-45.94,27.0,5.0,mw,75.0,69.0,-175.0,343.0,85.0,-21.0,11.0,31.0,,,18.0,297.0,,,,,,,gmt,1085_gmt,outer_rise
201710161929A,2017-10-16T19:29:00,-74.36,-35.5,19.0,5.0,mw,27.0,38.0,-88.0,205.0,52.0,-91.0,7.0,296.0,,,83.0,106.0,,,,,,,gmt,1087_gmt,outer_rise
1000asyw,2017-10-16T19:29:36,-74.4984,-35.2956,13.5,4.9,mww,13.54,32.79,-112.51,219.78,59.98,-76.15,14.0,300.0,12.0,33.0,71.0,162.0,-2.2784e+16,4100000000000000.0,1.8684e+16,1.0925e+16,7802000000000000.0,9618000000000000.0,us,1087_us,outer_rise
611154712,2017-10-16T19:29:37,-74.115,-35.458,19.5,4.96,mw,27.0,38.0,-88.0,205.0,52.0,-91.0,44.993285497867134,295.575261664834,5.046111049444073,200.51065603743533,44.56342814543133,105.52167238708635,-3.32,0.59,2.72,0.33,0.8,1.37,gem,1087_gem,outer_rise
611681321,2018-02-07T12:36:17,-72.623,-29.237,15.0,5.09,mw,25.0,41.0,-88.0,202.0,49.0,-92.0,44.99245191327847,293.58244820402456,9.187525996076824,194.27694349755785,43.54626470847784,95.43349929407418,-5.7,1.21,4.49,0.12,0.69,1.76,gem,1094_gem,outer_rise
1000ci7u,2018-02-07T12:36:18,-72.7043,-29.2453,11.5,5.1,mww,198.65,44.44,-101.58,34.66,46.69,-78.86,1.0,117.0,8.0,207.0,82.0,19.0,-5.7945e+16,1.3948e+16,4.3997e+16,-9004000000000000.0,2057000000000000.0,2.0093e+16,us,1094_us,outer_rise
611681321,2018-02-07T12:36:18,-72.493,-29.147,10.0,5.1,mw,24.96,40.89,-93.59,209.71,49.21,-86.89,4.16,297.51,2.35,27.68,85.22,147.1,-5203000000.0,1335000000.0,3868000000.0,545000000.0,540000000.0,1780000000.0,gfz,1094_gfz,outer_rise
C201802071236A,2018-02-07T12:36:20,-72.92,-29.33,12.0,5.1,mw,25.0,41.0,-88.0,202.0,49.0,-92.0,4.0,293.0,1.0,203.0,86.0,91.0,-5.7e+16,1.21e+16,4.49e+16,1250000000000000.0,6879999999999999.0,1.76e+16,gcmt,1094_gcmtb,outer_rise
C201802071236A,2018-02-07T12:36:20,-72.92,-29.33,12.0,5.1,mw,25.0,41.0,-88.0,202.0,49.0,-92.0,4.0,293.0,1.0,203.0,86.0,91.0,-5.7e+16,1.21e+16,4.49e+16,1250000000000000.0,6879999999999999.0,1.76e+16,gcmt,1094_gcmt,outer_rise
201803021806A,2018-03-02T18:06:00,-76.6,-44.45,13.0,5.0,mw,111.0,64.0,-170.0,16.0,81.0,-26.0,12.0,66.0,,,25.0,331.0,,,,,,,gmt,1096_gmt,outer_rise
611727064,2018-03-02T18:06:46,-76.986,-44.5213,11.5,5.1,mw,146.25,75.49,-98.36,356.65,16.7,-60.66,30.0,243.0,8.0,148.0,59.0,45.0,-2699000000.0,-164000000.0,2863000000.0,-3030000000.0,4317000000.0,-1341000000.0,neic,1096_neic,outer_rise
611727064,2018-03-02T18:06:46,-76.197,-44.355,12.9,4.98,mw,16.0,81.0,-26.0,111.0,64.0,-170.0,23.02446989737316,245.6049604552084,63.635539554958505,34.63637428368537,12.140261680170518,150.35965686172756,-1.39,-1.49,2.88,-0.11,-1.32,-2.63,gem,1096_gem,outer_rise
2000db8n,2018-03-02T18:06:46,-76.986,-44.5213,11.5,5.1,mww,356.65,16.7,-60.66,146.25,75.49,-98.36,30.0,243.0,8.0,148.0,59.0,45.0,-2.699e+16,-1638000000000000.0,2.8629e+16,-3.0301e+16,4.3173e+16,-1.3412e+16,us,1096_us,outer_rise
C201803021806A,2018-03-02T18:06:47,-76.6,-44.45,12.9,5.1,mw,111.0,64.0,-170.0,16.0,81.0,-26.0,11.0,66.0,63.0,179.0,24.0,331.0,-1.39e+16,-1.49e+16,2.88e+16,-1100000000000000.0,-1.32e+16,-2.63e+16,gcmt,1096_gcmtb,outer_rise
C201803021806A,2018-03-02T18:06:47,-76.6,-44.45,12.9,5.1,mw,111.0,64.0,-170.0,16.0,81.0,-26.0,11.0,66.0,63.0,179.0,24.0,331.0,-1.39e+16,-1.49e+16,2.88e+16,-1100000000000000.0,-1.32e+16,-2.63e+16,gcmt,1096_gcmt,outer_rise
201806140627A,2018-06-14T06:27:00,-76.46,-45.99,15.0,5.7,mw,74.0,58.0,177.0,166.0,88.0,32.0,24.0,35.0,,,20.0,295.0,,,,,,,gmt,1105_gmt,outer_rise
1000er8i,2018-06-14T06:27:39,-76.1157,-45.7298,19.5,5.7,mww,348.08,74.7,-8.78,80.42,81.53,-164.53,5.0,214.0,72.0,108.0,17.0,305.0,-2.701e+16,1.5319e+17,-1.2618e+17,-9.191e+16,-7.495e+16,-3.5501e+17,us,1105_us,outer_rise
612117354,2018-06-14T06:27:40,-76.151,-45.762,11.0,5.6,mw,77.67,87.36,177.35,167.79,87.35,2.64,3.74,32.73,86.26,212.86,0.01,122.73,-3210000000.0,13819999999.999998,-10610000000.0,1890000000.0,-1210000000.0,-26750000000.0,gfz,1105_gfz,outer_rise
612117354,2018-06-14T06:27:40,-76.369,-45.872,15.2,5.66,mw,74.0,58.0,177.0,166.0,88.0,32.0,20.59115324340999,34.59894767350289,57.97581977405639,161.51755994090195,23.38242915437919,295.2502377344588,-0.22,1.63,-1.4,1.08,-1.83,-2.88,gem,1105_gem,outer_rise
C201806140627A,2018-06-14T06:27:43,-76.46,-45.99,15.2,5.7,mw,74.0,58.0,177.0,166.0,88.0,32.0,24.0,35.0,58.0,170.0,20.0,295.0,-2.21e+16,1.63e+17,-1.3999999999999998e+17,1.08e+17,-1.83e+17,-2.88e+17,gcmt,1105_gcmtb,outer_rise
C201806140627A,2018-06-14T06:27:43,-76.46,-45.99,15.2,5.7,mw,74.0,58.0,177.0,166.0,88.0,32.0,24.0,35.0,58.0,170.0,20.0,295.0,-2.21e+16,1.63e+17,-1.3999999999999998e+17,1.08e+17,-1.83e+17,-2.88e+17,gcmt,1105_gcmt,outer_rise
201806230231A,2018-06-23T02:31:00,-79.85,-44.67,25.0,5.1,mw,350.0,77.0,0.0,80.0,90.0,-167.0,9.0,214.0,,,9.0,306.0,,,,,,,gmt,1106_gmt,outer_rise
612165653,2018-06-23T02:31:36,-79.716,-44.553,10.0,5.13,mw,80.0,90.0,-167.0,350.0,77.0,0.0,9.152595761434291,34.25626676361924,77.0,260.0,9.152595761434284,125.74373323638082,-0.84,2.58,-1.74,-1.39,0.01,-5.75,gem,1106_gem,outer_rise
C201806230231A,2018-06-23T02:31:40,-79.85,-44.67,24.7,5.1,mw,350.0,77.0,0.0,80.0,90.0,-167.0,9.0,214.0,77.0,81.0,9.0,306.0,-8440000000000000.0,2.58e+16,-1.74e+16,-1.39e+16,90000000000000.0,-5.75e+16,gcmt,1106_gcmtb,outer_rise
C201806230231A,2018-06-23T02:31:40,-79.85,-44.67,24.7,5.1,mw,350.0,77.0,0.0,80.0,90.0,-167.0,9.0,214.0,77.0,81.0,9.0,306.0,-8440000000000000.0,2.58e+16,-1.74e+16,-1.39e+16,90000000000000.0,-5.75e+16,gcmt,1106_gcmt,outer_rise
612165653,2018-06-23T02:31:40,-79.188,-44.367,15.0,5.0,mw,81.83,82.39,173.93,172.63,83.98,7.65,9.66,37.33,80.27,210.61,1.12,307.14,-1139000000.0,1645000000.0,-506000000.0,776000000.0,-644000000.0,-3892000000.0,gfz,1106_gfz,outer_rise
201810011511A,2018-10-01T15:11:00,-76.26,-45.88,18.0,5.3,mw,78.0,44.0,178.0,170.0,88.0,46.0,32.0,44.0,,,29.0,294.0,,,,,,,gmt,1113_gmt,outer_rise
1000h50j,2018-10-01T15:11:49,-76.0061,-45.7587,11.5,5.2,mww,169.23,76.21,0.39,79.14,89.62,166.21,10.0,33.0,76.0,258.0,9.0,125.0,-3133000000000000.0,2.655e+16,-2.3417e+16,1.6605e+16,1435000000000000.0,-6.2596e+16,us,1113_us,outer_rise
612846004,2018-10-01T15:11:49,-76.0061,-45.7587,11.5,5.2,mw,79.14,89.62,166.21,169.23,76.21,0.39,10.0,33.0,76.0,258.0,9.0,125.0,-313000000.0,2655000000.0,-2342000000.0,1660000000.0,143000000.0,-6260000000.0,neic,1113_neic,outer_rise
C201810011511A,2018-10-01T15:11:51,-76.26,-45.88,17.6,5.3,mw,78.0,44.0,178.0,170.0,88.0,46.0,32.0,45.0,44.0,171.0,29.0,294.0,7800000000000000.0,2.86e+16,-3.64e+16,2700000000000000.0,-7.36e+16,-6.33e+16,gcmt,1113_gcmt,outer_rise
C201810011511A,2018-10-01T15:11:51,-76.26,-45.88,17.6,5.3,mw,78.0,44.0,178.0,170.0,88.0,46.0,32.0,45.0,44.0,171.0,29.0,294.0,7800000000000000.0,2.86e+16,-3.64e+16,2700000000000000.0,-7.36e+16,-6.33e+16,gcmt,1113_gcmtb,outer_rise
201811062122A,2018-11-06T21:22:00,-77.09,-45.69,12.0,5.3,mw,75.0,53.0,-176.0,343.0,87.0,-37.0,23.0,35.0,,,28.0,292.0,,,,,,,gmt,1116_gmt,outer_rise
2000i7qy,2018-11-06T21:22:56,-77.0049,-45.5068,11.5,5.3,mww,79.08,56.01,-175.06,346.31,85.9,-34.09,20.0,38.0,56.0,160.0,26.0,297.0,-2.359e+16,4.232e+16,-1.873e+16,2.687e+16,-5.077e+16,-8.277e+16,us,1116_us,outer_rise
613573280,2018-11-06T21:22:56,-76.88,-45.591,10.0,5.25,mw,75.0,53.0,-176.0,343.0,87.0,-37.0,26.74976936008332,34.88020944101311,52.98588275803228,166.83439554101142,23.56511133381404,292.1804149851324,-0.22,0.43,-0.21,0.37,-0.46,-0.7,gem,1116_gem,outer_rise
613573280,2018-11-06T21:22:57,-76.525,-45.521,10.0,5.2,mw,80.71,81.73,-169.94,349.25,80.04,-8.4,1.18,214.85,77.0,119.75,12.95,305.12,-1986000000.0,3695000000.0,-1709000000.0,-858000000.0,-843000000.0,-7375000000.0,gfz,1116_gfz,outer_rise
C201811062122A,2018-11-06T21:22:57,-77.09,-45.69,12.0,5.3,mw,75.0,53.0,-176.0,343.0,87.0,-37.0,23.0,35.0,53.0,159.0,27.0,293.0,-2.16e+16,4.29e+16,-2.13e+16,3.67e+16,-4.59e+16,-6.999999999999999e+16,gcmt,1116_gcmtb,outer_rise
C201811062122A,2018-11-06T21:22:57,-77.09,-45.69,12.0,5.3,mw,75.0,53.0,-176.0,343.0,87.0,-37.0,23.0,35.0,53.0,159.0,27.0,293.0,-2.16e+16,4.29e+16,-2.13e+16,3.67e+16,-4.59e+16,-6.999999999999999e+16,gcmt,1116_gcmt,outer_rise
615103767,2019-03-07T15:34:27,-72.75,-29.498,15.0,5.74,mw,185.0,38.0,114.0,335.0,55.0,72.0,28.246589402022053,199.3722373000043,32.749072608345,309.58784306931204,44.04753880983813,78.06202807483089,4.19,1.09,-5.29,-1.17,1.34,1.26,gem,1128_gem,outer_rise
615103767,2019-03-07T15:34:27,-72.612,-29.451,32.0,5.7,mw,187.23,32.99,112.44,341.01,59.78,76.08,71.61,218.37,12.0,348.12,13.72,81.09,35100000000.0,7850000000.0,-42950000000.0,-10129999999.999998,19120000000.0,6350000000.0,gfz,1128_gfz,outer_rise
1000jbws,2019-03-07T15:34:27,-72.6321,-29.5922,30.5,5.7,mww,187.32,37.7,112.02,340.24,55.47,73.84,74.0,205.0,13.0,350.0,9.0,82.0,3.8269e+17,1.1864e+17,-5.0133e+17,-8.989e+16,1.3594e+17,8.027e+16,us,1128_us,outer_rise
C201903071534A,2019-03-07T15:34:32,-72.82,-29.51,31.5,5.7,mw,185.0,38.0,114.0,335.0,55.0,72.0,73.0,198.0,15.0,346.0,9.0,78.0,4.1900000000000006e+17,1.09e+17,-5.29e+17,-1.17e+17,1.34e+17,1.26e+17,gcmt,1128_gcmt,outer_rise
C201903071534A,2019-03-07T15:34:32,-72.82,-29.51,31.5,5.7,mw,185.0,38.0,114.0,335.0,55.0,72.0,73.0,198.0,15.0,346.0,9.0,78.0,4.1900000000000006e+17,1.09e+17,-5.29e+17,-1.17e+17,1.34e+17,1.26e+17,gcmt,1128_gcmtb,outer_rise
201903151842A,2019-03-15T18:42:00,-76.42,-44.38,13.0,5.0,mw,351.0,38.0,-114.0,200.0,56.0,-73.0,9.0,278.0,,,73.0,157.0,,,,,,,gmt,1129_gmt,outer_rise
616644960,2019-03-15T18:42:51,-76.29,-44.318,15.0,5.04,mw,200.0,56.0,-73.0,351.0,38.0,-114.0,44.107751267514686,97.900036595465,31.61381161062753,224.5309406362876,29.387086682153964,334.8137482749081,-3.99,-0.31,4.3,1.26,1.29,0.44,gem,1129_gem,outer_rise
201903161754A,2019-03-16T17:54:00,-77.23,-45.68,16.0,5.1,mw,78.0,64.0,-177.0,347.0,88.0,-26.0,16.0,35.0,,,20.0,299.0,,,,,,,gmt,1130_gmt,outer_rise
1000jh45,2019-03-16T17:54:33,-77.0,-45.6255,11.5,5.0,mww,79.1,70.11,-173.42,346.85,83.81,-20.01,9.0,35.0,69.0,150.0,18.0,301.0,1939000000000000.0,1.7148e+16,-1.9087e+16,-3935000000000000.0,-1.7914e+16,-3.9315e+16,us,1130_us,outer_rise
615225070,2019-03-16T17:54:33,-76.849,-45.666,10.0,5.09,mw,78.0,64.0,-177.0,347.0,88.0,-26.0,19.655921508751035,35.29294153542128,63.93896576933913,172.20955309658052,16.415575908560147,299.25249311651226,0.21,1.98,-2.19,0.02,-2.42,-4.34,gem,1130_gem,outer_rise
615225070,2019-03-16T17:54:33,-77.0,-45.6255,11.5,5.0,mw,79.1,70.11,-173.42,346.85,83.81,-20.01,9.0,35.0,69.0,150.0,18.0,301.0,194000000.0,1715000000.0,-1909000000.0,-394000000.0,-1791000000.0,-3931000000.0,neic,1130_neic,outer_rise
C201903161754A,2019-03-16T17:54:34,-77.23,-45.68,15.6,5.0,mw,78.0,64.0,-177.0,347.0,88.0,-26.0,16.0,36.0,64.0,162.0,20.0,300.0,2100000000000000.0,1.98e+16,-2.19e+16,200000000000000.0,-2.42e+16,-4.34e+16,gcmt,1130_gcmtb,outer_rise
C201903161754A,2019-03-16T17:54:34,-77.23,-45.68,15.6,5.0,mw,78.0,64.0,-177.0,347.0,88.0,-26.0,16.0,36.0,64.0,162.0,20.0,300.0,2100000000000000.0,1.98e+16,-2.19e+16,200000000000000.0,-2.42e+16,-4.34e+16,gcmt,1130_gcmt,outer_rise
201905170527A,2019-05-17T05:27:00,-74.15,-35.2,12.0,5.2,mw,25.0,43.0,-88.0,203.0,47.0,-92.0,2.0,294.0,,,88.0,79.0,,,,,,,gmt,1136_gmt,outer_rise
70003mev,2019-05-17T05:27:28,-74.0327,-35.1547,11.5,5.2,mww,194.52,46.24,-110.97,43.51,47.59,-69.51,1.0,119.0,15.0,209.0,75.0,27.0,-7.2733e+16,1.6979e+16,5.5754e+16,-1.913e+16,8642000000000000.0,3.0976e+16,us,1136_us,outer_rise
615945497,2019-05-17T05:27:29,-73.893,-35.096,10.0,5.1,mw,14.43,44.57,-104.17,213.95,47.12,-76.44,1.29,294.4,9.89,24.62,80.02,197.02,-5589000000.000001,1108000000.0,4481000000.0,1061000000.0,-210000000.0,1890000000.0,gfz,1136_gfz,outer_rise
615945497,2019-05-17T05:27:29,-74.001,-35.06,15.0,5.16,mw,25.0,43.0,-88.0,203.0,47.0,-92.0,44.99187302251511,293.5850533642572,17.775995546641735,184.891170755985,39.63654575945608,79.49032639646407,-6.7,0.79,5.91,0.06,0.45,2.8,gem,1136_gem,outer_rise
C201905170527A,2019-05-17T05:27:33,-74.15,-35.2,12.0,5.2,mw,25.0,43.0,-88.0,203.0,47.0,-92.0,2.0,294.0,1.0,204.0,88.0,81.0,-6.7e+16,7870000000000000.0,5.91e+16,610000000000000.0,4480000000000000.0,2.8e+16,gcmt,1136_gcmt,outer_rise
C201905170527A,2019-05-17T05:27:33,-74.15,-35.2,12.0,5.2,mw,25.0,43.0,-88.0,203.0,47.0,-92.0,2.0,294.0,1.0,204.0,88.0,81.0,-6.7e+16,7870000000000000.0,5.91e+16,610000000000000.0,4480000000000000.0,2.8e+16,gcmt,1136_gcmtb,outer_rise
C202003231746A,2020-03-23T17:46:15,-79.39,-44.68,12.4,5.1,mw,64.0,42.0,105.0,224.0,49.0,76.0,79.0,72.0,10.0,233.0,4.0,323.0,3.27e+16,-2.15e+16,-1.11e+16,340000000000000.0,-7260000000000000.0,-1.6200000000000002e+16,gcmt,1174_gcmt,outer_rise
C202003231746A,2020-03-23T17:46:15,-79.39,-44.68,12.4,5.1,mw,64.0,42.0,105.0,224.0,49.0,76.0,79.0,72.0,10.0,233.0,4.0,323.0,3.27e+16,-2.15e+16,-1.11e+16,340000000000000.0,-7260000000000000.0,-1.6200000000000002e+16,gcmt,1174_gcmtb,outer_rise
617812568,2020-03-23T17:46:20,-78.9903,-44.7732,15.5,5.1,mw,55.87,73.0,90.12,235.45,17.0,89.6,62.0,326.0,0.0,236.0,28.0,146.0,3138999999.9999995,-2207000000.0,-932000000.0,3965000000.0,2684000000.0,-1631999999.9999998,neic,1174_neic,outer_rise
202004010355A,2020-04-01T03:55:00,-76.77,-45.63,20.0,5.0,mw,341.0,43.0,-87.0,157.0,47.0,-93.0,2.0,249.0,,,87.0,24.0,,,,,,,gmt,1177_gmt,outer_rise
618586443,2020-04-01T03:55:21,-76.311,-45.652,10.0,5.01,mw,157.0,47.0,-93.0,341.0,43.0,-87.0,44.9789745863462,69.12207676044238,26.059046066447355,309.87017741134787,33.67098791847232,200.85789780823856,-4.62,1.3,3.32,-0.28,0.14,-0.92,gem,1177_gem,outer_rise
202004010409A,2020-04-01T04:09:00,-76.81,-45.62,12.0,5.2,mw,330.0,44.0,-109.0,176.0,49.0,-73.0,3.0,253.0,,,77.0,153.0,,,,,,,gmt,1178_gmt,outer_rise
618586448,2020-04-01T04:09:21,-76.739,-45.628,10.0,5.22,mw,176.0,49.0,-73.0,330.0,44.0,-109.0,44.283522101078,74.0556647044449,43.38434973831773,231.2446728688541,11.636993562417135,332.4686317683386,-0.85,0.11,0.73,0.19,0.13,-0.21,gem,1178_gem,outer_rise
70008jxh,2020-04-01T04:09:22,-76.8826,-45.6909,11.5,5.2,mww,354.53,41.99,-71.8,150.67,50.54,-105.7,4.0,252.0,12.0,161.0,77.0,1.0,-9.1685e+16,1.1329e+16,8.0356e+16,-2.4921e+16,6292000000000000.0,-2.3511e+16,us,1178_us,outer_rise
C202004010409A,2020-04-01T04:09:23,-76.81,-45.62,12.0,5.2,mw,330.0,44.0,-109.0,176.0,49.0,-73.0,3.0,254.0,13.0,344.0,77.0,153.0,-8.46e+16,1.06e+16,7.39e+16,1.89e+16,1.32e+16,-2.15e+16,gcmt,1178_gcmtb,outer_rise
C202004010409A,2020-04-01T04:09:23,-76.81,-45.62,12.0,5.2,mw,330.0,44.0,-109.0,176.0,49.0,-73.0,3.0,254.0,13.0,344.0,77.0,153.0,-8.46e+16,1.06e+16,7.39e+16,1.89e+16,1.32e+16,-2.15e+16,gcmt,1178_gcmt,outer_rise
618586448,2020-04-01T04:09:23,-76.759,-45.623,10.0,5.2,mw,169.28,27.33,-78.79,336.7,63.24,-95.74,18.05,70.96,5.12,339.29,71.19,234.03,-7582000000.0,1722000000.0,5860000000.0,2544000000.0,-4426000000.0,-1223000000.0,gfz,1178_gfz,outer_rise
202004010412A,2020-04-01T04:12:00,-77.02,-45.66,20.0,5.2,mw,336.0,25.0,-109.0,176.0,66.0,-81.0,21.0,260.0,,,67.0,103.0,,,,,,,gmt,1179_gmt,outer_rise
617825647,2020-04-01T04:12:21,-76.722,-45.637,10.0,5.16,mw,176.0,66.0,-81.0,336.0,25.0,-109.0,44.6625729264746,79.21728945607379,12.147168020183525,181.4992200056988,42.79830865202256,282.9955447588631,-5.59,1.0,4.58,0.33,4.69,-1.12,gem,1179_gem,outer_rise
202004141854A,2020-04-14T18:54:00,-79.9,-44.71,33.0,5.0,mw,351.0,79.0,9.0,259.0,81.0,169.0,14.0,215.0,,,2.0,305.0,,,,,,,gmt,1181_gmt,outer_rise
618052993,2020-04-14T18:54:41,-79.799,-44.483,10.0,5.04,mw,259.0,81.0,169.0,351.0,79.0,9.0,1.3376353595187216,34.70270903050067,76.22337542892329,299.2379530903009,13.708972947878683,125.0290723836256,0.95,0.99,-1.95,-0.75,0.39,-4.23,gem,1181_gem,outer_rise
6000c5zf,2020-10-06T05:06:45,-75.301,-38.5626,15.5,4.9,mww,192.89,35.4,-117.36,45.3,59.04,-71.91,12.0,122.0,15.0,216.0,70.0,355.0,-2.5087e+16,5793000000000000.0,1.9295e+16,-1.3218e+16,-5013000000000000.0,9925000000000000.0,us,1200_us,outer_rise
202011030240A,2020-11-03T02:40:00,-79.46,-44.61,18.0,6.0,mw,258.0,86.0,-179.0,168.0,89.0,-4.0,2.0,213.0,,,4.0,123.0,,,,,,,gmt,1203_gmt,outer_rise
619517477,2020-11-03T02:40:56,-79.512,-44.448,18.4,6.02,mw,168.0,89.0,-4.0,258.0,86.0,-179.0,3.530712323943121,33.100366763995,85.87944756493974,182.0218536686601,2.1216972519663853,302.96939662859995,-0.08,0.59,-0.51,0.0,0.09,-1.21,gem,1203_gem,outer_rise
619517477,2020-11-03T02:40:59,-78.872,-44.55,21.0,6.0,mw,77.62,83.09,179.29,167.71,89.29,6.91,5.38,32.87,83.06,173.54,4.38,302.46,-3200000000.0,56399999999.99999,-53200000000.0,5600000000.0,-15100000000.0,-119400000000.0,gfz,1203_gfz,outer_rise
C202011030240A,2020-11-03T02:41:02,-79.46,-44.61,18.4,6.0,mw,258.0,86.0,-179.0,168.0,89.0,-4.0,2.0,213.0,86.0,330.0,3.0,123.0,-7.9e+16,5.91e+17,-5.11e+17,3000000000000000.0,8.6e+16,-1.21e+18,gcmt,1203_gcmtb,outer_rise
C202011030240A,2020-11-03T02:41:02,-79.46,-44.61,18.4,6.0,mw,258.0,86.0,-179.0,168.0,89.0,-4.0,2.0,213.0,86.0,330.0,3.0,123.0,-7.9e+16,5.91e+17,-5.11e+17,3000000000000000.0,8.6e+16,-1.21e+18,gcmt,1203_gcmt,outer_rise
202011031947A,2020-11-03T19:47:00,-79.91,-44.77,29.0,5.0,mw,263.0,73.0,179.0,353.0,89.0,17.0,13.0,219.0,,,11.0,127.0,,,,,,,gmt,1204_gmt,outer_rise
C202012272139A,2020-12-27T21:39:21,-75.26,-39.58,12.0,6.7,mw,1.0,43.0,-109.0,206.0,50.0,-73.0,4.0,284.0,13.0,15.0,76.0,179.0,-1.34e+19,-1.8e+17,1.36e+19,3.39e+18,9.4e+17,3.47e+18,gcmt,1209_gcmtb,outer_rise
C202012272139A,2020-12-27T21:39:21,-75.26,-39.58,12.0,6.7,mw,1.0,43.0,-109.0,206.0,50.0,-73.0,4.0,284.0,13.0,15.0,76.0,179.0,-1.34e+19,-1.8e+17,1.36e+19,3.39e+18,9.4e+17,3.47e+18,gcmt,1209_gcmt,outer_rise
C202101191158A,2021-01-19T11:58:21,-77.55,-45.78,20.7,5.0,mw,351.0,77.0,0.0,261.0,90.0,167.0,9.0,215.0,77.0,80.0,9.0,306.0,-3280000000000000.0,1.14e+16,-8139999999999998.0,-6840000000000001.0,40000000000000.0,-2.82e+16,gcmt,1212_gcmt,outer_rise
202106050305A,2021-06-05T03:05:00,-74.1,-35.01,19.0,5.4,mw,19.0,33.0,-114.0,226.0,60.0,-75.0,14.0,306.0,,,71.0,170.0,,,,,,,gmt,1224_gmt,outer_rise
620507433,2021-06-05T03:05:13,-73.949,-34.899,10.0,5.2,mw,24.56,40.22,-105.32,224.3,51.48,-77.41,5.71,305.38,9.82,36.37,78.61,185.62,-8864000000.0,2770000000.0,6094000000.0,2340000000.0,555000000.0,4282000000.0,gfz,1224_gfz,outer_rise
C202106050305A,2021-06-05T03:05:17,-74.1,-35.01,18.5,5.4,mw,19.0,33.0,-114.0,226.0,60.0,-75.0,13.0,306.0,13.0,39.0,71.0,171.0,-1.26e+17,3.26e+16,9.32e+16,6.45e+16,3.51e+16,6.56e+16,gcmt,1224_gcmt,outer_rise
7000e9wd,2021-06-05T03:05:18,-74.0378,-34.8687,11.5,5.4,mww,17.81,24.24,-124.57,234.89,70.24,-75.66,24.0,314.0,13.0,50.0,62.0,167.0,-1.0279e+17,3.203e+16,7.076e+16,1.0888e+17,5.789e+16,5.71e+16,us,1224_us,outer_rise
202110181832A,2021-10-18T18:32:00,-77.41,-45.73,17.0,5.0,mw,347.0,81.0,-4.0,77.0,86.0,-171.0,4.0,212.0,,,9.0,303.0,,,,,,,gmt,1241_gmt,outer_rise
202110182223A,2021-10-18T22:23:00,-77.36,-45.73,12.0,5.1,mw,80.0,78.0,-172.0,349.0,82.0,-12.0,3.0,35.0,,,14.0,304.0,,,,,,,gmt,1242_gmt,outer_rise
C202110182223A,2021-10-18T22:23:39,-77.36,-45.73,12.4,5.1,mw,80.0,78.0,-172.0,349.0,82.0,-12.0,3.0,35.0,75.0,137.0,14.0,304.0,2540000000000000.0,1.8e+16,-2.05e+16,-6460000000000000.0,-1.41e+16,-4.94e+16,gcmt,1242_gcmt,outer_rise
621211167,2021-10-18T22:23:40,-77.4823,-45.6762,11.5,5.1,mw,259.28,87.96,145.59,350.67,55.62,2.47,25.0,209.0,56.0,76.0,22.0,310.0,68000000.0,1703000000.0,-1772000000.0,-3353000000.0000005,-227000000.0,-4535000000.0,neic,1242_neic,outer_rise
6000fvra,2021-10-18T22:23:40,-77.4823,-45.6762,11.5,5.1,mww,350.67,55.62,2.47,259.28,87.96,145.59,25.0,209.0,56.0,76.0,22.0,310.0,683000000000000.0,1.7033e+16,-1.7716e+16,-3.3534e+16,-2273000000000000.0,-4.5347e+16,us,1242_us,outer_rise
202111080616A,2021-11-08T06:16:00,-73.48,-34.06,17.0,5.0,mw,39.0,32.0,-100.0,231.0,59.0,-84.0,13.0,316.0,,,76.0,159.0,,,,,,,gmt,1244_gmt,outer_rise
202205052105A,2022-05-05T21:05:00,-73.07,-33.14,38.0,5.2,mw,218.0,45.0,118.0,1.0,51.0,65.0,70.0,208.0,,,3.0,109.0,,,,,,,gmt,1258_gmt,outer_rise
C202205052105A,2022-05-05T21:05:30,-73.07,-33.14,37.9,5.1,mw,218.0,45.0,118.0,1.0,51.0,65.0,70.0,208.0,19.0,18.0,3.0,109.0,6.4e+16,-9680000000000000.0,-5.44e+16,-2.3e+16,1.52e+16,-1.9e+16,gcmt,1258_gcmt,outer_rise
7000h7dn,2022-05-05T21:05:31,-72.9405,-33.1072,35.5,5.1,mww,220.92,47.58,128.64,351.07,54.79,55.65,62.0,202.0,27.0,13.0,4.0,105.0,3.851e+16,8030000000000000.0,-4.654e+16,-1.6496e+16,1.0784e+16,-1.6799e+16,us,1258_us,outer_rise
622516899,2022-05-05T21:05:31,-72.9405,-33.1072,35.5,5.1,mw,220.92,47.58,128.64,351.07,54.79,55.65,62.0,202.0,27.0,13.0,4.0,105.0,3851000000.0,803000000.0,-4654000000.0,-1650000000.0,1078000000.0,-1680000000.0,neic,1258_neic,outer_rise
202207061512A,2022-07-06T15:12:00,-75.55,-42.4,12.0,5.5,mw,9.0,41.0,-105.0,208.0,50.0,-78.0,5.0,290.0,,,79.0,173.0,,,,,,,gmt,1262_gmt,outer_rise
C202207061512A,2022-07-06T15:12:31,-75.55,-42.4,12.0,5.5,mw,9.0,41.0,-105.0,208.0,50.0,-78.0,5.0,289.0,10.0,20.0,79.0,174.0,-2.03e+17,1.7599999999999998e+16,1.86e+17,4.39e+16,1.99e+16,6.22e+16,gcmt,1262_gcmt,outer_rise
202207132121A,2022-07-13T21:21:00,-73.13,-33.33,19.0,5.0,mw,17.0,32.0,-121.0,232.0,63.0,-72.0,16.0,309.0,,,67.0,176.0,,,,,,,gmt,1263_gmt,outer_rise
C202207132121A,2022-07-13T21:21:34,-73.13,-33.33,19.3,5.0,mw,17.0,32.0,-121.0,232.0,63.0,-72.0,17.0,309.0,16.0,44.0,67.0,175.0,-3.27e+16,9790000000000000.0,2.3e+16,2.31e+16,7970000000000000.0,1.31e+16,gcmt,1263_gcmt,outer_rise
6000i280,2022-07-13T21:21:38,-72.8929,-33.4436,19.5,5.0,mww,23.07,34.39,-112.82,230.09,58.63,-75.13,12.0,309.0,13.0,42.0,72.0,176.0,-3.296e+16,1.0594e+16,2.2366e+16,1.6213e+16,8121000000000000.0,2.1274e+16,us,1263_us,outer_rise
624562416,2022-07-13T21:21:38,-72.8929,-33.4436,19.5,5.0,mw,23.07,34.39,-112.82,230.09,58.63,-75.13,12.0,309.0,13.0,42.0,72.0,176.0,-3296000000.0,1059000000.0,2237000000.0,1621000000.0,812000000.0000001,2126999999.9999995,neic,1263_neic,outer_rise
624574686,2022-07-15T19:37:21,-79.447,-44.75,28.0,6.4,mw,80.79,85.37,169.46,171.65,79.5,4.71,10.72,35.82,78.5,237.34,4.12,126.61,-115900000000.0,217000000000.0,-101200000000.0,123700000000.0,-60800000000.0,-493600000000.0,gfz,1264_gfz,outer_rise
202209232253A,2022-09-23T22:53:00,-75.62,-41.44,32.0,6.1,mw,190.0,46.0,120.0,330.0,51.0,63.0,69.0,177.0,,,3.0,79.0,,,,,,,gmt,1268_gmt,outer_rise
625210457,2022-09-23T22:53:27,-75.525,-41.339,30.0,6.0,mw,189.43,50.64,109.95,339.64,43.38,67.41,74.22,162.0,15.3,356.47,3.76,265.44,142400000000.0,1600000000.0,-144000000000.0,-40000000000.0,-22200000000.0,14500000000.0,gfz,1268_gfz,outer_rise
C202209232253A,2022-09-23T22:53:31,-75.62,-41.44,31.6,6.1,mw,190.0,46.0,120.0,330.0,51.0,63.0,69.0,177.0,21.0,348.0,3.0,79.0,1.5e+18,1.69e+17,-1.67e+18,-5.9e+17,5.5e+16,3.37e+17,gcmt,1268_gcmt,outer_rise
7000iam0,2022-09-23T22:53:31,-75.7153,-41.4802,30.5,6.1,mww,329.93,42.72,59.93,188.18,54.05,114.83,69.0,155.0,20.0,353.0,6.0,261.0,1.6026e+18,1.354e+17,-1.738e+18,-5.324e+17,-4.528e+17,3.775e+17,us,1268_us,outer_rise
202209281513A,2022-09-28T15:13:00,-76.24,-45.83,20.0,5.0,mw,80.0,72.0,-166.0,345.0,77.0,-19.0,3.0,33.0,,,22.0,302.0,,,,,,,gmt,1269_gmt,outer_rise
202209300615A,2022-09-30T06:15:00,-76.27,-45.89,12.0,5.3,mw,345.0,78.0,-8.0,76.0,82.0,-168.0,3.0,210.0,,,14.0,301.0,,,,,,,gmt,1270_gmt,outer_rise
C202209300615A,2022-09-30T06:15:49,-76.27,-45.89,12.2,5.3,mw,345.0,78.0,-8.0,76.0,82.0,-168.0,3.0,210.0,76.0,107.0,14.0,301.0,2200000000000000.0,4.47e+16,-4.69e+16,-1.7299999999999998e+16,-1.99e+16,-8.2e+16,gcmt,1270_gcmt,outer_rise
624841970,2022-09-30T06:15:51,-76.219,-45.7702,13.5,5.3,mw,77.47,86.0,179.46,167.51,89.46,4.0,3.0,33.0,86.0,175.0,2.0,302.0,-453000000.0,4424000000.0,-3971000000.0,291000000.0,-653000000.0,-8996000000.0,neic,1270_neic,outer_rise
6000ipjd,2022-09-30T06:15:51,-76.219,-45.7702,13.5,5.3,mww,77.47,86.0,179.46,167.51,89.46,4.0,3.0,33.0,86.0,175.0,2.0,302.0,-4525000000000000.0,4.4238e+16,-3.9712e+16,2906000000000000.0,-6526000000000000.0,-8.9959e+16,us,1270_us,outer_rise
202211050757A,2022-11-05T07:57:00,-73.85,-35.62,20.0,5.0,mw,151.0,56.0,175.0,244.0,86.0,34.0,27.0,113.0,,,20.0,12.0,,,,,,,gmt,1272_gmt,outer_rise
7000imnf,2022-11-05T07:57:21,-73.9762,-35.5342,11.5,5.0,mww,58.89,60.79,-1.89,149.81,88.35,-150.77,19.0,281.0,61.0,153.0,21.0,18.0,-3488000000000000.0,-2.6004e+16,2.9491e+16,-7329000000000000.0,1.5739e+16,1.44e+16,us,1272_us,outer_rise
C202211050757A,2022-11-05T07:57:24,-73.85,-35.62,20.3,5.0,mw,151.0,56.0,175.0,244.0,86.0,34.0,27.0,113.0,55.0,250.0,20.0,12.0,7210000000000000.0,-3.28e+16,2.56e+16,-2.11e+16,-7850000000000000.0,1.84e+16,gcmt,1272_gcmt,outer_rise
202212090806A,2022-12-09T08:06:00,-79.82,-44.66,21.0,5.1,mw,259.0,76.0,-171.0,167.0,81.0,-14.0,4.0,213.0,,,16.0,122.0,,,,,,,gmt,1279_gmt,outer_rise
C202212090806A,2022-12-09T08:06:24,-79.82,-44.66,20.9,5.1,mw,259.0,76.0,-171.0,167.0,81.0,-14.0,3.0,213.0,74.0,315.0,16.0,122.0,-3490000000000000.0,2.37e+16,-2.03e+16,5410000000000000.0,1.44e+16,-4.84e+16,gcmt,1279_gcmt,outer_rise
625389022,2022-12-09T08:06:27,-79.7488,-44.5286,15.5,5.1,mw,258.34,65.13,171.54,351.92,82.33,25.11,23.0,218.0,64.0,8.0,12.0,123.0,28000000.0,1468000000.0,-1496000000.0,-1396000000.0,2101000000.0,-4410000000.0,neic,1279_neic,outer_rise
202212232003A,2022-12-23T20:03:00,-76.94,-45.56,12.0,5.3,mw,160.0,42.0,-55.0,296.0,57.0,-117.0,8.0,46.0,,,66.0,154.0,,,,,,,gmt,1281_gmt,outer_rise
C202212232003A,2022-12-23T20:03:53,-76.94,-45.56,12.0,5.2,mw,160.0,42.0,-55.0,296.0,57.0,-117.0,8.0,46.0,23.0,312.0,66.0,154.0,-7.68e+16,3.29e+16,4.39e+16,3.9e+16,3700000000000000.0,-5.85e+16,gcmt,1281_gcmt,outer_rise
625473691,2022-12-23T20:03:54,-76.531,-45.583,11.0,5.2,mw,125.6,30.96,-105.64,323.68,60.31,-80.81,14.84,46.98,7.97,139.1,73.07,256.49,-7502000000.0,3677000000.0,3826000000.0,2413000000.0,-4130000000.0,-5128999999.999999,gfz,1281_gfz,outer_rise
6000jbc1,2022-12-23T20:03:58,-76.747,-45.5476,11.5,5.2,mww,149.77,42.27,-74.52,309.24,49.59,-103.64,4.0,49.0,10.0,318.0,79.0,158.0,-8.9342e+16,3.6972e+16,5.237e+16,2.0001e+16,1574000000000000.0,-4.8968e+16,us,1281_us,outer_rise
202212300519A,2022-12-30T05:19:00,-76.63,-45.97,12.0,5.3,mw,76.0,69.0,-168.0,342.0,79.0,-21.0,7.0,30.0,,,23.0,297.0,,,,,,,gmt,1282_gmt,outer_rise
C202212300519A,2022-12-30T05:19:19,-76.63,-45.97,12.0,5.3,mw,76.0,69.0,-168.0,342.0,79.0,-21.0,7.0,30.0,66.0,136.0,23.0,297.0,-3.4000000000000004e+16,6.68e+16,-3.28e+16,4500000000000000.0,-2.7600000000000004e+16,-8.13e+16,gcmt,1282_gcmt,outer_rise
625479457,2022-12-30T05:19:25,-76.4251,-45.8447,15.5,5.3,mw,84.37,71.07,-138.25,338.22,50.96,-24.69,12.0,207.0,45.0,104.0,42.0,309.0,-5550000000.000001,7440000000.0,-1890000000.0,-6480000000.0,-3430000000.0000005,-8720000000.0,neic,1282_neic,outer_rise
7000j10i,2022-12-30T05:19:25,-76.4251,-45.8447,15.5,5.3,mww,338.22,50.96,-24.69,84.37,71.07,-138.25,12.0,207.0,45.0,104.0,42.0,309.0,-5.547e+16,7.44e+16,-1.893e+16,-6.485e+16,-3.427e+16,-8.723e+16,us,1282_us,outer_rise
202302231023A,2023-02-23T10:23:00,-73.38,-34.01,12.0,5.4,mw,29.0,35.0,-96.0,216.0,55.0,-86.0,10.0,303.0,,,79.0,142.0,,,,,,,gmt,1285_gmt,outer_rise
625734279,2023-02-23T10:23:37,-73.177,-33.91,10.0,5.4,mw,30.54,47.25,-92.78,214.63,42.83,-87.0,2.21,122.51,2.04,32.43,86.99,259.77,-17010000000.0,4570000000.0,12440000000.0,-240000000.0,-1450000000.0,8500000000.0,gfz,1285_gfz,outer_rise
C202302231023A,2023-02-23T10:23:41,-73.38,-34.01,12.0,5.5,mw,29.0,35.0,-96.0,216.0,55.0,-86.0,10.0,303.0,3.0,33.0,79.0,141.0,-1.64e+17,4.25e+16,1.22e+17,4.21e+16,4.76e+16,8.41e+16,gcmt,1285_gcmt,outer_rise
6000jqzy,2023-02-23T10:23:41,-73.2001,-33.9235,15.5,5.5,mww,30.58,35.04,-95.54,217.34,55.15,-86.13,10.0,305.0,3.0,35.0,79.0,142.0,-2.1498e+17,6.908e+16,1.459e+17,5.488e+16,5.665e+16,9.414e+16,us,1285_us,outer_rise
202303110235A,2023-03-11T02:35:00,-77.53,-45.69,21.0,5.2,mw,81.0,82.0,-174.0,350.0,84.0,-8.0,1.0,36.0,,,10.0,305.0,,,,,,,gmt,1287_gmt,outer_rise
C202303110235A,2023-03-11T02:35:31,-77.53,-45.69,21.0,5.2,mw,81.0,82.0,-174.0,350.0,84.0,-8.0,1.0,35.0,80.0,134.0,10.0,305.0,-1.24e+16,3.06e+16,-1.83e+16,-3570000000000000.0,-9160000000000000.0,-6.980000000000001e+16,gcmt,1287_gcmt,outer_rise
202303141956A,2023-03-14T19:56:00,-75.44,-38.56,12.0,5.5,mw,205.0,39.0,-71.0,2.0,53.0,-104.0,7.0,102.0,,,76.0,223.0,,,,,,,gmt,1289_gmt,outer_rise
625881172,2023-03-14T19:56:40,-75.047,-38.342,10.0,5.5,mw,5.9,58.98,-101.01,206.58,32.73,-72.38,13.33,103.87,9.42,11.62,73.58,247.36,-20300000000.0,2750000000.0000005,17550000000.0,1610000000.0,-10560000000.0,4990000000.0,gfz,1289_gfz,outer_rise
C202303141956A,2023-03-14T19:56:43,-75.44,-38.56,12.0,5.5,mw,205.0,39.0,-71.0,2.0,53.0,-104.0,7.0,102.0,12.0,11.0,76.0,224.0,-2.37e+17,4100000000000000.0,2.32e+17,3.54e+16,-7.34e+16,5.9e+16,gcmt,1289_gcmt,outer_rise
7000jjwt,2023-03-14T19:56:44,-75.3128,-38.4258,11.5,5.5,mww,12.38,44.36,-93.59,197.39,45.75,-86.5,1.0,285.0,3.0,15.0,87.0,179.0,-2.5584e+17,1.693e+16,2.3891e+17,1.247e+16,3150000000000000.0,6.347e+16,us,1289_us,outer_rise
202309170218A,2023-09-17T02:18:00,-75.57,-37.7,29.0,5.2,mw,173.0,43.0,-76.0,335.0,49.0,-102.0,3.0,73.0,,,80.0,180.0,,,,,,,gmt,1301_gmt,outer_rise
C202312060158A,2023-12-06T01:58:43,-78.92,-44.62,12.0,5.0,mw,255.0,82.0,-176.0,165.0,87.0,-8.0,3.0,210.0,81.0,322.0,8.0,120.0,-3780000000000000.0,1.83e+16,-1.45e+16,70000000000000.0,4550000000000000.0,-2.82e+16,gcmt,1307_gcmt,outer_rise
202312090449A,2023-12-09T04:49:00,-76.09,-45.82,12.0,5.2,mw,78.0,72.0,-166.0,343.0,77.0,-19.0,3.0,31.0,,,22.0,300.0,,,,,,,gmt,1308_gmt,outer_rise
C202312090449A,2023-12-09T04:49:46,-76.09,-45.82,12.5,5.2,mw,78.0,72.0,-166.0,343.0,77.0,-19.0,4.0,31.0,67.0,130.0,23.0,300.0,-1.7e+16,4.5e+16,-2.8e+16,-7820000000000000.0,-2.53e+16,-6.76e+16,gcmt,1308_gcmt,outer_rise
202312120100A,2023-12-12T01:00:00,-77.62,-45.75,13.0,5.0,mw,76.0,76.0,-178.0,346.0,89.0,-14.0,8.0,32.0,,,11.0,300.0,,,,,,,gmt,1309_gmt,outer_rise
7000m4sw,2024-03-12T03:42:37,-72.8952,-33.824,17.5,5.1,mww,187.74,82.18,91.6,356.14,7.99,78.5,53.0,100.0,2.0,8.0,37.0,276.0,1.9333e+16,-5240000000000000.0,-1.4093e+16,-8430000000000000.0,-5.8542e+16,507000000000000.0,us,1317_us,outer_rise
6000npeh,2024-09-03T01:16:46,-76.7354,-45.5919,11.5,4.9,mww,165.66,55.37,-100.55,3.81,36.01,-75.15,10.0,263.0,9.0,172.0,77.0,41.0,-2.263e+16,-718000000000000.0,2.3347e+16,-4560000000000000.0,7731000000000000.0,-2265000000000000.0,us,1325_us,outer_rise
202409030121A,2024-09-03T01:21:00,-76.8,-45.56,12.0,5.3,mw,327.0,48.0,-120.0,188.0,50.0,-61.0,1.0,258.0,,,68.0,165.0,,,,,,,gmt,1326_gmt,outer_rise
C202409030121A,2024-09-03T01:21:42,-76.8,-45.56,12.0,5.3,mw,327.0,48.0,-120.0,188.0,50.0,-61.0,1.0,258.0,22.0,348.0,68.0,166.0,-9e+16,5200000000000000.0,8.48e+16,4.25e+16,1.12e+16,-1.89e+16,gcmt,1326_gcmt,outer_rise
6000npej,2024-09-03T01:21:50,-76.5418,-45.5777,11.5,5.3,mww,159.49,33.27,-106.23,358.68,58.21,-79.61,13.0,81.0,9.0,173.0,75.0,297.0,-8.664e+16,4260000000000000.0,8.238e+16,-9031000000000000.0,-4.2495e+16,-1.6063e+16,us,1326_us,outer_rise
202502110224A,2025-02-11T02:24:00,-75.13,-37.33,17.0,5.2,mw,358.0,45.0,-109.0,204.0,48.0,-72.0,2.0,281.0,,,77.0,185.0,,,,,,,gmt,1341_gmt,outer_rise
C202502110224A,2025-02-11T02:24:10,-75.13,-37.33,17.0,5.2,mw,358.0,45.0,-109.0,204.0,48.0,-72.0,1.0,281.0,13.0,12.0,77.0,186.0,-8.64e+16,-5900000000000000.0,9.23e+16,1.98e+16,100000000000000.0,2.02e+16,gcmt,1341_gcmt,outer_rise
7000pcsz,2025-02-11T02:24:11,-75.0206,-37.2709,11.5,5.2,mww,359.32,46.62,-111.81,209.54,47.56,-68.54,0.0,285.0,16.0,15.0,74.0,193.0,-7.4194e+16,-4854000000000000.0,7.9048e+16,1.9012e+16,-3547000000000000.0,2.3157e+16,us,1341_us,outer_rise
202502222220A,2025-02-22T22:20:00,-77.05,-45.6,12.0,5.4,mw,79.0,66.0,-174.0,347.0,85.0,-24.0,13.0,35.0,,,21.0,300.0,,,,,,,gmt,1343_gmt,outer_rise
C202502222220A,2025-02-22T22:20:25,-77.05,-45.6,12.0,5.4,mw,79.0,66.0,-174.0,347.0,85.0,-24.0,13.0,36.0,66.0,156.0,20.0,301.0,-3.63e+16,8.08e+16,-4.45e+16,1.7299999999999998e+16,-6.61e+16,-1.54e+17,gcmt,1343_gcmt,outer_rise
7000pfih,2025-02-22T22:20:31,-76.7737,-45.5464,11.5,5.4,mww,345.81,75.37,-16.25,80.02,74.29,-164.79,1.0,33.0,68.0,125.0,22.0,303.0,-2380000000000000.0,6.694e+16,-6.456e+16,-3.868e+16,-6.328e+16,-1.4605e+17,us,1343_us,outer_rise
202502241226A,2025-02-24T12:26:00,-77.6,-45.71,15.0,5.1,mw,346.0,79.0,-10.0,78.0,81.0,-169.0,1.0,212.0,,,15.0,302.0,,,,,,,gmt,1344_gmt,outer_rise
C202502241226A,2025-02-24T12:26:02,-77.6,-45.71,15.1,5.1,mw,346.0,79.0,-10.0,78.0,81.0,-169.0,1.0,211.0,75.0,117.0,14.0,302.0,-5120000000000000.0,2.94e+16,-2.42e+16,-8660000000000000.0,-1.15e+16,-5.31e+16,gcmt,1344_gcmt,outer_rise
C202507020139A,2025-07-02T01:39:45,-72.83,-33.6,13.4,5.5,mw,48.0,8.0,113.0,205.0,82.0,87.0,53.0,111.0,3.0,205.0,37.0,297.0,3.95e+16,-1.06e+16,-2.89e+16,-6.31e+16,-1.3999999999999998e+17,-2.43e+16,gcmt,1350_gcmt,outer_rise
010903G,,-79.54,-44.66,15.0,5.9,mw,169.0,84.0,-2.0,259.0,88.0,-174.0,3.0,34.0,,,6.0,124.0,,,,,,,gmt,280_gmt,outer_rise
012787A,,-72.65,-32.35,15.0,5.5,mw,28.0,32.0,138.0,156.0,69.0,65.0,58.0,31.0,,,20.0,264.0,,,,,,,gmt,92_gmt,outer_rise
012880C,,-76.29,-45.17,15.0,5.4,mw,195.0,27.0,-56.0,338.0,68.0,-106.0,21.0,80.0,,,64.0,222.0,,,,,,,gmt,22_gmt,outer_rise
021487D,,-76.51,-45.7,15.0,5.9,mw,259.0,76.0,-171.0,167.0,81.0,-14.0,4.0,213.0,,,16.0,122.0,,,,,,,gmt,94_gmt,outer_rise
021996E,,-76.02,-42.45,15.0,6.0,mw,201.0,27.0,-85.0,15.0,63.0,-93.0,18.0,107.0,,,72.0,280.0,,,,,,,gmt,146_gmt,outer_rise
022189B,,-78.44,-44.96,15.0,5.5,mw,98.0,20.0,-80.0,268.0,71.0,-94.0,25.0,0.0,,,65.0,171.0,,,,,,,gmt,103_gmt,outer_rise
022277A,,-76.35,-45.97,10.0,5.4,mw,261.0,76.0,-168.0,168.0,78.0,-14.0,2.0,215.0,,,18.0,124.0,,,,,,,gmt,4_gmt,outer_rise
022876A,,-75.57,-40.3,15.0,5.9,mw,13.0,45.0,-85.0,187.0,45.0,-95.0,0.0,279.0,,,86.0,11.0,,,,,,,gmt,1_gmt,outer_rise
022883B,,-79.16,-44.78,15.0,6.0,mw,260.0,90.0,180.0,350.0,90.0,0.0,0.0,215.0,,,0.0,305.0,,,,,,,gmt,37_gmt,outer_rise
030301E,,-75.45,-39.48,15.0,5.8,mw,228.0,31.0,-43.0,357.0,69.0,-114.0,21.0,104.0,,,59.0,233.0,,,,,,,gmt,191_gmt,outer_rise
030302A,,-76.42,-45.92,15.0,5.9,mw,258.0,83.0,-176.0,168.0,86.0,-7.0,2.0,213.0,,,8.0,123.0,,,,,,,gmt,196_gmt,outer_rise
031388A,,-73.07,-33.82,15.0,5.8,mw,38.0,28.0,138.0,166.0,72.0,68.0,58.0,47.0,,,24.0,273.0,,,,,,,gmt,100_gmt,outer_rise
031793A,,-75.37,-38.67,15.0,5.6,mw,224.0,30.0,-37.0,348.0,72.0,-115.0,24.0,96.0,,,56.0,226.0,,,,,,,gmt,125_gmt,outer_rise
032980B,,-75.86,-43.38,15.0,6.1,mw,185.0,14.0,-119.0,34.0,78.0,-83.0,32.0,119.0,,,57.0,314.0,,,,,,,gmt,24_gmt,outer_rise
033085A,,-76.85,-45.34,10.0,5.4,mw,325.0,26.0,-81.0,135.0,64.0,-94.0,19.0,228.0,,,70.0,36.0,,,,,,,gmt,239_gmt,outer_rise
041389A,,-75.07,-39.96,15.0,5.8,mw,204.0,34.0,-51.0,339.0,64.0,-113.0,16.0,86.0,,,63.0,212.0,,,,,,,gmt,106_gmt,outer_rise
042885B,,-75.65,-39.99,10.0,5.9,mw,46.0,27.0,-101.0,239.0,64.0,-84.0,18.0,324.0,,,71.0,160.0,,,,,,,gmt,70_gmt,outer_rise
042894B,,-75.72,-39.95,15.0,5.5,mw,225.0,51.0,-44.0,346.0,57.0,-132.0,4.0,104.0,,,56.0,200.0,,,,,,,gmt,132_gmt,outer_rise
050898E,,-78.08,-45.15,15.0,5.3,mw,158.0,55.0,-17.0,258.0,76.0,-144.0,14.0,24.0,,,35.0,124.0,,,,,,,gmt,169_gmt,outer_rise
051891A,,-75.45,-40.59,15.0,5.4,mw,242.0,61.0,-27.0,346.0,67.0,-149.0,4.0,113.0,,,39.0,206.0,,,,,,,gmt,248_gmt,outer_rise
052584B,,-75.86,-43.14,10.0,5.4,mw,185.0,27.0,-98.0,14.0,63.0,-86.0,18.0,101.0,,,71.0,293.0,,,,,,,gmt,237_gmt,outer_rise
053076A,,-75.94,-42.06,15.0,6.1,mw,187.0,44.0,-101.0,23.0,47.0,-79.0,2.0,105.0,,,82.0,4.0,,,,,,,gmt,2_gmt,outer_rise
060182A,,-75.87,-41.69,10.0,6.4,mw,160.0,33.0,-130.0,25.0,65.0,-67.0,17.0,98.0,,,63.0,331.0,,,,,,,gmt,34_gmt,outer_rise
060193C,,-77.64,-46.0,15.0,5.9,mw,172.0,73.0,16.0,77.0,75.0,162.0,23.0,34.0,,,1.0,125.0,,,,,,,gmt,126_gmt,outer_rise
060384A,,-76.55,-45.29,10.0,5.4,mw,320.0,61.0,-161.0,221.0,73.0,-30.0,8.0,272.0,,,33.0,177.0,,,,,,,gmt,238_gmt,outer_rise
060391B,,-75.75,-40.77,15.0,5.6,mw,345.0,46.0,-146.0,229.0,66.0,-49.0,12.0,292.0,,,51.0,187.0,,,,,,,gmt,249_gmt,outer_rise
060481A,,-78.12,-34.76,26.0,5.1,mw,207.0,42.0,-41.0,330.0,64.0,-124.0,12.0,84.0,,,57.0,193.0,,,,,,,gmt,281_gmt,outer_rise
060582A,,-76.07,-43.44,23.0,5.3,mw,191.0,29.0,-87.0,8.0,61.0,-91.0,16.0,99.0,,,74.0,273.0,,,,,,,gmt,35_gmt,outer_rise
062003C,,-77.06,-45.72,15.0,5.3,mw,172.0,36.0,-70.0,327.0,56.0,-104.0,10.0,68.0,,,74.0,199.0,,,,,,,gmt,213_gmt,outer_rise
070497E,,-76.92,-45.63,15.0,5.2,mw,264.0,90.0,-180.0,354.0,90.0,0.0,0.0,39.0,,,0.0,129.0,,,,,,,gmt,256_gmt,outer_rise
071802D,,-79.75,-44.72,15.0,5.2,mw,246.0,34.0,42.0,119.0,68.0,117.0,58.0,66.0,,,19.0,190.0,,,,,,,gmt,282_gmt,outer_rise
072497A,,-72.63,-30.63,15.0,5.7,mw,0.0,31.0,91.0,179.0,59.0,89.0,76.0,87.0,,,14.0,269.0,,,,,,,gmt,159_gmt,outer_rise
072997A,,-72.96,-30.87,42.0,5.2,mw,340.0,46.0,65.0,194.0,49.0,114.0,72.0,172.0,,,2.0,267.0,,,,,,,gmt,258_gmt,outer_rise
080485B,,-76.14,-45.37,10.0,5.8,mw,199.0,24.0,-64.0,352.0,68.0,-101.0,23.0,89.0,,,65.0,242.0,,,,,,,gmt,82_gmt,outer_rise
081299C,,-76.72,-45.37,15.0,5.5,mw,6.0,40.0,-20.0,111.0,77.0,-128.0,23.0,230.0,,,44.0,344.0,,,,,,,gmt,264_gmt,outer_rise
082299A,,-75.44,-40.88,15.0,6.4,mw,202.0,45.0,-84.0,14.0,46.0,-96.0,0.0,108.0,,,86.0,200.0,,,,,,,gmt,186_gmt,outer_rise
091795B,,-74.47,-35.61,15.0,5.6,mw,184.0,42.0,-124.0,46.0,56.0,-63.0,8.0,118.0,,,67.0,9.0,,,,,,,gmt,254_gmt,outer_rise
092999E,,-72.6,-30.94,15.0,5.7,mw,352.0,31.0,87.0,175.0,59.0,92.0,76.0,91.0,,,14.0,264.0,,,,,,,gmt,187_gmt,outer_rise
100395J,,-72.65,-30.86,23.0,5.7,mw,9.0,41.0,104.0,171.0,51.0,79.0,80.0,26.0,,,5.0,269.0,,,,,,,gmt,144_gmt,outer_rise
100998B,,-76.5,-47.21,15.0,5.1,mw,19.0,46.0,138.0,142.0,61.0,52.0,56.0,0.0,,,9.0,257.0,,,,,,,gmt,284_gmt,outer_rise
102301I,,-76.47,-43.39,29.0,5.1,mw,232.0,45.0,-27.0,342.0,71.0,-132.0,16.0,101.0,,,47.0,209.0,,,,,,,gmt,270_gmt,outer_rise
103102F,,-75.39,-40.56,15.0,5.1,mw,244.0,43.0,-61.0,27.0,53.0,-114.0,5.0,134.0,,,70.0,239.0,,,,,,,gmt,274_gmt,outer_rise
110404C,,-76.9,-46.0,18.0,5.0,mw,88.0,61.0,-158.0,347.0,71.0,-31.0,6.0,39.0,,,35.0,305.0,,,,,,,gmt,279_gmt,outer_rise
110404D,,-76.79,-45.94,19.0,5.2,mw,82.0,73.0,-172.0,349.0,82.0,-17.0,6.0,37.0,,,18.0,305.0,,,,,,,gmt,227_gmt,outer_rise
110597B,,-78.73,-44.54,15.0,5.5,mw,80.0,75.0,-173.0,349.0,84.0,-15.0,6.0,35.0,,,15.0,303.0,,,,,,,gmt,165_gmt,outer_rise
110698A,,-79.34,-44.52,15.0,5.9,mw,256.0,69.0,171.0,349.0,82.0,22.0,21.0,214.0,,,9.0,121.0,,,,,,,gmt,174_gmt,outer_rise
111203C,,-75.52,-40.56,22.0,5.5,mw,216.0,33.0,-83.0,27.0,57.0,-95.0,12.0,121.0,,,77.0,283.0,,,,,,,gmt,215_gmt,outer_rise
112099B,,-72.66,-30.79,32.0,5.2,mw,11.0,40.0,106.0,171.0,52.0,77.0,78.0,30.0,,,6.0,270.0,,,,,,,gmt,267_gmt,outer_rise
112683D,,-79.94,-45.11,15.0,5.8,mw,257.0,90.0,180.0,347.0,90.0,0.0,0.0,212.0,,,0.0,302.0,,,,,,,gmt,41_gmt,outer_rise
112883A,,-77.97,-44.6,10.0,5.5,mw,133.0,18.0,-142.0,7.0,79.0,-76.0,33.0,84.0,,,54.0,294.0,,,,,,,gmt,42_gmt,outer_rise
112886A,,-77.17,-45.53,15.0,5.2,mw,260.0,90.0,180.0,350.0,90.0,0.0,0.0,215.0,,,0.0,305.0,,,,,,,gmt,91_gmt,outer_rise
112987A,,-76.57,-45.87,15.0,5.4,mw,154.0,37.0,-95.0,340.0,53.0,-86.0,8.0,68.0,,,81.0,268.0,,,,,,,gmt,244_gmt,outer_rise
121083B,,-78.32,-44.73,15.0,5.6,mw,258.0,90.0,180.0,348.0,90.0,0.0,0.0,213.0,,,0.0,303.0,,,,,,,gmt,43_gmt,outer_rise
122000C,,-75.39,-39.36,15.0,6.4,mw,206.0,43.0,-72.0,3.0,50.0,-106.0,3.0,103.0,,,77.0,209.0,,,,,,,gmt,189_gmt,outer_rise
122698A,,-75.74,-40.9,15.0,5.5,mw,187.0,18.0,-89.0,6.0,72.0,-90.0,27.0,96.0,,,63.0,275.0,,,,,,,gmt,177_gmt,outer_rise
