id,time_iso,longitude,latitude,depth,mag,mag_type,strike1,dip1,rake1,strike2,dip2,rake2,T_plunge,T_azimuth,N_plunge,N_azimuth,P_plunge,P_azimuth,Mrr,Mtt,Mpp,Mrt,Mrp,Mtp,source,duplicate_id,class
718362,1976-02-28T16:27:11,-74.938,-39.979,15.0,5.92,mw,13.0,45.0,-85.0,187.0,45.0,-95.0,44.94549303233436,279.46670640184016,45.00000000000005,102.9999999999984,1.7674863946067771,11.23167201047363,-0.8,-0.23,1.03,-0.03,0.01,0.23,gem,1_gem,subduction_intraslab
B011177A,1977-01-11T07:02:43,-72.1,-31.92,42.2,5.4,mw,5.0,34.0,111.0,160.0,59.0,77.0,73.0,36.0,11.0,167.0,13.0,259.0,7.116e+16,1.044e+16,-8.16e+16,2.177e+16,-3.401e+16,1.407e+16,gcmt,3_gcmt,subduction_intraslab
695408,1977-07-02T05:09:06,-71.027,-25.788,29.1,5.63,mw,174.0,79.0,92.0,342.0,11.0,79.0,44.946258147471305,266.52650233853933,2.1172794909713306,174.4117484240088,44.97553654170957,82.29483112154242,1.25,-0.02,-1.22,0.33,-3.11,0.27,gem,297_gem,subduction_intraslab
B100577B,1977-10-05T04:34:09,-70.74,-28.25,52.0,5.5,mwc,16.0,36.0,113.0,168.0,57.0,74.0,73.0,38.0,13.0,177.0,11.0,270.0,,,,,,,us,300_us,subduction_intraslab
691406,1977-10-05T04:34:10,-70.968,-28.341,50.2,5.48,mw,16.0,36.0,113.0,168.0,57.0,74.0,32.472008109372446,37.88054558545576,28.37231123089133,147.9826389912513,44.19418134739383,269.65707085843025,1.7,0.28,-1.98,0.4,-0.74,-0.06,gem,300_gem,subduction_intraslab
B100577B,1977-10-05T04:34:18,-71.43,-28.34,52.7,5.4,mw,16.0,36.0,113.0,168.0,57.0,74.0,73.0,38.0,13.0,177.0,11.0,270.0,1.703e+17,2.7900000000000004e+16,-1.982e+17,3.97e+16,-7.41e+16,-5600000000000000.0,gcmt,300_gcmt,subduction_intraslab
686607,1978-02-17T06:43:29,-71.347,-28.737,40.5,5.33,mw,18.0,77.0,109.0,141.0,23.0,35.0,40.05176621308839,131.14366994350104,20.400283242828944,22.92550360783844,42.9601788786576,272.6630133976578,5.82,-0.2,-5.62,5.21,9.22,2.38,gem,302_gem,subduction_intraslab
B021778B,1978-02-17T06:43:30,-71.02,-28.57,55.0,5.3,mwc,141.0,23.0,35.0,18.0,77.0,109.0,54.0,311.0,18.0,194.0,30.0,93.0,,,,,,,us,302_us,subduction_intraslab
B021778B,1978-02-17T06:43:33,-71.47,-28.59,66.0,5.7,mw,141.0,23.0,35.0,18.0,77.0,109.0,54.0,311.0,18.0,194.0,30.0,93.0,5.823e+16,-2030000000000000.0,-5.62e+16,5.207e+16,9.218e+16,2.379e+16,gcmt,302_gcmt,subduction_intraslab
681554,1978-06-28T07:27:54,-70.127,-27.534,90.6,5.13,mw,8.0,71.0,-66.0,134.0,30.0,-139.0,42.284134865410365,259.87995860063995,27.717710689204388,18.42287599757549,35.12229441368832,130.11179823245322,-3.2,-1.55,4.75,-0.68,-4.25,-1.93,gem,306_gem,subduction_intraslab
677592,1978-08-03T18:11:18,-70.65,-26.52,55.0,6.83,mw,15.0,72.0,-102.0,231.0,22.0,-57.0,44.28871522277922,294.4189446325947,13.985311476030192,190.35837196717767,42.36106929713432,87.23144648041045,-1.5,0.75,0.74,-0.16,-1.75,0.45,gem,307_gem,subduction_intraslab
D080378B,1978-08-03T18:11:23,-70.4,-26.54,69.3,6.3,mw,231.0,22.0,-57.0,15.0,72.0,-102.0,26.0,115.0,12.0,19.0,61.0,267.0,-1.498e+19,7.49e+18,7.49e+18,-1.6e+18,-1.7490000000000002e+19,4.52e+18,gcmt,307_gcmt,subduction_intraslab
B042679A,1979-04-26T02:00:09,-71.9,-33.82,38.0,5.9,mwc,26.0,25.0,124.0,170.0,70.0,76.0,63.0,57.0,13.0,175.0,23.0,271.0,,,,,,,us,16_us,subduction_intraslab
B042679A,1979-04-26T02:00:11,-72.07,-33.91,33.7,5.8,mw,26.0,25.0,124.0,170.0,70.0,76.0,63.0,57.0,13.0,175.0,23.0,271.0,5.149e+17,1.315e+17,-6.464e+17,1.557e+17,-6.172e+17,-8.55e+16,gcmt,16_gcmt,subduction_intraslab
B051579B,1979-05-15T17:32:43,-69.39,-22.9,93.3,5.3,mw,169.0,13.0,-107.0,6.0,77.0,-86.0,32.0,93.0,4.0,186.0,58.0,282.0,-7.039999999999999e+16,1.67e+16,5.37e+16,-1.84e+16,-1.268e+17,-4900000000000000.0,gcmt,316_gcmt,subduction_intraslab
665465,1979-05-22T08:33:40,-69.279,-22.921,84.2,5.47,mw,19.0,55.0,-69.0,165.0,40.0,-117.0,43.684460455463714,274.1818624651001,37.705462148140846,51.77139718508107,22.69769665084646,160.63601854201954,-1.66,-0.36,2.02,-0.5,-0.47,0.11,gem,318_gem,subduction_intraslab
B052279A,1979-05-22T08:33:41,-69.66,-22.87,83.0,5.5,mw,165.0,40.0,-117.0,19.0,55.0,-69.0,8.0,94.0,17.0,187.0,71.0,341.0,-1.658e+17,-3.64e+16,2.023e+17,-5.04e+16,-4.71e+16,1.1e+16,gcmt,318_gcmt,subduction_intraslab
665820,1979-05-28T14:59:19,-70.181,-24.578,52.0,5.88,mw,196.0,58.0,-75.0,349.0,35.0,-113.0,44.26114673824932,95.22430470780428,26.249549773732443,213.94749667327247,34.28272615010732,323.5915944580696,-5.88,-2.69,8.56,1.21,3.22,0.83,gem,319_gem,subduction_intraslab
B052879D,1979-05-28T14:59:26,-70.98,-24.56,60.0,5.8,mw,349.0,35.0,-113.0,196.0,58.0,-75.0,12.0,275.0,13.0,8.0,72.0,142.0,-5.875e+17,-2.69e+17,8.565e+17,1.206e+17,3.216e+17,8.29e+16,gcmt,320_gcmt,subduction_intraslab
B070679A,1979-07-06T02:01:17,-71.63,-32.38,49.0,5.6,mw,166.0,39.0,70.0,11.0,54.0,105.0,75.0,328.0,12.0,182.0,8.0,90.0,4.9160000000000006e+17,-2000000000000000.0,-4.896e+17,1.19e+17,1.409e+17,1.65e+16,gcmt,17_gcmt,subduction_intraslab
656945,1979-10-11T08:55:56,-71.963,-33.508,37.8,5.37,mw,13.0,24.0,96.0,187.0,66.0,87.0,44.80153946728375,91.23325434185053,3.618606855215072,184.8340348879344,44.970223720408605,278.4561085514242,0.96,0.18,-1.14,-0.1,-0.96,-0.23,gem,19_gem,subduction_intraslab
19791011085556,1979-10-11T08:56:02,-71.55,-33.41,44.0,5.4,mwc,13.0,24.0,96.0,187.0,66.0,87.0,69.0,92.0,2.0,188.0,21.0,279.0,9.57e+16,1.85e+16,-1.142e+17,-1e+16,-9.56e+16,-2.26e+16,us,19_us,subduction_intraslab
B101179B,1979-10-11T08:56:02,-71.55,-33.41,44.0,5.3,mw,13.0,24.0,96.0,187.0,66.0,87.0,69.0,92.0,2.0,188.0,21.0,279.0,9.57e+16,1.85e+16,-1.1419999999999998e+17,-1e+16,-9.56e+16,-2.26e+16,gcmt,19_gcmt,subduction_intraslab
B122879B,1979-12-28T13:46:24,-69.59,-24.55,114.3,5.3,mw,158.0,30.0,-86.0,333.0,60.0,-92.0,15.0,65.0,2.0,334.0,75.0,236.0,-1.651e+17,4.64e+16,1.187e+17,4.34e+16,-7.43e+16,-3.98e+16,gcmt,328_gcmt,subduction_intraslab
B021480A,1980-02-14T14:07:00,-71.56,-32.02,46.9,5.3,mw,226.0,41.0,142.0,346.0,66.0,55.0,55.0,211.0,32.0,2.0,14.0,101.0,2.821e+16,2.153e+16,-4.974e+16,-4430000000000000.0,2.26e+16,-1.689e+16,gcmt,23_gcmt,subduction_intraslab
651166,1980-02-14T14:07:02,-71.622,-31.905,44.3,5.06,mw,226.0,41.0,142.0,346.0,66.0,55.0,23.392890684955976,212.34687739878387,40.70879475138336,324.19841074835585,40.221165871152685,100.8874653256911,2.82,2.15,-4.97,-0.44,2.26,-1.69,gem,23_gem,subduction_intraslab
B032380A,1980-03-23T23:33:10,-71.54,-29.95,36.0,5.4,mwc,1.0,37.0,75.0,200.0,55.0,101.0,77.0,148.0,9.0,14.0,9.0,282.0,,,,,,,us,231_us,subduction_intraslab
650101,1980-03-23T23:33:12,-71.582,-30.023,35.9,5.37,mw,1.0,37.0,75.0,200.0,55.0,101.0,35.08111944416666,147.7626291809397,24.80219382199168,38.82432459029906,44.63958631539957,281.67353418001886,1.25,0.13,-1.38,-0.27,-0.39,-0.32,gem,231_gem,subduction_intraslab
650414,1980-03-29T06:41:49,-75.509,-43.152,17.8,6.08,mw,34.0,78.0,-83.0,185.0,14.0,-119.0,44.70998399042546,298.12574071815175,7.486684376146012,35.600671217359775,44.31723659756799,132.97323873535538,-0.53,-0.11,0.64,-0.82,-1.21,0.43,gem,24_gem,subduction_intraslab
B032980B,1980-03-29T06:41:50,-75.2,-43.08,33.0,6.1,mwc,185.0,14.0,-119.0,34.0,78.0,-83.0,32.0,119.0,7.0,213.0,57.0,313.0,,,,,,,us,24_us,subduction_intraslab
B032381A,1981-03-23T19:28:10,-71.89,-33.66,46.0,6.4,mwc,335.0,5.0,73.0,173.0,85.0,91.0,50.0,84.0,1.0,352.0,40.0,261.0,,,,,,,us,31_us,subduction_intraslab
B041681C,1981-04-16T22:06:02,-71.02,-20.11,24.7,5.1,mw,2.0,33.0,114.0,154.0,60.0,75.0,71.0,29.0,13.0,161.0,14.0,254.0,4.248e+16,5330000000000000.0,-4.781e+16,1.588e+16,-2.075e+16,1.442e+16,gcmt,343_gcmt,subduction_intraslab
611767,1981-09-19T11:40:55,-74.937,-39.035,17.9,5.54,mw,206.0,38.0,-53.0,342.0,61.0,-116.0,42.78200976317083,90.201454873402,35.887344914873964,318.16633214401406,26.20885188537727,207.30140844221023,-2.07,-0.03,2.09,1.1,-0.93,0.25,gem,236_gem,subduction_intraslab
B091981B,1981-09-19T11:40:56,-74.81,-39.08,30.0,5.5,mwc,206.0,38.0,-53.0,342.0,61.0,-116.0,12.0,90.0,22.0,355.0,65.0,207.0,,,,,,,us,236_us,subduction_intraslab
C110781A,1981-11-07T03:29:50,-71.37,-32.23,64.0,6.9,mwc,208.0,5.0,-47.0,345.0,86.0,-94.0,41.0,78.0,4.0,345.0,49.0,251.0,,,,,,,us,353_us,subduction_intraslab
608340,1981-11-07T03:29:51,-71.324,-32.162,60.0,6.95,mw,208.0,5.0,-47.0,345.0,86.0,-94.0,44.91018915374077,78.10226528161019,3.435524607005576,344.67133379987973,44.88405890995395,251.2435340635443,-0.07,-0.77,0.83,0.78,-3.12,-0.22,gem,353_gem,subduction_intraslab
608340,1981-11-07T03:29:51,-71.336,-32.199,54.0,7.0,mw,83.0,46.0,179.0,174.0,89.0,44.0,30.0,48.0,46.0,175.0,29.0,299.0,60000000000.0,520000000000.0,-580000000000.0,390000000000.0,-2520000000000.0,-2540000000000.0,neis,353_neis,subduction_intraslab
C110781A,1981-11-07T03:29:58,-71.39,-32.41,65.6,6.8,mw,208.0,5.0,-47.0,345.0,86.0,-94.0,41.0,78.0,4.0,345.0,49.0,251.0,-6.7e+17,-7.67e+18,8.34e+18,7.82e+18,-3.122e+19,-2.17e+18,gcmt,353_gcmt,subduction_intraslab
608788,1981-11-17T07:11:24,-70.107,-25.905,69.0,5.42,mw,144.0,11.0,101.0,312.0,80.0,88.0,44.93994050889956,220.13042572828007,2.2437721544987648,312.3712152996883,44.97223551565384,44.614533651060015,0.59,-0.27,-0.32,-1.2,1.08,0.34,gem,354_gem,subduction_intraslab
B050382B,1982-05-03T07:26:12,-69.38,-23.47,112.0,5.5,mw,24.0,63.0,-23.0,125.0,70.0,-151.0,5.0,253.0,55.0,157.0,35.0,346.0,-1.083e+17,-1.079e+17,2.162e+17,-4.3e+16,1.6900000000000002e+16,-1.036e+17,gcmt,360_gcmt,subduction_intraslab
596390,1982-06-01T04:14:14,-75.275,-41.516,20.0,6.4,mw,25.0,65.0,-67.0,160.0,33.0,-130.0,42.89122439170433,278.2142718720793,29.961976179296737,40.5934907174954,32.41494249788143,152.06553499906352,-3.37,-0.86,4.23,-1.87,-2.34,0.31,gem,34_gem,subduction_intraslab
C060182A,1982-06-01T04:14:15,-74.99,-41.63,32.0,6.4,mwc,160.0,33.0,-130.0,25.0,65.0,-67.0,17.0,99.0,21.0,195.0,63.0,332.0,,,,,,,us,34_us,subduction_intraslab
596588,1982-06-05T00:17:00,-75.328,-43.07,25.0,5.26,mw,8.0,61.0,-91.0,191.0,29.0,-87.0,44.996387907388126,278.7355649816984,1.6499782016348907,187.08511036119253,44.956109875388535,95.43697523870026,-7.5,-1.01,8.5,-0.68,-5.13,1.66,gem,35_gem,subduction_intraslab
B060582A,1982-06-05T00:17:00,-75.21,-43.1,33.0,5.3,mwc,191.0,29.0,-87.0,8.0,61.0,-91.0,16.0,99.0,1.0,9.0,74.0,275.0,,,,,,,us,35_us,subduction_intraslab
593177,1982-08-05T09:16:43,-70.75,-26.688,45.0,5.69,mw,149.0,12.0,-93.0,332.0,78.0,-89.0,44.99758781780254,61.52944508136079,0.6822820378056016,152.211718045589,44.994287905288346,242.8939124205086,-2.24,1.1,1.14,1.78,-3.4,-0.11,gem,367_gem,subduction_intraslab
591614,1982-09-06T11:13:26,-71.499,-32.206,63.0,5.26,mw,68.0,21.0,-166.0,326.0,85.0,-69.0,42.01333908854506,36.94757493823664,20.63236455692767,146.7744358542041,40.85265958480188,255.776838290918,-1.79,3.96,-2.17,4.54,-7.86,-1.5,gem,36_gem,subduction_intraslab
B090682C,1982-09-06T11:13:26,-71.46,-32.14,73.0,5.3,mwc,68.0,21.0,-166.0,326.0,85.0,-69.0,37.0,38.0,20.0,144.0,46.0,257.0,,,,,,,us,36_us,subduction_intraslab
B090682C,1982-09-06T11:13:27,-71.39,-32.08,78.5,5.3,mw,68.0,21.0,-166.0,326.0,85.0,-69.0,37.0,38.0,20.0,144.0,46.0,257.0,-1.786e+16,3.959e+16,-2.173e+16,4.539e+16,-7.859e+16,-1.4990000000000002e+16,gcmt,36_gcmt,subduction_intraslab
B102682A,1982-10-26T03:24:30,-71.26,-29.67,69.0,5.7,mwc,100.0,15.0,-154.0,345.0,84.0,-77.0,37.0,63.0,13.0,164.0,50.0,270.0,,,,,,,us,371_us,subduction_intraslab
591057,1982-10-26T03:24:31,-71.334,-29.802,70.1,5.75,mw,100.0,15.0,-154.0,345.0,84.0,-77.0,43.7280256321364,62.79873634347695,13.793465322088185,166.38076658204955,43.01296313988465,269.6212535074654,-1.37,1.15,0.21,0.97,-4.9,-1.1,gem,371_gem,subduction_intraslab
B102682A,1982-10-26T03:24:34,-71.33,-29.7,56.1,5.6,mw,100.0,15.0,-154.0,345.0,84.0,-77.0,37.0,63.0,13.0,164.0,50.0,270.0,-1.367e+17,1.149e+17,2.18e+16,9.69e+16,-4.904e+17,-1.0960000000000002e+17,gcmt,371_gcmt,subduction_intraslab
575262,1983-05-02T01:24:58,-70.838,-26.601,35.5,5.63,mw,20.0,30.0,116.0,171.0,64.0,76.0,38.74011720617695,52.41673942776549,20.43444221610541,159.80962440910366,44.22599242117749,271.0725501143927,2.34,0.81,-3.15,0.48,-1.96,-0.23,gem,385_gem,subduction_intraslab
B050283B,1983-05-02T01:25:03,-71.28,-26.63,33.0,5.1,mw,20.0,30.0,116.0,171.0,64.0,76.0,68.0,53.0,13.0,177.0,18.0,271.0,2.3450000000000003e+17,8.08e+16,-3.153e+17,4.81e+16,-1.955e+17,-2.31e+16,gcmt,385_gcmt,subduction_intraslab
575722,1983-05-07T01:07:23,-70.824,-28.008,50.9,5.08,mw,16.0,29.0,101.0,183.0,62.0,84.0,43.53606560493382,78.95395101675791,9.61087812493086,178.212705337613,44.866217845502405,277.9158636607251,4.28,-0.02,-4.26,0.09,-2.81,-0.74,gem,386_gem,subduction_intraslab
B050783A,1983-05-07T01:07:26,-71.61,-28.37,33.8,5.4,mw,16.0,29.0,101.0,183.0,62.0,84.0,73.0,79.0,5.0,186.0,17.0,278.0,4.284e+16,-220000000000000.0,-4.261e+16,930000000000000.0,-2.81e+16,-7390000000000000.0,gcmt,387_gcmt,subduction_intraslab
B050983A,1983-05-09T10:58:23,-74.45,-41.92,33.0,5.8,mw,358.0,41.0,-118.0,213.0,54.0,-68.0,7.0,287.0,18.0,19.0,71.0,177.0,-1.293e+18,-2.7800000000000003e+17,1.571e+18,4.14e+17,2.52e+17,5.75e+17,gcmt,38_gcmt,subduction_intraslab
575911,1983-05-09T10:58:26,-75.049,-40.99,20.6,6.08,mw,213.0,54.0,-68.0,358.0,41.0,-118.0,43.601195895297614,107.5350321086031,39.98643200978435,250.54240566265844,19.503123122121185,357.822871297876,-1.29,-0.28,1.57,0.41,0.25,0.57,gem,38_gem,subduction_intraslab
B050983A,1983-05-09T10:58:26,-74.84,-40.87,33.0,6.1,mwc,358.0,41.0,-118.0,213.0,54.0,-68.0,7.0,287.0,18.0,19.0,71.0,177.0,,,,,,,us,38_us,subduction_intraslab
B091483A,1983-09-14T00:47:04,-73.08,-36.42,37.0,5.4,mwc,23.0,16.0,131.0,161.0,78.0,79.0,56.0,57.0,11.0,163.0,32.0,260.0,,,,,,,us,39_us,subduction_intraslab
C100983A,1983-10-09T11:25:49,-71.1,-26.31,39.7,6.2,mw,9.0,20.0,111.0,167.0,71.0,82.0,63.0,65.0,7.0,169.0,26.0,263.0,3.858e+18,1.27e+17,-3.986e+18,1.429e+18,-4.9e+18,1.26e+17,gcmt,396_gcmt,subduction_intraslab
566658,1983-10-16T09:59:47,-70.236,-23.748,60.0,5.93,mw,4.0,74.0,-90.0,185.0,16.0,-90.0,45.00000000000001,274.0,1.5902773407317584e-15,4.0,45.00000000000001,94.0,-5.23,0.02,5.2,-0.58,-8.15,0.4,gem,397_gem,subduction_intraslab
B101683B,1983-10-16T09:59:49,-70.65,-23.51,84.1,5.7,mw,185.0,16.0,-90.0,4.0,74.0,-90.0,29.0,94.0,0.0,4.0,61.0,274.0,-5.2300000000000006e+17,2100000000000000.0,5.209e+17,-5.779999999999999e+16,-8.148e+17,3.95e+16,gcmt,397_gcmt,subduction_intraslab
563533,1983-12-23T22:56:07,-71.441,-27.348,23.6,5.22,mw,49.0,68.0,-148.0,306.0,61.0,-25.0,31.56689277128588,355.99272711441654,57.744773996339966,189.1922651264022,5.959899265276339,89.67032526467278,-2.43,7.77,-5.34,-0.44,-5.37,0.54,gem,398_gem,subduction_intraslab
B122383B,1983-12-23T22:56:10,-71.67,-27.23,33.0,5.2,mw,306.0,61.0,-25.0,49.0,68.0,-148.0,5.0,176.0,52.0,80.0,37.0,269.0,-2.426e+16,7.772e+16,-5.346e+16,-4440000000000000.0,-5.372e+16,5390000000000000.0,gcmt,398_gcmt,subduction_intraslab
558434,1984-02-03T08:29:49,-71.357,-29.633,46.4,5.56,mw,12.0,45.0,97.0,182.0,45.0,83.0,2.474103635746461,9.523586500474266,45.00000000000006,101.99999999999886,44.893231239809296,277.0563909803252,2.53,0.26,-2.78,0.2,-0.01,-0.38,gem,401_gem,subduction_intraslab
B020384B,1984-02-03T08:29:53,-71.64,-29.74,48.4,5.7,mw,182.0,45.0,83.0,12.0,45.0,97.0,85.0,7.0,5.0,187.0,0.0,97.0,2.532e+17,2.55e+16,-2.787e+17,2.02e+16,-1500000000000000.0,-3.77e+16,gcmt,401_gcmt,subduction_intraslab
B041984B,1984-04-19T08:28:53,-71.9,-31.8,31.0,5.7,mwc,19.0,16.0,120.0,168.0,76.0,82.0,58.0,68.0,8.0,170.0,31.0,265.0,,,,,,,us,45_us,subduction_intraslab
555397,1984-04-19T08:28:54,-71.836,-31.823,29.7,5.71,mw,19.0,16.0,120.0,168.0,76.0,82.0,43.99413569576475,67.07855570792117,8.923646104696573,165.79822254848523,44.62701743444836,264.7142968877982,2.08,0.0,-2.08,0.96,-3.81,-0.2,gem,45_gem,subduction_intraslab
B041984B,1984-04-19T08:28:59,-72.06,-31.74,31.0,5.6,mw,19.0,16.0,120.0,168.0,76.0,82.0,58.0,68.0,8.0,170.0,31.0,265.0,2.0830000000000003e+17,100000000000000.0,-2.084e+17,9.62e+16,-3.809e+17,-1.97e+16,gcmt,45_gcmt,subduction_intraslab
B052584B,1984-05-25T13:20:23,-75.13,-42.62,31.0,5.4,mwc,185.0,27.0,-98.0,14.0,63.0,-86.0,18.0,101.0,4.0,192.0,71.0,294.0,,,,,,,us,237_us,subduction_intraslab
553729,1984-05-25T13:20:23,-75.493,-42.764,20.7,5.38,mw,14.0,63.0,-86.0,185.0,27.0,-98.0,44.9387572759378,281.0286522373576,6.042018154981771,17.091524463406813,44.42641302655374,113.04653079627786,-1.13,-0.08,1.21,-0.26,-0.84,0.24,gem,237_gem,subduction_intraslab
B060384A,1984-06-03T01:44:14,-75.71,-45.33,33.0,5.4,mwc,320.0,61.0,-161.0,221.0,73.0,-30.0,8.0,272.0,56.0,14.0,33.0,177.0,,,,,,,us,238_us,subduction_intraslab
B061184A,1984-06-11T02:05:42,-71.9,-31.25,44.5,5.8,mw,357.0,36.0,94.0,171.0,54.0,87.0,81.0,68.0,2.0,173.0,9.0,264.0,2.198e+18,2.98e+17,-2.497e+18,1.72e+17,-7.43e+17,3.1e+17,gcmt,47_gcmt,subduction_intraslab
B081284D,1984-08-12T11:51:48,-69.67,-24.22,117.6,5.6,mw,180.0,45.0,-56.0,316.0,54.0,-119.0,5.0,66.0,24.0,334.0,66.0,167.0,-2.633e+17,-7400000000000000.0,2.707e+17,1.204e+17,-3599999999999999.5,-1.411e+17,gcmt,409_gcmt,subduction_intraslab
538611,1984-11-08T06:32:57,-71.441,-30.848,45.0,5.53,mw,182.0,50.0,92.0,359.0,40.0,87.0,43.70298321871428,287.7616061306762,8.686530326086215,189.36549775071532,44.98968066415471,90.58056850958776,2.25,0.31,-2.56,-0.07,-0.45,-0.03,gem,48_gem,subduction_intraslab
B110884B,1984-11-08T06:33:01,-71.87,-30.89,42.3,5.2,mw,359.0,40.0,87.0,182.0,50.0,92.0,84.0,109.0,2.0,1.0,5.0,271.0,2.247e+17,3.13e+16,-2.56e+17,-6600000000000000.0,-4.46e+16,-2900000000000000.0,gcmt,48_gcmt,subduction_intraslab
B011885A,1985-01-18T15:00:08,-70.71,-29.41,82.0,6.3,mwc,322.0,67.0,13.0,227.0,78.0,156.0,25.0,182.0,64.0,22.0,8.0,276.0,,,,,,,us,415_us,subduction_intraslab
534791,1985-01-18T15:00:09,-70.793,-29.374,85.0,6.3,mw,205.0,63.0,170.0,300.0,81.0,27.0,26.0,165.0,61.0,317.0,12.0,70.0,35000000000.0,245000000000.0,-280000000000.0,-177000000000.0,22000000000.0,183000000000.0,neic,415_neic,subduction_intraslab
534791,1985-01-18T15:00:10,-70.891,-29.416,80.8,6.31,mw,227.0,78.0,156.0,322.0,67.0,13.0,8.454025238749896,2.632915017337268,64.96740640678789,254.0747689092128,23.376576278606287,96.31648506979371,0.54,2.9,-3.44,-1.46,-0.41,-0.5,gem,415_gem,subduction_intraslab
B011885A,1985-01-18T15:00:15,-71.26,-29.79,74.5,5.8,mw,322.0,67.0,13.0,227.0,78.0,156.0,25.0,182.0,64.0,22.0,8.0,276.0,5.3900000000000006e+17,2.904e+18,-3.443e+18,-1.459e+18,-4.09e+17,-4.98e+17,gcmt,415_gcmt,subduction_intraslab
532684,1985-02-21T18:53:09,-72.076,-33.384,35.0,5.69,mw,29.0,31.0,127.0,167.0,66.0,70.0,35.4916708619647,44.73207630662034,25.9216696495544,155.01055570386097,43.38503178880012,272.35805108625544,2.69,0.87,-3.56,0.89,-2.47,-0.5,gem,52_gem,subduction_intraslab
B022185B,1985-02-21T18:53:14,-72.1,-33.37,32.9,5.5,mw,29.0,31.0,127.0,167.0,66.0,70.0,63.0,45.0,18.0,176.0,19.0,272.0,2.69e+17,8.7e+16,-3.56e+17,8.86e+16,-2.473e+17,-4.98e+16,gcmt,52_gcmt,subduction_intraslab
532700,1985-02-21T21:52:57,-70.494,-20.788,35.0,5.62,mw,10.0,30.0,114.0,163.0,63.0,77.0,39.28899455417221,45.59615699763782,19.42113082186268,152.36207421690096,44.33844642420135,262.5146333812844,2.37,0.62,-2.99,0.71,-1.76,0.32,gem,417_gem,subduction_intraslab
529084,1985-03-03T22:47:07,-71.871,-33.135,51.0,7.5,mw,56.0,45.0,156.0,164.0,73.0,48.0,45.0,31.0,40.0,179.0,17.0,284.0,7500000000000.0,4000000000000.0,-11499999999999.998,11900000000000.0,-10600000000000.0,-8900000000000.0,neic,53_neic,subduction_intraslab
529084,1985-03-03T22:47:08,-71.858,-33.257,35.0,7.95,mw,11.0,26.0,110.0,169.0,66.0,81.0,42.515340294540366,60.9039620031927,12.890565286903328,163.01587193466253,44.62998357884495,266.0728717537337,7.48,0.49,-7.96,1.91,-6.55,0.03,gem,53_gem,subduction_intraslab
choy19850303224726,1985-03-03T22:47:26,-71.62,-33.12,40.0,8.0,mw,360.0,35.0,105.0,360.0,35.0,105.0,38.09515725429969,40.06342857730749,20.71563606397144,147.30971686285943,44.6690416493965,259.26213515715807,,,,,,,us,53_us,subduction_intraslab
B030485A,1985-03-04T00:32:52,-71.79,-33.06,33.0,6.7,mw,234.0,32.0,155.0,346.0,77.0,60.0,49.0,223.0,29.0,353.0,26.0,99.0,5.84e+19,-5.5e+18,-5.289e+19,-7.36e+19,9.282e+19,-5.169e+19,gcmt,418_gcmt,subduction_intraslab
529115,1985-03-04T06:06:57,-72.112,-33.893,30.0,6.31,mw,215.0,24.0,143.0,340.0,76.0,70.0,39.49762715702385,225.15492985330857,21.295638679370708,333.8962452568719,42.90943960045521,85.14024962767331,1.58,0.72,-2.29,-1.23,2.72,-0.32,gem,54_gem,subduction_intraslab
529148,1985-03-04T13:49:32,-72.171,-33.965,35.0,5.72,mw,26.0,24.0,128.0,165.0,71.0,74.0,40.648275941456816,52.959483798883525,17.99436786355056,159.15236482956448,43.86676194057834,267.3448253973517,2.77,0.26,-3.04,1.36,-3.31,-0.4,gem,55_gem,subduction_intraslab
529154,1985-03-04T15:01:09,-71.391,-33.79,55.0,6.3,mw,21.0,28.0,109.0,179.0,63.0,80.0,41.89736857406654,69.29704830014782,14.250228035491745,172.46786094436277,44.624816125971655,276.9848675784911,2.54,0.44,-2.97,0.2,-2.02,-0.55,gem,56_gem,subduction_intraslab
B030485D,1985-03-04T15:01:14,-71.81,-33.87,53.1,6.1,mw,21.0,28.0,109.0,179.0,63.0,80.0,70.0,68.0,9.0,184.0,18.0,277.0,2.537e+18,4.36e+17,-2.973e+18,1.97e+17,-2.02e+18,-5.4700000000000006e+17,gcmt,56_gcmt,subduction_intraslab
B030485E,1985-03-04T19:03:15,-72.06,-32.98,36.0,6.1,mw,16.0,29.0,111.0,172.0,63.0,79.0,70.0,58.0,10.0,177.0,17.0,270.0,1.354e+18,3.95e+17,-1.749e+18,2.38e+17,-1.082e+18,-8.6e+16,gcmt,57_gcmt,subduction_intraslab
B030785A,1985-03-07T00:54:56,-72.14,-33.01,33.0,5.4,mwc,7.0,30.0,107.0,168.0,62.0,81.0,72.0,57.0,8.0,172.0,16.0,265.0,,,,,,,us,59_us,subduction_intraslab
529408,1985-03-07T00:54:58,-71.972,-33.047,28.4,5.44,mw,7.0,30.0,107.0,168.0,62.0,81.0,41.42754774446562,55.30289677691116,15.119541385335571,159.09694235755683,44.66511687623554,264.58553821649696,1.53,0.01,-1.53,0.36,-0.95,0.07,gem,59_gem,subduction_intraslab
B031285A,1985-03-12T08:23:15,-72.16,-33.1,33.0,5.8,mwc,35.0,17.0,123.0,180.0,76.0,81.0,58.0,78.0,9.0,183.0,31.0,278.0,,,,,,,us,60_us,subduction_intraslab
529896,1985-03-12T08:23:17,-72.235,-33.151,30.0,5.79,mw,35.0,17.0,123.0,180.0,76.0,81.0,43.63153396203139,78.09936921611558,10.38686298173958,178.1631400402116,44.50547649719868,278.5422337147557,2.57,0.37,-2.94,0.1,-5.3,-1.0,gem,60_gem,subduction_intraslab
C031785A,1985-03-17T10:41:45,-71.73,-33.22,43.5,6.6,mw,356.0,26.0,91.0,175.0,64.0,90.0,71.0,84.0,0.0,175.0,19.0,265.0,6.243e+18,-1.93e+17,-6.05e+18,4.93e+17,-4.835e+18,5.09e+17,gcmt,61_gcmt,subduction_intraslab
530501,1985-03-19T04:01:08,-71.653,-33.198,40.0,6.7,mw,8.0,22.0,85.0,193.0,68.0,92.0,66.0,107.0,2.0,12.0,23.0,281.0,1000000000000.0,-340000000000.0,-660000000000.0,-230000000000.0,-860000000000.0,-40000000000.0,neic,62_neic,subduction_intraslab
C031985A,1985-03-19T04:01:13,-71.94,-33.63,35.6,6.7,mw,355.0,24.0,90.0,175.0,66.0,90.0,69.0,85.0,0.0,355.0,21.0,265.0,8.667e+18,-2.99e+17,-8.368e+18,7.19e+17,-7.813e+18,7.49e+17,gcmt,62_gcmt,subduction_intraslab
530837,1985-03-23T14:36:56,-72.357,-33.305,20.6,5.55,mw,16.0,46.0,118.0,159.0,51.0,65.0,7.049756352575127,3.2776002277929592,45.872753507732,100.6023006259515,43.26327405978574,266.5939385424551,2.25,0.36,-2.61,0.77,-0.2,0.13,gem,64_gem,subduction_intraslab
B032385B,1985-03-23T14:36:57,-72.22,-33.3,33.0,5.5,mwc,16.0,46.0,118.0,159.0,51.0,65.0,70.0,5.0,20.0,176.0,3.0,267.0,,,,,,,us,64_us,subduction_intraslab
B032485A,1985-03-24T16:16:33,-72.13,-34.35,33.0,5.7,mwc,20.0,19.0,114.0,175.0,73.0,82.0,62.0,73.0,8.0,177.0,27.0,271.0,,,,,,,us,65_us,subduction_intraslab
B032485A,1985-03-24T16:16:37,-72.53,-34.44,25.4,5.5,mw,20.0,19.0,114.0,175.0,73.0,82.0,62.0,73.0,8.0,177.0,27.0,271.0,2.235e+17,4.23e+16,-2.658e+17,4.16e+16,-3.454e+17,-3.13e+16,gcmt,65_gcmt,subduction_intraslab
C032585A,1985-03-25T05:14:33,-72.28,-34.34,33.0,6.3,mwc,10.0,20.0,98.0,181.0,70.0,87.0,65.0,86.0,3.0,182.0,25.0,274.0,,,,,,,us,66_us,subduction_intraslab
C040985A,1985-04-09T01:57:07,-71.86,-34.26,46.6,7.2,mw,0.0,21.0,99.0,170.0,69.0,86.0,66.0,74.0,3.0,171.0,24.0,263.0,3.318e+19,-1e+16,-3.316e+19,7.62e+18,-3.604e+19,3.12e+18,gcmt,420_gcmt,subduction_intraslab
B041585A,1985-04-15T04:41:50,-72.02,-33.53,33.0,5.5,mwc,28.0,21.0,127.0,169.0,74.0,77.0,59.0,61.0,12.0,173.0,28.0,270.0,,,,,,,us,68_us,subduction_intraslab
528606,1985-04-28T02:53:43,-71.82,-33.068,33.4,5.61,mw,7.0,22.0,100.0,176.0,69.0,86.0,44.61624495558376,79.12695859138199,5.116697006108072,174.1956421868697,44.928019437559,269.3199390243103,2.1,0.18,-2.28,0.25,-2.37,-0.03,gem,69_gem,subduction_intraslab
B042885A,1985-04-28T02:53:44,-71.49,-33.07,60.0,5.6,mwc,7.0,22.0,100.0,176.0,69.0,86.0,66.0,78.0,4.0,177.0,24.0,269.0,,,,,,,us,69_us,subduction_intraslab
B051785B,1985-05-17T02:44:07,-72.46,-34.28,33.0,5.4,mwc,46.0,32.0,143.0,168.0,71.0,63.0,56.0,44.0,25.0,177.0,22.0,278.0,,,,,,,us,71_us,subduction_intraslab
525206,1985-05-17T02:44:08,-72.579,-34.265,28.3,5.38,mw,46.0,32.0,143.0,168.0,71.0,63.0,33.51850029833465,44.59763764366801,30.210354213146893,157.28218185606465,41.662544635646846,278.4863111385516,0.79,0.29,-1.08,0.37,-1.0,-0.42,gem,71_gem,subduction_intraslab
B051785B,1985-05-17T02:44:10,-72.59,-34.19,36.1,5.0,mw,46.0,32.0,143.0,168.0,71.0,63.0,56.0,44.0,25.0,177.0,22.0,278.0,7.91e+16,2.92e+16,-1.083e+17,3.71e+16,-1e+17,-4.18e+16,gcmt,71_gcmt,subduction_intraslab
B051985A,1985-05-19T07:07:46,-72.3,-33.88,33.0,5.5,mwc,20.0,28.0,103.0,185.0,62.0,83.0,72.0,79.0,6.0,188.0,17.0,280.0,,,,,,,us,72_us,subduction_intraslab
B051985A,1985-05-19T07:07:48,-72.54,-34.0,37.5,5.3,mw,20.0,28.0,103.0,185.0,62.0,83.0,72.0,79.0,6.0,188.0,17.0,280.0,1.776e+17,3.58e+16,-2.134e+17,-5300000000000000.0,-1.3839999999999998e+17,-5.32e+16,gcmt,72_gcmt,subduction_intraslab
525400,1985-05-19T07:07:48,-72.202,-33.857,41.1,5.53,mw,20.0,28.0,103.0,185.0,62.0,83.0,43.33676374393308,80.07746982583689,10.320684139217924,179.9715105590053,44.823257006709774,280.3985743271512,1.78,0.36,-2.13,-0.05,-1.38,-0.53,gem,72_gem,subduction_intraslab
B051985C,1985-05-19T18:09:21,-71.81,-30.38,46.1,6.0,mw,359.0,35.0,96.0,172.0,55.0,86.0,79.0,66.0,3.0,174.0,10.0,265.0,2.335e+18,1.12e+17,-2.448e+18,2.17e+17,-8.67e+17,2.17e+17,gcmt,73_gcmt,subduction_intraslab
B060285B,1985-06-02T16:26:58,-73.59,-37.8,33.0,5.8,mwc,347.0,24.0,47.0,212.0,73.0,107.0,59.0,145.0,16.0,27.0,26.0,289.0,,,,,,,us,74_us,subduction_intraslab
521719,1985-06-02T16:26:58,-73.879,-37.784,25.0,5.86,mw,212.0,73.0,107.0,347.0,24.0,47.0,40.16336917897604,325.3667502391861,19.32228910111049,218.1538694898341,43.54016497805142,108.6904710418146,4.12,0.56,-4.68,-3.77,-4.65,-0.83,gem,74_gem,subduction_intraslab
B060285B,1985-06-02T16:27:02,-73.76,-37.83,32.0,5.6,mw,347.0,24.0,47.0,212.0,73.0,107.0,59.0,145.0,16.0,27.0,26.0,289.0,4.115e+17,5.649999999999999e+16,-4.68e+17,-3.769e+17,-4.648e+17,-8.28e+16,gcmt,74_gcmt,subduction_intraslab
B060985B,1985-06-09T18:46:30,-71.97,-33.25,33.0,5.2,mwc,347.0,26.0,97.0,159.0,64.0,86.0,71.0,61.0,3.0,161.0,19.0,252.0,,,,,,,us,75_us,subduction_intraslab
522290,1985-06-09T18:46:31,-71.971,-33.229,31.8,5.23,mw,159.0,64.0,86.0,347.0,26.0,97.0,44.473524894555005,240.4045444486156,5.8216854505414215,336.1495866210168,44.9369509179826,71.98864902989203,7.39,-1.27,-6.11,2.26,-4.97,1.64,gem,75_gem,subduction_intraslab
522399,1985-06-11T11:12:32,-71.726,-32.629,51.8,5.49,mw,14.0,28.0,103.0,180.0,63.0,83.0,43.33676374393308,74.07746982583694,10.320684139217912,173.9715105590053,44.82325700670978,274.3985743271512,1.5,0.36,-1.86,0.05,-1.23,-0.24,gem,76_gem,subduction_intraslab
B061185A,1985-06-11T11:12:32,-72.0,-32.57,34.4,5.4,mw,14.0,28.0,103.0,180.0,63.0,83.0,71.0,76.0,6.0,183.0,18.0,275.0,1.501e+17,3.64e+16,-1.866e+17,5000000000000000.0,-1.2330000000000002e+17,-2.45e+16,gcmt,76_gcmt,subduction_intraslab
522688,1985-06-14T13:14:14,-74.993,-40.7,22.2,5.41,mw,4.0,49.0,-117.0,223.0,48.0,-62.0,43.21215094531303,292.72591166302607,46.72230505822665,116.60383883406354,1.936433784401837,24.546116121092723,-1.43,0.04,1.38,0.43,-0.24,0.72,gem,77_gem,subduction_intraslab
B061485A,1985-06-14T13:14:14,-74.92,-40.74,33.0,5.4,mwc,223.0,48.0,-62.0,4.0,49.0,-117.0,1.0,113.0,20.0,23.0,70.0,206.0,,,,,,,us,77_us,subduction_intraslab
519662,1985-07-05T15:22:38,-72.132,-33.346,26.5,5.47,mw,190.0,69.0,98.0,348.0,22.0,70.0,43.5659408314984,293.5224181531386,9.990233764559076,193.87719147297005,44.709114864546805,93.83509752264716,1.24,0.18,-1.41,-0.33,-1.42,-0.0,gem,78_gem,subduction_intraslab
B070585B,1985-07-05T15:22:38,-72.17,-33.38,33.0,5.5,mwc,348.0,22.0,70.0,190.0,69.0,98.0,65.0,114.0,8.0,7.0,24.0,274.0,,,,,,,us,78_us,subduction_intraslab
B070585B,1985-07-05T15:22:41,-72.43,-33.59,30.4,5.3,mw,348.0,22.0,70.0,190.0,69.0,98.0,65.0,114.0,8.0,7.0,24.0,274.0,1.2410000000000002e+17,1.77e+16,-1.418e+17,-3.26e+16,-1.419e+17,-400000000000000.0,gcmt,78_gcmt,subduction_intraslab
519736,1985-07-06T08:33:06,-72.266,-33.424,22.2,5.45,mw,189.0,63.0,96.0,356.0,27.0,79.0,43.72793701129368,292.37829495836786,9.023339579843908,193.64108601401108,44.86229559347435,94.54790565176432,1.41,0.25,-1.66,-0.23,-1.1,-0.11,gem,79_gem,subduction_intraslab
B070685B,1985-07-06T08:33:07,-72.12,-33.36,43.0,5.5,mwc,356.0,27.0,79.0,189.0,63.0,96.0,71.0,112.0,5.0,6.0,18.0,275.0,,,,,,,us,79_us,subduction_intraslab
B070685B,1985-07-06T08:33:09,-72.5,-33.6,20.8,5.1,mw,356.0,27.0,79.0,189.0,63.0,96.0,71.0,112.0,5.0,6.0,18.0,275.0,1.413e+17,2.49e+16,-1.662e+17,-2.29e+16,-1.101e+17,-1.07e+16,gcmt,79_gcmt,subduction_intraslab
519842,1985-07-07T11:25:12,-72.044,-32.989,28.1,6.01,mw,0.0,21.0,96.0,174.0,69.0,88.0,44.87983448445124,79.61012559016763,2.876605531928139,172.47829728585953,44.97586292596488,265.35610742427457,8.04,0.96,-9.0,1.13,-9.21,0.61,gem,80_gem,subduction_intraslab
B070785B,1985-07-07T11:25:12,-72.0,-32.88,32.0,6.0,mwc,0.0,21.0,96.0,174.0,69.0,88.0,66.0,80.0,2.0,175.0,24.0,266.0,,,,,,,us,80_us,subduction_intraslab
B070785B,1985-07-07T11:25:17,-72.38,-33.02,24.6,5.9,mw,0.0,21.0,96.0,174.0,69.0,88.0,66.0,80.0,2.0,175.0,24.0,266.0,8.042e+17,9.58e+16,-9e+17,1.1279999999999998e+17,-9.207e+17,6.09e+16,gcmt,80_gcmt,subduction_intraslab
B071185B,1985-07-11T20:31:13,-72.0,-32.93,33.0,5.5,mwc,2.0,28.0,90.0,182.0,62.0,90.0,73.0,92.0,0.0,182.0,17.0,272.0,,,,,,,us,240_us,subduction_intraslab
520163,1985-07-11T20:31:13,-72.087,-32.972,25.2,5.47,mw,2.0,28.0,90.0,182.0,62.0,90.0,45.00000000000003,92.0,3.578124016646457e-15,2.0,44.99999999999999,272.0,1.54,0.2,-1.74,-0.04,-1.08,-0.07,gem,240_gem,subduction_intraslab
B071785B,1985-07-17T13:53:02,-71.42,-32.65,50.0,5.5,mwc,15.0,27.0,115.0,168.0,66.0,78.0,67.0,55.0,11.0,173.0,20.0,267.0,,,,,,,us,81_us,subduction_intraslab
520532,1985-07-17T13:53:03,-71.637,-32.799,52.3,5.52,mw,15.0,27.0,115.0,168.0,66.0,78.0,41.03434704949402,54.913716153446046,16.388968525993867,159.74495441399597,44.39149794245628,266.4787346685103,1.62,0.3,-1.92,0.47,-1.43,-0.01,gem,81_gem,subduction_intraslab
B071785B,1985-07-17T13:53:05,-72.07,-32.71,31.1,5.3,mw,15.0,27.0,115.0,168.0,66.0,78.0,67.0,55.0,11.0,173.0,20.0,267.0,1.623e+17,3.04e+16,-1.927e+17,4.65e+16,-1.431e+17,-1000000000000000.0,gcmt,81_gcmt,subduction_intraslab
B080485B,1985-08-04T04:54:01,-75.45,-44.89,23.0,5.8,mwc,199.0,24.0,-64.0,352.0,68.0,-101.0,23.0,90.0,10.0,356.0,65.0,243.0,,,,,,,us,82_us,subduction_intraslab
517279,1985-08-04T04:54:01,-75.917,-45.033,15.0,5.83,mw,199.0,24.0,-64.0,352.0,68.0,-101.0,44.453927180519294,89.35189106488798,13.86185519655866,345.3408393286942,42.25308876717588,242.3865829246724,-4.18,-1.09,5.27,0.95,-4.77,0.4,gem,82_gem,subduction_intraslab
B082085B,1985-08-20T12:21:05,-72.19,-33.75,33.0,5.2,mwc,12.0,33.0,104.0,176.0,58.0,81.0,75.0,60.0,8.0,181.0,13.0,272.0,,,,,,,us,241_us,subduction_intraslab
510290,1985-11-06T16:08:51,-75.196,-40.743,16.3,5.26,mw,221.0,49.0,-52.0,351.0,53.0,-125.0,41.51740383100351,105.16706959582656,47.98872806784578,295.80925955855207,5.310042449850211,199.8867152138717,-7.53,-1.27,8.79,3.48,-1.69,3.11,gem,85_gem,subduction_intraslab
B110685B,1985-11-06T16:08:53,-74.87,-40.62,33.0,5.3,mwc,221.0,49.0,-52.0,351.0,53.0,-125.0,3.0,105.0,27.0,14.0,63.0,200.0,,,,,,,us,85_us,subduction_intraslab
504095,1986-02-20T09:16:06,-70.321,-21.337,55.0,5.79,mw,0.0,61.0,-77.0,154.0,32.0,-113.0,44.39275407547447,260.51903685830825,20.44632967543922,11.926459895597816,38.56124860626623,119.21618146696233,-3.75,-2.45,6.2,0.1,-2.9,-1.62,gem,428_gem,subduction_intraslab
501459,1986-03-23T11:47:38,-71.131,-26.644,45.0,5.28,mw,43.0,69.0,-90.0,223.0,21.0,-90.0,45.000000000000014,313.0,1.2722218725854067e-14,223.0,44.99999999999999,133.0,-5.67,2.5,3.16,-5.2,-5.55,5.67,gem,431_gem,subduction_intraslab
B032386A,1986-03-23T11:47:46,-70.85,-26.03,98.5,5.3,mw,223.0,21.0,-90.0,43.0,69.0,-90.0,24.0,133.0,0.0,43.0,66.0,313.0,-5.666e+16,2.497e+16,3.168e+16,-5.2e+16,-5.555e+16,5.674e+16,gcmt,431_gcmt,subduction_intraslab
B032686A,1986-03-26T07:04:49,-72.1,-34.1,33.0,5.4,mwc,5.0,24.0,97.0,177.0,66.0,87.0,69.0,81.0,3.0,178.0,21.0,269.0,,,,,,,us,88_us,subduction_intraslab
501933,1986-03-26T07:04:53,-71.993,-34.019,44.4,5.45,mw,5.0,24.0,97.0,177.0,66.0,87.0,44.73173756692224,81.30187863309186,4.20986643673208,175.4837402905738,44.95949047673717,269.699041261595,1.34,0.11,-1.45,0.1,-1.26,-0.01,gem,88_gem,subduction_intraslab
B032686A,1986-03-26T07:04:53,-72.22,-34.07,37.6,5.3,mw,5.0,24.0,97.0,177.0,66.0,87.0,69.0,81.0,3.0,178.0,21.0,269.0,1.34e+17,1.11e+16,-1.451e+17,1.02e+16,-1.2609999999999998e+17,-1500000000000000.0,gcmt,88_gcmt,subduction_intraslab
B072886B,1986-07-28T20:29:01,-72.13,-33.38,32.0,5.7,mwc,4.0,22.0,100.0,174.0,68.0,86.0,66.0,77.0,4.0,176.0,23.0,267.0,,,,,,,us,89_us,subduction_intraslab
B090586B,1986-09-05T06:06:20,-72.53,-37.05,80.5,5.6,mw,129.0,24.0,174.0,225.0,88.0,66.0,42.0,111.0,24.0,226.0,38.0,336.0,7190000000000000.0,-5.144e+16,4.425e+16,-7.539e+16,-7.451e+16,-8760000000000000.0,gcmt,90_gcmt,subduction_intraslab
486306,1986-09-12T10:39:40,-70.358,-22.57,65.0,5.14,mw,9.0,65.0,-98.0,207.0,26.0,-74.0,44.74082318233809,284.99698974199873,11.162045962036885,183.72072310315752,43.110646951292,83.07621826803626,-4.08,-1.17,5.24,-0.59,-3.95,2.04,gem,438_gem,subduction_intraslab
B091286A,1986-09-12T10:39:47,-70.96,-21.88,108.8,5.1,mw,207.0,26.0,-74.0,9.0,65.0,-98.0,20.0,105.0,7.0,13.0,69.0,264.0,-4.075e+16,-1.165e+16,5.24e+16,-5940000000000000.0,-3.954e+16,2.04e+16,gcmt,439_gcmt,subduction_intraslab
B012787A,1987-01-27T07:06:51,-72.04,-32.13,31.0,5.5,mwc,28.0,32.0,138.0,156.0,69.0,65.0,59.0,31.0,23.0,165.0,20.0,264.0,,,,,,,us,92_us,subduction_intraslab
477410,1987-01-27T07:06:52,-72.123,-32.168,27.7,5.51,mw,28.0,32.0,138.0,156.0,69.0,65.0,33.551319835292894,30.89150842787251,29.532125987436828,142.95891066081413,42.221326983565085,263.8940347535613,1.32,0.64,-1.96,0.8,-1.29,0.02,gem,92_gem,subduction_intraslab
B012987B,1987-01-29T17:22:39,-71.08,-29.73,66.0,5.4,mwc,206.0,9.0,-66.0,2.0,82.0,-94.0,37.0,95.0,3.0,2.0,53.0,268.0,,,,,,,us,442_us,subduction_intraslab
477562,1987-01-29T17:22:41,-71.277,-29.777,66.4,5.39,mw,2.0,82.0,-94.0,206.0,9.0,-66.0,44.89278151576228,275.5352675382441,4.120081189733381,181.41995032127053,44.81145633835366,87.31631921204797,-0.15,-0.52,0.66,-0.08,-1.44,0.14,gem,442_gem,subduction_intraslab
B012987B,1987-01-29T17:22:49,-71.07,-29.81,65.9,5.4,mw,206.0,9.0,-66.0,2.0,82.0,-94.0,37.0,95.0,3.0,2.0,53.0,268.0,-1.52e+16,-5.15e+16,6.67e+16,-8400000000000002.0,-1.444e+17,1.3900000000000002e+16,gcmt,442_gcmt,subduction_intraslab
C030587A,1987-03-05T09:17:20,-70.93,-24.38,41.9,7.3,mw,12.0,23.0,106.0,175.0,68.0,83.0,66.0,73.0,6.0,177.0,23.0,270.0,1.746e+20,-5.4e+18,-1.692e+20,2.91e+19,-1.759e+20,-1.1e+19,gcmt,447_gcmt,subduction_intraslab
471284,1987-03-05T10:55:14,-70.636,-24.57,40.0,6.93,mw,166.0,73.0,93.0,336.0,17.0,80.0,44.83748817384141,260.504436325567,3.458902269766788,167.0588393490433,44.95395320108723,73.59918899106395,1.42,0.28,-1.7,0.59,-2.48,0.69,gem,448_gem,subduction_intraslab
C030587B,1987-03-05T10:55:22,-71.31,-24.19,33.0,5.7,mw,336.0,17.0,80.0,166.0,73.0,93.0,61.0,81.0,3.0,346.0,28.0,254.0,1.424e+19,2.8100000000000005e+18,-1.705e+19,5.94e+18,-2.484e+19,6.919999999999999e+18,gcmt,449_gcmt,subduction_intraslab
B030687E,1987-03-06T09:40:02,-70.55,-23.87,45.0,5.8,mw,54.0,24.0,154.0,168.0,80.0,68.0,51.0,53.0,22.0,172.0,31.0,276.0,8.76e+17,3.34e+17,-1.21e+18,6.82e+17,-2.169e+18,-7.03e+17,gcmt,451_gcmt,subduction_intraslab
472079,1987-03-15T06:03:05,-70.624,-24.107,35.0,5.47,mw,160.0,81.0,106.0,279.0,19.0,30.0,41.97385442255735,268.2211513757511,16.565598076407007,162.7003711379541,43.36209077833354,56.38520989988854,0.72,-0.62,-0.09,0.42,-1.77,0.47,gem,457_gem,subduction_intraslab
B032287B,1987-03-22T03:24:07,-70.61,-23.92,45.3,5.8,mw,40.0,32.0,145.0,161.0,72.0,63.0,55.0,38.0,25.0,170.0,23.0,271.0,7.328e+17,2.652e+17,-9.98e+17,5.348e+17,-9.048e+17,-2.658e+17,gcmt,458_gcmt,subduction_intraslab
B032387B,1987-03-23T20:47:57,-72.23,-34.07,33.0,5.1,mwc,31.0,41.0,125.0,169.0,58.0,64.0,66.0,28.0,22.0,184.0,9.0,277.0,,,,,,,us,243_us,subduction_intraslab
472852,1987-03-23T20:47:59,-72.287,-34.051,35.0,5.14,mw,31.0,41.0,125.0,169.0,58.0,64.0,20.70784451918433,27.22583591554661,40.05119409658831,135.75435458330833,42.75796256702278,276.766645450483,5.03,1.46,-6.49,1.57,-2.13,-1.33,gem,243_gem,subduction_intraslab
B051987B,1987-05-19T12:56:25,-71.59,-30.33,39.0,6.1,mwc,355.0,32.0,88.0,177.0,58.0,91.0,77.0,92.0,1.0,357.0,13.0,266.0,,,,,,,us,95_us,subduction_intraslab
467380,1987-05-19T12:56:26,-71.606,-30.352,37.6,6.15,mw,177.0,58.0,91.0,355.0,32.0,88.0,44.93807707118176,270.1392786105332,1.9335751333957203,178.20878039305785,44.996694800402494,86.27432654796087,1.58,0.52,-2.09,0.03,-0.87,0.18,gem,95_gem,subduction_intraslab
B051987B,1987-05-19T12:56:34,-72.07,-30.71,22.8,6.1,mw,355.0,32.0,88.0,177.0,58.0,91.0,77.0,92.0,1.0,357.0,13.0,266.0,1.578e+18,5.16e+17,-2.0950000000000005e+18,3e+16,-8.73e+17,1.78e+17,gcmt,95_gcmt,subduction_intraslab
467609,1987-05-23T05:01:08,-70.609,-20.151,33.5,5.15,mw,189.0,66.0,107.0,331.0,30.0,56.0,37.86265400604381,308.132804148298,22.312225048396176,199.5277998144693,43.80495951027903,86.34863366057783,4.61,0.68,-5.28,-1.35,-4.01,1.0,gem,462_gem,subduction_intraslab
464074,1987-06-11T05:08:55,-70.909,-20.523,42.9,5.08,mw,15.0,34.0,126.0,154.0,63.0,69.0,32.19249133040195,25.74229083942015,29.80285049429808,136.87864067847397,43.230442045082455,259.4562269275617,4.14,0.18,-4.32,2.29,-2.13,0.35,gem,464_gem,subduction_intraslab
B080487A,1987-08-04T15:04:42,-73.66,-40.63,64.5,5.0,mw,84.0,48.0,32.0,331.0,67.0,133.0,49.0,289.0,39.0,130.0,11.0,31.0,7.807e+16,-9.710000000000002e+16,1.904e+16,-7540000000000000.0,7.233e+16,8.77e+16,gcmt,96_gcmt,subduction_intraslab
459313,1987-08-08T15:49:00,-70.071,-19.148,90.0,7.2,mw,176.0,20.0,-87.0,353.0,70.0,-91.0,44.99440953589516,83.65940114340174,1.3376472296743662,352.32165034798936,44.97436695583438,260.984835309856,-4.51,-1.02,5.54,0.77,-5.98,-0.71,gem,469_gem,subduction_intraslab
C080887C,1987-08-08T15:49:10,-70.02,-18.96,79.5,6.9,mw,176.0,20.0,-87.0,353.0,70.0,-91.0,25.0,84.0,1.0,353.0,65.0,261.0,-4.515e+19,-1.025e+19,5.54e+19,7.74e+18,-5.982e+19,-7.08e+18,gcmt,469_gcmt,subduction_intraslab
C081387B,1987-08-13T15:23:17,-71.59,-18.08,35.9,6.1,mw,327.0,18.0,76.0,161.0,72.0,95.0,63.0,79.0,4.0,340.0,27.0,248.0,3.761e+18,-5.06e+17,-3.255e+18,1.58e+18,-5.152e+18,1.693e+18,gcmt,470_gcmt,subduction_intraslab
459865,1987-08-15T18:04:23,-70.884,-28.135,51.0,6.5,mw,158.0,68.0,84.0,354.0,23.0,105.0,66.0,57.0,6.0,160.0,23.0,253.0,450000000000.0,-23000000000.0,-427000000000.0,198000000000.0,-420000000000.0,108000000000.00002,neic,472_neic,subduction_intraslab
C081587D,1987-08-15T18:04:33,-71.37,-28.25,44.2,6.1,mw,20.0,30.0,110.0,176.0,62.0,78.0,71.0,61.0,10.0,182.0,16.0,275.0,3.518e+18,2.57e+17,-3.775e+18,5.22e+17,-2.34e+18,-5.5000000000000006e+17,gcmt,472_gcmt,subduction_intraslab
460505,1987-08-24T06:09:45,-70.68,-20.213,40.0,5.03,mw,178.0,44.0,109.0,332.0,49.0,72.0,10.861111463390902,175.44825237278917,43.7186368689229,276.0202196832288,44.24653635496709,74.6772110512934,4.3,-0.21,-4.08,-1.17,0.01,1.1,gem,474_gem,subduction_intraslab
457380,1987-09-11T04:02:03,-70.86,-31.436,89.4,5.16,mw,52.0,10.0,-39.0,181.0,84.0,-98.0,44.570668852643,277.5932303565592,7.94306349322313,179.6927931948395,44.33512415654279,81.85746762576224,-1.8,0.86,0.94,-0.12,6.67,0.89,gem,97_gem,subduction_intraslab
B091187B,1987-09-11T04:02:06,-71.02,-31.67,114.2,5.1,mw,52.0,10.0,-39.0,181.0,84.0,-98.0,38.0,278.0,8.0,182.0,51.0,83.0,-1.804e+16,8580000000000000.0,9470000000000000.0,-1170000000000000.0,6.666e+16,8860000000000000.0,gcmt,97_gcmt,subduction_intraslab
455901,1987-10-21T23:25:52,-69.922,-21.069,74.6,5.03,mw,200.0,29.0,-38.0,325.0,72.0,-114.0,42.248807659132005,72.40071622324615,26.611375350865902,315.3314475778587,36.1086676227421,203.89557474698785,-2.07,-1.27,3.34,1.87,-2.58,-0.98,gem,480_gem,subduction_intraslab
B102187D,1987-10-21T23:26:01,-70.04,-20.65,76.0,5.4,mw,200.0,29.0,-38.0,325.0,72.0,-114.0,24.0,73.0,23.0,333.0,56.0,204.0,-2.073e+16,-1.268e+16,3.342e+16,1.866e+16,-2.578e+16,-9760000000000000.0,gcmt,480_gcmt,subduction_intraslab
B103187B,1987-10-31T05:11:25,-70.8,-26.15,66.0,5.1,mw,338.0,60.0,-13.0,75.0,79.0,-149.0,12.0,204.0,58.0,93.0,29.0,301.0,-5669999999999999.0,2.6e+16,-2.033e+16,-2.018e+16,-1.84e+16,-3.297e+16,gcmt,482_gcmt,subduction_intraslab
452557,1987-11-09T17:46:21,-69.749,-22.272,60.5,5.31,mw,4.0,66.0,-147.0,259.0,60.0,-28.0,32.64977935255695,310.4596262147304,56.91482141456362,140.89278071291926,4.774422470384361,43.52741082366799,-3.91,1.0,2.9,4.52,-5.13,8.34,gem,483_gem,subduction_intraslab
B110987B,1987-11-09T17:46:26,-69.88,-21.96,70.4,5.4,mw,259.0,60.0,-28.0,4.0,66.0,-147.0,4.0,130.0,50.0,35.0,40.0,223.0,-3.905e+16,1.002e+16,2.902e+16,4.524e+16,-5.135e+16,8.337999999999998e+16,gcmt,483_gcmt,subduction_intraslab
451704,1987-12-28T08:16:22,-70.7,-28.135,53.0,5.89,mw,20.0,31.0,114.0,173.0,62.0,76.0,38.442024544840365,53.38328822603978,20.75730033982028,160.89218921693657,44.304053984973685,272.60253370448925,6.36,1.46,-7.82,1.13,-4.45,-0.9,gem,487_gem,subduction_intraslab
B122887A,1987-12-28T08:16:28,-71.45,-28.27,44.2,6.0,mw,20.0,31.0,114.0,173.0,62.0,76.0,70.0,54.0,12.0,180.0,16.0,273.0,6.36e+17,1.464e+17,-7.824e+17,1.131e+17,-4.449e+17,-8.97e+16,gcmt,487_gcmt,subduction_intraslab
B031388A,1988-03-13T11:31:32,-72.27,-33.67,42.0,5.8,mwc,38.0,28.0,138.0,166.0,72.0,68.0,58.0,47.0,20.0,173.0,24.0,273.0,,,,,,,us,100_us,subduction_intraslab
443017,1988-03-13T11:31:34,-72.184,-33.571,35.0,5.84,mw,38.0,28.0,138.0,166.0,72.0,68.0,37.06763391855094,47.27304695216941,24.791633271655574,157.6938860618369,42.75484367568853,272.97355293807163,3.81,1.04,-4.84,1.96,-4.95,-1.27,gem,100_gem,subduction_intraslab
437084,1988-05-05T17:39:20,-71.651,-29.538,45.8,5.38,mw,0.0,3.0,53.0,217.0,87.0,92.0,44.96899175264714,128.92375742870536,1.811243081607896,37.113569702365055,44.97377001040671,305.30307992413435,0.08,0.05,-0.13,-0.86,-1.18,-0.14,gem,509_gem,subduction_intraslab
B050588C,1988-05-05T17:39:26,-71.23,-29.57,72.1,5.4,mw,0.0,3.0,53.0,217.0,87.0,92.0,48.0,129.0,2.0,36.0,42.0,305.0,8100000000000000.0,5100000000000000.0,-1.32e+16,-8.61e+16,-1.176e+17,-1.35e+16,gcmt,509_gcmt,subduction_intraslab
B052188B,1988-05-21T14:28:39,-71.75,-32.89,42.0,6.1,mwc,64.0,4.0,159.0,175.0,89.0,87.0,46.0,81.0,3.0,175.0,44.0,268.0,,,,,,,us,101_us,subduction_intraslab
428982,1988-08-14T13:11:44,-70.105,-21.858,71.7,5.09,mw,161.0,31.0,-104.0,356.0,60.0,-82.0,44.76045878775168,81.18369787240033,13.979415513702175,185.47627721698532,41.88978495687551,288.37843114551106,-5.03,0.73,4.29,-0.35,-2.64,-0.82,gem,517_gem,subduction_intraslab
B081488B,1988-08-14T13:11:51,-70.44,-21.47,110.1,5.1,mw,161.0,31.0,-104.0,356.0,60.0,-82.0,15.0,81.0,7.0,172.0,74.0,287.0,-5.026e+16,7350000000000000.0,4.291e+16,-3520000000000000.0,-2.641e+16,-8210000000000000.0,gcmt,517_gcmt,subduction_intraslab
429001,1988-08-14T17:53:09,-71.092,-27.26,33.0,6.6,mw,80.0,22.0,131.0,217.0,73.0,75.0,59.0,106.0,14.0,222.0,27.0,319.0,440000000000.0,-370000000000.0,-70000000000.00002,-490000000000.0,-640000000000.0,-490000000000.0,neic,518_neic,subduction_intraslab
C081488C,1988-08-14T17:53:18,-71.23,-27.31,38.9,6.5,mw,326.0,16.0,31.0,206.0,82.0,103.0,51.0,132.0,13.0,24.0,36.0,285.0,2.425e+18,2.496e+18,-4.921e+18,-4.62e+18,-9.604e+18,-4.17e+17,gcmt,518_gcmt,subduction_intraslab
429247,1988-08-17T08:16:23,-71.286,-27.09,25.3,5.41,mw,46.0,13.0,155.0,161.0,85.0,78.0,43.53785109912528,57.648355505338486,11.973916437343169,159.2744248957581,43.99516624985392,261.09042920695583,0.4,-0.01,-0.39,0.62,-1.45,-0.26,gem,519_gem,subduction_intraslab
429264,1988-08-17T12:38:14,-71.207,-27.255,25.4,5.63,mw,78.0,9.0,-171.0,339.0,88.0,-81.0,44.34757231322277,60.52501250637806,8.898779749040063,159.328626976897,44.28127701799603,258.11172521233755,0.23,-0.3,0.06,1.41,-3.13,-0.92,gem,521_gem,subduction_intraslab
429273,1988-08-17T14:26:05,-71.215,-27.162,35.4,5.48,mw,56.0,10.0,152.0,173.0,85.0,81.0,44.19763017138436,74.10582155414517,8.936388123068914,172.9010151885841,44.41968768542186,271.7652171051774,0.31,0.07,-0.38,0.26,-1.96,-0.26,gem,523_gem,subduction_intraslab
B111488C,1988-11-14T16:55:33,-71.76,-32.58,50.0,5.1,mwc,347.0,27.0,96.0,160.0,63.0,87.0,72.0,62.0,3.0,161.0,18.0,252.0,,,,,,,us,245_us,subduction_intraslab
420473,1988-11-14T16:55:34,-71.871,-32.677,42.6,5.11,mw,160.0,63.0,87.0,347.0,27.0,96.0,44.67569374257563,243.18053993292392,4.538532088807632,337.6820213060861,44.96554292193324,72.2293752182959,5.25,-1.42,-3.82,1.41,-3.08,0.76,gem,245_gem,subduction_intraslab
B011589A,1989-01-15T01:27:45,-71.72,-31.69,47.0,5.4,mwc,336.0,10.0,113.0,133.0,81.0,86.0,54.0,38.0,4.0,134.0,36.0,226.0,,,,,,,us,102_us,subduction_intraslab
415332,1989-01-15T01:27:47,-71.879,-31.707,48.9,5.4,mw,133.0,81.0,86.0,336.0,10.0,113.0,44.80340851115895,218.2053269126584,4.153264900635729,312.3410183423394,44.89605418500946,46.49012963520954,0.56,-0.19,-0.37,1.13,-1.0,0.16,gem,102_gem,subduction_intraslab
B041389A,1989-04-13T00:43:11,-75.03,-39.56,33.0,5.8,mwc,204.0,34.0,-51.0,339.0,64.0,-113.0,16.0,86.0,21.0,350.0,63.0,211.0,,,,,,,us,106_us,subduction_intraslab
B041789A,1989-04-17T04:55:25,-71.69,-30.58,33.0,5.2,mwc,351.0,23.0,85.0,176.0,67.0,92.0,68.0,90.0,2.0,355.0,22.0,265.0,,,,,,,us,107_us,subduction_intraslab
407555,1989-04-17T04:55:25,-71.97,-30.656,27.8,5.18,mw,176.0,67.0,92.0,351.0,23.0,85.0,44.89482180127446,269.76729655071927,2.6489142878115306,177.1252715335063,44.98279985370798,84.4751145378026,4.43,1.65,-6.08,0.34,-5.02,0.8,gem,107_gem,subduction_intraslab
402233,1989-06-17T18:28:06,-75.0,-40.551,15.0,5.57,mw,1.0,75.0,-121.0,247.0,34.0,-28.0,40.011729762639725,294.4422836696036,33.409728796217586,170.81976451990158,32.166967750696415,56.30955745976121,-1.32,0.53,0.79,0.8,-2.14,1.23,gem,246_gem,subduction_intraslab
B061789A,1989-06-17T18:28:08,-74.7,-40.47,33.0,5.6,mwc,247.0,34.0,-28.0,1.0,75.0,-121.0,24.0,115.0,29.0,10.0,51.0,237.0,,,,,,,us,246_us,subduction_intraslab
386905,1989-11-14T06:07:54,-71.165,-27.56,33.4,5.38,mw,202.0,51.0,140.0,319.0,60.0,46.0,8.66232995906274,176.0603450292076,49.95886130840005,276.5056955258875,38.71591401391533,79.04565475604647,0.91,0.33,-1.24,-1.02,-0.01,0.23,gem,554_gem,subduction_intraslab
385365,1989-12-30T12:38:14,-70.626,-26.279,40.9,5.49,mw,21.0,48.0,121.0,159.0,51.0,60.0,3.3911727905499123,2.7746998502493625,47.06682649556176,96.42653620383857,42.73211845919069,269.63666219210745,1.63,0.72,-2.34,0.46,-0.12,0.0,gem,555_gem,subduction_intraslab
B123089B,1989-12-30T12:38:17,-71.42,-26.57,39.1,5.1,mw,21.0,48.0,121.0,159.0,51.0,60.0,67.0,4.0,23.0,179.0,2.0,270.0,1.629e+17,7.18e+16,-2.348e+17,4.64e+16,-1.17e+16,200000000000000.0,gcmt,556_gcmt,subduction_intraslab
B040290A,1990-04-02T13:56:34,-71.97,-32.57,39.0,5.6,mwc,6.0,36.0,106.0,167.0,56.0,79.0,76.0,41.0,9.0,173.0,10.0,265.0,,,,,,,us,108_us,subduction_intraslab
B040290A,1990-04-02T13:56:37,-72.63,-33.04,15.0,5.5,mw,6.0,36.0,106.0,167.0,56.0,79.0,76.0,41.0,9.0,173.0,10.0,265.0,2.918e+17,6.889999999999999e+16,-3.607e+17,5.19e+16,-1.147e+17,3.06e+16,gcmt,108_gcmt,subduction_intraslab
B080290A,1990-08-02T05:24:08,-71.58,-31.61,41.0,6.0,mwc,2.0,27.0,95.0,177.0,63.0,87.0,72.0,81.0,2.0,178.0,18.0,269.0,,,,,,,us,112_us,subduction_intraslab
B080290A,1990-08-02T05:24:14,-72.2,-32.14,35.1,5.8,mw,2.0,27.0,95.0,177.0,63.0,87.0,72.0,81.0,2.0,178.0,18.0,269.0,1.015e+18,1.09e+17,-1.124e+18,6.5e+16,-7.95e+17,1.3e+16,gcmt,112_gcmt,subduction_intraslab
B082890D,1990-08-28T08:58:13,-70.63,-19.99,65.1,5.2,mw,334.0,45.0,-88.0,150.0,45.0,-92.0,0.0,242.0,2.0,152.0,88.0,332.0,-7.832e+16,4590000000000000.0,7.372e+16,-1210000000000000.0,-1330000000000000.0,-5.206000000000001e+16,gcmt,567_gcmt,subduction_intraslab
B101190A,1990-10-11T04:25:24,-72.06,-33.7,30.0,5.4,mwc,329.0,11.0,58.0,182.0,81.0,96.0,54.0,99.0,6.0,1.0,36.0,267.0,,,,,,,us,247_us,subduction_intraslab
355139,1990-10-31T14:39:28,-70.634,-26.645,60.2,5.53,mw,74.0,50.0,-140.0,315.0,60.0,-48.0,38.91320163951468,17.0085358194886,49.29169345915143,176.77205619911263,10.109846380242256,278.7325535280805,-1.54,2.27,-0.73,0.15,-1.01,-0.88,gem,570_gem,subduction_intraslab
B103190A,1990-10-31T14:39:35,-71.07,-27.05,73.3,5.6,mw,74.0,50.0,-140.0,315.0,60.0,-48.0,6.0,17.0,35.0,111.0,54.0,278.0,-1.544e+17,2.275e+17,-7.31e+16,1.55e+16,-1.008e+17,-8.81e+16,gcmt,570_gcmt,subduction_intraslab
348867,1990-12-27T16:08:35,-70.075,-22.835,62.3,5.44,mw,7.0,75.0,-103.0,229.0,20.0,-50.0,44.09037113976669,287.4630456962853,14.407143614949296,183.0530230945752,42.3587408368649,79.50660069880973,-0.76,-0.14,0.89,-0.17,-1.52,0.56,gem,572_gem,subduction_intraslab
B122790B,1990-12-27T16:08:41,-70.18,-22.42,63.9,5.2,mw,229.0,20.0,-50.0,7.0,75.0,-103.0,29.0,108.0,13.0,10.0,58.0,260.0,-7.62e+16,-1.36e+16,8.98e+16,-1.7399999999999998e+16,-1.52e+17,5.639999999999999e+16,gcmt,572_gcmt,subduction_intraslab
B051891A,1991-05-18T06:57:28,-74.86,-40.12,33.0,5.4,mwc,242.0,61.0,-27.0,346.0,67.0,-149.0,3.0,113.0,52.0,18.0,38.0,206.0,,,,,,,us,248_us,subduction_intraslab
332596,1991-05-18T06:57:28,-75.039,-40.001,22.1,5.41,mw,242.0,61.0,-27.0,346.0,67.0,-149.0,31.996565388409323,112.85738478676576,57.60575475053712,302.8850441021752,4.537605224859073,205.6995244946357,-0.71,-0.58,1.29,0.54,-0.39,1.01,gem,248_gem,subduction_intraslab
327840,1991-06-03T05:05:17,-74.948,-40.038,20.0,5.54,mw,229.0,66.0,-49.0,345.0,46.0,-146.0,38.347490891853184,110.74076763516184,46.3788714115797,256.85211733602955,17.55854657869231,6.244222826271425,-1.48,-0.94,2.41,0.71,0.74,1.42,gem,249_gem,subduction_intraslab
B060391B,1991-06-03T05:05:18,-74.64,-39.98,33.0,5.5,mwc,345.0,46.0,-146.0,229.0,66.0,-49.0,12.0,291.0,37.0,30.0,51.0,187.0,,,,,,,us,249_us,subduction_intraslab
B081891D,1991-08-18T21:52:05,-71.43,-31.96,46.0,5.2,mwc,312.0,18.0,37.0,186.0,79.0,105.0,54.0,114.0,15.0,3.0,32.0,263.0,,,,,,,us,115_us,subduction_intraslab
323269,1991-08-18T21:52:07,-71.573,-32.036,48.2,5.21,mw,186.0,79.0,105.0,312.0,18.0,37.0,42.09735789548503,293.9840169152375,15.814911568439136,189.156228699922,43.641642096999725,83.48418868097554,2.8,0.81,-3.6,-0.99,-7.31,1.71,gem,115_gem,subduction_intraslab
B081891D,1991-08-18T21:52:13,-71.9,-31.95,46.3,5.4,mw,312.0,18.0,37.0,186.0,79.0,105.0,54.0,114.0,15.0,3.0,32.0,263.0,2.802e+16,8050000000000000.0,-3.607e+16,-9880000000000000.0,-7.311e+16,1.715e+16,gcmt,115_gcmt,subduction_intraslab
B022892B,1992-02-28T09:14:15,-69.56,-24.21,77.4,5.7,mw,99.0,47.0,173.0,194.0,85.0,43.0,33.0,66.0,46.0,199.0,25.0,318.0,4.31e+16,-2.278e+17,1.847e+17,2.38e+16,-4.428e+17,-3.836e+17,gcmt,583_gcmt,subduction_intraslab
B050392B,1992-05-03T03:40:40,-71.48,-32.28,61.0,5.5,mwc,275.0,4.0,23.0,162.0,88.0,94.0,46.0,75.0,4.0,342.0,43.0,248.0,,,,,,,us,118_us,subduction_intraslab
289842,1992-05-03T03:40:40,-71.579,-32.412,57.8,5.5,mw,162.0,88.0,94.0,275.0,4.0,23.0,44.85035631753747,256.13632966606417,4.0072891555493255,162.1401663837123,44.869827887530114,68.14128159043315,0.23,-0.29,0.05,0.66,-2.07,0.04,gem,118_gem,subduction_intraslab
B050392B,1992-05-03T03:40:42,-71.66,-32.36,61.0,5.2,mw,275.0,4.0,23.0,162.0,88.0,94.0,46.0,75.0,4.0,342.0,43.0,248.0,2.31e+16,-2.9e+16,5900000000000000.0,6.59e+16,-2.0710000000000003e+17,4200000000000001.0,gcmt,118_gcmt,subduction_intraslab
B051892B,1992-05-18T03:02:21,-72.03,-33.61,28.0,6.1,mwc,19.0,8.0,120.0,169.0,83.0,86.0,52.0,75.0,4.0,170.0,38.0,263.0,,,,,,,us,119_us,subduction_intraslab
291906,1992-05-18T03:02:22,-71.997,-33.597,30.0,6.1,mw,19.0,8.0,120.0,169.0,83.0,86.0,44.81778024468949,74.16333209846482,4.109228752710865,168.25700350707496,44.88801107309318,262.36074026931203,0.47,-0.1,-0.37,0.34,-1.66,-0.07,gem,119_gem,subduction_intraslab
B052292A,1992-05-22T01:20:38,-72.04,-33.7,33.0,5.5,mwc,0.0,21.0,92.0,178.0,69.0,89.0,66.0,87.0,1.0,179.0,24.0,269.0,,,,,,,us,120_us,subduction_intraslab
292583,1992-05-22T01:20:39,-72.083,-33.741,28.1,5.56,mw,0.0,21.0,92.0,178.0,69.0,89.0,44.98647310849484,86.5245584033687,0.9638371639255082,177.488076869353,44.997314624393546,268.45196007297545,1.86,-0.15,-1.71,0.07,-1.97,0.01,gem,120_gem,subduction_intraslab
B052292A,1992-05-22T01:20:43,-72.42,-33.84,34.3,5.4,mw,0.0,21.0,92.0,178.0,69.0,89.0,66.0,87.0,1.0,179.0,24.0,269.0,1.865e+17,-1.54e+16,-1.711e+17,6600000000000000.0,-1.971e+17,1200000000000000.0,gcmt,120_gcmt,subduction_intraslab
288038,1992-06-21T10:52:43,-70.743,-26.562,38.7,5.74,mw,225.0,44.0,144.0,343.0,66.0,52.0,20.023307956786244,206.42693020915763,43.9822247452789,317.01877991463783,39.261948823863335,99.09665277833231,2.91,1.64,-4.55,-1.54,2.09,-1.43,gem,589_gem,subduction_intraslab
B062192D,1992-06-21T10:52:48,-71.53,-26.8,47.0,5.3,mw,225.0,44.0,144.0,343.0,66.0,52.0,53.0,206.0,34.0,0.0,13.0,99.0,2.912e+17,1.642e+17,-4.553e+17,-1.537e+17,2.0870000000000003e+17,-1.434e+17,gcmt,590_gcmt,subduction_intraslab
19921001081852,1992-10-01T08:18:52,-74.96,-39.04,15.0,5.5,mwc,35.0,42.0,-51.0,167.0,58.0,-120.0,9.0,278.0,25.0,184.0,63.0,26.0,-1.469e+17,-3.8e+16,1.849e+17,-5.73e+16,6.08e+16,4.29e+16,us,598_us,subduction_intraslab
270333,1992-10-29T14:39:18,-71.257,-29.255,45.6,5.29,mw,130.0,17.0,-11.0,231.0,87.0,-107.0,42.865831451308416,335.8144819048963,16.777018992383525,229.5651491590964,42.354693461277165,123.61193095368066,-2.95,3.76,-0.8,6.4,8.02,-3.22,gem,599_gem,subduction_intraslab
263067,1992-11-17T04:24:17,-71.23,-30.576,55.9,5.3,mw,0.0,32.0,106.0,161.0,60.0,80.0,40.48798446972438,45.98455350903112,16.86284534505802,150.9819281330632,44.67208800587446,258.4194236986711,9.21,0.25,-9.46,2.52,-4.78,1.78,gem,122_gem,subduction_intraslab
B111792B,1992-11-17T04:24:23,-71.63,-30.85,54.7,5.7,mw,0.0,32.0,106.0,161.0,60.0,80.0,73.0,47.0,8.0,166.0,14.0,258.0,9.212999999999998e+16,2540000000000000.0,-9.467e+16,2.521e+16,-4.781e+16,1.776e+16,gcmt,122_gcmt,subduction_intraslab
C112892B,1992-11-28T03:13:37,-71.94,-31.4,39.0,6.4,mwc,51.0,52.0,-177.0,319.0,87.0,-38.0,24.0,12.0,52.0,136.0,28.0,269.0,,,,,,,us,123_us,subduction_intraslab
250004,1993-01-01T09:56:30,-71.686,-31.748,50.6,5.28,mw,174.0,71.0,89.0,356.0,19.0,92.0,44.97970805956805,262.3876044574819,1.199795540968922,353.5868132883226,44.99517143321325,84.78666968983123,7.02,-1.06,-5.96,0.93,-8.22,0.41,gem,251_gem,subduction_intraslab
C031593F,1993-03-15T16:09:09,-71.16,-26.55,59.6,6.2,mw,232.0,15.0,-36.0,357.0,81.0,-102.0,35.0,98.0,12.0,359.0,52.0,253.0,-2.259e+18,7.28e+17,1.53e+18,7.79e+17,-5.933e+18,1.25e+18,gcmt,606_gcmt,subduction_intraslab
231950,1993-05-11T16:25:01,-70.431,-24.944,48.7,5.69,mw,3.0,89.0,-82.0,99.0,8.0,-175.0,44.46378287413224,265.2086487582497,8.003586001460667,3.1406190787920423,44.42538797220864,101.06189555361186,-0.05,-0.19,0.24,-0.22,-4.16,-0.57,gem,612_gem,subduction_intraslab
C071193A,1993-07-11T13:36:32,-70.56,-25.31,49.0,6.0,mw,356.0,21.0,95.0,171.0,69.0,88.0,66.0,78.0,2.0,172.0,24.0,263.0,6.418e+18,4.66e+17,-6.885e+18,1.241e+18,-7.412e+18,8.51e+17,gcmt,614_gcmt,subduction_intraslab
B071693C,1993-07-16T21:21:26,-71.95,-33.13,31.0,5.6,mwc,7.0,18.0,111.0,164.0,73.0,83.0,62.0,64.0,7.0,167.0,28.0,260.0,,,,,,,us,128_us,subduction_intraslab
221514,1993-07-16T21:21:28,-71.884,-33.276,30.5,5.63,mw,7.0,18.0,111.0,164.0,73.0,83.0,44.22134164033733,65.2391326169735,7.6122233011791325,162.71228380736773,44.77314917439114,260.33165547005444,1.91,0.13,-2.04,0.87,-2.71,0.18,gem,128_gem,subduction_intraslab
B071693C,1993-07-16T21:21:35,-72.56,-33.32,19.2,5.3,mw,7.0,18.0,111.0,164.0,73.0,83.0,62.0,64.0,7.0,167.0,28.0,260.0,1.913e+17,1.27e+16,-2.041e+17,8.7e+16,-2.714e+17,1.82e+16,gcmt,128_gcmt,subduction_intraslab
221587,1993-07-17T01:35:41,-71.48,-30.118,52.9,5.67,mw,207.0,83.0,97.0,342.0,10.0,46.0,44.44834945537527,304.9597724216522,7.1580317469262456,207.8835320755439,44.66198977520487,110.7540431259689,0.92,0.25,-1.17,-1.72,-3.34,-0.14,gem,129_gem,subduction_intraslab
B071793A,1993-07-17T01:35:45,-71.58,-30.03,67.4,5.1,mw,342.0,10.0,46.0,207.0,83.0,97.0,52.0,125.0,7.0,26.0,37.0,290.0,9.22e+16,2.48e+16,-1.17e+17,-1.716e+17,-3.34e+17,-1.45e+16,gcmt,129_gcmt,subduction_intraslab
192021,1993-12-04T23:16:50,-72.163,-33.948,30.0,5.61,mw,35.0,16.0,140.0,163.0,80.0,77.0,43.06145412150869,59.07391307006503,12.978217117293472,161.5115763671962,44.04709562869025,264.3925574418352,1.16,0.18,-1.33,1.02,-2.76,-0.32,gem,252_gem,subduction_intraslab
B120493E,1993-12-04T23:16:52,-71.86,-33.83,53.0,5.6,mwc,35.0,16.0,140.0,163.0,80.0,77.0,54.0,58.0,12.0,165.0,34.0,264.0,,,,,,,us,252_us,subduction_intraslab
185074,1994-02-11T00:48:44,-71.065,-18.629,41.5,5.41,mw,158.0,56.0,121.0,291.0,45.0,53.0,13.671354165549545,303.823126232331,44.70946257770363,199.8899762060741,42.08482160354705,46.51283041154011,1.33,-0.68,-0.64,-0.27,-0.66,0.94,gem,617_gem,subduction_intraslab
B021194A,1994-02-11T00:48:49,-71.3,-18.96,35.1,5.0,mw,291.0,45.0,53.0,158.0,56.0,121.0,64.0,125.0,25.0,319.0,6.0,226.0,1.33e+17,-6.820000000000001e+16,-6.48e+16,-2.7e+16,-6.64e+16,9.35e+16,gcmt,617_gcmt,subduction_intraslab
B041694D,1994-04-16T09:55:26,-71.84,-32.23,31.3,5.0,mw,10.0,26.0,108.0,171.0,65.0,81.0,69.0,64.0,8.0,174.0,19.0,267.0,2.35e+17,0.0,-2.35e+17,5.12e+16,-1.875e+17,-3700000000000000.0,gcmt,131_gcmt,subduction_intraslab
B041994B,1994-04-19T08:28:47,-70.59,-22.59,38.1,5.2,mw,18.0,15.0,132.0,154.0,79.0,80.0,55.0,52.0,10.0,156.0,33.0,253.0,4.85e+16,1.85e+16,-6.69e+16,5.98e+16,-1.211e+17,1.13e+16,gcmt,619_gcmt,subduction_intraslab
B042894B,1994-04-28T16:44:54,-74.65,-39.37,27.0,5.5,mwc,225.0,51.0,-44.0,346.0,57.0,-132.0,3.0,104.0,34.0,12.0,55.0,199.0,,,,,,,us,132_us,subduction_intraslab
B051094A,1994-05-10T01:49:12,-70.72,-19.97,58.0,5.8,mw,353.0,29.0,99.0,163.0,61.0,85.0,73.0,60.0,4.0,165.0,16.0,257.0,6.345e+17,6.04e+16,-6.95e+17,1.512e+17,-4.103e+17,1.754e+17,gcmt,621_gcmt,subduction_intraslab
B061694B,1994-06-16T00:47:23,-71.89,-32.65,33.0,5.1,mwc,10.0,22.0,112.0,166.0,70.0,81.0,64.0,62.0,8.0,169.0,24.0,263.0,,,,,,,us,133_us,subduction_intraslab
169502,1994-06-16T00:47:26,-71.75,-32.646,40.5,5.06,mw,10.0,22.0,112.0,166.0,70.0,81.0,43.41416175471029,62.32166799394656,10.57061859220702,162.4911021523037,44.656850955498655,263.116799860236,3.41,-0.26,-3.14,1.21,-3.36,0.02,gem,133_gem,subduction_intraslab
B061694B,1994-06-16T00:47:27,-71.96,-32.99,36.0,5.1,mw,10.0,22.0,112.0,166.0,70.0,81.0,64.0,62.0,8.0,169.0,24.0,263.0,3.409e+16,-2630000000000000.0,-3.146e+16,1.205e+16,-3.362e+16,190000000000000.0,gcmt,133_gcmt,subduction_intraslab
B081494F,1994-08-14T10:58:19,-71.59,-29.78,36.0,5.4,mwc,340.0,24.0,14.0,237.0,85.0,113.0,46.0,171.0,23.0,55.0,35.0,308.0,,,,,,,us,625_us,subduction_intraslab
160149,1994-08-14T10:58:20,-71.618,-29.875,40.3,5.44,mw,237.0,85.0,113.0,340.0,24.0,14.0,39.80530881558014,350.1020067170803,23.22321291177979,239.1513691732086,41.24698330496858,127.04957550689676,0.4,0.44,-0.83,-1.5,-0.7,-0.27,gem,625_gem,subduction_intraslab
B081494F,1994-08-14T10:58:26,-71.42,-29.82,47.8,5.5,mw,340.0,24.0,14.0,237.0,85.0,113.0,46.0,171.0,23.0,55.0,35.0,308.0,3.95e+16,4.38e+16,-8.33e+16,-1.502e+17,-6.999999999999999e+16,-2.68e+16,gcmt,625_gcmt,subduction_intraslab
155708,1994-09-12T06:29:54,-71.706,-31.103,46.0,6.0,mw,162.0,73.0,111.0,289.0,27.0,40.0,57.0,100.0,20.0,336.0,25.0,236.0,48000000000.0,-8000000000.0,-40000000000.0,31000000000.0,-81000000000.0,67000000000.0,neic,134_neic,subduction_intraslab
155708,1994-09-12T06:29:56,-71.706,-31.188,45.0,5.89,mw,167.0,74.0,103.0,306.0,21.0,51.0,42.22611558518904,274.99122994511305,14.62546887403458,171.29132273093398,44.11646255127898,66.63451896410629,3.79,-0.11,-3.67,1.39,-6.76,3.03,gem,134_gem,subduction_intraslab
B091294B,1994-09-12T06:29:56,-71.64,-31.13,53.0,5.9,mwc,306.0,21.0,51.0,167.0,74.0,103.0,59.0,95.0,13.0,343.0,28.0,246.0,,,,,,,us,134_us,subduction_intraslab
B091294B,1994-09-12T06:30:01,-72.13,-31.26,47.3,5.8,mw,306.0,21.0,51.0,167.0,74.0,103.0,59.0,95.0,13.0,343.0,28.0,246.0,3.786e+17,-1.14e+16,-3.671e+17,1.391e+17,-6.761e+17,3.028e+17,gcmt,134_gcmt,subduction_intraslab
B091494C,1994-09-14T05:02:12,-71.62,-31.24,38.0,5.4,mwc,26.0,32.0,131.0,160.0,66.0,68.0,62.0,35.0,20.0,170.0,18.0,267.0,,,,,,,us,135_us,subduction_intraslab
156078,1994-09-14T05:02:14,-71.862,-31.246,41.8,5.42,mw,26.0,32.0,131.0,160.0,66.0,68.0,33.964832465404044,35.527533902315554,28.239601971759768,146.73765914928663,42.9351094617844,266.7180997729425,1.11,0.38,-1.49,0.52,-0.92,-0.05,gem,135_gem,subduction_intraslab
B091494C,1994-09-14T05:02:18,-72.09,-31.23,28.4,5.0,mw,26.0,32.0,131.0,160.0,66.0,68.0,62.0,35.0,20.0,170.0,18.0,267.0,1.1140000000000002e+17,3.84e+16,-1.499e+17,5.19e+16,-9.2e+16,-4700000000000000.0,gcmt,135_gcmt,subduction_intraslab
157186,1994-09-22T14:24:37,-71.911,-32.32,44.9,5.44,mw,61.0,36.0,21.0,314.0,78.0,124.0,31.40904949684892,258.6953195555856,35.710715342052765,142.658556857887,38.510960110889904,17.766732219426274,0.61,-1.33,0.72,-0.9,1.02,0.33,gem,137_gem,subduction_intraslab
148630,1994-10-11T01:37:20,-71.447,-32.1,57.0,5.8,mw,163.0,63.0,139.0,275.0,54.0,34.0,47.0,125.0,42.0,315.0,5.0,220.0,28300000000.0,-22500000000.0,-5800000000.0,-11000000000.000002,-24400000000.0,37400000000.0,neic,138_neic,subduction_intraslab
B101194A,1994-10-11T01:37:20,-71.44,-32.11,51.0,5.7,mwc,284.0,33.0,37.0,162.0,71.0,118.0,55.0,108.0,26.0,332.0,21.0,232.0,,,,,,,us,138_us,subduction_intraslab
148630,1994-10-11T01:37:21,-71.497,-32.185,53.0,5.72,mw,162.0,71.0,118.0,284.0,33.0,37.0,32.21136856036505,287.5047703852354,31.928245433571885,174.3897526782747,41.33305796802705,51.15505520943731,2.89,-2.08,-0.8,-0.46,-3.71,1.72,gem,138_gem,subduction_intraslab
B101194A,1994-10-11T01:37:25,-71.91,-32.22,57.8,5.3,mw,284.0,33.0,37.0,162.0,71.0,118.0,55.0,108.0,26.0,332.0,21.0,232.0,2.887e+17,-2.085e+17,-8.02e+16,-4.57e+16,-3.705e+17,1.722e+17,gcmt,138_gcmt,subduction_intraslab
143250,1994-11-22T12:19:50,-69.641,-23.22,66.0,5.08,mw,141.0,38.0,-68.0,294.0,55.0,-107.0,44.197745227765225,35.45074405510047,31.884590168838702,268.2297422573722,28.99689227710506,158.06161469410836,-5.12,2.95,2.16,2.08,0.38,-1.94,gem,626_gem,subduction_intraslab
B121094B,1994-12-10T03:39:37,-71.14,-23.5,36.0,5.6,mw,7.0,28.0,107.0,168.0,64.0,81.0,70.0,60.0,8.0,172.0,18.0,265.0,9.7e+17,1.08e+17,-1.078e+18,2.23e+17,-7.39e+17,5.9e+16,gcmt,629_gcmt,subduction_intraslab
B032395B,1995-03-23T09:18:21,-72.94,-36.26,43.0,5.5,mwc,21.0,6.0,120.0,170.0,85.0,87.0,50.0,77.0,3.0,171.0,40.0,263.0,,,,,,,us,140_us,subduction_intraslab
108277,1995-04-07T16:01:26,-70.429,-25.621,63.5,5.03,mw,150.0,19.0,-103.0,345.0,72.0,-86.0,44.90395707698066,70.22700550582607,5.251978751974402,165.48348680257914,44.61595901243611,260.6872414209649,-2.98,1.02,1.95,0.75,-3.44,-0.63,gem,634_gem,subduction_intraslab
B040795C,1995-04-07T16:01:28,-70.53,-25.58,72.7,5.0,mw,150.0,19.0,-103.0,345.0,72.0,-86.0,27.0,71.0,4.0,163.0,63.0,262.0,-2.9780000000000004e+16,1.024e+16,1.954e+16,7510000000000000.0,-3.436e+16,-6330000000000000.0,gcmt,634_gcmt,subduction_intraslab
B042895A,1995-04-28T02:04:19,-72.01,-31.64,33.0,5.1,mwc,126.0,42.0,61.0,342.0,54.0,114.0,70.0,308.0,19.0,148.0,6.0,56.0,,,,,,,us,141_us,subduction_intraslab
111426,1995-04-28T02:04:21,-71.947,-31.676,43.3,5.14,mw,126.0,42.0,61.0,342.0,54.0,114.0,18.02806899359549,308.26336629727865,41.11264603703781,201.7616181767829,43.38681318183546,56.17992891297479,6.83,-3.45,-3.37,2.32,3.16,1.08,gem,141_gem,subduction_intraslab
106610,1995-05-28T19:59:12,-71.217,-28.978,44.0,5.7,mw,199.0,35.0,107.0,359.0,57.0,78.0,75.0,236.0,10.0,5.0,11.0,97.0,32300000000.0,600000000.0,-33000000000.0,-4200000000.0,14500000000.0,-5300000000.0,neic,636_neic,subduction_intraslab
106610,1995-05-28T19:59:13,-71.204,-28.993,44.7,5.49,mw,170.0,19.0,88.0,352.0,71.0,91.0,44.990386593567344,263.22499863264306,0.8258577102903658,172.39933225378138,44.99771037027079,81.57345475332454,1.33,-0.02,-1.3,-0.21,1.66,0.2,gem,636_gem,subduction_intraslab
B052895F,1995-05-28T19:59:13,-71.77,-29.39,42.0,5.1,mw,170.0,19.0,88.0,352.0,71.0,91.0,64.0,264.0,1.0,172.0,26.0,82.0,1.332e+17,-2400000000000000.0,-1.308e+17,-2.14e+16,1.658e+17,2.03e+16,gcmt,636_gcmt,subduction_intraslab
B060295B,1995-06-02T19:07:22,-71.3,-31.76,70.0,5.5,mwc,166.0,14.0,-73.0,328.0,76.0,-94.0,31.0,62.0,4.0,330.0,59.0,233.0,,,,,,,us,142_us,subduction_intraslab
96740,1995-06-02T19:07:23,-71.486,-31.895,69.2,5.55,mw,166.0,14.0,-73.0,328.0,76.0,-94.0,44.90108577112624,61.96759988635984,4.540121297591582,327.4288886679786,44.739903297052415,232.91569551331943,-0.96,-0.12,1.08,1.18,-1.93,-0.74,gem,142_gem,subduction_intraslab
B060295B,1995-06-02T19:07:24,-71.64,-31.72,92.1,5.4,mw,166.0,14.0,-73.0,328.0,76.0,-94.0,31.0,62.0,4.0,330.0,59.0,233.0,-9.64e+16,-1.16e+16,1.08e+17,1.178e+17,-1.934e+17,-7.45e+16,gcmt,142_gcmt,subduction_intraslab
B070195B,1995-07-01T09:14:54,-72.35,-33.98,33.0,5.2,mwc,7.0,24.0,108.0,168.0,67.0,82.0,67.0,64.0,7.0,171.0,22.0,264.0,,,,,,,us,253_us,subduction_intraslab
91688,1995-07-01T09:14:55,-72.341,-33.906,35.1,5.19,mw,7.0,24.0,108.0,168.0,67.0,82.0,43.4558484534154,63.22824640809085,10.233871584230988,163.0777417902102,44.73483605537322,263.3820036116357,5.97,-1.03,-4.93,1.75,-5.08,-0.06,gem,253_gem,subduction_intraslab
96080,1995-07-30T05:11:25,-70.323,-23.349,46.0,8.0,mw,177.0,68.0,91.0,354.0,22.0,87.0,44.97544168456764,268.80882181655767,1.2887974693221755,177.52080298760688,44.99557330143676,86.23187856338916,8.26,0.42,-8.68,0.3,-8.67,0.64,gem,639_gem,subduction_intraslab
72835,1995-10-01T12:50:16,-71.442,-31.512,61.8,5.36,mw,180.0,18.0,-74.0,344.0,73.0,-95.0,44.86719438364631,77.30132388628539,5.925449156723747,341.371582908233,44.52216295107005,245.51308501637945,-0.65,-0.22,0.87,0.33,-1.1,-0.21,gem,143_gem,subduction_intraslab
19951001125015,1995-10-01T12:50:18,-71.76,-31.33,89.7,5.4,mwc,180.0,18.0,-74.0,344.0,73.0,-95.0,28.0,78.0,5.0,345.0,62.0,246.0,-6.48e+16,-2.24e+16,8.72e+16,3.32e+16,-1.099e+17,-2.14e+16,us,143_us,subduction_intraslab
B100195A,1995-10-01T12:50:18,-71.76,-31.33,89.7,5.4,mw,180.0,18.0,-74.0,344.0,73.0,-95.0,28.0,78.0,5.0,345.0,62.0,246.0,-6.48e+16,-2.24e+16,8.72e+16,3.32e+16,-1.099e+17,-2.14e+16,gcmt,143_gcmt,subduction_intraslab
B100395J,1995-10-03T16:08:17,-71.97,-30.74,39.0,5.7,mwc,9.0,41.0,104.0,171.0,51.0,79.0,80.0,28.0,9.0,178.0,5.0,269.0,,,,,,,us,144_us,subduction_intraslab
B112195D,1995-11-21T18:17:04,-71.99,-33.27,40.0,5.7,mwc,355.0,20.0,84.0,181.0,71.0,92.0,64.0,95.0,2.0,1.0,26.0,270.0,,,,,,,us,145_us,subduction_intraslab
71854,1995-11-27T05:24:29,-70.206,-22.815,49.0,5.31,mw,216.0,27.0,-19.0,323.0,82.0,-115.0,40.80684788937564,74.20090185342593,26.42132740080599,318.79749151507485,37.7568799621199,206.16542042580943,-3.5,-2.66,6.15,7.77,-6.64,1.27,gem,664_gem,subduction_intraslab
948724,1996-02-19T07:10:06,-75.283,-42.132,21.0,5.7,mw,17.0,55.0,-102.0,217.0,37.0,-74.0,9.0,115.0,10.0,24.0,77.0,248.0,-42900000000.0,8300000000.0,34700000000.0,900000000.0,-16500000000.0,18100000000.0,neic,146_neic,subduction_intraslab
B021996E,1996-02-19T07:10:10,-75.08,-42.09,33.0,6.0,mwc,201.0,27.0,-85.0,15.0,63.0,-93.0,18.0,107.0,2.0,16.0,72.0,279.0,,,,,,,us,146_us,subduction_intraslab
B022296C,1996-02-22T13:40:53,-71.71,-33.69,44.0,5.9,mwc,93.0,40.0,49.0,321.0,61.0,119.0,63.0,278.0,25.0,126.0,11.0,31.0,,,,,,,us,147_us,subduction_intraslab
949543,1996-02-22T13:40:55,-71.634,-33.588,47.5,5.87,mw,93.0,40.0,49.0,321.0,61.0,119.0,23.080755225568904,278.62762553231823,39.074787907697086,168.38460962114948,42.07240162293527,31.251106257530694,5.77,-5.62,-0.15,-1.02,3.73,3.83,gem,147_gem,subduction_intraslab
B022296C,1996-02-22T13:40:57,-72.0,-33.53,50.0,5.5,mw,93.0,40.0,49.0,321.0,61.0,119.0,63.0,278.0,25.0,126.0,11.0,31.0,5.769e+17,-5.615e+17,-1.54e+16,-1.0189999999999998e+17,3.726e+17,3.827e+17,gcmt,147_gcmt,subduction_intraslab
C041996A,1996-04-19T00:19:40,-70.58,-23.95,50.0,6.1,mw,11.0,19.0,109.0,171.0,72.0,83.0,63.0,70.0,6.0,173.0,26.0,266.0,4.747e+18,6.55e+17,-5.402e+18,1.316e+18,-6.595e+18,1.7999999999999998e+16,gcmt,668_gcmt,subduction_intraslab
B042596A,1996-04-25T04:51:16,-71.21,-30.07,61.0,5.2,mwc,7.0,42.0,-82.0,177.0,48.0,-97.0,3.0,272.0,5.0,182.0,84.0,34.0,,,,,,,us,149_us,subduction_intraslab
960674,1996-04-25T04:51:17,-71.411,-30.192,62.5,5.19,mw,7.0,42.0,-82.0,177.0,48.0,-97.0,44.87483001610006,271.343159729737,32.47344637343754,142.02365336975123,27.549065603798777,32.633944189120825,-8.55,1.84,6.7,-0.9,0.89,0.21,gem,149_gem,subduction_intraslab
B042596A,1996-04-25T04:51:22,-71.52,-30.24,72.6,5.4,mw,7.0,42.0,-82.0,177.0,48.0,-97.0,3.0,272.0,5.0,182.0,84.0,34.0,-8.548e+16,1.839e+16,6.708e+16,-9030000000000000.0,8850000000000000.0,2060000000000000.0,gcmt,149_gcmt,subduction_intraslab
B080196F,1996-08-01T21:51:50,-70.84,-18.22,97.5,5.0,mw,230.0,35.0,-28.0,344.0,74.0,-122.0,23.0,98.0,30.0,353.0,50.0,219.0,-2.84e+16,-9350000000000000.0,3.775e+16,2.733e+16,-4.06e+16,2.087e+16,gcmt,674_gcmt,subduction_intraslab
985382,1996-09-09T00:20:39,-71.56,-31.9,42.0,6.0,mw,203.0,52.0,116.0,344.0,45.0,61.0,69.0,175.0,20.0,6.0,3.0,274.0,95000000000.0,18000000000.0,-113999999999.99998,-34000000000.0,-10000000000.0,-8000000000.0,neic,151_neic,subduction_intraslab
C090996A,1996-09-09T00:20:45,-71.94,-32.06,49.0,5.5,mw,334.0,40.0,55.0,196.0,58.0,116.0,66.0,156.0,21.0,2.0,10.0,268.0,7.549e+17,2.167e+17,-9.717e+17,-2.657e+17,-3.075e+17,8.27e+16,gcmt,151_gcmt,subduction_intraslab
1002347,1996-12-18T10:12:29,-70.7,-24.988,36.1,5.46,mw,21.0,48.0,104.0,180.0,44.0,75.0,11.318239001034623,179.7886909703093,43.26328532527929,78.9309843368813,44.52875008768975,281.1435602897991,2.16,-0.6,-1.56,0.55,0.02,-0.17,gem,679_gem,subduction_intraslab
B121896A,1996-12-18T10:12:32,-71.17,-24.98,30.0,5.0,mw,180.0,44.0,75.0,21.0,48.0,104.0,79.0,1.0,11.0,191.0,2.0,100.0,2.163e+17,-6.02e+16,-1.561e+17,5.460000000000001e+16,1900000000000000.0,-1.65e+16,gcmt,679_gcmt,subduction_intraslab
C030997B,1997-03-09T11:43:51,-71.52,-29.91,43.0,5.7,mw,6.0,34.0,86.0,191.0,57.0,93.0,78.0,111.0,2.0,10.0,11.0,279.0,1.89e+18,2000000000000000.0,-1.892e+18,-2.09e+17,-7.88e+17,-3.04e+17,gcmt,681_gcmt,subduction_intraslab
1015575,1997-03-10T03:53:02,-71.385,-29.776,45.0,5.62,mw,10.0,38.0,94.0,184.0,52.0,87.0,43.35139993740342,77.74083323922417,9.843454829310213,177.16852536605086,44.97315053865692,277.15109713769726,3.56,-0.66,-2.9,0.11,-0.8,-0.28,gem,153_gem,subduction_intraslab
B031097A,1997-03-10T03:53:08,-71.58,-30.11,49.6,5.1,mw,10.0,38.0,94.0,184.0,52.0,87.0,83.0,75.0,3.0,186.0,7.0,277.0,3.564e+17,-6.62e+16,-2.902e+17,1.09e+16,-8.04e+16,-2.84e+16,gcmt,153_gcmt,subduction_intraslab
B041397E,1997-04-13T23:20:38,-71.87,-18.56,50.5,5.1,mw,328.0,36.0,95.0,142.0,54.0,86.0,80.0,36.0,3.0,144.0,9.0,235.0,1.931e+17,-4.91e+16,-1.44e+17,4.93e+16,-5.44e+16,1.324e+17,gcmt,684_gcmt,subduction_intraslab
B051797B,1997-05-17T02:10:26,-70.06,-27.06,121.1,5.5,mw,251.0,23.0,-168.0,150.0,85.0,-67.0,36.0,220.0,23.0,328.0,45.0,83.0,-4.66e+16,1.03e+17,-5.639999999999999e+16,-8.46e+16,1.991e+17,-3.94e+16,gcmt,687_gcmt,subduction_intraslab
1028978,1997-05-25T18:57:31,-70.702,-23.089,34.0,5.49,mw,0.0,25.0,92.0,178.0,65.0,89.0,44.9734154821026,85.86840782558755,1.3136670288371095,177.181201259589,44.99647027697806,268.495051793311,1.47,0.35,-1.81,0.05,-1.35,0.05,gem,688_gem,subduction_intraslab
B060997C,1997-06-09T14:45:28,-71.63,-31.89,62.0,5.1,mwc,266.0,39.0,-9.0,3.0,85.0,-129.0,29.0,123.0,38.0,7.0,38.0,239.0,,,,,,,us,255_us,subduction_intraslab
1031336,1997-06-09T14:45:29,-71.684,-31.942,58.7,5.13,mw,3.0,85.0,-129.0,266.0,39.0,-9.0,34.86934427780995,303.604606542395,39.250600052110336,178.9008432648427,31.488429735483777,58.87020536186549,-1.05,-0.14,1.19,-0.84,-4.72,4.08,gem,255_gem,subduction_intraslab
B070697D,1997-07-06T23:15:20,-71.86,-30.16,33.0,5.7,mwc,352.0,24.0,80.0,183.0,66.0,95.0,69.0,102.0,4.0,1.0,21.0,269.0,,,,,,,us,157_us,subduction_intraslab
1035721,1997-07-06T23:15:20,-72.03,-30.332,25.0,5.75,mw,183.0,66.0,95.0,352.0,24.0,80.0,44.30056961271811,282.72855324403093,6.80194981793782,186.0441629655484,44.89564395950621,89.21879527245744,3.73,0.23,-3.95,-0.32,-3.46,0.18,gem,157_gem,subduction_intraslab
B070697D,1997-07-06T23:15:23,-72.46,-30.26,15.0,5.2,mw,352.0,24.0,80.0,183.0,66.0,95.0,69.0,102.0,4.0,1.0,21.0,269.0,3.727e+17,2.25e+16,-3.952e+17,-3.22e+16,-3.46e+17,1.85e+16,gcmt,157_gcmt,subduction_intraslab
1036298,1997-07-10T14:55:49,-71.062,-22.861,20.0,5.85,mw,14.0,17.0,100.0,184.0,73.0,87.0,44.83565089991124,89.0295784229861,3.487091858362576,182.50313708298395,44.95238137092104,275.9908958107053,4.07,-0.07,-4.0,-0.29,-6.05,-0.63,gem,690_gem,subduction_intraslab
1037644,1997-07-19T12:22:57,-71.684,-29.281,29.0,5.9,mw,192.0,60.0,137.0,307.0,54.0,38.0,50.0,156.0,40.0,344.0,4.0,251.0,42000000000.0,17800000000.0,-59800000000.0,-29300000000.0,-18100000000.0,33400000000.0,neic,694_neic,subduction_intraslab
B071997C,1997-07-19T12:23:03,-72.05,-29.54,32.9,5.5,mw,315.0,47.0,40.0,195.0,62.0,129.0,55.0,156.0,34.0,354.0,9.0,258.0,4.92e+17,1.913e+17,-6.833e+17,-2.901e+17,-2.58e+17,2.502e+17,gcmt,694_gcmt,subduction_intraslab
B072197G,1997-07-21T17:54:17,-71.78,-29.97,33.0,5.4,mwc,14.0,22.0,109.0,173.0,70.0,83.0,65.0,71.0,7.0,176.0,24.0,269.0,,,,,,,us,696_us,subduction_intraslab
1038043,1997-07-21T17:54:18,-71.902,-29.958,36.9,5.42,mw,14.0,22.0,109.0,173.0,70.0,83.0,43.75797089705881,71.0381720519116,9.307850929753732,170.06755325137487,44.74280660821162,269.41564687961375,1.17,-0.13,-1.04,0.25,-1.24,-0.09,gem,696_gem,subduction_intraslab
B072197H,1997-07-21T23:19:39,-71.92,-30.33,33.0,5.9,mwc,29.0,27.0,123.0,173.0,67.0,74.0,64.0,57.0,14.0,179.0,21.0,275.0,,,,,,,us,158_us,subduction_intraslab
B072297A,1997-07-22T02:09:31,-71.83,-30.36,33.0,5.4,mwc,14.0,21.0,59.0,227.0,72.0,101.0,61.0,154.0,11.0,43.0,26.0,308.0,,,,,,,us,257_us,subduction_intraslab
1038086,1997-07-22T02:09:33,-71.909,-30.403,38.8,5.38,mw,14.0,21.0,59.0,227.0,72.0,101.0,42.7089659706491,153.37271352136315,13.021603713289224,51.04678206998858,44.379729509340905,307.96676712232534,1.11,-0.33,-0.78,-1.04,-0.63,-0.04,gem,257_gem,subduction_intraslab
B072497A,1997-07-24T19:54:39,-72.02,-30.58,33.0,5.7,mwc,0.0,31.0,91.0,179.0,59.0,89.0,76.0,86.0,1.0,179.0,14.0,269.0,,,,,,,us,159_us,subduction_intraslab
1038486,1997-07-24T19:54:39,-72.129,-30.623,20.0,5.66,mw,0.0,31.0,91.0,179.0,59.0,89.0,44.98024836859819,87.07869456742606,1.0964799245894683,178.17461937871633,44.998770652306064,269.2712530755425,3.26,0.25,-3.5,0.07,-1.77,0.05,gem,159_gem,subduction_intraslab
C072597A,1997-07-25T06:47:02,-71.91,-30.46,33.0,6.0,mwc,345.0,26.0,78.0,178.0,65.0,96.0,70.0,100.0,5.0,356.0,20.0,264.0,,,,,,,us,160_us,subduction_intraslab
C072597B,1997-07-25T07:33:29,-72.02,-30.55,33.0,6.0,mwc,358.0,25.0,79.0,191.0,66.0,95.0,69.0,111.0,5.0,8.0,20.0,277.0,,,,,,,us,161_us,subduction_intraslab
C072797A,1997-07-27T05:21:29,-71.86,-30.52,33.0,6.3,mwc,354.0,19.0,86.0,178.0,71.0,91.0,64.0,90.0,1.0,358.0,26.0,267.0,,,,,,,us,162_us,subduction_intraslab
B072997A,1997-07-29T00:31:20,-72.13,-30.61,33.0,5.2,mwc,340.0,46.0,65.0,194.0,49.0,114.0,72.0,173.0,18.0,358.0,2.0,268.0,,,,,,,us,258_us,subduction_intraslab
1039123,1997-07-29T00:31:22,-72.194,-30.625,39.5,5.15,mw,194.0,49.0,114.0,340.0,46.0,65.0,4.386938711826956,353.0935811426393,46.08232354054236,258.52392451534695,43.582118332638,87.28049959767219,4.94,3.32,-8.25,-0.57,-0.39,0.48,gem,258_gem,subduction_intraslab
B080697D,1997-08-06T22:50:12,-71.89,-30.67,33.0,5.5,mwc,339.0,5.0,63.0,186.0,85.0,92.0,50.0,99.0,2.0,6.0,40.0,274.0,,,,,,,us,259_us,subduction_intraslab
935350,1997-08-06T22:50:13,-71.989,-30.743,31.5,5.55,mw,186.0,85.0,92.0,339.0,5.0,63.0,44.95810145018556,278.1984709270299,2.023096453710495,186.17707188236096,44.97049329534717,94.15479791430408,0.61,-0.33,-0.27,-0.3,-2.52,0.12,gem,259_gem,subduction_intraslab
B081897B,1997-08-18T12:24:26,-72.01,-29.93,33.0,5.7,mwc,4.0,24.0,96.0,177.0,66.0,87.0,69.0,82.0,3.0,178.0,21.0,269.0,,,,,,,us,163_us,subduction_intraslab
B081897B,1997-08-18T12:24:30,-72.42,-30.08,15.0,5.0,mw,4.0,24.0,96.0,177.0,66.0,87.0,69.0,82.0,3.0,178.0,21.0,269.0,3.147e+17,-1.83e+16,-2.964e+17,2.38e+16,-2.769e+17,-3400000000000000.0,gcmt,163_gcmt,subduction_intraslab
1047434,1997-10-15T01:03:33,-71.22,-30.933,67.0,7.1,mw,52.0,15.0,-31.0,172.0,82.0,-103.0,36.0,274.0,13.0,174.0,51.0,67.0,-1300000000000.0,-290000000000.0,1590000000000.0,-790000000000.0,4550000000000.0,900000000000.0,neic,699_neic,subduction_intraslab
pde19971015010333460_58,1997-10-15T01:03:33,-71.22,-30.933,58.0,7.1,mwc,175.0,85.0,-120.0,76.0,30.0,-10.0,38.772639572408025,110.01186933804826,30.2535182631348,352.0749786909064,36.51067545104992,236.49556840151448,,,,,,,us,699_us,subduction_intraslab
1047434,1997-10-15T01:03:34,-71.232,-31.008,57.9,7.07,mw,173.0,80.0,-83.0,315.0,12.0,-128.0,44.69192275284258,76.98791566893453,7.330632366880926,174.29979929199874,44.375220331006574,271.5308521691237,-1.59,0.17,1.41,-0.45,4.59,-0.8,gem,699_gem,subduction_intraslab
C101597A,1997-10-15T01:03:42,-71.42,-31.06,69.8,6.8,mw,315.0,12.0,-128.0,173.0,80.0,-83.0,35.0,257.0,7.0,352.0,54.0,92.0,-1.588e+19,1.69e+18,1.419e+19,-4.51e+18,4.588e+19,-7.99e+18,gcmt,699_gcmt,subduction_intraslab
B102697A,1997-10-26T01:35:46,-70.5,-26.47,65.9,5.1,mw,139.0,56.0,-42.0,255.0,57.0,-138.0,1.0,17.0,38.0,287.0,52.0,108.0,-4.966e+16,5.977e+16,-1.012e+16,2.039e+16,6.393e+16,-2.408e+16,gcmt,700_gcmt,subduction_intraslab
B110997B,1997-11-09T20:23:40,-71.87,-30.02,28.3,5.3,mwc,325.0,29.0,32.0,206.0,75.0,115.0,53.0,146.0,24.0,19.0,26.0,276.0,,,,,,,us,260_us,subduction_intraslab
1051658,1997-11-09T20:23:41,-71.93,-30.004,23.5,5.26,mw,206.0,75.0,115.0,325.0,29.0,32.0,36.12896068579281,326.0217124617493,27.25392551056052,213.93364300619209,41.70753174721373,96.6060702259564,4.7,1.82,-6.52,-4.82,-6.35,1.12,gem,260_gem,subduction_intraslab
B011298C,1998-01-12T04:12:15,-70.81,-24.99,37.1,5.3,mw,336.0,22.0,74.0,173.0,69.0,96.0,66.0,94.0,6.0,351.0,23.0,258.0,1.84e+17,4.36e+16,-2.277e+17,2.5e+16,-2.273e+17,7.13e+16,gcmt,703_gcmt,subduction_intraslab
C011298G,1998-01-12T10:14:15,-71.87,-31.25,35.0,6.2,mw,355.0,27.0,91.0,174.0,63.0,90.0,72.0,83.0,0.0,174.0,18.0,264.0,6.913e+18,9.1e+16,-7.004e+18,5.5600000000000006e+17,-5.18e+18,6.83e+17,gcmt,167_gcmt,subduction_intraslab
C013098B,1998-01-30T12:16:20,-70.62,-24.02,41.0,6.5,mw,8.0,17.0,105.0,172.0,74.0,86.0,61.0,76.0,4.0,174.0,28.0,266.0,2.26e+19,3.07e+18,-2.567e+19,5.649999999999999e+18,-3.669e+19,4.8e+17,gcmt,706_gcmt,subduction_intraslab
1091103,1998-04-10T10:03:22,-69.758,-21.195,65.0,5.44,mw,76.0,85.0,172.0,167.0,82.0,5.0,2.1121380768473257,211.1800155280476,80.67602543908512,108.19911652647602,9.077433055623764,301.5176269411685,-0.3,0.98,-0.67,0.34,-0.16,-1.56,gem,713_gem,subduction_intraslab
B041098B,1998-04-10T10:03:25,-70.19,-21.41,83.8,5.0,mw,167.0,82.0,5.0,76.0,85.0,172.0,9.0,31.0,81.0,221.0,2.0,121.0,-3e+16,9.78e+16,-6.780000000000001e+16,3.3700000000000004e+16,-1.61e+16,-1.564e+17,gcmt,713_gcmt,subduction_intraslab
1105661,1998-05-09T23:32:06,-71.404,-18.332,47.9,5.12,mw,139.0,60.0,84.0,330.0,30.0,100.0,43.30667348978101,213.1743052138128,10.262158417081652,313.0,44.873871730368165,53.38451152295829,5.45,-1.88,-3.57,2.23,-2.04,2.02,gem,714_gem,subduction_intraslab
1169274,1998-07-29T07:14:24,-71.286,-32.312,54.0,6.4,mw,167.0,31.0,112.0,322.0,61.0,77.0,71.0,203.0,11.0,328.0,15.0,61.0,423000000000.00006,-74000000000.0,-349000000000.0,-208000000000.0,168000000000.0,164000000000.0,neic,171_neic,subduction_intraslab
C072998A,1998-07-29T07:14:28,-71.67,-32.3,58.0,6.3,mw,181.0,40.0,116.0,329.0,55.0,70.0,72.0,187.0,16.0,341.0,8.0,73.0,4.75e+18,-8.5e+16,-4.666e+18,-1.81e+18,8.31e+17,1.261e+18,gcmt,171_gcmt,subduction_intraslab
1202810,1998-09-03T17:37:58,-71.715,-29.45,28.0,6.5,mw,210.0,71.0,114.0,336.0,30.0,40.0,57.0,152.0,23.0,22.0,23.0,282.0,299000000000.0,190000000000.0,-489000000000.0,-228000000000.0,-363000000000.0,-86000000000.0,neic,724_neic,subduction_intraslab
C090398F,1998-09-03T17:38:05,-71.97,-29.56,34.0,6.6,mw,332.0,20.0,44.0,199.0,76.0,105.0,56.0,128.0,14.0,16.0,30.0,278.0,3.39e+18,9.01e+17,-4.292e+18,-2.587e+18,-6.107e+18,3.5e+17,gcmt,724_gcmt,subduction_intraslab
1203965,1998-09-10T09:51:26,-70.721,-20.215,34.6,5.3,mw,3.0,18.0,95.0,178.0,72.0,88.0,44.94986096836202,85.2261637690986,1.9039447078903964,177.12782815185813,44.986894009422365,269.0319533071271,6.36,0.24,-6.6,0.47,-8.99,0.0,gem,725_gem,subduction_intraslab
1204108,1998-09-11T05:24:45,-71.549,-30.828,47.8,5.05,mw,207.0,55.0,124.0,337.0,47.0,52.0,9.13427624213455,355.4284131006314,46.93632773227598,255.5219639328833,41.61334330917819,93.6395295304094,4.04,-0.38,-3.65,-3.16,-0.38,0.04,gem,262_gem,subduction_intraslab
B101098A,1998-10-10T04:12:08,-72.08,-33.52,33.0,5.6,mwc,352.0,26.0,87.0,175.0,64.0,91.0,71.0,88.0,1.0,355.0,19.0,264.0,,,,,,,us,173_us,subduction_intraslab
1310998,1998-10-10T04:12:09,-72.09,-33.471,30.0,5.63,mw,175.0,64.0,91.0,352.0,26.0,87.0,44.96676741628985,267.17045234119394,1.4596032006220887,175.71206841705464,44.99605740038797,84.25219233612222,2.65,0.07,-2.72,0.15,-2.17,0.32,gem,173_gem,subduction_intraslab
B101098A,1998-10-10T04:12:10,-72.48,-33.87,19.8,5.2,mw,352.0,26.0,87.0,175.0,64.0,91.0,71.0,88.0,1.0,355.0,19.0,264.0,2.654e+17,7099999999999999.0,-2.725e+17,1.48e+16,-2.172e+17,3.2e+16,gcmt,173_gcmt,subduction_intraslab
1325419,1998-11-23T09:30:20,-70.637,-23.803,35.0,5.42,mw,16.0,82.0,96.0,160.0,10.0,55.0,44.57711461175088,112.99559558630692,6.17896148412143,16.871812310726398,44.75908735971488,280.7088532554119,0.54,-0.04,-0.5,0.5,1.56,0.07,gem,731_gem,subduction_intraslab
B112398B,1998-11-23T09:30:21,-70.56,-23.77,53.4,5.2,mw,160.0,10.0,55.0,16.0,82.0,96.0,53.0,293.0,6.0,195.0,36.0,101.0,5.42e+16,-3800000000000000.0,-5.04e+16,4.98e+16,1.559e+17,6600000000000000.0,gcmt,731_gcmt,subduction_intraslab
1325495,1998-11-24T01:06:13,-69.353,-22.535,85.0,5.18,mw,23.0,41.0,-141.0,261.0,65.0,-56.0,40.3922719252454,327.4938804869883,40.68741720060888,104.50682805277376,23.189579376512004,216.1179988027767,-4.46,3.73,0.72,3.82,-0.35,4.8,gem,732_gem,subduction_intraslab
1335721,1998-12-26T11:20:23,-75.159,-40.799,14.4,5.53,mw,6.0,72.0,-90.0,187.0,18.0,-89.0,45.00000000000001,276.0,6.361109362927035e-15,6.0,44.99999999999999,96.0,-1.31,-0.17,1.48,-0.2,-2.01,0.18,gem,177_gem,subduction_intraslab
B021799D,1999-02-17T21:59:02,-71.15,-21.4,41.1,5.1,mw,358.0,36.0,116.0,147.0,58.0,72.0,71.0,16.0,15.0,157.0,12.0,250.0,2.281e+17,-1.65e+16,-2.117e+17,1.002e+17,-6.68e+16,6.47e+16,gcmt,736_gcmt,subduction_intraslab
B043099E,1999-04-30T19:28:48,-71.68,-31.65,52.4,5.5,mwc,355.0,29.0,81.0,185.0,61.0,95.0,73.0,107.0,4.0,3.0,16.0,272.0,,,,,,,us,182_us,subduction_intraslab
1629748,1999-04-30T19:28:50,-71.688,-31.676,56.9,5.53,mw,185.0,61.0,95.0,355.0,29.0,81.0,43.92701953946699,287.54571850188626,8.190767027894978,189.5762638107344,44.90976611601809,91.32670179360508,1.79,0.54,-2.32,-0.16,-1.3,-0.04,gem,182_gem,subduction_intraslab
B043099E,1999-04-30T19:28:50,-72.27,-31.9,32.1,5.0,mw,355.0,29.0,81.0,185.0,61.0,95.0,73.0,107.0,4.0,3.0,16.0,272.0,1.789e+17,5.36e+16,-2.3250000000000003e+17,-1.62e+16,-1.296e+17,-4500000000000000.0,gcmt,182_gcmt,subduction_intraslab
1654414,1999-07-09T01:20:58,-70.579,-24.899,40.0,5.61,mw,205.0,70.0,107.0,343.0,26.0,52.0,39.351218603327695,320.5128234602663,20.384479531644523,212.77290863250684,43.66031968341421,102.00363963628509,1.69,0.81,-2.49,-1.01,-2.07,-0.48,gem,744_gem,subduction_intraslab
B070999A,1999-07-09T01:21:03,-71.33,-24.94,35.1,5.0,mw,343.0,26.0,52.0,205.0,70.0,107.0,61.0,140.0,16.0,19.0,23.0,282.0,1.688e+17,8.11e+16,-2.499e+17,-1.0149999999999998e+17,-2.0670000000000003e+17,-4.79e+16,gcmt,744_gcmt,subduction_intraslab
1703360,1999-08-22T09:35:38,-75.186,-40.594,18.0,6.37,mw,14.0,46.0,-96.0,202.0,45.0,-84.0,44.91876865227619,288.23921285860706,43.05410978916628,129.54778817591273,10.837615117907784,29.24444421893168,-4.1,-0.18,4.27,0.21,-0.15,1.6,gem,186_gem,subduction_intraslab
pde19990822093539470_33,1999-08-22T09:35:39,-74.756,-40.509,18.0,6.4,mwc,120.0,35.0,-105.0,318.0,56.0,-80.0,44.6690416493965,40.73786484284193,20.715636063971424,152.69028313714057,38.09515725429969,259.93657142269245,,,,,,,us,186_us,subduction_intraslab
1703360,1999-08-22T09:35:39,-74.756,-40.509,33.0,6.2,mw,156.0,35.0,-75.0,317.0,56.0,-101.0,11.0,55.0,9.0,323.0,76.0,194.0,-182000000000.0,55000000000.00001,127000000000.0,66000000000.0,-40000000000.0,-85000000000.0,neic,186_neic,subduction_intraslab
B091099E,1999-09-10T17:16:29,-71.22,-29.74,54.8,5.0,mwc,250.0,46.0,-168.0,151.0,81.0,-45.0,23.0,208.0,45.0,322.0,37.0,100.0,,,,,,,us,746_us,subduction_intraslab
1655884,1999-09-10T17:16:30,-71.12,-29.715,55.6,5.04,mw,151.0,81.0,-45.0,250.0,46.0,-168.0,33.201651608616174,28.22588196343463,45.70025170331258,160.34065356789506,25.690278699935963,279.8761938846517,-0.85,2.94,-2.08,-0.64,3.14,-1.87,gem,746_gem,subduction_intraslab
1656614,1999-09-29T18:01:31,-71.993,-30.738,33.0,6.0,mw,152.0,77.0,90.0,331.0,13.0,89.0,58.0,63.0,0.0,332.0,32.0,242.0,0.0,0.0,0.0,0.0,0.0,0.0,neic,187_neic,subduction_intraslab
B110399E,1999-11-03T15:19:20,-73.53,-38.08,33.0,5.2,mwc,96.0,55.0,179.0,187.0,89.0,35.0,25.0,57.0,55.0,188.0,24.0,316.0,,,,,,,us,266_us,subduction_intraslab
B110699A,1999-11-06T00:57:04,-71.58,-29.95,54.6,5.2,mwc,4.0,25.0,34.0,242.0,76.0,111.0,54.0,177.0,20.0,57.0,28.0,315.0,,,,,,,us,749_us,subduction_intraslab
1649404,1999-11-06T00:57:05,-71.813,-29.903,57.3,5.22,mw,4.0,25.0,34.0,242.0,76.0,111.0,38.79965389007248,178.20191156708688,22.814127713909976,68.43416117534287,42.534903284597874,315.73281398363247,3.26,-0.54,-2.72,-6.3,-3.28,-4.03,gem,749_gem,subduction_intraslab
B111899C,1999-11-18T05:44:15,-69.94,-25.22,69.2,5.1,mw,166.0,10.0,-70.0,326.0,80.0,-93.0,35.0,59.0,3.0,326.0,54.0,232.0,-3.1190000000000004e+16,4120000000000000.0,2.707e+16,5.26e+16,-7.629e+16,-1.388e+16,gcmt,750_gcmt,subduction_intraslab
B112099B,1999-11-20T21:52:52,-71.9,-30.76,39.8,5.2,mwc,11.0,40.0,106.0,171.0,52.0,77.0,78.0,31.0,10.0,179.0,6.0,270.0,,,,,,,us,267_us,subduction_intraslab
1657955,1999-12-04T17:06:53,-71.244,-28.49,40.0,5.57,mw,219.0,43.0,131.0,349.0,59.0,59.0,17.948022973766722,207.78861079599184,42.82903901119007,315.26156429816194,41.72098177133974,101.00174048171846,1.93,0.87,-2.79,-0.52,0.91,-0.84,gem,753_gem,subduction_intraslab
B120499G,1999-12-04T17:06:59,-71.81,-28.68,63.0,5.2,mw,219.0,43.0,131.0,349.0,59.0,59.0,62.0,208.0,27.0,6.0,9.0,101.0,1.929e+17,8.68e+16,-2.797e+17,-5.16e+16,9.09e+16,-8.37e+16,gcmt,753_gcmt,subduction_intraslab
2348963,2000-01-08T11:59:24,-70.083,-23.245,55.0,6.34,mw,167.0,72.0,87.0,356.0,18.0,98.0,44.828155025665545,252.3428871805679,3.524777552022498,345.853206799706,44.955276640767295,79.37915747486846,2.25,0.2,-2.44,0.78,-3.17,0.44,gem,754_gem,subduction_intraslab
C010800F,2000-01-08T11:59:31,-70.66,-23.21,41.0,5.9,mw,356.0,18.0,98.0,167.0,72.0,87.0,63.0,73.0,3.0,168.0,27.0,259.0,2.251e+18,1.96e+17,-2.448e+18,7.8e+17,-3.175e+18,4.37e+17,gcmt,754_gcmt,subduction_intraslab
1733032,2000-02-21T14:36:25,-71.363,-29.825,51.6,5.12,mw,196.0,31.0,114.0,349.0,62.0,76.0,38.44202454484037,229.38328822603984,20.757300339820272,336.8921892169366,44.304053984973685,88.60253370448925,4.71,0.71,-5.41,-1.17,3.04,-0.19,gem,755_gem,subduction_intraslab
B032600A,2000-03-26T03:32:36,-71.84,-32.68,36.8,5.2,mwc,330.0,30.0,55.0,189.0,66.0,108.0,64.0,129.0,16.0,1.0,19.0,266.0,,,,,,,us,268_us,subduction_intraslab
B050900B,2000-05-09T00:45:51,-70.44,-25.92,57.0,5.2,mw,12.0,20.0,128.0,152.0,74.0,77.0,59.0,45.0,12.0,156.0,28.0,253.0,4.092e+16,940000000000000.0,-4.186e+16,3.454e+16,-5.283e+16,3650000000000000.0,gcmt,758_gcmt,subduction_intraslab
1739170,2000-08-18T13:21:04,-70.216,-19.372,70.0,5.19,mw,23.0,66.0,-96.0,216.0,25.0,-78.0,44.84978750118626,297.53436014118284,8.149573699247943,199.34442747869488,43.99863399242203,101.39587621462238,-5.17,0.54,4.62,-1.78,-4.7,3.13,gem,767_gem,subduction_intraslab
1742540,2000-11-27T10:54:30,-69.982,-24.524,56.5,5.13,mw,247.0,87.0,137.0,340.0,47.0,4.0,27.472651932554456,14.21679991669913,47.07235246731607,250.2299231720188,30.06884039850008,121.73645240837531,1.12,2.01,-3.12,-3.16,-2.93,-3.92,gem,770_gem,subduction_intraslab
B112700B,2000-11-27T10:54:36,-70.68,-24.72,49.9,5.1,mw,340.0,47.0,4.0,247.0,87.0,137.0,31.0,194.0,47.0,64.0,26.0,302.0,1.1180000000000002e+16,2.01e+16,-3.128e+16,-3.164e+16,-2.927e+16,-3.916e+16,gcmt,770_gcmt,subduction_intraslab
1742576,2000-11-29T10:25:13,-70.793,-24.924,40.2,6.29,mw,207.0,12.0,-56.0,352.0,80.0,-97.0,44.71040917272177,88.23953651345289,7.093880906343815,351.16292176122914,44.41571956700745,254.159101786107,-1.25,0.22,1.03,0.55,-3.11,0.28,gem,771_gem,subduction_intraslab
C112900B,2000-11-29T10:25:19,-70.89,-24.63,53.0,5.9,mw,207.0,12.0,-56.0,352.0,80.0,-97.0,35.0,88.0,7.0,353.0,54.0,254.0,-1.255e+18,2.19e+17,1.036e+18,5.4800000000000006e+17,-3.107e+18,2.7700000000000003e+17,gcmt,771_gcmt,subduction_intraslab
B010701C,2001-01-07T10:18:28,-72.33,-33.52,21.0,5.7,mw,353.0,23.0,85.0,178.0,67.0,92.0,68.0,92.0,2.0,358.0,22.0,267.0,6.175e+17,4.78e+16,-6.653e+17,8400000000000002.0,-6.367e+17,4.92e+16,gcmt,190_gcmt,subduction_intraslab
2042166,2001-02-22T07:55:52,-71.497,-27.755,25.0,5.54,mw,6.0,12.0,119.0,157.0,80.0,84.0,44.54819641563256,59.18035997274143,6.191552286211771,155.3105517962947,44.7853056535487,251.4918931483706,0.95,-0.05,-0.9,0.98,-2.17,0.09,gem,773_gem,subduction_intraslab
B022201B,2001-02-22T07:55:57,-71.63,-27.47,27.3,5.0,mw,6.0,12.0,119.0,157.0,80.0,84.0,55.0,60.0,6.0,158.0,34.0,252.0,9.51e+16,-4700000000000000.0,-9.05e+16,9.83e+16,-2.165e+17,8699999999999998.0,gcmt,773_gcmt,subduction_intraslab
1780670,2001-03-03T11:58:11,-74.866,-38.886,15.0,5.84,mw,228.0,31.0,-43.0,357.0,69.0,-114.0,42.45968684651099,104.37236448513367,28.151577047596017,345.05520218584314,34.55288628097042,233.4322486515822,-4.38,-0.27,4.65,1.28,-4.82,2.49,gem,775_gem,subduction_intraslab
1780670,2001-03-03T11:58:13,-74.555,-38.766,33.0,5.9,mw,218.0,38.0,-55.0,356.0,60.0,-114.0,12.0,104.0,21.0,9.0,66.0,221.0,-53000000000.0,-2100000000.0,55100000000.0,16000000000.0,-29500000000.0,20100000000.0,neic,775_neic,subduction_intraslab
C031501G,2001-03-15T13:02:44,-72.04,-32.61,42.0,5.6,mw,144.0,38.0,59.0,2.0,58.0,112.0,68.0,319.0,19.0,170.0,10.0,76.0,7.484e+17,-9.79e+16,-6.505e+17,2.455e+17,3.467e+17,2.121e+17,gcmt,192_gcmt,subduction_intraslab
1836082,2001-04-17T01:42:11,-70.746,-20.837,30.0,5.6,mw,120.0,18.0,-142.0,354.0,79.0,-76.0,43.75226842051581,71.37701704158536,15.141997019919604,176.3919380572229,42.33409870257057,280.66409982016035,-0.66,-0.71,1.36,0.49,-2.7,-1.03,gem,779_gem,subduction_intraslab
B061801C,2001-06-18T19:57:01,-69.63,-24.45,117.4,5.5,mw,167.0,33.0,-75.0,329.0,58.0,-100.0,12.0,66.0,8.0,335.0,75.0,212.0,-4.64e+17,4.01e+16,4.2380000000000006e+17,1.545e+17,-1.752e+17,-1.844e+17,gcmt,785_gcmt,subduction_intraslab
2013522,2001-08-28T06:56:10,-70.136,-21.741,64.0,5.76,mw,161.0,17.0,-99.0,350.0,73.0,-87.0,44.96139439629807,78.20808409029189,3.145067887272167,171.35365485723867,44.86614002255523,264.48877345184394,-2.74,-0.24,2.97,0.71,-4.37,-0.84,gem,807_gem,subduction_intraslab
B082801A,2001-08-28T06:56:12,-70.57,-21.84,95.7,5.8,mw,161.0,17.0,-99.0,350.0,73.0,-87.0,28.0,78.0,3.0,169.0,62.0,264.0,-2.737e+17,-2.36e+16,2.973e+17,7.07e+16,-4.366e+17,-8.41e+16,gcmt,807_gcmt,subduction_intraslab
B110601A,2001-11-06T06:12:53,-71.15,-30.44,61.4,5.1,mwc,352.0,37.0,88.0,174.0,53.0,91.0,82.0,90.0,1.0,354.0,8.0,263.0,,,,,,,us,272_us,subduction_intraslab
2299223,2001-11-06T06:12:54,-71.384,-30.454,59.2,5.1,mw,174.0,53.0,91.0,352.0,37.0,88.0,44.85687237608777,269.0649145039472,2.8931446652116,176.18252347378825,44.997162098083336,83.28597055837156,4.89,0.8,-5.68,0.04,-1.58,0.77,gem,272_gem,subduction_intraslab
2933451,2002-04-01T19:59:32,-71.384,-29.67,71.0,6.4,mw,25.0,74.0,-123.0,272.0,36.0,-28.0,22.0,140.0,31.0,35.0,50.0,258.0,-214000000000.0,241000000000.0,-27000000000.000004,-25000000000.0,-358000000000.0,182000000000.0,neic,823_neic,subduction_intraslab
pde20020401195932480_71,2002-04-01T19:59:32,-71.384,-29.67,71.0,6.4,mwc,20.0,80.0,-150.0,284.0,61.0,-12.0,25.799549663277283,328.94296194159807,59.95354620014325,182.2516875690717,14.332763140326906,66.03790461308438,,,,,,,us,823_us,subduction_intraslab
2933451,2002-04-01T19:59:33,-71.237,-29.652,69.8,6.34,mw,23.0,79.0,-118.0,274.0,30.0,-22.0,40.40837600698133,315.2052877897976,29.23097399449356,196.7553860819964,35.74885012824714,83.00012939054261,-1.58,2.19,-0.61,-0.06,-3.66,0.98,gem,823_gem,subduction_intraslab
C040102C,2002-04-01T19:59:35,-71.36,-29.74,73.0,6.1,mw,274.0,30.0,-22.0,23.0,79.0,-118.0,29.0,135.0,28.0,29.0,48.0,263.0,-1.577e+18,2.195e+18,-6.18e+17,-6.3e+16,-3.657e+18,9.83e+17,gcmt,823_gcmt,subduction_intraslab
2991626,2002-04-18T16:08:36,-70.586,-27.535,62.0,6.7,mw,180.0,55.0,122.0,313.0,46.0,53.0,64.0,148.0,26.0,341.0,5.0,248.0,0.0,0.0,0.0,0.0,0.0,0.0,neic,825_neic,subduction_intraslab
2991626,2002-04-18T16:08:38,-70.489,-27.458,59.3,6.56,mw,253.0,56.0,168.0,350.0,80.0,35.0,17.724529756847616,216.9192272725626,55.73291507260909,334.89596748667213,28.27136988284694,117.02163821144518,3.42,2.46,-5.88,0.63,4.22,-6.35,gem,825_gem,subduction_intraslab
C041802F,2002-04-18T16:08:42,-70.73,-27.44,53.0,6.2,mw,253.0,56.0,168.0,350.0,80.0,35.0,31.0,217.0,54.0,3.0,16.0,117.0,3.424e+18,2.46e+18,-5.884e+18,6.34e+17,4.22e+18,-6.352e+18,gcmt,825_gcmt,subduction_intraslab
3032478,2002-05-11T08:22:49,-70.963,-25.885,30.5,5.2,mw,18.0,11.0,92.0,197.0,79.0,90.0,44.99796943490973,105.47121712229188,0.4114673173629057,195.8826658853796,44.99907568003115,286.2941305372398,2.02,1.13,-3.15,-2.16,-7.04,-1.52,gem,826_gem,subduction_intraslab
B052302B,2002-05-23T15:52:22,-71.76,-30.91,50.0,5.7,mw,358.0,35.0,89.0,179.0,55.0,91.0,80.0,91.0,0.0,359.0,10.0,269.0,8.037000000000001e+17,1.481e+17,-9.518e+17,1000000000000000.0,-3.216e+17,2.33e+16,gcmt,197_gcmt,subduction_intraslab
B052402A,2002-05-24T00:23:20,-71.52,-32.17,57.0,5.3,mw,9.0,40.0,107.0,167.0,52.0,76.0,77.0,24.0,11.0,176.0,6.0,267.0,2.272e+17,9400000000000000.0,-2.3650000000000003e+17,4.83e+16,-4.6e+16,7700000000000000.0,gcmt,198_gcmt,subduction_intraslab
C061802C,2002-06-18T13:56:30,-71.63,-31.04,57.0,6.0,mw,353.0,29.0,96.0,166.0,61.0,87.0,74.0,68.0,3.0,168.0,16.0,259.0,4.465e+18,7.8e+16,-4.543e+18,8.09e+17,-2.759e+18,8.68e+17,gcmt,199_gcmt,subduction_intraslab
B062302A,2002-06-23T11:10:42,-71.17,-30.84,67.1,5.2,mwc,334.0,42.0,-113.0,184.0,52.0,-71.0,5.0,260.0,15.0,351.0,74.0,152.0,,,,,,,us,200_us,subduction_intraslab
3187914,2002-06-23T11:10:42,-71.166,-30.842,67.1,5.4,mw,4.0,45.0,-95.0,190.0,45.0,-85.0,0.0,277.0,3.0,7.0,87.0,182.0,-14800000000.0,-1400000000.0000002,16100000000.0,800000000.0,0.0,2100000000.0,neic,200_neic,subduction_intraslab
3187914,2002-06-23T11:10:43,-71.266,-30.843,68.7,5.22,mw,184.0,52.0,-71.0,334.0,42.0,-113.0,44.01642842094838,80.63335898499668,40.148985533969984,225.2271581129524,18.570630152038422,331.6904765711167,-7.84,-0.09,7.93,1.93,1.76,-1.66,gem,200_gem,subduction_intraslab
B062302A,2002-06-23T11:10:44,-71.54,-31.49,90.9,5.6,mw,334.0,42.0,-113.0,184.0,52.0,-71.0,5.0,260.0,15.0,351.0,74.0,152.0,-7.84e+16,-900000000000000.0,7.93e+16,1.928e+16,1.763e+16,-1.657e+16,gcmt,200_gcmt,subduction_intraslab
B103102F,2002-10-31T20:36:54,-74.72,-40.1,33.0,5.1,mwc,244.0,43.0,-61.0,27.0,53.0,-114.0,5.0,134.0,19.0,43.0,70.0,239.0,,,,,,,us,274_us,subduction_intraslab
B010903F,2003-01-09T07:03:01,-71.68,-18.69,37.3,5.0,mw,301.0,29.0,58.0,157.0,66.0,106.0,65.0,95.0,15.0,330.0,19.0,235.0,7.029999999999999e+16,-1.8e+16,-5.22e+16,2.53e+16,-6.730000000000001e+16,6.59e+16,gcmt,841_gcmt,subduction_intraslab
B022003F,2003-02-20T20:07:09,-71.7,-18.6,40.5,5.2,mw,329.0,32.0,82.0,158.0,59.0,95.0,76.0,82.0,4.0,335.0,13.0,244.0,2.67e+17,-1.89e+16,-2.48e+17,4.78e+16,-1.42e+17,1.49e+17,gcmt,843_gcmt,subduction_intraslab
B022803A,2003-02-28T01:40:22,-73.18,-35.33,33.8,5.3,mwc,26.0,18.0,115.0,180.0,74.0,82.0,60.0,79.0,7.0,182.0,29.0,276.0,,,,,,,us,207_us,subduction_intraslab
B040603A,2003-04-06T01:09:08,-69.31,-23.48,104.9,5.4,mw,165.0,22.0,-92.0,347.0,68.0,-89.0,23.0,77.0,1.0,167.0,67.0,259.0,-8.29e+16,-9100000000000000.0,9.21e+16,2.02e+16,-9.19e+16,-2.65e+16,gcmt,845_gcmt,subduction_intraslab
B041403A,2003-04-14T14:42:34,-72.9,-35.38,31.1,5.5,mw,18.0,44.0,158.0,124.0,75.0,48.0,44.0,353.0,40.0,137.0,19.0,244.0,3.22e+16,3.19e+16,-6.42e+16,6.36e+16,-1.3800000000000002e+16,3.27e+16,gcmt,208_gcmt,subduction_intraslab
6698324,2003-04-23T05:42:07,-70.425,-21.45,54.3,5.04,mw,72.0,75.0,-69.0,196.0,25.0,-144.0,42.657094641111975,325.470600227363,23.04270916899949,78.54442050704063,38.506701236950256,188.32528897636044,-1.91,1.17,0.74,-3.59,-1.03,2.19,gem,846_gem,subduction_intraslab
6698900,2003-04-24T08:22:21,-70.447,-23.995,49.0,5.04,mw,36.0,62.0,-129.0,276.0,47.0,-40.0,39.58852964923081,332.76390005822475,46.5980440425632,181.7899453171248,14.887700716863964,75.46355138139,-2.89,3.13,-0.24,0.33,-2.95,1.59,gem,847_gem,subduction_intraslab
B042403A,2003-04-24T08:22:23,-70.78,-23.84,65.0,5.1,mw,276.0,47.0,-40.0,36.0,62.0,-129.0,9.0,153.0,34.0,57.0,55.0,256.0,-2.89e+16,3.13e+16,-2450000000000000.0,3260000000000000.0,-2.95e+16,1.59e+16,gcmt,847_gcmt,subduction_intraslab
B060203A,2003-06-02T02:52:11,-71.97,-32.95,33.0,5.5,mwc,9.0,25.0,92.0,187.0,65.0,89.0,70.0,94.0,1.0,187.0,20.0,277.0,,,,,,,us,211_us,subduction_intraslab
B060203A,2003-06-02T02:52:15,-72.4,-33.08,28.0,5.1,mw,9.0,25.0,92.0,187.0,65.0,89.0,70.0,94.0,1.0,187.0,20.0,277.0,1.69e+17,9700000000000000.0,-1.79e+17,-1.57e+16,-1.47e+17,-2.65e+16,gcmt,211_gcmt,subduction_intraslab
B061903D,2003-06-19T23:04:59,-71.54,-30.69,51.4,5.6,mwc,2.0,26.0,98.0,173.0,64.0,86.0,71.0,74.0,4.0,175.0,19.0,266.0,,,,,,,us,212_us,subduction_intraslab
6941605,2003-06-19T23:05:00,-71.677,-30.636,39.9,5.57,mw,2.0,26.0,98.0,173.0,64.0,86.0,44.514531891114416,74.87457259648482,5.598683523502321,170.40534796964494,44.94010589572924,266.0191666446617,2.12,0.17,-2.29,0.28,-1.7,0.12,gem,212_gem,subduction_intraslab
B061903D,2003-06-19T23:05:01,-72.14,-30.89,27.0,5.1,mw,2.0,26.0,98.0,173.0,64.0,86.0,71.0,74.0,4.0,175.0,19.0,266.0,2.12e+17,1.7000000000000002e+16,-2.29e+17,2.8000000000000004e+16,-1.7e+17,1.16e+16,gcmt,212_gcmt,subduction_intraslab
B062003C,2003-06-20T04:23:28,-75.94,-45.57,33.0,5.3,mwc,172.0,36.0,-70.0,327.0,56.0,-104.0,10.0,67.0,12.0,335.0,74.0,197.0,,,,,,,us,213_us,subduction_intraslab
C062003G,2003-06-20T13:30:49,-71.97,-30.88,35.0,6.8,mw,1.0,27.0,93.0,177.0,63.0,88.0,72.0,83.0,2.0,178.0,18.0,268.0,1.42e+19,2.2e+17,-1.44e+19,7.4e+17,-1.01e+19,2.5e+17,gcmt,849_gcmt,subduction_intraslab
B100403F,2003-10-04T18:16:00,-72.07,-29.31,43.0,5.2,mw,331.0,48.0,40.0,211.0,62.0,130.0,54.0,173.0,35.0,10.0,8.0,274.0,5.570000000000001e+16,2.7800000000000004e+16,-8.36e+16,-4.38e+16,-1.7199999999999998e+16,-1600000000000000.0,gcmt,858_gcmt,subduction_intraslab
7182007,2003-11-12T01:54:23,-75.044,-39.949,15.0,5.54,mw,27.0,57.0,-95.0,216.0,33.0,-83.0,44.919865609869085,300.61056367931604,10.158010126607683,200.3181798557601,43.29700044600149,100.59864986925668,-2.26,0.58,1.68,-0.36,-0.95,1.05,gem,215_gem,subduction_intraslab
B111203C,2003-11-12T01:54:24,-74.87,-40.02,29.6,5.5,mwc,216.0,33.0,-83.0,27.0,57.0,-95.0,12.0,120.0,4.0,29.0,77.0,281.0,,,,,,,us,215_us,subduction_intraslab
B112603H,2003-11-26T10:57:52,-71.05,-29.82,63.1,5.1,mwc,162.0,19.0,-91.0,344.0,71.0,-90.0,26.0,73.0,0.0,164.0,64.0,254.0,,,,,,,us,216_us,subduction_intraslab
B112603H,2003-11-26T10:57:52,-71.84,-30.19,95.1,5.2,mw,162.0,19.0,-91.0,344.0,71.0,-90.0,26.0,73.0,0.0,164.0,64.0,254.0,-3.67e+16,-1900000000000000.0,3.86e+16,1.4e+16,-4.82e+16,-1.36e+16,gcmt,216_gcmt,subduction_intraslab
7192353,2003-11-26T10:57:53,-71.265,-29.904,63.7,5.14,mw,162.0,19.0,-91.0,344.0,71.0,-90.0,44.99942751785614,72.78672812610637,0.4130961223095732,163.19982673037566,44.9975941571958,253.61289889822584,-3.67,-0.19,3.86,1.4,-4.82,-1.36,gem,216_gem,subduction_intraslab
7203683,2003-12-10T12:25:51,-71.322,-27.961,33.0,5.8,mw,50.0,90.0,-157.0,319.0,67.0,0.0,16.0,182.0,67.0,50.0,16.0,277.0,-1200000000.0,47400000000.0,-46200000000.0,-15500000000.0,-12600000000.0,-7300000000.0,neic,864_neic,subduction_intraslab
7203683,2003-12-10T12:25:52,-71.534,-27.925,25.4,5.64,mw,44.0,88.0,-131.0,312.0,41.0,-3.0,32.948156272683946,346.6030702422228,41.03879385159576,222.2580719015401,31.506806198044977,100.01103870766552,-0.15,2.39,-2.24,-1.68,-2.12,0.05,gem,864_gem,subduction_intraslab
B121003F,2003-12-10T12:25:54,-71.86,-27.69,20.0,5.4,mw,312.0,41.0,-3.0,44.0,88.0,-131.0,31.0,167.0,41.0,46.0,34.0,280.0,-1.51e+16,2.39e+17,-2.2400000000000003e+17,-1.68e+17,-2.12e+17,5300000000000000.0,gcmt,864_gcmt,subduction_intraslab
7230932,2004-01-10T07:25:43,-71.769,-30.94,55.0,5.64,mw,70.0,48.0,-144.0,314.0,64.0,-48.0,38.40696787709456,15.44633739432686,47.81760772346187,166.47519528113298,14.766001767914444,273.3848950768602,-2.03,2.88,-0.85,0.17,-2.57,-0.64,gem,217_gem,subduction_intraslab
7230932,2004-01-10T07:25:44,-71.656,-30.883,55.1,5.7,mw,101.0,38.0,-134.0,332.0,64.0,-62.0,15.0,41.0,25.0,139.0,60.0,285.0,-31800000000.0,23500000000.0,8200000000.0,2700000000.0,-26900000000.0,-22900000000.0,neic,217_neic,subduction_intraslab
C011004D,2004-01-10T07:25:44,-71.66,-30.88,55.1,5.6,mwc,70.0,48.0,-144.0,314.0,64.0,-48.0,9.0,15.0,37.0,113.0,51.0,273.0,,,,,,,us,217_us,subduction_intraslab
C011004D,2004-01-10T07:25:46,-71.94,-30.9,58.6,5.6,mw,70.0,48.0,-144.0,314.0,64.0,-48.0,9.0,15.0,37.0,113.0,51.0,273.0,-2.03e+17,2.88e+17,-8.5e+16,1.7399999999999998e+16,-2.57e+17,-6.39e+16,gcmt,217_gcmt,subduction_intraslab
C011904A,2004-01-19T05:47:29,-72.07,-31.85,34.0,5.0,mw,358.0,25.0,95.0,172.0,65.0,88.0,70.0,77.0,2.0,173.0,20.0,264.0,8.86e+16,1.56e+16,-1.04e+17,1.27e+16,-8e+16,1.19e+16,gcmt,218_gcmt,subduction_intraslab
7239904,2004-01-23T05:00:30,-70.032,-23.126,68.9,5.63,mw,230.0,45.0,-28.0,340.0,70.0,-132.0,37.30867335157281,99.64393872856988,45.00000000000001,320.0,21.357552653774533,206.98069011586372,-1.66,-1.45,3.11,0.87,-1.62,1.1,gem,866_gem,subduction_intraslab
C012304C,2004-01-23T05:00:33,-70.31,-23.07,85.1,5.5,mw,230.0,45.0,-28.0,340.0,70.0,-132.0,15.0,99.0,39.0,357.0,47.0,206.0,-1.66e+17,-1.45e+17,3.11e+17,8.68e+16,-1.62e+17,1.1000000000000002e+17,gcmt,866_gcmt,subduction_intraslab
7242829,2004-01-27T16:00:37,-71.203,-17.952,57.3,5.72,mw,137.0,12.0,-93.0,320.0,78.0,-89.0,44.99758781780254,49.52944508136079,0.6822820378055982,140.211718045589,44.99428790528832,230.8939124205086,-1.41,0.45,0.95,2.71,-3.2,-1.77,gem,867_gem,subduction_intraslab
C012704C,2004-01-27T16:00:39,-71.37,-17.93,73.5,5.3,mw,137.0,12.0,-93.0,320.0,78.0,-89.0,33.0,49.0,1.0,140.0,57.0,231.0,-1.41e+17,4.53e+16,9.58e+16,2.71e+17,-3.2e+17,-1.77e+17,gcmt,867_gcmt,subduction_intraslab
7313545,2004-03-19T06:01:59,-70.601,-20.6,34.2,5.34,mw,51.0,28.0,121.0,196.0,66.0,75.0,39.171898617434856,80.15905671195173,20.100551776781657,187.5067836531139,44.02069055540429,298.2179985625697,0.76,-0.0,-0.75,-0.22,-0.79,-0.68,gem,872_gem,subduction_intraslab
7325357,2004-04-03T09:57:11,-71.997,-29.951,26.3,5.5,mw,185.0,65.0,113.0,320.0,33.0,50.0,32.414942497881405,312.0655349990635,29.961976179296787,200.59349071749543,42.89122439170432,78.21427187207922,1.47,0.32,-1.79,-0.35,-1.3,0.67,gem,219_gem,subduction_intraslab
7325357,2004-04-03T09:57:13,-71.985,-29.987,34.5,5.4,mw,180.0,58.0,115.0,318.0,40.0,56.0,67.0,139.0,21.0,346.0,10.0,252.0,11900000000.0,-600000000.0,-11299999999.999998,-3700000000.0,-5699999999.999999,4900000000.0,neic,219_neic,subduction_intraslab
C040304E,2004-04-03T09:57:13,-71.99,-29.99,34.5,5.5,mwc,320.0,33.0,50.0,185.0,65.0,113.0,62.0,131.0,21.0,355.0,17.0,258.0,,,,,,,us,219_us,subduction_intraslab
C040304E,2004-04-03T09:57:14,-72.35,-30.04,28.0,5.1,mw,320.0,33.0,50.0,185.0,65.0,113.0,62.0,131.0,21.0,355.0,17.0,258.0,1.47e+17,3.18e+16,-1.79e+17,-3.48e+16,-1.3e+17,6.66e+16,gcmt,219_gcmt,subduction_intraslab
C042204A,2004-04-22T02:13:23,-70.4,-23.98,59.2,5.1,mw,39.0,26.0,133.0,173.0,72.0,72.0,59.0,58.0,17.0,179.0,25.0,277.0,2.26e+16,3060000000000000.0,-2.56e+16,7180000000000000.0,-2.9900000000000004e+16,-8800000000000000.0,gcmt,875_gcmt,subduction_intraslab
C082704A,2004-08-27T00:43:56,-71.25,-27.63,35.0,5.4,mw,135.0,8.0,37.0,8.0,85.0,96.0,49.0,285.0,6.0,188.0,40.0,92.0,1.07e+17,2.56e+16,-1.33e+17,1.02e+17,6.73e+17,5.490000000000001e+16,gcmt,884_gcmt,subduction_intraslab
C090704F,2004-09-07T10:57:39,-72.42,-33.97,36.3,5.2,mwc,10.0,16.0,105.0,174.0,74.0,86.0,61.0,77.0,4.0,175.0,29.0,267.0,,,,,,,us,224_us,subduction_intraslab
C090804A,2004-09-08T08:16:01,-72.32,-33.99,31.9,5.1,mwc,359.0,23.0,98.0,170.0,67.0,86.0,68.0,73.0,3.0,171.0,22.0,262.0,,,,,,,us,276_us,subduction_intraslab
7399593,2004-09-08T08:16:02,-72.279,-33.99,25.5,5.07,mw,170.0,67.0,86.0,359.0,23.0,98.0,44.5817409073608,252.51218985351088,5.28991913060556,347.74758042591134,44.93123057720645,83.04741679452496,3.47,0.17,-3.64,0.74,-3.44,0.42,gem,276_gem,subduction_intraslab
C092704F,2004-09-27T22:58:29,-72.02,-32.72,33.3,5.1,mw,17.0,21.0,109.0,177.0,70.0,83.0,64.0,76.0,6.0,180.0,25.0,273.0,1.29e+17,2.7800000000000004e+16,-1.57e+17,1.22e+16,-1.72e+17,-1.9e+16,gcmt,226_gcmt,subduction_intraslab
7434209,2004-11-11T03:23:58,-69.99,-22.871,72.5,5.1,mw,12.0,79.0,-170.0,280.0,81.0,-11.0,14.331405892847478,326.14178694838927,75.6421584137083,142.59038091815694,0.8527465054500998,235.9239101167584,-0.35,2.15,-1.8,0.84,-1.04,5.01,gem,892_gem,subduction_intraslab
C111104C,2004-11-11T03:24:03,-70.47,-22.9,96.7,5.1,mw,12.0,79.0,-170.0,280.0,81.0,-11.0,1.0,326.0,76.0,60.0,14.0,236.0,-3530000000000000.0,2.15e+16,-1.8e+16,8360000000000000.0,-1.04e+16,5.01e+16,gcmt,892_gcmt,subduction_intraslab
C120804A,2004-12-08T06:04:00,-71.75,-30.97,52.0,5.0,mw,358.0,34.0,91.0,177.0,56.0,89.0,79.0,85.0,1.0,177.0,11.0,267.0,3.16e+17,4.07e+16,-3.56e+17,9200000000000000.0,-1.42e+17,1.7199999999999998e+16,gcmt,228_gcmt,subduction_intraslab
C200501241907A,2005-01-24T19:07:15,-71.71,-29.4,42.6,5.0,mwc,356.0,27.0,79.0,189.0,63.0,96.0,71.0,111.0,5.0,6.0,18.0,275.0,,,,,,,us,900_us,subduction_intraslab
7463984,2005-01-24T19:07:16,-71.822,-29.363,48.9,5.05,mw,189.0,63.0,96.0,356.0,27.0,79.0,43.72793701129368,292.37829495836786,9.023339579843908,193.64108601401108,44.86229559347435,94.54790565176432,3.45,0.64,-4.09,-0.55,-2.71,-0.28,gem,900_gem,subduction_intraslab
C200501241907A,2005-01-24T19:07:16,-72.17,-29.54,48.9,5.2,mw,356.0,27.0,79.0,189.0,63.0,96.0,71.0,111.0,5.0,6.0,18.0,275.0,3.45e+16,6410000000000000.0,-4.09e+16,-5500000000000000.0,-2.71e+16,-2750000000000000.0,gcmt,900_gcmt,subduction_intraslab
C200501241907A,2005-01-24T19:07:16,-72.17,-29.54,48.9,5.2,mw,356.0,27.0,79.0,189.0,63.0,96.0,71.0,111.0,5.0,6.0,18.0,275.0,3.45e+16,6410000000000000.0,-4.09e+16,-5500000000000000.0,-2.71e+16,-2750000000000000.0,gcmt,900_gcmtb,subduction_intraslab
200503010724A,2005-03-01T07:24:00,-72.1,-31.59,33.0,5.4,mw,354.0,25.0,103.0,159.0,66.0,84.0,69.0,58.0,,,20.0,254.0,,,,,,,gmt,903_gmt,subduction_intraslab
C200503010724A,2005-03-01T07:24:09,-72.1,-31.59,32.9,5.0,mw,354.0,25.0,103.0,159.0,66.0,84.0,69.0,57.0,6.0,161.0,20.0,254.0,1.1299999999999998e+17,9100000000000000.0,-1.22e+17,4.24e+16,-9.65e+16,3.65e+16,gcmt,903_gcmt,subduction_intraslab
C200503010724A,2005-03-01T07:24:09,-72.1,-31.59,32.9,5.0,mw,354.0,25.0,103.0,159.0,66.0,84.0,69.0,57.0,6.0,161.0,20.0,254.0,1.1299999999999998e+17,9100000000000000.0,-1.22e+17,4.24e+16,-9.65e+16,3.65e+16,gcmt,903_gcmtb,subduction_intraslab
200503132038A,2005-03-13T20:38:00,-72.02,-32.72,36.0,5.2,mw,9.0,24.0,103.0,175.0,66.0,84.0,68.0,74.0,,,21.0,269.0,,,,,,,gmt,905_gmt,subduction_intraslab
C200503191423A,2005-03-19T14:23:31,-71.87,-27.93,29.2,5.0,mw,357.0,28.0,93.0,174.0,62.0,89.0,73.0,80.0,1.0,175.0,17.0,265.0,2.11e+16,620000000000000.0,-2.17e+16,1719999999999999.8,-1.39e+16,1719999999999999.8,gcmt,909_gcmtb,subduction_intraslab
C200503191423A,2005-03-19T14:23:31,-71.87,-27.93,29.2,5.0,mw,357.0,28.0,93.0,174.0,62.0,89.0,73.0,80.0,1.0,175.0,17.0,265.0,2.11e+16,620000000000000.0,-2.17e+16,1719999999999999.8,-1.39e+16,1719999999999999.8,gcmt,909_gcmt,subduction_intraslab
7483608,2005-03-21T16:51:33,-71.302,-27.895,46.2,5.25,mw,83.0,50.0,162.0,185.0,76.0,41.0,20.136240653755063,52.17917217749465,49.89169522421029,167.98362798438438,32.993467642125324,308.4073469445158,0.37,-0.08,-0.28,-0.06,-0.51,-0.77,gem,910_gem,subduction_intraslab
C200503291638A,2005-03-29T16:38:20,-72.28,-33.71,34.0,5.3,mwc,6.0,17.0,100.0,175.0,73.0,87.0,62.0,80.0,3.0,176.0,28.0,267.0,,,,,,,us,912_us,subduction_intraslab
7364704,2005-07-22T00:14:41,-71.219,-29.304,51.2,5.08,mw,97.0,26.0,7.0,360.0,87.0,116.0,38.9556019269945,295.3303024078404,25.92052277435952,182.19241161166912,40.0267837510969,68.10036834453757,0.4,0.44,-0.84,-0.26,4.6,2.29,gem,926_gem,subduction_intraslab
C200507220014A,2005-07-22T00:14:42,-71.41,-29.37,76.8,5.0,mw,97.0,26.0,7.0,360.0,87.0,116.0,42.0,295.0,26.0,178.0,36.0,67.0,3980000000000000.0,4440000000000000.0,-8420000000000000.0,-2630000000000000.0,4.6e+16,2.29e+16,gcmt,926_gcmtb,subduction_intraslab
C200507220014A,2005-07-22T00:14:42,-71.41,-29.37,76.8,5.0,mw,97.0,26.0,7.0,360.0,87.0,116.0,42.0,295.0,26.0,178.0,36.0,67.0,3980000000000000.0,4440000000000000.0,-8420000000000000.0,-2630000000000000.0,4.6e+16,2.29e+16,gcmt,926_gcmt,subduction_intraslab
C200509111831A,2005-09-11T18:31:30,-73.55,-36.7,35.0,4.9,mwc,80.0,27.0,104.0,244.0,64.0,83.0,70.0,139.0,6.0,247.0,19.0,339.0,,,,,,,us,929_us,subduction_intraslab
C200509111831A,2005-09-11T18:31:31,-73.68,-36.66,29.3,5.0,mw,80.0,27.0,104.0,244.0,64.0,83.0,70.0,139.0,6.0,247.0,19.0,339.0,2.53e+16,-2.43e+16,-1010000000000000.0,-1.75e+16,-1.03e+16,-8800000000000000.0,gcmt,929_gcmt,subduction_intraslab
C200509111831A,2005-09-11T18:31:31,-73.68,-36.66,29.3,5.0,mw,80.0,27.0,104.0,244.0,64.0,83.0,70.0,139.0,6.0,247.0,19.0,339.0,2.53e+16,-2.43e+16,-1010000000000000.0,-1.75e+16,-1.03e+16,-8800000000000000.0,gcmt,929_gcmtb,subduction_intraslab
C200511281633A,2005-11-28T16:33:22,-71.54,-29.45,39.4,5.6,mw,254.0,9.0,-169.0,153.0,88.0,-81.0,43.0,234.0,9.0,333.0,46.0,72.0,-2e+16,4.01e+16,-2.01e+16,-1.01e+17,2.06e+17,-1.97e+16,gcmt,936_gcmtb,subduction_intraslab
C200511281633A,2005-11-28T16:33:22,-71.54,-29.45,39.4,5.6,mw,254.0,9.0,-169.0,153.0,88.0,-81.0,43.0,234.0,9.0,333.0,46.0,72.0,-2e+16,4.01e+16,-2.01e+16,-1.01e+17,2.06e+17,-1.97e+16,gcmt,936_gcmt,subduction_intraslab
200512141052A,2005-12-14T10:52:00,-72.05,-31.22,58.0,5.3,mw,266.0,24.0,-18.0,12.0,83.0,-113.0,34.0,122.0,,,47.0,259.0,,,,,,,gmt,937_gmt,subduction_intraslab
7996748,2005-12-14T10:52:08,-71.622,-31.059,57.1,5.3,mw,12.0,83.0,-113.0,266.0,24.0,-18.0,41.467070243052696,301.47818094440186,23.441213282552187,188.94821495026488,39.42167376230894,78.06698068857935,-0.27,0.23,0.04,-0.12,-0.98,0.43,gem,937_gem,subduction_intraslab
C200512141052A,2005-12-14T10:52:08,-71.61,-31.05,57.2,5.3,mwc,266.0,24.0,-18.0,12.0,83.0,-113.0,34.0,122.0,23.0,15.0,47.0,258.0,,,,,,,us,937_us,subduction_intraslab
C200512141052A,2005-12-14T10:52:09,-72.05,-31.22,57.5,5.2,mw,266.0,24.0,-18.0,12.0,83.0,-113.0,34.0,122.0,23.0,15.0,47.0,258.0,-2.71e+16,2.28e+16,4300000000000000.0,-1.25e+16,-9.82e+16,4.31e+16,gcmt,937_gcmtb,subduction_intraslab
C200512141052A,2005-12-14T10:52:09,-72.05,-31.22,57.5,5.2,mw,266.0,24.0,-18.0,12.0,83.0,-113.0,34.0,122.0,23.0,15.0,47.0,258.0,-2.71e+16,2.28e+16,4300000000000000.0,-1.25e+16,-9.82e+16,4.31e+16,gcmt,937_gcmt,subduction_intraslab
200512212219A,2005-12-21T22:19:00,-74.43,-42.85,30.0,5.2,mw,333.0,23.0,60.0,185.0,70.0,102.0,63.0,114.0,,,24.0,266.0,,,,,,,gmt,939_gmt,subduction_intraslab
200512260056A,2005-12-26T00:56:00,-73.74,-39.01,41.0,5.1,mw,4.0,32.0,89.0,185.0,58.0,91.0,77.0,97.0,,,13.0,275.0,,,,,,,gmt,941_gmt,subduction_intraslab
C200512311214A,2005-12-31T12:14:07,-71.79,-29.21,24.7,5.1,mw,311.0,18.0,5.0,217.0,88.0,108.0,44.0,144.0,18.0,36.0,41.0,290.0,709999999999999.9,1.3e+16,-1.3700000000000002e+16,-2.25e+16,-3.2400000000000004e+16,90000000000000.0,gcmt,943_gcmt,subduction_intraslab
C200512311214A,2005-12-31T12:14:07,-71.79,-29.21,24.7,5.1,mw,311.0,18.0,5.0,217.0,88.0,108.0,44.0,144.0,18.0,36.0,41.0,290.0,709999999999999.9,1.3e+16,-1.3700000000000002e+16,-2.25e+16,-3.2400000000000004e+16,90000000000000.0,gcmt,943_gcmtb,subduction_intraslab
C200601210846A,2006-01-21T08:47:02,-71.07,-25.67,34.0,5.0,mw,179.0,42.0,79.0,13.0,49.0,99.0,82.0,340.0,7.0,187.0,4.0,97.0,2.63e+16,-2829999999999999.5,-2.35e+16,4020000000000000.0,2720000000000000.0,-2190000000000000.0,gcmt,946_gcmt,subduction_intraslab
200602101751A,2006-02-10T17:51:00,-71.84,-32.57,42.0,5.2,mw,11.0,32.0,97.0,183.0,59.0,86.0,76.0,80.0,,,13.0,276.0,,,,,,,gmt,948_gmt,subduction_intraslab
C200602101751A,2006-02-10T17:51:59,-71.84,-32.57,41.6,5.1,mw,11.0,32.0,97.0,183.0,59.0,86.0,76.0,81.0,3.0,185.0,14.0,276.0,6.42e+16,8000000000000000.0,-7.22e+16,200000000000000.0,-3.55e+16,-9300000000000000.0,gcmt,948_gcmt,subduction_intraslab
C200602101751A,2006-02-10T17:51:59,-71.84,-32.57,41.6,5.1,mw,11.0,32.0,97.0,183.0,59.0,86.0,76.0,81.0,3.0,185.0,14.0,276.0,6.42e+16,8000000000000000.0,-7.22e+16,200000000000000.0,-3.55e+16,-9300000000000000.0,gcmt,948_gcmtb,subduction_intraslab
C200603270523A,2006-03-27T05:24:04,-69.81,-21.03,67.1,5.2,mw,321.0,66.0,178.0,52.0,88.0,24.0,18.0,279.0,66.0,56.0,16.0,184.0,2500000000000000.0,-7.78e+16,7.53e+16,2.64e+16,2.38e+16,1.7299999999999998e+16,gcmt,950_gcmt,subduction_intraslab
C200604092050A,2006-04-09T20:50:51,-70.73,-20.46,39.0,5.8,mw,49.0,30.0,106.0,211.0,61.0,81.0,73.0,100.0,8.0,216.0,15.0,308.0,4.18e+17,-1.7e+17,-2.48e+17,-1.05e+17,-2.41e+17,-2.28e+17,gcmt,951_gcmt,subduction_intraslab
200604151442A,2006-04-15T14:42:00,-72.33,-31.18,28.0,5.2,mw,1.0,22.0,93.0,179.0,68.0,89.0,67.0,86.0,,,23.0,269.0,,,,,,,gmt,952_gmt,subduction_intraslab
8320598,2006-04-15T14:42:11,-71.905,-31.041,28.2,5.24,mw,1.0,22.0,93.0,179.0,68.0,89.0,44.96404941674079,85.57711890882791,1.5597816693344753,177.13552151411227,44.993498618033335,268.695527332334,0.6,0.06,-0.65,0.02,-0.66,0.0,gem,952_gem,subduction_intraslab
C200604151442A,2006-04-15T14:42:13,-71.75,-30.98,38.5,5.2,mwc,1.0,22.0,93.0,179.0,68.0,89.0,67.0,87.0,1.0,179.0,23.0,269.0,,,,,,,us,952_us,subduction_intraslab
C200604172035A,2006-04-17T20:35:00,-72.3,-34.53,31.4,4.9,mwc,1.0,32.0,106.0,162.0,59.0,80.0,74.0,46.0,9.0,167.0,14.0,259.0,,,,,,,us,954_us,subduction_intraslab
C200604191749A,2006-04-19T17:49:12,-71.52,-27.08,19.6,5.3,mw,16.0,18.0,111.0,174.0,73.0,83.0,62.0,74.0,6.0,176.0,28.0,270.0,1.96e+17,3.14e+16,-2.27e+17,3.83e+16,-3.04e+17,-1.82e+16,gcmt,955_gcmt,subduction_intraslab
C200604191749A,2006-04-19T17:49:12,-71.52,-27.08,19.6,5.3,mw,16.0,18.0,111.0,174.0,73.0,83.0,62.0,74.0,6.0,176.0,28.0,270.0,1.96e+17,3.14e+16,-2.27e+17,3.83e+16,-3.04e+17,-1.82e+16,gcmt,955_gcmtb,subduction_intraslab
8494393,2006-04-25T05:23:34,-71.305,-27.089,23.1,4.96,mw,177.0,67.0,89.0,360.0,23.0,92.0,44.973666706988894,265.11339163033784,1.3249532536062798,356.4374814023729,44.99569947577103,87.76259009038432,2.44,0.12,-2.56,0.13,-2.48,0.07,gem,956_gem,subduction_intraslab
C200604301031A,2006-04-30T10:31:24,-71.59,-27.1,17.6,5.1,mw,350.0,18.0,84.0,176.0,72.0,92.0,63.0,89.0,2.0,356.0,27.0,265.0,5.460000000000001e+16,5300000000000000.0,-5.98e+16,4500000000000000.0,-8.17e+16,7600000000000000.0,gcmt,958_gcmt,subduction_intraslab
C200604301031A,2006-04-30T10:31:24,-71.59,-27.1,17.6,5.1,mw,350.0,18.0,84.0,176.0,72.0,92.0,63.0,89.0,2.0,356.0,27.0,265.0,5.460000000000001e+16,5300000000000000.0,-5.98e+16,4500000000000000.0,-8.17e+16,7600000000000000.0,gcmt,958_gcmtb,subduction_intraslab
8321377,2006-04-30T11:13:59,-71.155,-27.022,25.9,5.33,mw,180.0,71.0,93.0,350.0,20.0,81.0,44.81787492860303,274.82199041011893,3.597355317732403,181.2403958589366,44.95655800598124,87.64139795161316,0.73,0.07,-0.8,-0.01,-0.95,0.07,gem,959_gem,subduction_intraslab
C200604302012A,2006-04-30T20:12:25,-71.76,-27.28,22.2,5.6,mw,4.0,23.0,100.0,174.0,68.0,86.0,67.0,76.0,4.0,175.0,23.0,267.0,2.78e+17,9000000000000000.0,-2.86e+17,4.15e+16,-2.82e+17,5400000000000000.0,gcmt,961_gcmtb,subduction_intraslab
C200604302012A,2006-04-30T20:12:25,-71.76,-27.28,22.2,5.6,mw,4.0,23.0,100.0,174.0,68.0,86.0,67.0,76.0,4.0,175.0,23.0,267.0,2.78e+17,9000000000000000.0,-2.86e+17,4.15e+16,-2.82e+17,5400000000000000.0,gcmt,961_gcmt,subduction_intraslab
C200604302125A,2006-04-30T21:25:27,-71.62,-27.05,30.1,5.1,mw,350.0,22.0,80.0,180.0,69.0,94.0,66.0,97.0,4.0,359.0,23.0,267.0,4.42e+17,-6.68e+16,-3.75e+17,-2.38e+16,-4.39e+17,3.4000000000000004e+16,gcmt,962_gcmtb,subduction_intraslab
C200604302125A,2006-04-30T21:25:27,-71.62,-27.05,30.1,5.1,mw,350.0,22.0,80.0,180.0,69.0,94.0,66.0,97.0,4.0,359.0,23.0,267.0,4.42e+17,-6.68e+16,-3.75e+17,-2.38e+16,-4.39e+17,3.4000000000000004e+16,gcmt,962_gcmt,subduction_intraslab
C200604302132A,2006-04-30T21:33:00,-71.77,-27.32,19.7,5.9,mw,352.0,22.0,88.0,173.0,68.0,91.0,67.0,85.0,1.0,353.0,23.0,263.0,5.5e+17,-2.25e+16,-5.28e+17,6.36e+16,-5.77e+17,6.860000000000001e+16,gcmt,963_gcmtb,subduction_intraslab
C200604302132A,2006-04-30T21:33:00,-71.77,-27.32,19.7,5.9,mw,352.0,22.0,88.0,173.0,68.0,91.0,67.0,85.0,1.0,353.0,23.0,263.0,5.5e+17,-2.25e+16,-5.28e+17,6.36e+16,-5.77e+17,6.860000000000001e+16,gcmt,963_gcmt,subduction_intraslab
C200604302304A,2006-04-30T23:04:48,-71.61,-27.42,21.8,5.8,mw,357.0,18.0,96.0,171.0,72.0,88.0,63.0,78.0,2.0,171.0,27.0,262.0,3.26e+17,1.65e+16,-3.42e+17,8.11e+16,-4.63e+17,4.02e+16,gcmt,965_gcmt,subduction_intraslab
C200604302304A,2006-04-30T23:04:48,-71.61,-27.42,21.8,5.8,mw,357.0,18.0,96.0,171.0,72.0,88.0,63.0,78.0,2.0,171.0,27.0,262.0,3.26e+17,1.65e+16,-3.42e+17,8.11e+16,-4.63e+17,4.02e+16,gcmt,965_gcmtb,subduction_intraslab
C200605010135A,2006-05-01T01:35:54,-71.67,-27.26,30.3,5.5,mw,21.0,22.0,115.0,174.0,70.0,80.0,64.0,67.0,9.0,177.0,24.0,271.0,9.27e+16,4000000000000000.0,-9.67e+16,2.07e+16,-1.07e+17,-1.28e+16,gcmt,966_gcmtb,subduction_intraslab
C200605010135A,2006-05-01T01:35:54,-71.67,-27.26,30.3,5.5,mw,21.0,22.0,115.0,174.0,70.0,80.0,64.0,67.0,9.0,177.0,24.0,271.0,9.27e+16,4000000000000000.0,-9.67e+16,2.07e+16,-1.07e+17,-1.28e+16,gcmt,966_gcmt,subduction_intraslab
C200605010249A,2006-05-01T02:49:44,-71.61,-27.34,23.3,5.0,mw,3.0,22.0,108.0,164.0,69.0,83.0,65.0,61.0,7.0,166.0,24.0,259.0,1.1100000000000002e+17,5400000000000000.0,-1.16e+17,4.27e+16,-1.2e+17,1.54e+16,gcmt,967_gcmt,subduction_intraslab
C200605010249A,2006-05-01T02:49:44,-71.61,-27.34,23.3,5.0,mw,3.0,22.0,108.0,164.0,69.0,83.0,65.0,61.0,7.0,166.0,24.0,259.0,1.1100000000000002e+17,5400000000000000.0,-1.16e+17,4.27e+16,-1.2e+17,1.54e+16,gcmt,967_gcmtb,subduction_intraslab
8338819,2006-05-11T13:48:58,-71.434,-27.484,20.7,5.45,mw,6.0,15.0,94.0,182.0,75.0,89.0,44.98136937055384,90.34728064543305,1.1935819347042609,181.5403454010652,44.99376960383808,272.73392676108585,0.98,0.0,-0.98,-0.06,-1.64,-0.08,gem,972_gem,subduction_intraslab
C200605111907A,2006-05-11T19:07:15,-71.9,-27.55,18.1,5.1,mw,339.0,35.0,77.0,175.0,56.0,99.0,77.0,116.0,8.0,350.0,10.0,258.0,2.4e+16,-1430000000000000.0,-2.25e+16,-1660000000000000.0,-9440000000000000.0,5330000000000000.0,gcmt,973_gcmt,subduction_intraslab
C200605111907A,2006-05-11T19:07:15,-71.9,-27.55,18.1,5.1,mw,339.0,35.0,77.0,175.0,56.0,99.0,77.0,116.0,8.0,350.0,10.0,258.0,2.4e+16,-1430000000000000.0,-2.25e+16,-1660000000000000.0,-9440000000000000.0,5330000000000000.0,gcmt,973_gcmtb,subduction_intraslab
200605181826A,2006-05-18T18:26:00,-72.14,-32.34,24.0,5.0,mw,11.0,24.0,109.0,170.0,68.0,82.0,67.0,66.0,,,22.0,267.0,,,,,,,gmt,975_gmt,subduction_intraslab
C200605230240A,2006-05-23T02:40:33,-71.72,-27.04,29.0,5.0,mw,9.0,23.0,96.0,182.0,67.0,87.0,68.0,87.0,2.0,183.0,22.0,274.0,1.79e+16,360000000000000.0,-1.82e+16,-120000000000000.0,-1.76e+16,-1680000000000000.0,gcmt,977_gcmtb,subduction_intraslab
C200605230240A,2006-05-23T02:40:33,-71.72,-27.04,29.0,5.0,mw,9.0,23.0,96.0,182.0,67.0,87.0,68.0,87.0,2.0,183.0,22.0,274.0,1.79e+16,360000000000000.0,-1.82e+16,-120000000000000.0,-1.76e+16,-1680000000000000.0,gcmt,977_gcmt,subduction_intraslab
C200605252048A,2006-05-25T20:48:08,-71.91,-18.41,44.4,5.6,mw,317.0,30.0,65.0,165.0,63.0,103.0,69.0,101.0,12.0,339.0,17.0,245.0,1.58e+17,9900000000000000.0,-1.68e+17,3.1e+16,-1.33e+17,1.21e+17,gcmt,979_gcmt,subduction_intraslab
8531213,2006-07-18T00:31:24,-70.741,-19.75,34.6,5.02,mw,163.0,61.0,90.0,342.0,29.0,89.0,44.99999999999999,253.0,3.180554681463516e-15,163.0,45.00000000000001,73.0,3.66,-0.53,-3.13,0.66,-2.18,0.93,gem,988_gem,subduction_intraslab
200607192211A,2006-07-19T22:11:00,-72.24,-32.63,31.0,5.0,mw,336.0,25.0,74.0,174.0,66.0,98.0,68.0,98.0,,,21.0,258.0,,,,,,,gmt,989_gmt,subduction_intraslab
8548422,2006-07-19T22:11:28,-71.912,-32.478,31.0,5.04,mw,174.0,66.0,98.0,336.0,25.0,74.0,43.2453623605717,279.2418546540968,10.823214372331991,178.88286125120032,44.73322692590417,77.9646183334109,3.23,0.14,-3.37,0.12,-2.96,0.95,gem,989_gem,subduction_intraslab
C200607192211A,2006-07-19T22:11:29,-71.79,-32.5,36.4,5.0,mwc,336.0,25.0,74.0,174.0,66.0,98.0,68.0,99.0,7.0,351.0,20.0,258.0,,,,,,,us,989_us,subduction_intraslab
8619532,2006-08-17T13:32:58,-69.704,-23.327,81.6,5.15,mw,161.0,77.0,126.0,268.0,38.0,22.0,29.725853054581947,287.56789088376684,37.77307250479996,171.30604410600097,37.99369710001657,44.05546117345898,2.41,-2.04,-0.36,2.14,-4.09,4.73,gem,991_gem,subduction_intraslab
C200608171332A,2006-08-17T13:33:02,-70.02,-23.41,100.1,5.1,mw,268.0,38.0,22.0,161.0,77.0,126.0,46.0,108.0,35.0,331.0,23.0,224.0,2.41e+16,-2.04e+16,-3640000000000000.0,2.14e+16,-4.09e+16,4.730000000000001e+16,gcmt,991_gcmt,subduction_intraslab
C200608312316A,2006-08-31T23:16:42,-70.6,-28.86,80.0,5.1,mwc,167.0,73.0,-13.0,261.0,78.0,-163.0,3.0,33.0,69.0,295.0,20.0,124.0,,,,,,,us,995_us,subduction_intraslab
8659537,2006-08-31T23:16:43,-70.621,-28.863,75.3,5.09,mw,167.0,73.0,-13.0,261.0,78.0,-163.0,19.76786084082981,33.368792961412055,69.9268939093791,223.78961119964256,3.3492342619229336,124.57393143706072,-0.79,2.34,-1.55,1.21,1.23,-4.72,gem,995_gem,subduction_intraslab
C200609011552A,2006-09-01T15:52:43,-71.13,-25.57,27.0,5.1,mw,133.0,60.0,19.0,33.0,73.0,149.0,33.0,349.0,55.0,187.0,8.0,85.0,2.21e+16,5.610000000000001e+16,-7.82e+16,3.91e+16,1.9e+16,1.79e+16,gcmt,996_gcmt,subduction_intraslab
C200609110127A,2006-09-11T01:27:35,-71.33,-26.42,45.0,5.0,mw,24.0,32.0,112.0,178.0,60.0,77.0,71.0,57.0,12.0,185.0,14.0,278.0,2.2e+16,-470000000000000.0,-2.15e+16,3720000000000000.0,-1.28e+16,-4300000000000000.0,gcmt,1000_gcmt,subduction_intraslab
200610121805A,2006-10-12T18:05:00,-72.03,-31.48,37.0,6.4,mw,3.0,26.0,96.0,176.0,65.0,87.0,71.0,80.0,,,19.0,269.0,,,,,,,gmt,1007_gmt,subduction_intraslab
C200610121805A,2006-10-12T18:06:04,-72.03,-31.48,36.8,6.4,mw,3.0,26.0,96.0,176.0,65.0,87.0,70.0,79.0,3.0,177.0,19.0,268.0,3.22e+18,2.21e+17,-3.44e+18,2.8100000000000003e+17,-2.68e+18,6.6e+16,gcmt,1007_gcmt,subduction_intraslab
C200610121805A,2006-10-12T18:06:04,-72.03,-31.48,36.8,6.4,mw,3.0,26.0,96.0,176.0,65.0,87.0,70.0,79.0,3.0,177.0,19.0,268.0,3.22e+18,2.21e+17,-3.44e+18,2.8100000000000003e+17,-2.68e+18,6.6e+16,gcmt,1007_gcmtb,subduction_intraslab
200610131612A,2006-10-13T16:12:00,-72.02,-31.55,39.0,5.3,mw,360.0,26.0,95.0,174.0,64.0,88.0,71.0,79.0,,,19.0,266.0,,,,,,,gmt,1009_gmt,subduction_intraslab
8823003,2006-10-13T16:12:55,-71.588,-31.469,38.7,5.28,mw,174.0,64.0,88.0,360.0,26.0,95.0,44.86733488374723,259.66784140563544,2.9175267585392763,352.5756492696232,44.98423122899151,85.49535687455028,0.78,0.1,-0.87,0.09,-0.66,0.06,gem,1009_gem,subduction_intraslab
C200610131612A,2006-10-13T16:12:58,-72.02,-31.55,38.7,5.0,mw,360.0,26.0,95.0,174.0,64.0,88.0,70.0,79.0,2.0,175.0,19.0,266.0,7.79e+16,9800000000000000.0,-8.77e+16,8500000000000002.0,-6.62e+16,6000000000000000.0,gcmt,1009_gcmt,subduction_intraslab
C200610131612A,2006-10-13T16:12:58,-72.02,-31.55,38.7,5.0,mw,360.0,26.0,95.0,174.0,64.0,88.0,70.0,79.0,2.0,175.0,19.0,266.0,7.79e+16,9800000000000000.0,-8.77e+16,8500000000000002.0,-6.62e+16,6000000000000000.0,gcmt,1009_gcmtb,subduction_intraslab
200610160133A,2006-10-16T01:33:00,-71.76,-30.32,43.0,5.5,mw,8.0,38.0,113.0,160.0,56.0,73.0,73.0,24.0,,,9.0,262.0,,,,,,,gmt,1011_gmt,subduction_intraslab
C200610160133A,2006-10-16T01:33:40,-71.76,-30.32,43.0,5.3,mw,8.0,38.0,113.0,160.0,56.0,73.0,73.0,25.0,14.0,170.0,9.0,262.0,1.98e+17,1.13e+16,-2.09e+17,6e+16,-6.12e+16,2.33e+16,gcmt,1011_gcmt,subduction_intraslab
C200610160133A,2006-10-16T01:33:40,-71.76,-30.32,43.0,5.3,mw,8.0,38.0,113.0,160.0,56.0,73.0,73.0,25.0,14.0,170.0,9.0,262.0,1.98e+17,1.13e+16,-2.09e+17,6e+16,-6.12e+16,2.33e+16,gcmt,1011_gcmtb,subduction_intraslab
C200610222329A,2006-10-22T23:29:15,-71.23,-25.85,28.3,5.1,mw,4.0,19.0,112.0,161.0,73.0,83.0,62.0,60.0,7.0,163.0,27.0,257.0,9.19e+16,1.14e+16,-1.03e+17,4.95e+16,-1.29e+17,1.7399999999999998e+16,gcmt,1013_gcmt,subduction_intraslab
8860294,2006-11-06T14:51:37,-70.576,-26.602,63.9,5.16,mw,130.0,21.0,-102.0,323.0,69.0,-85.0,44.9038740612783,49.286299947305565,5.655656375549455,144.9506120794424,44.53964792894229,240.54313118524453,-5.85,3.23,2.62,2.73,-4.49,-0.41,gem,1016_gem,subduction_intraslab
C200611061451A,2006-11-06T14:51:40,-70.99,-26.63,74.9,5.4,mw,130.0,21.0,-102.0,323.0,69.0,-85.0,24.0,50.0,4.0,142.0,65.0,241.0,-5.85e+16,3.23e+16,2.62e+16,2.73e+16,-4.49e+16,-4090000000000000.0,gcmt,1016_gcmt,subduction_intraslab
C200611201933A,2006-11-20T19:33:54,-75.04,-40.12,15.7,5.2,mwc,190.0,42.0,-82.0,359.0,48.0,-97.0,3.0,94.0,6.0,4.0,84.0,212.0,,,,,,,us,1020_us,subduction_intraslab
11498077,2007-02-07T18:54:59,-71.082,-17.855,63.0,5.51,mw,186.0,16.0,-42.0,316.0,79.0,-102.0,44.11247856459629,57.034769527514015,12.654593278461071,314.46215422706763,43.13626924102191,212.3177942260857,-0.83,-0.08,0.9,1.48,-1.4,-0.36,gem,1027_gem,subduction_intraslab
C200702071854A,2007-02-07T18:55:02,-71.28,-17.92,80.9,5.5,mw,186.0,16.0,-42.0,316.0,79.0,-102.0,33.0,57.0,12.0,319.0,54.0,211.0,-8.26e+16,-7800000000000000.0,9.04e+16,1.48e+17,-1.3999999999999998e+17,-3.57e+16,gcmt,1027_gcmt,subduction_intraslab
C200702141421A,2007-02-14T14:21:53,-70.27,-19.74,101.5,5.6,mw,150.0,29.0,-133.0,17.0,70.0,-70.0,22.0,92.0,19.0,190.0,60.0,317.0,-7.13e+16,-4.1e+16,1.1200000000000002e+17,-3e+16,-8.73e+16,-6100000000000000.0,gcmt,1029_gcmt,subduction_intraslab
200703021307A,2007-03-02T13:07:00,-71.64,-30.93,55.0,5.4,mw,7.0,35.0,100.0,176.0,55.0,83.0,78.0,60.0,,,10.0,270.0,,,,,,,gmt,1032_gmt,subduction_intraslab
C200703021307A,2007-03-02T13:07:36,-71.64,-30.93,54.8,5.4,mw,7.0,35.0,100.0,176.0,55.0,83.0,79.0,61.0,6.0,179.0,10.0,270.0,1.3700000000000002e+17,2.08e+16,-1.58e+17,1.19e+16,-5.37e+16,-3599999999999999.5,gcmt,1032_gcmtb,subduction_intraslab
C200703021307A,2007-03-02T13:07:36,-71.64,-30.93,54.8,5.4,mw,7.0,35.0,100.0,176.0,55.0,83.0,79.0,61.0,6.0,179.0,10.0,270.0,1.3700000000000002e+17,2.08e+16,-1.58e+17,1.19e+16,-5.37e+16,-3599999999999999.5,gcmt,1032_gcmt,subduction_intraslab
C200703222025A,2007-03-22T20:25:20,-71.2,-28.12,42.2,5.2,mwc,341.0,51.0,49.0,215.0,54.0,129.0,59.0,185.0,31.0,10.0,2.0,279.0,,,,,,,us,1035_us,subduction_intraslab
11701902,2007-03-22T20:25:21,-71.289,-28.079,40.7,5.18,mw,215.0,54.0,129.0,341.0,51.0,49.0,3.248995399852605,5.764854229982973,49.09990933475781,272.00740525902427,40.71406233566296,98.56493395934876,0.52,0.28,-0.79,-0.21,-0.01,-0.16,gem,1035_gem,subduction_intraslab
200703291440A,2007-03-29T14:40:00,-72.16,-31.63,27.0,5.6,mw,12.0,19.0,91.0,191.0,71.0,90.0,64.0,100.0,,,26.0,281.0,,,,,,,gmt,1039_gmt,subduction_intraslab
C200703291440A,2007-03-29T14:40:47,-72.16,-31.63,26.6,5.6,mw,12.0,19.0,91.0,191.0,71.0,90.0,64.0,101.0,0.0,191.0,26.0,281.0,1.89e+17,2.27e+16,-2.12e+17,-4.94e+16,-2.54e+17,-4.88e+16,gcmt,1039_gcmt,subduction_intraslab
C200703291440A,2007-03-29T14:40:47,-72.16,-31.63,26.6,5.6,mw,12.0,19.0,91.0,191.0,71.0,90.0,64.0,101.0,0.0,191.0,26.0,281.0,1.89e+17,2.27e+16,-2.12e+17,-4.94e+16,-2.54e+17,-4.88e+16,gcmt,1039_gcmtb,subduction_intraslab
C200703291832A,2007-03-29T18:31:58,-71.9,-31.58,29.1,5.0,mwc,347.0,31.0,85.0,172.0,59.0,93.0,76.0,90.0,2.0,351.0,14.0,260.0,,,,,,,us,1042_us,subduction_intraslab
11708660,2007-03-29T18:31:59,-71.842,-31.572,32.0,5.0,mw,172.0,59.0,93.0,347.0,31.0,85.0,44.51247350490672,270.67955685409106,5.456851990389025,175.29056582501858,44.96936166310254,79.81467283691643,3.43,0.12,-3.55,0.17,-1.88,0.7,gem,1042_gem,subduction_intraslab
200703291832A,2007-03-29T18:32:00,-72.23,-31.72,32.0,5.0,mw,347.0,31.0,85.0,172.0,59.0,93.0,76.0,91.0,,,14.0,261.0,,,,,,,gmt,1042_gmt,subduction_intraslab
C200703291832A,2007-03-29T18:32:02,-72.23,-31.72,32.0,5.1,mw,347.0,31.0,85.0,172.0,59.0,93.0,76.0,90.0,2.0,351.0,14.0,260.0,3.43e+16,1230000000000000.0,-3.55e+16,1729999999999999.8,-1.88e+16,6960000000000000.0,gcmt,1042_gcmt,subduction_intraslab
C200703291832A,2007-03-29T18:32:02,-72.23,-31.72,32.0,5.1,mw,347.0,31.0,85.0,172.0,59.0,93.0,76.0,90.0,2.0,351.0,14.0,260.0,3.43e+16,1230000000000000.0,-3.55e+16,1729999999999999.8,-1.88e+16,6960000000000000.0,gcmt,1042_gcmtb,subduction_intraslab
200704220605A,2007-04-22T06:05:00,-72.34,-31.59,28.0,5.1,mw,348.0,28.0,61.0,201.0,66.0,105.0,66.0,136.0,,,20.0,279.0,,,,,,,gmt,1050_gmt,subduction_intraslab
C200704220605A,2007-04-22T06:05:28,-71.86,-31.53,29.9,5.1,mwc,348.0,28.0,61.0,201.0,66.0,105.0,66.0,137.0,13.0,15.0,19.0,280.0,,,,,,,us,1050_us,subduction_intraslab
C200704261213A,2007-04-26T12:13:34,-71.11,-28.1,49.2,5.2,mw,33.0,43.0,128.0,166.0,58.0,60.0,64.0,23.0,25.0,183.0,8.0,277.0,5.45e+16,1.51e+16,-6.96e+16,2.16e+16,-2.06e+16,-1.3799999999999998e+16,gcmt,1051_gcmtb,subduction_intraslab
C200704261213A,2007-04-26T12:13:34,-71.11,-28.1,49.2,5.2,mw,33.0,43.0,128.0,166.0,58.0,60.0,64.0,23.0,25.0,183.0,8.0,277.0,5.45e+16,1.51e+16,-6.96e+16,2.16e+16,-2.06e+16,-1.3799999999999998e+16,gcmt,1051_gcmt,subduction_intraslab
C200705201215A,2007-05-20T12:15:50,-71.55,-29.54,47.4,5.4,mw,21.0,41.0,116.0,168.0,54.0,69.0,72.0,25.0,17.0,181.0,7.0,273.0,9.62e+16,1.59e+16,-1.1200000000000002e+17,2.63e+16,-2.7700000000000004e+16,-9500000000000000.0,gcmt,1054_gcmtb,subduction_intraslab
C200705201215A,2007-05-20T12:15:50,-71.55,-29.54,47.4,5.4,mw,21.0,41.0,116.0,168.0,54.0,69.0,72.0,25.0,17.0,181.0,7.0,273.0,9.62e+16,1.59e+16,-1.1200000000000002e+17,2.63e+16,-2.7700000000000004e+16,-9500000000000000.0,gcmt,1054_gcmt,subduction_intraslab
200706210954A,2007-06-21T09:54:00,-71.42,-31.79,54.0,5.1,mw,359.0,32.0,94.0,174.0,58.0,88.0,77.0,77.0,,,13.0,266.0,,,,,,,gmt,1057_gmt,subduction_intraslab
C200706210954A,2007-06-21T09:54:59,-71.42,-31.79,53.5,5.2,mw,359.0,32.0,94.0,174.0,58.0,88.0,77.0,77.0,2.0,175.0,13.0,266.0,4.43e+16,1560000000000000.0,-4.59e+16,3270000000000000.0,-2.19e+16,2970000000000000.0,gcmt,1057_gcmt,subduction_intraslab
C200706210954A,2007-06-21T09:54:59,-71.42,-31.79,53.5,5.2,mw,359.0,32.0,94.0,174.0,58.0,88.0,77.0,77.0,2.0,175.0,13.0,266.0,4.43e+16,1560000000000000.0,-4.59e+16,3270000000000000.0,-2.19e+16,2970000000000000.0,gcmt,1057_gcmtb,subduction_intraslab
200706281925A,2007-06-28T19:25:00,-71.63,-32.08,80.0,5.6,mw,198.0,15.0,-73.0,0.0,75.0,-95.0,31.0,94.0,,,59.0,264.0,,,,,,,gmt,1059_gmt,subduction_intraslab
12690583,2007-06-28T19:25:21,-71.34,-32.004,68.8,5.7,mw,7.0,74.0,-96.0,209.0,18.0,-69.0,28.0,102.0,6.0,8.0,61.0,267.0,-21600000000.0,-1200000000.0,22800000000.0,-3200000000.0,-35500000000.0,7700000000.0,neic,1059_neic,subduction_intraslab
12690583,2007-06-28T19:25:21,-71.357,-31.97,69.7,5.65,mw,0.0,75.0,-95.0,198.0,15.0,-73.0,44.86447051311189,274.0737063423984,5.57143786782353,178.50224397873353,44.59545470550284,82.98302006421909,-1.91,0.26,1.64,0.09,-3.14,0.28,gem,1059_gem,subduction_intraslab
C200706281925A,2007-06-28T19:25:21,-71.34,-32.0,68.8,5.6,mwc,198.0,15.0,-73.0,0.0,75.0,-95.0,30.0,94.0,4.0,1.0,60.0,264.0,,,,,,,us,1059_us,subduction_intraslab
C200706281925A,2007-06-28T19:25:22,-71.63,-32.08,80.3,5.7,mw,198.0,15.0,-73.0,0.0,75.0,-95.0,30.0,94.0,4.0,1.0,60.0,264.0,-1.91e+17,2.64e+16,1.64e+17,9300000000000000.0,-3.14e+17,2.8000000000000004e+16,gcmt,1059_gcmtb,subduction_intraslab
C200706281925A,2007-06-28T19:25:22,-71.63,-32.08,80.3,5.7,mw,198.0,15.0,-73.0,0.0,75.0,-95.0,30.0,94.0,4.0,1.0,60.0,264.0,-1.91e+17,2.64e+16,1.64e+17,9300000000000000.0,-3.14e+17,2.8000000000000004e+16,gcmt,1059_gcmt,subduction_intraslab
200710201956A,2007-10-20T19:56:00,-73.51,-36.5,41.0,5.2,mw,13.0,23.0,104.0,177.0,67.0,84.0,67.0,77.0,,,23.0,272.0,,,,,,,gmt,1071_gmt,subduction_intraslab
13246181,2007-10-20T19:56:20,-73.043,-36.499,40.7,5.2,mw,13.0,23.0,104.0,177.0,67.0,84.0,44.1523517723157,77.2890490749445,7.58501465642284,174.71700180513108,44.84924545707099,272.328967332894,5.18,1.01,-6.18,0.47,-5.56,-0.48,gem,1071_gem,subduction_intraslab
C200710201956A,2007-10-20T19:56:21,-73.01,-36.47,40.8,5.2,mwc,13.0,23.0,104.0,177.0,67.0,84.0,67.0,76.0,6.0,179.0,22.0,272.0,,,,,,,us,1071_us,subduction_intraslab
C200710201956A,2007-10-20T19:56:22,-73.51,-36.5,40.7,5.2,mw,13.0,23.0,104.0,177.0,67.0,84.0,67.0,76.0,6.0,179.0,22.0,272.0,5.18e+16,1.01e+16,-6.18e+16,4670000000000000.0,-5.56e+16,-4780000000000000.0,gcmt,1071_gcmt,subduction_intraslab
C200710201956A,2007-10-20T19:56:22,-73.51,-36.5,40.7,5.2,mw,13.0,23.0,104.0,177.0,67.0,84.0,67.0,76.0,6.0,179.0,22.0,272.0,5.18e+16,1.01e+16,-6.18e+16,4670000000000000.0,-5.56e+16,-4780000000000000.0,gcmt,1071_gcmtb,subduction_intraslab
C200711141540A,2007-11-14T15:41:11,-70.62,-22.64,37.6,7.7,mw,358.0,20.0,98.0,170.0,71.0,87.0,64.0,75.0,3.0,171.0,25.0,262.0,2.96e+20,4.200000000000001e+18,-3e+20,7.35e+19,-3.63e+20,3.3700000000000004e+19,gcmt,1074_gcmt,subduction_intraslab
C200711151114A,2007-11-15T11:14:56,-71.12,-23.03,19.8,5.0,mw,339.0,22.0,81.0,170.0,68.0,94.0,66.0,86.0,4.0,348.0,23.0,257.0,6.850000000000001e+16,-9200000000000000.0,-5.92e+16,9900000000000000.0,-6.909999999999999e+16,1.57e+16,gcmt,1075_gcmt,subduction_intraslab
C200711151503A,2007-11-15T15:03:14,-71.01,-22.99,35.8,6.1,mw,5.0,21.0,106.0,168.0,70.0,84.0,65.0,68.0,6.0,170.0,25.0,263.0,2.36e+18,4.15e+17,-2.77e+18,7.11e+17,-2.91e+18,2.57e+17,gcmt,1076_gcmt,subduction_intraslab
C200711160842A,2007-11-16T08:42:44,-70.79,-22.89,26.4,5.1,mw,7.0,19.0,111.0,165.0,72.0,83.0,62.0,65.0,7.0,167.0,27.0,261.0,1.34e+17,1000000000000000.0,-1.3500000000000002e+17,5.600000000000001e+16,-1.77e+17,8500000000000002.0,gcmt,1078_gcmt,subduction_intraslab
C200711161434A,2007-11-16T14:34:10,-70.88,-23.16,29.6,5.0,mw,353.0,21.0,81.0,182.0,69.0,93.0,66.0,98.0,3.0,1.0,24.0,270.0,4.68e+16,1990000000000000.0,-4.88e+16,-3449999999999999.5,-5.41e+16,1950000000000000.0,gcmt,1079_gcmt,subduction_intraslab
13268451,2007-11-17T17:54:35,-70.676,-23.048,30.0,5.86,mw,184.0,85.0,100.0,300.0,11.0,27.0,43.96565205197137,284.7992189667978,10.11204685252747,184.89402714240063,44.26783629183431,84.88267268762394,0.5,1.84,-2.35,-0.18,-7.25,1.07,gem,1081_gem,subduction_intraslab
C200711171813A,2007-11-17T18:13:19,-70.9,-23.03,23.6,5.2,mw,357.0,28.0,53.0,217.0,68.0,107.0,63.0,154.0,16.0,30.0,21.0,294.0,6.09e+16,-1700000000000000.0,-5.92e+16,-4.68e+16,-4.1e+16,-1.65e+16,gcmt,1082_gcmt,subduction_intraslab
C200711180702A,2007-11-18T07:02:42,-69.9,-19.12,98.4,5.3,mw,246.0,44.0,-17.0,349.0,78.0,-133.0,21.0,110.0,42.0,359.0,41.0,219.0,-2.94e+16,-2.49e+16,5.43e+16,2.58e+16,-6.32e+16,5.620000000000001e+16,gcmt,1084_gcmt,subduction_intraslab
13270107,2007-11-19T23:30:32,-70.563,-22.828,35.0,5.92,mw,173.0,74.0,89.0,357.0,16.0,94.0,44.98285096996145,261.5419535127018,1.1334480181660436,352.6749448634849,44.9947296319068,83.80840616053729,0.46,0.03,-0.49,0.1,-0.79,0.05,gem,1087_gem,subduction_intraslab
13270598,2007-11-20T16:44:30,-70.59,-23.212,32.3,5.37,mw,179.0,66.0,90.0,360.0,24.0,91.0,45.00000000000001,269.0,5.665363026356891e-15,359.0,44.99999999999999,89.0,0.99,0.1,-1.09,0.02,-0.97,0.01,gem,1088_gem,subduction_intraslab
C200711201644A,2007-11-20T16:44:34,-70.95,-23.11,32.3,5.0,mw,360.0,24.0,91.0,179.0,66.0,90.0,69.0,89.0,0.0,179.0,21.0,269.0,9.91e+16,1e+16,-1.09e+17,1700000000000000.0,-9.67e+16,1200000000000000.0,gcmt,1088_gcmt,subduction_intraslab
C200711260614A,2007-11-26T06:14:58,-70.52,-22.56,36.9,5.0,mw,39.0,25.0,126.0,180.0,70.0,74.0,62.0,66.0,15.0,185.0,23.0,282.0,3.12e+16,-4270000000000000.0,-2.7e+16,6220000000000000.0,-3.4900000000000004e+16,-1.1200000000000002e+16,gcmt,1092_gcmt,subduction_intraslab
13288554,2007-12-13T05:20:24,-70.538,-23.167,33.5,5.97,mw,2.0,12.0,99.0,172.0,78.0,88.0,44.9493455454037,80.34202063244493,2.035374524191796,172.375081146227,44.97838021800503,264.410204082644,0.45,0.03,-0.47,0.15,-1.01,0.03,gem,1094_gem,subduction_intraslab
13288569,2007-12-13T05:35:26,-70.619,-23.186,36.7,5.39,mw,176.0,73.0,91.0,354.0,17.0,88.0,44.98190063014485,267.50565180685703,1.1534513966442324,176.35269535652037,44.99488177020287,85.19921628115333,0.88,-0.01,-0.87,0.08,-1.28,0.07,gem,1095_gem,subduction_intraslab
C200712130535A,2007-12-13T05:35:28,-70.93,-23.13,25.0,5.3,mw,354.0,17.0,88.0,176.0,73.0,91.0,62.0,87.0,0.0,356.0,28.0,266.0,8.81e+16,-1100000000000000.0,-8.7e+16,8400000000000002.0,-1.28e+17,7300000000000000.0,gcmt,1095_gcmt,subduction_intraslab
200712151822A,2007-12-15T18:22:00,-72.02,-32.81,33.0,5.9,mw,359.0,21.0,89.0,179.0,69.0,90.0,66.0,91.0,,,24.0,270.0,,,,,,,gmt,1097_gmt,subduction_intraslab
C200712151822A,2007-12-15T18:22:32,-72.02,-32.81,33.3,5.9,mw,359.0,21.0,89.0,179.0,69.0,90.0,66.0,90.0,0.0,359.0,24.0,269.0,5.4700000000000006e+17,8.8e+16,-6.35e+17,7000000000000000.0,-6.59e+17,1.2e+16,gcmt,1097_gcmtb,subduction_intraslab
C200712151822A,2007-12-15T18:22:32,-72.02,-32.81,33.3,5.9,mw,359.0,21.0,89.0,179.0,69.0,90.0,66.0,90.0,0.0,359.0,24.0,269.0,5.4700000000000006e+17,8.8e+16,-6.35e+17,7000000000000000.0,-6.59e+17,1.2e+16,gcmt,1097_gcmt,subduction_intraslab
13290563,2007-12-16T08:09:18,-70.126,-22.92,48.3,6.72,mw,246.0,6.0,159.0,357.0,88.0,84.0,44.70521820831099,261.0986829484348,5.615822777984128,356.6837236937822,44.74610104266185,92.27676621072716,0.13,-0.03,-0.1,-0.09,1.45,-0.14,gem,1098_gem,subduction_intraslab
C200802041701A,2008-02-04T17:01:36,-70.76,-20.27,46.1,6.3,mw,1.0,27.0,107.0,162.0,64.0,81.0,69.0,54.0,8.0,166.0,19.0,258.0,2.86e+18,4.37e+17,-3.3e+18,9.29e+17,-2.29e+18,6.49e+17,gcmt,1105_gcmt,subduction_intraslab
C200803011951A,2008-03-01T19:52:05,-70.76,-20.51,50.8,5.7,mw,357.0,29.0,102.0,163.0,62.0,83.0,72.0,58.0,6.0,166.0,17.0,258.0,2.57e+17,6.25e+16,-3.19e+17,6.47e+16,-1.86e+17,7.77e+16,gcmt,1108_gcmt,subduction_intraslab
200803290134A,2008-03-29T01:34:00,-74.58,-43.2,42.0,5.1,mw,5.0,32.0,90.0,184.0,58.0,90.0,77.0,95.0,,,13.0,275.0,,,,,,,gmt,1112_gmt,subduction_intraslab
C200804170757A,2008-04-17T07:57:21,-71.3,-19.9,23.0,5.1,mw,328.0,33.0,70.0,171.0,59.0,102.0,73.0,111.0,10.0,345.0,14.0,252.0,4.75e+16,-920000000000000.0,-4.66e+16,-859999999999999.9,-2.76e+16,1.89e+16,gcmt,1114_gcmt,subduction_intraslab
11379079,2008-10-30T01:32:41,-70.407,-23.971,41.0,5.3,mw,10.0,30.0,85.0,196.0,60.0,93.0,44.60366482716135,113.5107518532717,4.943844420414084,18.61674926959921,44.9707938139211,283.6594662201742,0.0,0.0,0.0,0.0,0.0,0.0,gem,1130_gem,subduction_intraslab
C200810300132A,2008-10-30T01:32:47,-70.89,-23.86,41.0,5.7,mw,10.0,30.0,85.0,196.0,60.0,93.0,75.0,115.0,3.0,15.0,15.0,284.0,7.99e+16,1.89e+16,-9.88e+16,-1.65e+16,-5.22e+16,-3.09e+16,gcmt,1130_gcmt,subduction_intraslab
200811232119A,2008-11-23T21:19:00,-73.36,-36.38,38.0,5.3,mw,11.0,22.0,111.0,169.0,69.0,82.0,65.0,65.0,,,24.0,265.0,,,,,,,gmt,1131_gmt,subduction_intraslab
C200811232119A,2008-11-23T21:19:44,-73.36,-36.38,37.8,5.3,mw,11.0,22.0,111.0,169.0,69.0,82.0,65.0,65.0,8.0,172.0,24.0,265.0,6.56e+16,1.36e+16,-7.93e+16,1.81e+16,-7.7e+16,2100000000000000.0,gcmt,1131_gcmt,subduction_intraslab
C200811232119A,2008-11-23T21:19:44,-73.36,-36.38,37.8,5.3,mw,11.0,22.0,111.0,169.0,69.0,82.0,65.0,65.0,8.0,172.0,24.0,265.0,6.56e+16,1.36e+16,-7.93e+16,1.81e+16,-7.7e+16,2100000000000000.0,gcmt,1131_gcmtb,subduction_intraslab
12077821,2008-12-16T22:05:26,-71.525,-29.697,60.7,5.09,mw,21.0,90.0,-119.0,290.0,29.0,-1.0,38.20299883320314,316.8645538216888,29.00000000000001,201.0,38.20299883320316,85.13544617831127,-0.14,1.99,-1.86,-1.4,-4.6,1.79,gem,1133_gem,subduction_intraslab
20081216220525,2008-12-16T22:05:28,-71.85,-29.91,63.4,5.1,mwc,290.0,29.0,-1.0,21.0,90.0,-119.0,38.0,136.0,29.0,21.0,39.0,265.0,-1400000000000000.0,1.99e+16,-1.86e+16,-1.4e+16,-4.6e+16,1.79e+16,us,1133_us,subduction_intraslab
C200812182119A,2008-12-18T21:19:33,-72.13,-32.63,22.5,6.2,mw,360.0,19.0,94.0,175.0,71.0,89.0,64.0,83.0,1.0,176.0,26.0,267.0,1.13e+18,1.18e+17,-1.25e+18,1.33e+17,-1.54e+18,6.2e+16,gcmt,1134_gcmt,subduction_intraslab
C200812182119A,2008-12-18T21:19:33,-72.13,-32.63,22.5,6.2,mw,360.0,19.0,94.0,175.0,71.0,89.0,64.0,83.0,1.0,176.0,26.0,267.0,1.13e+18,1.18e+17,-1.25e+18,1.33e+17,-1.54e+18,6.2e+16,gcmt,1134_gcmtb,subduction_intraslab
C200812182150A,2008-12-18T21:50:28,-72.05,-32.47,25.0,5.9,mwc,350.0,18.0,83.0,177.0,72.0,92.0,63.0,90.0,2.0,356.0,27.0,265.0,,,,,,,us,1135_us,subduction_intraslab
200812190730A,2008-12-19T07:30:00,-72.24,-32.66,22.0,5.4,mw,359.0,20.0,90.0,179.0,70.0,90.0,65.0,89.0,,,25.0,269.0,,,,,,,gmt,1136_gmt,subduction_intraslab
11513607,2008-12-19T07:30:08,-71.944,-32.569,28.4,5.39,mw,179.0,70.0,90.0,359.0,20.0,90.0,44.99999999999999,269.0,2.882377680076312e-15,359.0,44.99999999999999,89.0,0.95,0.06,-1.01,0.01,-1.17,0.01,gem,1136_gem,subduction_intraslab
C200812190730A,2008-12-19T07:30:11,-72.24,-32.66,22.0,5.1,mw,359.0,20.0,90.0,179.0,70.0,90.0,65.0,89.0,0.0,179.0,25.0,269.0,9.47e+16,6400000000000000.0,-1.01e+17,1500000000000000.0,-1.17e+17,1200000000000000.0,gcmt,1136_gcmtb,subduction_intraslab
C200812190730A,2008-12-19T07:30:11,-72.24,-32.66,22.0,5.1,mw,359.0,20.0,90.0,179.0,70.0,90.0,65.0,89.0,0.0,179.0,25.0,269.0,9.47e+16,6400000000000000.0,-1.01e+17,1500000000000000.0,-1.17e+17,1200000000000000.0,gcmt,1136_gcmt,subduction_intraslab
11513615,2008-12-19T09:36:04,-71.949,-32.458,32.2,5.6,mw,184.0,64.0,108.0,328.0,31.0,58.0,66.0,125.0,15.0,356.0,17.0,261.0,26200000000.0,-4500000000.0,-21700000000.0,-8000000000.0,-18700000000.0,6300000000.0,neic,1137_neic,subduction_intraslab
C200812190936A,2008-12-19T09:36:04,-71.95,-32.46,32.2,5.7,mwc,2.0,19.0,100.0,172.0,72.0,87.0,63.0,77.0,3.0,173.0,27.0,265.0,,,,,,,us,1137_us,subduction_intraslab
200812191648A,2008-12-19T16:48:00,-72.25,-32.6,29.0,5.2,mw,351.0,23.0,82.0,180.0,67.0,93.0,68.0,96.0,,,22.0,267.0,,,,,,,gmt,1139_gmt,subduction_intraslab
11513635,2008-12-19T16:48:51,-71.887,-32.591,29.4,5.17,mw,180.0,67.0,93.0,351.0,23.0,82.0,44.763926950013705,275.6362414411571,3.970895611518218,181.6884934459933,44.96130697972709,87.71340799945767,4.93,0.57,-5.5,-0.08,-4.97,0.43,gem,1139_gem,subduction_intraslab
11667352,2009-02-06T02:58:35,-71.071,-28.007,52.6,5.3,mw,154.0,23.0,-107.0,352.0,68.0,-83.0,44.77849941528834,76.95440925281389,9.05586698789555,176.05431987074985,43.80170581257916,274.84661735133915,0.0,0.0,0.0,0.0,0.0,0.0,gem,1146_gem,subduction_intraslab
C200902060258A,2009-02-06T02:58:36,-71.62,-28.16,59.1,5.5,mw,154.0,23.0,-107.0,352.0,68.0,-83.0,23.0,77.0,7.0,169.0,66.0,275.0,-8.29e+16,1.7100000000000002e+16,6.59e+16,3300000000000000.0,-7.96e+16,-1.93e+16,gcmt,1146_gcmtb,subduction_intraslab
C200902060258A,2009-02-06T02:58:36,-71.62,-28.16,59.1,5.5,mw,154.0,23.0,-107.0,352.0,68.0,-83.0,23.0,77.0,7.0,169.0,66.0,275.0,-8.29e+16,1.7100000000000002e+16,6.59e+16,3300000000000000.0,-7.96e+16,-1.93e+16,gcmt,1146_gcmt,subduction_intraslab
C200904170208A,2009-04-17T02:08:15,-71.1,-19.72,31.9,6.1,mw,355.0,24.0,102.0,161.0,67.0,85.0,68.0,61.0,5.0,164.0,21.0,256.0,1.09e+18,1.03e+17,-1.2e+18,3.9e+17,-1.03e+18,3.07e+17,gcmt,1153_gcmt,subduction_intraslab
C200905171235A,2009-05-17T12:35:25,-70.24,-27.39,101.7,5.2,mw,356.0,29.0,-79.0,163.0,62.0,-96.0,16.0,258.0,5.0,166.0,73.0,58.0,-7.62e+16,1.79e+16,5.83e+16,-1.92e+16,4.01e+16,-5800000000000000.0,gcmt,1160_gcmtb,subduction_intraslab
C200905171235A,2009-05-17T12:35:25,-70.24,-27.39,101.7,5.2,mw,356.0,29.0,-79.0,163.0,62.0,-96.0,16.0,258.0,5.0,166.0,73.0,58.0,-7.62e+16,1.79e+16,5.83e+16,-1.92e+16,4.01e+16,-5800000000000000.0,gcmt,1160_gcmt,subduction_intraslab
C200905250510A,2009-05-25T05:10:13,-71.32,-28.52,48.8,5.3,mwc,192.0,20.0,-84.0,5.0,70.0,-92.0,25.0,97.0,2.0,6.0,65.0,271.0,,,,,,,us,1161_us,subduction_intraslab
12861955,2009-05-25T05:10:13,-71.426,-28.542,52.0,5.27,mw,5.0,70.0,-92.0,192.0,20.0,-84.0,44.9812403496739,276.5599632223001,2.4525628342942096,184.10675834278425,44.91384094364656,91.65932181679716,-0.7,0.11,0.59,-0.05,-0.77,0.08,gem,1161_gem,subduction_intraslab
C200905250510A,2009-05-25T05:10:14,-71.65,-28.69,56.3,5.4,mw,192.0,20.0,-84.0,5.0,70.0,-92.0,25.0,97.0,2.0,6.0,65.0,271.0,-6.989999999999999e+16,1.07e+16,5.92e+16,-5300000000000000.0,-7.72e+16,8300000000000000.0,gcmt,1161_gcmt,subduction_intraslab
C200905250510A,2009-05-25T05:10:14,-71.65,-28.69,56.3,5.4,mw,192.0,20.0,-84.0,5.0,70.0,-92.0,25.0,97.0,2.0,6.0,65.0,271.0,-6.989999999999999e+16,1.07e+16,5.92e+16,-5300000000000000.0,-7.72e+16,8300000000000000.0,gcmt,1161_gcmtb,subduction_intraslab
C200906132010A,2009-06-13T20:10:57,-71.08,-17.67,95.4,5.1,mw,237.0,25.0,12.0,135.0,85.0,115.0,45.0,70.0,25.0,313.0,35.0,204.0,1.31e+16,-4.2e+16,2.88e+16,5.2e+16,-5.42e+16,1e+16,gcmt,1163_gcmt,subduction_intraslab
200906132122A,2009-06-13T21:22:00,-71.99,-30.8,34.0,5.0,mw,352.0,29.0,88.0,175.0,61.0,91.0,74.0,87.0,,,16.0,263.0,,,,,,,gmt,1164_gmt,subduction_intraslab
C200906132122A,2009-06-13T21:22:10,-71.99,-30.8,33.9,5.3,mw,352.0,29.0,88.0,175.0,61.0,91.0,74.0,89.0,1.0,355.0,16.0,264.0,3.77e+16,4630000000000000.0,-4.230000000000001e+16,1690000000000000.0,-2.47e+16,5070000000000000.0,gcmt,1164_gcmt,subduction_intraslab
C200906132122A,2009-06-13T21:22:10,-71.99,-30.8,33.9,5.3,mw,352.0,29.0,88.0,175.0,61.0,91.0,74.0,89.0,1.0,355.0,16.0,264.0,3.77e+16,4630000000000000.0,-4.230000000000001e+16,1690000000000000.0,-2.47e+16,5070000000000000.0,gcmt,1164_gcmtb,subduction_intraslab
C200907071646A,2009-07-07T16:46:15,-71.13,-29.36,48.9,5.4,mwc,260.0,50.0,-174.0,165.0,85.0,-40.0,23.0,219.0,50.0,340.0,31.0,115.0,,,,,,,us,1168_us,subduction_intraslab
13361362,2009-07-07T16:46:15,-71.229,-29.333,49.0,5.4,mw,165.0,85.0,-40.0,260.0,50.0,-174.0,29.20321127154924,38.94430605866057,50.16819948508312,171.02075553818372,24.519817448660422,294.1728637339863,-0.13,0.59,-0.46,-0.08,1.0,-1.05,gem,1168_gem,subduction_intraslab
C200907071646A,2009-07-07T16:46:19,-71.57,-29.3,46.7,5.3,mw,260.0,50.0,-174.0,165.0,85.0,-40.0,23.0,219.0,50.0,340.0,31.0,115.0,-1.32e+16,5.91e+16,-4.59e+16,-7900000000000000.0,9.98e+16,-1.05e+17,gcmt,1168_gcmt,subduction_intraslab
C200907071646A,2009-07-07T16:46:19,-71.57,-29.3,46.7,5.3,mw,260.0,50.0,-174.0,165.0,85.0,-40.0,23.0,219.0,50.0,340.0,31.0,115.0,-1.32e+16,5.91e+16,-4.59e+16,-7900000000000000.0,9.98e+16,-1.05e+17,gcmt,1168_gcmtb,subduction_intraslab
200907121443A,2009-07-12T14:43:00,-71.58,-30.71,66.0,5.2,mw,360.0,32.0,99.0,169.0,58.0,84.0,76.0,63.0,,,13.0,263.0,,,,,,,gmt,1169_gmt,subduction_intraslab
C200907121443A,2009-07-12T14:43:50,-71.15,-30.65,59.1,5.2,mwc,360.0,32.0,99.0,169.0,58.0,84.0,76.0,63.0,5.0,172.0,13.0,263.0,,,,,,,us,1169_us,subduction_intraslab
13375951,2009-07-12T14:43:51,-71.16,-30.654,65.6,5.18,mw,169.0,58.0,84.0,360.0,32.0,99.0,42.87693326721298,240.9646676875716,11.40395446825212,341.75914436972505,44.88113507126722,83.34710075146711,5.77,1.16,-6.92,0.79,-3.06,0.83,gem,1169_gem,subduction_intraslab
200909251547A,2009-09-25T15:47:00,-71.9,-32.26,42.0,5.1,mw,277.0,58.0,15.0,180.0,78.0,147.0,32.0,133.0,,,13.0,231.0,,,,,,,gmt,1175_gmt,subduction_intraslab
13795340,2009-09-25T15:47:23,-71.769,-32.187,41.8,5.08,mw,180.0,78.0,147.0,277.0,58.0,15.0,15.089242151079514,314.11754468562964,57.27177171892127,199.3132314595497,28.284888539680267,52.459648498717456,1.3,-0.08,-1.22,-0.75,-2.54,4.32,gem,1175_gem,subduction_intraslab
C200909251547A,2009-09-25T15:47:23,-71.61,-32.11,47.5,5.1,mwc,277.0,58.0,15.0,180.0,78.0,147.0,32.0,134.0,55.0,341.0,13.0,232.0,,,,,,,us,1175_us,subduction_intraslab
C200909251547A,2009-09-25T15:47:27,-71.9,-32.26,41.8,5.0,mw,277.0,58.0,15.0,180.0,78.0,147.0,32.0,134.0,55.0,341.0,13.0,232.0,1.3e+16,-810000000000000.0,-1.22e+16,-7460000000000000.0,-2.54e+16,4.32e+16,gcmt,1175_gcmtb,subduction_intraslab
C200909251547A,2009-09-25T15:47:27,-71.9,-32.26,41.8,5.0,mw,277.0,58.0,15.0,180.0,78.0,147.0,32.0,134.0,55.0,341.0,13.0,232.0,1.3e+16,-810000000000000.0,-1.22e+16,-7460000000000000.0,-2.54e+16,4.32e+16,gcmt,1175_gcmt,subduction_intraslab
13910559,2009-11-04T01:35:47,-70.264,-25.806,60.1,5.11,mw,32.0,38.0,128.0,167.0,61.0,64.0,26.19315674369066,32.493176720829865,36.02317493725493,143.4521612723738,42.66495954098841,275.53324805148145,4.02,1.56,-5.58,1.23,-2.37,-1.0,gem,1180_gem,subduction_intraslab
C200911040135A,2009-11-04T01:35:50,-70.95,-25.75,55.9,5.1,mw,32.0,38.0,128.0,167.0,61.0,64.0,64.0,32.0,23.0,180.0,12.0,275.0,4.019999999999999e+16,1.56e+16,-5.58e+16,1.23e+16,-2.37e+16,-9960000000000000.0,gcmt,1180_gcmt,subduction_intraslab
C200911130306A,2009-11-13T03:06:04,-71.01,-19.6,36.2,6.5,mw,342.0,24.0,92.0,160.0,66.0,89.0,69.0,69.0,1.0,160.0,21.0,251.0,5.28e+18,-1.2e+17,-5.16e+18,1.78e+18,-4.82e+18,2e+18,gcmt,1182_gcmt,subduction_intraslab
C200911161834A,2009-11-16T18:34:29,-71.04,-19.7,40.4,5.4,mw,344.0,30.0,90.0,163.0,60.0,90.0,75.0,73.0,0.0,163.0,15.0,253.0,5.65e+16,3260000000000000.0,-5.97e+16,1.01e+16,-3.33e+16,2.06e+16,gcmt,1184_gcmt,subduction_intraslab
C200912280057A,2009-12-28T00:57:20,-70.7,-22.59,42.9,5.2,mw,1.0,26.0,106.0,163.0,65.0,82.0,69.0,58.0,7.0,166.0,20.0,259.0,6.22e+16,1.04e+16,-7.26e+16,1.97e+16,-5.520000000000001e+16,1.33e+16,gcmt,1187_gcmt,subduction_intraslab
200912291147A,2009-12-29T11:47:00,-73.39,-36.78,43.0,5.1,mw,1.0,21.0,95.0,175.0,69.0,88.0,66.0,82.0,,,24.0,267.0,,,,,,,gmt,1188_gmt,subduction_intraslab
C200912291147A,2009-12-29T11:47:36,-73.39,-36.78,43.4,5.3,mw,1.0,21.0,95.0,175.0,69.0,88.0,66.0,82.0,2.0,176.0,24.0,267.0,3.37e+16,1850000000000000.0,-3.55e+16,3600000000000000.0,-3.76e+16,1250000000000000.0,gcmt,1188_gcmtb,subduction_intraslab
C200912291147A,2009-12-29T11:47:36,-73.39,-36.78,43.4,5.3,mw,1.0,21.0,95.0,175.0,69.0,88.0,66.0,82.0,2.0,176.0,24.0,267.0,3.37e+16,1850000000000000.0,-3.55e+16,3600000000000000.0,-3.76e+16,1250000000000000.0,gcmt,1188_gcmt,subduction_intraslab
14265217,2010-01-30T05:50:09,-70.698,-28.227,57.4,5.3,mw,31.0,26.0,129.0,169.0,70.0,73.0,61.0,54.0,15.0,174.0,23.0,271.0,,,,,,,neic,1193_neic,subduction_intraslab
C201001300550A,2010-01-30T05:50:09,-70.7,-28.23,57.4,5.3,mwc,17.0,31.0,107.0,177.0,60.0,80.0,73.0,63.0,9.0,182.0,15.0,274.0,,,,,,,us,1193_us,subduction_intraslab
C201001300550A,2010-01-30T05:50:14,-71.32,-28.26,55.0,5.3,mw,17.0,31.0,107.0,177.0,60.0,80.0,73.0,63.0,9.0,182.0,15.0,274.0,8.63e+16,1.9e+16,-1.05e+17,8100000000000000.0,-5.550000000000001e+16,-1.31e+16,gcmt,1193_gcmt,subduction_intraslab
C201001300550A,2010-01-30T05:50:14,-71.32,-28.26,55.0,5.3,mw,17.0,31.0,107.0,177.0,60.0,80.0,73.0,63.0,9.0,182.0,15.0,274.0,8.63e+16,1.9e+16,-1.05e+17,8100000000000000.0,-5.550000000000001e+16,-1.31e+16,gcmt,1193_gcmtb,subduction_intraslab
201002271900A,2010-02-27T19:00:00,-72.29,-33.62,24.0,6.2,mw,3.0,27.0,97.0,175.0,64.0,86.0,72.0,77.0,,,18.0,268.0,,,,,,,gmt,1201_gmt,subduction_intraslab
C201002271900A,2010-02-27T19:00:12,-72.29,-33.62,24.2,6.3,mw,3.0,27.0,97.0,175.0,64.0,86.0,71.0,77.0,3.0,177.0,19.0,268.0,2.42e+18,-3.43e+17,-2.08e+18,2.61e+17,-1.7e+18,8999999999999998.0,gcmt,1201_gcmtb,subduction_intraslab
C201002271900A,2010-02-27T19:00:12,-72.29,-33.62,24.2,6.3,mw,3.0,27.0,97.0,175.0,64.0,86.0,71.0,77.0,3.0,177.0,19.0,268.0,2.42e+18,-3.43e+17,-2.08e+18,2.61e+17,-1.7e+18,8999999999999998.0,gcmt,1201_gcmt,subduction_intraslab
201002272302A,2010-02-27T23:02:00,-73.33,-37.94,53.0,5.9,mw,349.0,27.0,90.0,169.0,63.0,90.0,72.0,79.0,,,18.0,259.0,,,,,,,gmt,1202_gmt,subduction_intraslab
C201002272302A,2010-02-27T23:02:06,-73.33,-37.94,53.4,5.9,mw,349.0,27.0,90.0,169.0,63.0,90.0,72.0,79.0,0.0,349.0,18.0,259.0,7.05e+17,-1.22e+17,-5.83e+17,9.1e+16,-4.6e+17,9.5e+16,gcmt,1202_gcmt,subduction_intraslab
C201002272302A,2010-02-27T23:02:06,-73.33,-37.94,53.4,5.9,mw,349.0,27.0,90.0,169.0,63.0,90.0,72.0,79.0,0.0,349.0,18.0,259.0,7.05e+17,-1.22e+17,-5.83e+17,9.1e+16,-4.6e+17,9.5e+16,gcmt,1202_gcmtb,subduction_intraslab
201002280108A,2010-02-28T01:08:00,-72.46,-34.25,31.0,5.9,mw,13.0,24.0,95.0,187.0,66.0,88.0,69.0,93.0,,,21.0,279.0,,,,,,,gmt,1203_gmt,subduction_intraslab
C201002280108A,2010-02-28T01:08:28,-72.46,-34.25,31.5,5.9,mw,13.0,24.0,95.0,187.0,66.0,88.0,69.0,93.0,2.0,188.0,21.0,279.0,7.36e+17,-5.7e+16,-6.79e+17,-6.5e+16,-6.53e+17,-1.17e+17,gcmt,1203_gcmt,subduction_intraslab
C201002280108A,2010-02-28T01:08:28,-72.46,-34.25,31.5,5.9,mw,13.0,24.0,95.0,187.0,66.0,88.0,69.0,93.0,2.0,188.0,21.0,279.0,7.36e+17,-5.7e+16,-6.79e+17,-6.5e+16,-6.53e+17,-1.17e+17,gcmt,1203_gcmtb,subduction_intraslab
201002281125A,2010-02-28T11:25:00,-72.05,-35.11,53.0,6.2,mw,17.0,25.0,113.0,171.0,67.0,80.0,66.0,63.0,,,21.0,270.0,,,,,,,gmt,1204_gmt,subduction_intraslab
C201002281125A,2010-02-28T11:25:39,-72.05,-35.11,53.5,6.2,mw,17.0,25.0,113.0,171.0,67.0,80.0,66.0,63.0,10.0,175.0,22.0,269.0,1.65e+18,1.95e+17,-1.84e+18,3.93e+17,-1.64e+18,-1.13e+17,gcmt,1204_gcmt,subduction_intraslab
C201002281125A,2010-02-28T11:25:39,-72.05,-35.11,53.5,6.2,mw,17.0,25.0,113.0,171.0,67.0,80.0,66.0,63.0,10.0,175.0,22.0,269.0,1.65e+18,1.95e+17,-1.84e+18,3.93e+17,-1.64e+18,-1.13e+17,gcmt,1204_gcmtb,subduction_intraslab
C201002281948A,2010-02-28T19:48:37,-73.63,-38.08,35.0,5.8,mwc,1.0,16.0,91.0,180.0,74.0,90.0,61.0,90.0,0.0,180.0,29.0,270.0,,,,,,,us,1205_us,subduction_intraslab
201003010110A,2010-03-01T01:10:00,-72.33,-35.4,58.0,5.2,mw,34.0,33.0,130.0,169.0,65.0,67.0,63.0,43.0,,,17.0,276.0,,,,,,,gmt,1206_gmt,subduction_intraslab
C201003010110A,2010-03-01T01:11:00,-72.33,-35.4,57.8,5.4,mw,34.0,33.0,130.0,169.0,65.0,67.0,63.0,43.0,20.0,179.0,17.0,276.0,5.05e+16,2.2e+16,-7.25e+16,1.34e+16,-4.46e+16,-1.48e+16,gcmt,1206_gcmt,subduction_intraslab
C201003010110A,2010-03-01T01:11:00,-72.33,-35.4,57.8,5.4,mw,34.0,33.0,130.0,169.0,65.0,67.0,63.0,43.0,20.0,179.0,17.0,276.0,5.05e+16,2.2e+16,-7.25e+16,1.34e+16,-4.46e+16,-1.48e+16,gcmt,1206_gcmtb,subduction_intraslab
14342544,2010-03-01T07:49:07,-73.253,-34.73,28.7,5.34,mw,208.0,35.0,-65.0,358.0,58.0,-107.0,44.09074519855121,100.19592655452652,27.548930975687647,339.8411032817299,33.33301807416513,229.77570851925825,-0.94,-0.35,1.3,0.08,-0.53,0.33,gem,1209_gem,subduction_intraslab
C201003010749A,2010-03-01T07:49:09,-73.12,-34.71,33.0,5.3,mwc,208.0,35.0,-65.0,358.0,58.0,-107.0,12.0,100.0,14.0,7.0,71.0,228.0,,,,,,,us,1209_us,subduction_intraslab
C201003010858A,2010-03-01T08:58:33,-74.49,-37.84,35.0,5.0,mwc,204.0,41.0,-79.0,9.0,50.0,-100.0,4.0,106.0,7.0,15.0,81.0,225.0,,,,,,,us,1211_us,subduction_intraslab
201003011552A,2010-03-01T15:52:00,-73.91,-36.83,27.0,5.1,mw,13.0,27.0,104.0,177.0,64.0,83.0,70.0,72.0,,,19.0,273.0,,,,,,,gmt,1214_gmt,subduction_intraslab
14344174,2010-03-01T15:52:37,-73.619,-36.8,27.2,5.08,mw,13.0,27.0,104.0,177.0,64.0,83.0,43.391958248109376,72.49069025990292,10.211633203600904,172.29596220713256,44.80640012317581,272.6030983702459,4.05,-0.05,-4.0,0.43,-3.18,-0.35,gem,1214_gem,subduction_intraslab
C201003011552A,2010-03-01T15:52:38,-73.55,-36.76,35.9,5.1,mwc,13.0,27.0,104.0,177.0,64.0,83.0,70.0,73.0,6.0,180.0,19.0,272.0,,,,,,,us,1214_us,subduction_intraslab
201003011656A,2010-03-01T16:56:00,-72.7,-36.4,68.0,5.0,mw,43.0,35.0,125.0,182.0,62.0,68.0,66.0,53.0,,,14.0,288.0,,,,,,,gmt,1215_gmt,subduction_intraslab
C201003011656A,2010-03-01T16:56:54,-72.7,-36.4,67.6,5.1,mw,43.0,35.0,125.0,182.0,62.0,68.0,66.0,53.0,19.0,193.0,15.0,288.0,2.5e+16,2650000000000000.0,-2.77e+16,3140000000000000.0,-1.8e+16,-1.39e+16,gcmt,1215_gcmt,subduction_intraslab
C201003011656A,2010-03-01T16:56:54,-72.7,-36.4,67.6,5.1,mw,43.0,35.0,125.0,182.0,62.0,68.0,66.0,53.0,19.0,193.0,15.0,288.0,2.5e+16,2650000000000000.0,-2.77e+16,3140000000000000.0,-1.8e+16,-1.39e+16,gcmt,1215_gcmtb,subduction_intraslab
C201003020409A,2010-03-02T04:09:28,-73.23,-35.79,35.0,5.4,mwc,359.0,13.0,78.0,191.0,78.0,93.0,57.0,104.0,3.0,10.0,32.0,279.0,,,,,,,us,1218_us,subduction_intraslab
14344356,2010-03-02T04:28:44,-73.444,-36.74,30.0,5.46,mw,17.0,11.0,110.0,178.0,79.0,86.0,44.81170798427559,81.94466037005395,3.9980888660433296,175.9262202654961,44.90975713229796,269.9214529363752,0.68,0.04,-0.71,0.1,-1.79,-0.09,gem,1219_gem,subduction_intraslab
C201003020610A,2010-03-02T06:10:53,-72.68,-34.53,35.0,5.3,mwc,3.0,5.0,84.0,189.0,85.0,91.0,50.0,99.0,1.0,9.0,40.0,278.0,,,,,,,us,1220_us,subduction_intraslab
C201003021130A,2010-03-02T11:30:31,-72.59,-35.2,38.6,5.0,mwc,198.0,67.0,-163.0,101.0,74.0,-24.0,5.0,151.0,61.0,250.0,28.0,58.0,,,,,,,us,1221_us,subduction_intraslab
17150271,2010-03-02T12:16:34,-73.387,-36.595,30.6,5.19,mw,5.0,16.0,95.0,181.0,74.0,89.0,44.96497892672057,87.71704281963213,1.6208807242234506,179.3365909523684,44.98917905728114,270.9575081321268,4.19,-0.16,-4.03,-0.01,-6.39,-0.21,gem,1222_gem,subduction_intraslab
C201003021216A,2010-03-02T12:16:34,-73.33,-36.62,35.0,5.2,mwc,5.0,16.0,95.0,181.0,74.0,89.0,61.0,89.0,1.0,181.0,29.0,272.0,,,,,,,us,1222_us,subduction_intraslab
201003021407A,2010-03-02T14:07:00,-74.43,-39.72,35.0,5.1,mw,16.0,28.0,112.0,172.0,64.0,79.0,69.0,59.0,,,18.0,270.0,,,,,,,gmt,1223_gmt,subduction_intraslab
C201003021407A,2010-03-02T14:07:08,-73.79,-39.51,35.0,5.1,mwc,16.0,28.0,112.0,172.0,64.0,79.0,69.0,59.0,10.0,177.0,18.0,270.0,,,,,,,us,1223_us,subduction_intraslab
C201003021912A,2010-03-02T19:12:56,-72.17,-34.27,40.5,5.6,mwc,14.0,17.0,119.0,163.0,75.0,81.0,59.0,62.0,8.0,165.0,30.0,260.0,,,,,,,us,1224_us,subduction_intraslab
201003022144A,2010-03-02T21:44:00,-73.85,-36.61,37.0,5.0,mw,44.0,26.0,115.0,196.0,67.0,79.0,66.0,86.0,,,21.0,295.0,,,,,,,gmt,1225_gmt,subduction_intraslab
14411374,2010-03-02T21:44:35,-73.308,-36.564,37.0,5.05,mw,44.0,26.0,115.0,196.0,67.0,79.0,41.55149994456183,85.67533402904417,15.34774927346562,189.754733029217,44.426351837829095,295.36089390890845,3.54,-1.07,-2.46,-0.42,-3.25,-1.4,gem,1225_gem,subduction_intraslab
17150405,2010-03-03T04:35:57,-73.964,-37.626,25.0,5.31,mw,194.0,79.0,95.0,350.0,12.0,66.0,44.66546189270683,290.2834399771712,5.291121380535396,195.03147920706613,44.84729542629905,99.74598108576812,0.41,0.04,-0.45,-0.27,-1.02,-0.02,gem,1226_gem,subduction_intraslab
C201003030435A,2010-03-03T04:35:59,-73.87,-37.58,35.3,5.3,mwc,350.0,12.0,66.0,194.0,79.0,95.0,56.0,110.0,5.0,13.0,34.0,280.0,,,,,,,us,1226_us,subduction_intraslab
201003030442A,2010-03-03T04:42:00,-74.27,-37.4,21.0,5.1,mw,13.0,26.0,105.0,176.0,65.0,83.0,69.0,72.0,,,20.0,272.0,,,,,,,gmt,1227_gmt,subduction_intraslab
C201003030442A,2010-03-03T04:42:27,-73.8,-37.3,35.0,5.1,mwc,13.0,26.0,105.0,176.0,65.0,83.0,69.0,72.0,6.0,179.0,20.0,272.0,,,,,,,us,1227_us,subduction_intraslab
14411377,2010-03-03T04:42:27,-73.715,-37.321,35.0,5.07,mw,13.0,26.0,105.0,176.0,65.0,83.0,43.45519972620815,71.94412353755189,10.075074695311296,171.63582427213464,44.79060124737551,271.79505221232563,4.24,-0.73,-3.51,0.61,-3.19,-0.33,gem,1227_gem,subduction_intraslab
201003030616A,2010-03-03T06:16:00,-72.44,-33.81,23.0,5.2,mw,10.0,22.0,99.0,180.0,68.0,86.0,67.0,84.0,,,23.0,273.0,,,,,,,gmt,1228_gmt,subduction_intraslab
C201003030616A,2010-03-03T06:16:22,-72.04,-33.68,35.0,5.2,mwc,10.0,22.0,99.0,180.0,68.0,86.0,67.0,83.0,4.0,181.0,23.0,272.0,,,,,,,us,1228_us,subduction_intraslab
14349505,2010-03-03T17:44:42,-73.78,-36.87,33.0,6.1,mw,20.0,18.0,111.0,179.0,73.0,83.0,61.0,79.0,6.0,180.0,27.0,274.0,87000000000.0,-10000000000.0,-76000000000.0,9000000000.0,-122000000000.0,-14000000000.000002,neic,1229_neic,subduction_intraslab
14349541,2010-03-03T19:58:29,-71.868,-33.412,38.8,5.6,mw,186.0,71.0,98.0,343.0,21.0,68.0,63.0,109.0,7.0,3.0,25.0,270.0,23900000000.0,-3400000000.0000005,-20500000000.0,-5600000000.000001,-27200000000.000004,2600000000.0,neic,1230_neic,subduction_intraslab
C201003031958A,2010-03-03T19:58:30,-71.87,-33.41,38.8,5.8,mwc,2.0,17.0,94.0,178.0,73.0,89.0,62.0,87.0,1.0,179.0,28.0,269.0,,,,,,,us,1230_us,subduction_intraslab
14351167,2010-03-04T01:59:47,-72.322,-33.217,20.4,6.03,mw,10.0,19.0,97.0,183.0,71.0,88.0,44.88404276042949,88.75400867147283,2.873089427461633,181.6190869469983,44.97200693719255,274.4929834650602,0.83,-0.01,-0.82,-0.04,-1.06,-0.09,gem,1231_gem,subduction_intraslab
C201003040903A,2010-03-04T09:03:41,-74.58,-37.65,35.0,5.0,mwc,217.0,45.0,-56.0,353.0,54.0,-119.0,4.0,104.0,23.0,12.0,66.0,204.0,,,,,,,us,1232_us,subduction_intraslab
C201003041737A,2010-03-04T17:37:48,-72.07,-34.18,35.0,5.4,mwc,14.0,22.0,106.0,177.0,69.0,84.0,66.0,76.0,6.0,179.0,24.0,272.0,,,,,,,us,1233_us,subduction_intraslab
201003050736A,2010-03-05T07:36:00,-73.41,-35.35,36.0,5.1,mw,266.0,50.0,-3.0,358.0,88.0,-140.0,25.0,125.0,,,29.0,230.0,,,,,,,gmt,1237_gmt,subduction_intraslab
C201003050736A,2010-03-05T07:36:42,-73.13,-35.11,20.0,5.1,mwc,266.0,50.0,-3.0,358.0,88.0,-140.0,25.0,125.0,50.0,1.0,29.0,230.0,,,,,,,us,1237_us,subduction_intraslab
14367069,2010-03-05T07:36:43,-73.156,-35.221,36.2,5.09,mw,266.0,50.0,-3.0,358.0,88.0,-140.0,28.09182989913358,124.68714579861285,49.997172703622354,355.1888669298789,25.95063604616136,229.74335615461013,-0.64,-0.39,1.02,-0.43,-3.38,4.1,gem,1237_gem,subduction_intraslab
C201003050736A,2010-03-05T07:36:45,-73.41,-35.35,36.2,5.1,mw,266.0,50.0,-3.0,358.0,88.0,-140.0,25.0,125.0,50.0,1.0,29.0,230.0,-6370000000000000.0,-3870000000000000.0,1.02e+16,-4300000000000000.0,-3.38e+16,4.1e+16,gcmt,1237_gcmtb,subduction_intraslab
C201003050736A,2010-03-05T07:36:45,-73.41,-35.35,36.2,5.1,mw,266.0,50.0,-3.0,358.0,88.0,-140.0,25.0,125.0,50.0,1.0,29.0,230.0,-6370000000000000.0,-3870000000000000.0,1.02e+16,-4300000000000000.0,-3.38e+16,4.1e+16,gcmt,1237_gcmt,subduction_intraslab
14374363,2010-03-05T09:19:51,-73.86,-36.69,39.0,6.1,mw,5.0,17.0,99.0,176.0,73.0,87.0,61.0,82.0,2.0,176.0,28.0,268.0,,,,,,,neic,1238_neic,subduction_intraslab
C201003051031A,2010-03-05T10:31:23,-73.64,-37.56,37.1,5.2,mwc,358.0,28.0,97.0,171.0,62.0,86.0,73.0,72.0,3.0,173.0,17.0,264.0,,,,,,,us,1239_us,subduction_intraslab
C201003061519A,2010-03-06T15:19:07,-73.71,-37.43,35.0,5.2,mwc,28.0,19.0,112.0,185.0,72.0,83.0,62.0,84.0,7.0,187.0,27.0,281.0,,,,,,,us,1241_us,subduction_intraslab
201003070446A,2010-03-07T04:46:00,-72.18,-33.14,29.0,5.1,mw,7.0,26.0,92.0,185.0,64.0,89.0,71.0,93.0,,,19.0,276.0,,,,,,,gmt,1242_gmt,subduction_intraslab
C201003070446A,2010-03-07T04:46:35,-72.18,-33.14,29.1,5.3,mw,7.0,26.0,92.0,185.0,64.0,89.0,71.0,92.0,1.0,185.0,19.0,275.0,4.3e+16,-1390000000000000.0,-4.17e+16,-2080000000000000.0,-3.31e+16,-4210000000000000.0,gcmt,1242_gcmt,subduction_intraslab
C201003070446A,2010-03-07T04:46:35,-72.18,-33.14,29.1,5.3,mw,7.0,26.0,92.0,185.0,64.0,89.0,71.0,92.0,1.0,185.0,19.0,275.0,4.3e+16,-1390000000000000.0,-4.17e+16,-2080000000000000.0,-3.31e+16,-4210000000000000.0,gcmt,1242_gcmtb,subduction_intraslab
201003071836A,2010-03-07T18:36:00,-72.22,-34.65,47.0,5.3,mw,24.0,27.0,114.0,177.0,65.0,78.0,67.0,66.0,,,20.0,276.0,,,,,,,gmt,1244_gmt,subduction_intraslab
C201003071836A,2010-03-07T18:36:04,-72.22,-34.65,47.0,5.5,mw,24.0,27.0,114.0,177.0,65.0,78.0,67.0,64.0,11.0,182.0,19.0,276.0,7.07e+16,1.61e+16,-8.68e+16,8400000000000002.0,-6.58e+16,-1.62e+16,gcmt,1244_gcmt,subduction_intraslab
C201003071836A,2010-03-07T18:36:04,-72.22,-34.65,47.0,5.5,mw,24.0,27.0,114.0,177.0,65.0,78.0,67.0,64.0,11.0,182.0,19.0,276.0,7.07e+16,1.61e+16,-8.68e+16,8400000000000002.0,-6.58e+16,-1.62e+16,gcmt,1244_gcmtb,subduction_intraslab
201003072200A,2010-03-07T22:00:00,-72.18,-34.01,34.0,5.2,mw,26.0,42.0,113.0,176.0,52.0,71.0,74.0,28.0,,,5.0,280.0,,,,,,,gmt,1245_gmt,subduction_intraslab
C201003072200A,2010-03-07T22:00:40,-72.18,-34.01,34.4,5.1,mw,26.0,42.0,113.0,176.0,52.0,71.0,74.0,29.0,15.0,189.0,5.0,280.0,6.21e+16,9780000000000000.0,-7.18e+16,1.23e+16,-1.54e+16,-1.66e+16,gcmt,1245_gcmtb,subduction_intraslab
C201003072200A,2010-03-07T22:00:40,-72.18,-34.01,34.4,5.1,mw,26.0,42.0,113.0,176.0,52.0,71.0,74.0,29.0,15.0,189.0,5.0,280.0,6.21e+16,9780000000000000.0,-7.18e+16,1.23e+16,-1.54e+16,-1.66e+16,gcmt,1245_gcmt,subduction_intraslab
201003072346A,2010-03-07T23:46:00,-73.36,-36.17,29.0,5.1,mw,26.0,21.0,-119.0,237.0,72.0,-80.0,26.0,318.0,,,62.0,163.0,,,,,,,gmt,1246_gmt,subduction_intraslab
C201003072346A,2010-03-07T23:47:00,-73.36,-36.17,29.4,5.4,mw,26.0,21.0,-119.0,237.0,72.0,-80.0,26.0,319.0,10.0,54.0,62.0,162.0,-2.82e+16,1.24e+16,1.58e+16,3.48e+16,1.98e+16,1.76e+16,gcmt,1246_gcmtb,subduction_intraslab
C201003072346A,2010-03-07T23:47:00,-73.36,-36.17,29.4,5.4,mw,26.0,21.0,-119.0,237.0,72.0,-80.0,26.0,319.0,10.0,54.0,62.0,162.0,-2.82e+16,1.24e+16,1.58e+16,3.48e+16,1.98e+16,1.76e+16,gcmt,1246_gcmt,subduction_intraslab
201003092210A,2010-03-09T22:10:00,-72.83,-33.88,20.0,5.1,mw,358.0,22.0,76.0,193.0,69.0,96.0,66.0,113.0,,,23.0,279.0,,,,,,,gmt,1251_gmt,subduction_intraslab
14398343,2010-03-09T22:10:48,-72.514,-33.893,20.3,5.1,mw,193.0,69.0,96.0,358.0,22.0,76.0,44.18439026017688,293.2651970640868,7.512170133351278,195.9015300700201,44.83619313849983,98.36740172457598,3.84,-0.06,-3.78,-1.15,-3.95,-0.36,gem,1251_gem,subduction_intraslab
20100309221041,2010-03-09T22:10:51,-72.83,-33.88,20.3,5.1,mwc,358.0,22.0,76.0,193.0,69.0,96.0,66.0,113.0,5.0,11.0,23.0,279.0,3.84e+16,-550000000000000.0,-3.78e+16,-1.15e+16,-3.95e+16,-3610000000000000.0,us,1251_us,subduction_intraslab
C201003092210A,2010-03-09T22:10:51,-72.83,-33.88,20.3,5.0,mw,358.0,22.0,76.0,193.0,69.0,96.0,66.0,113.0,5.0,11.0,23.0,279.0,3.84e+16,-550000000000000.0,-3.78e+16,-1.15e+16,-3.95e+16,-3610000000000000.0,gcmt,1251_gcmtb,subduction_intraslab
C201003092210A,2010-03-09T22:10:51,-72.83,-33.88,20.3,5.0,mw,358.0,22.0,76.0,193.0,69.0,96.0,66.0,113.0,5.0,11.0,23.0,279.0,3.84e+16,-550000000000000.0,-3.78e+16,-1.15e+16,-3.95e+16,-3610000000000000.0,gcmt,1251_gcmt,subduction_intraslab
201003100241A,2010-03-10T02:41:00,-73.13,-37.07,48.0,5.2,mw,19.0,32.0,107.0,178.0,60.0,80.0,73.0,63.0,,,14.0,277.0,,,,,,,gmt,1252_gmt,subduction_intraslab
C201003100241A,2010-03-10T02:41:52,-73.13,-37.07,48.5,5.4,mw,19.0,32.0,107.0,178.0,60.0,80.0,73.0,62.0,9.0,184.0,14.0,276.0,6.2e+16,4680000000000000.0,-6.67e+16,6870000000000001.0,-3.63e+16,-1.04e+16,gcmt,1252_gcmt,subduction_intraslab
C201003100241A,2010-03-10T02:41:52,-73.13,-37.07,48.5,5.4,mw,19.0,32.0,107.0,178.0,60.0,80.0,73.0,62.0,9.0,184.0,14.0,276.0,6.2e+16,4680000000000000.0,-6.67e+16,6870000000000001.0,-3.63e+16,-1.04e+16,gcmt,1252_gcmtb,subduction_intraslab
C201003100401A,2010-03-10T04:01:48,-73.68,-37.16,36.6,5.1,mwc,15.0,12.0,109.0,176.0,78.0,86.0,57.0,81.0,4.0,177.0,33.0,270.0,,,,,,,us,1253_us,subduction_intraslab
14400662,2010-03-10T12:20:56,-72.443,-33.626,20.0,5.64,mw,47.0,6.0,122.0,195.0,85.0,87.0,44.89328555755228,101.35196667887244,3.225925351125876,194.5709912612406,44.92527661760599,287.7936163455686,0.58,-0.07,-0.51,-0.9,-3.37,-0.36,gem,1255_gem,subduction_intraslab
C201003101220A,2010-03-10T12:20:58,-72.3,-33.56,35.0,5.6,mwc,47.0,6.0,122.0,195.0,85.0,87.0,50.0,102.0,3.0,195.0,40.0,288.0,,,,,,,us,1255_us,subduction_intraslab
201003112234A,2010-03-11T22:34:00,-74.11,-37.85,22.0,5.3,mw,351.0,20.0,82.0,180.0,70.0,93.0,65.0,94.0,,,25.0,267.0,,,,,,,gmt,1261_gmt,subduction_intraslab
C201003112234A,2010-03-11T22:34:05,-74.11,-37.85,22.5,5.3,mw,351.0,20.0,82.0,180.0,70.0,93.0,65.0,95.0,3.0,359.0,25.0,267.0,7.95e+16,-8599999999999998.0,-7.09e+16,-2200000000000000.0,-8.91e+16,5900000000000000.0,gcmt,1261_gcmtb,subduction_intraslab
C201003112234A,2010-03-11T22:34:05,-74.11,-37.85,22.5,5.3,mw,351.0,20.0,82.0,180.0,70.0,93.0,65.0,95.0,3.0,359.0,25.0,267.0,7.95e+16,-8599999999999998.0,-7.09e+16,-2200000000000000.0,-8.91e+16,5900000000000000.0,gcmt,1261_gcmt,subduction_intraslab
C201003121032A,2010-03-12T10:32:35,-73.79,-37.69,35.0,5.1,mwc,348.0,18.0,71.0,188.0,73.0,96.0,62.0,108.0,6.0,6.0,27.0,273.0,,,,,,,us,1262_us,subduction_intraslab
201003130315A,2010-03-13T03:15:00,-74.02,-36.69,31.0,5.3,mw,2.0,23.0,88.0,183.0,67.0,91.0,68.0,96.0,,,22.0,274.0,,,,,,,gmt,1264_gmt,subduction_intraslab
C201003130315A,2010-03-13T03:15:04,-74.02,-36.69,31.4,5.1,mw,2.0,23.0,88.0,183.0,67.0,91.0,68.0,95.0,1.0,3.0,22.0,273.0,8.29e+16,-8000000000000000.0,-7.49e+16,-5400000000000000.0,-7.64e+16,-2800000000000000.0,gcmt,1264_gcmtb,subduction_intraslab
C201003130315A,2010-03-13T03:15:04,-74.02,-36.69,31.4,5.1,mw,2.0,23.0,88.0,183.0,67.0,91.0,68.0,95.0,1.0,3.0,22.0,273.0,8.29e+16,-8000000000000000.0,-7.49e+16,-5400000000000000.0,-7.64e+16,-2800000000000000.0,gcmt,1264_gcmt,subduction_intraslab
201003130319A,2010-03-13T03:19:00,-73.77,-36.77,24.0,5.4,mw,10.0,19.0,102.0,177.0,72.0,86.0,63.0,81.0,,,26.0,271.0,,,,,,,gmt,1265_gmt,subduction_intraslab
C201003130319A,2010-03-13T03:19:07,-73.5,-36.72,30.7,5.4,mwc,10.0,19.0,102.0,177.0,72.0,86.0,63.0,81.0,4.0,178.0,27.0,270.0,,,,,,,us,1265_us,subduction_intraslab
C201003130319A,2010-03-13T03:19:10,-73.77,-36.77,23.7,5.3,mw,10.0,19.0,102.0,177.0,72.0,86.0,63.0,81.0,4.0,178.0,27.0,270.0,1.02e+17,-9100000000000000.0,-9.29e+16,1.16e+16,-1.32e+17,-6500000000000000.0,gcmt,1265_gcmt,subduction_intraslab
C201003130319A,2010-03-13T03:19:10,-73.77,-36.77,23.7,5.3,mw,10.0,19.0,102.0,177.0,72.0,86.0,63.0,81.0,4.0,178.0,27.0,270.0,1.02e+17,-9100000000000000.0,-9.29e+16,1.16e+16,-1.32e+17,-6500000000000000.0,gcmt,1265_gcmtb,subduction_intraslab
C201003131034A,2010-03-13T10:34:43,-73.46,-37.55,35.0,5.8,mwc,7.0,19.0,102.0,175.0,71.0,86.0,64.0,78.0,4.0,176.0,26.0,268.0,,,,,,,us,1267_us,subduction_intraslab
14405731,2010-03-13T10:34:43,-73.465,-37.551,35.0,5.7,mw,8.0,22.0,97.0,180.0,69.0,87.0,66.0,85.0,2.0,181.0,23.0,272.0,28400000000.0,-600000000.0,-27900000000.0,600000000.0,-30300000000.0,-1900000000.0,neic,1267_neic,subduction_intraslab
C201003132020A,2010-03-13T20:20:26,-73.7,-36.83,37.3,5.3,mwc,346.0,12.0,79.0,177.0,79.0,92.0,56.0,90.0,2.0,357.0,34.0,266.0,,,,,,,us,1269_us,subduction_intraslab
C201003142004A,2010-03-14T20:04:51,-74.28,-38.52,31.6,5.4,mwc,228.0,23.0,-60.0,15.0,71.0,-102.0,25.0,115.0,11.0,19.0,63.0,267.0,,,,,,,us,1272_us,subduction_intraslab
C201003160304A,2010-03-16T03:04:40,-73.07,-36.4,42.3,5.9,mwc,19.0,14.0,112.0,177.0,77.0,85.0,58.0,80.0,5.0,178.0,32.0,271.0,,,,,,,us,1275_us,subduction_intraslab
201003171829A,2010-03-17T18:29:00,-73.56,-35.47,20.0,5.1,mw,27.0,24.0,106.0,190.0,67.0,83.0,67.0,87.0,,,22.0,285.0,,,,,,,gmt,1277_gmt,subduction_intraslab
201003180318A,2010-03-18T03:18:00,-72.42,-34.49,31.0,5.1,mw,35.0,21.0,-54.0,177.0,73.0,-103.0,27.0,277.0,,,60.0,69.0,,,,,,,gmt,1279_gmt,subduction_intraslab
C201003180318A,2010-03-18T03:18:24,-72.42,-34.49,30.6,5.1,mw,35.0,21.0,-54.0,177.0,73.0,-103.0,27.0,277.0,12.0,181.0,60.0,69.0,-3.44e+16,6860000000000001.0,2.75e+16,-8330000000000000.0,4.51e+16,1.01e+16,gcmt,1279_gcmtb,subduction_intraslab
C201003180318A,2010-03-18T03:18:24,-72.42,-34.49,30.6,5.1,mw,35.0,21.0,-54.0,177.0,73.0,-103.0,27.0,277.0,12.0,181.0,60.0,69.0,-3.44e+16,6860000000000001.0,2.75e+16,-8330000000000000.0,4.51e+16,1.01e+16,gcmt,1279_gcmt,subduction_intraslab
201003190255A,2010-03-19T02:55:00,-72.65,-33.63,17.0,5.2,mw,13.0,18.0,99.0,184.0,72.0,87.0,63.0,89.0,,,27.0,276.0,,,,,,,gmt,1282_gmt,subduction_intraslab
C201003190255A,2010-03-19T02:55:53,-72.17,-33.53,26.9,5.2,mwc,13.0,18.0,99.0,184.0,72.0,87.0,63.0,89.0,3.0,184.0,27.0,276.0,,,,,,,us,1282_us,subduction_intraslab
14554135,2010-03-19T08:54:48,-73.142,-35.564,25.0,5.47,mw,27.0,10.0,118.0,178.0,81.0,85.0,44.72723162169645,82.99485663343705,4.905662415083129,177.87182697417836,44.85376635804095,272.7704392630251,0.59,0.04,-0.62,0.08,-1.84,-0.15,gem,1283_gem,subduction_intraslab
C201003191420A,2010-03-19T14:20:47,-72.11,-33.25,35.0,5.2,mwc,20.0,16.0,110.0,178.0,75.0,84.0,59.0,81.0,5.0,180.0,30.0,273.0,,,,,,,us,1284_us,subduction_intraslab
14554147,2010-03-21T18:31:04,-73.164,-36.344,36.2,5.5,mw,63.0,32.0,118.0,211.0,62.0,74.0,68.0,87.0,14.0,218.0,15.0,312.0,16700000000.0,-8200000000.0,-8500000000.0,-5300000000.0,-11399999999.999998,-14800000000.0,neic,1285_neic,subduction_intraslab
C201003211831A,2010-03-21T18:31:04,-73.16,-36.35,36.3,5.5,mwc,11.0,25.0,113.0,166.0,67.0,79.0,67.0,57.0,10.0,170.0,21.0,264.0,,,,,,,us,1285_us,subduction_intraslab
C201003251110A,2010-03-25T11:10:41,-72.98,-35.86,35.0,5.3,mwc,21.0,14.0,103.0,187.0,76.0,87.0,58.0,93.0,3.0,188.0,31.0,280.0,,,,,,,us,1288_us,subduction_intraslab
14508014,2010-03-26T14:52:07,-71.014,-28.034,43.3,6.11,mw,21.0,54.0,105.0,176.0,38.0,70.0,28.693821288446014,158.01096953738784,32.00557679449033,48.00655886734489,44.345299878297205,280.3532534133051,1.59,0.09,-1.69,0.42,0.43,-0.28,gem,1289_gem,subduction_intraslab
C201003261452A,2010-03-26T14:52:11,-71.31,-28.11,41.4,6.3,mw,176.0,38.0,70.0,21.0,54.0,105.0,75.0,336.0,12.0,192.0,8.0,100.0,1.59e+18,9.4e+16,-1.69e+18,4.2e+17,4.26e+17,-2.8100000000000003e+17,gcmt,1289_gcmt,subduction_intraslab
C201003261452A,2010-03-26T14:52:11,-71.31,-28.11,41.4,6.3,mw,176.0,38.0,70.0,21.0,54.0,105.0,75.0,336.0,12.0,192.0,8.0,100.0,1.59e+18,9.4e+16,-1.69e+18,4.2e+17,4.26e+17,-2.8100000000000003e+17,gcmt,1289_gcmtb,subduction_intraslab
14508014,2010-03-26T14:52:19,-71.16,-27.63,37.0,6.1,mw,193.0,47.0,105.0,351.0,45.0,74.0,78.0,176.0,11.0,2.0,1.0,272.0,183000000000.0,4000000000.0,-187000000000.0,-37000000000.0,-6000000000.0,-7000000000.000001,neic,1289_neic,subduction_intraslab
C201003281436A,2010-03-28T14:36:34,-73.45,-36.14,35.0,5.2,mwc,6.0,16.0,92.0,183.0,74.0,89.0,61.0,92.0,1.0,184.0,29.0,274.0,,,,,,,us,1290_us,subduction_intraslab
C201003282138A,2010-03-28T21:38:28,-73.39,-35.39,29.9,6.0,mwc,28.0,16.0,112.0,185.0,75.0,84.0,59.0,87.0,6.0,186.0,30.0,280.0,,,,,,,us,1291_us,subduction_intraslab
14596759,2010-03-28T21:38:28,-73.385,-35.387,29.9,6.0,mw,20.0,28.0,110.0,177.0,64.0,80.0,69.0,65.0,9.0,182.0,17.0,275.0,70000000000.0,43000000000.0,-112999999999.99998,2000000000.0,-67000000000.0,-17000000000.0,neic,1291_neic,subduction_intraslab
14596759,2010-03-28T21:38:32,-73.141,-35.454,25.0,5.97,mw,28.0,16.0,112.0,185.0,75.0,84.0,44.39949378203737,86.67973413217254,6.808547974829451,183.39395674273496,44.79519110558725,280.202011595845,0.51,0.02,-0.53,-0.06,-0.96,-0.16,gem,1291_gem,subduction_intraslab
201003290735A,2010-03-29T07:35:00,-72.01,-34.92,53.0,5.3,mw,36.0,29.0,127.0,175.0,67.0,71.0,63.0,56.0,,,20.0,279.0,,,,,,,gmt,1293_gmt,subduction_intraslab
C201003290735A,2010-03-29T07:35:10,-72.01,-34.92,53.2,5.8,mw,36.0,29.0,127.0,175.0,67.0,71.0,63.0,54.0,17.0,182.0,20.0,279.0,6.979999999999999e+16,1.62e+16,-8.6e+16,1.49e+16,-6.969999999999999e+16,-2.57e+16,gcmt,1293_gcmt,subduction_intraslab
C201003290735A,2010-03-29T07:35:10,-72.01,-34.92,53.2,5.8,mw,36.0,29.0,127.0,175.0,67.0,71.0,63.0,54.0,17.0,182.0,20.0,279.0,6.979999999999999e+16,1.62e+16,-8.6e+16,1.49e+16,-6.969999999999999e+16,-2.57e+16,gcmt,1293_gcmtb,subduction_intraslab
C201004011943A,2010-04-01T19:43:02,-72.1,-34.2,36.4,5.1,mwc,352.0,16.0,89.0,173.0,74.0,90.0,61.0,83.0,0.0,353.0,29.0,263.0,,,,,,,us,1295_us,subduction_intraslab
14560389,2010-04-02T22:58:09,-72.975,-36.288,38.7,5.98,mw,17.0,15.0,101.0,186.0,75.0,87.0,44.86278308662235,91.52836345925316,3.249379699911955,184.7674129841088,44.953133811178255,278.01670508597954,0.52,0.05,-0.57,-0.09,-0.98,-0.12,gem,1296_gem,subduction_intraslab
14565431,2010-04-10T15:06:34,-70.761,-25.619,55.0,5.49,mw,237.0,25.0,-15.0,341.0,84.0,-114.0,41.00300985909764,91.23023746512598,24.61292832201683,337.7601600795271,39.00174752783174,225.98333471911704,-0.34,-0.61,0.95,0.59,-1.76,0.46,gem,1299_gem,subduction_intraslab
C201004101506A,2010-04-10T15:06:37,-71.1,-25.75,75.2,5.5,mw,237.0,25.0,-15.0,341.0,84.0,-114.0,35.0,91.0,24.0,343.0,46.0,226.0,-3.4200000000000004e+16,-6.11e+16,9.53e+16,5.93e+16,-1.76e+17,4.59e+16,gcmt,1299_gcmt,subduction_intraslab
C201004162241A,2010-04-16T22:41:32,-74.15,-37.57,28.1,5.6,mwc,360.0,15.0,90.0,180.0,75.0,90.0,60.0,90.0,0.0,360.0,30.0,270.0,,,,,,,us,1300_us,subduction_intraslab
C201004162315A,2010-04-16T23:15:27,-74.52,-37.65,17.8,5.7,mwc,31.0,15.0,115.0,185.0,77.0,84.0,58.0,86.0,6.0,186.0,31.0,280.0,,,,,,,us,1301_us,subduction_intraslab
17468298,2010-04-16T23:15:36,-73.862,-37.442,25.0,5.72,mw,31.0,15.0,115.0,185.0,77.0,84.0,44.37316801815348,86.57352692475814,7.048141561310151,183.521121118422,44.76412880158107,280.5646719859957,2.03,-0.01,-2.02,-0.24,-4.13,-0.69,gem,1301_gem,subduction_intraslab
C201004180149A,2010-04-18T01:49:38,-73.75,-37.16,29.9,5.6,mwc,4.0,19.0,93.0,180.0,71.0,89.0,64.0,88.0,1.0,180.0,26.0,271.0,,,,,,,us,1302_us,subduction_intraslab
201004180252A,2010-04-18T02:52:00,-74.22,-37.28,22.0,5.1,mw,348.0,33.0,74.0,187.0,59.0,100.0,74.0,125.0,,,13.0,270.0,,,,,,,gmt,1303_gmt,subduction_intraslab
C201004180252A,2010-04-18T02:52:20,-74.22,-37.28,21.6,5.0,mw,348.0,33.0,74.0,187.0,59.0,100.0,74.0,123.0,8.0,2.0,13.0,270.0,4.7e+16,-3810000000000000.0,-4.32e+16,-8320000000000000.0,-2.22e+16,2210000000000000.0,gcmt,1303_gcmt,subduction_intraslab
C201004180252A,2010-04-18T02:52:20,-74.22,-37.28,21.6,5.0,mw,348.0,33.0,74.0,187.0,59.0,100.0,74.0,123.0,8.0,2.0,13.0,270.0,4.7e+16,-3810000000000000.0,-4.32e+16,-8320000000000000.0,-2.22e+16,2210000000000000.0,gcmt,1303_gcmtb,subduction_intraslab
201004190732A,2010-04-19T07:32:00,-74.24,-37.69,19.0,5.2,mw,353.0,20.0,93.0,170.0,70.0,89.0,65.0,78.0,,,25.0,261.0,,,,,,,gmt,1304_gmt,subduction_intraslab
14592235,2010-04-19T07:32:48,-73.732,-37.513,27.0,5.16,mw,170.0,70.0,89.0,353.0,20.0,93.0,44.978435994987805,258.32754872854207,1.2265815008650318,349.5534881110054,44.99530949750044,80.78014989041117,4.42,-0.05,-4.37,0.96,-5.32,0.65,gem,1304_gem,subduction_intraslab
14606547,2010-04-23T10:03:22,-73.51,-37.51,49.0,6.0,mw,149.0,73.0,86.0,343.0,17.0,104.0,61.0,53.0,3.0,150.0,28.0,242.0,44900000000.0,-4900000000.0,-40000000000.0,37900000000.0,-60800000000.0,19900000000.0,neic,1305_neic,subduction_intraslab
201004290756A,2010-04-29T07:56:00,-74.28,-36.97,19.0,5.1,mw,4.0,27.0,92.0,182.0,63.0,89.0,72.0,89.0,,,18.0,273.0,,,,,,,gmt,1306_gmt,subduction_intraslab
C201004290756A,2010-04-29T07:56:34,-73.61,-36.86,35.0,5.1,mwc,4.0,27.0,92.0,182.0,63.0,89.0,72.0,90.0,1.0,183.0,18.0,273.0,,,,,,,us,1306_us,subduction_intraslab
C201005031839A,2010-05-03T18:39:44,-73.69,-37.23,35.0,5.4,mwc,6.0,16.0,92.0,183.0,74.0,89.0,61.0,92.0,1.0,183.0,29.0,274.0,,,,,,,us,1309_us,subduction_intraslab
201005041355A,2010-05-04T13:55:00,-72.48,-34.17,23.0,5.2,mw,25.0,26.0,107.0,187.0,66.0,82.0,69.0,80.0,,,20.0,282.0,,,,,,,gmt,1311_gmt,subduction_intraslab
C201005051524A,2010-05-05T15:24:10,-72.94,-35.56,30.1,5.4,mwc,19.0,14.0,106.0,182.0,76.0,86.0,58.0,87.0,4.0,183.0,31.0,276.0,,,,,,,us,1313_us,subduction_intraslab
C201005060242A,2010-05-06T02:42:53,-71.25,-18.32,52.6,6.2,mw,357.0,37.0,104.0,160.0,54.0,80.0,78.0,33.0,8.0,166.0,9.0,257.0,2.26e+18,2.85e+17,-2.54e+18,4.58e+17,-6.89e+17,6.28e+17,gcmt,1314_gcmt,subduction_intraslab
201005090329A,2010-05-09T03:29:00,-72.45,-34.13,23.0,5.0,mw,14.0,22.0,112.0,170.0,70.0,81.0,64.0,66.0,,,24.0,267.0,,,,,,,gmt,1315_gmt,subduction_intraslab
C201005090329A,2010-05-09T03:29:38,-72.06,-33.93,32.1,5.0,mwc,14.0,22.0,112.0,170.0,70.0,81.0,64.0,66.0,8.0,173.0,24.0,267.0,,,,,,,us,1315_us,subduction_intraslab
C201005090329A,2010-05-09T03:29:39,-72.45,-34.13,23.2,5.1,mw,14.0,22.0,112.0,170.0,70.0,81.0,64.0,66.0,8.0,173.0,24.0,267.0,2.97e+16,1670000000000000.0,-3.14e+16,8129999999999998.0,-3.37e+16,-1020000000000000.0,gcmt,1315_gcmtb,subduction_intraslab
C201005090329A,2010-05-09T03:29:39,-72.45,-34.13,23.2,5.1,mw,14.0,22.0,112.0,170.0,70.0,81.0,64.0,66.0,8.0,173.0,24.0,267.0,2.97e+16,1670000000000000.0,-3.14e+16,8129999999999998.0,-3.37e+16,-1020000000000000.0,gcmt,1315_gcmt,subduction_intraslab
201005132039A,2010-05-13T20:39:00,-72.51,-34.26,30.0,5.2,mw,11.0,27.0,117.0,161.0,67.0,77.0,66.0,48.0,,,20.0,261.0,,,,,,,gmt,1316_gmt,subduction_intraslab
14711335,2010-05-13T20:39:14,-72.146,-34.267,33.7,5.17,mw,11.0,27.0,117.0,161.0,67.0,77.0,40.62360899904648,47.822152454786135,17.29967290373916,153.3184075841366,44.292732879810046,261.0081826515058,3.68,3.16,-6.83,1.17,-4.53,1.42,gem,1316_gem,subduction_intraslab
C201005132039A,2010-05-13T20:39:15,-72.14,-34.21,39.0,5.2,mwc,11.0,27.0,117.0,161.0,67.0,77.0,66.0,49.0,12.0,167.0,21.0,261.0,,,,,,,us,1316_us,subduction_intraslab
C201005242357A,2010-05-24T23:57:31,-73.6,-36.34,26.9,5.3,mwc,19.0,19.0,111.0,177.0,73.0,83.0,62.0,77.0,6.0,179.0,27.0,272.0,,,,,,,us,1319_us,subduction_intraslab
201005251309A,2010-05-25T13:09:00,-73.49,-37.83,48.0,5.3,mw,348.0,26.0,99.0,158.0,64.0,86.0,70.0,59.0,,,19.0,251.0,,,,,,,gmt,1320_gmt,subduction_intraslab
14723291,2010-05-25T13:09:26,-73.11,-37.651,47.6,5.32,mw,158.0,64.0,86.0,348.0,26.0,99.0,44.473524894555005,239.4045444486156,5.82168545054138,335.1495866210168,44.93695091798261,70.98864902989197,0.88,-0.02,-0.85,0.29,-0.66,0.28,gem,1320_gem,subduction_intraslab
C201005251309A,2010-05-25T13:09:29,-73.49,-37.83,47.6,5.1,mw,348.0,26.0,99.0,158.0,64.0,86.0,70.0,59.0,4.0,160.0,19.0,252.0,8.76e+16,-1900000000000000.0,-8.57e+16,2.94e+16,-6.55e+16,2.8000000000000004e+16,gcmt,1320_gcmt,subduction_intraslab
C201005251309A,2010-05-25T13:09:29,-73.49,-37.83,47.6,5.1,mw,348.0,26.0,99.0,158.0,64.0,86.0,70.0,59.0,4.0,160.0,19.0,252.0,8.76e+16,-1900000000000000.0,-8.57e+16,2.94e+16,-6.55e+16,2.8000000000000004e+16,gcmt,1320_gcmtb,subduction_intraslab
C201006120351A,2010-06-12T03:51:53,-71.35,-28.38,34.3,5.2,mwc,256.0,54.0,143.0,10.0,61.0,43.0,50.0,227.0,40.0,38.0,4.0,132.0,,,,,,,us,1323_us,subduction_intraslab
14767863,2010-06-12T03:51:55,-71.057,-28.361,44.6,5.19,mw,10.0,61.0,43.0,256.0,54.0,143.0,6.985391803796847,46.64184324337202,51.63820417098806,145.54709661895083,37.48780959121256,311.24946292309204,3.84,-1.95,-1.89,-4.23,4.7,-3.71,gem,1323_gem,subduction_intraslab
201006241324A,2010-06-24T13:24:00,-74.16,-37.07,20.0,5.0,mw,12.0,24.0,102.0,178.0,66.0,85.0,68.0,79.0,,,21.0,273.0,,,,,,,gmt,1324_gmt,subduction_intraslab
C201006241324A,2010-06-24T13:24:09,-74.16,-37.07,20.1,5.2,mw,12.0,24.0,102.0,178.0,66.0,85.0,68.0,78.0,5.0,180.0,21.0,272.0,3.19e+16,-3730000000000000.0,-2.82e+16,2980000000000000.0,-2.78e+16,-2550000000000000.0,gcmt,1324_gcmtb,subduction_intraslab
C201006241324A,2010-06-24T13:24:09,-74.16,-37.07,20.1,5.2,mw,12.0,24.0,102.0,178.0,66.0,85.0,68.0,78.0,5.0,180.0,21.0,272.0,3.19e+16,-3730000000000000.0,-2.82e+16,2980000000000000.0,-2.78e+16,-2550000000000000.0,gcmt,1324_gcmt,subduction_intraslab
C201006241324A,2010-06-24T13:24:09,-73.54,-36.88,35.0,5.0,mwc,12.0,24.0,102.0,178.0,66.0,85.0,68.0,78.0,5.0,180.0,21.0,272.0,,,,,,,us,1324_us,subduction_intraslab
C201006270715A,2010-06-27T07:15:51,-73.48,-36.88,35.0,5.0,mwc,6.0,22.0,92.0,184.0,68.0,89.0,67.0,93.0,1.0,184.0,23.0,274.0,,,,,,,us,1326_us,subduction_intraslab
201007030005A,2010-07-03T00:05:00,-72.06,-34.63,56.0,5.1,mw,43.0,39.0,124.0,183.0,58.0,66.0,67.0,45.0,,,10.0,289.0,,,,,,,gmt,1329_gmt,subduction_intraslab
C201007030005A,2010-07-03T00:05:10,-72.06,-34.63,56.2,5.1,mw,43.0,39.0,124.0,183.0,58.0,66.0,67.0,45.0,20.0,196.0,10.0,290.0,4.86e+16,-4760000000000000.0,-4.39e+16,1.31e+16,-2.5e+16,-2.13e+16,gcmt,1329_gcmt,subduction_intraslab
C201007030005A,2010-07-03T00:05:10,-72.06,-34.63,56.2,5.1,mw,43.0,39.0,124.0,183.0,58.0,66.0,67.0,45.0,20.0,196.0,10.0,290.0,4.86e+16,-4760000000000000.0,-4.39e+16,1.31e+16,-2.5e+16,-2.13e+16,gcmt,1329_gcmtb,subduction_intraslab
C201007170607A,2010-07-17T06:07:47,-70.49,-24.85,57.9,5.5,mw,29.0,24.0,130.0,165.0,72.0,74.0,60.0,52.0,15.0,171.0,25.0,268.0,1.19e+17,3.01e+16,-1.5e+17,5.639999999999999e+16,-1.59e+17,-1.78e+16,gcmt,1336_gcmt,subduction_intraslab
15075471,2010-08-03T05:29:17,-70.601,-20.005,36.9,5.08,mw,0.0,30.0,97.0,173.0,60.0,86.0,44.242447266261095,71.27690682183419,6.848346714538565,167.99383101490037,44.94279825166425,264.87780252154016,4.41,0.09,-4.5,0.5,-2.61,0.28,gem,1338_gem,subduction_intraslab
C201008030529A,2010-08-03T05:29:24,-70.94,-19.99,28.5,5.0,mw,0.0,30.0,97.0,173.0,60.0,86.0,74.0,73.0,3.0,175.0,15.0,265.0,4.41e+16,850000000000000.0,-4.5e+16,4970000000000000.0,-2.61e+16,2829999999999999.5,gcmt,1338_gcmt,subduction_intraslab
201008050627A,2010-08-05T06:27:00,-73.76,-37.57,30.0,5.4,mw,355.0,30.0,86.0,180.0,60.0,92.0,75.0,96.0,,,15.0,268.0,,,,,,,gmt,1341_gmt,subduction_intraslab
C201008050627A,2010-08-05T06:27:26,-73.76,-37.57,29.6,5.2,mw,355.0,30.0,86.0,180.0,60.0,92.0,75.0,96.0,2.0,359.0,15.0,268.0,1.54e+17,-1.48e+16,-1.3899999999999998e+17,-3900000000000000.0,-8.65e+16,5800000000000000.0,gcmt,1341_gcmtb,subduction_intraslab
C201008050627A,2010-08-05T06:27:26,-73.76,-37.57,29.6,5.2,mw,355.0,30.0,86.0,180.0,60.0,92.0,75.0,96.0,2.0,359.0,15.0,268.0,1.54e+17,-1.48e+16,-1.3899999999999998e+17,-3900000000000000.0,-8.65e+16,5800000000000000.0,gcmt,1341_gcmt,subduction_intraslab
C201008052035A,2010-08-05T20:35:54,-70.91,-20.09,25.2,5.2,mw,354.0,20.0,94.0,170.0,70.0,88.0,65.0,77.0,2.0,170.0,25.0,261.0,4.15e+16,4480000000000000.0,-4.6e+16,9710000000000000.0,-5.08e+16,7520000000000000.0,gcmt,1342_gcmt,subduction_intraslab
C201009060320A,2010-09-06T03:20:46,-73.42,-37.78,39.3,5.0,mwc,19.0,28.0,114.0,173.0,65.0,78.0,68.0,60.0,11.0,178.0,19.0,271.0,,,,,,,us,1346_us,subduction_intraslab
15163938,2010-09-06T03:20:48,-73.7,-37.331,27.2,4.98,mw,19.0,28.0,114.0,173.0,65.0,78.0,40.6785448881804,58.655101489648416,17.00316214785046,163.89271415495432,44.405560884138914,271.3209400098291,2.21,1.45,-3.66,0.25,-2.33,-0.23,gem,1346_gem,subduction_intraslab
C201009122108A,2010-09-12T21:08:42,-71.79,-29.43,60.0,5.2,mwc,72.0,64.0,179.0,162.0,89.0,26.0,19.0,30.0,64.0,164.0,17.0,294.0,,,,,,,us,1348_us,subduction_intraslab
15182557,2010-09-12T21:08:45,-71.925,-29.422,47.2,5.2,mw,72.0,64.0,179.0,162.0,89.0,26.0,17.5152792042037,30.29004690138737,63.99321816141919,160.5957088997534,18.59530950394029,294.1949096838366,2.73,3.23,-5.97,-0.97,-3.86,-5.42,gem,1348_gem,subduction_intraslab
C201009170652A,2010-09-17T06:52:43,-73.6,-37.51,31.9,5.1,mwc,341.0,16.0,71.0,181.0,75.0,95.0,60.0,99.0,5.0,360.0,29.0,267.0,,,,,,,us,1353_us,subduction_intraslab
15195444,2010-09-20T05:42:56,-72.153,-33.712,31.3,5.09,mw,182.0,69.0,95.0,348.0,22.0,78.0,44.43110684558916,280.5958025343486,6.2665707935686825,184.41586486950092,44.88619483610814,88.13656840474238,3.71,-0.05,-3.66,-0.28,-4.07,0.33,gem,1355_gem,subduction_intraslab
C201009200542A,2010-09-20T05:43:00,-72.36,-33.84,22.4,5.1,mw,348.0,22.0,78.0,182.0,69.0,95.0,66.0,100.0,4.0,360.0,24.0,268.0,3.71e+16,-470000000000000.0,-3.66e+16,-2819999999999999.5,-4.07e+16,3260000000000000.0,gcmt,1355_gcmt,subduction_intraslab
C201009200542A,2010-09-20T05:43:00,-72.36,-33.84,22.4,5.1,mw,348.0,22.0,78.0,182.0,69.0,95.0,66.0,100.0,4.0,360.0,24.0,268.0,3.71e+16,-470000000000000.0,-3.66e+16,-2819999999999999.5,-4.07e+16,3260000000000000.0,gcmt,1355_gcmtb,subduction_intraslab
201009231636A,2010-09-23T16:36:00,-72.13,-35.05,53.0,5.4,mw,19.0,30.0,113.0,173.0,63.0,78.0,70.0,56.0,,,17.0,272.0,,,,,,,gmt,1356_gmt,subduction_intraslab
C201009231636A,2010-09-23T16:36:21,-72.13,-35.05,53.3,5.0,mw,19.0,30.0,113.0,173.0,63.0,78.0,70.0,58.0,11.0,179.0,17.0,273.0,1.05e+17,1.32e+16,-1.18e+17,1.97e+16,-7.69e+16,-1.3e+16,gcmt,1356_gcmtb,subduction_intraslab
C201009231636A,2010-09-23T16:36:21,-72.13,-35.05,53.3,5.0,mw,19.0,30.0,113.0,173.0,63.0,78.0,70.0,58.0,11.0,179.0,17.0,273.0,1.05e+17,1.32e+16,-1.18e+17,1.97e+16,-7.69e+16,-1.3e+16,gcmt,1356_gcmt,subduction_intraslab
201009260529A,2010-09-26T05:29:00,-73.14,-40.58,74.0,5.0,mw,126.0,43.0,103.0,289.0,48.0,78.0,81.0,134.0,,,3.0,27.0,,,,,,,gmt,1357_gmt,subduction_intraslab
C201009260529A,2010-09-26T05:29:53,-73.14,-40.58,73.9,5.1,mw,126.0,43.0,103.0,289.0,48.0,78.0,81.0,134.0,9.0,297.0,3.0,27.0,3.86e+16,-3.8e+16,-600000000000000.0,-5679999999999999.0,-1780000000000000.0,2.61e+16,gcmt,1357_gcmtb,subduction_intraslab
C201009260529A,2010-09-26T05:29:53,-73.14,-40.58,73.9,5.1,mw,126.0,43.0,103.0,289.0,48.0,78.0,81.0,134.0,9.0,297.0,3.0,27.0,3.86e+16,-3.8e+16,-600000000000000.0,-5679999999999999.0,-1780000000000000.0,2.61e+16,gcmt,1357_gcmt,subduction_intraslab
201009291629A,2010-09-29T16:29:00,-71.75,-34.49,57.0,5.0,mw,62.0,42.0,134.0,190.0,61.0,58.0,60.0,51.0,,,11.0,302.0,,,,,,,gmt,1359_gmt,subduction_intraslab
15262013,2010-10-23T01:38:15,-71.164,-29.57,50.6,5.58,mw,9.0,33.0,82.0,199.0,57.0,95.0,43.272629220740725,124.95872379720907,10.245813622791957,25.16096219716661,44.91358181612182,284.77899541609315,2.3,0.52,-2.82,-0.44,-1.1,-0.91,gem,1363_gem,subduction_intraslab
C201010230138A,2010-10-23T01:38:20,-71.39,-29.58,52.8,5.3,mw,9.0,33.0,82.0,199.0,57.0,95.0,77.0,126.0,5.0,16.0,12.0,285.0,2.3e+17,5.22e+16,-2.82e+17,-4.36e+16,-1.1000000000000002e+17,-9.06e+16,gcmt,1363_gcmt,subduction_intraslab
C201010230138A,2010-10-23T01:38:20,-71.39,-29.58,52.8,5.3,mw,9.0,33.0,82.0,199.0,57.0,95.0,77.0,126.0,5.0,16.0,12.0,285.0,2.3e+17,5.22e+16,-2.82e+17,-4.36e+16,-1.1000000000000002e+17,-9.06e+16,gcmt,1363_gcmtb,subduction_intraslab
15262062,2010-10-23T10:56:58,-73.65,-36.805,27.5,5.07,mw,31.0,29.0,110.0,188.0,63.0,79.0,41.10978322560099,75.58185251218174,15.93101275724134,180.00572624002763,44.56164051654992,286.3320780239226,3.89,-0.18,-3.71,-0.06,-2.97,-1.42,gem,1365_gem,subduction_intraslab
C201010231057A,2010-10-23T10:56:59,-73.87,-36.77,28.5,5.4,mw,31.0,29.0,110.0,188.0,63.0,79.0,70.0,76.0,10.0,193.0,18.0,286.0,3.89e+16,-1810000000000000.0,-3.71e+16,-550000000000000.0,-2.97e+16,-1.42e+16,gcmt,1365_gcmt,subduction_intraslab
C201010231057A,2010-10-23T10:56:59,-73.87,-36.77,28.5,5.4,mw,31.0,29.0,110.0,188.0,63.0,79.0,70.0,76.0,10.0,193.0,18.0,286.0,3.89e+16,-1810000000000000.0,-3.71e+16,-550000000000000.0,-2.97e+16,-1.42e+16,gcmt,1365_gcmtb,subduction_intraslab
201010231057A,2010-10-23T10:57:00,-73.87,-36.77,29.0,5.1,mw,31.0,29.0,110.0,188.0,63.0,79.0,70.0,76.0,,,17.0,286.0,,,,,,,gmt,1365_gmt,subduction_intraslab
15271161,2010-10-29T14:11:51,-71.836,-29.421,30.4,5.21,mw,192.0,72.0,116.0,313.0,31.0,36.0,34.18865951159727,315.06674565517443,29.408477204177323,202.5530699111065,41.73470847592348,82.36626324410076,4.29,1.16,-5.44,-2.33,-5.66,2.38,gem,1366_gem,subduction_intraslab
C201010291411A,2010-10-29T14:11:51,-71.74,-29.45,42.4,5.2,mwc,313.0,31.0,36.0,192.0,72.0,116.0,55.0,135.0,25.0,3.0,23.0,262.0,,,,,,,us,1366_us,subduction_intraslab
C201010291411A,2010-10-29T14:11:55,-72.03,-29.62,30.4,5.0,mw,313.0,31.0,36.0,192.0,72.0,116.0,55.0,135.0,25.0,3.0,23.0,262.0,4.29e+16,1.16e+16,-5.44e+16,-2.33e+16,-5.66e+16,2.38e+16,gcmt,1366_gcmtb,subduction_intraslab
C201010291411A,2010-10-29T14:11:55,-72.03,-29.62,30.4,5.0,mw,313.0,31.0,36.0,192.0,72.0,116.0,55.0,135.0,25.0,3.0,23.0,262.0,4.29e+16,1.16e+16,-5.44e+16,-2.33e+16,-5.66e+16,2.38e+16,gcmt,1366_gcmt,subduction_intraslab
201010310710A,2010-10-31T07:10:00,-72.39,-33.82,21.0,5.3,mw,4.0,20.0,94.0,180.0,70.0,89.0,65.0,87.0,,,25.0,271.0,,,,,,,gmt,1367_gmt,subduction_intraslab
15272658,2010-10-31T07:10:39,-72.186,-33.735,26.3,5.27,mw,4.0,20.0,94.0,180.0,70.0,89.0,44.9545494448432,87.31756196549236,1.781690129194465,179.09728742238576,44.99006431597229,270.8792212910027,0.62,0.04,-0.66,0.01,-0.77,-0.02,gem,1367_gem,subduction_intraslab
C201010310710A,2010-10-31T07:10:42,-72.39,-33.82,21.4,5.3,mw,4.0,20.0,94.0,180.0,70.0,89.0,65.0,87.0,1.0,180.0,25.0,271.0,6.24e+16,3700000000000000.0,-6.6e+16,1200000000000000.0,-7.72e+16,-1900000000000000.0,gcmt,1367_gcmt,subduction_intraslab
C201010310710A,2010-10-31T07:10:42,-72.39,-33.82,21.4,5.3,mw,4.0,20.0,94.0,180.0,70.0,89.0,65.0,87.0,1.0,180.0,25.0,271.0,6.24e+16,3700000000000000.0,-6.6e+16,1200000000000000.0,-7.72e+16,-1900000000000000.0,gcmt,1367_gcmtb,subduction_intraslab
pde20101031071040570_29,2010-10-31T07:10:42,-72.39,-33.82,21.4,5.3,mwc,4.0,20.0,94.0,180.0,70.0,89.0,65.0,87.0,1.0,180.0,25.0,271.0,6.24e+16,3700000000000000.0,-6.6e+16,1200000000000000.0,-7.72e+16,-1900000000000000.0,us,1367_us,subduction_intraslab
201011100123A,2010-11-10T01:23:00,-73.55,-36.52,29.0,5.0,mw,359.0,33.0,88.0,181.0,57.0,91.0,78.0,96.0,,,12.0,270.0,,,,,,,gmt,1369_gmt,subduction_intraslab
201011280819A,2010-11-28T08:19:00,-72.29,-34.58,33.0,5.2,mw,40.0,24.0,-70.0,198.0,68.0,-99.0,22.0,295.0,,,66.0,93.0,,,,,,,gmt,1371_gmt,subduction_intraslab
15674988,2010-11-28T08:19:45,-72.043,-34.672,41.9,5.3,mw,12.0,88.0,102.0,112.0,12.0,10.0,46.0,294.0,12.0,192.0,42.0,91.0,-1100000000.0,4800000000.0,-3600000000.0,1000000000.0,10600000000.0,600000000.0,neic,1371_neic,subduction_intraslab
C201011280819A,2010-11-28T08:19:49,-72.29,-34.58,33.0,5.6,mw,40.0,24.0,-70.0,198.0,68.0,-99.0,22.0,294.0,8.0,201.0,66.0,92.0,-4.31e+16,2680000000000000.0,4.04e+16,1.25e+16,4.62e+16,2.61e+16,gcmt,1371_gcmtb,subduction_intraslab
C201011280819A,2010-11-28T08:19:49,-72.29,-34.58,33.0,5.6,mw,40.0,24.0,-70.0,198.0,68.0,-99.0,22.0,294.0,8.0,201.0,66.0,92.0,-4.31e+16,2680000000000000.0,4.04e+16,1.25e+16,4.62e+16,2.61e+16,gcmt,1371_gcmt,subduction_intraslab
201101071405A,2011-01-07T14:05:00,-73.73,-35.72,35.0,5.1,mw,26.0,37.0,90.0,206.0,53.0,90.0,82.0,116.0,,,8.0,296.0,,,,,,,gmt,1378_gmt,subduction_intraslab
C201101071405A,2011-01-07T14:05:40,-73.73,-35.72,34.8,5.2,mw,26.0,37.0,90.0,206.0,53.0,90.0,82.0,118.0,0.0,26.0,8.0,296.0,6.92e+16,-2.43e+16,-4.49e+16,-7960000000000000.0,-1.51e+16,-1.33e+16,gcmt,1378_gcmt,subduction_intraslab
C201101071405A,2011-01-07T14:05:40,-73.73,-35.72,34.8,5.2,mw,26.0,37.0,90.0,206.0,53.0,90.0,82.0,118.0,0.0,26.0,8.0,296.0,6.92e+16,-2.43e+16,-4.49e+16,-7960000000000000.0,-1.51e+16,-1.33e+16,gcmt,1378_gcmtb,subduction_intraslab
pde20110107140537000_37,2011-01-07T14:05:40,-73.73,-35.72,34.8,5.1,mwc,26.0,37.0,90.0,206.0,53.0,90.0,82.0,118.0,0.0,26.0,8.0,296.0,6.92e+16,-2.43e+16,-4.49e+16,-8000000000000000.0,-1.51e+16,-1.33e+16,us,1378_us,subduction_intraslab
201101110105A,2011-01-11T01:05:00,-73.79,-35.7,18.0,5.0,mw,29.0,23.0,95.0,204.0,67.0,88.0,68.0,110.0,,,22.0,295.0,,,,,,,gmt,1380_gmt,subduction_intraslab
pde20110111010528210_30,2011-01-11T01:05:29,-73.79,-35.7,18.4,5.0,mwc,29.0,23.0,95.0,204.0,67.0,88.0,68.0,111.0,2.0,205.0,22.0,296.0,2.78e+16,-6000000000000000.0,-2.18e+16,-1.07e+16,-2.51e+16,-1.08e+16,us,1380_us,subduction_intraslab
201101172329A,2011-01-17T23:29:00,-71.62,-30.51,90.0,5.0,mw,223.0,19.0,-34.0,345.0,79.0,-106.0,33.0,89.0,,,53.0,237.0,,,,,,,gmt,1382_gmt,subduction_intraslab
15933577,2011-01-17T23:29:51,-71.211,-30.322,67.5,5.03,mw,223.0,19.0,-34.0,345.0,79.0,-106.0,43.44671888543145,88.85963986508659,16.707278498226106,342.3423656558795,41.810668471069,236.7692291890039,-1.2,-1.11,2.32,0.89,-3.71,0.47,gem,1382_gem,subduction_intraslab
C201101172329A,2011-01-17T23:29:52,-71.62,-30.51,89.5,5.1,mw,223.0,19.0,-34.0,345.0,79.0,-106.0,32.0,89.0,16.0,348.0,53.0,236.0,-1.2e+16,-1.11e+16,2.32e+16,8930000000000000.0,-3.71e+16,4660000000000000.0,gcmt,1382_gcmtb,subduction_intraslab
pde20110117232949000_65,2011-01-17T23:29:52,-71.62,-30.51,89.5,5.0,mwc,223.0,19.0,-34.0,345.0,79.0,-106.0,32.0,89.0,16.0,348.0,53.0,236.0,-1.2e+16,-1.11e+16,2.32e+16,8900000000000000.0,-3.71e+16,4700000000000000.0,us,1382_us,subduction_intraslab
C201101172329A,2011-01-17T23:29:52,-71.62,-30.51,89.5,5.1,mw,223.0,19.0,-34.0,345.0,79.0,-106.0,32.0,89.0,16.0,348.0,53.0,236.0,-1.2e+16,-1.11e+16,2.32e+16,8930000000000000.0,-3.71e+16,4660000000000000.0,gcmt,1382_gcmt,subduction_intraslab
201101211536A,2011-01-21T15:36:00,-72.48,-34.03,28.0,5.0,mw,347.0,25.0,69.0,190.0,66.0,99.0,67.0,117.0,,,21.0,273.0,,,,,,,gmt,1383_gmt,subduction_intraslab
15954510,2011-01-21T15:36:11,-72.196,-33.998,27.6,4.97,mw,190.0,66.0,99.0,347.0,25.0,69.0,42.79830865202256,296.9955447588631,12.147168020183509,195.4992200056988,44.6625729264746,93.21728945607384,2.54,0.01,-2.55,-0.66,-2.24,0.07,gem,1383_gem,subduction_intraslab
pde20110121153609000_11,2011-01-21T15:36:14,-72.48,-34.03,27.6,5.0,mwc,347.0,25.0,69.0,190.0,66.0,99.0,67.0,118.0,9.0,6.0,21.0,273.0,2.54e+16,100000000000000.0,-2.55e+16,-6600000000000000.0,-2.24e+16,700000000000000.0,us,1383_us,subduction_intraslab
16020158,2011-02-10T02:12:25,-70.295,-27.561,66.6,5.23,mw,244.0,71.0,158.0,341.0,70.0,21.0,1.3224830720402028,22.38734623271517,64.28430566920349,289.6398138898333,25.676638438997973,113.0232763571517,0.27,0.42,-0.69,-0.28,0.1,-0.55,gem,1387_gem,subduction_intraslab
C201102100212A,2011-02-10T02:12:30,-70.62,-27.56,92.9,5.1,mw,341.0,70.0,21.0,244.0,71.0,158.0,29.0,202.0,61.0,24.0,1.0,293.0,2.69e+16,4.23e+16,-6.909999999999999e+16,-2.82e+16,1.03e+16,-5.540000000000001e+16,gcmt,1387_gcmt,subduction_intraslab
C201102100212A,2011-02-10T02:12:30,-70.62,-27.56,92.9,5.1,mw,341.0,70.0,21.0,244.0,71.0,158.0,29.0,202.0,61.0,24.0,1.0,293.0,2.69e+16,4.23e+16,-6.909999999999999e+16,-2.82e+16,1.03e+16,-5.540000000000001e+16,gcmt,1387_gcmtb,subduction_intraslab
16026120,2011-02-14T10:21:25,-73.151,-35.436,24.5,5.21,mw,13.0,18.0,107.0,175.0,73.0,85.0,44.46595227273143,77.03881205152055,6.271431049160502,173.2311582898947,44.850300386336336,269.5074831186194,4.52,-0.25,-4.27,0.81,-6.55,-0.37,gem,1395_gem,subduction_intraslab
201102181701A,2011-02-18T17:01:00,-72.37,-33.99,27.0,5.2,mw,14.0,20.0,105.0,178.0,71.0,85.0,64.0,79.0,,,26.0,272.0,,,,,,,gmt,1398_gmt,subduction_intraslab
C201102181701A,2011-02-18T17:01:03,-72.37,-33.99,27.3,5.2,mw,14.0,20.0,105.0,178.0,71.0,85.0,64.0,79.0,5.0,180.0,26.0,272.0,5.8e+16,2700000000000000.0,-6.07e+16,5400000000000000.0,-7.39e+16,-6000000000000000.0,gcmt,1398_gcmtb,subduction_intraslab
C201102181701A,2011-02-18T17:01:03,-72.37,-33.99,27.3,5.2,mw,14.0,20.0,105.0,178.0,71.0,85.0,64.0,79.0,5.0,180.0,26.0,272.0,5.8e+16,2700000000000000.0,-6.07e+16,5400000000000000.0,-7.39e+16,-6000000000000000.0,gcmt,1398_gcmt,subduction_intraslab
pde20110218170058740_10,2011-02-18T17:01:03,-72.37,-33.99,27.3,5.3,mwc,14.0,20.0,105.0,178.0,71.0,85.0,64.0,79.0,5.0,180.0,26.0,272.0,5.8e+16,2700000000000000.0,-6.07e+16,5400000000000000.0,-7.39e+16,-6000000000000000.0,us,1398_us,subduction_intraslab
pde20110224043648000_33,2011-02-24T04:36:53,-73.82,-36.29,20.5,5.1,mwc,24.0,27.0,139.0,152.0,73.0,69.0,57.0,34.0,20.0,159.0,25.0,258.0,3.06e+16,6300000000000000.0,-3.69e+16,2.67e+16,-3.35e+16,-200000000000000.0,us,1401_us,subduction_intraslab
16160700,2011-02-28T01:29:25,-73.695,-37.36,31.5,5.8,mw,183.0,67.0,115.0,312.0,33.0,45.0,60.0,129.0,23.0,352.0,19.0,254.0,34900000000.0,11000000000.000002,-45800000000.0,-4900000000.0,-36400000000.0,23100000000.0,neic,1402_neic,subduction_intraslab
201103162236A,2011-03-16T22:36:00,-71.89,-32.57,37.0,5.5,mw,15.0,28.0,105.0,179.0,63.0,83.0,71.0,71.0,,,18.0,274.0,,,,,,,gmt,1408_gmt,subduction_intraslab
pde20110316223616000_32,2011-03-16T22:36:20,-71.89,-32.57,36.8,5.5,mwc,15.0,28.0,105.0,179.0,63.0,83.0,71.0,73.0,7.0,182.0,18.0,275.0,1.69e+17,1.3e+16,-1.82e+17,1.3e+16,-1.29e+17,-2.4e+16,us,1408_us,subduction_intraslab
C201103162236A,2011-03-16T22:36:20,-71.89,-32.57,36.8,5.3,mw,15.0,28.0,105.0,179.0,63.0,83.0,71.0,73.0,7.0,182.0,18.0,275.0,1.69e+17,1.33e+16,-1.82e+17,1.28e+16,-1.29e+17,-2.35e+16,gcmt,1408_gcmtb,subduction_intraslab
C201103162236A,2011-03-16T22:36:20,-71.89,-32.57,36.8,5.3,mw,15.0,28.0,105.0,179.0,63.0,83.0,71.0,73.0,7.0,182.0,18.0,275.0,1.69e+17,1.33e+16,-1.82e+17,1.28e+16,-1.29e+17,-2.35e+16,gcmt,1408_gcmt,subduction_intraslab
201103171114A,2011-03-17T11:14:00,-72.0,-32.67,35.0,5.2,mw,6.0,28.0,101.0,174.0,62.0,84.0,72.0,70.0,,,17.0,268.0,,,,,,,gmt,1409_gmt,subduction_intraslab
pde20110317111424000_13,2011-03-17T11:14:27,-72.0,-32.67,35.0,5.2,mwc,6.0,28.0,101.0,174.0,62.0,84.0,72.0,70.0,5.0,176.0,17.0,268.0,6.23e+16,7200000000000000.0,-6.95e+16,8000000000000000.0,-4.5e+16,900000000000000.0,us,1409_us,subduction_intraslab
C201103171114A,2011-03-17T11:14:27,-72.0,-32.67,35.0,5.0,mw,6.0,28.0,101.0,174.0,62.0,84.0,72.0,70.0,5.0,176.0,17.0,268.0,6.23e+16,7199999999999999.0,-6.949999999999999e+16,8000000000000000.0,-4.5e+16,899999999999999.9,gcmt,1409_gcmt,subduction_intraslab
C201103171114A,2011-03-17T11:14:27,-72.0,-32.67,35.0,5.0,mw,6.0,28.0,101.0,174.0,62.0,84.0,72.0,70.0,5.0,176.0,17.0,268.0,6.23e+16,7199999999999999.0,-6.949999999999999e+16,8000000000000000.0,-4.5e+16,899999999999999.9,gcmt,1409_gcmtb,subduction_intraslab
C201103201712A,2011-03-20T17:12:30,-70.61,-24.87,56.3,5.0,mw,10.0,29.0,110.0,167.0,63.0,79.0,70.0,55.0,10.0,172.0,18.0,265.0,4.54e+16,3120000000000000.0,-4.86e+16,1.21e+16,-3.21e+16,1750000000000000.0,gcmt,1411_gcmt,subduction_intraslab
201103280610A,2011-03-28T06:10:00,-72.08,-34.91,51.0,5.2,mw,29.0,32.0,119.0,176.0,62.0,73.0,68.0,53.0,,,16.0,278.0,,,,,,,gmt,1412_gmt,subduction_intraslab
C201103280610A,2011-03-28T06:10:44,-72.08,-34.91,51.1,5.2,mw,29.0,32.0,119.0,176.0,62.0,73.0,68.0,52.0,15.0,184.0,15.0,278.0,5.66e+16,-2110000000000000.0,-5.45e+16,1.42e+16,-3.62e+16,-1.29e+16,gcmt,1412_gcmtb,subduction_intraslab
C201103280610A,2011-03-28T06:10:44,-72.08,-34.91,51.1,5.2,mw,29.0,32.0,119.0,176.0,62.0,73.0,68.0,52.0,15.0,184.0,15.0,278.0,5.66e+16,-2110000000000000.0,-5.45e+16,1.42e+16,-3.62e+16,-1.29e+16,gcmt,1412_gcmt,subduction_intraslab
pde20110328061042370_46,2011-03-28T06:10:44,-72.08,-34.91,51.1,5.2,mwc,29.0,32.0,119.0,176.0,62.0,73.0,68.0,52.0,15.0,184.0,15.0,278.0,5.66e+16,-2100000000000000.0,-5.45e+16,1.42e+16,-3.62e+16,-1.29e+16,us,1412_us,subduction_intraslab
201103282357A,2011-03-28T23:57:00,-72.36,-33.69,33.0,5.0,mw,2.0,33.0,96.0,175.0,57.0,86.0,77.0,72.0,,,12.0,268.0,,,,,,,gmt,1413_gmt,subduction_intraslab
16375928,2011-03-28T23:57:53,-72.036,-33.798,32.8,5.06,mw,2.0,33.0,96.0,175.0,57.0,86.0,43.98458494417442,72.14312698892621,7.83168339110111,169.77197698063378,44.95135054034511,267.6643665233488,4.27,0.12,-4.39,0.32,-1.98,0.14,gem,1413_gem,subduction_intraslab
pde20110328235747500_11,2011-03-28T23:57:53,-72.36,-33.69,32.8,5.1,mwc,2.0,33.0,96.0,175.0,57.0,86.0,77.0,73.0,3.0,177.0,12.0,268.0,4.27e+16,1300000000000000.0,-4.39e+16,3200000000000000.0,-1.98e+16,1400000000000000.0,us,1413_us,subduction_intraslab
201104102024A,2011-04-10T20:24:00,-73.96,-36.17,18.0,5.2,mw,357.0,15.0,83.0,184.0,75.0,92.0,60.0,97.0,,,30.0,273.0,,,,,,,gmt,1416_gmt,subduction_intraslab
C201104102024A,2011-04-10T20:24:26,-73.96,-36.17,18.0,5.0,mw,357.0,15.0,83.0,184.0,75.0,92.0,60.0,97.0,2.0,4.0,30.0,273.0,4.52e+16,600000000000000.0,-4.58e+16,-6100000000000000.0,-7.68e+16,-500000000000000.0,gcmt,1416_gcmt,subduction_intraslab
C201104102024A,2011-04-10T20:24:26,-73.96,-36.17,18.0,5.0,mw,357.0,15.0,83.0,184.0,75.0,92.0,60.0,97.0,2.0,4.0,30.0,273.0,4.52e+16,600000000000000.0,-4.58e+16,-6100000000000000.0,-7.68e+16,-500000000000000.0,gcmt,1416_gcmtb,subduction_intraslab
pde20110410202422000_23,2011-04-10T20:24:26,-73.96,-36.17,18.0,5.2,mwc,357.0,15.0,83.0,184.0,75.0,92.0,60.0,97.0,2.0,4.0,30.0,273.0,4.52e+16,600000000000000.0,-4.58e+16,-6100000000000000.0,-7.68e+16,-500000000000000.0,us,1416_us,subduction_intraslab
201104131514A,2011-04-13T15:14:00,-72.27,-33.78,31.0,5.4,mw,9.0,23.0,100.0,178.0,67.0,86.0,67.0,80.0,,,22.0,271.0,,,,,,,gmt,1418_gmt,subduction_intraslab
16505360,2011-04-13T15:14:42,-72.027,-33.817,31.2,5.43,mw,9.0,23.0,100.0,178.0,67.0,86.0,44.54768952925772,80.39342076894093,5.516461194435944,175.84854420377724,44.922803576184,271.3757924625305,1.15,0.12,-1.27,0.07,-1.18,-0.08,gem,1418_gem,subduction_intraslab
C201104131514A,2011-04-13T15:14:45,-72.27,-33.78,31.2,5.1,mw,9.0,23.0,100.0,178.0,67.0,86.0,68.0,80.0,4.0,180.0,22.0,272.0,1.1499999999999998e+17,1.24e+16,-1.27e+17,7099999999999999.0,-1.18e+17,-8000000000000000.0,gcmt,1418_gcmt,subduction_intraslab
C201104131514A,2011-04-13T15:14:45,-72.27,-33.78,31.2,5.1,mw,9.0,23.0,100.0,178.0,67.0,86.0,68.0,80.0,4.0,180.0,22.0,272.0,1.1499999999999998e+17,1.24e+16,-1.27e+17,7099999999999999.0,-1.18e+17,-8000000000000000.0,gcmt,1418_gcmtb,subduction_intraslab
pde20110413151443030_34,2011-04-13T15:14:45,-72.27,-33.78,31.2,5.4,mwc,9.0,23.0,100.0,178.0,67.0,86.0,68.0,80.0,4.0,180.0,22.0,272.0,1.15e+17,1.2e+16,-1.27e+17,7000000000000000.0,-1.18e+17,-8000000000000000.0,us,1418_us,subduction_intraslab
201104190057A,2011-04-19T00:57:00,-72.48,-33.3,21.0,5.1,mw,355.0,29.0,76.0,191.0,62.0,97.0,72.0,119.0,,,17.0,275.0,,,,,,,gmt,1419_gmt,subduction_intraslab
16445792,2011-04-19T00:57:28,-72.383,-33.44,21.3,5.06,mw,191.0,62.0,97.0,355.0,29.0,76.0,43.126128734482656,297.2920506448148,10.915539170730218,196.88549173592608,44.81802928456127,95.83757788869076,4.06,-0.01,-4.05,-0.81,-2.53,-0.21,gem,1419_gem,subduction_intraslab
C201104190057A,2011-04-19T00:57:30,-72.48,-33.3,20.6,5.0,mw,355.0,29.0,76.0,191.0,62.0,97.0,72.0,119.0,7.0,7.0,16.0,275.0,4.06e+16,-120000000000000.0,-4.05e+16,-8070000000000002.0,-2.53e+16,-2150000000000000.0,gcmt,1419_gcmt,subduction_intraslab
C201104190057A,2011-04-19T00:57:30,-72.48,-33.3,20.6,5.0,mw,355.0,29.0,76.0,191.0,62.0,97.0,72.0,119.0,7.0,7.0,16.0,275.0,4.06e+16,-120000000000000.0,-4.05e+16,-8070000000000002.0,-2.53e+16,-2150000000000000.0,gcmt,1419_gcmtb,subduction_intraslab
pde20110419005727000_45,2011-04-19T00:57:30,-72.48,-33.3,20.6,5.1,mwc,355.0,29.0,76.0,191.0,62.0,97.0,72.0,119.0,7.0,7.0,16.0,275.0,4.06e+16,-100000000000000.0,-4.05e+16,-8100000000000000.0,-2.53e+16,-2200000000000000.0,us,1419_us,subduction_intraslab
201104190550A,2011-04-19T05:50:00,-72.65,-33.97,21.0,5.1,mw,23.0,24.0,108.0,184.0,67.0,82.0,67.0,79.0,,,22.0,279.0,,,,,,,gmt,1420_gmt,subduction_intraslab
C201104190550A,2011-04-19T05:50:49,-72.65,-33.97,21.4,5.0,mw,23.0,24.0,108.0,184.0,67.0,82.0,67.0,79.0,7.0,187.0,22.0,280.0,4.81e+16,-3620000000000000.0,-4.44e+16,1250000000000000.0,-4.58e+16,-1.08e+16,gcmt,1420_gcmtb,subduction_intraslab
C201104190550A,2011-04-19T05:50:49,-72.65,-33.97,21.4,5.0,mw,23.0,24.0,108.0,184.0,67.0,82.0,67.0,79.0,7.0,187.0,22.0,280.0,4.81e+16,-3620000000000000.0,-4.44e+16,1250000000000000.0,-4.58e+16,-1.08e+16,gcmt,1420_gcmt,subduction_intraslab
pde20110419055045370_13,2011-04-19T05:50:49,-72.65,-33.97,21.4,5.1,mwc,23.0,24.0,108.0,184.0,67.0,82.0,67.0,79.0,7.0,187.0,22.0,280.0,4.81e+16,-3600000000000000.0,-4.44e+16,1300000000000000.0,-4.58e+16,-1.08e+16,us,1420_us,subduction_intraslab
201104270457A,2011-04-27T04:57:00,-72.66,-34.01,20.0,5.1,mw,17.0,21.0,103.0,183.0,70.0,85.0,65.0,85.0,,,24.0,277.0,,,,,,,gmt,1422_gmt,subduction_intraslab
16463269,2011-04-27T04:57:32,-72.502,-33.948,24.2,5.1,mw,184.0,67.0,117.0,311.0,35.0,43.0,59.0,131.0,25.0,353.0,18.0,254.0,3140000000.0,90000000.0,-3240000000.0000005,-1150000000.0,-3009999999.9999995,1780000000.0,neic,1422_neic,subduction_intraslab
pde20110427045732000_24,2011-04-27T04:57:37,-72.66,-34.01,20.2,5.1,mwb,17.0,21.0,103.0,183.0,70.0,85.0,65.0,86.0,4.0,185.0,25.0,277.0,4.23e+16,-1000000000000000.0,-4.13e+16,-1100000000000000.0,-4.97e+16,-7600000000000000.0,us,1422_us,subduction_intraslab
C201104270457A,2011-04-27T04:57:37,-72.66,-34.01,20.2,5.1,mw,17.0,21.0,103.0,183.0,70.0,85.0,65.0,86.0,4.0,185.0,25.0,277.0,4.230000000000001e+16,-950000000000000.0,-4.13e+16,-1120000000000000.0,-4.97e+16,-7550000000000000.0,gcmt,1422_gcmtb,subduction_intraslab
C201104270457A,2011-04-27T04:57:37,-72.66,-34.01,20.2,5.1,mw,17.0,21.0,103.0,183.0,70.0,85.0,65.0,86.0,4.0,185.0,25.0,277.0,4.230000000000001e+16,-950000000000000.0,-4.13e+16,-1120000000000000.0,-4.97e+16,-7550000000000000.0,gcmt,1422_gcmt,subduction_intraslab
201105070657A,2011-05-07T06:57:00,-72.82,-33.98,29.0,5.0,mw,17.0,25.0,93.0,194.0,65.0,89.0,70.0,101.0,,,20.0,285.0,,,,,,,gmt,1423_gmt,subduction_intraslab
16498411,2011-05-07T06:57:31,-72.363,-33.937,29.1,4.96,mw,17.0,25.0,93.0,194.0,65.0,89.0,44.94036352493767,100.80875753998248,1.9680940865034384,192.77391697640405,44.99205953188772,284.7426272048108,2.67,-0.28,-2.38,-0.5,-2.18,-0.62,gem,1423_gem,subduction_intraslab
C201105070657A,2011-05-07T06:57:34,-72.82,-33.98,29.1,5.0,mw,17.0,25.0,93.0,194.0,65.0,89.0,70.0,101.0,1.0,194.0,20.0,285.0,2.67e+16,-2850000000000000.0,-2.38e+16,-4980000000000000.0,-2.18e+16,-6220000000000000.0,gcmt,1423_gcmtb,subduction_intraslab
pde20110507065731000_42,2011-05-07T06:57:34,-72.82,-33.98,29.1,5.0,mwc,17.0,25.0,93.0,194.0,65.0,89.0,70.0,101.0,1.0,194.0,20.0,285.0,2.67e+16,-2900000000000000.0,-2.38e+16,-5000000000000000.0,-2.18e+16,-6200000000000000.0,us,1423_us,subduction_intraslab
C201105070657A,2011-05-07T06:57:34,-72.82,-33.98,29.1,5.0,mw,17.0,25.0,93.0,194.0,65.0,89.0,70.0,101.0,1.0,194.0,20.0,285.0,2.67e+16,-2850000000000000.0,-2.38e+16,-4980000000000000.0,-2.18e+16,-6220000000000000.0,gcmt,1423_gcmt,subduction_intraslab
201105191705A,2011-05-19T17:05:00,-71.95,-34.63,53.0,5.2,mw,19.0,32.0,118.0,167.0,62.0,74.0,69.0,44.0,,,16.0,269.0,,,,,,,gmt,1425_gmt,subduction_intraslab
C201105191705A,2011-05-19T17:05:14,-71.95,-34.63,53.2,5.2,mw,19.0,32.0,118.0,167.0,62.0,74.0,68.0,44.0,14.0,175.0,16.0,269.0,5.58e+16,5940000000000000.0,-6.17e+16,1.74e+16,-3.57e+16,-3370000000000000.0,gcmt,1425_gcmt,subduction_intraslab
C201105191705A,2011-05-19T17:05:14,-71.95,-34.63,53.2,5.2,mw,19.0,32.0,118.0,167.0,62.0,74.0,68.0,44.0,14.0,175.0,16.0,269.0,5.58e+16,5940000000000000.0,-6.17e+16,1.74e+16,-3.57e+16,-3370000000000000.0,gcmt,1425_gcmtb,subduction_intraslab
pde20110519170511000_36,2011-05-19T17:05:14,-71.95,-34.63,53.2,5.2,mwc,19.0,32.0,118.0,167.0,62.0,74.0,68.0,44.0,14.0,175.0,16.0,269.0,5.58e+16,5900000000000000.0,-6.17e+16,1.74e+16,-3.57e+16,-3400000000000000.0,us,1425_us,subduction_intraslab
201106011347A,2011-06-01T13:47:00,-74.3,-37.37,27.0,5.4,mw,9.0,23.0,77.0,202.0,68.0,95.0,67.0,123.0,,,22.0,289.0,,,,,,,gmt,1427_gmt,subduction_intraslab
16553283,2011-06-01T13:47:29,-73.73,-37.594,27.0,5.38,mw,9.0,23.0,77.0,202.0,68.0,95.0,44.25994973829677,122.9607508956716,7.078615784636392,26.010326810118443,44.86987922854697,288.9095552230819,1.06,-0.15,-0.9,-0.44,-0.9,-0.21,gem,1427_gem,subduction_intraslab
C201106011347A,2011-06-01T13:47:30,-74.3,-37.37,27.0,5.1,mw,9.0,23.0,77.0,202.0,68.0,95.0,67.0,122.0,5.0,20.0,22.0,288.0,1.06e+17,-1.54e+16,-9.04e+16,-4.42e+16,-9.04e+16,-2.06e+16,gcmt,1427_gcmtb,subduction_intraslab
C201106011347A,2011-06-01T13:47:30,-74.3,-37.37,27.0,5.1,mw,9.0,23.0,77.0,202.0,68.0,95.0,67.0,122.0,5.0,20.0,22.0,288.0,1.06e+17,-1.54e+16,-9.04e+16,-4.42e+16,-9.04e+16,-2.06e+16,gcmt,1427_gcmt,subduction_intraslab
pde20110601134729640_28,2011-06-01T13:47:30,-74.3,-37.37,27.0,5.4,mwc,9.0,23.0,77.0,202.0,68.0,95.0,67.0,122.0,5.0,20.0,22.0,288.0,1.06e+17,-1.5e+16,-9e+16,-4.4e+16,-9e+16,-2.1e+16,us,1427_us,subduction_intraslab
201106051025A,2011-06-05T10:25:00,-72.11,-35.01,50.0,5.3,mw,24.0,31.0,118.0,172.0,63.0,74.0,68.0,51.0,,,17.0,274.0,,,,,,,gmt,1429_gmt,subduction_intraslab
C201106051025A,2011-06-05T10:25:21,-72.11,-35.01,50.1,5.6,mw,24.0,31.0,118.0,172.0,63.0,74.0,68.0,52.0,14.0,180.0,17.0,274.0,9.76e+16,4700000000000000.0,-1.02e+17,2.54e+16,-6.919999999999999e+16,-1.65e+16,gcmt,1429_gcmtb,subduction_intraslab
C201106051025A,2011-06-05T10:25:21,-72.11,-35.01,50.1,5.6,mw,24.0,31.0,118.0,172.0,63.0,74.0,68.0,52.0,14.0,180.0,17.0,274.0,9.76e+16,4700000000000000.0,-1.02e+17,2.54e+16,-6.919999999999999e+16,-1.65e+16,gcmt,1429_gcmt,subduction_intraslab
pde20110605102515000_32,2011-06-05T10:25:21,-72.11,-35.01,50.1,5.3,mwc,24.0,31.0,118.0,172.0,63.0,74.0,68.0,52.0,14.0,180.0,17.0,274.0,9.8e+16,5000000000000000.0,-1.02e+17,2.5e+16,-6.9e+16,-1.7e+16,us,1429_us,subduction_intraslab
201107130201A,2011-07-13T02:01:00,-73.88,-36.33,21.0,5.0,mw,6.0,23.0,93.0,182.0,67.0,89.0,68.0,90.0,,,22.0,274.0,,,,,,,gmt,1435_gmt,subduction_intraslab
pde20110713020153000_32,2011-07-13T02:01:57,-73.88,-36.33,21.0,5.0,mwc,6.0,23.0,93.0,182.0,67.0,89.0,68.0,90.0,1.0,183.0,22.0,273.0,3.27e+16,-2200000000000000.0,-3.05e+16,-900000000000000.0,-3.02e+16,-2100000000000000.0,us,1435_us,subduction_intraslab
C201107232245A,2011-07-23T22:45:25,-70.94,-20.12,28.1,5.1,mw,351.0,27.0,90.0,171.0,63.0,90.0,72.0,81.0,0.0,351.0,18.0,261.0,3.38e+16,1520000000000000.0,-3.53e+16,3960000000000000.0,-2.45e+16,6190000000000000.0,gcmt,1439_gcmt,subduction_intraslab
16884480,2011-07-24T01:54:23,-70.595,-20.134,39.2,5.0,mw,163.0,63.0,90.0,344.0,27.0,90.0,45.000000000000014,253.0,2.385416011097637e-14,343.0,44.99999999999999,73.0,3.25,-0.43,-2.82,0.68,-2.23,0.78,gem,1440_gem,subduction_intraslab
C201107240154A,2011-07-24T01:54:26,-70.95,-20.22,23.4,5.0,mw,344.0,27.0,90.0,163.0,63.0,90.0,72.0,73.0,0.0,163.0,18.0,253.0,3.25e+16,-4280000000000000.0,-2.82e+16,6760000000000000.0,-2.23e+16,7790000000000000.0,gcmt,1440_gcmt,subduction_intraslab
16887034,2011-07-25T11:15:11,-73.728,-37.714,32.8,5.2,mw,180.0,71.0,109.0,314.0,27.0,48.0,60.0,117.0,18.0,354.0,24.0,256.0,5730000000.000001,-460000000.0,-5269999999.999999,-1240000000.0,-6960000000.0,2740000000.0000005,neic,1441_neic,subduction_intraslab
201108280430A,2011-08-28T04:30:00,-72.38,-33.2,20.0,5.3,mw,7.0,23.0,90.0,187.0,67.0,90.0,68.0,97.0,,,22.0,277.0,,,,,,,gmt,1446_gmt,subduction_intraslab
pde20110828043032000_25,2011-08-28T04:30:35,-72.38,-33.2,19.7,5.3,mwc,7.0,23.0,90.0,187.0,67.0,90.0,68.0,97.0,0.0,7.0,22.0,277.0,9.47e+16,-1000000000000000.0,-9.36e+16,-1.2e+16,-9.37e+16,-1.2e+16,us,1446_us,subduction_intraslab
C201108280430A,2011-08-28T04:30:35,-72.38,-33.2,19.7,5.1,mw,7.0,23.0,90.0,187.0,67.0,90.0,68.0,97.0,0.0,7.0,22.0,277.0,9.47e+16,-1000000000000000.0,-9.36e+16,-1.2e+16,-9.37e+16,-1.2e+16,gcmt,1446_gcmt,subduction_intraslab
C201108280430A,2011-08-28T04:30:35,-72.38,-33.2,19.7,5.1,mw,7.0,23.0,90.0,187.0,67.0,90.0,68.0,97.0,0.0,7.0,22.0,277.0,9.47e+16,-1000000000000000.0,-9.36e+16,-1.2e+16,-9.37e+16,-1.2e+16,gcmt,1446_gcmtb,subduction_intraslab
201109071121A,2011-09-07T11:21:00,-72.55,-33.43,19.0,5.2,mw,338.0,24.0,78.0,171.0,66.0,95.0,68.0,91.0,,,21.0,257.0,,,,,,,gmt,1448_gmt,subduction_intraslab
pde20110907112150000_19,2011-09-07T11:21:52,-72.55,-33.43,18.9,5.2,mwc,338.0,24.0,78.0,171.0,66.0,95.0,68.0,91.0,5.0,349.0,21.0,257.0,5.12e+16,-3100000000000000.0,-4.81e+16,4800000000000000.0,-4.64e+16,1.36e+16,us,1448_us,subduction_intraslab
201109100317A,2011-09-10T03:17:00,-72.47,-34.1,29.0,5.0,mw,27.0,25.0,112.0,184.0,67.0,80.0,67.0,75.0,,,21.0,280.0,,,,,,,gmt,1450_gmt,subduction_intraslab
17218166,2011-09-10T03:17:08,-72.293,-34.208,28.6,5.0,mw,27.0,25.0,112.0,184.0,67.0,80.0,42.5186916527682,75.11294501953489,12.997041679165754,177.3314493126818,44.580151726039965,280.47877185323625,2.75,-0.06,-2.69,0.08,-2.72,-0.78,gem,1450_gem,subduction_intraslab
pde20110910031705000_23,2011-09-10T03:17:10,-72.47,-34.1,28.6,5.0,mwc,27.0,25.0,112.0,184.0,67.0,80.0,66.0,76.0,9.0,187.0,22.0,281.0,2.75e+16,-600000000000000.0,-2.69e+16,800000000000000.0,-2.72e+16,-7800000000000000.0,us,1450_us,subduction_intraslab
C201109100317A,2011-09-10T03:17:10,-72.47,-34.1,28.6,5.1,mw,27.0,25.0,112.0,184.0,67.0,80.0,66.0,76.0,9.0,187.0,22.0,281.0,2.75e+16,-640000000000000.0,-2.69e+16,820000000000000.0,-2.72e+16,-7820000000000000.0,gcmt,1450_gcmtb,subduction_intraslab
C201109100317A,2011-09-10T03:17:10,-72.47,-34.1,28.6,5.1,mw,27.0,25.0,112.0,184.0,67.0,80.0,66.0,76.0,9.0,187.0,22.0,281.0,2.75e+16,-640000000000000.0,-2.69e+16,820000000000000.0,-2.72e+16,-7820000000000000.0,gcmt,1450_gcmt,subduction_intraslab
17224590,2011-09-14T07:03:51,-71.797,-32.696,37.0,5.8,mw,26.0,21.0,99.0,196.0,69.0,87.0,65.0,101.0,3.0,197.0,24.0,289.0,35300000000.0,-6899999999.999999,-28500000000.0,-9500000000.0,-37400000000.0,-10100000000.0,neic,1451_neic,subduction_intraslab
17286481,2011-09-28T22:40:14,-74.041,-37.981,25.0,5.49,mw,6.0,15.0,82.0,194.0,75.0,92.0,44.92637588468767,107.28085657163972,2.376131935616167,14.90878616762609,44.9751391694891,282.53267235978115,1.03,0.03,-1.06,-0.44,-1.74,-0.2,gem,1452_gem,subduction_intraslab
17309835,2011-09-29T15:40:52,-74.024,-37.995,25.0,5.25,mw,3.0,22.0,87.0,187.0,68.0,91.0,44.96404941674079,98.42288109117214,1.5597816693344824,6.86447848588773,44.99349861803332,275.304472667666,0.59,0.06,-0.65,-0.08,-0.66,-0.07,gem,1453_gem,subduction_intraslab
C201110301853A,2011-10-30T18:53:50,-71.01,-25.82,34.3,5.8,mw,13.0,26.0,113.0,168.0,66.0,79.0,67.0,58.0,10.0,172.0,20.0,266.0,4.14e+17,5.95e+16,-4.7300000000000006e+17,1.17e+17,-3.75e+17,1700000000000000.0,gcmt,1461_gcmt,subduction_intraslab
C201111011758A,2011-11-01T17:58:36,-69.43,-23.84,108.2,5.0,mw,118.0,38.0,-144.0,358.0,69.0,-58.0,18.0,65.0,30.0,165.0,54.0,309.0,-2.35e+16,-3490000000000000.0,2.7e+16,-1780000000000000.0,-2.58e+16,-2.5e+16,gcmt,1462_gcmt,subduction_intraslab
17505619,2011-11-05T07:13:58,-70.363,-23.45,43.3,5.74,mw,4.0,74.0,70.0,237.0,26.0,140.0,38.78335807770098,68.03222268678815,22.27906023621794,177.25328572260855,42.93101990435883,289.65717246877773,2.78,-0.86,-1.92,-0.56,4.07,-1.64,gem,1464_gem,subduction_intraslab
C201111050713A,2011-11-05T07:14:00,-70.58,-23.44,36.8,5.7,mw,237.0,26.0,140.0,4.0,74.0,70.0,57.0,248.0,19.0,10.0,26.0,110.0,2.78e+17,-8.56e+16,-1.92e+17,-5.550000000000001e+16,4.07e+17,-1.64e+17,gcmt,1464_gcmt,subduction_intraslab
201111081718A,2011-11-08T17:18:00,-72.45,-34.16,29.0,5.3,mw,6.0,22.0,108.0,166.0,69.0,83.0,65.0,65.0,,,24.0,262.0,,,,,,,gmt,1465_gmt,subduction_intraslab
pde20111108171811690_15,2011-11-08T17:18:14,-72.45,-34.16,28.9,5.3,mwc,6.0,22.0,108.0,166.0,69.0,83.0,65.0,65.0,7.0,169.0,24.0,262.0,6.62e+16,8100000000000000.0,-7.43e+16,2.2e+16,-7.65e+16,7100000000000000.0,us,1465_us,subduction_intraslab
C201111081718A,2011-11-08T17:18:14,-72.45,-34.16,28.9,5.2,mw,6.0,22.0,108.0,166.0,69.0,83.0,65.0,65.0,7.0,169.0,24.0,262.0,6.62e+16,8100000000000000.0,-7.43e+16,2.2e+16,-7.65e+16,7099999999999999.0,gcmt,1465_gcmt,subduction_intraslab
C201111081718A,2011-11-08T17:18:14,-72.45,-34.16,28.9,5.2,mw,6.0,22.0,108.0,166.0,69.0,83.0,65.0,65.0,7.0,169.0,24.0,262.0,6.62e+16,8100000000000000.0,-7.43e+16,2.2e+16,-7.65e+16,7099999999999999.0,gcmt,1465_gcmtb,subduction_intraslab
201111110808A,2011-11-11T08:08:00,-73.31,-38.24,41.0,5.2,mw,346.0,20.0,76.0,181.0,71.0,95.0,64.0,99.0,,,25.0,267.0,,,,,,,gmt,1466_gmt,subduction_intraslab
C201111110808A,2011-11-11T08:08:50,-73.31,-38.24,41.3,5.1,mw,346.0,20.0,76.0,181.0,71.0,95.0,64.0,99.0,5.0,359.0,26.0,267.0,5.31e+16,-2670000000000000.0,-5.05e+16,-3800000000000000.0,-6.57e+16,6050000000000000.0,gcmt,1466_gcmtb,subduction_intraslab
pde20111111080847000_33,2011-11-11T08:08:50,-73.31,-38.24,41.3,5.2,mwc,346.0,20.0,76.0,181.0,71.0,95.0,64.0,99.0,5.0,359.0,26.0,267.0,5.31e+16,-2700000000000000.0,-5.05e+16,-3800000000000000.0,-6.57e+16,6100000000000000.0,us,1466_us,subduction_intraslab
C201111110808A,2011-11-11T08:08:50,-73.31,-38.24,41.3,5.1,mw,346.0,20.0,76.0,181.0,71.0,95.0,64.0,99.0,5.0,359.0,26.0,267.0,5.31e+16,-2670000000000000.0,-5.05e+16,-3800000000000000.0,-6.57e+16,6050000000000000.0,gcmt,1466_gcmt,subduction_intraslab
201111220741A,2011-11-22T07:41:00,-71.98,-34.8,53.0,5.1,mw,43.0,31.0,129.0,179.0,66.0,69.0,63.0,57.0,,,19.0,285.0,,,,,,,gmt,1467_gmt,subduction_intraslab
C201111220741A,2011-11-22T07:41:36,-71.98,-34.8,52.6,5.3,mw,43.0,31.0,129.0,179.0,66.0,69.0,63.0,55.0,19.0,188.0,18.0,285.0,3.91e+16,5620000000000001.0,-4.47e+16,6380000000000000.0,-3.68e+16,-2e+16,gcmt,1467_gcmt,subduction_intraslab
C201111220741A,2011-11-22T07:41:36,-71.98,-34.8,52.6,5.3,mw,43.0,31.0,129.0,179.0,66.0,69.0,63.0,55.0,19.0,188.0,18.0,285.0,3.91e+16,5620000000000001.0,-4.47e+16,6380000000000000.0,-3.68e+16,-2e+16,gcmt,1467_gcmtb,subduction_intraslab
pde20111122074132000_41,2011-11-22T07:41:36,-71.98,-34.8,52.6,5.1,mwc,43.0,31.0,129.0,179.0,66.0,69.0,63.0,55.0,19.0,188.0,18.0,285.0,3.91e+16,5600000000000000.0,-4.47e+16,6400000000000000.0,-3.68e+16,-2e+16,us,1467_us,subduction_intraslab
C201112072223A,2011-12-07T22:23:14,-71.55,-28.03,22.8,6.1,mw,17.0,25.0,109.0,176.0,67.0,81.0,67.0,70.0,8.0,179.0,21.0,272.0,1.12e+18,1.16e+17,-1.24e+18,1.61e+17,-1.09e+18,-1.29e+17,gcmt,1471_gcmt,subduction_intraslab
C201112072223A,2011-12-07T22:23:14,-71.55,-28.03,22.8,6.1,mw,17.0,25.0,109.0,176.0,67.0,81.0,67.0,70.0,8.0,179.0,21.0,272.0,1.12e+18,1.16e+17,-1.24e+18,1.61e+17,-1.09e+18,-1.29e+17,gcmt,1471_gcmtb,subduction_intraslab
201201092130A,2012-01-09T21:30:00,-71.93,-32.7,35.0,5.2,mw,11.0,23.0,100.0,180.0,68.0,86.0,67.0,82.0,,,22.0,273.0,,,,,,,gmt,1477_gmt,subduction_intraslab
600144299,2012-01-09T21:30:52,-71.731,-32.717,35.5,5.23,mw,11.0,23.0,100.0,180.0,68.0,86.0,44.54768952925772,82.39342076894098,5.516461194435946,177.84854420377724,44.922803576184,273.3757924625305,0.58,0.06,-0.63,0.01,-0.61,-0.06,gem,1477_gem,subduction_intraslab
C201201092130A,2012-01-09T21:30:54,-71.93,-32.7,35.5,5.2,mw,11.0,23.0,100.0,180.0,68.0,86.0,67.0,83.0,4.0,182.0,23.0,273.0,5.779999999999999e+16,5900000000000000.0,-6.37e+16,1300000000000000.0,-6.14e+16,-6400000000000000.0,gcmt,1477_gcmt,subduction_intraslab
C201201092130A,2012-01-09T21:30:54,-71.93,-32.7,35.5,5.2,mw,11.0,23.0,100.0,180.0,68.0,86.0,67.0,83.0,4.0,182.0,23.0,273.0,5.779999999999999e+16,5900000000000000.0,-6.37e+16,1300000000000000.0,-6.14e+16,-6400000000000000.0,gcmt,1477_gcmtb,subduction_intraslab
201201172321A,2012-01-17T23:21:00,-71.95,-31.76,34.0,5.7,mw,355.0,29.0,87.0,178.0,61.0,91.0,74.0,93.0,,,16.0,267.0,,,,,,,gmt,1478_gmt,subduction_intraslab
603838824,2012-01-17T23:21:34,-71.737,-31.672,35.0,5.68,mw,178.0,61.0,91.0,355.0,29.0,87.0,44.95610987538856,270.56302476129974,1.6499782016348767,178.91488963880738,44.99638790738808,87.26443501830158,3.35,0.05,-3.41,0.03,-2.17,0.2,gem,1478_gem,subduction_intraslab
C201201172321A,2012-01-17T23:21:38,-71.95,-31.76,33.9,5.6,mw,355.0,29.0,87.0,178.0,61.0,91.0,74.0,91.0,1.0,357.0,16.0,267.0,3.35e+17,5400000000000000.0,-3.41e+17,3000000000000000.0,-2.17e+17,2.05e+16,gcmt,1478_gcmtb,subduction_intraslab
C201201172321A,2012-01-17T23:21:38,-71.95,-31.76,33.9,5.6,mw,355.0,29.0,87.0,178.0,61.0,91.0,74.0,91.0,1.0,357.0,16.0,267.0,3.35e+17,5400000000000000.0,-3.41e+17,3000000000000000.0,-2.17e+17,2.05e+16,gcmt,1478_gcmt,subduction_intraslab
201201172323A,2012-01-17T23:23:00,-71.96,-31.86,39.0,5.6,mw,7.0,40.0,91.0,185.0,50.0,89.0,85.0,89.0,,,5.0,276.0,,,,,,,gmt,1478_gmtb,subduction_intraslab
600296032,2012-01-17T23:23:22,-71.951,-31.686,35.0,5.6,mw,7.0,40.0,91.0,185.0,50.0,89.0,44.76500727226635,88.93330992120718,3.6860217333981047,182.596766998673,44.998183427897466,276.2902057499473,3.66,-1.24,-2.42,0.01,-0.52,-0.12,gem,1478_gemb,subduction_intraslab
C201201172323A,2012-01-17T23:23:24,-71.96,-31.86,39.1,5.8,mw,7.0,40.0,91.0,185.0,50.0,89.0,85.0,86.0,1.0,186.0,5.0,276.0,3.66e+17,-1.24e+17,-2.42e+17,1500000000000000.0,-5.17e+16,-1.24e+16,gcmt,1478_gcmtc,subduction_intraslab
C201201172323A,2012-01-17T23:23:24,-71.96,-31.86,39.1,5.8,mw,7.0,40.0,91.0,185.0,50.0,89.0,85.0,86.0,1.0,186.0,5.0,276.0,3.66e+17,-1.24e+17,-2.42e+17,1500000000000000.0,-5.17e+16,-1.24e+16,gcmt,1478_gcmtd,subduction_intraslab
603838887,2012-01-23T16:05:11,-73.43,-36.73,38.0,6.1,mw,13.0,20.0,100.0,183.0,70.0,86.0,65.0,87.0,3.0,184.0,25.0,276.0,141000000000.0,11000000000.0,-152000000000.0,-5000000000.0,-176000000000.0,-22000000000.0,neic,1480_neic,subduction_intraslab
201203031101A,2012-03-03T11:01:00,-71.55,-30.48,66.0,5.2,mw,179.0,23.0,88.0,1.0,67.0,91.0,68.0,273.0,,,22.0,91.0,,,,,,,gmt,1484_gmt,subduction_intraslab
C201203031101A,2012-03-03T11:01:47,-71.55,-30.48,66.0,5.3,mw,179.0,23.0,88.0,1.0,67.0,91.0,68.0,273.0,1.0,181.0,22.0,91.0,6.5e+16,2600000000000000.0,-6.760000000000001e+16,1900000000000000.0,6.36e+16,-200000000000000.0,gcmt,1484_gcmtb,subduction_intraslab
pde20120303110147250_49,2012-03-03T11:01:47,-71.58,-30.48,60.0,5.3,mwc,179.0,23.0,91.0,358.0,67.0,90.0,68.0,267.0,0.0,358.0,22.0,88.0,7.52e+16,1400000000000000.0,-7.67e+16,-2700000000000000.0,7.51e+16,2000000000000000.0,us,1484_us,subduction_intraslab
C201203031101A,2012-03-03T11:01:47,-71.55,-30.48,66.0,5.3,mw,179.0,23.0,88.0,1.0,67.0,91.0,68.0,273.0,1.0,181.0,22.0,91.0,6.5e+16,2600000000000000.0,-6.760000000000001e+16,1900000000000000.0,6.36e+16,-200000000000000.0,gcmt,1484_gcmt,subduction_intraslab
201203032212A,2012-03-03T22:12:00,-73.17,-35.77,31.0,5.1,mw,45.0,30.0,101.0,213.0,61.0,84.0,74.0,106.0,,,15.0,307.0,,,,,,,gmt,1485_gmt,subduction_intraslab
C201203032212A,2012-03-03T22:13:00,-73.17,-35.77,31.2,5.0,mw,45.0,30.0,101.0,213.0,61.0,84.0,74.0,107.0,5.0,216.0,15.0,307.0,5.14e+16,-1.85e+16,-3.28e+16,-1.56e+16,-2.91e+16,-3.1e+16,gcmt,1485_gcmt,subduction_intraslab
C201203032212A,2012-03-03T22:13:00,-73.17,-35.77,31.2,5.0,mw,45.0,30.0,101.0,213.0,61.0,84.0,74.0,107.0,5.0,216.0,15.0,307.0,5.14e+16,-1.85e+16,-3.28e+16,-1.56e+16,-2.91e+16,-3.1e+16,gcmt,1485_gcmtb,subduction_intraslab
600760739,2012-03-04T16:27:21,-70.03,-21.564,47.0,5.1,mw,17.0,36.0,119.0,163.0,59.0,71.0,30.565071526711865,30.879808683315105,30.89033198333216,141.57014113353455,43.7296197646734,266.4809261275935,4.41,0.76,-5.17,1.44,-2.0,0.05,gem,1486_gem,subduction_intraslab
C201203041627A,2012-03-04T16:27:26,-70.39,-21.45,44.8,5.3,mw,17.0,36.0,119.0,163.0,59.0,71.0,70.0,31.0,16.0,173.0,12.0,267.0,4.41e+16,7570000000000000.0,-5.17e+16,1.44e+16,-2e+16,470000000000000.0,gcmt,1486_gcmt,subduction_intraslab
201203162331A,2012-03-16T23:31:00,-72.27,-33.45,33.0,5.1,mw,1.0,26.0,95.0,176.0,65.0,88.0,71.0,80.0,,,19.0,267.0,,,,,,,gmt,1488_gmt,subduction_intraslab
600791301,2012-03-16T23:31:56,-72.011,-33.543,32.7,5.07,mw,1.0,26.0,95.0,176.0,65.0,88.0,44.80548281934413,80.2026841170208,3.5359715106497185,173.72140474353557,44.97657241878959,267.2612295481316,3.57,0.55,-4.12,0.26,-3.11,0.12,gem,1488_gem,subduction_intraslab
201203240728A,2012-03-24T07:28:00,-71.21,-33.04,91.0,5.1,mw,68.0,64.0,2.0,337.0,88.0,154.0,19.0,289.0,,,17.0,26.0,,,,,,,gmt,1489_gmt,subduction_intraslab
600819451,2012-03-24T07:28:33,-71.06,-33.045,68.1,5.13,mw,68.0,64.0,2.0,337.0,88.0,154.0,16.96790425185473,289.4777642231628,63.97287303652947,160.807751160399,19.128028515995148,25.55239860220604,0.45,-4.12,3.67,-1.06,2.41,3.87,gem,1489_gem,subduction_intraslab
C201203240728A,2012-03-24T07:28:37,-71.21,-33.04,91.2,5.2,mw,68.0,64.0,2.0,337.0,88.0,154.0,19.0,289.0,64.0,152.0,16.0,25.0,4510000000000000.0,-4.12e+16,3.67e+16,-1.06e+16,2.41e+16,3.87e+16,gcmt,1489_gcmtb,subduction_intraslab
C201203240728A,2012-03-24T07:28:37,-71.21,-33.04,91.2,5.2,mw,68.0,64.0,2.0,337.0,88.0,154.0,19.0,289.0,64.0,152.0,16.0,25.0,4510000000000000.0,-4.12e+16,3.67e+16,-1.06e+16,2.41e+16,3.87e+16,gcmt,1489_gcmt,subduction_intraslab
C201204010731A,2012-04-01T07:31:40,-69.51,-23.31,110.9,5.2,mw,260.0,48.0,-18.0,2.0,77.0,-137.0,18.0,125.0,45.0,15.0,39.0,230.0,-1.1200000000000002e+16,2580000000000000.0,8570000000000000.0,9740000000000000.0,-2.63e+16,2.87e+16,gcmt,1491_gcmt,subduction_intraslab
C201204170350A,2012-04-17T03:50:24,-71.69,-32.77,39.6,6.7,mw,2.0,24.0,95.0,176.0,66.0,88.0,68.0,81.0,2.0,177.0,21.0,267.0,9.7e+18,2.2e+17,-9.93e+18,9.1e+17,-9.08e+18,2.7e+17,gcmt,1495_gcmtb,subduction_intraslab
C201204170350A,2012-04-17T03:50:24,-71.69,-32.77,39.6,6.7,mw,2.0,24.0,95.0,176.0,66.0,88.0,68.0,81.0,2.0,177.0,21.0,267.0,9.7e+18,2.2e+17,-9.93e+18,9.1e+17,-9.08e+18,2.7e+17,gcmt,1495_gcmt,subduction_intraslab
600983887,2012-04-17T03:50:39,-71.54,-33.3,43.0,6.7,mw,4.0,24.0,103.0,170.0,67.0,85.0,68.0,70.0,5.0,172.0,22.0,264.0,1180000000000.0,-80000000000.0,-1100000000000.0,260000000000.0,-1060000000000.0,50000000000.0,neic,1495_neic,subduction_intraslab
C201204300739A,2012-04-30T07:39:49,-71.81,-29.88,39.0,5.6,mw,330.0,47.0,35.0,214.0,65.0,131.0,51.0,172.0,37.0,14.0,11.0,276.0,1.87e+17,1.28e+17,-3.15e+17,-1.58e+17,-8.41e+16,-1.6900000000000002e+16,gcmt,1497_gcmtb,subduction_intraslab
C201204300739A,2012-04-30T07:39:49,-71.81,-29.88,39.0,5.6,mw,330.0,47.0,35.0,214.0,65.0,131.0,51.0,172.0,37.0,14.0,11.0,276.0,1.87e+17,1.28e+17,-3.15e+17,-1.58e+17,-8.41e+16,-1.6900000000000002e+16,gcmt,1497_gcmt,subduction_intraslab
601023388,2012-05-19T08:35:11,-70.727,-25.714,35.0,5.88,mw,23.0,44.0,125.0,160.0,55.0,62.0,14.452830066741754,12.5865944077662,43.93144239877413,116.96357768075536,42.49607665546015,268.9276323691422,0.69,0.07,-0.76,0.33,-0.16,-0.03,gem,1499_gem,subduction_intraslab
C201205190835A,2012-05-19T08:35:15,-71.14,-25.84,32.6,5.9,mw,23.0,44.0,125.0,160.0,55.0,62.0,66.0,14.0,23.0,177.0,6.0,270.0,6.88e+17,7.4e+16,-7.61e+17,3.3e+17,-1.61e+17,-3.2e+16,gcmt,1499_gcmt,subduction_intraslab
601221107,2012-07-01T23:39:09,-71.125,-28.549,42.2,5.3,mw,23.0,34.0,123.0,165.0,62.0,70.0,32.6751098704423,37.029980789928,28.97195805914484,147.83016037387915,43.504466095242265,269.53171191756826,0.85,0.1,-0.95,0.32,-0.5,-0.07,gem,1506_gem,subduction_intraslab
C201207012339A,2012-07-01T23:39:11,-71.52,-28.66,40.3,5.4,mw,23.0,34.0,123.0,165.0,62.0,70.0,67.0,37.0,18.0,175.0,15.0,270.0,8.52e+16,1.01e+16,-9.53e+16,3.19e+16,-5.04e+16,-7500000000000000.0,gcmt,1506_gcmt,subduction_intraslab
C201207012339A,2012-07-01T23:39:11,-71.52,-28.66,40.3,5.4,mw,23.0,34.0,123.0,165.0,62.0,70.0,67.0,37.0,18.0,175.0,15.0,270.0,8.52e+16,1.01e+16,-9.53e+16,3.19e+16,-5.04e+16,-7500000000000000.0,gcmt,1506_gcmtb,subduction_intraslab
pde20120701233908770_35,2012-07-01T23:39:12,-71.59,-28.68,46.6,5.4,mwb,27.0,37.0,128.0,163.0,62.0,65.0,64.0,29.0,22.0,175.0,13.0,271.0,8.3e+16,2.1e+16,-1.04e+17,3.5e+16,-4.6e+16,-1e+16,us,1506_us,subduction_intraslab
201207040833A,2012-07-04T08:33:00,-73.31,-38.09,45.0,5.1,mw,344.0,27.0,73.0,183.0,64.0,98.0,70.0,110.0,,,19.0,267.0,,,,,,,gmt,1507_gmt,subduction_intraslab
C201207040833A,2012-07-04T08:33:10,-73.31,-38.09,44.6,5.2,mw,344.0,27.0,73.0,183.0,64.0,98.0,70.0,110.0,8.0,359.0,19.0,266.0,4.519999999999999e+16,-2980000000000000.0,-4.22e+16,-5880000000000000.0,-3.42e+16,5270000000000000.0,gcmt,1507_gcmtb,subduction_intraslab
C201207040833A,2012-07-04T08:33:10,-73.31,-38.09,44.6,5.2,mw,344.0,27.0,73.0,183.0,64.0,98.0,70.0,110.0,8.0,359.0,19.0,266.0,4.519999999999999e+16,-2980000000000000.0,-4.22e+16,-5880000000000000.0,-3.42e+16,5270000000000000.0,gcmt,1507_gcmt,subduction_intraslab
C201207181824A,2012-07-18T18:24:14,-70.9,-20.79,29.4,5.1,mw,358.0,22.0,96.0,171.0,68.0,88.0,67.0,77.0,2.0,172.0,23.0,263.0,5.9e+16,3200000000000000.0,-6.21e+16,1.09e+16,-6.22e+16,6800000000000000.0,gcmt,1508_gcmt,subduction_intraslab
601521551,2012-08-07T00:39:04,-70.617,-27.847,62.1,5.31,mw,6.0,90.0,52.0,276.0,38.0,180.0,33.86291398096766,64.38099346253546,37.99999999999999,186.0,33.86291398096768,307.61900653746454,0.0,-0.14,0.13,0.1,0.9,-0.7,gem,1511_gem,subduction_intraslab
C201208070039A,2012-08-07T00:39:07,-70.88,-27.96,65.5,5.6,mw,276.0,38.0,180.0,6.0,90.0,52.0,34.0,244.0,38.0,6.0,34.0,128.0,200000000000000.0,-1.3800000000000002e+16,1.35e+16,1.01e+16,8.99e+16,-6.999999999999999e+16,gcmt,1511_gcmt,subduction_intraslab
C201208070039A,2012-08-07T00:39:07,-70.88,-27.96,65.5,5.6,mw,276.0,38.0,180.0,6.0,90.0,52.0,34.0,244.0,38.0,6.0,34.0,128.0,200000000000000.0,-1.3800000000000002e+16,1.35e+16,1.01e+16,8.99e+16,-6.999999999999999e+16,gcmt,1511_gcmtb,subduction_intraslab
C201208270039A,2012-08-27T00:39:59,-69.63,-24.03,93.3,5.0,mw,206.0,57.0,-39.0,320.0,58.0,-140.0,1.0,83.0,41.0,352.0,49.0,173.0,-1.69e+16,-1.34e+16,3.03e+16,9610000000000000.0,750000000000000.0,-5470000000000000.0,gcmt,1512_gcmt,subduction_intraslab
201208300804A,2012-08-30T08:04:00,-74.04,-37.34,26.0,5.2,mw,352.0,17.0,79.0,183.0,73.0,93.0,62.0,98.0,,,28.0,271.0,,,,,,,gmt,1513_gmt,subduction_intraslab
C201208300804A,2012-08-30T08:04:40,-74.04,-37.34,26.2,5.1,mw,352.0,17.0,79.0,183.0,73.0,93.0,62.0,98.0,3.0,2.0,28.0,270.0,3.64e+16,4630000000000000.0,-4.1e+16,-3920000000000000.0,-5.64e+16,1440000000000000.0,gcmt,1513_gcmt,subduction_intraslab
C201208300804A,2012-08-30T08:04:40,-74.04,-37.34,26.2,5.1,mw,352.0,17.0,79.0,183.0,73.0,93.0,62.0,98.0,3.0,2.0,28.0,270.0,3.64e+16,4630000000000000.0,-4.1e+16,-3920000000000000.0,-5.64e+16,1440000000000000.0,gcmt,1513_gcmtb,subduction_intraslab
C201209011038A,2012-09-01T10:38:42,-71.57,-27.46,49.2,5.0,mw,298.0,26.0,10.0,199.0,85.0,116.0,44.0,134.0,25.0,17.0,35.0,267.0,6370000000000000.0,1.84e+16,-2.47e+16,-1.3799999999999998e+16,-4.78e+16,1.42e+16,gcmt,1514_gcmt,subduction_intraslab
C201209011038A,2012-09-01T10:38:42,-71.57,-27.46,49.2,5.0,mw,298.0,26.0,10.0,199.0,85.0,116.0,44.0,134.0,25.0,17.0,35.0,267.0,6370000000000000.0,1.84e+16,-2.47e+16,-1.3799999999999998e+16,-4.78e+16,1.42e+16,gcmt,1514_gcmtb,subduction_intraslab
201210152104A,2012-10-15T21:04:00,-72.29,-31.81,22.0,5.1,mw,348.0,28.0,77.0,183.0,62.0,97.0,71.0,108.0,,,18.0,268.0,,,,,,,gmt,1522_gmt,subduction_intraslab
601835751,2012-10-15T21:04:19,-72.16,-31.823,21.9,5.13,mw,183.0,62.0,97.0,348.0,28.0,77.0,43.126128734482656,289.2920506448148,10.915539170730248,188.8854917359261,44.81802928456128,87.8375778886907,5.12,-0.17,-4.95,-0.54,-3.47,0.43,gem,1522_gem,subduction_intraslab
C201210152104A,2012-10-15T21:04:22,-72.29,-31.81,21.9,5.2,mw,348.0,28.0,77.0,183.0,62.0,97.0,72.0,108.0,6.0,359.0,17.0,267.0,5.12e+16,-1700000000000000.0,-4.95e+16,-5370000000000000.0,-3.47e+16,4350000000000000.0,gcmt,1522_gcmtb,subduction_intraslab
C201210152104A,2012-10-15T21:04:22,-72.29,-31.81,21.9,5.2,mw,348.0,28.0,77.0,183.0,62.0,97.0,72.0,108.0,6.0,359.0,17.0,267.0,5.12e+16,-1700000000000000.0,-4.95e+16,-5370000000000000.0,-3.47e+16,4350000000000000.0,gcmt,1522_gcmt,subduction_intraslab
601901485,2012-11-14T19:02:05,-71.382,-29.172,60.5,6.18,mw,4.0,79.0,-111.0,248.0,23.0,-28.0,42.36967713256185,291.17120615338325,22.0549353474082,179.4831874566562,39.51465067683746,69.96249346490896,-0.82,0.19,0.63,0.06,-2.06,0.86,gem,1529_gem,subduction_intraslab
pde20121114190206120_63,2012-11-14T19:02:06,-71.19,-29.118,63.0,6.1,mww,10.0,80.0,-90.0,190.0,10.0,-90.0,44.99999999999999,280.0,9.541664044390552e-15,10.0,45.00000000000001,100.0,,,,,,,us,1529_us,subduction_intraslab
601901485,2012-11-14T19:02:06,-71.19,-29.118,63.0,6.2,mw,14.0,87.0,-107.0,274.0,17.0,-10.0,40.0,119.0,17.0,15.0,45.0,267.0,-30000000000.0,48000000000.0,-18000000000.0,-43000000000.0,-224000000000.00003,59000000000.0,neic,1529_neic,subduction_intraslab
C201211141902A,2012-11-14T19:02:07,-71.66,-29.32,69.4,6.2,mw,248.0,23.0,-28.0,4.0,79.0,-111.0,31.0,111.0,21.0,8.0,51.0,250.0,-8.23e+17,1.87e+17,6.36e+17,6.1e+16,-2.06e+18,8.56e+17,gcmt,1529_gcmt,subduction_intraslab
C201211141902A,2012-11-14T19:02:07,-71.66,-29.32,69.4,6.2,mw,248.0,23.0,-28.0,4.0,79.0,-111.0,31.0,111.0,21.0,8.0,51.0,250.0,-8.23e+17,1.87e+17,6.36e+17,6.1e+16,-2.06e+18,8.56e+17,gcmt,1529_gcmtb,subduction_intraslab
201211211816A,2012-11-21T18:16:00,-72.4,-33.93,28.0,5.2,mw,19.0,24.0,118.0,169.0,69.0,79.0,64.0,59.0,,,23.0,268.0,,,,,,,gmt,1533_gmt,subduction_intraslab
601993511,2012-11-21T18:16:39,-72.201,-33.992,27.9,5.24,mw,19.0,24.0,118.0,169.0,69.0,79.0,41.95633988314529,59.4229596836787,14.657581616416754,163.0230466582824,44.36922981079849,267.84745020878336,0.59,0.03,-0.62,0.19,-0.64,-0.05,gem,1533_gem,subduction_intraslab
C201211211816A,2012-11-21T18:16:41,-72.4,-33.93,27.9,5.1,mw,19.0,24.0,118.0,169.0,69.0,79.0,64.0,60.0,11.0,173.0,23.0,268.0,5.93e+16,3400000000000000.0,-6.27e+16,1.89e+16,-6.4e+16,-5000000000000000.0,gcmt,1533_gcmt,subduction_intraslab
C201211211816A,2012-11-21T18:16:41,-72.4,-33.93,27.9,5.1,mw,19.0,24.0,118.0,169.0,69.0,79.0,64.0,60.0,11.0,173.0,23.0,268.0,5.93e+16,3400000000000000.0,-6.27e+16,1.89e+16,-6.4e+16,-5000000000000000.0,gcmt,1533_gcmtb,subduction_intraslab
201211212252A,2012-11-21T22:52:00,-72.49,-34.04,33.0,5.1,mw,11.0,32.0,101.0,177.0,58.0,83.0,75.0,69.0,,,13.0,273.0,,,,,,,gmt,1535_gmt,subduction_intraslab
601993548,2012-11-21T22:52:31,-72.095,-34.003,33.3,5.11,mw,11.0,32.0,101.0,177.0,58.0,83.0,42.50879513251649,68.76144048097422,12.404031668545562,170.3918728706493,44.84439358547413,273.0272998391836,5.19,0.07,-5.26,0.5,-2.62,-0.36,gem,1535_gem,subduction_intraslab
C201211212252A,2012-11-21T22:52:31,-72.49,-34.04,33.3,5.2,mw,11.0,32.0,101.0,177.0,58.0,83.0,75.0,67.0,6.0,181.0,13.0,272.0,5.19e+16,670000000000000.0,-5.26e+16,5020000000000000.0,-2.62e+16,-3600000000000000.0,gcmt,1535_gcmt,subduction_intraslab
C201211212252A,2012-11-21T22:52:31,-72.49,-34.04,33.3,5.2,mw,11.0,32.0,101.0,177.0,58.0,83.0,75.0,67.0,6.0,181.0,13.0,272.0,5.19e+16,670000000000000.0,-5.26e+16,5020000000000000.0,-2.62e+16,-3600000000000000.0,gcmt,1535_gcmtb,subduction_intraslab
601995950,2012-12-03T09:31:53,-70.401,-28.678,85.8,5.13,mw,88.0,33.0,-34.0,207.0,72.0,-118.0,41.122384942789736,318.72027737141934,31.683825039758307,196.11404308827025,32.68380417386839,82.78546393622912,-2.98,2.7,0.27,1.8,4.04,3.55,gem,1537_gem,subduction_intraslab
C201212030931A,2012-12-03T09:31:57,-70.58,-28.75,108.6,5.2,mw,88.0,33.0,-34.0,207.0,72.0,-118.0,22.0,319.0,27.0,217.0,54.0,83.0,-2.98e+16,2.7e+16,2790000000000000.5,1.8e+16,4.04e+16,3.55e+16,gcmt,1537_gcmtb,subduction_intraslab
C201212030931A,2012-12-03T09:31:57,-70.58,-28.75,108.6,5.2,mw,88.0,33.0,-34.0,207.0,72.0,-118.0,22.0,319.0,27.0,217.0,54.0,83.0,-2.98e+16,2.7e+16,2790000000000000.5,1.8e+16,4.04e+16,3.55e+16,gcmt,1537_gcmt,subduction_intraslab
602057934,2012-12-24T12:12:38,-71.586,-29.092,41.2,5.22,mw,214.0,57.0,115.0,353.0,41.0,57.0,21.54903131516708,354.7689998260319,39.19965538451833,245.980959014342,43.02962307414377,106.40024299006944,0.67,0.11,-0.78,-0.29,-0.16,-0.24,gem,1538_gem,subduction_intraslab
C201212241212A,2012-12-24T12:12:41,-71.79,-29.01,41.2,5.4,mw,353.0,41.0,57.0,214.0,57.0,115.0,68.0,175.0,21.0,19.0,8.0,286.0,6.730000000000001e+16,1.13e+16,-7.86e+16,-2.91e+16,-1.56e+16,-2.39e+16,gcmt,1538_gcmtb,subduction_intraslab
C201212241212A,2012-12-24T12:12:41,-71.79,-29.01,41.2,5.4,mw,353.0,41.0,57.0,214.0,57.0,115.0,68.0,175.0,21.0,19.0,8.0,286.0,6.730000000000001e+16,1.13e+16,-7.86e+16,-2.91e+16,-1.56e+16,-2.39e+16,gcmt,1538_gcmt,subduction_intraslab
602345425,2013-01-23T02:47:40,-71.63,-31.68,50.8,5.14,mw,176.0,66.0,99.0,336.0,25.0,71.0,42.79830865202256,282.9955447588632,12.147168020183525,181.4992200056988,44.66257292647461,79.21728945607379,4.78,-0.36,-4.42,-0.15,-4.37,1.12,gem,1543_gem,subduction_intraslab
602363406,2013-01-30T20:15:43,-70.853,-28.112,50.0,6.77,mw,31.0,30.0,119.0,178.0,64.0,75.0,37.99023554171689,58.969129621937554,21.79416096081137,167.1664130066806,44.041979431933065,279.91575497898043,1.35,0.07,-1.42,0.23,-1.09,-0.39,gem,1545_gem,subduction_intraslab
C201301302015A,2013-01-30T20:15:50,-71.18,-28.09,45.8,6.8,mw,31.0,30.0,119.0,178.0,64.0,75.0,67.0,59.0,14.0,185.0,18.0,279.0,1.35e+19,6.5e+17,-1.42e+19,2.33e+18,-1.09e+19,-3.94e+18,gcmt,1545_gcmt,subduction_intraslab
C201301302015A,2013-01-30T20:15:50,-71.18,-28.09,45.8,6.8,mw,31.0,30.0,119.0,178.0,64.0,75.0,67.0,59.0,14.0,185.0,18.0,279.0,1.35e+19,6.5e+17,-1.42e+19,2.33e+18,-1.09e+19,-3.94e+18,gcmt,1545_gcmtb,subduction_intraslab
201302101954A,2013-02-10T19:54:00,-72.21,-33.58,31.0,5.4,mw,6.0,24.0,100.0,176.0,66.0,86.0,68.0,77.0,,,21.0,268.0,,,,,,,gmt,1546_gmt,subduction_intraslab
602563743,2013-02-10T19:54:31,-72.013,-33.442,30.9,5.45,mw,6.0,24.0,100.0,176.0,66.0,86.0,44.46701535099755,76.59378314893803,5.9490280073437605,172.4644904878022,44.91748197534472,268.42858114334894,1.43,-0.11,-1.32,0.17,-1.23,-0.03,gem,1546_gem,subduction_intraslab
pde20130210195430000_46,2013-02-10T19:54:32,-72.13,-33.59,29.1,5.4,mwc,358.0,25.0,95.0,173.0,65.0,88.0,70.0,78.0,2.0,174.0,20.0,265.0,1.3e+17,-4000000000000000.0,-1.25e+17,1.6e+16,-1.05e+17,9000000000000000.0,us,1546_us,subduction_intraslab
C201302101954A,2013-02-10T19:54:32,-72.21,-33.58,30.9,5.4,mw,6.0,24.0,100.0,176.0,66.0,86.0,69.0,77.0,4.0,177.0,21.0,269.0,1.43e+17,-1.07e+16,-1.32e+17,1.66e+16,-1.23e+17,-3300000000000000.0,gcmt,1546_gcmtb,subduction_intraslab
C201302101954A,2013-02-10T19:54:32,-72.21,-33.58,30.9,5.4,mw,6.0,24.0,100.0,176.0,66.0,86.0,69.0,77.0,4.0,177.0,21.0,269.0,1.43e+17,-1.07e+16,-1.32e+17,1.66e+16,-1.23e+17,-3300000000000000.0,gcmt,1546_gcmt,subduction_intraslab
602446074,2013-02-18T10:00:11,-72.248,-33.974,26.5,5.44,mw,5.0,18.0,95.0,180.0,72.0,89.0,44.94986096836202,87.2261637690986,1.903944707890396,179.12782815185813,44.98689400942234,271.0319533071271,1.02,0.05,-1.06,0.01,-1.46,-0.05,gem,1547_gem,subduction_intraslab
C201303021142A,2013-03-02T11:42:05,-70.41,-22.9,56.0,5.1,mw,199.0,34.0,-40.0,323.0,69.0,-118.0,19.0,74.0,26.0,334.0,57.0,196.0,-1.78e+16,-1.21e+16,2.9900000000000004e+16,1.2e+16,-1.71e+16,-1.07e+16,gcmt,1551_gcmt,subduction_intraslab
603249158,2013-07-23T21:12:19,-70.886,-20.184,24.9,4.97,mw,172.0,64.0,96.0,337.0,26.0,77.0,43.83067813734024,274.7266809287792,8.699471032027505,176.27990384594295,44.85823677793216,77.52217281785249,2.76,-0.15,-2.62,0.14,-2.21,0.73,gem,1570_gem,subduction_intraslab
C201308050540A,2013-08-05T05:41:02,-71.01,-20.14,22.8,5.2,mw,356.0,27.0,97.0,168.0,63.0,86.0,72.0,70.0,3.0,169.0,18.0,260.0,8.85e+16,1.22e+16,-1.01e+17,1.7000000000000002e+16,-6.850000000000001e+16,1.77e+16,gcmt,1572_gcmt,subduction_intraslab
603336792,2013-08-16T22:17:31,-71.581,-28.707,45.0,5.2,mw,8.0,59.0,106.0,159.0,34.0,65.39,71.0,316.0,14.0,180.0,13.0,87.0,5210000000.0,1250000000.0,-6460000000.0,1050000000.0,2900000000.0,720000000.0,neic,1573_neic,subduction_intraslab
603336792,2013-08-16T22:17:31,-71.186,-28.618,41.3,5.17,mw,16.0,66.0,115.0,148.0,34.0,47.0,31.417335142510773,143.7958908976767,31.48775270610042,31.825329305284527,42.44497581371112,267.7572280491805,4.37,2.53,-6.9,1.42,3.89,0.71,gem,1573_gem,subduction_intraslab
b000j5bj,2013-08-16T22:17:31,-71.581,-28.707,45.0,5.150716535133885,mww,159.0,34.0,65.0,8.0,59.0,106.0,70.0,315.0,13.0,180.0,12.0,86.0,5.21e+16,1.25e+16,-6.46e+16,1.05e+16,2.9e+16,7200000000000000.0,us,1573_us,subduction_intraslab
C201308162217A,2013-08-16T22:17:33,-71.31,-28.69,49.2,5.4,mw,148.0,34.0,47.0,16.0,66.0,115.0,61.0,324.0,22.0,186.0,17.0,89.0,4.37e+16,2.53e+16,-6.9e+16,1.42e+16,3.89e+16,7110000000000000.0,gcmt,1573_gcmtb,subduction_intraslab
C201308162217A,2013-08-16T22:17:33,-71.31,-28.69,49.2,5.4,mw,148.0,34.0,47.0,16.0,66.0,115.0,61.0,324.0,22.0,186.0,17.0,89.0,4.37e+16,2.53e+16,-6.9e+16,1.42e+16,3.89e+16,7110000000000000.0,gcmt,1573_gcmt,subduction_intraslab
201310312303A,2013-10-31T23:03:00,-71.86,-30.46,36.0,6.5,mw,5.0,28.0,98.0,175.0,62.0,85.0,72.0,76.0,,,17.0,269.0,,,,,,,gmt,1588_gmt,subduction_intraslab
C201310312303A,2013-10-31T23:04:07,-71.86,-30.46,35.8,6.6,mw,5.0,28.0,98.0,175.0,62.0,85.0,73.0,74.0,4.0,177.0,17.0,268.0,5.52e+18,2.26e+17,-5.75e+18,5.5400000000000006e+17,-3.75e+18,1.9e+16,gcmt,1588_gcmt,subduction_intraslab
C201310312303A,2013-10-31T23:04:07,-71.86,-30.46,35.8,6.6,mw,5.0,28.0,98.0,175.0,62.0,85.0,73.0,74.0,4.0,177.0,17.0,268.0,5.52e+18,2.26e+17,-5.75e+18,5.5400000000000006e+17,-3.75e+18,1.9e+16,gcmt,1588_gcmtb,subduction_intraslab
201311071701A,2013-11-07T17:01:00,-74.25,-37.6,22.0,5.2,mw,339.0,30.0,69.0,183.0,62.0,102.0,70.0,118.0,,,16.0,264.0,,,,,,,gmt,1589_gmt,subduction_intraslab
C201311071701A,2013-11-07T17:01:09,-74.25,-37.6,22.0,5.0,mw,339.0,30.0,69.0,183.0,62.0,102.0,71.0,120.0,10.0,358.0,16.0,265.0,6.82e+16,-1.3700000000000002e+16,-5.45e+16,-1.4e+16,-4.03e+16,8970000000000000.0,gcmt,1589_gcmtb,subduction_intraslab
C201311071701A,2013-11-07T17:01:09,-74.25,-37.6,22.0,5.0,mw,339.0,30.0,69.0,183.0,62.0,102.0,71.0,120.0,10.0,358.0,16.0,265.0,6.82e+16,-1.3700000000000002e+16,-5.45e+16,-1.4e+16,-4.03e+16,8970000000000000.0,gcmt,1589_gcmt,subduction_intraslab
201311100201A,2013-11-10T02:01:00,-72.23,-33.37,29.0,5.2,mw,18.0,24.0,98.0,189.0,67.0,87.0,69.0,92.0,,,21.0,282.0,,,,,,,gmt,1591_gmt,subduction_intraslab
603780855,2013-11-10T02:01:57,-72.04,-33.502,29.1,5.17,mw,18.0,24.0,98.0,189.0,67.0,87.0,44.65238956419519,92.38379392395166,4.795795972903171,187.13829907274712,44.94711868599847,281.9420873522696,4.89,0.27,-5.16,-0.67,-4.81,-1.36,gem,1591_gem,subduction_intraslab
201311290521A,2013-11-29T05:21:00,-72.44,-33.33,24.0,5.0,mw,16.0,28.0,91.0,195.0,62.0,90.0,73.0,104.0,,,17.0,285.0,,,,,,,gmt,1593_gmt,subduction_intraslab
603821241,2013-11-29T05:21:31,-72.275,-33.37,24.1,4.99,mw,16.0,28.0,91.0,195.0,62.0,90.0,44.98875911367932,103.5822521679633,0.8392585887993663,194.42127150304464,44.99894845173554,285.2605893307564,3.23,-0.23,-3.0,-0.52,-2.03,-0.81,gem,1593_gem,subduction_intraslab
201312070923A,2013-12-07T09:23:00,-72.58,-33.88,20.0,5.0,mw,14.0,17.0,92.0,192.0,73.0,89.0,62.0,101.0,,,28.0,282.0,,,,,,,gmt,1595_gmt,subduction_intraslab
C201312070923A,2013-12-07T09:23:56,-72.58,-33.88,19.9,5.0,mw,14.0,17.0,92.0,192.0,73.0,89.0,62.0,101.0,1.0,192.0,28.0,283.0,2.62e+16,-1800000000000000.0,-2.44e+16,-8120000000000002.0,-3.82e+16,-5590000000000001.0,gcmt,1595_gcmtb,subduction_intraslab
C201312070923A,2013-12-07T09:23:56,-72.58,-33.88,19.9,5.0,mw,14.0,17.0,92.0,192.0,73.0,89.0,62.0,101.0,1.0,192.0,28.0,283.0,2.62e+16,-1800000000000000.0,-2.44e+16,-8120000000000002.0,-3.82e+16,-5590000000000001.0,gcmt,1595_gcmt,subduction_intraslab
603860360,2013-12-17T12:30:00,-70.498,-25.589,64.0,5.48,mw,25.0,51.0,-73.0,178.0,42.0,-110.0,44.23572849086885,283.02930169433114,39.98807055655602,67.78133298866936,18.469927908542537,174.05053179474874,-1.73,-0.52,2.25,-0.35,-0.28,0.63,gem,1597_gem,subduction_intraslab
C201312171230A,2013-12-17T12:30:04,-70.83,-25.64,74.3,5.5,mw,178.0,42.0,-110.0,25.0,51.0,-73.0,5.0,103.0,13.0,194.0,76.0,353.0,-1.73e+17,-5.22e+16,2.25e+17,-3.48e+16,-2.7800000000000004e+16,6.31e+16,gcmt,1597_gcmt,subduction_intraslab
C201401040011A,2014-01-04T00:11:55,-70.98,-20.6,20.3,5.7,mw,352.0,24.0,88.0,174.0,66.0,91.0,69.0,85.0,1.0,353.0,21.0,263.0,3.57e+17,1.98e+16,-3.77e+17,3.3900000000000004e+16,-3.29e+17,5.19e+16,gcmt,1598_gcmt,subduction_intraslab
C201401060359A,2014-01-06T03:59:06,-71.03,-20.75,26.8,5.1,mw,356.0,22.0,93.0,173.0,69.0,89.0,66.0,80.0,1.0,173.0,23.0,264.0,4.55e+16,3630000000000000.0,-4.91e+16,7050000000000000.0,-5.05e+16,5370000000000000.0,gcmt,1599_gcmt,subduction_intraslab
603932277,2014-01-07T03:43:23,-69.703,-20.994,82.7,5.36,mw,9.0,73.0,-92.0,196.0,18.0,-83.0,44.979529960706095,280.6011821631171,2.306539588185447,188.2944210604424,44.92766641387677,95.99183454815515,-0.7,-0.12,0.82,-0.17,-1.11,0.21,gem,1600_gem,subduction_intraslab
C201401070343A,2014-01-07T03:43:27,-69.89,-21.07,103.5,5.3,mw,196.0,18.0,-83.0,9.0,73.0,-92.0,27.0,101.0,2.0,10.0,62.0,276.0,-7.019999999999999e+16,-1.25e+16,8.27e+16,-1.6900000000000002e+16,-1.1100000000000002e+17,2.1e+16,gcmt,1600_gcmt,subduction_intraslab
C201401080422A,2014-01-08T04:22:15,-70.97,-20.72,22.8,5.7,mw,355.0,22.0,92.0,173.0,68.0,89.0,67.0,82.0,1.0,173.0,23.0,264.0,2.66e+17,2.58e+16,-2.92e+17,3.61e+16,-2.89e+17,3.31e+16,gcmt,1602_gcmt,subduction_intraslab
201402170034A,2014-02-17T00:34:00,-72.06,-31.65,30.0,5.0,mw,25.0,30.0,116.0,175.0,63.0,76.0,68.0,57.0,,,17.0,276.0,,,,,,,gmt,1608_gmt,subduction_intraslab
C201402170034A,2014-02-17T00:34:37,-72.06,-31.65,29.6,5.1,mw,25.0,30.0,116.0,175.0,63.0,76.0,68.0,57.0,13.0,182.0,17.0,276.0,3.97e+16,-5970000000000000.0,-3.37e+16,9910000000000000.0,-2.64e+16,-6950000000000000.0,gcmt,1608_gcmtb,subduction_intraslab
C201402170034A,2014-02-17T00:34:37,-72.06,-31.65,29.6,5.1,mw,25.0,30.0,116.0,175.0,63.0,76.0,68.0,57.0,13.0,182.0,17.0,276.0,3.97e+16,-5970000000000000.0,-3.37e+16,9910000000000000.0,-2.64e+16,-6950000000000000.0,gcmt,1608_gcmt,subduction_intraslab
604090622,2014-03-04T10:51:17,-71.984,-33.594,35.0,5.79,mw,15.0,22.0,104.0,180.0,68.0,84.0,44.27813793308044,80.26106982572355,7.046850536646828,177.1842490099814,44.85944902125314,274.25008071350345,4.08,0.12,-4.2,0.19,-4.4,-0.56,gem,1614_gem,subduction_intraslab
201403060437A,2014-03-06T04:37:00,-71.42,-33.31,85.0,5.4,mw,75.0,61.0,11.0,340.0,81.0,150.0,27.0,294.0,,,13.0,30.0,,,,,,,gmt,1615_gmt,subduction_intraslab
604400591,2014-03-06T04:37:05,-71.275,-33.314,59.8,5.4,mw,75.0,61.0,11.0,340.0,81.0,150.0,14.214303098953652,293.5461636248072,60.46054042599777,176.99507041637855,25.31054895208718,30.426352640928656,0.45,-0.99,0.53,-0.21,0.66,1.2,gem,1615_gem,subduction_intraslab
C201403060437A,2014-03-06T04:37:08,-71.42,-33.31,85.4,5.3,mw,75.0,61.0,11.0,340.0,81.0,150.0,27.0,294.0,59.0,144.0,13.0,31.0,4.53e+16,-9.88e+16,5.35e+16,-2.13e+16,6.57e+16,1.2e+17,gcmt,1615_gcmt,subduction_intraslab
C201403060437A,2014-03-06T04:37:08,-71.42,-33.31,85.4,5.3,mw,75.0,61.0,11.0,340.0,81.0,150.0,27.0,294.0,59.0,144.0,13.0,31.0,4.53e+16,-9.88e+16,5.35e+16,-2.13e+16,6.57e+16,1.2e+17,gcmt,1615_gcmtb,subduction_intraslab
C201403181435A,2014-03-18T14:36:02,-71.1,-20.13,21.6,5.0,mw,349.0,31.0,88.0,172.0,59.0,91.0,76.0,86.0,1.0,351.0,14.0,261.0,5.05e+16,420000000000000.0,-5.09e+16,3200000000000000.0,-2.68e+16,8620000000000000.0,gcmt,1623_gcmt,subduction_intraslab
C201403221329A,2014-03-22T13:30:04,-71.2,-19.67,22.8,5.6,mw,349.0,26.0,88.0,170.0,64.0,91.0,71.0,82.0,1.0,350.0,19.0,260.0,2.2400000000000003e+17,-1.47e+16,-2.1e+17,2.6e+16,-1.65e+17,3.78e+16,gcmt,1627_gcmt,subduction_intraslab
C201403222214A,2014-03-22T22:15:02,-71.22,-19.7,27.3,5.0,mw,350.0,27.0,90.0,169.0,63.0,90.0,72.0,79.0,0.0,169.0,18.0,259.0,4.66e+16,300000000000000.0,-4.69e+16,6300000000000000.0,-3.31e+16,9050000000000000.0,gcmt,1628_gcmt,subduction_intraslab
604187251,2014-03-23T20:23:06,-70.792,-19.855,31.6,5.29,mw,5.0,36.0,122.0,147.0,60.0,69.0,29.9504163451954,15.508920338027735,31.794806019886924,126.43633511012575,43.46074553310798,252.41310719451968,0.8,0.15,-0.95,0.37,-0.35,0.33,gem,1630_gem,subduction_intraslab
C201403232023A,2014-03-23T20:23:09,-71.11,-20.01,31.6,5.1,mw,5.0,36.0,122.0,147.0,60.0,69.0,68.0,16.0,18.0,158.0,13.0,252.0,8.04e+16,1.49e+16,-9.53e+16,3.72e+16,-3.52e+16,3.28e+16,gcmt,1630_gcmt,subduction_intraslab
C201403232204A,2014-03-23T22:04:30,-71.12,-19.76,31.1,5.1,mw,322.0,20.0,79.0,154.0,71.0,94.0,64.0,70.0,4.0,333.0,26.0,241.0,3.65e+16,-4800000000000000.0,-3.17e+16,2.22e+16,-4.66e+16,2.47e+16,gcmt,1631_gcmt,subduction_intraslab
604187976,2014-03-24T11:32:17,-70.752,-19.783,33.0,5.35,mw,169.0,64.0,89.0,351.0,26.0,92.0,44.96676741628986,256.82954765880595,1.459603200622129,348.28793158294536,44.99605740038796,79.74780766387778,1.09,-0.09,-1.0,0.17,-0.81,0.16,gem,1633_gem,subduction_intraslab
C201403241132A,2014-03-24T11:32:19,-71.25,-19.84,33.0,5.2,mw,351.0,26.0,92.0,169.0,64.0,89.0,71.0,77.0,1.0,169.0,19.0,260.0,1.09e+17,-8500000000000002.0,-1e+17,1.7000000000000002e+16,-8.12e+16,1.64e+16,gcmt,1633_gcmt,subduction_intraslab
C201403241140A,2014-03-24T11:40:50,-71.12,-19.8,27.4,5.6,mw,353.0,20.0,91.0,171.0,70.0,90.0,65.0,81.0,0.0,172.0,25.0,262.0,2.57e+17,5100000000000000.0,-2.62e+17,4.63e+16,-3.02e+17,3.78e+16,gcmt,1634_gcmt,subduction_intraslab
609849583,2014-03-24T12:32:52,-70.74,-19.799,33.5,5.13,mw,172.0,61.0,88.0,357.0,29.0,94.0,44.824937944457126,256.8878310236697,3.2969681243220736,350.17012988206835,44.98555300070936,83.47090321848964,5.3,-0.26,-5.04,0.58,-3.25,0.45,gem,1635_gem,subduction_intraslab
C201403241232A,2014-03-24T12:32:57,-71.15,-19.72,33.5,5.0,mw,357.0,29.0,94.0,172.0,61.0,88.0,74.0,76.0,2.0,173.0,16.0,264.0,5.3e+16,-2580000000000000.0,-5.04e+16,5800000000000000.0,-3.25e+16,4490000000000000.0,gcmt,1635_gcmt,subduction_intraslab
C201403241545A,2014-03-24T15:45:38,-71.06,-19.54,29.1,5.7,mw,347.0,21.0,90.0,166.0,69.0,90.0,66.0,76.0,0.0,166.0,24.0,257.0,2.95e+17,9300000000000000.0,-3.04e+17,8.08e+16,-3.36e+17,7.97e+16,gcmt,1636_gcmt,subduction_intraslab
C201403241843A,2014-03-24T18:43:18,-70.98,-19.66,31.3,5.0,mw,346.0,27.0,93.0,162.0,63.0,88.0,72.0,68.0,1.0,163.0,18.0,253.0,3.97e+16,-3510000000000000.0,-3.62e+16,9210000000000000.0,-2.62e+16,1.04e+16,gcmt,1637_gcmt,subduction_intraslab
607727143,2014-04-01T23:57:59,-71.018,-19.99,25.0,7.0,mw,177.0,65.0,94.0,347.0,26.0,81.0,44.514431724036754,275.1892765055518,5.624937098608688,179.63233652708766,44.93509607390625,83.99292756094815,3.14,-0.24,-2.9,-0.02,-2.52,0.39,gem,1642_gem,subduction_intraslab
C201404012358A,2014-04-01T23:58:11,-71.39,-19.85,20.6,6.9,mw,347.0,26.0,81.0,177.0,65.0,94.0,70.0,96.0,4.0,355.0,20.0,264.0,3.14e+19,-2.39e+18,-2.9e+19,-2.4e+17,-2.52e+19,3.91e+18,gcmt,1642_gcmt,subduction_intraslab
C201404021945A,2014-04-02T19:45:56,-70.87,-20.36,31.5,5.3,mw,1.0,27.0,98.0,173.0,63.0,86.0,72.0,74.0,4.0,174.0,18.0,266.0,9.58e+16,-2600000000000000.0,-9.32e+16,1.27e+16,-6.69e+16,4700000000000000.0,gcmt,1643_gcmt,subduction_intraslab
604399082,2014-04-03T00:01:18,-70.982,-19.771,25.7,5.15,mw,160.0,63.0,84.0,354.0,27.0,102.0,43.72793701129369,236.6217050416322,9.023339579843867,335.3589139859889,44.86229559347437,74.45209434823562,5.64,-0.69,-4.95,1.73,-3.64,0.96,gem,1644_gem,subduction_intraslab
C201404030001A,2014-04-03T00:01:24,-71.21,-19.8,25.7,5.0,mw,354.0,27.0,102.0,160.0,63.0,84.0,71.0,57.0,6.0,163.0,18.0,255.0,5.64e+16,-6850000000000001.0,-4.95e+16,1.73e+16,-3.64e+16,9610000000000000.0,gcmt,1644_gcmt,subduction_intraslab
C201404030158A,2014-04-03T01:58:40,-70.88,-20.34,33.7,6.5,mw,354.0,23.0,96.0,167.0,67.0,87.0,68.0,72.0,3.0,168.0,22.0,259.0,6.65e+18,4.7e+17,-7.12e+18,1.62e+18,-6.39e+18,1.36e+18,gcmt,1645_gcmt,subduction_intraslab
C201404030526A,2014-04-03T05:26:22,-70.9,-20.72,32.2,6.4,mw,4.0,27.0,104.0,168.0,63.0,83.0,71.0,63.0,6.0,171.0,18.0,264.0,6.04e+18,-7.7e+17,-5.27e+18,1.37e+18,-4.03e+18,2.13e+17,gcmt,1647_gcmt,subduction_intraslab
C201404040938A,2014-04-04T09:39:00,-71.3,-20.03,18.9,5.2,mw,347.0,24.0,90.0,167.0,66.0,90.0,69.0,76.0,0.0,167.0,21.0,257.0,6.67e+16,3400000000000000.0,-7.009999999999999e+16,1.4299999999999998e+16,-5.98e+16,1.85e+16,gcmt,1649_gcmt,subduction_intraslab
609948385,2014-04-04T15:21:03,-70.774,-19.905,32.0,4.99,mw,164.0,59.0,93.0,338.0,31.0,85.0,44.51247350490668,262.67955685409106,5.456851990389037,167.29056582501858,44.96936166310255,71.81467283691643,3.46,-0.47,-2.99,0.43,-1.84,1.02,gem,1651_gem,subduction_intraslab
201404050222A,2014-04-05T02:22:00,-71.71,-32.74,42.0,5.6,mw,359.0,28.0,78.0,193.0,63.0,96.0,72.0,117.0,,,17.0,278.0,,,,,,,gmt,1653_gmt,subduction_intraslab
604440644,2014-04-05T02:22:38,-71.5803,-32.7997,40.0,5.6,mw,18.91,29.6,79.68,210.73,60.92,95.81,73.0,135.0,5.0,28.0,16.0,296.0,31840000000.0,-7500000000.0,-24340000000.000004,-11470000000.0,-14930000000.0,-9460000000.0,neic,1653_neic,subduction_intraslab
C201404050222A,2014-04-05T02:22:42,-71.71,-32.74,42.4,5.6,mw,359.0,28.0,78.0,193.0,63.0,96.0,72.0,117.0,6.0,10.0,17.0,278.0,2.32e+17,2.55e+16,-2.57e+17,-4.95e+16,-1.65e+17,-3.3600000000000004e+16,gcmt,1653_gcmt,subduction_intraslab
C201404050222A,2014-04-05T02:22:42,-71.71,-32.74,42.4,5.6,mw,359.0,28.0,78.0,193.0,63.0,96.0,72.0,117.0,6.0,10.0,17.0,278.0,2.32e+17,2.55e+16,-2.57e+17,-4.95e+16,-1.65e+17,-3.3600000000000004e+16,gcmt,1653_gcmtb,subduction_intraslab
c000p66r,2014-04-05T02:22:42,-71.78,-32.79,42.3,5.6,mwc,193.0,64.0,96.0,358.0,27.0,77.0,71.0,116.0,6.0,10.0,18.0,278.0,2.14e+17,4.1e+16,-2.55e+17,-4.73e+16,-1.72e+17,-3.38e+16,us,1653_us,subduction_intraslab
609948419,2014-04-05T04:05:04,-70.673,-20.717,29.9,5.1,mw,154.0,66.0,81.0,356.0,26.0,109.0,42.79830865202258,227.0044552411369,12.147168020183509,328.50077999430124,44.66257292647461,70.78271054392616,4.01,0.03,-4.04,1.83,-3.1,1.21,gem,1654_gem,subduction_intraslab
C201404050405A,2014-04-05T04:05:08,-71.07,-20.75,29.9,5.0,mw,356.0,26.0,109.0,154.0,66.0,81.0,68.0,47.0,8.0,158.0,20.0,251.0,4.01e+16,340000000000000.0,-4.04e+16,1.83e+16,-3.1e+16,1.21e+16,gcmt,1654_gcmt,subduction_intraslab
C201404050544A,2014-04-05T05:45:01,-70.79,-20.13,29.5,5.2,mw,358.0,28.0,104.0,162.0,63.0,83.0,71.0,57.0,6.0,166.0,18.0,258.0,7.74e+16,4600000000000000.0,-8.2e+16,2.21e+16,-5.42e+16,1.63e+16,gcmt,1655_gcmt,subduction_intraslab
C201404101749A,2014-04-10T17:49:17,-71.31,-19.87,21.1,5.0,mw,327.0,25.0,65.0,175.0,67.0,101.0,66.0,104.0,10.0,350.0,22.0,256.0,4.05e+16,-1330000000000000.0,-3.91e+16,-290000000000000.0,-4.08e+16,1.44e+16,gcmt,1663_gcmt,subduction_intraslab
C201404131211A,2014-04-13T12:11:36,-71.01,-20.58,21.8,5.5,mw,350.0,21.0,97.0,162.0,69.0,87.0,66.0,68.0,3.0,163.0,24.0,254.0,1.1299999999999998e+17,-4200000000000001.0,-1.09e+17,4.13e+16,-1.21e+17,2.7800000000000004e+16,gcmt,1665_gcmt,subduction_intraslab
604457971,2014-04-15T17:12:21,-70.774,-20.196,28.9,5.01,mw,164.0,60.0,93.0,338.0,30.0,84.0,44.56457025354641,262.1222507066551,5.179622188786066,167.0,44.968441737965215,71.80482394787134,3.59,-0.4,-3.19,0.46,-2.08,1.09,gem,1669_gem,subduction_intraslab
C201404151859A,2014-04-15T18:59:46,-71.09,-20.05,21.2,5.1,mw,343.0,30.0,81.0,174.0,60.0,95.0,74.0,98.0,5.0,351.0,15.0,260.0,4.74e+16,-1400000000000000.2,-4.6e+16,440000000000000.0,-2.77e+16,9670000000000000.0,gcmt,1670_gcmt,subduction_intraslab
C201404192054A,2014-04-19T20:54:49,-71.32,-19.91,21.8,5.8,mw,339.0,26.0,79.0,171.0,64.0,96.0,70.0,93.0,5.0,349.0,19.0,257.0,5.96e+17,-8.23e+16,-5.13e+17,3.12e+16,-4.49e+17,1.32e+17,gcmt,1672_gcmt,subduction_intraslab
C201404241007A,2014-04-24T10:07:06,-72.92,-34.67,21.7,5.0,mw,48.0,36.0,-73.0,207.0,55.0,-102.0,10.0,305.0,10.0,214.0,76.0,78.0,-2.81e+16,9700000000000000.0,1.84e+16,1690000000000000.0,1.1299999999999998e+16,1.52e+16,gcmt,1674_gcmt,subduction_intraslab
C201404241007A,2014-04-24T10:07:06,-72.92,-34.67,21.7,5.0,mw,48.0,36.0,-73.0,207.0,55.0,-102.0,10.0,305.0,10.0,214.0,76.0,78.0,-2.81e+16,9700000000000000.0,1.84e+16,1690000000000000.0,1.1299999999999998e+16,1.52e+16,gcmt,1674_gcmtb,subduction_intraslab
C201404241026A,2014-04-24T10:26:52,-71.32,-19.83,20.2,5.1,mw,347.0,28.0,88.0,170.0,62.0,91.0,73.0,83.0,1.0,349.0,17.0,259.0,5.54e+16,-3030000000000000.0,-5.230000000000001e+16,5980000000000000.0,-3.69e+16,1.05e+16,gcmt,1675_gcmt,subduction_intraslab
201404301800A,2014-04-30T18:00:00,-71.93,-32.66,40.0,5.2,mw,358.0,29.0,88.0,180.0,61.0,91.0,74.0,93.0,,,16.0,269.0,,,,,,,gmt,1676_gmt,subduction_intraslab
604502458,2014-04-30T18:00:57,-71.698,-32.712,39.8,5.21,mw,180.0,61.0,91.0,358.0,29.0,88.0,44.95610987538857,272.56302476129974,1.649978201634876,180.91488963880744,44.99638790738808,89.26443501830158,0.68,0.04,-0.71,-0.01,-0.44,0.01,gem,1676_gem,subduction_intraslab
C201404301800A,2014-04-30T18:01:00,-71.93,-32.66,39.8,5.1,mw,358.0,29.0,88.0,180.0,61.0,91.0,74.0,92.0,1.0,360.0,16.0,269.0,6.750000000000001e+16,4000000000000000.0,-7.15e+16,-600000000000000.0,-4.37e+16,1200000000000000.0,gcmt,1676_gcmt,subduction_intraslab
C201404301800A,2014-04-30T18:01:00,-71.93,-32.66,39.8,5.1,mw,358.0,29.0,88.0,180.0,61.0,91.0,74.0,92.0,1.0,360.0,16.0,269.0,6.750000000000001e+16,4000000000000000.0,-7.15e+16,-600000000000000.0,-4.37e+16,1200000000000000.0,gcmt,1676_gcmtb,subduction_intraslab
604507523,2014-05-01T16:45:26,-71.063,-19.975,28.4,5.06,mw,162.0,58.0,103.0,318.0,34.0,70.0,36.483581040154,286.1433345944323,23.27668763708581,177.59346184857122,44.44414680041164,62.63766959835704,4.58,-1.41,-3.17,-0.04,-2.31,1.72,gem,1677_gem,subduction_intraslab
C201405040446A,2014-05-04T04:46:52,-71.18,-20.02,19.3,5.0,mw,344.0,24.0,88.0,166.0,66.0,91.0,69.0,78.0,1.0,346.0,21.0,256.0,3.91e+16,-2040000000000000.0,-3.7e+16,8050000000000000.0,-3.4e+16,9970000000000000.0,gcmt,1678_gcmt,subduction_intraslab
C201405051121A,2014-05-05T11:21:25,-70.99,-20.19,24.3,5.4,mw,354.0,30.0,91.0,173.0,60.0,89.0,75.0,82.0,0.0,173.0,15.0,263.0,1.45e+17,200000000000000.0,-1.46e+17,1.09e+16,-8.32e+16,1.67e+16,gcmt,1679_gcmt,subduction_intraslab
201405210900A,2014-05-21T09:00:00,-71.56,-30.6,50.0,5.1,mw,351.0,33.0,93.0,168.0,57.0,88.0,78.0,71.0,,,12.0,259.0,,,,,,,gmt,1684_gmt,subduction_intraslab
604650838,2014-05-21T09:00:54,-71.34,-30.453,49.7,5.14,mw,168.0,57.0,88.0,351.0,33.0,93.0,44.71793683250916,251.23861686127125,4.113987846724285,345.322770100108,44.98717074840743,79.44555432802332,5.76,-0.04,-5.72,0.66,-2.63,1.1,gem,1684_gem,subduction_intraslab
C201405210900A,2014-05-21T09:00:58,-71.56,-30.6,49.7,5.1,mw,351.0,33.0,93.0,168.0,57.0,88.0,77.0,72.0,1.0,169.0,12.0,259.0,5.76e+16,-360000000000000.0,-5.72e+16,6610000000000000.0,-2.63e+16,1.1e+16,gcmt,1684_gcmtb,subduction_intraslab
604650838,2014-05-21T09:00:58,-71.43,-30.45,60.5,5.1,mw,159.0,50.0,82.0,351.0,41.0,99.0,83.0,20.0,6.0,164.0,4.0,254.0,4973000000.0,-390000000.0,-4584000000.0,729000000.0,-585000000.0,1212000000.0,neic,1684_neic,subduction_intraslab
b000qxwk,2014-05-21T09:00:58,-71.43,-30.45,60.5,5.1,mww,159.0,50.0,82.0,351.0,41.0,99.0,83.0,20.0,6.0,164.0,4.0,254.0,4.973e+16,-3900000000000000.0,-4.584e+16,7290000000000000.0,-5850000000000000.0,1.212e+16,us,1684_us,subduction_intraslab
C201405210900A,2014-05-21T09:00:58,-71.56,-30.6,49.7,5.1,mw,351.0,33.0,93.0,168.0,57.0,88.0,77.0,72.0,1.0,169.0,12.0,259.0,5.76e+16,-360000000000000.0,-5.72e+16,6610000000000000.0,-2.63e+16,1.1e+16,gcmt,1684_gcmt,subduction_intraslab
604662883,2014-05-30T11:41:38,-69.977,-21.284,60.2,5.14,mw,250.0,71.0,143.0,353.0,56.0,23.0,12.531669650194676,26.814562578839627,54.38887184406466,278.73468610226786,32.70702206056414,125.02077518783813,3.39,0.57,-3.96,-2.05,-0.92,-5.4,gem,1686_gem,subduction_intraslab
C201405301141A,2014-05-30T11:41:45,-70.17,-21.31,72.9,5.2,mw,353.0,56.0,23.0,250.0,71.0,143.0,39.0,207.0,49.0,46.0,10.0,305.0,3.39e+16,5690000000000000.0,-3.96e+16,-2.05e+16,-9240000000000000.0,-5.4e+16,gcmt,1686_gcmt,subduction_intraslab
604663003,2014-05-30T15:32:27,-69.988,-21.284,60.0,5.61,mw,2.0,85.0,4.0,272.0,86.0,175.0,0.7200655724240277,226.78527924499943,83.6376393690022,130.31336176128093,6.321147583597628,316.8650484726401,0.37,-0.44,0.06,-0.27,0.22,-3.26,gem,1687_gem,subduction_intraslab
C201405301532A,2014-05-30T15:32:34,-70.15,-21.23,81.9,5.6,mw,2.0,85.0,4.0,272.0,86.0,175.0,7.0,227.0,83.0,53.0,1.0,317.0,3.71e+16,-4.39e+16,6800000000000000.0,-2.65e+16,2.17e+16,-3.26e+17,gcmt,1687_gcmt,subduction_intraslab
201405302206A,2014-05-30T22:06:00,-72.42,-33.47,31.0,5.0,mw,359.0,30.0,84.0,186.0,60.0,93.0,75.0,105.0,,,15.0,273.0,,,,,,,gmt,1688_gmt,subduction_intraslab
604663353,2014-05-30T22:06:20,-72.179,-33.53,24.0,5.05,mw,186.0,60.0,93.0,359.0,30.0,84.0,44.56457025354641,284.1222507066552,5.179622188786097,189.00000000000003,44.9684417379652,93.80482394787134,4.26,-0.24,-4.02,-0.41,-2.32,-0.16,gem,1688_gem,subduction_intraslab
C201406041704A,2014-06-04T17:04:33,-70.97,-20.66,21.7,5.0,mw,347.0,26.0,89.0,168.0,64.0,90.0,71.0,79.0,0.0,348.0,19.0,258.0,4.39e+16,2730000000000000.0,-4.66e+16,7240000000000000.0,-3.62e+16,1.1e+16,gcmt,1689_gcmt,subduction_intraslab
C201406190938A,2014-06-19T09:38:44,-71.13,-19.88,21.6,5.7,mw,349.0,24.0,89.0,170.0,66.0,90.0,69.0,81.0,0.0,350.0,21.0,260.0,4.1e+17,2.24e+16,-4.33e+17,6.840000000000001e+16,-3.89e+17,8.78e+16,gcmt,1691_gcmt,subduction_intraslab
C201406191954A,2014-06-19T19:54:11,-71.15,-19.8,23.0,5.8,mw,351.0,22.0,91.0,169.0,68.0,90.0,67.0,79.0,0.0,170.0,23.0,260.0,4e+17,4.43e+16,-4.45e+17,8.36e+16,-4.43e+17,8.92e+16,gcmt,1692_gcmt,subduction_intraslab
604747578,2014-06-19T19:59:43,-70.836,-19.848,28.4,5.35,mw,161.0,63.0,83.0,355.0,28.0,103.0,43.28443405183129,235.53194492983272,10.497513142302246,335.58251730642326,44.81264990441835,76.19038471342458,1.08,-0.05,-1.03,0.33,-0.71,0.22,gem,1693_gem,subduction_intraslab
C201406191959A,2014-06-19T19:59:46,-71.22,-19.9,28.4,5.2,mw,355.0,28.0,103.0,161.0,63.0,83.0,71.0,56.0,6.0,164.0,18.0,256.0,1.08e+17,-5100000000000000.0,-1.03e+17,3.29e+16,-7.1e+16,2.18e+16,gcmt,1693_gcmt,subduction_intraslab
610571154,2014-07-13T07:18:29,-70.9,-30.85,100.5,5.3,mw,159.0,72.0,83.0,360.0,19.0,109.0,62.0,59.0,6.0,161.0,27.0,255.0,7750000000.0,-660000000.0,-7090000000.0,4140000000.0,-9370000000.0,1050000000.0,neic,1696_neic,subduction_intraslab
b000rsk9,2014-07-13T07:18:29,-70.9,-30.85,100.5,5.3,mww,159.0,72.0,83.0,360.0,19.0,109.0,62.0,59.0,6.0,161.0,27.0,255.0,7.75e+16,-6610000000000000.0,-7.089e+16,4.137e+16,-9.368e+16,1.054e+16,us,1696_us,subduction_intraslab
C201407132054A,2014-07-13T20:54:20,-70.62,-20.3,40.2,5.5,mw,341.0,29.0,108.0,140.0,63.0,80.0,71.0,29.0,9.0,145.0,17.0,237.0,2.2200000000000003e+17,-4.86e+16,-1.73e+17,1.17e+17,-1.08e+17,1.04e+17,gcmt,1697_gcmt,subduction_intraslab
C201407180524A,2014-07-18T05:24:16,-71.14,-20.14,22.4,5.0,mw,349.0,30.0,92.0,167.0,60.0,89.0,75.0,74.0,1.0,167.0,15.0,258.0,4.14e+16,-2920000000000000.0,-3.85e+16,5690000000000000.0,-2.26e+16,8030000000000000.0,gcmt,1699_gcmt,subduction_intraslab
C201407210021A,2014-07-21T00:21:33,-70.95,-20.16,35.8,5.0,mw,11.0,33.0,103.0,175.0,58.0,81.0,76.0,60.0,7.0,180.0,12.0,271.0,4.7e+16,-1010000000000000.0,-4.6e+16,6360000000000000.0,-2.14e+16,-2330000000000000.0,gcmt,1700_gcmt,subduction_intraslab
201408080410A,2014-08-08T04:10:00,-72.27,-33.64,24.0,5.2,mw,5.0,27.0,87.0,189.0,63.0,92.0,72.0,102.0,,,18.0,277.0,,,,,,,gmt,1703_gmt,subduction_intraslab
605140411,2014-08-08T04:10:16,-72.232,-33.719,24.2,5.25,mw,5.0,27.0,87.0,189.0,63.0,92.0,44.91580652418892,101.84803083465935,2.3107063598893847,9.542233223317794,44.991054386902974,277.23036783819043,0.78,-0.03,-0.75,-0.1,-0.55,-0.09,gem,1703_gem,subduction_intraslab
C201408080410A,2014-08-08T04:10:21,-72.27,-33.64,24.2,5.2,mw,5.0,27.0,87.0,189.0,63.0,92.0,72.0,102.0,1.0,8.0,18.0,278.0,7.84e+16,-3000000000000000.0,-7.54e+16,-9700000000000000.0,-5.530000000000001e+16,-9000000000000000.0,gcmt,1703_gcmt,subduction_intraslab
C201408080410A,2014-08-08T04:10:21,-72.27,-33.64,24.2,5.2,mw,5.0,27.0,87.0,189.0,63.0,92.0,72.0,102.0,1.0,8.0,18.0,278.0,7.84e+16,-3000000000000000.0,-7.54e+16,-9700000000000000.0,-5.530000000000001e+16,-9000000000000000.0,gcmt,1703_gcmtb,subduction_intraslab
C201408140002A,2014-08-14T00:03:01,-70.4,-20.17,64.5,5.3,mw,1.0,32.0,108.0,160.0,60.0,79.0,73.0,43.0,9.0,166.0,14.0,258.0,8.32e+16,2.59e+16,-1.09e+17,2.21e+16,-4.95e+16,2.71e+16,gcmt,1705_gcmt,subduction_intraslab
201408232232A,2014-08-23T22:32:00,-71.74,-32.76,42.0,6.4,mw,5.0,26.0,92.0,183.0,64.0,89.0,71.0,91.0,,,19.0,274.0,,,,,,,gmt,1707_gmt,subduction_intraslab
C201408232232A,2014-08-23T22:32:29,-71.74,-32.76,42.0,6.4,mw,5.0,26.0,92.0,183.0,64.0,89.0,71.0,92.0,1.0,184.0,19.0,274.0,4.070000000000001e+18,3.16e+17,-4.39e+18,-1.8e+17,-3.4e+18,-3.6e+17,gcmt,1707_gcmt,subduction_intraslab
C201408232232A,2014-08-23T22:32:29,-71.74,-32.76,42.0,6.4,mw,5.0,26.0,92.0,183.0,64.0,89.0,71.0,92.0,1.0,184.0,19.0,274.0,4.070000000000001e+18,3.16e+17,-4.39e+18,-1.8e+17,-3.4e+18,-3.6e+17,gcmt,1707_gcmtb,subduction_intraslab
605193203,2014-09-04T09:26:53,-70.392,-20.687,37.9,5.01,mw,161.0,60.0,82.0,357.0,31.0,104.0,42.07246268203446,230.4319239723021,13.552868110939285,333.0,44.77596423074051,76.83797650959957,3.53,0.07,-3.6,0.93,-1.84,0.78,gem,1708_gem,subduction_intraslab
C201410071233A,2014-10-07T12:33:28,-71.2,-19.98,20.2,5.3,mw,342.0,27.0,84.0,168.0,64.0,93.0,71.0,85.0,2.0,347.0,19.0,256.0,7.32e+16,-3599999999999999.5,-6.959999999999999e+16,9300000000000000.0,-5.520000000000001e+16,1.84e+16,gcmt,1713_gcmt,subduction_intraslab
201410251705A,2014-10-25T17:05:00,-72.58,-33.89,30.0,5.0,mw,29.0,27.0,112.0,184.0,65.0,79.0,68.0,74.0,,,19.0,283.0,,,,,,,gmt,1718_gmt,subduction_intraslab
C201411220650A,2014-11-22T06:51:00,-71.3,-19.98,21.1,5.0,mw,341.0,27.0,79.0,173.0,63.0,96.0,71.0,96.0,5.0,351.0,18.0,259.0,4.17e+16,-950000000000000.0,-4.07e+16,1310000000000000.0,-3.07e+16,9400000000000000.0,gcmt,1720_gcmt,subduction_intraslab
606176833,2014-12-03T09:38:37,-70.268,-22.578,63.1,5.14,mw,35.0,61.0,-103.0,240.0,31.0,-68.0,44.39275407547447,314.48096314169175,20.44632967543926,203.07354010440213,38.5612486062662,95.78381853303756,-5.58,3.11,2.47,-1.14,-3.26,2.33,gem,1722_gem,subduction_intraslab
C201412030938A,2014-12-03T09:38:41,-70.44,-22.65,61.9,5.2,mw,240.0,31.0,-68.0,35.0,61.0,-103.0,15.0,134.0,11.0,41.0,71.0,276.0,-5.58e+16,3.11e+16,2.47e+16,-1.14e+16,-3.26e+16,2.33e+16,gcmt,1722_gcmt,subduction_intraslab
606589318,2015-01-20T17:34:43,-70.72,-23.395,34.5,5.13,mw,22.0,36.0,103.0,187.0,55.0,81.0,38.10246883356044,63.71030823565548,20.59733708550926,170.85036287454136,44.740042579413625,282.7157580309768,4.44,2.44,-6.88,-0.24,-2.14,-2.3,gem,1726_gem,subduction_intraslab
C201501201734A,2015-01-20T17:34:50,-71.01,-23.22,34.3,5.2,mw,22.0,36.0,103.0,187.0,55.0,81.0,78.0,66.0,7.0,192.0,10.0,283.0,4.44e+16,2.44e+16,-6.88e+16,-2450000000000000.0,-2.14e+16,-2.3e+16,gcmt,1726_gcmt,subduction_intraslab
201501270527A,2015-01-27T05:27:00,-73.83,-36.84,29.0,5.0,mw,10.0,21.0,90.0,190.0,69.0,90.0,66.0,100.0,,,24.0,280.0,,,,,,,gmt,1727_gmt,subduction_intraslab
606636041,2015-02-02T15:22:12,-70.872,-22.31,36.2,5.33,mw,60.0,61.0,165.0,158.0,76.0,29.0,11.93788959312998,22.203967634919763,59.989524634466726,133.67570436089102,27.089385173260546,285.9957690249413,0.42,0.69,-1.11,0.28,-0.41,-0.66,gem,1729_gem,subduction_intraslab
C201502021522A,2015-02-02T15:22:17,-71.11,-22.16,36.2,5.0,mw,60.0,61.0,165.0,158.0,76.0,29.0,30.0,22.0,58.0,180.0,10.0,286.0,4.24e+16,6.889999999999999e+16,-1.1100000000000002e+17,2.7900000000000004e+16,-4.13e+16,-6.61e+16,gcmt,1729_gcmt,subduction_intraslab
201502171435A,2015-02-17T14:35:00,-70.86,-32.33,102.0,5.4,mw,339.0,80.0,170.0,70.0,80.0,10.0,14.0,295.0,,,0.0,205.0,,,,,,,gmt,1732_gmt,subduction_intraslab
606732299,2015-02-17T14:35:53,-70.942,-32.339,80.7,5.38,mw,70.0,80.0,10.0,339.0,80.0,170.0,0.1102035589691038,294.109268380514,76.30295266271396,203.65708869335208,13.696586640943664,24.136126191124163,0.04,-0.97,0.93,0.15,0.33,1.09,gem,1732_gem,subduction_intraslab
C201502171435A,2015-02-17T14:36:00,-70.86,-32.33,102.2,5.4,mw,339.0,80.0,170.0,70.0,80.0,10.0,14.0,294.0,76.0,114.0,0.0,204.0,4200000000000001.0,-9.74e+16,9.33e+16,1.51e+16,3.29e+16,1.09e+17,gcmt,1732_gcmtb,subduction_intraslab
C201502171435A,2015-02-17T14:36:00,-70.86,-32.33,102.2,5.4,mw,339.0,80.0,170.0,70.0,80.0,10.0,14.0,294.0,76.0,114.0,0.0,204.0,4200000000000001.0,-9.74e+16,9.33e+16,1.51e+16,3.29e+16,1.09e+17,gcmt,1732_gcmt,subduction_intraslab
606760430,2015-03-02T16:53:47,-71.2,-27.97,45.5,5.2,mw,25.0,32.0,112.0,180.0,61.0,77.0,71.0,61.0,11.0,186.0,15.0,279.0,6759000000.0,369000000.0,-7128000000.0,825000000.0,-4273000000.0,-1627000000.0,neic,1736_neic,subduction_intraslab
C201503021653A,2015-03-02T16:53:49,-71.34,-28.05,34.9,5.2,mw,26.0,33.0,121.0,170.0,62.0,72.0,68.0,45.0,16.0,179.0,15.0,274.0,7.45e+16,2.91e+16,-1.04e+17,1.52e+16,-5.37e+16,-1.4000000000000002e+16,gcmt,1736_gcmtb,subduction_intraslab
C201503021653A,2015-03-02T16:53:49,-71.34,-28.05,34.9,5.2,mw,26.0,33.0,121.0,170.0,62.0,72.0,68.0,45.0,16.0,179.0,15.0,274.0,7.45e+16,2.91e+16,-1.04e+17,1.52e+16,-5.37e+16,-1.4000000000000002e+16,gcmt,1736_gcmt,subduction_intraslab
201503050208A,2015-03-05T02:08:00,-72.74,-34.17,25.0,5.0,mw,83.0,31.0,175.0,177.0,88.0,60.0,40.0,59.0,,,35.0,294.0,,,,,,,gmt,1738_gmt,subduction_intraslab
606777698,2015-03-05T02:08:52,-72.648,-34.266,25.2,5.01,mw,83.0,31.0,175.0,177.0,88.0,60.0,36.714711171758005,59.153947499629055,30.97100164004613,175.74338049231324,37.925667061092845,293.6254418507828,0.22,0.66,-0.87,-0.21,-3.59,-2.07,gem,1738_gem,subduction_intraslab
C201503050208A,2015-03-05T02:08:55,-72.74,-34.17,25.2,5.0,mw,83.0,31.0,175.0,177.0,88.0,60.0,40.0,59.0,30.0,178.0,35.0,293.0,2160000000000000.0,6630000000000000.0,-8790000000000000.0,-2080000000000000.0,-3.59e+16,-2.07e+16,gcmt,1738_gcmtb,subduction_intraslab
C201503050208A,2015-03-05T02:08:55,-72.74,-34.17,25.2,5.0,mw,83.0,31.0,175.0,177.0,88.0,60.0,40.0,59.0,30.0,178.0,35.0,293.0,2160000000000000.0,6630000000000000.0,-8790000000000000.0,-2080000000000000.0,-3.59e+16,-2.07e+16,gcmt,1738_gcmt,subduction_intraslab
606792825,2015-03-05T21:30:32,-71.421,-29.246,41.0,5.23,mw,237.0,44.0,160.0,342.0,76.0,48.0,24.82755321071124,211.4791770314609,43.99553695773849,328.0116457007414,35.74235708825531,102.0303012505683,0.31,0.33,-0.63,-0.28,0.5,-0.36,gem,1739_gem,subduction_intraslab
c000tvct,2015-03-05T21:30:35,-71.42,-29.2,60.5,5.3,mww,344.0,66.0,51.0,227.0,45.0,145.0,52.0,207.0,35.0,2.0,12.0,101.0,5.432e+16,3.065e+16,-8.497e+16,-2.859e+16,4.019e+16,-3.192e+16,us,1739_us,subduction_intraslab
606792825,2015-03-05T21:30:35,-71.42,-29.2,60.5,5.3,mw,227.0,45.0,145.0,344.0,66.0,51.0,52.0,207.0,35.0,2.0,12.0,101.0,5432000000.0,3065000000.0,-8497000000.0,-2859000000.0,4019000000.0,-3192000000.0,neic,1739_neic,subduction_intraslab
C201503052130A,2015-03-05T21:30:36,-71.52,-29.31,60.5,5.3,mw,237.0,44.0,160.0,342.0,76.0,48.0,43.0,211.0,41.0,354.0,20.0,102.0,3.07e+16,3.26e+16,-6.33e+16,-2.7800000000000004e+16,5.01e+16,-3.58e+16,gcmt,1739_gcmtb,subduction_intraslab
C201503052130A,2015-03-05T21:30:36,-71.52,-29.31,60.5,5.3,mw,237.0,44.0,160.0,342.0,76.0,48.0,43.0,211.0,41.0,354.0,20.0,102.0,3.07e+16,3.26e+16,-6.33e+16,-2.7800000000000004e+16,5.01e+16,-3.58e+16,gcmt,1739_gcmt,subduction_intraslab
10001njq,2015-03-18T19:07:55,-73.98,-36.16,17.5,5.4,mww,182.0,71.0,87.0,11.0,19.0,99.0,64.0,87.0,3.0,183.0,26.0,274.0,1.173e+17,-3200000000000000.0,-1.141e+17,-1800000000000000.0,-1.472e+17,-1.32e+16,us,1744_us,subduction_intraslab
606855453,2015-03-18T19:07:55,-73.98,-36.16,17.5,5.4,mw,11.0,19.0,99.0,182.0,71.0,87.0,64.0,87.0,3.0,183.0,26.0,274.0,11730000000.0,-320000000.0,-11410000000.0,-179999999.99999997,-14720000000.0,-1320000000.0,neic,1744_neic,subduction_intraslab
606962367,2015-04-01T08:17:27,-71.791,-29.362,30.4,5.36,mw,193.0,76.0,124.0,304.0,36.0,25.0,30.59222694942473,318.9975086259111,36.08804644807682,203.4707441934032,38.88267040773248,77.47121407706118,0.56,0.21,-0.76,-0.53,-0.91,0.54,gem,1751_gem,subduction_intraslab
C201504010817A,2015-04-01T08:17:31,-71.97,-29.48,28.7,5.4,mw,304.0,36.0,25.0,193.0,76.0,124.0,48.0,140.0,33.0,4.0,23.0,258.0,5.560000000000001e+16,2.1e+16,-7.66e+16,-5.27e+16,-9.14e+16,5.44e+16,gcmt,1751_gcmtb,subduction_intraslab
C201504010817A,2015-04-01T08:17:31,-71.97,-29.48,28.7,5.4,mw,304.0,36.0,25.0,193.0,76.0,124.0,48.0,140.0,33.0,4.0,23.0,258.0,5.560000000000001e+16,2.1e+16,-7.66e+16,-5.27e+16,-9.14e+16,5.44e+16,gcmt,1751_gcmt,subduction_intraslab
C201505141508A,2015-05-14T15:08:10,-71.69,-28.78,25.0,5.1,mw,24.0,12.0,108.0,185.0,78.0,86.0,57.0,90.0,4.0,186.0,33.0,278.0,3.4900000000000004e+16,540000000000000.0,-3.54e+16,-6250000000000000.0,-8.16e+16,-9360000000000000.0,gcmt,1753_gcmtb,subduction_intraslab
C201505141508A,2015-05-14T15:08:10,-71.69,-28.78,25.0,5.1,mw,24.0,12.0,108.0,185.0,78.0,86.0,57.0,90.0,4.0,186.0,33.0,278.0,3.4900000000000004e+16,540000000000000.0,-3.54e+16,-6250000000000000.0,-8.16e+16,-9360000000000000.0,gcmt,1753_gcmt,subduction_intraslab
C201505221939A,2015-05-22T19:39:39,-71.08,-20.13,21.5,5.3,mw,349.0,26.0,84.0,175.0,64.0,93.0,71.0,91.0,3.0,354.0,19.0,263.0,8.47e+16,8000000000000000.0,-9.27e+16,4100000000000000.0,-6.820000000000001e+16,1.4099999999999998e+16,gcmt,1754_gcmt,subduction_intraslab
610634880,2015-05-29T04:28:16,-70.777,-28.173,53.2,5.25,mw,28.0,34.0,119.0,175.0,61.0,72.0,33.56217817063913,46.89071838103604,27.601070308329867,157.1859538531902,43.83701197047432,277.3187968359693,0.74,0.11,-0.84,0.15,-0.46,-0.18,gem,1757_gem,subduction_intraslab
610634880,2015-05-29T04:28:18,-70.81,-28.13,70.5,5.2,mw,157.0,61.0,83.0,351.0,29.0,102.0,73.0,52.0,6.0,161.0,16.0,252.0,5369000000.0,733000000.0,-6102000000.0,1660000000.0,-3496000000.0,2261000000.0,neic,1757_neic,subduction_intraslab
20002k8v,2015-05-29T04:28:18,-70.81,-28.13,70.5,5.2,mww,157.0,61.0,83.0,351.0,29.0,102.0,73.0,52.0,6.0,161.0,16.0,252.0,5.369e+16,7330000000000000.0,-6.102e+16,1.66e+16,-3.496e+16,2.261e+16,us,1757_us,subduction_intraslab
C201505290428A,2015-05-29T04:28:21,-71.1,-28.23,58.0,5.2,mw,28.0,34.0,119.0,175.0,61.0,72.0,69.0,48.0,15.0,184.0,14.0,278.0,7.39e+16,1.09e+16,-8.49e+16,1.54e+16,-4.57e+16,-1.84e+16,gcmt,1757_gcmt,subduction_intraslab
C201505290428A,2015-05-29T04:28:21,-71.1,-28.23,58.0,5.2,mw,28.0,34.0,119.0,175.0,61.0,72.0,69.0,48.0,15.0,184.0,14.0,278.0,7.39e+16,1.09e+16,-8.49e+16,1.54e+16,-4.57e+16,-1.84e+16,gcmt,1757_gcmtb,subduction_intraslab
610634941,2015-05-31T16:08:30,-70.81,-19.898,34.1,5.02,mw,173.0,64.0,93.0,345.0,27.0,83.0,44.70249073562916,269.47655882049827,4.372102577590651,175.13706096096485,44.964526363499054,80.75761033637036,3.28,0.16,-3.44,0.24,-2.6,0.71,gem,1758_gem,subduction_intraslab
C201505311608A,2015-05-31T16:08:34,-71.18,-19.85,28.2,5.0,mw,345.0,27.0,83.0,173.0,64.0,93.0,71.0,90.0,3.0,351.0,19.0,260.0,3.28e+16,1630000000000000.0,-3.44e+16,2400000000000000.0,-2.6e+16,7080000000000000.0,gcmt,1758_gcmt,subduction_intraslab
201506021032A,2015-06-02T10:32:00,-72.6,-33.84,22.0,5.1,mw,27.0,26.0,107.0,188.0,66.0,82.0,69.0,82.0,,,20.0,284.0,,,,,,,gmt,1759_gmt,subduction_intraslab
607277236,2015-06-02T10:32:47,-72.412,-33.92,22.0,5.12,mw,27.0,26.0,107.0,188.0,66.0,82.0,43.08886793844097,82.23074995755212,11.24316917422111,182.94730326504617,44.731633441692885,284.3050804685913,4.38,0.03,-4.41,-0.29,-3.99,-1.47,gem,1759_gem,subduction_intraslab
10002kfc,2015-06-20T05:22:35,-73.6,-36.48,25.5,5.5,mww,160.0,72.0,71.0,28.0,26.0,135.0,59.0,44.0,18.0,166.0,25.0,265.0,1.099e+17,2.92e+16,-1.391e+17,6.93e+16,-1.367e+17,-1e+16,us,1762_us,subduction_intraslab
610635349,2015-06-20T05:22:35,-73.6,-36.48,25.5,5.5,mw,28.0,26.0,135.0,160.0,72.0,71.0,59.0,44.0,18.0,166.0,25.0,265.0,10990000000.0,2920000000.0,-13910000000.0,6929999999.999999,-13670000000.0,-1000000000.0,neic,1762_neic,subduction_intraslab
20002xvy,2015-07-16T10:48:09,-71.91,-29.5,23.5,5.0,mww,220.0,58.0,-69.0,5.0,37.0,-119.0,11.0,295.0,17.0,29.0,69.0,175.0,-3.922e+16,3240000000000000.0,3.598e+16,1.937e+16,8680000000000000.0,1.593e+16,us,1764_us,subduction_intraslab
610635901,2015-07-16T10:48:09,-71.91,-29.5,23.5,5.0,mw,5.0,37.0,-119.0,220.0,58.0,-69.0,11.0,295.0,17.0,29.0,69.0,175.0,-3922000000.0,324000000.0,3598000000.0,1937000000.0,868000000.0,1593000000.0,neic,1764_neic,subduction_intraslab
C201507161048A,2015-07-16T10:48:10,-71.82,-29.4,32.3,5.0,mw,8.0,45.0,-119.0,225.0,52.0,-65.0,4.0,297.0,20.0,29.0,70.0,196.0,-7.22e+16,1.5e+16,5.729999999999999e+16,3.19e+16,-5400000000000000.0,2.64e+16,gcmt,1764_gcmt,subduction_intraslab
C201507161048A,2015-07-16T10:48:10,-71.82,-29.4,32.3,5.0,mw,8.0,45.0,-119.0,225.0,52.0,-65.0,4.0,297.0,20.0,29.0,70.0,196.0,-7.22e+16,1.5e+16,5.729999999999999e+16,3.19e+16,-5400000000000000.0,2.64e+16,gcmt,1764_gcmtb,subduction_intraslab
201507171111A,2015-07-17T11:11:00,-73.42,-35.57,22.0,5.3,mw,24.0,19.0,109.0,184.0,72.0,83.0,62.0,84.0,,,27.0,279.0,,,,,,,gmt,1765_gmt,subduction_intraslab
C201507171111A,2015-07-17T11:11:26,-73.42,-35.57,21.5,5.2,mw,24.0,19.0,109.0,184.0,72.0,83.0,63.0,84.0,6.0,186.0,26.0,279.0,6.760000000000001e+16,3900000000000000.0,-7.16e+16,-3599999999999999.5,-9.52e+16,-1.89e+16,gcmt,1765_gcmt,subduction_intraslab
C201507171111A,2015-07-17T11:11:26,-73.42,-35.57,21.5,5.2,mw,24.0,19.0,109.0,184.0,72.0,83.0,63.0,84.0,6.0,186.0,26.0,279.0,6.760000000000001e+16,3900000000000000.0,-7.16e+16,-3599999999999999.5,-9.52e+16,-1.89e+16,gcmt,1765_gcmtb,subduction_intraslab
611836223,2015-07-17T11:11:27,-73.31,-35.41,23.5,5.2,mw,192.0,77.0,94.0,356.0,13.0,74.0,58.0,107.0,4.0,11.0,32.0,279.0,3255000000.0,1330000000.0,-4586000000.0,-1748000000.0,-8006000000.0,-701000000.0,neic,1765_neic,subduction_intraslab
20002y48,2015-07-17T11:11:27,-73.31,-35.41,23.5,5.2,mww,192.0,77.0,94.0,356.0,13.0,74.0,58.0,107.0,4.0,11.0,32.0,279.0,3.255e+16,1.33e+16,-4.586e+16,-1.748e+16,-8.006e+16,-7010000000000000.0,us,1765_us,subduction_intraslab
C201507242314A,2015-07-24T23:14:43,-70.65,-20.28,48.0,5.3,mw,330.0,30.0,77.0,165.0,61.0,97.0,73.0,92.0,6.0,341.0,16.0,250.0,7.19e+16,9300000000000000.0,-8.12e+16,1.16e+16,-5.04e+16,4.15e+16,gcmt,1767_gcmt,subduction_intraslab
201508120014A,2015-08-12T00:14:00,-71.79,-31.84,38.0,5.5,mw,345.0,27.0,83.0,172.0,63.0,93.0,72.0,91.0,,,18.0,260.0,,,,,,,gmt,1769_gmt,subduction_intraslab
100031b7,2015-08-12T00:14:42,-71.66,-31.8,40.5,5.5,mww,176.0,63.0,95.0,344.0,27.0,80.0,72.0,98.0,5.0,353.0,18.0,262.0,1.608e+17,-1.13e+16,-1.495e+17,-1100000000000000.0,-1.141e+17,2.6e+16,us,1769_us,subduction_intraslab
607649017,2015-08-12T00:14:42,-71.66,-31.8,40.5,5.5,mw,176.0,63.0,95.0,344.0,27.0,80.0,72.0,98.0,5.0,353.0,18.0,262.0,16080000000.0,-1130000000.0,-14950000000.0,-110000000.0,-11410000000.0,2600000000.0,neic,1769_neic,subduction_intraslab
C201508120014A,2015-08-12T00:14:44,-71.79,-31.84,38.0,5.5,mw,345.0,27.0,83.0,172.0,63.0,93.0,72.0,90.0,3.0,351.0,18.0,260.0,1.78e+17,6900000000000001.0,-1.84e+17,1.24e+16,-1.31e+17,3.89e+16,gcmt,1769_gcmtb,subduction_intraslab
C201508120014A,2015-08-12T00:14:44,-71.79,-31.84,38.0,5.5,mw,345.0,27.0,83.0,172.0,63.0,93.0,72.0,90.0,3.0,351.0,18.0,260.0,1.78e+17,6900000000000001.0,-1.84e+17,1.24e+16,-1.31e+17,3.89e+16,gcmt,1769_gcmt,subduction_intraslab
100034du,2015-08-23T23:10:06,-71.66,-29.67,45.5,5.7,mww,216.0,49.0,100.0,21.0,42.0,79.0,82.0,186.0,7.0,29.0,3.0,299.0,3.712e+17,-7.21e+16,-2.991e+17,-6e+16,-1.48e+16,-1.76e+17,us,1770_us,subduction_intraslab
607677064,2015-08-23T23:10:06,-71.66,-29.67,45.5,5.7,mw,21.0,42.0,79.0,216.0,49.0,100.0,82.0,186.0,7.0,29.0,3.0,299.0,37120000000.0,-7210000000.0,-29910000000.0,-6000000000.0,-1480000000.0,-17600000000.0,neic,1770_neic,subduction_intraslab
C201508232310A,2015-08-23T23:10:10,-71.53,-29.59,46.0,5.7,mw,17.0,38.0,81.0,208.0,52.0,97.0,81.0,150.0,5.0,24.0,7.0,293.0,3.94e+17,-9500000000000000.0,-3.85e+17,-7.2e+16,-8.79e+16,-1.94e+17,gcmt,1770_gcmt,subduction_intraslab
C201508232310A,2015-08-23T23:10:10,-71.53,-29.59,46.0,5.7,mw,17.0,38.0,81.0,208.0,52.0,97.0,81.0,150.0,5.0,24.0,7.0,293.0,3.94e+17,-9500000000000000.0,-3.85e+17,-7.2e+16,-8.79e+16,-1.94e+17,gcmt,1770_gcmtb,subduction_intraslab
C201509152121A,2015-09-15T21:21:25,-71.23,-19.88,20.4,5.0,mw,332.0,27.0,70.0,174.0,65.0,100.0,69.0,104.0,9.0,350.0,19.0,257.0,4.3e+16,-360000000000000.0,-4.26e+16,-260000000000000.0,-3.62e+16,1.3700000000000002e+16,gcmt,1774_gcmt,subduction_intraslab
S201509162318A,2015-09-16T23:18:52,-71.95,-31.79,35.7,7.0,mw,349.0,30.0,87.0,173.0,60.0,92.0,75.0,87.0,1.0,352.0,15.0,261.0,5.13e+19,-6.37e+18,-4.49e+19,2.65e+18,-2.85e+19,6.41e+18,gcmt,1779_gcmtb,subduction_intraslab
S201509162318A,2015-09-16T23:18:52,-71.95,-31.79,35.7,7.0,mw,349.0,30.0,87.0,173.0,60.0,92.0,75.0,87.0,1.0,352.0,15.0,261.0,5.13e+19,-6.37e+18,-4.49e+19,2.65e+18,-2.85e+19,6.41e+18,gcmt,1779_gcmt,subduction_intraslab
20003kcn,2015-09-17T01:41:15,-71.72,-31.15,45.5,6.4,mww,172.0,55.0,92.0,348.0,35.0,86.0,80.0,92.0,2.0,351.0,10.0,260.0,5.179e+18,8000000000000000.0,-5.186e+18,1.45e+17,-1.957e+18,9.59e+17,us,1781_us,subduction_intraslab
610637528,2015-09-17T01:41:15,-71.72,-31.15,45.5,6.4,mw,172.0,55.0,92.0,348.0,35.0,86.0,80.0,92.0,2.0,351.0,10.0,260.0,517900000000.0,800000000.0,-518600000000.0,14500000000.0,-195700000000.0,95900000000.0,neic,1781_neic,subduction_intraslab
607743131,2015-09-17T04:10:35,-71.89,-31.53,35.5,6.7,mw,172.0,62.0,89.0,353.0,28.0,91.0,73.0,81.0,1.0,172.0,17.0,263.0,1023000000000.0,-64000000000.0,-959000000000.0,99000000000.0,-669000000000.0,113000000000.0,neic,1783_neic,subduction_intraslab
20003kfv,2015-09-17T04:10:35,-71.89,-31.53,35.5,6.7,mww,172.0,62.0,89.0,353.0,28.0,91.0,73.0,81.0,1.0,172.0,17.0,263.0,1.023e+19,-6.4e+17,-9.59e+18,9.9e+17,-6.69e+18,1.13e+18,us,1783_us,subduction_intraslab
C201509170410A,2015-09-17T04:10:36,-71.94,-31.65,36.6,6.7,mw,355.0,30.0,94.0,170.0,60.0,88.0,75.0,74.0,2.0,171.0,15.0,262.0,1.61e+19,-2.44e+18,-1.3700000000000002e+19,1.95e+18,-8.65e+18,1.47e+18,gcmt,1783_gcmtb,subduction_intraslab
C201509170410A,2015-09-17T04:10:36,-71.94,-31.65,36.6,6.7,mw,355.0,30.0,94.0,170.0,60.0,88.0,75.0,74.0,2.0,171.0,15.0,262.0,1.61e+19,-2.44e+18,-1.3700000000000002e+19,1.95e+18,-8.65e+18,1.47e+18,gcmt,1783_gcmt,subduction_intraslab
201509171214A,2015-09-17T12:14:00,-72.41,-32.27,22.0,5.9,mw,351.0,26.0,90.0,172.0,64.0,90.0,71.0,81.0,,,19.0,261.0,,,,,,,gmt,1787_gmt,subduction_intraslab
608098265,2015-09-17T12:14:41,-72.155,-32.183,22.3,5.86,mw,172.0,64.0,90.0,351.0,26.0,90.0,45.00000000000001,262.0,7.156248033292914e-15,352.0,44.99999999999999,82.0,6.44,-1.05,-5.39,0.71,-4.76,0.67,gem,1787_gem,subduction_intraslab
C201509171214A,2015-09-17T12:14:45,-72.41,-32.27,22.3,5.9,mw,351.0,26.0,90.0,172.0,64.0,90.0,71.0,82.0,0.0,351.0,19.0,261.0,6.44e+17,-1.05e+17,-5.39e+17,7.07e+16,-4.76e+17,6.67e+16,gcmt,1787_gcmt,subduction_intraslab
C201509171214A,2015-09-17T12:14:45,-72.41,-32.27,22.3,5.9,mw,351.0,26.0,90.0,172.0,64.0,90.0,71.0,82.0,0.0,351.0,19.0,261.0,6.44e+17,-1.05e+17,-5.39e+17,7.07e+16,-4.76e+17,6.67e+16,gcmt,1787_gcmtb,subduction_intraslab
201509172040A,2015-09-17T20:40:00,-72.02,-30.08,31.0,5.3,mw,357.0,30.0,103.0,162.0,61.0,82.0,73.0,54.0,,,16.0,257.0,,,,,,,gmt,1789_gmt,subduction_intraslab
C201509172040A,2015-09-17T20:40:37,-72.02,-30.08,31.0,5.5,mw,357.0,30.0,103.0,162.0,61.0,82.0,73.0,53.0,7.0,166.0,15.0,257.0,8.42e+16,600000000000000.0,-8.49e+16,2.2e+16,-4.8e+16,1.66e+16,gcmt,1789_gcmtb,subduction_intraslab
C201509172040A,2015-09-17T20:40:37,-72.02,-30.08,31.0,5.5,mw,357.0,30.0,103.0,162.0,61.0,82.0,73.0,53.0,7.0,166.0,15.0,257.0,8.42e+16,600000000000000.0,-8.49e+16,2.2e+16,-4.8e+16,1.66e+16,gcmt,1789_gcmt,subduction_intraslab
20150917204031,2015-09-17T20:40:37,-72.02,-30.08,31.0,5.3,mwc,357.0,30.0,103.0,162.0,61.0,82.0,73.0,53.0,7.0,166.0,15.0,257.0,8.42e+16,600000000000000.0,-8.49e+16,2.2e+16,-4.8e+16,1.66e+16,us,1789_us,subduction_intraslab
201509172208A,2015-09-17T22:08:00,-72.27,-30.37,21.0,5.1,mw,358.0,28.0,86.0,183.0,63.0,92.0,73.0,98.0,,,17.0,271.0,,,,,,,gmt,1790_gmt,subduction_intraslab
610637563,2015-09-17T22:08:06,-72.211,-30.259,21.4,5.1,mw,183.0,63.0,92.0,358.0,28.0,86.0,44.85532929357278,277.5629967996125,3.0290459035980146,184.5450026759194,44.98468318602675,91.51333778689668,5.03,-0.8,-4.23,-0.31,-3.24,-0.01,gem,1790_gem,subduction_intraslab
20150917220803,2015-09-17T22:08:10,-72.27,-30.37,21.4,5.1,mwc,358.0,28.0,86.0,183.0,63.0,92.0,72.0,98.0,2.0,2.0,18.0,271.0,5.03e+16,-7990000000000000.0,-4.23e+16,-3130000000000000.0,-3.24e+16,-120000000000000.0,us,1790_us,subduction_intraslab
201509172239A,2015-09-17T22:39:00,-71.96,-31.12,39.0,5.1,mw,237.0,23.0,-52.0,17.0,72.0,-105.0,26.0,118.0,,,60.0,266.0,,,,,,,gmt,1791_gmt,subduction_intraslab
C201509172239A,2015-09-17T22:39:22,-71.96,-31.12,38.5,5.2,mw,237.0,23.0,-52.0,17.0,72.0,-105.0,25.0,119.0,14.0,22.0,61.0,266.0,-3.5e+16,1.81e+16,1.68e+16,-4060000000000001.0,-4.12e+16,1.32e+16,gcmt,1791_gcmtb,subduction_intraslab
20150917223920,2015-09-17T22:39:22,-71.96,-31.12,38.5,5.1,mwc,237.0,23.0,-52.0,17.0,72.0,-105.0,25.0,119.0,14.0,22.0,61.0,266.0,-3.5e+16,1.81e+16,1.68e+16,-4060000000000000.0,-4.12e+16,1.32e+16,us,1791_us,subduction_intraslab
C201509172239A,2015-09-17T22:39:22,-71.96,-31.12,38.5,5.2,mw,237.0,23.0,-52.0,17.0,72.0,-105.0,25.0,119.0,14.0,22.0,61.0,266.0,-3.5e+16,1.81e+16,1.68e+16,-4060000000000001.0,-4.12e+16,1.32e+16,gcmt,1791_gcmt,subduction_intraslab
201509180315A,2015-09-18T03:15:00,-71.76,-31.44,41.0,5.0,mw,3.0,37.0,100.0,171.0,53.0,83.0,80.0,50.0,,,8.0,266.0,,,,,,,gmt,1793_gmt,subduction_intraslab
20150918031540,2015-09-18T03:15:44,-71.76,-31.44,40.7,5.0,mwc,3.0,37.0,100.0,171.0,53.0,83.0,80.0,51.0,6.0,176.0,8.0,266.0,4.06e+16,-970000000000000.0,-3.96e+16,5140000000000000.0,-1.14e+16,1750000000000000.0,us,1793_us,subduction_intraslab
201509180332A,2015-09-18T03:32:00,-72.28,-31.85,28.0,5.1,mw,356.0,22.0,92.0,174.0,68.0,89.0,67.0,82.0,,,23.0,264.0,,,,,,,gmt,1794_gmt,subduction_intraslab
608098398,2015-09-18T03:32:19,-71.964,-31.723,27.7,5.15,mw,174.0,68.0,89.0,356.0,22.0,92.0,44.97544168456761,262.1911781834423,1.2887974693221866,353.47919701239306,44.99557330143677,84.76812143661084,4.71,-0.22,-4.49,0.51,-4.85,0.36,gem,1794_gem,subduction_intraslab
20150918033217,2015-09-18T03:32:22,-72.28,-31.85,27.7,5.2,mwc,356.0,22.0,92.0,174.0,68.0,89.0,67.0,83.0,1.0,175.0,23.0,265.0,4.71e+16,-2230000000000000.0,-4.49e+16,5070000000000000.0,-4.85e+16,3570000000000000.0,us,1794_us,subduction_intraslab
201509180429A,2015-09-18T04:29:00,-71.99,-31.59,35.0,5.1,mw,5.0,41.0,90.0,185.0,49.0,90.0,86.0,95.0,,,4.0,275.0,,,,,,,gmt,1796_gmt,subduction_intraslab
607744580,2015-09-18T04:29:05,-71.869,-31.623,34.6,5.06,mw,5.0,41.0,90.0,185.0,49.0,90.0,45.00000000000001,95.0000000000004,1.9679682091555514e-13,5.0000000000001705,44.99999999999999,275.0,5.24,-0.92,-4.32,-0.04,-0.64,-0.31,gem,1796_gem,subduction_intraslab
C201509181351A,2015-09-18T13:51:23,-71.9,-31.48,30.4,5.2,mw,356.0,23.0,74.0,194.0,68.0,97.0,66.0,116.0,6.0,11.0,23.0,279.0,2.25e+16,-1740000000000000.0,-2.08e+16,-6870000000000001.0,-2.1e+16,-1360000000000000.0,gcmt,1799_gcmt,subduction_intraslab
C201509181351A,2015-09-18T13:51:23,-71.9,-31.48,30.4,5.2,mw,356.0,23.0,74.0,194.0,68.0,97.0,66.0,116.0,6.0,11.0,23.0,279.0,2.25e+16,-1740000000000000.0,-2.08e+16,-6870000000000001.0,-2.1e+16,-1360000000000000.0,gcmt,1799_gcmtb,subduction_intraslab
20150918135117,2015-09-18T13:51:23,-71.9,-31.48,30.4,4.9,mwc,356.0,23.0,74.0,194.0,68.0,97.0,66.0,116.0,6.0,11.0,23.0,279.0,2.25e+16,-1740000000000000.0,-2.08e+16,-6870000000000000.0,-2.1e+16,-1360000000000000.0,us,1799_us,subduction_intraslab
201509182212A,2015-09-18T22:12:00,-72.29,-30.45,18.0,5.1,mw,356.0,24.0,89.0,177.0,66.0,90.0,69.0,88.0,,,21.0,267.0,,,,,,,gmt,1800_gmt,subduction_intraslab
20150918221216,2015-09-18T22:12:19,-72.29,-30.45,18.0,5.1,mwc,356.0,24.0,89.0,177.0,66.0,90.0,69.0,88.0,0.0,357.0,21.0,267.0,4.39e+16,-1560000000000000.0,-4.23e+16,1950000000000000.0,-3.98e+16,2510000000000000.0,us,1800_us,subduction_intraslab
20003ls4,2015-09-19T08:31:29,-72.13,-30.31,25.5,5.4,mww,167.0,58.0,77.0,11.0,34.0,110.0,74.0,42.0,11.0,174.0,12.0,267.0,1.604e+17,-200000000000000.0,-1.602e+17,3.98e+16,-6.8e+16,1900000000000000.0,us,1803_us,subduction_intraslab
607770404,2015-09-19T08:31:29,-72.13,-30.31,25.5,5.4,mw,11.0,34.0,110.0,167.0,58.0,77.0,74.0,42.0,11.0,174.0,12.0,267.0,16040000000.0,-20000000.0,-16020000000.0,3980000000.0,-6800000000.000001,190000000.0,neic,1803_neic,subduction_intraslab
201509190907A,2015-09-19T09:07:00,-71.86,-31.2,37.0,5.8,mw,353.0,29.0,92.0,171.0,61.0,89.0,74.0,78.0,,,16.0,262.0,,,,,,,gmt,1804_gmt,subduction_intraslab
610433486,2015-09-19T09:07:11,-71.73,-31.11,35.5,5.7,mw,9.0,32.0,104.0,173.0,59.0,81.0,75.0,59.0,7.0,178.0,13.0,269.0,45800000000.0,540000000.0,-46330000000.0,6919999999.999999,-23000000000.0,-1020000000.0,neic,1804_neic,subduction_intraslab
20003lsq,2015-09-19T09:07:11,-71.73,-31.11,35.5,5.7,mww,173.0,59.0,81.0,9.0,32.0,104.0,75.0,59.0,7.0,178.0,13.0,269.0,4.58e+17,5400000000000000.0,-4.633e+17,6.92e+16,-2.3e+17,-1.02e+16,us,1804_us,subduction_intraslab
C201509190907A,2015-09-19T09:07:13,-71.86,-31.2,36.7,5.7,mw,353.0,29.0,92.0,171.0,61.0,89.0,74.0,78.0,1.0,171.0,16.0,262.0,4.95e+17,1.51e+16,-5.11e+17,5.41e+16,-3.12e+17,7.63e+16,gcmt,1804_gcmt,subduction_intraslab
C201509190907A,2015-09-19T09:07:13,-71.86,-31.2,36.7,5.7,mw,353.0,29.0,92.0,171.0,61.0,89.0,74.0,78.0,1.0,171.0,16.0,262.0,4.95e+17,1.51e+16,-5.11e+17,5.41e+16,-3.12e+17,7.63e+16,gcmt,1804_gcmtb,subduction_intraslab
201509191308A,2015-09-19T13:08:00,-72.18,-30.71,23.0,5.6,mw,359.0,26.0,100.0,168.0,65.0,85.0,70.0,68.0,,,19.0,262.0,,,,,,,gmt,1806_gmt,subduction_intraslab
610637670,2015-09-19T13:09:00,-72.021,-30.59,23.0,5.6,mw,168.0,65.0,85.0,359.0,26.0,100.0,44.24529856666656,247.8186531520865,7.020758731538627,344.7078707994586,44.89861988199483,81.75682264291237,2.4,0.04,-2.44,0.53,-1.95,0.3,gem,1806_gem,subduction_intraslab
20003lv1,2015-09-19T13:09:02,-72.05,-30.67,23.5,5.6,mww,180.0,72.0,93.0,351.0,18.0,81.0,63.0,95.0,3.0,359.0,27.0,268.0,1.957e+17,-1.09e+16,-1.848e+17,-6800000000000000.0,-2.63e+17,1.44e+16,us,1806_us,subduction_intraslab
610637670,2015-09-19T13:09:02,-72.05,-30.67,23.5,5.6,mw,180.0,72.0,93.0,351.0,18.0,81.0,63.0,95.0,3.0,359.0,27.0,268.0,19570000000.0,-1090000000.0,-18480000000.0,-680000000.0,-26300000000.0,1439999999.9999998,neic,1806_neic,subduction_intraslab
C201509191308A,2015-09-19T13:09:05,-72.18,-30.71,23.0,5.6,mw,359.0,26.0,100.0,168.0,65.0,85.0,70.0,68.0,4.0,170.0,20.0,261.0,2.4e+17,3800000000000000.0,-2.44e+17,5.33e+16,-1.95e+17,3.05e+16,gcmt,1806_gcmt,subduction_intraslab
C201509191308A,2015-09-19T13:09:05,-72.18,-30.71,23.0,5.6,mw,359.0,26.0,100.0,168.0,65.0,85.0,70.0,68.0,4.0,170.0,20.0,261.0,2.4e+17,3800000000000000.0,-2.44e+17,5.33e+16,-1.95e+17,3.05e+16,gcmt,1806_gcmtb,subduction_intraslab
201509191813A,2015-09-19T18:13:00,-72.14,-31.41,38.0,5.0,mw,6.0,31.0,97.0,179.0,59.0,86.0,75.0,76.0,,,14.0,271.0,,,,,,,gmt,1807_gmt,subduction_intraslab
607776566,2015-09-19T18:13:17,-71.897,-31.278,38.2,4.97,mw,6.0,31.0,97.0,179.0,59.0,86.0,44.08694553120288,76.049749330508,7.488004242471261,173.36425287290297,44.93984898485043,270.9011030253708,3.22,-0.09,-3.12,0.18,-1.74,-0.14,gem,1807_gem,subduction_intraslab
20150919181314,2015-09-19T18:13:19,-72.14,-31.41,38.2,5.0,mwc,6.0,31.0,97.0,179.0,59.0,86.0,75.0,78.0,3.0,181.0,14.0,271.0,3.22e+16,-940000000000000.0,-3.12e+16,1800000000000000.0,-1.74e+16,-1350000000000000.0,us,1807_us,subduction_intraslab
201509200302A,2015-09-20T03:02:00,-71.47,-31.02,50.0,5.1,mw,340.0,33.0,75.0,178.0,58.0,100.0,75.0,114.0,,,13.0,261.0,,,,,,,gmt,1808_gmt,subduction_intraslab
607776793,2015-09-20T03:02:01,-71.433,-30.8446,53.0,5.0,mw,176.65,68.82,102.09,325.99,24.25,61.61,64.0,107.0,11.0,352.0,23.0,257.0,3111000000.0000005,-506000000.0,-2606000000.0,-271000000.0,-3233000000.0,947000000.0,neic,1808_neic,subduction_intraslab
20150920030201,2015-09-20T03:02:01,-71.47,-31.02,49.7,5.1,mwc,340.0,33.0,75.0,178.0,58.0,100.0,75.0,115.0,8.0,353.0,13.0,261.0,5.42e+16,1560000000000000.0,-5.58e+16,-3880000000000000.0,-2.73e+16,1.14e+16,us,1808_us,subduction_intraslab
C201509200302A,2015-09-20T03:02:02,-71.47,-31.02,49.7,5.0,mw,340.0,33.0,75.0,178.0,58.0,100.0,75.0,115.0,8.0,353.0,13.0,261.0,5.42e+16,1560000000000000.0,-5.58e+16,-3880000000000000.0,-2.73e+16,1.14e+16,gcmt,1808_gcmt,subduction_intraslab
C201509200302A,2015-09-20T03:02:02,-71.47,-31.02,49.7,5.0,mw,340.0,33.0,75.0,178.0,58.0,100.0,75.0,115.0,8.0,353.0,13.0,261.0,5.42e+16,1560000000000000.0,-5.58e+16,-3880000000000000.0,-2.73e+16,1.14e+16,gcmt,1808_gcmtb,subduction_intraslab
201509200607A,2015-09-20T06:07:00,-72.18,-31.79,23.0,5.2,mw,350.0,27.0,83.0,178.0,63.0,94.0,72.0,96.0,,,18.0,265.0,,,,,,,gmt,1809_gmt,subduction_intraslab
C201509200607A,2015-09-20T06:07:06,-72.18,-31.79,23.1,5.1,mw,350.0,27.0,83.0,178.0,63.0,94.0,72.0,96.0,3.0,356.0,18.0,265.0,6.32e+16,-1270000000000000.0,-6.19e+16,-390000000000000.0,-4.519999999999999e+16,6680000000000000.0,gcmt,1809_gcmt,subduction_intraslab
C201509200607A,2015-09-20T06:07:06,-72.18,-31.79,23.1,5.1,mw,350.0,27.0,83.0,178.0,63.0,94.0,72.0,96.0,3.0,356.0,18.0,265.0,6.32e+16,-1270000000000000.0,-6.19e+16,-390000000000000.0,-4.519999999999999e+16,6680000000000000.0,gcmt,1809_gcmtb,subduction_intraslab
201509200902A,2015-09-20T09:02:00,-72.3,-30.36,17.0,5.1,mw,7.0,22.0,77.0,201.0,69.0,95.0,66.0,120.0,,,23.0,287.0,,,,,,,gmt,1810_gmt,subduction_intraslab
20150920090232,2015-09-20T09:02:38,-72.3,-30.36,17.4,5.1,mwc,7.0,22.0,77.0,201.0,69.0,95.0,66.0,119.0,5.0,19.0,24.0,287.0,3.66e+16,-3180000000000000.0,-3.35e+16,-1.55e+16,-3.58e+16,-7480000000000000.0,us,1810_us,subduction_intraslab
C201509200902A,2015-09-20T09:02:38,-72.3,-30.36,17.4,5.1,mw,7.0,22.0,77.0,201.0,69.0,95.0,66.0,119.0,5.0,19.0,24.0,287.0,3.66e+16,-3180000000000000.0,-3.35e+16,-1.55e+16,-3.58e+16,-7480000000000000.0,gcmt,1810_gcmt,subduction_intraslab
C201509200902A,2015-09-20T09:02:38,-72.3,-30.36,17.4,5.1,mw,7.0,22.0,77.0,201.0,69.0,95.0,66.0,119.0,5.0,19.0,24.0,287.0,3.66e+16,-3180000000000000.0,-3.35e+16,-1.55e+16,-3.58e+16,-7480000000000000.0,gcmt,1810_gcmtb,subduction_intraslab
20150920171828,2015-09-20T17:18:30,-71.92,-30.46,34.1,4.9,mwc,353.0,29.0,88.0,175.0,61.0,91.0,74.0,88.0,1.0,355.0,16.0,264.0,2.72e+16,-200000000000000.0,-2.7e+16,1100000000000000.0,-1.68e+16,2810000000000000.0,us,1811_us,subduction_intraslab
C201509201718A,2015-09-20T17:18:30,-71.92,-30.46,34.1,5.0,mw,353.0,29.0,88.0,175.0,61.0,91.0,74.0,88.0,1.0,355.0,16.0,264.0,2.72e+16,-200000000000000.0,-2.7e+16,1100000000000000.0,-1.68e+16,2810000000000000.5,gcmt,1811_gcmt,subduction_intraslab
C201509201718A,2015-09-20T17:18:30,-71.92,-30.46,34.1,5.0,mw,353.0,29.0,88.0,175.0,61.0,91.0,74.0,88.0,1.0,355.0,16.0,264.0,2.72e+16,-200000000000000.0,-2.7e+16,1100000000000000.0,-1.68e+16,2810000000000000.5,gcmt,1811_gcmtb,subduction_intraslab
20003m8x,2015-09-20T20:29:11,-71.7434,-30.5328,38.0,4.3,mwr,155.19,68.62,63.55,28.96,33.52,138.69,58.0,29.0,25.0,165.0,19.0,265.0,2253300000000000.0,1110600000000000.0,-3363800000000000.0,1398000000000000.0,-2118200000000000.0,-9000000000000.0,us,1812_us,subduction_intraslab
201509210539A,2015-09-21T05:39:00,-71.84,-31.66,38.0,6.1,mw,2.0,28.0,101.0,170.0,63.0,84.0,72.0,66.0,,,17.0,264.0,,,,,,,gmt,1813_gmt,subduction_intraslab
20003mcj,2015-09-21T05:39:37,-71.83,-31.59,40.5,6.1,mww,168.0,58.0,81.0,6.0,33.0,104.0,75.0,51.0,8.0,174.0,12.0,265.0,1.58e+18,6.1e+16,-1.641e+18,3e+17,-7.19e+17,8.9e+16,us,1813_us,subduction_intraslab
C201509210539A,2015-09-21T05:39:39,-71.84,-31.66,37.6,6.1,mw,2.0,28.0,101.0,170.0,63.0,84.0,72.0,67.0,5.0,173.0,18.0,264.0,1.41e+18,6.900000000000001e+16,-1.48e+18,2.52e+17,-1.01e+18,1.11e+17,gcmt,1813_gcmt,subduction_intraslab
C201509210539A,2015-09-21T05:39:39,-71.84,-31.66,37.6,6.1,mw,2.0,28.0,101.0,170.0,63.0,84.0,72.0,67.0,5.0,173.0,18.0,264.0,1.41e+18,6.900000000000001e+16,-1.48e+18,2.52e+17,-1.01e+18,1.11e+17,gcmt,1813_gcmtb,subduction_intraslab
611836705,2015-09-21T05:39:45,-71.712,-31.9236,37.9,6.2,mw,2.72,21.33,106.15,165.45,69.55,83.8,65.0,65.0,6.0,168.0,24.0,260.0,158200000000.0,-7900000000.0,-150400000000.0,54500000000.00001,-168400000000.0,13100000000.0,neic,1813_neic,subduction_intraslab
201509211537A,2015-09-21T15:37:00,-71.95,-31.17,31.0,5.5,mw,353.0,24.0,90.0,172.0,66.0,90.0,69.0,83.0,,,21.0,263.0,,,,,,,gmt,1814_gmt,subduction_intraslab
610433564,2015-09-21T15:37:08,-71.807,-31.076,31.0,5.47,mw,172.0,66.0,90.0,353.0,24.0,90.0,45.000000000000014,262.0,1.2722218725854067e-14,352.0,44.99999999999999,82.0,1.41,0.09,-1.5,0.19,-1.34,0.21,gem,1814_gem,subduction_intraslab
C201509211537A,2015-09-21T15:37:12,-71.95,-31.17,31.0,5.4,mw,353.0,24.0,90.0,172.0,66.0,90.0,69.0,82.0,0.0,172.0,21.0,262.0,1.41e+17,8900000000000000.0,-1.5e+17,1.86e+16,-1.34e+17,2.15e+16,gcmt,1814_gcmt,subduction_intraslab
C201509211537A,2015-09-21T15:37:12,-71.95,-31.17,31.0,5.4,mw,353.0,24.0,90.0,172.0,66.0,90.0,69.0,82.0,0.0,172.0,21.0,262.0,1.41e+17,8900000000000000.0,-1.5e+17,1.86e+16,-1.34e+17,2.15e+16,gcmt,1814_gcmtb,subduction_intraslab
C201509211739A,2015-09-21T17:40:06,-71.81,-31.77,39.0,6.6,mw,1.0,28.0,92.0,178.0,62.0,89.0,73.0,86.0,1.0,179.0,17.0,269.0,7.85e+18,1.8e+17,-8.03e+18,2.4e+17,-5.42e+18,3e+16,gcmt,1815_gcmt,subduction_intraslab
C201509211739A,2015-09-21T17:40:06,-71.81,-31.77,39.0,6.6,mw,1.0,28.0,92.0,178.0,62.0,89.0,73.0,86.0,1.0,179.0,17.0,269.0,7.85e+18,1.8e+17,-8.03e+18,2.4e+17,-5.42e+18,3e+16,gcmt,1815_gcmtb,subduction_intraslab
20003mi0,2015-09-21T17:40:08,-71.87,-31.84,35.5,6.6,mww,171.0,62.0,82.0,9.0,29.0,105.0,72.0,62.0,7.0,175.0,17.0,268.0,7.063e+18,6.47e+17,-7.71e+18,1.246e+18,-4.836e+18,3.8e+16,us,1815_us,subduction_intraslab
607860433,2015-09-21T17:40:08,-71.87,-31.84,35.5,6.6,mw,9.0,29.0,105.0,171.0,62.0,82.0,72.0,62.0,7.0,175.0,17.0,268.0,706300000000.0,64700000000.0,-771000000000.0,124600000000.0,-483600000000.0,3800000000.0,neic,1815_neic,subduction_intraslab
201509211836A,2015-09-21T18:36:00,-72.02,-31.14,39.0,5.8,mw,347.0,32.0,87.0,171.0,58.0,92.0,77.0,86.0,,,13.0,259.0,,,,,,,gmt,1816_gmt,subduction_intraslab
C201509211836A,2015-09-21T18:36:57,-72.02,-31.14,38.8,5.5,mw,347.0,32.0,87.0,171.0,58.0,92.0,77.0,86.0,2.0,350.0,13.0,259.0,5.86e+17,-8.55e+16,-5e+17,3e+16,-2.66e+17,8.43e+16,gcmt,1816_gcmt,subduction_intraslab
C201509211836A,2015-09-21T18:36:57,-72.02,-31.14,38.8,5.5,mw,347.0,32.0,87.0,171.0,58.0,92.0,77.0,86.0,2.0,350.0,13.0,259.0,5.86e+17,-8.55e+16,-5e+17,3e+16,-2.66e+17,8.43e+16,gcmt,1816_gcmtb,subduction_intraslab
610433566,2015-09-21T18:36:59,-71.7,-31.05,35.5,5.5,mw,1.0,28.0,94.0,176.0,62.0,88.0,73.0,81.0,2.0,177.0,17.0,268.0,19850000000.0,-1320000000.0,-18530000000.0,1380000000.0000002,-12780000000.0,400000000.0,neic,1816_neic,subduction_intraslab
20003mis,2015-09-21T18:36:59,-71.7,-31.05,35.5,5.5,mww,176.0,62.0,88.0,1.0,28.0,94.0,73.0,81.0,2.0,177.0,17.0,268.0,1.985e+17,-1.32e+16,-1.853e+17,1.38e+16,-1.278e+17,4000000000000000.0,us,1816_us,subduction_intraslab
201509211956A,2015-09-21T19:56:00,-71.87,-31.94,42.0,5.7,mw,345.0,30.0,93.0,162.0,60.0,88.0,75.0,67.0,,,15.0,253.0,,,,,,,gmt,1817_gmt,subduction_intraslab
607779466,2015-09-21T19:56:07,-72.01,-31.67,25.5,5.6,mw,162.0,75.0,87.0,355.0,15.0,102.0,60.0,68.0,3.0,163.0,30.0,255.0,15100000000.0,1930000000.0,-17030000000.0,8930000000.0,-27360000000.000004,4420000000.0,neic,1817_neic,subduction_intraslab
20003mjn,2015-09-21T19:56:07,-72.01,-31.67,25.5,5.6,mww,162.0,75.0,87.0,355.0,15.0,102.0,60.0,68.0,3.0,163.0,30.0,255.0,1.51e+17,1.93e+16,-1.703e+17,8.93e+16,-2.736e+17,4.42e+16,us,1817_us,subduction_intraslab
C201509211956A,2015-09-21T19:56:13,-71.87,-31.94,42.2,5.6,mw,345.0,30.0,93.0,162.0,60.0,88.0,75.0,66.0,2.0,162.0,15.0,253.0,4.34e+17,-4.63e+16,-3.88e+17,8.67e+16,-2.32e+17,1.1100000000000002e+17,gcmt,1817_gcmtb,subduction_intraslab
C201509211956A,2015-09-21T19:56:13,-71.87,-31.94,42.2,5.6,mw,345.0,30.0,93.0,162.0,60.0,88.0,75.0,66.0,2.0,162.0,15.0,253.0,4.34e+17,-4.63e+16,-3.88e+17,8.67e+16,-2.32e+17,1.1100000000000002e+17,gcmt,1817_gcmt,subduction_intraslab
201509220712A,2015-09-22T07:12:00,-71.39,-31.58,64.0,6.1,mw,0.0,28.0,103.0,165.0,63.0,83.0,71.0,60.0,,,18.0,260.0,,,,,,,gmt,1818_gmt,subduction_intraslab
610433581,2015-09-22T07:13:00,-71.153,-31.448,60.1,6.05,mw,0.0,28.0,103.0,165.0,63.0,83.0,43.33676374393308,60.07746982583683,10.32068413921796,159.9715105590053,44.82325700670977,260.3985743271512,1.15,0.14,-1.29,0.28,-0.83,0.2,gem,1818_gem,subduction_intraslab
C201509220712A,2015-09-22T07:13:04,-71.39,-31.58,64.5,6.0,mw,0.0,28.0,103.0,165.0,63.0,83.0,71.0,60.0,6.0,168.0,17.0,260.0,1.15e+18,1.4199999999999998e+17,-1.29e+18,2.7900000000000003e+17,-8.27e+17,2.03e+17,gcmt,1818_gcmtb,subduction_intraslab
C201509220712A,2015-09-22T07:13:04,-71.39,-31.58,64.5,6.0,mw,0.0,28.0,103.0,165.0,63.0,83.0,71.0,60.0,6.0,168.0,17.0,260.0,1.15e+18,1.4199999999999998e+17,-1.29e+18,2.7900000000000003e+17,-8.27e+17,2.03e+17,gcmt,1818_gcmt,subduction_intraslab
201509231132A,2015-09-23T11:32:00,-72.03,-31.67,29.0,5.1,mw,356.0,27.0,84.0,182.0,64.0,93.0,72.0,100.0,,,18.0,270.0,,,,,,,gmt,1819_gmt,subduction_intraslab
607797513,2015-09-23T11:32:40,-72.29,-31.63,23.5,5.0,mw,179.0,56.0,94.0,352.0,34.0,84.0,79.0,104.0,3.0,357.0,11.0,267.0,3195000000.0,229000000.0,-3424000000.0,-109000000.0,-1340000000.0,253000000.0,neic,1819_neic,subduction_intraslab
20003nam,2015-09-23T11:32:40,-72.29,-31.63,23.5,5.0,mww,179.0,56.0,94.0,352.0,34.0,84.0,79.0,104.0,3.0,357.0,11.0,267.0,3.195e+16,2290000000000000.0,-3.424e+16,-1090000000000000.0,-1.34e+16,2530000000000000.0,us,1819_us,subduction_intraslab
607797513,2015-09-23T11:32:42,-71.909,-31.604,29.4,5.13,mw,182.0,64.0,93.0,356.0,27.0,84.0,44.70249073562917,278.4765588204982,4.372102577590643,184.13706096096487,44.96452636349903,89.75761033637036,4.91,0.06,-4.97,-0.28,-3.73,0.1,gem,1819_gem,subduction_intraslab
C201509231132A,2015-09-23T11:32:47,-72.03,-31.67,29.4,5.0,mw,356.0,27.0,84.0,182.0,64.0,93.0,71.0,99.0,3.0,1.0,19.0,270.0,4.91e+16,550000000000000.0,-4.97e+16,-2770000000000000.0,-3.73e+16,950000000000000.0,gcmt,1819_gcmt,subduction_intraslab
C201509231132A,2015-09-23T11:32:47,-72.03,-31.67,29.4,5.0,mw,356.0,27.0,84.0,182.0,64.0,93.0,71.0,99.0,3.0,1.0,19.0,270.0,4.91e+16,550000000000000.0,-4.97e+16,-2770000000000000.0,-3.73e+16,950000000000000.0,gcmt,1819_gcmtb,subduction_intraslab
201509252030A,2015-09-25T20:30:00,-72.27,-30.58,28.0,5.0,mw,344.0,30.0,75.0,181.0,62.0,98.0,73.0,112.0,,,16.0,265.0,,,,,,,gmt,1821_gmt,subduction_intraslab
201509260251A,2015-09-26T02:51:00,-71.62,-30.88,52.0,6.3,mw,357.0,33.0,94.0,172.0,57.0,88.0,78.0,74.0,,,12.0,264.0,,,,,,,gmt,1822_gmt,subduction_intraslab
611836729,2015-09-26T02:51:18,-71.303,-30.782,50.4,6.27,mw,172.0,57.0,88.0,357.0,33.0,94.0,44.717936832509146,255.23861686127128,4.113987846724252,349.322770100108,44.98717074840743,83.44555432802338,2.78,0.26,-3.04,0.24,-1.3,0.34,gem,1822_gem,subduction_intraslab
C201509260251A,2015-09-26T02:51:22,-71.62,-30.88,51.7,6.3,mw,357.0,33.0,94.0,172.0,57.0,88.0,78.0,74.0,2.0,173.0,12.0,264.0,2.78e+18,2.58e+17,-3.04e+18,2.42e+17,-1.3e+18,3.37e+17,gcmt,1822_gcmt,subduction_intraslab
C201509260251A,2015-09-26T02:51:22,-71.62,-30.88,51.7,6.3,mw,357.0,33.0,94.0,172.0,57.0,88.0,78.0,74.0,2.0,173.0,12.0,264.0,2.78e+18,2.58e+17,-3.04e+18,2.42e+17,-1.3e+18,3.37e+17,gcmt,1822_gcmtb,subduction_intraslab
611836729,2015-09-26T02:51:24,-71.27,-30.92,60.5,6.3,mw,179.0,63.0,98.0,342.0,28.0,75.0,71.0,107.0,7.0,356.0,18.0,263.0,284600000000.0,-11700000000.0,-272900000000.0,-21400000000.0,-204300000000.00003,45400000000.0,neic,1822_neic,subduction_intraslab
20003p9y,2015-09-26T02:51:24,-71.27,-30.92,60.5,6.3,mww,179.0,63.0,98.0,342.0,28.0,75.0,71.0,107.0,7.0,356.0,18.0,263.0,2.846e+18,-1.17e+17,-2.729e+18,-2.14e+17,-2.043e+18,4.54e+17,us,1822_us,subduction_intraslab
201509272104A,2015-09-27T21:04:00,-71.73,-31.79,38.0,5.1,mw,336.0,31.0,80.0,167.0,60.0,96.0,75.0,94.0,,,14.0,253.0,,,,,,,gmt,1823_gmt,subduction_intraslab
607833220,2015-09-27T21:04:45,-71.722,-31.638,38.2,5.12,mw,167.0,60.0,96.0,336.0,31.0,80.0,43.306673489781005,272.8256947861872,10.26215841708164,173.0,44.873871730368165,72.61548847704171,5.46,-0.76,-4.7,0.31,-2.96,1.51,gem,1823_gem,subduction_intraslab
20150927210445,2015-09-27T21:04:51,-71.73,-31.79,38.2,5.1,mwc,336.0,31.0,80.0,167.0,60.0,96.0,75.0,93.0,5.0,344.0,14.0,253.0,5.46e+16,-7640000000000000.0,-4.7e+16,3100000000000000.0,-2.96e+16,1.51e+16,us,1823_us,subduction_intraslab
C201509272104A,2015-09-27T21:04:51,-71.73,-31.79,38.2,5.4,mw,336.0,31.0,80.0,167.0,60.0,96.0,75.0,93.0,5.0,344.0,14.0,253.0,5.46e+16,-7640000000000000.0,-4.7e+16,3100000000000000.0,-2.96e+16,1.51e+16,gcmt,1823_gcmt,subduction_intraslab
C201509272104A,2015-09-27T21:04:51,-71.73,-31.79,38.2,5.4,mw,336.0,31.0,80.0,167.0,60.0,96.0,75.0,93.0,5.0,344.0,14.0,253.0,5.46e+16,-7640000000000000.0,-4.7e+16,3100000000000000.0,-2.96e+16,1.51e+16,gcmt,1823_gcmtb,subduction_intraslab
201510021622A,2015-10-02T16:22:00,-71.82,-30.77,36.0,5.0,mw,349.0,26.0,109.0,148.0,66.0,81.0,68.0,41.0,,,20.0,245.0,,,,,,,gmt,1825_gmt,subduction_intraslab
607849908,2015-10-02T16:22:46,-71.801,-30.595,32.5,5.01,mw,148.0,66.0,81.0,349.0,26.0,109.0,42.79830865202257,221.00445524113684,12.147168020183528,322.5007799943012,44.66257292647461,64.78271054392621,3.07,-0.38,-2.69,1.65,-2.13,1.04,gem,1825_gem,subduction_intraslab
20151002162247,2015-10-02T16:22:52,-71.82,-30.77,35.8,5.0,mwc,349.0,26.0,109.0,148.0,66.0,81.0,68.0,41.0,8.0,152.0,20.0,245.0,3.07e+16,-3790000000000000.0,-2.69e+16,1.65e+16,-2.13e+16,1.04e+16,us,1825_us,subduction_intraslab
201510030626A,2015-10-03T06:26:00,-71.75,-30.33,42.0,5.9,mw,13.0,35.0,108.0,171.0,57.0,77.0,75.0,47.0,,,11.0,270.0,,,,,,,gmt,1828_gmt,subduction_intraslab
608007317,2015-10-03T06:26:56,-71.485,-30.296,42.0,5.88,mw,13.0,35.0,108.0,171.0,57.0,77.0,36.405018581531536,46.622254364565606,23.26914360155377,155.1100967028101,44.52472110469735,270.1313196313435,0.74,0.04,-0.77,0.15,-0.3,-0.02,gem,1828_gem,subduction_intraslab
10003jyt,2015-10-03T06:26:59,-71.46,-30.31,45.5,5.9,mww,170.0,50.0,77.0,10.0,42.0,105.0,79.0,22.0,10.0,179.0,4.0,270.0,7.71e+17,-2.16e+16,-7.494e+17,1.47e+17,-1.089e+17,-8400000000000000.0,us,1828_us,subduction_intraslab
608007317,2015-10-03T06:26:59,-71.46,-30.31,45.5,5.9,mw,10.0,42.0,105.0,170.0,50.0,77.0,79.0,22.0,10.0,179.0,4.0,270.0,77100000000.0,-2160000000.0,-74940000000.0,14700000000.0,-10890000000.0,-840000000.0000001,neic,1828_neic,subduction_intraslab
C201510030626A,2015-10-03T06:27:00,-71.75,-30.33,42.1,5.9,mw,13.0,35.0,108.0,171.0,57.0,77.0,75.0,45.0,10.0,178.0,11.0,270.0,7.38e+17,3.9e+16,-7.77e+17,1.48e+17,-3.04e+17,-2.2e+16,gcmt,1828_gcmt,subduction_intraslab
C201510030626A,2015-10-03T06:27:00,-71.75,-30.33,42.1,5.9,mw,13.0,35.0,108.0,171.0,57.0,77.0,75.0,45.0,10.0,178.0,11.0,270.0,7.38e+17,3.9e+16,-7.77e+17,1.48e+17,-3.04e+17,-2.2e+16,gcmt,1828_gcmtb,subduction_intraslab
610433780,2015-10-03T11:21:02,-71.76,-29.8,30.5,5.1,mw,6.0,28.0,91.0,185.0,62.0,89.0,73.0,94.0,0.0,185.0,17.0,276.0,4974000000.0,-81000000.0,-4893000000.0,-285000000.0,-3374000000.0,-485000000.0,neic,1829_neic,subduction_intraslab
10003k08,2015-10-03T11:21:02,-71.76,-29.8,30.5,5.1,mww,185.0,62.0,89.0,6.0,28.0,91.0,73.0,94.0,0.0,185.0,17.0,276.0,4.974e+16,-810000000000000.0,-4.893e+16,-2850000000000000.0,-3.374e+16,-4850000000000000.0,us,1829_us,subduction_intraslab
610433780,2015-10-03T11:21:02,-71.747,-29.835,31.5,5.22,mw,1.0,28.0,86.0,186.0,62.0,92.0,44.822383903406745,100.62518940379027,3.339570337800997,7.300631558355292,44.98318342936645,273.9573392854469,0.69,0.02,-0.7,-0.07,-0.48,-0.04,gem,1829_gem,subduction_intraslab
C201510031121A,2015-10-03T11:21:06,-71.88,-29.95,31.5,5.1,mw,1.0,28.0,86.0,186.0,62.0,92.0,72.0,101.0,2.0,5.0,17.0,274.0,6.860000000000001e+16,1600000000000000.0,-7.019999999999999e+16,-6500000000000000.0,-4.81e+16,-4300000000000000.0,gcmt,1829_gcmt,subduction_intraslab
C201510031121A,2015-10-03T11:21:06,-71.88,-29.95,31.5,5.1,mw,1.0,28.0,86.0,186.0,62.0,92.0,72.0,101.0,2.0,5.0,17.0,274.0,6.860000000000001e+16,1600000000000000.0,-7.019999999999999e+16,-6500000000000000.0,-4.81e+16,-4300000000000000.0,gcmt,1829_gcmtb,subduction_intraslab
610433794,2015-10-04T03:49:55,-72.15,-30.37,25.5,5.5,mw,6.0,22.0,104.0,171.0,68.0,84.0,66.0,72.0,5.0,173.0,23.0,266.0,16320000000.0,-450000000.0,-15870000000.0,3499999999.9999995,-16790000000.0,190000000.0,neic,1830_neic,subduction_intraslab
10003k53,2015-10-04T03:49:55,-72.15,-30.37,25.5,5.5,mww,171.0,68.0,84.0,6.0,22.0,104.0,66.0,72.0,5.0,173.0,23.0,266.0,1.632e+17,-4500000000000000.0,-1.587e+17,3.5e+16,-1.679e+17,1900000000000000.0,us,1830_us,subduction_intraslab
201510041011A,2015-10-04T10:11:00,-71.88,-30.68,31.0,5.1,mw,5.0,30.0,103.0,169.0,61.0,83.0,73.0,62.0,,,16.0,265.0,,,,,,,gmt,1831_gmt,subduction_intraslab
607857284,2015-10-04T10:11:55,-71.766,-30.618,30.5,5.06,mw,5.0,30.0,103.0,169.0,61.0,83.0,42.67680816337547,61.80519109030786,12.0990970448058,163.2047433132509,44.80344168353057,265.4970484722043,4.22,-0.16,-4.06,0.81,-2.47,0.18,gem,1831_gem,subduction_intraslab
10003k6h,2015-10-04T10:11:57,-72.33,-30.5,35.5,5.0,mww,175.0,54.0,69.0,28.0,41.0,116.0,72.0,32.0,17.0,188.0,7.0,280.0,3.226e+16,5650000000000000.0,-3.79e+16,6930000000000000.0,-1.05e+16,-8960000000000000.0,us,1831_us,subduction_intraslab
607857284,2015-10-04T10:11:57,-72.33,-30.5,35.5,5.0,mw,28.0,41.0,116.0,175.0,54.0,69.0,72.0,32.0,17.0,188.0,7.0,280.0,3226000000.0,564999999.9999999,-3790000000.0,692999999.9999999,-1050000000.0,-896000000.0,neic,1831_neic,subduction_intraslab
C201510041011A,2015-10-04T10:12:01,-71.88,-30.68,30.5,5.0,mw,5.0,30.0,103.0,169.0,61.0,83.0,73.0,61.0,7.0,173.0,16.0,265.0,4.22e+16,-1570000000000000.0,-4.06e+16,8110000000000002.0,-2.47e+16,1800000000000000.0,gcmt,1831_gcmt,subduction_intraslab
C201510041011A,2015-10-04T10:12:01,-71.88,-30.68,30.5,5.0,mw,5.0,30.0,103.0,169.0,61.0,83.0,73.0,61.0,7.0,173.0,16.0,265.0,4.22e+16,-1570000000000000.0,-4.06e+16,8110000000000002.0,-2.47e+16,1800000000000000.0,gcmt,1831_gcmtb,subduction_intraslab
201510051633A,2015-10-05T16:33:00,-71.78,-30.36,43.0,5.9,mw,8.0,34.0,101.0,175.0,57.0,83.0,77.0,61.0,,,11.0,270.0,,,,,,,gmt,1832_gmt,subduction_intraslab
611836757,2015-10-05T16:33:26,-71.485,-30.292,39.9,5.88,mw,8.0,34.0,101.0,175.0,57.0,83.0,41.36035459911376,61.1518108640326,14.924863063617853,164.72355117544862,44.82925461140737,270.0881402876082,0.74,0.04,-0.78,0.08,-0.33,-0.02,gem,1832_gem,subduction_intraslab
10003kg9,2015-10-05T16:33:28,-71.67,-30.3,45.5,5.9,mww,178.0,56.0,82.0,13.0,35.0,102.0,78.0,60.0,7.0,183.0,10.0,274.0,7.882e+17,-9.91e+16,-6.891e+17,9.17e+16,-2.841e+17,-6.41e+16,us,1832_us,subduction_intraslab
C201510051633A,2015-10-05T16:33:30,-71.78,-30.36,42.8,5.9,mw,8.0,34.0,101.0,175.0,57.0,83.0,77.0,63.0,6.0,179.0,12.0,270.0,7.45e+17,3.9e+16,-7.84e+17,8.1e+16,-3.31e+17,-1.6e+16,gcmt,1832_gcmt,subduction_intraslab
C201510051633A,2015-10-05T16:33:30,-71.78,-30.36,42.8,5.9,mw,8.0,34.0,101.0,175.0,57.0,83.0,77.0,63.0,6.0,179.0,12.0,270.0,7.45e+17,3.9e+16,-7.84e+17,8.1e+16,-3.31e+17,-1.6e+16,gcmt,1832_gcmtb,subduction_intraslab
611836757,2015-10-05T16:33:42,-71.7086,-30.3096,39.3,5.9,mw,187.04,65.06,96.9,351.04,25.82,75.52,69.0,111.0,6.0,4.0,20.0,272.0,72170000000.0,-4760000000.0,-67410000000.0,-12740000000.0,-57160000000.0,1870000000.0,neic,1832_neic,subduction_intraslab
201510091827A,2015-10-09T18:27:00,-71.82,-31.81,36.0,5.4,mw,342.0,25.0,75.0,179.0,66.0,97.0,68.0,102.0,,,21.0,263.0,,,,,,,gmt,1835_gmt,subduction_intraslab
10003mjs,2015-10-09T18:27:35,-71.97,-31.76,40.5,5.5,mww,181.0,60.0,92.0,356.0,30.0,86.0,75.0,97.0,2.0,360.0,15.0,269.0,1.515e+17,2.71e+16,-1.786e+17,-4000000000000000.0,-9.72e+16,4200000000000000.0,us,1835_us,subduction_intraslab
607861151,2015-10-09T18:27:35,-71.97,-31.76,40.5,5.5,mw,181.0,60.0,92.0,356.0,30.0,86.0,75.0,97.0,2.0,360.0,15.0,269.0,15150000000.0,2710000000.0,-17860000000.0,-400000000.0,-9720000000.0,420000000.00000006,neic,1835_neic,subduction_intraslab
C201510091827A,2015-10-09T18:27:39,-71.82,-31.81,36.2,5.5,mw,342.0,25.0,75.0,179.0,66.0,97.0,69.0,103.0,6.0,356.0,20.0,263.0,1.3500000000000002e+17,5500000000000000.0,-1.3999999999999998e+17,-5800000000000000.0,-1.21e+17,2.43e+16,gcmt,1835_gcmtb,subduction_intraslab
C201510091827A,2015-10-09T18:27:39,-71.82,-31.81,36.2,5.5,mw,342.0,25.0,75.0,179.0,66.0,97.0,69.0,103.0,6.0,356.0,20.0,263.0,1.3500000000000002e+17,5500000000000000.0,-1.3999999999999998e+17,-5800000000000000.0,-1.21e+17,2.43e+16,gcmt,1835_gcmt,subduction_intraslab
201510120315A,2015-10-12T03:15:00,-71.96,-31.28,32.0,5.6,mw,355.0,28.0,97.0,167.0,62.0,86.0,73.0,68.0,,,17.0,260.0,,,,,,,gmt,1837_gmt,subduction_intraslab
C201510120315A,2015-10-12T03:15:24,-71.96,-31.28,32.5,5.6,mw,355.0,28.0,97.0,167.0,62.0,86.0,73.0,68.0,3.0,169.0,17.0,260.0,2.17e+17,8500000000000002.0,-2.26e+17,4.07e+16,-1.44e+17,3.91e+16,gcmt,1837_gcmt,subduction_intraslab
C201510120315A,2015-10-12T03:15:24,-71.96,-31.28,32.5,5.6,mw,355.0,28.0,97.0,167.0,62.0,86.0,73.0,68.0,3.0,169.0,17.0,260.0,2.17e+17,8500000000000002.0,-2.26e+17,4.07e+16,-1.44e+17,3.91e+16,gcmt,1837_gcmtb,subduction_intraslab
10003mxa,2015-10-12T03:15:24,-71.81,-31.17,35.5,5.6,mww,170.0,60.0,82.0,6.0,30.0,104.0,73.0,60.0,7.0,174.0,15.0,266.0,2.32e+17,1.45e+16,-2.465e+17,4.12e+16,-1.376e+17,9900000000000000.0,us,1837_us,subduction_intraslab
610433906,2015-10-12T03:15:24,-71.81,-31.17,35.5,5.6,mw,6.0,30.0,104.0,170.0,60.0,82.0,73.0,60.0,7.0,174.0,15.0,266.0,23200000000.0,1450000000.0,-24650000000.0,4120000000.0,-13759999999.999998,990000000.0,neic,1837_neic,subduction_intraslab
10003mxb,2015-10-12T03:31:32,-71.8149,-31.1841,31.0,4.6,mwr,168.97,65.22,75.25,21.1,28.6,118.88,67.0,52.0,13.0,175.0,19.0,270.0,7374000000000000.0,1487000000000000.0,-8861000000000000.0,2056000000000000.0,-6306000000000000.0,-692000000000000.0,us,1838_us,subduction_intraslab
201510151923A,2015-10-15T19:23:00,-71.67,-30.4,36.0,5.0,mw,29.0,33.0,114.0,180.0,60.0,75.0,71.0,58.0,,,14.0,282.0,,,,,,,gmt,1839_gmt,subduction_intraslab
610433955,2015-10-15T19:23:21,-71.726,-30.562,33.1,5.01,mw,29.0,33.0,114.0,180.0,60.0,75.0,36.37229711135492,57.5744360975404,23.70999494774657,166.44684833289398,44.23360017841252,281.7611003921731,3.12,0.59,-3.71,0.3,-1.97,-1.06,gem,1839_gem,subduction_intraslab
10003ny7,2015-10-15T19:23:23,-71.65,-30.54,35.5,4.9,mww,172.0,56.0,72.0,23.0,38.0,115.0,72.0,37.0,15.0,183.0,10.0,275.0,2.362e+16,320000000000000.0,-2.394e+16,6190000000000000.0,-9050000000000000.0,-3410000000000000.0,us,1839_us,subduction_intraslab
201510201006A,2015-10-20T10:06:00,-71.51,-30.79,43.0,5.2,mw,179.0,40.0,107.0,337.0,52.0,76.0,78.0,196.0,,,6.0,77.0,,,,,,,gmt,1840_gmt,subduction_intraslab
608100378,2015-10-20T10:06:13,-71.512,-30.747,43.0,5.2,mw,179.0,40.0,107.0,337.0,52.0,76.0,26.32777888291313,196.07118204590785,33.981481561079526,305.55479404522674,44.478897621717664,76.99880399193853,0.78,-0.08,-0.7,-0.21,0.12,0.13,gem,1840_gem,subduction_intraslab
C201510201006A,2015-10-20T10:06:19,-71.51,-30.79,43.0,5.0,mw,179.0,40.0,107.0,337.0,52.0,76.0,77.0,196.0,11.0,345.0,6.0,77.0,7.84e+16,-8400000000000002.0,-6.999999999999999e+16,-2.08e+16,1.24e+16,1.34e+16,gcmt,1840_gcmtb,subduction_intraslab
C201510201006A,2015-10-20T10:06:19,-71.51,-30.79,43.0,5.0,mw,179.0,40.0,107.0,337.0,52.0,76.0,77.0,196.0,11.0,345.0,6.0,77.0,7.84e+16,-8400000000000002.0,-6.999999999999999e+16,-2.08e+16,1.24e+16,1.34e+16,gcmt,1840_gcmt,subduction_intraslab
201510242124A,2015-10-24T21:24:00,-71.64,-31.5,51.0,5.0,mw,341.0,33.0,79.0,174.0,57.0,97.0,76.0,105.0,,,12.0,259.0,,,,,,,gmt,1841_gmt,subduction_intraslab
C201510242124A,2015-10-24T21:24:49,-71.64,-31.5,51.3,5.0,mw,341.0,33.0,79.0,174.0,57.0,97.0,76.0,107.0,6.0,350.0,12.0,259.0,3.64e+16,5270000000000000.0,-4.17e+16,-120000000000000.0,-1.84e+16,1.04e+16,gcmt,1841_gcmtb,subduction_intraslab
C201510242124A,2015-10-24T21:24:49,-71.64,-31.5,51.3,5.0,mw,341.0,33.0,79.0,174.0,57.0,97.0,76.0,107.0,6.0,350.0,12.0,259.0,3.64e+16,5270000000000000.0,-4.17e+16,-120000000000000.0,-1.84e+16,1.04e+16,gcmt,1841_gcmt,subduction_intraslab
10003v5a,2015-11-06T08:44:13,-72.26,-30.23,17.5,5.4,mww,174.0,66.0,85.0,6.0,25.0,101.0,69.0,74.0,5.0,176.0,20.0,268.0,1.166e+17,-1800000000000000.0,-1.148e+17,1.6e+16,-9.94e+16,-1100000000000000.0,us,1844_us,subduction_intraslab
610459370,2015-11-06T08:44:13,-72.26,-30.23,17.5,5.4,mw,6.0,25.0,101.0,174.0,66.0,85.0,69.0,74.0,5.0,176.0,20.0,268.0,11660000000.0,-179999999.99999997,-11479999999.999998,1600000000.0,-9940000000.0,-110000000.0,neic,1844_neic,subduction_intraslab
C201511070731A,2015-11-07T07:31:48,-71.66,-30.99,43.4,6.8,mw,359.0,33.0,97.0,171.0,58.0,86.0,77.0,67.0,4.0,173.0,12.0,264.0,1.29e+19,7.7e+17,-1.3700000000000002e+19,1.52e+18,-6.08e+18,1.43e+18,gcmt,1846_gcmt,subduction_intraslab
C201511070731A,2015-11-07T07:31:48,-71.66,-30.99,43.4,6.8,mw,359.0,33.0,97.0,171.0,58.0,86.0,77.0,67.0,4.0,173.0,12.0,264.0,1.29e+19,7.7e+17,-1.3700000000000002e+19,1.52e+18,-6.08e+18,1.43e+18,gcmt,1846_gcmtb,subduction_intraslab
10003vie,2015-11-07T10:31:19,-71.363,-30.765,69.0,4.9,mwr,13.4,83.25,-77.13,130.62,14.51,-152.02,37.0,92.0,13.0,192.0,50.0,298.0,-5480000000000000.0,-2113000000000000.0,7593000000000000.0,-5904000000000000.0,-2.2072e+16,-3520000000000000.0,us,1847_us,subduction_intraslab
201511071053A,2015-11-07T10:53:00,-71.71,-30.88,45.0,5.8,mw,349.0,31.0,86.0,174.0,59.0,92.0,76.0,91.0,,,14.0,262.0,,,,,,,gmt,1848_gmt,subduction_intraslab
608023744,2015-11-07T10:53:43,-71.443,-30.701,44.6,5.77,mw,174.0,59.0,92.0,349.0,31.0,86.0,44.781980699856575,269.81911161821347,3.64550478939918,176.1939369919512,44.98638091239807,82.54276922843258,4.7,0.38,-5.08,0.19,-2.64,0.82,gem,1848_gem,subduction_intraslab
C201511071053A,2015-11-07T10:53:48,-71.71,-30.88,44.6,5.7,mw,349.0,31.0,86.0,174.0,59.0,92.0,76.0,91.0,2.0,353.0,14.0,262.0,4.7e+17,3.83e+16,-5.08e+17,1.93e+16,-2.64e+17,8.23e+16,gcmt,1848_gcmtb,subduction_intraslab
C201511071053A,2015-11-07T10:53:48,-71.71,-30.88,44.6,5.7,mw,349.0,31.0,86.0,174.0,59.0,92.0,76.0,91.0,2.0,353.0,14.0,262.0,4.7e+17,3.83e+16,-5.08e+17,1.93e+16,-2.64e+17,8.23e+16,gcmt,1848_gcmt,subduction_intraslab
201511212305A,2015-11-21T23:05:00,-71.98,-30.66,33.0,5.8,mw,5.0,28.0,102.0,171.0,63.0,84.0,72.0,67.0,,,17.0,266.0,,,,,,,gmt,1854_gmt,subduction_intraslab
C201511212305A,2015-11-21T23:05:34,-71.98,-30.66,32.7,5.8,mw,5.0,28.0,102.0,171.0,63.0,84.0,72.0,67.0,6.0,174.0,18.0,266.0,4.82e+17,3.21e+16,-5.14e+17,7.97e+16,-3.46e+17,2.04e+16,gcmt,1854_gcmt,subduction_intraslab
C201511212305A,2015-11-21T23:05:34,-71.98,-30.66,32.7,5.8,mw,5.0,28.0,102.0,171.0,63.0,84.0,72.0,67.0,6.0,174.0,18.0,266.0,4.82e+17,3.21e+16,-5.14e+17,7.97e+16,-3.46e+17,2.04e+16,gcmt,1854_gcmtb,subduction_intraslab
201511240914A,2015-11-24T09:14:00,-72.2,-31.85,25.0,5.0,mw,359.0,27.0,90.0,179.0,63.0,90.0,72.0,89.0,,,18.0,269.0,,,,,,,gmt,1855_gmt,subduction_intraslab
C201511240914A,2015-11-24T09:14:20,-72.2,-31.85,25.1,5.0,mw,359.0,27.0,90.0,179.0,63.0,90.0,72.0,89.0,0.0,179.0,18.0,269.0,3.45e+16,-2710000000000000.0,-3.18e+16,420000000000000.0,-2.39e+16,480000000000000.0,gcmt,1855_gcmt,subduction_intraslab
C201511240914A,2015-11-24T09:14:20,-72.2,-31.85,25.1,5.0,mw,359.0,27.0,90.0,179.0,63.0,90.0,72.0,89.0,0.0,179.0,18.0,269.0,3.45e+16,-2710000000000000.0,-3.18e+16,420000000000000.0,-2.39e+16,480000000000000.0,gcmt,1855_gcmtb,subduction_intraslab
C201511272100A,2015-11-27T21:00:28,-70.9,-24.76,41.1,6.2,mw,13.0,26.0,113.0,167.0,66.0,79.0,67.0,57.0,10.0,172.0,20.0,266.0,1.65e+18,2.4e+17,-1.89e+18,4.79e+17,-1.48e+18,2.7e+16,gcmt,1856_gcmt,subduction_intraslab
100044k5,2015-12-07T07:51:12,-71.3468,-31.4021,60.0,5.1,mwr,174.01,69.91,85.08,8.07,20.66,103.19,65.0,76.0,5.0,176.0,25.0,268.0,3.6192e+16,8130000000000000.0,-4.4322e+16,5837000000000000.0,-4.6919e+16,108000000000000.0,us,1859_us,subduction_intraslab
612127639,2015-12-07T07:51:12,-71.3468,-31.4021,60.0,5.1,mw,8.07,20.66,103.19,174.01,69.91,85.08,65.0,76.0,5.0,176.0,25.0,268.0,3619000000.0,812999999.9999999,-4432000000.0,584000000.0,-4692000000.0,11000000.0,neic,1859_neic,subduction_intraslab
201512081256A,2015-12-08T12:56:00,-71.89,-30.92,35.0,5.6,mw,354.0,24.0,91.0,173.0,66.0,89.0,69.0,82.0,,,21.0,263.0,,,,,,,gmt,1860_gmt,subduction_intraslab
612127725,2015-12-08T12:56:07,-71.756,-30.828,33.2,5.61,mw,173.0,66.0,89.0,354.0,24.0,91.0,44.9716610328198,261.0279897242803,1.3650757127007076,352.3921027069798,44.99582209722334,83.75736685891343,2.44,0.09,-2.52,0.28,-2.18,0.3,gem,1860_gem,subduction_intraslab
1000454p,2015-12-08T12:56:12,-71.74,-30.89,40.5,5.6,mww,170.0,57.0,92.0,347.0,33.0,87.0,78.0,87.0,2.0,349.0,12.0,259.0,2.979e+17,-600000000000000.0,-2.973e+17,1.74e+16,-1.376e+17,6.22e+16,us,1860_us,subduction_intraslab
612127725,2015-12-08T12:56:12,-71.74,-30.89,40.5,5.6,mw,170.0,57.0,92.0,347.0,33.0,87.0,78.0,87.0,2.0,349.0,12.0,259.0,29790000000.0,-60000000.0,-29730000000.0,1739999999.9999998,-13759999999.999998,6220000000.0,neic,1860_neic,subduction_intraslab
C201512081256A,2015-12-08T12:56:13,-71.89,-30.92,35.4,5.6,mw,354.0,24.0,91.0,173.0,66.0,89.0,69.0,82.0,0.0,173.0,21.0,263.0,2.44e+17,8500000000000002.0,-2.52e+17,2.8100000000000004e+16,-2.18e+17,2.99e+16,gcmt,1860_gcmt,subduction_intraslab
C201512081256A,2015-12-08T12:56:13,-71.89,-30.92,35.4,5.6,mw,354.0,24.0,91.0,173.0,66.0,89.0,69.0,82.0,0.0,173.0,21.0,263.0,2.44e+17,8500000000000002.0,-2.52e+17,2.8100000000000004e+16,-2.18e+17,2.99e+16,gcmt,1860_gcmtb,subduction_intraslab
201512191925A,2015-12-19T19:25:00,-71.54,-30.7,62.0,5.8,mw,359.0,32.0,99.0,168.0,58.0,84.0,76.0,62.0,,,13.0,262.0,,,,,,,gmt,1862_gmt,subduction_intraslab
611838525,2015-12-19T19:25:05,-71.262,-30.623,54.1,5.82,mw,168.0,58.0,84.0,359.0,32.0,99.0,42.87693326721298,239.9646676875716,11.403954468252175,340.759144369725,44.88113507126721,82.34710075146711,5.38,1.3,-6.68,0.81,-2.96,1.03,gem,1862_gem,subduction_intraslab
100048du,2015-12-19T19:25:07,-71.37,-30.64,60.5,5.8,mww,166.0,54.0,86.0,353.0,36.0,96.0,80.0,59.0,3.0,168.0,9.0,259.0,6.005e+17,-2.09e+16,-5.796e+17,7.65e+16,-1.94e+17,1.099e+17,us,1862_us,subduction_intraslab
611838525,2015-12-19T19:25:07,-71.37,-30.64,60.5,5.8,mw,166.0,54.0,86.0,353.0,36.0,96.0,80.0,59.0,3.0,168.0,9.0,259.0,60050000000.0,-2090000000.0,-57960000000.0,7650000000.0,-19400000000.0,10990000000.0,neic,1862_neic,subduction_intraslab
C201512191925A,2015-12-19T19:25:09,-71.54,-30.7,62.4,5.8,mw,359.0,32.0,99.0,168.0,58.0,84.0,76.0,61.0,5.0,171.0,13.0,262.0,5.38e+17,1.3e+17,-6.68e+17,8.11e+16,-2.96e+17,1.03e+17,gcmt,1862_gcmtb,subduction_intraslab
C201512191925A,2015-12-19T19:25:09,-71.54,-30.7,62.4,5.8,mw,359.0,32.0,99.0,168.0,58.0,84.0,76.0,61.0,5.0,171.0,13.0,262.0,5.38e+17,1.3e+17,-6.68e+17,8.11e+16,-2.96e+17,1.03e+17,gcmt,1862_gcmt,subduction_intraslab
201512261758B,2015-12-26T17:58:00,-72.33,-31.8,30.0,5.2,mw,323.0,29.0,67.0,168.0,63.0,102.0,69.0,104.0,,,18.0,250.0,,,,,,,gmt,1863_gmt,subduction_intraslab
612128476,2015-12-26T17:58:11,-72.27,-31.85,25.5,5.0,mw,168.0,69.0,89.0,351.0,21.0,93.0,66.0,76.0,1.0,169.0,24.0,259.0,2896000000.0,87000000.0,-2983000000.0,697000000.0,-3242000000.0,582000000.0,neic,1863_neic,subduction_intraslab
100049py,2015-12-26T17:58:11,-72.27,-31.85,25.5,5.0,mww,168.0,69.0,89.0,351.0,21.0,93.0,66.0,76.0,1.0,169.0,24.0,259.0,2.896e+16,870000000000000.0,-2.983e+16,6970000000000000.0,-3.242e+16,5820000000000000.0,us,1863_us,subduction_intraslab
C201512261758B,2015-12-26T17:58:13,-72.33,-31.8,29.7,5.0,mw,323.0,29.0,67.0,168.0,63.0,102.0,69.0,103.0,11.0,343.0,17.0,249.0,5.58e+16,-7470000000000000.0,-4.83e+16,1830000000000000.0,-4.18e+16,2.36e+16,gcmt,1863_gcmtb,subduction_intraslab
C201512261758B,2015-12-26T17:58:13,-72.33,-31.8,29.7,5.0,mw,323.0,29.0,67.0,168.0,63.0,102.0,69.0,103.0,11.0,343.0,17.0,249.0,5.58e+16,-7470000000000000.0,-4.83e+16,1830000000000000.0,-4.18e+16,2.36e+16,gcmt,1863_gcmt,subduction_intraslab
201601071540A,2016-01-07T15:40:00,-74.29,-41.65,32.0,5.1,mw,13.0,24.0,98.0,184.0,66.0,86.0,69.0,87.0,,,21.0,277.0,,,,,,,gmt,1864_gmt,subduction_intraslab
C201601071540A,2016-01-07T15:40:46,-74.29,-41.65,32.4,5.0,mw,13.0,24.0,98.0,184.0,66.0,86.0,69.0,87.0,3.0,186.0,21.0,277.0,4.35e+16,-580000000000000.0,-4.29e+16,-1560000000000000.0,-3.97e+16,-6780000000000000.0,gcmt,1864_gcmt,subduction_intraslab
C201601071540A,2016-01-07T15:40:46,-74.29,-41.65,32.4,5.0,mw,13.0,24.0,98.0,184.0,66.0,86.0,69.0,87.0,3.0,186.0,21.0,277.0,4.35e+16,-580000000000000.0,-4.29e+16,-1560000000000000.0,-3.97e+16,-6780000000000000.0,gcmt,1864_gcmtb,subduction_intraslab
608160945,2016-01-07T15:40:49,-74.03,-41.64,35.5,5.0,mw,45.0,31.0,135.0,175.0,69.0,67.0,59.0,51.0,22.0,184.0,20.0,282.0,2278000000.0,677000000.0,-2955000000.0,517000000.0,-2593000000.0,-1256999999.9999998,neic,1864_neic,subduction_intraslab
10004c4b,2016-01-07T15:40:49,-74.03,-41.64,35.5,5.0,mww,175.0,69.0,67.0,45.0,31.0,135.0,59.0,51.0,22.0,184.0,20.0,282.0,2.278e+16,6770000000000000.0,-2.955e+16,5170000000000000.0,-2.593e+16,-1.257e+16,us,1864_us,subduction_intraslab
201601080112A,2016-01-08T01:12:00,-71.94,-30.74,33.0,5.7,mw,1.0,29.0,97.0,174.0,62.0,86.0,73.0,73.0,,,16.0,266.0,,,,,,,gmt,1865_gmt,subduction_intraslab
608162916,2016-01-08T01:12:05,-71.79,-30.66,35.5,5.7,mw,8.0,33.0,97.0,180.0,57.0,86.0,77.0,76.0,4.0,182.0,12.0,273.0,43659999999.99999,-140000000.0,-43530000000.0,2090000000.0,-20170000000.0,-2780000000.0000005,neic,1865_neic,subduction_intraslab
10004c96,2016-01-08T01:12:05,-71.79,-30.66,35.5,5.7,mww,180.0,57.0,86.0,8.0,33.0,97.0,77.0,76.0,4.0,182.0,12.0,273.0,4.366e+17,-1400000000000000.0,-4.353e+17,2.09e+16,-2.017e+17,-2.78e+16,us,1865_us,subduction_intraslab
C201601080112A,2016-01-08T01:12:05,-71.94,-30.74,32.7,5.7,mw,1.0,29.0,97.0,174.0,62.0,86.0,73.0,75.0,3.0,175.0,17.0,266.0,4.07e+17,2.05e+16,-4.28e+17,4.33e+16,-2.7000000000000003e+17,2.09e+16,gcmt,1865_gcmtb,subduction_intraslab
C201601080112A,2016-01-08T01:12:05,-71.94,-30.74,32.7,5.7,mw,1.0,29.0,97.0,174.0,62.0,86.0,73.0,75.0,3.0,175.0,17.0,266.0,4.07e+17,2.05e+16,-4.28e+17,4.33e+16,-2.7000000000000003e+17,2.09e+16,gcmt,1865_gcmt,subduction_intraslab
10004db0,2016-01-10T13:33:34,-71.7915,-31.3174,36.0,4.7,mwr,7.1,32.21,103.78,170.93,58.83,81.47,75.0,58.0,7.0,175.0,13.0,267.0,1.155e+16,2340000000000000.0,-1.389e+16,1721000000000000.0,-6367000000000000.0,481000000000000.0,us,1866_us,subduction_intraslab
201601260019A,2016-01-26T00:19:00,-71.99,-32.66,32.0,5.1,mw,344.0,39.0,83.0,173.0,51.0,96.0,82.0,115.0,,,6.0,259.0,,,,,,,gmt,1869_gmt,subduction_intraslab
201601292007A,2016-01-29T20:07:00,-71.74,-30.28,42.0,5.1,mw,14.0,33.0,105.0,177.0,58.0,80.0,75.0,60.0,,,13.0,273.0,,,,,,,gmt,1870_gmt,subduction_intraslab
612141655,2016-01-29T20:07:14,-71.71,-30.315,33.3,5.11,mw,14.0,33.0,105.0,177.0,58.0,80.0,40.13539302410517,59.72512670999845,17.43495781784215,165.07944613049233,44.69759092373528,273.184086468294,5.24,-0.02,-5.22,0.69,-2.52,-0.51,gem,1870_gem,subduction_intraslab
C201601292007A,2016-01-29T20:07:20,-71.74,-30.28,41.7,5.2,mw,14.0,33.0,105.0,177.0,58.0,80.0,75.0,60.0,8.0,182.0,13.0,274.0,5.24e+16,-230000000000000.0,-5.22e+16,6860000000000001.0,-2.52e+16,-5110000000000000.0,gcmt,1870_gcmt,subduction_intraslab
20160129200715,2016-01-29T20:07:20,-71.74,-30.28,41.7,5.1,mwc,14.0,33.0,105.0,177.0,58.0,80.0,75.0,60.0,8.0,182.0,13.0,274.0,5.24e+16,-230000000000000.0,-5.22e+16,6860000000000000.0,-2.52e+16,-5110000000000000.0,us,1870_us,subduction_intraslab
C201601292007A,2016-01-29T20:07:20,-71.74,-30.28,41.7,5.2,mw,14.0,33.0,105.0,177.0,58.0,80.0,75.0,60.0,8.0,182.0,13.0,274.0,5.24e+16,-230000000000000.0,-5.22e+16,6860000000000001.0,-2.52e+16,-5110000000000000.0,gcmt,1870_gcmtb,subduction_intraslab
201602050528A,2016-02-05T05:28:00,-72.08,-31.0,35.0,5.0,mw,1.0,33.0,90.0,181.0,57.0,90.0,78.0,91.0,,,12.0,271.0,,,,,,,gmt,1873_gmt,subduction_intraslab
608505010,2016-02-05T05:28:07,-71.867,-31.078,30.2,5.05,mw,1.0,33.0,90.0,181.0,57.0,90.0,45.00000000000001,91.0,2.6835930124848418e-15,1.0,45.00000000000001,271.0,4.74,-0.97,-3.77,-0.02,-1.91,-0.06,gem,1873_gem,subduction_intraslab
20160205052808,2016-02-05T05:28:13,-72.08,-31.0,35.0,5.0,mwc,1.0,33.0,90.0,181.0,57.0,90.0,78.0,90.0,0.0,181.0,12.0,271.0,4.74e+16,-9660000000000000.0,-3.77e+16,-180000000000000.0,-1.91e+16,-570000000000000.0,us,1873_us,subduction_intraslab
C201602050528A,2016-02-05T05:28:13,-72.08,-31.0,35.0,5.1,mw,1.0,33.0,90.0,181.0,57.0,90.0,78.0,90.0,0.0,181.0,12.0,271.0,4.74e+16,-9660000000000000.0,-3.77e+16,-180000000000000.0,-1.91e+16,-570000000000000.0,gcmt,1873_gcmtb,subduction_intraslab
C201602050528A,2016-02-05T05:28:13,-72.08,-31.0,35.0,5.1,mw,1.0,33.0,90.0,181.0,57.0,90.0,78.0,90.0,0.0,181.0,12.0,271.0,4.74e+16,-9660000000000000.0,-3.77e+16,-180000000000000.0,-1.91e+16,-570000000000000.0,gcmt,1873_gcmt,subduction_intraslab
201602100033A,2016-02-10T00:33:00,-71.9,-30.62,36.0,6.4,mw,11.0,29.0,103.0,176.0,61.0,83.0,72.0,70.0,,,17.0,271.0,,,,,,,gmt,1874_gmt,subduction_intraslab
C201602100033A,2016-02-10T00:33:11,-71.9,-30.62,36.2,6.3,mw,11.0,29.0,103.0,176.0,61.0,83.0,73.0,69.0,6.0,180.0,16.0,272.0,3.53e+18,1.64e+17,-3.69e+18,3.89e+17,-2.28e+18,-2.41e+17,gcmt,1874_gcmt,subduction_intraslab
C201602100033A,2016-02-10T00:33:11,-71.9,-30.62,36.2,6.3,mw,11.0,29.0,103.0,176.0,61.0,83.0,73.0,69.0,6.0,180.0,16.0,272.0,3.53e+18,1.64e+17,-3.69e+18,3.89e+17,-2.28e+18,-2.41e+17,gcmt,1874_gcmtb,subduction_intraslab
20004z5b,2016-02-10T00:33:13,-71.62,-30.53,40.5,6.3,mww,176.0,62.0,87.0,4.0,28.0,96.0,72.0,78.0,3.0,178.0,17.0,269.0,3.44e+18,-1.22e+17,-3.318e+18,2.75e+17,-2.34e+18,-9000000000000000.0,us,1874_us,subduction_intraslab
611838828,2016-02-10T00:33:19,-71.7332,-31.1792,39.2,6.4,mw,11.1,24.19,108.37,171.09,67.11,81.94,67.0,66.0,7.0,174.0,22.0,267.0,395400000000.0,-44400000000.0,-351000000000.0,94500000000.0,-348100000000.0,-16100000000.0,neic,1874_neic,subduction_intraslab
201602190533A,2016-02-19T05:33:00,-71.81,-30.62,36.0,5.0,mw,358.0,31.0,89.0,179.0,59.0,91.0,76.0,91.0,,,14.0,269.0,,,,,,,gmt,1875_gmt,subduction_intraslab
10004qzj,2016-02-19T05:33:11,-71.8,-30.57,40.5,4.9,mww,175.0,51.0,84.0,5.0,39.0,97.0,83.0,50.0,5.0,179.0,6.0,269.0,2.778e+16,5420000000000000.0,-3.32e+16,1960000000000000.0,-6200000000000000.0,150000000000000.0,us,1875_us,subduction_intraslab
C201603020949A,2016-03-02T09:49:59,-70.98,-18.79,60.4,5.2,mw,343.0,29.0,89.0,165.0,61.0,91.0,74.0,76.0,1.0,344.0,16.0,254.0,5.94e+16,7400000000000000.0,-6.68e+16,1.09e+16,-4.07e+16,2.3e+16,gcmt,1880_gcmt,subduction_intraslab
201603121605A,2016-03-12T16:05:00,-71.73,-30.22,37.0,5.1,mw,18.0,36.0,117.0,166.0,58.0,72.0,70.0,34.0,,,12.0,269.0,,,,,,,gmt,1881_gmt,subduction_intraslab
608482492,2016-03-12T16:05:15,-71.621,-30.27,38.9,5.13,mw,18.0,36.0,117.0,166.0,58.0,72.0,31.09223048163406,34.33464671499314,30.17078715874145,144.85707981142923,43.895487155235855,268.86722208304514,5.56,-0.09,-5.47,1.9,-2.3,-0.28,gem,1881_gem,subduction_intraslab
608482492,2016-03-12T16:05:17,-71.71,-30.24,45.5,5.1,mw,9.0,40.0,115.0,157.0,55.0,70.0,72.0,16.0,16.0,168.0,8.0,261.0,4796000000.0,24000000.0,-4819000000.0,1724000000.0,-1118000000.0000002,588000000.0,neic,1881_neic,subduction_intraslab
10004x18,2016-03-12T16:05:17,-71.71,-30.24,45.5,5.1,mww,157.0,55.0,70.0,9.0,40.0,115.0,72.0,16.0,16.0,168.0,8.0,261.0,4.796e+16,240000000000000.0,-4.819e+16,1.724e+16,-1.118e+16,5880000000000000.0,us,1881_us,subduction_intraslab
C201603121605A,2016-03-12T16:05:19,-71.73,-30.22,37.2,5.1,mw,18.0,36.0,117.0,166.0,58.0,72.0,71.0,34.0,16.0,176.0,11.0,269.0,5.56e+16,-900000000000000.0,-5.47e+16,1.9e+16,-2.3e+16,-2810000000000000.5,gcmt,1881_gcmt,subduction_intraslab
C201603121605A,2016-03-12T16:05:19,-71.73,-30.22,37.2,5.1,mw,18.0,36.0,117.0,166.0,58.0,72.0,71.0,34.0,16.0,176.0,11.0,269.0,5.56e+16,-900000000000000.0,-5.47e+16,1.9e+16,-2.3e+16,-2810000000000000.5,gcmt,1881_gcmtb,subduction_intraslab
201603160349A,2016-03-16T03:49:00,-72.03,-31.28,31.0,5.4,mw,353.0,25.0,85.0,178.0,65.0,92.0,70.0,93.0,,,20.0,267.0,,,,,,,gmt,1882_gmt,subduction_intraslab
C201603160349A,2016-03-16T03:49:37,-72.03,-31.28,30.6,5.3,mw,353.0,25.0,85.0,178.0,65.0,92.0,70.0,93.0,2.0,357.0,20.0,267.0,1.1000000000000002e+17,8100000000000000.0,-1.19e+17,800000000000000.0,-9.73e+16,9600000000000000.0,gcmt,1882_gcmt,subduction_intraslab
C201603160349A,2016-03-16T03:49:37,-72.03,-31.28,30.6,5.3,mw,353.0,25.0,85.0,178.0,65.0,92.0,70.0,93.0,2.0,357.0,20.0,267.0,1.1000000000000002e+17,8100000000000000.0,-1.19e+17,800000000000000.0,-9.73e+16,9600000000000000.0,gcmt,1882_gcmtb,subduction_intraslab
201604041232A,2016-04-04T12:32:00,-72.0,-31.26,29.0,5.4,mw,1.0,23.0,99.0,171.0,67.0,86.0,67.0,74.0,,,22.0,264.0,,,,,,,gmt,1884_gmt,subduction_intraslab
608534586,2016-04-04T12:32:45,-71.824,-31.212,32.5,5.38,mw,1.0,23.0,99.0,171.0,67.0,86.0,44.63029755041876,74.2093221254064,4.982927929709594,169.1469050979249,44.93742584546373,264.1378437533478,1.02,0.04,-1.06,0.19,-1.01,0.08,gem,1884_gem,subduction_intraslab
C201604041232A,2016-04-04T12:32:49,-72.0,-31.26,28.8,5.3,mw,1.0,23.0,99.0,171.0,67.0,86.0,67.0,74.0,3.0,172.0,22.0,264.0,1.02e+17,4300000000000000.0,-1.06e+17,1.92e+16,-1.01e+17,8400000000000002.0,gcmt,1884_gcmt,subduction_intraslab
C201604041232A,2016-04-04T12:32:49,-72.0,-31.26,28.8,5.3,mw,1.0,23.0,99.0,171.0,67.0,86.0,67.0,74.0,3.0,172.0,22.0,264.0,1.02e+17,4300000000000000.0,-1.06e+17,1.92e+16,-1.01e+17,8400000000000002.0,gcmt,1884_gcmtb,subduction_intraslab
201604061735A,2016-04-06T17:35:00,-71.82,-31.46,34.0,5.4,mw,5.0,27.0,95.0,178.0,63.0,87.0,72.0,84.0,,,18.0,271.0,,,,,,,gmt,1885_gmt,subduction_intraslab
C201604061735A,2016-04-06T17:35:43,-71.82,-31.46,34.2,5.3,mw,5.0,27.0,95.0,178.0,63.0,87.0,72.0,82.0,3.0,180.0,18.0,270.0,1.07e+17,1.4199999999999998e+16,-1.21e+17,4500000000000000.0,-8.07e+16,-2800000000000000.0,gcmt,1885_gcmtb,subduction_intraslab
C201604061735A,2016-04-06T17:35:43,-71.82,-31.46,34.2,5.3,mw,5.0,27.0,95.0,178.0,63.0,87.0,72.0,82.0,3.0,180.0,18.0,270.0,1.07e+17,1.4199999999999998e+16,-1.21e+17,4500000000000000.0,-8.07e+16,-2800000000000000.0,gcmt,1885_gcmt,subduction_intraslab
608556047,2016-04-16T06:05:24,-70.096,-26.477,69.6,5.25,mw,143.0,57.0,-49.0,266.0,51.0,-135.0,39.8386295180953,25.30201068485616,49.4316429141774,192.334270630032,6.434148139877876,289.90326248850874,-0.66,0.68,-0.01,0.15,0.52,-0.39,gem,1888_gem,subduction_intraslab
C201604160605A,2016-04-16T06:05:27,-70.15,-26.48,101.9,5.3,mw,266.0,51.0,-135.0,143.0,57.0,-49.0,3.0,206.0,33.0,298.0,57.0,111.0,-6.59e+16,6.760000000000001e+16,-1700000000000000.0,1.51e+16,5.15e+16,-3.9e+16,gcmt,1888_gcmt,subduction_intraslab
20005j8a,2016-04-17T14:59:44,-71.5267,-30.7666,50.0,4.4,mwr,1.29,74.6,90.48,179.49,15.41,88.26,60.0,272.0,0.0,181.0,30.0,91.0,2981700000000000.0,-224600000000000.0,-2757000000000000.0,123700000000000.0,4812100000000000.0,-12700000000000.0,us,1889_us,subduction_intraslab
201604181138A,2016-04-18T11:38:00,-71.49,-31.83,50.0,5.2,mw,347.0,29.0,83.0,175.0,61.0,94.0,73.0,95.0,,,16.0,262.0,,,,,,,gmt,1890_gmt,subduction_intraslab
C201604181138A,2016-04-18T11:38:42,-71.49,-31.83,50.0,5.2,mw,347.0,29.0,83.0,175.0,61.0,94.0,73.0,94.0,3.0,353.0,16.0,262.0,6.939999999999999e+16,5600000000000000.0,-7.5e+16,2200000000000000.0,-4.68e+16,1.24e+16,gcmt,1890_gcmt,subduction_intraslab
C201604181138A,2016-04-18T11:38:42,-71.49,-31.83,50.0,5.2,mw,347.0,29.0,83.0,175.0,61.0,94.0,73.0,94.0,3.0,353.0,16.0,262.0,6.939999999999999e+16,5600000000000000.0,-7.5e+16,2200000000000000.0,-4.68e+16,1.24e+16,gcmt,1890_gcmtb,subduction_intraslab
201605111311A,2016-05-11T13:11:00,-71.95,-30.73,30.0,5.4,mw,3.0,27.0,101.0,171.0,64.0,85.0,71.0,69.0,,,18.0,265.0,,,,,,,gmt,1893_gmt,subduction_intraslab
C201605111311A,2016-05-11T13:11:38,-71.95,-30.73,30.1,5.4,mw,3.0,27.0,101.0,171.0,64.0,85.0,71.0,69.0,5.0,173.0,18.0,265.0,1.19e+17,1.21e+16,-1.31e+17,2.06e+16,-9.27e+16,9600000000000000.0,gcmt,1893_gcmt,subduction_intraslab
C201605111311A,2016-05-11T13:11:38,-71.95,-30.73,30.1,5.4,mw,3.0,27.0,101.0,171.0,64.0,85.0,71.0,69.0,5.0,173.0,18.0,265.0,1.19e+17,1.21e+16,-1.31e+17,2.06e+16,-9.27e+16,9600000000000000.0,gcmt,1893_gcmtb,subduction_intraslab
201605221147A,2016-05-22T11:47:00,-71.93,-30.54,32.0,5.1,mw,6.0,33.0,102.0,172.0,58.0,82.0,76.0,59.0,,,12.0,267.0,,,,,,,gmt,1896_gmt,subduction_intraslab
608816435,2016-05-22T11:47:09,-71.811,-30.616,34.0,5.08,mw,6.0,33.0,102.0,172.0,58.0,82.0,41.5397248432494,58.97967293015523,14.610952480865784,162.3330752881781,44.806006525841205,267.33937877326935,4.76,-0.15,-4.61,0.73,-2.24,0.05,gem,1896_gem,subduction_intraslab
10005j7v,2016-05-22T11:47:14,-71.72,-30.6,35.5,5.1,mww,169.0,50.0,80.0,3.0,41.0,101.0,81.0,25.0,7.0,175.0,4.0,266.0,5.416e+16,7020000000000000.0,-6.117e+16,6920000000000000.0,-7950000000000000.0,4880000000000000.0,us,1896_us,subduction_intraslab
C201605221147A,2016-05-22T11:47:14,-71.93,-30.54,32.2,5.1,mw,6.0,33.0,102.0,172.0,58.0,82.0,75.0,60.0,7.0,176.0,13.0,268.0,4.76e+16,-1510000000000000.0,-4.61e+16,7260000000000000.0,-2.2400000000000004e+16,460000000000000.0,gcmt,1896_gcmtb,subduction_intraslab
608816435,2016-05-22T11:47:14,-71.72,-30.6,35.5,5.1,mw,3.0,41.0,101.0,169.0,50.0,80.0,81.0,25.0,7.0,175.0,4.0,266.0,5416000000.0,702000000.0,-6117000000.0,691999999.9999999,-795000000.0,488000000.0,neic,1896_neic,subduction_intraslab
C201605221147A,2016-05-22T11:47:14,-71.93,-30.54,32.2,5.1,mw,6.0,33.0,102.0,172.0,58.0,82.0,75.0,60.0,7.0,176.0,13.0,268.0,4.76e+16,-1510000000000000.0,-4.61e+16,7260000000000000.0,-2.2400000000000004e+16,460000000000000.0,gcmt,1896_gcmt,subduction_intraslab
608988297,2016-06-05T05:51:11,-71.794,-29.367,31.6,5.77,mw,201.0,74.0,122.0,314.0,35.0,28.0,30.94181618772052,327.06972161753544,34.76519656170979,212.4805357446608,39.84349330282747,87.08552153629171,2.5,1.68,-4.18,-2.18,-3.61,1.32,gem,1898_gem,subduction_intraslab
20006257,2016-06-05T05:51:13,-72.02,-29.45,30.5,5.8,mww,203.0,77.0,116.0,318.0,29.0,28.0,51.0,142.0,25.0,16.0,27.0,272.0,2.554e+17,1.338e+17,-3.892e+17,-2.694e+17,-4.383e+17,1.09e+17,us,1898_us,subduction_intraslab
608988297,2016-06-05T05:51:13,-72.02,-29.45,30.5,5.8,mw,203.0,77.0,116.0,318.0,29.0,28.0,51.0,142.0,25.0,16.0,27.0,272.0,25540000000.0,13380000000.0,-38920000000.0,-26940000000.0,-43830000000.0,10900000000.0,neic,1898_neic,subduction_intraslab
C201606050551A,2016-06-05T05:51:16,-72.03,-29.45,36.2,5.8,mw,314.0,35.0,28.0,201.0,74.0,122.0,50.0,147.0,31.0,11.0,23.0,267.0,2.5e+17,1.68e+17,-4.18e+17,-2.18e+17,-3.61e+17,1.32e+17,gcmt,1898_gcmt,subduction_intraslab
C201606050551A,2016-06-05T05:51:16,-72.03,-29.45,36.2,5.8,mw,314.0,35.0,28.0,201.0,74.0,122.0,50.0,147.0,31.0,11.0,23.0,267.0,2.5e+17,1.68e+17,-4.18e+17,-2.18e+17,-3.61e+17,1.32e+17,gcmt,1898_gcmtb,subduction_intraslab
201606061316A,2016-06-06T13:16:00,-71.8,-30.13,39.0,5.4,mw,13.0,38.0,116.0,161.0,56.0,71.0,72.0,25.0,,,10.0,265.0,,,,,,,gmt,1900_gmt,subduction_intraslab
608991514,2016-06-06T13:16:02,-71.566,-30.079,39.4,5.4,mw,13.0,38.0,116.0,161.0,56.0,71.0,27.64276915036606,24.927354806718085,33.47280088195519,135.18836431986426,43.885084295396325,264.6794755261405,1.35,0.24,-1.59,0.41,-0.47,0.1,gem,1900_gem,subduction_intraslab
C201606061316A,2016-06-06T13:16:06,-71.8,-30.13,39.1,5.5,mw,13.0,38.0,116.0,161.0,56.0,71.0,71.0,25.0,16.0,172.0,9.0,265.0,1.3500000000000002e+17,2.39e+16,-1.59e+17,4.12e+16,-4.69e+16,1e+16,gcmt,1900_gcmtb,subduction_intraslab
C201606061316A,2016-06-06T13:16:06,-71.8,-30.13,39.1,5.5,mw,13.0,38.0,116.0,161.0,56.0,71.0,71.0,25.0,16.0,172.0,9.0,265.0,1.3500000000000002e+17,2.39e+16,-1.59e+17,4.12e+16,-4.69e+16,1e+16,gcmt,1900_gcmt,subduction_intraslab
201606061321A,2016-06-06T13:21:00,-71.66,-30.06,40.0,5.5,mw,1.0,36.0,91.0,179.0,54.0,89.0,81.0,86.0,,,9.0,270.0,,,,,,,gmt,1901_gmt,subduction_intraslab
200062by,2016-06-06T13:21:59,-71.7,-30.0,35.5,5.4,mww,186.0,55.0,88.0,9.0,35.0,92.0,80.0,89.0,1.0,187.0,10.0,277.0,1.318e+17,1.8e+16,-1.498e+17,-3700000000000000.0,-5.38e+16,-2.14e+16,us,1901_us,subduction_intraslab
608991515,2016-06-06T13:21:59,-71.7,-30.0,35.5,5.4,mw,9.0,35.0,92.0,186.0,55.0,88.0,80.0,89.0,1.0,187.0,10.0,277.0,13180000000.0,1800000000.0,-14980000000.0,-370000000.0,-5380000000.0,-2140000000.0,neic,1901_neic,subduction_intraslab
608991515,2016-06-06T13:22:00,-71.535,-30.039,42.0,5.46,mw,1.0,36.0,91.0,179.0,54.0,89.0,44.9385866650067,86.48692053728092,1.899626652165516,178.383520466738,44.99845473474842,270.28408949330867,1.6,0.49,-2.08,0.02,-0.62,-0.0,gem,1901_gem,subduction_intraslab
C201606061321A,2016-06-06T13:22:03,-71.66,-30.06,39.6,5.4,mw,1.0,36.0,91.0,179.0,54.0,89.0,81.0,85.0,1.0,180.0,9.0,270.0,1.6e+17,4.87e+16,-2.08e+17,1799999999999999.8,-6.2e+16,-100000000000000.0,gcmt,1901_gcmt,subduction_intraslab
C201606061321A,2016-06-06T13:22:03,-71.66,-30.06,39.6,5.4,mw,1.0,36.0,91.0,179.0,54.0,89.0,81.0,85.0,1.0,180.0,9.0,270.0,1.6e+17,4.87e+16,-2.08e+17,1799999999999999.8,-6.2e+16,-100000000000000.0,gcmt,1901_gcmtb,subduction_intraslab
201606220354A,2016-06-22T03:54:00,-72.01,-30.68,35.0,5.1,mw,1.0,28.0,97.0,173.0,62.0,86.0,73.0,74.0,,,17.0,266.0,,,,,,,gmt,1903_gmt,subduction_intraslab
C201606220354A,2016-06-22T03:54:43,-72.01,-30.68,35.4,5.1,mw,1.0,28.0,97.0,173.0,62.0,86.0,73.0,74.0,3.0,175.0,17.0,266.0,5.3e+16,1110000000000000.0,-5.41e+16,6280000000000000.0,-3.53e+16,2670000000000000.0,gcmt,1903_gcmt,subduction_intraslab
C201606220354A,2016-06-22T03:54:43,-72.01,-30.68,35.4,5.1,mw,1.0,28.0,97.0,173.0,62.0,86.0,73.0,74.0,3.0,175.0,17.0,266.0,5.3e+16,1110000000000000.0,-5.41e+16,6280000000000000.0,-3.53e+16,2670000000000000.0,gcmt,1903_gcmtb,subduction_intraslab
609060197,2016-06-22T03:54:46,-71.89,-30.63,40.5,5.1,mw,6.0,38.0,102.0,171.0,53.0,81.0,79.0,43.0,8.0,177.0,8.0,268.0,4986000000.0,717000000.0,-5703000000.0,659000000.0,-1432000000.0,181000000.0,neic,1903_neic,subduction_intraslab
200065x1,2016-06-22T03:54:46,-71.89,-30.63,40.5,5.1,mww,171.0,53.0,81.0,6.0,38.0,102.0,79.0,43.0,8.0,177.0,8.0,268.0,4.986e+16,7170000000000000.0,-5.703e+16,6590000000000000.0,-1.432e+16,1810000000000000.0,us,1903_us,subduction_intraslab
201606271251A,2016-06-27T12:51:00,-71.46,-31.58,46.0,5.1,mw,9.0,33.0,107.0,169.0,58.0,79.0,74.0,50.0,,,13.0,267.0,,,,,,,gmt,1905_gmt,subduction_intraslab
609063487,2016-06-27T12:51:13,-71.41,-31.75,48.9,5.07,mw,9.0,33.0,107.0,169.0,58.0,79.0,39.2125448150605,50.35865592454559,19.10181488210324,156.77261379931417,44.61228663963756,266.7507168833343,4.02,1.14,-5.16,0.69,-2.16,0.2,gem,1905_gem,subduction_intraslab
609063487,2016-06-27T12:51:16,-71.27,-31.88,60.5,5.0,mw,179.0,66.0,110.0,319.0,31.0,53.0,64.0,122.0,18.0,351.0,18.0,255.0,2280000000.0,595000000.0,-2875000000.0,-157000000.0,-2188000000.0,1281000000.0,neic,1905_neic,subduction_intraslab
2000676p,2016-06-27T12:51:16,-71.27,-31.88,60.5,5.0,mww,179.0,66.0,110.0,319.0,31.0,53.0,64.0,122.0,18.0,351.0,18.0,255.0,2.28e+16,5950000000000000.0,-2.875e+16,-1570000000000000.0,-2.188e+16,1.281e+16,us,1905_us,subduction_intraslab
C201606271251A,2016-06-27T12:51:18,-71.46,-31.58,45.6,5.0,mw,9.0,33.0,107.0,169.0,58.0,79.0,74.0,49.0,9.0,175.0,13.0,267.0,4.019999999999999e+16,1.14e+16,-5.16e+16,6940000000000000.0,-2.16e+16,2050000000000000.0,gcmt,1905_gcmt,subduction_intraslab
C201606271251A,2016-06-27T12:51:18,-71.46,-31.58,45.6,5.0,mw,9.0,33.0,107.0,169.0,58.0,79.0,74.0,49.0,9.0,175.0,13.0,267.0,4.019999999999999e+16,1.14e+16,-5.16e+16,6940000000000000.0,-2.16e+16,2050000000000000.0,gcmt,1905_gcmtb,subduction_intraslab
100062lm,2016-07-11T13:27:36,-71.4021,-30.678,55.0,4.5,mwr,4.18,30.07,107.41,164.26,61.44,80.17,72.0,52.0,9.0,169.0,16.0,261.0,6374500000000000.0,-396200000000000.0,-5978300000000000.0,1775700000000000.0,-3611400000000000.0,492500000000000.0,us,1907_us,subduction_intraslab
201607180258A,2016-07-18T02:58:00,-71.95,-30.86,25.0,5.1,mw,3.0,13.0,115.0,157.0,78.0,84.0,56.0,60.0,,,33.0,252.0,,,,,,,gmt,1908_gmt,subduction_intraslab
201607180859A,2016-07-18T08:59:00,-71.92,-30.59,37.0,5.1,mw,341.0,38.0,89.0,163.0,52.0,91.0,83.0,77.0,,,7.0,252.0,,,,,,,gmt,1909_gmt,subduction_intraslab
609169311,2016-07-18T08:59:42,-71.75,-30.43,30.9,5.1,mw,163.0,52.0,91.0,341.0,38.0,89.0,44.81849180323077,258.77904405695995,3.250922463811482,165.5434634045613,44.99724977185365,72.28760825991264,5.18,-0.13,-5.05,0.36,-1.38,1.74,gem,1909_gem,subduction_intraslab
20006fhz,2016-07-18T08:59:43,-71.8456,-30.3648,35.0,4.8,mwr,6.66,46.2,122.89,143.61,52.69,60.48,67.0,352.0,23.0,163.0,3.0,254.0,1.7604e+16,3523000000000000.0,-2.1127e+16,6836000000000000.0,-633000000000000.0,7219000000000000.0,us,1909_us,subduction_intraslab
C201607180859A,2016-07-18T08:59:45,-71.92,-30.59,36.6,5.0,mw,341.0,38.0,89.0,163.0,52.0,91.0,83.0,79.0,1.0,343.0,7.0,252.0,5.18e+16,-1300000000000000.0,-5.05e+16,3590000000000000.0,-1.3799999999999998e+16,1.74e+16,gcmt,1909_gcmtb,subduction_intraslab
C201607180859A,2016-07-18T08:59:45,-71.92,-30.59,36.6,5.0,mw,341.0,38.0,89.0,163.0,52.0,91.0,83.0,79.0,1.0,343.0,7.0,252.0,5.18e+16,-1300000000000000.0,-5.05e+16,3590000000000000.0,-1.3799999999999998e+16,1.74e+16,gcmt,1909_gcmt,subduction_intraslab
611830214,2016-07-25T17:26:49,-70.423,-26.134,72.4,6.06,mw,176.0,23.0,-75.0,341.0,68.0,-96.0,44.827130690124505,74.56765956543518,8.08358423270193,336.4518553963011,44.039761687313366,238.55754404412983,-1.28,0.43,0.85,0.48,-1.0,-0.01,gem,1912_gem,subduction_intraslab
C201607251726A,2016-07-25T17:26:52,-70.63,-26.15,87.9,6.1,mw,176.0,23.0,-75.0,341.0,68.0,-96.0,23.0,75.0,6.0,343.0,66.0,240.0,-1.28e+18,4.26e+17,8.53e+17,4.85e+17,-1e+18,-1.5e+16,gcmt,1912_gcmt,subduction_intraslab
10006c1k,2016-08-08T12:24:32,-71.6675,-31.5788,37.0,4.6,mwr,133.9,71.71,46.63,25.52,46.35,154.29,45.0,0.0,41.0,150.0,15.0,254.0,4766000000000000.0,4702000000000000.0,-9468000000000000.0,5799000000000000.0,-2908000000000000.0,2823000000000000.0,us,1916_us,subduction_intraslab
201608300809A,2016-08-30T08:09:00,-72.67,-34.91,31.0,5.4,mw,20.0,20.0,98.0,191.0,70.0,87.0,65.0,97.0,,,25.0,284.0,,,,,,,gmt,1922_gmt,subduction_intraslab
C201608300809A,2016-08-30T08:09:14,-72.67,-34.91,30.5,5.4,mw,20.0,20.0,98.0,191.0,70.0,87.0,65.0,96.0,3.0,192.0,25.0,284.0,1.04e+17,9900000000000000.0,-1.1399999999999998e+17,-2.52e+16,-1.34e+17,-3.63e+16,gcmt,1922_gcmtb,subduction_intraslab
C201608300809A,2016-08-30T08:09:14,-72.67,-34.91,30.5,5.4,mw,20.0,20.0,98.0,191.0,70.0,87.0,65.0,96.0,3.0,192.0,25.0,284.0,1.04e+17,9900000000000000.0,-1.1399999999999998e+17,-2.52e+16,-1.34e+17,-3.63e+16,gcmt,1922_gcmt,subduction_intraslab
20007dbk,2016-10-12T01:59:21,-71.5186,-30.7093,49.0,4.7,mwr,358.29,49.5,95.65,169.62,40.82,83.42,84.0,309.0,4.0,175.0,4.0,84.0,1.1752e+16,1183000000000000.0,-1.2934e+16,604000000000000.0,1972000000000000.0,1490000000000000.0,us,1932_us,subduction_intraslab
C201610250718A,2016-10-25T07:18:27,-71.26,-26.76,30.5,5.0,mw,350.0,26.0,94.0,165.0,64.0,88.0,71.0,70.0,2.0,166.0,19.0,256.0,4.9e+16,-160000000000000.0,-4.88e+16,1.1299999999999998e+16,-3.84e+16,1.17e+16,gcmt,1933_gcmt,subduction_intraslab
609624973,2016-10-29T22:01:44,-72.8,-33.83,25.5,5.2,mw,4.0,15.0,86.0,189.0,75.0,91.0,60.0,101.0,1.0,9.0,30.0,278.0,4080000000.0,61000000.0,-4141000000.0,-1120000000.0000002,-6881000000.0,-505000000.0,neic,1935_neic,subduction_intraslab
100072zy,2016-10-29T22:01:44,-72.8,-33.83,25.5,5.2,mww,189.0,75.0,91.0,4.0,15.0,86.0,60.0,101.0,1.0,9.0,30.0,278.0,4.08e+16,610000000000000.0,-4.141e+16,-1.12e+16,-6.881e+16,-5050000000000000.0,us,1935_us,subduction_intraslab
609624984,2016-10-30T04:49:40,-70.355,-25.178,52.8,5.29,mw,198.0,87.0,-44.0,292.0,46.0,-176.0,30.621395782923805,73.19976163526837,46.07555679490154,201.1191906702001,28.095155594322105,324.7796438351843,-0.13,-0.49,0.61,0.16,0.73,-0.56,gem,1936_gem,subduction_intraslab
C201610300449A,2016-10-30T04:49:46,-70.55,-25.21,51.1,5.3,mw,292.0,46.0,-176.0,198.0,87.0,-44.0,27.0,254.0,46.0,15.0,32.0,145.0,-1.27e+16,-4.86e+16,6.13e+16,1.61e+16,7.34e+16,-5.639999999999999e+16,gcmt,1936_gcmt,subduction_intraslab
201610311115A,2016-10-31T11:15:00,-72.68,-33.74,30.0,5.0,mw,8.0,35.0,85.0,194.0,55.0,94.0,80.0,118.0,,,10.0,282.0,,,,,,,gmt,1938_gmt,subduction_intraslab
1000738c,2016-10-31T11:15:51,-72.61,-33.76,25.5,4.9,mww,181.0,68.0,89.0,4.0,22.0,92.0,67.0,89.0,1.0,181.0,23.0,272.0,2.027e+16,1350000000000000.0,-2.162e+16,-240000000000000.0,-2.109e+16,-920000000000000.0,us,1938_us,subduction_intraslab
609838916,2016-12-08T20:42:36,-71.874,-31.5275,30.3,5.2,mw,176.22,53.45,98.44,342.24,37.38,78.81,79.0,121.0,7.0,351.0,8.0,260.0,7563000000.0,1595000000.0,-9157000000.0,-285000000.0,-2565000000.0,2021999999.9999995,neic,1947_neic,subduction_intraslab
201612120140A,2016-12-12T01:40:00,-71.62,-31.03,52.0,5.0,mw,8.0,38.0,102.0,172.0,53.0,81.0,79.0,45.0,,,8.0,269.0,,,,,,,gmt,1948_gmt,subduction_intraslab
609869842,2016-12-12T01:40:24,-71.346,-30.926,50.1,5.0,mw,8.0,38.0,102.0,172.0,53.0,81.0,35.612445483960585,44.72775954829109,23.97653029438009,153.3028505237428,44.75917193640856,269.47150395658747,3.69,0.17,-3.86,0.49,-0.96,0.01,gem,1948_gem,subduction_intraslab
201612162311A,2016-12-16T23:11:00,-72.06,-30.57,36.0,5.2,mw,334.0,31.0,82.0,163.0,59.0,95.0,75.0,87.0,,,14.0,250.0,,,,,,,gmt,1950_gmt,subduction_intraslab
609916647,2016-12-16T23:11:43,-71.6189,-30.4233,35.6,5.0,mw,158.41,63.93,99.29,317.99,27.57,71.73,70.0,88.0,8.0,334.0,18.0,241.0,2680000000.0,-626000000.0,-2054000000.0,579000000.0,-2063000000.0,1390000000.0,neic,1950_neic,subduction_intraslab
C201612162311A,2016-12-16T23:11:44,-72.06,-30.57,35.8,5.2,mw,334.0,31.0,82.0,163.0,59.0,95.0,76.0,86.0,4.0,341.0,14.0,250.0,6.17e+16,-5860000000000000.0,-5.58e+16,7100000000000000.0,-3.25e+16,2.3e+16,gcmt,1950_gcmt,subduction_intraslab
C201612162311A,2016-12-16T23:11:44,-72.06,-30.57,35.8,5.2,mw,334.0,31.0,82.0,163.0,59.0,95.0,76.0,86.0,4.0,341.0,14.0,250.0,6.17e+16,-5860000000000000.0,-5.58e+16,7100000000000000.0,-3.25e+16,2.3e+16,gcmt,1950_gcmtb,subduction_intraslab
201612251422A,2016-12-25T14:22:00,-74.43,-43.41,33.0,6.8,mw,4.0,19.0,96.0,178.0,71.0,88.0,64.0,84.0,,,26.0,269.0,,,,,,,gmt,1952_gmt,subduction_intraslab
C201612251422A,2016-12-25T14:22:38,-74.43,-43.41,32.8,7.6,mw,4.0,19.0,96.0,178.0,71.0,88.0,64.0,85.0,2.0,179.0,26.0,270.0,1.75e+20,-2.9e+18,-1.73e+20,1.06e+19,-2.2400000000000003e+20,-3.4e+18,gcmt,1952_gcmt,subduction_intraslab
C201612251422A,2016-12-25T14:22:38,-74.43,-43.41,32.8,7.6,mw,4.0,19.0,96.0,178.0,71.0,88.0,64.0,85.0,2.0,179.0,26.0,270.0,1.75e+20,-2.9e+18,-1.73e+20,1.06e+19,-2.2400000000000003e+20,-3.4e+18,gcmt,1952_gcmtb,subduction_intraslab
610570383,2017-01-03T13:41:52,-70.422,-19.939,52.1,5.15,mw,116.0,74.0,149.0,215.0,61.0,19.0,10.485267999604384,252.2940228180031,58.92350567886557,144.41043896822237,28.88403736597006,348.15405161199595,1.41,-5.39,3.98,1.89,-3.22,-2.71,gem,1953_gem,subduction_intraslab
C201701031341A,2017-01-03T13:41:55,-70.67,-19.91,48.4,5.2,mw,215.0,61.0,19.0,116.0,74.0,149.0,33.0,72.0,56.0,271.0,9.0,168.0,1.41e+16,-5.39e+16,3.98e+16,1.89e+16,-3.22e+16,-2.71e+16,gcmt,1953_gcmt,subduction_intraslab
201701032119A,2017-01-03T21:19:00,-74.63,-43.33,24.0,5.4,mw,320.0,26.0,61.0,172.0,68.0,103.0,65.0,104.0,,,21.0,252.0,,,,,,,gmt,1954_gmt,subduction_intraslab
C201701032119A,2017-01-03T21:19:11,-74.63,-43.33,23.8,5.5,mw,320.0,26.0,61.0,172.0,68.0,103.0,65.0,104.0,12.0,347.0,22.0,252.0,1.1299999999999998e+17,8100000000000000.0,-1.21e+17,1.08e+16,-1.26e+17,6.28e+16,gcmt,1954_gcmtb,subduction_intraslab
C201701032119A,2017-01-03T21:19:11,-74.63,-43.33,23.8,5.5,mw,320.0,26.0,61.0,172.0,68.0,103.0,65.0,104.0,12.0,347.0,22.0,252.0,1.1299999999999998e+17,8100000000000000.0,-1.21e+17,1.08e+16,-1.26e+17,6.28e+16,gcmt,1954_gcmt,subduction_intraslab
609978254,2017-01-04T13:24:04,-71.683,-30.277,50.0,4.99,mw,175.0,38.0,119.0,320.0,58.0,69.0,26.97140941328498,183.62630621981003,34.351091466906134,293.97981495436875,43.618868563447215,64.61804061154169,3.33,-0.28,-3.05,-1.61,0.72,1.33,gem,1955_gem,subduction_intraslab
201701080033A,2017-01-08T00:33:00,-72.42,-30.23,21.0,5.0,mw,339.0,25.0,73.0,178.0,66.0,98.0,68.0,102.0,,,21.0,262.0,,,,,,,gmt,1957_gmt,subduction_intraslab
611831542,2017-01-11T21:58:17,-69.793,-22.812,71.0,5.74,mw,36.0,58.0,-60.0,169.0,43.0,-129.0,42.09870384486918,285.064960046265,42.486593697849344,70.91204997183627,17.88956826338646,178.10819404199628,-3.76,-1.21,4.98,-1.77,-0.94,1.58,gem,1959_gem,subduction_intraslab
C201701112158A,2017-01-11T21:58:22,-69.91,-22.79,76.9,5.8,mw,169.0,43.0,-129.0,36.0,58.0,-60.0,8.0,105.0,25.0,199.0,63.0,358.0,-3.76e+17,-1.21e+17,4.9800000000000006e+17,-1.77e+17,-9.35e+16,1.58e+17,gcmt,1959_gcmt,subduction_intraslab
C201702121621A,2017-02-12T16:21:18,-71.58,-28.01,32.6,5.1,mw,2.0,26.0,101.0,170.0,64.0,85.0,70.0,69.0,5.0,172.0,19.0,264.0,3.95e+16,4540000000000000.0,-4.41e+16,7310000000000000.0,-3.25e+16,3990000000000000.0,gcmt,1962_gcmtb,subduction_intraslab
C201702121621A,2017-02-12T16:21:18,-71.58,-28.01,32.6,5.1,mw,2.0,26.0,101.0,170.0,64.0,85.0,70.0,69.0,5.0,172.0,19.0,264.0,3.95e+16,4540000000000000.0,-4.41e+16,7310000000000000.0,-3.25e+16,3990000000000000.0,gcmt,1962_gcmt,subduction_intraslab
610241380,2017-02-26T08:59:16,-71.5127,-28.9477,40.5,5.0,mw,3.89,30.06,101.04,171.19,60.55,83.68,74.0,65.0,6.0,174.0,15.0,266.0,3365000000.0000005,-247000000.0,-3118000000.0,542000000.0,-1887000000.0,99000000.0,neic,1967_neic,subduction_intraslab
20008mhp,2017-02-26T08:59:16,-71.5127,-28.9477,40.5,5.0,mww,3.89,30.06,101.04,171.19,60.55,83.68,74.0,65.0,6.0,174.0,15.0,266.0,3.3649e+16,-2469000000000000.0,-3.1181e+16,5421000000000000.0,-1.8872e+16,993000000000000.0,us,1967_us,subduction_intraslab
C201702260859A,2017-02-26T08:59:22,-71.74,-28.89,36.5,5.0,mw,16.0,31.0,111.0,173.0,61.0,78.0,71.0,56.0,10.0,179.0,15.0,272.0,5.25e+16,2320000000000000.0,-5.480000000000001e+16,1.03e+16,-3.23e+16,-4670000000000000.0,gcmt,1967_gcmt,subduction_intraslab
C201702260859A,2017-02-26T08:59:22,-71.74,-28.89,36.5,5.0,mw,16.0,31.0,111.0,173.0,61.0,78.0,71.0,56.0,10.0,179.0,15.0,272.0,5.25e+16,2320000000000000.0,-5.480000000000001e+16,1.03e+16,-3.23e+16,-4670000000000000.0,gcmt,1967_gcmtb,subduction_intraslab
201703100622A,2017-03-10T06:22:00,-72.14,-30.63,20.0,5.2,mw,2.0,24.0,93.0,179.0,66.0,89.0,69.0,86.0,,,21.0,270.0,,,,,,,gmt,1968_gmt,subduction_intraslab
C201703100622A,2017-03-10T06:22:25,-72.14,-30.63,20.5,5.2,mw,2.0,24.0,93.0,179.0,66.0,89.0,69.0,86.0,1.0,179.0,21.0,270.0,5.26e+16,-230000000000000.0,-5.24e+16,1760000000000000.0,-4.58e+16,-340000000000000.0,gcmt,1968_gcmt,subduction_intraslab
C201703100622A,2017-03-10T06:22:25,-72.14,-30.63,20.5,5.2,mw,2.0,24.0,93.0,179.0,66.0,89.0,69.0,86.0,1.0,179.0,21.0,270.0,5.26e+16,-230000000000000.0,-5.24e+16,1760000000000000.0,-4.58e+16,-340000000000000.0,gcmt,1968_gcmtb,subduction_intraslab
201703131505A,2017-03-13T15:05:00,-71.5,-30.52,48.0,5.1,mw,358.0,34.0,95.0,173.0,56.0,87.0,79.0,70.0,,,11.0,264.0,,,,,,,gmt,1969_gmt,subduction_intraslab
610327080,2017-03-13T15:05:55,-71.388,-30.448,50.2,5.14,mw,173.0,56.0,87.0,358.0,34.0,95.0,44.27197349383423,252.0541765708064,6.595805481936626,348.52677257812815,44.97199698746967,85.16020607913248,5.96,0.13,-6.09,0.51,-2.5,0.49,gem,1969_gem,subduction_intraslab
610327080,2017-03-13T15:05:56,-71.3954,-30.4321,46.3,5.1,mw,172.79,56.64,89.51,353.68,33.36,90.74,78.0,81.0,0.0,173.0,12.0,263.0,5022000000.0,-281999999.99999994,-4740000000.0,292000000.0,-2093000000.0,535000000.0,neic,1969_neic,subduction_intraslab
100088n2,2017-03-13T15:05:56,-71.6374,-30.5268,60.5,5.1,mww,355.48,43.03,94.11,169.86,47.1,86.17,87.0,29.0,3.0,172.0,2.0,263.0,5.8554e+16,1.1468e+16,-7.0022e+16,2832000000000000.0,-4299000000000000.0,1.073e+16,us,1969_us,subduction_intraslab
C201703131505A,2017-03-13T15:05:59,-71.5,-30.52,47.9,5.1,mw,358.0,34.0,95.0,173.0,56.0,87.0,78.0,71.0,3.0,174.0,11.0,265.0,5.96e+16,1300000000000000.0,-6.09e+16,5140000000000000.0,-2.5e+16,4910000000000000.0,gcmt,1969_gcmt,subduction_intraslab
C201703131505A,2017-03-13T15:05:59,-71.5,-30.52,47.9,5.1,mw,358.0,34.0,95.0,173.0,56.0,87.0,78.0,71.0,3.0,174.0,11.0,265.0,5.96e+16,1300000000000000.0,-6.09e+16,5140000000000000.0,-2.5e+16,4910000000000000.0,gcmt,1969_gcmtb,subduction_intraslab
201703311844A,2017-03-31T18:44:00,-71.61,-30.83,42.0,5.3,mw,358.0,30.0,97.0,171.0,60.0,86.0,74.0,69.0,,,15.0,263.0,,,,,,,gmt,1974_gmt,subduction_intraslab
610467777,2017-03-31T18:44:39,-71.513,-30.737,48.0,5.26,mw,171.0,60.0,86.0,358.0,30.0,97.0,44.23163542586034,250.24500963446857,6.889183707181978,347.0,44.94390851697781,83.92589022855896,0.86,-0.04,-0.82,0.12,-0.49,0.07,gem,1974_gem,subduction_intraslab
610467777,2017-03-31T18:44:40,-71.5253,-30.8624,45.5,5.2,mw,171.95,56.28,86.36,358.48,33.89,95.43,78.0,69.0,3.0,174.0,11.0,265.0,8136000000.0,78000000.0,-8214000000.0,778000000.0,-3327000000.0,703000000.0,neic,1974_neic,subduction_intraslab
10008dmt,2017-03-31T18:44:40,-71.5253,-30.8624,45.5,5.2,mww,358.48,33.89,95.43,171.95,56.28,86.36,78.0,69.0,3.0,174.0,11.0,265.0,8.1363e+16,776000000000000.0,-8.2139e+16,7781000000000000.0,-3.3272e+16,7033000000000000.0,us,1974_us,subduction_intraslab
C201703311844A,2017-03-31T18:44:44,-71.61,-30.83,41.6,5.2,mw,358.0,30.0,97.0,171.0,60.0,86.0,74.0,71.0,3.0,173.0,15.0,263.0,8.63e+16,-3800000000000000.0,-8.25e+16,1.15e+16,-4.89e+16,7400000000000000.0,gcmt,1974_gcmt,subduction_intraslab
C201703311844A,2017-03-31T18:44:44,-71.61,-30.83,41.6,5.2,mw,358.0,30.0,97.0,171.0,60.0,86.0,74.0,71.0,3.0,173.0,15.0,263.0,8.63e+16,-3800000000000000.0,-8.25e+16,1.15e+16,-4.89e+16,7400000000000000.0,gcmt,1974_gcmtb,subduction_intraslab
C201704111339A,2017-04-11T13:39:49,-70.22,-27.71,86.7,5.1,mw,272.0,46.0,171.0,8.0,84.0,45.0,35.0,240.0,45.0,14.0,25.0,132.0,8590000000000000.0,-1.06e+16,2040000000000000.0,2640000000000000.0,3.69e+16,-3.82e+16,gcmt,1976_gcmt,subduction_intraslab
C201704111339A,2017-04-11T13:39:49,-70.22,-27.71,86.7,5.1,mw,272.0,46.0,171.0,8.0,84.0,45.0,35.0,240.0,45.0,14.0,25.0,132.0,8590000000000000.0,-1.06e+16,2040000000000000.0,2640000000000000.0,3.69e+16,-3.82e+16,gcmt,1976_gcmtb,subduction_intraslab
201704130342A,2017-04-13T03:42:00,-71.7,-31.15,46.0,5.4,mw,358.0,38.0,119.0,143.0,58.0,69.0,70.0,7.0,,,10.0,248.0,,,,,,,gmt,1977_gmt,subduction_intraslab
C201704130342A,2017-04-13T03:42:56,-71.7,-31.15,45.8,5.4,mw,358.0,38.0,119.0,143.0,58.0,69.0,70.0,7.0,17.0,154.0,10.0,247.0,1.2e+17,8300000000000000.0,-1.28e+17,5.15e+16,-3.34e+16,5.93e+16,gcmt,1977_gcmtb,subduction_intraslab
C201704130342A,2017-04-13T03:42:56,-71.7,-31.15,45.8,5.4,mw,358.0,38.0,119.0,143.0,58.0,69.0,70.0,7.0,17.0,154.0,10.0,247.0,1.2e+17,8300000000000000.0,-1.28e+17,5.15e+16,-3.34e+16,5.93e+16,gcmt,1977_gcmt,subduction_intraslab
201704222246A,2017-04-22T22:46:00,-72.26,-33.02,29.0,5.1,mw,1.0,24.0,84.0,188.0,66.0,93.0,69.0,103.0,,,21.0,276.0,,,,,,,gmt,1982_gmt,subduction_intraslab
610548803,2017-04-24T21:38:30,-71.999,-33.085,27.3,6.86,mw,3.0,16.0,94.0,179.0,74.0,89.0,44.97753148020297,87.1708576134422,1.297925319149448,178.46809808539376,44.99307155295417,269.7660425579604,1.3,0.04,-1.33,0.06,-2.03,-0.02,gem,1985_gem,subduction_intraslab
C201704242138A,2017-04-24T21:38:37,-72.07,-33.13,26.0,6.9,mw,3.0,16.0,94.0,179.0,74.0,89.0,61.0,87.0,1.0,179.0,29.0,270.0,1.3e+19,3.9e+17,-1.33e+19,5.6e+17,-2.03e+19,-2.2e+17,gcmt,1985_gcmt,subduction_intraslab
C201704242138A,2017-04-24T21:38:37,-72.07,-33.13,26.0,6.9,mw,3.0,16.0,94.0,179.0,74.0,89.0,61.0,87.0,1.0,179.0,29.0,270.0,1.3e+19,3.9e+17,-1.33e+19,5.6e+17,-2.03e+19,-2.2e+17,gcmt,1985_gcmtb,subduction_intraslab
201704250143A,2017-04-25T01:43:00,-72.31,-33.35,31.0,5.5,mw,16.0,24.0,107.0,178.0,67.0,83.0,67.0,74.0,,,22.0,273.0,,,,,,,gmt,1986_gmt,subduction_intraslab
C201704250143A,2017-04-25T01:43:03,-72.31,-33.35,31.1,5.2,mw,16.0,24.0,107.0,178.0,67.0,83.0,67.0,74.0,7.0,181.0,22.0,274.0,1.53e+17,-1.65e+16,-1.3700000000000002e+17,1.89e+16,-1.3899999999999998e+17,-1.84e+16,gcmt,1986_gcmt,subduction_intraslab
C201704250143A,2017-04-25T01:43:03,-72.31,-33.35,31.1,5.2,mw,16.0,24.0,107.0,178.0,67.0,83.0,67.0,74.0,7.0,181.0,22.0,274.0,1.53e+17,-1.65e+16,-1.3700000000000002e+17,1.89e+16,-1.3899999999999998e+17,-1.84e+16,gcmt,1986_gcmtb,subduction_intraslab
611149701,2017-04-27T05:09:22,-71.9648,-33.1682,30.5,5.1,mw,172.66,67.5,88.5,356.58,22.55,93.62,67.0,80.0,1.0,173.0,22.0,264.0,3536000000.0,323000000.0,-3859000000.0,514000000.0,-3679000000.0,411000000.0,neic,1988_neic,subduction_intraslab
10008l82,2017-04-27T05:09:22,-71.9648,-33.1682,30.5,5.1,mww,356.58,22.55,93.62,172.66,67.5,88.5,67.0,80.0,1.0,173.0,22.0,264.0,3.5358e+16,3233000000000000.0,-3.8592e+16,5142000000000000.0,-3.6795e+16,4108000000000000.0,us,1988_us,subduction_intraslab
610639145,2017-04-28T16:05:58,-71.728,-33.114,38.4,5.93,mw,172.0,71.0,96.0,334.0,20.0,73.0,44.27816235628759,271.5435515604736,7.18107215070655,174.48645080059282,44.82643517534722,77.29225496926648,0.58,-0.03,-0.55,0.08,-0.77,0.18,gem,1992_gem,subduction_intraslab
201704290146A,2017-04-29T01:46:00,-72.08,-33.42,32.0,5.4,mw,5.0,33.0,92.0,183.0,57.0,89.0,78.0,88.0,,,12.0,274.0,,,,,,,gmt,1994_gmt,subduction_intraslab
C201704290146A,2017-04-29T01:46:03,-72.08,-33.42,32.3,5.1,mw,5.0,33.0,92.0,183.0,57.0,89.0,78.0,88.0,1.0,184.0,12.0,274.0,1.81e+17,-5.31e+16,-1.28e+17,500000000000000.0,-6.720000000000001e+16,-6100000000000000.0,gcmt,1994_gcmt,subduction_intraslab
C201704290146A,2017-04-29T01:46:03,-72.08,-33.42,32.3,5.1,mw,5.0,33.0,92.0,183.0,57.0,89.0,78.0,88.0,1.0,184.0,12.0,274.0,1.81e+17,-5.31e+16,-1.28e+17,500000000000000.0,-6.720000000000001e+16,-6100000000000000.0,gcmt,1994_gcmtb,subduction_intraslab
C201704300936A,2017-04-30T09:36:07,-71.17,-19.96,21.9,5.0,mw,344.0,27.0,90.0,163.0,63.0,90.0,72.0,73.0,0.0,164.0,18.0,254.0,4.43e+16,-3950000000000000.0,-4.04e+16,9140000000000000.0,-3.03e+16,1.17e+16,gcmt,1995_gcmt,subduction_intraslab
201705131654A,2017-05-13T16:54:00,-72.12,-32.9,28.0,5.3,mw,360.0,20.0,84.0,186.0,70.0,92.0,65.0,100.0,,,25.0,275.0,,,,,,,gmt,1998_gmt,subduction_intraslab
10008s71,2017-05-13T16:54:45,-72.1801,-32.8389,23.5,5.2,mww,27.52,21.44,112.56,183.47,70.28,81.43,64.0,80.0,8.0,186.0,25.0,280.0,4.0931e+16,7284000000000000.0,-4.8215e+16,-1595000000000000.0,-5.4856e+16,-1.4223e+16,us,1998_us,subduction_intraslab
610638449,2017-05-13T16:54:45,-72.1801,-32.8389,23.5,5.2,mw,27.52,21.44,112.56,183.47,70.28,81.43,64.0,80.0,8.0,186.0,25.0,280.0,4093000000.0,728000000.0,-4822000000.0,-160000000.0,-5486000000.0,-1422000000.0,neic,1998_neic,subduction_intraslab
C201705131654A,2017-05-13T16:54:51,-72.12,-32.9,28.4,5.2,mw,360.0,20.0,84.0,186.0,70.0,92.0,65.0,100.0,2.0,5.0,25.0,274.0,6.06e+16,2600000000000000.0,-6.32e+16,-8799999999999998.0,-7.27e+16,-3599999999999999.5,gcmt,1998_gcmt,subduction_intraslab
C201705131654A,2017-05-13T16:54:51,-72.12,-32.9,28.4,5.2,mw,360.0,20.0,84.0,186.0,70.0,92.0,65.0,100.0,2.0,5.0,25.0,274.0,6.06e+16,2600000000000000.0,-6.32e+16,-8799999999999998.0,-7.27e+16,-3599999999999999.5,gcmt,1998_gcmtb,subduction_intraslab
201706120243A,2017-06-12T02:43:00,-71.87,-31.49,34.0,5.7,mw,5.0,26.0,99.0,175.0,64.0,86.0,70.0,76.0,,,19.0,268.0,,,,,,,gmt,2005_gmt,subduction_intraslab
20009lwp,2017-06-12T02:43:26,-71.8646,-31.8031,45.5,5.7,mww,345.52,32.64,83.33,173.42,57.61,94.25,77.0,97.0,4.0,351.0,13.0,260.0,3.9187e+17,9420000000000000.0,-4.0129e+17,6160000000000000.0,-1.9019e+17,7.804e+16,us,2005_us,subduction_intraslab
611834102,2017-06-12T02:43:28,-71.709,-31.495,41.5,5.74,mw,5.0,26.0,99.0,175.0,64.0,86.0,44.39224852353557,75.80549114753609,6.270275892504113,171.98071011164404,44.92424091616341,268.2721476224597,3.83,0.37,-4.19,0.44,-3.2,0.05,gem,2005_gem,subduction_intraslab
C201706120243A,2017-06-12T02:43:32,-71.87,-31.49,33.8,5.7,mw,5.0,26.0,99.0,175.0,64.0,86.0,70.0,75.0,4.0,177.0,19.0,268.0,3.83e+17,3.69e+16,-4.1900000000000006e+17,4.43e+16,-3.2e+17,5000000000000000.0,gcmt,2005_gcmt,subduction_intraslab
C201706120243A,2017-06-12T02:43:32,-71.87,-31.49,33.8,5.7,mw,5.0,26.0,99.0,175.0,64.0,86.0,70.0,75.0,4.0,177.0,19.0,268.0,3.83e+17,3.69e+16,-4.1900000000000006e+17,4.43e+16,-3.2e+17,5000000000000000.0,gcmt,2005_gcmtb,subduction_intraslab
201706261444A,2017-06-26T14:44:00,-71.53,-30.77,55.0,5.2,mw,3.0,29.0,101.0,170.0,61.0,84.0,73.0,66.0,,,16.0,265.0,,,,,,,gmt,2009_gmt,subduction_intraslab
610695069,2017-06-26T14:44:50,-71.333,-30.647,49.3,5.16,mw,3.0,29.0,101.0,170.0,61.0,84.0,43.53606560493382,65.95395101675797,9.610878124930812,165.212705337613,44.86621784550242,264.9158636607251,5.27,1.11,-6.38,0.81,-3.67,0.54,gem,2009_gem,subduction_intraslab
20009pqf,2017-06-26T14:44:51,-71.3137,-30.6691,60.5,5.1,mww,29.17,32.42,110.9,184.83,59.95,77.24,72.0,64.0,11.0,191.0,14.0,284.0,4.6277e+16,-2602000000000000.0,-4.3675e+16,3938000000000000.0,-2.6898e+16,-1.3951e+16,us,2009_us,subduction_intraslab
610695069,2017-06-26T14:44:51,-71.3137,-30.6691,60.5,5.1,mw,29.17,32.42,110.9,184.83,59.95,77.24,72.0,64.0,11.0,191.0,14.0,284.0,4628000000.0,-260000000.0,-4367000000.0,394000000.0,-2690000000.0,-1395000000.0,neic,2009_neic,subduction_intraslab
C201706261444A,2017-06-26T14:44:54,-71.53,-30.77,55.2,5.1,mw,3.0,29.0,101.0,170.0,61.0,84.0,73.0,66.0,5.0,173.0,16.0,265.0,5.269999999999999e+16,1.11e+16,-6.38e+16,8120000000000002.0,-3.67e+16,5380000000000000.0,gcmt,2009_gcmtb,subduction_intraslab
C201706261444A,2017-06-26T14:44:54,-71.53,-30.77,55.2,5.1,mw,3.0,29.0,101.0,170.0,61.0,84.0,73.0,66.0,5.0,173.0,16.0,265.0,5.269999999999999e+16,1.11e+16,-6.38e+16,8120000000000002.0,-3.67e+16,5380000000000000.0,gcmt,2009_gcmt,subduction_intraslab
201707070304A,2017-07-07T03:04:00,-72.54,-33.65,32.0,5.1,mw,16.0,28.0,98.0,186.0,63.0,86.0,72.0,87.0,,,17.0,280.0,,,,,,,gmt,2012_gmt,subduction_intraslab
613594725,2017-07-07T03:04:49,-72.201,-33.709,25.3,5.09,mw,16.0,28.0,98.0,186.0,63.0,86.0,44.31681894986586,87.03029008698229,6.570898027144488,183.48827043104123,44.93283862667732,280.08725366543774,4.75,-0.67,-4.08,-0.1,-3.17,-0.74,gem,2012_gem,subduction_intraslab
1000991f,2017-07-12T09:08:17,-73.5112,-35.291,17.5,5.6,mww,36.84,10.75,116.57,189.86,80.4,85.15,54.0,94.0,5.0,191.0,35.0,284.0,7.551e+16,1.594e+16,-9.145e+16,-4.351e+16,-2.5234e+17,-4.399e+16,us,2013_us,subduction_intraslab
610779605,2017-07-12T09:08:17,-73.5112,-35.291,17.5,5.6,mw,36.84,10.75,116.57,189.86,80.4,85.15,54.0,94.0,5.0,191.0,35.0,284.0,7550000000.0,1590000000.0,-9140000000.0,-4350000000.0,-25230000000.0,-4400000000.0,neic,2013_neic,subduction_intraslab
611834332,2017-07-14T12:00:31,-72.48,-33.741,20.0,5.38,mw,16.0,19.0,97.0,189.0,71.0,88.0,44.88404276042952,94.75400867147285,2.873089427461624,187.61908694699832,44.97200693719255,280.4929834650601,0.94,-0.07,-0.86,-0.17,-1.15,-0.19,gem,2014_gem,subduction_intraslab
610865034,2017-07-26T10:11:01,-69.464,-24.006,77.4,4.96,mw,181.0,36.0,-85.0,355.0,54.0,-94.0,44.96139365956567,87.42169954489412,9.213843904104053,348.09903529514327,43.56904399710941,249.22248852787143,-3.34,0.02,3.32,0.25,-1.09,-0.12,gem,2017_gem,subduction_intraslab
C201707261011A,2017-07-26T10:11:04,-69.65,-23.89,88.8,5.0,mw,181.0,36.0,-85.0,355.0,54.0,-94.0,9.0,87.0,3.0,357.0,80.0,248.0,-3.34e+16,230000000000000.0,3.32e+16,2500000000000000.0,-1.09e+16,-1200000000000000.0,gcmt,2017_gcmt,subduction_intraslab
10009j01,2017-08-02T20:03:24,-71.407,-28.4264,50.5,5.3,mww,72.17,23.67,-52.22,211.92,71.5,-105.03,25.0,314.0,14.0,217.0,61.0,100.0,-5.719e+16,3.679e+16,2.041e+16,3.693e+16,7.064e+16,4.288e+16,us,2020_us,subduction_intraslab
610868789,2017-08-02T20:03:29,-71.236,-28.4912,41.1,5.3,mw,74.76,10.64,-37.85,202.14,83.5,-98.44,38.0,300.0,8.0,203.0,51.0,103.0,-2930000000.0,2280000000.0,650000000.0,3519999999.9999995,9780000000.0,1360000000.0,neic,2020_neic,subduction_intraslab
610868789,2017-08-02T20:03:29,-71.218,-28.51,38.2,5.53,mw,57.0,4.0,-57.0,203.0,86.0,-92.0,44.96297160564238,295.9986747384484,2.1923029400063374,203.80760046998645,44.95318541391026,111.61727491584924,-0.28,0.08,0.2,0.97,2.23,0.22,gem,2020_gem,subduction_intraslab
C201708121559A,2017-08-12T15:59:35,-71.28,-19.95,18.6,5.2,mw,339.0,24.0,78.0,172.0,67.0,95.0,68.0,92.0,5.0,350.0,21.0,258.0,5.35e+16,50000000000000.0,-5.36e+16,4800000000000000.0,-5.15e+16,1.42e+16,gcmt,2023_gcmt,subduction_intraslab
201708151903A,2017-08-15T19:03:00,-72.25,-30.06,18.0,5.1,mw,352.0,29.0,78.0,186.0,62.0,97.0,73.0,111.0,,,16.0,271.0,,,,,,,gmt,2024_gmt,subduction_intraslab
2000a8iw,2017-08-15T19:03:20,-71.8612,-30.0689,25.5,5.1,mww,15.95,35.11,105.1,177.7,56.27,79.62,76.0,55.0,9.0,184.0,11.0,275.0,5.7663e+16,864000000000000.0,-5.8527e+16,7269000000000000.0,-2.3695e+16,-7196000000000000.0,us,2024_us,subduction_intraslab
C201708151903A,2017-08-15T19:03:26,-72.25,-30.06,18.4,5.1,mw,352.0,29.0,78.0,186.0,62.0,97.0,72.0,112.0,6.0,3.0,17.0,271.0,5.03e+16,-740000000000000.0,-4.95e+16,-7090000000000000.0,-3.27e+16,940000000000000.0,gcmt,2024_gcmtb,subduction_intraslab
C201708151903A,2017-08-15T19:03:26,-72.25,-30.06,18.4,5.1,mw,352.0,29.0,78.0,186.0,62.0,97.0,72.0,112.0,6.0,3.0,17.0,271.0,5.03e+16,-740000000000000.0,-4.95e+16,-7090000000000000.0,-3.27e+16,940000000000000.0,gcmt,2024_gcmt,subduction_intraslab
201708300315A,2017-08-30T03:15:00,-73.75,-37.4,29.0,5.1,mw,10.0,21.0,96.0,183.0,69.0,88.0,66.0,90.0,,,24.0,275.0,,,,,,,gmt,2026_gmt,subduction_intraslab
C201709042155A,2017-09-04T21:55:22,-70.22,-19.23,105.3,5.2,mw,134.0,48.0,-145.0,19.0,65.0,-48.0,10.0,80.0,37.0,178.0,51.0,338.0,-5.21e+16,-4.26e+16,9.48e+16,-1.23e+16,-2.97e+16,-2.7500000000000004e+16,gcmt,2027_gcmt,subduction_intraslab
201709181346A,2017-09-18T13:46:00,-72.15,-31.91,22.0,5.7,mw,351.0,23.0,84.0,177.0,67.0,93.0,68.0,92.0,,,22.0,266.0,,,,,,,gmt,2029_gmt,subduction_intraslab
C201712280354A,2017-12-28T03:54:57,-70.49,-24.94,67.4,5.4,mw,358.0,25.0,103.0,164.0,65.0,84.0,69.0,62.0,5.0,167.0,20.0,258.0,1.09e+17,3.18e+16,-1.41e+17,3.2e+16,-1.04e+17,3.25e+16,gcmt,2040_gcmt,subduction_intraslab
616220571,2018-01-20T11:31:11,-71.891,-28.903,48.0,5.1,mw,16.3,70.06,-107.97,239.87,26.6,-49.62,23.02,120.02,16.86,22.62,60.86,259.68,-3146000000.0,860000000.0,2286000000.0,-695000000.0,-3868000000.0,2371000000.0,gfz,2042_gfz,subduction_intraslab
2000clrz,2018-01-20T11:31:11,-72.108,-29.022,40.5,5.2,mww,295.81,56.87,-20.04,37.08,73.32,-145.21,11.0,163.0,52.0,60.0,36.0,261.0,-1.7164e+16,5.568e+16,-3.8516e+16,-3191000000000000.0,-4.1454e+16,2.24e+16,us,2042_us,subduction_intraslab
616220571,2018-01-20T11:31:15,-71.894,-28.934,46.2,5.18,mw,28.0,78.0,-151.0,291.0,62.0,-13.0,26.156696587120194,337.0290813756504,60.76702932437815,185.6779743529929,12.131889702645063,73.08929085152124,-0.86,5.23,-4.37,0.06,-4.02,4.01,gem,2042_gem,subduction_intraslab
C201801201131A,2018-01-20T11:31:17,-72.1,-28.98,39.1,5.2,mw,291.0,62.0,-13.0,28.0,78.0,-151.0,11.0,157.0,59.0,48.0,29.0,253.0,-8630000000000000.0,5.230000000000001e+16,-4.37e+16,620000000000000.0,-4.019999999999999e+16,4.01e+16,gcmt,2042_gcmtb,subduction_intraslab
C201801201131A,2018-01-20T11:31:17,-72.1,-28.98,39.1,5.2,mw,291.0,62.0,-13.0,28.0,78.0,-151.0,11.0,157.0,59.0,48.0,29.0,253.0,-8630000000000000.0,5.230000000000001e+16,-4.37e+16,620000000000000.0,-4.019999999999999e+16,4.01e+16,gcmt,2042_gcmt,subduction_intraslab
201801261327A,2018-01-26T13:27:00,-74.27,-37.63,23.0,5.0,mw,7.0,28.0,94.0,182.0,62.0,88.0,73.0,87.0,,,17.0,274.0,,,,,,,gmt,2046_gmt,subduction_intraslab
C201801261327A,2018-01-26T13:27:10,-74.27,-37.63,22.7,5.0,mw,7.0,28.0,94.0,182.0,62.0,88.0,73.0,86.0,2.0,183.0,17.0,274.0,3.67e+16,-6470000000000000.0,-3.02e+16,360000000000000.0,-2.22e+16,-2150000000000000.0,gcmt,2046_gcmt,subduction_intraslab
C201801261327A,2018-01-26T13:27:10,-74.27,-37.63,22.7,5.0,mw,7.0,28.0,94.0,182.0,62.0,88.0,73.0,86.0,2.0,183.0,17.0,274.0,3.67e+16,-6470000000000000.0,-3.02e+16,360000000000000.0,-2.22e+16,-2150000000000000.0,gcmt,2046_gcmtb,subduction_intraslab
201801261526A,2018-01-26T15:26:00,-74.27,-37.64,19.0,5.0,mw,14.0,26.0,104.0,178.0,65.0,83.0,69.0,75.0,,,20.0,274.0,,,,,,,gmt,2047_gmt,subduction_intraslab
201804050632A,2018-04-05T06:32:00,-74.46,-42.6,37.0,5.1,mw,5.0,25.0,97.0,178.0,66.0,87.0,70.0,81.0,,,20.0,270.0,,,,,,,gmt,2057_gmt,subduction_intraslab
611868130,2018-04-05T06:32:42,-74.11,-42.539,38.5,5.13,mw,5.0,25.0,97.0,178.0,66.0,87.0,44.682910852001456,80.66612094657711,4.548007143601985,175.1781980876193,44.956829898397785,269.7337168915557,5.03,-0.68,-4.34,0.35,-4.1,-0.15,gem,2057_gem,subduction_intraslab
611868312,2018-04-05T11:12:10,-70.479,-20.35,50.0,5.55,mw,123.0,61.0,175.0,216.0,86.0,29.0,17.47073436410969,83.11971612943859,60.88928456655718,207.53746483485227,22.5083640437155,345.6257201681136,-0.04,-2.12,2.16,-0.44,-1.29,-0.77,gem,2058_gem,subduction_intraslab
C201804051112A,2018-04-05T11:12:14,-70.6,-20.27,87.8,5.5,mw,123.0,61.0,175.0,216.0,86.0,29.0,23.0,83.0,60.0,223.0,17.0,346.0,-3800000000000000.0,-2.12e+17,2.16e+17,-4.36e+16,-1.29e+17,-7.69e+16,gcmt,2058_gcmt,subduction_intraslab
201804101019A,2018-04-10T10:19:00,-71.58,-31.05,82.0,6.2,mw,120.0,26.0,-118.0,331.0,67.0,-77.0,21.0,51.0,,,65.0,263.0,,,,,,,gmt,2059_gmt,subduction_intraslab
611872858,2018-04-10T10:19:34,-71.39,-30.964,69.0,6.2,mw,134.63,26.21,-101.67,327.6,64.37,-84.31,19.18,53.34,5.13,145.13,70.1,249.47,-210700000000.00003,96800000000.0,113900000000.0,67100000000.0,-136500000000.0,-62100000000.0,gfz,2059_gfz,subduction_intraslab
611872858,2018-04-10T10:19:34,-71.495,-30.988,72.6,6.22,mw,120.0,26.0,-118.0,331.0,67.0,-77.0,44.28439593985075,50.8607032663009,16.650244780507663,157.8198243391014,40.99862490898748,262.8877091362998,-2.2,1.25,0.95,0.52,-1.83,-0.68,gem,2059_gem,subduction_intraslab
2000dxfc,2018-04-10T10:19:35,-71.4587,-30.9896,70.5,6.2,mww,112.44,25.27,-124.85,330.03,69.49,-74.91,23.0,48.0,14.0,145.0,63.0,264.0,-1.9197e+18,1.2296e+18,6.9e+17,5.983e+17,-1.92e+18,-6.851e+17,us,2059_us,subduction_intraslab
C201804101019A,2018-04-10T10:19:36,-71.58,-31.05,81.7,6.2,mw,120.0,26.0,-118.0,331.0,67.0,-77.0,21.0,51.0,12.0,146.0,66.0,264.0,-2.2000000000000005e+18,1.25e+18,9.5e+17,5.21e+17,-1.83e+18,-6.77e+17,gcmt,2059_gcmtb,subduction_intraslab
C201804101019A,2018-04-10T10:19:36,-71.58,-31.05,81.7,6.2,mw,120.0,26.0,-118.0,331.0,67.0,-77.0,21.0,51.0,12.0,146.0,66.0,264.0,-2.2000000000000005e+18,1.25e+18,9.5e+17,5.21e+17,-1.83e+18,-6.77e+17,gcmt,2059_gcmt,subduction_intraslab
201805060244A,2018-05-06T02:44:00,-72.48,-34.23,31.0,5.3,mw,25.0,24.0,105.0,190.0,67.0,84.0,67.0,86.0,,,22.0,284.0,,,,,,,gmt,2065_gmt,subduction_intraslab
611930847,2018-05-06T02:44:19,-72.267,-34.281,38.0,5.2,mw,35.05,19.33,124.83,178.64,74.24,78.67,59.24,72.88,10.9,181.75,28.37,277.72,5263000000.0,-1307000000.0,-3956000000.0,1066000000.0,-7512000000.0,-1523000000.0,gfz,2065_gfz,subduction_intraslab
C201805060244A,2018-05-06T02:44:25,-72.48,-34.23,31.5,5.2,mw,25.0,24.0,105.0,190.0,67.0,84.0,67.0,88.0,6.0,192.0,22.0,284.0,6.999999999999999e+16,400000000000000.0,-7.039999999999999e+16,-8300000000000000.0,-7.009999999999999e+16,-2.36e+16,gcmt,2065_gcmtb,subduction_intraslab
C201805060244A,2018-05-06T02:44:25,-72.48,-34.23,31.5,5.2,mw,25.0,24.0,105.0,190.0,67.0,84.0,67.0,88.0,6.0,192.0,22.0,284.0,6.999999999999999e+16,400000000000000.0,-7.039999999999999e+16,-8300000000000000.0,-7.009999999999999e+16,-2.36e+16,gcmt,2065_gcmt,subduction_intraslab
201806020617A,2018-06-02T06:17:00,-73.9,-38.35,29.0,5.3,mw,354.0,19.0,87.0,177.0,72.0,91.0,64.0,89.0,,,26.0,266.0,,,,,,,gmt,2068_gmt,subduction_intraslab
C201806020617A,2018-06-02T06:17:22,-73.9,-38.35,29.0,5.2,mw,354.0,19.0,87.0,177.0,72.0,91.0,63.0,89.0,1.0,357.0,27.0,266.0,6.59e+16,2900000000000000.0,-6.879999999999999e+16,4100000000000000.0,-8.96e+16,5700000000000000.0,gcmt,2068_gcmt,subduction_intraslab
C201806020617A,2018-06-02T06:17:22,-73.9,-38.35,29.0,5.2,mw,354.0,19.0,87.0,177.0,72.0,91.0,63.0,89.0,1.0,357.0,27.0,266.0,6.59e+16,2900000000000000.0,-6.879999999999999e+16,4100000000000000.0,-8.96e+16,5700000000000000.0,gcmt,2068_gcmtb,subduction_intraslab
612638791,2018-08-27T09:16:04,-71.5452,-29.7178,54.8,5.0,mw,210.46,39.95,126.71,346.26,59.02,63.4,65.0,208.0,23.0,1.0,10.0,95.0,2887000000.0,805000000.0,-3693000000.0,-1022000000.0,1339000000.0,-607000000.0,neic,2077_neic,subduction_intraslab
612638791,2018-08-27T09:16:04,-71.581,-29.714,53.6,5.03,mw,214.0,45.0,122.0,352.0,53.0,62.0,11.239176549743988,202.5381160033205,44.99999999999998,304.0000000000001,42.82134988022058,101.92650036495786,3.62,0.66,-4.27,-1.2,0.9,-1.16,gem,2077_gem,subduction_intraslab
C201808270916A,2018-08-27T09:16:07,-71.61,-29.65,49.4,5.0,mw,214.0,45.0,122.0,352.0,53.0,62.0,67.0,202.0,22.0,10.0,4.0,102.0,3.62e+16,6560000000000000.0,-4.269999999999999e+16,-1.2e+16,8950000000000000.0,-1.16e+16,gcmt,2077_gcmt,subduction_intraslab
C201808270916A,2018-08-27T09:16:07,-71.61,-29.65,49.4,5.0,mw,214.0,45.0,122.0,352.0,53.0,62.0,67.0,202.0,22.0,10.0,4.0,102.0,3.62e+16,6560000000000000.0,-4.269999999999999e+16,-1.2e+16,8950000000000000.0,-1.16e+16,gcmt,2077_gcmtb,subduction_intraslab
612640273,2018-08-28T04:51:40,-71.348,-29.685,44.7,5.23,mw,9.0,59.0,73.0,220.0,35.0,116.0,33.09977183601696,60.27657595358369,27.889222762152173,170.45830809071003,44.02426667362032,291.22255039135774,0.71,-0.02,-0.68,-0.04,0.41,-0.36,gem,2078_gem,subduction_intraslab
C201808280451A,2018-08-28T04:51:44,-71.49,-29.63,52.0,5.2,mw,220.0,35.0,116.0,9.0,59.0,73.0,70.0,241.0,15.0,18.0,13.0,111.0,7.07e+16,-2100000000000000.0,-6.860000000000001e+16,-3800000000000000.0,4.1e+16,-3.61e+16,gcmt,2078_gcmtb,subduction_intraslab
C201808280451A,2018-08-28T04:51:44,-71.49,-29.63,52.0,5.2,mw,220.0,35.0,116.0,9.0,59.0,73.0,70.0,241.0,15.0,18.0,13.0,111.0,7.07e+16,-2100000000000000.0,-6.860000000000001e+16,-3800000000000000.0,4.1e+16,-3.61e+16,gcmt,2078_gcmt,subduction_intraslab
2000hbtu,2018-09-10T08:24:15,-71.2331,-28.8383,40.5,5.3,mww,17.75,28.53,87.7,200.37,61.49,91.25,73.0,113.0,1.0,20.0,16.0,289.0,1.1807e+17,-2.581e+16,-9.226e+16,-2.648e+16,-6.6e+16,-2.567e+16,us,2081_us,subduction_intraslab
612727681,2018-09-19T18:42:20,-70.358,-19.538,63.2,5.04,mw,12.0,68.0,-35.0,116.0,58.0,-153.0,32.819218000909856,246.3494498848681,55.90135168320895,48.63924064736125,8.240059743080876,150.9904266236237,-2.34,-1.41,3.74,-0.88,-1.28,-3.1,gem,2082_gem,subduction_intraslab
C201809191842A,2018-09-19T18:42:24,-70.56,-19.44,107.5,5.0,mw,116.0,58.0,-153.0,12.0,68.0,-35.0,6.0,66.0,49.0,163.0,40.0,331.0,-2.34e+16,-1.41e+16,3.74e+16,-8840000000000000.0,-1.28e+16,-3.1e+16,gcmt,2082_gcmt,subduction_intraslab
612739747,2018-09-22T13:13:59,-71.005,-25.921,32.2,5.38,mw,8.0,52.0,65.0,226.0,45.0,119.0,11.571382729778648,36.559540949425525,44.38519754328465,138.1200366870296,43.30843100069286,295.4314185336245,1.29,-0.15,-1.15,-0.33,0.38,-0.68,gem,2083_gem,subduction_intraslab
C201809221313A,2018-09-22T13:14:04,-71.13,-25.8,34.2,5.4,mw,226.0,45.0,119.0,8.0,52.0,65.0,70.0,217.0,20.0,24.0,4.0,116.0,1.29e+17,-1.48e+16,-1.1499999999999998e+17,-3.31e+16,3.75e+16,-6.760000000000001e+16,gcmt,2083_gcmt,subduction_intraslab
612739919,2018-09-23T05:32:10,-70.072,-24.316,58.5,5.44,mw,4.0,20.0,108.0,165.0,71.0,84.0,44.176551294146485,64.74517852579953,7.674893315423244,162.26910827989343,44.801399455179165,259.95997044594003,1.01,0.2,-1.21,0.41,-1.4,0.17,gem,2084_gem,subduction_intraslab
C201809230532A,2018-09-23T05:32:16,-70.35,-24.43,65.9,5.3,mw,4.0,20.0,108.0,165.0,71.0,84.0,63.0,65.0,6.0,167.0,26.0,260.0,1.01e+17,1.97e+16,-1.21e+17,4.14e+16,-1.3999999999999998e+17,1.7399999999999998e+16,gcmt,2084_gcmt,subduction_intraslab
201810251119A,2018-10-25T11:19:00,-72.03,-30.53,35.0,5.0,mw,3.0,35.0,94.0,178.0,55.0,87.0,80.0,77.0,,,10.0,270.0,,,,,,,gmt,2086_gmt,subduction_intraslab
201811091854A,2018-11-09T18:54:00,-71.91,-30.64,33.0,5.2,mw,3.0,31.0,98.0,174.0,59.0,85.0,75.0,70.0,,,14.0,267.0,,,,,,,gmt,2091_gmt,subduction_intraslab
613970829,2018-11-09T18:54:09,-71.813,-30.624,29.3,5.23,mw,3.0,31.0,98.0,174.0,59.0,85.0,43.82819012689898,70.36623497250093,8.493963170054661,168.60833577006974,44.92147089347007,267.17351836068394,0.78,0.01,-0.78,0.08,-0.41,0.02,gem,2091_gem,subduction_intraslab
C201811091854A,2018-11-09T18:54:14,-71.91,-30.64,33.4,5.2,mw,3.0,31.0,98.0,174.0,59.0,85.0,75.0,71.0,4.0,176.0,14.0,267.0,7.78e+16,500000000000000.0,-7.82e+16,8200000000000000.0,-4.15e+16,1799999999999999.8,gcmt,2091_gcmt,subduction_intraslab
C201811091854A,2018-11-09T18:54:14,-71.91,-30.64,33.4,5.2,mw,3.0,31.0,98.0,174.0,59.0,85.0,75.0,71.0,4.0,176.0,14.0,267.0,7.78e+16,500000000000000.0,-7.82e+16,8200000000000000.0,-4.15e+16,1799999999999999.8,gcmt,2091_gcmtb,subduction_intraslab
201812012355A,2018-12-01T23:55:00,-72.55,-33.95,20.0,5.6,mw,8.0,20.0,93.0,185.0,70.0,89.0,65.0,93.0,,,25.0,276.0,,,,,,,gmt,2092_gmt,subduction_intraslab
C201812012355A,2018-12-01T23:55:29,-72.55,-33.95,19.7,5.4,mw,8.0,20.0,93.0,185.0,70.0,89.0,65.0,94.0,1.0,186.0,25.0,276.0,1.74e+17,1900000000000000.0,-1.76e+17,-1.83e+16,-2.11e+17,-2.15e+16,gcmt,2092_gcmt,subduction_intraslab
C201812012355A,2018-12-01T23:55:29,-72.55,-33.95,19.7,5.4,mw,8.0,20.0,93.0,185.0,70.0,89.0,65.0,94.0,1.0,186.0,25.0,276.0,1.74e+17,1900000000000000.0,-1.76e+17,-1.83e+16,-2.11e+17,-2.15e+16,gcmt,2092_gcmtb,subduction_intraslab
614405800,2018-12-05T17:12:13,-71.623,-33.669,46.1,5.15,mw,112.0,50.0,61.0,333.0,48.0,120.0,2.961700952092096,134.80547682357633,46.97144649298248,227.9827978841984,42.87520332790925,42.05217080093337,6.37,-3.31,-3.05,2.6,2.51,2.16,gem,2093_gem,subduction_intraslab
614617823,2019-01-20T01:32:51,-71.293,-30.08,65.6,6.64,mw,28.0,53.0,-77.0,187.0,39.0,-106.0,44.52253604264452,288.7747761265978,30.850960138249143,54.75120686186676,29.692210531636128,164.66470023262934,-1.25,0.38,0.87,-0.37,-0.16,0.14,gem,2097_gem,subduction_intraslab
2000j6hy,2019-01-20T01:32:51,-71.4236,-30.0614,60.5,6.7,mww,186.79,41.5,-102.11,22.78,49.62,-79.48,4.0,105.0,8.0,196.0,81.0,348.0,-1.4388e+19,4.22e+18,1.0168e+19,-3.012e+18,-1.035e+18,1.545e+18,us,2097_us,subduction_intraslab
614617823,2019-01-20T01:32:52,-71.291,-30.011,58.0,6.6,mw,25.11,52.52,-79.9,188.79,38.62,-102.89,7.02,107.93,8.0,198.92,79.33,337.16,-1202000000000.0,370000000000.0,832000000000.0,-294000000000.0,-177000000000.0,133000000000.0,gfz,2097_gfz,subduction_intraslab
C201901200132A,2019-01-20T01:32:58,-71.39,-30.18,60.7,6.7,mw,187.0,39.0,-106.0,28.0,53.0,-77.0,7.0,109.0,10.0,200.0,78.0,344.0,-1.25e+19,3.84e+18,8.71e+18,-3.67e+18,-1.58e+18,1.4099999999999995e+18,gcmt,2097_gcmtb,subduction_intraslab
C201901200132A,2019-01-20T01:32:58,-71.39,-30.18,60.7,6.7,mw,187.0,39.0,-106.0,28.0,53.0,-77.0,7.0,109.0,10.0,200.0,78.0,344.0,-1.25e+19,3.84e+18,8.71e+18,-3.67e+18,-1.58e+18,1.4099999999999995e+18,gcmt,2097_gcmt,subduction_intraslab
2000j9mr,2019-01-28T09:00:45,-72.8367,-35.5947,35.5,5.2,mww,18.21,26.76,105.38,181.09,64.27,82.38,70.0,75.0,7.0,184.0,19.0,277.0,5.6965e+16,4950000000000000.0,-6.1915e+16,2545000000000000.0,-4.7483e+16,-1.0929e+16,us,2098_us,subduction_intraslab
614594105,2019-01-30T07:44:44,-70.645,-25.905,53.8,5.6,mw,189.0,8.0,-76.0,355.0,83.0,-92.0,44.97437741711318,86.5967457786412,2.0024304527890195,354.59488327801995,44.95566809950508,262.594328256264,-1.08,0.54,0.54,0.31,-3.02,0.1,gem,2099_gem,subduction_intraslab
C201901300744A,2019-01-30T07:44:47,-70.61,-25.99,58.5,5.6,mw,189.0,8.0,-76.0,355.0,83.0,-92.0,38.0,87.0,2.0,355.0,52.0,263.0,-1.08e+17,5.35e+16,5.44e+16,3.08e+16,-3.02e+17,9800000000000000.0,gcmt,2099_gcmt,subduction_intraslab
614944184,2019-02-19T05:09:44,-71.411,-28.011,33.4,4.99,mw,172.0,51.0,105.0,328.0,41.0,72.0,21.42389717555672,318.81508329187574,37.87851089502726,211.0436332266988,44.404004962920126,71.41522559550879,3.73,-0.42,-3.31,-0.56,-0.9,1.21,gem,2102_gem,subduction_intraslab
614976286,2019-02-25T15:28:45,-71.694,-29.814,38.8,5.05,mw,235.0,58.0,127.0,359.0,47.0,45.0,11.312192843464626,19.7808089688794,47.14139029885697,277.33114145234686,40.639229044618205,119.66711318439444,3.23,0.3,-3.53,-1.71,-0.1,-2.86,gem,2104_gem,subduction_intraslab
C201902251528A,2019-02-25T15:28:49,-71.78,-29.7,48.0,5.3,mw,359.0,47.0,45.0,235.0,58.0,127.0,58.0,199.0,31.0,33.0,6.0,299.0,3.23e+16,3010000000000000.0,-3.53e+16,-1.71e+16,-1040000000000000.0,-2.86e+16,gcmt,2104_gcmt,subduction_intraslab
C201902251528A,2019-02-25T15:28:49,-71.78,-29.7,48.0,5.3,mw,359.0,47.0,45.0,235.0,58.0,127.0,58.0,199.0,31.0,33.0,6.0,299.0,3.23e+16,3010000000000000.0,-3.53e+16,-1.71e+16,-1040000000000000.0,-2.86e+16,gcmt,2104_gcmtb,subduction_intraslab
201903012243A,2019-03-01T22:43:00,-71.84,-30.65,34.0,5.1,mw,356.0,29.0,86.0,181.0,61.0,92.0,74.0,96.0,,,16.0,269.0,,,,,,,gmt,2105_gmt,subduction_intraslab
615092454,2019-03-01T22:43:27,-71.704,-30.58,44.0,5.0,mw,167.42,49.82,85.58,354.26,40.38,95.22,84.18,44.88,3.38,170.28,4.73,260.56,4083000000.0,-203000000.00000003,-3881000000.0,358000000.0,-622000000.0,607000000.0,gfz,2105_gfz,subduction_intraslab
C201903012243A,2019-03-01T22:43:31,-71.84,-30.65,34.1,5.0,mw,356.0,29.0,86.0,181.0,61.0,92.0,74.0,97.0,2.0,360.0,16.0,269.0,5.16e+16,1640000000000000.0,-5.32e+16,-1630000000000000.0,-3.18e+16,1350000000000000.0,gcmt,2105_gcmtb,subduction_intraslab
C201903012243A,2019-03-01T22:43:31,-71.84,-30.65,34.1,5.0,mw,356.0,29.0,86.0,181.0,61.0,92.0,74.0,97.0,2.0,360.0,16.0,269.0,5.16e+16,1640000000000000.0,-5.32e+16,-1630000000000000.0,-3.18e+16,1350000000000000.0,gcmt,2105_gcmt,subduction_intraslab
201903022021A,2019-03-02T20:21:00,-72.69,-33.67,17.0,5.5,mw,352.0,17.0,68.0,195.0,74.0,97.0,60.0,114.0,,,29.0,280.0,,,,,,,gmt,2106_gmt,subduction_intraslab
1000j9yt,2019-03-02T20:21:51,-72.7288,-33.6711,15.5,5.5,mww,9.4,11.0,89.0,190.41,79.0,90.19,56.0,101.0,0.0,10.0,34.0,280.0,9.273e+16,-1.907e+16,-7.366e+16,-3.783e+16,-2.0454e+17,-9600000000000000.0,us,2106_us,subduction_intraslab
C201903022021A,2019-03-02T20:21:57,-72.69,-33.67,16.7,5.5,mw,352.0,17.0,68.0,195.0,74.0,97.0,60.0,114.0,6.0,13.0,29.0,279.0,1.3999999999999998e+17,-6000000000000000.0,-1.34e+17,-6.39e+16,-2.07e+17,-4200000000000001.0,gcmt,2106_gcmt,subduction_intraslab
C201903022021A,2019-03-02T20:21:57,-72.69,-33.67,16.7,5.5,mw,352.0,17.0,68.0,195.0,74.0,97.0,60.0,114.0,6.0,13.0,29.0,279.0,1.3999999999999998e+17,-6000000000000000.0,-1.34e+17,-6.39e+16,-2.07e+17,-4200000000000001.0,gcmt,2106_gcmtb,subduction_intraslab
615225068,2019-03-16T18:06:15,-71.695,-29.726,39.3,5.24,mw,195.0,25.0,109.0,353.0,67.0,81.0,43.031240353677696,248.1441444977886,11.51117663765278,349.1039020482913,44.68546675316168,90.7245923409006,0.6,0.12,-0.71,-0.1,0.6,-0.04,gem,2113_gem,subduction_intraslab
1000jh4d,2019-03-16T18:06:16,-72.0,-29.7729,35.5,5.2,mww,162.74,22.02,67.07,7.26,69.8,98.95,64.0,292.0,8.0,184.0,24.0,90.0,3.8446e+16,2.7647e+16,-6.6093e+16,6046000000000000.0,5.9192e+16,2039000000000000.0,us,2113_us,subduction_intraslab
615225068,2019-03-16T18:06:16,-71.505,-29.74,45.0,5.2,mw,5.97,68.65,98.9,162.69,23.05,68.4,65.24,291.12,8.29,182.71,23.15,89.14,4916000000.0,1775000000.0,-6691000000.0,766000000.0,6093000000.0,495000000.0,gfz,2113_gfz,subduction_intraslab
C201903161806A,2019-03-16T18:06:18,-71.3,-29.87,58.7,5.2,mw,195.0,25.0,109.0,353.0,67.0,81.0,67.0,247.0,8.0,357.0,21.0,90.0,6.02e+16,1.15e+16,-7.17e+16,-1.03e+16,5.96e+16,-4200000000000001.0,gcmt,2113_gcmt,subduction_intraslab
C201903161806A,2019-03-16T18:06:18,-71.3,-29.87,58.7,5.2,mw,195.0,25.0,109.0,353.0,67.0,81.0,67.0,247.0,8.0,357.0,21.0,90.0,6.02e+16,1.15e+16,-7.17e+16,-1.03e+16,5.96e+16,-4200000000000001.0,gcmt,2113_gcmtb,subduction_intraslab
615303137,2019-03-25T10:52:39,-70.043,-21.384,74.8,4.99,mw,12.0,74.0,-92.0,199.0,16.0,-83.0,44.97892161123464,283.6164090020487,2.266590091670754,191.34971253804173,44.93146000570726,99.08677021109428,-1.4,-1.07,2.47,-0.71,-3.2,0.95,gem,2115_gem,subduction_intraslab
C201903251052A,2019-03-25T10:52:43,-69.99,-21.26,66.1,5.0,mw,199.0,16.0,-83.0,12.0,74.0,-92.0,29.0,104.0,2.0,13.0,61.0,279.0,-1.4e+16,-1.07e+16,2.47e+16,-7150000000000000.0,-3.2e+16,9540000000000000.0,gcmt,2115_gcmt,subduction_intraslab
615327146,2019-03-28T15:05:32,-70.179,-24.598,55.3,5.38,mw,0.0,24.0,101.0,168.0,67.0,85.0,44.36207244814752,68.72472240639274,6.515101402258596,165.13732165771546,44.900230118265696,261.6720587889339,0.84,0.41,-1.25,0.21,-0.98,0.22,gem,2116_gem,subduction_intraslab
C201903281505A,2019-03-28T15:05:37,-70.29,-24.62,73.1,5.4,mw,0.0,24.0,101.0,168.0,67.0,85.0,68.0,69.0,5.0,170.0,22.0,262.0,8.37e+16,4.12e+16,-1.25e+17,2.07e+16,-9.76e+16,2.23e+16,gcmt,2116_gcmt,subduction_intraslab
615410468,2019-04-18T04:06:32,-71.574,-29.309,65.0,5.5,mw,151.32,14.25,-112.44,354.4,76.85,-84.46,31.63,79.8,5.39,173.13,57.8,271.75,-11940000000.0,1810000000.0,10129999999.999998,1500000000.0,-22870000000.0,-3240000000.0,gfz,2118_gfz,subduction_intraslab
700038b8,2019-04-18T04:06:34,-72.0,-29.3688,50.5,5.6,mww,163.82,17.26,-100.01,354.29,73.01,-86.91,28.0,82.0,3.0,173.0,62.0,269.0,-1.9925e+17,1.127e+16,1.8797e+17,2.299e+16,-2.9047e+17,-3.621e+16,us,2118_us,subduction_intraslab
615410468,2019-04-18T04:06:34,-71.601,-29.368,60.5,5.59,mw,183.0,15.0,-82.0,355.0,75.0,-92.0,44.9751391694891,86.46732764021885,2.3761319356161725,354.0912138323739,44.92637588468765,261.71914342836027,-1.51,-0.12,1.63,0.27,-2.66,-0.04,gem,2118_gem,subduction_intraslab
C201904180406A,2019-04-18T04:06:35,-71.53,-29.46,73.5,5.6,mw,183.0,15.0,-82.0,355.0,75.0,-92.0,30.0,87.0,2.0,355.0,60.0,262.0,-1.51e+17,-1.24e+16,1.63e+17,2.65e+16,-2.66e+17,-4100000000000000.0,gcmt,2118_gcmt,subduction_intraslab
C201904180406A,2019-04-18T04:06:35,-71.53,-29.46,73.5,5.6,mw,183.0,15.0,-82.0,355.0,75.0,-92.0,30.0,87.0,2.0,355.0,60.0,262.0,-1.51e+17,-1.24e+16,1.63e+17,2.65e+16,-2.66e+17,-4100000000000000.0,gcmt,2118_gcmtb,subduction_intraslab
201904211000A,2019-04-21T10:00:00,-71.86,-35.86,86.0,5.0,mw,327.0,59.0,-154.0,223.0,68.0,-34.0,6.0,277.0,,,39.0,182.0,,,,,,,gmt,2119_gmt,subduction_intraslab
615412589,2019-04-21T10:00:10,-71.791,-35.765,79.3,5.01,mw,223.0,68.0,-34.0,327.0,59.0,-154.0,32.40726156044449,96.89440710262716,56.53031142872749,260.6704755519657,7.474597952648928,2.1169180560322047,-1.85,-2.5,4.35,1.65,0.41,0.61,gem,2119_gem,subduction_intraslab
615422685,2019-04-26T06:22:34,-70.978,-25.918,35.2,5.55,mw,10.0,46.0,74.0,213.0,46.0,106.0,0.6506390777843211,200.6014435828345,45.567070881574914,109.9377528836132,44.42553944596083,291.23920541662346,2.76,-0.61,-2.15,-0.61,0.23,-0.73,gem,2123_gem,subduction_intraslab
C201904260622A,2019-04-26T06:22:38,-71.1,-25.81,34.1,5.5,mw,10.0,46.0,74.0,213.0,46.0,106.0,79.0,201.0,11.0,22.0,0.0,292.0,2.76e+17,-6.11e+16,-2.15e+17,-6.12e+16,2.27e+16,-7.26e+16,gcmt,2123_gcmt,subduction_intraslab
615738343,2019-05-17T14:16:23,-70.151,-19.793,74.6,4.97,mw,177.0,21.0,-75.0,341.0,69.0,-96.0,44.85029773712611,75.39345631513316,6.981778043048262,338.39610402754136,44.30307074850536,241.5318051536708,-3.15,1.48,1.67,1.22,-2.42,0.24,gem,2127_gem,subduction_intraslab
C201905171416A,2019-05-17T14:16:25,-70.26,-19.77,93.2,5.0,mw,177.0,21.0,-75.0,341.0,69.0,-96.0,24.0,76.0,5.0,343.0,65.0,241.0,-3.15e+16,1.48e+16,1.67e+16,1.22e+16,-2.42e+16,2450000000000000.0,gcmt,2127_gcmt,subduction_intraslab
615868811,2019-06-03T08:42:10,-70.459,-19.682,43.4,5.15,mw,165.0,25.0,-80.0,334.0,66.0,-95.0,44.91205724468266,67.47839884913685,6.4191347504763465,331.03847813965194,44.371728191372455,234.7193888581238,-3.02,-2.43,5.46,1.72,-4.07,-3.85,gem,2131_gem,subduction_intraslab
C201906030842A,2019-06-03T08:42:13,-70.51,-19.69,79.9,5.2,mw,165.0,25.0,-80.0,334.0,66.0,-95.0,21.0,68.0,4.0,336.0,69.0,235.0,-3.02e+16,-2.43e+16,5.46e+16,1.72e+16,-4.07e+16,-3.85e+16,gcmt,2131_gcmt,subduction_intraslab
615913991,2019-06-05T16:19:42,-70.228,-27.356,83.0,5.33,mw,28.0,73.0,-70.0,157.0,26.0,-138.0,42.9893256319646,282.4731497862123,22.608187180171225,35.31444416089539,38.485610590225455,144.64821722164015,-0.64,-0.19,0.83,-0.55,-0.8,0.05,gem,2132_gem,subduction_intraslab
615913991,2019-06-05T16:19:42,-70.1,-27.4,86.0,5.3,mw,31.58,73.52,-78.95,177.04,19.76,-122.94,27.7,112.78,10.59,208.41,60.01,317.32,-4472000000.000001,-1062000000.0,5535000000.0,-4236000000.0,-6636999999.999999,2362000000.0,gfz,2132_gfz,subduction_intraslab
C201906051619A,2019-06-05T16:19:45,-70.15,-27.43,98.3,5.3,mw,157.0,26.0,-138.0,28.0,73.0,-70.0,26.0,103.0,19.0,202.0,57.0,324.0,-6.42e+16,-1.93e+16,8.36e+16,-5.540000000000001e+16,-7.99e+16,4800000000000000.0,gcmt,2132_gcmtb,subduction_intraslab
C201906051619A,2019-06-05T16:19:45,-70.15,-27.43,98.3,5.3,mw,157.0,26.0,-138.0,28.0,73.0,-70.0,26.0,103.0,19.0,202.0,57.0,324.0,-6.42e+16,-1.93e+16,8.36e+16,-5.540000000000001e+16,-7.99e+16,4800000000000000.0,gcmt,2132_gcmt,subduction_intraslab
201906132250A,2019-06-13T22:50:00,-71.52,-30.46,63.0,5.0,mw,2.0,37.0,105.0,164.0,55.0,79.0,77.0,35.0,,,9.0,261.0,,,,,,,gmt,2133_gmt,subduction_intraslab
600040ir,2019-06-13T22:50:10,-71.559,-30.4291,50.5,5.0,mww,0.31,40.26,98.43,169.32,50.26,82.92,83.0,37.0,5.0,174.0,5.0,264.0,3.5936e+16,-1783000000000000.0,-3.4153e+16,4247000000000000.0,-5837000000000000.0,2916000000000000.0,us,2133_us,subduction_intraslab
615952693,2019-06-13T22:50:10,-71.454,-30.411,52.8,5.03,mw,2.0,37.0,105.0,164.0,55.0,79.0,35.08111944416665,35.23737081906029,24.802193821991683,144.17567540970094,44.639586315399576,261.3264658199811,3.73,0.66,-4.39,0.69,-1.29,0.66,gem,2133_gem,subduction_intraslab
615952693,2019-06-13T22:50:12,-71.228,-30.44,60.0,5.0,mw,7.57,38.73,98.7,176.47,51.8,83.08,81.46,51.45,5.43,180.76,6.57,271.38,4285999999.999999,238000000.0,-4524000000.0,374000000.0,-1038000000.0,-161000000.0,gfz,2133_gfz,subduction_intraslab
C201906132250A,2019-06-13T22:50:15,-71.52,-30.46,63.4,5.0,mw,2.0,37.0,105.0,164.0,55.0,79.0,77.0,38.0,9.0,170.0,9.0,262.0,3.73e+16,6560000000000000.0,-4.39e+16,6929999999999999.0,-1.29e+16,6580000000000000.0,gcmt,2133_gcmtb,subduction_intraslab
C201906132250A,2019-06-13T22:50:15,-71.52,-30.46,63.4,5.0,mw,2.0,37.0,105.0,164.0,55.0,79.0,77.0,38.0,9.0,170.0,9.0,262.0,3.73e+16,6560000000000000.0,-4.39e+16,6929999999999999.0,-1.29e+16,6580000000000000.0,gcmt,2133_gcmt,subduction_intraslab
615979915,2019-06-28T08:30:41,-70.928,-29.334,85.0,5.1,mw,217.54,72.43,169.95,310.61,80.43,17.83,19.33,175.09,69.84,337.95,5.5,83.16,1084000000.0,4031000000.0,-5115000000.0,-1265000000.0,466000000.0,995000000.0,gfz,2137_gfz,subduction_intraslab
615979915,2019-06-28T08:30:42,-70.985,-29.348,81.3,5.0,mw,230.0,86.0,157.0,322.0,67.0,4.0,13.456435292572966,3.49120348047245,66.87106821467947,239.42241986773192,18.448407519883965,98.06946310542742,0.23,3.5,-3.73,-1.35,-0.8,-0.72,gem,2137_gem,subduction_intraslab
700046ge,2019-06-28T08:30:43,-71.1404,-29.3782,80.5,5.0,mww,312.86,77.2,12.13,220.14,78.18,166.91,18.0,176.0,72.0,359.0,1.0,267.0,4307000000000000.0,4.0188e+16,-4.4495e+16,-1.2664e+16,-1334000000000000.0,5195000000000000.0,us,2137_us,subduction_intraslab
C201906280830A,2019-06-28T08:30:45,-71.13,-29.41,95.6,5.0,mw,322.0,67.0,4.0,230.0,86.0,157.0,19.0,183.0,67.0,40.0,13.0,278.0,2280000000000000.0,3.5e+16,-3.73e+16,-1.35e+16,-8030000000000000.0,-7240000000000000.0,gcmt,2137_gcmtb,subduction_intraslab
C201906280830A,2019-06-28T08:30:45,-71.13,-29.41,95.6,5.0,mw,322.0,67.0,4.0,230.0,86.0,157.0,19.0,183.0,67.0,40.0,13.0,278.0,2280000000000000.0,3.5e+16,-3.73e+16,-1.35e+16,-8030000000000000.0,-7240000000000000.0,gcmt,2137_gcmt,subduction_intraslab
616184921,2019-08-01T20:01:30,-72.282,-34.318,30.7,5.89,mw,181.0,77.0,91.0,358.0,13.0,87.0,44.98525142294101,272.33399716559506,1.0840563941716148,181.250304803616,44.99424029369225,90.16627231668429,3.75,-0.11,-3.64,-0.17,-7.69,0.02,gem,2141_gem,subduction_intraslab
201908151423A,2019-08-15T14:23:00,-72.11,-30.01,24.0,5.0,mw,7.0,28.0,98.0,177.0,62.0,86.0,72.0,78.0,,,17.0,271.0,,,,,,,gmt,2144_gmt,subduction_intraslab
600055ei,2019-08-15T14:23:40,-72.0828,-29.9143,23.5,4.9,mww,0.61,28.66,88.81,181.97,61.35,90.65,74.0,94.0,1.0,2.0,16.0,271.0,2.2042e+16,2936000000000000.0,-2.4978e+16,-626000000000000.0,-1.5082e+16,-656000000000000.0,us,2144_us,subduction_intraslab
616249225,2019-08-24T02:32:59,-71.513,-31.109,63.7,4.97,mw,207.0,81.0,-42.0,306.0,49.0,-167.0,31.742306567983107,82.77218770797629,48.60841848358405,217.35258343518493,23.609941619535057,337.0839984615737,-0.98,-2.1,3.09,1.0,1.97,-1.1,gem,2145_gem,subduction_intraslab
201908240233A,2019-08-24T02:33:00,-71.5,-31.46,96.0,5.0,mw,306.0,49.0,-167.0,207.0,81.0,-42.0,20.0,263.0,,,36.0,158.0,,,,,,,gmt,2145_gmt,subduction_intraslab
201908242336A,2019-08-24T23:36:00,-74.42,-43.14,32.0,5.2,mw,15.0,27.0,89.0,196.0,63.0,91.0,72.0,107.0,,,18.0,286.0,,,,,,,gmt,2146_gmt,subduction_intraslab
616249515,2019-08-24T23:36:35,-74.21,-43.163,35.0,5.18,mw,15.0,27.0,89.0,196.0,63.0,91.0,44.99058929884463,107.28762381682708,0.772136200889955,16.515671132056298,44.99900577715357,285.7434916078536,5.98,-0.5,-5.48,-1.22,-4.22,-1.45,gem,2146_gem,subduction_intraslab
616249515,2019-08-24T23:36:37,-73.998,-43.114,44.0,5.2,mw,15.5,30.53,100.6,183.24,60.05,83.81,74.18,77.0,5.36,186.34,14.84,277.77,6141000000.0,267000000.0,-6408000000.0,135000000.0,-3677000000.0,-1101000000.0,gfz,2146_gfz,subduction_intraslab
C201908242336A,2019-08-24T23:36:38,-74.42,-43.14,31.7,5.1,mw,15.0,27.0,89.0,196.0,63.0,91.0,72.0,107.0,0.0,15.0,18.0,285.0,5.980000000000001e+16,-4970000000000000.0,-5.480000000000001e+16,-1.22e+16,-4.22e+16,-1.45e+16,gcmt,2146_gcmtb,subduction_intraslab
C201908242336A,2019-08-24T23:36:38,-74.42,-43.14,31.7,5.1,mw,15.0,27.0,89.0,196.0,63.0,91.0,72.0,107.0,0.0,15.0,18.0,285.0,5.980000000000001e+16,-4970000000000000.0,-5.480000000000001e+16,-1.22e+16,-4.22e+16,-1.45e+16,gcmt,2146_gcmt,subduction_intraslab
C201909012132A,2019-09-01T21:32:21,-71.38,-18.69,40.1,5.1,mw,332.0,31.0,75.0,170.0,60.0,99.0,74.0,104.0,8.0,346.0,14.0,254.0,7.22e+16,7800000000000000.0,-8.01e+16,3500000000000000.5,-4.52e+16,3.11e+16,gcmt,2149_gcmt,subduction_intraslab
616567061,2019-09-26T20:31:29,-71.296,-29.839,47.0,5.4,mw,1.4,36.63,79.74,194.11,54.04,97.54,79.3,134.1,6.1,9.66,8.76,278.72,14200000000.0,550000000.0,-14750000000.0,-2200000000.0,-4330000000.0,-2160000000.0,gfz,2156_gfz,subduction_intraslab
616567061,2019-09-26T20:31:30,-71.431,-29.852,49.2,5.45,mw,13.0,36.0,98.0,184.0,54.0,85.0,41.6986924647975,69.88370520034573,14.083754121433351,172.79937819191446,44.90127280980983,277.27796253997224,1.69,0.19,-1.88,0.04,-0.6,-0.31,gem,2156_gem,subduction_intraslab
C201909262031A,2019-09-26T20:31:34,-71.57,-29.83,47.3,5.4,mw,13.0,36.0,98.0,184.0,54.0,85.0,80.0,71.0,4.0,187.0,9.0,278.0,1.69e+17,1.88e+16,-1.88e+17,3900000000000000.0,-6e+16,-3.13e+16,gcmt,2156_gcmtb,subduction_intraslab
C201909262031A,2019-09-26T20:31:34,-71.57,-29.83,47.3,5.4,mw,13.0,36.0,98.0,184.0,54.0,85.0,80.0,71.0,4.0,187.0,9.0,278.0,1.69e+17,1.88e+16,-1.88e+17,3900000000000000.0,-6e+16,-3.13e+16,gcmt,2156_gcmt,subduction_intraslab
201911030806A,2019-11-03T08:06:00,-72.13,-30.75,20.0,5.2,mw,1.0,22.0,92.0,179.0,68.0,89.0,67.0,87.0,,,23.0,269.0,,,,,,,gmt,2164_gmt,subduction_intraslab
616747109,2019-11-03T08:06:10,-72.073,-30.647,25.0,5.1,mw,23.85,35.58,120.61,167.82,59.95,69.99,68.31,36.93,17.23,178.16,12.77,272.19,3825000000.0,1347000000.0,-5172000000.0,934000000.0,-2194000000.0,-481000000.0,gfz,2164_gfz,subduction_intraslab
616747854,2019-11-04T13:03:40,-70.415,-21.398,39.3,5.41,mw,5.0,5.0,103.0,171.0,85.0,89.0,44.98674551111481,80.71534276001273,1.1398363188049083,171.85487728183602,44.99058169355059,262.9945644268381,0.21,0.13,-0.34,0.25,-1.62,0.04,gem,2166_gem,subduction_intraslab
201911042153A,2019-11-04T21:53:00,-71.37,-31.81,67.0,6.1,mw,205.0,33.0,118.0,352.0,61.0,73.0,69.0,228.0,,,15.0,95.0,,,,,,,gmt,2167_gmt,subduction_intraslab
70006345,2019-11-04T21:53:24,-71.7195,-31.7222,60.5,6.1,mww,202.45,38.78,112.27,354.74,54.57,73.06,74.0,217.0,14.0,5.0,8.0,97.0,1.4143e+18,-2.44e+16,-1.3899e+18,-3.303e+17,4.554e+17,-2.199e+17,us,2167_us,subduction_intraslab
616962653,2019-11-04T21:53:25,-71.285,-31.783,56.5,6.11,mw,205.0,33.0,118.0,352.0,61.0,73.0,35.12029466843084,227.64585457820328,25.631732944439047,337.3682767427852,43.96304833761518,94.9323782725088,1.44,0.23,-1.67,-0.34,0.9,-0.27,gem,2167_gem,subduction_intraslab
C201911042153A,2019-11-04T21:53:26,-71.37,-31.81,67.2,6.1,mw,205.0,33.0,118.0,352.0,61.0,73.0,69.0,227.0,15.0,1.0,14.0,95.0,1.44e+18,2.27e+17,-1.67e+18,-3.35e+17,8.96e+17,-2.7200000000000003e+17,gcmt,2167_gcmt,subduction_intraslab
C201911042153A,2019-11-04T21:53:26,-71.37,-31.81,67.2,6.1,mw,205.0,33.0,118.0,352.0,61.0,73.0,69.0,227.0,15.0,1.0,14.0,95.0,1.44e+18,2.27e+17,-1.67e+18,-3.35e+17,8.96e+17,-2.7200000000000003e+17,gcmt,2167_gcmtb,subduction_intraslab
616787203,2019-11-15T17:16:43,-72.219,-34.014,30.0,5.2,mw,168.19,68.48,86.37,358.0,21.81,99.11,66.33,71.79,3.37,169.52,23.4,260.99,4712000000.0,722000000.0,-5433000000.0,1220000000.0,-5332000000.0,833000000.0,gfz,2168_gfz,subduction_intraslab
C201912030846A,2019-12-03T08:46:40,-71.02,-18.59,60.0,6.0,mw,343.0,30.0,89.0,165.0,60.0,91.0,74.0,77.0,1.0,344.0,15.0,254.0,1.07e+18,1.58e+17,-1.23e+18,1.88e+17,-7.03e+17,4.33e+17,gcmt,2172_gcmt,subduction_intraslab
617050357,2020-01-01T16:51:32,-71.5582,-30.2857,40.9,5.0,mw,35.06,45.6,132.02,162.89,57.94,55.64,60.0,19.0,29.0,183.0,7.0,277.0,2690000000.0,785000000.0,-3475000000.0,1385999999.9999998,-929000000.0,-682000000.0000001,neic,2175_neic,subduction_intraslab
617485805,2020-02-11T13:50:03,-70.792,-24.802,47.6,5.26,mw,90.0,8.0,-177.0,357.0,90.0,-82.0,44.454470748637824,79.17226973180186,7.989801440433889,177.08772075425213,44.43849902623106,274.99873091004696,-0.31,0.52,-0.2,0.4,-9.67,-1.29,gem,2185_gem,subduction_intraslab
C202002111350A,2020-02-11T13:50:07,-70.63,-24.8,70.0,5.3,mw,90.0,8.0,-177.0,357.0,90.0,-82.0,44.0,79.0,8.0,177.0,45.0,275.0,-3130000000000000.0,5190000000000000.0,-2060000000000000.0,4030000000000000.0,-9.67e+16,-1.29e+16,gcmt,2185_gcmt,subduction_intraslab
70007s7z,2020-02-18T05:32:45,-73.2463,-35.5928,25.5,5.0,mww,17.1,14.52,96.9,189.98,75.59,88.22,59.0,98.0,2.0,190.0,31.0,281.0,1.9572e+16,2596000000000000.0,-2.2169e+16,-6607000000000000.0,-3.8542e+16,-5974000000000000.0,us,2188_us,subduction_intraslab
202003170812A,2020-03-17T08:12:00,-73.13,-36.17,38.0,5.5,mw,109.0,28.0,79.0,301.0,62.0,96.0,72.0,225.0,,,17.0,27.0,,,,,,,gmt,2192_gmt,subduction_intraslab
617795010,2020-03-17T08:12:02,-73.21,-36.132,34.0,5.55,mw,109.0,28.0,79.0,301.0,62.0,96.0,43.76497049330025,224.65591144490784,8.867217467846118,126.06231037292524,44.87325829802251,27.12689691600013,1.99,-1.86,-0.13,-1.26,0.85,1.08,gem,2192_gem,subduction_intraslab
60008gzt,2020-03-17T08:12:03,-73.1419,-36.157,35.5,5.6,mww,102.72,31.49,69.74,306.12,60.65,101.98,72.0,244.0,10.0,120.0,15.0,27.0,2.1571e+17,-1.9502e+17,-2.069e+16,-9.659e+16,9.807e+16,1.0387e+17,us,2192_us,subduction_intraslab
617795010,2020-03-17T08:12:03,-73.089,-36.11,33.0,5.5,mw,97.24,31.94,62.43,308.84,62.03,106.09,68.7,251.49,14.17,121.14,15.57,27.1,18910000000.0,-17690000000.0,-1220000000.0,-8410000000.0,10340000000.0,8870000000.0,gfz,2192_gfz,subduction_intraslab
C202003170812A,2020-03-17T08:12:04,-73.13,-36.17,38.0,5.6,mw,109.0,28.0,79.0,301.0,62.0,96.0,72.0,224.0,5.0,118.0,17.0,27.0,1.99e+17,-1.86e+17,-1.33e+16,-1.26e+17,8.48e+16,1.08e+17,gcmt,2192_gcmtb,subduction_intraslab
C202003170812A,2020-03-17T08:12:04,-73.13,-36.17,38.0,5.6,mw,109.0,28.0,79.0,301.0,62.0,96.0,72.0,224.0,5.0,118.0,17.0,27.0,1.99e+17,-1.86e+17,-1.33e+16,-1.26e+17,8.48e+16,1.08e+17,gcmt,2192_gcmt,subduction_intraslab
202003240652A,2020-03-24T06:52:00,-71.89,-30.5,36.0,5.0,mw,6.0,35.0,99.0,176.0,56.0,84.0,78.0,62.0,,,10.0,270.0,,,,,,,gmt,2194_gmt,subduction_intraslab
617812788,2020-03-24T06:52:17,-71.896,-30.587,27.1,5.01,mw,6.0,35.0,99.0,176.0,56.0,84.0,41.78437631455654,62.4042268824179,13.947064484498668,165.2264039027558,44.88037924239421,269.5449150226072,4.2,-0.77,-3.43,0.46,-1.47,-0.09,gem,2194_gem,subduction_intraslab
202006251155A,2020-06-25T11:55:00,-71.82,-32.13,35.0,5.2,mw,28.0,39.0,129.0,162.0,60.0,63.0,64.0,26.0,,,12.0,271.0,,,,,,,gmt,2216_gmt,subduction_intraslab
7000ab22,2020-06-25T11:55:05,-71.6175,-32.3266,40.5,5.2,mww,21.93,43.69,109.9,175.33,49.5,71.99,76.0,20.0,14.0,187.0,3.0,278.0,6.4184e+16,1.2973e+16,-7.7157e+16,1.1585e+16,-9186000000000000.0,-1.3584e+16,us,2216_us,subduction_intraslab
618590068,2020-06-25T11:55:05,-71.6175,-32.3266,40.5,5.2,mw,21.93,43.69,109.9,175.33,49.5,71.99,76.0,20.0,14.0,187.0,3.0,278.0,6418000000.0,1297000000.0,-7716000000.0,1159000000.0,-919000000.0,-1358000000.0,neic,2216_neic,subduction_intraslab
C202006251155A,2020-06-25T11:55:07,-71.82,-32.13,35.0,5.2,mw,28.0,39.0,129.0,162.0,60.0,63.0,63.0,25.0,24.0,176.0,11.0,271.0,5.68e+16,1.39e+16,-7.08e+16,2.58e+16,-2.73e+16,-7160000000000000.0,gcmt,2216_gcmtb,subduction_intraslab
C202006251155A,2020-06-25T11:55:07,-71.82,-32.13,35.0,5.2,mw,28.0,39.0,129.0,162.0,60.0,63.0,63.0,25.0,24.0,176.0,11.0,271.0,5.68e+16,1.39e+16,-7.08e+16,2.58e+16,-2.73e+16,-7160000000000000.0,gcmt,2216_gcmt,subduction_intraslab
202007021235A,2020-07-02T12:35:00,-72.34,-34.14,33.0,5.0,mw,8.0,29.0,90.0,188.0,61.0,90.0,74.0,98.0,,,16.0,278.0,,,,,,,gmt,2218_gmt,subduction_intraslab
618683069,2020-07-17T05:40:35,-69.998,-20.239,71.3,6.0,mw,213.0,25.0,-55.0,355.0,70.0,-105.0,43.96546944224604,96.78755016962782,18.139316079055043,348.3670809694153,40.461928581188246,242.14094325938817,-0.77,-0.13,0.89,0.17,-0.92,0.24,gem,2219_gem,subduction_intraslab
C202007170540A,2020-07-17T05:40:39,-70.11,-20.25,75.6,5.9,mw,213.0,25.0,-55.0,355.0,70.0,-105.0,23.0,97.0,14.0,0.0,62.0,241.0,-7.68e+17,-1.28e+17,8.96e+17,1.68e+17,-9.23e+17,2.38e+17,gcmt,2219_gcmt,subduction_intraslab
618727763,2020-08-16T03:18:49,-70.219,-19.2,70.3,5.09,mw,94.0,38.0,-138.0,329.0,66.0,-60.0,41.35406585017233,37.03202478925704,36.98137114460918,168.5477635831312,26.678979302683047,280.7821127504464,-3.56,3.16,0.4,0.48,-3.39,-2.39,gem,2223_gem,subduction_intraslab
C202008160318A,2020-08-16T03:18:51,-70.31,-19.29,91.6,5.2,mw,94.0,38.0,-138.0,329.0,66.0,-60.0,16.0,37.0,27.0,135.0,58.0,280.0,-3.56e+16,3.16e+16,4030000000000000.0,4760000000000000.0,-3.39e+16,-2.39e+16,gcmt,2223_gcmt,subduction_intraslab
C202009010409A,2020-09-01T04:09:39,-71.41,-28.01,34.4,6.8,mw,15.0,24.0,112.0,171.0,68.0,81.0,65.0,65.0,9.0,174.0,23.0,268.0,1.67e+19,7.5e+17,-1.75e+19,4.34e+18,-1.72e+19,-8.599999999999999e+17,gcmt,2224_gcmtb,subduction_intraslab
C202009010409A,2020-09-01T04:09:39,-71.41,-28.01,34.4,6.8,mw,15.0,24.0,112.0,171.0,68.0,81.0,65.0,65.0,9.0,174.0,23.0,268.0,1.67e+19,7.5e+17,-1.75e+19,4.34e+18,-1.72e+19,-8.599999999999999e+17,gcmt,2224_gcmt,subduction_intraslab
C202009010430A,2020-09-01T04:30:11,-71.37,-28.05,37.6,6.3,mw,21.0,30.0,119.0,168.0,65.0,74.0,67.0,49.0,14.0,175.0,18.0,269.0,2.58e+18,1.33e+17,-2.71e+18,8.46e+17,-1.93e+18,-2.43e+17,gcmt,2225_gcmt,subduction_intraslab
C202009010430A,2020-09-01T04:30:11,-71.37,-28.05,37.6,6.3,mw,21.0,30.0,119.0,168.0,65.0,74.0,67.0,49.0,14.0,175.0,18.0,269.0,2.58e+18,1.33e+17,-2.71e+18,8.46e+17,-1.93e+18,-2.43e+17,gcmt,2225_gcmtb,subduction_intraslab
C202009010701A,2020-09-01T07:01:31,-71.65,-28.17,36.5,5.7,mw,6.0,31.0,105.0,169.0,60.0,81.0,73.0,57.0,7.0,173.0,15.0,265.0,6.31e+17,-8.14e+16,-5.49e+17,1.3700000000000002e+17,-3.3e+17,1.17e+16,gcmt,2228_gcmt,subduction_intraslab
C202009010701A,2020-09-01T07:01:31,-71.65,-28.17,36.5,5.7,mw,6.0,31.0,105.0,169.0,60.0,81.0,73.0,57.0,7.0,173.0,15.0,265.0,6.31e+17,-8.14e+16,-5.49e+17,1.3700000000000002e+17,-3.3e+17,1.17e+16,gcmt,2228_gcmtb,subduction_intraslab
618944067,2020-09-01T10:31:52,-71.309,-27.808,26.0,5.6,mw,12.6,26.7,103.23,177.86,64.06,83.44,70.22,74.04,5.9,180.74,18.81,272.76,24970000000.0,2290000000.0,-27260000000.0,2100000000.0,-20310000000.0,-2480000000.0,gfz,2229_gfz,subduction_intraslab
C202009011031A,2020-09-01T10:31:58,-71.53,-27.94,23.1,5.7,mw,7.0,24.0,104.0,172.0,67.0,84.0,68.0,71.0,5.0,174.0,22.0,267.0,2.81e+17,5900000000000000.0,-2.87e+17,5.25e+16,-2.62e+17,2900000000000000.0,gcmt,2229_gcmtb,subduction_intraslab
C202009011031A,2020-09-01T10:31:58,-71.53,-27.94,23.1,5.7,mw,7.0,24.0,104.0,172.0,67.0,84.0,68.0,71.0,5.0,174.0,22.0,267.0,2.81e+17,5900000000000000.0,-2.87e+17,5.25e+16,-2.62e+17,2900000000000000.0,gcmt,2229_gcmt,subduction_intraslab
618946574,2020-09-01T17:13:22,-71.413,-27.825,35.0,5.0,mw,37.44,33.51,132.38,169.86,65.93,65.95,61.4,42.85,21.85,180.17,17.53,277.45,2746000000.0,527000000.0,-3273000000.0,1050000000.0,-2331000000.0,-945000000.0,gfz,2230_gfz,subduction_intraslab
C202009011713A,2020-09-01T17:13:27,-71.61,-27.84,29.1,5.0,mw,7.0,23.0,104.0,172.0,67.0,84.0,67.0,72.0,5.0,174.0,22.0,267.0,4.08e+16,-230000000000000.0,-4.05e+16,7800000000000000.0,-3.96e+16,190000000000000.0,gcmt,2230_gcmtb,subduction_intraslab
C202009011713A,2020-09-01T17:13:27,-71.61,-27.84,29.1,5.0,mw,7.0,23.0,104.0,172.0,67.0,84.0,67.0,72.0,5.0,174.0,22.0,267.0,4.08e+16,-230000000000000.0,-4.05e+16,7800000000000000.0,-3.96e+16,190000000000000.0,gcmt,2230_gcmt,subduction_intraslab
618947023,2020-09-01T21:09:20,-71.319,-27.907,27.0,6.4,mw,10.13,20.67,105.57,173.56,70.13,84.22,64.42,74.06,5.43,175.53,24.91,268.06,301100000000.0,46400000000.0,-347500000000.0,54700000000.00001,-381900000000.0,-6100000000.0,gfz,2231_gfz,subduction_intraslab
C202009012109A,2020-09-01T21:09:26,-71.46,-28.03,23.6,6.5,mw,17.0,22.0,116.0,169.0,70.0,80.0,63.0,63.0,10.0,173.0,25.0,267.0,3.3e+18,3.98e+17,-3.7e+18,1.02e+18,-3.97e+18,-1.83e+17,gcmt,2231_gcmt,subduction_intraslab
C202009012109A,2020-09-01T21:09:26,-71.46,-28.03,23.6,6.5,mw,17.0,22.0,116.0,169.0,70.0,80.0,63.0,63.0,10.0,173.0,25.0,267.0,3.3e+18,3.98e+17,-3.7e+18,1.02e+18,-3.97e+18,-1.83e+17,gcmt,2231_gcmtb,subduction_intraslab
618950110,2020-09-02T03:04:28,-71.407,-27.881,25.3,5.08,mw,173.0,63.0,90.0,352.0,27.0,89.0,44.99999999999998,263.0,1.5107634736951704e-14,173.0,45.00000000000003,83.0,4.5,-0.54,-3.97,0.35,-3.06,0.45,gem,2232_gem,subduction_intraslab
618979556,2020-09-05T06:39:42,-71.696,-27.959,18.4,4.98,mw,184.0,71.0,91.0,359.0,20.0,86.0,44.979708059568026,275.612395542518,1.1997955409689065,184.41318671167733,44.99517143321325,93.21333031016876,2.54,-0.37,-2.17,-0.23,-2.9,-0.03,gem,2233_gem,subduction_intraslab
202009060116A,2020-09-06T01:16:00,-71.8,-30.41,38.0,6.3,mw,7.0,28.0,100.0,175.0,62.0,84.0,72.0,74.0,,,17.0,270.0,,,,,,,gmt,2234_gmt,subduction_intraslab
619500226,2020-09-06T01:16:59,-71.539,-30.336,40.3,6.34,mw,7.0,28.0,100.0,175.0,62.0,84.0,43.96253182676031,73.53659695057024,8.116313864550573,171.4420196504101,44.895183184235066,269.61086674846234,3.34,0.12,-3.46,0.38,-2.26,-0.05,gem,2234_gem,subduction_intraslab
C202009060116A,2020-09-06T01:17:04,-71.8,-30.41,38.2,6.3,mw,7.0,28.0,100.0,175.0,62.0,84.0,72.0,72.0,5.0,178.0,17.0,269.0,3.34e+18,1.2e+17,-3.46e+18,3.79e+17,-2.26e+18,-4.8e+16,gcmt,2234_gcmtb,subduction_intraslab
C202009060116A,2020-09-06T01:17:04,-71.8,-30.41,38.2,6.3,mw,7.0,28.0,100.0,175.0,62.0,84.0,72.0,72.0,5.0,178.0,17.0,269.0,3.34e+18,1.2e+17,-3.46e+18,3.79e+17,-2.26e+18,-4.8e+16,gcmt,2234_gcmt,subduction_intraslab
C202009110735A,2020-09-11T07:36:01,-69.99,-21.38,56.9,6.2,mw,315.0,69.0,169.0,49.0,80.0,22.0,22.0,274.0,66.0,73.0,7.0,181.0,4.01e+17,-2.87e+18,2.47e+18,4.48e+17,1e+18,1.97e+17,gcmt,2235_gcmt,subduction_intraslab
619061756,2020-09-17T01:33:16,-71.634,-30.307,42.9,5.01,mw,0.0,38.0,100.0,167.0,53.0,82.0,37.54926919349693,42.72488523325853,21.26184411047564,150.12914510656867,44.83256372776836,262.8877283634098,3.87,0.16,-4.03,0.55,-1.06,0.47,gem,2236_gem,subduction_intraslab
619481080,2020-10-13T17:16:17,-71.172,-26.16,26.1,5.01,mw,176.0,74.0,99.0,328.0,18.0,63.0,43.64029297934515,278.79157361052137,10.164632031861023,178.94692809136473,44.57475012518975,78.77227339354488,2.02,0.27,-2.28,0.11,-3.39,0.77,gem,2239_gem,subduction_intraslab
C202010210913A,2020-10-21T09:13:12,-71.06,-25.47,27.6,5.7,mw,12.0,26.0,117.0,163.0,67.0,78.0,65.0,51.0,11.0,167.0,22.0,262.0,3.65e+17,4.89e+16,-4.14e+17,1.47e+17,-3.46e+17,2.58e+16,gcmt,2240_gcmt,subduction_intraslab
202010280452A,2020-10-28T04:52:00,-71.72,-34.96,77.0,5.4,mw,342.0,54.0,-148.0,232.0,65.0,-40.0,6.0,289.0,,,46.0,192.0,,,,,,,gmt,2242_gmt,subduction_intraslab
619552835,2020-10-28T04:52:31,-71.666,-34.912,63.6,5.42,mw,232.0,65.0,-40.0,342.0,54.0,-148.0,35.57844012398404,108.96350251236343,52.90888936010782,270.0805075671488,9.133992990618449,12.35886451716533,-0.88,-0.62,1.5,0.83,0.03,0.72,gem,2242_gem,subduction_intraslab
7000c6lj,2020-10-28T04:52:32,-71.9494,-34.7813,60.5,5.5,mww,341.03,52.57,-132.48,217.46,54.15,-48.57,1.0,280.0,32.0,10.0,58.0,188.0,-1.4826e+17,-7.67e+16,2.2496e+17,6.744e+16,-5310000000000000.0,5.116e+16,us,2242_us,subduction_intraslab
C202010280452A,2020-10-28T04:52:35,-71.72,-34.96,76.6,5.5,mw,342.0,54.0,-148.0,232.0,65.0,-40.0,6.0,289.0,43.0,25.0,46.0,192.0,-8.8e+16,-6.24e+16,1.5e+17,8.31e+16,2500000000000000.0,7.24e+16,gcmt,2242_gcmtb,subduction_intraslab
C202010280452A,2020-10-28T04:52:35,-71.72,-34.96,76.6,5.5,mw,342.0,54.0,-148.0,232.0,65.0,-40.0,6.0,289.0,43.0,25.0,46.0,192.0,-8.8e+16,-6.24e+16,1.5e+17,8.31e+16,2500000000000000.0,7.24e+16,gcmt,2242_gcmt,subduction_intraslab
619509668,2020-10-28T14:53:10,-71.109,-29.283,53.0,5.7,mw,222.7,30.28,134.23,354.28,68.82,67.84,60.01,232.03,20.59,2.65,20.8,100.86,31990000000.0,2380000000.0,-34370000000.0,-10850000000.0,33890000000.0,-14290000000.0,gfz,2243_gfz,subduction_intraslab
619509668,2020-10-28T14:53:11,-71.231,-29.321,50.3,5.76,mw,234.0,34.0,141.0,357.0,70.0,62.0,31.518060150395943,231.2401688030951,32.35162169251039,344.0979136208524,41.57516840449211,108.2851852910211,3.2,0.17,-3.38,-1.1,3.65,-2.25,gem,2243_gem,subduction_intraslab
C202010281453A,2020-10-28T14:53:14,-71.24,-29.31,61.7,5.8,mw,234.0,34.0,141.0,357.0,70.0,62.0,56.0,231.0,26.0,8.0,20.0,108.0,3.2e+17,1.7399999999999998e+16,-3.38e+17,-1.1000000000000002e+17,3.65e+17,-2.25e+17,gcmt,2243_gcmt,subduction_intraslab
C202010281453A,2020-10-28T14:53:14,-71.24,-29.31,61.7,5.8,mw,234.0,34.0,141.0,357.0,70.0,62.0,56.0,231.0,26.0,8.0,20.0,108.0,3.2e+17,1.7399999999999998e+16,-3.38e+17,-1.1000000000000002e+17,3.65e+17,-2.25e+17,gcmt,2243_gcmtb,subduction_intraslab
7000c6u9,2020-10-28T14:53:17,-71.2496,-29.3285,50.5,5.8,mww,230.36,37.63,136.83,356.97,65.31,60.65,59.0,225.0,26.0,10.0,15.0,108.0,3.5563e+17,5.507e+16,-4.1071e+17,-1.0255e+17,3.0172e+17,-2.3441e+17,us,2243_us,subduction_intraslab
202011210211A,2020-11-21T02:11:00,-71.47,-31.07,62.0,5.5,mw,353.0,32.0,98.0,164.0,58.0,85.0,76.0,59.0,,,13.0,257.0,,,,,,,gmt,2247_gmt,subduction_intraslab
619554535,2020-11-21T02:11:47,-71.343,-30.922,54.8,5.53,mw,164.0,58.0,85.0,353.0,32.0,98.0,43.503478462461175,238.77097418224545,9.554018248442194,337.962866916337,44.91742827943883,77.62439810458125,2.06,0.17,-2.23,0.39,-1.02,0.53,gem,2247_gem,subduction_intraslab
6000cr45,2020-11-21T02:11:48,-71.6478,-30.9245,60.5,5.5,mww,356.47,39.13,101.09,162.29,51.73,81.11,81.0,31.0,7.0,168.0,6.0,259.0,2.3994e+17,-1.019e+16,-2.2975e+17,4.084e+16,-4.665e+16,4.24e+16,us,2247_us,subduction_intraslab
C202011210211A,2020-11-21T02:11:52,-71.47,-31.07,62.3,5.5,mw,353.0,32.0,98.0,164.0,58.0,85.0,76.0,58.0,4.0,166.0,13.0,257.0,2.06e+17,1.7399999999999998e+16,-2.23e+17,3.91e+16,-1.02e+17,5.28e+16,gcmt,2247_gcmt,subduction_intraslab
C202011210211A,2020-11-21T02:11:52,-71.47,-31.07,62.3,5.5,mw,353.0,32.0,98.0,164.0,58.0,85.0,76.0,58.0,4.0,166.0,13.0,257.0,2.06e+17,1.7399999999999998e+16,-2.23e+17,3.91e+16,-1.02e+17,5.28e+16,gcmt,2247_gcmtb,subduction_intraslab
202011220054A,2020-11-22T00:54:00,-73.12,-34.67,34.0,6.1,mw,171.0,48.0,169.0,268.0,82.0,43.0,35.0,139.0,,,22.0,33.0,,,,,,,gmt,2248_gmt,subduction_intraslab
619646130,2020-11-22T00:54:56,-73.122,-34.612,21.6,6.11,mw,171.0,48.0,169.0,268.0,82.0,43.0,24.472134998807924,138.91277215482376,47.98687077262103,259.2607374529677,31.715351870218093,32.57686878790372,0.17,-0.12,-0.05,-1.27,-0.71,1.28,gem,2248_gem,subduction_intraslab
619646130,2020-11-22T00:54:56,-73.0,-34.584,21.0,6.1,mw,174.5,42.82,169.02,272.61,82.56,47.71,37.61,145.69,41.85,279.32,25.29,34.35,26600000000.0,-12500000000.0,-14199999999.999998,-112300000000.0,-19700000000.0,101499999999.99998,gfz,2248_gfz,subduction_intraslab
C202011220054A,2020-11-22T00:55:00,-73.12,-34.67,33.8,6.1,mw,171.0,48.0,169.0,268.0,82.0,43.0,35.0,139.0,46.0,277.0,22.0,32.0,1.67e+17,-1.17e+17,-5e+16,-1.27e+18,-7.1e+17,1.28e+18,gcmt,2248_gcmt,subduction_intraslab
C202011220054A,2020-11-22T00:55:00,-73.12,-34.67,33.8,6.1,mw,171.0,48.0,169.0,268.0,82.0,43.0,35.0,139.0,46.0,277.0,22.0,32.0,1.67e+17,-1.17e+17,-5e+16,-1.27e+18,-7.1e+17,1.28e+18,gcmt,2248_gcmtb,subduction_intraslab
6000crcq,2020-11-22T00:55:03,-73.194,-34.6173,21.5,6.1,mww,174.71,60.01,163.37,273.2,75.65,31.06,32.0,138.0,56.0,296.0,10.0,41.0,1.434e+17,-4.26e+16,-1.007e+17,-1.0187e+18,-7.029e+17,1.4231e+18,us,2248_us,subduction_intraslab
619569175,2020-12-02T17:00:36,-69.435,-24.265,81.4,5.12,mw,84.0,36.0,-138.0,317.0,67.0,-62.0,41.65203031193585,27.35135037783175,34.490810100874896,155.0206899985376,29.174890303163,267.5763857304935,-3.95,4.35,-0.39,1.56,-3.67,-1.9,gem,2251_gem,subduction_intraslab
C202012021700A,2020-12-02T17:00:39,-69.47,-24.22,104.3,5.2,mw,84.0,36.0,-138.0,317.0,67.0,-62.0,17.0,27.0,26.0,126.0,58.0,267.0,-3.95e+16,4.35e+16,-3950000000000000.0,1.56e+16,-3.67e+16,-1.9e+16,gcmt,2251_gcmt,subduction_intraslab
202012080707A,2020-12-08T07:07:00,-71.48,-32.15,44.0,5.0,mw,181.0,31.0,77.0,15.0,60.0,98.0,74.0,306.0,,,15.0,100.0,,,,,,,gmt,2255_gmt,subduction_intraslab
619580150,2020-12-08T07:07:20,-71.334,-32.081,56.0,5.0,mw,115.07,71.92,-16.25,210.23,74.58,-161.22,1.8,342.28,65.87,248.26,24.05,73.09,-862000000.0,3274000000.0,-2412000000.0,-225000000.0,1195000000.0,1976000000.0,gfz,2255_gfz,subduction_intraslab
619580150,2020-12-08T07:07:20,-71.49,-32.066,52.3,5.05,mw,15.0,60.0,98.0,181.0,31.0,77.0,42.07246268203446,125.568076027698,13.552868110939336,23.000000000000057,44.7759642307405,279.16202349040043,4.19,-0.13,-4.05,0.93,2.12,-0.54,gem,2255_gem,subduction_intraslab
621237270,2020-12-27T21:39:15,-74.995,-39.342,15.0,6.7,mw,1.0,43.0,-109.0,206.0,50.0,-73.0,44.27310981700345,284.33495450229253,41.94521648172061,75.5170840527586,14.874968057545605,179.3268125071811,-1.34,-0.02,1.36,0.34,0.09,0.35,gem,2258_gem,subduction_intraslab
621237270,2020-12-27T21:39:15,-74.914,-39.32,16.0,6.7,mw,207.24,49.8,-68.73,356.13,44.62,-113.24,2.69,282.35,16.09,13.13,73.67,183.12,-1353000000000.0,113000000000.0,1240000000000.0,465000000000.0,26000000000.0,236000000000.0,gfz,2258_gfz,subduction_intraslab
202101160353A,2021-01-16T03:53:00,-71.38,-31.09,62.0,5.2,mw,30.0,21.0,-34.0,152.0,78.0,-108.0,31.0,257.0,,,53.0,41.0,,,,,,,gmt,2259_gmt,subduction_intraslab
619720637,2021-01-16T03:53:35,-71.3318,-30.9981,74.0,5.1,mw,34.52,39.39,-32.94,151.12,69.81,-124.57,17.61,266.01,32.18,164.49,52.23,20.19,-3273000000.0,-2150000000.0,5423000000.0,-2751000000.0,2858000000.0,285000000.0,gfz,2259_gfz,subduction_intraslab
7000d0k5,2021-01-16T03:53:36,-71.5875,-30.9355,70.5,5.1,mww,32.71,20.28,-18.3,139.95,83.75,-109.33,36.0,247.0,19.0,142.0,48.0,30.0,-1.0818e+16,-1.0553e+16,2.1371e+16,-3.0938e+16,3.1984e+16,-217000000000000.0,us,2259_us,subduction_intraslab
C202101160353A,2021-01-16T03:53:37,-71.38,-31.09,62.3,5.1,mw,30.0,21.0,-34.0,152.0,78.0,-108.0,31.0,257.0,17.0,156.0,53.0,41.0,-2.7e+16,-8630000000000000.0,3.57e+16,-3.25e+16,5e+16,2819999999999999.5,gcmt,2259_gcmt,subduction_intraslab
620351284,2021-04-19T03:19:01,-72.1676,-33.9293,31.0,5.2,mw,21.96,24.24,113.68,176.28,67.91,79.75,65.59,68.55,9.49,180.17,22.26,274.1,5428000000.0,589000000.0,-6017000000.0,813999999.9999999,-5753999999.999999,-981000000.0,gfz,2266_gfz,subduction_intraslab
202104191113A,2021-04-19T11:13:00,-72.45,-33.97,22.0,5.2,mw,11.0,22.0,99.0,182.0,68.0,86.0,67.0,85.0,,,23.0,274.0,,,,,,,gmt,2268_gmt,subduction_intraslab
C202104191113A,2021-04-19T11:13:33,-72.45,-33.97,21.9,5.2,mw,11.0,22.0,99.0,182.0,68.0,86.0,67.0,85.0,3.0,183.0,23.0,274.0,5.61e+16,-2200000000000000.0,-5.39e+16,520000000000000.0,-5.65e+16,-6090000000000000.0,gcmt,2268_gcmt,subduction_intraslab
6000e3j6,2021-04-22T00:17:15,-72.4495,-34.0868,25.5,5.5,mww,7.7,25.34,95.8,181.29,64.8,87.26,70.0,86.0,2.0,182.0,20.0,273.0,1.4271e+17,8710000000000000.0,-1.5142e+17,570000000000000.0,-1.2186e+17,-1.216e+16,us,2270_us,subduction_intraslab
202105020657A,2021-05-02T06:57:00,-71.71,-30.18,42.0,5.8,mw,9.0,36.0,122.0,151.0,60.0,69.0,68.0,20.0,,,13.0,256.0,,,,,,,gmt,2272_gmt,subduction_intraslab
620349023,2021-05-02T06:57:36,-71.4611,-30.0355,45.0,5.7,mw,139.94,62.68,72.92,353.73,31.87,119.61,67.68,16.79,15.12,147.97,16.02,242.41,33390000000.0,-2390000000.0,-31010000000.0,19590000000.0,-14760000000.0,15270000000.0,gfz,2272_gfz,subduction_intraslab
C202105020657A,2021-05-02T06:57:42,-71.71,-30.18,42.4,5.8,mw,9.0,36.0,122.0,151.0,60.0,69.0,68.0,19.0,18.0,162.0,13.0,256.0,4.83e+17,9.06e+16,-5.7300000000000006e+17,2.15e+17,-2.08e+17,1.3500000000000002e+17,gcmt,2272_gcmt,subduction_intraslab
7000dzfk,2021-05-02T06:57:44,-71.5632,-30.137,40.5,5.8,mww,358.21,35.78,117.33,145.7,58.71,71.69,70.0,15.0,16.0,155.0,12.0,249.0,4.5527e+17,60000000000000.0,-4.5534e+17,2.0327e+17,-1.4968e+17,1.6887e+17,us,2272_us,subduction_intraslab
202106120336A,2021-06-12T03:36:00,-72.3,-33.65,28.0,5.2,mw,15.0,22.0,97.0,187.0,68.0,87.0,67.0,92.0,,,23.0,280.0,,,,,,,gmt,2274_gmt,subduction_intraslab
C202106120336A,2021-06-12T03:36:31,-72.3,-33.65,27.7,5.1,mw,15.0,22.0,97.0,187.0,68.0,87.0,67.0,92.0,3.0,188.0,23.0,279.0,5.64e+16,-2680000000000000.0,-5.37e+16,-5750000000000000.0,-5.68e+16,-1.04e+16,gcmt,2274_gcmt,subduction_intraslab
202106221916A,2021-06-22T19:16:00,-71.14,-32.06,75.0,5.0,mw,21.0,41.0,-81.0,190.0,49.0,-97.0,4.0,285.0,,,83.0,51.0,,,,,,,gmt,2275_gmt,subduction_intraslab
C202106221916A,2021-06-22T19:16:29,-71.14,-32.06,75.2,5.3,mw,21.0,41.0,-81.0,190.0,49.0,-97.0,4.0,285.0,6.0,195.0,83.0,49.0,-3.31e+16,-1740000000000000.0,3.4900000000000004e+16,-1500000000000000.0,5400000000000000.0,1.1e+16,gcmt,2275_gcmt,subduction_intraslab
620733495,2021-07-04T01:01:35,-71.493,-28.756,34.0,5.9,mw,8.11,32.51,106.54,168.71,58.99,79.72,73.87,51.69,8.8,174.05,13.41,266.17,70790000000.0,3120000000.0,-73910000000.0,14570000000.0,-35680000000.0,2260000000.0,gfz,2276_gfz,subduction_intraslab
C202107040101A,2021-07-04T01:01:41,-71.74,-28.84,30.5,5.9,mw,11.0,29.0,111.0,167.0,63.0,79.0,70.0,54.0,10.0,172.0,18.0,265.0,7.59e+17,5.7e+16,-8.16e+17,2.03e+17,-5.4100000000000006e+17,1.9e+16,gcmt,2276_gcmt,subduction_intraslab
7000eijq,2021-07-04T01:01:46,-71.8783,-28.4475,23.5,5.9,mww,21.66,22.06,107.83,182.52,69.05,82.93,65.0,81.0,7.0,185.0,24.0,278.0,5.9385e+17,-8.074e+16,-5.1312e+17,2.223e+16,-6.2476e+17,-1.1152e+17,us,2276_us,subduction_intraslab
620783810,2021-07-08T20:38:31,-71.753,-28.623,37.0,5.4,mw,7.01,24.68,107.86,167.48,66.58,81.98,67.45,62.57,7.36,170.69,21.19,263.56,10880000000.0,760000000.0,-11640000000.0,3000000000.0,-10000000000.0,680000000.0,gfz,2278_gfz,subduction_intraslab
C202107082038A,2021-07-08T20:38:38,-71.68,-28.88,32.7,5.4,mw,2.0,24.0,108.0,162.0,68.0,82.0,67.0,58.0,7.0,165.0,22.0,258.0,1.42e+17,9300000000000000.0,-1.51e+17,5.44e+16,-1.3700000000000002e+17,2.55e+16,gcmt,2278_gcmt,subduction_intraslab
202107311214A,2021-07-31T12:14:00,-71.96,-32.75,33.0,5.2,mw,352.0,32.0,89.0,173.0,58.0,91.0,77.0,85.0,,,13.0,263.0,,,,,,,gmt,2279_gmt,subduction_intraslab
C202109011835A,2021-09-01T18:35:50,-71.35,-27.8,42.4,5.6,mw,21.0,29.0,119.0,169.0,65.0,75.0,67.0,52.0,14.0,175.0,19.0,270.0,3.16e+17,4.21e+16,-3.58e+17,9.41e+16,-2.6e+17,-3.11e+16,gcmt,2281_gcmt,subduction_intraslab
202109140156A,2021-09-14T01:56:00,-72.08,-31.79,27.0,5.1,mw,342.0,25.0,81.0,172.0,66.0,94.0,69.0,90.0,,,20.0,259.0,,,,,,,gmt,2282_gmt,subduction_intraslab
202109201312A,2021-09-20T13:12:00,-74.2,-36.85,19.0,5.1,mw,359.0,22.0,82.0,188.0,69.0,93.0,67.0,103.0,,,23.0,275.0,,,,,,,gmt,2284_gmt,subduction_intraslab
C202109201312A,2021-09-20T13:12:08,-74.2,-36.85,19.4,5.1,mw,359.0,22.0,82.0,188.0,69.0,93.0,66.0,103.0,3.0,7.0,23.0,276.0,4.230000000000001e+16,-2390000000000000.0,-3.99e+16,-7500000000000000.0,-4.35e+16,-2230000000000000.0,gcmt,2284_gcmt,subduction_intraslab
7000fd4k,2021-09-21T13:14:53,-74.0866,-36.7823,21.5,6.4,mww,11.27,25.57,93.31,187.6,64.48,88.42,70.0,94.0,1.0,188.0,19.0,279.0,4.3515e+18,-3.141e+17,-4.0374e+18,-3.82e+17,-3.4132e+18,-6.431e+17,us,2285_us,subduction_intraslab
202109221742A,2021-09-22T17:42:00,-74.27,-36.85,23.0,5.0,mw,348.0,32.0,70.0,191.0,61.0,102.0,72.0,130.0,,,14.0,272.0,,,,,,,gmt,2286_gmt,subduction_intraslab
202110041236A,2021-10-04T12:36:00,-72.15,-31.72,30.0,5.1,mw,344.0,30.0,87.0,168.0,60.0,92.0,75.0,82.0,,,15.0,256.0,,,,,,,gmt,2288_gmt,subduction_intraslab
621627511,2021-12-11T14:54:18,-71.176,-29.475,50.0,5.6,mw,8.43,39.76,105.17,169.0,51.89,77.72,78.54,29.8,9.64,176.65,6.15,267.7,32480000000.0,3140000000.0,-35620000000.0,5560000000.000001,-7210000000.0,990000000.0,gfz,2295_gfz,subduction_intraslab
C202112111454A,2021-12-11T14:54:23,-71.43,-29.55,49.2,5.7,mw,19.0,41.0,112.0,171.0,52.0,72.0,75.0,25.0,14.0,182.0,6.0,274.0,3.63e+17,3.75e+16,-4.01e+17,8.3e+16,-8.06e+16,-3.65e+16,gcmt,2295_gcmt,subduction_intraslab
202205040345A,2022-05-04T03:45:00,-72.01,-32.2,32.0,5.0,mw,355.0,36.0,62.0,208.0,58.0,109.0,70.0,160.0,,,12.0,285.0,,,,,,,gmt,2303_gmt,subduction_intraslab
202205040654A,2022-05-04T06:54:00,-72.02,-32.31,35.0,5.0,mw,4.0,27.0,72.0,205.0,64.0,99.0,69.0,132.0,,,19.0,287.0,,,,,,,gmt,2304_gmt,subduction_intraslab
202205041159A,2022-05-04T11:59:00,-71.99,-32.29,32.0,5.3,mw,359.0,23.0,65.0,206.0,69.0,100.0,64.0,133.0,,,24.0,288.0,,,,,,,gmt,2305_gmt,subduction_intraslab
C202205041159A,2022-05-04T11:59:39,-71.99,-32.29,31.7,5.2,mw,359.0,23.0,65.0,206.0,69.0,100.0,64.0,133.0,10.0,22.0,24.0,288.0,6.24e+16,5600000000000000.0,-6.800000000000001e+16,-3.67e+16,-6.44e+16,-1.88e+16,gcmt,2305_gcmt,subduction_intraslab
202205041248A,2022-05-04T12:48:00,-72.06,-32.26,32.0,5.1,mw,357.0,33.0,72.0,198.0,59.0,101.0,74.0,138.0,,,13.0,280.0,,,,,,,gmt,2306_gmt,subduction_intraslab
C202205041248A,2022-05-04T12:48:26,-72.06,-32.26,32.4,5.1,mw,357.0,33.0,72.0,198.0,59.0,101.0,73.0,137.0,10.0,12.0,13.0,280.0,4.9e+16,1870000000000000.0,-5.09e+16,-1.34e+16,-2.37e+16,-7260000000000000.0,gcmt,2306_gcmt,subduction_intraslab
7000h6zr,2022-05-04T12:48:30,-71.8458,-32.3225,35.5,5.1,mww,346.59,43.36,72.26,190.33,49.16,106.05,78.0,165.0,12.0,360.0,3.0,269.0,5.83e+16,4161000000000000.0,-6.2462e+16,-1.2095e+16,-6477000000000000.0,1743000000000000.0,us,2306_us,subduction_intraslab
622511291,2022-05-04T12:48:30,-71.8458,-32.3225,35.5,5.1,mw,190.33,49.16,106.05,346.59,43.36,72.26,78.0,165.0,12.0,360.0,3.0,269.0,5830000000.0,416000000.0,-6246000000.000001,-1210000000.0,-648000000.0,174000000.0,neic,2306_neic,subduction_intraslab
624382001,2022-05-20T09:07:49,-71.803,-29.55,30.0,5.7,mw,187.31,73.84,97.52,341.93,17.78,65.69,60.47,108.14,7.22,5.21,28.46,271.27,20030000000.0,7400000000.0,-27420000000.0,-5010000000.0,-36250000000.0,1510000000.0,gfz,2308_gfz,subduction_intraslab
C202205200907A,2022-05-20T09:07:53,-71.99,-29.56,36.3,5.7,mw,353.0,18.0,80.0,183.0,72.0,93.0,63.0,98.0,3.0,2.0,27.0,271.0,2.61e+17,1.3600000000000002e+17,-3.97e+17,-2.48e+16,-4.4400000000000006e+17,2900000000000000.0,gcmt,2308_gcmt,subduction_intraslab
7000hk3y,2022-06-25T03:54:51,-71.4862,-29.5435,78.0,5.1,mwr,159.87,86.21,68.58,60.31,21.74,169.72,45.0,49.0,21.0,161.0,38.0,269.0,-772000000000000.0,2.8658e+16,-2.7886e+16,6602000000000000.0,-5.0904e+16,-3226000000000000.0,us,2310_us,subduction_intraslab
C202206250354A,2022-06-25T03:54:53,-71.65,-29.75,60.2,5.1,mw,298.0,58.0,-20.0,39.0,73.0,-147.0,10.0,166.0,53.0,63.0,35.0,263.0,-9670000000000000.0,3.89e+16,-2.93e+16,-1230000000000000.0,-3.08e+16,1.27e+16,gcmt,2310_gcmt,subduction_intraslab
6000iuhb,2022-10-18T07:35:37,-71.3401,-30.9002,50.5,5.0,mww,350.35,38.8,89.87,170.51,51.2,90.1,84.0,81.0,0.0,350.0,6.0,260.0,3.6104e+16,3592000000000000.0,-3.9697e+16,1361000000000000.0,-8356000000000000.0,7509000000000000.0,us,2320_us,subduction_intraslab
C202210180735A,2022-10-18T07:35:37,-71.44,-30.84,43.5,5.0,mw,350.0,31.0,94.0,166.0,59.0,88.0,76.0,69.0,2.0,167.0,14.0,257.0,4.85e+16,5020000000000000.0,-5.35e+16,7370000000000000.0,-2.61e+16,1.33e+16,gcmt,2320_gcmt,subduction_intraslab
7000ipe4,2022-11-13T02:25:02,-73.5659,-37.4782,30.5,6.2,mww,354.75,19.35,90.09,174.65,70.65,89.97,64.0,85.0,0.0,175.0,26.0,265.0,1.7714e+18,-3.517e+17,-1.4197e+18,1.869e+17,-1.9885e+18,9.96e+16,us,2324_us,subduction_intraslab
202301120619A,2023-01-12T06:19:00,-71.5,-30.77,61.0,5.6,mw,353.0,34.0,94.0,168.0,57.0,87.0,79.0,68.0,,,11.0,260.0,,,,,,,gmt,2332_gmt,subduction_intraslab
625548133,2023-01-12T06:19:11,-71.226,-30.639,60.0,5.6,mw,169.97,53.63,86.43,355.98,36.52,94.84,80.96,63.67,2.88,172.09,8.56,262.52,25240000000.0,1950000000.0,-27190000000.0,2260000000.0,-7920000000.0,3700000000.0,gfz,2332_gfz,subduction_intraslab
7000j3ty,2023-01-12T06:19:12,-71.3076,-30.6326,60.5,5.5,mww,4.97,33.8,100.55,172.34,56.85,83.01,77.0,60.0,6.0,176.0,12.0,267.0,2.2525e+17,2.784e+16,-2.5309e+17,2.725e+16,-1.0132e+17,8230000000000000.0,us,2332_us,subduction_intraslab
C202301120619A,2023-01-12T06:19:14,-71.5,-30.77,61.0,5.5,mw,353.0,34.0,94.0,168.0,57.0,87.0,78.0,68.0,2.0,170.0,12.0,260.0,2.53e+17,6.11e+16,-3.14e+17,2.95e+16,-1.2e+17,6.62e+16,gcmt,2332_gcmt,subduction_intraslab
625612741,2023-02-05T01:02:45,-71.169,-29.646,66.0,5.5,mw,33.95,41.47,-72.32,190.91,50.88,-105.02,4.8,291.51,11.6,200.52,77.42,43.6,-21940000000.0,4350000000.0,17590000000.0,-3430000000.0000005,5200000000.0,6760000000.000001,gfz,2333_gfz,subduction_intraslab
6000jlhg,2023-02-05T01:02:48,-71.2512,-29.6462,70.5,5.5,mww,184.74,45.45,-103.67,23.86,46.18,-76.5,0.0,104.0,10.0,194.0,80.0,12.0,-2.3703e+17,3.855e+16,1.9848e+17,-4.581e+16,8770000000000000.0,4.348e+16,us,2333_us,subduction_intraslab
C202302050102A,2023-02-05T01:02:48,-71.31,-29.6,74.3,5.5,mw,34.0,45.0,-69.0,186.0,49.0,-109.0,2.0,289.0,14.0,199.0,75.0,28.0,-2.44e+17,3.24e+16,2.12e+17,-5.88e+16,4.16e+16,7.51e+16,gcmt,2333_gcmt,subduction_intraslab
7000jhkz,2023-03-06T07:34:50,-71.6699,-29.704,30.5,5.0,mww,200.51,12.11,-75.84,6.04,78.26,-93.01,33.0,99.0,3.0,7.0,57.0,272.0,-1.3884e+16,-4308000000000000.0,1.8192e+16,-3922000000000000.0,-3.7536e+16,4654000000000000.0,us,2335_us,subduction_intraslab
C202303060734A,2023-03-06T07:34:54,-71.48,-29.82,94.7,5.0,mw,141.0,7.0,-136.0,7.0,85.0,-85.0,40.0,93.0,5.0,187.0,49.0,283.0,-2400000000000000.0,-5100000000000000.0,7500000000000000.0,-3439999999999999.5,-2.91e+16,-920000000000000.0,gcmt,2335_gcmt,subduction_intraslab
7000jlpd,2023-03-21T17:38:13,-71.3517,-33.6061,66.0,5.5,mwr,99.68,40.64,37.17,339.77,66.83,124.37,55.0,293.0,31.0,145.0,15.0,45.0,1.408e+17,-1.1394e+17,-2.686e+16,6.087e+16,1.7494e+17,7.303e+16,us,2339_us,subduction_intraslab
625945716,2023-04-04T19:08:47,-70.703,-27.415,51.0,5.9,mw,8.79,72.1,-103.28,226.3,22.16,-54.59,25.95,109.19,12.62,12.93,60.72,259.4,-37140000000.0,-9550000000.0,46689999999.99999,-9780000000.0,-61260000000.0,29040000000.0,gfz,2341_gfz,subduction_intraslab
C202304041908A,2023-04-04T19:08:50,-70.91,-27.44,59.8,5.9,mw,240.0,27.0,-40.0,7.0,73.0,-111.0,25.0,113.0,20.0,13.0,57.0,250.0,-3.9e+17,-1.07e+17,4.96e+17,-1.09e+17,-6.83e+17,4.3e+17,gcmt,2341_gcmt,subduction_intraslab
635869461,2023-08-28T23:25:01,-73.2338,-43.8129,87.0,5.0,mw,5.09,81.72,-99.55,234.55,12.62,-41.23,36.0,103.0,9.0,6.0,52.0,264.0,-1268000000.0,202000000.00000003,1067000000.0,-248000000.0,-4157000000.0,810000000.0000001,neic,2345_neic,subduction_intraslab
7000krpr,2023-08-28T23:25:01,-73.2338,-43.8129,87.0,5.0,mwr,5.09,81.72,-99.55,234.55,12.62,-41.23,36.0,103.0,9.0,6.0,52.0,264.0,-1.2683e+16,2016000000000000.0,1.0667e+16,-2483000000000000.0,-4.1565e+16,8101000000000000.0,us,2345_us,subduction_intraslab
C202308301417A,2023-08-30T14:17:12,-71.48,-29.58,48.0,5.3,mw,6.0,37.0,134.0,136.0,64.0,63.0,61.0,4.0,25.0,149.0,15.0,246.0,7.63e+16,1.29e+16,-8.93e+16,5.460000000000001e+16,-3.18e+16,4.34e+16,gcmt,2346_gcmt,subduction_intraslab
202309062348A,2023-09-06T23:48:00,-71.73,-30.34,44.0,6.3,mw,12.0,34.0,107.0,172.0,58.0,79.0,75.0,51.0,,,12.0,270.0,,,,,,,gmt,2347_gmt,subduction_intraslab
C202309062348A,2023-09-06T23:48:09,-71.73,-30.34,43.8,6.3,mw,12.0,34.0,107.0,172.0,58.0,79.0,75.0,52.0,9.0,178.0,12.0,270.0,2.92e+18,5e+16,-2.97e+18,5.29e+17,-1.35e+18,-1.19e+17,gcmt,2347_gcmt,subduction_intraslab
C202309111337A,2023-09-11T13:37:14,-71.4,-27.18,26.6,5.5,mw,356.0,15.0,90.0,176.0,75.0,90.0,60.0,86.0,0.0,356.0,30.0,266.0,1.28e+17,2.25e+16,-1.51e+17,1.6800000000000002e+16,-2.42e+17,1.25e+16,gcmt,2348_gcmt,subduction_intraslab
7000kw9z,2023-09-17T04:01:49,-71.4572,-29.4108,45.5,5.1,mww,9.35,50.39,-162.99,268.32,76.97,-40.87,17.0,324.0,47.0,74.0,38.0,221.0,-1.6825e+16,1.49e+16,1924000000000000.0,3.171e+16,-5890000000000000.0,4.1362e+16,us,2351_us,subduction_intraslab
C202309170401A,2023-09-17T04:01:50,-71.55,-29.44,78.5,5.1,mw,9.0,56.0,-163.0,269.0,76.0,-35.0,13.0,323.0,52.0,70.0,35.0,223.0,-1.1e+16,9280000000000000.0,1750000000000000.0,3.21e+16,-1.79e+16,4.38e+16,gcmt,2351_gcmt,subduction_intraslab
7000l7si,2023-10-31T12:33:46,-71.543,-28.7514,45.5,6.6,mww,349.16,31.38,42.13,221.48,69.55,114.34,58.0,165.0,23.0,33.0,21.0,293.0,6.834e+18,1.085e+18,-7.92e+18,-6.588e+18,-4.499e+18,-2.39e+18,us,2353_us,subduction_intraslab
C202310311233A,2023-10-31T12:33:51,-71.58,-28.83,50.2,6.6,mw,346.0,27.0,44.0,215.0,71.0,110.0,59.0,153.0,19.0,28.0,23.0,289.0,6.4e+18,1.74e+18,-8.139999999999999e+18,-5.68e+18,-6.41e+18,-2.12e+18,gcmt,2353_gcmt,subduction_intraslab
202311061351A,2023-11-06T13:51:00,-72.08,-32.99,30.0,5.1,mw,19.0,43.0,109.0,173.0,50.0,73.0,77.0,21.0,,,4.0,276.0,,,,,,,gmt,2354_gmt,subduction_intraslab
7000l951,2023-11-06T13:51:11,-71.8385,-33.1743,35.5,5.1,mww,355.93,43.54,100.74,161.27,47.41,79.96,82.0,3.0,7.0,168.0,2.0,258.0,5.0258e+16,8495000000000000.0,-5.8753e+16,5796000000000000.0,-2706000000000000.0,1.4284e+16,us,2354_us,subduction_intraslab
C202311061351A,2023-11-06T13:51:15,-72.08,-32.99,30.0,5.1,mw,19.0,43.0,109.0,173.0,50.0,73.0,77.0,19.0,13.0,185.0,3.0,275.0,6.04e+16,750000000000000.0,-6.11e+16,1.3799999999999998e+16,-8290000000000000.0,-6660000000000000.0,gcmt,2354_gcmt,subduction_intraslab
202311202103A,2023-11-20T21:03:00,-71.55,-30.99,47.0,5.0,mw,331.0,33.0,76.0,167.0,58.0,99.0,75.0,103.0,,,13.0,251.0,,,,,,,gmt,2355_gmt,subduction_intraslab
6000lpnu,2023-11-20T21:03:09,-71.4101,-30.7817,56.0,4.9,mwr,353.61,31.1,90.04,173.56,58.9,89.97,76.0,83.0,0.0,174.0,14.0,264.0,2.6648e+16,525000000000000.0,-2.7172e+16,1610000000000000.0,-1.4193e+16,3156000000000000.0,us,2355_us,subduction_intraslab
202401211737A,2024-01-21T17:37:00,-72.35,-33.59,32.0,5.0,mw,359.0,37.0,83.0,189.0,53.0,96.0,81.0,122.0,,,8.0,274.0,,,,,,,gmt,2361_gmt,subduction_intraslab
7000lyi6,2024-02-11T21:14:43,-71.6168,-28.329,30.5,5.4,mww,200.23,36.02,130.17,334.01,63.3,64.87,63.0,203.0,22.0,346.0,15.0,82.0,1.3331e+17,1.55e+16,-1.4881e+17,-8.108e+16,6.856e+16,3900000000000000.0,us,2363_us,subduction_intraslab
C202402112114A,2024-02-11T21:14:46,-71.49,-28.29,30.3,5.4,mw,208.0,35.0,138.0,335.0,68.0,63.0,58.0,207.0,25.0,346.0,18.0,85.0,1.27e+17,3.75e+16,-1.65e+17,-8.98e+16,9.84e+16,-8400000000000002.0,gcmt,2363_gcmt,subduction_intraslab
C202402140131A,2024-02-14T01:31:47,-71.66,-28.97,36.2,5.8,mw,14.0,28.0,114.0,168.0,65.0,78.0,68.0,55.0,11.0,173.0,19.0,266.0,6.59e+17,5.8e+16,-7.17e+17,1.91e+17,-5.29e+17,-6000000000000000.0,gcmt,2364_gcmt,subduction_intraslab
C202402152359A,2024-02-15T23:59:39,-71.95,-29.21,22.0,5.0,mw,355.0,29.0,83.0,183.0,61.0,94.0,74.0,102.0,3.0,1.0,16.0,270.0,4.09e+16,-5000000000000000.0,-3.59e+16,-3060000000000000.0,-2.39e+16,830000000000000.0,gcmt,2365_gcmt,subduction_intraslab
202404031351A,2024-04-03T13:51:00,-73.0,-36.97,43.0,5.3,mw,18.0,34.0,108.0,176.0,58.0,78.0,74.0,55.0,,,12.0,275.0,,,,,,,gmt,2368_gmt,subduction_intraslab
C202404031351A,2024-04-03T13:52:00,-73.0,-36.97,43.2,5.2,mw,18.0,34.0,108.0,176.0,58.0,78.0,74.0,55.0,10.0,182.0,13.0,274.0,9.84e+16,-4300000000000000.0,-9.41e+16,1.67e+16,-4.7e+16,-1.17e+16,gcmt,2368_gcmt,subduction_intraslab
7000m9lk,2024-04-03T13:52:02,-72.8961,-36.9623,45.5,5.2,mww,174.9,55.79,86.11,1.79,34.4,95.7,79.0,71.0,3.0,177.0,11.0,268.0,8.18e+16,-1.6612e+16,-6.5188e+16,7009000000000000.0,-2.8578e+16,849000000000000.0,us,2368_us,subduction_intraslab
6000myfh,2024-05-14T03:18:43,-71.7021,-28.6797,25.5,4.9,mww,165.98,58.68,103.76,320.76,33.92,68.66,73.0,110.0,12.0,339.0,13.0,246.0,1.7344e+16,1723000000000000.0,-1.9067e+16,1643000000000000.0,-1.0187e+16,1.2382e+16,us,2370_us,subduction_intraslab
C202408311304B,2024-08-31T13:04:52,-71.82,-29.78,35.0,5.0,mw,360.0,30.0,86.0,185.0,60.0,92.0,75.0,101.0,2.0,3.0,15.0,273.0,8.03e+16,8799999999999998.0,-8.91e+16,-5500000000000000.0,-4.9e+16,-3800000000000000.0,gcmt,2373_gcmt,subduction_intraslab
202409221846A,2024-09-22T18:46:00,-71.37,-32.01,83.0,5.1,mw,90.0,24.0,-9.0,189.0,86.0,-113.0,37.0,299.0,,,44.0,75.0,,,,,,,gmt,2378_gmt,subduction_intraslab
C202409221846A,2024-09-22T18:46:41,-71.37,-32.01,83.2,5.1,mw,90.0,24.0,-9.0,189.0,86.0,-113.0,37.0,299.0,23.0,190.0,44.0,76.0,-7720000000000000.0,1.16e+16,-3910000000000000.0,930000000000000.0,4.4e+16,1.7e+16,gcmt,2378_gcmt,subduction_intraslab
C202409230236A,2024-09-23T02:36:43,-71.41,-29.79,75.2,5.4,mw,331.0,35.0,-81.0,140.0,55.0,-96.0,10.0,235.0,5.0,144.0,79.0,28.0,-1.25e+17,3.5e+16,9.04e+16,-3.7e+16,3.4100000000000004e+16,-7.21e+16,gcmt,2379_gcmt,subduction_intraslab
6000ntsj,2024-09-23T02:36:45,-71.1602,-29.7073,60.5,5.4,mww,143.18,48.5,-101.13,339.72,42.71,-77.69,3.0,241.0,8.0,151.0,81.0,350.0,-1.7127e+17,4.851e+16,1.2275e+17,-3.29e+16,800000000000000.0,-5.65e+16,us,2379_us,subduction_intraslab
202411261233A,2024-11-26T12:33:00,-71.45,-30.53,56.0,5.1,mw,3.0,34.0,100.0,171.0,56.0,83.0,77.0,59.0,,,11.0,266.0,,,,,,,gmt,2385_gmt,subduction_intraslab
C202411261233A,2024-11-26T12:33:13,-71.45,-30.53,55.8,5.1,mw,3.0,34.0,100.0,171.0,56.0,83.0,78.0,58.0,6.0,175.0,11.0,266.0,4.64e+16,1540000000000000.0,-4.8e+16,6160000000000000.0,-1.86e+16,2560000000000000.0,gcmt,2385_gcmt,subduction_intraslab
202502160708A,2025-02-16T07:08:00,-74.14,-38.6,23.0,5.1,mw,11.0,28.0,94.0,186.0,62.0,88.0,73.0,91.0,,,17.0,278.0,,,,,,,gmt,2391_gmt,subduction_intraslab
C202502160708A,2025-02-16T07:08:46,-74.14,-38.6,22.7,5.0,mw,11.0,28.0,94.0,186.0,62.0,88.0,73.0,91.0,2.0,187.0,17.0,278.0,4.6e+16,1510000000000000.0,-4.75e+16,-2550000000000000.0,-3.26e+16,-7170000000000000.0,gcmt,2391_gcmt,subduction_intraslab
202503182117A,2025-03-18T21:17:00,-71.42,-30.14,77.0,5.2,mw,2.0,39.0,-104.0,200.0,53.0,-79.0,7.0,282.0,,,79.0,155.0,,,,,,,gmt,2394_gmt,subduction_intraslab
6000pzn5,2025-03-18T21:17:51,-71.0352,-30.0133,70.5,5.3,mww,180.08,59.66,-76.97,335.48,32.77,-111.06,14.0,261.0,11.0,353.0,72.0,121.0,-8.9528e+16,1.3993e+16,7.5536e+16,1.5486e+16,4.6978e+16,-1.6338e+16,us,2394_us,subduction_intraslab
C202503182117A,2025-03-18T21:17:52,-71.42,-30.14,76.8,5.3,mw,2.0,39.0,-104.0,200.0,53.0,-79.0,7.0,282.0,8.0,13.0,79.0,153.0,-8.76e+16,0.0,8.77e+16,1.7499999999999998e+16,1.91e+16,1.79e+16,gcmt,2394_gcmt,subduction_intraslab
C202503240435A,2025-03-24T04:35:11,-71.4,-29.65,81.0,5.1,mw,150.0,41.0,-93.0,334.0,49.0,-87.0,4.0,62.0,2.0,152.0,86.0,270.0,-5.71e+16,1.04e+16,4.67e+16,1840000000000000.0,-7380000000000000.0,-2.64e+16,gcmt,2395_gcmt,subduction_intraslab
7000pm5f,2025-03-24T04:35:12,-71.3597,-29.6618,70.5,5.1,mww,145.71,38.45,-91.79,328.0,51.57,-88.58,7.0,57.0,1.0,147.0,83.0,247.0,-5.7999e+16,1.6374e+16,4.1625e+16,6583000000000000.0,-1.2174e+16,-2.8715e+16,us,2395_us,subduction_intraslab
7000px85,2025-05-05T09:46:46,-71.9242,-29.4675,32.0,4.9,mwr,188.49,65.48,103.82,337.83,27.94,62.36,67.0,124.0,13.0,3.0,19.0,268.0,1.965e+16,4563000000000000.0,-2.4213e+16,-4437000000000000.0,-1.7771e+16,2677000000000000.0,us,2398_us,subduction_intraslab
010701C,,-72.33,-33.52,21.0,5.9,mw,353.0,23.0,85.0,178.0,67.0,92.0,68.0,92.0,,,22.0,267.0,,,,,,,gmt,190_gmt,subduction_intraslab
011004D,,-71.94,-30.9,59.0,5.6,mw,70.0,48.0,-144.0,314.0,64.0,-48.0,9.0,15.0,,,51.0,273.0,,,,,,,gmt,217_gmt,subduction_intraslab
011177A,,-72.1,-31.92,42.0,5.2,mw,5.0,34.0,111.0,160.0,59.0,77.0,73.0,36.0,,,13.0,260.0,,,,,,,gmt,3_gmt,subduction_intraslab
011298G,,-71.87,-31.25,35.0,6.6,mw,355.0,27.0,91.0,174.0,63.0,90.0,72.0,83.0,,,18.0,264.0,,,,,,,gmt,167_gmt,subduction_intraslab
011904A,,-72.07,-31.85,34.0,5.3,mw,358.0,25.0,95.0,172.0,65.0,88.0,70.0,78.0,,,20.0,264.0,,,,,,,gmt,218_gmt,subduction_intraslab
021480A,,-71.56,-32.02,47.0,5.1,mw,226.0,41.0,142.0,346.0,66.0,55.0,55.0,212.0,,,14.0,101.0,,,,,,,gmt,23_gmt,subduction_intraslab
022185B,,-72.1,-33.37,33.0,5.7,mw,29.0,31.0,127.0,167.0,66.0,70.0,64.0,45.0,,,18.0,272.0,,,,,,,gmt,52_gmt,subduction_intraslab
022296C,,-72.0,-33.53,50.0,5.9,mw,93.0,40.0,49.0,321.0,61.0,119.0,62.0,279.0,,,11.0,31.0,,,,,,,gmt,147_gmt,subduction_intraslab
030485D,,-71.81,-33.87,53.0,6.3,mw,21.0,28.0,109.0,179.0,63.0,80.0,70.0,69.0,,,18.0,277.0,,,,,,,gmt,56_gmt,subduction_intraslab
030485E,,-72.06,-32.98,36.0,6.1,mw,16.0,29.0,111.0,172.0,63.0,79.0,70.0,59.0,,,17.0,271.0,,,,,,,gmt,57_gmt,subduction_intraslab
031097A,,-71.58,-30.11,50.0,5.6,mw,10.0,38.0,94.0,184.0,52.0,87.0,83.0,78.0,,,7.0,277.0,,,,,,,gmt,153_gmt,subduction_intraslab
031501G,,-72.04,-32.61,42.0,5.9,mw,144.0,38.0,59.0,2.0,58.0,112.0,68.0,317.0,,,11.0,76.0,,,,,,,gmt,192_gmt,subduction_intraslab
031785A,,-71.73,-33.22,44.0,6.5,mw,356.0,26.0,91.0,175.0,64.0,90.0,71.0,84.0,,,19.0,265.0,,,,,,,gmt,61_gmt,subduction_intraslab
031985A,,-71.94,-33.63,36.0,6.6,mw,355.0,24.0,90.0,175.0,66.0,90.0,69.0,85.0,,,21.0,265.0,,,,,,,gmt,62_gmt,subduction_intraslab
032380A,,-72.08,-30.17,43.0,5.4,mw,1.0,37.0,75.0,200.0,55.0,101.0,77.0,148.0,,,9.0,282.0,,,,,,,gmt,231_gmt,subduction_intraslab
032387B,,-72.84,-34.32,51.0,5.1,mw,31.0,41.0,125.0,169.0,58.0,64.0,66.0,27.0,,,9.0,277.0,,,,,,,gmt,243_gmt,subduction_intraslab
032485A,,-72.53,-34.44,25.0,5.7,mw,20.0,19.0,114.0,175.0,73.0,82.0,62.0,73.0,,,27.0,271.0,,,,,,,gmt,65_gmt,subduction_intraslab
032600A,,-72.16,-32.5,49.0,5.2,mw,330.0,30.0,55.0,189.0,66.0,108.0,64.0,130.0,,,19.0,265.0,,,,,,,gmt,268_gmt,subduction_intraslab
032686A,,-72.22,-34.07,38.0,5.4,mw,5.0,24.0,97.0,177.0,66.0,87.0,69.0,81.0,,,21.0,270.0,,,,,,,gmt,88_gmt,subduction_intraslab
032980D,,-73.91,-38.05,32.0,5.4,mw,13.0,20.0,106.0,176.0,71.0,85.0,64.0,77.0,,,26.0,271.0,,,,,,,gmt,232_gmt,subduction_intraslab
040290A,,-72.63,-33.04,15.0,5.6,mw,6.0,36.0,106.0,167.0,56.0,79.0,76.0,41.0,,,10.0,265.0,,,,,,,gmt,108_gmt,subduction_intraslab
040304E,,-72.35,-30.04,28.0,5.5,mw,320.0,33.0,50.0,185.0,65.0,113.0,63.0,131.0,,,17.0,258.0,,,,,,,gmt,219_gmt,subduction_intraslab
041403A,,-72.9,-35.38,31.0,5.2,mw,18.0,44.0,158.0,124.0,75.0,48.0,44.0,353.0,,,19.0,244.0,,,,,,,gmt,208_gmt,subduction_intraslab
041694D,,-71.84,-32.23,31.0,5.6,mw,10.0,26.0,108.0,171.0,65.0,81.0,68.0,63.0,,,20.0,267.0,,,,,,,gmt,131_gmt,subduction_intraslab
041984B,,-72.06,-31.74,31.0,5.7,mw,19.0,16.0,120.0,168.0,76.0,82.0,58.0,67.0,,,31.0,265.0,,,,,,,gmt,45_gmt,subduction_intraslab
042596A,,-71.52,-30.24,73.0,5.2,mw,7.0,42.0,-82.0,177.0,48.0,-97.0,3.0,271.0,,,84.0,33.0,,,,,,,gmt,149_gmt,subduction_intraslab
042679A,,-72.07,-33.91,34.0,5.9,mw,26.0,25.0,124.0,170.0,70.0,76.0,63.0,56.0,,,23.0,271.0,,,,,,,gmt,16_gmt,subduction_intraslab
043099E,,-72.27,-31.9,32.0,5.5,mw,355.0,29.0,81.0,185.0,61.0,95.0,73.0,107.0,,,16.0,272.0,,,,,,,gmt,182_gmt,subduction_intraslab
050392B,,-71.66,-32.36,61.0,5.5,mw,275.0,4.0,23.0,162.0,88.0,94.0,46.0,76.0,,,43.0,248.0,,,,,,,gmt,118_gmt,subduction_intraslab
050983A,,-74.45,-41.92,33.0,6.1,mw,358.0,41.0,-118.0,213.0,54.0,-68.0,7.0,288.0,,,71.0,177.0,,,,,,,gmt,38_gmt,subduction_intraslab
051785B,,-72.59,-34.19,36.0,5.4,mw,46.0,32.0,143.0,168.0,71.0,63.0,56.0,45.0,,,22.0,278.0,,,,,,,gmt,71_gmt,subduction_intraslab
051985A,,-72.54,-34.0,38.0,5.5,mw,20.0,28.0,103.0,185.0,62.0,83.0,71.0,80.0,,,18.0,280.0,,,,,,,gmt,72_gmt,subduction_intraslab
051985C,,-71.81,-30.38,46.0,6.2,mw,359.0,35.0,96.0,172.0,55.0,86.0,79.0,66.0,,,10.0,265.0,,,,,,,gmt,73_gmt,subduction_intraslab
051987B,,-72.07,-30.71,23.0,6.1,mw,355.0,32.0,88.0,177.0,58.0,91.0,77.0,91.0,,,13.0,266.0,,,,,,,gmt,95_gmt,subduction_intraslab
052292A,,-72.42,-33.84,34.0,5.5,mw,0.0,21.0,92.0,178.0,69.0,89.0,66.0,87.0,,,24.0,268.0,,,,,,,gmt,120_gmt,subduction_intraslab
052302B,,-71.76,-30.91,50.0,5.9,mw,358.0,35.0,89.0,179.0,55.0,91.0,80.0,92.0,,,10.0,269.0,,,,,,,gmt,197_gmt,subduction_intraslab
052402A,,-71.52,-32.17,57.0,5.5,mw,9.0,40.0,107.0,167.0,52.0,76.0,78.0,26.0,,,6.0,267.0,,,,,,,gmt,198_gmt,subduction_intraslab
060203A,,-72.4,-33.08,28.0,5.5,mw,9.0,25.0,92.0,187.0,65.0,89.0,70.0,95.0,,,20.0,277.0,,,,,,,gmt,211_gmt,subduction_intraslab
060285B,,-73.76,-37.83,32.0,5.8,mw,347.0,24.0,47.0,212.0,73.0,107.0,59.0,146.0,,,26.0,289.0,,,,,,,gmt,74_gmt,subduction_intraslab
060295B,,-71.64,-31.72,92.0,5.5,mw,166.0,14.0,-73.0,328.0,76.0,-94.0,32.0,62.0,,,58.0,233.0,,,,,,,gmt,142_gmt,subduction_intraslab
060997C,,-71.83,-32.08,67.0,5.1,mw,266.0,39.0,-9.0,3.0,85.0,-129.0,29.0,123.0,,,38.0,239.0,,,,,,,gmt,255_gmt,subduction_intraslab
061184A,,-71.9,-31.25,44.0,6.2,mw,357.0,36.0,94.0,171.0,54.0,87.0,81.0,69.0,,,9.0,264.0,,,,,,,gmt,47_gmt,subduction_intraslab
061185A,,-72.0,-32.57,34.0,5.5,mw,14.0,28.0,103.0,180.0,63.0,83.0,71.0,74.0,,,18.0,274.0,,,,,,,gmt,76_gmt,subduction_intraslab
061694B,,-71.96,-32.99,36.0,5.1,mw,10.0,22.0,112.0,166.0,70.0,81.0,64.0,62.0,,,24.0,263.0,,,,,,,gmt,133_gmt,subduction_intraslab
061789A,,-75.21,-41.1,15.0,5.6,mw,247.0,34.0,-28.0,1.0,75.0,-121.0,24.0,114.0,,,51.0,236.0,,,,,,,gmt,246_gmt,subduction_intraslab
061802C,,-71.63,-31.04,57.0,6.4,mw,353.0,29.0,96.0,166.0,61.0,87.0,74.0,68.0,,,16.0,259.0,,,,,,,gmt,199_gmt,subduction_intraslab
061903D,,-72.14,-30.89,27.0,5.6,mw,2.0,26.0,98.0,173.0,64.0,86.0,70.0,75.0,,,19.0,266.0,,,,,,,gmt,212_gmt,subduction_intraslab
062302A,,-71.54,-31.49,91.0,5.2,mw,334.0,42.0,-113.0,184.0,52.0,-71.0,5.0,260.0,,,74.0,152.0,,,,,,,gmt,200_gmt,subduction_intraslab
070195B,,-72.84,-34.14,30.0,5.2,mw,7.0,24.0,108.0,168.0,67.0,82.0,67.0,63.0,,,22.0,263.0,,,,,,,gmt,253_gmt,subduction_intraslab
070585B,,-72.43,-33.59,30.0,5.5,mw,348.0,22.0,70.0,190.0,69.0,98.0,65.0,113.0,,,24.0,273.0,,,,,,,gmt,78_gmt,subduction_intraslab
070679A,,-71.63,-32.38,49.0,5.7,mw,166.0,39.0,70.0,11.0,54.0,105.0,75.0,330.0,,,8.0,90.0,,,,,,,gmt,17_gmt,subduction_intraslab
070685B,,-72.5,-33.6,21.0,5.5,mw,356.0,27.0,79.0,189.0,63.0,96.0,71.0,110.0,,,18.0,274.0,,,,,,,gmt,79_gmt,subduction_intraslab
070697D,,-72.46,-30.26,15.0,5.7,mw,352.0,24.0,80.0,183.0,66.0,95.0,68.0,101.0,,,21.0,270.0,,,,,,,gmt,157_gmt,subduction_intraslab
070785B,,-72.38,-33.02,25.0,6.0,mw,0.0,21.0,96.0,174.0,69.0,88.0,66.0,80.0,,,24.0,265.0,,,,,,,gmt,80_gmt,subduction_intraslab
071185B,,-72.32,-32.93,30.0,5.5,mw,2.0,28.0,90.0,182.0,62.0,90.0,73.0,92.0,,,17.0,272.0,,,,,,,gmt,240_gmt,subduction_intraslab
071693C,,-72.56,-33.32,19.0,5.6,mw,7.0,18.0,111.0,164.0,73.0,83.0,61.0,65.0,,,28.0,260.0,,,,,,,gmt,128_gmt,subduction_intraslab
071785B,,-72.07,-32.71,31.0,5.5,mw,15.0,27.0,115.0,168.0,66.0,78.0,67.0,55.0,,,20.0,266.0,,,,,,,gmt,81_gmt,subduction_intraslab
071793A,,-71.58,-30.03,67.0,5.7,mw,342.0,10.0,46.0,207.0,83.0,97.0,52.0,124.0,,,37.0,290.0,,,,,,,gmt,129_gmt,subduction_intraslab
072401E,,-72.17,-33.22,52.0,5.2,mw,334.0,40.0,87.0,158.0,50.0,93.0,85.0,87.0,,,5.0,246.0,,,,,,,gmt,269_gmt,subduction_intraslab
072998A,,-71.67,-32.3,58.0,6.4,mw,181.0,40.0,116.0,329.0,55.0,70.0,72.0,187.0,,,8.0,73.0,,,,,,,gmt,171_gmt,subduction_intraslab
080290A,,-72.2,-32.14,35.0,6.0,mw,2.0,27.0,95.0,177.0,63.0,87.0,72.0,81.0,,,18.0,268.0,,,,,,,gmt,112_gmt,subduction_intraslab
080487A,,-73.66,-40.63,64.0,5.4,mw,84.0,48.0,32.0,331.0,67.0,133.0,49.0,289.0,,,11.0,32.0,,,,,,,gmt,96_gmt,subduction_intraslab
081891D,,-71.9,-31.95,46.0,5.2,mw,312.0,18.0,37.0,186.0,79.0,105.0,54.0,114.0,,,33.0,264.0,,,,,,,gmt,115_gmt,subduction_intraslab
081897B,,-72.42,-30.08,15.0,5.7,mw,4.0,24.0,96.0,177.0,66.0,87.0,69.0,82.0,,,21.0,269.0,,,,,,,gmt,163_gmt,subduction_intraslab
082085B,,-72.55,-33.97,39.0,5.2,mw,12.0,33.0,104.0,176.0,58.0,81.0,75.0,60.0,,,13.0,272.0,,,,,,,gmt,241_gmt,subduction_intraslab
090586B,,-72.53,-37.05,80.0,5.3,mw,129.0,24.0,174.0,225.0,88.0,66.0,43.0,112.0,,,38.0,336.0,,,,,,,gmt,90_gmt,subduction_intraslab
090682C,,-71.39,-32.08,78.0,5.3,mw,68.0,21.0,-166.0,326.0,85.0,-69.0,37.0,37.0,,,46.0,256.0,,,,,,,gmt,36_gmt,subduction_intraslab
090996A,,-71.94,-32.06,49.0,5.9,mw,334.0,40.0,55.0,196.0,58.0,116.0,66.0,156.0,,,10.0,268.0,,,,,,,gmt,151_gmt,subduction_intraslab
091187B,,-71.02,-31.67,114.0,5.2,mw,52.0,10.0,-39.0,181.0,84.0,-98.0,38.0,278.0,,,51.0,82.0,,,,,,,gmt,97_gmt,subduction_intraslab
091294B,,-72.13,-31.26,47.0,5.9,mw,306.0,21.0,51.0,167.0,74.0,103.0,59.0,96.0,,,28.0,246.0,,,,,,,gmt,134_gmt,subduction_intraslab
091494C,,-72.09,-31.23,28.0,5.4,mw,26.0,32.0,131.0,160.0,66.0,68.0,62.0,36.0,,,18.0,267.0,,,,,,,gmt,135_gmt,subduction_intraslab
091981B,,-74.94,-39.45,15.0,5.5,mw,206.0,38.0,-53.0,342.0,61.0,-116.0,12.0,90.0,,,65.0,207.0,,,,,,,gmt,236_gmt,subduction_intraslab
092704F,,-72.02,-32.72,33.0,5.5,mw,17.0,21.0,109.0,177.0,70.0,83.0,64.0,75.0,,,25.0,272.0,,,,,,,gmt,226_gmt,subduction_intraslab
100192D,,-74.96,-39.04,15.0,5.5,mw,35.0,42.0,-51.0,167.0,58.0,-120.0,9.0,278.0,,,63.0,27.0,,,,,,,gmt,283_gmt,subduction_intraslab
100195A,,-71.76,-31.33,90.0,5.4,mw,180.0,18.0,-74.0,344.0,73.0,-95.0,28.0,77.0,,,62.0,246.0,,,,,,,gmt,143_gmt,subduction_intraslab
101098A,,-72.48,-33.87,20.0,5.6,mw,352.0,26.0,87.0,175.0,64.0,91.0,71.0,89.0,,,19.0,264.0,,,,,,,gmt,173_gmt,subduction_intraslab
101179B,,-71.55,-33.41,44.0,5.4,mw,13.0,24.0,96.0,187.0,66.0,87.0,69.0,91.0,,,21.0,278.0,,,,,,,gmt,19_gmt,subduction_intraslab
101194A,,-71.91,-32.22,58.0,5.7,mw,284.0,33.0,37.0,162.0,71.0,118.0,56.0,107.0,,,21.0,231.0,,,,,,,gmt,138_gmt,subduction_intraslab
110301B,,-72.02,-36.19,100.0,5.1,mw,274.0,33.0,25.0,163.0,77.0,120.0,49.0,106.0,,,25.0,229.0,,,,,,,gmt,271_gmt,subduction_intraslab
110397G,,-71.69,-30.99,51.0,6.1,mw,352.0,31.0,88.0,175.0,59.0,91.0,76.0,88.0,,,14.0,263.0,,,,,,,gmt,164_gmt,subduction_intraslab
110399E,,-73.64,-37.7,33.0,5.2,mw,96.0,55.0,179.0,187.0,89.0,35.0,25.0,57.0,,,23.0,316.0,,,,,,,gmt,266_gmt,subduction_intraslab
110601A,,-71.68,-30.53,66.0,5.1,mw,352.0,37.0,88.0,174.0,53.0,91.0,82.0,92.0,,,8.0,263.0,,,,,,,gmt,272_gmt,subduction_intraslab
110884B,,-71.87,-30.89,42.0,5.5,mw,359.0,40.0,87.0,182.0,50.0,92.0,85.0,112.0,,,5.0,271.0,,,,,,,gmt,48_gmt,subduction_intraslab
110997B,,-72.18,-30.06,32.0,5.3,mw,325.0,29.0,32.0,206.0,75.0,115.0,53.0,146.0,,,26.0,277.0,,,,,,,gmt,260_gmt,subduction_intraslab
111488C,,-72.21,-32.76,51.0,5.1,mw,347.0,27.0,96.0,160.0,63.0,87.0,72.0,63.0,,,18.0,253.0,,,,,,,gmt,245_gmt,subduction_intraslab
111792B,,-71.63,-30.85,55.0,5.3,mw,0.0,32.0,106.0,161.0,60.0,80.0,74.0,46.0,,,14.0,258.0,,,,,,,gmt,122_gmt,subduction_intraslab
112603H,,-71.84,-30.19,95.0,5.1,mw,162.0,19.0,-91.0,344.0,71.0,-90.0,26.0,73.0,,,64.0,254.0,,,,,,,gmt,216_gmt,subduction_intraslab
120493E,,-72.22,-33.57,29.0,5.6,mw,35.0,16.0,140.0,163.0,80.0,77.0,54.0,59.0,,,34.0,264.0,,,,,,,gmt,252_gmt,subduction_intraslab
120804A,,-71.75,-30.97,52.0,5.6,mw,358.0,34.0,91.0,177.0,56.0,89.0,79.0,84.0,,,11.0,267.0,,,,,,,gmt,228_gmt,subduction_intraslab
