id,time_iso,longitude,latitude,depth,mag,mag_type,strike1,dip1,rake1,strike2,dip2,rake2,T_plunge,T_azimuth,N_plunge,N_azimuth,P_plunge,P_azimuth,Mrr,Mtt,Mpp,Mrt,Mrp,Mtp,source,dups,class
706555,1976-11-30T00:41:00,-68.844,-20.489,90.0,7.54,mw,181.0,27.0,-73.0,342.0,64.0,-99.0,44.71542814037139,78.38196209949928,12.092711323618804,336.13471908461867,42.76772263538868,234.704630908517,-1.79,-0.35,2.14,0.55,-1.42,-0.44,gem,,deep_subduction
M113076A,1976-11-30T00:41:13,-68.51,-20.54,133.7,6.5,mw,181.0,27.0,-73.0,342.0,64.0,-99.0,18.0,78.0,8.0,346.0,70.0,234.0,-1.79e+20,-3.5e+19,2.14e+20,5.500000000000001e+19,-1.42e+20,-4.4e+19,gcmt,,deep_subduction
C011777C,1977-01-17T21:27:36,-68.61,-24.89,134.4,6.1,mw,183.0,44.0,73.0,26.0,49.0,105.0,78.0,2.0,11.0,196.0,3.0,105.0,1.978e+19,4.43e+18,-2.422e+19,3.27e+18,1.33e+18,-8.21e+18,gcmt,gem:703668,deep_subduction
B041577A,1977-04-15T23:35:40,-69.27,-23.01,129.7,5.4,mw,121.0,51.0,-159.0,18.0,74.0,-41.0,14.0,74.0,46.0,180.0,40.0,332.0,-6.34e+16,-6.6e+16,1.294e+17,-2.7400000000000004e+16,-6.929999999999999e+16,-7.38e+16,gcmt,gem:699876,deep_subduction
B060877A,1977-06-08T13:25:24,-67.12,-22.21,185.5,5.4,mw,325.0,4.0,40.0,195.0,87.0,93.0,48.0,109.0,3.0,15.0,42.0,282.0,3.91e+16,-2300000000000000.0,-3.67e+16,-9.81e+16,-3.499e+17,1.29e+16,gcmt,gem:697026,deep_subduction
B061877A,1977-06-18T16:49:45,-68.48,-20.95,135.9,5.4,mw,101.0,35.0,-120.0,315.0,60.0,-71.0,13.0,32.0,16.0,126.0,69.0,264.0,-4.806e+17,4.42e+17,3.86e+16,1.688e+17,-2.5710000000000003e+17,-3.329e+17,gcmt,gem:697434,deep_subduction
B063077A,1977-06-30T02:46:07,-69.56,-19.64,122.2,5.4,mw,149.0,22.0,-108.0,348.0,69.0,-83.0,24.0,73.0,6.0,166.0,65.0,270.0,-2.343e+17,-6.48e+16,2.991e+17,6.41e+16,-3.132e+17,-1.395e+17,gcmt,gem:697917,deep_subduction
B082377A,1977-08-23T03:13:00,-68.23,-21.32,136.0,5.2,mw,125.0,37.0,-94.0,309.0,53.0,-87.0,8.0,37.0,2.0,128.0,81.0,232.0,-1.326e+17,8.97e+16,4.29e+16,3.16e+16,-2.98e+16,-8.72e+16,gcmt,gem:694955,deep_subduction
B092077A,1977-09-20T16:23:22,-68.51,-23.57,123.8,5.3,mw,164.0,47.0,-44.0,288.0,59.0,-127.0,7.0,43.0,31.0,309.0,58.0,145.0,-2.322e+17,1.119e+17,1.203e+17,1.5e+17,5.500000000000001e+16,-2.139e+17,gcmt,gem:693526,deep_subduction
B120777A,1977-12-07T00:32:36,-67.39,-28.57,124.0,5.5,mwc,148.0,42.0,-82.0,318.0,48.0,-97.0,3.0,53.0,5.0,322.0,84.0,171.0,-1.84e+17,6.38e+16,1.201e+17,2.37e+16,-5400000000000000.0,-1.0169999999999998e+17,us,gem:688770,deep_subduction
B040278B,1978-04-02T09:07:14,-69.42,-19.55,118.4,5.3,mw,155.0,37.0,-87.0,331.0,53.0,-92.0,8.0,63.0,2.0,333.0,82.0,230.0,-2.84e+17,9.58e+16,1.882e+17,4.43e+16,-6.05e+16,-6.12e+16,gcmt,gem:683150,deep_subduction
B060778B,1978-06-07T14:08:53,-68.05,-23.7,128.7,5.3,mw,167.0,28.0,-78.0,333.0,62.0,-97.0,17.0,68.0,6.0,336.0,72.0,228.0,-2.226e+17,-1.27e+16,2.3530000000000003e+17,8.5e+16,-1.487e+17,-1.1259999999999998e+17,gcmt,gem:680503,deep_subduction
B062878C,1978-06-28T07:28:03,-69.92,-27.2,119.7,5.3,mw,134.0,30.0,-139.0,8.0,71.0,-66.0,22.0,80.0,22.0,179.0,58.0,310.0,-3.199e+16,-1.551e+16,4.75e+16,-6840000000000001.0,-4.245e+16,-1.926e+16,gcmt,gem:681554,deep_subduction
B102778A,1978-10-27T10:06:56,-66.03,-21.86,299.6,5.6,mw,134.0,24.0,-126.0,353.0,71.0,-75.0,24.0,71.0,14.0,168.0,61.0,285.0,-3.359e+17,1.07e+16,3.252e+17,1.98e+16,-4.437e+17,-1.895e+17,gcmt,gem:675895,deep_subduction
B011379A,1979-01-13T08:39:18,-67.95,-24.17,137.0,5.3,mw,148.0,24.0,-89.0,326.0,66.0,-91.0,21.0,57.0,0.0,327.0,69.0,235.0,-6.08e+16,7630000000000000.0,5.317e+16,3.614e+16,-5.445e+16,-5.151e+16,gcmt,gem:670980,deep_subduction
B041879A,1979-04-18T17:59:17,-67.07,-24.31,194.2,5.4,mw,206.0,37.0,-19.0,311.0,79.0,-126.0,25.0,68.0,35.0,319.0,44.0,185.0,-1.313e+17,-1.745e+17,3.057e+17,2.259e+17,-2.1880000000000003e+17,-1.495e+17,gcmt,gem:666818,deep_subduction
B050479A,1979-05-04T17:21:45,-68.38,-21.77,124.0,5.6,mw,100.0,51.0,-146.0,347.0,65.0,-45.0,8.0,46.0,40.0,143.0,49.0,307.0,-8.31e+16,4.5e+16,3.8e+16,-1.98e+16,-6.750000000000001e+16,-1.103e+17,gcmt,gem:664564,deep_subduction
B061779C,1979-06-17T19:33:37,-69.24,-19.35,126.9,5.3,mw,199.0,18.0,-54.0,341.0,76.0,-101.0,30.0,80.0,10.0,343.0,58.0,236.0,-1.937e+17,-8.01e+16,2.738e+17,1.387e+17,-3.819e+17,-2.56e+16,gcmt,gem:663645,deep_subduction
B062779A,1979-06-27T21:46:25,-68.28,-29.48,115.0,5.6,mwc,284.0,32.0,-43.0,52.0,69.0,-115.0,20.0,161.0,23.0,62.0,59.0,287.0,-1.935e+17,2.0830000000000003e+17,-1.48e+16,-1.087e+17,-1.797e+17,2.85e+16,us,gem:664194,deep_subduction
B081079A,1979-08-10T01:28:48,-66.5,-21.32,251.6,5.1,mw,183.0,17.0,-69.0,341.0,74.0,-96.0,29.0,76.0,6.0,343.0,60.0,243.0,-6.621000000000001e+16,9720000000000000.0,5.649e+16,3.717e+16,-9.089e+16,-3150000000000000.0,gcmt,gem:660102,deep_subduction
B112279A,1979-11-22T02:41:27,-66.84,-24.27,181.0,5.8,mw,209.0,44.0,-37.0,327.0,65.0,-128.0,12.0,83.0,34.0,345.0,53.0,190.0,-3.437e+18,-2.282e+18,5.718e+18,2.298e+18,-1.808e+18,-4.87e+17,gcmt,gem:655987,deep_subduction
B041480D,1980-04-14T23:57:32,-68.96,-21.58,115.4,5.4,mw,195.0,40.0,-47.0,324.0,62.0,-120.0,12.0,75.0,26.0,339.0,61.0,189.0,-1.3e+17,-3.06e+16,1.607e+17,8.73e+16,-4.78e+16,-3.45e+16,gcmt,gem:647732,deep_subduction
B050280E,1980-05-02T19:09:18,-67.33,-24.24,205.2,5.4,mw,197.0,23.0,-57.0,342.0,71.0,-103.0,25.0,82.0,12.0,347.0,62.0,233.0,-1.018e+17,-2.47e+16,1.266e+17,5.05e+16,-1.278e+17,-4900000000000000.0,gcmt,gem:644959,deep_subduction
C052680A,1980-05-26T18:41:51,-69.17,-19.43,104.0,6.0,mw,177.0,23.0,-83.0,349.0,67.0,-93.0,22.0,82.0,3.0,350.0,67.0,254.0,-6.928e+18,-6.07e+17,7.535e+18,1.495e+18,-7.093e+18,-1.052e+18,gcmt,gem:646432,deep_subduction
B061680B,1980-06-16T05:45:18,-68.87,-21.83,118.0,5.5,mw,6.0,44.0,-77.0,168.0,47.0,-102.0,2.0,267.0,9.0,176.0,81.0,7.0,-2.132e+17,-9.91e+16,3.123e+17,-1.9e+16,1.4299999999999998e+16,-2.35e+16,gcmt,gem:643689,deep_subduction
C071980A,1980-07-19T11:52:20,-69.68,-29.0,110.0,5.9,mwc,306.0,26.0,-77.0,112.0,65.0,-96.0,20.0,206.0,6.0,114.0,70.0,9.0,-8.087e+17,5.889e+17,2.198e+17,-6.221e+17,1.875e+17,-3.052e+17,us,gem:642123,deep_subduction
B110880C,1980-11-08T21:35:50,-68.06,-24.42,146.9,5.4,mw,137.0,28.0,-95.0,323.0,62.0,-87.0,17.0,51.0,3.0,142.0,72.0,240.0,-1.107e+17,4.69e+16,6.38e+16,4.28e+16,-6.22e+16,-5.07e+16,gcmt,gem:635196,deep_subduction
C121180B,1980-12-11T18:15:14,-68.46,-21.26,120.8,6.1,mw,159.0,38.0,-111.0,5.0,55.0,-74.0,9.0,84.0,13.0,176.0,74.0,319.0,-2.948e+18,-6.93e+17,3.642e+18,-4.48e+17,-1.15e+18,-5.6200000000000006e+17,gcmt,gem:633873,deep_subduction
B012781C,1981-01-27T14:25:51,-68.09,-23.22,140.2,5.4,mw,147.0,32.0,-130.0,12.0,66.0,-68.0,18.0,86.0,20.0,183.0,62.0,318.0,-7.802e+16,-9130000000000000.0,8.715e+16,-3.3690000000000004e+16,-6.298e+16,-1.949e+16,gcmt,gem:633214,deep_subduction
B030281C,1981-03-02T21:20:06,-65.89,-22.47,273.5,5.1,mw,305.0,4.0,49.0,167.0,87.0,93.0,48.0,80.0,3.0,347.0,42.0,254.0,6.860000000000001e+16,-5.679999999999999e+16,-1.18e+16,8.71e+16,-3.906e+17,1.03e+16,gcmt,gem:629084,deep_subduction
B030981B,1981-03-09T07:46:41,-66.59,-23.52,220.7,5.3,mw,198.0,36.0,-46.0,328.0,65.0,-117.0,16.0,77.0,24.0,339.0,60.0,198.0,-5.686e+16,-2.977e+16,8.663e+16,3.142e+16,-4.069e+16,-2.17e+16,gcmt,gem:629592,deep_subduction
C032681B,1981-03-26T18:04:51,-69.22,-19.54,143.9,5.8,mw,179.0,14.0,-76.0,345.0,76.0,-93.0,31.0,78.0,3.0,346.0,59.0,251.0,-1.84e+18,-1.911e+18,3.751e+18,1.319e+18,-5.371e+18,-1.141e+18,gcmt,gem:630454,deep_subduction
B060181D,1981-06-01T19:50:20,-65.12,-20.24,349.1,5.0,mw,214.0,25.0,-42.0,343.0,74.0,-109.0,26.0,88.0,18.0,349.0,57.0,228.0,-1.061e+17,-2.21e+16,1.2809999999999998e+17,6.770000000000001e+16,-1.494e+17,2.53e+16,gcmt,gem:624634,deep_subduction
B061681B,1981-06-16T05:41:58,-68.77,-21.63,125.2,5.4,mw,118.0,40.0,-128.0,344.0,59.0,-62.0,10.0,54.0,24.0,149.0,64.0,303.0,-1.2430000000000002e+17,3.1e+16,9.33e+16,-700000000000000.0,-7.019999999999999e+16,-1.165e+17,gcmt,gem:625277,deep_subduction
B071881A,1981-07-18T11:15:24,-66.4,-22.69,232.2,5.0,mw,243.0,17.0,-6.0,338.0,88.0,-107.0,41.0,84.0,17.0,339.0,44.0,231.0,-6300000000000000.0,-3.48e+16,4.1e+16,5.25e+16,-1.343e+17,2.7e+16,gcmt,gem:623895,deep_subduction
B092081D,1981-09-20T10:48:26,-66.59,-23.13,230.9,5.1,mw,65.0,23.0,-136.0,293.0,74.0,-73.0,27.0,10.0,16.0,108.0,58.0,226.0,-1.286e+17,9.54e+16,3.32e+16,1.303e+17,-1.085e+17,3.52e+16,gcmt,gem:611825,deep_subduction
B110281C,1981-11-02T14:31:01,-69.14,-18.62,135.2,5.1,mw,224.0,17.0,-51.0,4.0,77.0,-101.0,31.0,103.0,10.0,7.0,57.0,260.0,-4.46e+16,-9500000000000000.0,5.42e+16,-6900000000000001.0,-1.0249999999999998e+17,2.7600000000000004e+16,gcmt,gem:608152,deep_subduction
B111781A,1981-11-17T07:11:29,-69.72,-25.97,69.1,5.4,mw,144.0,11.0,101.0,312.0,80.0,88.0,55.0,220.0,2.0,313.0,35.0,44.0,5.9e+16,-2.65e+16,-3.26e+16,-1.195e+17,1.079e+17,3.3900000000000004e+16,gcmt,gem:608788,deep_subduction
B113081A,1981-11-30T15:42:33,-70.24,-17.43,144.0,5.4,mw,93.0,3.0,-148.0,331.0,88.0,-87.0,43.0,59.0,3.0,151.0,47.0,244.0,9400000000000000.0,-1.85e+16,9100000000000000.0,1.2290000000000002e+17,-2.191e+17,-4.47e+16,gcmt,gem:609320,deep_subduction
603866,1982-02-10T20:38:06,-66.531,-22.756,234.1,6.74,mw,235.0,10.0,-28.0,353.0,85.0,-99.0,44.41968768542185,90.76521710517738,8.936388123068914,351.90101518858404,44.19763017138436,253.1058215541451,-0.24,-0.12,0.36,0.19,-1.56,0.21,gem,,deep_subduction
B021082A,1982-02-10T20:38:17,-66.09,-22.76,236.6,5.9,mw,235.0,10.0,-28.0,353.0,85.0,-99.0,39.0,92.0,9.0,354.0,49.0,253.0,-2.42e+18,-1.22e+18,3.64e+18,1.89e+18,-1.556e+19,2.08e+18,gcmt,,deep_subduction
B032282D,1982-03-22T21:44:17,-69.3,-19.96,139.3,5.1,mw,232.0,12.0,-25.0,347.0,85.0,-101.0,39.0,87.0,11.0,348.0,49.0,244.0,-2.36e+16,-9800000000000000.0,3.33e+16,3.12e+16,-1.21e+17,1.7499999999999998e+16,gcmt,gem:602777,deep_subduction
B041982C,1982-04-19T11:54:35,-66.17,-22.7,266.0,5.3,mw,194.0,19.0,-76.0,0.0,72.0,-95.0,27.0,93.0,4.0,1.0,63.0,262.0,-9.99e+16,-4300000000000000.0,1.042e+17,5100000000000000.0,-1.377e+17,1.26e+16,gcmt,gem:600899,deep_subduction
B052982B,1982-05-29T03:27:04,-68.62,-22.28,116.6,5.2,mw,172.0,23.0,-67.0,327.0,69.0,-100.0,23.0,65.0,9.0,331.0,65.0,221.0,-1.185e+17,-1.25e+16,1.31e+17,8.32e+16,-1.234e+17,-7.28e+16,gcmt,gem:599762,deep_subduction
B060382A,1982-06-03T06:43:56,-68.36,-19.41,195.0,5.2,mw,29.0,48.0,-133.0,263.0,57.0,-54.0,5.0,328.0,30.0,61.0,59.0,229.0,-1.248e+17,1.162e+17,8599999999999998.0,5.28e+16,-2.7900000000000004e+16,1.193e+17,gcmt,gem:596514,deep_subduction
B061082B,1982-06-10T11:43:15,-67.45,-21.37,202.3,5.0,mw,51.0,57.0,-152.0,305.0,67.0,-37.0,6.0,0.0,48.0,97.0,42.0,264.0,-4.56e+16,1.064e+17,-6.08e+16,1.7199999999999998e+16,-6.949999999999999e+16,8300000000000000.0,gcmt,gem:596927,deep_subduction
B071982B,1982-07-19T23:53:04,-66.84,-23.93,231.3,5.2,mw,219.0,31.0,-62.0,8.0,63.0,-106.0,16.0,109.0,14.0,15.0,68.0,247.0,-1.181e+17,9700000000000000.0,1.084e+17,6600000000000000.0,-8.65e+16,5.14e+16,gcmt,gem:595592,deep_subduction
B090382D,1982-09-03T20:14:41,-66.52,-23.84,204.3,5.4,mw,218.0,44.0,-36.0,336.0,66.0,-128.0,12.0,93.0,34.0,354.0,53.0,199.0,-1.0069999999999998e+17,-5.9e+16,1.597e+17,7.18e+16,-6.33e+16,2.59e+16,gcmt,gem:591465,deep_subduction
B091182B,1982-09-11T14:12:25,-67.17,-24.22,198.1,5.1,mw,167.0,29.0,-99.0,357.0,61.0,-85.0,16.0,84.0,4.0,175.0,73.0,279.0,-1.064e+17,-5700000000000000.0,1.121e+17,-1300000000000000.0,-6.929999999999999e+16,-1.59e+16,gcmt,gem:591882,deep_subduction
B111882C,1982-11-18T20:39:54,-65.74,-31.21,166.2,5.5,mw,129.0,24.0,-114.0,335.0,68.0,-80.0,22.0,57.0,10.0,151.0,66.0,263.0,-8.794e+17,3.461e+17,5.333e+17,2.8690000000000003e+17,-8.276999999999999e+17,-4.33e+17,gcmt,gem:589249,deep_subduction
B123182C,1982-12-31T01:35:37,-68.66,-21.41,142.4,5.3,mw,183.0,33.0,-74.0,344.0,59.0,-100.0,13.0,81.0,9.0,349.0,74.0,227.0,-1.004e+17,-1.04e+16,1.1080000000000002e+17,2.37e+16,-4.97e+16,-1.47e+16,gcmt,gem:588237,deep_subduction
588246,1982-12-31T03:47:28,-68.535,-21.214,111.1,5.97,mw,119.0,82.0,83.0,340.0,11.0,130.0,44.42557926170439,200.860926363252,7.207910107621083,297.98156264925206,44.67238074941181,35.164139453015764,4.36,-0.91,-3.45,9.57,-4.65,0.34,gem,,deep_subduction
B010183A,1983-01-01T05:32:01,-69.45,-17.03,171.8,5.7,mw,216.0,32.0,-19.0,322.0,80.0,-121.0,28.0,76.0,30.0,328.0,46.0,200.0,-9.38e+17,-1.189e+18,2.127e+18,1.802e+18,-1.832e+18,-6.6e+16,gcmt,gem:583771,deep_subduction
584401,1983-01-10T09:17:35,-68.279,-21.962,114.3,5.87,mw,7.0,80.0,-85.0,162.0,11.0,-115.0,44.84258282833971,272.6950452824808,5.23806656095406,7.926234586505984,44.679870407524135,103.12771337468295,-1.33,-2.59,3.92,-0.73,-7.26,0.17,gem,,deep_subduction
B011083B,1983-01-10T09:17:37,-69.16,-21.95,131.9,5.6,mw,162.0,11.0,-115.0,7.0,80.0,-85.0,35.0,93.0,5.0,187.0,55.0,283.0,-1.332e+17,-2.59e+17,3.923e+17,-7.35e+16,-7.257e+17,1.66e+16,gcmt,,deep_subduction
B012683D,1983-01-26T01:05:55,-67.22,-24.28,187.6,5.2,mw,163.0,25.0,-91.0,344.0,65.0,-90.0,20.0,73.0,0.0,163.0,70.0,254.0,-1.0189999999999998e+17,-1.88e+16,1.207e+17,2.82e+16,-9.61e+16,-4.68e+16,gcmt,gem:585757,deep_subduction
B012783A,1983-01-27T19:01:40,-67.33,-24.02,191.4,5.5,mw,216.0,31.0,-29.0,332.0,76.0,-117.0,26.0,83.0,26.0,339.0,52.0,210.0,-2.202e+17,-1.474e+17,3.676e+17,2.36e+17,-3.283e+17,2.89e+16,gcmt,gem:585891,deep_subduction
B020183A,1983-02-01T04:22:57,-69.06,-23.09,100.6,5.2,mw,143.0,28.0,-137.0,13.0,71.0,-69.0,24.0,87.0,20.0,186.0,58.0,313.0,-5.498e+16,-1.367e+16,6.865e+16,-2.746e+16,-6.85e+16,-1.7390000000000002e+16,gcmt,gem:581950,deep_subduction
B021583A,1983-02-15T23:21:14,-66.71,-23.02,229.1,5.0,mw,93.0,14.0,-157.0,340.0,85.0,-77.0,38.0,58.0,13.0,159.0,49.0,264.0,-1.88e+16,1500000000000000.0,1.7299999999999998e+16,7.53e+16,-1.779e+17,-6.68e+16,gcmt,gem:582930,deep_subduction
C022583B,1983-02-25T22:49:58,-69.47,-18.61,144.9,5.9,mw,253.0,15.0,-14.0,357.0,87.0,-104.0,40.0,100.0,14.0,358.0,47.0,252.0,-1.36e+18,-7.3e+17,2.09e+18,7.4e+17,-1.262e+19,3.1e+18,gcmt,gem:583574,deep_subduction
B052383A,1983-05-23T00:54:16,-69.59,-18.96,116.0,5.5,mw,133.0,18.0,-129.0,353.0,76.0,-78.0,30.0,74.0,11.0,170.0,58.0,279.0,-5.36e+16,-3.19e+16,8.54e+16,2.05e+16,-1.332e+17,-4.91e+16,gcmt,gem:576838,deep_subduction
B060683B,1983-06-06T16:22:37,-67.27,-24.36,193.9,5.3,mw,190.0,32.0,-53.0,328.0,65.0,-111.0,17.0,73.0,19.0,337.0,64.0,203.0,-6.874e+16,-1.462e+16,8.336e+16,4.058e+16,-4.428e+16,-2.179e+16,gcmt,gem:573582,deep_subduction
B072183A,1983-07-21T07:11:33,-69.25,-22.53,135.2,5.5,mw,122.0,22.0,-160.0,13.0,83.0,-70.0,35.0,85.0,20.0,190.0,48.0,305.0,-9.7e+16,-1.335e+17,2.306e+17,-8.89e+16,-4.604e+17,-1.167e+17,gcmt,gem:572548,deep_subduction
B090183C,1983-09-01T20:01:52,-69.93,-17.43,105.1,5.9,mw,143.0,13.0,-86.0,319.0,77.0,-91.0,32.0,50.0,1.0,319.0,58.0,228.0,-4.522e+17,1.904e+17,2.618e+17,5.547e+17,-6.268e+17,-1.557e+17,gcmt,gem:567678,deep_subduction
B092183B,1983-09-21T10:27:58,-69.14,-19.31,115.8,5.3,mw,129.0,17.0,-84.0,302.0,73.0,-92.0,28.0,34.0,2.0,303.0,62.0,210.0,-2.71e+16,1.306e+16,1.404e+16,2.549e+16,-1.596e+16,-90000000000000.0,gcmt,gem:568796,deep_subduction
B010184C,1984-01-01T22:08:24,-65.87,-22.22,274.7,5.4,mw,238.0,13.0,-20.0,348.0,86.0,-102.0,40.0,89.0,12.0,349.0,48.0,246.0,-8.3e+16,-3e+17,3.84e+17,2.03e+17,-1.201e+18,1.34e+17,gcmt,gem:560173,deep_subduction
B010684A,1984-01-06T15:01:41,-69.18,-23.55,108.1,5.4,mw,253.0,35.0,-26.0,5.0,75.0,-122.0,23.0,119.0,31.0,14.0,49.0,240.0,-6.879999999999999e+16,-1.3800000000000002e+16,8.26e+16,-2.45e+16,-1.232e+17,1.1200000000000002e+17,gcmt,gem:560529,deep_subduction
B022684A,1984-02-26T08:18:24,-70.65,-17.31,115.6,5.9,mw,169.0,21.0,-69.0,327.0,71.0,-98.0,25.0,63.0,7.0,330.0,64.0,225.0,-8.48e+17,-1.14e+17,9.62e+17,6.98e+17,-1.073e+18,-6.32e+17,gcmt,gem:559885,deep_subduction
B042484B,1984-04-24T18:27:44,-67.03,-24.11,178.2,5.2,mw,209.0,45.0,-9.0,305.0,84.0,-135.0,25.0,69.0,45.0,312.0,35.0,178.0,-1.643e+16,-4.987e+16,6.63e+16,5.144e+16,-3.605e+16,-3.156e+16,gcmt,gem:555776,deep_subduction
B050784A,1984-05-07T14:09:14,-66.27,-28.04,147.3,5.6,mw,185.0,51.0,-37.0,300.0,62.0,-135.0,6.0,60.0,38.0,325.0,51.0,158.0,-3.677e+16,-5890000000000000.0,4.266e+16,3.002e+16,4940000000000000.0,-3.542e+16,gcmt,gem:552410,deep_subduction
B051684A,1984-05-16T03:45:06,-66.71,-27.07,156.4,5.4,mw,174.0,68.0,-6.0,267.0,84.0,-158.0,11.0,38.0,67.0,280.0,19.0,132.0,-5.39e+16,6.63e+16,-1.24e+16,7.98e+16,1500000000000000.0,-2.146e+17,gcmt,gem:553164,deep_subduction
B062084A,1984-06-20T19:56:54,-67.04,-23.76,187.3,5.4,mw,215.0,23.0,-23.0,326.0,81.0,-111.0,33.0,74.0,21.0,329.0,49.0,213.0,-7.96e+16,-1.131e+17,1.927e+17,1.655e+17,-2.637e+17,-3.2e+16,gcmt,gem:551249,deep_subduction
B081884B,1984-08-18T04:10:46,-66.83,-27.71,182.3,5.2,mw,160.0,38.0,-60.0,303.0,58.0,-111.0,10.0,48.0,18.0,315.0,69.0,167.0,-1.598e+17,5.739999999999999e+16,1.024e+17,8.27e+16,-1.4399999999999998e+16,-1.069e+17,gcmt,gem:547056,deep_subduction
B102084B,1984-10-20T17:59:25,-66.94,-24.27,209.0,5.9,mw,220.0,27.0,-67.0,14.0,65.0,-101.0,19.0,113.0,10.0,19.0,68.0,262.0,-1.407e+18,-4.6e+16,1.453e+18,-2.55e+17,-1.289e+18,8.94e+17,gcmt,gem:541715,deep_subduction
536390,1984-12-11T23:22:22,-68.626,-22.579,115.0,6.42,mw,8.0,79.0,-96.0,217.0,13.0,-62.0,44.780249640191215,283.0992531797832,6.348042823867835,186.76089497248933,44.51927216859698,90.48025283762668,-2.17,0.44,1.72,-0.54,-4.85,0.76,gem,,deep_subduction
B121184C,1984-12-11T23:22:29,-68.96,-22.56,128.1,5.6,mw,217.0,13.0,-62.0,8.0,79.0,-96.0,33.0,103.0,6.0,9.0,56.0,270.0,-2.165e+18,4.41e+17,1.723e+18,-5.4100000000000006e+17,-4.854e+18,7.58e+17,gcmt,,deep_subduction
B123184B,1984-12-31T13:00:43,-67.19,-22.71,201.7,5.5,mw,195.0,12.0,-54.0,339.0,80.0,-97.0,35.0,75.0,7.0,340.0,54.0,240.0,-6.36e+16,-3.63e+16,9.99e+16,8.05e+16,-2.1e+17,-2.17e+16,gcmt,gem:538055,deep_subduction
B021485B,1985-02-14T08:31:04,-68.01,-23.88,143.7,5.6,mw,111.0,61.0,-167.0,14.0,79.0,-30.0,12.0,65.0,58.0,176.0,29.0,329.0,-7.91e+16,-1.272e+17,2.0630000000000003e+17,-7.26e+16,-1.316e+17,-2.33e+17,gcmt,gem:532247,deep_subduction
B040285B,1985-04-02T02:35:28,-68.97,-28.77,94.0,5.1,mwc,133.0,58.0,-143.0,21.0,59.0,-38.0,0.0,77.0,42.0,167.0,48.0,346.0,-3.339e+16,-2.702e+16,6.041e+16,-8080000000000002.0,-3320000000000000.0,-2.1e+16,us,gem:526584,deep_subduction
B051885A,1985-05-18T16:59:20,-69.57,-19.05,126.0,5.4,mw,226.0,24.0,-32.0,346.0,78.0,-111.0,30.0,92.0,20.0,350.0,53.0,231.0,-2.4500000000000003e+17,-4.497e+17,6.947e+17,7.63e+16,-7.957e+17,1.105e+17,gcmt,gem:525342,deep_subduction
B061085B,1985-06-10T15:37:08,-66.64,-27.88,170.2,5.8,mw,161.0,33.0,-64.0,310.0,61.0,-106.0,14.0,52.0,14.0,318.0,70.0,185.0,-2.821e+18,6.65e+17,2.1560000000000005e+18,1.577e+18,-1.087e+18,-2.501e+18,gcmt,neic:522354;gem:522354,deep_subduction
B062385A,1985-06-23T06:55:33,-66.97,-23.64,196.8,5.5,mw,205.0,13.0,-40.0,335.0,82.0,-100.0,36.0,74.0,10.0,336.0,52.0,233.0,-7.74e+16,-8.22e+16,1.595e+17,1.464e+17,-3.32e+17,-3.74e+16,gcmt,gem:523292,deep_subduction
B082785C,1985-08-27T10:44:41,-67.45,-21.45,218.3,5.2,mw,63.0,37.0,-136.0,296.0,65.0,-61.0,15.0,5.0,26.0,103.0,59.0,248.0,-1.593e+17,2.287e+17,-6.939999999999999e+16,1.07e+17,-9.21e+16,-5400000000000000.0,gcmt,gem:519003,deep_subduction
B100885A,1985-10-08T09:47:32,-66.24,-22.6,243.8,5.5,mw,130.0,2.0,-130.0,349.0,89.0,-89.0,44.0,78.0,1.0,169.0,46.0,260.0,5.26e+16,-1.529e+17,1.0029999999999998e+17,1.236e+17,-6.177e+17,-6.49e+16,gcmt,gem:512865,deep_subduction
B110985B,1985-11-09T22:13:30,-66.41,-27.55,165.2,5.0,mw,172.0,37.0,-45.0,301.0,65.0,-117.0,16.0,51.0,25.0,314.0,60.0,170.0,-7.06e+16,1.317e+16,5.743e+16,6.101e+16,-1.162e+16,-4.882e+16,gcmt,gem:510514,deep_subduction
B031286A,1986-03-12T22:04:27,-67.06,-23.92,210.7,5.2,mw,176.0,15.0,-96.0,2.0,75.0,-88.0,30.0,91.0,2.0,182.0,60.0,274.0,-5.45e+16,-1.36e+16,6.810000000000001e+16,-4200000000000001.0,-1.053e+17,-600000000000000.0,gcmt,gem:500369,deep_subduction
B031586B,1986-03-15T11:29:50,-67.35,-18.91,241.3,5.6,mw,259.0,50.0,-42.0,19.0,59.0,-132.0,5.0,137.0,35.0,43.0,55.0,235.0,-2.098e+18,1.345e+18,7.53e+17,6.66e+17,-1.456e+18,2.0750000000000005e+18,gcmt,gem:500564,deep_subduction
497876,1986-04-09T18:10:55,-66.707,-22.966,207.2,5.29,mw,197.0,3.0,-48.0,336.0,88.0,-92.0,44.96739943618845,66.89446391155394,2.012970018231542,334.8825421754934,44.96190805437181,242.8710062172896,-0.85,-0.24,1.09,4.39,-9.7,-0.14,gem,,deep_subduction
B040986B,1986-04-09T18:11:05,-66.36,-22.31,217.8,5.2,mw,197.0,3.0,-48.0,336.0,88.0,-92.0,43.0,68.0,2.0,336.0,47.0,243.0,-8490000000000000.0,-2430000000000000.0,1.093e+16,4.389e+16,-9.701e+16,-1360000000000000.0,gcmt,,deep_subduction
B043086B,1986-04-30T14:09:44,-69.93,-18.31,118.1,5.5,mw,214.0,37.0,-30.0,328.0,73.0,-123.0,21.0,83.0,32.0,339.0,51.0,200.0,-1.3420000000000002e+17,-1.3819999999999998e+17,2.7240000000000003e+17,9.64e+16,-1.664e+17,-2.56e+16,gcmt,gem:499416,deep_subduction
B051086A,1986-05-10T02:00:33,-68.3,-23.51,170.7,5.2,mw,109.0,47.0,-174.0,15.0,85.0,-44.0,25.0,70.0,46.0,190.0,33.0,322.0,-6070000000000000.0,-1.857e+16,2.465e+16,-1.038e+16,-3.406e+16,-3.089e+16,gcmt,gem:495245,deep_subduction
475248,1987-02-25T10:42:46,-66.762,-27.852,167.0,5.29,mw,179.0,52.0,-6.0,272.0,86.0,-142.0,28.05430474007284,39.5985566833499,51.976310920989775,266.6350100381608,23.441158491432084,142.95876417631723,-0.69,-0.16,0.84,6.84,1.11,-8.54,gem,,deep_subduction
B022587C,1987-02-25T10:42:48,-66.31,-28.73,176.1,5.1,mw,179.0,52.0,-6.0,272.0,86.0,-142.0,23.0,39.0,51.0,278.0,30.0,143.0,-6850000000000001.0,-1630000000000000.0,8480000000000000.0,6.845e+16,1.111e+16,-8.539e+16,gcmt,,deep_subduction
B030487B,1987-03-04T10:05:06,-69.13,-19.83,133.2,5.3,mw,166.0,40.0,-60.0,309.0,56.0,-113.0,8.0,55.0,19.0,323.0,69.0,168.0,-1.1060000000000002e+17,2.56e+16,8.5e+16,5.23e+16,-5400000000000000.0,-6.24e+16,gcmt,gem:471164,deep_subduction
C040187A,1987-04-01T01:48:20,-66.19,-22.92,250.8,6.2,mw,268.0,14.0,1.0,177.0,90.0,104.0,44.0,100.0,14.0,357.0,43.0,253.0,2.89e+18,-6.53e+18,3.64e+18,-4.3e+17,-3.1070000000000004e+19,7.09e+18,gcmt,gem:468209,deep_subduction
B051087B,1987-05-10T15:16:28,-65.19,-30.95,186.4,5.6,mw,78.0,69.0,-163.0,341.0,74.0,-22.0,3.0,30.0,63.0,127.0,27.0,299.0,-1.89e+16,8.49e+16,-6.59e+16,-3.17e+16,-7.48e+16,-1.2430000000000002e+17,gcmt,gem:466312,deep_subduction
B051287D,1987-05-12T16:12:51,-68.33,-21.85,139.3,5.4,mw,163.0,33.0,-56.0,304.0,63.0,-110.0,15.0,48.0,18.0,313.0,66.0,177.0,-8.122e+16,2.537e+16,5.586e+16,5.681e+16,-2.583e+16,-6.703e+16,gcmt,gem:466784,deep_subduction
B060187B,1987-06-01T01:50:25,-68.96,-22.06,120.7,5.4,mw,207.0,55.0,-34.0,319.0,63.0,-139.0,5.0,81.0,42.0,347.0,47.0,177.0,-4.531e+16,-3.81e+16,8.341e+16,3.684e+16,-5790000000000000.0,-1.611e+16,gcmt,gem:463314,deep_subduction
B061987E,1987-06-19T19:00:13,-68.94,-21.29,133.2,5.4,mw,196.0,30.0,-65.0,349.0,63.0,-103.0,17.0,88.0,12.0,355.0,69.0,232.0,-3.179e+17,-3.52e+16,3.531e+17,8.5e+16,-2.262e+17,1.34e+16,gcmt,gem:464703,deep_subduction
B070987A,1987-07-09T04:07:47,-68.95,-20.51,123.9,5.2,mw,167.0,23.0,-50.0,305.0,72.0,-105.0,26.0,47.0,15.0,309.0,60.0,193.0,-6.331000000000001e+16,1.698e+16,4.633e+16,8.611e+16,-5.758e+16,-6.324e+16,gcmt,gem:461679,deep_subduction
B071987A,1987-07-19T14:00:33,-70.64,-17.25,127.8,5.2,mw,251.0,5.0,18.0,143.0,89.0,94.0,46.0,58.0,4.0,323.0,43.0,229.0,1.851e+16,-2.054e+16,2030000000000000.0,4.381e+16,-6.46e+16,-1.777e+16,gcmt,gem:462456,deep_subduction
B072987B,1987-07-29T15:22:38,-66.96,-28.33,150.7,5.4,mw,332.0,44.0,-82.0,141.0,47.0,-97.0,2.0,236.0,5.0,146.0,84.0,344.0,-1.1559999999999998e+17,1.31e+16,1.0249999999999998e+17,-9500000000000000.0,4400000000000000.0,-1.091e+17,gcmt,gem:463156,deep_subduction
B081587B,1987-08-15T09:34:56,-68.89,-22.88,133.9,5.1,mw,319.0,54.0,-142.0,204.0,60.0,-43.0,4.0,263.0,39.0,356.0,50.0,168.0,-3.514e+16,-2.837e+16,6.351e+16,1.585e+16,9240000000000000.0,-1.32e+16,gcmt,gem:459821,deep_subduction
B081987A,1987-08-19T07:52:51,-67.07,-24.14,181.9,5.3,mw,171.0,28.0,-100.0,1.0,62.0,-85.0,17.0,88.0,5.0,179.0,73.0,284.0,-6.847000000000001e+16,-1.605e+16,8.452e+16,-3320000000000000.0,-5.149e+16,-5870000000000000.0,gcmt,gem:460119,deep_subduction
C090187A,1987-09-01T04:26:18,-66.51,-23.09,248.8,6.0,mw,218.0,10.0,-84.0,32.0,80.0,-91.0,35.0,123.0,1.0,32.0,55.0,300.0,-1.143e+18,2.19e+17,9.23e+17,-1.849e+18,-2.985e+18,8.74e+17,gcmt,gem:456658,deep_subduction
B091187A,1987-09-11T00:34:58,-68.85,-22.11,132.9,5.4,mw,182.0,33.0,-77.0,347.0,58.0,-98.0,13.0,83.0,7.0,351.0,75.0,233.0,-1.531e+17,-1.127e+17,2.658e+17,2.01e+16,-1e+17,-4.86e+16,gcmt,gem:457370,deep_subduction
B091887A,1987-09-18T08:43:35,-69.25,-24.36,117.9,5.6,mw,182.0,38.0,-46.0,311.0,64.0,-119.0,14.0,62.0,25.0,325.0,61.0,178.0,-2.322e+17,-6000000000000000.0,2.382e+17,1.816e+17,-5.89e+16,-1.268e+17,gcmt,gem:457874,deep_subduction
B100387A,1987-10-03T03:35:16,-69.48,-18.17,136.8,5.8,mw,219.0,46.0,-10.0,316.0,83.0,-135.0,24.0,79.0,45.0,323.0,35.0,188.0,-1.877e+17,-5.4800000000000006e+17,7.357e+17,3.867e+17,-4.455e+17,-1.051e+17,gcmt,gem:454529,deep_subduction
B100787A,1987-10-07T00:51:45,-68.06,-22.88,144.9,5.6,mw,164.0,32.0,-85.0,338.0,59.0,-93.0,14.0,70.0,3.0,340.0,76.0,239.0,-2.686e+17,-1.03e+16,2.789e+17,6.1e+16,-1.3740000000000002e+17,-1.153e+17,gcmt,gem:454842,deep_subduction
449734,1987-12-03T11:04:38,-68.492,-21.681,115.0,5.4,mw,181.0,36.0,-77.0,345.0,55.0,-99.0,44.740042579413625,81.71575803097682,20.597337085509288,329.85036287454136,38.10246883356041,222.71030823565545,-1.24,-0.48,1.72,0.18,-0.48,-0.31,gem,,deep_subduction
B120387B,1987-12-03T11:04:45,-69.26,-21.19,125.3,5.6,mw,181.0,36.0,-77.0,345.0,55.0,-99.0,9.0,82.0,8.0,350.0,78.0,221.0,-1.2430000000000002e+17,-4.85e+16,1.729e+17,1.8e+16,-4.78e+16,-3.14e+16,gcmt,,deep_subduction
B020688C,1988-02-06T07:42:41,-68.87,-19.77,135.0,5.2,mw,206.0,33.0,-19.0,312.0,80.0,-121.0,28.0,67.0,31.0,318.0,46.0,190.0,-3.514e+16,-4.251e+16,7.765e+16,7.244e+16,-6.018e+16,-2.935e+16,gcmt,gem:444956,deep_subduction
C020688F,1988-02-06T18:03:59,-67.02,-18.03,284.9,6.0,mw,216.0,10.0,-55.0,0.0,82.0,-96.0,37.0,95.0,6.0,1.0,53.0,263.0,-1.989e+18,2.46e+17,1.743e+18,1.31e+17,-6.327e+18,6.66e+17,gcmt,gem:444997,deep_subduction
B021888A,1988-02-18T13:52:44,-67.84,-23.44,156.5,5.8,mw,106.0,31.0,-175.0,12.0,88.0,-59.0,35.0,76.0,31.0,190.0,40.0,310.0,-3.34e+16,-2.385e+17,2.719e+17,-3.07e+16,-6.079e+17,-2.8650000000000003e+17,gcmt,gem:445852,deep_subduction
B022688A,1988-02-26T02:31:26,-70.09,-17.99,146.2,5.1,mw,189.0,20.0,-61.0,338.0,72.0,-100.0,26.0,76.0,10.0,341.0,61.0,233.0,-1.038e+17,-2.37e+16,1.2749999999999998e+17,6.44e+16,-1.438e+17,-2.45e+16,gcmt,gem:446480,deep_subduction
B052088A,1988-05-20T03:20:01,-69.62,-17.51,136.7,5.5,mw,194.0,26.0,-49.0,329.0,71.0,-108.0,24.0,73.0,17.0,335.0,60.0,213.0,-1.996e+17,-3.3700000000000004e+16,2.334e+17,1.567e+17,-1.96e+17,-4.11e+16,gcmt,gem:438298,deep_subduction
B052288C,1988-05-22T12:47:32,-69.4,-17.17,178.8,5.3,mw,92.0,7.0,-175.0,357.0,89.0,-83.0,44.0,80.0,7.0,177.0,45.0,274.0,1.32e+16,-3.46e+16,2.13e+16,1.66e+16,-1.721e+17,-2.55e+16,gcmt,gem:438558,deep_subduction
B052388A,1988-05-23T00:28:04,-68.65,-28.48,117.0,5.4,mwc,320.0,29.0,-90.0,140.0,61.0,-90.0,16.0,230.0,0.0,140.0,74.0,50.0,-1.293e+17,5.06e+16,7.86e+16,-5.570000000000001e+16,6.5e+16,-8.46e+16,us,gem:438604,deep_subduction
B063088A,1988-06-30T14:59:08,-67.32,-23.6,159.5,5.2,mw,95.0,48.0,-152.0,346.0,70.0,-45.0,13.0,45.0,41.0,147.0,46.0,302.0,-4.537e+16,3.441e+16,1.095e+16,-1.635e+16,-6.146e+16,-6.67e+16,gcmt,gem:436694,deep_subduction
B063088B,1988-06-30T15:21:19,-67.15,-23.82,192.1,5.1,mw,219.0,21.0,-23.0,331.0,82.0,-109.0,34.0,77.0,19.0,334.0,50.0,220.0,-2.4e+16,-4.92e+16,7.32e+16,5.07e+16,-1.1100000000000002e+17,-1.02e+16,gcmt,gem:436696,deep_subduction
B072888C,1988-07-28T17:12:42,-65.61,-22.01,295.4,5.7,mw,238.0,37.0,19.0,133.0,79.0,125.0,45.0,78.0,35.0,305.0,25.0,196.0,6.24e+17,-1.372e+18,7.48e+17,7.74e+17,-1.387e+18,3e+16,gcmt,gem:432864,deep_subduction
B091488D,1988-09-14T22:14:14,-68.24,-23.5,140.2,5.7,mw,157.0,32.0,-92.0,340.0,58.0,-89.0,13.0,69.0,1.0,159.0,77.0,254.0,-8.175000000000001e+17,2.08e+16,7.967e+17,1.3560000000000002e+17,-3.983e+17,-3.568e+17,gcmt,gem:425424,deep_subduction
B093088B,1988-09-30T03:23:54,-69.46,-19.76,137.9,5.3,mw,124.0,26.0,-122.0,339.0,69.0,-76.0,22.0,58.0,13.0,154.0,64.0,273.0,-7.88e+16,-1.28e+16,9.17e+16,5.32e+16,-1.071e+17,-1.1319999999999998e+17,gcmt,gem:426435,deep_subduction
421806,1988-10-02T06:18:10,-66.295,-22.729,246.8,5.36,mw,188.0,86.0,100.0,299.0,11.0,22.0,44.0036291649588,288.58899700910257,10.071412675506425,188.7116243729312,44.243894852679645,88.75017877447243,0.21,-0.01,-0.19,-0.21,-1.31,0.21,gem,,deep_subduction
B101488A,1988-10-14T19:11:54,-67.69,-23.21,146.0,5.4,mw,162.0,32.0,-82.0,333.0,58.0,-95.0,13.0,67.0,4.0,336.0,76.0,228.0,-1.234e+17,-2700000000000000.0,1.2609999999999998e+17,3.45e+16,-5.96e+16,-6.53e+16,gcmt,gem:422675,deep_subduction
B103188A,1988-10-31T02:08:20,-66.7,-23.17,227.9,5.1,mw,122.0,29.0,-139.0,355.0,71.0,-67.0,23.0,68.0,22.0,167.0,58.0,296.0,-5.508e+16,4240000000000000.0,5.083e+16,-4370000000000000.0,-7.357e+16,-4.18e+16,gcmt,gem:424290,deep_subduction
421468,1988-11-28T00:31:23,-68.636,-21.51,115.9,5.27,mw,214.0,49.0,-36.0,329.0,63.0,-133.0,38.18529722394169,88.64590795160115,48.66672757721138,295.23822436910825,13.43699398085064,189.4766956105049,-5.88,-3.01,8.88,6.33,-2.01,0.57,gem,,deep_subduction
B112888A,1988-11-28T00:31:32,-68.5,-20.36,142.6,5.2,mw,214.0,49.0,-36.0,329.0,63.0,-133.0,8.0,88.0,38.0,352.0,51.0,189.0,-5.877e+16,-3.006e+16,8.882999999999998e+16,6.327e+16,-2.009e+16,5669999999999999.0,gcmt,,deep_subduction
B121688A,1988-12-16T05:05:57,-67.2,-24.31,184.8,5.2,mw,229.0,43.0,22.0,123.0,76.0,131.0,44.0,73.0,39.0,291.0,20.0,184.0,2.388e+16,-5.005e+16,2.617e+16,2.632e+16,-5.199e+16,-1.294e+16,gcmt,gem:418211,deep_subduction
B122488A,1988-12-24T04:27:06,-66.7,-23.43,218.2,5.6,mw,198.0,30.0,-54.0,338.0,66.0,-109.0,19.0,82.0,17.0,346.0,64.0,217.0,-9.72e+17,-5.94e+17,1.566e+18,3.72e+17,-9.46e+17,-2.17e+17,gcmt,gem:418808,deep_subduction
B010789A,1989-01-07T07:26:17,-68.51,-23.2,151.8,5.5,mw,162.0,47.0,-44.0,285.0,59.0,-127.0,7.0,41.0,32.0,307.0,57.0,142.0,-1.856e+17,1.1499999999999998e+17,7.07e+16,9.17e+16,1e+16,-2.177e+17,gcmt,gem:414669,deep_subduction
B020789A,1989-02-07T04:03:05,-67.51,-22.02,181.6,5.5,mw,244.0,17.0,-23.0,355.0,83.0,-106.0,36.0,100.0,16.0,357.0,49.0,248.0,-3.79e+16,-2.38e+16,6.17e+16,1.48e+16,-1.893e+17,5.1e+16,gcmt,gem:412180,deep_subduction
B020989D,1989-02-09T22:49:09,-66.0,-22.23,269.4,5.2,mw,307.0,16.0,42.0,176.0,79.0,102.0,54.0,101.0,12.0,354.0,33.0,256.0,5.07e+16,7099999999999999.0,-5.779999999999999e+16,6600000000000000.0,-1.3879999999999998e+17,3.76e+16,gcmt,gem:412369,deep_subduction
B040589A,1989-04-05T23:47:54,-69.09,-21.13,122.3,5.6,mw,185.0,30.0,-67.0,339.0,62.0,-103.0,16.0,78.0,11.0,345.0,70.0,222.0,-1.434e+18,-7.88e+17,2.223e+18,4.32e+17,-1.154e+18,-5.96e+17,gcmt,gem:406571,deep_subduction
B061989A,1989-06-19T16:00:52,-67.6,-22.05,186.0,5.4,mw,228.0,7.0,-38.0,356.0,86.0,-96.0,40.0,91.0,6.0,357.0,49.0,260.0,-5.91e+16,500000000000000.0,5.86e+16,2.82e+16,-3.665e+17,3.35e+16,gcmt,gem:402411,deep_subduction
B080889C,1989-08-08T23:44:13,-68.89,-22.4,125.4,5.4,mw,167.0,31.0,-126.0,28.0,66.0,-71.0,19.0,104.0,18.0,200.0,64.0,330.0,-8.9e+16,-5.16e+16,1.4059999999999998e+17,-4.23e+16,-8.3e+16,4.21e+16,gcmt,gem:394592,deep_subduction
B100389B,1989-10-03T21:33:44,-66.65,-24.21,186.1,5.4,mw,206.0,42.0,-55.0,343.0,57.0,-117.0,8.0,92.0,23.0,358.0,66.0,200.0,-1.1399999999999998e+17,-5.95e+16,1.735e+17,2.93e+16,-4.33e+16,1.1e+16,gcmt,gem:388655,deep_subduction
B102389C,1989-10-23T23:41:36,-66.39,-27.51,175.8,5.4,mw,179.0,55.0,-29.0,286.0,66.0,-142.0,7.0,50.0,46.0,313.0,43.0,147.0,-5.292e+16,3380000000000000.0,4.954e+16,5.952e+16,2.396e+16,-8.44e+16,gcmt,gem:390483,deep_subduction
B110189A,1989-11-01T06:40:37,-67.8,-21.45,151.8,5.8,mw,134.0,18.0,-110.0,335.0,73.0,-84.0,28.0,60.0,6.0,153.0,61.0,254.0,-8.14e+17,1.29e+17,6.85e+17,5.88e+17,-1.288e+18,-6.3e+17,gcmt,gem:385503,deep_subduction
B110289A,1989-11-02T10:12:33,-68.47,-22.5,120.5,5.4,mw,235.0,20.0,-5.0,330.0,88.0,-110.0,40.0,78.0,20.0,330.0,43.0,220.0,1.61e+16,-8.19e+16,6.58e+16,4.08e+16,-1.412e+17,-2.08e+16,gcmt,gem:385737,deep_subduction
B110889A,1989-11-08T11:23:15,-68.03,-23.74,148.3,5.0,mw,210.0,68.0,-3.0,301.0,87.0,-158.0,13.0,74.0,68.0,308.0,17.0,168.0,-100000000000000.0,-1.056e+17,1.057e+17,4.53e+16,-1.7599999999999998e+16,-5.739999999999999e+16,gcmt,gem:386441,deep_subduction
B111089A,1989-11-10T13:43:02,-65.57,-22.64,284.4,5.2,mw,229.0,21.0,-19.0,337.0,83.0,-110.0,35.0,85.0,20.0,340.0,48.0,226.0,-6.32e+16,-9.05e+16,1.537e+17,1.16e+17,-2.788e+17,4.08e+16,gcmt,gem:386597,deep_subduction
380447,1990-01-05T13:03:44,-69.322,-19.058,92.4,5.41,mw,97.0,7.0,-165.0,353.0,88.0,-83.0,44.62640081975072,75.58884282948372,6.77370107862374,172.32158690360075,44.57648725048208,269.0425554057195,0.01,-0.19,0.17,0.26,-1.62,-0.26,gem,,deep_subduction
B022590C,1990-02-25T22:51:16,-68.72,-18.35,141.5,5.6,mw,169.0,29.0,-91.0,350.0,61.0,-89.0,16.0,79.0,0.0,169.0,74.0,261.0,-2.876e+17,8699999999999998.0,2.789e+17,2.94e+16,-1.71e+17,-5.38e+16,gcmt,gem:379790,deep_subduction
B051790B,1990-05-17T11:03:34,-69.71,-17.9,126.2,5.4,mw,190.0,14.0,-52.0,331.0,79.0,-99.0,33.0,69.0,9.0,333.0,55.0,230.0,-1.813e+17,-3.25e+16,2.138e+17,2.291e+17,-3.924e+17,-4.83e+16,gcmt,gem:369553,deep_subduction
B061890C,1990-06-18T19:03:04,-68.49,-21.92,136.1,5.3,mw,142.0,31.0,-105.0,339.0,61.0,-81.0,15.0,63.0,7.0,155.0,73.0,270.0,-9.257e+16,2.055e+16,7.202e+16,1.31e+16,-5.531e+16,-4.309e+16,gcmt,gem:366585,deep_subduction
B062290B,1990-06-22T11:48:51,-69.3,-19.59,111.1,5.3,mw,176.0,19.0,-74.0,339.0,71.0,-96.0,26.0,74.0,5.0,341.0,63.0,240.0,-1.032e+17,-3.02e+16,1.334e+17,5.779999999999999e+16,-1.502e+17,-4.47e+16,gcmt,gem:366939,deep_subduction
B062990B,1990-06-29T06:31:25,-68.32,-28.35,123.0,5.3,mwc,321.0,36.0,-80.0,129.0,55.0,-97.0,9.0,224.0,6.0,133.0,79.0,12.0,-9.596e+16,4.807e+16,4.789e+16,-3.015e+16,1.314e+16,-3.843e+16,us,gem:367604,deep_subduction
B081590A,1990-08-15T13:23:46,-69.33,-18.43,136.5,5.1,mw,215.0,32.0,-43.0,343.0,69.0,-114.0,20.0,92.0,23.0,353.0,59.0,219.0,-5.490000000000001e+16,-5.04e+16,1.053e+17,1.3800000000000002e+16,-6.899999999999999e+16,9900000000000000.0,gcmt,gem:359599,deep_subduction
B090790C,1990-09-07T16:09:29,-66.74,-24.29,191.4,5.5,mw,207.0,32.0,-50.0,342.0,66.0,-112.0,18.0,88.0,20.0,351.0,62.0,217.0,-7.87e+16,-6.6e+16,1.447e+17,2.02e+16,-8.16e+16,-1500000000000000.0,gcmt,gem:355777,deep_subduction
C101090A,1990-10-10T01:00:12,-66.6,-19.43,275.0,5.8,mw,237.0,31.0,-28.0,351.0,76.0,-118.0,26.0,103.0,27.0,358.0,51.0,229.0,-2.66e+18,-1.473e+18,4.134000000000001e+18,1.078e+18,-5.181e+18,2.531e+18,gcmt,gem:353096,deep_subduction
B120290C,1990-12-02T14:37:36,-68.8,-21.34,133.6,5.3,mw,137.0,53.0,-157.0,33.0,72.0,-39.0,12.0,88.0,48.0,192.0,40.0,349.0,-5.1e+16,-6.56e+16,1.166e+17,-2.46e+16,-3.65e+16,-1.01e+16,gcmt,gem:346148,deep_subduction
331790,1991-05-11T08:04:44,-67.247,-21.959,190.0,5.51,mw,184.0,90.0,105.0,276.0,15.0,1.0,43.07951714187093,288.5108186990699,15.000000000000009,184.0,43.079517141870944,79.48918130093011,-0.03,0.21,-0.18,-0.13,-2.2,0.56,gem,,deep_subduction
B051191B,1991-05-11T08:04:56,-67.35,-21.22,199.0,5.4,mw,276.0,15.0,1.0,184.0,90.0,105.0,44.0,109.0,15.0,4.0,43.0,260.0,-2700000000000000.0,2.08e+16,-1.8e+16,-1.28e+16,-2.197e+17,5.620000000000001e+16,gcmt,,deep_subduction
B053091A,1991-05-30T09:06:29,-68.34,-23.6,155.1,5.3,mw,125.0,46.0,-138.0,3.0,61.0,-52.0,9.0,67.0,32.0,163.0,56.0,324.0,-6.745e+16,-2.286e+16,9.031e+16,-1.059e+16,-3.519e+16,-6.207e+16,gcmt,gem:333848,deep_subduction
B070991A,1991-07-09T05:54:13,-68.93,-20.79,119.8,5.3,mw,115.0,28.0,-132.0,341.0,70.0,-71.0,22.0,56.0,18.0,154.0,61.0,279.0,-9.54e+16,4.66e+16,4.87e+16,1.49e+16,-1.085e+17,-5.83e+16,gcmt,gem:325310,deep_subduction
B082791E,1991-08-27T11:58:30,-68.67,-21.24,119.5,5.0,mw,202.0,25.0,-68.0,358.0,67.0,-100.0,21.0,96.0,9.0,2.0,67.0,251.0,-1.041e+17,-7700000000000000.0,1.1180000000000002e+17,1.18e+16,-1.0289999999999998e+17,2.13e+16,gcmt,gem:324048,deep_subduction
B102791D,1991-10-27T16:17:35,-67.53,-22.11,177.5,5.6,mw,235.0,9.0,-43.0,7.0,84.0,-96.0,39.0,103.0,6.0,8.0,51.0,270.0,-4.67e+16,2.87e+16,1.81e+16,-1.45e+16,-1.648e+17,1.79e+16,gcmt,gem:317911,deep_subduction
B121591F,1991-12-15T18:56:11,-70.37,-17.53,111.3,5.6,mw,147.0,21.0,-93.0,330.0,69.0,-89.0,24.0,59.0,1.0,149.0,66.0,242.0,-5.427e+17,1.501e+17,3.926e+17,2.997e+17,-5.287e+17,-2.435e+17,gcmt,gem:310679,deep_subduction
B012792B,1992-01-27T09:53:06,-68.07,-21.17,145.6,5.0,mw,2.0,46.0,-108.0,207.0,47.0,-72.0,0.0,285.0,13.0,15.0,77.0,193.0,-4.602e+17,5900000000000000.0,4.544e+17,1.0309999999999998e+17,-1.94e+16,1.2410000000000002e+17,gcmt,gem:308670,deep_subduction
B041692C,1992-04-16T18:33:10,-68.92,-20.3,130.1,5.6,mw,207.0,28.0,-37.0,331.0,73.0,-113.0,25.0,79.0,22.0,338.0,56.0,212.0,-2.3690000000000003e+17,-1.911e+17,4.28e+17,1.937e+17,-3.658e+17,-6.820000000000001e+16,gcmt,gem:296055,deep_subduction
B050992A,1992-05-09T00:21:06,-69.74,-18.24,130.3,5.4,mw,214.0,18.0,-9.0,313.0,87.0,-108.0,40.0,59.0,18.0,313.0,45.0,205.0,-3530000000000000.0,-2.31e+16,2.662e+16,5.622e+16,-5.618e+16,-1.403e+16,gcmt,gem:290567,deep_subduction
B060192A,1992-06-01T01:47:18,-70.28,-17.77,95.2,5.0,mw,204.0,42.0,-58.0,345.0,55.0,-116.0,7.0,92.0,21.0,0.0,68.0,199.0,-3.385e+16,7680000000000000.0,2.617e+16,1.834e+16,-7590000000000000.0,3660000000000000.0,gcmt,gem:285152,deep_subduction
B062092A,1992-06-20T13:41:22,-66.98,-19.48,274.4,5.0,mw,212.0,32.0,-63.0,0.0,62.0,-106.0,16.0,102.0,14.0,8.0,69.0,238.0,-9.016e+16,9010000000000000.0,8.116e+16,1.785e+16,-5.97e+16,2.502e+16,gcmt,gem:287906,deep_subduction
B070492B,1992-07-04T06:48:06,-69.08,-21.18,111.6,5.0,mw,152.0,42.0,-85.0,324.0,48.0,-95.0,3.0,58.0,4.0,327.0,85.0,189.0,-5.644999999999999e+16,1.029e+16,4.616e+16,6170000000000000.0,-4570000000000000.0,-3.785e+16,gcmt,gem:280368,deep_subduction
B081492D,1992-08-14T20:09:01,-65.11,-30.91,200.7,5.0,mw,86.0,14.0,-145.0,322.0,82.0,-79.0,36.0,42.0,11.0,140.0,52.0,244.0,-1.855e+16,2.014e+16,-1590000000000000.0,3.682e+16,-5.082e+16,-9860000000000000.0,gcmt,gem:277414,deep_subduction
B081792E,1992-08-17T21:09:31,-68.78,-20.26,116.4,5.2,mw,156.0,14.0,-95.0,341.0,76.0,-89.0,31.0,70.0,1.0,161.0,59.0,253.0,-1.087e+17,3.25e+16,7.62e+16,5.9e+16,-1.805e+17,-2.23e+16,gcmt,gem:277854,deep_subduction
B082092B,1992-08-20T13:37:16,-68.95,-25.9,114.8,5.3,mw,164.0,27.0,-76.0,329.0,64.0,-97.0,19.0,64.0,6.0,332.0,70.0,225.0,-7.308e+16,1.763e+16,5.545e+16,3.306e+16,-4.256e+16,-1.867e+16,gcmt,gem:278226,deep_subduction
B110192F,1992-11-01T09:36:42,-69.52,-28.98,110.0,5.4,mwc,341.0,17.0,-72.0,142.0,74.0,-95.0,29.0,237.0,5.0,144.0,60.0,45.0,-9.043e+16,3.096e+16,5.947e+16,-7.981e+16,9.15e+16,-9520000000000000.0,us,gem:260430,deep_subduction
B112092A,1992-11-20T01:45:28,-66.19,-22.72,255.5,5.1,mw,196.0,12.0,-50.0,336.0,81.0,-98.0,36.0,72.0,7.0,337.0,53.0,237.0,-3.513e+16,-1470000000000000.0,3.661e+16,4.45e+16,-9.112e+16,-740000000000000.0,gcmt,gem:263531,deep_subduction
B122392B,1992-12-23T02:20:08,-69.27,-20.39,118.8,5.4,mw,206.0,21.0,-27.0,322.0,81.0,-108.0,33.0,68.0,18.0,325.0,51.0,211.0,-1.361e+17,-4.14e+16,1.775e+17,2.44e+17,-2.33e+17,1.67e+16,gcmt,gem:258730,deep_subduction
C022493H,1993-02-24T22:21:44,-68.45,-25.18,132.6,6.0,mw,331.0,47.0,-51.0,101.0,55.0,-124.0,5.0,214.0,27.0,122.0,62.0,313.0,-2.683e+17,2.147e+17,5.36e+16,-1.101e+17,-6.68e+16,-2.293e+17,gcmt,gem:249379,deep_subduction
B033093A,1993-03-30T05:24:03,-67.28,-21.98,179.5,5.3,mw,264.0,37.0,-6.0,359.0,86.0,-127.0,31.0,119.0,37.0,2.0,38.0,237.0,-6.45e+16,-1.89e+16,8.34e+16,2.64e+16,-5.122e+17,3.848e+17,gcmt,gem:245625,deep_subduction
B041093E,1993-04-10T21:01:34,-68.8,-22.39,120.8,5.1,mw,206.0,24.0,-56.0,349.0,71.0,-104.0,24.0,90.0,13.0,354.0,62.0,238.0,-6.338e+16,-2.151e+16,8.489e+16,1.984e+16,-8.425e+16,8990000000000000.0,gcmt,gem:238056,deep_subduction
B050593A,1993-05-05T11:38:33,-69.32,-20.19,140.2,5.1,mw,119.0,60.0,-178.0,28.0,88.0,-30.0,20.0,77.0,60.0,204.0,22.0,339.0,-4.47e+16,-9.67e+16,1.414e+17,-1900000000000000.0,-8.43e+16,-6.39e+16,gcmt,gem:231004,deep_subduction
C052493E,1993-05-24T23:51:28,-66.88,-23.45,231.9,6.2,mw,165.0,15.0,-101.0,356.0,75.0,-87.0,30.0,83.0,3.0,175.0,60.0,269.0,-1.594e+19,-4.2e+17,1.636e+19,1.91e+18,-2.903e+19,-2.92e+18,gcmt,gem:234120,deep_subduction
B101993A,1993-10-19T04:02:30,-65.69,-22.12,278.9,5.8,mw,252.0,5.0,-12.0,355.0,89.0,-95.0,44.0,90.0,5.0,355.0,46.0,259.0,-1.7999999999999998e+16,-8.6e+16,1.04e+17,1.12e+17,-1.249e+18,9.9e+16,gcmt,gem:203422,deep_subduction
B111493A,1993-11-14T01:59:26,-68.74,-22.63,117.1,5.8,mw,155.0,15.0,-115.0,0.0,76.0,-84.0,31.0,85.0,6.0,178.0,58.0,279.0,-2.529e+17,-2.64e+16,2.793e+17,-1.02e+16,-5.161e+17,-6.48e+16,gcmt,gem:198038,deep_subduction
B021794B,1994-02-17T04:37:32,-66.65,-23.3,212.8,5.3,mw,131.0,27.0,-168.0,30.0,85.0,-63.0,34.0,98.0,27.0,208.0,44.0,327.0,-9200000000000000.0,-7.17e+16,8.09e+16,-2.92e+16,-1.1180000000000002e+17,1.05e+16,gcmt,gem:185847,deep_subduction
B052294A,1994-05-22T02:57:19,-66.94,-24.76,179.8,5.4,mw,182.0,49.0,-133.0,57.0,56.0,-52.0,4.0,121.0,31.0,213.0,59.0,25.0,-1.3640000000000002e+17,-1.05e+16,1.469e+17,-4.69e+16,-1000000000000000.0,1.426e+17,gcmt,gem:174168,deep_subduction
B062794C,1994-06-27T07:26:59,-68.99,-20.77,124.7,5.3,mw,152.0,45.0,-104.0,352.0,47.0,-76.0,1.0,72.0,10.0,162.0,80.0,338.0,-1.022e+17,200000000000000.0,1.0209999999999998e+17,-1.51e+16,-7600000000000000.0,-3.75e+16,gcmt,gem:170949,deep_subduction
B080294A,1994-08-02T01:51:25,-67.0,-24.25,198.2,5.1,mw,205.0,39.0,-43.0,331.0,65.0,-121.0,14.0,83.0,28.0,345.0,58.0,197.0,-9.29e+16,-5.2e+16,1.449e+17,5.04e+16,-5.84e+16,-1.45e+16,gcmt,gem:158473,deep_subduction
B120794A,1994-12-07T03:38:02,-66.58,-23.19,246.3,5.6,mw,244.0,29.0,-33.0,4.0,75.0,-114.0,26.0,113.0,24.0,11.0,54.0,245.0,-3.837e+17,-4.11e+16,4.247e+17,-3.08e+16,-7.013e+17,4.233e+17,gcmt,gem:133348,deep_subduction
B121294A,1994-12-12T07:42:02,-69.66,-17.44,161.4,5.8,mw,224.0,30.0,-33.0,343.0,75.0,-116.0,25.0,93.0,25.0,350.0,53.0,222.0,-1.137e+18,-6.8e+17,1.817e+18,7.29e+17,-1.849e+18,4.98e+17,gcmt,gem:134291,deep_subduction
134502,1994-12-13T14:26:39,-68.115,-24.248,115.7,5.06,mw,50.0,32.0,-133.0,278.0,67.0,-67.0,42.73994691613985,350.6666114311891,28.657443351965533,110.99923689643208,33.79693119831355,222.45730501524764,-3.77,2.69,1.07,3.09,-2.12,1.22,gem,,deep_subduction
B021095D,1995-02-10T20:27:04,-69.01,-19.98,130.6,5.4,mw,127.0,18.0,-138.0,356.0,78.0,-76.0,32.0,75.0,13.0,174.0,55.0,283.0,-1.203e+17,1.77e+16,1.026e+17,-800000000000000.0,-2.678e+17,-7.37e+16,gcmt,gem:118793,deep_subduction
B021495C,1995-02-14T15:54:01,-67.88,-23.64,159.5,5.7,mw,143.0,18.0,-115.0,349.0,74.0,-82.0,29.0,73.0,7.0,167.0,60.0,271.0,-3.718e+17,-1.849e+17,5.566e+17,1.62e+17,-7.803e+17,-2.913e+17,gcmt,gem:119653,deep_subduction
B051995C,1995-05-19T09:31:49,-66.96,-24.06,237.3,5.0,mw,207.0,23.0,-58.0,354.0,71.0,-102.0,25.0,93.0,12.0,358.0,62.0,244.0,-3.672e+16,8370000000000000.0,2.835e+16,1.151e+16,-3.979e+16,7630000000000000.0,gcmt,gem:104889,deep_subduction
B060995B,1995-06-09T05:35:55,-68.2,-21.61,137.9,5.2,mw,204.0,43.0,-50.0,335.0,59.0,-121.0,8.0,87.0,26.0,352.0,62.0,193.0,-1.312e+17,-2.27e+16,1.539e+17,7.85e+16,-3.85e+16,899999999999999.9,gcmt,gem:97763,deep_subduction
B080395E,1995-08-03T08:18:53,-69.2,-28.35,104.0,5.8,mwc,338.0,36.0,-100.0,170.0,54.0,-83.0,9.0,255.0,6.0,346.0,79.0,108.0,-6.17e+17,8.65e+16,5.305e+17,1.9e+16,2.035e+17,-1.3999999999999998e+17,us,neic:87160;gem:87160,deep_subduction
88444,1995-08-11T10:14:46,-66.79,-23.481,209.7,5.32,mw,178.0,25.0,-46.0,312.0,72.0,-108.0,43.40731203872019,55.11904859204333,20.59797255215739,304.29494081986456,39.466060292952335,196.2694157345701,-5.21,-0.89,6.09,6.38,-6.59,-6.75,gem,,deep_subduction
B091995B,1995-09-19T03:31:59,-68.79,-21.22,121.3,5.7,mw,179.0,21.0,-92.0,1.0,69.0,-89.0,24.0,91.0,1.0,181.0,66.0,273.0,-1.87e+17,-3.54e+16,2.2240000000000003e+17,-5700000000000000.0,-2.278e+17,1700000000000000.0,gcmt,gem:84843,deep_subduction
B042096A,1996-04-20T19:17:08,-66.88,-24.15,190.7,5.2,mw,198.0,29.0,-75.0,1.0,62.0,-98.0,17.0,97.0,7.0,4.0,72.0,253.0,-1.06e+17,-9400000000000000.0,1.1539999999999998e+17,6000000000000000.0,-7.66e+16,1.94e+16,gcmt,gem:959944,deep_subduction
B051896B,1996-05-18T07:42:27,-69.08,-23.85,116.4,5.3,mw,208.0,33.0,-51.0,344.0,65.0,-112.0,18.0,90.0,20.0,353.0,63.0,218.0,-8.691e+16,-1140000000000000.0,8.805e+16,4.458e+16,-6.158e+16,1.515e+16,gcmt,gem:964798,deep_subduction
B092196F,1996-09-21T02:53:22,-67.22,-18.76,215.5,5.0,mw,258.0,58.0,-1.0,348.0,89.0,-148.0,21.0,118.0,58.0,350.0,23.0,218.0,-2.63e+16,-1.351e+17,1.614e+17,2.58e+16,-2.121e+17,3.141e+17,gcmt,gem:987452,deep_subduction
B102596D,1996-10-25T19:59:47,-70.28,-17.35,127.3,5.5,mw,196.0,23.0,-47.0,331.0,73.0,-106.0,27.0,73.0,15.0,335.0,59.0,219.0,-1.515e+17,-9.36e+16,2.451e+17,1.327e+17,-2.493e+17,-7.84e+16,gcmt,gem:993702,deep_subduction
C012397B,1997-01-23T02:15:31,-65.92,-22.04,281.6,6.4,mw,85.0,4.0,-175.0,351.0,90.0,-86.0,45.0,77.0,4.0,171.0,45.0,264.0,-1.3e+17,3.2e+17,-1.9e+17,9.55e+18,-5.703e+19,-3.69e+18,gcmt,gem:1007800,deep_subduction
C040197E,1997-04-01T18:33:38,-69.54,-18.32,117.7,5.9,mw,222.0,32.0,-30.0,339.0,75.0,-118.0,25.0,90.0,27.0,347.0,52.0,216.0,-7.86e+17,-7.01e+17,1.487e+18,5.34e+17,-1.309e+18,2.46e+17,gcmt,gem:1019502,deep_subduction
C040197F,1997-04-01T18:42:18,-69.62,-18.07,106.4,5.8,mw,188.0,21.0,-51.0,327.0,74.0,-104.0,27.0,68.0,13.0,331.0,59.0,218.0,-7.21e+17,-5.08e+17,1.229e+18,7.76e+17,-1.38e+18,-7.16e+17,gcmt,gem:1019505,deep_subduction
1026007,1997-05-09T01:32:46,-66.934,-24.312,183.0,5.2,mw,0.0,70.0,-115.0,233.0,32.0,-41.0,42.14029547019173,288.68473445608936,29.248959606516834,168.23930826819708,33.90083966459242,56.13348995015542,-4.5,-0.54,5.04,0.68,-5.39,3.34,gem,,deep_subduction
1026474,1997-05-11T15:49:26,-66.88,-24.31,190.0,5.13,mw,197.0,26.0,-40.0,324.0,74.0,-110.0,42.85357868075316,69.98725113730046,22.9215664887424,316.88906731311096,38.395004492311415,207.31076310423825,-2.49,-1.84,4.33,2.57,-4.05,-1.95,gem,,deep_subduction
B071197B,1997-07-11T02:32:47,-69.71,-18.93,131.3,5.1,mw,154.0,12.0,-106.0,351.0,78.0,-86.0,33.0,78.0,3.0,170.0,57.0,265.0,-5.33e+16,-1.35e+16,6.68e+16,2.24e+16,-1.421e+17,-2.35e+16,gcmt,gem:1036390,deep_subduction
B071297A,1997-07-12T16:24:14,-68.39,-21.5,141.0,5.2,mw,117.0,40.0,-129.0,343.0,60.0,-63.0,11.0,53.0,23.0,148.0,64.0,300.0,-6.361e+16,1.968e+16,4.393e+16,-660000000000000.0,-3.937e+16,-5.635e+16,gcmt,gem:1036608,deep_subduction
B071397B,1997-07-13T18:10:25,-68.53,-23.34,140.5,5.2,mw,193.0,63.0,18.0,95.0,74.0,152.0,31.0,52.0,58.0,249.0,8.0,146.0,6909999999999999.0,-2.7400000000000004e+16,2.049e+16,4.973e+16,-5.105000000000001e+16,-8.226000000000002e+16,gcmt,gem:1036777,deep_subduction
C072097C,1997-07-20T10:14:29,-66.12,-22.82,271.3,5.7,mw,289.0,24.0,-39.0,55.0,75.0,-109.0,28.0,160.0,18.0,60.0,56.0,302.0,-6.844e+17,9.392e+17,-2.548e+17,-9.934e+17,-7.946e+17,2.0830000000000003e+17,gcmt,gem:1037842,deep_subduction
B082997A,1997-08-29T05:06:01,-68.68,-22.12,127.1,5.3,mw,149.0,17.0,-120.0,0.0,75.0,-81.0,30.0,83.0,9.0,178.0,59.0,283.0,-4.024e+16,-3210000000000000.0,4.346e+16,-3090000000000000.0,-7.109e+16,-1.2490000000000002e+16,gcmt,gem:938739,deep_subduction
B092897C,1997-09-28T23:13:24,-68.31,-22.22,146.3,5.7,mw,328.0,38.0,-117.0,181.0,57.0,-71.0,10.0,257.0,16.0,350.0,71.0,137.0,-2.155e+17,-1.96e+16,2.351e+17,4.06e+16,9.42e+16,-7.22e+16,gcmt,gem:1044359,deep_subduction
B120997G,1997-12-09T14:23:52,-68.7,-20.14,151.7,5.7,mw,252.0,46.0,4.0,160.0,87.0,136.0,31.0,106.0,46.0,337.0,27.0,214.0,1.56e+16,-1.855e+17,1.698e+17,6.07e+16,-2.565e+17,2.081e+17,gcmt,gem:1057823,deep_subduction
1066299,1998-01-26T11:14:27,-66.605,-23.143,201.4,5.25,mw,2.0,69.0,-61.0,125.0,35.0,-142.0,41.28754504975778,250.7551254502596,33.93009213610932,16.96557689030419,30.20120656812661,130.01717500315192,-5.12,-1.81,6.93,-0.44,-5.93,-4.58,gem,,deep_subduction
B030498C,1998-03-04T17:26:55,-69.86,-17.42,142.3,5.2,mw,237.0,31.0,10.0,138.0,85.0,121.0,42.0,77.0,31.0,315.0,33.0,203.0,1.7390000000000002e+16,-5.844e+16,4.104e+16,4.722000000000001e+16,-7.178e+16,6980000000000000.0,gcmt,gem:1080076,deep_subduction
B031398A,1998-03-13T00:44:25,-66.17,-22.67,253.7,5.1,mw,292.0,20.0,28.0,176.0,81.0,108.0,51.0,107.0,18.0,353.0,33.0,251.0,3.04e+16,-4340000000000000.0,-2.606e+16,1050000000000000.0,-8.957e+16,3.312e+16,gcmt,gem:1081509,deep_subduction
B032598M,1998-03-25T21:03:02,-66.97,-23.93,208.4,5.2,mw,201.0,32.0,-55.0,342.0,64.0,-110.0,17.0,87.0,18.0,351.0,65.0,218.0,-1.671e+17,-1.045e+17,2.7160000000000003e+17,4.81e+16,-1.458e+17,-1.1e+16,gcmt,gem:1083833,deep_subduction
1146874,1998-06-22T07:55:08,-66.58,-27.845,148.0,5.4,mw,210.0,66.0,-18.0,307.0,73.0,-155.0,26.064196896339485,77.53676313691619,63.21335336993053,271.87407438326784,5.753560653420117,170.36158850259005,-0.35,-1.11,1.46,0.71,-0.01,-0.55,gem,,deep_subduction
1148318,1998-06-30T08:58:54,-66.595,-23.894,190.3,5.4,mw,187.0,89.0,96.0,283.0,6.0,6.0,44.675824514221134,283.07292667647124,6.002712820094414,187.1051628435928,44.697573672506,91.13284987801757,-0.13,0.38,-0.25,-0.15,-1.57,0.09,gem,,deep_subduction
1179680,1998-08-30T07:52:25,-66.715,-23.932,205.0,5.63,mw,235.0,8.0,-32.0,357.0,86.0,-97.0,44.651786624088565,93.05732376672644,6.851996175277568,356.23957739950765,44.53265356103205,259.450260302405,-0.39,-0.32,0.71,0.17,-3.31,0.37,gem,,deep_subduction
B091298B,1998-09-12T09:03:52,-67.0,-24.32,185.1,5.1,mw,202.0,33.0,-42.0,329.0,69.0,-116.0,20.0,78.0,24.0,339.0,58.0,204.0,-1.433e+17,-5.590000000000001e+16,1.991e+17,1.091e+17,-1.2330000000000002e+17,-2.31e+16,gcmt,gem:1204318,deep_subduction
1322678,1998-11-06T12:24:08,-67.162,-21.691,205.0,5.28,mw,202.0,5.0,-58.0,350.0,86.0,-93.0,44.94673502742454,82.37756622362213,2.6763763528723405,349.7032458093808,44.92833800264936,257.0306434824881,-0.31,0.25,0.05,0.2,-1.01,0.09,gem,,deep_subduction
B111398C,1998-11-13T17:39:05,-68.58,-21.4,139.0,5.4,mw,113.0,12.0,-176.0,20.0,89.0,-78.0,43.0,98.0,12.0,200.0,44.0,302.0,7800000000000000.0,-3.33e+16,2.55e+16,-2.89e+16,-1.014e+17,-6000000000000000.0,gcmt,gem:1323902,deep_subduction
B112498A,1998-11-24T01:06:19,-69.08,-22.05,98.3,5.3,mw,23.0,41.0,-141.0,261.0,65.0,-56.0,14.0,327.0,31.0,65.0,56.0,216.0,-4.458e+16,3.735e+16,7230000000000000.0,3.823e+16,-3480000000000000.0,4.797e+16,gcmt,gem:1325495,deep_subduction
B120198F,1998-12-01T15:58:41,-69.3,-17.62,169.6,5.0,mw,255.0,45.0,-28.0,6.0,71.0,-132.0,15.0,125.0,39.0,22.0,47.0,232.0,-4.571e+16,8100000000000002.0,3.761e+16,4930000000000000.0,-5.272e+16,6.796e+16,gcmt,gem:1331878,deep_subduction
pde19981214162524980_138,1998-12-14T16:25:24,-71.033,-38.214,135.0,6.0,mwb,350.0,85.0,-90.0,170.0,5.0,-90.0,45.00000000000001,260.0,3.1805546814635176e-15,350.0,45.00000000000004,80.0,-6000000000.0,-38000000000.0,43000000000.0,24000000000.0,-82000000000.0,36000000000.0,us,neic:1333806;gem:1333806,deep_subduction
B030299D,1999-03-02T17:45:58,-68.72,-22.93,124.8,5.8,mw,142.0,27.0,-109.0,343.0,64.0,-80.0,19.0,66.0,9.0,159.0,69.0,273.0,-5.688e+17,5.659999999999999e+16,5.123e+17,9.86e+16,-4.687e+17,-3.014e+17,gcmt,gem:1537373,deep_subduction
B030599A,1999-03-05T00:33:52,-69.2,-20.27,123.0,5.7,mw,190.0,24.0,-62.0,339.0,69.0,-102.0,23.0,78.0,11.0,344.0,64.0,230.0,-3.26e+17,-7.77e+16,4.037e+17,1.589e+17,-3.578e+17,-6.44e+16,gcmt,gem:1538330,deep_subduction
B030999E,1999-03-09T22:57:00,-66.7,-27.91,140.7,5.0,mw,212.0,69.0,-6.0,305.0,85.0,-159.0,11.0,77.0,68.0,318.0,19.0,170.0,-8380000000000000.0,-5.163e+16,6.001e+16,2.135e+16,-9920000000000000.0,-2.392e+16,gcmt,gem:1540427,deep_subduction
B031299E,1999-03-12T20:42:39,-69.22,-19.64,140.6,5.1,mw,229.0,43.0,-75.0,29.0,49.0,-103.0,3.0,128.0,10.0,38.0,80.0,234.0,-8.161e+16,4.095e+16,4.066e+16,1.293e+16,-1.866e+16,4350000000000000.0,gcmt,gem:1541633,deep_subduction
B052599D,1999-05-25T16:42:10,-66.46,-27.9,175.6,5.3,mw,185.0,52.0,-27.0,292.0,69.0,-139.0,10.0,55.0,45.0,315.0,43.0,155.0,-2.4380000000000003e+17,-6.39e+16,3.078e+17,2.864e+17,2.24e+16,-3.643e+17,gcmt,gem:1682761,deep_subduction
B060999H,1999-06-09T23:25:07,-66.43,-22.21,275.9,5.3,mw,265.0,42.0,33.0,149.0,69.0,127.0,52.0,102.0,34.0,314.0,16.0,213.0,8.11e+16,-9.3e+16,1.19e+16,6200000000000000.0,-1.0189999999999998e+17,6.28e+16,gcmt,gem:1699066,deep_subduction
C091599A,1999-09-15T03:01:31,-67.37,-20.73,217.5,6.0,mw,102.0,21.0,-159.0,351.0,82.0,-70.0,35.0,65.0,20.0,169.0,49.0,283.0,-1.251e+18,8.33e+17,4.18e+17,1.9e+17,-4.102000000000001e+18,-1.47e+18,gcmt,gem:1655968,deep_subduction
1642896,1999-10-05T15:20:33,-68.681,-21.309,120.0,5.14,mw,15.0,74.0,-85.0,176.0,17.0,-108.0,44.868394591006,280.9660140464246,5.661135559955931,16.628827110158454,44.574056035633774,112.23356700122667,-3.63,0.34,3.28,-1.69,-5.24,0.19,gem,,deep_subduction
C112199A,1999-11-21T03:51:20,-68.89,-21.44,109.3,5.9,mw,179.0,24.0,-62.0,329.0,69.0,-102.0,23.0,69.0,11.0,334.0,64.0,220.0,-4.596e+17,-700000000000000.0,4.603e+17,2.994e+17,-4.083e+17,-1.405e+17,gcmt,gem:1651304,deep_subduction
C113099A,1999-11-30T04:01:59,-69.37,-19.01,138.2,6.2,mw,236.0,19.0,-29.0,354.0,81.0,-107.0,34.0,99.0,17.0,357.0,51.0,245.0,-1.991e+18,-1.252e+18,3.243e+18,6.4e+17,-6.908e+18,1.876e+18,gcmt,gem:1652253,deep_subduction
1733450,2000-03-08T21:37:19,-66.993,-23.902,183.5,5.2,mw,193.0,60.0,-41.0,307.0,56.0,-142.0,37.096015003632274,70.70482062041714,52.58413396671741,242.0,4.206219881734258,337.51677026327803,-4.63,-2.33,6.96,2.7,1.54,-3.9,gem,,deep_subduction
1837083,2000-05-12T18:43:20,-66.58,-23.802,225.0,7.15,mw,5.0,80.0,-96.0,214.0,12.0,-62.0,44.77347458835852,280.1600990945245,6.284633676883362,183.8873139031064,44.53991736238986,87.66566662383002,-2.15,-0.15,2.3,-0.48,-6.16,0.87,gem,,deep_subduction
C051200C,2000-05-12T18:43:28,-66.85,-23.72,226.6,6.2,mw,214.0,12.0,-62.0,5.0,80.0,-96.0,35.0,100.0,5.0,6.0,55.0,268.0,-2.153e+19,-1.51e+18,2.304e+19,-4.85e+18,-6.164e+19,8.72e+18,gcmt,,deep_subduction
B052300D,2000-05-23T16:06:04,-67.2,-23.96,190.5,5.0,mw,340.0,44.0,-147.0,226.0,68.0,-50.0,14.0,288.0,36.0,28.0,51.0,181.0,-3.484e+16,-2.093e+16,5.576e+16,3.637e+16,1.393e+16,1.868e+16,gcmt,gem:1735706,deep_subduction
B061400D,2000-06-14T03:19:25,-67.11,-23.84,239.6,5.3,mw,204.0,31.0,-46.0,335.0,68.0,-113.0,20.0,82.0,21.0,344.0,60.0,211.0,-4.3760000000000006e+17,-1.693e+17,6.069e+17,2.653e+17,-4.035e+17,-3.27e+16,gcmt,gem:1736480,deep_subduction
B070700B,2000-07-07T05:26:47,-66.22,-27.69,176.1,5.0,mw,179.0,52.0,-43.0,299.0,58.0,-133.0,4.0,57.0,35.0,325.0,55.0,153.0,-7.17e+16,2190000000000000.0,6.952e+16,4.857e+16,1.678e+16,-6.443e+16,gcmt,gem:1737456,deep_subduction
B072700E,2000-07-27T08:31:31,-68.39,-23.06,123.4,5.1,mw,118.0,55.0,-166.0,20.0,79.0,-36.0,16.0,74.0,52.0,186.0,33.0,333.0,-2.739e+16,-4.545e+16,7.284e+16,-1.832e+16,-4.255e+16,-4.693e+16,gcmt,gem:1738358,deep_subduction
B082300G,2000-08-23T16:15:35,-68.33,-22.55,120.3,5.2,mw,186.0,26.0,-64.0,337.0,67.0,-102.0,21.0,77.0,11.0,342.0,66.0,226.0,-1.1399999999999998e+17,-3.74e+16,1.514e+17,5.12e+16,-1.123e+17,-3.74e+16,gcmt,gem:1739334,deep_subduction
B101800H,2000-10-18T16:37:45,-68.51,-19.53,159.0,5.0,mw,261.0,43.0,1.0,170.0,89.0,133.0,32.0,115.0,43.0,350.0,31.0,226.0,-7840000000000000.0,-4.058e+16,4.842e+16,-2.283e+16,-9.31e+16,7.029e+16,gcmt,gem:1740888,deep_subduction
B031601B,2001-03-16T04:36:12,-69.37,-20.63,128.6,5.2,mw,218.0,22.0,-44.0,350.0,75.0,-106.0,28.0,93.0,16.0,354.0,57.0,238.0,-1.881e+17,-1.081e+17,2.962e+17,6.800000000000001e+16,-3.665e+17,6.44e+16,gcmt,gem:1817598,deep_subduction
B033101B,2001-03-31T06:54:15,-68.33,-29.4,104.0,5.4,mwc,332.0,43.0,-49.0,102.0,59.0,-122.0,9.0,214.0,27.0,120.0,62.0,320.0,-1.038e+17,8.23e+16,2.15e+16,-5.689999999999999e+16,-1.54e+16,-9.2e+16,us,neic:1800532;gem:1800532,deep_subduction
B042101F,2001-04-21T18:15:46,-67.52,-29.1,127.8,5.7,mwc,156.0,44.0,-32.0,270.0,68.0,-129.0,14.0,28.0,36.0,287.0,50.0,136.0,-2.234e+17,2.0750000000000003e+17,1.59e+16,2.4500000000000003e+17,1.176e+17,-2.431e+17,us,neic:1817649;gem:1817649,deep_subduction
B051501A,2001-05-15T23:53:23,-66.4,-28.15,180.8,5.1,mw,181.0,54.0,-28.0,288.0,68.0,-141.0,8.0,52.0,46.0,314.0,43.0,150.0,-1.45e+17,-1300000000000000.0,1.462e+17,1.304e+17,1.83e+16,-2.282e+17,gcmt,gem:1836316,deep_subduction
B052401A,2001-05-24T00:33:13,-67.23,-20.45,205.7,5.0,mw,254.0,14.0,-13.0,357.0,87.0,-104.0,40.0,99.0,14.0,357.0,46.0,252.0,-1.07e+16,-6000000000000000.0,1.67e+16,7600000000000000.0,-1.109e+17,2.67e+16,gcmt,gem:1844138,deep_subduction
B061901D,2001-06-19T09:32:28,-68.31,-22.95,152.6,5.2,mw,133.0,19.0,-131.0,355.0,75.0,-77.0,29.0,75.0,12.0,172.0,58.0,282.0,-4.316e+17,1.62e+16,4.154e+17,2.42e+16,-7.973e+17,-2.409e+17,gcmt,gem:1968238,deep_subduction
B062501L,2001-06-25T22:14:16,-70.53,-17.35,91.2,5.4,mw,163.0,10.0,-93.0,347.0,80.0,-89.0,35.0,76.0,1.0,167.0,55.0,258.0,-6.770000000000001e+16,1.92e+16,4.85e+16,3.56e+16,-1.521e+17,-9800000000000000.0,gcmt,gem:1893872,deep_subduction
C062901E,2001-06-29T18:35:56,-66.39,-19.68,287.2,5.7,mw,199.0,22.0,-52.0,339.0,73.0,-104.0,27.0,80.0,13.0,343.0,60.0,229.0,-7.83e+17,-1.71e+17,9.54e+17,5.13e+17,-1.089e+18,-4.9e+16,gcmt,gem:1906250,deep_subduction
B071301A,2001-07-13T12:45:32,-69.29,-19.74,123.7,5.0,mw,189.0,31.0,-37.0,312.0,72.0,-116.0,23.0,61.0,24.0,321.0,56.0,189.0,-3.137e+16,-1.719e+16,4.856e+16,3.156e+16,-4.158e+16,-4.521e+16,gcmt,gem:1968315,deep_subduction
B080901C,2001-08-09T03:33:50,-69.42,-18.25,129.9,5.5,mw,122.0,21.0,-120.0,335.0,72.0,-79.0,26.0,56.0,11.0,151.0,62.0,262.0,-1.329e+17,3.57e+16,9.72e+16,8.69e+16,-1.896e+17,-1.2250000000000002e+17,gcmt,gem:1970147,deep_subduction
B091501E,2001-09-15T13:58:18,-68.51,-23.0,142.8,5.0,mw,181.0,36.0,-48.0,313.0,64.0,-116.0,15.0,62.0,23.0,325.0,62.0,182.0,-5.727e+16,-290000000000000.0,5.756e+16,4.354e+16,-1.828e+16,-2.846e+16,gcmt,gem:2093508,deep_subduction
2152957,2001-10-12T00:39:55,-66.899,-24.083,192.7,5.42,mw,42.0,67.0,-81.0,199.0,24.0,-111.0,44.65270268561496,305.17177914354045,11.807651163044511,47.09092696198837,42.9464351967704,148.3109672730675,-1.06,0.18,0.88,-0.81,-0.85,0.76,gem,,deep_subduction
B101701A,2001-10-17T02:34:41,-68.92,-28.49,117.3,5.4,mwc,310.0,34.0,-119.0,163.0,60.0,-72.0,14.0,240.0,16.0,334.0,69.0,111.0,-1.159e+17,3.33e+16,8.26e+16,3000000000000000.0,7.24e+16,-6.04e+16,us,neic:2238618;gem:2238618,deep_subduction
B102001B,2001-10-20T13:26:40,-68.82,-22.26,128.0,5.0,mw,187.0,8.0,-87.0,4.0,82.0,-90.0,37.0,95.0,0.0,4.0,53.0,274.0,-4.41e+16,-4000000000000000.0,4.81e+16,-1.12e+16,-1.54e+17,5100000000000000.0,gcmt,gem:2252790,deep_subduction
B110701B,2001-11-07T13:26:01,-68.01,-21.25,149.2,5.2,mw,331.0,42.0,-78.0,135.0,49.0,-101.0,3.0,232.0,8.0,142.0,81.0,344.0,-8.3e+16,3.337e+16,4.964000000000001e+16,-1.601e+16,-1500000000000000.0,-2.759e+16,gcmt,gem:2331826,deep_subduction
B022602A,2002-02-26T08:32:57,-69.83,-17.97,100.4,5.5,mw,215.0,22.0,-21.0,324.0,83.0,-110.0,34.0,72.0,20.0,327.0,49.0,213.0,-2.98e+16,-4.31e+16,7.29e+16,7.43e+16,-1.073e+17,-1.02e+16,gcmt,gem:2901923,deep_subduction
B031802B,2002-03-18T03:10:03,-69.13,-20.33,111.5,5.5,mw,200.0,30.0,-20.0,308.0,80.0,-118.0,30.0,60.0,28.0,313.0,47.0,188.0,-7.009999999999999e+16,-6.08e+16,1.309e+17,1.65e+17,-1.0289999999999998e+17,-6.03e+16,gcmt,gem:2923811,deep_subduction
B032502G,2002-03-25T18:31:08,-67.91,-23.32,145.7,5.2,mw,103.0,15.0,-141.0,335.0,81.0,-78.0,35.0,55.0,11.0,153.0,53.0,259.0,-3.128e+16,2.676e+16,4510000000000000.0,2.547e+16,-7.075e+16,-1.1259999999999998e+16,gcmt,gem:2933432,deep_subduction
C032802D,2002-03-28T04:56:30,-68.57,-21.69,137.8,6.1,mw,270.0,13.0,-4.0,4.0,89.0,-103.0,43.0,106.0,13.0,4.0,44.0,261.0,2.2e+16,-2.84e+17,2.63e+17,-5.06e+17,-5.701e+18,1.371e+18,gcmt,gem:3951419,deep_subduction
B041502D,2002-04-15T23:08:28,-69.03,-22.47,97.0,5.2,mw,226.0,43.0,-53.0,0.0,57.0,-120.0,7.0,111.0,24.0,18.0,64.0,216.0,-4.656e+16,3020000000000000.0,4.354e+16,1.711e+16,-2.015e+16,2.203e+16,gcmt,gem:2991578,deep_subduction
3148147,2002-05-15T09:20:56,-68.334,-23.16,121.6,5.12,mw,188.0,10.0,-67.0,345.0,81.0,-94.0,44.899695595063456,78.11333923640518,4.099280725271275,344.01791534392225,44.807515922337245,249.9356705483932,-2.1,0.35,1.75,1.57,-5.45,0.07,gem,,deep_subduction
B060202B,2002-06-02T05:59:20,-69.5,-19.98,125.8,5.1,mw,155.0,23.0,-95.0,341.0,67.0,-88.0,22.0,69.0,2.0,160.0,68.0,256.0,-7.83e+16,1220000000000000.0,7.709e+16,2.479e+16,-7.652e+16,-3.531e+16,gcmt,gem:3165847,deep_subduction
B082902A,2002-08-29T02:28:23,-68.65,-21.09,120.9,5.2,mw,221.0,28.0,-34.0,341.0,75.0,-114.0,26.0,90.0,23.0,348.0,54.0,222.0,-4.230000000000001e+16,-2.663e+16,6.893e+16,2.842e+16,-7.023e+16,1.284e+16,gcmt,gem:3361523,deep_subduction
B111202G,2002-11-12T13:06:38,-68.77,-20.31,91.3,5.1,mw,122.0,57.0,-165.0,24.0,78.0,-34.0,14.0,77.0,54.0,186.0,32.0,338.0,-3.963e+16,-4.991e+16,8.954e+16,-4210000000000000.0,-3.805e+16,-3.825e+16,gcmt,gem:6131535,deep_subduction
B121302D,2002-12-13T19:25:42,-68.98,-21.99,123.5,5.3,mw,221.0,22.0,-46.0,355.0,75.0,-105.0,28.0,97.0,15.0,359.0,58.0,245.0,-3.867e+16,6320000000000000.0,3.235e+16,1.365e+16,-5.805e+16,1.515e+16,gcmt,gem:6257654,deep_subduction
B010503B,2003-01-05T09:25:59,-68.51,-21.6,136.9,5.2,mw,114.0,72.0,166.0,208.0,77.0,18.0,22.0,72.0,68.0,242.0,3.0,341.0,-4370000000000000.0,-4.75e+16,5.19e+16,7770000000000000.0,-3.23e+16,-3.72e+16,gcmt,gem:6531368,deep_subduction
B071303C,2003-07-13T07:25:53,-68.82,-22.22,121.4,5.1,mw,258.0,36.0,-10.0,356.0,84.0,-125.0,30.0,115.0,35.0,0.0,40.0,234.0,-1.7299999999999998e+16,-800000000000000.0,1.8e+16,2.25e+16,-8.69e+16,6.13e+16,gcmt,gem:6997624,deep_subduction
B071703A,2003-07-17T19:03:51,-69.06,-19.71,147.6,5.2,mw,254.0,4.0,17.0,148.0,89.0,94.0,46.0,62.0,4.0,328.0,44.0,234.0,8690000000000000.0,-1.24e+16,3710000000000000.0,5.05e+16,-8.24e+16,-2570000000000000.0,gcmt,gem:7000632,deep_subduction
C072703D,2003-07-27T11:41:31,-65.19,-20.05,350.6,5.9,mw,126.0,12.0,-118.0,335.0,79.0,-84.0,34.0,60.0,6.0,154.0,55.0,252.0,-3.98e+17,1.65e+17,2.34e+17,4.09e+17,-9.2e+17,-2.06e+17,gcmt,gem:7008801,deep_subduction
B072903B,2003-07-29T14:02:57,-68.36,-21.7,149.3,5.1,mw,148.0,42.0,-85.0,321.0,48.0,-94.0,3.0,54.0,3.0,324.0,85.0,187.0,-8.37e+16,3.02e+16,5.34e+16,9500000000000000.0,-4100000000000000.0,-3.4100000000000004e+16,gcmt,gem:7010899,deep_subduction
C091703C,2003-09-17T21:34:51,-68.43,-21.67,136.0,5.9,mw,176.0,35.0,-110.0,21.0,58.0,-76.0,12.0,101.0,12.0,193.0,74.0,327.0,-3.44e+17,-4.05e+16,3.85e+17,-9.8e+16,-1.43e+17,6.879999999999999e+16,gcmt,gem:7129131,deep_subduction
B101103F,2003-10-11T14:35:57,-69.64,-18.22,150.3,5.1,mw,43.0,56.0,-152.0,296.0,67.0,-37.0,7.0,352.0,47.0,89.0,42.0,256.0,-3.4200000000000004e+16,7.48e+16,-4.06e+16,2.01e+16,-4.1e+16,2.25e+16,gcmt,gem:7155574,deep_subduction
B102603B,2003-10-26T16:27:16,-70.18,-18.15,107.7,5.0,mw,228.0,60.0,-11.0,324.0,80.0,-149.0,14.0,93.0,58.0,340.0,28.0,190.0,-1.22e+16,-6.43e+16,7.65e+16,3.68e+16,-2.47e+16,1.54e+16,gcmt,gem:7166424,deep_subduction
B112503A,2003-11-25T04:43:44,-67.66,-23.25,175.1,5.4,mw,249.0,50.0,34.0,135.0,65.0,134.0,49.0,95.0,39.0,293.0,9.0,195.0,1.66e+17,-2.68e+17,1.02e+17,2.52e+16,-1.86e+17,7.73e+16,gcmt,gem:7191581,deep_subduction
B121203E,2003-12-12T06:57:54,-68.49,-21.35,139.3,5.2,mw,162.0,46.0,-65.0,308.0,50.0,-113.0,2.0,55.0,17.0,324.0,72.0,151.0,-7.26e+16,1.7000000000000002e+16,5.560000000000001e+16,1.84e+16,5900000000000000.0,-5.3e+16,gcmt,gem:7206107,deep_subduction
C021904D,2004-02-19T18:04:27,-67.02,-24.12,207.0,5.0,mw,207.0,26.0,-66.0,360.0,66.0,-102.0,20.0,98.0,11.0,4.0,67.0,248.0,-3.73e+16,-5530000000000000.0,4.29e+16,3180000000000000.0,-3.59e+16,1.05e+16,gcmt,gem:7253020,deep_subduction
C022604B,2004-02-26T09:58:09,-67.81,-22.9,165.8,5.0,mw,114.0,75.0,-177.0,23.0,87.0,-15.0,8.0,69.0,75.0,192.0,13.0,337.0,-1.32e+16,-2.95e+16,4.269999999999999e+16,-2510000000000000.0,-1.2e+16,-3.29e+16,gcmt,gem:7255705,deep_subduction
C031704A,2004-03-17T03:21:10,-65.6,-21.24,297.0,5.5,mw,286.0,28.0,-18.0,32.0,82.0,-117.0,31.0,144.0,27.0,37.0,47.0,274.0,-4.13e+17,7.75e+17,-3.62e+17,-6.5e+17,-1.22e+18,5.04e+17,gcmt,gem:7312067,deep_subduction
C032304E,2004-03-23T18:06:38,-68.35,-21.3,138.5,5.0,mw,198.0,41.0,-28.0,310.0,72.0,-128.0,18.0,67.0,35.0,324.0,49.0,180.0,-4.06e+16,-2.61e+16,6.68e+16,5.26e+16,-2.38e+16,-2.83e+16,gcmt,gem:7316774,deep_subduction
C033104A,2004-03-31T03:23:28,-68.02,-25.52,137.3,5.1,mw,337.0,67.0,11.0,243.0,80.0,156.0,24.0,198.0,64.0,42.0,9.0,292.0,1.83e+16,1.1000000000000002e+17,-1.28e+17,-7.31e+16,-3700000000000000.0,-9.91e+16,gcmt,gem:7322250,deep_subduction
7349777,2004-05-29T13:30:56,-69.131,-20.563,99.9,5.02,mw,214.0,30.0,-40.0,341.0,71.0,-114.0,42.29611072131093,88.05936655032582,27.45585938451816,329.8480721118792,35.337729096672234,218.23091743874133,-2.43,-0.74,3.16,1.58,-2.77,0.54,gem,,deep_subduction
C053004F,2004-05-30T16:44:00,-70.83,-17.42,125.4,5.3,mw,166.0,20.0,-56.0,310.0,73.0,-102.0,28.0,50.0,11.0,314.0,60.0,204.0,-8.03e+16,1.54e+16,6.49e+16,1.09e+17,-8.95e+16,-7.009999999999999e+16,gcmt,gem:7350330,deep_subduction
C061704B,2004-06-17T01:16:05,-68.69,-21.53,124.0,5.2,mw,230.0,50.0,-18.0,332.0,76.0,-138.0,17.0,96.0,47.0,347.0,39.0,199.0,-8.34e+16,-1.49e+17,2.32e+17,1.34e+17,-1.21e+17,8.21e+16,gcmt,gem:7357403,deep_subduction
C062304B,2004-06-23T08:48:32,-69.42,-19.64,126.5,5.3,mw,150.0,50.0,-130.0,22.0,54.0,-53.0,2.0,87.0,29.0,178.0,61.0,352.0,-4.58e+16,-2.12e+16,6.71e+16,-1.98e+16,-6050000000000000.0,-6100000000000000.0,gcmt,gem:7359616,deep_subduction
C072504A,2004-07-25T14:01:14,-68.93,-17.65,155.7,5.3,mw,203.0,57.0,-12.0,300.0,80.0,-146.0,15.0,68.0,55.0,315.0,31.0,167.0,-2.59e+16,-6.41e+16,9e+16,5.88e+16,-1.84e+16,-5.83e+16,gcmt,gem:7375813,deep_subduction
C073104E,2004-07-31T06:32:35,-68.4,-21.69,141.9,5.2,mw,240.0,21.0,2.0,148.0,89.0,111.0,42.0,78.0,21.0,328.0,41.0,219.0,-2320000000000000.0,-1.34e+16,1.57e+16,3.33e+16,-4.24e+16,1.68e+16,gcmt,gem:7377939,deep_subduction
C082504B,2004-08-25T05:12:52,-69.18,-20.58,113.8,5.0,mw,213.0,42.0,-30.0,326.0,70.0,-128.0,17.0,83.0,35.0,341.0,50.0,194.0,-2.93e+16,-2.81e+16,5.74e+16,1.95e+16,-2.65e+16,-5090000000000000.0,gcmt,gem:7392686,deep_subduction
C100204A,2004-10-02T03:01:29,-68.8,-20.23,157.1,5.1,mw,265.0,5.0,19.0,156.0,88.0,94.0,46.0,70.0,4.0,336.0,43.0,242.0,1.1e+16,-1.45e+16,3500000000000000.5,5.91e+16,-1.3500000000000002e+17,6900000000000001.0,gcmt,gem:7413989,deep_subduction
C100304A,2004-10-03T03:30:11,-68.86,-22.38,114.7,5.0,mw,1.0,46.0,-75.0,160.0,46.0,-105.0,0.0,261.0,11.0,170.0,79.0,353.0,-3.12e+16,1470000000000000.0,2.98e+16,-6210000000000000.0,-580000000000000.0,-4790000000000000.0,gcmt,,deep_subduction
C102304O,2004-10-23T23:16:15,-67.35,-29.35,148.1,5.0,mw,144.0,41.0,-79.0,309.0,50.0,-100.0,4.0,46.0,8.0,315.0,81.0,165.0,-2.53e+16,1.21e+16,1.32e+16,4980000000000000.0,-790000000000000.0,-1.6e+16,gcmt,,deep_subduction
C111104D,2004-11-11T09:11:48,-69.83,-17.34,154.5,5.2,mw,189.0,39.0,-35.0,308.0,69.0,-123.0,17.0,62.0,31.0,322.0,54.0,177.0,-7.89e+16,-2e+16,9.89e+16,8.63e+16,-2.97e+16,-5.21e+16,gcmt,gem:7434329,deep_subduction
C111304G,2004-11-13T20:06:14,-66.82,-23.15,224.9,5.2,mw,175.0,19.0,-91.0,356.0,71.0,-90.0,26.0,86.0,0.0,176.0,64.0,266.0,-4.79e+16,4230000000000000.0,4.37e+16,4360000000000000.0,-5.97e+16,-3260000000000000.0,gcmt,gem:7435848,deep_subduction
C112304D,2004-11-23T16:49:42,-68.37,-22.94,136.7,5.0,mw,204.0,28.0,-57.0,347.0,67.0,-106.0,20.0,89.0,15.0,354.0,65.0,230.0,-5.65e+16,900000000000000.0,5.56e+16,2.25e+16,-4.71e+16,7390000000000000.0,gcmt,gem:7440754,deep_subduction
C120704B,2004-12-07T01:42:43,-69.17,-21.68,96.2,5.1,mw,173.0,35.0,-105.0,11.0,57.0,-80.0,11.0,93.0,8.0,185.0,76.0,311.0,-2.02e+16,-2790000000000000.5,2.3e+16,-3380000000000000.0,-8670000000000000.0,940000000000000.0,gcmt,,deep_subduction
C200501061335A,2005-01-06T13:35:22,-68.57,-21.68,145.0,5.1,mw,108.0,36.0,172.0,204.0,85.0,54.0,39.0,82.0,35.0,208.0,31.0,323.0,1.94e+16,-7.29e+16,5.35e+16,-2e+16,-1.1499999999999998e+17,-4.74e+16,gcmt,gem:7459715,deep_subduction
C200501202218A,2005-01-20T22:18:45,-69.18,-22.14,111.0,5.1,mw,274.0,47.0,-24.0,22.0,72.0,-134.0,16.0,142.0,41.0,38.0,44.0,248.0,-1.83e+16,2.2e+16,-3770000000000000.0,-2960000000000000.0,-2.54e+16,2.81e+16,gcmt,gem:7463042,deep_subduction
C200503010631A,2005-03-01T06:31:45,-66.88,-24.13,224.0,5.0,mw,228.0,21.0,-37.0,353.0,77.0,-108.0,30.0,97.0,17.0,356.0,54.0,241.0,-4.74e+16,-2.29e+16,7.029999999999999e+16,1.65e+16,-1.1100000000000002e+17,2.88e+16,gcmt,gem:7736604,deep_subduction
C200503050444A,2005-03-05T04:44:31,-68.51,-21.98,150.2,5.0,mw,134.0,43.0,-153.0,23.0,72.0,-50.0,17.0,85.0,37.0,189.0,48.0,335.0,-1.05e+16,-1e+16,2.05e+16,-6730000000000000.0,-1.14e+16,-5070000000000000.0,gcmt,,deep_subduction
C200503152007A,2005-03-15T20:07:06,-67.01,-24.18,200.1,5.1,mw,198.0,25.0,-90.0,18.0,65.0,-90.0,20.0,108.0,0.0,18.0,70.0,288.0,-5.54e+16,5710000000000000.0,4.97e+16,-1.42e+16,-4.34e+16,1.6299999999999998e+16,gcmt,gem:7481432,deep_subduction
C200503190135A,2005-03-19T01:36:04,-68.93,-20.6,125.8,5.1,mw,252.0,54.0,4.0,160.0,86.0,144.0,27.0,110.0,54.0,335.0,22.0,212.0,2900000000000000.0,-5.629999999999999e+16,5.34e+16,1.02e+16,-6.4e+16,6.58e+16,gcmt,gem:7482792,deep_subduction
C200503250354A,2005-03-25T03:54:30,-69.38,-20.49,122.5,5.0,mw,244.0,12.0,-37.0,11.0,82.0,-100.0,37.0,110.0,10.0,12.0,52.0,270.0,-1.76e+16,1.2e+16,5560000000000000.0,-6120000000000000.0,-4.95e+16,8050000000000000.0,gcmt,gem:7484857,deep_subduction
C200503302331A,2005-03-30T23:31:22,-71.04,-35.3,89.9,4.9,mwc,203.0,36.0,-92.0,26.0,54.0,-88.0,9.0,115.0,1.0,205.0,81.0,304.0,-2.43e+16,1640000000000000.0,2.26e+16,-3960000000000000.0,-7290000000000000.0,1.23e+16,us,,deep_subduction
C200504162241A,2005-04-16T22:41:19,-69.95,-17.77,129.6,5.6,mw,197.0,24.0,-36.0,320.0,76.0,-110.0,29.0,66.0,19.0,325.0,54.0,206.0,-2.65e+17,-9.68e+16,3.62e+17,3.66e+17,-3.76e+17,-1.02e+17,gcmt,gem:7493026,deep_subduction
C200505191556A,2005-05-19T15:56:37,-69.43,-31.54,117.0,4.9,mwc,288.0,53.0,-150.0,179.0,66.0,-41.0,8.0,236.0,44.0,334.0,45.0,138.0,,,,,,,us,,deep_subduction
7381850,2005-05-22T01:05:54,-68.36,-19.557,141.6,5.13,mw,255.0,69.0,-16.0,351.0,75.0,-158.0,23.58027499719131,122.04246783908326,65.93446819575172,314.2633660826441,4.537525886856913,214.0275521963789,-1.01,-1.74,2.75,1.92,-1.89,5.21,gem,,deep_subduction
C200506021056A,2005-06-02T10:56:03,-67.21,-24.35,193.2,5.7,mw,183.0,29.0,-95.0,9.0,61.0,-87.0,16.0,97.0,3.0,187.0,74.0,287.0,-1.07e+18,-1.76e+17,1.25e+18,-1.32e+17,-7.01e+17,1.52e+17,gcmt,gem:7141220,deep_subduction
C200506080239A,2005-06-08T02:39:35,-69.02,-28.42,122.0,5.1,mwc,1.0,32.0,120.0,147.0,63.0,73.0,68.0,24.0,15.0,155.0,16.0,250.0,5.7e+16,-8450000000000000.0,-4.85e+16,3.19e+16,-2.38e+16,8930000000000000.0,us,gem:7142375,deep_subduction
7143508,2005-06-13T22:44:32,-69.104,-19.962,105.0,7.76,mw,182.0,23.0,-81.0,352.0,67.0,-94.0,44.93742584546371,85.1378437533478,4.982927929709615,350.14690509792484,44.63029755041877,255.2093221254064,-3.7,-0.27,3.97,0.61,-3.63,-0.24,gem,,deep_subduction
C200506132244A,2005-06-13T22:44:40,-69.23,-20.02,94.5,6.8,mw,182.0,23.0,-81.0,352.0,67.0,-94.0,22.0,85.0,4.0,354.0,68.0,255.0,-3.7e+20,-2.72e+19,3.97e+20,6.15e+19,-3.63e+20,-2.36e+19,gcmt,,deep_subduction
C200506210511A,2005-06-21T05:11:22,-69.3,-20.14,120.9,5.4,mw,158.0,23.0,-104.0,354.0,67.0,-84.0,22.0,79.0,6.0,171.0,67.0,274.0,-1.34e+17,9800000000000000.0,1.24e+17,6600000000000000.0,-1.31e+17,-3.12e+16,gcmt,gem:7144398,deep_subduction
C200507131206A,2005-07-13T12:06:17,-70.41,-17.95,101.5,5.6,mw,118.0,33.0,-113.0,325.0,60.0,-75.0,14.0,45.0,13.0,138.0,71.0,269.0,-3.87e+17,2.18e+17,1.69e+17,8.76e+16,-2.16e+17,-2.42e+17,gcmt,gem:7363875,deep_subduction
C200507150107A,2005-07-15T01:07:19,-69.27,-19.28,138.5,5.0,mw,227.0,20.0,-24.0,340.0,82.0,-109.0,34.0,86.0,18.0,343.0,50.0,230.0,-2.45e+16,-8530000000000000.0,3.3e+16,3.23e+16,-6.79e+16,1.58e+16,gcmt,gem:7364042,deep_subduction
C200508060736A,2005-08-06T07:36:32,-69.74,-17.58,149.2,5.4,mw,190.0,30.0,-43.0,319.0,70.0,-113.0,22.0,66.0,21.0,327.0,59.0,197.0,-8.87e+16,-1.14e+16,1e+17,8.48e+16,-6.13e+16,-3.07e+16,gcmt,gem:7396134,deep_subduction
C200508140239A,2005-08-14T02:39:42,-69.36,-19.89,129.1,5.7,mw,165.0,17.0,-93.0,348.0,73.0,-89.0,28.0,78.0,1.0,168.0,62.0,260.0,-2.8e+17,-2.83e+16,3.08e+17,8.87e+16,-4.43e+17,-8.11e+16,gcmt,gem:7396427,deep_subduction
C200509191320A,2005-09-19T13:21:02,-69.14,-20.04,104.5,5.1,mw,199.0,52.0,-19.0,301.0,75.0,-140.0,15.0,65.0,48.0,318.0,38.0,167.0,-1.45e+16,-1.24e+16,2.68e+16,1.28e+16,-9360000000000000.0,-2.04e+16,gcmt,,deep_subduction
C200510171923A,2005-10-17T19:23:04,-69.87,-17.98,134.0,5.6,mw,238.0,22.0,-27.0,353.0,80.0,-110.0,33.0,99.0,19.0,356.0,51.0,241.0,-1.42e+17,-6.1e+16,2.03e+17,6.889999999999999e+16,-4.3e+17,1.3600000000000002e+17,gcmt,gem:7704023,deep_subduction
C200510230449A,2005-10-23T04:49:21,-68.81,-21.85,135.1,5.4,mw,268.0,8.0,-7.0,5.0,89.0,-98.0,43.0,103.0,8.0,5.0,45.0,267.0,-9800000000000000.0,1.07e+16,-800000000000000.0,-1.66e+16,-2.03e+17,2.85e+16,gcmt,gem:7704442,deep_subduction
C200511132318A,2005-11-13T23:18:39,-69.67,-18.84,112.0,5.1,mw,349.0,27.0,148.0,108.0,76.0,67.0,53.0,350.0,23.0,113.0,28.0,216.0,8650000000000000.0,-6540000000000000.0,-2110000000000000.0,1.88e+16,-7720000000000000.0,1.47e+16,gcmt,,deep_subduction
C200511171926A,2005-11-17T19:27:00,-68.13,-22.46,155.3,6.0,mw,126.0,26.0,-149.0,7.0,77.0,-68.0,29.0,79.0,22.0,182.0,53.0,304.0,-7.03e+18,-3.65e+18,1.07e+19,-2.36e+18,-1.56e+19,-5.79e+18,gcmt,gem:7750086,deep_subduction
C200512151259A,2005-12-15T12:59:31,-66.59,-23.95,228.1,5.0,mw,189.0,43.0,-86.0,3.0,47.0,-94.0,2.0,96.0,3.0,5.0,86.0,219.0,-4.22e+16,-3310000000000000.0,4.55e+16,1719999999999999.8,-3290000000000000.0,4900000000000000.0,gcmt,gem:7996791,deep_subduction
C200512212331A,2005-12-21T23:31:42,-67.11,-24.21,196.5,5.0,mw,161.0,23.0,-127.0,21.0,72.0,-76.0,26.0,100.0,13.0,196.0,61.0,311.0,-2.65e+16,-2340000000000000.0,2.88e+16,-1.6200000000000002e+16,-3.19e+16,-80000000000000.0,gcmt,gem:7997143,deep_subduction
C200512281221A,2005-12-28T12:22:04,-69.11,-20.05,127.9,5.0,mw,217.0,49.0,-52.0,347.0,54.0,-125.0,3.0,101.0,28.0,9.0,62.0,196.0,-2.71e+16,-3160000000000000.0,3.03e+16,1.55e+16,-5679999999999999.0,7430000000000000.0,gcmt,,deep_subduction
8029745,2006-01-04T13:01:32,-66.254,-22.836,241.2,5.44,mw,168.0,88.0,119.0,261.0,29.0,3.0,37.7610330656303,284.5828415453785,29.03989885416877,169.11096031330305,38.60861537689011,52.792321846917446,0.15,-0.65,0.49,0.02,-1.65,0.72,gem,,deep_subduction
C200602051803A,2006-02-05T18:03:29,-68.17,-23.92,145.9,5.0,mw,127.0,35.0,-116.0,338.0,59.0,-73.0,12.0,56.0,14.0,149.0,71.0,287.0,-2.66e+16,7460000000000000.0,1.92e+16,2500000000000000.0,-1.5e+16,-1.9e+16,gcmt,,deep_subduction
C200603012021A,2006-03-01T20:21:48,-69.39,-18.22,140.9,5.2,mw,119.0,47.0,-161.0,16.0,76.0,-44.0,18.0,74.0,44.0,182.0,41.0,328.0,-1.81e+16,-1.9e+16,3.71e+16,-1.21e+16,-2.7400000000000004e+16,-2.5e+16,gcmt,gem:10595363,deep_subduction
200605090902A,2006-05-09T09:02:00,-70.04,-32.85,126.0,5.0,mw,270.0,44.0,-29.0,22.0,70.0,-130.0,16.0,140.0,37.0,37.0,48.0,248.0,-2.25e+16,2.11e+16,1409999999999999.8,-5280000000000000.0,-2.51e+16,3.14e+16,gmt,gcmt:C200605090902A;gcmt:C200605090902A;us:C200605090902A;gem:8494679,deep_subduction
C200605141705A,2006-05-14T17:05:06,-69.14,-21.25,125.2,5.0,mw,219.0,28.0,-36.0,341.0,74.0,-114.0,25.0,89.0,23.0,348.0,55.0,222.0,-4.21e+16,-2.09e+16,6.3e+16,2.92e+16,-6.42e+16,1.25e+16,gcmt,gem:8338992,deep_subduction
8747178,2006-06-06T13:57:48,-69.267,-20.782,87.0,4.99,mw,168.0,20.0,-100.0,358.0,70.0,-86.0,44.93812079730065,85.80137304588146,4.4000293496532095,180.2048939128661,44.72463839385484,274.5756575186323,-2.74,0.57,2.17,-0.03,-2.98,-0.26,gem,,deep_subduction
C200606270207A,2006-06-27T02:07:37,-68.92,-22.51,133.6,5.5,mw,156.0,11.0,-110.0,356.0,80.0,-86.0,35.0,83.0,4.0,175.0,55.0,270.0,-6.25e+16,-5900000000000000.0,6.840000000000001e+16,1.21e+16,-1.83e+17,-1.78e+16,gcmt,gem:8496012,deep_subduction
C200606271124A,2006-06-27T11:24:40,-68.89,-21.42,133.7,5.5,mw,189.0,19.0,-56.0,333.0,74.0,-101.0,28.0,72.0,11.0,336.0,59.0,228.0,-1.02e+17,-200000000000000.0,1.03e+17,8.24e+16,-1.3500000000000002e+17,-1.26e+16,gcmt,gem:8505503,deep_subduction
8505812,2006-07-03T16:07:14,-66.537,-27.922,162.5,5.12,mw,177.0,57.0,-21.0,279.0,72.0,-145.0,31.24712756691897,44.91758807416761,55.95842333992889,251.00400123193657,12.14862481640655,142.42265235276489,-2.4,0.75,1.65,2.56,0.43,-5.02,gem,,deep_subduction
C200607080913A,2006-07-08T09:13:01,-67.39,-28.56,140.1,5.5,mwc,159.0,37.0,-68.0,312.0,56.0,-106.0,10.0,53.0,13.0,321.0,73.0,179.0,-1.74e+17,5.01e+16,1.24e+17,7.31e+16,-2.7800000000000004e+16,-9.87e+16,us,gem:10699322,deep_subduction
C200608200251A,2006-08-20T02:51:14,-68.46,-29.12,111.0,5.0,mwc,274.0,51.0,-140.0,156.0,60.0,-47.0,5.0,217.0,37.0,311.0,53.0,120.0,-2.82e+16,2.45e+16,3760000000000000.0,4950000000000000.0,1.85e+16,-3.08e+16,us,gem:8652122,deep_subduction
C200608250044A,2006-08-25T00:44:51,-67.18,-24.44,185.8,6.6,mw,194.0,36.0,-48.0,326.0,64.0,-115.0,16.0,74.0,23.0,338.0,62.0,196.0,-6.17e+18,-1.59e+18,7.76e+18,3.93e+18,-3.37e+18,-1.91e+18,gcmt,gem:10700054,deep_subduction
C200608311620A,2006-08-31T16:20:38,-67.35,-24.47,190.3,5.0,mw,187.0,31.0,-67.0,340.0,62.0,-104.0,16.0,80.0,12.0,347.0,70.0,221.0,-4.82e+16,-4050000000000001.0,5.230000000000001e+16,1.66e+16,-2.83e+16,-6580000000000000.0,gcmt,gem:8659530,deep_subduction
C200609040034A,2006-09-04T00:34:12,-66.9,-24.09,216.5,5.0,mw,197.0,22.0,-73.0,358.0,69.0,-97.0,23.0,94.0,6.0,1.0,66.0,257.0,-3.76e+16,2310000000000000.0,3.53e+16,3910000000000000.0,-3.95e+16,4890000000000000.0,gcmt,gem:8652836,deep_subduction
8663837,2006-09-09T00:09:08,-66.807,-23.892,219.0,4.97,mw,27.0,46.0,-88.0,204.0,44.0,-92.0,44.990966964508935,295.5857222039861,30.584264283965243,61.80246050907584,29.41932969844846,171.27103272541228,-3.78,0.95,2.83,-0.12,-0.06,1.16,gem,,deep_subduction
8663875,2006-09-10T11:17:44,-66.347,-22.889,248.8,5.14,mw,8.0,83.0,-77.0,126.0,15.0,-150.0,43.84397451906809,266.55664201287857,13.282263181595765,9.66094559404644,43.130063374612966,112.43673507834194,-0.79,-2.0,2.79,-0.43,-6.1,-0.89,gem,,deep_subduction
pde20060912133055660_114,2006-09-12T13:30:55,-68.898,-28.944,114.0,6.0,mwb,155.0,65.0,-90.0,335.0,25.0,-90.0,44.99999999999999,65.0,2.5444437451708128e-14,155.0,44.99999999999999,245.00000000000003,-6.01e+17,1.4299999999999998e+17,4.58e+17,-2.07e+17,5.4900000000000006e+17,-4.61e+17,us,gcmt:C200609121330A;gcmt:C200609121330A;neic:11121520;gem:11121520,deep_subduction
200609170934A,2006-09-17T09:34:00,-67.15,-31.9,146.0,6.2,mw,147.0,17.0,-147.0,25.0,81.0,-76.0,34.0,103.0,14.0,203.0,52.0,312.0,-7.6e+17,-1.4299999999999998e+17,9.03e+17,-1.01e+18,-1.77e+18,-2.03e+17,gmt,gcmt:C200609170934A;gcmt:C200609170934A;neic:8715487;gem:8715487,deep_subduction
C200609200412A,2006-09-20T04:12:11,-69.67,-18.91,125.0,5.0,mw,111.0,29.0,-150.0,354.0,76.0,-64.0,26.0,64.0,25.0,167.0,52.0,294.0,-1.78e+16,510000000000000.0,1.73e+16,1800000000000000.0,-3.48e+16,-2.15e+16,gcmt,gem:8751322,deep_subduction
200609242108A,2006-09-24T21:08:00,-67.18,-31.89,152.0,5.7,mw,122.0,34.0,-131.0,348.0,65.0,-66.0,17.0,61.0,21.0,158.0,62.0,296.0,-3e+17,1.68e+17,1.32e+17,-9.57e+16,-2.55e+17,-9.25e+16,gmt,gcmt:C200609242108A;gcmt:C200609242108A;us:C200609242108A;neic:11121679;gem:11121679,deep_subduction
C200610070820A,2006-10-07T08:21:00,-69.27,-24.13,120.9,5.7,mw,132.0,35.0,-101.0,326.0,55.0,-82.0,10.0,50.0,6.0,141.0,78.0,263.0,-4.64e+17,2.05e+17,2.58e+17,6.12e+16,-1.65e+17,-2.03e+17,gcmt,gem:8857953,deep_subduction
C200610131028A,2006-10-13T10:28:49,-69.57,-18.22,142.1,5.1,mw,206.0,27.0,-58.0,351.0,68.0,-105.0,21.0,92.0,14.0,357.0,64.0,237.0,-6.720000000000001e+16,-2100000000000000.0,6.929999999999999e+16,2.09e+16,-6.47e+16,1.23e+16,gcmt,gem:8822990,deep_subduction
C200610141518A,2006-10-14T15:18:42,-68.77,-23.12,134.7,5.2,mw,120.0,39.0,-130.0,347.0,61.0,-63.0,12.0,58.0,24.0,153.0,63.0,303.0,-4.43e+16,1.24e+16,3.19e+16,-6600000000000000.0,-3.07e+16,-3.12e+16,gcmt,gem:8823040,deep_subduction
C200610170402A,2006-10-17T04:02:44,-68.47,-21.09,149.9,5.9,mw,170.0,68.0,-18.0,266.0,73.0,-157.0,3.0,37.0,62.0,301.0,28.0,129.0,-2.55e+17,3.42e+17,-8.6e+16,2.7300000000000003e+17,2.41e+17,-8.53e+17,gcmt,gem:8823137,deep_subduction
B200610232100A,2006-10-23T21:00:50,-65.75,-21.77,287.6,5.2,mw,117.0,8.0,-149.0,357.0,86.0,-83.0,41.0,80.0,7.0,176.0,49.0,274.0,-7.59e+16,-2.1e+16,9.69e+16,3.74e+16,-6.38e+17,-8.54e+16,gcmt,gem:8859712,deep_subduction
8940172,2006-11-04T18:54:33,-69.155,-19.323,113.1,5.09,mw,196.0,34.0,-31.0,313.0,73.0,-120.0,40.52724410765218,65.00347049249524,33.06184392223706,301.18981941078573,31.956311101774208,187.23195806061824,-2.79,-0.97,3.76,3.9,-1.66,-0.98,gem,,deep_subduction
C200611071325A,2006-11-07T13:25:41,-68.68,-21.85,139.6,5.8,mw,282.0,13.0,13.0,179.0,87.0,103.0,46.0,102.0,13.0,358.0,41.0,257.0,2.67e+16,5900000000000000.0,-3.26e+16,5100000000000000.0,-2.94e+17,6.830000000000001e+16,gcmt,gem:8860316,deep_subduction
C200611142222A,2006-11-14T22:22:14,-68.76,-23.37,116.1,5.7,mw,143.0,27.0,-111.0,346.0,64.0,-80.0,19.0,69.0,9.0,162.0,69.0,277.0,-3e+17,-2.72e+16,3.28e+17,5.39e+16,-2.7200000000000003e+17,-1.87e+17,gcmt,gem:8943651,deep_subduction
200701071055A,2007-01-07T10:55:00,-71.23,-35.52,121.0,5.0,mw,199.0,23.0,-83.0,12.0,68.0,-93.0,22.0,104.0,3.0,13.0,67.0,276.0,-2.52e+16,3850000000000000.0,2.13e+16,-4110000000000000.0,-2.37e+16,5460000000000000.0,gmt,gcmt:C200701071055A;gcmt:C200701071055A;us:C200701071055A,deep_subduction
11496211,2007-02-04T10:13:50,-69.32,-17.319,166.3,5.1,mw,221.0,24.0,-37.0,345.0,76.0,-109.0,42.90943960045521,91.14024962767331,21.295638679370704,339.89624525687185,39.49762715702386,231.1549298533085,-2.76,-0.18,2.94,1.94,-4.37,1.13,gem,,deep_subduction
200702100603A,2007-02-10T06:03:00,-72.26,-43.26,162.0,5.5,mw,207.0,6.0,117.0,360.0,84.0,87.0,51.0,266.0,3.0,0.0,39.0,92.0,2.31e+16,5.17e+16,-7.48e+16,1500000000000000.0,2.41e+17,-1.24e+16,gmt,gcmt:C200702100603A;gcmt:C200702100603A;us:C200702100603A;gem:11499871,deep_subduction
200703201759A,2007-03-20T17:59:00,-67.19,-31.92,146.0,5.2,mw,168.0,19.0,-125.0,24.0,75.0,-79.0,44.347181991210704,285.11083156264544,12.212616885142562,27.324701613849584,43.08740176232905,129.00496693604924,-3.39,-0.39,3.78,-2.69,-5.15,0.44,gmt,gem:11700513,deep_subduction
C200703262100A,2007-03-26T21:00:28,-69.42,-19.34,132.7,5.0,mw,125.0,38.0,-127.0,349.0,60.0,-65.0,12.0,61.0,22.0,155.0,65.0,304.0,-3.4e+16,1680000000000000.0,3.23e+16,-160000000000000.0,-2.13e+16,-2.95e+16,gcmt,gem:11706029,deep_subduction
C200704120259A,2007-04-12T02:59:10,-69.67,-18.88,128.5,5.2,mw,196.0,44.0,-56.0,332.0,55.0,-119.0,6.0,82.0,23.0,350.0,66.0,186.0,-5.26e+16,-1.96e+16,7.23e+16,1.89e+16,-1.06e+16,-1.09e+16,gcmt,gem:11923207,deep_subduction
C200704180108A,2007-04-18T01:08:15,-66.9,-24.2,218.1,5.2,mw,232.0,41.0,-31.0,346.0,71.0,-126.0,18.0,102.0,34.0,360.0,51.0,215.0,-1.59e+17,-7.71e+16,2.36e+17,1.03e+17,-1.76e+17,1.18e+17,gcmt,gem:11928099,deep_subduction
C200704191632A,2007-04-19T16:32:06,-67.65,-28.33,133.0,4.9,mwc,122.0,41.0,-112.0,331.0,52.0,-71.0,6.0,48.0,15.0,139.0,74.0,297.0,,,,,,,us,,deep_subduction
C200705010352A,2007-05-01T03:52:25,-68.8,-21.44,137.1,5.5,mw,156.0,23.0,-73.0,317.0,68.0,-97.0,23.0,52.0,7.0,320.0,66.0,214.0,-1.3e+17,3.66e+16,9.32e+16,1.01e+17,-9.69e+16,-7.32e+16,gcmt,gem:12645159,deep_subduction
C200705191626A,2007-05-19T16:26:05,-68.7,-28.76,111.9,5.0,mwc,338.0,46.0,-59.0,117.0,52.0,-118.0,3.0,226.0,22.0,135.0,68.0,324.0,-3.55,1.58,1.98,-1.14,-0.44,-2.97,us,gem:12658655,deep_subduction
C200705251747A,2007-05-25T17:47:35,-67.36,-24.33,188.5,5.9,mw,211.0,22.0,-33.0,331.0,78.0,-109.0,31.0,77.0,19.0,335.0,53.0,219.0,-2.75e+17,-2.34e+17,5.09e+17,3.47e+17,-6.41e+17,-5.679999999999999e+16,gcmt,gem:12663046,deep_subduction
C200706141041A,2007-06-14T10:42:02,-69.16,-23.03,113.8,5.5,mw,168.0,20.0,-94.0,353.0,70.0,-88.0,25.0,82.0,2.0,173.0,65.0,266.0,-1.1499999999999998e+17,-5.16e+16,1.66e+17,2.04e+16,-1.68e+17,-3.3600000000000004e+16,gcmt,gem:12679880,deep_subduction
12689942,2007-06-28T00:12:13,-67.037,-24.312,163.5,4.96,mw,19.0,65.0,-69.0,156.0,32.0,-128.0,43.236924577214985,273.5978494879801,27.68956189904789,33.164615724859345,34.13132766187115,144.00225255706732,-2.66,-0.04,2.7,-1.41,-1.82,-0.25,gem,,deep_subduction
200707111512A,2007-07-11T15:12:00,-70.3,-32.67,116.0,5.1,mw,150.0,50.0,-177.0,58.0,88.0,-40.0,25.0,112.0,50.0,236.0,29.0,7.0,-1e+16,-2.45e+16,3.45e+16,-1.86e+16,-2.7e+16,2.34e+16,gmt,gcmt:C200707111512A;gcmt:C200707111512A;us:C200707111512A;gem:12767140,deep_subduction
C200707211534A,2007-07-21T15:34:59,-66.0,-22.31,280.2,6.4,mw,240.0,3.0,-24.0,353.0,89.0,-93.0,44.0,86.0,3.0,354.0,46.0,261.0,-1.59e+17,-1.64e+17,3.23e+17,6.07e+17,-5.34e+18,1.93e+17,gcmt,gem:13199000,deep_subduction
C200708041756A,2007-08-04T17:57:06,-68.55,-22.04,150.0,5.2,mw,120.0,34.0,-142.0,357.0,70.0,-62.0,20.0,66.0,26.0,166.0,56.0,303.0,-6.36e+16,6100000000000000.0,5.749999999999999e+16,-1.4099999999999998e+16,-7.52e+16,-5.23e+16,gcmt,gem:12796645,deep_subduction
C200708202101A,2007-08-20T21:01:36,-66.66,-19.82,270.3,5.4,mw,254.0,12.0,-30.0,13.0,84.0,-100.0,38.0,112.0,10.0,14.0,50.0,271.0,-2.96e+16,1.7499999999999998e+16,1.21e+16,-2.45e+16,-1.28e+17,2.49e+16,gcmt,gem:12809207,deep_subduction
C200708291618A,2007-08-29T16:18:14,-68.81,-21.09,146.5,5.5,mw,168.0,6.0,-70.0,328.0,85.0,-92.0,40.0,59.0,2.0,328.0,50.0,236.0,-6.750000000000001e+16,3.56e+16,3.19e+16,1.22e+17,-1.86e+17,2.09e+16,gcmt,gem:12815973,deep_subduction
C200710250835A,2007-10-25T08:35:22,-69.06,-20.69,125.8,5.6,mw,194.0,32.0,-32.0,312.0,73.0,-118.0,23.0,63.0,27.0,321.0,53.0,188.0,-1.5e+17,-5.530000000000001e+16,2.05e+17,2.01e+17,-1.18e+17,-8.43e+16,gcmt,gem:13249193,deep_subduction
200710270116A,2007-10-27T01:16:00,-69.21,-31.85,114.0,5.0,mw,299.0,51.0,-26.0,46.0,70.0,-138.0,12.0,168.0,44.0,66.0,43.0,270.0,-1.73,3.72,-1.99,-0.78,-2.34,0.78,gmt,us:C200710270116A;gem:13250332,deep_subduction
C200711180540A,2007-11-18T05:40:17,-66.48,-22.67,262.4,6.0,mw,179.0,15.0,-80.0,349.0,75.0,-93.0,30.0,81.0,3.0,350.0,60.0,255.0,-6.74e+17,2.7e+16,6.47e+17,2.44e+17,-1.14e+18,-6.2e+16,gcmt,gem:13268843,deep_subduction
C200711211255A,2007-11-21T12:55:08,-68.81,-25.02,127.3,5.8,mw,129.0,32.0,-126.0,350.0,65.0,-70.0,17.0,65.0,18.0,161.0,64.0,294.0,-4.3e+17,1.04e+17,3.26e+17,-4.02e+16,-3.57e+17,-2.26e+17,gcmt,gem:13271175,deep_subduction
C200711240502A,2007-11-24T05:02:10,-69.06,-23.73,109.3,5.6,mw,178.0,36.0,-64.0,327.0,58.0,-108.0,12.0,69.0,15.0,336.0,71.0,196.0,-2.34e+17,-3.66e+16,2.7000000000000003e+17,9.04e+16,-9.29e+16,-1.19e+17,gcmt,gem:13273050,deep_subduction
C200712251620A,2007-12-25T16:20:55,-69.42,-19.64,120.0,5.8,mw,198.0,20.0,-66.0,353.0,72.0,-98.0,26.0,89.0,8.0,355.0,63.0,250.0,-3.82e+17,-5.84e+16,4.41e+17,9.02e+16,-5.29e+17,3.61e+16,gcmt,gem:13297498,deep_subduction
C200712262340A,2007-12-26T23:40:59,-68.77,-22.19,121.3,5.5,mw,135.0,45.0,-111.0,344.0,48.0,-70.0,1.0,60.0,15.0,150.0,75.0,324.0,-1.92e+17,-3300000000000000.0,1.95e+17,-1.4399999999999998e+16,-2.31e+16,-1.77e+17,gcmt,gem:13298457,deep_subduction
C200801040126A,2008-01-04T01:26:37,-68.72,-21.66,143.7,5.5,mw,166.0,19.0,-125.0,23.0,75.0,-79.0,29.0,104.0,11.0,200.0,59.0,308.0,-5.04e+16,-8599999999999998.0,5.89e+16,-3.75e+16,-7.92e+16,6500000000000000.0,gcmt,gem:13327160,deep_subduction
B200801050729A,2008-01-05T07:29:35,-68.88,-22.87,117.3,5.7,mw,190.0,31.0,-47.0,322.0,68.0,-113.0,20.0,69.0,21.0,331.0,61.0,198.0,-2.78e+17,-6.4e+16,3.42e+17,2.16e+17,-2e+17,-1.17e+17,gcmt,gem:13328061,deep_subduction
C200802020022A,2008-02-02T00:22:13,-68.71,-22.12,131.4,5.3,mw,142.0,44.0,-98.0,333.0,46.0,-82.0,1.0,58.0,5.0,148.0,84.0,316.0,-7.36e+16,1.03e+16,6.33e+16,-2100000000000000.0,-5400000000000000.0,-5.629999999999999e+16,gcmt,gem:10525453,deep_subduction
C200802161445A,2008-02-16T14:45:15,-68.77,-21.58,135.3,6.1,mw,223.0,18.0,-54.0,6.0,76.0,-100.0,30.0,104.0,10.0,8.0,58.0,262.0,-7.86e+17,1.46e+17,6.4e+17,-4.1e+16,-1.39e+18,3.31e+17,gcmt,gem:12942278,deep_subduction
C200803072235A,2008-03-07T22:35:05,-70.55,-17.63,112.2,5.1,mw,146.0,33.0,-85.0,320.0,58.0,-93.0,13.0,53.0,3.0,322.0,77.0,220.0,-6.1e+16,1.8e+16,4.3e+16,2.14e+16,-2.4e+16,-4.37e+16,gcmt,gem:13483918,deep_subduction
C200803100943A,2008-03-10T09:43:01,-69.29,-28.34,89.5,5.6,mwc,3.0,33.0,-75.0,165.0,58.0,-100.0,13.0,262.0,8.0,170.0,75.0,48.0,-2.38e+17,-4300000000000000.0,2.43e+17,-5.32e+16,1.07e+17,-2.59e+16,us,neic:13485624;gem:13485624,deep_subduction
C200803242039A,2008-03-24T20:39:10,-69.42,-20.31,129.2,6.2,mw,198.0,22.0,-73.0,1.0,69.0,-97.0,24.0,96.0,6.0,3.0,65.0,260.0,-1.33e+18,-1.67e+17,1.49e+18,4.1e+16,-1.58e+18,2.56e+17,gcmt,gem:13495922,deep_subduction
C200805281735A,2008-05-28T17:35:32,-68.8,-21.79,142.6,5.2,mw,111.0,12.0,-168.0,10.0,88.0,-79.0,42.0,89.0,11.0,189.0,46.0,291.0,6500000000000000.0,-4.24e+16,3.59e+16,-1.22e+16,-1.27e+17,-1.34e+16,gcmt,gem:10969868,deep_subduction
C200807250748A,2008-07-25T07:48:15,-68.55,-22.44,137.4,5.0,mw,131.0,15.0,-107.0,328.0,76.0,-86.0,31.0,54.0,4.0,147.0,59.0,244.0,-3.08e+16,1.08e+16,1.99e+16,3.26e+16,-5.3e+16,-2.2e+16,gcmt,gem:13390043,deep_subduction
C200808010618A,2008-08-01T06:18:42,-66.92,-22.49,216.9,5.0,mw,111.0,21.0,-129.0,332.0,74.0,-76.0,27.0,51.0,13.0,148.0,59.0,261.0,-5.530000000000001e+16,2.55e+16,2.98e+16,4.85e+16,-9.02e+16,-5.92e+16,gcmt,gem:11154061,deep_subduction
11652986,2008-08-18T20:28:15,-68.536,-22.123,115.8,5.04,mw,119.0,30.0,-131.0,343.0,68.0,-69.0,43.13449850753741,58.627191301327,25.684712574612828,175.40925870460637,35.95136399684342,285.8231462298396,-2.32,-0.11,2.43,1.09,-2.74,-3.01,gem,,deep_subduction
C200808210932A,2008-08-21T09:33:00,-69.13,-25.29,118.0,5.4,mw,170.0,39.0,-89.0,348.0,51.0,-91.0,6.0,79.0,1.0,349.0,83.0,252.0,-9.18e+16,-1.78e+16,1.1000000000000002e+17,5500000000000000.0,-2.31e+16,-2.54e+16,gcmt,gem:11180596,deep_subduction
C200809111711A,2008-09-11T17:11:37,-69.46,-19.8,124.5,5.1,mw,176.0,28.0,-80.0,345.0,62.0,-95.0,17.0,79.0,5.0,348.0,72.0,242.0,-7.73e+16,-8599999999999998.0,8.59e+16,1.7599999999999998e+16,-5.38e+16,-1.6800000000000002e+16,gcmt,gem:11265506,deep_subduction
C200809152336A,2008-09-15T23:36:59,-67.22,-24.34,201.8,5.1,mw,182.0,28.0,-91.0,2.0,62.0,-90.0,17.0,92.0,0.0,182.0,73.0,273.0,-4.51e+16,-1.21e+16,5.72e+16,-1409999999999999.8,-3.4e+16,2440000000000000.0,gcmt,gem:11277584,deep_subduction
200810011703A,2008-10-01T17:03:00,-71.04,-35.03,119.0,5.2,mw,288.0,4.0,-10.0,28.0,89.0,-94.0,44.0,122.0,4.0,28.0,46.0,294.0,1030000000000000.0,870000000000000.0,-1900000000000000.0,-3.48e+16,-6.46e+16,7550000000000000.0,gmt,gcmt:C200810011703A;gcmt:C200810011703A;us:C200810011703A;gem:11322869,deep_subduction
C200810122055A,2008-10-12T20:55:44,-65.23,-20.3,361.5,6.2,mw,257.0,18.0,-2.0,349.0,89.0,-108.0,42.0,96.0,18.0,349.0,43.0,242.0,-2.1e+16,-3.3e+17,3.51e+17,3.85e+17,-2.13e+18,6.17e+17,gcmt,gem:11346104,deep_subduction
11370123,2008-10-27T19:08:16,-69.264,-27.188,108.5,5.11,mw,191.0,60.0,140.0,304.0,56.0,37.0,3.4503493053245764,335.58846477678026,52.99549801404958,241.00000000000003,36.78838391727524,68.17256435762363,3.46,1.68,-5.14,-1.62,-1.08,3.33,gem,,deep_subduction
C200812041647A,2008-12-04T16:47:15,-68.64,-21.62,128.7,5.5,mw,281.0,44.0,-46.0,47.0,60.0,-124.0,8.0,161.0,29.0,66.0,59.0,265.0,-1.82e+17,2.07e+17,-2.52e+16,-1.86e+16,-1.3500000000000002e+17,6.870000000000001e+16,gcmt,gem:11492047,deep_subduction
200812201707A,2008-12-20T17:07:00,-68.14,-31.72,123.0,5.2,mw,66.0,46.0,-52.0,198.0,56.0,-122.0,5.0,310.0,26.0,217.0,63.0,51.0,-6.909999999999999e+16,2.71e+16,4.2e+16,-1.31e+16,3.11e+16,5.759999999999999e+16,gmt,gcmt:C200812201707A;gcmt:C200812201707A;us:C200812201707A;gem:11527749,deep_subduction
11517264,2008-12-21T06:48:18,-68.164,-22.875,142.1,5.2,mw,193.0,11.0,-51.0,333.0,81.0,-97.0,44.68005523536651,69.57963187963657,7.210595906632267,332.3924005752144,44.41723479282158,235.271154628558,-2.31,-0.43,2.74,3.52,-6.71,-0.46,gem,,deep_subduction
11517528,2008-12-22T13:52:41,-69.091,-17.668,151.7,5.02,mw,213.0,55.0,-46.0,333.0,54.0,-135.0,39.43018783697522,93.57868611416887,50.54768218833095,271.30548147415243,1.115489439738425,2.661272948933856,-2.86,-1.4,4.27,1.99,-0.05,0.29,gem,,deep_subduction
200901231256A,2009-01-23T12:56:00,-71.22,-36.64,122.0,5.2,mw,253.0,56.0,-16.0,352.0,77.0,-145.0,13.0,119.0,53.0,10.0,33.0,218.0,-1.52,-1.56,3.08,2.43,-3.69,5.44,gmt,us:C200901231256A;gem:11616520,deep_subduction
C200901241930A,2009-01-24T19:30:26,-67.81,-18.92,200.0,5.1,mw,174.0,59.0,173.0,268.0,84.0,31.0,26.0,135.0,58.0,277.0,17.0,37.0,1.08e+16,-1.47e+16,3920000000000000.0,-3.13e+16,-1810000000000000.0,5.4e+16,gcmt,gem:11617212,deep_subduction
C200901311629A,2009-01-31T16:29:40,-69.54,-19.57,123.2,5.4,mw,124.0,31.0,-148.0,6.0,75.0,-63.0,25.0,76.0,26.0,179.0,53.0,308.0,-7.87e+16,-4.95e+16,1.28e+17,-1.3700000000000002e+16,-1.44e+17,-7.24e+16,gcmt,gem:11657514,deep_subduction
11883156,2009-03-15T13:50:38,-65.428,-30.999,178.7,5.15,mw,149.0,40.0,-69.0,303.0,53.0,-107.0,44.20790654648652,44.21650152049631,35.84903021522688,269.5629446485737,24.41369677050085,160.41794853752253,-5.93,2.89,3.04,2.06,-0.18,-3.83,gem,,deep_subduction
C200903271726A,2009-03-27T17:26:46,-69.7,-19.27,132.5,5.4,mw,179.0,13.0,-90.0,359.0,77.0,-90.0,32.0,89.0,0.0,359.0,58.0,269.0,-6.28e+16,-1.56e+16,7.84e+16,2600000000000000.0,-1.43e+17,-1700000000000000.0,gcmt,gem:12062614,deep_subduction
C200904031754A,2009-04-03T17:54:53,-66.71,-28.09,180.4,5.7,mw,183.0,43.0,-31.0,297.0,69.0,-129.0,15.0,54.0,36.0,313.0,50.0,163.0,-2.23e+17,-2.46e+16,2.48e+17,2.56e+17,-4.14e+16,-2.53e+17,gcmt,neic:12086165;gem:12086165,deep_subduction
12610218,2009-04-18T15:29:19,-68.407,-23.301,112.0,5.15,mw,182.0,54.0,-27.0,288.0,69.0,-141.0,34.36037140367323,52.36925523899538,53.05105489004805,257.00405276926057,11.937112066584016,150.67992825086787,-3.4,0.07,3.33,2.43,-0.4,-5.4,gem,,deep_subduction
200904260803A,2009-04-26T08:03:00,-69.49,-32.89,141.0,5.3,mw,145.0,49.0,169.0,242.0,82.0,42.0,34.0,112.0,48.0,251.0,22.0,7.0,2.21e+16,-9.56e+16,7.34e+16,-6.57e+16,-5.3e+16,4.41e+16,gmt,gcmt:C200904260803A;gcmt:C200904260803A;us:C200904260803A;gem:12697300,deep_subduction
200905081344A,2009-05-08T13:44:00,-69.68,-32.02,110.0,5.4,mw,185.0,48.0,-121.0,47.0,50.0,-60.0,1.0,116.0,22.0,206.0,68.0,24.0,-1.1499999999999998e+17,1700000000000000.0,1.1299999999999998e+17,-3.86e+16,1.47e+16,7.029999999999999e+16,gmt,gcmt:C200905081344A;gcmt:C200905081344A;us:C200905081344A;neic:12784565;gem:12784565,deep_subduction
C200905120103A,2009-05-12T01:04:05,-67.01,-22.36,192.8,5.2,mw,218.0,10.0,-53.0,0.0,82.0,-96.0,37.0,96.0,6.0,1.0,52.0,264.0,-2.28e+16,7450000000000000.0,1.54e+16,1570000000000000.0,-6.94e+16,7210000000000000.0,gcmt,gem:12818712,deep_subduction
C200905120507A,2009-05-12T05:07:11,-69.32,-20.14,120.7,5.1,mw,153.0,18.0,-75.0,317.0,73.0,-95.0,28.0,51.0,4.0,319.0,62.0,220.0,-2.77e+16,8270000000000000.0,1.95e+16,2.9900000000000004e+16,-3.11e+16,-1.77e+16,gcmt,gem:12818722,deep_subduction
C200905272322A,2009-05-27T23:22:30,-68.07,-23.8,150.4,5.2,mw,160.0,27.0,-80.0,329.0,63.0,-95.0,18.0,63.0,5.0,331.0,71.0,228.0,-5.34e+16,-570000000000000.0,5.39e+16,2.44e+16,-3.89e+16,-3.53e+16,gcmt,gem:12866343,deep_subduction
C200906191036A,2009-06-19T10:36:29,-69.08,-21.07,127.5,5.3,mw,321.0,37.0,-91.0,143.0,53.0,-89.0,8.0,232.0,1.0,322.0,82.0,57.0,-6.790000000000001e+16,2.14e+16,4.66e+16,-1.34e+16,1.82e+16,-5.17e+16,gcmt,gem:13197432,deep_subduction
C200907141838A,2009-07-14T18:38:15,-67.32,-21.97,196.7,5.7,mw,280.0,8.0,-11.0,20.0,88.0,-98.0,43.0,118.0,8.0,21.0,46.0,282.0,-2.36e+16,4.28e+16,-1.92e+16,-1.45e+17,-3.96e+17,4.95e+16,gcmt,gem:13383740,deep_subduction
C200907250417A,2009-07-25T04:17:18,-66.97,-24.16,211.6,5.1,mw,200.0,18.0,-75.0,4.0,73.0,-95.0,28.0,98.0,5.0,6.0,62.0,267.0,-4.83e+16,8210000000000000.0,4.01e+16,-1820000000000000.0,-6.56e+16,8490000000000000.0,gcmt,gem:13531142,deep_subduction
C200907271058A,2009-07-27T10:58:23,-66.93,-24.1,222.7,5.1,mw,226.0,40.0,-56.0,5.0,58.0,-115.0,10.0,112.0,21.0,18.0,67.0,226.0,-1.25e+17,2.01e+16,1.05e+17,3.55e+16,-6.27e+16,5.480000000000001e+16,gcmt,gem:13531686,deep_subduction
C200908121800A,2009-08-12T18:00:55,-66.71,-28.1,177.9,5.5,mw,297.0,45.0,-126.0,162.0,55.0,-60.0,6.0,232.0,24.0,324.0,65.0,129.0,-1.41e+17,5.17e+16,8.92e+16,2.7300000000000004e+16,6.28e+16,-1.07e+17,gcmt,gem:13566201,deep_subduction
13931198,2009-11-11T09:58:38,-69.339,-19.695,126.8,4.98,mw,9.0,66.0,-44.0,121.0,51.0,-148.0,36.72610366060443,247.97686998637812,50.11166562211439,41.18860005880282,13.394620932684555,147.74287040022244,-2.05,-0.98,3.04,-0.81,-1.39,-2.2,gem,,deep_subduction
C200911141944A,2009-11-14T19:44:33,-66.83,-23.04,221.2,6.2,mw,180.0,11.0,-79.0,350.0,79.0,-92.0,34.0,81.0,2.0,350.0,56.0,257.0,-6.61e+17,-2.67e+17,9.28e+17,3.7e+17,-2.02e+18,-1.4199999999999998e+17,gcmt,gem:13936810,deep_subduction
C200911291705A,2009-11-29T17:05:34,-66.07,-22.1,272.7,5.4,mw,67.0,12.0,164.0,173.0,87.0,78.0,47.0,71.0,12.0,174.0,40.0,274.0,2.4e+16,3400000000000000.0,-2.7400000000000004e+16,2.52e+16,-1.76e+17,-3.53e+16,gcmt,gem:13974652,deep_subduction
201001181228A,2010-01-18T12:28:00,-68.97,-31.48,116.0,5.4,mw,231.0,37.0,-97.0,60.0,54.0,-85.0,8.0,147.0,4.0,237.0,80.0,354.0,-1.3899999999999998e+17,9.78e+16,4.1e+16,-4.21e+16,-1.5e+16,7.08e+16,gmt,gcmt:C201001181228A;gcmt:C201001181228A;us:C201001181228A;neic:14238697;gem:14238697,deep_subduction
C201001280804A,2010-01-28T08:04:16,-66.96,-23.64,204.5,5.9,mw,202.0,24.0,-35.0,325.0,76.0,-110.0,29.0,71.0,19.0,330.0,54.0,210.0,-3.31e+17,-1.94e+17,5.25e+17,4.24e+17,-5.63e+17,-1.32e+17,gcmt,gem:14328970,deep_subduction
14264743,2010-01-29T14:24:37,-66.839,-24.037,207.2,5.04,mw,175.0,33.0,-90.0,355.0,57.0,-90.0,45.00000000000001,85.0,1.6697912077683464e-14,175.0,45.00000000000001,265.0,-4.06,-0.18,4.24,0.17,-1.88,-0.4,gem,,deep_subduction
C201002071709A,2010-02-07T17:09:50,-66.6,-23.36,230.9,5.6,mw,128.0,17.0,-137.0,356.0,79.0,-78.0,33.0,76.0,12.0,173.0,55.0,281.0,-1.1299999999999998e+17,-3.04e+16,1.44e+17,2.22e+16,-3.19e+17,-9.08e+16,gcmt,gem:17273216,deep_subduction
201002121203A,2010-02-12T12:03:00,-69.02,-33.63,174.0,5.8,mw,69.0,57.0,-156.0,325.0,70.0,-35.0,8.0,19.0,50.0,119.0,39.0,283.0,-2.4e+17,5.7300000000000006e+17,-3.33e+17,1000000000000000.0,-3.98e+17,-2.93e+17,gmt,gcmt:C201002121203A;gcmt:C201002121203A;us:C201002121203A;neic:14542435;gem:14542435,deep_subduction
C201002182056A,2010-02-18T20:56:38,-68.39,-23.2,130.7,5.0,mw,179.0,42.0,-36.0,297.0,67.0,-126.0,14.0,53.0,33.0,314.0,53.0,163.0,-5.34e+16,1600000000000000.0,5.18e+16,5.19e+16,-7199999999999999.0,-5.4e+16,gcmt,gem:14318174,deep_subduction
C201003042239A,2010-03-04T22:39:29,-68.69,-22.36,118.7,6.4,mw,155.0,26.0,-115.0,2.0,67.0,-78.0,21.0,84.0,11.0,178.0,66.0,293.0,-2.3e+18,-8.32e+17,3.13e+18,-1.79e+17,-2.55e+18,-6.35e+17,gcmt,gem:14367050,deep_subduction
14414551,2010-03-18T19:49:35,-68.33,-21.717,133.3,5.03,mw,189.0,83.0,99.0,315.0,11.0,37.0,44.09235783672034,289.1684995371922,9.201102167761253,190.13964140804168,44.4425128376442,90.99876560563672,1.34,-0.42,-0.91,-0.92,-4.22,0.64,gem,,deep_subduction
C201004052236A,2010-04-05T22:37:01,-69.32,-20.07,124.5,5.8,mw,183.0,15.0,-58.0,330.0,77.0,-98.0,32.0,67.0,8.0,332.0,57.0,230.0,-2.54e+17,-4600000000000000.0,2.59e+17,2.79e+17,-4.53e+17,-6.46e+16,gcmt,gem:14591168,deep_subduction
C201004092223A,2010-04-09T22:23:02,-68.12,-28.56,115.4,5.7,mwc,314.0,47.0,-117.0,170.0,49.0,-64.0,1.0,242.0,19.0,333.0,71.0,149.0,-4.57e+17,5.41e+16,4.03e+17,1.25e+17,8.65e+16,-2.58e+17,us,neic:14630539;gem:14630539,deep_subduction
14629899,2010-05-01T21:01:34,-68.608,-21.114,111.5,4.98,mw,227.0,37.0,-38.0,349.0,69.0,-121.0,40.93887062411707,101.22238635386536,36.0384058854336,332.0908450011732,28.28312355595117,219.0443385536604,-2.16,-0.62,2.77,1.1,-2.16,1.21,gem,,deep_subduction
C201005041612A,2010-05-04T16:13:01,-68.66,-22.11,134.9,5.4,mw,219.0,24.0,-46.0,353.0,73.0,-108.0,26.0,96.0,17.0,358.0,59.0,238.0,-7.019999999999999e+16,-7900000000000000.0,7.82e+16,2.5e+16,-9.92e+16,2.7e+16,gcmt,gem:14668355,deep_subduction
C201006261901A,2010-06-26T19:01:21,-69.63,-19.03,122.9,5.4,mw,154.0,27.0,-101.0,347.0,64.0,-84.0,19.0,73.0,5.0,164.0,71.0,269.0,-1.1200000000000002e+17,-1.5e+16,1.27e+17,1.99e+16,-9.69e+16,-5.39e+16,gcmt,gem:14788244,deep_subduction
C201007120011A,2010-07-12T00:11:26,-68.61,-22.4,134.7,6.3,mw,167.0,40.0,-73.0,325.0,52.0,-104.0,6.0,65.0,11.0,334.0,77.0,183.0,-2.48e+18,2.32e+17,2.2400000000000005e+18,6.63e+17,-3.15e+17,-1.11e+18,gcmt,gem:600992789,deep_subduction
C201007160225A,2010-07-16T02:25:30,-68.72,-21.54,140.1,5.0,mw,245.0,27.0,-35.0,7.0,75.0,-113.0,26.0,115.0,22.0,13.0,54.0,249.0,-2.48e+16,4910000000000000.0,1.99e+16,-70000000000000.0,-4.31e+16,2.26e+16,gcmt,gem:14992676,deep_subduction
C201007261731A,2010-07-26T17:31:34,-67.28,-24.26,202.2,5.6,mw,186.0,21.0,-71.0,346.0,70.0,-97.0,25.0,82.0,7.0,348.0,64.0,245.0,-1.46e+17,-1.63e+16,1.62e+17,5.21e+16,-1.78e+17,-1.47e+16,gcmt,gem:15010186,deep_subduction
C201008040424A,2010-08-04T04:24:43,-67.0,-24.01,212.9,5.2,mw,142.0,23.0,-133.0,7.0,73.0,-74.0,26.0,84.0,16.0,182.0,59.0,299.0,-2.78e+16,-5830000000000000.0,3.36e+16,-8390000000000000.0,-4.269999999999999e+16,-1.06e+16,gcmt,gem:15065196,deep_subduction
15120651,2010-08-25T02:35:02,-68.627,-21.098,112.1,5.14,mw,199.0,46.0,-23.0,306.0,74.0,-134.0,35.80993378077768,66.10528493150667,45.99349120455088,287.7783223489174,21.999478595855496,173.05257192100078,-2.63,-2.39,5.02,3.31,-1.68,-2.94,gem,,deep_subduction
15162901,2010-09-05T16:06:36,-67.649,-19.163,190.3,5.18,mw,261.0,74.0,-8.0,353.0,83.0,-164.0,16.223439821898065,126.26935857106076,72.65100299697913,327.6163804205769,5.982455751828286,218.0167013969272,-1.06,-1.51,2.57,0.89,-1.79,6.73,gem,,deep_subduction
201009131644A,2010-09-13T16:44:00,-70.46,-31.82,126.0,5.1,mw,260.0,68.0,15.0,165.0,76.0,158.0,26.0,121.0,64.0,314.0,5.0,214.0,1.04e+16,-2.59e+16,1.55e+16,-6760000000000000.0,-2.05e+16,4.49e+16,gmt,gcmt:C201009131644A;gcmt:C201009131644A;us:C201009131644A;gem:15188703,deep_subduction
C201009170325A,2010-09-17T03:25:37,-67.42,-21.89,199.4,5.4,mw,277.0,8.0,-12.0,18.0,88.0,-98.0,43.0,116.0,8.0,18.0,46.0,280.0,-1.15e+16,1.92e+16,-7640000000000000.0,-2.55e+16,-8.78e+16,5740000000000000.0,gcmt,gem:15193887,deep_subduction
15198309,2010-09-20T03:25:30,-66.638,-27.999,170.7,5.13,mw,86.0,51.0,171.0,182.0,83.0,40.0,22.961820211956823,51.504760780252695,50.96168454459278,173.00465844749397,29.635207675057224,307.55723671488425,-0.44,-0.76,1.2,3.17,-4.37,-4.33,gem,,deep_subduction
C201009261016A,2010-09-26T10:16:26,-68.4,-21.26,97.7,5.1,mw,121.0,47.0,-128.0,350.0,55.0,-57.0,5.0,57.0,27.0,150.0,63.0,318.0,-2.97e+16,1880000000000000.0,2.78e+16,-3540000000000000.0,-9860000000000000.0,-3.01e+16,gcmt,gem:15211720,deep_subduction
C201010221931A,2010-10-22T19:31:41,-68.79,-21.07,142.6,5.8,mw,89.0,20.0,-141.0,322.0,78.0,-74.0,31.0,39.0,16.0,138.0,55.0,252.0,-3.37e+17,3.2e+17,1.65e+16,2.52e+17,-5.12e+17,-2.4e+16,gcmt,gem:15263328,deep_subduction
C201011061215A,2010-11-06T12:15:47,-69.75,-19.17,127.6,5.2,mw,263.0,32.0,-6.0,358.0,87.0,-122.0,34.0,115.0,32.0,360.0,39.0,238.0,-3240000000000000.0,-2100000000000000.0,5340000000000000.0,1540000000000000.0,-2.97e+16,1.87e+16,gcmt,gem:15561631,deep_subduction
15652325,2010-11-14T22:59:54,-66.731,-22.677,236.8,5.07,mw,1.0,90.0,-89.0,109.0,1.0,-161.0,44.99127423966527,270.0001522739227,1.0000000000000056,1.0,44.99127423966527,91.99984772607728,-0.82,1.53,-0.7,-0.11,-5.0,-0.11,gem,,deep_subduction
C201011291958A,2010-11-29T19:57:59,-67.03,-24.11,209.9,5.0,mw,215.0,21.0,-61.0,3.0,72.0,-101.0,26.0,102.0,10.0,7.0,62.0,257.0,-4.15e+16,-180000000000000.0,4.17e+16,170000000000000.0,-5.78e+16,1.56e+16,gcmt,gem:15678107,deep_subduction
15954754,2010-12-15T18:22:23,-69.175,-17.799,142.8,5.07,mw,8.0,71.0,-160.0,271.0,71.0,-20.0,24.64947730363203,319.6412038911876,65.35029484603787,139.37875486512962,0.0994848120049,229.5955521791805,-0.93,1.23,-0.29,1.43,-1.7,4.38,gem,,deep_subduction
pde20110104225910000_110,2011-01-04T22:59:14,-69.91,-29.28,130.2,5.3,mwc,7.0,35.0,127.0,144.0,62.0,67.0,65.0,13.0,20.0,155.0,14.0,251.0,8.95e+16,-1100000000000000.0,-8.84e+16,5.77e+16,-3.23e+16,2.07e+16,us,gcmt:C201101042259A;gcmt:C201101042259A;sja:15905612;gem:15905612,deep_subduction
C201102081303A,2011-02-08T13:03:34,-69.96,-27.82,109.3,5.4,mw,296.0,47.0,-169.0,199.0,82.0,-44.0,23.0,255.0,45.0,10.0,36.0,147.0,-3.11e+16,-6.19e+16,9.3e+16,3.6e+16,8.85e+16,-7.21e+16,gcmt,neic:16328776;gem:16328776,deep_subduction
C201102142156A,2011-02-14T21:56:52,-69.2,-20.13,124.1,5.2,mw,244.0,57.0,-28.0,350.0,67.0,-144.0,6.0,115.0,48.0,19.0,41.0,210.0,-3.33e+16,-2.01e+16,5.34e+16,4.47e+16,-3.4000000000000004e+16,5.29e+16,gcmt,gem:16024887,deep_subduction
C201102282045A,2011-02-28T20:45:45,-69.44,-20.52,125.6,5.2,mw,201.0,15.0,-61.0,351.0,77.0,-97.0,32.0,87.0,7.0,352.0,57.0,251.0,-3.97e+16,-1.1e+16,5.07e+16,1.58e+16,-8.99e+16,3400000000000000.0,gcmt,gem:16166883,deep_subduction
16196152,2011-03-05T09:38:49,-69.165,-20.238,95.8,5.06,mw,145.0,35.0,-108.0,347.0,57.0,-78.0,44.52472110469736,67.8686803686565,23.26914360155377,182.8899032971899,36.405018581531536,291.3777456354344,-3.5,-0.75,4.25,0.32,-1.79,-2.53,gem,,deep_subduction
C201103061231A,2011-03-06T12:32:02,-69.73,-18.28,126.3,6.3,mw,210.0,26.0,-37.0,335.0,75.0,-111.0,27.0,81.0,20.0,340.0,55.0,218.0,-1.44e+18,-5.8e+17,2.02e+18,1.3e+18,-2.12e+18,9.8e+16,gcmt,gem:16196722,deep_subduction
C201103091324A,2011-03-09T13:24:10,-69.29,-27.53,114.8,5.0,mw,15.0,30.0,-65.0,166.0,63.0,-104.0,17.0,266.0,12.0,172.0,69.0,49.0,-5.34e+16,-3920000000000000.0,5.730000000000001e+16,-1.67e+16,3.69e+16,320000000000000.0,gcmt,gem:16295222,deep_subduction
C201103190835A,2011-03-19T08:35:03,-68.83,-22.0,131.2,5.2,mw,173.0,28.0,-85.0,347.0,62.0,-93.0,17.0,79.0,3.0,348.0,73.0,250.0,-8.53e+16,-9200000000000000.0,9.46e+16,1.61e+16,-5.96e+16,-2.03e+16,gcmt,gem:16338043,deep_subduction
C201104021059A,2011-04-02T10:59:42,-69.51,-19.75,117.8,5.9,mw,230.0,24.0,-35.0,352.0,76.0,-110.0,29.0,98.0,20.0,357.0,54.0,237.0,-3.32e+17,-5.95e+16,3.91e+17,1.59e+17,-6.27e+17,2.04e+17,gcmt,gem:602546014,deep_subduction
16587483,2011-04-12T21:44:40,-66.712,-23.872,210.0,5.14,mw,10.0,75.0,-57.0,122.0,36.0,-154.0,39.37782869561581,255.27903423439344,35.4148092725031,20.983472809536124,30.767295562209,136.0279834343205,-2.54,-1.49,4.03,-1.2,-4.29,-2.6,gem,,deep_subduction
16500448,2011-05-08T20:46:17,-66.407,-23.196,223.8,5.07,mw,177.0,88.0,133.0,269.0,43.0,3.0,30.345172134748253,302.00352835897263,43.03708720249704,178.8685420218917,31.884041479219054,53.35942638536813,0.16,-0.48,0.32,-0.19,-3.66,3.37,gem,,deep_subduction
C201106080306A,2011-06-08T03:06:24,-69.84,-17.37,150.4,5.9,mw,208.0,32.0,-27.0,321.0,76.0,-119.0,25.0,73.0,28.0,329.0,50.0,198.0,-4.03e+17,-3.18e+17,7.22e+17,5.6200000000000006e+17,-5.4500000000000006e+17,-1.24e+17,gcmt,gem:16575907,deep_subduction
C201106201635A,2011-06-20T16:36:06,-68.63,-21.89,131.4,6.5,mw,261.0,11.0,-9.0,360.0,88.0,-101.0,42.0,100.0,11.0,0.0,46.0,258.0,-3e+17,-3.55e+17,6.55e+17,-2e+16,-7.58e+18,1.5e+18,gcmt,gem:16638810,deep_subduction
C201106221357A,2011-06-22T13:57:36,-66.82,-28.24,174.4,5.3,mw,196.0,44.0,17.0,94.0,78.0,133.0,40.0,43.0,42.0,263.0,21.0,152.0,3.11e+16,-3.65e+16,5400000000000000.0,7.89e+16,-3.27e+16,-7.44e+16,gcmt,gem:16644203,deep_subduction
16949484,2011-07-05T10:30:18,-68.459,-19.598,143.0,4.97,mw,241.0,70.0,-13.0,336.0,78.0,-160.0,21.45466254329866,107.2159595488572,67.71860043733959,303.6569542649017,5.732012817769779,199.4767537039401,-0.71,-2.25,2.96,0.93,-0.7,1.93,gem,,deep_subduction
C201107151455A,2011-07-15T14:55:38,-68.89,-21.2,111.9,5.2,mw,334.0,42.0,-99.0,166.0,49.0,-82.0,4.0,250.0,6.0,340.0,83.0,128.0,-1.42e+17,1.33e+16,1.29e+17,6900000000000001.0,2.26e+16,-4.95e+16,gcmt,gem:16844774,deep_subduction
pde20110723025651350_103,2011-07-23T02:56:55,-70.05,-29.41,127.3,5.5,mwb,189.0,40.0,68.0,36.0,53.0,107.0,75.0,360.0,14.0,205.0,6.0,114.0,1.75e+17,-1.6e+16,-1.59e+17,5.6e+16,2e+16,-7.1e+16,us,gcmt:C201107230256A;gcmt:C201107230256A;neic:16884001;gem:16884001,deep_subduction
C201107311736A,2011-07-31T17:36:34,-66.74,-28.12,181.2,5.3,mw,188.0,47.0,-25.0,296.0,72.0,-134.0,15.0,57.0,41.0,312.0,45.0,162.0,-7.39e+16,-2.96e+16,1.04e+17,1.02e+17,-1.59e+16,-1.03e+17,gcmt,gem:16918148,deep_subduction
C201109090233A,2011-09-09T02:33:58,-68.93,-22.57,122.9,5.3,mw,209.0,50.0,-40.0,328.0,60.0,-132.0,6.0,86.0,36.0,352.0,54.0,184.0,-9.48e+16,-5.42e+16,1.49e+17,6.66e+16,-2.2e+16,-7099999999999999.0,gcmt,gem:17217001,deep_subduction
17324844,2011-10-03T17:35:53,-69.189,-20.139,101.7,5.04,mw,155.0,19.0,-95.0,341.0,71.0,-88.0,44.98570288733128,68.93361125122806,2.058815132927853,160.99272850178943,44.940349288284175,253.048587059256,-2.37,-0.32,2.68,1.16,-3.34,-1.39,gem,,deep_subduction
17332890,2011-10-06T17:05:29,-66.475,-23.069,218.3,5.25,mw,249.0,7.0,-1.0,340.0,90.0,-97.0,44.57642012279422,76.92537306912334,6.9989912264579885,339.97758687816304,44.572827882421976,243.0306762261204,0.72,-2.09,1.36,2.87,-8.74,0.11,gem,,deep_subduction
17349018,2011-10-18T01:39:35,-66.746,-23.202,214.2,5.08,mw,142.0,23.0,-114.0,348.0,69.0,-80.0,44.56335312399582,70.27508721917786,12.17172859350456,172.53979277306598,42.88765812618435,274.09699033951745,-3.22,0.25,2.97,0.55,-3.7,-1.53,gem,,deep_subduction
C201110202326A,2011-10-20T23:26:48,-66.51,-22.97,245.2,5.1,mw,116.0,19.0,-157.0,4.0,83.0,-73.0,36.0,79.0,17.0,182.0,49.0,293.0,-9510000000000000.0,-1.75e+16,2.7e+16,30000000000000.0,-6.15e+16,-1.76e+16,gcmt,gem:17389917,deep_subduction
C201110221007A,2011-10-22T10:07:48,-69.75,-18.1,152.2,5.0,mw,234.0,9.0,-31.0,355.0,85.0,-98.0,40.0,92.0,8.0,356.0,49.0,257.0,-9040000000000000.0,-1190000000000000.0,1.02e+16,5540000000000000.0,-5.6e+16,6630000000000000.0,gcmt,gem:17393567,deep_subduction
600094070,2011-10-22T11:02:56,-68.769,-20.088,117.3,5.1,mw,145.0,25.0,-101.0,337.0,66.0,-85.0,44.893668689798055,63.27301470408838,7.026571937303864,160.32666658063238,44.24883994858857,257.2225308880923,-3.88,0.53,3.35,1.31,-3.42,-2.14,gem,,deep_subduction
C201111031140A,2011-11-03T11:40:12,-69.22,-24.08,113.1,5.1,mw,178.0,42.0,-53.0,312.0,58.0,-118.0,9.0,62.0,24.0,328.0,65.0,171.0,-6.42e+16,-1.66e+16,8.09e+16,2.09e+16,-2.09e+16,-6.919999999999999e+16,gcmt,gem:17495314,deep_subduction
C201111230143A,2011-11-23T01:43:51,-68.29,-22.83,160.1,5.1,mw,133.0,29.0,-124.0,351.0,67.0,-73.0,20.0,68.0,16.0,164.0,64.0,289.0,-4.08e+16,2930000000000000.0,3.79e+16,1140000000000000.0,-4.07e+16,-2.41e+16,gcmt,gem:17558606,deep_subduction
C201201280851A,2012-01-28T08:51:43,-66.6,-21.53,251.6,5.1,mw,111.0,36.0,-125.0,332.0,62.0,-67.0,14.0,46.0,20.0,141.0,66.0,284.0,-8.72e+16,4.96e+16,3.76e+16,9600000000000000.0,-5.96e+16,-6.15e+16,gcmt,gem:600268297,deep_subduction
C201203100226A,2012-03-10T02:27:01,-69.36,-19.76,127.8,5.3,mw,179.0,19.0,-91.0,1.0,71.0,-89.0,26.0,90.0,0.0,180.0,64.0,271.0,-3.85e+16,-5160000000000000.0,4.37e+16,-660000000000000.0,-5.32e+16,-100000000000000.0,gcmt,gem:600772048,deep_subduction
C201204030725A,2012-04-03T07:25:10,-69.22,-19.64,139.3,5.5,mw,110.0,12.0,-130.0,331.0,81.0,-82.0,35.0,54.0,8.0,149.0,54.0,250.0,-1.1299999999999998e+16,7070000000000000.0,4210000000000000.0,1.54e+16,-2.92e+16,-6840000000000001.0,gcmt,gem:600847142,deep_subduction
C201205141000A,2012-05-14T10:00:43,-69.94,-18.0,119.2,6.2,mw,203.0,25.0,-25.0,315.0,80.0,-113.0,31.0,64.0,22.0,320.0,50.0,200.0,-8.56e+17,-7.98e+17,1.65e+18,1.85e+18,-1.92e+18,-7.6e+17,gcmt,gem:601012000,deep_subduction
201205241918A,2012-05-24T19:18:00,-70.84,-37.11,163.0,5.4,mw,123.0,17.0,-146.0,360.0,81.0,-76.0,37.0,73.0,19.0,178.0,47.0,289.0,-2.8e+16,1000000000000000.0,2.7e+16,-5000000000000000.0,-1.65e+17,-5.7e+16,gmt,gcmt:C201205241918A;gcmt:C201205241918A;us:pde20120524191854970_150;neic:601033403;gem:601033403,deep_subduction
C201206031139A,2012-06-03T11:39:29,-68.42,-21.41,141.5,5.0,mw,152.0,28.0,-94.0,336.0,63.0,-88.0,17.0,65.0,2.0,155.0,72.0,251.0,-5.67e+16,5649999999999999.0,5.11e+16,1.64e+16,-3.94e+16,-2.89e+16,gcmt,gem:601095937,deep_subduction
C201206241025A,2012-06-24T10:26:00,-66.94,-22.52,219.8,5.4,mw,125.0,24.0,-118.0,335.0,69.0,-78.0,23.0,56.0,11.0,151.0,64.0,264.0,-1.03e+17,4.31e+16,6.02e+16,3.76e+16,-1.08e+17,-5.570000000000001e+16,gcmt,gem:601191896,deep_subduction
601218147,2012-07-01T00:44:31,-68.361,-22.485,111.4,5.02,mw,136.0,7.0,-106.0,332.0,83.0,-88.0,44.97377272587565,60.36883521201287,1.9793120629628136,152.34751633808992,44.957878101434815,244.3250995058781,-0.99,0.36,0.62,1.84,-3.54,-0.44,gem,,deep_subduction
601467953,2012-07-25T06:01:14,-66.693,-28.036,167.6,5.13,mw,185.0,45.0,-41.0,307.0,62.0,-127.0,40.04879647498167,62.19845244766509,44.99999999999999,275.0,17.051574802635113,167.13861328941243,-3.99,-0.58,4.58,3.1,-0.44,-2.98,gem,,deep_subduction
C201208041905A,2012-08-04T19:05:42,-69.51,-31.93,117.5,5.2,mw,171.0,65.0,-175.0,79.0,86.0,-25.0,14.0,128.0,65.0,250.0,20.0,32.0,-1.06e+16,-3200000000000000.0,1.3799999999999998e+16,-1.08e+16,-6940000000000000.0,2.76e+16,gcmt,,deep_subduction
C201209070237A,2012-09-07T02:37:06,-68.66,-22.43,134.8,5.1,mw,121.0,24.0,-123.0,336.0,70.0,-77.0,24.0,56.0,13.0,151.0,63.0,267.0,-2.78e+16,1.1299999999999998e+16,1.65e+16,1.1e+16,-3.2400000000000004e+16,-1.79e+16,gcmt,gem:601687282,deep_subduction
201209110635A,2012-09-11T06:35:00,-68.39,-31.92,127.0,5.0,mw,20.0,35.0,-77.0,184.0,56.0,-99.0,11.0,280.0,8.0,189.0,77.0,64.0,-3.56e+16,3550000000000000.0,3.21e+16,-2920000000000000.0,1.43e+16,6500000000000000.0,gmt,gcmt:C201209110635A;gcmt:C201209110635A;gem:601703111,deep_subduction
C201209211217A,2012-09-21T12:17:29,-69.53,-19.72,124.7,5.4,mw,184.0,5.0,-66.0,339.0,85.0,-92.0,40.0,71.0,2.0,339.0,50.0,247.0,-2.02e+16,-3700000000000000.0,2.39e+16,4.74e+16,-1.24e+17,-5500000000000000.0,gcmt,gem:601735816,deep_subduction
C201209261745A,2012-09-26T17:45:02,-68.71,-22.35,129.9,5.1,mw,151.0,35.0,-107.0,351.0,57.0,-78.0,11.0,73.0,10.0,165.0,75.0,296.0,-6.13e+16,390000000000000.0,6.1e+16,-2500000000000000.0,-2.8e+16,-2.29e+16,gcmt,gem:601741012,deep_subduction
C201209291748A,2012-09-29T17:49:03,-69.86,-17.64,145.8,5.2,mw,252.0,40.0,-3.0,344.0,88.0,-130.0,31.0,106.0,40.0,345.0,34.0,220.0,-3700000000000000.0,-3.4300000000000004e+16,3.8e+16,3.57e+16,-7.87e+16,6.25e+16,gcmt,gem:601767300,deep_subduction
C201210080150A,2012-10-08T01:50:29,-68.46,-21.83,131.2,5.8,mw,158.0,35.0,-114.0,7.0,59.0,-74.0,12.0,85.0,14.0,178.0,71.0,315.0,-4.52e+17,-8.33e+16,5.35e+17,-8.7e+16,-2.36e+17,-7.54e+16,gcmt,gem:601794915,deep_subduction
201210111722A,2012-10-11T17:22:00,-70.57,-32.86,107.0,5.6,mw,170.0,84.0,-174.0,80.0,84.0,-6.0,3.0,295.0,82.0,179.0,6.0,26.0,5000000000000000.0,-1.51e+17,1.46e+17,-2.1e+16,2.6e+16,1.93e+17,gmt,gcmt:C201210111722A;gcmt:C201210111722A;us:pde20121011172209930_81;neic:601874145;gem:601874145,deep_subduction
C201211041908A,2012-11-04T19:08:30,-68.09,-20.4,188.5,5.0,mw,69.0,31.0,179.0,159.0,90.0,59.0,38.0,42.0,31.0,159.0,37.0,276.0,1350000000000000.0,2.38e+16,-2.51e+16,2.69e+16,-6.06e+16,-3.11e+16,gcmt,gem:601871340,deep_subduction
C201211130311A,2012-11-13T03:11:29,-69.4,-20.43,137.1,5.1,mw,83.0,29.0,-150.0,326.0,76.0,-64.0,26.0,36.0,25.0,139.0,52.0,267.0,-1.66e+16,2.04e+16,-3850000000000000.0,1.2e+16,-2.8e+16,-1.18e+16,gcmt,gem:601890532,deep_subduction
602217378,2013-01-09T18:38:43,-69.629,-18.074,109.8,4.97,mw,215.0,25.0,-34.0,336.0,76.0,-111.0,42.53490328459787,83.26718601636753,22.81412771391,330.5658388246572,38.79965389007248,220.7980884329132,-1.41,-1.02,2.43,1.27,-2.7,0.11,gem,,deep_subduction
C201301132123A,2013-01-13T21:23:30,-69.52,-20.24,111.4,5.3,mw,217.0,19.0,-39.0,345.0,78.0,-105.0,31.0,87.0,15.0,348.0,55.0,236.0,-4.56e+16,-1.54e+16,6.1e+16,3.23e+16,-1e+17,1.32e+16,gcmt,gem:602320790,deep_subduction
C201302201118A,2013-02-20T11:18:55,-66.64,-27.86,192.2,5.3,mw,91.0,80.0,-172.0,360.0,82.0,-11.0,2.0,46.0,77.0,144.0,13.0,315.0,-3.74e+16,1.74e+16,2e+16,1430000000000000.0,-4490000000000000.0,-6.51e+16,gcmt,gem:602489083,deep_subduction
C201302220741A,2013-02-22T07:41:44,-68.57,-21.77,153.9,5.0,mw,219.0,28.0,-15.0,322.0,83.0,-117.0,33.0,75.0,27.0,326.0,45.0,205.0,-5520000000000000.0,-2.13e+16,2.69e+16,1.52e+16,-3.42e+16,-9460000000000000.0,gcmt,gem:602534604,deep_subduction
602550528,2013-02-24T16:43:40,-67.079,-24.168,191.3,5.02,mw,207.0,29.0,-51.0,344.0,68.0,-109.0,43.391779897758745,88.61262169945655,23.93304205208542,333.80405961489726,37.07778552079496,224.20750622721184,-2.5,-1.26,3.76,0.9,-2.76,0.2,gem,,deep_subduction
602735771,2013-03-25T16:18:12,-68.461,-22.149,109.3,4.96,mw,214.0,63.0,-33.0,320.0,61.0,-149.0,33.59708018532351,87.61737179862638,56.34855990135034,263.9430993865827,1.6950185204504808,356.49092750942833,-1.53,-1.95,3.48,1.72,0.15,-0.26,gem,,deep_subduction
C201304272151A,2013-04-27T21:51:36,-69.37,-18.43,146.3,5.1,mw,208.0,22.0,-22.0,319.0,82.0,-111.0,33.0,67.0,21.0,322.0,49.0,207.0,-6770000000000000.0,-8280000000000000.0,1.51e+16,1.71e+16,-2.05e+16,-4970000000000000.0,gcmt,,deep_subduction
C201305121251A,2013-05-12T12:51:57,-68.79,-21.04,143.1,5.1,mw,164.0,6.0,-95.0,349.0,84.0,-89.0,39.0,79.0,1.0,169.0,51.0,260.0,-2.71e+16,1.6e+16,1.12e+16,1.8e+16,-9.44e+16,0.0,gcmt,gem:602946982,deep_subduction
C201306081225A,2013-06-08T12:25:10,-66.86,-22.62,215.3,5.6,mw,142.0,20.0,-109.0,341.0,71.0,-83.0,26.0,66.0,6.0,159.0,63.0,262.0,-2.06e+17,2.42e+16,1.82e+17,8.39e+16,-2.77e+17,-1.1100000000000002e+17,gcmt,gem:603056438,deep_subduction
C201306110937A,2013-06-11T09:37:13,-68.42,-22.01,138.6,5.2,mw,232.0,38.0,-28.0,344.0,73.0,-125.0,20.0,100.0,33.0,356.0,49.0,216.0,-6.26e+16,-2.7900000000000004e+16,9.05e+16,5.500000000000001e+16,-8.22e+16,4.83e+16,gcmt,gem:603068701,deep_subduction
201306192129A,2013-06-19T21:29:00,-70.2,-32.74,115.0,5.2,mw,190.0,45.0,-111.0,39.0,48.0,-70.0,2.0,114.0,14.0,205.0,76.0,19.0,-8.12e+16,2800000000000000.0,7.84e+16,-1.82e+16,3100000000000000.0,4.25e+16,gmt,gcmt:C201306192129A;gcmt:C201306192129A;us:pde20130619212911500_104;neic:603233800;gem:603233800,deep_subduction
C201307022004A,2013-07-02T20:05:01,-66.73,-23.98,225.8,5.7,mw,206.0,33.0,-67.0,360.0,60.0,-104.0,14.0,100.0,12.0,7.0,71.0,238.0,-3.41e+17,1.05e+16,3.3e+17,5.15e+16,-1.94e+17,8.07e+16,gcmt,gem:603175388,deep_subduction
C201307061940A,2013-07-06T19:40:34,-69.62,-18.88,130.8,5.1,mw,261.0,41.0,9.0,164.0,84.0,130.0,38.0,109.0,40.0,339.0,28.0,223.0,4830000000000000.0,-1.71e+16,1.23e+16,-2819999999999999.5,-3.2e+16,1.92e+16,gcmt,gem:603179306,deep_subduction
C201307092051A,2013-07-09T20:51:51,-69.39,-19.21,131.7,5.1,mw,221.0,33.0,-44.0,350.0,68.0,-115.0,19.0,99.0,23.0,0.0,59.0,224.0,-3.05e+16,-4470000000000000.0,3.5e+16,1.35e+16,-2.92e+16,1.26e+16,gcmt,gem:608441177,deep_subduction
C201307101432A,2013-07-10T14:32:16,-69.68,-19.39,131.0,5.7,mw,194.0,11.0,-66.0,350.0,80.0,-94.0,35.0,83.0,4.0,350.0,55.0,254.0,-1.07e+17,-1.45e+16,1.22e+17,5.96e+16,-3.08e+17,1100000000000000.0,gcmt,gem:603228685,deep_subduction
C201308191939A,2013-08-19T19:39:50,-68.85,-21.53,139.3,5.4,mw,238.0,25.0,-33.0,358.0,77.0,-111.0,29.0,105.0,21.0,3.0,53.0,243.0,-6.34e+16,3800000000000000.0,5.96e+16,1.99e+16,-1.25e+17,4.97e+16,gcmt,gem:603339691,deep_subduction
C201308230834A,2013-08-23T08:34:09,-68.9,-22.33,119.9,5.8,mw,224.0,28.0,-44.0,355.0,71.0,-110.0,24.0,101.0,19.0,2.0,59.0,237.0,-3.12e+17,-6.44e+16,3.76e+17,7.97e+16,-4.16e+17,1.61e+17,gcmt,gem:608161566,deep_subduction
201308301048A,2013-08-30T10:48:00,-70.74,-34.57,112.0,5.0,mw,338.0,45.0,-18.0,81.0,77.0,-133.0,20.0,202.0,42.0,92.0,41.0,311.0,-8050000000000000.0,1.02e+16,-2120000000000000.0,-2.15e+16,-1.92e+16,-1.91e+16,gmt,gcmt:C201308301048A;gcmt:C201308301048A,deep_subduction
C201309071913A,2013-09-07T19:13:36,-69.28,-19.66,100.4,5.0,mw,112.0,9.0,-110.0,311.0,82.0,-87.0,37.0,39.0,3.0,131.0,53.0,225.0,-7260000000000000.0,4770000000000000.0,2480000000000000.0,1.51e+16,-1.3799999999999998e+16,-780000000000000.0,gcmt,,deep_subduction
C201309251314A,2013-09-25T13:14:46,-68.3,-22.57,149.4,5.2,mw,142.0,20.0,-118.0,351.0,72.0,-80.0,26.0,73.0,9.0,168.0,62.0,276.0,-6.919999999999999e+16,6900000000000001.0,6.24e+16,9200000000000000.0,-9.54e+16,-2.99e+16,gcmt,gem:603482848,deep_subduction
C201310091703A,2013-10-09T17:03:56,-67.2,-22.14,184.3,5.2,mw,168.0,47.0,-157.0,62.0,73.0,-45.0,16.0,121.0,42.0,226.0,43.0,15.0,-1.51e+16,-1.15e+16,2.65e+16,-3.04e+16,300000000000000.0,1.96e+16,gcmt,gem:603721821,deep_subduction
C201310100332A,2013-10-10T03:32:29,-67.1,-20.84,242.9,5.0,mw,319.0,51.0,-51.0,87.0,53.0,-128.0,1.0,202.0,29.0,112.0,61.0,294.0,-3.12e+16,2.81e+16,3050000000000000.0,-1e+16,-2.1e+16,-1.31e+16,gcmt,gem:603724017,deep_subduction
603734849,2013-10-13T01:06:41,-66.669,-20.402,241.4,5.02,mw,181.0,84.0,114.0,285.0,25.0,15.0,39.17323486821658,295.3428049461822,24.331072515448007,183.7240090900122,41.04813321641336,70.53702595596536,0.94,-0.27,-0.67,-0.52,-3.81,1.71,gem,,deep_subduction
603780833,2013-11-09T13:26:11,-68.553,-22.017,135.9,5.03,mw,183.0,37.0,-65.0,333.0,57.0,-108.0,44.00943773411773,75.31735998334437,31.203133208122328,309.5068153621638,29.92615616102224,199.10150992944216,-3.63,-0.43,4.06,1.27,-1.16,-1.05,gem,,deep_subduction
C201312040539A,2013-12-04T05:39:37,-69.39,-24.57,110.2,5.2,mw,139.0,33.0,-105.0,337.0,58.0,-80.0,13.0,60.0,8.0,152.0,75.0,275.0,-6.5e+16,1.53e+16,4.97e+16,7030000000000000.0,-3.2400000000000004e+16,-3.34e+16,gcmt,gem:603828430,deep_subduction
201312100051A,2013-12-10T00:51:00,-69.29,-31.39,117.0,5.1,mw,202.0,45.0,-117.0,57.0,51.0,-66.0,3.0,131.0,18.0,222.0,71.0,32.0,-4.87e+16,1.88e+16,2.9900000000000004e+16,-1.55e+16,6380000000000000.0,3.04e+16,gmt,gcmt:C201312100051A;gcmt:C201312100051A;gem:609542126,deep_subduction
201401150838A,2014-01-15T08:38:00,-68.25,-31.27,123.0,5.2,mw,182.0,74.0,-173.0,90.0,83.0,-16.0,6.0,137.0,72.0,248.0,17.0,45.0,-3.61e+16,2.38e+16,1.23e+16,-1.64e+16,-4510000000000000.0,7.95e+16,gmt,gcmt:C201401150838A;gcmt:C201401150838A;gem:603956758,deep_subduction
C201401291001A,2014-01-29T10:01:55,-69.64,-18.65,135.5,5.6,mw,252.0,31.0,-14.0,355.0,83.0,-120.0,31.0,109.0,30.0,359.0,44.0,235.0,-8.43e+16,-3.25e+16,1.17e+17,5.9e+16,-3.24e+17,1.84e+17,gcmt,gem:604013036,deep_subduction
C201402101100A,2014-02-10T11:00:17,-68.81,-22.38,123.8,5.2,mw,250.0,41.0,-19.0,355.0,77.0,-130.0,22.0,114.0,39.0,5.0,43.0,227.0,-3.14e+16,-9900000000000000.0,4.12e+16,1.85e+16,-6.51e+16,5.610000000000001e+16,gcmt,gem:604041033,deep_subduction
C201402121143A,2014-02-12T11:43:19,-68.71,-22.2,131.0,5.6,mw,190.0,41.0,-57.0,329.0,57.0,-115.0,9.0,77.0,21.0,344.0,67.0,188.0,-5.6100000000000006e+17,-1.85e+17,7.46e+17,2.06e+17,-1.65e+17,-2.04e+17,gcmt,gem:604043302,deep_subduction
604100289,2014-03-08T00:07:37,-67.184,-24.415,175.0,4.96,mw,189.0,32.0,-49.0,323.0,67.0,-112.0,42.9351094617844,69.71809977294248,28.239601971759782,309.7376591492866,33.96483246540402,198.52753390231555,-2.2,-0.55,2.75,1.56,-1.54,-1.07,gem,,deep_subduction
C201403201841A,2014-03-20T18:41:38,-69.23,-23.94,119.3,5.1,mw,172.0,52.0,-38.0,288.0,61.0,-136.0,5.0,48.0,39.0,314.0,51.0,144.0,-3.97e+16,1.24e+16,2.7400000000000004e+16,2.36e+16,7420000000000000.0,-5.05e+16,gcmt,gem:604183794,deep_subduction
C201403311253A,2014-03-31T12:53:11,-69.27,-19.54,129.9,5.6,mw,275.0,48.0,-36.0,31.0,64.0,-132.0,10.0,150.0,37.0,52.0,51.0,252.0,-1.54e+17,1.76e+17,-2.19e+16,2.68e+16,-1.79e+17,1.19e+17,gcmt,gem:604400824,deep_subduction
201404040952A,2014-04-04T09:52:00,-70.54,-31.45,116.0,5.4,mw,167.0,66.0,169.0,262.0,80.0,24.0,14.0,121.0,69.0,252.0,15.0,28.0,2500000000000000.0,-7.01e+16,6.76e+16,-5.05e+16,-9500000000000000.0,1.14e+17,gmt,gcmt:C201404040952A;gcmt:C201404040952A;us:c000p4ng;neic:604425841;gem:604425841,deep_subduction
C201405140338A,2014-05-14T03:38:26,-66.63,-22.78,239.0,5.6,mw,298.0,7.0,29.0,180.0,87.0,96.0,48.0,96.0,6.0,359.0,41.0,264.0,4.54e+16,-1.25e+16,-3.3e+16,-2600000000000000.0,-3.32e+17,3.63e+16,gcmt,gem:604583636,deep_subduction
C201405161708A,2014-05-16T17:08:37,-68.82,-23.51,131.3,5.5,mw,123.0,41.0,-124.0,345.0,56.0,-64.0,8.0,57.0,22.0,150.0,67.0,307.0,-1.87e+17,5.699999999999999e+16,1.3e+17,-3.53e+16,-9.17e+16,-1.1299999999999998e+17,gcmt,gem:604587880,deep_subduction
606942988,2014-06-14T22:13:30,-69.036,-25.021,101.9,4.96,mw,245.0,65.0,-29.0,348.0,64.0,-152.0,31.36533329369244,116.79383098934812,58.62025204436088,294.8662745137809,0.8568902471774903,26.27144813537882,-0.87,-1.13,2.0,2.11,-1.0,2.09,gem,,deep_subduction
201407130718A,2014-07-13T07:18:00,-70.81,-30.98,106.0,5.4,mw,290.0,7.0,32.0,168.0,86.0,96.0,62.0,59.0,6.0,161.0,27.0,255.0,7.75e+16,-6610000000000000.0,-7.089e+16,4.137e+16,-9.368e+16,1.054e+16,gmt,gcmt:C201407130718A;gcmt:C201407130718A;us:b000rsk9;neic:610571154;gem:610571154,deep_subduction
C201407232139A,2014-07-23T21:39:11,-68.77,-20.29,136.3,5.6,mw,212.0,36.0,-30.0,327.0,73.0,-122.0,21.0,81.0,30.0,337.0,51.0,200.0,-1.62e+17,-1.3600000000000002e+17,2.98e+17,1.51e+17,-1.9e+17,-2.54e+16,gcmt,neic:605098866;gem:605098866,deep_subduction
C201408110449A,2014-08-11T04:49:12,-66.97,-24.03,211.2,5.0,mw,215.0,35.0,-61.0,1.0,60.0,-109.0,13.0,105.0,16.0,11.0,69.0,232.0,-3.57e+16,-1250000000000000.0,3.69e+16,5730000000000000.0,-2.08e+16,1.36e+16,gcmt,gem:610571790,deep_subduction
C201408230445A,2014-08-23T04:45:38,-69.23,-20.13,124.8,5.6,mw,304.0,6.0,45.0,168.0,86.0,94.0,49.0,83.0,4.0,348.0,41.0,255.0,1.47e+16,3.62e+16,-5.09e+16,5.91e+16,-2.7000000000000003e+17,4e+16,gcmt,gem:610572053,deep_subduction
C201409241116A,2014-09-24T11:16:19,-66.72,-23.78,227.6,6.2,mw,177.0,31.0,-97.0,5.0,59.0,-86.0,14.0,92.0,3.0,183.0,75.0,286.0,-2.27e+18,-2.14e+17,2.48e+18,-1.92e+17,-1.28e+18,6.7e+16,gcmt,gem:610572650,deep_subduction
C201410070509A,2014-10-07T05:09:14,-69.63,-19.6,122.3,5.4,mw,137.0,23.0,-126.0,355.0,71.0,-76.0,25.0,74.0,13.0,170.0,61.0,286.0,-8.32e+16,-1.2e+16,9.53e+16,6200000000000000.0,-1.2e+17,-4.94e+16,gcmt,gem:605742446,deep_subduction
C201410121044A,2014-10-12T10:44:18,-68.21,-22.94,155.5,5.0,mw,135.0,25.0,-99.0,324.0,66.0,-86.0,21.0,51.0,4.0,143.0,69.0,242.0,-2.21e+16,6100000000000000.0,1.6e+16,1.48e+16,-2.04e+16,-2.39e+16,gcmt,gem:605532121,deep_subduction
C201411101138A,2014-11-10T11:39:06,-68.8,-21.63,118.1,5.6,mw,259.0,43.0,-26.0,8.0,73.0,-130.0,18.0,127.0,38.0,23.0,47.0,237.0,-1.1100000000000002e+17,5.779999999999999e+16,5.33e+16,4.69e+16,-1.77e+17,1.6e+17,gcmt,gem:610573724,deep_subduction
C201501101755A,2015-01-10T17:55:06,-68.69,-21.57,132.4,5.5,mw,117.0,35.0,-122.0,334.0,61.0,-70.0,14.0,49.0,18.0,144.0,67.0,283.0,-1.3899999999999998e+17,6.969999999999999e+16,6.939999999999999e+16,1.18e+16,-9.16e+16,-8.51e+16,gcmt,gem:610575217,deep_subduction
201502021049A,2015-02-02T10:49:00,-67.14,-32.77,177.0,6.3,mw,304.0,4.0,-13.0,47.0,89.0,-94.0,44.0,141.0,4.0,47.0,46.0,313.0,5.88e+17,-1.6e+16,-5.72e+17,-2.4e+18,-2.07e+18,1.07e+18,gmt,gcmt:C201502021049A;gcmt:C201502021049A;neic:606634885;gem:606634885,deep_subduction
C201502111301A,2015-02-11T13:01:20,-66.84,-23.5,219.5,5.5,mw,156.0,13.0,-100.0,346.0,77.0,-88.0,32.0,74.0,2.0,166.0,58.0,259.0,-8.85e+16,-6600000000000000.0,9.5e+16,4.59e+16,-1.9e+17,-3.73e+16,gcmt,gem:606724134,deep_subduction
C201502111857A,2015-02-11T18:57:27,-66.8,-23.14,223.0,6.7,mw,168.0,19.0,-104.0,3.0,72.0,-85.0,26.0,89.0,5.0,181.0,63.0,281.0,-8.03e+18,-1.2e+17,8.149999999999999e+18,-9e+17,-1.07e+19,-6.7e+17,gcmt,gem:610586175,deep_subduction
606745696,2015-02-22T18:26:52,-67.15,-24.238,162.8,5.05,mw,6.0,64.0,-53.0,126.0,44.0,-141.0,39.82761036081742,250.27156661758744,44.10916410319524,34.21601291840477,18.9381617390262,143.6435026889754,-2.98,-0.38,3.36,-1.69,-2.24,-2.12,gem,,deep_subduction
C201502240513A,2015-02-24T05:13:55,-66.86,-22.71,215.4,5.3,mw,138.0,30.0,-118.0,350.0,64.0,-75.0,18.0,68.0,14.0,163.0,67.0,288.0,-8.71e+16,7000000000000001.0,8.01e+16,1799999999999999.8,-7.2e+16,-4.51e+16,gcmt,gem:610586433,deep_subduction
C201503031245A,2015-03-03T12:45:22,-69.33,-20.16,115.7,5.2,mw,144.0,25.0,-112.0,348.0,67.0,-80.0,21.0,71.0,9.0,164.0,67.0,276.0,-5.34e+16,1.1299999999999998e+16,4.2e+16,3910000000000000.0,-4.84e+16,-1.86e+16,gcmt,gem:610586572,deep_subduction
C201503230451A,2015-03-23T04:51:42,-69.44,-18.47,140.8,6.4,mw,228.0,17.0,-32.0,349.0,81.0,-105.0,34.0,92.0,14.0,352.0,52.0,243.0,-1.52e+18,-7.8e+17,2.3e+18,1.04e+18,-5.04e+18,9.06e+17,gcmt,gem:606858496,deep_subduction
C201503281636A,2015-03-28T16:36:56,-68.76,-22.07,122.5,5.6,mw,153.0,32.0,-113.0,359.0,61.0,-77.0,15.0,79.0,12.0,172.0,71.0,299.0,-2.95e+17,-5.789999999999999e+16,3.53e+17,-2.04e+16,-2.02e+17,-9.85e+16,gcmt,gem:610587192,deep_subduction
606951613,2015-03-30T21:00:46,-66.21,-22.715,241.1,5.26,mw,176.0,83.0,117.0,279.0,27.0,15.0,37.49936969817765,293.184455803859,27.48099903441055,179.6617359483531,40.192116202744025,63.59393260016412,1.97,-0.46,-1.51,0.17,-8.38,4.42,gem,,deep_subduction
C201504132216A,2015-04-13T22:16:24,-68.51,-21.14,139.3,5.2,mw,165.0,40.0,-46.0,293.0,63.0,-120.0,13.0,45.0,26.0,308.0,60.0,158.0,-6.05e+16,2.55e+16,3.5e+16,4.32e+16,-7900000000000000.0,-6.25e+16,gcmt,gem:607119791,deep_subduction
C201505261032A,2015-05-26T10:32:06,-68.63,-21.94,142.7,5.6,mw,113.0,32.0,-171.0,16.0,85.0,-58.0,33.0,79.0,32.0,193.0,41.0,315.0,-4.1e+16,-1.1100000000000002e+17,1.52e+17,-5.37e+16,-2.64e+17,-1.24e+17,gcmt,gem:607265447,deep_subduction
C201506101352A,2015-06-10T13:52:13,-68.47,-22.48,146.8,6.0,mw,136.0,40.0,-79.0,301.0,51.0,-100.0,5.0,38.0,7.0,307.0,81.0,163.0,-1.47e+18,9.48e+17,5.27e+17,3.27e+17,-4e+16,-9.09e+17,gcmt,gem:607288602,deep_subduction
C201506221142A,2015-06-22T11:42:13,-68.34,-21.7,149.0,5.1,mw,158.0,36.0,-81.0,327.0,55.0,-97.0,10.0,62.0,5.0,331.0,79.0,212.0,-4.67e+16,8280000000000000.0,3.84e+16,1.19e+16,-1.28e+16,-2.13e+16,gcmt,gem:607308398,deep_subduction
C201509011528A,2015-09-01T15:28:59,-69.35,-19.73,136.9,5.4,mw,282.0,57.0,-28.0,28.0,67.0,-144.0,6.0,153.0,48.0,56.0,41.0,249.0,-9.36e+16,1.3799999999999998e+17,-4.48e+16,-1.6900000000000002e+16,-3.9e+16,1.19e+17,gcmt,gem:607719008,deep_subduction
C201509281528A,2015-09-28T15:28:10,-66.89,-23.84,221.4,5.9,mw,143.0,3.0,-122.0,355.0,87.0,-88.0,42.0,83.0,2.0,175.0,48.0,266.0,-9.1e+16,-3.3e+16,1.24e+17,1.1e+17,-1.16e+18,-5.1e+16,gcmt,gem:610637958,deep_subduction
607859026,2015-10-07T05:59:13,-69.741,-17.767,129.5,4.98,mw,213.0,18.0,-33.0,335.0,80.0,-105.0,43.54182128762616,77.59854466937287,15.876218117919102,331.9170987597219,42.16519112915076,226.9910883276021,-1.29,-0.35,1.64,1.66,-2.94,0.29,gem,,deep_subduction
607861511,2015-10-10T06:00:23,-67.09,-24.392,170.8,5.11,mw,182.0,84.0,107.0,291.0,18.0,19.0,41.97116880012892,290.099083174577,17.259124758588786,183.871273958726,42.97792996615664,77.0436803518079,1.74,-1.37,-0.37,-1.09,-5.39,1.63,gem,,deep_subduction
C201511011516A,2015-11-01T15:16:20,-68.63,-23.19,127.5,5.8,mw,161.0,43.0,-81.0,330.0,48.0,-98.0,3.0,65.0,6.0,335.0,84.0,179.0,-7.38e+17,4.6e+16,6.93e+17,8.7e+16,-3.8e+16,-3.75e+17,gcmt,gem:608005044,deep_subduction
C201511080813A,2015-11-08T08:13:41,-69.5,-17.29,176.3,5.7,mw,243.0,10.0,-3.0,336.0,90.0,-100.0,44.0,75.0,10.0,336.0,45.0,236.0,3000000000000000.0,-6.840000000000001e+16,6.54e+16,1.7e+17,-3.89e+17,3.25e+16,gcmt,gem:608023794,deep_subduction
C201511090446A,2015-11-09T04:46:30,-69.23,-23.51,123.0,5.3,mw,191.0,23.0,-81.0,2.0,68.0,-94.0,23.0,94.0,3.0,3.0,67.0,265.0,-7.84e+16,-5300000000000000.0,8.37e+16,-100000000000000.0,-8.28e+16,9500000000000000.0,gcmt,gem:608024250,deep_subduction
C201511101748A,2015-11-10T17:48:27,-68.88,-22.23,127.9,5.3,mw,161.0,19.0,-114.0,6.0,73.0,-82.0,28.0,90.0,7.0,184.0,61.0,288.0,-5.98e+16,-3100000000000000.0,6.29e+16,-1.3900000000000002e+16,-8.84e+16,-7199999999999999.0,gcmt,gem:608026306,deep_subduction
C201511301445A,2015-11-30T14:45:28,-67.24,-24.35,188.5,5.3,mw,176.0,33.0,-87.0,353.0,57.0,-92.0,12.0,85.0,1.0,354.0,78.0,258.0,-8.14e+16,500000000000000.0,8.09e+16,5600000000000000.0,-3.57e+16,-7199999999999999.0,gcmt,gem:608060620,deep_subduction
C201601171528A,2016-01-17T15:28:45,-68.72,-21.39,132.3,5.0,mw,166.0,40.0,-62.0,311.0,56.0,-112.0,8.0,57.0,18.0,324.0,70.0,170.0,-2.2e+16,2020000000000000.0,2e+16,8220000000000000.0,-4160000000000000.0,-1.94e+16,gcmt,,deep_subduction
C201602251535A,2016-02-25T15:35:11,-69.17,-23.05,107.8,5.2,mw,159.0,34.0,-124.0,18.0,62.0,-69.0,15.0,93.0,18.0,188.0,66.0,326.0,-5.37e+16,-7530000000000000.0,6.12e+16,-2.2e+16,-3.1e+16,-2020000000000000.0,gcmt,gem:608354497,deep_subduction
C201604132001A,2016-04-13T20:02:04,-66.54,-21.03,257.8,5.3,mw,113.0,15.0,-151.0,354.0,83.0,-77.0,37.0,73.0,13.0,173.0,51.0,279.0,-1.03e+17,1.05e+17,-2600000000000000.0,-1.86e+16,-2.32e+17,-4e+16,gcmt,gem:608552464,deep_subduction
201604140938A,2016-04-14T09:38:00,-70.39,-33.85,129.0,5.1,mw,120.0,10.0,162.0,228.0,87.0,80.0,68.0,170.0,8.0,61.0,20.0,328.0,3.758e+16,-3.002e+16,-7560000000000000.0,-3.385e+16,-1.478e+16,-2.779e+16,gmt,gcmt:C201604140938A;gcmt:C201604140938A;us:20005hz4;neic:611829322;gem:611829322,deep_subduction
608588751,2016-04-21T18:07:43,-67.564,-22.306,159.5,5.16,mw,175.0,82.0,120.0,279.0,31.0,16.0,35.60716595433715,294.8939081422593,30.65543055933317,179.77823179759446,39.29250216977449,60.76616304377393,1.74,-0.52,-1.22,0.03,-5.81,3.63,gem,,deep_subduction
C201604271013A,2016-04-27T10:13:56,-67.01,-24.19,208.1,5.1,mw,203.0,26.0,-64.0,355.0,67.0,-102.0,21.0,94.0,11.0,359.0,66.0,243.0,-4.94e+16,-8330000000000000.0,5.78e+16,9010000000000000.0,-4.89e+16,9000000000000000.0,gcmt,gem:608606789,deep_subduction
C201605181449A,2016-05-18T14:49:10,-67.2,-24.34,183.6,5.2,mw,165.0,31.0,-84.0,338.0,59.0,-94.0,14.0,70.0,3.0,340.0,75.0,238.0,-9.04e+16,4900000000000000.0,8.55e+16,2.22e+16,-4.64e+16,-3.12e+16,gcmt,gem:608794658,deep_subduction
C201605192025A,2016-05-19T20:25:51,-66.35,-28.15,180.2,5.1,mw,165.0,49.0,-48.0,291.0,55.0,-128.0,3.0,47.0,30.0,315.0,59.0,142.0,-4.36e+16,1.81e+16,2.55e+16,2.16e+16,1.19e+16,-3.91e+16,gcmt,neic:608805643;gem:608805643,deep_subduction
C201605230343A,2016-05-23T03:43:19,-67.57,-22.24,186.4,5.0,mw,254.0,29.0,-17.0,360.0,82.0,-118.0,31.0,112.0,28.0,4.0,46.0,241.0,-9780000000000000.0,-1409999999999999.8,1.1200000000000002e+16,1870000000000000.0,-3.34e+16,1.85e+16,gcmt,gem:608817525,deep_subduction
C201606051505A,2016-06-05T15:05:39,-69.36,-19.45,129.8,5.1,mw,144.0,15.0,-114.0,349.0,76.0,-84.0,31.0,74.0,6.0,167.0,58.0,267.0,-2.72e+16,2950000000000000.0,2.42e+16,8550000000000000.0,-5.13e+16,-1.11e+16,gcmt,gem:608988305,deep_subduction
C201606181729A,2016-06-18T17:29:49,-67.27,-24.21,192.3,5.7,mw,183.0,22.0,-78.0,350.0,69.0,-95.0,24.0,84.0,5.0,352.0,66.0,252.0,-3.16e+17,-2.43e+16,3.4e+17,7.34e+16,-3.51e+17,-2.32e+16,gcmt,gem:609050588,deep_subduction
C201606242129A,2016-06-24T21:29:21,-69.51,-25.79,128.3,5.5,mw,153.0,67.0,9.0,60.0,82.0,156.0,23.0,14.0,65.0,221.0,10.0,109.0,6.55e+16,1.08e+17,-1.73e+17,4.76e+16,3.73e+16,-9.98e+16,gcmt,gem:609062029,deep_subduction
C201607270643A,2016-07-27T06:43:52,-68.13,-24.17,143.6,5.4,mw,135.0,33.0,-106.0,334.0,58.0,-80.0,13.0,57.0,8.0,149.0,75.0,271.0,-1.3e+17,3.34e+16,9.67e+16,2.17e+16,-6.69e+16,-8.32e+16,gcmt,gem:609262814,deep_subduction
C201608041415A,2016-08-04T14:15:18,-66.01,-22.17,277.2,6.2,mw,356.0,4.0,96.0,170.0,86.0,90.0,49.0,80.0,0.0,170.0,41.0,261.0,3.66e+17,-1.48e+17,-2.18e+17,3.44e+17,-1.99e+18,-3000000000000000.0,gcmt,gem:609287853,deep_subduction
C201608141328A,2016-08-14T13:28:46,-69.35,-20.26,111.8,5.0,mw,204.0,33.0,-56.0,345.0,63.0,-110.0,16.0,90.0,18.0,354.0,66.0,219.0,-3.48e+16,-9410000000000000.0,4.42e+16,1.18e+16,-2.45e+16,3080000000000000.0,gcmt,gem:609350849,deep_subduction
C201608160258A,2016-08-16T02:58:42,-68.97,-22.52,132.6,5.4,mw,216.0,13.0,-44.0,348.0,81.0,-100.0,35.0,87.0,10.0,350.0,53.0,247.0,-4.08e+16,-5800000000000000.0,4.66e+16,2.84e+16,-1.19e+17,1.23e+16,gcmt,gem:609354377,deep_subduction
C201609060737A,2016-09-06T07:37:55,-67.81,-21.28,170.9,5.0,mw,286.0,29.0,-37.0,49.0,73.0,-114.0,24.0,157.0,23.0,56.0,55.0,288.0,-2.43e+16,3.32e+16,-8850000000000000.0,-2.43e+16,-2.76e+16,1.08e+16,gcmt,gem:609395013,deep_subduction
C201609072003A,2016-09-07T20:03:27,-69.25,-20.01,126.0,5.3,mw,144.0,22.0,-99.0,334.0,68.0,-86.0,23.0,61.0,3.0,152.0,67.0,250.0,-1e+17,2.4e+16,7.6e+16,4.55e+16,-9.82e+16,-4.88e+16,gcmt,gem:609425625,deep_subduction
C201609080234A,2016-09-08T02:34:10,-68.6,-21.64,142.7,5.0,mw,121.0,50.0,-177.0,29.0,87.0,-40.0,25.0,82.0,50.0,206.0,29.0,337.0,-2420000000000000.0,-2.06e+16,2.3e+16,-1.02e+16,-1.8e+16,-1.22e+16,gcmt,,deep_subduction
C201609090003A,2016-09-09T00:03:48,-65.86,-31.41,178.0,5.6,mw,121.0,35.0,-133.0,350.0,65.0,-64.0,16.0,61.0,23.0,159.0,61.0,299.0,-1.85e+17,2.19e+16,1.63e+17,-3400000000000000.0,-1.64e+17,-1.54e+17,gcmt,neic:609577103;gem:609577103,deep_subduction
C201609201324A,2016-09-20T13:24:49,-68.1,-23.65,128.9,5.0,mw,165.0,18.0,-56.0,310.0,75.0,-100.0,30.0,48.0,10.0,312.0,59.0,206.0,-9950000000000000.0,2170000000000000.0,7780000000000000.0,1.73e+16,-1.49e+16,-1.19e+16,gcmt,,deep_subduction
C201609242027A,2016-09-24T20:27:24,-68.4,-21.55,125.7,5.1,mw,168.0,42.0,-117.0,23.0,54.0,-68.0,6.0,97.0,18.0,189.0,71.0,348.0,-6.07e+16,-1.7399999999999998e+16,7.81e+16,-1.7399999999999998e+16,-1.33e+16,1.01e+16,gcmt,gem:609561437,deep_subduction
C201610310544A,2016-10-31T05:44:38,-68.68,-22.45,136.3,5.1,mw,238.0,18.0,-13.0,340.0,86.0,-107.0,39.0,86.0,17.0,341.0,46.0,232.0,-7680000000000000.0,-6040000000000000.0,1.3700000000000002e+16,1.83e+16,-4.26e+16,1.06e+16,gcmt,gem:609625258,deep_subduction
201611041620A,2016-11-04T16:20:00,-70.98,-35.06,96.0,6.3,mw,173.0,27.0,-128.0,35.0,69.0,-73.0,25.0,114.0,15.0,211.0,61.0,329.0,-2.296e+18,-2.5e+16,2.321e+18,-2.013e+18,-2.085e+18,6.58e+17,gmt,gcmt:C201611041620A;gcmt:C201611041620A;us:1000744u;neic:615010353;gem:615010353,deep_subduction
1000776j,2016-11-13T01:01:57,-67.42,-28.12,130.5,5.3,mww,42.0,64.0,-59.0,169.0,39.0,-135.0,14.0,110.0,27.0,207.0,59.0,356.0,-7.531e+16,-1.993e+16,9.525e+16,-5.383e+16,-3.009e+16,3.624e+16,us,gcmt:C201611130101A;gcmt:C201611130101A;neic:615033206;gem:615033206,deep_subduction
100077ap,2016-11-13T14:01:00,-67.4806,-28.9231,120.0,5.7,mwr,112.48,55.98,-127.8,346.67,49.09,-47.77,4.0,228.0,31.0,136.0,59.0,325.0,-3.1581e+17,1.1969e+17,1.9612e+17,-2.3166e+17,-1.4761e+17,-1.7488e+17,us,neic:615033088,deep_subduction
100077cs,2016-11-13T17:52:52,-68.1874,-31.9902,120.0,4.9,mwr,148.57,39.17,-132.93,18.76,62.46,-60.97,13.0,88.0,25.0,184.0,61.0,334.0,-1.7251e+16,-4040000000000000.0,2.1291e+16,-9273000000000000.0,-9558000000000000.0,-2988000000000000.0,us,,deep_subduction
201611202057A,2016-11-20T20:57:00,-68.74,-31.66,119.0,6.4,mw,31.0,40.0,-92.0,214.0,50.0,-89.0,9.0,298.0,3.0,28.0,80.0,136.0,-6.006e+18,2.416e+18,3.589e+18,1.138e+18,1.238e+18,7.47e+17,gmt,gcmt:C201611202057A;gcmt:C201611202057A;us:10007az5;neic:615052593;gem:615052593,deep_subduction
C201612051806A,2016-12-05T18:06:08,-66.76,-23.32,220.4,5.0,mw,131.0,34.0,-161.0,25.0,79.0,-57.0,27.0,90.0,32.0,198.0,46.0,328.0,-1.44e+16,-3.2e+16,4.64e+16,-5540000000000000.0,-4.21e+16,-3210000000000000.0,gcmt,gem:609825606,deep_subduction
C201701060630A,2017-01-06T06:30:39,-67.88,-22.3,174.6,5.8,mw,208.0,3.0,-31.0,329.0,88.0,-93.0,43.0,62.0,3.0,329.0,47.0,236.0,3500000000000000.5,-5.729999999999999e+16,5.39e+16,2.63e+17,-4.5e+17,-4.73e+16,gcmt,gem:611831490,deep_subduction
C201701080104A,2017-01-08T01:04:47,-66.95,-23.99,212.2,5.1,mw,123.0,37.0,-174.0,28.0,86.0,-53.0,31.0,88.0,37.0,205.0,38.0,331.0,-9830000000000000.0,-4.59e+16,5.57e+16,-1.19e+16,-6.24e+16,-1.23e+16,gcmt,gem:610049689,deep_subduction
C201702140938A,2017-02-14T09:38:38,-66.86,-23.89,224.7,5.4,mw,220.0,25.0,-45.0,352.0,73.0,-108.0,26.0,96.0,17.0,357.0,58.0,237.0,-7.34e+16,-1.48e+16,8.82e+16,2.62e+16,-1.07e+17,2.91e+16,gcmt,gem:610208991,deep_subduction
C201702181210A,2017-02-18T12:10:23,-66.87,-23.87,221.5,6.4,mw,184.0,6.0,-91.0,4.0,84.0,-90.0,39.0,94.0,0.0,184.0,51.0,275.0,-8.23e+17,-3.64e+17,1.19e+18,-3.6e+17,-4.59e+18,1.16e+17,gcmt,gem:610243814,deep_subduction
C201702250231A,2017-02-25T02:31:29,-69.27,-19.41,131.2,5.2,mw,145.0,38.0,-117.0,358.0,57.0,-71.0,10.0,74.0,16.0,167.0,71.0,314.0,-6.830000000000001e+16,-3300000000000000.0,7.15e+16,-1.14e+16,-3e+16,-2.68e+16,gcmt,gem:610240974,deep_subduction
C201703160808A,2017-03-16T08:08:11,-67.07,-24.24,204.8,5.1,mw,205.0,38.0,-75.0,6.0,53.0,-102.0,8.0,105.0,9.0,13.0,78.0,234.0,-6.22e+16,2970000000000000.0,5.92e+16,5900000000000000.0,-1.97e+16,1.73e+16,gcmt,gem:610329841,deep_subduction
610346374,2017-03-20T08:17:27,-66.516,-27.059,182.5,5.03,mw,167.0,74.0,-39.0,269.0,53.0,-160.0,32.62993048731814,42.59371239419079,52.41060162846206,188.8692042151233,16.5719474946772,301.6100318782638,-1.32,1.58,-0.25,0.59,2.72,-3.19,gem,,deep_subduction
C201703211501A,2017-03-21T15:02:05,-68.7,-21.68,144.8,5.1,mw,298.0,22.0,13.0,196.0,85.0,112.0,46.0,128.0,22.0,14.0,36.0,267.0,4550000000000000.0,1.11e+16,-1.57e+16,-8240000000000000.0,-3.43e+16,8730000000000000.0,gcmt,gem:610401463,deep_subduction
201703270303A,2017-03-27T03:03:00,-71.79,-36.34,103.0,5.1,mw,246.0,42.0,-6.0,341.0,86.0,-132.0,29.0,103.0,42.0,344.0,35.0,215.0,-5340000000000000.0,-2.06e+16,2.59e+16,1.16e+16,-3.37e+16,2.31e+16,gmt,gcmt:C201703270303A;gcmt:C201703270303A;neic:610435259;gem:610435259,deep_subduction
C201704141803A,2017-04-14T18:03:30,-68.84,-22.54,133.7,5.3,mw,207.0,16.0,-42.0,338.0,79.0,-102.0,33.0,78.0,12.0,340.0,54.0,233.0,-4.35e+16,-5500000000000000.0,4.9e+16,4.53e+16,-9.21e+16,5800000000000000.0,gcmt,gem:610528136,deep_subduction
C201704150819A,2017-04-15T08:19:48,-67.92,-23.2,164.2,6.2,mw,124.0,18.0,-137.0,353.0,78.0,-77.0,32.0,72.0,13.0,170.0,55.0,280.0,-9.55e+17,-4.44e+17,1.4e+18,4.27e+17,-2.77e+18,-1.02e+18,gcmt,gem:611832316,deep_subduction
C201704180148A,2017-04-18T01:48:49,-68.4,-21.67,141.4,5.0,mw,137.0,39.0,-108.0,340.0,53.0,-76.0,7.0,60.0,11.0,151.0,77.0,298.0,-4.08e+16,5780000000000000.0,3.5e+16,220000000000000.0,-1.34e+16,-2.76e+16,gcmt,gem:610529598,deep_subduction
C201704202124A,2017-04-20T21:24:34,-67.43,-27.54,159.6,5.1,mw,143.0,27.0,-96.0,330.0,63.0,-87.0,18.0,57.0,3.0,148.0,71.0,246.0,-7.2e+16,1.3e+16,5.9e+16,3.07e+16,-5.39e+16,-5.23e+16,gcmt,neic:610546557;gem:610546557,deep_subduction
C201704261812A,2017-04-26T18:12:35,-69.44,-19.69,125.6,5.4,mw,186.0,7.0,-61.0,337.0,84.0,-94.0,39.0,70.0,4.0,337.0,51.0,242.0,-2.88e+16,-2400000000000000.0,3.12e+16,5.3e+16,-1.2e+17,-5700000000000000.0,gcmt,gem:611833653,deep_subduction
C201705141944A,2017-05-14T19:44:30,-68.71,-20.92,132.4,5.7,mw,240.0,65.0,11.0,146.0,80.0,155.0,25.0,101.0,63.0,306.0,10.0,195.0,3.05e+16,-4.05e+17,3.75e+17,2.72e+16,-2.33e+17,1.85e+17,gcmt,gem:611833885,deep_subduction
C201705182345A,2017-05-18T23:45:46,-67.3,-32.78,181.8,5.0,mw,154.0,43.0,-130.0,23.0,59.0,-59.0,9.0,91.0,26.0,186.0,62.0,345.0,-2.54e+16,-1419999999999999.8,2.69e+16,-1.66e+16,-7640000000000000.0,-1820000000000000.0,gcmt,,deep_subduction
201705291457A,2017-05-29T14:57:00,-71.87,-37.38,98.0,5.9,mw,263.0,34.0,-22.0,12.0,78.0,-122.0,22.0,131.0,30.0,28.0,52.0,251.0,-3.5723e+17,1.99e+17,1.5824e+17,-1.3499e+17,-5.197e+17,4.9352e+17,gmt,gcmt:C201705291457A;gcmt:C201705291457A;us:10008w2b;neic:610655584;gem:610655584,deep_subduction
C201706032221A,2017-06-03T22:21:50,-68.72,-21.79,133.4,5.1,mw,133.0,29.0,-145.0,11.0,74.0,-65.0,25.0,82.0,24.0,184.0,55.0,312.0,-2.34e+16,-1.98e+16,4.32e+16,-5790000000000000.0,-4.12e+16,-1.43e+16,gcmt,gem:612739187,deep_subduction
C201706061735A,2017-06-06T17:35:15,-68.84,-22.74,123.1,5.3,mw,116.0,60.0,-167.0,20.0,79.0,-30.0,12.0,71.0,58.0,181.0,29.0,334.0,-3.89e+16,-6.879999999999999e+16,1.08e+17,-2.92e+16,-5.2e+16,-8.06e+16,gcmt,gem:610664203,deep_subduction
610675176,2017-06-15T09:54:33,-66.817,-21.506,216.9,5.08,mw,124.0,64.0,-22.0,224.0,70.0,-153.0,28.78773547693304,352.9042713006661,60.717134522115565,184.42827727376107,4.912784758702414,85.61137043893666,-1.77,5.35,-3.58,0.26,2.12,0.92,gem,,deep_subduction
201706231000A,2017-06-23T10:00:00,-71.87,-39.47,129.0,5.0,mw,260.0,39.0,56.0,121.0,59.0,114.0,78.0,303.0,11.0,101.0,4.0,191.0,3.0129e+16,-4.0729e+16,1.06e+16,6110000000000000.0,2350000000000000.0,1.1022e+16,gmt,gcmt:C201706231000A;gcmt:C201706231000A;us:20009p84;neic:610760991;gem:610760991,deep_subduction
C201707021552A,2017-07-02T15:53:04,-68.86,-21.94,130.0,5.4,mw,274.0,23.0,0.0,4.0,90.0,-113.0,41.0,115.0,23.0,4.0,41.0,253.0,1100000000000000.0,2600000000000000.0,-3599999999999999.5,-9600000000000000.0,-1.01e+17,4.3e+16,gcmt,gem:610785460,deep_subduction
C201707192322A,2017-07-19T23:22:33,-69.19,-23.92,109.1,5.2,mw,179.0,55.0,-36.0,292.0,61.0,-140.0,3.0,55.0,42.0,321.0,48.0,148.0,-5.789999999999999e+16,1000000000000000.0,5.689999999999999e+16,3.32e+16,1.14e+16,-7.49e+16,gcmt,gem:610786180,deep_subduction
2000a34a,2017-08-01T06:13:56,-69.0131,-28.5471,100.5,5.6,mww,331.1,32.18,-83.7,143.67,58.03,-93.95,13.0,237.0,3.0,146.0,77.0,42.0,-2.2675e+17,5.316e+16,1.7359e+17,-7.599e+16,9.145e+16,-1.3379e+17,us,gcmt:C201708010613A;gcmt:C201708010613A;neic:610867274;gem:610867274,deep_subduction
201708020715A,2017-08-02T07:15:00,-70.58,-33.17,96.0,5.4,mw,202.0,32.0,-115.0,51.0,62.0,-75.0,5.0,125.0,25.0,217.0,65.0,24.0,-1.3906e+17,1.621e+16,1.2284e+17,-5.007e+16,-2300000000000000.0,1.3327e+17,gmt,gcmt:C201708020715A;gcmt:C201708020715A;us:2000a3js;neic:611834533;gem:611834533,deep_subduction
2000a7hj,2017-08-11T23:57:10,-67.3566,-28.0885,120.5,5.0,mww,14.51,44.87,-91.08,196.03,45.14,-88.93,0.0,285.0,1.0,15.0,90.0,-175.0,-3.7556e+16,9342000000000000.0,2.8214e+16,623000000000000.0,-9000000000000.0,5566000000000000.0,us,gcmt:C201708112357A;gcmt:C201708112357A;neic:610895354;gem:610895354,deep_subduction
C201709091203A,2017-09-09T12:03:46,-66.29,-22.49,257.5,5.2,mw,60.0,3.0,152.0,178.0,88.0,87.0,47.0,85.0,3.0,178.0,43.0,271.0,4000000000000000.0,4200000000000001.0,-8300000000000000.0,3599999999999999.5,-1.07e+17,-5100000000000000.0,gcmt,gem:610967188,deep_subduction
201709231725A,2017-09-23T17:25:00,-69.04,-30.74,130.0,5.1,mw,44.0,59.0,177.0,136.0,87.0,32.0,37.0,3.0,53.0,173.0,5.0,270.0,1.7266e+16,2.7446e+16,-4.4713e+16,1.7003e+16,-5552000000000000.0,-927000000000000.0,gmt,gcmt:C201709231725A;gcmt:C201709231725A;us:2000atms;neic:611023334;gem:611023334,deep_subduction
C201710050811A,2017-10-05T08:11:40,-68.49,-22.34,139.5,5.5,mw,159.0,37.0,-76.0,323.0,54.0,-100.0,9.0,60.0,8.0,329.0,78.0,196.0,-1.77e+17,3.02e+16,1.47e+17,4.96e+16,-3.81e+16,-9.54e+16,gcmt,gem:611077395,deep_subduction
C201710100632A,2017-10-10T06:32:24,-69.86,-18.58,106.4,6.3,mw,151.0,12.0,-104.0,345.0,78.0,-87.0,33.0,73.0,3.0,165.0,57.0,259.0,-1.35e+18,2.85e+17,1.07e+18,7.19e+17,-2.89e+18,-4.03e+17,gcmt,gem:617824321,deep_subduction
C201710121859A,2017-10-12T18:59:15,-65.53,-31.03,185.4,5.5,mw,9.0,69.0,-2.0,99.0,88.0,-159.0,13.0,232.0,69.0,104.0,16.0,326.0,800000000000000.0,-8.06e+16,7.98e+16,-1.01e+17,2900000000000000.0,-2.46e+17,gcmt,neic:614438907;gem:614438907,deep_subduction
C201711171645A,2017-11-17T16:45:51,-69.45,-19.71,122.0,5.0,mw,138.0,34.0,-122.0,356.0,62.0,-70.0,14.0,72.0,18.0,166.0,67.0,304.0,-3.01e+16,-2960000000000000.0,3.31e+16,-2600000000000000.0,-2.11e+16,-1.65e+16,gcmt,gem:611470516,deep_subduction
611605799,2017-12-19T18:20:13,-67.182,-24.27,173.0,5.04,mw,184.0,31.0,-69.0,340.0,61.0,-102.0,44.46499480104371,78.75878075641435,19.0270706328008,328.97477094895595,39.40984455933333,222.51349126323603,-3.72,-0.16,3.88,1.21,-2.02,-0.59,gem,,deep_subduction
611609709,2017-12-26T15:26:12,-69.278,-17.49,144.9,4.97,mw,256.0,55.0,-1.0,347.0,89.0,-145.0,24.350747966646303,115.66853182288384,54.99854188203589,345.40366705623285,23.50031722853669,217.01796489482803,-0.9,-1.25,2.15,-0.66,-2.25,2.44,gem,,deep_subduction
C201712300820A,2017-12-30T08:20:54,-69.56,-19.36,125.5,5.2,mw,252.0,23.0,-16.0,357.0,84.0,-113.0,35.0,106.0,22.0,360.0,47.0,244.0,-2.01e+16,1060000000000000.0,1.91e+16,1.14e+16,-8.32e+16,3.42e+16,gcmt,gem:611612542,deep_subduction
C201801210106A,2018-01-21T01:06:45,-69.66,-18.93,134.0,6.3,mw,186.0,22.0,-80.0,355.0,69.0,-94.0,24.0,88.0,4.0,357.0,66.0,258.0,-2.39e+18,-3.63e+17,2.75e+18,2.96e+17,-2.75e+18,-1.3e+16,gcmt,gem:611835791,deep_subduction
C201801240746A,2018-01-24T07:46:09,-69.22,-20.33,128.6,5.3,mw,215.0,20.0,-32.0,336.0,79.0,-107.0,32.0,80.0,17.0,339.0,52.0,226.0,-4.6e+16,-1.7100000000000002e+16,6.31e+16,5.540000000000001e+16,-1.01e+17,1.06e+16,gcmt,gem:611654932,deep_subduction
201801282353A,2018-01-28T23:53:00,-68.78,-31.25,120.0,5.4,mw,218.0,46.0,-107.0,61.0,47.0,-74.0,4.0,329.0,10.0,239.0,79.0,80.0,-1.3157e+17,1.0603e+17,2.554e+16,5380000000000000.0,2.84e+16,7.129e+16,gmt,gcmt:C201801282353A;gcmt:C201801282353A;us:2000cqsd;gfz:611835850;gem:611835850,deep_subduction
201802012313A,2018-02-01T23:13:00,-69.95,-31.5,118.0,5.2,mw,2.0,78.0,176.0,92.0,86.0,12.0,7.0,330.0,83.0,153.0,0.0,60.0,2015000000000000.0,3.5055e+16,-3.707e+16,7685000000000000.0,5133000000000000.0,6.2646e+16,gmt,gcmt:C201802012313A;gcmt:C201802012313A;us:1000ce18;neic:611669780;gem:611669780,deep_subduction
C201803041616A,2018-03-04T16:16:40,-68.65,-20.49,130.9,5.1,mw,259.0,69.0,-22.0,357.0,70.0,-157.0,1.0,128.0,60.0,36.0,30.0,218.0,-1.26e+16,-6470000000000000.0,1.91e+16,2.23e+16,-1.85e+16,5.11e+16,gcmt,gem:611729835,deep_subduction
C201803172034A,2018-03-17T20:34:29,-69.19,-18.89,156.7,5.0,mw,284.0,26.0,-3.0,17.0,89.0,-116.0,38.0,130.0,26.0,17.0,40.0,263.0,-750000000000000.0,6710000000000000.0,-5960000000000000.0,-9720000000000000.0,-2.79e+16,1.34e+16,gcmt,,deep_subduction
201803191251A,2018-03-19T12:51:00,-69.76,-32.44,113.0,5.0,mw,194.0,71.0,-165.0,99.0,76.0,-20.0,7.0,142.0,81.0,282.0,6.0,52.0,-4952000000000000.0,1.1256e+16,-6304000000000000.0,-5530000000000000.0,-870000000000000.0,3.397e+16,gmt,gcmt:C201803191251A;gcmt:C201803191251A;us:1000d6dq;gem:611801679,deep_subduction
C201804171346A,2018-04-17T13:46:09,-68.86,-21.36,128.1,5.0,mw,168.0,37.0,-81.0,337.0,53.0,-97.0,8.0,72.0,6.0,341.0,80.0,216.0,-3.51e+16,-4860000000000000.0,4e+16,6010000000000000.0,-9860000000000000.0,-1.6200000000000002e+16,gcmt,gem:611883648,deep_subduction
611890611,2018-04-23T06:00:34,-68.555,-22.376,105.5,5.0,mw,258.0,30.0,-10.0,357.0,85.0,-119.0,38.91638231854755,111.4414487773613,29.872265643834588,353.8128239128898,36.70928511659369,238.4546460779844,-0.61,-0.2,0.8,0.39,-3.36,1.86,gem,,deep_subduction
611905089,2018-04-27T02:01:05,-67.034,-24.233,170.0,5.1,mw,23.0,81.0,-29.0,118.0,61.0,-169.0,24.76654220891901,253.5669812600092,60.892939468501744,39.5276591156387,14.314686356213782,156.80620169566384,-1.18,-3.26,4.44,-1.42,-2.08,-2.95,gem,,deep_subduction
201805021609A,2018-05-02T16:09:00,-70.06,-33.3,103.0,5.0,mw,166.0,39.0,-100.0,359.0,52.0,-82.0,44.82574088006444,83.09733490265063,24.01932658532193,199.388339830216,35.508483712591826,307.9283282356611,-3.28,-1.01,4.29,-0.14,-0.92,-0.69,gmt,gem:611923006,deep_subduction
C201805110119A,2018-05-11T01:19:50,-67.06,-24.15,214.1,5.0,mw,177.0,35.0,-89.0,355.0,55.0,-91.0,10.0,86.0,1.0,356.0,80.0,262.0,-2.56e+16,-1020000000000000.0,2.66e+16,990000000000000.0,-9490000000000000.0,-1860000000000000.0,gcmt,,deep_subduction
201805282059A,2018-05-28T20:59:00,-68.71,-31.3,119.0,5.0,mw,14.0,40.0,-100.0,207.0,50.0,-82.0,7.0,304.0,5.0,35.0,81.0,161.0,-3.8501e+16,1.1014e+16,2.7487e+16,8562000000000000.0,6394000000000000.0,1.9815e+16,gmt,gcmt:C201805282059A;gcmt:C201805282059A;us:1000edk8;neic:611955270;gem:611955270,deep_subduction
C201806200109A,2018-06-20T01:09:59,-66.8,-23.95,234.2,5.0,mw,187.0,35.0,-87.0,4.0,55.0,-92.0,10.0,95.0,2.0,5.0,80.0,265.0,-3.76e+16,-560000000000000.0,3.82e+16,0.0,-1.34e+16,3700000000000000.0,gcmt,gem:612146483,deep_subduction
C201806211608A,2018-06-21T16:08:05,-67.21,-24.29,196.1,5.6,mw,172.0,25.0,-95.0,357.0,65.0,-88.0,20.0,86.0,2.0,176.0,70.0,272.0,-3.08e+17,-1799999999999999.8,3.1e+17,5200000000000000.0,-2.58e+17,-2.95e+16,gcmt,gem:612151719,deep_subduction
C201807211439A,2018-07-21T14:39:08,-68.79,-22.32,133.8,5.1,mw,246.0,17.0,-15.0,350.0,86.0,-106.0,39.0,95.0,16.0,351.0,47.0,243.0,-6490000000000000.0,-1.65e+16,2.3e+16,9140000000000000.0,-7.06e+16,1.55e+16,gcmt,gem:612366586,deep_subduction
C201808040102A,2018-08-04T01:02:29,-69.59,-19.59,117.2,5.2,mw,124.0,23.0,-145.0,1.0,77.0,-71.0,30.0,76.0,18.0,177.0,54.0,294.0,-3.27e+16,-3470000000000000.0,3.62e+16,-5740000000000000.0,-7.03e+16,-2.59e+16,gcmt,gem:612451585,deep_subduction
C201808230944A,2018-08-23T09:44:06,-69.55,-17.26,172.6,5.0,mw,245.0,16.0,-8.0,342.0,88.0,-105.0,41.0,87.0,15.0,343.0,45.0,237.0,-4080000000000000.0,-9100000000000000.0,1.32e+16,1.85e+16,-5.57e+16,1.19e+16,gcmt,gem:612634324,deep_subduction
201808311325A,2018-08-31T13:25:00,-70.21,-32.26,115.0,5.0,mw,48.0,54.0,-45.0,169.0,55.0,-135.0,4.0,296.0,41.0,202.0,49.0,30.0,-2.6019e+16,-8008000000000000.0,3.4027e+16,-1.247e+16,1.128e+16,2.7772e+16,gmt,gcmt:C201808311325A;gcmt:C201808311325A;us:2000h5yi;gem:612674475,deep_subduction
2000ha1k,2018-09-07T02:39:17,-70.0476,-28.7734,90.5,5.8,mww,116.51,37.97,-81.71,286.04,52.49,-96.42,7.0,21.0,5.0,290.0,81.0,165.0,-5.117e+17,4.9429e+17,1.74e+16,1.4722e+17,-1.089e+16,-2.1605e+17,us,gcmt:C201809070239A;gcmt:C201809070239A;gfz:615001037;gem:615001037,deep_subduction
613515183,2018-10-26T12:03:22,-69.956,-17.256,137.2,5.01,mw,177.0,25.0,-55.0,319.0,70.0,-105.0,43.96546944224605,60.78755016962788,18.139316079055018,312.3670809694154,40.461928581188246,206.14094325938825,-2.39,-0.08,2.47,2.14,-2.16,-1.45,gem,,deep_subduction
C201811012219A,2018-11-01T22:19:53,-69.57,-19.63,116.3,6.2,mw,172.0,20.0,-88.0,350.0,70.0,-91.0,25.0,81.0,1.0,350.0,65.0,259.0,-1.58e+18,-2e+17,1.78e+18,3.54e+17,-1.96e+18,-3.21e+17,gcmt,gem:613523042,deep_subduction
C201812240219A,2018-12-24T02:19:35,-68.28,-21.38,160.9,5.0,mw,151.0,26.0,-99.0,342.0,65.0,-86.0,20.0,68.0,4.0,160.0,70.0,261.0,-6.5e+16,5800000000000000.0,5.93e+16,1.57e+16,-5.41e+16,-2.82e+16,gcmt,gem:614460399,deep_subduction
201812311049A,2018-12-31T10:49:00,-69.35,-31.84,120.0,5.3,mw,186.0,48.0,-121.0,48.0,50.0,-61.0,4.0,292.0,18.0,200.0,72.0,33.0,-1.0406e+17,510000000000000.0,1.0354e+17,-2.224e+16,2.472e+16,5.108e+16,gmt,gcmt:C201812311049A;gcmt:C201812311049A;us:2000izex;gfz:614464164;gem:614464164,deep_subduction
614556221,2019-01-07T13:43:30,-68.934,-19.588,119.6,5.01,mw,207.0,29.0,-19.0,314.0,81.0,-118.0,40.26114100021957,66.14215667175927,28.48542171093036,308.7841973453946,36.56293275410109,195.0530531710316,-1.1,-1.3,2.39,2.6,-2.19,-0.76,gem,,deep_subduction
C201902091923A,2019-02-09T19:23:14,-68.42,-21.66,134.7,5.0,mw,273.0,13.0,-10.0,13.0,88.0,-103.0,41.0,116.0,13.0,14.0,46.0,270.0,1190000000000000.0,-4850000000000000.0,3660000000000000.0,-1.27e+16,-3.98e+16,1.32e+16,gcmt,gem:615436117,deep_subduction
C201902231214A,2019-02-23T12:14:44,-66.66,-23.16,239.8,5.0,mw,166.0,19.0,-93.0,349.0,71.0,-89.0,26.0,78.0,1.0,169.0,64.0,261.0,-3.76e+16,4550000000000000.0,3.31e+16,8520000000000000.0,-4.63e+16,-6909999999999999.0,gcmt,gem:614973350,deep_subduction
615096333,2019-03-07T05:50:36,-69.435,-18.799,113.4,5.01,mw,203.0,21.0,-50.0,341.0,74.0,-104.0,43.99479269856667,82.08852956609411,15.561892963725338,336.4906587532548,41.87501743884408,232.033615422294,-2.16,-0.26,2.43,1.37,-3.09,0.16,gem,,deep_subduction
C201903150503A,2019-03-15T05:03:57,-65.9,-17.74,380.5,6.3,mw,157.0,52.0,150.0,267.0,67.0,42.0,46.0,128.0,43.0,291.0,9.0,29.0,2.06e+18,-2.34e+18,2.87e+17,-1.87e+18,-1.36e+18,2.7e+18,gcmt,gem:620328401,deep_subduction
C201903170053A,2019-03-17T00:53:43,-68.42,-20.46,141.5,5.1,mw,313.0,78.0,-175.0,222.0,86.0,-12.0,5.0,268.0,77.0,23.0,12.0,177.0,-1790000000000000.0,-5.87e+16,6.05e+16,1.2e+16,6270000000000000.0,-4740000000000000.0,gcmt,gem:615225291,deep_subduction
C201904211631A,2019-04-21T16:31:47,-67.12,-24.3,192.3,5.0,mw,195.0,23.0,-78.0,1.0,67.0,-95.0,22.0,95.0,5.0,3.0,67.0,262.0,-3.68e+16,-3960000000000000.0,4.08e+16,480000000000000.0,-3.85e+16,5840000000000000.0,gcmt,gem:615412601,deep_subduction
C201904221829A,2019-04-22T18:29:59,-67.16,-24.25,186.9,5.1,mw,191.0,30.0,-50.0,328.0,68.0,-110.0,20.0,73.0,18.0,336.0,62.0,207.0,-3.86e+16,-7480000000000000.0,4.61e+16,2.67e+16,-3.01e+16,-1.11e+16,gcmt,gem:615412945,deep_subduction
C201904241857A,2019-04-24T18:57:36,-68.33,-21.49,151.3,5.4,mw,260.0,21.0,19.0,152.0,83.0,110.0,48.0,83.0,19.0,329.0,35.0,225.0,2.41e+16,-3.63e+16,1.22e+16,5.06e+16,-9.79e+16,3.67e+16,gcmt,gem:615417096,deep_subduction
201905160032A,2019-05-16T00:32:00,-69.27,-31.46,121.0,5.2,mw,32.0,42.0,-83.0,202.0,49.0,-97.0,2.0,300.0,4.0,209.0,85.0,58.0,-6.3608e+16,2.0308e+16,4.33e+16,-2490000000000000.0,7141000000000000.0,1.9713e+16,gmt,gcmt:C201905160032A;gcmt:C201905160032A;us:70003lxa;gfz:615702557;gem:615702557,deep_subduction
C201905161432A,2019-05-16T14:32:52,-70.08,-17.75,123.1,5.1,mw,107.0,38.0,-125.0,329.0,60.0,-66.0,12.0,42.0,20.0,136.0,66.0,283.0,-6.33e+16,4.22e+16,2.12e+16,6440000000000000.0,-3.91e+16,-4.34e+16,gcmt,gem:615714712,deep_subduction
201905201118A,2019-05-20T11:18:00,-70.04,-31.54,113.0,5.6,mw,277.0,65.0,-13.0,13.0,79.0,-154.0,7.0,145.0,75.0,26.0,13.0,236.0,-6.91e+16,1.224e+17,-5.33e+16,-1.783e+16,-5.604e+16,2.3491e+17,gmt,gcmt:C201905201118A;gcmt:C201905201118A;us:70003nha;gfz:615739602;gem:615739602,deep_subduction
C201905210718A,2019-05-21T07:19:06,-66.66,-23.11,228.2,5.0,mw,147.0,23.0,-124.0,3.0,71.0,-77.0,25.0,83.0,13.0,179.0,62.0,293.0,-3.14e+16,970000000000000.0,3.04e+16,-6620000000000000.0,-3.84e+16,-9310000000000000.0,gcmt,gem:615740109,deep_subduction
C201905242015A,2019-05-24T20:16:04,-66.6,-28.05,176.0,5.2,mw,203.0,30.0,-30.0,320.0,75.0,-117.0,26.0,70.0,26.0,327.0,52.0,198.0,-4.41e+16,-2.65e+16,7.05e+16,5.95e+16,-5.44e+16,-1.61e+16,gcmt,gfz:615747878;gem:615747878,deep_subduction
615955666,2019-06-16T22:50:45,-66.91,-24.125,191.4,5.1,mw,172.0,43.0,-90.0,352.0,47.0,-90.0,44.99999999999999,82.0,7.235761900329499e-14,172.0000000000001,44.99999999999999,262.00000000000017,-4.78,-1.65,6.43,0.05,-0.35,-1.11,gem,,deep_subduction
201906200123A,2019-06-20T01:23:00,-68.83,-33.68,163.0,5.5,mw,352.0,52.0,-157.0,248.0,72.0,-40.0,4.0,298.0,66.0,38.0,24.0,206.0,1500000000000000.0,-8.98e+16,8.83e+16,7.989e+16,-2.961e+16,1.2065e+17,gmt,gcmt:C201906200123A;gcmt:C201906200123A;us:600043h2;gfz:616173401;gem:616173401,deep_subduction
616052520,2019-07-10T22:29:49,-66.843,-24.002,197.8,5.05,mw,239.0,44.0,-32.0,352.0,69.0,-130.0,38.44311288868443,110.75275781529194,43.98684945950491,330.73645660480776,21.229682231976504,218.7140364486022,-2.45,-0.5,2.95,1.72,-2.55,2.32,gem,,deep_subduction
616066422,2019-07-19T01:18:24,-67.315,-20.814,191.1,5.03,mw,1.0,71.0,-92.0,186.0,19.0,-85.0,44.9806882521026,272.57298742063807,2.3990828678242213,180.1734177403845,44.91891618560796,87.7790195855697,-3.71,1.88,1.84,0.1,-3.51,0.11,gem,,deep_subduction
616223953,2019-08-10T23:36:42,-66.842,-27.969,147.8,5.01,mw,116.0,25.0,-134.0,343.0,73.0,-72.0,43.40731203872019,58.88095140795673,20.59797255215739,169.70505918013544,39.46606029295236,277.73058426542985,-2.26,0.97,1.29,0.52,-3.18,-1.51,gem,,deep_subduction
616251961,2019-08-28T12:43:43,-69.145,-23.128,99.4,4.96,mw,2.0,61.0,-79.0,160.0,31.0,-109.0,44.56457898297163,263.9581720981017,17.529481622505443,12.083697654877938,40.21535660582308,117.57377097456492,-2.83,-0.11,2.95,-0.38,-1.72,-0.48,gem,,deep_subduction
616316477,2019-09-02T20:53:29,-67.134,-24.07,165.0,5.01,mw,174.0,20.0,-94.0,358.0,70.0,-89.0,44.9900643159723,87.12077870899725,1.7816901291944651,178.90271257761424,44.9545494448432,270.68243803450764,-2.49,-0.25,2.74,0.09,-3.2,-0.21,gem,,deep_subduction
201909140515A,2019-09-14T05:15:00,-68.46,-31.36,122.0,5.1,mw,212.0,45.0,-113.0,64.0,49.0,-68.0,1.0,317.0,8.0,226.0,82.0,57.0,-4.3729e+16,2.3548e+16,2.0181e+16,-1954000000000000.0,5452000000000000.0,2.734e+16,gmt,gcmt:C201909140515A;gcmt:C201909140515A;us:70005g9f;gem:616479922,deep_subduction
C201909251943A,2019-09-25T19:43:27,-66.77,-27.94,175.5,5.3,mw,194.0,46.0,-20.0,298.0,76.0,-134.0,19.0,59.0,42.0,311.0,42.0,167.0,-4.9e+16,-3.11e+16,8.01e+16,6.15e+16,-4.06e+16,-8.08e+16,gcmt,gfz:616504264;gem:616504264,deep_subduction
201909261636A,2019-09-26T16:36:00,-72.06,-40.9,139.0,6.1,mw,96.0,58.0,33.0,347.0,62.0,143.0,37.0,307.0,53.0,127.0,0.0,37.0,5.693e+17,-6.336e+17,6.44e+16,4.195e+17,5.732e+17,1.2148e+18,gmt,gcmt:C201909261636A;gcmt:C201909261636A;us:70005lt4;gfz:616542055;gem:616542055,deep_subduction
C201909301153A,2019-09-30T11:53:25,-68.72,-22.19,125.9,5.6,mw,164.0,19.0,-123.0,18.0,74.0,-79.0,28.0,100.0,10.0,195.0,60.0,303.0,-1.59e+17,-2.5e+16,1.84e+17,-9.48e+16,-2.46e+17,7000000000000001.0,gcmt,gem:616602775,deep_subduction
C201910061040A,2019-10-06T10:40:59,-68.5,-21.87,129.7,5.7,mw,236.0,30.0,-23.0,347.0,79.0,-118.0,28.0,99.0,27.0,353.0,49.0,227.0,-1.25e+17,-2.9e+17,4.1500000000000006e+17,-3.53e+16,-4.22e+17,1.33e+17,gcmt,gem:616616499,deep_subduction
700062je,2019-11-03T13:23:18,-67.7971,-29.258,120.5,5.6,mww,175.06,37.03,-43.53,302.24,65.5,-118.67,16.0,53.0,26.0,315.0,59.0,171.0,-2.1035e+17,1.689e+16,1.9346e+17,1.65e+17,-9.187e+16,-2.339e+17,us,gcmt:C201911031323A;gcmt:C201911031323A;gfz:617000015;gem:617000015,deep_subduction
201911222227A,2019-11-22T22:27:00,-70.15,-32.77,114.0,5.1,mw,359.0,32.0,-70.0,156.0,61.0,-102.0,18.0,249.0,3.0,158.0,72.0,58.0,-3.1806e+16,9277000000000000.0,2.2529e+16,-9667000000000000.0,1.7815e+16,-4703000000000000.0,gmt,gcmt:C201911222227A;gcmt:C201911222227A;us:70006bz9;neic:616917526;gem:616917526,deep_subduction
C201912090504A,2019-12-09T05:04:18,-70.07,-32.05,132.1,5.1,mw,352.0,38.0,133.0,122.0,63.0,62.0,61.0,348.0,25.0,136.0,14.0,232.0,2.03e+16,-3070000000000000.0,-1.72e+16,1.43e+16,-5480000000000000.0,1.95e+16,gcmt,,deep_subduction
C201912151842A,2019-12-15T18:42:13,-67.18,-24.21,196.3,5.0,mw,215.0,30.0,-40.0,341.0,71.0,-114.0,22.0,89.0,23.0,349.0,57.0,218.0,-2.87e+16,-1.03e+16,3.9e+16,1.85e+16,-3.33e+16,6420000000000000.0,gcmt,gem:616987900,deep_subduction
C202001080847A,2020-01-08T08:47:48,-68.88,-20.43,133.4,5.2,mw,239.0,10.0,-21.0,349.0,86.0,-99.0,41.0,88.0,9.0,350.0,48.0,249.0,-1.29e+16,-4700000000000000.0,1.7599999999999998e+16,2.02e+16,-9.8e+16,1.35e+16,gcmt,gem:617126415,deep_subduction
202001130201A,2020-01-13T02:01:00,-71.42,-40.33,190.0,5.4,mw,259.0,14.0,-25.0,14.0,84.0,-103.0,31.0,131.0,26.0,24.0,47.0,262.0,-3.237e+16,4.718e+16,-1.481e+16,-5700000000000000.0,-9.16e+16,2.956e+16,gmt,gcmt:C202001130201A;gcmt:C202001130201A;us:70006yzw;neic:617174725;gem:617174725,deep_subduction
C202001140157A,2020-01-14T01:57:32,-68.34,-21.62,141.6,5.1,mw,147.0,42.0,-91.0,328.0,48.0,-89.0,3.0,58.0,1.0,148.0,87.0,249.0,-5.8e+16,1.14e+16,4.66e+16,2810000000000000.5,-5280000000000000.0,-3.67e+16,gcmt,gem:617176277,deep_subduction
C202001240513A,2020-01-24T05:13:53,-70.9,-17.34,99.2,5.4,mw,105.0,18.0,-150.0,347.0,81.0,-75.0,35.0,64.0,15.0,165.0,51.0,275.0,-3.73e+16,200000000000000.0,3.71e+16,3.82e+16,-1.49e+17,-6e+16,gcmt,gem:617199732,deep_subduction
C202001251922A,2020-01-25T19:23:03,-67.09,-24.09,197.7,5.0,mw,248.0,31.0,-22.0,357.0,79.0,-119.0,28.0,110.0,29.0,3.0,48.0,236.0,-1.68e+16,4240000000000000.0,1.25e+16,1.23e+16,-3.74e+16,2.05e+16,gcmt,gem:617207662,deep_subduction
C202001261844A,2020-01-26T18:44:08,-65.88,-21.92,279.5,5.3,mw,323.0,8.0,66.0,167.0,83.0,93.0,52.0,81.0,3.0,347.0,38.0,254.0,2.3e+16,2100000000000000.0,-2.51e+16,2.29e+16,-9.94e+16,1.33e+16,gcmt,gem:617207707,deep_subduction
C202002010235A,2020-02-01T02:36:02,-67.07,-24.41,188.2,5.2,mw,183.0,45.0,-84.0,354.0,45.0,-96.0,0.0,89.0,4.0,359.0,86.0,181.0,-9.17e+16,-2800000000000000.0,9.46e+16,6900000000000001.0,-400000000000000.0,-2500000000000000.0,gcmt,gem:617254052,deep_subduction
C202002080617A,2020-02-08T06:18:01,-68.64,-20.91,131.1,5.2,mw,145.0,66.0,171.0,238.0,82.0,24.0,23.0,104.0,65.0,256.0,11.0,9.0,899999999999999.9,-7.09e+16,6.999999999999999e+16,-2.1e+16,-3.3800000000000004e+16,3.13e+16,gcmt,gem:617475789,deep_subduction
C202002162205A,2020-02-16T22:05:48,-68.51,-21.79,132.1,5.2,mw,178.0,31.0,-81.0,348.0,59.0,-95.0,14.0,81.0,4.0,350.0,76.0,243.0,-7.08e+16,-1.98e+16,9.06e+16,1.09e+16,-4.14e+16,-1.58e+16,gcmt,gem:617511917,deep_subduction
600089zt,2020-03-05T06:57:41,-67.6027,-28.4109,110.5,5.5,mww,167.4,40.75,-87.64,344.28,49.29,-92.04,4.0,76.0,2.0,346.0,85.0,236.0,-1.9199e+17,1.009e+16,1.819e+17,1.218e+16,-2.681e+16,-4.63e+16,us,gcmt:C202003050657A;gcmt:C202003050657A;gfz:617614953;gem:617614953,deep_subduction
C202003101344A,2020-03-10T13:44:25,-67.96,-22.12,166.1,5.1,mw,247.0,9.0,-24.0,0.0,87.0,-98.0,41.0,98.0,8.0,1.0,48.0,262.0,-1.22e+16,1.18e+16,450000000000000.0,2470000000000000.0,-5.39e+16,7270000000000000.0,gcmt,gem:617656258,deep_subduction
C202003130208A,2020-03-13T02:08:07,-69.26,-20.01,141.4,5.2,mw,263.0,53.0,-157.0,159.0,72.0,-39.0,12.0,215.0,48.0,318.0,40.0,115.0,-3.38e+16,4.769999999999999e+16,-1.4e+16,1930000000000000.0,4.74e+16,-6.019999999999999e+16,gcmt,gem:617775075,deep_subduction
617860928,2020-04-09T09:43:59,-67.115,-24.13,170.4,4.97,mw,158.0,20.0,-110.0,359.0,71.0,-83.0,44.75560398895264,83.5992263564624,8.440292634092904,182.0595956091204,44.00981659815347,280.3009705376545,-2.13,-0.04,2.16,-0.1,-2.85,-0.45,gem,,deep_subduction
C202004091406A,2020-04-09T14:06:55,-69.4,-18.23,160.8,5.0,mw,213.0,18.0,-45.0,347.0,77.0,-103.0,31.0,87.0,12.0,350.0,56.0,241.0,-3.19e+16,-1140000000000000.0,3.31e+16,1.91e+16,-6.14e+16,8530000000000000.0,gcmt,gem:617939048,deep_subduction
202004141602A,2020-04-14T16:02:00,-70.33,-33.83,115.0,5.0,mw,112.0,55.0,-136.0,353.0,55.0,-45.0,0.0,53.0,36.0,143.0,54.0,322.0,-2.65e+16,6390000000000000.0,2.01e+16,-1.6299999999999998e+16,-1.29e+16,-2.52e+16,gmt,gcmt:C202004141602A;gcmt:C202004141602A;gfz:618052989;gem:618052989,deep_subduction
C202004290537A,2020-04-29T05:37:22,-67.14,-24.3,185.5,5.4,mw,201.0,22.0,-31.0,320.0,79.0,-109.0,31.0,66.0,18.0,324.0,52.0,208.0,-5.83e+16,-3.07e+16,8.91e+16,1.01e+17,-1.1000000000000002e+17,-2.47e+16,gcmt,gem:618192960,deep_subduction
618196611,2020-04-29T16:04:32,-66.76,-23.269,205.5,4.97,mw,123.0,36.0,-123.0,342.0,60.0,-68.0,43.36587816262359,56.27293300089968,32.05677664650405,182.53697578174004,29.787823238550263,293.5437867961576,-3.18,1.47,1.71,-0.5,-2.0,-1.18,gem,,deep_subduction
C202004300923A,2020-04-30T09:23:17,-68.13,-22.66,145.3,5.3,mw,127.0,46.0,-129.0,357.0,56.0,-57.0,6.0,64.0,27.0,157.0,62.0,323.0,-9.94e+16,3100000000000000.0,9.62e+16,-3.4000000000000004e+16,-4.23e+16,-6.67e+16,gcmt,gem:618208105,deep_subduction
C202004302210A,2020-04-30T22:10:38,-67.06,-23.98,199.0,5.4,mw,203.0,21.0,-49.0,340.0,74.0,-104.0,28.0,81.0,13.0,344.0,58.0,231.0,-7.71e+16,-1.91e+16,9.63e+16,5.25e+16,-1.21e+17,200000000000000.0,gcmt,gem:618212866,deep_subduction
C202005082242A,2020-05-08T22:42:08,-68.92,-23.11,106.7,5.0,mw,153.0,40.0,-99.0,345.0,51.0,-82.0,6.0,69.0,6.0,160.0,82.0,296.0,-3.25e+16,1980000000000000.0,3.05e+16,-590000000000000.0,-7490000000000000.0,-1.3e+16,gcmt,gem:618237974,deep_subduction
C202005101804A,2020-05-10T18:04:26,-68.11,-22.74,138.6,5.4,mw,119.0,18.0,-125.0,335.0,76.0,-80.0,30.0,57.0,10.0,153.0,58.0,259.0,-8.31e+16,3.25e+16,5.06e+16,6.27e+16,-1.48e+17,-6.25e+16,gcmt,gem:618238358,deep_subduction
618317172,2020-05-22T14:59:31,-69.017,-22.959,93.4,4.97,mw,240.0,60.0,-16.0,339.0,76.0,-148.0,27.990492366961995,106.2413628045831,59.01025008750021,314.0,12.225233794645192,202.8541400809586,-1.25,-1.88,3.13,0.78,-1.28,1.88,gem,,deep_subduction
202005231310A,2020-05-23T13:10:00,-69.81,-33.56,130.0,5.2,mw,251.0,57.0,-32.0,0.0,64.0,-143.0,3.0,310.0,46.0,43.0,44.0,217.0,-3.3551e+16,4434000000000000.0,2.9117e+16,4.2343e+16,-2.8005e+16,5.367e+16,gmt,gcmt:C202005231310A;gcmt:C202005231310A;us:70009p3k;gfz:618324436;gem:618324436,deep_subduction
618366238,2020-05-29T16:32:56,-69.017,-27.61,128.0,5.0,mw,200.64,42.07,130.15,331.99,59.2,59.81,62.51,191.6,25.59,348.58,9.37,83.12,2807000000.0,1457000000.0,-4264000000.0,-1085000000.0,1085000000.0,540000000.0,gfz,,deep_subduction
C202006030735A,2020-06-03T07:35:40,-68.44,-23.22,108.6,6.8,mw,155.0,30.0,-88.0,333.0,60.0,-91.0,15.0,64.0,1.0,334.0,75.0,241.0,-1.55e+19,1.23e+18,1.43e+19,4.28e+18,-8.33e+18,-8.159999999999999e+18,gcmt,gem:618411941,deep_subduction
C202008031156A,2020-08-03T11:56:54,-69.26,-19.61,123.4,5.5,mw,179.0,29.0,-84.0,352.0,61.0,-93.0,16.0,84.0,3.0,354.0,74.0,253.0,-1.71e+17,-1.7299999999999998e+16,1.88e+17,2.06e+16,-1.1100000000000002e+17,-1.7199999999999998e+16,gcmt,gem:618707819,deep_subduction
619100829,2020-09-19T09:26:49,-68.663,-20.982,125.7,4.97,mw,103.0,27.0,-125.0,321.0,68.0,-73.0,43.83138015874946,38.85003588944079,20.34779339573525,149.70673547533215,39.20127796511081,257.313333850585,-2.6,1.97,0.63,1.1,-2.31,-0.99,gem,,deep_subduction
C202011151233A,2020-11-15T12:33:20,-67.57,-24.1,168.5,5.3,mw,239.0,6.0,-6.0,335.0,89.0,-96.0,44.0,70.0,6.0,335.0,45.0,239.0,1.23e+16,-3.01e+16,1.78e+16,4.51e+16,-1.06e+17,-1.08e+16,gcmt,gem:619544013,deep_subduction
C202011302254A,2020-11-30T22:55:06,-67.18,-24.33,189.9,6.3,mw,198.0,34.0,-61.0,344.0,60.0,-108.0,14.0,87.0,16.0,353.0,69.0,216.0,-2.95e+18,-4.43e+17,3.4e+18,9.75e+17,-1.59e+18,2.6e+16,gcmt,gem:619562451,deep_subduction
202012030237A,2020-12-03T02:37:00,-67.12,-31.92,138.0,5.2,mw,235.0,53.0,28.0,128.0,68.0,140.0,44.0,86.0,45.0,284.0,9.0,185.0,4.34e+16,-9.2e+16,4.87e+16,1.98e+16,-3.4100000000000004e+16,6400000000000000.0,gmt,gcmt:C202012030237A;gcmt:C202012030237A;neic:619571710;gem:619571710,deep_subduction
C202012040406A,2020-12-04T04:06:21,-66.67,-23.91,228.9,5.1,mw,207.0,40.0,-78.0,11.0,51.0,-100.0,6.0,108.0,8.0,18.0,80.0,234.0,-7.9e+16,5800000000000000.0,7.32e+16,5100000000000000.0,-1.85e+16,2.64e+16,gcmt,gem:619575646,deep_subduction
C202012061647A,2020-12-06T16:47:45,-69.07,-20.36,114.0,6.1,mw,188.0,21.0,-69.0,346.0,70.0,-98.0,25.0,82.0,7.0,349.0,64.0,244.0,-1.03e+18,-2.98e+17,1.32e+18,3.69e+17,-1.36e+18,-1.4000000000000002e+17,gcmt,gem:621560715,deep_subduction
C202012141520A,2020-12-14T15:20:53,-68.68,-21.83,119.9,6.0,mw,255.0,32.0,-29.0,11.0,75.0,-119.0,25.0,123.0,28.0,19.0,51.0,248.0,-6.53e+17,2.8100000000000003e+17,3.72e+17,-1.6e+16,-1.15e+18,7.55e+17,gcmt,gem:619610208,deep_subduction
C202012271355A,2020-12-27T13:55:23,-69.49,-19.15,131.7,5.1,mw,234.0,28.0,-25.0,346.0,79.0,-116.0,29.0,97.0,25.0,352.0,50.0,228.0,-2.87e+16,-1.72e+16,4.59e+16,2.17e+16,-6.63e+16,2.4e+16,gcmt,gem:619626965,deep_subduction
202101240007A,2021-01-24T00:07:00,-70.01,-33.5,108.0,5.7,mw,197.0,5.0,-94.0,21.0,85.0,-90.0,43.0,84.0,21.0,195.0,40.0,303.0,3.591e+16,-1.0286e+17,6.695e+16,-9.825e+16,-4.6491e+17,-1.5822e+17,gmt,gcmt:C202101240007A;us:7000d2s4;gfz:619763737,deep_subduction
202103081248A,2021-03-08T12:48:00,-69.78,-32.18,106.0,5.2,mw,197.0,45.0,-105.0,37.0,47.0,-76.0,4.0,111.0,5.0,21.0,84.0,236.0,-8.3507e+16,1798000000000000.0,8.1709e+16,1911000000000000.0,-1.2609e+16,3.7122e+16,gmt,gcmt:C202103081248A;us:7000dh39;gfz:619922952,deep_subduction
202104290217A,2021-04-29T02:17:00,-71.05,-37.29,155.0,5.7,mw,115.0,28.0,-159.0,6.0,80.0,-64.0,28.0,72.0,28.0,179.0,48.0,306.0,-1.1039e+17,-2.186e+16,1.3225e+17,-5.863e+16,-2.7254e+17,-1.5006e+17,gmt,gcmt:C202104290217A;us:7000dydz;gfz:620345058,deep_subduction
C202108250028A,2021-08-25T00:28:36,-69.4,-27.48,105.6,5.1,mw,320.0,40.0,-99.0,152.0,51.0,-83.0,6.0,237.0,6.0,327.0,82.0,103.0,-4.8e+16,1.3799999999999998e+16,3.42e+16,-1440000000000000.0,1.08e+16,-2.45e+16,gcmt,gfz:621003195,deep_subduction
202111030317A,2021-11-03T03:17:00,-69.91,-32.88,117.0,5.7,mw,209.0,22.0,-36.0,333.0,77.0,-108.0,30.0,74.0,8.0,339.0,58.0,235.0,-1.8566e+17,-9640000000000000.0,1.9529e+17,1.4846e+17,-3.0383e+17,-2.611e+16,gmt,gcmt:C202111030317A;us:7000fr0v;gfz:621883467,deep_subduction
6000h2il,2022-03-06T09:35:08,-68.7104,-28.5838,100.5,5.5,mww,319.52,40.28,-90.02,139.54,49.72,-89.99,5.0,230.0,0.0,320.0,85.0,50.0,-2.1624e+17,8.815e+16,1.2809e+17,-2.433e+16,2.856e+16,-1.2538e+17,us,gcmt:C202203060935A;gfz:622117693,deep_subduction
202204011128A,2022-04-01T11:28:00,-67.97,-31.39,117.0,5.2,mw,29.0,46.0,-70.0,181.0,47.0,-109.0,1.0,285.0,14.0,195.0,76.0,17.0,-7.37e+16,-1.23e+16,8.61e+16,-1.34e+16,5200000000000000.0,2.83e+16,gmt,gcmt:C202204011128A;gfz:622265758,deep_subduction
202204030516A,2022-04-03T05:16:00,-67.07,-31.54,136.0,5.1,mw,214.0,38.0,-53.0,351.0,61.0,-115.0,12.0,99.0,21.0,4.0,65.0,217.0,-4.16e+16,-7430000000000000.0,4.9e+16,1.36e+16,-2.38e+16,1.29e+16,gmt,gcmt:C202204030516A;gfz:622267725,deep_subduction
C202204241445A,2022-04-24T14:45:09,-71.16,-35.24,99.5,5.0,mw,102.0,47.0,-140.0,342.0,62.0,-51.0,9.0,45.0,34.0,141.0,55.0,303.0,-2.04e+16,1.29e+16,7540000000000000.0,-7760000000000000.0,-1.82e+16,-1.69e+16,gcmt,,deep_subduction
202206181824A,2022-06-18T18:24:00,-69.41,-33.52,148.0,5.1,mw,305.0,40.0,-41.0,69.0,65.0,-122.0,14.0,182.0,29.0,84.0,57.0,294.0,-3.81e+16,5.71e+16,-1.9e+16,-2.59e+16,-2.02e+16,-7650000000000000.0,gmt,gcmt:C202206181824A;gfz:624491753,deep_subduction
202208180210A,2022-08-18T02:10:00,-70.5,-34.42,115.0,5.3,mw,187.0,21.0,-107.0,25.0,70.0,-84.0,24.0,106.0,10.0,201.0,63.0,312.0,-7.255e+16,4620000000000000.0,6.794e+16,-4.239e+16,-7.027e+16,8510000000000000.0,gmt,gcmt:C202208180210A;us:6000ibrs;gfz:625085455,deep_subduction
202211080851A,2022-11-08T08:51:00,-70.63,-33.62,106.0,5.0,mw,148.0,43.0,164.0,250.0,79.0,48.0,30.0,120.0,40.0,240.0,35.0,6.0,-3707000000000000.0,-1.8064e+16,2.1771e+16,-2.6621e+16,-1.5507e+16,1.7672e+16,gmt,gcmt:C202211080851A;us:7000in91;gfz:625129933,deep_subduction
642005252,2022-11-20T22:17:39,-66.638,-27.89,173.0,5.0,mw,168.92,42.26,-64.52,316.14,52.62,-111.35,5.4,61.13,16.82,329.49,72.29,168.33,-2700000000.0,49000000.0,2651000000.0,807000000.0000001,-251000000.0,-1958000000.0,gfz,,deep_subduction
202211230853A,2022-11-23T08:53:00,-71.14,-35.5,85.0,5.0,mw,259.0,50.0,0.0,169.0,90.0,140.0,38.0,128.0,47.0,343.0,18.0,233.0,8014000000000000.0,-2636000000000000.0,-5377000000000000.0,-2824000000000000.0,-1.678e+16,2.0454e+16,gmt,us:7000irs5,deep_subduction
C202303132250A,2023-03-13T22:50:47,-67.46,-28.1,149.0,5.2,mw,154.0,28.0,-127.0,14.0,68.0,-72.0,21.0,91.0,16.0,187.0,63.0,312.0,-5.04e+16,-2.88e+16,7.92e+16,-1.54e+16,-5.83e+16,-3700000000000000.0,gcmt,gfz:625833058,deep_subduction
202304270607A,2023-04-27T06:07:00,-71.32,-35.66,99.0,5.0,mw,174.0,20.0,-116.0,21.0,72.0,-81.0,18.0,90.0,12.0,184.0,68.0,307.0,-2.9736e+16,-4074000000000000.0,3.381e+16,-7450000000000000.0,-2.2686e+16,-2552000000000000.0,gmt,gcmt:C202304270607A;us:7000jw73,deep_subduction
202307091711A,2023-07-09T17:11:00,-70.13,-33.22,108.0,5.6,mw,157.0,37.0,-95.0,343.0,53.0,-86.0,7.0,69.0,3.0,339.0,83.0,227.0,-3.21e+17,-2.086e+16,3.4186e+17,4.288e+16,-7.834e+16,-1.6126e+17,gmt,gcmt:C202307091711A;us:6000kr5g;gfz:635758648,deep_subduction
7000kg9g,2023-07-17T03:05:17,-70.5062,-38.0107,190.5,6.6,mww,261.91,24.55,-39.58,28.85,74.65,-109.39,27.0,134.0,19.0,34.0,56.0,274.0,-5.117e+18,3.855e+18,1.262e+18,-4.217e+18,-8.414e+18,5.284e+18,us,gcmt:C202307170305A;gfz:635758658,deep_subduction
7000l6nl,2023-10-26T21:49:38,-69.9538,-28.8854,100.5,5.4,mww,259.75,23.63,115.77,51.96,68.84,79.23,65.0,304.0,10.0,56.0,23.0,150.0,1.0558e+17,-9.998e+16,-5600000000000000.0,9.336e+16,8.217e+16,-5.926e+16,us,gcmt:C202310262149A,deep_subduction
6000m1cg,2024-01-03T08:04:08,-68.9432,-28.5553,90.5,5.5,mww,311.58,39.66,-108.61,155.2,52.78,-75.18,7.0,235.0,12.0,326.0,76.0,116.0,-1.9738e+17,6.007e+16,1.3731e+17,1570000000000000.0,6.308e+16,-1.2284e+17,us,gcmt:C202401030804A,deep_subduction
6000nq0y,2024-09-06T10:13:00,-69.4882,-28.6948,120.5,5.7,mww,349.59,40.47,88.67,171.34,49.54,91.13,85.0,91.0,1.0,351.0,5.0,261.0,4.1432e+17,-5.131e+16,-3.6301e+17,3480000000000000.0,-6.303e+16,5.404e+16,us,gcmt:C202409061012A,deep_subduction
C202409212124A,2024-09-21T21:24:33,-66.85,-32.0,153.2,6.0,mw,115.0,54.0,-134.0,354.0,54.0,-46.0,0.0,55.0,34.0,145.0,56.0,325.0,-7.92e+17,1.19e+17,6.73e+17,-3.58e+17,-2.58e+17,-7.94e+17,gcmt,,deep_subduction
C202409240058A,2024-09-24T00:58:53,-65.67,-31.56,174.4,5.0,mw,185.0,67.0,-6.0,278.0,85.0,-157.0,12.0,49.0,66.0,290.0,20.0,144.0,-1.14e+16,-4730000000000000.0,1.6200000000000002e+16,2.01e+16,-3250000000000000.0,-4.99e+16,gcmt,,deep_subduction
202410202259A,2024-10-20T22:59:00,-68.73,-30.9,117.0,5.7,mw,178.0,45.0,-106.0,20.0,48.0,-75.0,2.0,97.0,2.0,187.0,87.0,319.0,-4.9615e+17,3.319e+16,4.6296e+17,-2.42e+16,-3.675e+16,5.087e+16,gmt,gcmt:C202410202259A;us:6000nzxj,deep_subduction
202411030404A,2024-11-03T04:04:00,-69.4,-35.76,197.0,5.5,mw,187.0,26.0,-124.0,44.0,69.0,-75.0,23.0,124.0,9.0,218.0,65.0,327.0,-1.2867e+17,3.487e+16,9.379e+16,-9.826e+16,-8.751e+16,3.861e+16,gmt,gcmt:C202411030404A;us:7000npn0,deep_subduction
202412132338A,2024-12-13T23:38:00,-70.79,-35.36,115.0,6.4,mw,235.0,20.0,-53.0,16.0,74.0,-103.0,31.0,113.0,8.0,18.0,58.0,275.0,-2.0874e+18,5.091e+17,1.5783e+18,-9.561e+17,-3.8613e+18,1.0976e+18,gmt,gcmt:C202412132338A;us:7000nyqr,deep_subduction
6000pfi3,2024-12-24T22:42:34,-67.4617,-28.2519,150.5,5.9,mww,152.05,37.61,-126.88,15.5,60.78,-65.18,12.0,88.0,21.0,183.0,65.0,330.0,-6.2934e+17,-2.7133e+17,9.0067e+17,-1.8988e+17,-3.6263e+17,-8.993e+16,us,gcmt:C202412242242A,deep_subduction
010278A,,-71.61,-37.96,144.0,5.5,mw,93.0,53.0,-9.0,189.0,83.0,-142.0,20.0,315.0,52.0,198.0,31.0,58.0,-1.84e+16,4.66e+16,-2.82e+16,-1.97e+16,1.21e+17,1.454e+17,gmt,gcmt:B010278A;us:B010278A;gem:687168,deep_subduction
032079B,,-71.42,-35.79,123.0,5.4,mw,141.0,24.0,-158.0,32.0,81.0,-68.0,33.0,103.0,22.0,208.0,49.0,326.0,-4.52e+16,-2.82e+16,7.35e+16,-8.35e+16,-1.012e+17,-1.7399999999999998e+16,gmt,gcmt:B032079B;us:B032079B;gem:668598,deep_subduction
122679A,,-71.5,-35.9,111.0,5.6,mw,199.0,6.0,-66.0,355.0,85.0,-92.0,40.0,87.0,2.0,355.0,50.0,262.0,-2.66e+16,-4.67e+16,7.33e+16,2.32e+16,-2.625e+17,-100000000000000.0,gmt,gcmt:B122679A;us:B122679A;gem:654711,deep_subduction
071380A,,-70.49,-33.47,113.0,5.7,mw,102.0,14.0,178.0,195.0,89.0,76.0,44.0,91.0,14.0,195.0,43.0,299.0,6.870000000000001e+16,-1.682e+17,9.95e+16,-4.32e+16,-3.728e+17,-3.1e+16,gmt,gcmt:B071380A;us:B071380A;gem:641755,deep_subduction
080380A,,-69.82,-35.46,164.0,5.3,mw,2.0,20.0,93.0,179.0,70.0,89.0,65.0,87.0,1.0,180.0,25.0,270.0,7.259e+16,-1.58e+16,-5.678e+16,2270000000000000.0,-7.682e+16,-1120000000000000.0,gmt,gcmt:B080380A;us:B080380A;gem:639605,deep_subduction
122580B,,-67.19,-31.0,138.0,5.1,mw,173.0,40.0,-106.0,14.0,52.0,-77.0,6.0,94.0,11.0,185.0,78.0,335.0,-4.567e+16,-6899999999999999.0,5.257e+16,-8350000000000000.0,-9030000000000000.0,3730000000000000.0,gmt,gcmt:B122580B;gem:634505,deep_subduction
040681A,,-70.81,-35.36,113.0,5.2,mw,95.0,33.0,163.0,200.0,81.0,58.0,45.0,78.0,31.0,205.0,29.0,315.0,2.323e+16,-2.948e+16,6250000000000000.0,-2.116e+16,-6.902999999999999e+16,-4.644999999999999e+16,gmt,gcmt:B040681A;us:B040681A;gem:627842,deep_subduction
121581A,,-71.16,-36.13,105.0,5.0,mw,157.0,10.0,-61.0,308.0,81.0,-95.0,36.0,42.0,5.0,309.0,54.0,212.0,-1.102e+16,4370000000000000.0,6650000000000000.0,3.461e+16,-2.7e+16,-1.2609999999999998e+16,gmt,gcmt:B121581A;us:B121581A;gem:607177,deep_subduction
102183A,,-68.61,-30.69,132.0,5.4,mw,323.0,30.0,-143.0,200.0,73.0,-65.0,24.0,271.0,23.0,12.0,56.0,142.0,-9.44e+16,-1.96e+16,1.141e+17,7.46e+16,1.1020000000000002e+17,-2.82e+16,gmt,gcmt:B102183A;us:B102183A;gem:566886,deep_subduction
121583A,,-70.56,-33.09,104.0,6.0,mw,202.0,21.0,-78.0,9.0,69.0,-95.0,24.0,102.0,4.0,10.0,65.0,271.0,-8.194000000000001e+17,2.03e+16,7.991e+17,-1.062e+17,-9.358e+17,2.21e+17,gmt,gcmt:B121583A;us:B121583A;neis:562902;gem:562902,deep_subduction
050984A,,-70.19,-34.34,108.0,5.3,mw,205.0,31.0,-95.0,31.0,60.0,-87.0,15.0,119.0,3.0,209.0,75.0,309.0,-7.983e+16,1.1279999999999998e+16,6.855000000000001e+16,-2.63e+16,-4.021e+16,4.455e+16,gmt,gcmt:B050984A;us:B050984A;gem:552612,deep_subduction
110884E,,-68.5,-31.54,144.0,5.3,mw,178.0,45.0,-115.0,32.0,50.0,-67.0,2.0,106.0,17.0,196.0,72.0,8.0,-9.666e+16,2940000000000000.0,9.372e+16,-3.35e+16,570000000000000.0,2.574e+16,gmt,gcmt:B110884E;us:B110884E;gem:538653,deep_subduction
112984B,,-71.28,-35.42,102.0,5.3,mw,151.0,19.0,-154.0,37.0,82.0,-73.0,35.0,112.0,17.0,214.0,50.0,326.0,-3.752e+16,-2.316e+16,6.068e+16,-7.942e+16,-9.489e+16,2400000000000000.0,gmt,gcmt:B112984B;us:B112984B;gem:540222,deep_subduction
102485A,,-68.73,-31.55,124.0,5.5,mw,63.0,44.0,-105.0,263.0,48.0,-76.0,2.0,344.0,10.0,74.0,80.0,244.0,-2.627e+17,2.235e+17,3.91e+16,2.94e+16,-4.62e+16,6.06e+16,gmt,gcmt:B102485A;us:B102485A;gem:514293,deep_subduction
010886A,,-71.38,-35.83,96.0,5.1,mw,303.0,16.0,0.0,33.0,90.0,-106.0,43.0,138.0,16.0,33.0,43.0,288.0,1380000000000000.0,1.464e+16,-1.602e+16,-3.571e+16,-5.215e+16,9440000000000000.0,gmt,gcmt:B010886A;us:B010886A;gem:505240,deep_subduction
020986A,,-71.11,-36.24,125.0,5.2,mw,14.0,14.0,92.0,192.0,76.0,89.0,59.0,101.0,1.0,192.0,31.0,282.0,3.297e+16,1.534e+16,-4.832e+16,-1.66e+16,-8.03e+16,-1.481e+16,gmt,gcmt:B020986A;us:B020986A;gem:503210,deep_subduction
123087A,,-71.01,-34.74,112.0,5.4,mw,126.0,21.0,-171.0,27.0,87.0,-69.0,38.0,99.0,21.0,206.0,45.0,318.0,-1.7299999999999998e+16,-4.46e+16,6.19e+16,-7.35e+16,-1.365e+17,-2.61e+16,gmt,gcmt:B123087A;us:B123087A;neic:451852;gem:451852,deep_subduction
040189A,,-70.19,-32.86,119.0,5.3,mw,158.0,18.0,-122.0,10.0,75.0,-80.0,29.0,93.0,9.0,188.0,59.0,294.0,-4.807e+16,-1.821e+16,6.628e+16,-1.821e+16,-9.198e+16,-3970000000000000.0,gmt,gcmt:B040189A;us:B040189A;gem:406297,deep_subduction
051490C,,-71.34,-35.89,92.0,6.1,mw,273.0,40.0,19.0,168.0,78.0,128.0,44.0,115.0,37.0,339.0,24.0,230.0,5.77e+17,-5.92e+17,1.4e+16,-1.64e+17,-1.458e+18,1.059e+18,gmt,gcmt:C051490C;us:C051490C;neic:369309;gem:369309,deep_subduction
090490F,,-68.66,-30.92,118.0,5.7,mw,215.0,44.0,-92.0,37.0,46.0,-88.0,1.0,126.0,1.0,216.0,88.0,356.0,-4.189e+17,1.276e+17,2.913e+17,-1.53e+16,-8300000000000000.0,2.503e+17,gmt,gcmt:B090490F;us:B090490F;gem:355546,deep_subduction
122190F,,-69.7,-32.71,130.0,5.4,mw,289.0,47.0,-7.0,24.0,85.0,-137.0,24.0,149.0,47.0,30.0,33.0,256.0,-2.85e+16,9.75e+16,-6.899999999999999e+16,-5.15e+16,-1.004e+17,9.67e+16,gmt,gcmt:B122190F;us:B122190F;gem:348181,deep_subduction
091591E,,-69.96,-31.58,123.0,5.8,mw,262.0,87.0,0.0,172.0,90.0,177.0,2.0,127.0,87.0,351.0,2.0,217.0,1.17e+16,-1.936e+17,1.819e+17,4500000000000000.0,-3.22e+16,6.721e+17,gmt,gcmt:B091591E;us:B091591E;gem:320042,deep_subduction
120191C,,-69.55,-32.03,114.0,5.4,mw,197.0,46.0,-121.0,58.0,52.0,-62.0,3.0,129.0,22.0,220.0,68.0,32.0,-1.074e+17,2.52e+16,8.21e+16,-2.26e+16,600000000000000.0,1.199e+17,gmt,gcmt:B120191C;us:B120191C;gem:309241,deep_subduction
122992C,,-67.15,-31.55,144.0,5.4,mw,139.0,26.0,-112.0,343.0,66.0,-80.0,21.0,65.0,9.0,159.0,67.0,272.0,-8.853e+16,-1070000000000000.0,8.960000000000002e+16,2.374e+16,-8.882999999999998e+16,-6.148e+16,gmt,gcmt:B122992C;us:B122992C;gem:259890,deep_subduction
060893F,,-69.13,-31.62,124.0,6.3,mw,40.0,41.0,-95.0,226.0,49.0,-86.0,4.0,313.0,3.0,44.0,85.0,172.0,-2.988e+18,1.386e+18,1.601e+18,4.03e+17,2.08e+17,1.768e+18,gmt,gcmt:C060893F;us:C060893F;neic:227125;gem:227125,deep_subduction
103093E,,-68.16,-31.77,126.0,5.8,mw,180.0,41.0,-125.0,43.0,58.0,-64.0,9.0,114.0,22.0,208.0,66.0,3.0,-5.091e+17,-2500000000000000.0,5.116e+17,-2.775e+17,-8.2e+16,2.3570000000000003e+17,gmt,gcmt:B103093E;us:B103093E;gem:205282,deep_subduction
102094A,,-70.8,-39.19,170.0,5.9,mw,234.0,15.0,161.0,343.0,85.0,76.0,48.0,238.0,14.0,344.0,39.0,86.0,1.434e+17,1.437e+17,-2.87e+17,-2.767e+17,8.699999999999999e+17,-1.3839999999999998e+17,gmt,gcmt:B102094A;us:B102094A;neic:151335;gem:151335,deep_subduction
021097B,,-68.31,-32.98,152.0,5.3,mw,317.0,15.0,-31.0,77.0,82.0,-103.0,36.0,178.0,13.0,79.0,51.0,333.0,-2.933e+16,3.393e+16,-4600000000000000.0,-9.537000000000002e+16,-2.647e+16,-1.6220000000000002e+16,gmt,gcmt:B021097B;us:B021097B;gem:1010513,deep_subduction
032597A,,-70.62,-33.45,90.0,5.5,mw,158.0,59.0,-161.0,58.0,74.0,-33.0,10.0,111.0,54.0,215.0,34.0,14.0,-6.04e+16,-1.123e+17,1.727e+17,-1.1279999999999998e+17,-8000000000000000.0,1.068e+17,gmt,gcmt:B032597A;us:B032597A;gem:1018080,deep_subduction
042097B,,-70.39,-33.85,116.0,5.6,mw,181.0,13.0,-93.0,4.0,77.0,-89.0,32.0,93.0,1.0,184.0,58.0,275.0,-1.077e+17,-3e+16,1.3779999999999998e+17,-1.85e+16,-2.522e+17,8300000000000000.0,gmt,gcmt:B042097B;us:B042097B;gem:1022732,deep_subduction
061997F,,-70.19,-33.15,116.0,5.3,mw,150.0,24.0,-137.0,20.0,74.0,-72.0,27.0,95.0,17.0,195.0,57.0,313.0,-7.006e+16,-9930000000000000.0,7.998e+16,-5.121000000000001e+16,-9.756e+16,-1.321e+16,gmt,gcmt:B061997F;us:B061997F;neic:1032843;gem:1032843,deep_subduction
011498D,,-68.16,-31.82,134.0,5.2,mw,176.0,31.0,-123.0,34.0,65.0,-72.0,18.0,110.0,16.0,206.0,65.0,336.0,-6.84e+16,1.306e+16,5.534e+16,-4.489e+16,-2.975e+16,4830000000000000.0,gmt,gcmt:B011498D;us:B011498D;gem:1064295,deep_subduction
060798B,,-67.77,-31.48,125.0,5.9,mw,148.0,54.0,-145.0,36.0,62.0,-42.0,33.742789116360264,254.50714201769028,55.73632047391157,63.19733241337372,5.267886192150525,160.97602781081537,-4.43e+17,-3.694e+17,8.124e+17,-3.63e+17,-9.25e+16,4.14e+16,gmt,gcmt:B060798B;us:pde19980607161046250_113;neic:1144367;gem:1144367,deep_subduction
082498B,,-69.32,-32.84,115.0,5.1,mw,102.0,29.0,-106.0,300.0,62.0,-81.0,16.0,24.0,8.0,116.0,72.0,231.0,-4.466e+16,4.109e+16,3570000000000000.0,2.462e+16,-1.851e+16,-1.772e+16,gmt,gcmt:B082498B;us:B082498B;gem:1178523,deep_subduction
112798D,,-69.21,-32.04,129.0,5.4,mw,191.0,45.0,-107.0,35.0,47.0,-74.0,1.0,113.0,12.0,203.0,78.0,19.0,-1.681e+17,1.02e+16,1.579e+17,-3.19e+16,7500000000000000.0,7.67e+16,gmt,gcmt:B112798D;us:B112798D;gem:1326078,deep_subduction
121198B,,-68.94,-31.52,128.0,5.4,mw,32.0,41.0,-97.0,221.0,49.0,-84.0,4.0,306.0,4.0,37.0,84.0,174.0,-1.3959999999999998e+17,4.11e+16,9.85e+16,2.01e+16,1.26e+16,9.4e+16,gmt,gcmt:B121198B;us:B121198B;gem:1333342,deep_subduction
020599D,,-70.56,-34.78,99.0,5.2,mw,126.0,47.0,146.0,241.0,66.0,48.0,51.0,103.0,37.0,261.0,11.0,359.0,4.761999999999999e+16,-6.595e+16,1.833e+16,-2.171e+16,-6.548e+16,1.162e+16,gmt,gcmt:B020599D;us:B020599D;gem:1449023,deep_subduction
042599B,,-69.34,-31.91,120.0,5.3,mw,36.0,42.0,-62.0,181.0,54.0,-113.0,6.0,286.0,18.0,194.0,71.0,35.0,-8.96e+16,-2.11e+16,1.1080000000000002e+17,-1.36e+16,2.86e+16,4.53e+16,gmt,gcmt:B042599B;us:B042599B;gem:1627792,deep_subduction
052299A,,-70.57,-36.56,164.0,5.3,mw,204.0,12.0,-65.0,359.0,80.0,-95.0,34.0,93.0,5.0,0.0,55.0,263.0,-4.258e+16,1.327e+16,2.93e+16,4500000000000000.0,-9.449e+16,7980000000000000.0,gmt,gcmt:B052299A;us:B052299A;gem:1681383,deep_subduction
080299A,,-70.1,-33.08,108.0,5.5,mw,141.0,19.0,-151.0,23.0,81.0,-73.0,34.0,99.0,17.0,201.0,51.0,313.0,-5.91e+16,-5.560000000000001e+16,1.147e+17,-8.11e+16,-1.879e+17,-7600000000000000.0,gmt,gcmt:B080299A;us:B080299A;gem:1654910,deep_subduction
080499C,,-67.98,-31.87,126.0,5.3,mw,155.0,45.0,-139.0,33.0,62.0,-53.0,10.0,98.0,32.0,194.0,56.0,353.0,-8.74e+16,-2.45e+16,1.119e+17,-7.94e+16,-2.44e+16,5600000000000000.0,gmt,gcmt:B080499C;us:B080499C;neic:1654972;gem:1654972,deep_subduction
061600B,,-69.92,-33.95,109.0,6.4,mw,219.0,33.0,-67.0,11.0,60.0,-105.0,44.093904166448574,291.13858147183896,20.40868478590902,180.00869493309773,38.8925306757845,72.54256663054446,-3.805e+18,2.61e+17,3.544e+18,3.1e+16,-2.307e+18,1.862e+18,gmt,gcmt:C061600B;us:pde20000616075535390_120;neic:1736564;gem:1736564,deep_subduction
022102D,,-67.3,-31.77,134.0,5.4,mw,131.0,33.0,-149.0,15.0,74.0,-61.0,23.0,83.0,28.0,186.0,52.0,319.0,-7.131e+16,-1.059e+16,8.19e+16,-6.245e+16,-9.371e+16,-4.49e+16,gmt,gcmt:B022102D;us:B022102D;gem:2903490,deep_subduction
092402B,,-69.12,-31.48,120.0,6.2,mw,27.0,39.0,-94.0,212.0,51.0,-87.0,45.000000000000014,305.0,17.3137416939303,196.83657476200852,39.89850481718888,91.72903174807708,-2.633e+18,5.68e+17,2.065e+18,3.91e+17,4.63e+17,1.278e+18,gmt,gcmt:C092402B;us:pde20020924035722280_119;neic:3379719;gem:3379719,deep_subduction
093002B,,-71.07,-35.17,114.0,5.2,mw,222.0,23.0,-73.0,23.0,68.0,-97.0,23.0,119.0,7.0,26.0,66.0,281.0,-7.017e+16,2.646e+16,4.372e+16,-2.087e+16,-6.472000000000001e+16,2.426e+16,gmt,gcmt:B093002B;us:B093002B;gem:3427294,deep_subduction
121202A,,-67.28,-31.86,132.0,5.3,mw,245.0,33.0,8.0,148.0,86.0,123.0,40.0,89.0,33.0,326.0,33.0,211.0,1.482e+16,-5.94e+16,4.459e+16,1.236e+16,-8.694000000000002e+16,5960000000000000.0,gmt,gcmt:B121202A;us:B121202A;gem:6256775,deep_subduction
122602C,,-68.55,-31.46,122.0,5.2,mw,347.0,37.0,-81.0,156.0,54.0,-97.0,9.0,251.0,6.0,160.0,80.0,37.0,-9.987e+16,3.4e+16,6.587e+16,-2.118e+16,1.982e+16,-1.017e+16,gmt,gcmt:B122602C;us:B122602C;gem:6264803,deep_subduction
010703A,,-70.22,-33.6,113.0,5.7,mw,199.0,28.0,-70.0,356.0,64.0,-100.0,19.0,94.0,9.0,1.0,69.0,246.0,-3.17e+17,-1.92e+16,3.37e+17,4.58e+16,-2.52e+17,4.55e+16,gmt,gcmt:B010703A;us:B010703A;gem:6532247,deep_subduction
051803C,,-69.18,-31.46,122.0,5.4,mw,43.0,41.0,-82.0,213.0,49.0,-97.0,4.0,308.0,5.0,218.0,84.0,75.0,-1.32e+17,4.6e+16,8.6e+16,3599999999999999.5,2.13e+16,8.31e+16,gmt,gcmt:B051803C;us:B051803C;neic:6843892;gem:6843892,deep_subduction
052703D,,-68.7,-31.32,128.0,5.5,mw,223.0,37.0,-75.0,25.0,54.0,-101.0,9.0,122.0,9.0,31.0,78.0,256.0,-2.16e+17,6.52e+16,1.51e+17,-6800000000000000.0,-7.59e+16,1.04e+17,gmt,gcmt:B052703D;us:B052703D;neic:6851922;gem:6851922,deep_subduction
092803G,,-71.11,-35.54,105.0,5.1,mw,245.0,17.0,-66.0,39.0,74.0,-97.0,29.0,135.0,7.0,41.0,60.0,299.0,-3.04e+16,1.97e+16,1.07e+16,-2.21e+16,-3.34e+16,2970000000000000.0,gmt,gcmt:B092803G;us:B092803G;gem:7138194,deep_subduction
043004A,,-70.5,-33.59,102.0,5.0,mw,157.0,35.0,-133.0,26.0,65.0,-64.0,16.0,97.0,23.0,194.0,61.0,335.0,-2.92e+16,-1.07e+16,3.99e+16,-1.6200000000000002e+16,-1.99e+16,2160000000000000.0,gmt,gcmt:C043004A;us:C043004A;gem:7336457,deep_subduction
102998B,,-70.46,-32.56,110.0,5.3,mw,165.0,47.0,164.0,266.0,78.0,44.0,39.0,135.0,45.0,278.0,19.0,29.0,3.04,-3.98,0.93,-6.5,-1.91,7.3,gmt,us:B102998B;gem:1314302,deep_subduction
121498D,,-71.25,-38.28,146.0,5.9,mw,250.0,8.0,-6.0,346.0,89.0,-98.0,,,,,,,,,,,,,gmt,,deep_subduction
