id,time_iso,longitude,latitude,depth,mag,mag_type,strike1,dip1,rake1,strike2,dip2,rake2,T_plunge,T_azimuth,N_plunge,N_azimuth,P_plunge,P_azimuth,Mrr,Mtt,Mpp,Mrt,Mrp,Mtp,source,dups,class
672923,1978-12-24T00:02:03,-69.99,-20.089,49.8,5.24,mw,173.0,57.0,95.0,344.0,34.0,82.0,43.29700044600152,279.4013501307432,10.158010126607632,179.68182014423996,44.91986560986906,79.38943632068396,7.32,1.33,-8.64,0.13,-3.45,2.0,gem,,subduction_interface
B042879E,1979-04-28T11:38:25,-71.17,-27.39,21.1,6.1,mw,31.0,24.0,68.0,234.0,68.0,99.0,66.0,161.0,9.0,51.0,22.0,317.0,1.307e+18,-6.07e+17,-7e+17,-1.162e+18,-7.19e+17,-8.27e+17,gcmt,gem:667302,subduction_interface
C051479B,1979-05-14T23:04:07,-69.32,-23.05,72.4,5.9,mw,183.0,27.0,-101.0,16.0,63.0,-84.0,18.0,102.0,5.0,193.0,71.0,298.0,-2.219e+18,-3.61e+17,2.58e+18,-5.66e+17,-1.707e+18,5.5800000000000006e+17,gcmt,gem:665090,subduction_interface
B080279A,1979-08-02T07:40:29,-71.48,-28.01,19.0,5.1,mw,15.0,28.0,113.0,169.0,65.0,79.0,68.0,57.0,10.0,174.0,19.0,268.0,1.488e+17,5.27e+16,-2.015e+17,3.28e+16,-1.353e+17,899999999999999.9,gcmt,gem:659696,subduction_interface
B010781C,1981-01-07T16:26:47,-71.39,-23.96,15.0,5.2,mw,5.0,33.0,93.0,181.0,57.0,88.0,78.0,84.0,2.0,182.0,12.0,273.0,2.8370000000000003e+17,5.659999999999999e+16,-3.403e+17,800000000000000.0,-1.417e+17,-2.13e+16,gcmt,gem:632399,subduction_interface
B062181A,1981-06-21T10:30:09,-70.83,-20.84,15.0,5.6,mw,299.0,24.0,40.0,172.0,75.0,109.0,56.0,107.0,18.0,347.0,27.0,247.0,2.378e+17,-4.03e+16,-1.975e+17,1.64e+16,-4.147e+17,1.879e+17,gcmt,gem:625496,subduction_interface
590975,1982-10-24T10:43:42,-70.211,-22.281,36.2,5.49,mw,150.0,74.0,88.0,337.0,16.0,97.0,44.93146000570727,237.08677021109423,2.266590091670764,329.34971253804173,44.97892161123462,61.61640900204873,1.04,-0.09,-0.95,0.9,-1.55,0.6,gem,,subduction_interface
C100483C,1983-10-04T18:52:37,-70.56,-26.01,38.7,7.3,mw,9.0,20.0,110.0,168.0,71.0,83.0,63.0,66.0,7.0,170.0,26.0,263.0,2.044e+20,1.31e+19,-2.175e+20,6.790000000000001e+19,-2.552e+20,8e+18,gcmt,gem:566056,subduction_interface
556510,1984-03-04T22:34:25,-70.8,-26.636,31.1,5.34,mw,31.0,26.0,114.0,185.0,66.0,79.0,41.74162193413834,74.25735614792166,14.885230072931629,177.9768565068938,44.47042334994301,283.1023881244272,8.68,1.28,-9.96,-0.15,-8.52,-3.57,gem,,subduction_interface
B072484A,1984-07-24T04:49:53,-71.18,-25.71,15.8,5.3,mw,14.0,18.0,126.0,157.0,75.0,79.0,58.0,53.0,10.0,160.0,30.0,256.0,3.327e+17,5200000000000000.0,-3.378e+17,2.5790000000000003e+17,-5.042e+17,9700000000000000.0,gcmt,gem:549537,subduction_interface
B022185C,1985-02-21T21:53:02,-71.01,-20.79,15.0,5.3,mw,10.0,30.0,114.0,163.0,63.0,77.0,69.0,47.0,11.0,169.0,17.0,263.0,2.371e+17,6.25e+16,-2.996e+17,7.15e+16,-1.762e+17,3.17e+16,gcmt,gem:532700,subduction_interface
B030485A,1985-03-04T00:32:21,-71.76,-33.23,33.0,7.3,mwc,234.0,32.0,155.0,346.0,77.0,60.0,49.0,223.0,29.0,353.0,26.0,99.0,5.84e+19,-5.5e+18,-5.289e+19,-7.36e+19,9.282e+19,-5.169e+19,us,gem:529093,subduction_interface
506896,1986-01-26T07:48:25,-70.848,-26.976,32.1,5.38,mw,206.0,34.0,117.0,355.0,60.0,73.0,34.12160953205588,227.57134717084125,26.777891962795447,337.5672429246615,43.98872627603304,96.72034797992836,1.19,0.07,-1.25,-0.27,0.69,-0.26,gem,,subduction_interface
B102486A,1986-10-24T02:42:55,-70.15,-25.41,50.0,5.4,mw,239.0,32.0,174.0,334.0,87.0,58.0,39.0,215.0,32.0,336.0,34.0,91.0,1.93e+16,9.24e+16,-1.117e+17,-8.79e+16,1.693e+17,-6.32e+16,gcmt,gem:484830,subduction_interface
471277,1987-03-05T09:17:05,-70.116,-24.343,45.6,7.54,mw,12.0,23.0,106.0,175.0,68.0,83.0,43.92270382713712,72.84544878900607,8.57397377201008,171.19462606530578,44.80354506636781,269.80653102763563,1.75,-0.05,-1.69,0.29,-1.76,-0.11,gem,,subduction_interface
471544,1987-03-08T12:51:44,-70.501,-20.574,32.7,5.25,mw,52.0,22.0,142.0,178.0,77.0,73.0,40.621181196886575,65.98299744071215,19.060496868849544,173.2220289667298,43.25036035895868,282.1892155787323,3.44,1.44,-4.87,0.26,-8.03,-2.72,gem,,subduction_interface
B030887A,1987-03-08T12:51:51,-71.09,-20.01,15.0,5.3,mw,52.0,22.0,142.0,178.0,77.0,73.0,55.0,67.0,17.0,182.0,30.0,282.0,3.435e+16,1.441e+16,-4.876e+16,2630000000000000.0,-8.029e+16,-2.719e+16,gcmt,,subduction_interface
B052387B,1987-05-23T05:01:15,-71.13,-19.97,15.0,5.2,mw,331.0,30.0,56.0,189.0,66.0,107.0,65.0,129.0,16.0,1.0,19.0,266.0,4.608e+16,6810000000000000.0,-5.289e+16,-1.349e+16,-4.01e+16,1.004e+16,gcmt,gem:467609,subduction_interface
B061187A,1987-06-11T05:08:58,-71.43,-20.41,15.0,5.0,mw,15.0,34.0,126.0,154.0,63.0,69.0,65.0,26.0,19.0,164.0,16.0,259.0,4.139e+16,1810000000000000.0,-4.321e+16,2.29e+16,-2.129e+16,3470000000000000.0,gcmt,gem:464074,subduction_interface
B082487A,1987-08-24T06:09:49,-71.36,-20.41,15.0,5.1,mw,178.0,44.0,109.0,332.0,49.0,72.0,77.0,173.0,13.0,344.0,2.0,75.0,4.296e+16,-2100000000000000.0,-4.086e+16,-1.171e+16,50000000000000.0,1.098e+16,gcmt,gem:460505,subduction_interface
456586,1987-10-31T05:11:19,-69.967,-25.721,65.2,5.06,mw,75.0,79.0,-149.0,338.0,60.0,-13.0,26.797782431002137,23.440652622139,59.040448597391176,236.09372184202303,14.344606568088563,120.8619451296678,-0.57,2.6,-2.03,-2.02,-1.84,-3.3,gem,,subduction_interface
C011988B,1988-01-19T07:30:46,-70.55,-24.86,31.0,6.8,mw,353.0,17.0,87.0,177.0,73.0,91.0,62.0,88.0,1.0,357.0,28.0,266.0,1.88e+19,1.21e+18,-2.001e+19,1.49e+18,-2.923e+19,1.8e+18,gcmt,gem:448284,subduction_interface
B012088A,1988-01-20T15:01:38,-71.2,-24.73,15.0,5.2,mw,358.0,22.0,91.0,177.0,68.0,90.0,67.0,86.0,0.0,177.0,23.0,267.0,4.829e+17,8.28e+16,-5.657e+17,3.3e+16,-5.467e+17,3.23e+16,gcmt,gem:448428,subduction_interface
444621,1988-02-01T13:32:54,-70.37,-24.657,40.4,5.27,mw,70.0,29.0,161.0,176.0,81.0,62.0,36.56293275410109,58.05305317103159,28.48542171093034,171.78419734539457,40.26114100021958,289.14215667175927,2.8,0.05,-2.85,1.7,-8.27,-4.33,gem,,subduction_interface
C022288C,1988-02-22T19:13:26,-69.57,-20.53,66.9,6.3,mw,178.0,16.0,-42.0,309.0,79.0,-102.0,33.0,49.0,12.0,311.0,54.0,203.0,-3.218e+18,1.33e+17,3.085e+18,6.559e+18,-4.789e+18,-2.04e+18,gcmt,gem:446243,subduction_interface
B033088B,1988-03-30T23:51:05,-71.17,-24.89,15.0,5.7,mw,337.0,12.0,90.0,157.0,78.0,90.0,57.0,67.0,0.0,337.0,33.0,247.0,7.96e+17,5.5e+16,-8.51e+17,8.02e+17,-1.898e+18,4.7e+17,gcmt,gem:444485,subduction_interface
B050588C,1988-05-05T17:39:17,-71.46,-29.32,33.0,5.4,mwc,0.0,3.0,53.0,217.0,87.0,92.0,48.0,129.0,2.0,36.0,42.0,305.0,8100000000000000.0,5100000000000000.0,-1.32e+16,-8.61e+16,-1.176e+17,-1.35e+16,us,gem:437084,subduction_interface
B070488C,1988-07-04T13:54:21,-71.72,-18.35,27.0,5.4,mw,272.0,46.0,19.0,168.0,76.0,134.0,41.0,119.0,42.0,336.0,19.0,227.0,1.918e+17,-1.3620000000000002e+17,-5.560000000000001e+16,3.87e+16,-3.296e+17,3.933e+17,gcmt,gem:430659,subduction_interface
B081788C,1988-08-17T11:34:55,-71.18,-26.72,15.0,5.7,mw,49.0,11.0,156.0,163.0,85.0,80.0,49.0,62.0,10.0,164.0,40.0,262.0,3.28e+17,-2.5e+16,-3.03e+17,5.16e+17,-1.437e+18,-2.35e+17,gcmt,gem:429258,subduction_interface
B051989B,1989-05-19T11:51:01,-70.07,-24.86,50.4,5.4,mw,52.0,21.0,151.0,169.0,80.0,71.0,51.0,58.0,18.0,173.0,33.0,275.0,5.44e+16,3500000000000000.5,-5.8e+16,4.06e+16,-1.314e+17,-3.89e+16,gcmt,gem:405065,subduction_interface
B091489A,1989-09-14T04:42:40,-71.44,-26.9,15.0,5.0,mw,65.0,15.0,-35.0,190.0,81.0,-102.0,35.0,290.0,12.0,191.0,52.0,85.0,-5.779999999999999e+16,3599999999999999.5,5.42e+16,3.25e+16,2.058e+17,5.99e+16,gcmt,,subduction_interface
360919,1990-08-28T08:58:06,-69.898,-19.735,62.3,5.24,mw,150.0,45.0,-92.0,334.0,45.0,-88.0,44.99127423966529,61.41406999932849,44.9999999999999,239.9999999999913,0.7070888304804044,330.7071426817829,-7.83,0.46,7.37,-0.12,-0.13,-5.21,gem,,subduction_interface
275855,1992-08-04T02:36:32,-70.602,-20.574,23.4,5.12,mw,48.0,35.0,140.0,173.0,68.0,62.0,30.410118566895463,44.48641104972609,33.457718014645835,157.30785060062567,41.543577555880425,283.14935411875075,3.7,0.22,-3.91,1.81,-3.67,-2.02,gem,,subduction_interface
B102992F,1992-10-29T14:39:17,-71.1,-29.26,46.0,5.3,mwc,130.0,17.0,-11.0,231.0,87.0,-107.0,40.0,336.0,17.0,232.0,46.0,124.0,-2.95,3.76,-0.8,6.4,8.02,-3.22,us,gem:270333,subduction_interface
B110892C,1992-11-08T10:23:02,-70.95,-23.32,15.0,5.0,mw,21.0,11.0,126.0,165.0,81.0,84.0,53.0,67.0,6.0,166.0,36.0,260.0,9.95e+16,-5500000000000000.0,-9.4e+16,8.38e+16,-2.73e+17,-1.2e+16,gcmt,gem:261624,subduction_interface
B031993B,1993-03-19T01:48:12,-71.58,-27.04,15.0,5.6,mw,351.0,19.0,91.0,170.0,71.0,90.0,64.0,80.0,0.0,170.0,26.0,260.0,5.6900000000000006e+17,4.78e+16,-6.168e+17,1.321e+17,-7.488e+17,1.177e+17,gcmt,gem:243793,subduction_interface
243907,1993-03-19T16:01:12,-71.059,-26.677,25.7,5.28,mw,181.0,60.0,101.0,339.0,32.0,72.0,39.75164940534184,297.9550093306414,18.288249243553352,192.0,44.57716702316448,82.99512573119893,8.2,1.41,-9.61,-0.7,-5.04,1.81,gem,,subduction_interface
B052895F,1995-05-28T19:59:12,-71.1,-29.05,42.0,5.5,mwc,170.0,19.0,88.0,352.0,71.0,91.0,64.0,264.0,1.0,172.0,26.0,82.0,1.332e+17,-2400000000000000.0,-1.308e+17,-2.14e+16,1.658e+17,2.03e+16,us,neic:106610;gem:106610,subduction_interface
98665,1995-06-14T16:13:00,-70.205,-24.789,47.1,5.34,mw,44.0,9.0,57.0,257.0,83.0,95.0,44.71928888931467,173.02761940598805,5.060884913306982,77.99654608473827,44.834843624755486,342.9450849604321,0.15,-0.39,0.24,-1.19,-0.31,-0.28,gem,,subduction_interface
M073095A,1995-07-30T05:11:56,-70.74,-24.17,28.7,7.3,mw,354.0,22.0,87.0,177.0,68.0,91.0,67.0,90.0,1.0,357.0,23.0,267.0,8.260999999999999e+20,4.25e+19,-8.686e+20,3.02e+19,-8.674e+20,6.42e+19,gcmt,,subduction_interface
86830,1995-08-01T05:10:56,-71.267,-25.04,17.5,5.13,mw,151.0,56.0,109.0,299.0,38.0,64.0,26.896892329496023,288.3109661283264,34.127148199305104,178.2028940013762,43.88763779457642,47.51605424434592,4.52,-1.99,-2.52,0.75,-1.94,4.64,gem,,subduction_interface
86911,1995-08-01T15:44:30,-71.125,-24.235,17.5,5.28,mw,191.0,68.0,101.0,344.0,25.0,65.0,42.17670978905475,299.8324212329496,13.996880085793252,196.78015388584336,44.46685161443501,92.61759741780742,7.2,0.72,-7.92,-2.14,-7.06,0.26,gem,,subduction_interface
B080295A,1995-08-02T00:14:14,-71.2,-23.05,15.0,5.5,mw,16.0,18.0,117.0,168.0,74.0,82.0,60.0,67.0,8.0,170.0,29.0,265.0,5.473e+17,8.1e+16,-6.283e+17,2.257e+17,-9.11e+17,-1.11e+16,gcmt,gem:86947,subduction_interface
B080295B,1995-08-02T11:05:44,-71.07,-23.03,15.0,5.1,mw,23.0,15.0,128.0,165.0,78.0,81.0,56.0,63.0,9.0,166.0,33.0,262.0,2.346e+17,6200000000000000.0,-2.408e+17,1.614e+17,-4.922e+17,-2.87e+16,gcmt,gem:87020,subduction_interface
B080295C,1995-08-02T16:27:37,-70.99,-23.28,15.0,5.1,mw,42.0,19.0,139.0,172.0,78.0,75.0,55.0,63.0,14.0,175.0,31.0,274.0,2.019e+17,2.44e+16,-2.263e+17,9.2e+16,-4.204e+17,-8.93e+16,gcmt,gem:87058,subduction_interface
C080395B,1995-08-03T01:57:28,-70.96,-23.02,15.0,5.9,mw,11.0,12.0,112.0,168.0,79.0,85.0,56.0,73.0,4.0,169.0,34.0,262.0,1.391e+18,1.16e+17,-1.507e+18,7.42e+17,-3.384e+18,2.8e+16,gcmt,gem:87124,subduction_interface
88132,1995-08-09T08:23:02,-70.28,-23.2,33.1,5.45,mw,22.0,24.0,130.0,159.0,72.0,74.0,40.43436515520922,46.51067077109303,18.542310934340865,153.1178847738263,43.75178134521084,261.8480469832519,1.08,0.1,-1.18,0.69,-1.24,-0.05,gem,,subduction_interface
76266,1995-10-12T22:57:11,-70.355,-23.09,34.4,5.55,mw,26.0,27.0,127.0,165.0,69.0,73.0,38.91139201738938,49.17270464401781,20.97555075213224,157.20000464378097,43.700421833235,268.6916803969298,1.75,0.08,-1.83,0.81,-1.74,-0.25,gem,,subduction_interface
77145,1995-10-16T16:36:20,-70.549,-23.28,29.0,5.68,mw,17.0,27.0,115.0,170.0,66.0,78.0,41.03434704949401,56.913716153446046,16.388968525993864,161.74495441399597,44.39149794245628,268.4787346685103,2.96,0.34,-3.29,0.76,-2.56,-0.19,gem,,subduction_interface
B101695A,1995-10-16T16:36:24,-71.31,-23.5,15.0,5.2,mw,17.0,27.0,115.0,170.0,66.0,78.0,67.0,58.0,11.0,175.0,20.0,269.0,2.955e+17,3.3700000000000004e+16,-3.292e+17,7.64e+16,-2.562e+17,-1.93e+16,gcmt,,subduction_interface
B103195A,1995-10-31T01:55:57,-71.32,-28.96,33.0,5.7,mwc,20.0,11.0,128.0,162.0,81.0,83.0,53.0,64.0,7.0,163.0,36.0,258.0,1.23,0.65,-1.88,1.41,-4.38,0.17,us,gem:82192,subduction_interface
B113095B,1995-11-30T13:15:44,-71.48,-27.93,15.0,5.4,mw,12.0,21.0,109.0,171.0,70.0,83.0,64.0,69.0,7.0,174.0,25.0,267.0,2.968e+17,1.62e+16,-3.131e+17,7.45e+16,-3.561e+17,-7199999999999999.0,gcmt,neic:72559;gem:72559,subduction_interface
951917,1996-03-07T08:38:59,-70.37,-23.173,31.8,5.51,mw,3.0,14.0,98.0,174.0,76.0,88.0,44.93930943762732,82.04400389794887,2.1794006492362845,174.22036517198148,44.9778310633245,266.39965629228067,1.13,-0.07,-1.06,0.23,-2.01,0.02,gem,,subduction_interface
972040,1996-06-25T23:11:14,-69.988,-24.726,51.4,5.17,mw,170.0,71.0,96.0,331.0,20.0,72.0,44.27816235628761,269.5435515604736,7.18107215070654,172.48645080059282,44.82643517534721,75.29225496926648,3.57,0.94,-4.51,0.92,-5.55,1.88,gem,,subduction_interface
973445,1996-07-03T16:48:28,-70.383,-23.284,28.8,5.86,mw,20.0,25.0,122.0,165.0,69.0,76.0,40.88479181994425,53.13976493445921,17.13252066432,158.61853963357726,44.12886460933371,266.0177441628382,4.81,0.78,-5.58,1.94,-5.22,-0.25,gem,,subduction_interface
B070396C,1996-07-03T16:48:33,-71.22,-23.24,15.0,5.4,mw,20.0,25.0,122.0,165.0,69.0,76.0,63.0,53.0,13.0,171.0,23.0,266.0,4.8070000000000006e+17,7.82e+16,-5.5890000000000006e+17,1.94e+17,-5.224e+17,-2.52e+16,gcmt,,subduction_interface
B081596B,1996-08-15T06:25:36,-71.25,-17.45,72.0,5.1,mw,149.0,39.0,-174.0,55.0,87.0,-51.0,31.0,114.0,39.0,232.0,36.0,358.0,-1.325e+16,-6.233e+16,7.557e+16,-7.263e+16,-6.236e+16,3.931e+16,gcmt,gem:980929,subduction_interface
B052597C,1997-05-25T18:57:31,-71.2,-23.24,15.0,5.1,mw,0.0,25.0,92.0,178.0,65.0,89.0,70.0,86.0,1.0,178.0,20.0,269.0,1.471e+17,3.47e+16,-1.818e+17,5300000000000000.0,-1.3460000000000002e+17,5000000000000000.0,gcmt,gem:1028978,subduction_interface
pde19970706095400760_19,1997-07-06T09:54:00,-71.872,-30.058,23.0,6.8,mwc,350.0,25.0,90.0,170.0,65.0,90.0,45.000000000000014,80.0,4.770832022195277e-15,170.0,44.99999999999999,260.0,1.315e+19,-8.8e+17,-1.227e+19,6.5e+17,-1.448e+19,1.7e+17,us,gcmt:C070697A;neic:1035633;gem:1035633,subduction_interface
B071097E,1997-07-10T14:55:52,-71.25,-22.95,15.0,5.3,mw,14.0,17.0,100.0,184.0,73.0,87.0,62.0,89.0,3.0,185.0,28.0,276.0,4.07e+17,-6800000000000000.0,-4.003e+17,-2.92e+16,-6.049e+17,-6.3e+16,gcmt,gem:1036298,subduction_interface
pde19970719122257310_26,1997-07-19T12:22:57,-71.684,-29.281,26.0,5.9,mwc,315.0,55.0,60.0,180.0,45.0,126.0,12.860679260604114,347.81556423275043,44.81098549602642,90.92472418042564,42.34665367452149,245.805427089543,4.92e+17,1.913e+17,-6.833e+17,-2.901e+17,-2.58e+17,2.502e+17,us,gcmt:B071997C;neic:1037644;gem:1037644,subduction_interface
pde19980401224256900_9,1998-04-01T22:42:56,-74.874,-40.316,9.0,6.7,mwc,350.0,65.0,-90.0,170.0,25.0,-90.0,44.99999999999999,260.0,3.1805546814635176e-15,170.0,45.000000000000014,80.0,-1.18e+19,8.1e+17,1.099e+19,1.5e+17,-3.5000000000000006e+17,3.72e+18,us,gcmt:C040198D;neic:1089488;gem:1089488,subduction_interface
1143662,1998-06-03T21:34:50,-69.98,-23.902,47.1,5.46,mw,13.0,16.0,113.0,170.0,76.0,84.0,44.35119133154145,70.32490921016279,7.086841443115381,167.3058482182696,44.77664965658731,264.3917819191841,0.86,0.13,-0.98,0.33,-1.6,-0.01,gem,,subduction_interface
B071898D,1998-07-18T09:57:13,-70.84,-28.31,46.9,5.4,mwc,8.0,17.0,119.0,158.0,75.0,82.0,59.0,57.0,8.0,161.0,29.0,255.0,0.8,0.14,-0.94,0.58,-1.34,0.17,us,gem:1167371,subduction_interface
pde19980903173758240_27,1998-09-03T17:37:58,-71.715,-29.45,27.0,6.6,mwc,215.0,70.0,100.0,8.0,22.0,64.0,42.91960047322896,321.0683347759985,12.168370968376864,219.5013658114048,44.5328763238511,117.25344272790552,3.39e+18,9.01e+17,-4.292e+18,-2.587e+18,-6.107e+18,3.5e+17,us,gcmt:C090398F;neic:1202810;gem:1202810,subduction_interface
B120499G,1999-12-04T17:06:51,-71.22,-28.5,34.3,5.6,mwc,219.0,43.0,131.0,349.0,59.0,59.0,62.0,208.0,27.0,6.0,9.0,101.0,1.929e+17,8.68e+16,-2.797e+17,-5.16e+16,9.09e+16,-8.37e+16,us,neic:1657955;gem:1657955,subduction_interface
B022100C,2000-02-21T14:36:22,-71.46,-29.81,33.0,5.1,mwc,196.0,31.0,114.0,349.0,62.0,76.0,70.0,229.0,12.0,355.0,16.0,89.0,4.71,0.71,-5.41,-1.17,3.04,-0.19,us,gem:1733032,subduction_interface
1832606,2001-02-27T02:12:58,-71.407,-27.893,15.0,5.19,mw,9.0,28.0,120.0,155.0,66.0,75.0,39.36680816271357,39.55619880262111,19.708016244126327,146.64715156674413,44.08101008313286,256.9449246526369,4.69,2.08,-6.76,2.15,-4.43,1.82,gem,,subduction_interface
pde20010303115813350_33,2001-03-03T11:58:13,-74.555,-38.766,8.0,5.9,mwc,0.0,60.0,-90.0,180.0,30.0,-90.0,45.00000000000001,270.0,6.0766485035016906e-15,0.0,44.99999999999999,90.0,-53000000000.0,-2100000000.0,55100000000.0,16000000000.0,-29500000000.0,20100000000.0,us,neic:1780670;gem:1780670,subduction_interface
B062701C,2001-06-27T23:04:26,-71.65,-31.51,33.0,4.9,mwc,158.0,46.0,67.0,9.0,48.0,112.0,74.0,349.0,16.0,174.0,1.0,83.0,,,,,,,us,,subduction_interface
2903825,2002-02-22T23:10:57,-70.36,-25.5,46.8,5.32,mw,5.0,24.0,93.0,182.0,66.0,89.0,44.9496600411755,89.08971299272366,1.819976743214012,180.90741066309155,44.99254856505869,272.7278325496342,8.29,1.21,-9.49,-0.24,-7.78,-0.69,gem,,subduction_interface
6617808,2003-03-19T18:33:13,-70.601,-19.609,32.2,5.11,mw,3.0,43.0,114.0,152.0,52.0,69.0,14.90394510794902,1.0464376314886863,42.35938785981871,105.09153284463925,43.8463612020711,256.23460435567,5.17,0.55,-5.72,1.55,-0.59,1.49,gem,,subduction_interface
pde20030620133041640_33,2003-06-20T13:30:41,-71.637,-30.608,32.0,6.8,mwc,180.0,60.0,90.0,360.0,30.0,90.0,45.00000000000001,270.0,6.0766485035017024e-15,0.0,44.99999999999999,90.0,1.42e+19,2.2e+17,-1.44e+19,7.4e+17,-1.01e+19,2.5e+17,us,gcmt:C062003G;neic:6942053;gem:6942053,subduction_interface
B072603I,2003-07-26T14:10:16,-70.94,-28.2,36.0,5.5,mwc,26.0,26.0,110.0,184.0,66.0,81.0,68.0,77.0,8.0,188.0,20.0,281.0,1.7,-0.42,-1.28,0.12,-1.36,-0.33,us,gem:7007687,subduction_interface
B100403F,2003-10-04T18:15:55,-71.3,-28.88,29.2,5.2,mwc,331.0,48.0,40.0,211.0,62.0,130.0,54.0,173.0,35.0,10.0,8.0,274.0,5.570000000000001e+16,2.7800000000000004e+16,-8.36e+16,-4.38e+16,-1.7199999999999998e+16,-1600000000000000.0,us,gem:7150137,subduction_interface
C200502040915A,2005-02-04T09:15:36,-73.78,-37.87,22.8,4.9,mwc,356.0,42.0,11.0,258.0,83.0,131.0,38.0,204.0,41.0,72.0,26.0,316.0,5250000000000000.0,5040000000000000.0,-1.03e+16,-2.46e+16,1160000000000000.0,-1.93e+16,us,,subduction_interface
200503291638A,2005-03-29T16:38:00,-72.38,-33.76,20.0,5.3,mw,6.0,17.0,100.0,175.0,73.0,87.0,62.0,80.0,3.0,176.0,28.0,267.0,5.88e+16,8500000000000002.0,-6.730000000000001e+16,9900000000000000.0,-9.52e+16,600000000000000.0,gmt,gcmt:C200503291638A;gcmt:C200503291638A;us:C200503291638A;gem:7486834,subduction_interface
C200504201040A,2005-04-20T10:40:51,-71.42,-17.86,44.2,5.2,mw,172.0,54.0,-165.0,73.0,78.0,-37.0,16.0,127.0,51.0,239.0,34.0,26.0,-1.11e+16,-750000000000000.0,1.19e+16,-9280000000000000.0,-8179999999999998.0,2.09e+16,gcmt,,subduction_interface
C200507220014A,2005-07-22T00:14:41,-71.07,-29.34,50.5,5.1,mwc,97.0,26.0,7.0,360.0,87.0,116.0,42.0,295.0,26.0,178.0,36.0,67.0,3980000000000000.0,4440000000000000.0,-8420000000000000.0,-2630000000000000.0,4.6e+16,2.29e+16,us,gem:7364704,subduction_interface
C200511281633A,2005-11-28T16:33:21,-70.96,-29.31,48.6,5.5,mwc,254.0,9.0,-169.0,153.0,88.0,-81.0,43.0,234.0,9.0,333.0,46.0,72.0,-2e+16,4.01e+16,-2.01e+16,-1.01e+17,2.06e+17,-1.97e+16,us,gem:7781050,subduction_interface
C200512311214A,2005-12-31T12:14:02,-71.52,-28.99,25.0,5.0,mwc,311.0,18.0,5.0,217.0,88.0,108.0,44.0,144.0,18.0,36.0,41.0,290.0,709999999999999.9,1.3e+16,-1.3700000000000002e+16,-2.25e+16,-3.2400000000000004e+16,90000000000000.0,us,gem:8226838,subduction_interface
200601052251A,2006-01-05T22:51:00,-73.52,-36.43,20.0,5.2,mw,19.0,16.0,104.0,184.0,74.0,86.0,60.0,88.0,4.0,185.0,29.0,277.0,3.7e+16,5170000000000000.0,-4.22e+16,-4010000000000000.0,-6.64e+16,-9040000000000000.0,gmt,gcmt:C200601052251A;gcmt:C200601052251A;us:C200601052251A;gem:8012117,subduction_interface
C200604152350B,2006-04-15T23:50:14,-72.0,-29.77,19.8,6.0,mwc,1.0,27.0,85.0,186.0,63.0,93.0,72.0,102.0,2.0,5.0,18.0,274.0,9.99e+17,8000000000000000.0,-1.01e+18,-1.06e+17,-7.28e+17,-6.4e+16,us,gem:8320618,subduction_interface
C200604301917A,2006-04-30T19:17:25,-71.52,-27.17,15.4,6.7,mw,11.0,14.0,106.0,175.0,76.0,86.0,59.0,79.0,4.0,176.0,31.0,268.0,4.55e+18,3.3e+17,-4.88e+18,9.8e+17,-8.86e+18,-2.1e+17,gcmt,neic:10698202;gem:10698202,subduction_interface
C200604302141A,2006-04-30T21:41:07,-71.55,-27.28,13.4,6.7,mw,14.0,18.0,112.0,171.0,73.0,83.0,61.0,70.0,7.0,173.0,28.0,267.0,3.44e+18,4.98e+17,-3.94e+18,1.01e+18,-5.28e+18,-1.22e+17,gcmt,gem:8321414,subduction_interface
8338313,2006-05-02T04:11:19,-71.289,-27.422,16.0,5.21,mw,181.0,71.0,93.0,352.0,20.0,81.0,44.81787492860303,275.82199041011893,3.597355317732402,182.24039585893664,44.95655800598123,88.64139795161316,5.19,0.05,-5.24,-0.3,-6.5,0.29,gem,,subduction_interface
C200605021342A,2006-05-02T13:42:40,-71.85,-27.64,12.0,5.0,mw,359.0,21.0,92.0,177.0,69.0,89.0,66.0,85.0,1.0,177.0,24.0,267.0,6.64e+16,3500000000000000.5,-6.979999999999999e+16,4900000000000000.0,-7.33e+16,3000000000000000.0,gcmt,gem:8338322,subduction_interface
8338323,2006-05-02T13:58:30,-71.366,-27.431,15.4,5.24,mw,182.0,74.0,93.0,352.0,16.0,80.0,44.84599477885924,276.3627154835696,3.399120961488185,182.9758745289356,44.95258517772294,89.57639376652764,0.46,0.03,-0.49,-0.03,-0.77,0.03,gem,,subduction_interface
200605210511A,2006-05-21T05:11:00,-74.14,-37.41,15.0,5.2,mw,27.0,17.0,120.0,176.0,76.0,82.0,59.0,75.0,8.0,178.0,30.0,273.0,4.58e+16,-500000000000000.0,-4.53e+16,9200000000000000.0,-8.06e+16,-1.03e+16,gmt,gcmt:C200605210511A;gcmt:C200605210511A;us:C200605210511A;gem:8358373,subduction_interface
8518484,2006-07-09T16:37:07,-70.89,-19.872,21.9,5.18,mw,169.0,68.0,90.0,348.0,22.0,89.0,45.00000000000001,259.0,7.951386703658792e-15,349.0,45.00000000000001,79.0,4.88,0.12,-5.0,1.0,-5.25,1.09,gem,,subduction_interface
C200702191924A,2007-02-19T19:24:17,-70.99,-23.03,17.6,5.4,mw,13.0,16.0,103.0,180.0,74.0,86.0,61.0,84.0,4.0,181.0,29.0,273.0,8.98e+16,1.88e+16,-1.09e+17,2700000000000000.0,-1.61e+17,-1.14e+16,gcmt,gem:11505950,subduction_interface
C200703101407A,2007-03-10T14:07:15,-70.64,-22.87,25.8,5.4,mw,8.0,15.0,115.0,163.0,77.0,84.0,58.0,64.0,6.0,164.0,31.0,258.0,7.8e+16,1.22e+16,-9.02e+16,5.27e+16,-1.57e+17,1.12e+16,gcmt,gem:11694245,subduction_interface
C200703241913A,2007-03-24T19:13:54,-70.48,-19.85,32.8,5.7,mw,107.0,41.0,100.0,274.0,50.0,81.0,82.0,136.0,7.0,280.0,5.0,10.0,2e+17,-2.28e+17,2.7600000000000004e+16,-4.06e+16,-1.28e+16,4.87e+16,gcmt,gem:11703137,subduction_interface
200703291709A,2007-03-29T17:09:00,-72.06,-31.59,22.0,5.6,mw,29.0,22.0,112.0,185.0,69.0,81.0,65.0,80.0,8.0,188.0,24.0,282.0,2.17e+17,3.14e+16,-2.4900000000000003e+17,-1.3e+16,-2.7000000000000003e+17,-8.11e+16,gmt,gcmt:C200703291709A;gcmt:C200703291709A;us:C200703291709A;neic:11708606;gem:11708606,subduction_interface
200703291746A,2007-03-29T17:46:00,-72.12,-31.69,20.0,5.3,mw,336.0,15.0,59.0,188.0,78.0,98.0,57.0,108.0,7.0,7.0,32.0,272.0,4.08e+16,7500000000000000.0,-4.83e+16,-1.53e+16,-9.18e+16,6000000000000000.0,gmt,gcmt:C200703291746A;gcmt:C200703291746A;us:C200703291746A;gem:11708632,subduction_interface
C200704261213A,2007-04-26T12:13:29,-70.78,-28.16,45.4,5.2,mwc,33.0,43.0,128.0,166.0,58.0,60.0,64.0,23.0,25.0,183.0,8.0,277.0,5.45e+16,1.51e+16,-6.96e+16,2.16e+16,-2.06e+16,-1.3799999999999998e+16,us,gem:11934897,subduction_interface
C200705201215A,2007-05-20T12:15:45,-71.12,-29.59,46.2,5.3,mwc,21.0,41.0,116.0,168.0,54.0,69.0,72.0,25.0,17.0,181.0,7.0,273.0,9.62e+16,1.59e+16,-1.1200000000000002e+17,2.63e+16,-2.7700000000000004e+16,-9500000000000000.0,us,neic:12659198;gem:12659198,subduction_interface
200708081414A,2007-08-08T14:14:00,-71.92,-32.66,24.0,5.3,mw,335.0,17.0,78.0,167.0,74.0,93.0,61.0,82.0,3.0,346.0,29.0,255.0,5.83e+16,6900000000000001.0,-6.52e+16,2.2e+16,-1.01e+17,2.53e+16,gmt,gcmt:C200708081414A;gcmt:C200708081414A;us:C200708081414A;gem:12799696,subduction_interface
13233707,2007-10-02T15:38:26,-70.63,-25.856,27.9,5.24,mw,23.0,28.0,121.0,169.0,66.0,75.0,39.171898617434856,52.159056711951735,20.10055177678164,159.50678365311387,44.0206905554043,270.2179985625696,0.61,0.12,-0.72,0.18,-0.54,-0.08,gem,,subduction_interface
C200711151506A,2007-11-15T15:06:09,-70.94,-22.98,20.7,6.8,mw,360.0,16.0,98.0,172.0,74.0,88.0,61.0,79.0,2.0,172.0,29.0,264.0,1.04e+19,2.4e+17,-1.06e+19,2.66e+18,-1.71e+19,8.3e+17,gcmt,gem:13266840,subduction_interface
C200711170307A,2007-11-17T03:07:36,-70.5,-22.94,26.1,5.3,mw,14.0,13.0,119.0,164.0,79.0,84.0,56.0,66.0,6.0,165.0,33.0,260.0,9.05e+16,1.55e+16,-1.06e+17,6.55e+16,-2.17e+17,5600000000000000.0,gcmt,gem:13267961,subduction_interface
C200711171754A,2007-11-17T17:54:37,-70.92,-23.06,15.0,5.8,mw,300.0,11.0,27.0,184.0,85.0,100.0,49.0,105.0,10.0,3.0,39.0,265.0,5.04e+16,1.84e+17,-2.35e+17,-1.81e+16,-7.25e+17,1.07e+17,gcmt,gem:13268451,subduction_interface
C200711181215A,2007-11-18T12:15:42,-70.94,-23.03,19.8,5.6,mw,328.0,22.0,68.0,171.0,70.0,98.0,64.0,95.0,8.0,348.0,25.0,255.0,1.92e+17,8.23e+16,-2.75e+17,4.77e+16,-2.88e+17,1.2e+17,gcmt,gem:13269054,subduction_interface
13269993,2007-11-19T20:21:08,-70.756,-22.814,24.0,5.26,mw,170.0,69.0,87.0,357.0,21.0,97.0,44.79386981715542,254.8056436789164,3.7655819023908528,348.5522897260053,44.959003674383645,82.32062620167449,0.67,-0.04,-0.63,0.15,-0.72,0.07,gem,,subduction_interface
C200711192330A,2007-11-19T23:30:34,-70.94,-22.87,18.5,5.9,mw,357.0,16.0,94.0,173.0,74.0,89.0,61.0,81.0,1.0,173.0,29.0,264.0,4.61e+17,2.9e+16,-4.9e+17,1.04e+17,-7.85e+17,4.9e+16,gcmt,gem:13270107,subduction_interface
C200711201756A,2007-11-20T17:55:57,-70.92,-22.91,17.2,6.1,mw,1.0,13.0,99.0,172.0,78.0,88.0,57.0,80.0,2.0,173.0,32.0,264.0,6.86e+17,5e+16,-7.36e+17,2.11e+17,-1.51e+18,4.9e+16,gcmt,gem:13270644,subduction_interface
C200712060111A,2007-12-06T01:11:14,-70.88,-23.44,18.4,5.2,mw,332.0,18.0,91.0,150.0,72.0,90.0,63.0,60.0,0.0,151.0,27.0,241.0,3.58e+16,-8560000000000000.0,-2.72e+16,2.4900000000000004e+16,-4.37e+16,1.48e+16,gcmt,gem:13283472,subduction_interface
C200712130520A,2007-12-13T05:20:27,-70.98,-23.21,17.3,6.0,mw,2.0,12.0,99.0,172.0,78.0,88.0,57.0,80.0,2.0,173.0,33.0,264.0,4.46e+17,2.8e+16,-4.74e+17,1.46e+17,-1.01e+18,3e+16,gcmt,gem:13288554,subduction_interface
C200712130723A,2007-12-13T07:23:46,-70.94,-23.18,20.3,6.2,mw,9.0,15.0,106.0,173.0,75.0,86.0,59.0,77.0,4.0,174.0,30.0,266.0,1.12e+18,1.02e+17,-1.22e+18,3.01e+17,-2.05e+18,-3000000000000000.0,gcmt,gem:13288629,subduction_interface
C200712160809A,2007-12-16T08:09:21,-70.41,-23.02,30.6,6.7,mw,246.0,6.0,159.0,357.0,88.0,84.0,47.0,261.0,6.0,357.0,43.0,93.0,1.32e+18,-2.6e+17,-1.05e+18,-8.5e+17,1.45e+19,-1.43e+18,gcmt,gem:13290563,subduction_interface
200712200306A,2007-12-20T03:06:00,-72.01,-32.85,25.0,5.5,mw,351.0,12.0,80.0,181.0,78.0,92.0,57.0,93.0,2.0,0.0,33.0,269.0,6.61e+16,2.04e+16,-8.66e+16,-2500000000000000.0,-1.78e+17,5500000000000000.0,gmt,gcmt:C200712200306A;gcmt:C200712200306A;us:C200712200306A;gem:13293173,subduction_interface
200812182119A,2008-12-18T21:19:00,-72.13,-32.63,22.0,6.1,mw,360.0,19.0,94.0,175.0,71.0,89.0,45.00000000000001,265.0,1.5902773407317588e-15,355.0,45.00000000000001,85.0,1.13e+18,1.18e+17,-1.25e+18,1.33e+17,-1.54e+18,6.2e+16,gmt,gcmt:C200812182119A;gcmt:C200812182119A;us:pde20081218211928380_18;neic:13813917;gem:13813917,subduction_interface
200812182150A,2008-12-18T21:50:00,-72.11,-32.62,21.0,5.8,mw,350.0,18.0,83.0,177.0,72.0,92.0,63.0,90.0,2.0,356.0,27.0,265.0,4.43e+17,7500000000000000.0,-4.51e+17,2.46e+16,-6.1e+17,5.29e+16,gmt,gcmt:C200812182150A;gcmt:C200812182150A;us:C200812182150A;neic:12078106;gem:12078106,subduction_interface
200812190936A,2008-12-19T09:36:00,-72.1,-32.56,23.0,5.7,mw,2.0,19.0,100.0,172.0,72.0,87.0,63.0,77.0,3.0,173.0,27.0,265.0,2.83e+17,1.64e+16,-2.99e+17,6.08e+16,-3.84e+17,1.6900000000000002e+16,gmt,gcmt:C200812190936A;gcmt:C200812190936A;us:C200812190936A;neic:11513615;gem:11513615,subduction_interface
200812191357A,2008-12-19T13:57:00,-71.97,-32.68,24.0,5.2,mw,11.0,19.0,118.0,162.0,74.0,81.0,60.0,59.0,9.0,165.0,28.0,259.0,3.4000000000000004e+16,2.46e+16,-5.86e+16,1.98e+16,-6.780000000000001e+16,1.2e+16,gmt,gcmt:C200812191357A;gcmt:C200812191357A;us:C200812191357A;gem:11513629,subduction_interface
C200910101526A,2009-10-10T15:26:24,-71.22,-25.02,17.3,5.2,mw,2.0,24.0,106.0,165.0,67.0,83.0,67.0,62.0,6.0,167.0,22.0,260.0,1.93e+17,1.3700000000000002e+16,-2.07e+17,6.21e+16,-1.84e+17,2.92e+16,gcmt,gem:13843595,subduction_interface
C200910101710A,2009-10-10T17:10:24,-71.2,-25.02,13.4,5.3,mw,358.0,24.0,98.0,169.0,66.0,86.0,69.0,72.0,3.0,171.0,21.0,262.0,7.009999999999999e+16,1.33e+16,-8.34e+16,1.4399999999999998e+16,-6.919999999999999e+16,1.16e+16,gcmt,gem:13843600,subduction_interface
200910280620A,2009-10-28T06:20:00,-72.05,-32.84,19.0,5.0,mw,164.0,43.0,86.0,349.0,47.0,94.0,87.0,310.0,3.0,167.0,2.0,77.0,3.88e+16,-2590000000000000.0,-3.62e+16,1160000000000000.0,2980000000000000.0,8360000000000000.0,gmt,gcmt:C200910280620A;gcmt:C200910280620A;us:C200910280620A;gem:14094515,subduction_interface
C200910300253A,2009-10-30T02:53:39,-71.93,-32.8,19.8,4.9,mwc,358.0,46.0,110.0,151.0,47.0,71.0,76.0,347.0,14.0,164.0,1.0,254.0,,,,,,,us,,subduction_interface
C201002270634A,2010-02-27T06:35:14,-73.15,-35.98,23.2,8.3,mw,19.0,18.0,116.0,172.0,74.0,82.0,61.0,70.0,8.0,174.0,28.0,269.0,1.04e+22,-3.9e+20,-1e+22,3.04e+21,-1.52e+22,-1.19e+21,gcmt,neic:14340585;gem:14340585,subduction_interface
201002281948A,2010-02-28T19:48:00,-74.15,-38.36,15.0,5.8,mw,1.0,16.0,91.0,180.0,74.0,90.0,61.0,90.0,0.0,180.0,29.0,270.0,3.88e+17,-6300000000000000.0,-3.81e+17,-2000000000000000.0,-6.08e+17,-3400000000000000.0,gmt,gcmt:C201002281948A;gcmt:C201002281948A;us:C201002281948A;neic:14357818;gem:14357818,subduction_interface
201003010244A,2010-03-01T02:44:00,-72.75,-35.22,19.0,5.6,mw,302.0,29.0,32.0,183.0,75.0,115.0,53.0,123.0,24.0,356.0,26.0,254.0,1.3999999999999998e+17,4.03e+16,-1.8e+17,-3.08e+16,-2.55e+17,1.3e+17,gmt,gcmt:C201003010244A;gcmt:C201003010244A;us:C201003010244A;neic:14342532;gem:14342532,subduction_interface
201003010749A,2010-03-01T07:49:00,-73.53,-34.73,12.0,5.3,mw,208.0,35.0,-65.0,358.0,58.0,-107.0,12.0,100.0,14.0,7.0,71.0,228.0,-9.45e+16,-3.54e+16,1.3e+17,8400000000000002.0,-5.29e+16,3.3e+16,gmt,gcmt:C201003010749A;gcmt:C201003010749A;us:C201003010749A;gem:14342544,subduction_interface
201003010846A,2010-03-01T08:46:00,-73.46,-35.51,15.0,5.3,mw,26.0,17.0,98.0,197.0,73.0,87.0,62.0,103.0,2.0,197.0,28.0,289.0,0.56,0.03,-0.58,-0.27,-0.91,-0.26,gmt,us:C201003010846A;gem:14344160,subduction_interface
201003020409A,2010-03-02T04:09:00,-73.73,-35.88,15.0,5.4,mw,359.0,13.0,78.0,191.0,78.0,93.0,57.0,104.0,3.0,10.0,32.0,279.0,5.93e+16,8200000000000000.0,-6.750000000000001e+16,-2.69e+16,-1.34e+17,-7900000000000000.0,gmt,gcmt:C201003020409A;gcmt:C201003020409A;us:C201003020409A;gem:14344355,subduction_interface
201003020428A,2010-03-02T04:28:00,-73.81,-36.85,15.0,5.5,mw,17.0,11.0,110.0,178.0,79.0,86.0,55.0,83.0,4.0,178.0,34.0,271.0,6.82e+16,3500000000000000.0,-7.17e+16,9900000000000000.0,-1.79e+17,-9400000000000000.0,gmt,gcmt:C201003020428A;gcmt:C201003020428A;us:20100302042845;gem:14344356,subduction_interface
201003020610A,2010-03-02T06:10:00,-72.87,-34.63,15.0,5.3,mw,3.0,5.0,84.0,189.0,85.0,91.0,50.0,99.0,1.0,9.0,40.0,278.0,2.01e+16,3800000000000000.0,-2.4e+16,-1.7199999999999998e+16,-1.1399999999999998e+17,-3100000000000000.0,gmt,gcmt:C201003020610A;gcmt:C201003020610A;us:C201003020610A;gem:17150213,subduction_interface
201003021216A,2010-03-02T12:16:00,-73.83,-36.76,18.0,5.2,mw,5.0,16.0,95.0,181.0,74.0,89.0,61.0,89.0,1.0,181.0,29.0,272.0,4.19e+16,-1580000000000000.0,-4.03e+16,-110000000000000.0,-6.39e+16,-2130000000000000.0,gmt,gcmt:C201003021216A;gcmt:C201003021216A;us:C201003021216A;gem:17150271,subduction_interface
201003021912A,2010-03-02T19:12:00,-72.55,-34.39,19.0,5.6,mw,14.0,17.0,119.0,163.0,75.0,81.0,59.0,62.0,8.0,165.0,30.0,260.0,1.57e+17,1.61e+16,-1.73e+17,9.19e+16,-2.66e+17,6100000000000000.0,gmt,gcmt:C201003021912A;gcmt:C201003021912A;us:C201003021912A;gem:14345091,subduction_interface
201003030435A,2010-03-03T04:35:00,-74.29,-37.61,15.0,5.3,mw,350.0,12.0,66.0,194.0,79.0,95.0,56.0,110.0,5.0,13.0,34.0,280.0,4.13e+16,4500000000000000.0,-4.58e+16,-2.71e+16,-1.02e+17,-2400000000000000.0,gmt,gcmt:C201003030435A;gcmt:C201003030435A;us:C201003030435A;gem:17150405,subduction_interface
201003031744A,2010-03-03T17:44:00,-73.69,-36.7,16.0,6.1,mw,15.0,12.0,103.0,182.0,78.0,87.0,57.0,88.0,3.0,182.0,33.0,274.0,6.98e+17,4e+16,-7.38e+17,-3.5000000000000004e+16,-1.64e+18,-1.09e+17,gmt,gcmt:C201003031744A;gcmt:C201003031744A;us:C201003031744A;neic:14349505;gem:14349505,subduction_interface
201003031958A,2010-03-03T19:58:00,-72.36,-33.59,19.0,5.8,mw,2.0,17.0,94.0,178.0,73.0,89.0,62.0,87.0,1.0,179.0,28.0,269.0,3.37e+17,2200000000000000.0,-3.39e+17,1.81e+16,-4.91e+17,-1600000000000000.0,gmt,gcmt:C201003031958A;gcmt:C201003031958A;us:C201003031958A;neic:14349541;gem:14349541,subduction_interface
201003040159A,2010-03-04T01:59:00,-72.55,-33.45,13.0,6.0,mw,10.0,19.0,97.0,183.0,71.0,88.0,64.0,89.0,2.0,184.0,26.0,275.0,8.33e+17,-1.2e+16,-8.21e+17,-4e+16,-1.06e+18,-9.4e+16,gmt,gcmt:C201003040159A;gcmt:C201003040159A;us:C201003040159A;neic:14351167;gem:14351167,subduction_interface
201003041737A,2010-03-04T17:37:00,-72.41,-34.24,24.0,5.4,mw,14.0,22.0,106.0,177.0,69.0,84.0,66.0,76.0,6.0,179.0,24.0,272.0,1.01,0.1,-1.11,0.11,-1.15,-0.11,gmt,us:C201003041737A;gem:14367035,subduction_interface
201003051031A,2010-03-05T10:31:00,-73.77,-37.58,26.0,5.2,mw,358.0,28.0,97.0,171.0,62.0,86.0,73.0,72.0,3.0,173.0,17.0,264.0,7.25e+16,-4100000000000000.0,-6.840000000000001e+16,1.02e+16,-4.64e+16,5800000000000000.0,gmt,gcmt:C201003051031A;gcmt:C201003051031A;us:C201003051031A;gem:14374365,subduction_interface
201003061519A,2010-03-06T15:19:00,-74.31,-37.59,14.0,5.2,mw,28.0,19.0,112.0,185.0,72.0,83.0,62.0,84.0,7.0,187.0,27.0,281.0,4.24e+16,3449999999999999.5,-4.58e+16,-3300000000000000.0,-6.39e+16,-1.42e+16,gmt,gcmt:C201003061519A;gcmt:C201003061519A;us:C201003061519A;gem:14373449,subduction_interface
201003071559A,2010-03-07T15:59:00,-73.78,-38.22,25.0,5.9,mw,348.0,12.0,84.0,174.0,78.0,91.0,57.0,86.0,1.0,354.0,33.0,263.0,3.02e+17,4.16e+16,-3.44e+17,7.28e+16,-7.2e+17,5.96e+16,gmt,gcmt:C201003071559A;gcmt:C201003071559A;us:C201003071559A;neic:14554019;gem:14554019,subduction_interface
201003081750A,2010-03-08T17:50:00,-72.04,-32.88,17.0,5.3,mw,360.0,28.0,108.0,159.0,63.0,81.0,70.0,49.0,8.0,163.0,18.0,256.0,0.91,-0.03,-0.87,0.32,-0.59,0.16,gmt,us:C201003081750A;gem:14383164,subduction_interface
201003081808A,2010-03-08T18:08:00,-72.11,-32.78,16.0,5.3,mw,353.0,26.0,89.0,175.0,64.0,91.0,71.0,86.0,1.0,354.0,19.0,264.0,0.8,-0.01,-0.79,0.05,-0.62,0.09,gmt,us:C201003081808A;gem:14384299,subduction_interface
201003100401A,2010-03-10T04:01:00,-74.12,-37.32,15.0,5.1,mw,15.0,12.0,109.0,176.0,78.0,86.0,57.0,81.0,4.0,177.0,33.0,270.0,2.62,0.09,-2.71,0.49,-6.09,-0.28,gmt,us:C201003100401A;gem:14399307,subduction_interface
C201003111051A,2010-03-11T10:51:39,-71.87,-34.33,35.0,4.9,mwc,319.0,31.0,-99.0,150.0,60.0,-85.0,14.0,236.0,5.0,327.0,75.0,75.0,-2.85e+16,1.01e+16,1.84e+16,-6370000000000000.0,1.43e+16,-1.25e+16,us,,subduction_interface
201003131034A,2010-03-13T10:34:00,-73.95,-37.78,20.0,5.8,mw,7.0,19.0,102.0,175.0,71.0,86.0,64.0,78.0,4.0,176.0,26.0,268.0,3.56e+17,1.16e+16,-3.67e+17,5.39e+16,-4.62e+17,-6100000000000000.0,gmt,gcmt:C201003131034A;gcmt:C201003131034A;us:C201003131034A;neic:14405731;gem:14405731,subduction_interface
201003132020A,2010-03-13T20:20:00,-74.29,-37.11,15.0,5.3,mw,346.0,12.0,79.0,177.0,79.0,92.0,56.0,90.0,2.0,357.0,34.0,266.0,4.17e+16,500000000000000.0,-4.22e+16,3800000000000000.0,-1e+17,6100000000000000.0,gmt,gcmt:C201003132020A;gcmt:C201003132020A;us:C201003132020A;gem:14406579,subduction_interface
201003141352A,2010-03-14T13:52:00,-73.85,-38.71,19.0,5.5,mw,281.0,25.0,-26.0,35.0,79.0,-113.0,31.0,143.0,23.0,39.0,50.0,279.0,-6.989999999999999e+16,9.46e+16,-2.47e+16,-7.21e+16,-1.49e+17,4.25e+16,gmt,gcmt:C201003141352A;gcmt:C201003141352A;us:C201003141352A;gem:14406623,subduction_interface
201003151108A,2010-03-15T11:08:00,-73.85,-35.96,12.0,6.2,mw,21.0,15.0,103.0,187.0,76.0,87.0,59.0,93.0,3.0,188.0,31.0,280.0,1.15e+18,-3.2e+16,-1.12e+18,-2.45e+17,-2.11e+18,-2.86e+17,gmt,gcmt:C201003151108A;gcmt:C201003151108A;us:C201003151108A;neic:14410557;gem:14410557,subduction_interface
201003160304A,2010-03-16T03:04:00,-73.76,-36.68,17.0,5.9,mw,19.0,14.0,112.0,177.0,77.0,85.0,58.0,80.0,5.0,178.0,32.0,271.0,3.73e+17,-9100000000000000.0,-3.64e+17,5.93e+16,-7.35e+17,-5.580000000000001e+16,gmt,gcmt:C201003160304A;gcmt:C201003160304A;us:C201003160304A;gem:14409387,subduction_interface
201003190854A,2010-03-19T08:54:00,-73.33,-35.67,15.0,5.5,mw,27.0,10.0,118.0,178.0,81.0,85.0,54.0,82.0,5.0,179.0,36.0,273.0,5.88e+16,3500000000000000.5,-6.22e+16,8000000000000000.0,-1.84e+17,-1.46e+16,gmt,gcmt:C201003190854A;gcmt:C201003190854A;us:C201003190854A;gem:14554135,subduction_interface
201003191420A,2010-03-19T14:20:00,-72.59,-33.37,15.0,5.2,mw,20.0,16.0,110.0,178.0,75.0,84.0,59.0,81.0,5.0,180.0,30.0,273.0,3.47e+16,-3070000000000000.0,-3.16e+16,3730000000000000.0,-5.89e+16,-5510000000000000.0,gmt,gcmt:C201003191420A;gcmt:C201003191420A;us:C201003191420A;gem:14415085,subduction_interface
201003211831A,2010-03-21T18:31:00,-73.57,-36.56,21.0,5.5,mw,11.0,25.0,113.0,166.0,67.0,79.0,67.0,57.0,10.0,170.0,21.0,264.0,1.72e+17,2.16e+16,-1.94e+17,5.460000000000001e+16,-1.6e+17,7800000000000000.0,gmt,gcmt:C201003211831A;gcmt:C201003211831A;us:C201003211831A;neic:14554147;gem:14554147,subduction_interface
201003240005A,2010-03-24T00:05:00,-74.18,-37.28,16.0,5.1,mw,12.0,14.0,106.0,176.0,77.0,86.0,58.0,81.0,4.0,177.0,31.0,269.0,3.09,-0.25,-2.84,0.56,-5.76,-0.24,gmt,us:C201003240005A;gem:14420320,subduction_interface
201003251110A,2010-03-25T11:10:00,-73.69,-35.85,15.0,5.3,mw,21.0,14.0,103.0,187.0,76.0,87.0,58.0,93.0,3.0,188.0,31.0,280.0,5.36e+16,-5000000000000000.0,-4.85e+16,-1.07e+16,-1.01e+17,-1.19e+16,gmt,gcmt:C201003251110A;gcmt:C201003251110A;us:C201003251110A;gem:14462779,subduction_interface
201003281436A,2010-03-28T14:36:00,-73.92,-36.16,12.0,5.2,mw,6.0,16.0,92.0,183.0,74.0,89.0,61.0,92.0,1.0,184.0,29.0,274.0,3.84e+16,3480000000000000.0,-4.19e+16,-3610000000000000.0,-6.37e+16,-3650000000000000.0,gmt,gcmt:C201003281436A;gcmt:C201003281436A;us:C201003281436A;gem:14510076,subduction_interface
201003282138A,2010-03-28T21:38:00,-73.44,-35.56,12.0,6.0,mw,28.0,16.0,112.0,185.0,75.0,84.0,59.0,87.0,6.0,186.0,30.0,280.0,5.14e+17,2.1e+16,-5.35e+17,-6.1e+16,-9.6e+17,-1.64e+17,gmt,gcmt:C201003282138A;gcmt:C201003282138A;us:C201003282138A;neic:14596759;gem:14596759,subduction_interface
201003282143A,2010-03-28T21:43:00,-73.44,-35.45,17.0,5.6,mw,7.0,16.0,86.0,191.0,74.0,91.0,61.0,102.0,1.0,11.0,29.0,280.0,1.76e+17,1000000000000000.0,-1.77e+17,-5.600000000000001e+16,-2.83e+17,-2.85e+16,gmt,gcmt:C201003282143A;gcmt:C201003282143A;us:C201003282143A;gem:14554192,subduction_interface
201004011943A,2010-04-01T19:43:00,-72.25,-34.28,24.0,5.1,mw,352.0,16.0,89.0,173.0,74.0,90.0,61.0,83.0,0.0,353.0,29.0,263.0,2.84e+16,7840000000000000.0,-3.62e+16,6490000000000000.0,-5.269999999999999e+16,5880000000000000.0,gmt,gcmt:C201004011943A;gcmt:C201004011943A;us:C201004011943A;gem:14542704,subduction_interface
201004022258A,2010-04-02T22:58:00,-73.2,-36.33,30.0,6.0,mw,17.0,15.0,101.0,186.0,75.0,87.0,60.0,92.0,3.0,187.0,30.0,278.0,5.22e+17,5.1e+16,-5.73e+17,-9.3e+16,-9.79e+17,-1.22e+17,gmt,gcmt:C201004022258A;gcmt:C201004022258A;us:C201004022258A;neic:14560389;gem:14560389,subduction_interface
201004162241A,2010-04-16T22:41:00,-74.25,-37.69,12.0,5.6,mw,360.0,15.0,90.0,180.0,75.0,90.0,60.0,90.0,0.0,360.0,30.0,270.0,1.76e+17,-1000000000000000.0,-1.75e+17,1000000000000000.0,-2.97e+17,899999999999999.9,gmt,gcmt:C201004162241A;gcmt:C201004162241A;us:C201004162241A;neic:14579559;gem:14579559,subduction_interface
201004162315A,2010-04-16T23:15:00,-74.24,-37.62,12.0,5.7,mw,31.0,15.0,115.0,185.0,77.0,84.0,58.0,86.0,6.0,186.0,31.0,280.0,2.03e+17,-800000000000000.0,-2.02e+17,-2.37e+16,-4.13e+17,-6.889999999999999e+16,gmt,gcmt:C201004162315A;gcmt:C201004162315A;us:C201004162315A;gem:17468298,subduction_interface
201004180149A,2010-04-18T01:49:00,-74.19,-37.41,15.0,5.6,mw,4.0,19.0,93.0,180.0,71.0,89.0,64.0,88.0,1.0,180.0,26.0,271.0,1.73e+17,500000000000000.0,-1.74e+17,1200000000000000.0,-2.25e+17,-5600000000000000.0,gmt,gcmt:C201004180149A;gcmt:C201004180149A;us:C201004180149A;gem:14580151,subduction_interface
201004231003A,2010-04-23T10:03:00,-73.32,-37.69,29.0,6.0,mw,7.0,14.0,141.0,135.0,81.0,79.0,52.0,32.0,11.0,136.0,36.0,234.0,3.5e+17,5.7e+16,-4.07e+17,8.57e+17,-8.05e+17,2.05e+17,gmt,gcmt:C201004231003A;gcmt:C201004231003A;us:C201004231003A;neic:14606547;gem:14606547,subduction_interface
201005031839A,2010-05-03T18:39:00,-74.33,-37.36,12.0,5.4,mw,6.0,16.0,92.0,183.0,74.0,89.0,61.0,92.0,1.0,183.0,29.0,274.0,8.09e+16,-300000000000000.0,-8.05e+16,-6800000000000000.0,-1.3e+17,-6300000000000000.0,gmt,gcmt:C201005031839A;gcmt:C201005031839A;us:C201005031839A;gem:14630779,subduction_interface
201005032309A,2010-05-03T23:09:00,-74.08,-38.31,15.0,6.2,mw,357.0,14.0,89.0,178.0,76.0,90.0,45.00000000000001,275.0,5.565970692561155e-15,5.0,44.99999999999999,95.0,1.09e+18,4e+16,-1.13e+18,6.6e+16,-2.02e+18,4.6e+16,gmt,gcmt:C201005032309A;gcmt:C201005032309A;us:pde20100503230944790_19;neic:14768943;gem:14768943,subduction_interface
201005051524A,2010-05-05T15:24:00,-73.32,-35.67,16.0,5.4,mw,19.0,14.0,106.0,182.0,76.0,86.0,58.0,87.0,4.0,183.0,31.0,276.0,0.69,0.03,-0.72,-0.04,-1.38,-0.14,gmt,us:C201005051524A;gem:14682459,subduction_interface
201005242357A,2010-05-24T23:57:00,-73.71,-36.4,21.0,5.2,mw,19.0,19.0,111.0,177.0,73.0,83.0,62.0,77.0,6.0,179.0,27.0,272.0,4.93e+16,9900000000000000.0,-5.92e+16,5800000000000000.0,-7.68e+16,-7700000000000000.0,gmt,gcmt:C201005242357A;gcmt:C201005242357A;us:C201005242357A;gem:14723061,subduction_interface
201006011605A,2010-06-01T16:05:00,-73.85,-36.93,22.0,5.1,mw,355.0,21.0,81.0,184.0,70.0,93.0,65.0,100.0,3.0,3.0,24.0,272.0,3.81e+16,3880000000000000.0,-4.2e+16,-4270000000000000.0,-4.59e+16,190000000000000.0,gmt,gcmt:C201006011605A;gcmt:C201006011605A;us:C201006011605A;neic:14734798;gem:14734798,subduction_interface
201006270715A,2010-06-27T07:15:00,-74.3,-37.0,15.0,5.0,mw,6.0,22.0,92.0,184.0,68.0,89.0,67.0,93.0,1.0,184.0,23.0,274.0,2.53e+16,-30000000000000.0,-2.53e+16,-1600000000000000.0,-2.63e+16,-2160000000000000.0,gmt,gcmt:C201006270715A;gcmt:C201006270715A;us:C201006270715A;gem:14789532,subduction_interface
201006290140A,2010-06-29T01:40:00,-73.72,-37.91,19.0,5.5,mw,330.0,27.0,126.0,110.0,69.0,73.0,63.0,354.0,16.0,117.0,22.0,213.0,1.56e+17,-9.83e+16,-5.719999999999999e+16,1.67e+17,-3.68e+16,1.04e+17,gmt,gcmt:C201006290140A;gcmt:C201006290140A;us:C201006290140A;gem:14834788,subduction_interface
201007141505A,2010-07-14T15:05:00,-73.8,-38.39,23.0,5.8,mw,353.0,14.0,88.0,175.0,76.0,91.0,59.0,86.0,1.0,355.0,31.0,265.0,2.4e+17,1.83e+16,-2.59e+17,3.84e+16,-4.77e+17,2.83e+16,gmt,gcmt:C201007141505A;gcmt:C201007141505A;us:C201007141505A;neic:17177868;gem:17177868,subduction_interface
201007150036A,2010-07-15T00:36:00,-72.35,-34.27,23.0,5.4,mw,18.0,24.0,121.0,164.0,70.0,77.0,63.0,54.0,12.0,169.0,24.0,264.0,8.34e+16,4.49e+16,-1.28e+17,3.21e+16,-1.1399999999999998e+17,9000000000000000.0,gmt,gcmt:C201007150036A;gcmt:C201007150036A;us:C201007150036A;gem:14991716,subduction_interface
201008050601A,2010-08-05T06:01:00,-73.69,-37.7,18.0,5.9,mw,6.0,13.0,97.0,179.0,78.0,88.0,57.0,87.0,2.0,179.0,32.0,270.0,3.63e+17,1.48e+16,-3.78e+17,2.1e+16,-7.94e+17,-1.64e+16,gmt,gcmt:C201008050601A;gcmt:C201008050601A;us:C201008050601A;neic:15075818;gem:15075818,subduction_interface
201009060320A,2010-09-06T03:20:00,-73.56,-37.79,27.0,5.0,mw,19.0,28.0,114.0,173.0,65.0,78.0,68.0,60.0,11.0,178.0,19.0,271.0,2.21,1.45,-3.66,0.25,-2.33,-0.23,gmt,us:C201009060320A;gem:15163938,subduction_interface
201009090728A,2010-09-09T07:28:00,-74.16,-37.27,12.0,6.2,mw,11.0,14.0,99.0,182.0,76.0,88.0,45.000000000000014,265.0,2.3854160110976376e-15,355.0,45.00000000000001,85.0,1.08e+18,3.8e+16,-1.12e+18,-5e+16,-2.03e+18,-1.31e+17,gmt,gcmt:C201009090728A;gcmt:C201009090728A;us:pde20100909072801720_16;neic:15173297;gem:15173297,subduction_interface
201009140323A,2010-09-14T03:23:00,-74.27,-37.32,13.0,5.2,mw,359.0,19.0,83.0,186.0,71.0,92.0,64.0,100.0,2.0,5.0,26.0,274.0,5.610000000000001e+16,1799999999999999.8,-5.789999999999999e+16,-9000000000000000.0,-7.1e+16,-2800000000000000.0,gmt,gcmt:C201009140323A;gcmt:C201009140323A;us:C201009140323A;gem:15185585,subduction_interface
201009140337A,2010-09-14T03:37:00,-74.35,-37.32,16.0,5.1,mw,352.0,19.0,76.0,187.0,72.0,95.0,63.0,104.0,4.0,5.0,27.0,273.0,3.34,-0.15,-3.19,-0.66,-4.34,0.07,gmt,us:C201009140337A;gem:15185586,subduction_interface
201009170652A,2010-09-17T06:52:00,-74.17,-37.65,16.0,5.1,mw,341.0,16.0,71.0,181.0,75.0,95.0,60.0,99.0,5.0,360.0,29.0,267.0,2.92,-0.12,-2.8,-0.26,-4.79,0.46,gmt,us:C201009170652A;gem:15192878,subduction_interface
201009200542A,2010-09-20T05:42:00,-72.36,-33.84,22.0,5.1,mw,348.0,22.0,78.0,182.0,69.0,95.0,66.0,100.0,4.0,360.0,24.0,268.0,3.71e+16,-470000000000000.0,-3.66e+16,-2819999999999999.5,-4.07e+16,3260000000000000.0,gmt,gcmt:C201009200542A;gcmt:C201009200542A;us:C201009200542A;gem:15195444,subduction_interface
201009300026A,2010-09-30T00:26:00,-74.07,-36.51,12.0,5.6,mw,9.0,17.0,98.0,180.0,73.0,87.0,62.0,86.0,2.0,181.0,28.0,272.0,1.65e+17,100000000000000.0,-1.65e+17,2800000000000000.0,-2.41e+17,-1.29e+16,gmt,gcmt:C201009300026A;gcmt:C201009300026A;us:C201009300026A;neic:15214879;gem:15214879,subduction_interface
C201010230138A,2010-10-23T01:38:14,-71.11,-29.59,44.0,5.6,mwc,9.0,33.0,82.0,199.0,57.0,95.0,77.0,126.0,5.0,16.0,12.0,285.0,2.3e+17,5.22e+16,-2.82e+17,-4.36e+16,-1.1000000000000002e+17,-9.06e+16,us,gem:15262013,subduction_interface
201010230558A,2010-10-23T05:58:00,-73.88,-37.91,21.0,5.5,mw,31.0,16.0,123.0,177.0,76.0,81.0,58.0,75.0,9.0,179.0,31.0,274.0,1.08e+17,1.23e+16,-1.2e+17,1.92e+16,-2.15e+17,-3.09e+16,gmt,gcmt:C201010230558A;gcmt:C201010230558A;us:C201010230558A;neic:15793289;gem:15793289,subduction_interface
201101070942A,2011-01-07T09:42:00,-73.66,-35.87,12.0,5.4,mw,22.0,21.0,107.0,184.0,70.0,83.0,64.0,83.0,6.0,186.0,25.0,279.0,8.7e+16,7000000000000000.0,-9.4e+16,-3000000000000000.0,-1.09e+17,-2.2e+16,gmt,gcmt:C201101070942A;gcmt:C201101070942A;us:pde20110107094219300_10;gem:15908759,subduction_interface
201101100602A,2011-01-10T06:02:00,-73.59,-35.77,12.0,5.9,mw,22.0,14.0,105.0,187.0,76.0,86.0,59.0,108.0,1.0,16.0,31.0,285.0,5e+17,-2.5e+16,-4.75e+17,-2.66e+17,-8.85e+17,-1.2e+17,gmt,gcmt:C201101100602A;gcmt:C201101100602A;us:pde20110110060251950_24;neic:15914934;gem:15914934,subduction_interface
15959253,2011-01-23T16:02:43,-70.425,-19.973,30.2,4.98,mw,151.0,61.0,86.0,339.0,29.0,97.0,44.30757645692649,230.88432618321983,6.570214349833255,327.33953338135257,44.942233912403054,63.93999482180215,2.64,0.13,-2.77,0.98,-1.7,1.78,gem,,subduction_interface
201102051611A,2011-02-05T16:11:00,-73.84,-37.81,21.0,5.7,mw,9.0,17.0,98.0,180.0,73.0,88.0,57.0,88.0,3.0,182.0,32.0,274.0,2.55e+17,2.2e+16,-2.77e+17,-1e+16,-5.68e+17,-3.8e+16,gmt,gcmt:C201102051611A;gcmt:C201102051611A;us:pde20110205161139680_28;neic:16007307;gem:16007307,subduction_interface
choy20110211200530,2011-02-11T20:05:30,-73.13,-36.47,26.0,6.9,mww,180.0,77.0,86.0,17.0,14.0,107.0,44.76479852140793,264.6860524282587,4.334450126124886,358.99734881381335,44.90792073045542,93.33027946037248,9.99e+18,-3.3e+17,-9.66e+18,2.5e+17,-2.09e+19,-1.32e+18,us,gcmt:C201102112005A;gcmt:C201102112005A;neic:602064448;gem:602064448,subduction_interface
201102112339A,2011-02-11T23:39:00,-74.11,-37.45,16.0,6.0,mw,11.0,16.0,98.0,183.0,74.0,88.0,61.0,90.0,2.0,183.0,29.0,275.0,6.3e+17,-3e+16,-5.9e+17,-3e+16,-1.01e+18,-7e+16,gmt,gcmt:C201102112339A;gcmt:C201102112339A;us:pde20110211233921310_15;neic:16021297;gem:16021297,subduction_interface
201102120117A,2011-02-12T01:17:00,-74.0,-37.35,14.0,6.0,mw,12.0,15.0,98.0,183.0,75.0,88.0,60.0,90.0,2.0,184.0,30.0,275.0,6.1e+17,1e+16,-6.2e+17,-5e+16,-1.06e+18,-8e+16,gmt,gcmt:C201102120117A;gcmt:C201102120117A;us:pde20110212011701410_16;neic:16021304;gem:16021304,subduction_interface
201102131035A,2011-02-13T10:35:00,-73.74,-36.83,14.0,5.9,mw,12.0,18.0,97.0,184.0,72.0,88.0,44.828155025665545,269.3428871805679,3.524777552022518,2.853206799706016,44.955276640767295,96.37915747486852,5.75e+17,4000000000000000.0,-5.8e+17,-4.8e+16,-8.04e+17,-8.2e+16,gmt,gcmt:C201102131035A;gcmt:C201102131035A;us:choy20110213103506;neic:16022458;gem:16022458,subduction_interface
201102131344A,2011-02-13T13:44:00,-73.74,-36.75,18.0,5.6,mw,9.0,15.0,95.0,184.0,75.0,89.0,60.0,92.0,1.0,184.0,30.0,275.0,1.72e+17,0.0,-1.71e+17,-1.7e+16,-2.99e+17,-1.9e+16,gmt,gcmt:C201102131344A;gcmt:C201102131344A;us:pde20110213134436450_18;neic:601516583;gem:601516583,subduction_interface
choy20110214034009,2011-02-14T03:40:09,-72.83,-35.38,21.0,6.7,mww,189.0,73.0,85.0,26.0,18.0,106.0,44.55068067564922,271.53380675816425,5.760011735034293,7.232750833877048,44.87218789685112,102.99623301732032,5.600000000000001e+18,-2.3e+17,-5.37e+18,-1.27e+18,-9.05e+18,-1.7299999999999995e+18,us,gcmt:C201102140340A;gcmt:C201102140340A;neic:602035966;gem:602035966,subduction_interface
201102141021A,2011-02-14T10:21:00,-73.41,-35.6,15.0,5.2,mw,13.0,18.0,107.0,175.0,73.0,85.0,61.0,77.0,5.0,177.0,28.0,270.0,4.52e+16,-2500000000000000.0,-4.27e+16,8100000000000000.0,-6.55e+16,-3700000000000000.0,gmt,gcmt:C201102141021A;gcmt:C201102141021A;us:pde20110214102127320_34;gem:16026120,subduction_interface
201102190626A,2011-02-19T06:26:00,-72.33,-34.05,21.0,5.2,mw,360.0,21.0,94.0,176.0,69.0,89.0,66.0,83.0,1.0,176.0,24.0,267.0,5.54e+16,5800000000000000.0,-6.12e+16,5500000000000000.0,-6.65e+16,2900000000000000.0,gmt,gcmt:C201102190626A;gcmt:C201102190626A;us:pde20110219062631000_15;gem:16056977,subduction_interface
201102240436A,2011-02-24T04:36:00,-73.82,-36.29,20.0,5.1,mw,24.0,27.0,139.0,152.0,73.0,69.0,57.0,34.0,20.0,159.0,25.0,258.0,3.06e+16,6300000000000000.0,-3.69e+16,2.67e+16,-3.35e+16,-200000000000000.0,gmt,us:pde20110224043648000_33;gem:16153246,subduction_interface
201102280129A,2011-02-28T01:29:00,-73.69,-37.46,25.0,5.8,mw,6.0,16.0,97.0,179.0,74.0,88.0,61.0,86.0,2.0,179.0,29.0,271.0,3.43e+17,1.3e+16,-3.56e+17,1.7e+16,-5.62e+17,-1.6e+16,gmt,gcmt:C201102280129A;gcmt:C201102280129A;us:pde20110228012925000_31;neic:16160700;gem:16160700,subduction_interface
201103030758A,2011-03-03T07:58:00,-73.83,-37.45,23.0,5.2,mw,1.0,22.0,97.0,173.0,68.0,87.0,67.0,78.0,3.0,174.0,23.0,266.0,5.46e+16,-2500000000000000.0,-5.21e+16,8200000000000000.0,-5.52e+16,2100000000000000.0,gmt,gcmt:C201103030758A;gcmt:C201103030758A;us:pde20110303075853000_18;gem:16176485,subduction_interface
201104220512A,2011-04-22T05:12:00,-74.31,-38.1,14.0,5.3,mw,359.0,19.0,88.0,182.0,71.0,91.0,64.0,93.0,1.0,1.0,26.0,271.0,7.45e+16,-1000000000000000.0,-7.35e+16,-3200000000000000.0,-9.75e+16,-300000000000000.0,gmt,gcmt:C201104220512A;gcmt:C201104220512A;us:pde20110422051248000_19;neic:16451682;gem:16451682,subduction_interface
201106011255A,2011-06-01T12:55:00,-74.41,-37.74,12.0,6.3,mw,1.0,17.0,88.0,183.0,73.0,91.0,45.00000000000001,275.0,7.156248033292914e-15,5.0,44.99999999999999,95.0,2.25e+18,1.6e+16,-2.27e+18,-1.94e+17,-3.4e+18,-7.5e+16,gmt,gcmt:C201106011255A;gcmt:C201106011255A;us:pde20110601125522380_21;neic:16722583;gem:16722583,subduction_interface
201106290536A,2011-06-29T05:36:00,-72.54,-33.98,19.0,5.5,mw,13.0,18.0,100.0,183.0,72.0,87.0,63.0,88.0,3.0,184.0,27.0,275.0,1.52e+17,-9000000000000000.0,-1.43e+17,-5000000000000000.0,-2.02e+17,-2e+16,gmt,gcmt:C201106290536A;gcmt:C201106290536A;us:pde20110629053646000_19;gem:16685765,subduction_interface
201107160026A,2011-07-16T00:26:00,-72.19,-33.96,24.0,5.9,mw,14.0,21.0,108.0,174.0,70.0,83.0,43.96190922539601,252.5226583589192,8.55271589594508,350.8621684844292,44.77062561460925,89.44229658762413,6.72e+17,2.3e+16,-6.94e+17,1.24e+17,-7.99e+17,-4.8e+16,gmt,gcmt:C201107160026A;gcmt:C201107160026A;us:choy20110716002612;neic:16845236;gem:16845236,subduction_interface
201107251115A,2011-07-25T11:15:00,-74.03,-37.9,20.0,5.4,mw,3.0,15.0,95.0,178.0,75.0,89.0,60.0,86.0,1.0,179.0,30.0,269.0,7.9e+16,-8000000000000000.0,-7.1e+16,5000000000000000.0,-1.28e+17,-1000000000000000.0,gmt,gcmt:C201107251115A;gcmt:C201107251115A;us:pde20110725111511000_32;neic:16887034;gem:16887034,subduction_interface
201107281605A,2011-07-28T16:05:00,-73.57,-35.91,13.0,5.2,mw,24.0,19.0,103.0,191.0,71.0,86.0,63.0,94.0,4.0,192.0,26.0,284.0,4.39e+16,-1000000000000000.0,-4.29e+16,-9700000000000000.0,-5.88e+16,-1.41e+16,gmt,gcmt:C201107281605A;gcmt:C201107281605A;us:pde20110728160559790_35;gem:16910195,subduction_interface
201107281950A,2011-07-28T19:50:00,-73.53,-35.86,13.0,5.6,mw,344.0,17.0,61.0,194.0,75.0,98.0,52.0,79.0,7.0,179.0,36.0,275.0,1.1e+17,2e+16,-1.3e+17,1e+16,-3.7e+17,-5e+16,gmt,gcmt:C201107281950A;gcmt:C201107281950A;us:pde20110728195020060_35;gem:16910215,subduction_interface
201108061322A,2011-08-06T13:22:00,-73.46,-36.06,15.0,5.5,mw,49.0,9.0,131.0,188.0,83.0,84.0,51.0,91.0,6.0,189.0,38.0,283.0,4.8e+16,-8000000000000000.0,-4.1e+16,-2.4e+16,-1.96e+17,-2.6e+16,gmt,gcmt:C201108061322A;gcmt:C201108061322A;us:pde20110806132234000_31;gem:16919419,subduction_interface
201109031620A,2011-09-03T16:20:00,-74.17,-38.27,18.0,5.8,mw,4.0,16.0,93.0,181.0,74.0,89.0,61.0,89.0,1.0,181.0,29.0,272.0,3.38e+17,1e+16,-3.48e+17,-3800000000000000.0,-5.47e+17,-1.53e+16,gmt,gcmt:C201109031620A;gcmt:C201109031620A;iscgem:pde20110903162041000_12;neic:17197881;gem:17197881,subduction_interface
201109140703A,2011-09-14T07:03:00,-71.88,-32.8,26.0,5.9,mw,359.0,16.0,84.0,185.0,74.0,92.0,45.00000000000001,265.0,1.5902773407317588e-15,355.0,45.00000000000001,85.0,3.82e+17,4.46e+16,-4.26e+17,-5.99e+16,-6.39e+17,-1.95e+16,gmt,gcmt:C201109140703A;gcmt:C201109140703A;us:pde20110914070351000_37;neic:17224590;gem:17224590,subduction_interface
201109282240A,2011-09-28T22:40:00,-74.45,-38.05,12.0,5.5,mw,6.0,15.0,82.0,194.0,75.0,92.0,60.0,107.0,2.0,13.0,30.0,282.0,1.03e+17,3000000000000000.0,-1.06e+17,-4.4e+16,-1.74e+17,-2e+16,gmt,gcmt:C201109282240A;gcmt:C201109282240A;us:pde20110928224012860_10;neic:17286481;gem:17286481,subduction_interface
201109291540A,2011-09-29T15:40:00,-74.56,-38.06,12.0,5.2,mw,3.0,22.0,87.0,187.0,68.0,91.0,67.0,99.0,1.0,6.0,23.0,276.0,5.92e+16,6100000000000000.0,-6.53e+16,-8400000000000000.0,-6.55e+16,-6600000000000000.0,gmt,gcmt:C201109291540A;gcmt:C201109291540A;us:pde20110929154053270_31;gem:17309835,subduction_interface
201201231604A,2012-01-23T16:04:00,-73.42,-36.5,22.0,6.1,mw,13.0,19.0,101.0,182.0,71.0,86.0,44.99999999999999,270.0,4.303634083674839e-15,0.0,44.99999999999999,90.0,1.11e+18,6e+16,-1.17e+18,-2.5e+16,-1.5e+18,-1.63e+17,gmt,gcmt:C201201231604A;gcmt:C201201231604A;us:pde20120123160452980_20;neic:603838887;gem:603838887,subduction_interface
201202110258A,2012-02-11T02:58:00,-73.68,-37.54,24.0,5.6,mw,3.0,22.0,93.0,180.0,68.0,89.0,62.0,86.0,1.0,178.0,28.0,269.0,2.29e+17,3.2e+16,-2.61e+17,1.4e+16,-3.57e+17,0.0,gmt,gcmt:C201202110258A;gcmt:C201202110258A;us:pde20120211025817000_20;neic:600561750;gem:600561750,subduction_interface
201202170801A,2012-02-17T08:01:00,-74.29,-37.27,17.0,5.1,mw,350.0,25.0,66.0,197.0,67.0,101.0,41.98714305031915,306.5629446657907,14.362084826951524,203.23964671486752,44.48196906545199,98.67558147889588,4.56,-0.02,-4.53,-1.78,-4.07,-0.2,gmt,gem:600668615,subduction_interface
201204030211A,2012-04-03T02:11:00,-72.63,-33.86,14.0,5.1,mw,5.0,22.0,84.0,191.0,68.0,92.0,67.0,106.0,2.0,10.0,23.0,279.0,4.26e+16,-1210000000000000.0,-4.14e+16,-9520000000000000.0,-4.25e+16,-5730000000000000.0,gmt,gcmt:C201204030211A;gcmt:C201204030211A;gem:600847130,subduction_interface
pde20120430073945560_37,2012-04-30T07:39:45,-71.49,-29.84,32.0,5.6,mww,346.0,29.0,67.0,192.0,64.0,102.0,69.0,126.0,10.0,6.0,17.0,272.0,1.99e+17,8e+16,-2.78e+17,-4.3e+16,-1.68e+17,-7000000000000000.0,us,gcmt:C201204300739A;gcmt:C201204300739A;neic:600957622;gem:600957622,subduction_interface
201211191645A,2012-11-19T16:45:00,-72.42,-33.92,21.0,5.1,mw,351.0,23.0,78.0,184.0,67.0,95.0,44.349303995663554,283.3166454683377,6.605020698710175,186.81728605885232,44.89258421739349,90.19293126907588,3.82,-0.05,-3.77,-0.47,-3.69,0.17,gmt,gem:601992979,subduction_interface
201211201623A,2012-11-20T16:23:00,-72.4,-33.99,19.0,5.4,mw,16.0,20.0,100.0,185.0,71.0,87.0,64.0,90.0,3.0,187.0,26.0,278.0,1e+17,7099999999999999.0,-1.07e+17,-1.01e+16,-1.32e+17,-2.12e+16,gmt,gcmt:C201211201623A;gcmt:C201211201623A;gem:601993233,subduction_interface
201211212136A,2012-11-21T21:36:00,-72.31,-34.05,21.0,5.9,mw,6.0,20.0,106.0,169.0,70.0,84.0,44.99999999999999,260.00000000000006,2.385416011097637e-14,170.0,45.000000000000014,80.0,5.08e+17,3.48e+16,-5.43e+17,1.3999999999999998e+17,-6.23e+17,2.63e+16,gmt,gcmt:C201211212136A;gcmt:C201211212136A;us:pde20121121213622740_18;neic:601993538;gem:601993538,subduction_interface
201212261317A,2012-12-26T13:17:00,-73.78,-37.41,25.0,5.4,mw,4.0,17.0,92.0,182.0,73.0,89.0,62.0,88.0,2.0,181.0,28.0,272.0,7.6e+16,9000000000000000.0,-8.5e+16,0.0,-1.16e+17,-5000000000000000.0,gmt,gcmt:C201212261317A;gcmt:C201212261317A;us:pde20121226131757260_29;neic:602058915;gem:602058915,subduction_interface
201212270037A,2012-12-27T00:37:00,-73.77,-35.89,12.0,5.8,mw,14.0,16.0,94.0,190.0,74.0,89.0,57.0,102.0,0.0,12.0,32.0,282.0,3.7e+17,-5.1e+16,-3.2e+17,-1.65e+17,-7.71e+17,-6e+16,gmt,gcmt:C201212270037A;gcmt:C201212270037A;us:pde20121227003708830_14;neic:602059082;gem:602059082,subduction_interface
201301230247A,2013-01-23T02:47:00,-71.62,-31.82,30.0,5.1,mw,336.0,25.0,71.0,176.0,66.0,99.0,69.0,91.0,3.0,354.0,21.0,263.0,2.3e+16,-5700000000000000.0,-1.73e+16,500000000000000.0,-1.81e+16,2000000000000000.0,gmt,gcmt:C201301230247A;gcmt:C201301230247A;us:pde20130123024738660_28;gem:602345425,subduction_interface
pde20130130201543340_45,2013-01-30T20:15:43,-70.653,-28.094,45.0,6.8,mww,175.0,65.0,90.0,355.0,25.0,90.0,45.00000000000001,265.0,8.74652537402467e-15,355.0,45.00000000000001,85.0,1.35e+19,6.5e+17,-1.42e+19,2.33e+18,-1.09e+19,-3.94e+18,us,gcmt:C201301302015A;gcmt:C201301302015A;neic:602363406;gem:602363406,subduction_interface
201302181000A,2013-02-18T10:00:00,-72.39,-34.05,17.0,5.4,mw,5.0,18.0,95.0,180.0,72.0,89.0,63.0,88.0,1.0,181.0,27.0,271.0,1.02e+17,4900000000000000.0,-1.06e+17,500000000000000.0,-1.46e+17,-4900000000000000.0,gmt,gcmt:C201302181000A;gcmt:C201302181000A;gem:602446074,subduction_interface
201303290730A,2013-03-29T07:30:00,-73.28,-35.44,14.0,5.4,mw,23.0,19.0,111.0,181.0,72.0,83.0,56.0,89.0,6.0,189.0,32.0,284.0,6.800000000000001e+16,-1.2e+16,-5.600000000000001e+16,-1.7000000000000002e+16,-1.5e+17,-2.7e+16,gmt,gcmt:C201303290730A;gcmt:C201303290730A;us:b000fvhe;neic:602751351;gem:602751351,subduction_interface
603247785,2013-07-23T17:27:16,-70.833,-20.175,24.3,5.08,mw,174.0,59.0,96.0,343.0,32.0,81.0,43.11182647096751,280.8580885408236,10.79322018536546,180.5774747733501,44.877545967658094,79.63493620241036,4.61,0.02,-4.62,0.02,-2.43,1.01,gem,,subduction_interface
603251399,2013-07-24T13:29:54,-70.779,-20.178,22.3,4.96,mw,174.0,60.0,93.0,348.0,30.0,85.0,44.56457025354641,272.1222507066551,5.179622188786075,177.0,44.96844173796522,81.80482394787134,3.05,-0.15,-2.9,0.09,-1.76,0.43,gem,,subduction_interface
201309292306A,2013-09-29T23:06:00,-73.89,-37.53,20.0,5.3,mw,4.0,20.0,92.0,182.0,70.0,89.0,65.0,91.0,1.0,182.0,25.0,272.0,7.42e+16,3500000000000000.5,-7.77e+16,-2800000000000000.0,-9.25e+16,-3900000000000000.0,gmt,gcmt:C201309292306A;gcmt:C201309292306A;neic:603501989;gem:603501989,subduction_interface
201309292323A,2013-09-29T23:23:00,-73.81,-37.57,22.0,5.5,mw,358.0,20.0,86.0,182.0,70.0,91.0,65.0,94.0,1.0,2.0,25.0,271.0,1.72e+17,-1900000000000000.0,-1.7e+17,-9300000000000000.0,-1.98e+17,-200000000000000.0,gmt,gcmt:C201309292323A;gcmt:C201309292323A;neic:603501990;gem:603501990,subduction_interface
201310300229A,2013-10-30T02:29:00,-73.36,-35.46,13.0,5.9,mw,15.0,18.0,91.0,194.0,72.0,90.0,63.0,38.0,26.0,203.0,6.0,296.0,4.31e+17,-3.1e+16,-4e+17,1.49e+17,-1.93e+17,-2.74e+17,gmt,gcmt:C201310300229A;gcmt:C201310300229A;us:c000kr9e;neic:609078660;gem:609078660,subduction_interface
201310300251A,2013-10-30T02:51:00,-73.48,-35.43,12.0,6.3,mw,19.0,17.0,92.0,196.0,73.0,89.0,63.0,89.0,9.0,197.0,25.0,291.0,1.41e+18,-2.4e+17,-1.17e+18,-3.1e+17,-1.74e+18,-6.5e+17,gmt,gcmt:C201310300251A;gcmt:C201310300251A;us:c000kr9k;neic:603764109;gem:603764109,subduction_interface
C201310311539A,2013-10-31T15:39:46,-71.22,-24.95,21.3,5.1,mw,356.0,24.0,101.0,164.0,67.0,85.0,68.0,65.0,4.0,166.0,22.0,257.0,5.45e+16,-4890000000000000.0,-4.96e+16,1.66e+16,-4.71e+16,7880000000000000.0,gcmt,gem:603766421,subduction_interface
201403030317A,2014-03-03T03:17:00,-72.11,-33.21,22.0,5.2,mw,2.0,24.0,96.0,176.0,67.0,87.0,68.0,81.0,2.0,177.0,21.0,268.0,6.969999999999999e+16,-5500000000000000.0,-6.42e+16,6700000000000000.0,-6.21e+16,600000000000000.0,gmt,gcmt:C201403030317A;gcmt:C201403030317A;neic:604087265;gem:604087265,subduction_interface
201403041051A,2014-03-04T10:51:00,-72.16,-33.63,23.0,5.8,mw,15.0,22.0,104.0,180.0,68.0,84.0,56.0,74.0,11.0,180.0,31.0,277.0,2.35e+17,-2.04e+16,-2.145e+17,4.83e+16,-4.655e+17,-8.71e+16,gmt,gcmt:C201403041051A;gcmt:C201403041051A;us:b000n0mp;neic:604090622;gem:604090622,subduction_interface
201403151446A,2014-03-15T14:46:00,-71.86,-34.8,47.0,5.2,mw,22.0,24.0,115.0,175.0,69.0,79.0,83.0,43.0,5.0,180.0,5.0,270.0,6.236e+16,2690000000000000.0,-6.505e+16,5690000000000000.0,-1.127e+16,-660000000000000.0,gmt,gcmt:C201403151446A;gcmt:C201403151446A;us:c000nchd;neic:604162124;gem:604162124,subduction_interface
C201403170134A,2014-03-17T01:35:01,-71.01,-19.84,22.3,5.2,mw,352.0,46.0,56.0,216.0,53.0,120.0,66.0,187.0,24.0,17.0,4.0,285.0,6.09e+16,-3850000000000000.0,-5.7e+16,-3.57e+16,1200000000000000.0,-1.27e+16,gcmt,gem:604162243,subduction_interface
C201403170511A,2014-03-17T05:11:45,-71.05,-20.01,17.8,6.4,mw,352.0,17.0,94.0,168.0,73.0,89.0,62.0,76.0,1.0,168.0,28.0,259.0,2.51e+18,1.03e+17,-2.61e+18,8.39e+17,-3.78e+18,5.16e+17,gcmt,gem:604162382,subduction_interface
C201403170832A,2014-03-17T08:32:43,-70.91,-20.02,23.3,5.2,mw,352.0,38.0,-144.0,232.0,69.0,-58.0,18.0,299.0,30.0,40.0,54.0,182.0,-3.14e+16,-6690000000000000.0,3.81e+16,3.52e+16,1.23e+16,2.04e+16,gcmt,gem:604162393,subduction_interface
604163364,2014-03-17T11:12:16,-70.847,-19.954,20.7,5.04,mw,169.0,65.0,90.0,348.0,25.0,89.0,45.00000000000001,259.0,3.1805546814635176e-15,169.0,45.00000000000001,79.0,3.48,-0.16,-3.32,0.55,-2.86,0.69,gem,,subduction_interface
C201403182126A,2014-03-18T21:26:53,-71.02,-20.01,13.6,5.8,mw,13.0,17.0,101.0,182.0,73.0,87.0,61.0,87.0,3.0,183.0,28.0,275.0,3.78e+17,4600000000000000.0,-3.83e+17,-1.03e+16,-5.87e+17,-5.19e+16,gcmt,gem:604178139,subduction_interface
C201403221259A,2014-03-22T13:00:08,-71.14,-19.73,18.9,6.2,mw,346.0,20.0,90.0,167.0,70.0,90.0,65.0,77.0,0.0,347.0,25.0,257.0,1.79e+18,4.7e+16,-1.84e+18,4.85e+17,-2.1e+18,4.72e+17,gcmt,gem:604187018,subduction_interface
C201403231819A,2014-03-23T18:20:08,-71.05,-19.7,21.7,6.3,mw,350.0,21.0,100.0,160.0,69.0,86.0,66.0,64.0,3.0,161.0,24.0,253.0,1.85e+18,-4000000000000000.0,-1.85e+18,7.89e+17,-2e+18,5.4300000000000006e+17,gcmt,gem:604187156,subduction_interface
C201403241126A,2014-03-24T11:26:46,-71.05,-19.8,21.9,5.7,mw,352.0,22.0,94.0,168.0,68.0,89.0,67.0,75.0,1.0,168.0,23.0,259.0,3.4e+17,2.35e+16,-3.64e+17,8.54e+16,-3.73e+17,7.49e+16,gcmt,gem:604187975,subduction_interface
C201403250015A,2014-03-25T00:15:17,-71.01,-19.83,23.5,5.2,mw,338.0,24.0,90.0,158.0,66.0,90.0,69.0,68.0,0.0,158.0,21.0,248.0,7.8e+16,-3599999999999999.5,-7.43e+16,2.7400000000000004e+16,-6.760000000000001e+16,3.4200000000000004e+16,gcmt,gem:604361304,subduction_interface
C201404012346A,2014-04-01T23:47:31,-70.81,-19.7,21.6,8.2,mw,355.0,15.0,106.0,159.0,76.0,86.0,59.0,63.0,4.0,160.0,30.0,252.0,9.2e+20,-3.9e+19,-8.81e+20,6.37e+20,-1.53e+21,2.05e+20,gcmt,gem:610102185,subduction_interface
C201404030243A,2014-04-03T02:43:35,-70.6,-20.43,28.7,7.7,mw,358.0,14.0,103.0,165.0,76.0,87.0,58.0,70.0,3.0,165.0,31.0,257.0,2.2000000000000003e+20,4.6e+18,-2.2400000000000003e+20,1.22e+20,-4.2e+20,3.8e+19,gcmt,gem:604399091,subduction_interface
C201404040137A,2014-04-04T01:37:57,-70.91,-20.61,19.5,6.3,mw,1.0,25.0,109.0,160.0,67.0,81.0,67.0,54.0,8.0,163.0,21.0,257.0,1.94e+18,7.8e+16,-2.02e+18,7.78e+17,-1.69e+18,3.76e+17,gcmt,gem:604425796,subduction_interface
604440637,2014-04-05T00:33:57,-70.519,-20.125,33.0,5.09,mw,169.0,63.0,88.0,355.0,27.0,95.0,44.85532929357278,254.43700320038732,3.029045903598066,347.4549973240805,44.98468318602674,80.48666221310333,4.08,0.62,-4.7,0.66,-3.18,0.78,gem,,subduction_interface
604441534,2014-04-05T14:04:51,-70.831,-20.374,18.7,4.97,mw,158.0,43.0,107.0,315.0,49.0,74.0,15.123324604811955,161.40558168891528,41.67548431467851,265.3265503104008,44.41703713174771,56.04973092738874,3.66,-1.23,-2.44,-0.92,-0.2,1.41,gem,,subduction_interface
C201404061406A,2014-04-06T14:06:11,-71.16,-20.4,15.0,5.2,mw,81.0,6.0,-167.0,338.0,89.0,-84.0,43.0,62.0,6.0,158.0,46.0,254.0,-8900000000000000.0,1.46e+16,-5700000000000000.0,4.35e+16,-1.1000000000000002e+17,-7900000000000000.0,gcmt,gem:604441572,subduction_interface
C201404071343A,2014-04-07T13:43:26,-70.88,-20.13,16.8,5.7,mw,46.0,26.0,35.0,284.0,76.0,112.0,54.0,220.0,21.0,98.0,28.0,357.0,2.19e+17,-3.52e+17,1.33e+17,-4.28e+17,1.17e+17,-1.04e+17,gcmt,gem:609948471,subduction_interface
604447891,2014-04-08T05:20:22,-70.811,-19.868,28.0,4.96,mw,164.0,62.0,90.0,344.0,28.0,90.0,45.000000000000014,254.0,1.590277340731758e-15,344.0,45.00000000000001,74.0,2.89,-0.33,-2.56,0.53,-1.86,0.7,gem,,subduction_interface
C201404081014A,2014-04-08T10:14:38,-71.15,-20.62,12.4,5.6,mw,1.0,18.0,70.0,202.0,73.0,97.0,62.0,122.0,6.0,20.0,27.0,287.0,1.54e+17,6600000000000000.0,-1.6e+17,-9.46e+16,-2.09e+17,-3.85e+16,gcmt,gem:604447942,subduction_interface
609948516,2014-04-09T04:32:56,-70.976,-19.915,19.6,5.02,mw,172.0,64.0,96.0,340.0,27.0,79.0,43.83067813734024,274.7266809287792,8.699471032027505,176.27990384594295,44.85823677793216,77.52217281785249,3.38,-0.26,-3.12,0.15,-2.56,0.76,gem,,subduction_interface
C201404091114A,2014-04-09T11:14:48,-71.11,-20.65,14.7,5.2,mw,350.0,22.0,91.0,169.0,68.0,90.0,67.0,78.0,0.0,169.0,23.0,259.0,6.19e+16,2000000000000000.0,-6.39e+16,1.25e+16,-6.44e+16,1.24e+16,gcmt,gem:609948527,subduction_interface
C201404110001A,2014-04-11T00:01:51,-70.88,-20.64,14.5,6.2,mw,328.0,28.0,43.0,198.0,72.0,111.0,58.0,137.0,20.0,12.0,24.0,272.0,9.05e+17,3.74e+17,-1.28e+18,-5.12e+17,-1.16e+18,1.3500000000000002e+17,gcmt,gem:604451433,subduction_interface
C201404140556A,2014-04-14T05:56:23,-70.98,-20.73,18.9,5.1,mw,356.0,21.0,95.0,170.0,69.0,88.0,66.0,76.0,2.0,171.0,24.0,261.0,6.969999999999999e+16,4500000000000000.0,-7.42e+16,1.51e+16,-7.73e+16,1.06e+16,gcmt,gem:609948647,subduction_interface
C201404151609A,2014-04-15T16:09:40,-70.99,-20.12,19.5,5.3,mw,343.0,26.0,81.0,173.0,64.0,95.0,71.0,93.0,4.0,351.0,19.0,260.0,8.13e+16,2200000000000000.0,-8.35e+16,4500000000000000.0,-6.6e+16,1.85e+16,gcmt,gem:609948678,subduction_interface
C201404211339A,2014-04-21T13:39:12,-71.19,-19.69,20.9,5.3,mw,349.0,24.0,93.0,166.0,66.0,89.0,69.0,74.0,1.0,167.0,21.0,257.0,7.6e+16,-700000000000000.0,-7.54e+16,1.78e+16,-6.909999999999999e+16,1.7399999999999998e+16,gcmt,gem:604466094,subduction_interface
C201405140551A,2014-05-14T05:51:53,-71.26,-19.64,17.8,5.2,mw,332.0,23.0,78.0,164.0,67.0,95.0,68.0,84.0,5.0,343.0,22.0,251.0,7.4e+16,-7700000000000000.0,-6.63e+16,1.64e+16,-7.11e+16,2.7600000000000004e+16,gcmt,gem:610145713,subduction_interface
C201405170911A,2014-05-17T09:11:12,-71.15,-19.98,18.5,5.6,mw,344.0,25.0,86.0,169.0,65.0,92.0,70.0,83.0,2.0,348.0,20.0,257.0,1.89e+17,5500000000000000.0,-1.95e+17,2.97e+16,-1.65e+17,5.04e+16,gcmt,gem:604633730,subduction_interface
201405270904A,2014-05-27T09:04:00,-74.0,-36.02,15.0,5.3,mw,19.0,13.0,98.0,191.0,77.0,88.0,66.0,80.0,6.0,184.0,23.0,276.0,4.119e+16,-1480000000000000.0,-3.971e+16,1590000000000000.0,-4.329e+16,-7130000000000000.0,gmt,gcmt:C201405270904A;gcmt:C201405270904A;us:b000r53z;neic:604657172;gem:604657172,subduction_interface
C201406201953A,2014-06-20T19:53:37,-71.19,-19.75,20.7,5.6,mw,349.0,24.0,94.0,164.0,66.0,88.0,69.0,70.0,2.0,165.0,21.0,256.0,1.84e+17,700000000000000.0,-1.84e+17,5.05e+16,-1.67e+17,4.74e+16,gcmt,gem:604753709,subduction_interface
C201406202022A,2014-06-20T20:22:36,-71.21,-19.72,18.4,5.8,mw,344.0,21.0,84.0,171.0,70.0,92.0,65.0,85.0,2.0,350.0,24.0,259.0,4.64e+17,1.06e+16,-4.75e+17,7.63e+16,-5.4800000000000006e+17,1.08e+17,gcmt,gem:604753712,subduction_interface
201407260731A,2014-07-26T07:31:00,-72.42,-30.54,15.0,5.0,mw,357.0,28.0,97.0,168.0,62.0,86.0,69.0,90.0,1.0,356.0,21.0,266.0,2.491e+16,-400000000000000.0,-2.45e+16,770000000000000.0,-2.234e+16,2050000000000000.0,gmt,us:b000rxiu;gem:605099377,subduction_interface
201409280846A,2014-09-28T08:46:00,-73.38,-35.63,20.0,5.3,mw,21.0,19.0,106.0,185.0,72.0,85.0,74.0,115.0,5.0,7.0,15.0,276.0,7.684e+16,-1450000000000000.0,-7.539e+16,-1.244e+16,-4.337e+16,-5030000000000000.0,gmt,gcmt:C201409280846A;gcmt:C201409280846A;us:b000sguw;neic:605416963;gem:605416963,subduction_interface
b000slyx,2014-10-14T09:16:42,-72.0946,-33.7109,25.0,5.0,mwr,9.62,24.27,102.45,176.01,66.33,84.45,68.0,75.0,5.0,178.0,21.0,270.0,2.7721e+16,-2121000000000000.0,-2.56e+16,3431000000000000.0,-2.4272e+16,-1451000000000000.0,us,neic:605541746,subduction_interface
201410232338A,2014-10-23T23:38:00,-72.39,-34.02,17.0,5.2,mw,3.0,13.0,97.0,176.0,77.0,88.0,48.0,80.0,2.0,173.0,42.0,265.0,8306000000000000.0,-8221000000000000.0,-85000000000000.0,6071000000000000.0,-4.3009e+16,-2971000000000000.0,gmt,gcmt:C201410232338A;gcmt:C201410232338A;us:b000sq7s;neic:605604325;gem:605604325,subduction_interface
b000sq9h,2014-10-24T07:16:44,-72.24,-34.18,25.5,4.9,mww,159.0,75.0,89.0,343.0,15.0,93.0,60.0,68.0,1.0,159.0,30.0,250.0,1.273e+16,-960000000000000.0,-1.178e+16,8170000000000000.0,-2.13e+16,4230000000000000.0,us,,subduction_interface
C201411291418A,2014-11-29T14:18:15,-71.26,-19.89,13.4,5.3,mw,339.0,22.0,78.0,172.0,69.0,95.0,66.0,90.0,4.0,350.0,24.0,258.0,9.56e+16,3800000000000000.0,-9.94e+16,1.2e+16,-1.09e+17,2.7500000000000004e+16,gcmt,gem:610574193,subduction_interface
C201412121235A,2014-12-12T12:35:35,-71.16,-19.83,20.8,5.1,mw,340.0,24.0,83.0,168.0,66.0,93.0,69.0,83.0,3.0,346.0,21.0,255.0,5.41e+16,60000000000000.0,-5.42e+16,9800000000000000.0,-5.03e+16,1.67e+16,gcmt,gem:610574520,subduction_interface
201501180359A,2015-01-18T03:59:00,-71.9,-33.13,25.0,5.2,mw,18.0,17.0,128.0,158.0,77.0,80.0,43.33962258148118,54.83775823396781,11.567330102610905,155.97411847474552,44.35564470293456,257.51831378258703,3.11,0.1,-3.2,2.58,-5.47,-0.06,gmt,gem:606586145,subduction_interface
201503181827A,2015-03-18T18:27:00,-73.9,-36.16,12.0,6.1,mw,9.0,17.0,87.0,192.0,73.0,91.0,59.0,96.0,2.0,190.0,31.0,281.0,1.265e+18,8.8e+16,-1.352e+18,-3.9e+17,-2.475e+18,-3.75e+17,gmt,gcmt:C201503181827A;gcmt:C201503181827A;us:10001nj1;neic:611572454;gem:611572454,subduction_interface
201503181907A,2015-03-18T19:07:00,-74.06,-36.09,15.0,5.4,mw,2.0,22.0,82.0,190.0,68.0,93.0,64.0,87.0,3.0,183.0,26.0,274.0,1.173e+17,-3200000000000000.0,-1.141e+17,-1800000000000000.0,-1.472e+17,-1.32e+16,gmt,gcmt:C201503181907A;gcmt:C201503181907A;us:10001njq;neic:606855453;gem:606855453,subduction_interface
201503190834A,2015-03-19T08:34:00,-74.01,-36.17,14.0,5.0,mw,359.0,25.0,83.0,187.0,65.0,93.0,57.0,110.0,5.0,12.0,32.0,279.0,2.925e+16,5050000000000000.0,-3.43e+16,-1.632e+16,-6.558e+16,-1860000000000000.0,gmt,gcmt:C201503190834A;gcmt:C201503190834A;us:10001nrg;neic:606855735;gem:606855735,subduction_interface
C201503242246A,2015-03-24T22:46:57,-70.94,-20.58,21.2,5.2,mw,346.0,29.0,84.0,173.0,61.0,93.0,74.0,92.0,3.0,352.0,16.0,261.0,5.269999999999999e+16,1950000000000000.0,-5.47e+16,2500000000000000.0,-3.46e+16,1.04e+16,gcmt,gem:610587075,subduction_interface
10001spm,2015-04-01T08:17:32,-71.69,-29.42,17.5,5.4,mww,203.0,83.0,112.0,310.0,23.0,17.0,47.0,136.0,22.0,21.0,35.0,275.0,4.5e+16,3e+16,-7.51e+16,-8.32e+16,-1.441e+17,4.09e+16,us,gcmt:C201504010817A;gcmt:C201504010817A;neic:606962367;gem:606962367,subduction_interface
100028yq,2015-05-14T15:08:06,-71.62,-28.68,23.5,5.1,mww,191.0,75.0,82.0,39.0,17.0,117.0,60.0,89.0,8.0,193.0,29.0,288.0,3.18e+16,-3910000000000000.0,-2.789e+16,-7990000000000000.0,-5.364e+16,-1.423e+16,us,gcmt:C201505141508A;gcmt:C201505141508A;neic:607244002;gem:607244002,subduction_interface
201506200210A,2015-06-20T02:10:00,-74.1,-36.35,12.0,6.4,mw,9.0,18.0,84.0,196.0,72.0,92.0,55.0,88.0,7.0,188.0,34.0,282.0,1.963e+18,-3.3e+17,-1.634e+18,-4.35e+17,-5.009e+18,-7.87e+17,gmt,gcmt:C201506200210A;gcmt:C201506200210A;us:10002ke8;neic:607304048;gem:607304048,subduction_interface
201506200522A,2015-06-20T05:22:00,-74.1,-36.47,12.0,5.4,mw,11.0,18.0,93.0,188.0,72.0,89.0,59.0,44.0,18.0,166.0,25.0,265.0,1.099e+17,2.92e+16,-1.391e+17,6.93e+16,-1.367e+17,-1e+16,gmt,gcmt:C201506200522A;gcmt:C201506200522A;us:10002kfc;neic:610635349;gem:610635349,subduction_interface
201509162254A,2015-09-16T22:54:00,-72.09,-31.13,17.0,6.7,mw,7.0,19.0,109.0,166.0,72.0,83.0,64.0,93.0,2.0,359.0,26.0,268.0,1.915e+21,3.5e+19,-1.949e+21,-3.6e+19,-2.536e+21,1.19e+20,gmt,gcmt:C201509162254A;gcmt:C201509162254A;us:20003k7a;neic:611531714;gem:611531714,subduction_interface
20003kgi,2015-09-17T04:26:39,-71.9812,-31.4382,23.0,5.5,mwr,0.85,29.46,68.89,204.76,62.69,101.5,70.0,139.0,10.0,19.0,17.0,286.0,1.7711e+17,-1360000000000000.0,-1.7574e+17,-7.109e+16,-1.0561e+17,-4.174e+16,us,neic:610637534,subduction_interface
20003khn,2015-09-17T05:44:38,-72.1634,-31.8004,21.0,5.5,mwr,29.85,36.5,117.9,176.47,58.29,70.9,70.0,44.0,16.0,187.0,11.0,280.0,1.8024e+17,1530000000000000.0,-1.8178e+17,4.396e+16,-8.693e+16,-4.631e+16,us,neic:610637536,subduction_interface
20003kkt,2015-09-17T12:09:44,-72.2117,-32.1351,19.0,5.3,mwr,344.13,30.78,76.35,179.91,60.18,98.0,74.0,110.0,7.0,356.0,15.0,264.0,1.0129e+17,5910000000000000.0,-1.072e+17,-7250000000000000.0,-6.098e+16,1.553e+16,us,neic:608098263,subduction_interface
201509171332A,2015-09-17T13:32:00,-72.28,-32.23,17.0,5.9,mw,357.0,22.0,87.0,181.0,68.0,91.0,59.0,89.0,2.0,182.0,31.0,274.0,4.744e+17,-1.269e+17,-3.475e+17,-7900000000000000.0,-7.463e+17,-3.77e+16,gmt,gcmt:C201509171332A;gcmt:C201509171332A;us:20003kl4;neic:607743707;gem:607743707,subduction_interface
20003l0y,2015-09-17T23:55:01,-72.2672,-31.8388,16.0,4.8,mwr,357.24,52.51,85.93,183.91,37.68,95.29,82.0,246.0,3.0,360.0,7.0,90.0,1.6905e+16,859000000000000.0,-1.7764e+16,-932000000000000.0,4602000000000000.0,-169000000000000.0,us,,subduction_interface
201509180910A,2015-09-18T09:10:00,-72.3,-32.31,13.0,6.1,mw,347.0,24.0,81.0,177.0,67.0,94.0,61.0,83.0,2.0,350.0,29.0,259.0,1.477e+18,-3.2e+16,-1.445e+18,3.8e+17,-2.355e+18,3.26e+17,gmt,gcmt:C201509180910A;gcmt:C201509180910A;us:20003l5d;neic:607745130;gem:607745130,subduction_interface
20003lql,2015-09-19T05:06:53,-72.12,-29.66,11.5,6.1,mww,179.0,69.0,93.0,351.0,21.0,83.0,66.0,94.0,3.0,358.0,24.0,267.0,1.039e+18,-6.1e+16,-9.78e+17,-1.3e+16,-1.111e+18,8.3e+16,us,gcmt:C201509190506A;gcmt:C201509190506A;neic:611836695;gem:611836695,subduction_interface
201509190831A,2015-09-19T08:31:00,-72.3,-30.26,14.0,5.4,mw,0.0,24.0,91.0,180.0,66.0,90.0,74.0,42.0,11.0,174.0,12.0,267.0,1.604e+17,-200000000000000.0,-1.602e+17,3.98e+16,-6.8e+16,1900000000000000.0,gmt,gcmt:C201509190831A;gcmt:C201509190831A;us:20003ls4;neic:607770404;gem:607770404,subduction_interface
201509191252A,2015-09-19T12:52:00,-72.05,-32.34,20.0,6.2,mw,6.0,23.0,98.0,178.0,67.0,87.0,66.0,84.0,2.0,179.0,23.0,270.0,1.835e+18,-8.2e+16,-1.753e+18,1.02e+17,-1.918e+18,-4.3e+16,gmt,gcmt:C201509191252A;gcmt:C201509191252A;us:20003luw;neic:611836693;gem:611836693,subduction_interface
20003nrd,2015-09-24T16:13:33,-71.16,-30.85,50.5,5.2,mww,172.0,52.0,93.0,348.0,38.0,86.0,82.0,98.0,2.0,351.0,7.0,260.0,7.237e+16,-390000000000000.0,-7.198e+16,330000000000000.0,-1.972e+16,1.292e+16,us,neic:607811401,subduction_interface
201510030603A,2015-10-03T06:03:00,-73.71,-37.57,22.0,5.7,mw,4.0,19.0,93.0,181.0,72.0,89.0,62.0,79.0,4.0,177.0,28.0,269.0,3.247e+17,4.66e+16,-3.713e+17,4.95e+16,-5.128e+17,-1.57e+16,gmt,gcmt:C201510030603A;gcmt:C201510030603A;us:10003jyn;neic:607852697;gem:607852697,subduction_interface
201510040349A,2015-10-04T03:49:00,-72.26,-30.41,12.0,5.4,mw,358.0,26.0,94.0,173.0,64.0,88.0,66.0,72.0,5.0,173.0,23.0,266.0,1.632e+17,-4500000000000000.0,-1.587e+17,3.5e+16,-1.679e+17,1900000000000000.0,gmt,gcmt:C201510040349A;gcmt:C201510040349A;us:10003k53;neic:610433794;gem:610433794,subduction_interface
607983829,2015-10-28T09:07:59,-70.642,-23.127,26.0,4.99,mw,8.0,32.0,106.0,170.0,59.0,81.0,40.48798446972434,53.98455350903106,16.86284534505803,158.9819281330632,44.672088005874464,266.41942369867115,3.32,0.11,-3.43,0.63,-1.75,0.07,gem,,subduction_interface
201511060844A,2015-11-06T08:44:00,-72.28,-30.26,12.0,5.3,mw,6.0,25.0,97.0,178.0,65.0,87.0,69.0,74.0,5.0,176.0,20.0,268.0,1.166e+17,-1800000000000000.0,-1.148e+17,1.6e+16,-9.94e+16,-1100000000000000.0,gmt,gcmt:C201511060844A;gcmt:C201511060844A;us:10003v5a;neic:610459370;gem:610459370,subduction_interface
10003x8t,2015-11-11T01:54:50,-72.09,-29.49,11.5,6.9,mww,176.0,76.0,87.0,9.0,14.0,102.0,59.0,82.0,3.0,177.0,31.0,269.0,1.479e+19,6.9e+17,-1.548e+19,2.25e+18,-2.809e+19,-6.4e+17,us,gcmt:C201511110154A;gcmt:C201511110154A;neic:611838315;gem:611838315,subduction_interface
201511280544A,2015-11-28T05:44:00,-72.26,-30.39,12.0,5.6,mw,0.0,22.0,95.0,175.0,68.0,88.0,70.0,98.0,4.0,357.0,20.0,265.0,2.337e+17,-3.52e+16,-1.985e+17,-9300000000000000.0,-1.779e+17,2.27e+16,gmt,gcmt:C201511280544A;gcmt:C201511280544A;us:100041ui;neic:612297589;gem:612297589,subduction_interface
201512100009A,2015-12-10T00:09:00,-73.45,-35.97,19.0,5.5,mw,23.0,13.0,103.0,190.0,77.0,87.0,62.0,104.0,2.0,199.0,28.0,290.0,1.337e+17,-1.91e+16,-1.146e+17,-6e+16,-1.913e+17,-4.85e+16,gmt,gcmt:C201512100009A;gcmt:C201512100009A;us:20004g1p;neic:610434134;gem:610434134,subduction_interface
20004x4m,2016-02-04T17:55:00,-71.703,-31.0524,28.0,4.5,mwr,358.36,22.46,109.29,157.63,68.86,82.23,65.0,54.0,7.0,160.0,23.0,254.0,5087600000000000.0,-159600000000000.0,-4928000000000000.0,2468000000000000.0,-4967200000000000.0,1035800000000000.0,us,,subduction_interface
20004xzv,2016-02-05T05:24:40,-71.777,-31.078,29.0,4.4,mwr,0.76,21.66,103.78,165.98,68.99,84.6,66.0,67.0,5.0,168.0,24.0,260.0,3536400000000000.0,-16600000000000.0,-3519900000000000.0,1123800000000000.0,-3748300000000000.0,408200000000000.0,us,,subduction_interface
201602220637A,2016-02-22T06:37:00,-72.26,-30.56,12.0,6.0,mw,359.0,23.0,90.0,179.0,67.0,90.0,70.0,83.0,0.0,174.0,20.0,264.0,9.98e+17,-2.1e+16,-9.77e+17,9.8e+16,-8.34e+17,1e+17,gmt,gcmt:C201602220637A;gcmt:C201602220637A;us:10004rn7;neic:611838894;gem:611838894,subduction_interface
C201607050229A,2016-07-05T02:29:09,-71.14,-20.11,18.5,5.1,mw,351.0,26.0,90.0,170.0,64.0,90.0,71.0,80.0,0.0,171.0,19.0,261.0,4.81e+16,1500000000000000.0,-4.96e+16,6600000000000000.0,-3.89e+16,8660000000000000.0,gcmt,gem:609072739,subduction_interface
201607190518A,2016-07-19T05:18:00,-72.29,-30.27,14.0,5.7,mw,359.0,25.0,91.0,178.0,65.0,89.0,62.0,87.0,1.0,179.0,28.0,270.0,4.003e+17,-1700000000000000.0,-3.985e+17,1.6e+16,-5.861e+17,-1.1e+16,gmt,gcmt:C201607190518A;gcmt:C201607190518A;us:20006fpn;neic:609170880;gem:609170880,subduction_interface
C201608161817A,2016-08-16T18:17:39,-71.21,-19.65,19.3,5.1,mw,335.0,23.0,75.0,172.0,68.0,96.0,66.0,93.0,6.0,349.0,23.0,257.0,4.86e+16,-2170000000000000.0,-4.64e+16,4640000000000000.0,-5.11e+16,1.41e+16,gcmt,gem:609360702,subduction_interface
20006umh,2016-08-27T20:14:10,-73.4096,-38.0845,31.0,4.5,mwr,33.77,16.77,124.75,177.85,76.29,80.25,58.0,75.0,9.0,180.0,31.0,276.0,3648500000000000.0,292900000000000.0,-3941500000000000.0,551500000000000.0,-7193700000000000.0,-1212400000000000.0,us,,subduction_interface
10006mwe,2016-09-07T22:54:32,-71.6176,-32.3203,34.0,4.6,mwr,196.76,65.46,122.85,319.51,40.17,40.08,57.0,151.0,30.0,2.0,14.0,263.0,5327400000000000.0,2010700000000000.0,-7338100000000000.0,-3004900000000000.0,-3905800000000000.0,1985600000000000.0,us,,subduction_interface
10006qck,2016-09-17T03:55:55,-73.7667,-37.2916,21.0,4.5,mwr,43.14,17.41,130.39,181.42,76.83,78.52,57.0,77.0,11.0,184.0,31.0,281.0,2796800000000000.0,-255900000000000.0,-2540900000000000.0,206200000000000.0,-5472600000000000.0,-1250000000000000.0,us,,subduction_interface
609570780,2016-10-01T10:25:57,-72.037,-29.637,10.0,5.0,mw,173.0,54.0,93.0,349.0,36.0,86.0,43.9776693272365,276.262985778156,7.774448801716347,178.69275260466816,44.9736592164838,80.85298509873132,3.99,-0.55,-3.44,0.01,-1.26,0.48,gem,,subduction_interface
201610272032A,2016-10-27T20:32:00,-72.75,-33.83,12.0,6.0,mw,11.0,17.0,90.0,190.0,73.0,90.0,64.0,87.0,4.0,185.0,25.0,277.0,8.64e+17,2.4e+16,-8.89e+17,-4.2e+16,-1.097e+18,-1.51e+17,gmt,gcmt:C201610272032A;gcmt:C201610272032A;us:100072gn;neic:611830890;gem:611830890,subduction_interface
201610292201A,2016-10-29T22:01:00,-72.71,-33.96,14.0,5.1,mw,14.0,19.0,100.0,183.0,71.0,86.0,60.0,101.0,1.0,9.0,30.0,278.0,4.08e+16,610000000000000.0,-4.141e+16,-1.12e+16,-6.881e+16,-5050000000000000.0,gmt,gcmt:C201610292201A;gcmt:C201610292201A;us:100072zy;neic:609624973;gem:609624973,subduction_interface
201611080455A,2016-11-08T04:55:00,-73.71,-36.66,20.0,6.0,mw,8.0,17.0,95.0,182.0,73.0,88.0,58.0,95.0,2.0,188.0,32.0,279.0,6.38e+17,1.8e+16,-6.56e+17,-1.64e+17,-1.301e+18,-1.37e+17,gmt,gcmt:C201611080455A;gcmt:C201611080455A;us:10007681;neic:615021020;gem:615021020,subduction_interface
1000768w,2016-11-08T07:08:07,-73.52,-36.61,25.5,4.9,mww,181.0,76.0,82.0,31.0,16.0,120.0,58.0,80.0,8.0,183.0,31.0,277.0,1.256e+16,1250000000000000.0,-1.38e+16,300000000000000.0,-2.571e+16,-4180000000000000.0,us,,subduction_interface
201612191536A,2016-12-19T15:36:00,-71.27,-30.8,44.0,5.0,mw,354.0,38.0,94.0,169.0,52.0,87.0,43.4291427322376,242.18608478442627,9.60400505432143,341.4032162848653,44.975253197275855,81.13656864641365,3.79,0.58,-4.37,0.3,-1.04,0.77,gmt,gem:609925850,subduction_interface
201701041324A,2017-01-04T13:24:00,-71.64,-30.51,32.0,5.0,mw,175.0,38.0,119.0,320.0,58.0,69.0,26.97140941328498,183.62630621981003,34.351091466906134,293.97981495436875,43.618868563447215,64.61804061154169,3.33,-0.28,-3.05,-1.61,0.72,1.33,gmt,gem:609978254,subduction_interface
610145104,2017-01-28T01:27:28,-70.055,-19.938,49.5,5.02,mw,156.0,57.0,79.0,355.0,35.0,106.0,37.81896320049243,213.88833570726413,21.200216204976364,321.4105348024366,44.61321136743448,73.91012861083857,3.44,0.49,-3.93,0.88,-1.37,1.27,gem,,subduction_interface
201702160702A,2017-02-16T07:02:00,-72.35,-30.26,14.0,5.3,mw,359.0,27.0,91.0,178.0,63.0,90.0,60.0,88.0,1.0,180.0,30.0,271.0,7.097e+16,430000000000000.0,-7.139e+16,1310000000000000.0,-1.2023e+17,-2590000000000000.0,gmt,gcmt:C201702160702A;gcmt:C201702160702A;us:20008k59;neic:611831828;gem:611831828,subduction_interface
201704230236A,2017-04-23T02:36:00,-72.04,-33.06,23.0,6.0,mw,1.0,22.0,88.0,184.0,68.0,91.0,61.0,95.0,1.0,4.0,29.0,273.0,6.062e+17,1.56e+16,-6.218e+17,-6.79e+16,-9.484e+17,-3.26e+16,gmt,gcmt:C201704230236A;gcmt:C201704230236A;us:10008jvr;neic:610547532;gem:610547532,subduction_interface
201704231940A,2017-04-23T19:40:00,-72.17,-33.16,22.0,5.6,mw,355.0,24.0,87.0,178.0,66.0,91.0,57.0,93.0,0.0,3.0,33.0,273.0,1.2395e+17,2.823e+16,-1.5218e+17,-1.613e+16,-3.1806e+17,-6580000000000000.0,gmt,gcmt:C201704231940A;gcmt:C201704231940A;us:10008k2i;neic:611833510;gem:611833510,subduction_interface
10008kce,2017-04-24T21:38:40,-71.8,-33.05,25.5,6.9,mww,174.0,76.0,88.0,4.0,14.0,99.0,58.0,81.0,2.0,175.0,31.0,266.0,1.258e+19,1.2e+17,-1.27e+19,2.74e+18,-2.455e+19,2.3e+17,us,gcmt:C201704242138A;gcmt:C201704242138A;ipgp:617153867;neic:610548803;gem:610548803,subduction_interface
201704270509A,2017-04-27T05:09:00,-71.89,-33.32,25.0,5.2,mw,350.0,16.0,79.0,181.0,74.0,93.0,67.0,80.0,1.0,173.0,22.0,264.0,3.5358e+16,3233000000000000.0,-3.8592e+16,5142000000000000.0,-3.6795e+16,4108000000000000.0,gmt,gcmt:C201704270509A;gcmt:C201704270509A;us:10008l82;neic:611149701;gem:611149701,subduction_interface
201704281530A,2017-04-28T15:30:00,-72.03,-33.3,23.0,5.9,mw,0.0,20.0,99.0,171.0,70.0,87.0,63.0,76.0,3.0,173.0,26.0,264.0,5.0252e+17,2.171e+16,-5.2423e+17,1.1312e+17,-6.6395e+17,3.261e+16,gmt,gcmt:C201704281530A;gcmt:C201704281530A;us:10008llg;neic:611833671;gem:611833671,subduction_interface
201704281558A,2017-04-28T15:58:00,-72.06,-33.35,24.0,5.5,mw,349.0,18.0,97.0,162.0,72.0,88.0,69.0,60.0,8.0,173.0,19.0,266.0,1.0274e+17,3.362e+16,-1.3636e+17,2.164e+16,-9.173e+16,6200000000000000.0,gmt,gcmt:C201704281558A;gcmt:C201704281558A;us:10008lm1;neic:610585857;gem:610585857,subduction_interface
201704281605A,2017-04-28T16:05:00,-71.83,-33.3,31.0,5.9,mw,334.0,20.0,73.0,172.0,71.0,96.0,58.0,85.0,3.0,351.0,32.0,259.0,2.7053e+17,-7430000000000000.0,-2.631e+17,8.02e+16,-5.7156e+17,7.281e+16,gmt,gcmt:C201704281605A;gcmt:C201704281605A;us:10008lm3;neic:610639145;gem:610639145,subduction_interface
201704281741A,2017-04-28T17:41:00,-72.0,-33.27,24.0,5.5,mw,5.0,18.0,90.0,185.0,72.0,90.0,76.0,98.0,2.0,1.0,14.0,270.0,1.0463e+17,2.19e+16,-1.2653e+17,-3590000000000000.0,-6.25e+16,240000000000000.0,gmt,gcmt:C201704281741A;gcmt:C201704281741A;us:10008lnm;neic:610650242;gem:610650242,subduction_interface
201707041605A,2017-07-04T16:05:00,-73.56,-35.59,12.0,5.9,mw,25.0,19.0,104.0,190.0,71.0,85.0,63.0,125.0,5.0,24.0,26.0,292.0,4.7939e+17,-2870000000000000.0,-4.7653e+17,-3.0681e+17,-5.8832e+17,-1.739e+17,gmt,gcmt:C201707041605A;gcmt:C201707041605A;us:100096p0;neic:610763713;gem:610763713,subduction_interface
201707120908A,2017-07-12T09:08:00,-73.34,-35.5,12.0,5.5,mw,28.0,16.0,112.0,185.0,75.0,84.0,54.0,94.0,5.0,191.0,35.0,284.0,7.551e+16,1.594e+16,-9.145e+16,-4.351e+16,-2.5234e+17,-4.399e+16,gmt,gcmt:C201707120908A;gcmt:C201707120908A;us:1000991f;neic:610779605;gem:610779605,subduction_interface
201707141200A,2017-07-14T12:00:00,-72.7,-33.8,14.0,5.4,mw,16.0,19.0,97.0,189.0,71.0,88.0,61.0,71.0,8.0,176.0,28.0,270.0,9.549e+16,1.398e+16,-1.0947e+17,2.347e+16,-1.5193e+17,-1.383e+16,gmt,gcmt:C201707141200A;gcmt:C201707141200A;us:20009wav;neic:611834332;gem:611834332,subduction_interface
201708121254A,2017-08-12T12:54:00,-72.26,-30.39,13.0,5.7,mw,5.0,24.0,84.0,191.0,66.0,93.0,61.0,109.0,2.0,14.0,29.0,283.0,3.4751e+17,3860000000000000.0,-3.5137e+17,-1.5234e+17,-5.4623e+17,-6.727e+16,gmt,gcmt:C201708121254A;gcmt:C201708121254A;us:2000a7kk;neic:610895587;gem:610895587,subduction_interface
C201712111900A,2017-12-11T19:01:01,-71.3,-19.62,14.3,5.5,mw,342.0,28.0,91.0,161.0,62.0,89.0,73.0,69.0,1.0,161.0,17.0,251.0,1.33e+17,-6900000000000001.0,-1.26e+17,3.17e+16,-8.88e+16,4.48e+16,gcmt,gem:611600124,subduction_interface
201802082119A,2018-02-08T21:19:00,-74.19,-37.58,12.0,5.5,mw,27.0,17.0,111.0,185.0,74.0,84.0,61.0,97.0,3.0,192.0,29.0,283.0,1.4059e+17,2.138e+16,-1.6197e+17,-4.711e+16,-2.5189e+17,-5.369e+16,gmt,gcmt:C201802082119A;gcmt:C201802082119A;us:2000cz4c;gfz:611682876;gem:611682876,subduction_interface
611928815,2018-05-04T20:25:33,-71.375,-29.83,41.5,5.07,mw,40.0,71.0,171.0,133.0,81.0,19.0,7.593661533011184,357.83161570483725,69.75793231201689,109.02535328650282,18.64821294996018,265.2529693367032,1.07,4.25,-5.32,1.34,-0.65,0.67,gem,,subduction_interface
201807161029A,2018-07-16T10:29:00,-73.6,-35.65,16.0,5.1,mw,31.0,17.0,113.0,187.0,74.0,83.0,44.22945675578322,87.39163829715824,7.657256633543093,184.91193019999423,44.753176400398544,282.5718159254304,2.63,-0.03,-2.6,-0.4,-4.46,-0.94,gmt,gem:612301023,subduction_interface
1000gigb,2018-08-28T04:51:40,-71.2614,-29.6743,40.5,5.2,mww,228.42,35.32,136.22,356.44,66.42,62.91,59.0,227.0,25.0,8.0,17.0,106.0,4.5292e+16,8924000000000000.0,-5.4215e+16,-1.1588e+16,4.2177e+16,-2.8249e+16,us,gcmt:C201808280451A;gcmt:C201808280451A;gfz:612640273;gem:612640273,subduction_interface
201812051712A,2018-12-05T17:12:00,-71.57,-33.66,35.0,5.2,mw,333.0,48.0,120.0,112.0,50.0,61.0,68.0,315.0,22.0,132.0,1.0,222.0,6.37e+16,-3.31e+16,-3.05e+16,2.6e+16,2.51e+16,2.16e+16,gmt,gcmt:C201812051712A;gcmt:C201812051712A;gem:614405800,subduction_interface
201901280900A,2019-01-28T09:00:00,-73.0,-35.61,28.0,5.2,mw,15.0,17.0,101.0,184.0,73.0,87.0,70.0,75.0,7.0,184.0,19.0,277.0,5.6965e+16,4950000000000000.0,-6.1915e+16,2545000000000000.0,-4.7483e+16,-1.0929e+16,gmt,gcmt:C201901280900A;gcmt:C201901280900A;us:2000j9mr;gfz:614590912;gem:614590912,subduction_interface
C201902061756A,2019-02-06T17:56:55,-71.15,-19.85,17.1,5.2,mw,347.0,19.0,87.0,170.0,71.0,91.0,64.0,81.0,1.0,349.0,26.0,259.0,5.540000000000001e+16,-2700000000000000.0,-5.27e+16,1.19e+16,-6.810000000000001e+16,1.08e+16,gcmt,gem:614615435,subduction_interface
201904071052A,2019-04-07T10:52:00,-72.63,-33.84,12.0,5.7,mw,14.0,17.0,96.0,188.0,73.0,88.0,74.0,71.0,6.0,183.0,15.0,275.0,2.8771e+17,1.959e+16,-3.0731e+17,2.062e+16,-1.7282e+17,-3.703e+16,gmt,gcmt:C201904071052A;gcmt:C201904071052A;us:2000kbs5;gfz:615372545;gem:615372545,subduction_interface
201906140019A,2019-06-14T00:19:00,-72.16,-30.12,12.0,6.3,mw,1.0,21.0,88.0,183.0,69.0,91.0,61.0,92.0,0.0,2.0,29.0,272.0,2.6843e+18,-7.16e+16,-2.6127e+18,-1.552e+17,-4.2474e+18,-8.63e+16,gmt,gcmt:C201906140019A;gcmt:C201906140019A;us:600040ja;gfz:615952702;gem:615952702,subduction_interface
60004yps,2019-08-01T18:28:07,-72.3015,-34.2433,23.5,6.8,mww,17.18,13.43,101.72,185.14,76.85,87.22,58.0,91.0,3.0,186.0,32.0,277.0,7.446e+18,-2.35e+17,-7.211e+18,-1.16e+18,-1.499e+19,-1.437e+18,us,gcmt:C201908011828A;gcmt:C201908011828A;gfz:616616159;gem:616616159,subduction_interface
201908020055A,2019-08-02T00:55:00,-72.3,-34.18,24.0,5.4,mw,350.0,24.0,69.0,193.0,68.0,99.0,72.0,106.0,6.0,359.0,17.0,267.0,1.3501e+17,1.192e+16,-1.4694e+17,-9840000000000000.0,-9.602e+16,1.305e+16,gmt,gcmt:C201908020055A;gcmt:C201908020055A;us:60004z17;gfz:616184935;gem:616184935,subduction_interface
616251969,2019-08-28T15:53:02,-70.356,-20.538,37.9,5.04,mw,165.0,69.0,86.0,356.0,21.0,100.0,44.63458522012154,248.09583656408904,5.017480606684674,343.0686653438484,44.92713824821515,78.09266924579583,3.11,-0.31,-2.8,1.01,-3.25,0.39,gem,,subduction_interface
201909050541A,2019-09-05T05:41:00,-73.91,-36.18,13.0,5.1,mw,3.0,21.0,78.0,196.0,70.0,94.0,64.0,94.0,4.0,192.0,26.0,283.0,3.5377e+16,882000000000000.0,-3.6259e+16,-7530000000000000.0,-4.7498e+16,-1.1372e+16,gmt,gcmt:C201909050541A;gcmt:C201909050541A;us:70005c7g;neic:616338975;gem:616338975,subduction_interface
201909230824A,2019-09-23T08:24:00,-73.96,-36.18,13.0,5.3,mw,4.0,16.0,81.0,194.0,74.0,93.0,59.0,113.0,4.0,17.0,31.0,284.0,4.3288e+16,2606000000000000.0,-4.5893e+16,-2.7301e+16,-8.2499e+16,-9118000000000000.0,gmt,gcmt:C201909230824A;gcmt:C201909230824A;us:60005m4u;gfz:616493756;gem:616493756,subduction_interface
70005lzd,2019-09-26T20:31:30,-71.2367,-29.8549,40.5,5.4,mww,1.58,36.8,87.15,185.13,53.25,92.13,82.0,105.0,2.0,4.0,8.0,274.0,1.6894e+17,1.148e+16,-1.8043e+17,-8140000000000000.0,-5.131e+16,-1.144e+16,us,gcmt:C201909262031A;gcmt:C201909262031A;gfz:616567061;gem:616567061,subduction_interface
70005nie,2019-09-29T15:57:53,-73.04,-35.5745,23.5,6.7,mww,16.21,15.14,104.02,181.71,75.32,86.25,60.0,86.0,4.0,183.0,30.0,275.0,6.476e+18,-4.41e+17,-6.035e+18,-8.4e+16,-1.1176e+19,-9.71e+17,us,gcmt:C201909291557A;gcmt:C201909291557A;gfz:616600917;gem:616600917,subduction_interface
70005nkr,2019-09-29T20:11:58,-73.0714,-35.3005,19.5,5.0,mww,3.74,31.22,-127.54,225.68,65.73,-69.73,18.0,301.0,18.0,37.0,64.0,169.0,-2.5149e+16,923000000000000.0,2.4227e+16,1.9287e+16,1.2727e+16,1.4451e+16,us,,subduction_interface
201911151716A,2019-11-15T17:16:00,-72.33,-34.01,22.0,5.2,mw,10.0,23.0,107.0,171.0,68.0,83.0,63.0,66.0,12.0,180.0,24.0,275.0,5.4285e+16,7675000000000000.0,-6.196e+16,9995000000000000.0,-6.7217e+16,-1.3885e+16,gmt,gcmt:C201911151716A;gcmt:C201911151716A;us:60006c5a;gfz:616787203;gem:616787203,subduction_interface
C201912030729A,2019-12-03T07:29:35,-70.9,-20.84,14.1,5.3,mw,349.0,18.0,87.0,172.0,72.0,91.0,63.0,83.0,1.0,351.0,27.0,261.0,7.92e+16,1500000000000000.0,-8.07e+16,1.58e+16,-1.1299999999999998e+17,1.45e+16,gcmt,gem:616936742,subduction_interface
202001281816A,2020-01-28T18:16:00,-72.26,-30.35,12.0,5.4,mw,342.0,23.0,69.0,185.0,69.0,99.0,63.0,88.0,0.0,358.0,27.0,268.0,1.0896e+17,-250000000000000.0,-1.0871e+17,6160000000000000.0,-1.5379e+17,5000000000000000.0,gmt,gcmt:C202001281816A;gcmt:C202001281816A;us:60007ibj;gfz:617209897;gem:617209897,subduction_interface
C202002130550A,2020-02-13T05:50:43,-70.83,-20.92,15.4,5.0,mw,45.0,7.0,158.0,156.0,87.0,84.0,47.0,60.0,6.0,157.0,42.0,252.0,5980000000000000.0,4580000000000000.0,-1.06e+16,2.77e+16,-6.22e+16,-2900000000000000.0,gcmt,gem:617488810,subduction_interface
202002180532A,2020-02-18T05:32:00,-73.27,-35.63,15.0,5.1,mw,13.0,13.0,99.0,184.0,78.0,88.0,59.0,98.0,2.0,190.0,31.0,281.0,1.9572e+16,2596000000000000.0,-2.2169e+16,-6607000000000000.0,-3.8542e+16,-5974000000000000.0,gmt,gcmt:C202002180532A;gcmt:C202002180532A;us:70007s7z;gem:617512484,subduction_interface
202004161513A,2020-04-16T15:13:00,-73.65,-38.06,22.0,5.1,mw,219.0,46.0,-72.0,15.0,47.0,-107.0,0.0,120.0,8.0,30.0,82.0,211.0,-4.7925e+16,1.1476e+16,3.6448e+16,5753000000000000.0,-3566000000000000.0,2.1159e+16,gmt,gcmt:C202004161513A;gcmt:C202004161513A;us:70008xkv;gfz:618108464;gem:618108464,subduction_interface
618628548,2020-06-27T07:52:46,-70.63,-20.134,28.1,5.02,mw,169.0,63.0,87.0,356.0,27.0,96.0,44.67569374257562,252.18053993292395,4.538532088807623,346.6820213060861,44.96554292193325,81.2293752182959,3.63,-0.4,-3.23,0.62,-2.38,0.36,gem,,subduction_interface
618938660,2020-09-01T04:36:36,-71.2008,-27.968,28.0,5.1,mw,49.68,23.38,158.36,159.7,81.58,68.11,49.0,46.0,22.0,163.0,33.0,268.0,1133000000.0,2376000000.0,-3508000000.0,1357000000.0,-5148000000.0,-567999999.9999999,neic,,subduction_interface
618938664,2020-09-01T05:29:39,-71.2842,-27.9801,19.2,5.4,mw,34.29,25.06,140.14,161.39,74.25,70.26,56.0,46.0,19.0,167.0,27.0,267.0,3561000000.0,1054000000.0,-4614000000.0,2485000000.0,-5290000000.0,-799000000.0,neic,,subduction_interface
202009170133A,2020-09-17T01:33:00,-71.37,-30.2,40.0,5.0,mw,0.0,38.0,100.0,167.0,53.0,82.0,37.54926919349693,42.72488523325853,21.26184411047564,150.12914510656867,44.83256372776836,262.8877283634098,3.87,0.16,-4.03,0.55,-1.06,0.47,gmt,gem:619061756,subduction_interface
C202010252117A,2020-10-25T21:17:20,-71.1,-19.94,12.2,5.3,mw,351.0,19.0,94.0,167.0,71.0,89.0,64.0,75.0,1.0,167.0,26.0,258.0,9.65e+16,5400000000000000.0,-1.02e+17,3.14e+16,-1.3e+17,2.28e+16,gcmt,gem:619504660,subduction_interface
6000d3i9,2020-12-27T21:39:33,-74.6525,-39.4331,11.5,6.7,mww,354.89,43.07,-114.41,206.74,51.55,-68.88,4.0,282.0,16.0,13.0,73.0,177.0,-1.2417e+19,1.225e+18,1.1192e+19,4.63e+18,9.18e+17,1.839e+18,us,gcmt:C202012272139A;gcmt:C202012272139A;gfz:621237270;gem:621237270,subduction_interface
619829233,2021-02-10T20:18:29,-71.2806,-31.753,51.1,5.1,mw,167.66,68.61,97.08,328.85,22.48,72.53,66.0,90.0,7.0,345.0,23.0,252.0,4255000000.0,-1017000000.0,-3237000000.0,551000000.0,-4256000000.0,1204000000.0,neic,,subduction_interface
202104190318A,2021-04-19T03:18:00,-72.45,-34.02,21.0,5.2,mw,12.0,20.0,99.0,182.0,70.0,87.0,72.0,57.0,10.0,178.0,15.0,271.0,4.495e+16,-2144000000000000.0,-4.2806e+16,9141000000000000.0,-2.6238e+16,-3343000000000000.0,gmt,gcmt:C202104190318A;us:6000e2s5;gfz:620351284,subduction_interface
202104190411A,2021-04-19T04:11:00,-72.44,-34.03,20.0,5.2,mw,7.0,19.0,98.0,179.0,71.0,87.0,55.0,77.0,2.0,170.0,35.0,262.0,3.0676e+16,4064000000000000.0,-3.474e+16,1.5699e+16,-8.4882e+16,3216000000000000.0,gmt,gcmt:C202104190411A;us:6000e2sp;gfz:624433417,subduction_interface
202104191305A,2021-04-19T13:05:00,-72.37,-34.05,23.0,5.0,mw,340.0,27.0,74.0,178.0,64.0,98.0,70.0,104.0,7.0,354.0,19.0,262.0,3.51e+16,-3860000000000000.0,-3.12e+16,-2080000000000000.0,-2.64e+16,6220000000000000.0,gmt,gcmt:C202104191305A;gfz:620345400,subduction_interface
202104220017A,2021-04-22T00:17:00,-72.46,-34.03,21.0,5.5,mw,7.0,21.0,96.0,181.0,69.0,88.0,70.0,86.0,2.0,182.0,20.0,273.0,1.4271e+17,8710000000000000.0,-1.5142e+17,570000000000000.0,-1.2186e+17,-1.216e+16,gmt,gcmt:C202104220017A;us:6000e3j6;gfz:620342108,subduction_interface
7000eijt,2021-07-04T01:29:24,-71.7182,-28.5021,11.5,6.0,mww,28.61,11.65,115.24,182.91,79.48,84.98,55.0,87.0,5.0,184.0,34.0,277.0,4.68e+17,2600000000000000.0,-4.706e+17,-4.35e+16,-1.2358e+18,-1.396e+17,us,gcmt:C202107040129A;gfz:620733496,subduction_interface
202109150846A,2021-09-15T08:46:00,-72.26,-32.25,18.0,5.1,mw,353.0,17.0,91.0,172.0,73.0,90.0,,,,,,,,,,,,,gmt,,subduction_interface
202109211314A,2021-09-21T13:14:00,-74.28,-36.82,12.0,6.4,mw,6.0,16.0,86.0,190.0,74.0,91.0,70.0,94.0,1.0,188.0,19.0,279.0,4.3515e+18,-3.141e+17,-4.0374e+18,-3.82e+17,-3.4132e+18,-6.431e+17,gmt,gcmt:C202109211314A;us:7000fd4k;gfz:621094394,subduction_interface
202112010439A,2021-12-01T04:39:00,-73.66,-38.02,22.0,5.2,mw,152.0,24.0,-107.0,350.0,67.0,-83.0,17.0,82.0,13.0,177.0,68.0,301.0,-5.0784e+16,9291000000000000.0,4.1493e+16,-1.2098e+16,-3.4276e+16,-9646000000000000.0,gmt,gcmt:C202112010439A;us:6000g836;gfz:621564955,subduction_interface
6000gbfe,2021-12-11T14:54:26,-71.2228,-29.5433,45.5,5.7,mww,166.67,44.14,71.53,11.63,48.66,107.09,77.0,350.0,13.0,180.0,2.0,90.0,4.0115e+17,3.927e+16,-4.4042e+17,8.637e+16,3.46e+16,6630000000000000.0,us,gcmt:C202112111454A;gfz:621627511,subduction_interface
202202280115A,2022-02-28T01:15:00,-73.99,-37.07,13.0,5.6,mw,5.0,17.0,90.0,185.0,73.0,90.0,56.0,97.0,1.0,6.0,34.0,275.0,1.9006e+17,1740000000000000.0,-1.918e+17,-5.092e+16,-4.7904e+17,-1.35e+16,gmt,gcmt:C202202280115A;us:6000h0lw;gfz:622076693,subduction_interface
7000gyjz,2022-03-30T23:17:09,-71.4619,-28.7032,28.0,5.0,mwr,6.47,25.52,109.74,164.79,66.08,80.84,68.0,58.0,8.0,169.0,21.0,262.0,2.7513e+16,2609000000000000.0,-3.0122e+16,8765000000000000.0,-2.4228e+16,2859000000000000.0,us,neic:622259705,subduction_interface
202204161710A,2022-04-16T17:10:00,-72.37,-33.94,22.0,5.1,mw,3.0,23.0,90.0,183.0,67.0,90.0,61.0,50.0,18.0,178.0,21.0,275.0,2.3903e+16,3609000000000000.0,-2.7512e+16,8847000000000000.0,-2.4661e+16,-7024000000000000.0,gmt,gcmt:C202204161710A;us:7000h2q1;gfz:622363024,subduction_interface
6000hmkd,2022-05-20T09:07:54,-72.0444,-29.5399,13.5,5.7,mww,322.78,4.8,43.47,189.41,86.7,93.49,48.0,103.0,3.0,9.0,42.0,276.0,3.107e+16,6.114e+16,-9.221e+16,-7.926e+16,-4.9794e+17,6800000000000000.0,us,gcmt:C202205200907A;gfz:624382001,subduction_interface
202208080344A,2022-08-08T03:44:00,-71.9,-32.77,22.0,5.0,mw,333.0,32.0,64.0,183.0,62.0,105.0,,,,,,,,,,,,,gmt,,subduction_interface
7000i5bb,2022-09-05T07:50:58,-72.2761,-33.4824,18.0,4.9,mwr,334.1,24.33,74.67,170.85,66.59,96.81,68.0,94.0,6.0,348.0,21.0,256.0,1.9187e+16,-4385000000000000.0,-1.4802e+16,955000000000000.0,-1.6561e+16,4254000000000000.0,us,,subduction_interface
202210180735A,2022-10-18T07:35:00,-71.44,-30.84,43.0,5.1,mw,350.0,31.0,94.0,166.0,59.0,88.0,84.0,81.0,0.0,350.0,6.0,260.0,3.6104e+16,3592000000000000.0,-3.9697e+16,1361000000000000.0,-8356000000000000.0,7509000000000000.0,gmt,gcmt:C202210180735A;us:6000iuhb,subduction_interface
202211130224B,2022-11-13T02:24:00,-73.68,-37.59,21.0,6.3,mw,354.0,18.0,84.0,180.0,72.0,92.0,64.0,85.0,0.0,175.0,26.0,265.0,1.7714e+18,-3.517e+17,-1.4197e+18,1.869e+17,-1.9885e+18,9.96e+16,gmt,gcmt:C202211130224A;gcmt:C202211130224B;us:7000ipe4;gfz:625302257,subduction_interface
7000ipec,2022-11-13T03:00:48,-73.7556,-37.4438,19.5,4.9,mww,346.75,12.1,63.04,194.23,79.23,95.55,55.0,111.0,5.0,13.0,34.0,280.0,6500000000000000.0,6151000000000000.0,-1.2651e+16,-5510000000000000.0,-2.3339e+16,-2108000000000000.0,us,,subduction_interface
202212100725A,2022-12-10T07:25:00,-72.11,-33.64,24.0,5.5,mw,16.0,21.0,103.0,182.0,70.0,85.0,69.0,91.0,2.0,187.0,21.0,278.0,1.1583e+17,1.359e+16,-1.2941e+17,-1.032e+16,-1.137e+17,-2.252e+16,gmt,gcmt:C202212100725A;us:6000j8d7;gfz:625391255,subduction_interface
202303301733A,2023-03-30T17:33:00,-73.7,-35.77,12.0,6.3,mw,14.0,16.0,92.0,192.0,74.0,89.0,63.0,110.0,2.0,16.0,27.0,285.0,2.0787e+18,5.43e+16,-2.133e+18,-8.914e+17,-2.8441e+18,-5.619e+17,gmt,gcmt:C202303301733A;us:6000k0xf;gfz:625930890,subduction_interface
7000ks3e,2023-08-30T14:17:11,-71.3136,-29.5503,40.5,5.3,mww,10.11,44.4,135.02,135.63,60.36,55.29,59.0,355.0,30.0,155.0,9.0,250.0,7.563e+16,1.801e+16,-9.364e+16,5.077e+16,-1.239e+16,3.891e+16,us,gcmt:C202308301417A;gfz:626716075,subduction_interface
C202309151807A,2023-09-15T18:07:45,-71.7,-27.42,12.0,5.7,mw,356.0,18.0,83.0,183.0,72.0,92.0,63.0,97.0,2.0,3.0,27.0,272.0,2.33e+17,-2.57e+16,-2.07e+17,-2.44e+16,-3.1e+17,2700000000000000.0,gcmt,,subduction_interface
202312240323A,2023-12-24T03:23:00,-74.12,-38.25,19.0,5.8,mw,359.0,16.0,88.0,181.0,74.0,91.0,59.0,92.0,1.0,184.0,31.0,274.0,3.0091e+17,4.241e+16,-3.4332e+17,-3.632e+16,-6.2792e+17,-3.177e+16,gmt,gcmt:C202312240323A;us:7000ll6h,subduction_interface
7000lt1x,2024-01-22T22:30:18,-72.1775,-30.2325,13.5,5.4,mww,342.41,14.19,52.93,200.34,78.72,98.67,55.0,121.0,8.0,19.0,33.0,283.0,7.394e+16,-100000000000000.0,-7.384e+16,-6.479e+16,-1.5231e+17,2930000000000000.0,us,,subduction_interface
202403120342A,2024-03-12T03:42:00,-72.67,-33.9,17.0,5.2,mw,357.0,18.0,76.0,192.0,72.0,95.0,53.0,100.0,2.0,8.0,37.0,276.0,1.9333e+16,-5240000000000000.0,-1.4093e+16,-8430000000000000.0,-5.8542e+16,507000000000000.0,gmt,gcmt:C202403120342A;us:7000m4sw,subduction_interface
7000m9js,2024-04-03T06:35:00,-73.8259,-36.0643,13.0,4.9,mwr,12.7,38.24,77.79,208.1,52.78,99.46,79.0,158.0,8.0,22.0,7.0,291.0,2.9693e+16,-2023000000000000.0,-2.767e+16,-6513000000000000.0,-6103000000000000.0,-1.1177e+16,us,,subduction_interface
202405130918A,2024-05-13T09:18:00,-73.31,-35.44,18.0,5.2,mw,16.0,19.0,94.0,192.0,71.0,89.0,60.0,99.0,1.0,191.0,30.0,282.0,3.6539e+16,-1006000000000000.0,-3.5532e+16,-1.2184e+16,-6.448e+16,-9060000000000000.0,gmt,gcmt:C202405130918A;us:6000my8g,subduction_interface
202408182331A,2024-08-18T23:31:00,-74.03,-37.15,15.0,5.1,mw,9.0,20.0,92.0,187.0,70.0,89.0,54.0,90.0,2.0,183.0,36.0,274.0,2.1255e+16,2775000000000000.0,-2.403e+16,-2539000000000000.0,-6.6637e+16,-3277000000000000.0,gmt,gcmt:C202408182331A;us:7000n7us,subduction_interface
6000nnvk,2024-08-31T13:04:47,-71.7061,-29.8363,27.0,5.0,mwr,1.52,24.84,92.89,178.34,65.2,88.66,70.0,86.0,1.0,179.0,20.0,269.0,3.1435e+16,4208000000000000.0,-3.5643e+16,1126000000000000.0,-2.8505e+16,162000000000000.0,us,gcmt:C202408311304B,subduction_interface
7000nmum,2024-10-24T11:45:41,-71.851,-28.6901,13.5,4.9,mww,175.93,50.06,111.61,324.25,44.53,66.26,73.0,151.0,16.0,342.0,3.0,251.0,2.3013e+16,1523000000000000.0,-2.4536e+16,-4571000000000000.0,-4326000000000000.0,1.0684e+16,us,,subduction_interface
202412070626A,2024-12-07T06:26:00,-73.55,-38.97,30.0,5.3,mw,102.0,36.0,53.0,326.0,62.0,114.0,65.0,294.0,23.0,138.0,9.0,44.0,1.0061e+17,-6.015e+16,-4.046e+16,9050000000000000.0,5.881e+16,6.254e+16,gmt,gcmt:C202412070626A;us:7000nwtv,subduction_interface
6000pgf5,2024-12-30T05:41:06,-71.9768,-29.6598,11.5,5.5,mww,165.23,72.81,89.18,348.01,17.21,92.66,62.0,74.0,1.0,165.0,28.0,256.0,1.112e+17,1.96e+16,-1.308e+17,4.719e+16,-1.7758e+17,3.891e+16,us,gcmt:C202412300541A,subduction_interface
7000qa3y,2025-07-02T01:39:56,-72.4855,-33.5723,11.5,5.5,mww,346.81,6.58,63.08,193.89,84.14,92.99,51.0,107.0,3.0,14.0,39.0,281.0,4.854e+16,6130000000000000.0,-5.467e+16,-5.907e+16,-2.3449e+17,-1480000000000000.0,us,gcmt:C202507020139A,subduction_interface
122178B,,-72.57,-36.4,50.0,5.8,mw,101.0,34.0,52.0,324.0,64.0,112.0,64.0,271.0,20.0,134.0,16.0,38.0,5.478e+17,-4.288e+17,-1.19e+17,-1.293e+17,4.274e+17,2.866e+17,gmt,gcmt:B122178B;us:B122178B;gem:672797,subduction_interface
061180C,,-71.93,-33.03,20.0,5.8,mw,1.0,26.0,87.0,184.0,64.0,91.0,71.0,97.0,1.0,3.0,19.0,273.0,5.183e+17,8.24e+16,-6.008e+17,-3.3700000000000004e+16,-4.4560000000000006e+17,-2.7500000000000004e+16,gmt,gcmt:B061180C;us:B061180C;gem:643390,subduction_interface
030385A,,-71.71,-33.92,41.0,7.2,mw,11.0,26.0,110.0,169.0,66.0,81.0,38.09515725429969,40.06342857730749,20.71563606397144,147.30971686285943,44.6690416493965,259.26213515715807,7.48e+20,4.89e+19,-7.969e+20,1.912e+20,-6.55e+20,2.9e+18,gmt,gcmt:M030385A;us:choy19850303224726;neic:529084;gem:529084,subduction_interface
030485C,,-72.75,-34.05,14.0,5.7,mw,26.0,24.0,128.0,165.0,71.0,74.0,61.0,52.0,15.0,170.0,25.0,267.0,2.775e+17,2.64e+16,-3.04e+17,1.3560000000000002e+17,-3.308e+17,-3.95e+16,gmt,gcmt:B030485C;us:B030485C;gem:529148,subduction_interface
030785A,,-72.31,-33.34,18.0,5.4,mw,7.0,30.0,107.0,168.0,62.0,81.0,72.0,57.0,8.0,172.0,16.0,265.0,1.529e+17,600000000000000.0,-1.535e+17,3.57e+16,-9.51e+16,6800000000000000.0,gmt,gcmt:B030785A;us:B030785A;gem:529408,subduction_interface
031285A,,-72.59,-33.23,10.0,5.8,mw,35.0,17.0,123.0,180.0,76.0,81.0,58.0,78.0,9.0,183.0,31.0,278.0,2.572e+17,3.71e+16,-2.943e+17,9600000000000000.0,-5.297e+17,-9.99e+16,gmt,gcmt:B031285A;us:B031285A;gem:529896,subduction_interface
032385A,,-72.82,-34.49,18.0,5.7,mw,26.0,21.0,106.0,189.0,70.0,84.0,65.0,89.0,6.0,191.0,24.0,284.0,2.339e+17,1.17e+16,-2.456e+17,-3.66e+16,-2.87e+17,-8.4e+16,gmt,gcmt:B032385A;us:B032385A;gem:530836,subduction_interface
032385B,,-72.54,-33.44,10.0,5.5,mw,16.0,46.0,118.0,159.0,51.0,65.0,70.0,5.0,20.0,176.0,3.0,267.0,2.2480000000000003e+17,3.62e+16,-2.61e+17,7.67e+16,-1.97e+16,1.32e+16,gmt,gcmt:B032385B;us:B032385B;gem:530837,subduction_interface
032585A,,-72.52,-34.6,24.0,6.3,mw,10.0,20.0,98.0,181.0,70.0,87.0,65.0,86.0,3.0,182.0,25.0,274.0,2.595e+18,-7.9e+16,-2.516e+18,8999999999999998.0,-3.096e+18,-2.45e+17,gmt,gcmt:C032585A;us:C032585A;neic:530954;gem:530954,subduction_interface
040385B,,-71.5,-32.62,36.0,6.1,mw,18.0,21.0,87.0,201.0,69.0,91.0,66.0,112.0,1.0,20.0,24.0,290.0,1.098e+18,-4e+16,-1.057e+18,-4.66e+17,-1.211e+18,-4.11e+17,gmt,gcmt:B040385B;us:B040385B;neic:526675;gem:526675,subduction_interface
042885A,,-71.9,-33.18,30.0,5.6,mw,7.0,22.0,100.0,176.0,69.0,86.0,66.0,78.0,4.0,177.0,24.0,269.0,2.102e+17,1.82e+16,-2.284e+17,2.5e+16,-2.3690000000000003e+17,-3300000000000000.0,gmt,gcmt:B042885A;us:B042885A;gem:528606,subduction_interface
060985B,,-71.68,-33.76,36.0,5.2,mw,347.0,26.0,97.0,159.0,64.0,86.0,71.0,61.0,3.0,161.0,19.0,252.0,7.387e+16,-1.271e+16,-6.116e+16,2.261e+16,-4.975e+16,1.643e+16,gmt,gcmt:B060985B;us:B060985B;gem:522290,subduction_interface
061485A,,-74.92,-40.74,10.0,5.4,mw,223.0,48.0,-62.0,4.0,49.0,-117.0,1.0,113.0,20.0,23.0,70.0,206.0,-1.429e+17,4300000000000000.0,1.3859999999999998e+17,4.34e+16,-2.4e+16,7.18e+16,gmt,gcmt:B061485A;us:B061485A;gem:522688,subduction_interface
081285A,,-73.94,-38.45,17.0,6.2,mw,16.0,15.0,111.0,174.0,76.0,84.0,59.0,76.0,5.0,175.0,31.0,268.0,1.11e+18,-5.4e+16,-1.056e+18,2.7800000000000003e+17,-1.977e+18,-1.05e+17,gmt,gcmt:B081285A;us:B081285A;gem:517863,subduction_interface
110685B,,-74.3,-41.0,16.0,5.3,mw,221.0,49.0,-52.0,351.0,53.0,-125.0,3.0,105.0,27.0,14.0,63.0,200.0,-7.53e+16,-1.265e+16,8.795e+16,3.475e+16,-1.689e+16,3.114e+16,gmt,gcmt:B110685B;us:B110685B;gem:510290,subduction_interface
072886B,,-72.47,-33.53,18.0,5.7,mw,4.0,22.0,100.0,174.0,68.0,86.0,66.0,77.0,4.0,176.0,23.0,267.0,2.797e+17,2.29e+16,-3.026e+17,3.99e+16,-3.052e+17,6200000000000000.0,gmt,gcmt:B072886B;us:B072886B;gem:491924,subduction_interface
020387A,,-73.3,-37.69,28.0,5.8,mw,357.0,16.0,95.0,172.0,74.0,89.0,61.0,80.0,1.0,172.0,29.0,263.0,3.331e+17,4.16e+16,-3.748e+17,8.58e+16,-5.593e+17,4.64e+16,gmt,gcmt:B020387A;us:B020387A;neic:473671;gem:473671,subduction_interface
042190B,,-73.79,-37.28,20.0,5.8,mw,352.0,17.0,80.0,183.0,73.0,93.0,44.83565089991123,96.9704215770139,3.48709185836258,3.496862917016017,44.95238137092104,270.0091041892947,3.555e+17,2.45e+16,-3.8e+17,-3.99e+16,-5.435e+17,1.29e+16,gmt,gcmt:B042190B;us:choy19900421185452;neic:373223;gem:373223,subduction_interface
042290A,,-73.6,-38.07,31.0,5.6,mw,347.0,16.0,81.0,177.0,74.0,93.0,61.0,91.0,3.0,356.0,29.0,264.0,1.84e+17,7800000000000000.0,-1.919e+17,1.34e+16,-2.978e+17,2.83e+16,gmt,gcmt:B042290A;us:B042290A;gem:373369,subduction_interface
110492E,,-72.21,-31.98,19.0,6.0,mw,0.0,28.0,93.0,177.0,62.0,89.0,73.0,84.0,1.0,177.0,17.0,268.0,1.076e+18,-2.3e+16,-1.053e+18,5.6e+16,-7.33e+17,3e+16,gmt,gcmt:B110492E;us:B110492E;neic:261004;gem:261004,subduction_interface
112892B,,-72.08,-31.59,22.0,6.4,mw,51.0,52.0,-177.0,319.0,87.0,-38.0,24.0,12.0,52.0,136.0,28.0,269.0,-8.42e+17,4.764e+18,-3.921e+18,2.736e+18,-2.11e+18,-1.185e+18,gmt,gcmt:C112892B;us:C112892B;neic:264929;gem:264929,subduction_interface
091794D,,-72.01,-32.48,19.0,5.7,mw,11.0,26.0,83.0,199.0,64.0,93.0,71.0,117.0,3.0,18.0,19.0,287.0,2.933e+17,5500000000000000.0,-2.988e+17,-8.63e+16,-2.241e+17,-9.24e+16,gmt,gcmt:B091794D;us:B091794D;gem:156469,subduction_interface
092294C,,-71.9,-32.07,27.0,5.4,mw,61.0,36.0,21.0,314.0,78.0,124.0,46.0,259.0,33.0,126.0,25.0,18.0,6.07e+16,-1.331e+17,7.24e+16,-8.95e+16,1.0169999999999998e+17,3.31e+16,gmt,gcmt:B092294C;us:B092294C;gem:157186,subduction_interface
042895A,,-71.99,-32.06,21.0,5.2,mw,126.0,42.0,61.0,342.0,54.0,114.0,70.0,308.0,19.0,148.0,6.0,56.0,6.829e+16,-3.449e+16,-3.379e+16,2.317e+16,3.162e+16,1.079e+16,gmt,gcmt:B042895A;us:B042895A;gem:111426,subduction_interface
112195D,,-72.3,-33.33,16.0,5.7,mw,355.0,20.0,84.0,181.0,71.0,92.0,64.0,95.0,2.0,1.0,26.0,270.0,2.851e+17,-1.14e+16,-2.737e+17,-1.4199999999999998e+16,-3.457e+17,9700000000000000.0,gmt,gcmt:B112195D;us:B112195D;gem:70222,subduction_interface
072597A,,-72.37,-30.54,15.0,6.0,mw,345.0,26.0,78.0,178.0,65.0,96.0,70.0,100.0,5.0,356.0,20.0,264.0,1.158e+18,-8e+16,-1.079e+18,-4.5e+16,-9.27e+17,1.53e+17,gmt,gcmt:C072597A;us:C072597A;neic:1038555;gem:1038555,subduction_interface
072597B,,-72.3,-30.69,15.0,6.0,mw,358.0,25.0,79.0,191.0,66.0,95.0,69.0,111.0,5.0,8.0,20.0,277.0,1.088e+18,-7.9e+16,-1.01e+18,-2.3e+17,-8.91e+17,-6.2e+16,gmt,gcmt:C072597B;us:C072597B;gem:1038565,subduction_interface
072797A,,-72.41,-30.64,15.0,6.2,mw,354.0,19.0,86.0,178.0,71.0,91.0,64.0,90.0,1.0,358.0,26.0,267.0,1.917e+18,-1.14e+17,-1.803e+18,5.3e+16,-2.347e+18,1.27e+17,gmt,gcmt:C072797A;us:C072797A;neic:1038836;gem:1038836,subduction_interface
022803A,,-73.56,-35.41,15.0,5.3,mw,26.0,18.0,115.0,180.0,74.0,82.0,60.0,79.0,7.0,182.0,29.0,276.0,6.66e+16,3400000000000000.0,-6.999999999999999e+16,4800000000000000.0,-1.1000000000000002e+17,-1.63e+16,gmt,gcmt:B022803A;us:B022803A;gem:6596544,subduction_interface
061504B,,-73.62,-38.96,33.0,5.9,mw,172.0,52.0,150.0,281.0,67.0,42.0,26.201922948735767,327.21897129272014,37.273196724871205,79.21350376469371,41.45437299199455,211.4541934855013,4.56e+17,-1.93e+17,-2.63e+17,-4.63e+17,-1.58e+17,6.86e+17,gmt,gcmt:C061504B;us:pde20040615111631500_37;neic:7356787;gem:7356787,subduction_interface
090704F,,-72.49,-34.1,14.0,5.2,mw,10.0,16.0,105.0,174.0,74.0,86.0,61.0,77.0,4.0,175.0,29.0,267.0,4.33e+16,240000000000000.0,-4.36e+16,9260000000000000.0,-6.91e+16,-1409999999999999.8,gmt,gcmt:C090704F;us:C090704F;gem:7399251,subduction_interface
090704I,,-72.52,-34.14,14.0,5.7,mw,6.0,10.0,102.0,174.0,80.0,88.0,55.0,81.0,2.0,174.0,35.0,266.0,1.3500000000000002e+17,1.35e+16,-1.48e+17,4.28e+16,-3.76e+17,1500000000000000.0,gmt,gcmt:C090704I;us:C090704I;gem:7399303,subduction_interface
082980A,,-73.37,-39.75,45.0,5.4,mw,171.0,29.0,140.0,298.0,72.0,67.0,57.0,177.0,22.0,305.0,23.0,45.0,0.83,-0.16,-0.67,-1.05,0.22,0.47,gmt,us:B082980A;gem:640730,subduction_interface
072881B,,-73.45,-41.97,47.0,5.6,mw,44.0,59.0,17.0,305.0,75.0,148.0,33.0,261.0,55.0,103.0,10.0,357.0,0.64,-2.86,2.22,-0.75,1.73,-0.55,gmt,us:B072881B;gem:624387,subduction_interface
041092B,,-71.7,-33.68,32.0,5.1,mw,248.0,57.0,-172.0,154.0,83.0,-33.0,18.0,205.0,56.0,323.0,28.0,106.0,-0.01,3.59,-3.57,-0.09,3.5,-2.81,gmt,us:B041092B;gem:295253,subduction_interface
072297A,,-72.38,-30.71,15.0,5.4,mw,14.0,21.0,59.0,227.0,72.0,101.0,61.0,154.0,11.0,43.0,26.0,308.0,1.11,-0.33,-0.78,-1.04,-0.63,-0.04,gmt,us:B072297A;gem:1038086,subduction_interface
091198A,,-71.55,-30.46,37.0,5.1,mw,337.0,47.0,52.0,207.0,55.0,124.0,62.0,175.0,27.0,5.0,4.0,273.0,4.04,-0.38,-3.65,-3.16,-0.38,0.04,gmt,us:B091198A;gem:1204108,subduction_interface
110399D,,-73.93,-37.7,15.0,5.3,mw,28.0,7.0,132.0,166.0,85.0,85.0,50.0,71.0,5.0,167.0,39.0,261.0,0.28,-0.04,-0.23,0.31,-1.2,-0.07,gmt,us:B110399D;gem:1649152,subduction_interface
090804A,,-72.4,-34.13,15.0,5.1,mw,359.0,23.0,98.0,170.0,67.0,86.0,68.0,73.0,3.0,171.0,22.0,262.0,3.47,0.17,-3.64,0.74,-3.44,0.42,gmt,us:C090804A;gem:7399593,subduction_interface
