id,time_iso,longitude,latitude,depth,mag,mag_type,strike1,dip1,rake1,strike2,dip2,rake2,T_plunge,T_azimuth,N_plunge,N_azimuth,P_plunge,P_azimuth,Mrr,Mtt,Mpp,Mrt,Mrp,Mtp,source,dups,class
B100577B,1977-10-05T04:34:09,-70.74,-28.25,52.0,5.5,mwc,16.0,36.0,113.0,168.0,57.0,74.0,73.0,38.0,13.0,177.0,11.0,270.0,1.703e+17,2.7900000000000004e+16,-1.982e+17,3.97e+16,-7.41e+16,-5600000000000000.0,us,gem:691406,subduction_intraslab
B021778B,1978-02-17T06:43:30,-71.02,-28.57,55.0,5.3,mwc,141.0,23.0,35.0,18.0,77.0,109.0,54.0,311.0,18.0,194.0,30.0,93.0,5.823e+16,-2030000000000000.0,-5.62e+16,5.207e+16,9.218e+16,2.379e+16,us,gem:686607,subduction_intraslab
D080378B,1978-08-03T18:11:23,-70.4,-26.54,69.3,6.3,mw,231.0,22.0,-57.0,15.0,72.0,-102.0,26.0,115.0,12.0,19.0,61.0,267.0,-1.498e+19,7.49e+18,7.49e+18,-1.6e+18,-1.7490000000000002e+19,4.52e+18,gcmt,gem:677592,subduction_intraslab
B051579B,1979-05-15T17:32:43,-69.39,-22.9,93.3,5.3,mw,169.0,13.0,-107.0,6.0,77.0,-86.0,32.0,93.0,4.0,186.0,58.0,282.0,-7.039999999999999e+16,1.67e+16,5.37e+16,-1.84e+16,-1.268e+17,-4900000000000000.0,gcmt,gem:665116,subduction_intraslab
B052279A,1979-05-22T08:33:41,-69.66,-22.87,83.0,5.5,mw,165.0,40.0,-117.0,19.0,55.0,-69.0,8.0,94.0,17.0,187.0,71.0,341.0,-1.658e+17,-3.64e+16,2.023e+17,-5.04e+16,-4.71e+16,1.1e+16,gcmt,gem:665465,subduction_intraslab
665820,1979-05-28T14:59:19,-70.181,-24.578,52.0,5.88,mw,196.0,58.0,-75.0,349.0,35.0,-113.0,44.26114673824932,95.22430470780428,26.249549773732443,213.94749667327247,34.28272615010732,323.5915944580696,-5.88,-2.69,8.56,1.21,3.22,0.83,gem,,subduction_intraslab
B052879D,1979-05-28T14:59:26,-70.98,-24.56,60.0,5.8,mw,349.0,35.0,-113.0,196.0,58.0,-75.0,12.0,275.0,13.0,8.0,72.0,142.0,-5.875e+17,-2.69e+17,8.565e+17,1.206e+17,3.216e+17,8.29e+16,gcmt,,subduction_intraslab
B122879B,1979-12-28T13:46:24,-69.59,-24.55,114.3,5.3,mw,158.0,30.0,-86.0,333.0,60.0,-92.0,15.0,65.0,2.0,334.0,75.0,236.0,-1.651e+17,4.64e+16,1.187e+17,4.34e+16,-7.43e+16,-3.98e+16,gcmt,gem:654796,subduction_intraslab
B041681C,1981-04-16T22:06:02,-71.02,-20.11,24.7,5.1,mw,2.0,33.0,114.0,154.0,60.0,75.0,71.0,29.0,13.0,161.0,14.0,254.0,4.248e+16,5330000000000000.0,-4.781e+16,1.588e+16,-2.075e+16,1.442e+16,gcmt,gem:628312,subduction_intraslab
C110781A,1981-11-07T03:29:50,-71.37,-32.23,64.0,6.9,mwc,208.0,5.0,-47.0,345.0,86.0,-94.0,41.0,78.0,4.0,345.0,49.0,251.0,-6.7e+17,-7.67e+18,8.34e+18,7.82e+18,-3.122e+19,-2.17e+18,us,neis:608340;gem:608340,subduction_intraslab
B050382B,1982-05-03T07:26:12,-69.38,-23.47,112.0,5.5,mw,24.0,63.0,-23.0,125.0,70.0,-151.0,5.0,253.0,55.0,157.0,35.0,346.0,-1.083e+17,-1.079e+17,2.162e+17,-4.3e+16,1.6900000000000002e+16,-1.036e+17,gcmt,gem:598270,subduction_intraslab
593177,1982-08-05T09:16:43,-70.75,-26.688,45.0,5.69,mw,149.0,12.0,-93.0,332.0,78.0,-89.0,44.99758781780254,61.52944508136079,0.6822820378056016,152.211718045589,44.994287905288346,242.8939124205086,-2.24,1.1,1.14,1.78,-3.4,-0.11,gem,,subduction_intraslab
B102682A,1982-10-26T03:24:30,-71.26,-29.67,69.0,5.7,mwc,100.0,15.0,-154.0,345.0,84.0,-77.0,37.0,63.0,13.0,164.0,50.0,270.0,-1.367e+17,1.149e+17,2.18e+16,9.69e+16,-4.904e+17,-1.0960000000000002e+17,us,gem:591057,subduction_intraslab
B050283B,1983-05-02T01:25:03,-71.28,-26.63,33.0,5.1,mw,20.0,30.0,116.0,171.0,64.0,76.0,68.0,53.0,13.0,177.0,18.0,271.0,2.3450000000000003e+17,8.08e+16,-3.153e+17,4.81e+16,-1.955e+17,-2.31e+16,gcmt,gem:575262,subduction_intraslab
575722,1983-05-07T01:07:23,-70.824,-28.008,50.9,5.08,mw,16.0,29.0,101.0,183.0,62.0,84.0,43.53606560493382,78.95395101675791,9.61087812493086,178.212705337613,44.866217845502405,277.9158636607251,4.28,-0.02,-4.26,0.09,-2.81,-0.74,gem,,subduction_intraslab
B050783A,1983-05-07T01:07:26,-71.61,-28.37,33.8,5.4,mw,16.0,29.0,101.0,183.0,62.0,84.0,73.0,79.0,5.0,186.0,17.0,278.0,4.284e+16,-220000000000000.0,-4.261e+16,930000000000000.0,-2.81e+16,-7390000000000000.0,gcmt,,subduction_intraslab
C100983A,1983-10-09T11:25:49,-71.1,-26.31,39.7,6.2,mw,9.0,20.0,111.0,167.0,71.0,82.0,63.0,65.0,7.0,169.0,26.0,263.0,3.858e+18,1.27e+17,-3.986e+18,1.429e+18,-4.9e+18,1.26e+17,gcmt,gem:566304,subduction_intraslab
B101683B,1983-10-16T09:59:49,-70.65,-23.51,84.1,5.7,mw,185.0,16.0,-90.0,4.0,74.0,-90.0,29.0,94.0,0.0,4.0,61.0,274.0,-5.2300000000000006e+17,2100000000000000.0,5.209e+17,-5.779999999999999e+16,-8.148e+17,3.95e+16,gcmt,gem:566658,subduction_intraslab
B122383B,1983-12-23T22:56:10,-71.67,-27.23,33.0,5.2,mw,306.0,61.0,-25.0,49.0,68.0,-148.0,5.0,176.0,52.0,80.0,37.0,269.0,-2.426e+16,7.772e+16,-5.346e+16,-4440000000000000.0,-5.372e+16,5390000000000000.0,gcmt,gem:563533,subduction_intraslab
B081284D,1984-08-12T11:51:48,-69.67,-24.22,117.6,5.6,mw,180.0,45.0,-56.0,316.0,54.0,-119.0,5.0,66.0,24.0,334.0,66.0,167.0,-2.633e+17,-7400000000000000.0,2.707e+17,1.204e+17,-3599999999999999.5,-1.411e+17,gcmt,gem:546673,subduction_intraslab
B011885A,1985-01-18T15:00:08,-70.71,-29.41,82.0,6.3,mwc,322.0,67.0,13.0,227.0,78.0,156.0,25.0,182.0,64.0,22.0,8.0,276.0,5.3900000000000006e+17,2.904e+18,-3.443e+18,-1.459e+18,-4.09e+17,-4.98e+17,us,neic:534791;gem:534791,subduction_intraslab
504095,1986-02-20T09:16:06,-70.321,-21.337,55.0,5.79,mw,0.0,61.0,-77.0,154.0,32.0,-113.0,44.39275407547447,260.51903685830825,20.44632967543922,11.926459895597816,38.56124860626623,119.21618146696233,-3.75,-2.45,6.2,0.1,-2.9,-1.62,gem,,subduction_intraslab
B032386A,1986-03-23T11:47:46,-70.85,-26.03,98.5,5.3,mw,223.0,21.0,-90.0,43.0,69.0,-90.0,24.0,133.0,0.0,43.0,66.0,313.0,-5.666e+16,2.497e+16,3.168e+16,-5.2e+16,-5.555e+16,5.674e+16,gcmt,gem:501459,subduction_intraslab
486306,1986-09-12T10:39:40,-70.358,-22.57,65.0,5.14,mw,9.0,65.0,-98.0,207.0,26.0,-74.0,44.74082318233809,284.99698974199873,11.162045962036885,183.72072310315752,43.110646951292,83.07621826803626,-4.08,-1.17,5.24,-0.59,-3.95,2.04,gem,,subduction_intraslab
B091286A,1986-09-12T10:39:47,-70.96,-21.88,108.8,5.1,mw,207.0,26.0,-74.0,9.0,65.0,-98.0,20.0,105.0,7.0,13.0,69.0,264.0,-4.075e+16,-1.165e+16,5.24e+16,-5940000000000000.0,-3.954e+16,2.04e+16,gcmt,,subduction_intraslab
B012987B,1987-01-29T17:22:39,-71.08,-29.73,66.0,5.4,mwc,206.0,9.0,-66.0,2.0,82.0,-94.0,37.0,95.0,3.0,2.0,53.0,268.0,-1.52e+16,-5.15e+16,6.67e+16,-8400000000000002.0,-1.444e+17,1.3900000000000002e+16,us,gem:477562,subduction_intraslab
C030587A,1987-03-05T09:17:20,-70.93,-24.38,41.9,7.3,mw,12.0,23.0,106.0,175.0,68.0,83.0,66.0,73.0,6.0,177.0,23.0,270.0,1.746e+20,-5.4e+18,-1.692e+20,2.91e+19,-1.759e+20,-1.1e+19,gcmt,,subduction_intraslab
471284,1987-03-05T10:55:14,-70.636,-24.57,40.0,6.93,mw,166.0,73.0,93.0,336.0,17.0,80.0,44.83748817384141,260.504436325567,3.458902269766788,167.0588393490433,44.95395320108723,73.59918899106395,1.42,0.28,-1.7,0.59,-2.48,0.69,gem,,subduction_intraslab
C030587B,1987-03-05T10:55:22,-71.31,-24.19,33.0,5.7,mw,336.0,17.0,80.0,166.0,73.0,93.0,61.0,81.0,3.0,346.0,28.0,254.0,1.424e+19,2.8100000000000005e+18,-1.705e+19,5.94e+18,-2.484e+19,6.919999999999999e+18,gcmt,,subduction_intraslab
B030687E,1987-03-06T09:40:02,-70.55,-23.87,45.0,5.8,mw,54.0,24.0,154.0,168.0,80.0,68.0,51.0,53.0,22.0,172.0,31.0,276.0,8.76e+17,3.34e+17,-1.21e+18,6.82e+17,-2.169e+18,-7.03e+17,gcmt,gem:471366,subduction_intraslab
B032287B,1987-03-22T03:24:07,-70.61,-23.92,45.3,5.8,mw,40.0,32.0,145.0,161.0,72.0,63.0,55.0,38.0,25.0,170.0,23.0,271.0,7.328e+17,2.652e+17,-9.98e+17,5.348e+17,-9.048e+17,-2.658e+17,gcmt,gem:472703,subduction_intraslab
C080887C,1987-08-08T15:49:10,-70.02,-18.96,79.5,6.9,mw,176.0,20.0,-87.0,353.0,70.0,-91.0,25.0,84.0,1.0,353.0,65.0,261.0,-4.515e+19,-1.025e+19,5.54e+19,7.74e+18,-5.982e+19,-7.08e+18,gcmt,gem:459313,subduction_intraslab
C081387B,1987-08-13T15:23:17,-71.59,-18.08,35.9,6.1,mw,327.0,18.0,76.0,161.0,72.0,95.0,63.0,79.0,4.0,340.0,27.0,248.0,3.761e+18,-5.06e+17,-3.255e+18,1.58e+18,-5.152e+18,1.693e+18,gcmt,gem:459668,subduction_intraslab
B102187D,1987-10-21T23:26:01,-70.04,-20.65,76.0,5.4,mw,200.0,29.0,-38.0,325.0,72.0,-114.0,24.0,73.0,23.0,333.0,56.0,204.0,-2.073e+16,-1.268e+16,3.342e+16,1.866e+16,-2.578e+16,-9760000000000000.0,gcmt,gem:455901,subduction_intraslab
B103187B,1987-10-31T05:11:25,-70.8,-26.15,66.0,5.1,mw,338.0,60.0,-13.0,75.0,79.0,-149.0,12.0,204.0,58.0,93.0,29.0,301.0,-5669999999999999.0,2.6e+16,-2.033e+16,-2.018e+16,-1.84e+16,-3.297e+16,gcmt,,subduction_intraslab
B110987B,1987-11-09T17:46:26,-69.88,-21.96,70.4,5.4,mw,259.0,60.0,-28.0,4.0,66.0,-147.0,4.0,130.0,50.0,35.0,40.0,223.0,-3.905e+16,1.002e+16,2.902e+16,4.524e+16,-5.135e+16,8.337999999999998e+16,gcmt,gem:452557,subduction_intraslab
B122887A,1987-12-28T08:16:28,-71.45,-28.27,44.2,6.0,mw,20.0,31.0,114.0,173.0,62.0,76.0,70.0,54.0,12.0,180.0,16.0,273.0,6.36e+17,1.464e+17,-7.824e+17,1.131e+17,-4.449e+17,-8.97e+16,gcmt,gem:451704,subduction_intraslab
B081488B,1988-08-14T13:11:51,-70.44,-21.47,110.1,5.1,mw,161.0,31.0,-104.0,356.0,60.0,-82.0,15.0,81.0,7.0,172.0,74.0,287.0,-5.026e+16,7350000000000000.0,4.291e+16,-3520000000000000.0,-2.641e+16,-8210000000000000.0,gcmt,gem:428982,subduction_intraslab
C081488C,1988-08-14T17:53:18,-71.23,-27.31,38.9,6.5,mw,326.0,16.0,31.0,206.0,82.0,103.0,51.0,132.0,13.0,24.0,36.0,285.0,2.425e+18,2.496e+18,-4.921e+18,-4.62e+18,-9.604e+18,-4.17e+17,gcmt,neic:429001;gem:429001,subduction_intraslab
429264,1988-08-17T12:38:14,-71.207,-27.255,25.4,5.63,mw,78.0,9.0,-171.0,339.0,88.0,-81.0,44.34757231322277,60.52501250637806,8.898779749040063,159.328626976897,44.28127701799603,258.11172521233755,0.23,-0.3,0.06,1.41,-3.13,-0.92,gem,,subduction_intraslab
429273,1988-08-17T14:26:05,-71.215,-27.162,35.4,5.48,mw,56.0,10.0,152.0,173.0,85.0,81.0,44.19763017138436,74.10582155414517,8.936388123068914,172.9010151885841,44.41968768542186,271.7652171051774,0.31,0.07,-0.38,0.26,-1.96,-0.26,gem,,subduction_intraslab
386905,1989-11-14T06:07:54,-71.165,-27.56,33.4,5.38,mw,202.0,51.0,140.0,319.0,60.0,46.0,8.66232995906274,176.0603450292076,49.95886130840005,276.5056955258875,38.71591401391533,79.04565475604647,0.91,0.33,-1.24,-1.02,-0.01,0.23,gem,,subduction_intraslab
385365,1989-12-30T12:38:14,-70.626,-26.279,40.9,5.49,mw,21.0,48.0,121.0,159.0,51.0,60.0,3.3911727905499123,2.7746998502493625,47.06682649556176,96.42653620383857,42.73211845919069,269.63666219210745,1.63,0.72,-2.34,0.46,-0.12,0.0,gem,,subduction_intraslab
B123089B,1989-12-30T12:38:17,-71.42,-26.57,39.1,5.1,mw,21.0,48.0,121.0,159.0,51.0,60.0,67.0,4.0,23.0,179.0,2.0,270.0,1.629e+17,7.18e+16,-2.348e+17,4.64e+16,-1.17e+16,200000000000000.0,gcmt,,subduction_intraslab
B082890D,1990-08-28T08:58:13,-70.63,-19.99,65.1,5.2,mw,334.0,45.0,-88.0,150.0,45.0,-92.0,0.0,242.0,2.0,152.0,88.0,332.0,-7.832e+16,4590000000000000.0,7.372e+16,-1210000000000000.0,-1330000000000000.0,-5.206000000000001e+16,gcmt,,subduction_intraslab
B103190A,1990-10-31T14:39:35,-71.07,-27.05,73.3,5.6,mw,74.0,50.0,-140.0,315.0,60.0,-48.0,6.0,17.0,35.0,111.0,54.0,278.0,-1.544e+17,2.275e+17,-7.31e+16,1.55e+16,-1.008e+17,-8.81e+16,gcmt,gem:355139,subduction_intraslab
B122790B,1990-12-27T16:08:41,-70.18,-22.42,63.9,5.2,mw,229.0,20.0,-50.0,7.0,75.0,-103.0,29.0,108.0,13.0,10.0,58.0,260.0,-7.62e+16,-1.36e+16,8.98e+16,-1.7399999999999998e+16,-1.52e+17,5.639999999999999e+16,gcmt,gem:348867,subduction_intraslab
B022892B,1992-02-28T09:14:15,-69.56,-24.21,77.4,5.7,mw,99.0,47.0,173.0,194.0,85.0,43.0,33.0,66.0,46.0,199.0,25.0,318.0,4.31e+16,-2.278e+17,1.847e+17,2.38e+16,-4.428e+17,-3.836e+17,gcmt,gem:305455,subduction_intraslab
288038,1992-06-21T10:52:43,-70.743,-26.562,38.7,5.74,mw,225.0,44.0,144.0,343.0,66.0,52.0,20.023307956786244,206.42693020915763,43.9822247452789,317.01877991463783,39.261948823863335,99.09665277833231,2.91,1.64,-4.55,-1.54,2.09,-1.43,gem,,subduction_intraslab
B062192D,1992-06-21T10:52:48,-71.53,-26.8,47.0,5.3,mw,225.0,44.0,144.0,343.0,66.0,52.0,53.0,206.0,34.0,0.0,13.0,99.0,2.912e+17,1.642e+17,-4.553e+17,-1.537e+17,2.0870000000000003e+17,-1.434e+17,gcmt,,subduction_intraslab
19921001081852,1992-10-01T08:18:52,-74.96,-39.04,15.0,5.5,mwc,35.0,42.0,-51.0,167.0,58.0,-120.0,9.0,278.0,25.0,184.0,63.0,26.0,-1.469e+17,-3.8e+16,1.849e+17,-5.73e+16,6.08e+16,4.29e+16,us,gem:265443,subduction_intraslab
C031593F,1993-03-15T16:09:09,-71.16,-26.55,59.6,6.2,mw,232.0,15.0,-36.0,357.0,81.0,-102.0,35.0,98.0,12.0,359.0,52.0,253.0,-2.259e+18,7.28e+17,1.53e+18,7.79e+17,-5.933e+18,1.25e+18,gcmt,gem:243266,subduction_intraslab
231950,1993-05-11T16:25:01,-70.431,-24.944,48.7,5.69,mw,3.0,89.0,-82.0,99.0,8.0,-175.0,44.46378287413224,265.2086487582497,8.003586001460667,3.1406190787920423,44.42538797220864,101.06189555361186,-0.05,-0.19,0.24,-0.22,-4.16,-0.57,gem,,subduction_intraslab
C071193A,1993-07-11T13:36:32,-70.56,-25.31,49.0,6.0,mw,356.0,21.0,95.0,171.0,69.0,88.0,66.0,78.0,2.0,172.0,24.0,263.0,6.418e+18,4.66e+17,-6.885e+18,1.241e+18,-7.412e+18,8.51e+17,gcmt,gem:219103,subduction_intraslab
B021194A,1994-02-11T00:48:49,-71.3,-18.96,35.1,5.0,mw,291.0,45.0,53.0,158.0,56.0,121.0,64.0,125.0,25.0,319.0,6.0,226.0,1.33e+17,-6.820000000000001e+16,-6.48e+16,-2.7e+16,-6.64e+16,9.35e+16,gcmt,gem:185074,subduction_intraslab
B041994B,1994-04-19T08:28:47,-70.59,-22.59,38.1,5.2,mw,18.0,15.0,132.0,154.0,79.0,80.0,55.0,52.0,10.0,156.0,33.0,253.0,4.85e+16,1.85e+16,-6.69e+16,5.98e+16,-1.211e+17,1.13e+16,gcmt,gem:178289,subduction_intraslab
B051094A,1994-05-10T01:49:12,-70.72,-19.97,58.0,5.8,mw,353.0,29.0,99.0,163.0,61.0,85.0,73.0,60.0,4.0,165.0,16.0,257.0,6.345e+17,6.04e+16,-6.95e+17,1.512e+17,-4.103e+17,1.754e+17,gcmt,,subduction_intraslab
B081494F,1994-08-14T10:58:19,-71.59,-29.78,36.0,5.4,mwc,340.0,24.0,14.0,237.0,85.0,113.0,46.0,171.0,23.0,55.0,35.0,308.0,3.95e+16,4.38e+16,-8.33e+16,-1.502e+17,-6.999999999999999e+16,-2.68e+16,us,gem:160149,subduction_intraslab
143250,1994-11-22T12:19:50,-69.641,-23.22,66.0,5.08,mw,141.0,38.0,-68.0,294.0,55.0,-107.0,44.197745227765225,35.45074405510047,31.884590168838702,268.2297422573722,28.99689227710506,158.06161469410836,-5.12,2.95,2.16,2.08,0.38,-1.94,gem,,subduction_intraslab
B121094B,1994-12-10T03:39:37,-71.14,-23.5,36.0,5.6,mw,7.0,28.0,107.0,168.0,64.0,81.0,70.0,60.0,8.0,172.0,18.0,265.0,9.7e+17,1.08e+17,-1.078e+18,2.23e+17,-7.39e+17,5.9e+16,gcmt,,subduction_intraslab
B040795C,1995-04-07T16:01:28,-70.53,-25.58,72.7,5.0,mw,150.0,19.0,-103.0,345.0,72.0,-86.0,27.0,71.0,4.0,163.0,63.0,262.0,-2.9780000000000004e+16,1.024e+16,1.954e+16,7510000000000000.0,-3.436e+16,-6330000000000000.0,gcmt,gem:108277,subduction_intraslab
96080,1995-07-30T05:11:25,-70.323,-23.349,46.0,8.0,mw,177.0,68.0,91.0,354.0,22.0,87.0,44.97544168456764,268.80882181655767,1.2887974693221755,177.52080298760688,44.99557330143676,86.23187856338916,8.26,0.42,-8.68,0.3,-8.67,0.64,gem,,subduction_intraslab
71854,1995-11-27T05:24:29,-70.206,-22.815,49.0,5.31,mw,216.0,27.0,-19.0,323.0,82.0,-115.0,40.80684788937564,74.20090185342593,26.42132740080599,318.79749151507485,37.7568799621199,206.16542042580943,-3.5,-2.66,6.15,7.77,-6.64,1.27,gem,,subduction_intraslab
C041996A,1996-04-19T00:19:40,-70.58,-23.95,50.0,6.1,mw,11.0,19.0,109.0,171.0,72.0,83.0,63.0,70.0,6.0,173.0,26.0,266.0,4.747e+18,6.55e+17,-5.402e+18,1.316e+18,-6.595e+18,1.7999999999999998e+16,gcmt,gem:959627,subduction_intraslab
B080196F,1996-08-01T21:51:50,-70.84,-18.22,97.5,5.0,mw,230.0,35.0,-28.0,344.0,74.0,-122.0,23.0,98.0,30.0,353.0,50.0,219.0,-2.84e+16,-9350000000000000.0,3.775e+16,2.733e+16,-4.06e+16,2.087e+16,gcmt,gem:978440,subduction_intraslab
B121896A,1996-12-18T10:12:32,-71.17,-24.98,30.0,5.0,mw,180.0,44.0,75.0,21.0,48.0,104.0,79.0,1.0,11.0,191.0,2.0,100.0,2.163e+17,-6.02e+16,-1.561e+17,5.460000000000001e+16,1900000000000000.0,-1.65e+16,gcmt,gem:1002347,subduction_intraslab
B041397E,1997-04-13T23:20:38,-71.87,-18.56,50.5,5.1,mw,328.0,36.0,95.0,142.0,54.0,86.0,80.0,36.0,3.0,144.0,9.0,235.0,1.931e+17,-4.91e+16,-1.44e+17,4.93e+16,-5.44e+16,1.324e+17,gcmt,gem:1021706,subduction_intraslab
B051797B,1997-05-17T02:10:26,-70.06,-27.06,121.1,5.5,mw,251.0,23.0,-168.0,150.0,85.0,-67.0,36.0,220.0,23.0,328.0,45.0,83.0,-4.66e+16,1.03e+17,-5.639999999999999e+16,-8.46e+16,1.991e+17,-3.94e+16,gcmt,neic:1027534;gem:1027534,subduction_intraslab
B072197G,1997-07-21T17:54:17,-71.78,-29.97,33.0,5.4,mwc,14.0,22.0,109.0,173.0,70.0,83.0,65.0,71.0,7.0,176.0,24.0,269.0,1.17,-0.13,-1.04,0.25,-1.24,-0.09,us,gem:1038043,subduction_intraslab
pde19971015010333460_58,1997-10-15T01:03:33,-71.22,-30.933,58.0,7.1,mwc,175.0,85.0,-120.0,76.0,30.0,-10.0,38.772639572408025,110.01186933804826,30.2535182631348,352.0749786909064,36.51067545104992,236.49556840151448,-1.588e+19,1.69e+18,1.419e+19,-4.51e+18,4.588e+19,-7.99e+18,us,gcmt:C101597A;neic:1047434;gem:1047434,subduction_intraslab
B102697A,1997-10-26T01:35:46,-70.5,-26.47,65.9,5.1,mw,139.0,56.0,-42.0,255.0,57.0,-138.0,1.0,17.0,38.0,287.0,52.0,108.0,-4.966e+16,5.977e+16,-1.012e+16,2.039e+16,6.393e+16,-2.408e+16,gcmt,gem:1049311,subduction_intraslab
B011298C,1998-01-12T04:12:15,-70.81,-24.99,37.1,5.3,mw,336.0,22.0,74.0,173.0,69.0,96.0,66.0,94.0,6.0,351.0,23.0,258.0,1.84e+17,4.36e+16,-2.277e+17,2.5e+16,-2.273e+17,7.13e+16,gcmt,gem:1063853,subduction_intraslab
C013098B,1998-01-30T12:16:20,-70.62,-24.02,41.0,6.5,mw,8.0,17.0,105.0,172.0,74.0,86.0,61.0,76.0,4.0,174.0,28.0,266.0,2.26e+19,3.07e+18,-2.567e+19,5.649999999999999e+18,-3.669e+19,4.8e+17,gcmt,gem:1066970,subduction_intraslab
B041098B,1998-04-10T10:03:25,-70.19,-21.41,83.8,5.0,mw,167.0,82.0,5.0,76.0,85.0,172.0,9.0,31.0,81.0,221.0,2.0,121.0,-3e+16,9.78e+16,-6.780000000000001e+16,3.3700000000000004e+16,-1.61e+16,-1.564e+17,gcmt,gem:1091103,subduction_intraslab
1105661,1998-05-09T23:32:06,-71.404,-18.332,47.9,5.12,mw,139.0,60.0,84.0,330.0,30.0,100.0,43.30667348978101,213.1743052138128,10.262158417081652,313.0,44.873871730368165,53.38451152295829,5.45,-1.88,-3.57,2.23,-2.04,2.02,gem,,subduction_intraslab
1203965,1998-09-10T09:51:26,-70.721,-20.215,34.6,5.3,mw,3.0,18.0,95.0,178.0,72.0,88.0,44.94986096836202,85.2261637690986,1.9039447078903964,177.12782815185813,44.986894009422365,269.0319533071271,6.36,0.24,-6.6,0.47,-8.99,0.0,gem,,subduction_intraslab
B112398B,1998-11-23T09:30:21,-70.56,-23.77,53.4,5.2,mw,160.0,10.0,55.0,16.0,82.0,96.0,53.0,293.0,6.0,195.0,36.0,101.0,5.42e+16,-3800000000000000.0,-5.04e+16,4.98e+16,1.559e+17,6600000000000000.0,gcmt,gem:1325419,subduction_intraslab
B021799D,1999-02-17T21:59:02,-71.15,-21.4,41.1,5.1,mw,358.0,36.0,116.0,147.0,58.0,72.0,71.0,16.0,15.0,157.0,12.0,250.0,2.281e+17,-1.65e+16,-2.117e+17,1.002e+17,-6.68e+16,6.47e+16,gcmt,,subduction_intraslab
B070999A,1999-07-09T01:21:03,-71.33,-24.94,35.1,5.0,mw,343.0,26.0,52.0,205.0,70.0,107.0,61.0,140.0,16.0,19.0,23.0,282.0,1.688e+17,8.11e+16,-2.499e+17,-1.0149999999999998e+17,-2.0670000000000003e+17,-4.79e+16,gcmt,gem:1654414,subduction_intraslab
B091099E,1999-09-10T17:16:29,-71.22,-29.74,54.8,5.0,mwc,250.0,46.0,-168.0,151.0,81.0,-45.0,23.0,208.0,45.0,322.0,37.0,100.0,-0.85,2.94,-2.08,-0.64,3.14,-1.87,us,gem:1655884,subduction_intraslab
B110699A,1999-11-06T00:57:04,-71.58,-29.95,54.6,5.2,mwc,4.0,25.0,34.0,242.0,76.0,111.0,54.0,177.0,20.0,57.0,28.0,315.0,3.26,-0.54,-2.72,-6.3,-3.28,-4.03,us,gem:1649404,subduction_intraslab
B111899C,1999-11-18T05:44:15,-69.94,-25.22,69.2,5.1,mw,166.0,10.0,-70.0,326.0,80.0,-93.0,35.0,59.0,3.0,326.0,54.0,232.0,-3.1190000000000004e+16,4120000000000000.0,2.707e+16,5.26e+16,-7.629e+16,-1.388e+16,gcmt,gem:1650969,subduction_intraslab
C010800F,2000-01-08T11:59:31,-70.66,-23.21,41.0,5.9,mw,356.0,18.0,98.0,167.0,72.0,87.0,63.0,73.0,3.0,168.0,27.0,259.0,2.251e+18,1.96e+17,-2.448e+18,7.8e+17,-3.175e+18,4.37e+17,gcmt,gem:2348963,subduction_intraslab
B050900B,2000-05-09T00:45:51,-70.44,-25.92,57.0,5.2,mw,12.0,20.0,128.0,152.0,74.0,77.0,59.0,45.0,12.0,156.0,28.0,253.0,4.092e+16,940000000000000.0,-4.186e+16,3.454e+16,-5.283e+16,3650000000000000.0,gcmt,gem:1735264,subduction_intraslab
1739170,2000-08-18T13:21:04,-70.216,-19.372,70.0,5.19,mw,23.0,66.0,-96.0,216.0,25.0,-78.0,44.84978750118626,297.53436014118284,8.149573699247943,199.34442747869488,43.99863399242203,101.39587621462238,-5.17,0.54,4.62,-1.78,-4.7,3.13,gem,,subduction_intraslab
B112700B,2000-11-27T10:54:36,-70.68,-24.72,49.9,5.1,mw,340.0,47.0,4.0,247.0,87.0,137.0,31.0,194.0,47.0,64.0,26.0,302.0,1.1180000000000002e+16,2.01e+16,-3.128e+16,-3.164e+16,-2.927e+16,-3.916e+16,gcmt,gem:1742540,subduction_intraslab
C112900B,2000-11-29T10:25:19,-70.89,-24.63,53.0,5.9,mw,207.0,12.0,-56.0,352.0,80.0,-97.0,35.0,88.0,7.0,353.0,54.0,254.0,-1.255e+18,2.19e+17,1.036e+18,5.4800000000000006e+17,-3.107e+18,2.7700000000000003e+17,gcmt,gem:1742576,subduction_intraslab
B022201B,2001-02-22T07:55:57,-71.63,-27.47,27.3,5.0,mw,6.0,12.0,119.0,157.0,80.0,84.0,55.0,60.0,6.0,158.0,34.0,252.0,9.51e+16,-4700000000000000.0,-9.05e+16,9.83e+16,-2.165e+17,8699999999999998.0,gcmt,gem:2042166,subduction_intraslab
1836082,2001-04-17T01:42:11,-70.746,-20.837,30.0,5.6,mw,120.0,18.0,-142.0,354.0,79.0,-76.0,43.75226842051581,71.37701704158536,15.141997019919604,176.3919380572229,42.33409870257057,280.66409982016035,-0.66,-0.71,1.36,0.49,-2.7,-1.03,gem,,subduction_intraslab
B061801C,2001-06-18T19:57:01,-69.63,-24.45,117.4,5.5,mw,167.0,33.0,-75.0,329.0,58.0,-100.0,12.0,66.0,8.0,335.0,75.0,212.0,-4.64e+17,4.01e+16,4.2380000000000006e+17,1.545e+17,-1.752e+17,-1.844e+17,gcmt,gem:1968233,subduction_intraslab
B082801A,2001-08-28T06:56:12,-70.57,-21.84,95.7,5.8,mw,161.0,17.0,-99.0,350.0,73.0,-87.0,28.0,78.0,3.0,169.0,62.0,264.0,-2.737e+17,-2.36e+16,2.973e+17,7.07e+16,-4.366e+17,-8.41e+16,gcmt,gem:2013522,subduction_intraslab
pde20020401195932480_71,2002-04-01T19:59:32,-71.384,-29.67,71.0,6.4,mwc,20.0,80.0,-150.0,284.0,61.0,-12.0,25.799549663277283,328.94296194159807,59.95354620014325,182.2516875690717,14.332763140326906,66.03790461308438,-1.577e+18,2.195e+18,-6.18e+17,-6.3e+16,-3.657e+18,9.83e+17,us,gcmt:C040102C;neic:2933451;gem:2933451,subduction_intraslab
C041802F,2002-04-18T16:08:42,-70.73,-27.44,53.0,6.2,mw,253.0,56.0,168.0,350.0,80.0,35.0,31.0,217.0,54.0,3.0,16.0,117.0,3.424e+18,2.46e+18,-5.884e+18,6.34e+17,4.22e+18,-6.352e+18,gcmt,neic:2991626;gem:2991626,subduction_intraslab
3032478,2002-05-11T08:22:49,-70.963,-25.885,30.5,5.2,mw,18.0,11.0,92.0,197.0,79.0,90.0,44.99796943490973,105.47121712229188,0.4114673173629057,195.8826658853796,44.99907568003115,286.2941305372398,2.02,1.13,-3.15,-2.16,-7.04,-1.52,gem,,subduction_intraslab
B010903F,2003-01-09T07:03:01,-71.68,-18.69,37.3,5.0,mw,301.0,29.0,58.0,157.0,66.0,106.0,65.0,95.0,15.0,330.0,19.0,235.0,7.029999999999999e+16,-1.8e+16,-5.22e+16,2.53e+16,-6.730000000000001e+16,6.59e+16,gcmt,gem:6533587,subduction_intraslab
B022003F,2003-02-20T20:07:09,-71.7,-18.6,40.5,5.2,mw,329.0,32.0,82.0,158.0,59.0,95.0,76.0,82.0,4.0,335.0,13.0,244.0,2.67e+17,-1.89e+16,-2.48e+17,4.78e+16,-1.42e+17,1.49e+17,gcmt,gem:6591854,subduction_intraslab
B040603A,2003-04-06T01:09:08,-69.31,-23.48,104.9,5.4,mw,165.0,22.0,-92.0,347.0,68.0,-89.0,23.0,77.0,1.0,167.0,67.0,259.0,-8.29e+16,-9100000000000000.0,9.21e+16,2.02e+16,-9.19e+16,-2.65e+16,gcmt,gem:6687851,subduction_intraslab
6698324,2003-04-23T05:42:07,-70.425,-21.45,54.3,5.04,mw,72.0,75.0,-69.0,196.0,25.0,-144.0,42.657094641111975,325.470600227363,23.04270916899949,78.54442050704063,38.506701236950256,188.32528897636044,-1.91,1.17,0.74,-3.59,-1.03,2.19,gem,,subduction_intraslab
B042403A,2003-04-24T08:22:23,-70.78,-23.84,65.0,5.1,mw,276.0,47.0,-40.0,36.0,62.0,-129.0,9.0,153.0,34.0,57.0,55.0,256.0,-2.89e+16,3.13e+16,-2450000000000000.0,3260000000000000.0,-2.95e+16,1.59e+16,gcmt,gem:6698900,subduction_intraslab
B121003F,2003-12-10T12:25:54,-71.86,-27.69,20.0,5.4,mw,312.0,41.0,-3.0,44.0,88.0,-131.0,31.0,167.0,41.0,46.0,34.0,280.0,-1.51e+16,2.39e+17,-2.2400000000000003e+17,-1.68e+17,-2.12e+17,5300000000000000.0,gcmt,neic:7203683;gem:7203683,subduction_intraslab
C012304C,2004-01-23T05:00:33,-70.31,-23.07,85.1,5.5,mw,230.0,45.0,-28.0,340.0,70.0,-132.0,15.0,99.0,39.0,357.0,47.0,206.0,-1.66e+17,-1.45e+17,3.11e+17,8.68e+16,-1.62e+17,1.1000000000000002e+17,gcmt,gem:7239904,subduction_intraslab
C012704C,2004-01-27T16:00:39,-71.37,-17.93,73.5,5.3,mw,137.0,12.0,-93.0,320.0,78.0,-89.0,33.0,49.0,1.0,140.0,57.0,231.0,-1.41e+17,4.53e+16,9.58e+16,2.71e+17,-3.2e+17,-1.77e+17,gcmt,gem:7242829,subduction_intraslab
7313545,2004-03-19T06:01:59,-70.601,-20.6,34.2,5.34,mw,51.0,28.0,121.0,196.0,66.0,75.0,39.171898617434856,80.15905671195173,20.100551776781657,187.5067836531139,44.02069055540429,298.2179985625697,0.76,-0.0,-0.75,-0.22,-0.79,-0.68,gem,,subduction_intraslab
C042204A,2004-04-22T02:13:23,-70.4,-23.98,59.2,5.1,mw,39.0,26.0,133.0,173.0,72.0,72.0,59.0,58.0,17.0,179.0,25.0,277.0,2.26e+16,3060000000000000.0,-2.56e+16,7180000000000000.0,-2.9900000000000004e+16,-8800000000000000.0,gcmt,gem:7333143,subduction_intraslab
C082704A,2004-08-27T00:43:56,-71.25,-27.63,35.0,5.4,mw,135.0,8.0,37.0,8.0,85.0,96.0,49.0,285.0,6.0,188.0,40.0,92.0,1.07e+17,2.56e+16,-1.33e+17,1.02e+17,6.73e+17,5.490000000000001e+16,gcmt,neic:7393404;gem:7393404,subduction_intraslab
C111104C,2004-11-11T03:24:03,-70.47,-22.9,96.7,5.1,mw,12.0,79.0,-170.0,280.0,81.0,-11.0,1.0,326.0,76.0,60.0,14.0,236.0,-3530000000000000.0,2.15e+16,-1.8e+16,8360000000000000.0,-1.04e+16,5.01e+16,gcmt,gem:7434209,subduction_intraslab
C200501241907A,2005-01-24T19:07:15,-71.71,-29.4,42.6,5.0,mwc,356.0,27.0,79.0,189.0,63.0,96.0,71.0,111.0,5.0,6.0,18.0,275.0,3.45e+16,6410000000000000.0,-4.09e+16,-5500000000000000.0,-2.71e+16,-2750000000000000.0,us,gem:7463984,subduction_intraslab
200503010724A,2005-03-01T07:24:00,-72.1,-31.59,33.0,5.4,mw,354.0,25.0,103.0,159.0,66.0,84.0,69.0,57.0,6.0,161.0,20.0,254.0,1.1299999999999998e+17,9100000000000000.0,-1.22e+17,4.24e+16,-9.65e+16,3.65e+16,gmt,gcmt:C200503010724A;gcmt:C200503010724A;us:C200503010724A;gem:7736614,subduction_intraslab
200503132038A,2005-03-13T20:38:00,-72.02,-32.72,36.0,5.2,mw,9.0,24.0,103.0,175.0,66.0,84.0,68.0,74.0,5.0,177.0,21.0,269.0,0.57,0.1,-0.66,0.07,-0.56,-0.01,gmt,us:C200503132038A;gem:7480678,subduction_intraslab
C200503191423A,2005-03-19T14:23:31,-71.87,-27.93,29.2,5.0,mw,357.0,28.0,93.0,174.0,62.0,89.0,73.0,80.0,1.0,175.0,17.0,265.0,2.11e+16,620000000000000.0,-2.17e+16,1719999999999999.8,-1.39e+16,1719999999999999.8,gcmt,,subduction_intraslab
7483608,2005-03-21T16:51:33,-71.302,-27.895,46.2,5.25,mw,83.0,50.0,162.0,185.0,76.0,41.0,20.136240653755063,52.17917217749465,49.89169522421029,167.98362798438438,32.993467642125324,308.4073469445158,0.37,-0.08,-0.28,-0.06,-0.51,-0.77,gem,,subduction_intraslab
C200509111831A,2005-09-11T18:31:30,-73.55,-36.7,35.0,4.9,mwc,80.0,27.0,104.0,244.0,64.0,83.0,70.0,139.0,6.0,247.0,19.0,339.0,2.53e+16,-2.43e+16,-1010000000000000.0,-1.75e+16,-1.03e+16,-8800000000000000.0,us,,subduction_intraslab
200512141052A,2005-12-14T10:52:00,-72.05,-31.22,58.0,5.3,mw,266.0,24.0,-18.0,12.0,83.0,-113.0,34.0,122.0,23.0,15.0,47.0,258.0,-2.71e+16,2.28e+16,4300000000000000.0,-1.25e+16,-9.82e+16,4.31e+16,gmt,gcmt:C200512141052A;gcmt:C200512141052A;us:C200512141052A;gem:7996748,subduction_intraslab
200512212219A,2005-12-21T22:19:00,-74.43,-42.85,30.0,5.2,mw,333.0,23.0,60.0,185.0,70.0,102.0,63.0,114.0,11.0,1.0,25.0,266.0,4.73,0.46,-5.19,-1.01,-5.87,1.07,gmt,us:C200512212219A;gem:7997138,subduction_intraslab
200512260056A,2005-12-26T00:56:00,-73.74,-39.01,41.0,5.1,mw,4.0,32.0,89.0,185.0,58.0,91.0,77.0,97.0,0.0,5.0,13.0,275.0,5.36,0.25,-5.61,-0.28,-2.74,-0.49,gmt,us:C200512260056A;gem:7997437,subduction_intraslab
C200601210846A,2006-01-21T08:47:02,-71.07,-25.67,34.0,5.0,mw,179.0,42.0,79.0,13.0,49.0,99.0,82.0,340.0,7.0,187.0,4.0,97.0,2.63e+16,-2829999999999999.5,-2.35e+16,4020000000000000.0,2720000000000000.0,-2190000000000000.0,gcmt,,subduction_intraslab
200602101751A,2006-02-10T17:51:00,-71.84,-32.57,42.0,5.2,mw,11.0,32.0,97.0,183.0,59.0,86.0,76.0,81.0,3.0,185.0,14.0,276.0,6.42e+16,8000000000000000.0,-7.22e+16,200000000000000.0,-3.55e+16,-9300000000000000.0,gmt,gcmt:C200602101751A;gcmt:C200602101751A;us:C200602101751A;gem:8085378,subduction_intraslab
C200603270523A,2006-03-27T05:24:04,-69.81,-21.03,67.1,5.2,mw,321.0,66.0,178.0,52.0,88.0,24.0,18.0,279.0,66.0,56.0,16.0,184.0,2500000000000000.0,-7.78e+16,7.53e+16,2.64e+16,2.38e+16,1.7299999999999998e+16,gcmt,gem:10611488,subduction_intraslab
C200604092050A,2006-04-09T20:50:51,-70.73,-20.46,39.0,5.8,mw,49.0,30.0,106.0,211.0,61.0,81.0,73.0,100.0,8.0,216.0,15.0,308.0,4.18e+17,-1.7e+17,-2.48e+17,-1.05e+17,-2.41e+17,-2.28e+17,gcmt,gem:8228992,subduction_intraslab
200604151442A,2006-04-15T14:42:00,-72.33,-31.18,28.0,5.2,mw,1.0,22.0,93.0,179.0,68.0,89.0,67.0,87.0,1.0,179.0,23.0,269.0,0.6,0.06,-0.65,0.02,-0.66,0.0,gmt,us:C200604151442A;gem:8320598,subduction_intraslab
C200604172035A,2006-04-17T20:35:00,-72.3,-34.53,31.4,4.9,mwc,1.0,32.0,106.0,162.0,59.0,80.0,74.0,46.0,9.0,167.0,14.0,259.0,2.67e+16,1810000000000000.0,-2.86e+16,7000000000000000.0,-1.35e+16,4930000000000000.0,us,,subduction_intraslab
C200604191749A,2006-04-19T17:49:12,-71.52,-27.08,19.6,5.3,mw,16.0,18.0,111.0,174.0,73.0,83.0,62.0,74.0,6.0,176.0,28.0,270.0,1.96e+17,3.14e+16,-2.27e+17,3.83e+16,-3.04e+17,-1.82e+16,gcmt,gem:8320797,subduction_intraslab
8494393,2006-04-25T05:23:34,-71.305,-27.089,23.1,4.96,mw,177.0,67.0,89.0,360.0,23.0,92.0,44.973666706988894,265.11339163033784,1.3249532536062798,356.4374814023729,44.99569947577103,87.76259009038432,2.44,0.12,-2.56,0.13,-2.48,0.07,gem,,subduction_intraslab
C200604301031A,2006-04-30T10:31:24,-71.59,-27.1,17.6,5.1,mw,350.0,18.0,84.0,176.0,72.0,92.0,63.0,89.0,2.0,356.0,27.0,265.0,5.460000000000001e+16,5300000000000000.0,-5.98e+16,4500000000000000.0,-8.17e+16,7600000000000000.0,gcmt,gem:8321374,subduction_intraslab
8321377,2006-04-30T11:13:59,-71.155,-27.022,25.9,5.33,mw,180.0,71.0,93.0,350.0,20.0,81.0,44.81787492860303,274.82199041011893,3.597355317732403,181.2403958589366,44.95655800598124,87.64139795161316,0.73,0.07,-0.8,-0.01,-0.95,0.07,gem,,subduction_intraslab
C200604302012A,2006-04-30T20:12:25,-71.76,-27.28,22.2,5.6,mw,4.0,23.0,100.0,174.0,68.0,86.0,67.0,76.0,4.0,175.0,23.0,267.0,2.78e+17,9000000000000000.0,-2.86e+17,4.15e+16,-2.82e+17,5400000000000000.0,gcmt,gem:8321401,subduction_intraslab
C200604302125A,2006-04-30T21:25:27,-71.62,-27.05,30.1,5.1,mw,350.0,22.0,80.0,180.0,69.0,94.0,66.0,97.0,4.0,359.0,23.0,267.0,4.42e+17,-6.68e+16,-3.75e+17,-2.38e+16,-4.39e+17,3.4000000000000004e+16,gcmt,gem:8321409,subduction_intraslab
C200604302132A,2006-04-30T21:33:00,-71.77,-27.32,19.7,5.9,mw,352.0,22.0,88.0,173.0,68.0,91.0,67.0,85.0,1.0,353.0,23.0,263.0,5.5e+17,-2.25e+16,-5.28e+17,6.36e+16,-5.77e+17,6.860000000000001e+16,gcmt,gem:8321411,subduction_intraslab
C200604302304A,2006-04-30T23:04:48,-71.61,-27.42,21.8,5.8,mw,357.0,18.0,96.0,171.0,72.0,88.0,63.0,78.0,2.0,171.0,27.0,262.0,3.26e+17,1.65e+16,-3.42e+17,8.11e+16,-4.63e+17,4.02e+16,gcmt,gem:8321426,subduction_intraslab
C200605010135A,2006-05-01T01:35:54,-71.67,-27.26,30.3,5.5,mw,21.0,22.0,115.0,174.0,70.0,80.0,64.0,67.0,9.0,177.0,24.0,271.0,9.27e+16,4000000000000000.0,-9.67e+16,2.07e+16,-1.07e+17,-1.28e+16,gcmt,gem:8321432,subduction_intraslab
C200605010249A,2006-05-01T02:49:44,-71.61,-27.34,23.3,5.0,mw,3.0,22.0,108.0,164.0,69.0,83.0,65.0,61.0,7.0,166.0,24.0,259.0,1.1100000000000002e+17,5400000000000000.0,-1.16e+17,4.27e+16,-1.2e+17,1.54e+16,gcmt,gem:8338270,subduction_intraslab
8338819,2006-05-11T13:48:58,-71.434,-27.484,20.7,5.45,mw,6.0,15.0,94.0,182.0,75.0,89.0,44.98136937055384,90.34728064543305,1.1935819347042609,181.5403454010652,44.99376960383808,272.73392676108585,0.98,0.0,-0.98,-0.06,-1.64,-0.08,gem,,subduction_intraslab
C200605111907A,2006-05-11T19:07:15,-71.9,-27.55,18.1,5.1,mw,339.0,35.0,77.0,175.0,56.0,99.0,77.0,116.0,8.0,350.0,10.0,258.0,2.4e+16,-1430000000000000.0,-2.25e+16,-1660000000000000.0,-9440000000000000.0,5330000000000000.0,gcmt,,subduction_intraslab
200605181826A,2006-05-18T18:26:00,-72.14,-32.34,24.0,5.0,mw,11.0,24.0,109.0,170.0,68.0,82.0,66.0,66.0,7.0,173.0,22.0,266.0,3.29,-0.17,-3.13,0.85,-3.11,-0.07,gmt,us:C200605181826A;gem:8358253,subduction_intraslab
C200605230240A,2006-05-23T02:40:33,-71.72,-27.04,29.0,5.0,mw,9.0,23.0,96.0,182.0,67.0,87.0,68.0,87.0,2.0,183.0,22.0,274.0,1.79e+16,360000000000000.0,-1.82e+16,-120000000000000.0,-1.76e+16,-1680000000000000.0,gcmt,,subduction_intraslab
C200605252048A,2006-05-25T20:48:08,-71.91,-18.41,44.4,5.6,mw,317.0,30.0,65.0,165.0,63.0,103.0,69.0,101.0,12.0,339.0,17.0,245.0,1.58e+17,9900000000000000.0,-1.68e+17,3.1e+16,-1.33e+17,1.21e+17,gcmt,,subduction_intraslab
8531213,2006-07-18T00:31:24,-70.741,-19.75,34.6,5.02,mw,163.0,61.0,90.0,342.0,29.0,89.0,44.99999999999999,253.0,3.180554681463516e-15,163.0,45.00000000000001,73.0,3.66,-0.53,-3.13,0.66,-2.18,0.93,gem,,subduction_intraslab
200607192211A,2006-07-19T22:11:00,-72.24,-32.63,31.0,5.0,mw,336.0,25.0,74.0,174.0,66.0,98.0,68.0,99.0,7.0,351.0,20.0,258.0,3.23,0.14,-3.37,0.12,-2.96,0.95,gmt,us:C200607192211A;gem:8548422,subduction_intraslab
C200608171332A,2006-08-17T13:33:02,-70.02,-23.41,100.1,5.1,mw,268.0,38.0,22.0,161.0,77.0,126.0,46.0,108.0,35.0,331.0,23.0,224.0,2.41e+16,-2.04e+16,-3640000000000000.0,2.14e+16,-4.09e+16,4.730000000000001e+16,gcmt,gem:8619532,subduction_intraslab
C200608312316A,2006-08-31T23:16:42,-70.6,-28.86,80.0,5.1,mwc,167.0,73.0,-13.0,261.0,78.0,-163.0,3.0,33.0,69.0,295.0,20.0,124.0,-0.79,2.34,-1.55,1.21,1.23,-4.72,us,gem:8659537,subduction_intraslab
C200609011552A,2006-09-01T15:52:43,-71.13,-25.57,27.0,5.1,mw,133.0,60.0,19.0,33.0,73.0,149.0,33.0,349.0,55.0,187.0,8.0,85.0,2.21e+16,5.610000000000001e+16,-7.82e+16,3.91e+16,1.9e+16,1.79e+16,gcmt,gem:8659592,subduction_intraslab
C200609110127A,2006-09-11T01:27:35,-71.33,-26.42,45.0,5.0,mw,24.0,32.0,112.0,178.0,60.0,77.0,71.0,57.0,12.0,185.0,14.0,278.0,2.2e+16,-470000000000000.0,-2.15e+16,3720000000000000.0,-1.28e+16,-4300000000000000.0,gcmt,,subduction_intraslab
200610121805A,2006-10-12T18:05:00,-72.03,-31.48,37.0,6.4,mw,3.0,26.0,96.0,176.0,65.0,87.0,45.00000000000001,265.0,8.74652537402467e-15,355.0,45.00000000000001,85.0,3.22e+18,2.21e+17,-3.44e+18,2.8100000000000003e+17,-2.68e+18,6.6e+16,gmt,gcmt:C200610121805A;gcmt:C200610121805A;us:pde20061012180556570_31;neic:11122081;gem:11122081,subduction_intraslab
200610131612A,2006-10-13T16:12:00,-72.02,-31.55,39.0,5.3,mw,360.0,26.0,95.0,174.0,64.0,88.0,70.0,79.0,2.0,175.0,19.0,266.0,7.79e+16,9800000000000000.0,-8.77e+16,8500000000000002.0,-6.62e+16,6000000000000000.0,gmt,gcmt:C200610131612A;gcmt:C200610131612A;us:C200610131612A;gem:8823003,subduction_intraslab
200610160133A,2006-10-16T01:33:00,-71.76,-30.32,43.0,5.5,mw,8.0,38.0,113.0,160.0,56.0,73.0,73.0,25.0,14.0,170.0,9.0,262.0,1.98e+17,1.13e+16,-2.09e+17,6e+16,-6.12e+16,2.33e+16,gmt,gcmt:C200610160133A;gcmt:C200610160133A;us:C200610160133A;gem:8823107,subduction_intraslab
C200610222329A,2006-10-22T23:29:15,-71.23,-25.85,28.3,5.1,mw,4.0,19.0,112.0,161.0,73.0,83.0,62.0,60.0,7.0,163.0,27.0,257.0,9.19e+16,1.14e+16,-1.03e+17,4.95e+16,-1.29e+17,1.7399999999999998e+16,gcmt,gem:8823455,subduction_intraslab
C200611061451A,2006-11-06T14:51:40,-70.99,-26.63,74.9,5.4,mw,130.0,21.0,-102.0,323.0,69.0,-85.0,24.0,50.0,4.0,142.0,65.0,241.0,-5.85e+16,3.23e+16,2.62e+16,2.73e+16,-4.49e+16,-4090000000000000.0,gcmt,gem:8860294,subduction_intraslab
C200702071854A,2007-02-07T18:55:02,-71.28,-17.92,80.9,5.5,mw,186.0,16.0,-42.0,316.0,79.0,-102.0,33.0,57.0,12.0,319.0,54.0,211.0,-8.26e+16,-7800000000000000.0,9.04e+16,1.48e+17,-1.3999999999999998e+17,-3.57e+16,gcmt,gem:11498077,subduction_intraslab
C200702141421A,2007-02-14T14:21:53,-70.27,-19.74,101.5,5.6,mw,150.0,29.0,-133.0,17.0,70.0,-70.0,22.0,92.0,19.0,190.0,60.0,317.0,-7.13e+16,-4.1e+16,1.1200000000000002e+17,-3e+16,-8.73e+16,-6100000000000000.0,gcmt,gem:11502559,subduction_intraslab
200703021307A,2007-03-02T13:07:00,-71.64,-30.93,55.0,5.4,mw,7.0,35.0,100.0,176.0,55.0,83.0,79.0,61.0,6.0,179.0,10.0,270.0,1.3700000000000002e+17,2.08e+16,-1.58e+17,1.19e+16,-5.37e+16,-3599999999999999.5,gmt,gcmt:C200703021307A;gcmt:C200703021307A;us:C200703021307A;neic:11689065;gem:11689065,subduction_intraslab
C200703222025A,2007-03-22T20:25:20,-71.2,-28.12,42.2,5.2,mwc,341.0,51.0,49.0,215.0,54.0,129.0,59.0,185.0,31.0,10.0,2.0,279.0,0.52,0.28,-0.79,-0.21,-0.01,-0.16,us,gem:11701902,subduction_intraslab
200703291440A,2007-03-29T14:40:00,-72.16,-31.63,27.0,5.6,mw,12.0,19.0,91.0,191.0,71.0,90.0,64.0,101.0,0.0,191.0,26.0,281.0,1.89e+17,2.27e+16,-2.12e+17,-4.94e+16,-2.54e+17,-4.88e+16,gmt,gcmt:C200703291440A;gcmt:C200703291440A;us:C200703291440A;gem:11708496,subduction_intraslab
200703291832A,2007-03-29T18:32:00,-72.23,-31.72,32.0,5.0,mw,347.0,31.0,85.0,172.0,59.0,93.0,76.0,90.0,2.0,351.0,14.0,260.0,3.43e+16,1230000000000000.0,-3.55e+16,1729999999999999.8,-1.88e+16,6960000000000000.0,gmt,gcmt:C200703291832A;gcmt:C200703291832A;us:C200703291832A;gem:11708660,subduction_intraslab
200704220605A,2007-04-22T06:05:00,-72.34,-31.59,28.0,5.1,mw,348.0,28.0,61.0,201.0,66.0,105.0,66.0,137.0,13.0,15.0,19.0,280.0,3.47,0.56,-4.03,-1.5,-2.79,-0.45,gmt,us:C200704220605A;gem:11931569,subduction_intraslab
200706210954A,2007-06-21T09:54:00,-71.42,-31.79,54.0,5.1,mw,359.0,32.0,94.0,174.0,58.0,88.0,77.0,77.0,2.0,175.0,13.0,266.0,4.43e+16,1560000000000000.0,-4.59e+16,3270000000000000.0,-2.19e+16,2970000000000000.0,gmt,gcmt:C200706210954A;gcmt:C200706210954A;us:C200706210954A;gem:12684855,subduction_intraslab
200706281925A,2007-06-28T19:25:00,-71.63,-32.08,80.0,5.6,mw,198.0,15.0,-73.0,0.0,75.0,-95.0,30.0,94.0,4.0,1.0,60.0,264.0,-1.91e+17,2.64e+16,1.64e+17,9300000000000000.0,-3.14e+17,2.8000000000000004e+16,gmt,gcmt:C200706281925A;gcmt:C200706281925A;us:C200706281925A;neic:12690583;gem:12690583,subduction_intraslab
200710201956A,2007-10-20T19:56:00,-73.51,-36.5,41.0,5.2,mw,13.0,23.0,104.0,177.0,67.0,84.0,67.0,76.0,6.0,179.0,22.0,272.0,5.18e+16,1.01e+16,-6.18e+16,4670000000000000.0,-5.56e+16,-4780000000000000.0,gmt,gcmt:C200710201956A;gcmt:C200710201956A;us:C200710201956A;gem:13246181,subduction_intraslab
C200711141540A,2007-11-14T15:41:11,-70.62,-22.64,37.6,7.7,mw,358.0,20.0,98.0,170.0,71.0,87.0,64.0,75.0,3.0,171.0,25.0,262.0,2.96e+20,4.200000000000001e+18,-3e+20,7.35e+19,-3.63e+20,3.3700000000000004e+19,gcmt,gem:13266131,subduction_intraslab
C200711151114A,2007-11-15T11:14:56,-71.12,-23.03,19.8,5.0,mw,339.0,22.0,81.0,170.0,68.0,94.0,66.0,86.0,4.0,348.0,23.0,257.0,6.850000000000001e+16,-9200000000000000.0,-5.92e+16,9900000000000000.0,-6.909999999999999e+16,1.57e+16,gcmt,gem:13266691,subduction_intraslab
C200711151503A,2007-11-15T15:03:14,-71.01,-22.99,35.8,6.1,mw,5.0,21.0,106.0,168.0,70.0,84.0,65.0,68.0,6.0,170.0,25.0,263.0,2.36e+18,4.15e+17,-2.77e+18,7.11e+17,-2.91e+18,2.57e+17,gcmt,gem:13266835,subduction_intraslab
C200711160842A,2007-11-16T08:42:44,-70.79,-22.89,26.4,5.1,mw,7.0,19.0,111.0,165.0,72.0,83.0,62.0,65.0,7.0,167.0,27.0,261.0,1.34e+17,1000000000000000.0,-1.3500000000000002e+17,5.600000000000001e+16,-1.77e+17,8500000000000002.0,gcmt,gem:13267348,subduction_intraslab
C200711161434A,2007-11-16T14:34:10,-70.88,-23.16,29.6,5.0,mw,353.0,21.0,81.0,182.0,69.0,93.0,66.0,98.0,3.0,1.0,24.0,270.0,4.68e+16,1990000000000000.0,-4.88e+16,-3449999999999999.5,-5.41e+16,1950000000000000.0,gcmt,gem:13267582,subduction_intraslab
C200711171813A,2007-11-17T18:13:19,-70.9,-23.03,23.6,5.2,mw,357.0,28.0,53.0,217.0,68.0,107.0,63.0,154.0,16.0,30.0,21.0,294.0,6.09e+16,-1700000000000000.0,-5.92e+16,-4.68e+16,-4.1e+16,-1.65e+16,gcmt,gem:13268465,subduction_intraslab
C200711180702A,2007-11-18T07:02:42,-69.9,-19.12,98.4,5.3,mw,246.0,44.0,-17.0,349.0,78.0,-133.0,21.0,110.0,42.0,359.0,41.0,219.0,-2.94e+16,-2.49e+16,5.43e+16,2.58e+16,-6.32e+16,5.620000000000001e+16,gcmt,gem:13268889,subduction_intraslab
C200711201644A,2007-11-20T16:44:34,-70.95,-23.11,32.3,5.0,mw,360.0,24.0,91.0,179.0,66.0,90.0,69.0,89.0,0.0,179.0,21.0,269.0,9.91e+16,1e+16,-1.09e+17,1700000000000000.0,-9.67e+16,1200000000000000.0,gcmt,gem:13270598,subduction_intraslab
C200711260614A,2007-11-26T06:14:58,-70.52,-22.56,36.9,5.0,mw,39.0,25.0,126.0,180.0,70.0,74.0,62.0,66.0,15.0,185.0,23.0,282.0,3.12e+16,-4270000000000000.0,-2.7e+16,6220000000000000.0,-3.4900000000000004e+16,-1.1200000000000002e+16,gcmt,gem:13274503,subduction_intraslab
C200712130535A,2007-12-13T05:35:28,-70.93,-23.13,25.0,5.3,mw,354.0,17.0,88.0,176.0,73.0,91.0,62.0,87.0,0.0,356.0,28.0,266.0,8.81e+16,-1100000000000000.0,-8.7e+16,8400000000000002.0,-1.28e+17,7300000000000000.0,gcmt,gem:13288569,subduction_intraslab
200712151822A,2007-12-15T18:22:00,-72.02,-32.81,33.0,5.9,mw,359.0,21.0,89.0,179.0,69.0,90.0,66.0,90.0,0.0,359.0,24.0,269.0,5.4700000000000006e+17,8.8e+16,-6.35e+17,7000000000000000.0,-6.59e+17,1.2e+16,gmt,gcmt:C200712151822A;gcmt:C200712151822A;us:C200712151822A;neic:13290204;gem:13290204,subduction_intraslab
C200802041701A,2008-02-04T17:01:36,-70.76,-20.27,46.1,6.3,mw,1.0,27.0,107.0,162.0,64.0,81.0,69.0,54.0,8.0,166.0,19.0,258.0,2.86e+18,4.37e+17,-3.3e+18,9.29e+17,-2.29e+18,6.49e+17,gcmt,gem:12942184,subduction_intraslab
C200803011951A,2008-03-01T19:52:05,-70.76,-20.51,50.8,5.7,mw,357.0,29.0,102.0,163.0,62.0,83.0,72.0,58.0,6.0,166.0,17.0,258.0,2.57e+17,6.25e+16,-3.19e+17,6.47e+16,-1.86e+17,7.77e+16,gcmt,gem:13478593,subduction_intraslab
200803290134A,2008-03-29T01:34:00,-74.58,-43.2,42.0,5.1,mw,5.0,32.0,90.0,184.0,58.0,90.0,77.0,94.0,0.0,184.0,13.0,274.0,5.34,-0.88,-4.45,-0.17,-2.46,-0.28,gmt,us:C200803290134A;gem:13498986,subduction_intraslab
C200804170757A,2008-04-17T07:57:21,-71.3,-19.9,23.0,5.1,mw,328.0,33.0,70.0,171.0,59.0,102.0,73.0,111.0,10.0,345.0,14.0,252.0,4.75e+16,-920000000000000.0,-4.66e+16,-859999999999999.9,-2.76e+16,1.89e+16,gcmt,gem:10896929,subduction_intraslab
C200810300132A,2008-10-30T01:32:47,-70.89,-23.86,41.0,5.7,mw,10.0,30.0,85.0,196.0,60.0,93.0,75.0,115.0,3.0,15.0,15.0,284.0,7.99e+16,1.89e+16,-9.88e+16,-1.65e+16,-5.22e+16,-3.09e+16,gcmt,gem:11379079,subduction_intraslab
200811232119A,2008-11-23T21:19:00,-73.36,-36.38,38.0,5.3,mw,11.0,22.0,111.0,169.0,69.0,82.0,65.0,65.0,8.0,172.0,24.0,265.0,6.56e+16,1.36e+16,-7.93e+16,1.81e+16,-7.7e+16,2100000000000000.0,gmt,gcmt:C200811232119A;gcmt:C200811232119A;us:C200811232119A;neic:11473311;gem:11473311,subduction_intraslab
20081216220525,2008-12-16T22:05:28,-71.85,-29.91,63.4,5.1,mwc,290.0,29.0,-1.0,21.0,90.0,-119.0,38.0,136.0,29.0,21.0,39.0,265.0,-1400000000000000.0,1.99e+16,-1.86e+16,-1.4e+16,-4.6e+16,1.79e+16,us,gem:12077821,subduction_intraslab
200812190730A,2008-12-19T07:30:00,-72.24,-32.66,22.0,5.4,mw,359.0,20.0,90.0,179.0,70.0,90.0,65.0,89.0,0.0,179.0,25.0,269.0,9.47e+16,6400000000000000.0,-1.01e+17,1500000000000000.0,-1.17e+17,1200000000000000.0,gmt,gcmt:C200812190730A;gcmt:C200812190730A;us:C200812190730A;gem:11513607,subduction_intraslab
200812191648A,2008-12-19T16:48:00,-72.25,-32.6,29.0,5.2,mw,351.0,23.0,82.0,180.0,67.0,93.0,68.0,96.0,3.0,358.0,22.0,267.0,4.93,0.57,-5.5,-0.08,-4.97,0.43,gmt,us:C200812191648A;gem:11513635,subduction_intraslab
C200902060258A,2009-02-06T02:58:36,-71.62,-28.16,59.1,5.5,mw,154.0,23.0,-107.0,352.0,68.0,-83.0,23.0,77.0,7.0,169.0,66.0,275.0,-8.29e+16,1.7100000000000002e+16,6.59e+16,3300000000000000.0,-7.96e+16,-1.93e+16,gcmt,gem:11667352,subduction_intraslab
C200904170208A,2009-04-17T02:08:15,-71.1,-19.72,31.9,6.1,mw,355.0,24.0,102.0,161.0,67.0,85.0,68.0,61.0,5.0,164.0,21.0,256.0,1.09e+18,1.03e+17,-1.2e+18,3.9e+17,-1.03e+18,3.07e+17,gcmt,gem:14413616,subduction_intraslab
C200905171235A,2009-05-17T12:35:25,-70.24,-27.39,101.7,5.2,mw,356.0,29.0,-79.0,163.0,62.0,-96.0,16.0,258.0,5.0,166.0,73.0,58.0,-7.62e+16,1.79e+16,5.83e+16,-1.92e+16,4.01e+16,-5800000000000000.0,gcmt,gem:12828761,subduction_intraslab
C200905250510A,2009-05-25T05:10:13,-71.32,-28.52,48.8,5.3,mwc,192.0,20.0,-84.0,5.0,70.0,-92.0,25.0,97.0,2.0,6.0,65.0,271.0,-6.989999999999999e+16,1.07e+16,5.92e+16,-5300000000000000.0,-7.72e+16,8300000000000000.0,us,gem:12861955,subduction_intraslab
C200906132010A,2009-06-13T20:10:57,-71.08,-17.67,95.4,5.1,mw,237.0,25.0,12.0,135.0,85.0,115.0,45.0,70.0,25.0,313.0,35.0,204.0,1.31e+16,-4.2e+16,2.88e+16,5.2e+16,-5.42e+16,1e+16,gcmt,gem:13066704,subduction_intraslab
200906132122A,2009-06-13T21:22:00,-71.99,-30.8,34.0,5.0,mw,352.0,29.0,88.0,175.0,61.0,91.0,74.0,89.0,1.0,355.0,16.0,264.0,3.77e+16,4630000000000000.0,-4.230000000000001e+16,1690000000000000.0,-2.47e+16,5070000000000000.0,gmt,gcmt:C200906132122A;gcmt:C200906132122A;us:C200906132122A;gem:13066708,subduction_intraslab
C200907071646A,2009-07-07T16:46:15,-71.13,-29.36,48.9,5.4,mwc,260.0,50.0,-174.0,165.0,85.0,-40.0,23.0,219.0,50.0,340.0,31.0,115.0,-1.32e+16,5.91e+16,-4.59e+16,-7900000000000000.0,9.98e+16,-1.05e+17,us,gem:13361362,subduction_intraslab
200907121443A,2009-07-12T14:43:00,-71.58,-30.71,66.0,5.2,mw,360.0,32.0,99.0,169.0,58.0,84.0,76.0,63.0,5.0,172.0,13.0,263.0,5.77,1.16,-6.92,0.79,-3.06,0.83,gmt,us:C200907121443A;gem:13375951,subduction_intraslab
200909251547A,2009-09-25T15:47:00,-71.9,-32.26,42.0,5.1,mw,277.0,58.0,15.0,180.0,78.0,147.0,32.0,134.0,55.0,341.0,13.0,232.0,1.3e+16,-810000000000000.0,-1.22e+16,-7460000000000000.0,-2.54e+16,4.32e+16,gmt,gcmt:C200909251547A;gcmt:C200909251547A;us:C200909251547A;gem:13795340,subduction_intraslab
C200911040135A,2009-11-04T01:35:50,-70.95,-25.75,55.9,5.1,mw,32.0,38.0,128.0,167.0,61.0,64.0,64.0,32.0,23.0,180.0,12.0,275.0,4.019999999999999e+16,1.56e+16,-5.58e+16,1.23e+16,-2.37e+16,-9960000000000000.0,gcmt,gem:13910559,subduction_intraslab
C200911130306A,2009-11-13T03:06:04,-71.01,-19.6,36.2,6.5,mw,342.0,24.0,92.0,160.0,66.0,89.0,69.0,69.0,1.0,160.0,21.0,251.0,5.28e+18,-1.2e+17,-5.16e+18,1.78e+18,-4.82e+18,2e+18,gcmt,gem:14398202,subduction_intraslab
C200911161834A,2009-11-16T18:34:29,-71.04,-19.7,40.4,5.4,mw,344.0,30.0,90.0,163.0,60.0,90.0,75.0,73.0,0.0,163.0,15.0,253.0,5.65e+16,3260000000000000.0,-5.97e+16,1.01e+16,-3.33e+16,2.06e+16,gcmt,gem:13940163,subduction_intraslab
C200912280057A,2009-12-28T00:57:20,-70.7,-22.59,42.9,5.2,mw,1.0,26.0,106.0,163.0,65.0,82.0,69.0,58.0,7.0,166.0,20.0,259.0,6.22e+16,1.04e+16,-7.26e+16,1.97e+16,-5.520000000000001e+16,1.33e+16,gcmt,gem:14203983,subduction_intraslab
200912291147A,2009-12-29T11:47:00,-73.39,-36.78,43.0,5.1,mw,1.0,21.0,95.0,175.0,69.0,88.0,66.0,82.0,2.0,176.0,24.0,267.0,3.37e+16,1850000000000000.0,-3.55e+16,3600000000000000.0,-3.76e+16,1250000000000000.0,gmt,gcmt:C200912291147A;gcmt:C200912291147A;us:C200912291147A;gem:14209504,subduction_intraslab
C201001300550A,2010-01-30T05:50:09,-70.7,-28.23,57.4,5.3,mwc,17.0,31.0,107.0,177.0,60.0,80.0,73.0,63.0,9.0,182.0,15.0,274.0,8.63e+16,1.9e+16,-1.05e+17,8100000000000000.0,-5.550000000000001e+16,-1.31e+16,us,neic:14265217;gem:14265217,subduction_intraslab
201002271900A,2010-02-27T19:00:00,-72.29,-33.62,24.0,6.2,mw,3.0,27.0,97.0,175.0,64.0,86.0,71.0,77.0,3.0,177.0,19.0,268.0,2.42e+18,-3.43e+17,-2.08e+18,2.61e+17,-1.7e+18,8999999999999998.0,gmt,gcmt:C201002271900A;gcmt:C201002271900A;us:C201002271900A;neic:14357795;gem:14357795,subduction_intraslab
201002272302A,2010-02-27T23:02:00,-73.33,-37.94,53.0,5.9,mw,349.0,27.0,90.0,169.0,63.0,90.0,72.0,79.0,0.0,349.0,18.0,259.0,7.05e+17,-1.22e+17,-5.83e+17,9.1e+16,-4.6e+17,9.5e+16,gmt,gcmt:C201002272302A;gcmt:C201002272302A;us:C201002272302A;neic:14342117;gem:14342117,subduction_intraslab
201002280108A,2010-02-28T01:08:00,-72.46,-34.25,31.0,5.9,mw,13.0,24.0,95.0,187.0,66.0,88.0,69.0,93.0,2.0,188.0,21.0,279.0,7.36e+17,-5.7e+16,-6.79e+17,-6.5e+16,-6.53e+17,-1.17e+17,gmt,gcmt:C201002280108A;gcmt:C201002280108A;us:C201002280108A;neic:14342120;gem:14342120,subduction_intraslab
201002281125A,2010-02-28T11:25:00,-72.05,-35.11,53.0,6.2,mw,17.0,25.0,113.0,171.0,67.0,80.0,66.0,63.0,10.0,175.0,22.0,269.0,1.65e+18,1.95e+17,-1.84e+18,3.93e+17,-1.64e+18,-1.13e+17,gmt,gcmt:C201002281125A;gcmt:C201002281125A;us:C201002281125A;neic:17273456;gem:17273456,subduction_intraslab
201003010110A,2010-03-01T01:10:00,-72.33,-35.4,58.0,5.2,mw,34.0,33.0,130.0,169.0,65.0,67.0,63.0,43.0,20.0,179.0,17.0,276.0,5.05e+16,2.2e+16,-7.25e+16,1.34e+16,-4.46e+16,-1.48e+16,gmt,gcmt:C201003010110A;gcmt:C201003010110A;us:C201003010110A;gem:14342530,subduction_intraslab
201003011552A,2010-03-01T15:52:00,-73.91,-36.83,27.0,5.1,mw,13.0,27.0,104.0,177.0,64.0,83.0,70.0,73.0,6.0,180.0,19.0,272.0,4.05,-0.05,-4.0,0.43,-3.18,-0.35,gmt,us:C201003011552A;gem:14344174,subduction_intraslab
201003011656A,2010-03-01T16:56:00,-72.7,-36.4,68.0,5.0,mw,43.0,35.0,125.0,182.0,62.0,68.0,66.0,53.0,19.0,193.0,15.0,288.0,2.5e+16,2650000000000000.0,-2.77e+16,3140000000000000.0,-1.8e+16,-1.39e+16,gmt,gcmt:C201003011656A;gcmt:C201003011656A;us:C201003011656A;gem:14344176,subduction_intraslab
201003021407A,2010-03-02T14:07:00,-74.43,-39.72,35.0,5.1,mw,16.0,28.0,112.0,172.0,64.0,79.0,69.0,59.0,10.0,177.0,18.0,270.0,4.61,-0.36,-4.25,1.11,-3.24,-0.39,gmt,us:C201003021407A;gem:14344975,subduction_intraslab
201003022144A,2010-03-02T21:44:00,-73.85,-36.61,37.0,5.0,mw,44.0,26.0,115.0,196.0,67.0,79.0,66.0,86.0,11.0,201.0,21.0,295.0,3.54,-1.07,-2.46,-0.42,-3.25,-1.4,gmt,us:C201003022144A;gem:14411374,subduction_intraslab
201003030442A,2010-03-03T04:42:00,-74.27,-37.4,21.0,5.1,mw,13.0,26.0,105.0,176.0,65.0,83.0,69.0,72.0,6.0,179.0,20.0,272.0,4.24,-0.73,-3.51,0.61,-3.19,-0.33,gmt,us:C201003030442A;gem:14411377,subduction_intraslab
201003030616A,2010-03-03T06:16:00,-72.44,-33.81,23.0,5.2,mw,10.0,22.0,99.0,180.0,68.0,86.0,67.0,83.0,4.0,181.0,23.0,272.0,5.15,0.29,-5.44,0.21,-5.43,-0.43,gmt,us:C201003030616A;gem:14345113,subduction_intraslab
201003050736A,2010-03-05T07:36:00,-73.41,-35.35,36.0,5.1,mw,266.0,50.0,-3.0,358.0,88.0,-140.0,25.0,125.0,50.0,1.0,29.0,230.0,-6370000000000000.0,-3870000000000000.0,1.02e+16,-4300000000000000.0,-3.38e+16,4.1e+16,gmt,gcmt:C201003050736A;gcmt:C201003050736A;us:C201003050736A;gem:14367069,subduction_intraslab
201003070446A,2010-03-07T04:46:00,-72.18,-33.14,29.0,5.1,mw,7.0,26.0,92.0,185.0,64.0,89.0,71.0,92.0,1.0,185.0,19.0,275.0,4.3e+16,-1390000000000000.0,-4.17e+16,-2080000000000000.0,-3.31e+16,-4210000000000000.0,gmt,gcmt:C201003070446A;gcmt:C201003070446A;us:C201003070446A;gem:14371822,subduction_intraslab
201003071836A,2010-03-07T18:36:00,-72.22,-34.65,47.0,5.3,mw,24.0,27.0,114.0,177.0,65.0,78.0,67.0,64.0,11.0,182.0,19.0,276.0,7.07e+16,1.61e+16,-8.68e+16,8400000000000002.0,-6.58e+16,-1.62e+16,gmt,gcmt:C201003071836A;gcmt:C201003071836A;us:C201003071836A;gem:14371839,subduction_intraslab
201003072200A,2010-03-07T22:00:00,-72.18,-34.01,34.0,5.2,mw,26.0,42.0,113.0,176.0,52.0,71.0,74.0,29.0,15.0,189.0,5.0,280.0,6.21e+16,9780000000000000.0,-7.18e+16,1.23e+16,-1.54e+16,-1.66e+16,gmt,gcmt:C201003072200A;gcmt:C201003072200A;us:C201003072200A;gem:14372360,subduction_intraslab
201003072346A,2010-03-07T23:46:00,-73.36,-36.17,29.0,5.1,mw,26.0,21.0,-119.0,237.0,72.0,-80.0,26.0,319.0,10.0,54.0,62.0,162.0,-2.82e+16,1.24e+16,1.58e+16,3.48e+16,1.98e+16,1.76e+16,gmt,gcmt:C201003072346A;gcmt:C201003072346A;us:C201003072346A;gem:14373452,subduction_intraslab
201003092210A,2010-03-09T22:10:00,-72.83,-33.88,20.0,5.1,mw,358.0,22.0,76.0,193.0,69.0,96.0,66.0,113.0,5.0,11.0,23.0,279.0,3.84e+16,-550000000000000.0,-3.78e+16,-1.15e+16,-3.95e+16,-3610000000000000.0,gmt,gcmt:C201003092210A;gcmt:C201003092210A;us:20100309221041;gem:14398343,subduction_intraslab
201003100241A,2010-03-10T02:41:00,-73.13,-37.07,48.0,5.2,mw,19.0,32.0,107.0,178.0,60.0,80.0,73.0,62.0,9.0,184.0,14.0,276.0,6.2e+16,4680000000000000.0,-6.67e+16,6870000000000001.0,-3.63e+16,-1.04e+16,gmt,gcmt:C201003100241A;gcmt:C201003100241A;us:C201003100241A;gem:14400657,subduction_intraslab
201003112234A,2010-03-11T22:34:00,-74.11,-37.85,22.0,5.3,mw,351.0,20.0,82.0,180.0,70.0,93.0,65.0,95.0,3.0,359.0,25.0,267.0,7.95e+16,-8599999999999998.0,-7.09e+16,-2200000000000000.0,-8.91e+16,5900000000000000.0,gmt,gcmt:C201003112234A;gcmt:C201003112234A;us:C201003112234A;gem:14402149,subduction_intraslab
201003130315A,2010-03-13T03:15:00,-74.02,-36.69,31.0,5.3,mw,2.0,23.0,88.0,183.0,67.0,91.0,68.0,95.0,1.0,3.0,22.0,273.0,8.29e+16,-8000000000000000.0,-7.49e+16,-5400000000000000.0,-7.64e+16,-2800000000000000.0,gmt,gcmt:C201003130315A;gcmt:C201003130315A;us:C201003130315A;gem:14405386,subduction_intraslab
201003130319A,2010-03-13T03:19:00,-73.77,-36.77,24.0,5.4,mw,10.0,19.0,102.0,177.0,72.0,86.0,63.0,81.0,4.0,178.0,27.0,270.0,1.02e+17,-9100000000000000.0,-9.29e+16,1.16e+16,-1.32e+17,-6500000000000000.0,gmt,gcmt:C201003130319A;gcmt:C201003130319A;us:C201003130319A;gem:14406570,subduction_intraslab
201003171829A,2010-03-17T18:29:00,-73.56,-35.47,20.0,5.1,mw,27.0,24.0,106.0,190.0,67.0,83.0,67.0,88.0,6.0,193.0,22.0,286.0,4.03,-0.26,-3.77,-0.47,-3.97,-1.34,gmt,us:C201003171829A;gem:14522579,subduction_intraslab
201003180318A,2010-03-18T03:18:00,-72.42,-34.49,31.0,5.1,mw,35.0,21.0,-54.0,177.0,73.0,-103.0,27.0,277.0,12.0,181.0,60.0,69.0,-3.44e+16,6860000000000001.0,2.75e+16,-8330000000000000.0,4.51e+16,1.01e+16,gmt,gcmt:C201003180318A;gcmt:C201003180318A;us:C201003180318A;gem:14411414,subduction_intraslab
201003190255A,2010-03-19T02:55:00,-72.65,-33.63,17.0,5.2,mw,13.0,18.0,99.0,184.0,72.0,87.0,63.0,89.0,3.0,184.0,27.0,276.0,4.43,-0.28,-4.15,-0.22,-5.87,-0.61,gmt,us:C201003190255A;gem:14414561,subduction_intraslab
C201003261452A,2010-03-26T14:52:11,-71.31,-28.11,41.4,6.3,mw,176.0,38.0,70.0,21.0,54.0,105.0,75.0,336.0,12.0,192.0,8.0,100.0,1.59e+18,9.4e+16,-1.69e+18,4.2e+17,4.26e+17,-2.8100000000000003e+17,gcmt,neic:14508014;gem:14508014,subduction_intraslab
201003290735A,2010-03-29T07:35:00,-72.01,-34.92,53.0,5.3,mw,36.0,29.0,127.0,175.0,67.0,71.0,63.0,54.0,17.0,182.0,20.0,279.0,6.979999999999999e+16,1.62e+16,-8.6e+16,1.49e+16,-6.969999999999999e+16,-2.57e+16,gmt,gcmt:C201003290735A;gcmt:C201003290735A;us:C201003290735A;neic:14512790;gem:14512790,subduction_intraslab
C201004101506A,2010-04-10T15:06:37,-71.1,-25.75,75.2,5.5,mw,237.0,25.0,-15.0,341.0,84.0,-114.0,35.0,91.0,24.0,343.0,46.0,226.0,-3.4200000000000004e+16,-6.11e+16,9.53e+16,5.93e+16,-1.76e+17,4.59e+16,gcmt,gem:14565431,subduction_intraslab
201004180252A,2010-04-18T02:52:00,-74.22,-37.28,22.0,5.1,mw,348.0,33.0,74.0,187.0,59.0,100.0,74.0,123.0,8.0,2.0,13.0,270.0,4.7e+16,-3810000000000000.0,-4.32e+16,-8320000000000000.0,-2.22e+16,2210000000000000.0,gmt,gcmt:C201004180252A;gcmt:C201004180252A;us:C201004180252A;gem:14580158,subduction_intraslab
201004190732A,2010-04-19T07:32:00,-74.24,-37.69,19.0,5.2,mw,353.0,20.0,93.0,170.0,70.0,89.0,65.0,79.0,1.0,171.0,25.0,261.0,4.42e+16,-540000000000000.0,-4.37e+16,9560000000000000.0,-5.32e+16,6510000000000000.0,gmt,gcmt:C201004190732A;gcmt:C201004190732A;us:20100419073248;gem:14592235,subduction_intraslab
201004290756A,2010-04-29T07:56:00,-74.28,-36.97,19.0,5.1,mw,4.0,27.0,92.0,182.0,63.0,89.0,72.0,90.0,1.0,183.0,18.0,273.0,4.4,-0.31,-4.09,-0.08,-3.09,-0.23,gmt,us:C201004290756A;gem:14628538,subduction_intraslab
201005041355A,2010-05-04T13:55:00,-72.48,-34.17,23.0,5.2,mw,25.0,26.0,107.0,187.0,66.0,82.0,69.0,82.0,7.0,190.0,20.0,283.0,5.37,0.32,-5.69,-0.29,-4.95,-1.76,gmt,us:C201005041355A;gem:14680859,subduction_intraslab
C201005060242A,2010-05-06T02:42:53,-71.25,-18.32,52.6,6.2,mw,357.0,37.0,104.0,160.0,54.0,80.0,78.0,33.0,8.0,166.0,9.0,257.0,2.26e+18,2.85e+17,-2.54e+18,4.58e+17,-6.89e+17,6.28e+17,gcmt,gem:14685199,subduction_intraslab
201005090329A,2010-05-09T03:29:00,-72.45,-34.13,23.0,5.0,mw,14.0,22.0,112.0,170.0,70.0,81.0,64.0,66.0,8.0,173.0,24.0,267.0,2.97e+16,1670000000000000.0,-3.14e+16,8129999999999998.0,-3.37e+16,-1020000000000000.0,gmt,gcmt:C201005090329A;gcmt:C201005090329A;us:C201005090329A;gem:14686980,subduction_intraslab
201005132039A,2010-05-13T20:39:00,-72.51,-34.26,30.0,5.2,mw,11.0,27.0,117.0,161.0,67.0,77.0,66.0,49.0,12.0,167.0,21.0,261.0,3.68,3.16,-6.83,1.17,-4.53,1.42,gmt,us:C201005132039A;gem:14711335,subduction_intraslab
201005251309A,2010-05-25T13:09:00,-73.49,-37.83,48.0,5.3,mw,348.0,26.0,99.0,158.0,64.0,86.0,70.0,59.0,4.0,160.0,19.0,252.0,8.76e+16,-1900000000000000.0,-8.57e+16,2.94e+16,-6.55e+16,2.8000000000000004e+16,gmt,gcmt:C201005251309A;gcmt:C201005251309A;us:C201005251309A;gem:14723291,subduction_intraslab
C201006120351A,2010-06-12T03:51:53,-71.35,-28.38,34.3,5.2,mwc,256.0,54.0,143.0,10.0,61.0,43.0,50.0,227.0,40.0,38.0,4.0,132.0,3.84,-1.95,-1.89,-4.23,4.7,-3.71,us,gem:14767863,subduction_intraslab
201006241324A,2010-06-24T13:24:00,-74.16,-37.07,20.0,5.0,mw,12.0,24.0,102.0,178.0,66.0,85.0,68.0,78.0,5.0,180.0,21.0,272.0,3.19e+16,-3730000000000000.0,-2.82e+16,2980000000000000.0,-2.78e+16,-2550000000000000.0,gmt,gcmt:C201006241324A;gcmt:C201006241324A;us:C201006241324A;gem:15107686,subduction_intraslab
201007030005A,2010-07-03T00:05:00,-72.06,-34.63,56.0,5.1,mw,43.0,39.0,124.0,183.0,58.0,66.0,67.0,45.0,20.0,196.0,10.0,290.0,4.86e+16,-4760000000000000.0,-4.39e+16,1.31e+16,-2.5e+16,-2.13e+16,gmt,gcmt:C201007030005A;gcmt:C201007030005A;us:C201007030005A;gem:14835223,subduction_intraslab
C201007170607A,2010-07-17T06:07:47,-70.49,-24.85,57.9,5.5,mw,29.0,24.0,130.0,165.0,72.0,74.0,60.0,52.0,15.0,171.0,25.0,268.0,1.19e+17,3.01e+16,-1.5e+17,5.639999999999999e+16,-1.59e+17,-1.78e+16,gcmt,gem:14994608,subduction_intraslab
C201008030529A,2010-08-03T05:29:24,-70.94,-19.99,28.5,5.0,mw,0.0,30.0,97.0,173.0,60.0,86.0,74.0,73.0,3.0,175.0,15.0,265.0,4.41e+16,850000000000000.0,-4.5e+16,4970000000000000.0,-2.61e+16,2829999999999999.5,gcmt,gem:15075471,subduction_intraslab
201008050627A,2010-08-05T06:27:00,-73.76,-37.57,30.0,5.4,mw,355.0,30.0,86.0,180.0,60.0,92.0,75.0,96.0,2.0,359.0,15.0,268.0,1.54e+17,-1.48e+16,-1.3899999999999998e+17,-3900000000000000.0,-8.65e+16,5800000000000000.0,gmt,gcmt:C201008050627A;gcmt:C201008050627A;us:C201008050627A;gem:15175151,subduction_intraslab
C201008052035A,2010-08-05T20:35:54,-70.91,-20.09,25.2,5.2,mw,354.0,20.0,94.0,170.0,70.0,88.0,65.0,77.0,2.0,170.0,25.0,261.0,4.15e+16,4480000000000000.0,-4.6e+16,9710000000000000.0,-5.08e+16,7520000000000000.0,gcmt,gem:15075842,subduction_intraslab
C201009122108A,2010-09-12T21:08:42,-71.79,-29.43,60.0,5.2,mwc,72.0,64.0,179.0,162.0,89.0,26.0,19.0,30.0,64.0,164.0,17.0,294.0,2.73,3.23,-5.97,-0.97,-3.86,-5.42,us,gem:15182557,subduction_intraslab
201009231636A,2010-09-23T16:36:00,-72.13,-35.05,53.0,5.4,mw,19.0,30.0,113.0,173.0,63.0,78.0,70.0,58.0,11.0,179.0,17.0,273.0,1.05e+17,1.32e+16,-1.18e+17,1.97e+16,-7.69e+16,-1.3e+16,gmt,gcmt:C201009231636A;gcmt:C201009231636A;us:C201009231636A;gem:15208116,subduction_intraslab
201009260529A,2010-09-26T05:29:00,-73.14,-40.58,74.0,5.0,mw,126.0,43.0,103.0,289.0,48.0,78.0,81.0,134.0,9.0,297.0,3.0,27.0,3.86e+16,-3.8e+16,-600000000000000.0,-5679999999999999.0,-1780000000000000.0,2.61e+16,gmt,gcmt:C201009260529A;gcmt:C201009260529A;us:C201009260529A;gem:15211719,subduction_intraslab
201009291629A,2010-09-29T16:29:00,-71.75,-34.49,57.0,5.0,mw,62.0,42.0,134.0,190.0,61.0,58.0,60.0,51.0,28.0,206.0,11.0,302.0,3.32,-0.63,-2.69,0.6,-2.2,-2.83,gmt,us:C201009291629A;gem:15214221,subduction_intraslab
201010231057A,2010-10-23T10:57:00,-73.87,-36.77,29.0,5.1,mw,31.0,29.0,110.0,188.0,63.0,79.0,70.0,76.0,10.0,193.0,18.0,286.0,3.89e+16,-1810000000000000.0,-3.71e+16,-550000000000000.0,-2.97e+16,-1.42e+16,gmt,gcmt:C201010231057A;gcmt:C201010231057A;us:C201010231057A;gem:15262062,subduction_intraslab
C201010291411A,2010-10-29T14:11:51,-71.74,-29.45,42.4,5.2,mwc,313.0,31.0,36.0,192.0,72.0,116.0,55.0,135.0,25.0,3.0,23.0,262.0,4.29e+16,1.16e+16,-5.44e+16,-2.33e+16,-5.66e+16,2.38e+16,us,gem:15271161,subduction_intraslab
201010310710A,2010-10-31T07:10:00,-72.39,-33.82,21.0,5.3,mw,4.0,20.0,94.0,180.0,70.0,89.0,65.0,87.0,1.0,180.0,25.0,271.0,6.24e+16,3700000000000000.0,-6.6e+16,1200000000000000.0,-7.72e+16,-1900000000000000.0,gmt,gcmt:C201010310710A;gcmt:C201010310710A;us:pde20101031071040570_29;neic:15272658;gem:15272658,subduction_intraslab
201011100123A,2010-11-10T01:23:00,-73.55,-36.52,29.0,5.0,mw,359.0,33.0,88.0,181.0,57.0,91.0,78.0,95.0,1.0,1.0,12.0,270.0,3.96,-0.08,-3.88,-0.09,-1.75,-0.02,gmt,us:C201011100123A;gem:15620249,subduction_intraslab
201011280819A,2010-11-28T08:19:00,-72.29,-34.58,33.0,5.2,mw,40.0,24.0,-70.0,198.0,68.0,-99.0,22.0,294.0,8.0,201.0,66.0,92.0,-4.31e+16,2680000000000000.0,4.04e+16,1.25e+16,4.62e+16,2.61e+16,gmt,gcmt:C201011280819A;gcmt:C201011280819A;us:C201011280819A;neic:15674988;gem:15674988,subduction_intraslab
201101071405A,2011-01-07T14:05:00,-73.73,-35.72,35.0,5.1,mw,26.0,37.0,90.0,206.0,53.0,90.0,82.0,118.0,0.0,26.0,8.0,296.0,6.92e+16,-2.43e+16,-4.49e+16,-8000000000000000.0,-1.51e+16,-1.33e+16,gmt,gcmt:C201101071405A;gcmt:C201101071405A;us:pde20110107140537000_37;gem:15909683,subduction_intraslab
201101110105A,2011-01-11T01:05:00,-73.79,-35.7,18.0,5.0,mw,29.0,23.0,95.0,204.0,67.0,88.0,68.0,111.0,2.0,205.0,22.0,296.0,2.78e+16,-6000000000000000.0,-2.18e+16,-1.07e+16,-2.51e+16,-1.08e+16,gmt,us:pde20110111010528210_30;gem:15917538,subduction_intraslab
201101172329A,2011-01-17T23:29:00,-71.62,-30.51,90.0,5.0,mw,223.0,19.0,-34.0,345.0,79.0,-106.0,32.0,89.0,16.0,348.0,53.0,236.0,-1.2e+16,-1.11e+16,2.32e+16,8900000000000000.0,-3.71e+16,4700000000000000.0,gmt,gcmt:C201101172329A;gcmt:C201101172329A;us:pde20110117232949000_65;gem:15933577,subduction_intraslab
201101211536A,2011-01-21T15:36:00,-72.48,-34.03,28.0,5.0,mw,347.0,25.0,69.0,190.0,66.0,99.0,67.0,118.0,9.0,6.0,21.0,273.0,2.54e+16,100000000000000.0,-2.55e+16,-6600000000000000.0,-2.24e+16,700000000000000.0,gmt,us:pde20110121153609000_11;gem:15954510,subduction_intraslab
C201102100212A,2011-02-10T02:12:30,-70.62,-27.56,92.9,5.1,mw,341.0,70.0,21.0,244.0,71.0,158.0,29.0,202.0,61.0,24.0,1.0,293.0,2.69e+16,4.23e+16,-6.909999999999999e+16,-2.82e+16,1.03e+16,-5.540000000000001e+16,gcmt,gem:16020158,subduction_intraslab
201102181701A,2011-02-18T17:01:00,-72.37,-33.99,27.0,5.2,mw,14.0,20.0,105.0,178.0,71.0,85.0,64.0,79.0,5.0,180.0,26.0,272.0,5.8e+16,2700000000000000.0,-6.07e+16,5400000000000000.0,-7.39e+16,-6000000000000000.0,gmt,gcmt:C201102181701A;gcmt:C201102181701A;us:pde20110218170058740_10;gem:16168873,subduction_intraslab
201103162236A,2011-03-16T22:36:00,-71.89,-32.57,37.0,5.5,mw,15.0,28.0,105.0,179.0,63.0,83.0,71.0,73.0,7.0,182.0,18.0,275.0,1.69e+17,1.3e+16,-1.82e+17,1.3e+16,-1.29e+17,-2.4e+16,gmt,gcmt:C201103162236A;gcmt:C201103162236A;us:pde20110316223616000_32;gem:16329748,subduction_intraslab
201103171114A,2011-03-17T11:14:00,-72.0,-32.67,35.0,5.2,mw,6.0,28.0,101.0,174.0,62.0,84.0,72.0,70.0,5.0,176.0,17.0,268.0,6.23e+16,7200000000000000.0,-6.95e+16,8000000000000000.0,-4.5e+16,900000000000000.0,gmt,gcmt:C201103171114A;gcmt:C201103171114A;us:pde20110317111424000_13;gem:16331280,subduction_intraslab
C201103201712A,2011-03-20T17:12:30,-70.61,-24.87,56.3,5.0,mw,10.0,29.0,110.0,167.0,63.0,79.0,70.0,55.0,10.0,172.0,18.0,265.0,4.54e+16,3120000000000000.0,-4.86e+16,1.21e+16,-3.21e+16,1750000000000000.0,gcmt,gem:16339599,subduction_intraslab
201103280610A,2011-03-28T06:10:00,-72.08,-34.91,51.0,5.2,mw,29.0,32.0,119.0,176.0,62.0,73.0,68.0,52.0,15.0,184.0,15.0,278.0,5.66e+16,-2100000000000000.0,-5.45e+16,1.42e+16,-3.62e+16,-1.29e+16,gmt,gcmt:C201103280610A;gcmt:C201103280610A;us:pde20110328061042370_46;gem:16364045,subduction_intraslab
201103282357A,2011-03-28T23:57:00,-72.36,-33.69,33.0,5.0,mw,2.0,33.0,96.0,175.0,57.0,86.0,77.0,73.0,3.0,177.0,12.0,268.0,4.27e+16,1300000000000000.0,-4.39e+16,3200000000000000.0,-1.98e+16,1400000000000000.0,gmt,us:pde20110328235747500_11;gem:16375928,subduction_intraslab
201104102024A,2011-04-10T20:24:00,-73.96,-36.17,18.0,5.2,mw,357.0,15.0,83.0,184.0,75.0,92.0,60.0,97.0,2.0,4.0,30.0,273.0,4.52e+16,600000000000000.0,-4.58e+16,-6100000000000000.0,-7.68e+16,-500000000000000.0,gmt,gcmt:C201104102024A;gcmt:C201104102024A;us:pde20110410202422000_23;gem:16416189,subduction_intraslab
201104131514A,2011-04-13T15:14:00,-72.27,-33.78,31.0,5.4,mw,9.0,23.0,100.0,178.0,67.0,86.0,68.0,80.0,4.0,180.0,22.0,272.0,1.15e+17,1.2e+16,-1.27e+17,7000000000000000.0,-1.18e+17,-8000000000000000.0,gmt,gcmt:C201104131514A;gcmt:C201104131514A;us:pde20110413151443030_34;gem:16505360,subduction_intraslab
201104190057A,2011-04-19T00:57:00,-72.48,-33.3,21.0,5.1,mw,355.0,29.0,76.0,191.0,62.0,97.0,72.0,119.0,7.0,7.0,16.0,275.0,4.06e+16,-100000000000000.0,-4.05e+16,-8100000000000000.0,-2.53e+16,-2200000000000000.0,gmt,gcmt:C201104190057A;gcmt:C201104190057A;us:pde20110419005727000_45;gem:16445792,subduction_intraslab
201104190550A,2011-04-19T05:50:00,-72.65,-33.97,21.0,5.1,mw,23.0,24.0,108.0,184.0,67.0,82.0,67.0,79.0,7.0,187.0,22.0,280.0,4.81e+16,-3600000000000000.0,-4.44e+16,1300000000000000.0,-4.58e+16,-1.08e+16,gmt,gcmt:C201104190550A;gcmt:C201104190550A;us:pde20110419055045370_13;gem:16446648,subduction_intraslab
201104270457A,2011-04-27T04:57:00,-72.66,-34.01,20.0,5.1,mw,17.0,21.0,103.0,183.0,70.0,85.0,65.0,86.0,4.0,185.0,25.0,277.0,4.23e+16,-1000000000000000.0,-4.13e+16,-1100000000000000.0,-4.97e+16,-7600000000000000.0,gmt,gcmt:C201104270457A;gcmt:C201104270457A;us:pde20110427045732000_24;neic:16463269;gem:16463269,subduction_intraslab
201105070657A,2011-05-07T06:57:00,-72.82,-33.98,29.0,5.0,mw,17.0,25.0,93.0,194.0,65.0,89.0,70.0,101.0,1.0,194.0,20.0,285.0,2.67e+16,-2900000000000000.0,-2.38e+16,-5000000000000000.0,-2.18e+16,-6200000000000000.0,gmt,gcmt:C201105070657A;gcmt:C201105070657A;us:pde20110507065731000_42;gem:16498411,subduction_intraslab
201105191705A,2011-05-19T17:05:00,-71.95,-34.63,53.0,5.2,mw,19.0,32.0,118.0,167.0,62.0,74.0,68.0,44.0,14.0,175.0,16.0,269.0,5.58e+16,5900000000000000.0,-6.17e+16,1.74e+16,-3.57e+16,-3400000000000000.0,gmt,gcmt:C201105191705A;gcmt:C201105191705A;us:pde20110519170511000_36;gem:16529269,subduction_intraslab
201106011347A,2011-06-01T13:47:00,-74.3,-37.37,27.0,5.4,mw,9.0,23.0,77.0,202.0,68.0,95.0,67.0,122.0,5.0,20.0,22.0,288.0,1.06e+17,-1.5e+16,-9e+16,-4.4e+16,-9e+16,-2.1e+16,gmt,gcmt:C201106011347A;gcmt:C201106011347A;us:pde20110601134729640_28;gem:16553283,subduction_intraslab
201106051025A,2011-06-05T10:25:00,-72.11,-35.01,50.0,5.3,mw,24.0,31.0,118.0,172.0,63.0,74.0,68.0,52.0,14.0,180.0,17.0,274.0,9.8e+16,5000000000000000.0,-1.02e+17,2.5e+16,-6.9e+16,-1.7e+16,gmt,gcmt:C201106051025A;gcmt:C201106051025A;us:pde20110605102515000_32;gem:16557343,subduction_intraslab
201107130201A,2011-07-13T02:01:00,-73.88,-36.33,21.0,5.0,mw,6.0,23.0,93.0,182.0,67.0,89.0,68.0,90.0,1.0,183.0,22.0,273.0,3.27e+16,-2200000000000000.0,-3.05e+16,-900000000000000.0,-3.02e+16,-2100000000000000.0,gmt,us:pde20110713020153000_32;gem:16785945,subduction_intraslab
C201107232245A,2011-07-23T22:45:25,-70.94,-20.12,28.1,5.1,mw,351.0,27.0,90.0,171.0,63.0,90.0,72.0,81.0,0.0,351.0,18.0,261.0,3.38e+16,1520000000000000.0,-3.53e+16,3960000000000000.0,-2.45e+16,6190000000000000.0,gcmt,gem:16884479,subduction_intraslab
C201107240154A,2011-07-24T01:54:26,-70.95,-20.22,23.4,5.0,mw,344.0,27.0,90.0,163.0,63.0,90.0,72.0,73.0,0.0,163.0,18.0,253.0,3.25e+16,-4280000000000000.0,-2.82e+16,6760000000000000.0,-2.23e+16,7790000000000000.0,gcmt,gem:16884480,subduction_intraslab
201108280430A,2011-08-28T04:30:00,-72.38,-33.2,20.0,5.3,mw,7.0,23.0,90.0,187.0,67.0,90.0,68.0,97.0,0.0,7.0,22.0,277.0,9.47e+16,-1000000000000000.0,-9.36e+16,-1.2e+16,-9.37e+16,-1.2e+16,gmt,gcmt:C201108280430A;gcmt:C201108280430A;us:pde20110828043032000_25;gem:17030716,subduction_intraslab
201109071121A,2011-09-07T11:21:00,-72.55,-33.43,19.0,5.2,mw,338.0,24.0,78.0,171.0,66.0,95.0,68.0,91.0,5.0,349.0,21.0,257.0,5.12e+16,-3100000000000000.0,-4.81e+16,4800000000000000.0,-4.64e+16,1.36e+16,gmt,us:pde20110907112150000_19;gem:17215018,subduction_intraslab
201109100317A,2011-09-10T03:17:00,-72.47,-34.1,29.0,5.0,mw,27.0,25.0,112.0,184.0,67.0,80.0,66.0,76.0,9.0,187.0,22.0,281.0,2.75e+16,-600000000000000.0,-2.69e+16,800000000000000.0,-2.72e+16,-7800000000000000.0,gmt,gcmt:C201109100317A;gcmt:C201109100317A;us:pde20110910031705000_23;gem:17218166,subduction_intraslab
C201110301853A,2011-10-30T18:53:50,-71.01,-25.82,34.3,5.8,mw,13.0,26.0,113.0,168.0,66.0,79.0,67.0,58.0,10.0,172.0,20.0,266.0,4.14e+17,5.95e+16,-4.7300000000000006e+17,1.17e+17,-3.75e+17,1700000000000000.0,gcmt,gem:17451578,subduction_intraslab
C201111011758A,2011-11-01T17:58:36,-69.43,-23.84,108.2,5.0,mw,118.0,38.0,-144.0,358.0,69.0,-58.0,18.0,65.0,30.0,165.0,54.0,309.0,-2.35e+16,-3490000000000000.0,2.7e+16,-1780000000000000.0,-2.58e+16,-2.5e+16,gcmt,gem:17465350,subduction_intraslab
C201111050713A,2011-11-05T07:14:00,-70.58,-23.44,36.8,5.7,mw,237.0,26.0,140.0,4.0,74.0,70.0,57.0,248.0,19.0,10.0,26.0,110.0,2.78e+17,-8.56e+16,-1.92e+17,-5.550000000000001e+16,4.07e+17,-1.64e+17,gcmt,gem:17505619,subduction_intraslab
201111081718A,2011-11-08T17:18:00,-72.45,-34.16,29.0,5.3,mw,6.0,22.0,108.0,166.0,69.0,83.0,65.0,65.0,7.0,169.0,24.0,262.0,6.62e+16,8100000000000000.0,-7.43e+16,2.2e+16,-7.65e+16,7100000000000000.0,gmt,gcmt:C201111081718A;gcmt:C201111081718A;us:pde20111108171811690_15;gem:17523184,subduction_intraslab
201111110808A,2011-11-11T08:08:00,-73.31,-38.24,41.0,5.2,mw,346.0,20.0,76.0,181.0,71.0,95.0,64.0,99.0,5.0,359.0,26.0,267.0,5.31e+16,-2700000000000000.0,-5.05e+16,-3800000000000000.0,-6.57e+16,6100000000000000.0,gmt,gcmt:C201111110808A;gcmt:C201111110808A;us:pde20111111080847000_33;gem:17528456,subduction_intraslab
201111220741A,2011-11-22T07:41:00,-71.98,-34.8,53.0,5.1,mw,43.0,31.0,129.0,179.0,66.0,69.0,63.0,55.0,19.0,188.0,18.0,285.0,3.91e+16,5600000000000000.0,-4.47e+16,6400000000000000.0,-3.68e+16,-2e+16,gmt,gcmt:C201111220741A;gcmt:C201111220741A;us:pde20111122074132000_41;gem:17552077,subduction_intraslab
C201112072223A,2011-12-07T22:23:14,-71.55,-28.03,22.8,6.1,mw,17.0,25.0,109.0,176.0,67.0,81.0,67.0,70.0,8.0,179.0,21.0,272.0,1.12e+18,1.16e+17,-1.24e+18,1.61e+17,-1.09e+18,-1.29e+17,gcmt,neic:600018366;gem:600018366,subduction_intraslab
201201092130A,2012-01-09T21:30:00,-71.93,-32.7,35.0,5.2,mw,11.0,23.0,100.0,180.0,68.0,86.0,67.0,83.0,4.0,182.0,23.0,273.0,5.779999999999999e+16,5900000000000000.0,-6.37e+16,1300000000000000.0,-6.14e+16,-6400000000000000.0,gmt,gcmt:C201201092130A;gcmt:C201201092130A;gem:600144299,subduction_intraslab
201201172321A,2012-01-17T23:21:00,-71.95,-31.76,34.0,5.7,mw,355.0,29.0,87.0,178.0,61.0,91.0,64.0,73.0,3.0,170.0,25.0,261.0,2.5e+17,-5e+16,-2e+17,6.1e+16,-2.68e+17,1e+16,gmt,gcmt:C201201172321A;gcmt:C201201172321A;gcmt:C201201172323A;gcmt:C201201172323A;us:pde20120117232135040_32;neic:603838824;gem:603838824;gem:600296032;gmt:201201172323A,subduction_intraslab
201203031101A,2012-03-03T11:01:00,-71.55,-30.48,66.0,5.2,mw,179.0,23.0,88.0,1.0,67.0,91.0,68.0,267.0,0.0,358.0,22.0,88.0,7.52e+16,1400000000000000.0,-7.67e+16,-2700000000000000.0,7.51e+16,2000000000000000.0,gmt,gcmt:C201203031101A;gcmt:C201203031101A;us:pde20120303110147250_49;gem:600760699,subduction_intraslab
201203032212A,2012-03-03T22:12:00,-73.17,-35.77,31.0,5.1,mw,45.0,30.0,101.0,213.0,61.0,84.0,64.0,109.0,5.0,209.0,26.0,301.0,2.16e+16,-7500000000000000.0,-1.41e+16,-1.13e+16,-2.44e+16,-9200000000000000.0,gmt,gcmt:C201203032212A;gcmt:C201203032212A;us:pde20120303221255000_13;neic:600760711;gem:600760711,subduction_intraslab
C201203041627A,2012-03-04T16:27:26,-70.39,-21.45,44.8,5.3,mw,17.0,36.0,119.0,163.0,59.0,71.0,70.0,31.0,16.0,173.0,12.0,267.0,4.41e+16,7570000000000000.0,-5.17e+16,1.44e+16,-2e+16,470000000000000.0,gcmt,gem:600760739,subduction_intraslab
201203162331A,2012-03-16T23:31:00,-72.27,-33.45,33.0,5.1,mw,1.0,26.0,95.0,176.0,65.0,88.0,44.80548281934413,80.2026841170208,3.5359715106497185,173.72140474353557,44.97657241878959,267.2612295481316,3.57,0.55,-4.12,0.26,-3.11,0.12,gmt,gem:600791301,subduction_intraslab
201203240728A,2012-03-24T07:28:00,-71.21,-33.04,91.0,5.1,mw,68.0,64.0,2.0,337.0,88.0,154.0,19.0,289.0,64.0,152.0,16.0,25.0,4510000000000000.0,-4.12e+16,3.67e+16,-1.06e+16,2.41e+16,3.87e+16,gmt,gcmt:C201203240728A;gcmt:C201203240728A;gem:600819451,subduction_intraslab
C201204010731A,2012-04-01T07:31:40,-69.51,-23.31,110.9,5.2,mw,260.0,48.0,-18.0,2.0,77.0,-137.0,18.0,125.0,45.0,15.0,39.0,230.0,-1.1200000000000002e+16,2580000000000000.0,8570000000000000.0,9740000000000000.0,-2.63e+16,2.87e+16,gcmt,gem:600840143,subduction_intraslab
C201205190835A,2012-05-19T08:35:15,-71.14,-25.84,32.6,5.9,mw,23.0,44.0,125.0,160.0,55.0,62.0,66.0,14.0,23.0,177.0,6.0,270.0,6.88e+17,7.4e+16,-7.61e+17,3.3e+17,-1.61e+17,-3.2e+16,gcmt,gem:601023388,subduction_intraslab
pde20120701233908770_35,2012-07-01T23:39:12,-71.59,-28.68,46.6,5.4,mwb,27.0,37.0,128.0,163.0,62.0,65.0,64.0,29.0,22.0,175.0,13.0,271.0,8.3e+16,2.1e+16,-1.04e+17,3.5e+16,-4.6e+16,-1e+16,us,gcmt:C201207012339A;gcmt:C201207012339A;neic:601221107;gem:601221107,subduction_intraslab
201207040833A,2012-07-04T08:33:00,-73.31,-38.09,45.0,5.1,mw,344.0,27.0,73.0,183.0,64.0,98.0,70.0,110.0,8.0,359.0,19.0,266.0,4.519999999999999e+16,-2980000000000000.0,-4.22e+16,-5880000000000000.0,-3.42e+16,5270000000000000.0,gmt,gcmt:C201207040833A;gcmt:C201207040833A;gem:601237354,subduction_intraslab
C201207181824A,2012-07-18T18:24:14,-70.9,-20.79,29.4,5.1,mw,358.0,22.0,96.0,171.0,68.0,88.0,67.0,77.0,2.0,172.0,23.0,263.0,5.9e+16,3200000000000000.0,-6.21e+16,1.09e+16,-6.22e+16,6800000000000000.0,gcmt,gem:601404618,subduction_intraslab
C201208070039A,2012-08-07T00:39:07,-70.88,-27.96,65.5,5.6,mw,276.0,38.0,180.0,6.0,90.0,52.0,34.0,244.0,38.0,6.0,34.0,128.0,200000000000000.0,-1.3800000000000002e+16,1.35e+16,1.01e+16,8.99e+16,-6.999999999999999e+16,gcmt,gem:601521551,subduction_intraslab
C201208270039A,2012-08-27T00:39:59,-69.63,-24.03,93.3,5.0,mw,206.0,57.0,-39.0,320.0,58.0,-140.0,1.0,83.0,41.0,352.0,49.0,173.0,-1.69e+16,-1.34e+16,3.03e+16,9610000000000000.0,750000000000000.0,-5470000000000000.0,gcmt,,subduction_intraslab
201208300804A,2012-08-30T08:04:00,-74.04,-37.34,26.0,5.2,mw,352.0,17.0,79.0,183.0,73.0,93.0,62.0,98.0,3.0,2.0,28.0,270.0,3.64e+16,4630000000000000.0,-4.1e+16,-3920000000000000.0,-5.64e+16,1440000000000000.0,gmt,gcmt:C201208300804A;gcmt:C201208300804A;gem:601645642,subduction_intraslab
C201209011038A,2012-09-01T10:38:42,-71.57,-27.46,49.2,5.0,mw,298.0,26.0,10.0,199.0,85.0,116.0,44.0,134.0,25.0,17.0,35.0,267.0,6370000000000000.0,1.84e+16,-2.47e+16,-1.3799999999999998e+16,-4.78e+16,1.42e+16,gcmt,gem:601670020,subduction_intraslab
201210152104A,2012-10-15T21:04:00,-72.29,-31.81,22.0,5.1,mw,348.0,28.0,77.0,183.0,62.0,97.0,60.0,108.0,14.0,352.0,26.0,255.0,2.5e+16,-5800000000000000.0,-1.91e+16,-2900000000000000.0,-3.17e+16,1e+16,gmt,gcmt:C201210152104A;gcmt:C201210152104A;us:pde20121015210420600_24;neic:601835751;gem:601835751,subduction_intraslab
pde20121114190206120_63,2012-11-14T19:02:06,-71.19,-29.118,63.0,6.1,mww,10.0,80.0,-90.0,190.0,10.0,-90.0,44.99999999999999,280.0,9.541664044390552e-15,10.0,45.00000000000001,100.0,-8.23e+17,1.87e+17,6.36e+17,6.1e+16,-2.06e+18,8.56e+17,us,gcmt:C201211141902A;gcmt:C201211141902A;neic:601901485;gem:601901485,subduction_intraslab
201211211816A,2012-11-21T18:16:00,-72.4,-33.93,28.0,5.2,mw,19.0,24.0,118.0,169.0,69.0,79.0,64.0,60.0,11.0,173.0,23.0,268.0,5.93e+16,3400000000000000.0,-6.27e+16,1.89e+16,-6.4e+16,-5000000000000000.0,gmt,gcmt:C201211211816A;gcmt:C201211211816A;gem:601993511,subduction_intraslab
201211212252A,2012-11-21T22:52:00,-72.49,-34.04,33.0,5.1,mw,11.0,32.0,101.0,177.0,58.0,83.0,75.0,67.0,6.0,181.0,13.0,272.0,5.19e+16,670000000000000.0,-5.26e+16,5020000000000000.0,-2.62e+16,-3600000000000000.0,gmt,gcmt:C201211212252A;gcmt:C201211212252A;gem:601993548,subduction_intraslab
C201212030931A,2012-12-03T09:31:57,-70.58,-28.75,108.6,5.2,mw,88.0,33.0,-34.0,207.0,72.0,-118.0,22.0,319.0,27.0,217.0,54.0,83.0,-2.98e+16,2.7e+16,2790000000000000.5,1.8e+16,4.04e+16,3.55e+16,gcmt,gem:601995950,subduction_intraslab
C201212241212A,2012-12-24T12:12:41,-71.79,-29.01,41.2,5.4,mw,353.0,41.0,57.0,214.0,57.0,115.0,68.0,175.0,21.0,19.0,8.0,286.0,6.730000000000001e+16,1.13e+16,-7.86e+16,-2.91e+16,-1.56e+16,-2.39e+16,gcmt,gem:602057934,subduction_intraslab
201302101954A,2013-02-10T19:54:00,-72.21,-33.58,31.0,5.4,mw,6.0,24.0,100.0,176.0,66.0,86.0,70.0,78.0,2.0,174.0,20.0,265.0,1.3e+17,-4000000000000000.0,-1.25e+17,1.6e+16,-1.05e+17,9000000000000000.0,gmt,gcmt:C201302101954A;gcmt:C201302101954A;us:pde20130210195430000_46;gem:602563743,subduction_intraslab
C201303021142A,2013-03-02T11:42:05,-70.41,-22.9,56.0,5.1,mw,199.0,34.0,-40.0,323.0,69.0,-118.0,19.0,74.0,26.0,334.0,57.0,196.0,-1.78e+16,-1.21e+16,2.9900000000000004e+16,1.2e+16,-1.71e+16,-1.07e+16,gcmt,,subduction_intraslab
603249158,2013-07-23T21:12:19,-70.886,-20.184,24.9,4.97,mw,172.0,64.0,96.0,337.0,26.0,77.0,43.83067813734024,274.7266809287792,8.699471032027505,176.27990384594295,44.85823677793216,77.52217281785249,2.76,-0.15,-2.62,0.14,-2.21,0.73,gem,,subduction_intraslab
C201308050540A,2013-08-05T05:41:02,-71.01,-20.14,22.8,5.2,mw,356.0,27.0,97.0,168.0,63.0,86.0,72.0,70.0,3.0,169.0,18.0,260.0,8.85e+16,1.22e+16,-1.01e+17,1.7000000000000002e+16,-6.850000000000001e+16,1.77e+16,gcmt,gem:603304774,subduction_intraslab
b000j5bj,2013-08-16T22:17:31,-71.581,-28.707,45.0,5.150716535133885,mww,159.0,34.0,65.0,8.0,59.0,106.0,70.0,315.0,13.0,180.0,12.0,86.0,5.21e+16,1.25e+16,-6.46e+16,1.05e+16,2.9e+16,7200000000000000.0,us,gcmt:C201308162217A;gcmt:C201308162217A;neic:603336792;gem:603336792,subduction_intraslab
201310312303A,2013-10-31T23:03:00,-71.86,-30.46,36.0,6.5,mw,5.0,28.0,98.0,175.0,62.0,85.0,66.0,47.0,12.0,166.0,20.0,261.0,6.34e+18,2.4e+17,-6.58e+18,2.67e+18,-5.15e+18,3.4e+17,gmt,gcmt:C201310312303A;gcmt:C201310312303A;us:b000kqnc;neic:609095356;gem:609095356,subduction_intraslab
201311071701A,2013-11-07T17:01:00,-74.25,-37.6,22.0,5.2,mw,339.0,30.0,69.0,183.0,62.0,102.0,71.0,120.0,10.0,358.0,16.0,265.0,6.82e+16,-1.3700000000000002e+16,-5.45e+16,-1.4e+16,-4.03e+16,8970000000000000.0,gmt,gcmt:C201311071701A;gcmt:C201311071701A;gem:603778311,subduction_intraslab
201311100201A,2013-11-10T02:01:00,-72.23,-33.37,29.0,5.2,mw,18.0,24.0,98.0,189.0,67.0,87.0,44.65238956419519,92.38379392395166,4.795795972903171,187.13829907274712,44.94711868599847,281.9420873522696,4.89,0.27,-5.16,-0.67,-4.81,-1.36,gmt,gem:603780855,subduction_intraslab
201311290521A,2013-11-29T05:21:00,-72.44,-33.33,24.0,5.0,mw,16.0,28.0,91.0,195.0,62.0,90.0,44.98875911367932,103.5822521679633,0.8392585887993663,194.42127150304464,44.99894845173554,285.2605893307564,3.23,-0.23,-3.0,-0.52,-2.03,-0.81,gmt,gem:603821241,subduction_intraslab
201312070923A,2013-12-07T09:23:00,-72.58,-33.88,20.0,5.0,mw,14.0,17.0,92.0,192.0,73.0,89.0,62.0,101.0,1.0,192.0,28.0,283.0,2.62e+16,-1800000000000000.0,-2.44e+16,-8120000000000002.0,-3.82e+16,-5590000000000001.0,gmt,gcmt:C201312070923A;gcmt:C201312070923A;gem:603833840,subduction_intraslab
C201312171230A,2013-12-17T12:30:04,-70.83,-25.64,74.3,5.5,mw,178.0,42.0,-110.0,25.0,51.0,-73.0,5.0,103.0,13.0,194.0,76.0,353.0,-1.73e+17,-5.22e+16,2.25e+17,-3.48e+16,-2.7800000000000004e+16,6.31e+16,gcmt,gem:603860360,subduction_intraslab
C201401040011A,2014-01-04T00:11:55,-70.98,-20.6,20.3,5.7,mw,352.0,24.0,88.0,174.0,66.0,91.0,69.0,85.0,1.0,353.0,21.0,263.0,3.57e+17,1.98e+16,-3.77e+17,3.3900000000000004e+16,-3.29e+17,5.19e+16,gcmt,gem:603918274,subduction_intraslab
C201401060359A,2014-01-06T03:59:06,-71.03,-20.75,26.8,5.1,mw,356.0,22.0,93.0,173.0,69.0,89.0,66.0,80.0,1.0,173.0,23.0,264.0,4.55e+16,3630000000000000.0,-4.91e+16,7050000000000000.0,-5.05e+16,5370000000000000.0,gcmt,gem:603928648,subduction_intraslab
C201401070343A,2014-01-07T03:43:27,-69.89,-21.07,103.5,5.3,mw,196.0,18.0,-83.0,9.0,73.0,-92.0,27.0,101.0,2.0,10.0,62.0,276.0,-7.019999999999999e+16,-1.25e+16,8.27e+16,-1.6900000000000002e+16,-1.1100000000000002e+17,2.1e+16,gcmt,gem:603932277,subduction_intraslab
C201401080422A,2014-01-08T04:22:15,-70.97,-20.72,22.8,5.7,mw,355.0,22.0,92.0,173.0,68.0,89.0,67.0,82.0,1.0,173.0,23.0,264.0,2.66e+17,2.58e+16,-2.92e+17,3.61e+16,-2.89e+17,3.31e+16,gcmt,gem:603941599,subduction_intraslab
201402170034A,2014-02-17T00:34:00,-72.06,-31.65,30.0,5.0,mw,25.0,30.0,116.0,175.0,63.0,76.0,68.0,57.0,13.0,182.0,17.0,276.0,3.97e+16,-5970000000000000.0,-3.37e+16,9910000000000000.0,-2.64e+16,-6950000000000000.0,gmt,gcmt:C201402170034A;gcmt:C201402170034A;gem:604050151,subduction_intraslab
201403060437A,2014-03-06T04:37:00,-71.42,-33.31,85.0,5.4,mw,75.0,61.0,11.0,340.0,81.0,150.0,27.0,294.0,59.0,144.0,13.0,31.0,4.53e+16,-9.88e+16,5.35e+16,-2.13e+16,6.57e+16,1.2e+17,gmt,gcmt:C201403060437A;gcmt:C201403060437A;gem:604400591,subduction_intraslab
C201403181435A,2014-03-18T14:36:02,-71.1,-20.13,21.6,5.0,mw,349.0,31.0,88.0,172.0,59.0,91.0,76.0,86.0,1.0,351.0,14.0,261.0,5.05e+16,420000000000000.0,-5.09e+16,3200000000000000.0,-2.68e+16,8620000000000000.0,gcmt,gem:604173106,subduction_intraslab
C201403221329A,2014-03-22T13:30:04,-71.2,-19.67,22.8,5.6,mw,349.0,26.0,88.0,170.0,64.0,91.0,71.0,82.0,1.0,350.0,19.0,260.0,2.2400000000000003e+17,-1.47e+16,-2.1e+17,2.6e+16,-1.65e+17,3.78e+16,gcmt,gem:604187020,subduction_intraslab
C201403222214A,2014-03-22T22:15:02,-71.22,-19.7,27.3,5.0,mw,350.0,27.0,90.0,169.0,63.0,90.0,72.0,79.0,0.0,169.0,18.0,259.0,4.66e+16,300000000000000.0,-4.69e+16,6300000000000000.0,-3.31e+16,9050000000000000.0,gcmt,gem:604187043,subduction_intraslab
C201403232023A,2014-03-23T20:23:09,-71.11,-20.01,31.6,5.1,mw,5.0,36.0,122.0,147.0,60.0,69.0,68.0,16.0,18.0,158.0,13.0,252.0,8.04e+16,1.49e+16,-9.53e+16,3.72e+16,-3.52e+16,3.28e+16,gcmt,gem:604187251,subduction_intraslab
C201403232204A,2014-03-23T22:04:30,-71.12,-19.76,31.1,5.1,mw,322.0,20.0,79.0,154.0,71.0,94.0,64.0,70.0,4.0,333.0,26.0,241.0,3.65e+16,-4800000000000000.0,-3.17e+16,2.22e+16,-4.66e+16,2.47e+16,gcmt,gem:609849569,subduction_intraslab
C201403241132A,2014-03-24T11:32:19,-71.25,-19.84,33.0,5.2,mw,351.0,26.0,92.0,169.0,64.0,89.0,71.0,77.0,1.0,169.0,19.0,260.0,1.09e+17,-8500000000000002.0,-1e+17,1.7000000000000002e+16,-8.12e+16,1.64e+16,gcmt,gem:604187976,subduction_intraslab
C201403241140A,2014-03-24T11:40:50,-71.12,-19.8,27.4,5.6,mw,353.0,20.0,91.0,171.0,70.0,90.0,65.0,81.0,0.0,172.0,25.0,262.0,2.57e+17,5100000000000000.0,-2.62e+17,4.63e+16,-3.02e+17,3.78e+16,gcmt,gem:604187977,subduction_intraslab
C201403241232A,2014-03-24T12:32:57,-71.15,-19.72,33.5,5.0,mw,357.0,29.0,94.0,172.0,61.0,88.0,74.0,76.0,2.0,173.0,16.0,264.0,5.3e+16,-2580000000000000.0,-5.04e+16,5800000000000000.0,-3.25e+16,4490000000000000.0,gcmt,gem:609849583,subduction_intraslab
C201403241545A,2014-03-24T15:45:38,-71.06,-19.54,29.1,5.7,mw,347.0,21.0,90.0,166.0,69.0,90.0,66.0,76.0,0.0,166.0,24.0,257.0,2.95e+17,9300000000000000.0,-3.04e+17,8.08e+16,-3.36e+17,7.97e+16,gcmt,gem:604273280,subduction_intraslab
C201403241843A,2014-03-24T18:43:18,-70.98,-19.66,31.3,5.0,mw,346.0,27.0,93.0,162.0,63.0,88.0,72.0,68.0,1.0,163.0,18.0,253.0,3.97e+16,-3510000000000000.0,-3.62e+16,9210000000000000.0,-2.62e+16,1.04e+16,gcmt,gem:604273284,subduction_intraslab
C201404012358A,2014-04-01T23:58:11,-71.39,-19.85,20.6,6.9,mw,347.0,26.0,81.0,177.0,65.0,94.0,70.0,96.0,4.0,355.0,20.0,264.0,3.14e+19,-2.39e+18,-2.9e+19,-2.4e+17,-2.52e+19,3.91e+18,gcmt,gem:607727143,subduction_intraslab
C201404021945A,2014-04-02T19:45:56,-70.87,-20.36,31.5,5.3,mw,1.0,27.0,98.0,173.0,63.0,86.0,72.0,74.0,4.0,174.0,18.0,266.0,9.58e+16,-2600000000000000.0,-9.32e+16,1.27e+16,-6.69e+16,4700000000000000.0,gcmt,gem:609948307,subduction_intraslab
C201404030001A,2014-04-03T00:01:24,-71.21,-19.8,25.7,5.0,mw,354.0,27.0,102.0,160.0,63.0,84.0,71.0,57.0,6.0,163.0,18.0,255.0,5.64e+16,-6850000000000001.0,-4.95e+16,1.73e+16,-3.64e+16,9610000000000000.0,gcmt,gem:604399082,subduction_intraslab
C201404030158A,2014-04-03T01:58:40,-70.88,-20.34,33.7,6.5,mw,354.0,23.0,96.0,167.0,67.0,87.0,68.0,72.0,3.0,168.0,22.0,259.0,6.65e+18,4.7e+17,-7.12e+18,1.62e+18,-6.39e+18,1.36e+18,gcmt,gem:604399088,subduction_intraslab
C201404030526A,2014-04-03T05:26:22,-70.9,-20.72,32.2,6.4,mw,4.0,27.0,104.0,168.0,63.0,83.0,71.0,63.0,6.0,171.0,18.0,264.0,6.04e+18,-7.7e+17,-5.27e+18,1.37e+18,-4.03e+18,2.13e+17,gcmt,gem:604399530,subduction_intraslab
C201404040938A,2014-04-04T09:39:00,-71.3,-20.03,18.9,5.2,mw,347.0,24.0,90.0,167.0,66.0,90.0,69.0,76.0,0.0,167.0,21.0,257.0,6.67e+16,3400000000000000.0,-7.009999999999999e+16,1.4299999999999998e+16,-5.98e+16,1.85e+16,gcmt,gem:604425840,subduction_intraslab
609948385,2014-04-04T15:21:03,-70.774,-19.905,32.0,4.99,mw,164.0,59.0,93.0,338.0,31.0,85.0,44.51247350490668,262.67955685409106,5.456851990389037,167.29056582501858,44.96936166310255,71.81467283691643,3.46,-0.47,-2.99,0.43,-1.84,1.02,gem,,subduction_intraslab
201404050222A,2014-04-05T02:22:00,-71.71,-32.74,42.0,5.6,mw,359.0,28.0,78.0,193.0,63.0,96.0,71.0,116.0,6.0,10.0,18.0,278.0,2.14e+17,4.1e+16,-2.55e+17,-4.73e+16,-1.72e+17,-3.38e+16,gmt,gcmt:C201404050222A;gcmt:C201404050222A;us:c000p66r;neic:604440644;gem:604440644,subduction_intraslab
C201404050405A,2014-04-05T04:05:08,-71.07,-20.75,29.9,5.0,mw,356.0,26.0,109.0,154.0,66.0,81.0,68.0,47.0,8.0,158.0,20.0,251.0,4.01e+16,340000000000000.0,-4.04e+16,1.83e+16,-3.1e+16,1.21e+16,gcmt,gem:609948419,subduction_intraslab
C201404050544A,2014-04-05T05:45:01,-70.79,-20.13,29.5,5.2,mw,358.0,28.0,104.0,162.0,63.0,83.0,71.0,57.0,6.0,166.0,18.0,258.0,7.74e+16,4600000000000000.0,-8.2e+16,2.21e+16,-5.42e+16,1.63e+16,gcmt,gem:604440652,subduction_intraslab
C201404101749A,2014-04-10T17:49:17,-71.31,-19.87,21.1,5.0,mw,327.0,25.0,65.0,175.0,67.0,101.0,66.0,104.0,10.0,350.0,22.0,256.0,4.05e+16,-1330000000000000.0,-3.91e+16,-290000000000000.0,-4.08e+16,1.44e+16,gcmt,gem:604451348,subduction_intraslab
C201404131211A,2014-04-13T12:11:36,-71.01,-20.58,21.8,5.5,mw,350.0,21.0,97.0,162.0,69.0,87.0,66.0,68.0,3.0,163.0,24.0,254.0,1.1299999999999998e+17,-4200000000000001.0,-1.09e+17,4.13e+16,-1.21e+17,2.7800000000000004e+16,gcmt,gem:604453082,subduction_intraslab
604457971,2014-04-15T17:12:21,-70.774,-20.196,28.9,5.01,mw,164.0,60.0,93.0,338.0,30.0,84.0,44.56457025354641,262.1222507066551,5.179622188786066,167.0,44.968441737965215,71.80482394787134,3.59,-0.4,-3.19,0.46,-2.08,1.09,gem,,subduction_intraslab
C201404151859A,2014-04-15T18:59:46,-71.09,-20.05,21.2,5.1,mw,343.0,30.0,81.0,174.0,60.0,95.0,74.0,98.0,5.0,351.0,15.0,260.0,4.74e+16,-1400000000000000.2,-4.6e+16,440000000000000.0,-2.77e+16,9670000000000000.0,gcmt,gem:609948684,subduction_intraslab
C201404192054A,2014-04-19T20:54:49,-71.32,-19.91,21.8,5.8,mw,339.0,26.0,79.0,171.0,64.0,96.0,70.0,93.0,5.0,349.0,19.0,257.0,5.96e+17,-8.23e+16,-5.13e+17,3.12e+16,-4.49e+17,1.32e+17,gcmt,gem:609948759,subduction_intraslab
C201404241007A,2014-04-24T10:07:06,-72.92,-34.67,21.7,5.0,mw,48.0,36.0,-73.0,207.0,55.0,-102.0,10.0,305.0,10.0,214.0,76.0,78.0,-2.81e+16,9700000000000000.0,1.84e+16,1690000000000000.0,1.1299999999999998e+16,1.52e+16,gcmt,,subduction_intraslab
C201404241026A,2014-04-24T10:26:52,-71.32,-19.83,20.2,5.1,mw,347.0,28.0,88.0,170.0,62.0,91.0,73.0,83.0,1.0,349.0,17.0,259.0,5.54e+16,-3030000000000000.0,-5.230000000000001e+16,5980000000000000.0,-3.69e+16,1.05e+16,gcmt,gem:609948855,subduction_intraslab
201404301800A,2014-04-30T18:00:00,-71.93,-32.66,40.0,5.2,mw,358.0,29.0,88.0,180.0,61.0,91.0,74.0,92.0,1.0,360.0,16.0,269.0,6.750000000000001e+16,4000000000000000.0,-7.15e+16,-600000000000000.0,-4.37e+16,1200000000000000.0,gmt,gcmt:C201404301800A;gcmt:C201404301800A;gem:604502458,subduction_intraslab
604507523,2014-05-01T16:45:26,-71.063,-19.975,28.4,5.06,mw,162.0,58.0,103.0,318.0,34.0,70.0,36.483581040154,286.1433345944323,23.27668763708581,177.59346184857122,44.44414680041164,62.63766959835704,4.58,-1.41,-3.17,-0.04,-2.31,1.72,gem,,subduction_intraslab
C201405040446A,2014-05-04T04:46:52,-71.18,-20.02,19.3,5.0,mw,344.0,24.0,88.0,166.0,66.0,91.0,69.0,78.0,1.0,346.0,21.0,256.0,3.91e+16,-2040000000000000.0,-3.7e+16,8050000000000000.0,-3.4e+16,9970000000000000.0,gcmt,gem:609949031,subduction_intraslab
C201405051121A,2014-05-05T11:21:25,-70.99,-20.19,24.3,5.4,mw,354.0,30.0,91.0,173.0,60.0,89.0,75.0,82.0,0.0,173.0,15.0,263.0,1.45e+17,200000000000000.0,-1.46e+17,1.09e+16,-8.32e+16,1.67e+16,gcmt,gem:604514203,subduction_intraslab
201405210900A,2014-05-21T09:00:00,-71.56,-30.6,50.0,5.1,mw,351.0,33.0,93.0,168.0,57.0,88.0,83.0,20.0,6.0,164.0,4.0,254.0,4.973e+16,-3900000000000000.0,-4.584e+16,7290000000000000.0,-5850000000000000.0,1.212e+16,gmt,gcmt:C201405210900A;gcmt:C201405210900A;us:b000qxwk;neic:604650838;gem:604650838,subduction_intraslab
C201405301141A,2014-05-30T11:41:45,-70.17,-21.31,72.9,5.2,mw,353.0,56.0,23.0,250.0,71.0,143.0,39.0,207.0,49.0,46.0,10.0,305.0,3.39e+16,5690000000000000.0,-3.96e+16,-2.05e+16,-9240000000000000.0,-5.4e+16,gcmt,gem:604662883,subduction_intraslab
C201405301532A,2014-05-30T15:32:34,-70.15,-21.23,81.9,5.6,mw,2.0,85.0,4.0,272.0,86.0,175.0,7.0,227.0,83.0,53.0,1.0,317.0,3.71e+16,-4.39e+16,6800000000000000.0,-2.65e+16,2.17e+16,-3.26e+17,gcmt,gem:604663003,subduction_intraslab
201405302206A,2014-05-30T22:06:00,-72.42,-33.47,31.0,5.0,mw,359.0,30.0,84.0,186.0,60.0,93.0,44.56457025354641,284.1222507066552,5.179622188786097,189.00000000000003,44.9684417379652,93.80482394787134,4.26,-0.24,-4.02,-0.41,-2.32,-0.16,gmt,gem:604663353,subduction_intraslab
C201406041704A,2014-06-04T17:04:33,-70.97,-20.66,21.7,5.0,mw,347.0,26.0,89.0,168.0,64.0,90.0,71.0,79.0,0.0,348.0,19.0,258.0,4.39e+16,2730000000000000.0,-4.66e+16,7240000000000000.0,-3.62e+16,1.1e+16,gcmt,gem:604699557,subduction_intraslab
C201406190938A,2014-06-19T09:38:44,-71.13,-19.88,21.6,5.7,mw,349.0,24.0,89.0,170.0,66.0,90.0,69.0,81.0,0.0,350.0,21.0,260.0,4.1e+17,2.24e+16,-4.33e+17,6.840000000000001e+16,-3.89e+17,8.78e+16,gcmt,gem:604747267,subduction_intraslab
C201406191954A,2014-06-19T19:54:11,-71.15,-19.8,23.0,5.8,mw,351.0,22.0,91.0,169.0,68.0,90.0,67.0,79.0,0.0,170.0,23.0,260.0,4e+17,4.43e+16,-4.45e+17,8.36e+16,-4.43e+17,8.92e+16,gcmt,gem:604747577,subduction_intraslab
C201406191959A,2014-06-19T19:59:46,-71.22,-19.9,28.4,5.2,mw,355.0,28.0,103.0,161.0,63.0,83.0,71.0,56.0,6.0,164.0,18.0,256.0,1.08e+17,-5100000000000000.0,-1.03e+17,3.29e+16,-7.1e+16,2.18e+16,gcmt,gem:604747578,subduction_intraslab
C201407132054A,2014-07-13T20:54:20,-70.62,-20.3,40.2,5.5,mw,341.0,29.0,108.0,140.0,63.0,80.0,71.0,29.0,9.0,145.0,17.0,237.0,2.2200000000000003e+17,-4.86e+16,-1.73e+17,1.17e+17,-1.08e+17,1.04e+17,gcmt,gem:610571173,subduction_intraslab
C201407180524A,2014-07-18T05:24:16,-71.14,-20.14,22.4,5.0,mw,349.0,30.0,92.0,167.0,60.0,89.0,75.0,74.0,1.0,167.0,15.0,258.0,4.14e+16,-2920000000000000.0,-3.85e+16,5690000000000000.0,-2.26e+16,8030000000000000.0,gcmt,gem:604850258,subduction_intraslab
C201407210021A,2014-07-21T00:21:33,-70.95,-20.16,35.8,5.0,mw,11.0,33.0,103.0,175.0,58.0,81.0,76.0,60.0,7.0,180.0,12.0,271.0,4.7e+16,-1010000000000000.0,-4.6e+16,6360000000000000.0,-2.14e+16,-2330000000000000.0,gcmt,gem:604852075,subduction_intraslab
201408080410A,2014-08-08T04:10:00,-72.27,-33.64,24.0,5.2,mw,5.0,27.0,87.0,189.0,63.0,92.0,73.0,43.0,12.0,178.0,11.0,271.0,5.868e+16,3540000000000000.0,-6.222e+16,1.336e+16,-2.577e+16,-3540000000000000.0,gmt,gcmt:C201408080410A;gcmt:C201408080410A;us:b000s1ci;neic:605140411;gem:605140411,subduction_intraslab
C201408140002A,2014-08-14T00:03:01,-70.4,-20.17,64.5,5.3,mw,1.0,32.0,108.0,160.0,60.0,79.0,73.0,43.0,9.0,166.0,14.0,258.0,8.32e+16,2.59e+16,-1.09e+17,2.21e+16,-4.95e+16,2.71e+16,gcmt,gem:610571848,subduction_intraslab
201408232232A,2014-08-23T22:32:00,-71.74,-32.76,42.0,6.4,mw,5.0,26.0,92.0,183.0,64.0,89.0,66.0,96.0,1.0,3.0,24.0,272.0,3.729e+18,5.8e+16,-3.787e+18,-3.07e+17,-4.096e+18,-9.5e+16,gmt,gcmt:C201408232232A;gcmt:C201408232232A;us:b000s5rc;neic:610572067;gem:610572067,subduction_intraslab
605193203,2014-09-04T09:26:53,-70.392,-20.687,37.9,5.01,mw,161.0,60.0,82.0,357.0,31.0,104.0,42.07246268203446,230.4319239723021,13.552868110939285,333.0,44.77596423074051,76.83797650959957,3.53,0.07,-3.6,0.93,-1.84,0.78,gem,,subduction_intraslab
C201410071233A,2014-10-07T12:33:28,-71.2,-19.98,20.2,5.3,mw,342.0,27.0,84.0,168.0,64.0,93.0,71.0,85.0,2.0,347.0,19.0,256.0,7.32e+16,-3599999999999999.5,-6.959999999999999e+16,9300000000000000.0,-5.520000000000001e+16,1.84e+16,gcmt,gem:610572940,subduction_intraslab
201410251705A,2014-10-25T17:05:00,-72.58,-33.89,30.0,5.0,mw,29.0,27.0,112.0,184.0,65.0,79.0,41.67678668266179,73.81046595257197,14.901956695539395,177.51454832915124,44.526530457104094,282.68869966457294,3.35,-0.82,-2.53,0.32,-2.55,-0.73,gmt,gem:605617597,subduction_intraslab
C201411220650A,2014-11-22T06:51:00,-71.3,-19.98,21.1,5.0,mw,341.0,27.0,79.0,173.0,63.0,96.0,71.0,96.0,5.0,351.0,18.0,259.0,4.17e+16,-950000000000000.0,-4.07e+16,1310000000000000.0,-3.07e+16,9400000000000000.0,gcmt,gem:610574036,subduction_intraslab
C201412030938A,2014-12-03T09:38:41,-70.44,-22.65,61.9,5.2,mw,240.0,31.0,-68.0,35.0,61.0,-103.0,15.0,134.0,11.0,41.0,71.0,276.0,-5.58e+16,3.11e+16,2.47e+16,-1.14e+16,-3.26e+16,2.33e+16,gcmt,gem:606176833,subduction_intraslab
C201501201734A,2015-01-20T17:34:50,-71.01,-23.22,34.3,5.2,mw,22.0,36.0,103.0,187.0,55.0,81.0,78.0,66.0,7.0,192.0,10.0,283.0,4.44e+16,2.44e+16,-6.88e+16,-2450000000000000.0,-2.14e+16,-2.3e+16,gcmt,gem:606589318,subduction_intraslab
201501270527A,2015-01-27T05:27:00,-73.83,-36.84,29.0,5.0,mw,10.0,21.0,90.0,190.0,69.0,90.0,44.99999999999999,100.0,3.1805546814635176e-15,190.0,45.00000000000001,280.0,2.53,-0.27,-2.26,-0.49,-2.7,-0.37,gmt,gem:606597540,subduction_intraslab
C201502021522A,2015-02-02T15:22:17,-71.11,-22.16,36.2,5.0,mw,60.0,61.0,165.0,158.0,76.0,29.0,30.0,22.0,58.0,180.0,10.0,286.0,4.24e+16,6.889999999999999e+16,-1.1100000000000002e+17,2.7900000000000004e+16,-4.13e+16,-6.61e+16,gcmt,gem:606636041,subduction_intraslab
201502171435A,2015-02-17T14:35:00,-70.86,-32.33,102.0,5.4,mw,339.0,80.0,170.0,70.0,80.0,10.0,13.0,105.0,77.0,295.0,2.0,195.0,2.71e+16,-1.372e+17,1.101e+17,400000000000000.0,-2.56e+16,7.18e+16,gmt,gcmt:C201502171435A;gcmt:C201502171435A;us:b000tq1p;neic:606732299;gem:606732299,subduction_intraslab
C201503021653A,2015-03-02T16:53:49,-71.34,-28.05,34.9,5.2,mw,26.0,33.0,121.0,170.0,62.0,72.0,68.0,45.0,16.0,179.0,15.0,274.0,7.45e+16,2.91e+16,-1.04e+17,1.52e+16,-5.37e+16,-1.4000000000000002e+16,gcmt,neic:606760430;gem:606760430,subduction_intraslab
201503050208A,2015-03-05T02:08:00,-72.74,-34.17,25.0,5.0,mw,83.0,31.0,175.0,177.0,88.0,60.0,41.0,75.0,17.0,180.0,45.0,287.0,-4967000000000000.0,5602000000000000.0,-635000000000000.0,-3179000000000000.0,-3.3867e+16,-1.02e+16,gmt,gcmt:C201503050208A;gcmt:C201503050208A;us:c000tv3t;neic:606777698;gem:606777698,subduction_intraslab
c000tvct,2015-03-05T21:30:35,-71.42,-29.2,60.5,5.3,mww,344.0,66.0,51.0,227.0,45.0,145.0,52.0,207.0,35.0,2.0,12.0,101.0,5.432e+16,3.065e+16,-8.497e+16,-2.859e+16,4.019e+16,-3.192e+16,us,gcmt:C201503052130A;gcmt:C201503052130A;neic:606792825;gem:606792825,subduction_intraslab
C201505221939A,2015-05-22T19:39:39,-71.08,-20.13,21.5,5.3,mw,349.0,26.0,84.0,175.0,64.0,93.0,71.0,91.0,3.0,354.0,19.0,263.0,8.47e+16,8000000000000000.0,-9.27e+16,4100000000000000.0,-6.820000000000001e+16,1.4099999999999998e+16,gcmt,gem:610634746,subduction_intraslab
20002k8v,2015-05-29T04:28:18,-70.81,-28.13,70.5,5.2,mww,157.0,61.0,83.0,351.0,29.0,102.0,73.0,52.0,6.0,161.0,16.0,252.0,5.369e+16,7330000000000000.0,-6.102e+16,1.66e+16,-3.496e+16,2.261e+16,us,gcmt:C201505290428A;gcmt:C201505290428A;neic:610634880;gem:610634880,subduction_intraslab
C201505311608A,2015-05-31T16:08:34,-71.18,-19.85,28.2,5.0,mw,345.0,27.0,83.0,173.0,64.0,93.0,71.0,90.0,3.0,351.0,19.0,260.0,3.28e+16,1630000000000000.0,-3.44e+16,2400000000000000.0,-2.6e+16,7080000000000000.0,gcmt,gem:610634941,subduction_intraslab
201506021032A,2015-06-02T10:32:00,-72.6,-33.84,22.0,5.1,mw,27.0,26.0,107.0,188.0,66.0,82.0,60.0,72.0,11.0,181.0,28.0,277.0,1.5895e+16,1796000000000000.0,-1.7691e+16,2366000000000000.0,-2.5501e+16,-5236000000000000.0,gmt,us:20002l7a;gem:607277236,subduction_intraslab
20002xvy,2015-07-16T10:48:09,-71.91,-29.5,23.5,5.0,mww,220.0,58.0,-69.0,5.0,37.0,-119.0,11.0,295.0,17.0,29.0,69.0,175.0,-3.922e+16,3240000000000000.0,3.598e+16,1.937e+16,8680000000000000.0,1.593e+16,us,gcmt:C201507161048A;gcmt:C201507161048A;neic:610635901;gem:610635901,subduction_intraslab
201507171111A,2015-07-17T11:11:00,-73.42,-35.57,22.0,5.3,mw,24.0,19.0,109.0,184.0,72.0,83.0,58.0,107.0,4.0,11.0,32.0,279.0,3.255e+16,1.33e+16,-4.586e+16,-1.748e+16,-8.006e+16,-7010000000000000.0,gmt,gcmt:C201507171111A;gcmt:C201507171111A;us:20002y48;neic:611836223;gem:611836223,subduction_intraslab
C201507242314A,2015-07-24T23:14:43,-70.65,-20.28,48.0,5.3,mw,330.0,30.0,77.0,165.0,61.0,97.0,73.0,92.0,6.0,341.0,16.0,250.0,7.19e+16,9300000000000000.0,-8.12e+16,1.16e+16,-5.04e+16,4.15e+16,gcmt,gem:607506869,subduction_intraslab
201508120014A,2015-08-12T00:14:00,-71.79,-31.84,38.0,5.5,mw,345.0,27.0,83.0,172.0,63.0,93.0,72.0,98.0,5.0,353.0,18.0,262.0,1.608e+17,-1.13e+16,-1.495e+17,-1100000000000000.0,-1.141e+17,2.6e+16,gmt,gcmt:C201508120014A;gcmt:C201508120014A;us:100031b7;neic:607649017;gem:607649017,subduction_intraslab
100034du,2015-08-23T23:10:06,-71.66,-29.67,45.5,5.7,mww,216.0,49.0,100.0,21.0,42.0,79.0,82.0,186.0,7.0,29.0,3.0,299.0,3.712e+17,-7.21e+16,-2.991e+17,-6e+16,-1.48e+16,-1.76e+17,us,gcmt:C201508232310A;gcmt:C201508232310A;neic:607677064;gem:607677064,subduction_intraslab
C201509152121A,2015-09-15T21:21:25,-71.23,-19.88,20.4,5.0,mw,332.0,27.0,70.0,174.0,65.0,100.0,69.0,104.0,9.0,350.0,19.0,257.0,4.3e+16,-360000000000000.0,-4.26e+16,-260000000000000.0,-3.62e+16,1.3700000000000002e+16,gcmt,gem:610637480,subduction_intraslab
20003kcn,2015-09-17T01:41:15,-71.72,-31.15,45.5,6.4,mww,172.0,55.0,92.0,348.0,35.0,86.0,80.0,92.0,2.0,351.0,10.0,260.0,5.179e+18,8000000000000000.0,-5.186e+18,1.45e+17,-1.957e+18,9.59e+17,us,neic:610637528,subduction_intraslab
20003kfv,2015-09-17T04:10:35,-71.89,-31.53,35.5,6.7,mww,172.0,62.0,89.0,353.0,28.0,91.0,73.0,81.0,1.0,172.0,17.0,263.0,1.023e+19,-6.4e+17,-9.59e+18,9.9e+17,-6.69e+18,1.13e+18,us,gcmt:C201509170410A;gcmt:C201509170410A;neic:607743131;gem:607743131,subduction_intraslab
201509171214A,2015-09-17T12:14:00,-72.41,-32.27,22.0,5.9,mw,351.0,26.0,90.0,172.0,64.0,90.0,57.0,77.0,1.0,346.0,33.0,255.0,4.131e+17,-4.16e+16,-3.714e+17,2.139e+17,-8.593e+17,1.093e+17,gmt,gcmt:C201509171214A;gcmt:C201509171214A;us:20003kkw;neic:608098265;gem:608098265,subduction_intraslab
201509172040A,2015-09-17T20:40:00,-72.02,-30.08,31.0,5.3,mw,357.0,30.0,103.0,162.0,61.0,82.0,73.0,53.0,7.0,166.0,15.0,257.0,8.42e+16,600000000000000.0,-8.49e+16,2.2e+16,-4.8e+16,1.66e+16,gmt,gcmt:C201509172040A;gcmt:C201509172040A;us:20150917204031;gem:607744035,subduction_intraslab
201509172208A,2015-09-17T22:08:00,-72.27,-30.37,21.0,5.1,mw,358.0,28.0,86.0,183.0,63.0,92.0,72.0,98.0,2.0,2.0,18.0,271.0,5.03e+16,-7990000000000000.0,-4.23e+16,-3130000000000000.0,-3.24e+16,-120000000000000.0,gmt,us:20150917220803;gem:610637563,subduction_intraslab
201509172239A,2015-09-17T22:39:00,-71.96,-31.12,39.0,5.1,mw,237.0,23.0,-52.0,17.0,72.0,-105.0,25.0,119.0,14.0,22.0,61.0,266.0,-3.5e+16,1.81e+16,1.68e+16,-4060000000000000.0,-4.12e+16,1.32e+16,gmt,gcmt:C201509172239A;gcmt:C201509172239A;us:20150917223920;neic:607744042;gem:607744042,subduction_intraslab
201509180315A,2015-09-18T03:15:00,-71.76,-31.44,41.0,5.0,mw,3.0,37.0,100.0,171.0,53.0,83.0,80.0,51.0,6.0,176.0,8.0,266.0,4.06e+16,-970000000000000.0,-3.96e+16,5140000000000000.0,-1.14e+16,1750000000000000.0,gmt,us:20150918031540;gem:610637580,subduction_intraslab
201509180332A,2015-09-18T03:32:00,-72.28,-31.85,28.0,5.1,mw,356.0,22.0,92.0,174.0,68.0,89.0,67.0,83.0,1.0,175.0,23.0,265.0,4.71e+16,-2230000000000000.0,-4.49e+16,5070000000000000.0,-4.85e+16,3570000000000000.0,gmt,us:20150918033217;gem:608098398,subduction_intraslab
201509180429A,2015-09-18T04:29:00,-71.99,-31.59,35.0,5.1,mw,5.0,41.0,90.0,185.0,49.0,90.0,45.00000000000001,95.0000000000004,1.9679682091555514e-13,5.0000000000001705,44.99999999999999,275.0,5.24,-0.92,-4.32,-0.04,-0.64,-0.31,gmt,gem:607744580,subduction_intraslab
20150918135117,2015-09-18T13:51:23,-71.9,-31.48,30.4,4.9,mwc,356.0,23.0,74.0,194.0,68.0,97.0,66.0,116.0,6.0,11.0,23.0,279.0,2.25e+16,-1740000000000000.0,-2.08e+16,-6870000000000000.0,-2.1e+16,-1360000000000000.0,us,gcmt:C201509181351A;gcmt:C201509181351A,subduction_intraslab
201509182212A,2015-09-18T22:12:00,-72.29,-30.45,18.0,5.1,mw,356.0,24.0,89.0,177.0,66.0,90.0,69.0,88.0,0.0,357.0,21.0,267.0,4.39e+16,-1560000000000000.0,-4.23e+16,1950000000000000.0,-3.98e+16,2510000000000000.0,gmt,us:20150918221216;gem:610094184,subduction_intraslab
201509190907A,2015-09-19T09:07:00,-71.86,-31.2,37.0,5.8,mw,353.0,29.0,92.0,171.0,61.0,89.0,75.0,59.0,7.0,178.0,13.0,269.0,4.58e+17,5400000000000000.0,-4.633e+17,6.92e+16,-2.3e+17,-1.02e+16,gmt,gcmt:C201509190907A;gcmt:C201509190907A;us:20003lsq;neic:610433486;gem:610433486,subduction_intraslab
201509191308A,2015-09-19T13:08:00,-72.18,-30.71,23.0,5.6,mw,359.0,26.0,100.0,168.0,65.0,85.0,63.0,95.0,3.0,359.0,27.0,268.0,1.957e+17,-1.09e+16,-1.848e+17,-6800000000000000.0,-2.63e+17,1.44e+16,gmt,gcmt:C201509191308A;gcmt:C201509191308A;us:20003lv1;neic:610637670;gem:610637670,subduction_intraslab
201509191813A,2015-09-19T18:13:00,-72.14,-31.41,38.0,5.0,mw,6.0,31.0,97.0,179.0,59.0,86.0,75.0,78.0,3.0,181.0,14.0,271.0,3.22e+16,-940000000000000.0,-3.12e+16,1800000000000000.0,-1.74e+16,-1350000000000000.0,gmt,us:20150919181314;gem:607776566,subduction_intraslab
201509200302A,2015-09-20T03:02:00,-71.47,-31.02,50.0,5.1,mw,340.0,33.0,75.0,178.0,58.0,100.0,75.0,115.0,8.0,353.0,13.0,261.0,5.42e+16,1560000000000000.0,-5.58e+16,-3880000000000000.0,-2.73e+16,1.14e+16,gmt,gcmt:C201509200302A;gcmt:C201509200302A;us:20150920030201;neic:607776793;gem:607776793,subduction_intraslab
201509200607A,2015-09-20T06:07:00,-72.18,-31.79,23.0,5.2,mw,350.0,27.0,83.0,178.0,63.0,94.0,62.0,84.0,2.0,177.0,28.0,268.0,3.288e+16,5920000000000000.0,-3.88e+16,3620000000000000.0,-5.431e+16,540000000000000.0,gmt,gcmt:C201509200607A;gcmt:C201509200607A;us:20003m40;neic:610433535;gem:610433535,subduction_intraslab
201509200902A,2015-09-20T09:02:00,-72.3,-30.36,17.0,5.1,mw,7.0,22.0,77.0,201.0,69.0,95.0,66.0,119.0,5.0,19.0,24.0,287.0,3.66e+16,-3180000000000000.0,-3.35e+16,-1.55e+16,-3.58e+16,-7480000000000000.0,gmt,gcmt:C201509200902A;gcmt:C201509200902A;us:20150920090232;gem:607776798,subduction_intraslab
20150920171828,2015-09-20T17:18:30,-71.92,-30.46,34.1,4.9,mwc,353.0,29.0,88.0,175.0,61.0,91.0,74.0,88.0,1.0,355.0,16.0,264.0,2.72e+16,-200000000000000.0,-2.7e+16,1100000000000000.0,-1.68e+16,2810000000000000.0,us,gcmt:C201509201718A;gcmt:C201509201718A,subduction_intraslab
20003m8x,2015-09-20T20:29:11,-71.7434,-30.5328,38.0,4.3,mwr,155.19,68.62,63.55,28.96,33.52,138.69,58.0,29.0,25.0,165.0,19.0,265.0,2253300000000000.0,1110600000000000.0,-3363800000000000.0,1398000000000000.0,-2118200000000000.0,-9000000000000.0,us,,subduction_intraslab
201509210539A,2015-09-21T05:39:00,-71.84,-31.66,38.0,6.1,mw,2.0,28.0,101.0,170.0,63.0,84.0,75.0,51.0,8.0,174.0,12.0,265.0,1.58e+18,6.1e+16,-1.641e+18,3e+17,-7.19e+17,8.9e+16,gmt,gcmt:C201509210539A;gcmt:C201509210539A;us:20003mcj;neic:611836705;gem:611836705,subduction_intraslab
201509211537A,2015-09-21T15:37:00,-71.95,-31.17,31.0,5.5,mw,353.0,24.0,90.0,172.0,66.0,90.0,65.0,85.0,1.0,177.0,25.0,267.0,1.118e+17,800000000000000.0,-1.127e+17,9000000000000000.0,-1.364e+17,5100000000000000.0,gmt,gcmt:C201509211537A;gcmt:C201509211537A;us:20003mgp;neic:610433564;gem:610433564,subduction_intraslab
20003mi0,2015-09-21T17:40:08,-71.87,-31.84,35.5,6.6,mww,171.0,62.0,82.0,9.0,29.0,105.0,72.0,62.0,7.0,175.0,17.0,268.0,7.063e+18,6.47e+17,-7.71e+18,1.246e+18,-4.836e+18,3.8e+16,us,gcmt:C201509211739A;gcmt:C201509211739A;neic:607860433;gem:607860433,subduction_intraslab
201509211836A,2015-09-21T18:36:00,-72.02,-31.14,39.0,5.8,mw,347.0,32.0,87.0,171.0,58.0,92.0,73.0,81.0,2.0,177.0,17.0,268.0,1.985e+17,-1.32e+16,-1.853e+17,1.38e+16,-1.278e+17,4000000000000000.0,gmt,gcmt:C201509211836A;gcmt:C201509211836A;us:20003mis;neic:610433566;gem:610433566,subduction_intraslab
201509211956A,2015-09-21T19:56:00,-71.87,-31.94,42.0,5.7,mw,345.0,30.0,93.0,162.0,60.0,88.0,60.0,68.0,3.0,163.0,30.0,255.0,1.51e+17,1.93e+16,-1.703e+17,8.93e+16,-2.736e+17,4.42e+16,gmt,gcmt:C201509211956A;gcmt:C201509211956A;us:20003mjn;neic:607779466;gem:607779466,subduction_intraslab
201509220712A,2015-09-22T07:12:00,-71.39,-31.58,64.0,6.1,mw,0.0,28.0,103.0,165.0,63.0,83.0,68.0,62.0,9.0,175.0,20.0,269.0,1.133e+18,-7000000000000000.0,-1.127e+18,2.64e+17,-9.11e+17,-6.1e+16,gmt,gcmt:C201509220712A;gcmt:C201509220712A;us:20003msd;neic:610433581;gem:610433581,subduction_intraslab
201509231132A,2015-09-23T11:32:00,-72.03,-31.67,29.0,5.1,mw,356.0,27.0,84.0,182.0,64.0,93.0,79.0,104.0,3.0,357.0,11.0,267.0,3.195e+16,2290000000000000.0,-3.424e+16,-1090000000000000.0,-1.34e+16,2530000000000000.0,gmt,gcmt:C201509231132A;gcmt:C201509231132A;us:20003nam;neic:607797513;gem:607797513,subduction_intraslab
201509252030A,2015-09-25T20:30:00,-72.27,-30.58,28.0,5.0,mw,344.0,30.0,75.0,181.0,62.0,98.0,42.58085340362667,289.4133353560783,12.428221872070043,187.7292931291093,44.762438849720496,85.10478128515996,3.16,0.33,-3.49,-0.24,-2.15,0.49,gmt,gem:607831496,subduction_intraslab
201509260251A,2015-09-26T02:51:00,-71.62,-30.88,52.0,6.3,mw,357.0,33.0,94.0,172.0,57.0,88.0,71.0,107.0,7.0,356.0,18.0,263.0,2.846e+18,-1.17e+17,-2.729e+18,-2.14e+17,-2.043e+18,4.54e+17,gmt,gcmt:C201509260251A;gcmt:C201509260251A;us:20003p9y;neic:611836729;gem:611836729,subduction_intraslab
201509272104A,2015-09-27T21:04:00,-71.73,-31.79,38.0,5.1,mw,336.0,31.0,80.0,167.0,60.0,96.0,75.0,93.0,5.0,344.0,14.0,253.0,5.46e+16,-7640000000000000.0,-4.7e+16,3100000000000000.0,-2.96e+16,1.51e+16,gmt,gcmt:C201509272104A;gcmt:C201509272104A;us:20150927210445;gem:607833220,subduction_intraslab
201510021622A,2015-10-02T16:22:00,-71.82,-30.77,36.0,5.0,mw,349.0,26.0,109.0,148.0,66.0,81.0,68.0,41.0,8.0,152.0,20.0,245.0,3.07e+16,-3790000000000000.0,-2.69e+16,1.65e+16,-2.13e+16,1.04e+16,gmt,us:20151002162247;gem:607849908,subduction_intraslab
201510030626A,2015-10-03T06:26:00,-71.75,-30.33,42.0,5.9,mw,13.0,35.0,108.0,171.0,57.0,77.0,79.0,22.0,10.0,179.0,4.0,270.0,7.71e+17,-2.16e+16,-7.494e+17,1.47e+17,-1.089e+17,-8400000000000000.0,gmt,gcmt:C201510030626A;gcmt:C201510030626A;us:10003jyt;neic:608007317;gem:608007317,subduction_intraslab
10003k08,2015-10-03T11:21:02,-71.76,-29.8,30.5,5.1,mww,185.0,62.0,89.0,6.0,28.0,91.0,73.0,94.0,0.0,185.0,17.0,276.0,4.974e+16,-810000000000000.0,-4.893e+16,-2850000000000000.0,-3.374e+16,-4850000000000000.0,us,gcmt:C201510031121A;gcmt:C201510031121A;neic:610433780;gem:610433780,subduction_intraslab
201510041011A,2015-10-04T10:11:00,-71.88,-30.68,31.0,5.1,mw,5.0,30.0,103.0,169.0,61.0,83.0,72.0,32.0,17.0,188.0,7.0,280.0,3.226e+16,5650000000000000.0,-3.79e+16,6930000000000000.0,-1.05e+16,-8960000000000000.0,gmt,gcmt:C201510041011A;gcmt:C201510041011A;us:10003k6h;neic:607857284;gem:607857284,subduction_intraslab
201510051633A,2015-10-05T16:33:00,-71.78,-30.36,43.0,5.9,mw,8.0,34.0,101.0,175.0,57.0,83.0,78.0,60.0,7.0,183.0,10.0,274.0,7.882e+17,-9.91e+16,-6.891e+17,9.17e+16,-2.841e+17,-6.41e+16,gmt,gcmt:C201510051633A;gcmt:C201510051633A;us:10003kg9;neic:611836757;gem:611836757,subduction_intraslab
201510091827A,2015-10-09T18:27:00,-71.82,-31.81,36.0,5.4,mw,342.0,25.0,75.0,179.0,66.0,97.0,75.0,97.0,2.0,360.0,15.0,269.0,1.515e+17,2.71e+16,-1.786e+17,-4000000000000000.0,-9.72e+16,4200000000000000.0,gmt,gcmt:C201510091827A;gcmt:C201510091827A;us:10003mjs;neic:607861151;gem:607861151,subduction_intraslab
201510120315A,2015-10-12T03:15:00,-71.96,-31.28,32.0,5.6,mw,355.0,28.0,97.0,167.0,62.0,86.0,73.0,60.0,7.0,174.0,15.0,266.0,2.32e+17,1.45e+16,-2.465e+17,4.12e+16,-1.376e+17,9900000000000000.0,gmt,gcmt:C201510120315A;gcmt:C201510120315A;us:10003mxa;neic:610433906;gem:610433906,subduction_intraslab
10003mxb,2015-10-12T03:31:32,-71.8149,-31.1841,31.0,4.6,mwr,168.97,65.22,75.25,21.1,28.6,118.88,67.0,52.0,13.0,175.0,19.0,270.0,7374000000000000.0,1487000000000000.0,-8861000000000000.0,2056000000000000.0,-6306000000000000.0,-692000000000000.0,us,,subduction_intraslab
201510151923A,2015-10-15T19:23:00,-71.67,-30.4,36.0,5.0,mw,29.0,33.0,114.0,180.0,60.0,75.0,72.0,37.0,15.0,183.0,10.0,275.0,2.362e+16,320000000000000.0,-2.394e+16,6190000000000000.0,-9050000000000000.0,-3410000000000000.0,gmt,us:10003ny7;gem:610433955,subduction_intraslab
201510201006A,2015-10-20T10:06:00,-71.51,-30.79,43.0,5.2,mw,179.0,40.0,107.0,337.0,52.0,76.0,69.0,177.0,20.0,347.0,3.0,79.0,3.632e+16,5620000000000000.0,-4.194e+16,-1.332e+16,2060000000000000.0,9190000000000000.0,gmt,gcmt:C201510201006A;gcmt:C201510201006A;us:10003pvh;neic:608100378;gem:608100378,subduction_intraslab
201510242124A,2015-10-24T21:24:00,-71.64,-31.5,51.0,5.0,mw,341.0,33.0,79.0,174.0,57.0,97.0,74.0,113.0,9.0,350.0,13.0,257.0,2.802e+16,7150000000000000.0,-3.517e+16,30000000000000.0,-1.668e+16,1.084e+16,gmt,gcmt:C201510242124A;gcmt:C201510242124A;us:10003r82;neic:607927912;gem:607927912,subduction_intraslab
10003vie,2015-11-07T10:31:19,-71.363,-30.765,69.0,4.9,mwr,13.4,83.25,-77.13,130.62,14.51,-152.02,37.0,92.0,13.0,192.0,50.0,298.0,-5480000000000000.0,-2113000000000000.0,7593000000000000.0,-5904000000000000.0,-2.2072e+16,-3520000000000000.0,us,,subduction_intraslab
201511071053A,2015-11-07T10:53:00,-71.71,-30.88,45.0,5.8,mw,349.0,31.0,86.0,174.0,59.0,92.0,73.0,91.0,2.0,186.0,16.0,277.0,3.575e+17,1.87e+16,-3.762e+17,-1.61e+16,-2.389e+17,-5.03e+16,gmt,gcmt:C201511071053A;gcmt:C201511071053A;us:10003vij;neic:608023744;gem:608023744,subduction_intraslab
201511212305A,2015-11-21T23:05:00,-71.98,-30.66,33.0,5.8,mw,5.0,28.0,102.0,171.0,63.0,84.0,73.0,69.0,6.0,178.0,16.0,270.0,4.829e+17,6.26e+16,-5.456e+17,5.36e+16,-3.133e+17,-9400000000000000.0,gmt,gcmt:C201511212305A;gcmt:C201511212305A;us:10004077;neic:611838385;gem:611838385,subduction_intraslab
201511240914A,2015-11-24T09:14:00,-72.2,-31.85,25.0,5.0,mw,359.0,27.0,90.0,179.0,63.0,90.0,61.0,77.0,2.0,170.0,29.0,261.0,2.055e+16,1360000000000000.0,-2.191e+16,6240000000000000.0,-3.24e+16,2970000000000000.0,gmt,gcmt:C201511240914A;gcmt:C201511240914A;us:100040mw;neic:610459631;gem:610459631,subduction_intraslab
C201511272100A,2015-11-27T21:00:28,-70.9,-24.76,41.1,6.2,mw,13.0,26.0,113.0,167.0,66.0,79.0,67.0,57.0,10.0,172.0,20.0,266.0,1.65e+18,2.4e+17,-1.89e+18,4.79e+17,-1.48e+18,2.7e+16,gcmt,gem:612127051,subduction_intraslab
100044k5,2015-12-07T07:51:12,-71.3468,-31.4021,60.0,5.1,mwr,174.01,69.91,85.08,8.07,20.66,103.19,65.0,76.0,5.0,176.0,25.0,268.0,3.6192e+16,8130000000000000.0,-4.4322e+16,5837000000000000.0,-4.6919e+16,108000000000000.0,us,neic:612127639,subduction_intraslab
201512081256A,2015-12-08T12:56:00,-71.89,-30.92,35.0,5.6,mw,354.0,24.0,91.0,173.0,66.0,89.0,78.0,87.0,2.0,349.0,12.0,259.0,2.979e+17,-600000000000000.0,-2.973e+17,1.74e+16,-1.376e+17,6.22e+16,gmt,gcmt:C201512081256A;gcmt:C201512081256A;us:1000454p;neic:612127725;gem:612127725,subduction_intraslab
201512191925A,2015-12-19T19:25:00,-71.54,-30.7,62.0,5.8,mw,359.0,32.0,99.0,168.0,58.0,84.0,80.0,59.0,3.0,168.0,9.0,259.0,6.005e+17,-2.09e+16,-5.796e+17,7.65e+16,-1.94e+17,1.099e+17,gmt,gcmt:C201512191925A;gcmt:C201512191925A;us:100048du;neic:611838525;gem:611838525,subduction_intraslab
201512261758B,2015-12-26T17:58:00,-72.33,-31.8,30.0,5.2,mw,323.0,29.0,67.0,168.0,63.0,102.0,66.0,76.0,1.0,169.0,24.0,259.0,2.896e+16,870000000000000.0,-2.983e+16,6970000000000000.0,-3.242e+16,5820000000000000.0,gmt,gcmt:C201512261758B;gcmt:C201512261758B;us:100049py;neic:612128476;gem:612128476,subduction_intraslab
201601071540A,2016-01-07T15:40:00,-74.29,-41.65,32.0,5.1,mw,13.0,24.0,98.0,184.0,66.0,86.0,59.0,51.0,22.0,184.0,20.0,282.0,2.278e+16,6770000000000000.0,-2.955e+16,5170000000000000.0,-2.593e+16,-1.257e+16,gmt,gcmt:C201601071540A;gcmt:C201601071540A;us:10004c4b;neic:608160945;gem:608160945,subduction_intraslab
201601080112A,2016-01-08T01:12:00,-71.94,-30.74,33.0,5.7,mw,1.0,29.0,97.0,174.0,62.0,86.0,77.0,76.0,4.0,182.0,12.0,273.0,4.366e+17,-1400000000000000.0,-4.353e+17,2.09e+16,-2.017e+17,-2.78e+16,gmt,gcmt:C201601080112A;gcmt:C201601080112A;us:10004c96;neic:608162916;gem:608162916,subduction_intraslab
10004db0,2016-01-10T13:33:34,-71.7915,-31.3174,36.0,4.7,mwr,7.1,32.21,103.78,170.93,58.83,81.47,75.0,58.0,7.0,175.0,13.0,267.0,1.155e+16,2340000000000000.0,-1.389e+16,1721000000000000.0,-6367000000000000.0,481000000000000.0,us,,subduction_intraslab
201601260019A,2016-01-26T00:19:00,-71.99,-32.66,32.0,5.1,mw,344.0,39.0,83.0,173.0,51.0,96.0,37.98257804848949,297.6441611777564,20.52472436985281,190.64775154322635,44.90417317835317,78.73919090102873,4.56,1.04,-5.61,-0.05,-1.12,1.4,gmt,gem:608279289,subduction_intraslab
201601292007A,2016-01-29T20:07:00,-71.74,-30.28,42.0,5.1,mw,14.0,33.0,105.0,177.0,58.0,80.0,75.0,60.0,8.0,182.0,13.0,274.0,5.24e+16,-230000000000000.0,-5.22e+16,6860000000000000.0,-2.52e+16,-5110000000000000.0,gmt,gcmt:C201601292007A;gcmt:C201601292007A;us:20160129200715;gem:612141655,subduction_intraslab
201602050528A,2016-02-05T05:28:00,-72.08,-31.0,35.0,5.0,mw,1.0,33.0,90.0,181.0,57.0,90.0,78.0,90.0,0.0,181.0,12.0,271.0,4.74e+16,-9660000000000000.0,-3.77e+16,-180000000000000.0,-1.91e+16,-570000000000000.0,gmt,gcmt:C201602050528A;gcmt:C201602050528A;us:20160205052808;gem:608505010,subduction_intraslab
201602100033A,2016-02-10T00:33:00,-71.9,-30.62,36.0,6.4,mw,11.0,29.0,103.0,176.0,61.0,83.0,72.0,78.0,3.0,178.0,17.0,269.0,3.44e+18,-1.22e+17,-3.318e+18,2.75e+17,-2.34e+18,-9000000000000000.0,gmt,gcmt:C201602100033A;gcmt:C201602100033A;us:20004z5b;neic:611838828;gem:611838828,subduction_intraslab
201602190533A,2016-02-19T05:33:00,-71.81,-30.62,36.0,5.0,mw,358.0,31.0,89.0,179.0,59.0,91.0,83.0,50.0,5.0,179.0,6.0,269.0,2.778e+16,5420000000000000.0,-3.32e+16,1960000000000000.0,-6200000000000000.0,150000000000000.0,gmt,us:10004qzj;gem:608338110,subduction_intraslab
C201603020949A,2016-03-02T09:49:59,-70.98,-18.79,60.4,5.2,mw,343.0,29.0,89.0,165.0,61.0,91.0,74.0,76.0,1.0,344.0,16.0,254.0,5.94e+16,7400000000000000.0,-6.68e+16,1.09e+16,-4.07e+16,2.3e+16,gcmt,gem:608448652,subduction_intraslab
201603121605A,2016-03-12T16:05:00,-71.73,-30.22,37.0,5.1,mw,18.0,36.0,117.0,166.0,58.0,72.0,72.0,16.0,16.0,168.0,8.0,261.0,4.796e+16,240000000000000.0,-4.819e+16,1.724e+16,-1.118e+16,5880000000000000.0,gmt,gcmt:C201603121605A;gcmt:C201603121605A;us:10004x18;neic:608482492;gem:608482492,subduction_intraslab
201603160349A,2016-03-16T03:49:00,-72.03,-31.28,31.0,5.4,mw,353.0,25.0,85.0,178.0,65.0,92.0,77.0,91.0,1.0,355.0,13.0,265.0,9.04e+16,7700000000000000.0,-9.81e+16,1900000000000000.0,-4.66e+16,1.02e+16,gmt,gcmt:C201603160349A;gcmt:C201603160349A;us:20005a3a;neic:608485014;gem:608485014,subduction_intraslab
201604041232A,2016-04-04T12:32:00,-72.0,-31.26,29.0,5.4,mw,1.0,23.0,99.0,171.0,67.0,86.0,70.0,62.0,7.0,170.0,19.0,262.0,9.68e+16,6300000000000000.0,-1.03e+17,2.4e+16,-7.52e+16,1.04e+16,gmt,gcmt:C201604041232A;gcmt:C201604041232A;us:20005eg7;neic:608534586;gem:608534586,subduction_intraslab
201604061735A,2016-04-06T17:35:00,-71.82,-31.46,34.0,5.4,mw,5.0,27.0,95.0,178.0,63.0,87.0,73.0,58.0,7.0,172.0,16.0,264.0,8.19e+16,1.64e+16,-9.84e+16,1.64e+16,-5.44e+16,1e+16,gmt,gcmt:C201604061735A;gcmt:C201604061735A;us:20005fvy;neic:608540955;gem:608540955,subduction_intraslab
C201604160605A,2016-04-16T06:05:27,-70.15,-26.48,101.9,5.3,mw,266.0,51.0,-135.0,143.0,57.0,-49.0,3.0,206.0,33.0,298.0,57.0,111.0,-6.59e+16,6.760000000000001e+16,-1700000000000000.0,1.51e+16,5.15e+16,-3.9e+16,gcmt,gem:608556047,subduction_intraslab
20005j8a,2016-04-17T14:59:44,-71.5267,-30.7666,50.0,4.4,mwr,1.29,74.6,90.48,179.49,15.41,88.26,60.0,272.0,0.0,181.0,30.0,91.0,2981700000000000.0,-224600000000000.0,-2757000000000000.0,123700000000000.0,4812100000000000.0,-12700000000000.0,us,,subduction_intraslab
201604181138A,2016-04-18T11:38:00,-71.49,-31.83,50.0,5.2,mw,347.0,29.0,83.0,175.0,61.0,94.0,67.0,116.0,13.0,350.0,18.0,256.0,6.453e+16,1.077e+16,-7.531e+16,-2700000000000000.0,-5.5e+16,2.86e+16,gmt,gcmt:C201604181138A;gcmt:C201604181138A;us:20005jgy;neic:608557428;gem:608557428,subduction_intraslab
201605111311A,2016-05-11T13:11:00,-71.95,-30.73,30.0,5.4,mw,3.0,27.0,101.0,171.0,64.0,85.0,68.0,85.0,1.0,178.0,22.0,269.0,1.012e+17,900000000000000.0,-1.021e+17,5400000000000000.0,-1.003e+17,600000000000000.0,gmt,gcmt:C201605111311A;gcmt:C201605111311A;us:10005gih;neic:611829748;gem:611829748,subduction_intraslab
201605221147A,2016-05-22T11:47:00,-71.93,-30.54,32.0,5.1,mw,6.0,33.0,102.0,172.0,58.0,82.0,81.0,25.0,7.0,175.0,4.0,266.0,5.416e+16,7020000000000000.0,-6.117e+16,6920000000000000.0,-7950000000000000.0,4880000000000000.0,gmt,gcmt:C201605221147A;gcmt:C201605221147A;us:10005j7v;neic:608816435;gem:608816435,subduction_intraslab
20006257,2016-06-05T05:51:13,-72.02,-29.45,30.5,5.8,mww,203.0,77.0,116.0,318.0,29.0,28.0,51.0,142.0,25.0,16.0,27.0,272.0,2.554e+17,1.338e+17,-3.892e+17,-2.694e+17,-4.383e+17,1.09e+17,us,gcmt:C201606050551A;gcmt:C201606050551A;neic:608988297;gem:608988297,subduction_intraslab
201606061316A,2016-06-06T13:16:00,-71.8,-30.13,39.0,5.4,mw,13.0,38.0,116.0,161.0,56.0,71.0,62.0,87.0,2.0,181.0,27.0,272.0,1.242e+17,4800000000000000.0,-1.29e+17,1700000000000000.0,-1.801e+17,-8600000000000000.0,gmt,gcmt:C201606061316A;gcmt:C201606061316A;us:200062bu;neic:608991514;gem:608991514,subduction_intraslab
201606061321A,2016-06-06T13:21:00,-71.66,-30.06,40.0,5.5,mw,1.0,36.0,91.0,179.0,54.0,89.0,80.0,89.0,1.0,187.0,10.0,277.0,1.318e+17,1.8e+16,-1.498e+17,-3700000000000000.0,-5.38e+16,-2.14e+16,gmt,gcmt:C201606061321A;gcmt:C201606061321A;us:200062by;neic:608991515;gem:608991515,subduction_intraslab
201606220354A,2016-06-22T03:54:00,-72.01,-30.68,35.0,5.1,mw,1.0,28.0,97.0,173.0,62.0,86.0,79.0,43.0,8.0,177.0,8.0,268.0,4.986e+16,7170000000000000.0,-5.703e+16,6590000000000000.0,-1.432e+16,1810000000000000.0,gmt,gcmt:C201606220354A;gcmt:C201606220354A;us:200065x1;neic:609060197;gem:609060197,subduction_intraslab
201606271251A,2016-06-27T12:51:00,-71.46,-31.58,46.0,5.1,mw,9.0,33.0,107.0,169.0,58.0,79.0,64.0,122.0,18.0,351.0,18.0,255.0,2.28e+16,5950000000000000.0,-2.875e+16,-1570000000000000.0,-2.188e+16,1.281e+16,gmt,gcmt:C201606271251A;gcmt:C201606271251A;us:2000676p;neic:609063487;gem:609063487,subduction_intraslab
100062lm,2016-07-11T13:27:36,-71.4021,-30.678,55.0,4.5,mwr,4.18,30.07,107.41,164.26,61.44,80.17,72.0,52.0,9.0,169.0,16.0,261.0,6374500000000000.0,-396200000000000.0,-5978300000000000.0,1775700000000000.0,-3611400000000000.0,492500000000000.0,us,,subduction_intraslab
201607180258A,2016-07-18T02:58:00,-71.95,-30.86,25.0,5.1,mw,3.0,13.0,115.0,157.0,78.0,84.0,56.0,68.0,1.0,160.0,34.0,251.0,9131000000000000.0,798000000000000.0,-9929000000000000.0,8594000000000000.0,-2.3455e+16,3587000000000000.0,gmt,gcmt:C201607180258A;gcmt:C201607180258A;us:20006fgd;gem:609169294,subduction_intraslab
201607180859A,2016-07-18T08:59:00,-71.92,-30.59,37.0,5.1,mw,341.0,38.0,89.0,163.0,52.0,91.0,67.0,352.0,23.0,163.0,3.0,254.0,1.7604e+16,3523000000000000.0,-2.1127e+16,6836000000000000.0,-633000000000000.0,7219000000000000.0,gmt,gcmt:C201607180859A;gcmt:C201607180859A;us:20006fhz;gem:609169311,subduction_intraslab
C201607251726A,2016-07-25T17:26:52,-70.63,-26.15,87.9,6.1,mw,176.0,23.0,-75.0,341.0,68.0,-96.0,23.0,75.0,6.0,343.0,66.0,240.0,-1.28e+18,4.26e+17,8.53e+17,4.85e+17,-1e+18,-1.5e+16,gcmt,gem:611830214,subduction_intraslab
10006c1k,2016-08-08T12:24:32,-71.6675,-31.5788,37.0,4.6,mwr,133.9,71.71,46.63,25.52,46.35,154.29,45.0,0.0,41.0,150.0,15.0,254.0,4766000000000000.0,4702000000000000.0,-9468000000000000.0,5799000000000000.0,-2908000000000000.0,2823000000000000.0,us,gcmt:C201608081224A;gcmt:C201608081224A,subduction_intraslab
201608300809A,2016-08-30T08:09:00,-72.67,-34.91,31.0,5.4,mw,20.0,20.0,98.0,191.0,70.0,87.0,64.0,107.0,0.0,198.0,26.0,288.0,1.066e+17,-8100000000000000.0,-9.85e+16,-4.35e+16,-1.353e+17,-3.41e+16,gmt,gcmt:C201608300809A;gcmt:C201608300809A;us:20006v8s;neic:609387430;gem:609387430,subduction_intraslab
20007dbk,2016-10-12T01:59:21,-71.5186,-30.7093,49.0,4.7,mwr,358.29,49.5,95.65,169.62,40.82,83.42,84.0,309.0,4.0,175.0,4.0,84.0,1.1752e+16,1183000000000000.0,-1.2934e+16,604000000000000.0,1972000000000000.0,1490000000000000.0,us,,subduction_intraslab
C201610250718A,2016-10-25T07:18:27,-71.26,-26.76,30.5,5.0,mw,350.0,26.0,94.0,165.0,64.0,88.0,71.0,70.0,2.0,166.0,19.0,256.0,4.9e+16,-160000000000000.0,-4.88e+16,1.1299999999999998e+16,-3.84e+16,1.17e+16,gcmt,gem:609617989,subduction_intraslab
C201610300449A,2016-10-30T04:49:46,-70.55,-25.21,51.1,5.3,mw,292.0,46.0,-176.0,198.0,87.0,-44.0,27.0,254.0,46.0,15.0,32.0,145.0,-1.27e+16,-4.86e+16,6.13e+16,1.61e+16,7.34e+16,-5.639999999999999e+16,gcmt,gem:609624984,subduction_intraslab
201610311115A,2016-10-31T11:15:00,-72.68,-33.74,30.0,5.0,mw,8.0,35.0,85.0,194.0,55.0,94.0,67.0,89.0,1.0,181.0,23.0,272.0,2.027e+16,1350000000000000.0,-2.162e+16,-240000000000000.0,-2.109e+16,-920000000000000.0,gmt,us:1000738c;gem:609632165,subduction_intraslab
609838916,2016-12-08T20:42:36,-71.874,-31.5275,30.3,5.2,mw,176.22,53.45,98.44,342.24,37.38,78.81,79.0,121.0,7.0,351.0,8.0,260.0,7563000000.0,1595000000.0,-9157000000.0,-285000000.0,-2565000000.0,2021999999.9999995,neic,,subduction_intraslab
201612120140A,2016-12-12T01:40:00,-71.62,-31.03,52.0,5.0,mw,8.0,38.0,102.0,172.0,53.0,81.0,35.612445483960585,44.72775954829109,23.97653029438009,153.3028505237428,44.75917193640856,269.47150395658747,3.69,0.17,-3.86,0.49,-0.96,0.01,gmt,gem:609869842,subduction_intraslab
201612162311A,2016-12-16T23:11:00,-72.06,-30.57,36.0,5.2,mw,334.0,31.0,82.0,163.0,59.0,95.0,76.0,86.0,4.0,341.0,14.0,250.0,6.17e+16,-5860000000000000.0,-5.58e+16,7100000000000000.0,-3.25e+16,2.3e+16,gmt,gcmt:C201612162311A;gcmt:C201612162311A;neic:609916647;gem:609916647,subduction_intraslab
201612251422A,2016-12-25T14:22:00,-74.43,-43.41,33.0,6.8,mw,4.0,19.0,96.0,178.0,71.0,88.0,61.0,96.0,2.0,3.0,29.0,272.0,1.803e+20,-8.9e+18,-1.713e+20,-2.13e+19,-2.881e+20,1.8e+18,gmt,gcmt:C201612251422A;gcmt:C201612251422A;us:10007mn3;neic:609939179;gem:609939179,subduction_intraslab
C201701031341A,2017-01-03T13:41:55,-70.67,-19.91,48.4,5.2,mw,215.0,61.0,19.0,116.0,74.0,149.0,33.0,72.0,56.0,271.0,9.0,168.0,1.41e+16,-5.39e+16,3.98e+16,1.89e+16,-3.22e+16,-2.71e+16,gcmt,gem:610570383,subduction_intraslab
201701032119A,2017-01-03T21:19:00,-74.63,-43.33,24.0,5.4,mw,320.0,26.0,61.0,172.0,68.0,103.0,54.0,54.0,9.0,158.0,34.0,254.0,7.176e+16,2.859e+16,-1.0035e+17,8.818e+16,-1.924e+17,1.494e+16,gmt,gcmt:C201701032119A;gcmt:C201701032119A;us:10007piy;neic:610570390;gem:610570390,subduction_intraslab
201701080033A,2017-01-08T00:33:00,-72.42,-30.23,21.0,5.0,mw,339.0,25.0,73.0,178.0,66.0,98.0,43.245362360571725,283.2418546540968,10.823214372331991,182.88286125120027,44.73322692590417,81.9646183334109,3.0,-0.35,-2.64,-0.17,-2.64,0.55,gmt,gem:610049683,subduction_intraslab
C201701112158A,2017-01-11T21:58:22,-69.91,-22.79,76.9,5.8,mw,169.0,43.0,-129.0,36.0,58.0,-60.0,8.0,105.0,25.0,199.0,63.0,358.0,-3.76e+17,-1.21e+17,4.9800000000000006e+17,-1.77e+17,-9.35e+16,1.58e+17,gcmt,gem:611831542,subduction_intraslab
C201702121621A,2017-02-12T16:21:18,-71.58,-28.01,32.6,5.1,mw,2.0,26.0,101.0,170.0,64.0,85.0,70.0,69.0,5.0,172.0,19.0,264.0,3.95e+16,4540000000000000.0,-4.41e+16,7310000000000000.0,-3.25e+16,3990000000000000.0,gcmt,gem:610208521,subduction_intraslab
20008mhp,2017-02-26T08:59:16,-71.5127,-28.9477,40.5,5.0,mww,3.89,30.06,101.04,171.19,60.55,83.68,74.0,65.0,6.0,174.0,15.0,266.0,3.3649e+16,-2469000000000000.0,-3.1181e+16,5421000000000000.0,-1.8872e+16,993000000000000.0,us,gcmt:C201702260859A;gcmt:C201702260859A;neic:610241380;gem:610241380,subduction_intraslab
201703100622A,2017-03-10T06:22:00,-72.14,-30.63,20.0,5.2,mw,2.0,24.0,93.0,179.0,66.0,89.0,59.0,85.0,4.0,182.0,31.0,274.0,3.1826e+16,4857000000000000.0,-3.6683e+16,-57000000000000.0,-6.5779e+16,-5522000000000000.0,gmt,gcmt:C201703100622A;gcmt:C201703100622A;us:1000882x;neic:610316873;gem:610316873,subduction_intraslab
201703131505A,2017-03-13T15:05:00,-71.5,-30.52,48.0,5.1,mw,358.0,34.0,95.0,173.0,56.0,87.0,87.0,29.0,3.0,172.0,2.0,263.0,5.8554e+16,1.1468e+16,-7.0022e+16,2832000000000000.0,-4299000000000000.0,1.073e+16,gmt,gcmt:C201703131505A;gcmt:C201703131505A;us:100088n2;neic:610327080;gem:610327080,subduction_intraslab
201703311844A,2017-03-31T18:44:00,-71.61,-30.83,42.0,5.3,mw,358.0,30.0,97.0,171.0,60.0,86.0,78.0,69.0,3.0,174.0,11.0,265.0,8.1363e+16,776000000000000.0,-8.2139e+16,7781000000000000.0,-3.3272e+16,7033000000000000.0,gmt,gcmt:C201703311844A;gcmt:C201703311844A;us:10008dmt;neic:610467777;gem:610467777,subduction_intraslab
C201704111339A,2017-04-11T13:39:49,-70.22,-27.71,86.7,5.1,mw,272.0,46.0,171.0,8.0,84.0,45.0,35.0,240.0,45.0,14.0,25.0,132.0,8590000000000000.0,-1.06e+16,2040000000000000.0,2640000000000000.0,3.69e+16,-3.82e+16,gcmt,neic:610526711;gem:610526711,subduction_intraslab
201704130342A,2017-04-13T03:42:00,-71.7,-31.15,46.0,5.4,mw,358.0,38.0,119.0,143.0,58.0,69.0,66.0,5.0,21.0,150.0,13.0,245.0,1.0447e+17,3120000000000000.0,-1.0759e+17,6.068e+16,-3.176e+16,5.114e+16,gmt,gcmt:C201704130342A;gcmt:C201704130342A;us:10008h52;neic:610527238;gem:610527238,subduction_intraslab
201704222246A,2017-04-22T22:46:00,-72.26,-33.02,29.0,5.1,mw,1.0,24.0,84.0,188.0,66.0,93.0,44.80153946728375,102.76674565814947,3.6186068552150665,9.165965112065637,44.97022372040863,275.5438914485758,3.76,-0.04,-3.72,-0.56,-3.32,-0.29,gmt,gem:610547489,subduction_intraslab
201704250143A,2017-04-25T01:43:00,-72.31,-33.35,31.0,5.5,mw,16.0,24.0,107.0,178.0,67.0,83.0,69.0,72.0,7.0,181.0,20.0,274.0,6.0213e+16,1.9854e+16,-8.0067e+16,4083000000000000.0,-5.8345e+16,-9512000000000000.0,gmt,gcmt:C201704250143A;gcmt:C201704250143A;us:10008kgt;neic:616345109;gem:616345109,subduction_intraslab
201704290146A,2017-04-29T01:46:00,-72.08,-33.42,32.0,5.4,mw,5.0,33.0,92.0,183.0,57.0,89.0,75.0,86.0,2.0,184.0,15.0,274.0,4.9167e+16,2844000000000000.0,-5.2011e+16,-105000000000000.0,-2.972e+16,-4623000000000000.0,gmt,gcmt:C201704290146A;gcmt:C201704290146A;us:10008lwz;neic:610588558;gem:610588558,subduction_intraslab
C201704300936A,2017-04-30T09:36:07,-71.17,-19.96,21.9,5.0,mw,344.0,27.0,90.0,163.0,63.0,90.0,72.0,73.0,0.0,164.0,18.0,254.0,4.43e+16,-3950000000000000.0,-4.04e+16,9140000000000000.0,-3.03e+16,1.17e+16,gcmt,gem:610589479,subduction_intraslab
201705131654A,2017-05-13T16:54:00,-72.12,-32.9,28.0,5.3,mw,360.0,20.0,84.0,186.0,70.0,92.0,64.0,80.0,8.0,186.0,25.0,280.0,4.0931e+16,7284000000000000.0,-4.8215e+16,-1595000000000000.0,-5.4856e+16,-1.4223e+16,gmt,gcmt:C201705131654A;gcmt:C201705131654A;us:10008s71;neic:610638449;gem:610638449,subduction_intraslab
201706120243A,2017-06-12T02:43:00,-71.87,-31.49,34.0,5.7,mw,5.0,26.0,99.0,175.0,64.0,86.0,77.0,97.0,4.0,351.0,13.0,260.0,3.9187e+17,9420000000000000.0,-4.0129e+17,6160000000000000.0,-1.9019e+17,7.804e+16,gmt,gcmt:C201706120243A;gcmt:C201706120243A;us:20009lwp;neic:611834102;gem:611834102,subduction_intraslab
201706261444A,2017-06-26T14:44:00,-71.53,-30.77,55.0,5.2,mw,3.0,29.0,101.0,170.0,61.0,84.0,72.0,64.0,11.0,191.0,14.0,284.0,4.6277e+16,-2602000000000000.0,-4.3675e+16,3938000000000000.0,-2.6898e+16,-1.3951e+16,gmt,gcmt:C201706261444A;gcmt:C201706261444A;us:20009pqf;neic:610695069;gem:610695069,subduction_intraslab
201707070304A,2017-07-07T03:04:00,-72.54,-33.65,32.0,5.1,mw,16.0,28.0,98.0,186.0,63.0,86.0,44.31681894986586,87.03029008698229,6.570898027144488,183.48827043104123,44.93283862667732,280.08725366543774,4.75,-0.67,-4.08,-0.1,-3.17,-0.74,gmt,gem:613594725,subduction_intraslab
C201707261011A,2017-07-26T10:11:04,-69.65,-23.89,88.8,5.0,mw,181.0,36.0,-85.0,355.0,54.0,-94.0,9.0,87.0,3.0,357.0,80.0,248.0,-3.34e+16,230000000000000.0,3.32e+16,2500000000000000.0,-1.09e+16,-1200000000000000.0,gcmt,gem:610865034,subduction_intraslab
10009j01,2017-08-02T20:03:24,-71.407,-28.4264,50.5,5.3,mww,72.17,23.67,-52.22,211.92,71.5,-105.03,25.0,314.0,14.0,217.0,61.0,100.0,-5.719e+16,3.679e+16,2.041e+16,3.693e+16,7.064e+16,4.288e+16,us,gcmt:C201708022003A;gcmt:C201708022003A;neic:610868789;gem:610868789,subduction_intraslab
C201708121559A,2017-08-12T15:59:35,-71.28,-19.95,18.6,5.2,mw,339.0,24.0,78.0,172.0,67.0,95.0,68.0,92.0,5.0,350.0,21.0,258.0,5.35e+16,50000000000000.0,-5.36e+16,4800000000000000.0,-5.15e+16,1.42e+16,gcmt,gem:610895594,subduction_intraslab
201708151903A,2017-08-15T19:03:00,-72.25,-30.06,18.0,5.1,mw,352.0,29.0,78.0,186.0,62.0,97.0,76.0,55.0,9.0,184.0,11.0,275.0,5.7663e+16,864000000000000.0,-5.8527e+16,7269000000000000.0,-2.3695e+16,-7196000000000000.0,gmt,gcmt:C201708151903A;gcmt:C201708151903A;us:2000a8iw;neic:610910899;gem:610910899,subduction_intraslab
201708300315A,2017-08-30T03:15:00,-73.75,-37.4,29.0,5.1,mw,10.0,21.0,96.0,183.0,69.0,88.0,44.87983448445125,89.61012559016763,2.876605531928139,182.4782972858595,44.97586292596487,275.35610742427457,3.2,0.0,-3.2,-0.13,-3.59,-0.36,gmt,gem:611974561,subduction_intraslab
C201709042155A,2017-09-04T21:55:22,-70.22,-19.23,105.3,5.2,mw,134.0,48.0,-145.0,19.0,65.0,-48.0,10.0,80.0,37.0,178.0,51.0,338.0,-5.21e+16,-4.26e+16,9.48e+16,-1.23e+16,-2.97e+16,-2.7500000000000004e+16,gcmt,gem:610946058,subduction_intraslab
201709181346A,2017-09-18T13:46:00,-72.15,-31.91,22.0,5.7,mw,351.0,23.0,84.0,177.0,67.0,93.0,55.0,84.0,1.0,174.0,35.0,265.0,2.6874e+17,3.738e+16,-3.0612e+17,7.808e+16,-7.8411e+17,2.578e+16,gmt,gcmt:C201709181346A;gcmt:C201709181346A;us:2000apwd;neic:610984687;gem:610984687,subduction_intraslab
C201712280354A,2017-12-28T03:54:57,-70.49,-24.94,67.4,5.4,mw,358.0,25.0,103.0,164.0,65.0,84.0,69.0,62.0,5.0,167.0,20.0,258.0,1.09e+17,3.18e+16,-1.41e+17,3.2e+16,-1.04e+17,3.25e+16,gcmt,gem:611610346,subduction_intraslab
2000clrz,2018-01-20T11:31:11,-72.108,-29.022,40.5,5.2,mww,295.81,56.87,-20.04,37.08,73.32,-145.21,11.0,163.0,52.0,60.0,36.0,261.0,-1.7164e+16,5.568e+16,-3.8516e+16,-3191000000000000.0,-4.1454e+16,2.24e+16,us,gcmt:C201801201131A;gcmt:C201801201131A;gfz:616220571;gem:616220571,subduction_intraslab
201801261327A,2018-01-26T13:27:00,-74.27,-37.63,23.0,5.0,mw,7.0,28.0,94.0,182.0,62.0,88.0,64.0,105.0,4.0,7.0,26.0,275.0,2.3726e+16,2053000000000000.0,-2.5779e+16,-5314000000000000.0,-3.1147e+16,-991000000000000.0,gmt,gcmt:C201801261327A;gcmt:C201801261327A;us:2000cpsu;gem:611661162,subduction_intraslab
201801261526A,2018-01-26T15:26:00,-74.27,-37.64,19.0,5.0,mw,14.0,26.0,104.0,178.0,65.0,83.0,43.6307201299957,74.84821326945132,9.47099845592861,173.9990078682224,44.81740758791574,273.540535056062,2.9,-0.31,-2.59,0.3,-2.28,-0.29,gmt,gem:611661168,subduction_intraslab
201804050632A,2018-04-05T06:32:00,-74.46,-42.6,37.0,5.1,mw,5.0,25.0,97.0,178.0,66.0,87.0,44.682910852001456,80.66612094657711,4.548007143601985,175.1781980876193,44.956829898397785,269.7337168915557,5.03,-0.68,-4.34,0.35,-4.1,-0.15,gmt,gem:611868130,subduction_intraslab
C201804051112A,2018-04-05T11:12:14,-70.6,-20.27,87.8,5.5,mw,123.0,61.0,175.0,216.0,86.0,29.0,23.0,83.0,60.0,223.0,17.0,346.0,-3800000000000000.0,-2.12e+17,2.16e+17,-4.36e+16,-1.29e+17,-7.69e+16,gcmt,gem:611868312,subduction_intraslab
201804101019A,2018-04-10T10:19:00,-71.58,-31.05,82.0,6.2,mw,120.0,26.0,-118.0,331.0,67.0,-77.0,23.0,48.0,14.0,145.0,63.0,264.0,-1.9197e+18,1.2296e+18,6.9e+17,5.983e+17,-1.92e+18,-6.851e+17,gmt,gcmt:C201804101019A;gcmt:C201804101019A;us:2000dxfc;gfz:611872858;gem:611872858,subduction_intraslab
201805060244A,2018-05-06T02:44:00,-72.48,-34.23,31.0,5.3,mw,25.0,24.0,105.0,190.0,67.0,84.0,65.0,83.0,7.0,188.0,24.0,281.0,5.356e+16,6831000000000000.0,-6.039e+16,-3962000000000000.0,-6.3824e+16,-1.7587e+16,gmt,gcmt:C201805060244A;gcmt:C201805060244A;us:1000dz41;gfz:611930847;gem:611930847,subduction_intraslab
201806020617A,2018-06-02T06:17:00,-73.9,-38.35,29.0,5.3,mw,354.0,19.0,87.0,177.0,72.0,91.0,63.0,86.0,1.0,178.0,27.0,268.0,5.0536e+16,5030000000000000.0,-5.5566e+16,3790000000000000.0,-7.2682e+16,1513000000000000.0,gmt,gcmt:C201806020617A;gcmt:C201806020617A;us:1000ehan;gfz:611973684;gem:611973684,subduction_intraslab
C201808270916A,2018-08-27T09:16:07,-71.61,-29.65,49.4,5.0,mw,214.0,45.0,122.0,352.0,53.0,62.0,67.0,202.0,22.0,10.0,4.0,102.0,3.62e+16,6560000000000000.0,-4.269999999999999e+16,-1.2e+16,8950000000000000.0,-1.16e+16,gcmt,neic:612638791;gem:612638791,subduction_intraslab
2000hbtu,2018-09-10T08:24:15,-71.2331,-28.8383,40.5,5.3,mww,17.75,28.53,87.7,200.37,61.49,91.25,73.0,113.0,1.0,20.0,16.0,289.0,1.1807e+17,-2.581e+16,-9.226e+16,-2.648e+16,-6.6e+16,-2.567e+16,us,gfz:612708746,subduction_intraslab
C201809191842A,2018-09-19T18:42:24,-70.56,-19.44,107.5,5.0,mw,116.0,58.0,-153.0,12.0,68.0,-35.0,6.0,66.0,49.0,163.0,40.0,331.0,-2.34e+16,-1.41e+16,3.74e+16,-8840000000000000.0,-1.28e+16,-3.1e+16,gcmt,gem:612727681,subduction_intraslab
C201809221313A,2018-09-22T13:14:04,-71.13,-25.8,34.2,5.4,mw,226.0,45.0,119.0,8.0,52.0,65.0,70.0,217.0,20.0,24.0,4.0,116.0,1.29e+17,-1.48e+16,-1.1499999999999998e+17,-3.31e+16,3.75e+16,-6.760000000000001e+16,gcmt,gem:612739747,subduction_intraslab
C201809230532A,2018-09-23T05:32:16,-70.35,-24.43,65.9,5.3,mw,4.0,20.0,108.0,165.0,71.0,84.0,63.0,65.0,6.0,167.0,26.0,260.0,1.01e+17,1.97e+16,-1.21e+17,4.14e+16,-1.3999999999999998e+17,1.7399999999999998e+16,gcmt,gem:612739919,subduction_intraslab
201810251119A,2018-10-25T11:19:00,-72.03,-30.53,35.0,5.0,mw,3.0,35.0,94.0,178.0,55.0,87.0,44.26727314232453,77.0193512473158,6.597414471204307,173.49247999890633,44.97632858449655,270.12856121286745,3.65,-0.2,-3.44,0.17,-1.27,-0.02,gmt,gem:613513855,subduction_intraslab
201811091854A,2018-11-09T18:54:00,-71.91,-30.64,33.0,5.2,mw,3.0,31.0,98.0,174.0,59.0,85.0,73.0,72.0,3.0,173.0,17.0,264.0,5.4053e+16,3916000000000000.0,-5.7969e+16,7783000000000000.0,-3.6972e+16,5858000000000000.0,gmt,gcmt:C201811091854A;gcmt:C201811091854A;us:1000hpxh;neic:613970829;gem:613970829,subduction_intraslab
201812012355A,2018-12-01T23:55:00,-72.55,-33.95,20.0,5.6,mw,8.0,20.0,93.0,185.0,70.0,89.0,64.0,91.0,4.0,188.0,26.0,280.0,1.5739e+17,-920000000000000.0,-1.5647e+17,-1.882e+16,-2.0629e+17,-3.526e+16,gmt,gcmt:C201812012355A;gcmt:C201812012355A;us:1000i02j;gfz:616643659;gem:616643659,subduction_intraslab
2000j6hy,2019-01-20T01:32:51,-71.4236,-30.0614,60.5,6.7,mww,186.79,41.5,-102.11,22.78,49.62,-79.48,4.0,105.0,8.0,196.0,81.0,348.0,-1.4388e+19,4.22e+18,1.0168e+19,-3.012e+18,-1.035e+18,1.545e+18,us,gcmt:C201901200132A;gcmt:C201901200132A;gfz:614617823;gem:614617823,subduction_intraslab
C201901300744A,2019-01-30T07:44:47,-70.61,-25.99,58.5,5.6,mw,189.0,8.0,-76.0,355.0,83.0,-92.0,38.0,87.0,2.0,355.0,52.0,263.0,-1.08e+17,5.35e+16,5.44e+16,3.08e+16,-3.02e+17,9800000000000000.0,gcmt,gem:614594105,subduction_intraslab
614944184,2019-02-19T05:09:44,-71.411,-28.011,33.4,4.99,mw,172.0,51.0,105.0,328.0,41.0,72.0,21.42389717555672,318.81508329187574,37.87851089502726,211.0436332266988,44.404004962920126,71.41522559550879,3.73,-0.42,-3.31,-0.56,-0.9,1.21,gem,,subduction_intraslab
201903012243A,2019-03-01T22:43:00,-71.84,-30.65,34.0,5.1,mw,356.0,29.0,86.0,181.0,61.0,92.0,82.0,74.0,2.0,179.0,8.0,269.0,3.822e+16,3875000000000000.0,-4.2095e+16,1472000000000000.0,-1.1417e+16,408000000000000.0,gmt,gcmt:C201903012243A;gcmt:C201903012243A;us:1000j9nk;gfz:615092454;gem:615092454,subduction_intraslab
201903022021A,2019-03-02T20:21:00,-72.69,-33.67,17.0,5.5,mw,352.0,17.0,68.0,195.0,74.0,97.0,56.0,101.0,0.0,10.0,34.0,280.0,9.273e+16,-1.907e+16,-7.366e+16,-3.783e+16,-2.0454e+17,-9600000000000000.0,gmt,gcmt:C201903022021A;gcmt:C201903022021A;us:1000j9yt;gfz:615093192;gem:615093192,subduction_intraslab
1000jh4d,2019-03-16T18:06:16,-72.0,-29.7729,35.5,5.2,mww,162.74,22.02,67.07,7.26,69.8,98.95,64.0,292.0,8.0,184.0,24.0,90.0,3.8446e+16,2.7647e+16,-6.6093e+16,6046000000000000.0,5.9192e+16,2039000000000000.0,us,gcmt:C201903161806A;gcmt:C201903161806A;gfz:615225068;gem:615225068,subduction_intraslab
C201903251052A,2019-03-25T10:52:43,-69.99,-21.26,66.1,5.0,mw,199.0,16.0,-83.0,12.0,74.0,-92.0,29.0,104.0,2.0,13.0,61.0,279.0,-1.4e+16,-1.07e+16,2.47e+16,-7150000000000000.0,-3.2e+16,9540000000000000.0,gcmt,gem:615303137,subduction_intraslab
C201903281505A,2019-03-28T15:05:37,-70.29,-24.62,73.1,5.4,mw,0.0,24.0,101.0,168.0,67.0,85.0,68.0,69.0,5.0,170.0,22.0,262.0,8.37e+16,4.12e+16,-1.25e+17,2.07e+16,-9.76e+16,2.23e+16,gcmt,gem:615327146,subduction_intraslab
700038b8,2019-04-18T04:06:34,-72.0,-29.3688,50.5,5.6,mww,163.82,17.26,-100.01,354.29,73.01,-86.91,28.0,82.0,3.0,173.0,62.0,269.0,-1.9925e+17,1.127e+16,1.8797e+17,2.299e+16,-2.9047e+17,-3.621e+16,us,gcmt:C201904180406A;gcmt:C201904180406A;gfz:615410468;gem:615410468,subduction_intraslab
201904211000A,2019-04-21T10:00:00,-71.86,-35.86,86.0,5.0,mw,327.0,59.0,-154.0,223.0,68.0,-34.0,32.40726156044449,96.89440710262716,56.53031142872749,260.6704755519657,7.474597952648928,2.1169180560322047,-1.85,-2.5,4.35,1.65,0.41,0.61,gmt,gem:615412589,subduction_intraslab
C201904260622A,2019-04-26T06:22:38,-71.1,-25.81,34.1,5.5,mw,10.0,46.0,74.0,213.0,46.0,106.0,79.0,201.0,11.0,22.0,0.0,292.0,2.76e+17,-6.11e+16,-2.15e+17,-6.12e+16,2.27e+16,-7.26e+16,gcmt,gem:615422685,subduction_intraslab
C201905171416A,2019-05-17T14:16:25,-70.26,-19.77,93.2,5.0,mw,177.0,21.0,-75.0,341.0,69.0,-96.0,24.0,76.0,5.0,343.0,65.0,241.0,-3.15e+16,1.48e+16,1.67e+16,1.22e+16,-2.42e+16,2450000000000000.0,gcmt,gem:615738343,subduction_intraslab
C201906030842A,2019-06-03T08:42:13,-70.51,-19.69,79.9,5.2,mw,165.0,25.0,-80.0,334.0,66.0,-95.0,21.0,68.0,4.0,336.0,69.0,235.0,-3.02e+16,-2.43e+16,5.46e+16,1.72e+16,-4.07e+16,-3.85e+16,gcmt,gem:615868811,subduction_intraslab
C201906051619A,2019-06-05T16:19:45,-70.15,-27.43,98.3,5.3,mw,157.0,26.0,-138.0,28.0,73.0,-70.0,26.0,103.0,19.0,202.0,57.0,324.0,-6.42e+16,-1.93e+16,8.36e+16,-5.540000000000001e+16,-7.99e+16,4800000000000000.0,gcmt,gfz:615913991;gem:615913991,subduction_intraslab
201906132250A,2019-06-13T22:50:00,-71.52,-30.46,63.0,5.0,mw,2.0,37.0,105.0,164.0,55.0,79.0,83.0,37.0,5.0,174.0,5.0,264.0,3.5936e+16,-1783000000000000.0,-3.4153e+16,4247000000000000.0,-5837000000000000.0,2916000000000000.0,gmt,gcmt:C201906132250A;gcmt:C201906132250A;us:600040ir;gfz:615952693;gem:615952693,subduction_intraslab
700046ge,2019-06-28T08:30:43,-71.1404,-29.3782,80.5,5.0,mww,312.86,77.2,12.13,220.14,78.18,166.91,18.0,176.0,72.0,359.0,1.0,267.0,4307000000000000.0,4.0188e+16,-4.4495e+16,-1.2664e+16,-1334000000000000.0,5195000000000000.0,us,gcmt:C201906280830A;gcmt:C201906280830A;gfz:615979915;gem:615979915,subduction_intraslab
201908151423A,2019-08-15T14:23:00,-72.11,-30.01,24.0,5.0,mw,7.0,28.0,98.0,177.0,62.0,86.0,74.0,94.0,1.0,2.0,16.0,271.0,2.2042e+16,2936000000000000.0,-2.4978e+16,-626000000000000.0,-1.5082e+16,-656000000000000.0,gmt,us:600055ei,subduction_intraslab
201908240233A,2019-08-24T02:33:00,-71.5,-31.46,96.0,5.0,mw,306.0,49.0,-167.0,207.0,81.0,-42.0,31.742306567983107,82.77218770797629,48.60841848358405,217.35258343518493,23.609941619535057,337.0839984615737,-0.98,-2.1,3.09,1.0,1.97,-1.1,gmt,gem:616249225,subduction_intraslab
201908242336A,2019-08-24T23:36:00,-74.42,-43.14,32.0,5.2,mw,15.0,27.0,89.0,196.0,63.0,91.0,67.0,89.0,8.0,198.0,22.0,291.0,3.922e+16,-2167000000000000.0,-3.7053e+16,-7650000000000000.0,-3.9192e+16,-1.886e+16,gmt,gcmt:C201908242336A;gcmt:C201908242336A;us:700057x3;gfz:616249515;gem:616249515,subduction_intraslab
C201909012132A,2019-09-01T21:32:21,-71.38,-18.69,40.1,5.1,mw,332.0,31.0,75.0,170.0,60.0,99.0,74.0,104.0,8.0,346.0,14.0,254.0,7.22e+16,7800000000000000.0,-8.01e+16,3500000000000000.5,-4.52e+16,3.11e+16,gcmt,gem:616255930,subduction_intraslab
201911030806A,2019-11-03T08:06:00,-72.13,-30.75,20.0,5.2,mw,1.0,22.0,92.0,179.0,68.0,89.0,57.0,92.0,2.0,359.0,32.0,267.0,2.8206e+16,642000000000000.0,-2.8848e+16,402000000000000.0,-6.115e+16,2744000000000000.0,gmt,gcmt:C201911030806A;gcmt:C201911030806A;us:700062hv;gfz:616747109;gem:616747109,subduction_intraslab
201911042153A,2019-11-04T21:53:00,-71.37,-31.81,67.0,6.1,mw,205.0,33.0,118.0,352.0,61.0,73.0,74.0,217.0,14.0,5.0,8.0,97.0,1.4143e+18,-2.44e+16,-1.3899e+18,-3.303e+17,4.554e+17,-2.199e+17,gmt,gcmt:C201911042153A;gcmt:C201911042153A;us:70006345;gfz:616962653;gem:616962653,subduction_intraslab
C201912030846A,2019-12-03T08:46:40,-71.02,-18.59,60.0,6.0,mw,343.0,30.0,89.0,165.0,60.0,91.0,74.0,77.0,1.0,344.0,15.0,254.0,1.07e+18,1.58e+17,-1.23e+18,1.88e+17,-7.03e+17,4.33e+17,gcmt,gem:617614780,subduction_intraslab
617050357,2020-01-01T16:51:32,-71.5582,-30.2857,40.9,5.0,mw,35.06,45.6,132.02,162.89,57.94,55.64,60.0,19.0,29.0,183.0,7.0,277.0,2690000000.0,785000000.0,-3475000000.0,1385999999.9999998,-929000000.0,-682000000.0000001,neic,,subduction_intraslab
C202002111350A,2020-02-11T13:50:07,-70.63,-24.8,70.0,5.3,mw,90.0,8.0,-177.0,357.0,90.0,-82.0,44.0,79.0,8.0,177.0,45.0,275.0,-3130000000000000.0,5190000000000000.0,-2060000000000000.0,4030000000000000.0,-9.67e+16,-1.29e+16,gcmt,gem:617485805,subduction_intraslab
202003170812A,2020-03-17T08:12:00,-73.13,-36.17,38.0,5.5,mw,109.0,28.0,79.0,301.0,62.0,96.0,72.0,244.0,10.0,120.0,15.0,27.0,2.1571e+17,-1.9502e+17,-2.069e+16,-9.659e+16,9.807e+16,1.0387e+17,gmt,gcmt:C202003170812A;gcmt:C202003170812A;us:60008gzt;gfz:617795010;gem:617795010,subduction_intraslab
202003240652A,2020-03-24T06:52:00,-71.89,-30.5,36.0,5.0,mw,6.0,35.0,99.0,176.0,56.0,84.0,41.78437631455654,62.4042268824179,13.947064484498668,165.2264039027558,44.88037924239421,269.5449150226072,4.2,-0.77,-3.43,0.46,-1.47,-0.09,gmt,gem:617812788,subduction_intraslab
202006251155A,2020-06-25T11:55:00,-71.82,-32.13,35.0,5.2,mw,28.0,39.0,129.0,162.0,60.0,63.0,76.0,20.0,14.0,187.0,3.0,278.0,6.4184e+16,1.2973e+16,-7.7157e+16,1.1585e+16,-9186000000000000.0,-1.3584e+16,gmt,gcmt:C202006251155A;gcmt:C202006251155A;us:7000ab22;neic:618590068;gem:618590068,subduction_intraslab
202007021235A,2020-07-02T12:35:00,-72.34,-34.14,33.0,5.0,mw,8.0,29.0,90.0,188.0,61.0,90.0,45.00000000000003,98.00000000000006,2.067360542951286e-14,8.0,44.99999999999998,278.0,3.95,-0.48,-3.47,-0.34,-2.37,-0.43,gmt,gem:618653099,subduction_intraslab
C202007170540A,2020-07-17T05:40:39,-70.11,-20.25,75.6,5.9,mw,213.0,25.0,-55.0,355.0,70.0,-105.0,23.0,97.0,14.0,0.0,62.0,241.0,-7.68e+17,-1.28e+17,8.96e+17,1.68e+17,-9.23e+17,2.38e+17,gcmt,gem:618683069,subduction_intraslab
C202008160318A,2020-08-16T03:18:51,-70.31,-19.29,91.6,5.2,mw,94.0,38.0,-138.0,329.0,66.0,-60.0,16.0,37.0,27.0,135.0,58.0,280.0,-3.56e+16,3.16e+16,4030000000000000.0,4760000000000000.0,-3.39e+16,-2.39e+16,gcmt,gem:618727763,subduction_intraslab
C202009010409A,2020-09-01T04:09:39,-71.41,-28.01,34.4,6.8,mw,15.0,24.0,112.0,171.0,68.0,81.0,65.0,65.0,9.0,174.0,23.0,268.0,1.67e+19,7.5e+17,-1.75e+19,4.34e+18,-1.72e+19,-8.599999999999999e+17,gcmt,gfz:618938653;gem:618938653,subduction_intraslab
C202009010430A,2020-09-01T04:30:11,-71.37,-28.05,37.6,6.3,mw,21.0,30.0,119.0,168.0,65.0,74.0,67.0,49.0,14.0,175.0,18.0,269.0,2.58e+18,1.33e+17,-2.71e+18,8.46e+17,-1.93e+18,-2.43e+17,gcmt,gfz:618938658;gem:618938658,subduction_intraslab
C202009010701A,2020-09-01T07:01:31,-71.65,-28.17,36.5,5.7,mw,6.0,31.0,105.0,169.0,60.0,81.0,73.0,57.0,7.0,173.0,15.0,265.0,6.31e+17,-8.14e+16,-5.49e+17,1.3700000000000002e+17,-3.3e+17,1.17e+16,gcmt,gfz:618938669;gem:618938669,subduction_intraslab
C202009011031A,2020-09-01T10:31:58,-71.53,-27.94,23.1,5.7,mw,7.0,24.0,104.0,172.0,67.0,84.0,68.0,71.0,5.0,174.0,22.0,267.0,2.81e+17,5900000000000000.0,-2.87e+17,5.25e+16,-2.62e+17,2900000000000000.0,gcmt,gfz:618944067;gem:618944067,subduction_intraslab
C202009011713A,2020-09-01T17:13:27,-71.61,-27.84,29.1,5.0,mw,7.0,23.0,104.0,172.0,67.0,84.0,67.0,72.0,5.0,174.0,22.0,267.0,4.08e+16,-230000000000000.0,-4.05e+16,7800000000000000.0,-3.96e+16,190000000000000.0,gcmt,gfz:618946574;gem:618946574,subduction_intraslab
C202009012109A,2020-09-01T21:09:26,-71.46,-28.03,23.6,6.5,mw,17.0,22.0,116.0,169.0,70.0,80.0,63.0,63.0,10.0,173.0,25.0,267.0,3.3e+18,3.98e+17,-3.7e+18,1.02e+18,-3.97e+18,-1.83e+17,gcmt,gfz:618947023;gem:618947023,subduction_intraslab
618950110,2020-09-02T03:04:28,-71.407,-27.881,25.3,5.08,mw,173.0,63.0,90.0,352.0,27.0,89.0,44.99999999999998,263.0,1.5107634736951704e-14,173.0,45.00000000000003,83.0,4.5,-0.54,-3.97,0.35,-3.06,0.45,gem,,subduction_intraslab
618979556,2020-09-05T06:39:42,-71.696,-27.959,18.4,4.98,mw,184.0,71.0,91.0,359.0,20.0,86.0,44.979708059568026,275.612395542518,1.1997955409689065,184.41318671167733,44.99517143321325,93.21333031016876,2.54,-0.37,-2.17,-0.23,-2.9,-0.03,gem,,subduction_intraslab
202009060116A,2020-09-06T01:16:00,-71.8,-30.41,38.0,6.3,mw,7.0,28.0,100.0,175.0,62.0,84.0,74.0,57.0,7.0,175.0,14.0,266.0,3.0543e+18,5000000000000000.0,-3.0592e+18,5.474e+17,-1.5434e+18,8.33e+16,gmt,gcmt:C202009060116A;gcmt:C202009060116A;us:7000biqb;gfz:619500226;gem:619500226,subduction_intraslab
C202009110735A,2020-09-11T07:36:01,-69.99,-21.38,56.9,6.2,mw,315.0,69.0,169.0,49.0,80.0,22.0,22.0,274.0,66.0,73.0,7.0,181.0,4.01e+17,-2.87e+18,2.47e+18,4.48e+17,1e+18,1.97e+17,gcmt,gem:618998155,subduction_intraslab
619481080,2020-10-13T17:16:17,-71.172,-26.16,26.1,5.01,mw,176.0,74.0,99.0,328.0,18.0,63.0,43.64029297934515,278.79157361052137,10.164632031861023,178.94692809136473,44.57475012518975,78.77227339354488,2.02,0.27,-2.28,0.11,-3.39,0.77,gem,,subduction_intraslab
C202010210913A,2020-10-21T09:13:12,-71.06,-25.47,27.6,5.7,mw,12.0,26.0,117.0,163.0,67.0,78.0,65.0,51.0,11.0,167.0,22.0,262.0,3.65e+17,4.89e+16,-4.14e+17,1.47e+17,-3.46e+17,2.58e+16,gcmt,gem:619500649,subduction_intraslab
202010280452A,2020-10-28T04:52:00,-71.72,-34.96,77.0,5.4,mw,342.0,54.0,-148.0,232.0,65.0,-40.0,1.0,280.0,32.0,10.0,58.0,188.0,-1.4826e+17,-7.67e+16,2.2496e+17,6.744e+16,-5310000000000000.0,5.116e+16,gmt,gcmt:C202010280452A;gcmt:C202010280452A;us:7000c6lj;gfz:619552835;gem:619552835,subduction_intraslab
7000c6u9,2020-10-28T14:53:17,-71.2496,-29.3285,50.5,5.8,mww,230.36,37.63,136.83,356.97,65.31,60.65,59.0,225.0,26.0,10.0,15.0,108.0,3.5563e+17,5.507e+16,-4.1071e+17,-1.0255e+17,3.0172e+17,-2.3441e+17,us,gcmt:C202010281453A;gcmt:C202010281453A;gfz:619509668;gem:619509668,subduction_intraslab
202011210211A,2020-11-21T02:11:00,-71.47,-31.07,62.0,5.5,mw,353.0,32.0,98.0,164.0,58.0,85.0,81.0,31.0,7.0,168.0,6.0,259.0,2.3994e+17,-1.019e+16,-2.2975e+17,4.084e+16,-4.665e+16,4.24e+16,gmt,gcmt:C202011210211A;gcmt:C202011210211A;us:6000cr45;gfz:619554535;gem:619554535,subduction_intraslab
202011220054A,2020-11-22T00:54:00,-73.12,-34.67,34.0,6.1,mw,171.0,48.0,169.0,268.0,82.0,43.0,32.0,138.0,56.0,296.0,10.0,41.0,1.434e+17,-4.26e+16,-1.007e+17,-1.0187e+18,-7.029e+17,1.4231e+18,gmt,gcmt:C202011220054A;gcmt:C202011220054A;us:6000crcq;gfz:619646130;gem:619646130,subduction_intraslab
C202012021700A,2020-12-02T17:00:39,-69.47,-24.22,104.3,5.2,mw,84.0,36.0,-138.0,317.0,67.0,-62.0,17.0,27.0,26.0,126.0,58.0,267.0,-3.95e+16,4.35e+16,-3950000000000000.0,1.56e+16,-3.67e+16,-1.9e+16,gcmt,gem:619569175,subduction_intraslab
202012080707A,2020-12-08T07:07:00,-71.48,-32.15,44.0,5.0,mw,181.0,31.0,77.0,15.0,60.0,98.0,1.8,342.28,65.87,248.26,24.05,73.09,-862000000.0,3274000000.0,-2412000000.0,-225000000.0,1195000000.0,1976000000.0,gmt,gfz:619580150;gem:619580150,subduction_intraslab
202101160353A,2021-01-16T03:53:00,-71.38,-31.09,62.0,5.2,mw,30.0,21.0,-34.0,152.0,78.0,-108.0,36.0,247.0,19.0,142.0,48.0,30.0,-1.0818e+16,-1.0553e+16,2.1371e+16,-3.0938e+16,3.1984e+16,-217000000000000.0,gmt,gcmt:C202101160353A;us:7000d0k5;gfz:619720637,subduction_intraslab
202104191113A,2021-04-19T11:13:00,-72.45,-33.97,22.0,5.2,mw,11.0,22.0,99.0,182.0,68.0,86.0,61.0,57.0,13.0,173.0,25.0,269.0,3.7156e+16,-1446000000000000.0,-3.571e+16,1.528e+16,-4.2366e+16,-6532000000000000.0,gmt,gcmt:C202104191113A;us:6000e2uw;gfz:620344949,subduction_intraslab
202105020657A,2021-05-02T06:57:00,-71.71,-30.18,42.0,5.8,mw,9.0,36.0,122.0,151.0,60.0,69.0,70.0,15.0,16.0,155.0,12.0,249.0,4.5527e+17,60000000000000.0,-4.5534e+17,2.0327e+17,-1.4968e+17,1.6887e+17,gmt,gcmt:C202105020657A;us:7000dzfk;gfz:620349023,subduction_intraslab
202106120336A,2021-06-12T03:36:00,-72.3,-33.65,28.0,5.2,mw,15.0,22.0,97.0,187.0,68.0,87.0,77.0,2.0,13.0,187.0,1.0,97.0,4.7481e+16,5056000000000000.0,-5.2537e+16,9991000000000000.0,779000000000000.0,-7216000000000000.0,gmt,gcmt:C202106120336A;us:7000ec9v;neic:620513710,subduction_intraslab
202106221916A,2021-06-22T19:16:00,-71.14,-32.06,75.0,5.0,mw,21.0,41.0,-81.0,190.0,49.0,-97.0,4.0,285.0,6.0,195.0,83.0,49.0,-3.31e+16,-1740000000000000.0,3.4900000000000004e+16,-1500000000000000.0,5400000000000000.0,1.1e+16,gmt,gcmt:C202106221916A,subduction_intraslab
7000eijq,2021-07-04T01:01:46,-71.8783,-28.4475,23.5,5.9,mww,21.66,22.06,107.83,182.52,69.05,82.93,65.0,81.0,7.0,185.0,24.0,278.0,5.9385e+17,-8.074e+16,-5.1312e+17,2.223e+16,-6.2476e+17,-1.1152e+17,us,gcmt:C202107040101A;gfz:620733495,subduction_intraslab
202107311214A,2021-07-31T12:14:00,-71.96,-32.75,33.0,5.2,mw,352.0,32.0,89.0,173.0,58.0,91.0,,,,,,,,,,,,,gmt,,subduction_intraslab
C202109011835A,2021-09-01T18:35:50,-71.35,-27.8,42.4,5.6,mw,21.0,29.0,119.0,169.0,65.0,75.0,67.0,52.0,14.0,175.0,19.0,270.0,3.16e+17,4.21e+16,-3.58e+17,9.41e+16,-2.6e+17,-3.11e+16,gcmt,gfz:621013627,subduction_intraslab
202109140156A,2021-09-14T01:56:00,-72.08,-31.79,27.0,5.1,mw,342.0,25.0,81.0,172.0,66.0,94.0,,,,,,,,,,,,,gmt,,subduction_intraslab
202109201312A,2021-09-20T13:12:00,-74.2,-36.85,19.0,5.1,mw,359.0,22.0,82.0,188.0,69.0,93.0,61.0,96.0,0.0,187.0,29.0,277.0,2.6792e+16,887000000000000.0,-2.7679e+16,-5161000000000000.0,-4.5221e+16,-3553000000000000.0,gmt,gcmt:C202109201312A;us:7000fcvb,subduction_intraslab
202109221742A,2021-09-22T17:42:00,-74.27,-36.85,23.0,5.0,mw,348.0,32.0,70.0,191.0,61.0,102.0,,,,,,,,,,,,,gmt,,subduction_intraslab
202110041236A,2021-10-04T12:36:00,-72.15,-31.72,30.0,5.1,mw,344.0,30.0,87.0,168.0,60.0,92.0,,,,,,,,,,,,,gmt,,subduction_intraslab
202205040345A,2022-05-04T03:45:00,-72.01,-32.2,32.0,5.0,mw,355.0,36.0,62.0,208.0,58.0,109.0,67.0,142.0,14.0,16.0,18.0,281.0,1.8558e+16,8665000000000000.0,-2.7223e+16,-7202000000000000.0,-1.5986e+16,-5633000000000000.0,gmt,us:7000h6x9,subduction_intraslab
202205040654A,2022-05-04T06:54:00,-72.02,-32.31,35.0,5.0,mw,4.0,27.0,72.0,205.0,64.0,99.0,,,,,,,,,,,,,gmt,,subduction_intraslab
202205041159A,2022-05-04T11:59:00,-71.99,-32.29,32.0,5.3,mw,359.0,23.0,65.0,206.0,69.0,100.0,60.0,133.0,6.0,33.0,29.0,300.0,3.5073e+16,-3400000000000000.0,-3.1673e+16,-3.5938e+16,-4.8983e+16,-1.737e+16,gmt,gcmt:C202205041159A;us:7000h6zc;gfz:622511287,subduction_intraslab
202205041248A,2022-05-04T12:48:00,-72.06,-32.26,32.0,5.1,mw,357.0,33.0,72.0,198.0,59.0,101.0,78.0,165.0,12.0,360.0,3.0,269.0,5.83e+16,4161000000000000.0,-6.2462e+16,-1.2095e+16,-6477000000000000.0,1743000000000000.0,gmt,gcmt:C202205041248A;us:7000h6zr;neic:622511291,subduction_intraslab
7000hk3y,2022-06-25T03:54:51,-71.4862,-29.5435,78.0,5.1,mwr,159.87,86.21,68.58,60.31,21.74,169.72,45.0,49.0,21.0,161.0,38.0,269.0,-772000000000000.0,2.8658e+16,-2.7886e+16,6602000000000000.0,-5.0904e+16,-3226000000000000.0,us,gcmt:C202206250354A,subduction_intraslab
202301120619A,2023-01-12T06:19:00,-71.5,-30.77,61.0,5.6,mw,353.0,34.0,94.0,168.0,57.0,87.0,77.0,60.0,6.0,176.0,12.0,267.0,2.2525e+17,2.784e+16,-2.5309e+17,2.725e+16,-1.0132e+17,8230000000000000.0,gmt,gcmt:C202301120619A;us:7000j3ty;gfz:625548133,subduction_intraslab
6000jlhg,2023-02-05T01:02:48,-71.2512,-29.6462,70.5,5.5,mww,184.74,45.45,-103.67,23.86,46.18,-76.5,0.0,104.0,10.0,194.0,80.0,12.0,-2.3703e+17,3.855e+16,1.9848e+17,-4.581e+16,8770000000000000.0,4.348e+16,us,gcmt:C202302050102A;gfz:625612741,subduction_intraslab
7000jhkz,2023-03-06T07:34:50,-71.6699,-29.704,30.5,5.0,mww,200.51,12.11,-75.84,6.04,78.26,-93.01,33.0,99.0,3.0,7.0,57.0,272.0,-1.3884e+16,-4308000000000000.0,1.8192e+16,-3922000000000000.0,-3.7536e+16,4654000000000000.0,us,gcmt:C202303060734A,subduction_intraslab
7000jlpd,2023-03-21T17:38:13,-71.3517,-33.6061,66.0,5.5,mwr,99.68,40.64,37.17,339.77,66.83,124.37,55.0,293.0,31.0,145.0,15.0,45.0,1.408e+17,-1.1394e+17,-2.686e+16,6.087e+16,1.7494e+17,7.303e+16,us,gfz:625897876,subduction_intraslab
C202304041908A,2023-04-04T19:08:50,-70.91,-27.44,59.8,5.9,mw,240.0,27.0,-40.0,7.0,73.0,-111.0,25.0,113.0,20.0,13.0,57.0,250.0,-3.9e+17,-1.07e+17,4.96e+17,-1.09e+17,-6.83e+17,4.3e+17,gcmt,gfz:625945716,subduction_intraslab
7000krpr,2023-08-28T23:25:01,-73.2338,-43.8129,87.0,5.0,mwr,5.09,81.72,-99.55,234.55,12.62,-41.23,36.0,103.0,9.0,6.0,52.0,264.0,-1.2683e+16,2016000000000000.0,1.0667e+16,-2483000000000000.0,-4.1565e+16,8101000000000000.0,us,neic:635869461,subduction_intraslab
202309062348A,2023-09-06T23:48:00,-71.73,-30.34,44.0,6.3,mw,12.0,34.0,107.0,172.0,58.0,79.0,76.0,43.0,10.0,179.0,9.0,270.0,2.9981e+18,-5.83e+16,-2.9397e+18,5.763e+17,-1.0072e+18,-1.135e+17,gmt,gcmt:C202309062348A;us:7000ktti,subduction_intraslab
C202309111337A,2023-09-11T13:37:14,-71.4,-27.18,26.6,5.5,mw,356.0,15.0,90.0,176.0,75.0,90.0,60.0,86.0,0.0,356.0,30.0,266.0,1.28e+17,2.25e+16,-1.51e+17,1.6800000000000002e+16,-2.42e+17,1.25e+16,gcmt,,subduction_intraslab
7000kw9z,2023-09-17T04:01:49,-71.4572,-29.4108,45.5,5.1,mww,9.35,50.39,-162.99,268.32,76.97,-40.87,17.0,324.0,47.0,74.0,38.0,221.0,-1.6825e+16,1.49e+16,1924000000000000.0,3.171e+16,-5890000000000000.0,4.1362e+16,us,gcmt:C202309170401A,subduction_intraslab
7000l7si,2023-10-31T12:33:46,-71.543,-28.7514,45.5,6.6,mww,349.16,31.38,42.13,221.48,69.55,114.34,58.0,165.0,23.0,33.0,21.0,293.0,6.834e+18,1.085e+18,-7.92e+18,-6.588e+18,-4.499e+18,-2.39e+18,us,gcmt:C202310311233A,subduction_intraslab
202311061351A,2023-11-06T13:51:00,-72.08,-32.99,30.0,5.1,mw,19.0,43.0,109.0,173.0,50.0,73.0,82.0,3.0,7.0,168.0,2.0,258.0,5.0258e+16,8495000000000000.0,-5.8753e+16,5796000000000000.0,-2706000000000000.0,1.4284e+16,gmt,gcmt:C202311061351A;us:7000l951,subduction_intraslab
202311202103A,2023-11-20T21:03:00,-71.55,-30.99,47.0,5.0,mw,331.0,33.0,76.0,167.0,58.0,99.0,76.0,83.0,0.0,174.0,14.0,264.0,2.6648e+16,525000000000000.0,-2.7172e+16,1610000000000000.0,-1.4193e+16,3156000000000000.0,gmt,us:6000lpnu,subduction_intraslab
202401211737A,2024-01-21T17:37:00,-72.35,-33.59,32.0,5.0,mw,359.0,37.0,83.0,189.0,53.0,96.0,,,,,,,,,,,,,gmt,,subduction_intraslab
7000lyi6,2024-02-11T21:14:43,-71.6168,-28.329,30.5,5.4,mww,200.23,36.02,130.17,334.01,63.3,64.87,63.0,203.0,22.0,346.0,15.0,82.0,1.3331e+17,1.55e+16,-1.4881e+17,-8.108e+16,6.856e+16,3900000000000000.0,us,gcmt:C202402112114A,subduction_intraslab
202404031351A,2024-04-03T13:51:00,-73.0,-36.97,43.0,5.3,mw,18.0,34.0,108.0,176.0,58.0,78.0,79.0,71.0,3.0,177.0,11.0,268.0,8.18e+16,-1.6612e+16,-6.5188e+16,7009000000000000.0,-2.8578e+16,849000000000000.0,gmt,gcmt:C202404031351A;us:7000m9lk,subduction_intraslab
6000myfh,2024-05-14T03:18:43,-71.7021,-28.6797,25.5,4.9,mww,165.98,58.68,103.76,320.76,33.92,68.66,73.0,110.0,12.0,339.0,13.0,246.0,1.7344e+16,1723000000000000.0,-1.9067e+16,1643000000000000.0,-1.0187e+16,1.2382e+16,us,,subduction_intraslab
202409221846A,2024-09-22T18:46:00,-71.37,-32.01,83.0,5.1,mw,90.0,24.0,-9.0,189.0,86.0,-113.0,47.0,276.0,3.0,183.0,42.0,90.0,3403000000000000.0,2884000000000000.0,-6287000000000000.0,2920000000000000.0,5.4257e+16,2374000000000000.0,gmt,gcmt:C202409221846A;us:6000ntqb,subduction_intraslab
6000ntsj,2024-09-23T02:36:45,-71.1602,-29.7073,60.5,5.4,mww,143.18,48.5,-101.13,339.72,42.71,-77.69,3.0,241.0,8.0,151.0,81.0,350.0,-1.7127e+17,4.851e+16,1.2275e+17,-3.29e+16,800000000000000.0,-5.65e+16,us,gcmt:C202409230236A,subduction_intraslab
202411261233A,2024-11-26T12:33:00,-71.45,-30.53,56.0,5.1,mw,3.0,34.0,100.0,171.0,56.0,83.0,77.0,75.0,2.0,172.0,13.0,262.0,4.4428e+16,2787000000000000.0,-4.7214e+16,4454000000000000.0,-2.2596e+16,6826000000000000.0,gmt,gcmt:C202411261233A;us:7000nu8n,subduction_intraslab
202502160708A,2025-02-16T07:08:00,-74.14,-38.6,23.0,5.1,mw,11.0,28.0,94.0,186.0,62.0,88.0,62.0,74.0,7.0,178.0,27.0,271.0,2.1219e+16,1269000000000000.0,-2.2488e+16,3885000000000000.0,-2.9715e+16,-2846000000000000.0,gmt,gcmt:C202502160708A;us:7000pe2h,subduction_intraslab
202503182117A,2025-03-18T21:17:00,-71.42,-30.14,77.0,5.2,mw,2.0,39.0,-104.0,200.0,53.0,-79.0,14.0,261.0,11.0,353.0,72.0,121.0,-8.9528e+16,1.3993e+16,7.5536e+16,1.5486e+16,4.6978e+16,-1.6338e+16,gmt,gcmt:C202503182117A;us:6000pzn5,subduction_intraslab
7000pm5f,2025-03-24T04:35:12,-71.3597,-29.6618,70.5,5.1,mww,145.71,38.45,-91.79,328.0,51.57,-88.58,7.0,57.0,1.0,147.0,83.0,247.0,-5.7999e+16,1.6374e+16,4.1625e+16,6583000000000000.0,-1.2174e+16,-2.8715e+16,us,gcmt:C202503240435A,subduction_intraslab
7000px85,2025-05-05T09:46:46,-71.9242,-29.4675,32.0,4.9,mwr,188.49,65.48,103.82,337.83,27.94,62.36,67.0,124.0,13.0,3.0,19.0,268.0,1.965e+16,4563000000000000.0,-2.4213e+16,-4437000000000000.0,-1.7771e+16,2677000000000000.0,us,,subduction_intraslab
011177A,,-72.1,-31.92,42.0,5.2,mw,5.0,34.0,111.0,160.0,59.0,77.0,73.0,36.0,11.0,167.0,13.0,259.0,7.116e+16,1.044e+16,-8.16e+16,2.177e+16,-3.401e+16,1.407e+16,gmt,gcmt:B011177A;us:B011177A;gem:703413,subduction_intraslab
042679A,,-72.07,-33.91,34.0,5.9,mw,26.0,25.0,124.0,170.0,70.0,76.0,63.0,57.0,13.0,175.0,23.0,271.0,5.149e+17,1.315e+17,-6.464e+17,1.557e+17,-6.172e+17,-8.55e+16,gmt,gcmt:B042679A;us:B042679A;gem:667197,subduction_intraslab
070679A,,-71.63,-32.38,49.0,5.7,mw,166.0,39.0,70.0,11.0,54.0,105.0,75.0,328.0,12.0,182.0,8.0,90.0,4.9160000000000006e+17,-2000000000000000.0,-4.896e+17,1.19e+17,1.409e+17,1.65e+16,gmt,gcmt:B070679A;us:B070679A;gem:661401,subduction_intraslab
101179B,,-71.55,-33.41,44.0,5.4,mw,13.0,24.0,96.0,187.0,66.0,87.0,69.0,92.0,2.0,188.0,21.0,279.0,9.57e+16,1.85e+16,-1.142e+17,-1e+16,-9.56e+16,-2.26e+16,gmt,gcmt:B101179B;us:19791011085556;gem:656945,subduction_intraslab
021480A,,-71.56,-32.02,47.0,5.1,mw,226.0,41.0,142.0,346.0,66.0,55.0,55.0,211.0,32.0,2.0,14.0,101.0,2.821e+16,2.153e+16,-4.974e+16,-4430000000000000.0,2.26e+16,-1.689e+16,gmt,gcmt:B021480A;us:B021480A;gem:651166,subduction_intraslab
090682C,,-71.39,-32.08,78.0,5.3,mw,68.0,21.0,-166.0,326.0,85.0,-69.0,37.0,38.0,20.0,144.0,46.0,257.0,-1.786e+16,3.959e+16,-2.173e+16,4.539e+16,-7.859e+16,-1.4990000000000002e+16,gmt,gcmt:B090682C;us:B090682C;gem:591614,subduction_intraslab
050983A,,-74.45,-41.92,33.0,6.1,mw,358.0,41.0,-118.0,213.0,54.0,-68.0,7.0,287.0,18.0,19.0,71.0,177.0,-1.293e+18,-2.7800000000000003e+17,1.571e+18,4.14e+17,2.52e+17,5.75e+17,gmt,gcmt:B050983A;us:B050983A;neis:575911;gem:575911,subduction_intraslab
041984B,,-72.06,-31.74,31.0,5.7,mw,19.0,16.0,120.0,168.0,76.0,82.0,58.0,68.0,8.0,170.0,31.0,265.0,2.0830000000000003e+17,100000000000000.0,-2.084e+17,9.62e+16,-3.809e+17,-1.97e+16,gmt,gcmt:B041984B;us:B041984B;gem:555397,subduction_intraslab
061184A,,-71.9,-31.25,44.0,6.2,mw,357.0,36.0,94.0,171.0,54.0,87.0,81.0,68.0,2.0,173.0,9.0,264.0,2.198e+18,2.98e+17,-2.497e+18,1.72e+17,-7.43e+17,3.1e+17,gmt,gcmt:B061184A;us:B061184A;neis:550649;gem:550649,subduction_intraslab
110884B,,-71.87,-30.89,42.0,5.5,mw,359.0,40.0,87.0,182.0,50.0,92.0,84.0,109.0,2.0,1.0,5.0,271.0,2.247e+17,3.13e+16,-2.56e+17,-6600000000000000.0,-4.46e+16,-2900000000000000.0,gmt,gcmt:B110884B;us:B110884B;gem:538611,subduction_intraslab
022185B,,-72.1,-33.37,33.0,5.7,mw,29.0,31.0,127.0,167.0,66.0,70.0,63.0,45.0,18.0,176.0,19.0,272.0,2.69e+17,8.7e+16,-3.56e+17,8.86e+16,-2.473e+17,-4.98e+16,gmt,gcmt:B022185B;us:B022185B;gem:532684,subduction_intraslab
030485D,,-71.81,-33.87,53.0,6.3,mw,21.0,28.0,109.0,179.0,63.0,80.0,70.0,68.0,9.0,184.0,18.0,277.0,2.537e+18,4.36e+17,-2.973e+18,1.97e+17,-2.02e+18,-5.4700000000000006e+17,gmt,gcmt:B030485D;us:B030485D;neic:529154;gem:529154,subduction_intraslab
030485E,,-72.06,-32.98,36.0,6.1,mw,16.0,29.0,111.0,172.0,63.0,79.0,70.0,58.0,10.0,177.0,17.0,270.0,1.354e+18,3.95e+17,-1.749e+18,2.38e+17,-1.082e+18,-8.6e+16,gmt,gcmt:B030485E;us:B030485E;gem:529166,subduction_intraslab
031785A,,-71.73,-33.22,44.0,6.5,mw,356.0,26.0,91.0,175.0,64.0,90.0,71.0,84.0,0.0,175.0,19.0,265.0,6.243e+18,-1.93e+17,-6.05e+18,4.93e+17,-4.835e+18,5.09e+17,gmt,gcmt:C031785A;us:C031785A;neic:530333;gem:530333,subduction_intraslab
031985A,,-71.94,-33.63,36.0,6.6,mw,355.0,24.0,90.0,175.0,66.0,90.0,69.0,85.0,0.0,355.0,21.0,265.0,8.667e+18,-2.99e+17,-8.368e+18,7.19e+17,-7.813e+18,7.49e+17,gmt,gcmt:C031985A;us:C031985A;neic:530501;gem:530501,subduction_intraslab
032485A,,-72.53,-34.44,25.0,5.7,mw,20.0,19.0,114.0,175.0,73.0,82.0,62.0,73.0,8.0,177.0,27.0,271.0,2.235e+17,4.23e+16,-2.658e+17,4.16e+16,-3.454e+17,-3.13e+16,gmt,gcmt:B032485A;us:B032485A;gem:530913,subduction_intraslab
051785B,,-72.59,-34.19,36.0,5.4,mw,46.0,32.0,143.0,168.0,71.0,63.0,56.0,44.0,25.0,177.0,22.0,278.0,7.91e+16,2.92e+16,-1.083e+17,3.71e+16,-1e+17,-4.18e+16,gmt,gcmt:B051785B;us:B051785B;gem:525206,subduction_intraslab
051985A,,-72.54,-34.0,38.0,5.5,mw,20.0,28.0,103.0,185.0,62.0,83.0,72.0,79.0,6.0,188.0,17.0,280.0,1.776e+17,3.58e+16,-2.134e+17,-5300000000000000.0,-1.3839999999999998e+17,-5.32e+16,gmt,gcmt:B051985A;us:B051985A;gem:525400,subduction_intraslab
051985C,,-71.81,-30.38,46.0,6.2,mw,359.0,35.0,96.0,172.0,55.0,86.0,79.0,66.0,3.0,174.0,10.0,265.0,2.335e+18,1.12e+17,-2.448e+18,2.17e+17,-8.67e+17,2.17e+17,gmt,gcmt:B051985C;us:B051985C;neic:525455;gem:525455,subduction_intraslab
060285B,,-73.76,-37.83,32.0,5.8,mw,347.0,24.0,47.0,212.0,73.0,107.0,59.0,145.0,16.0,27.0,26.0,289.0,4.115e+17,5.649999999999999e+16,-4.68e+17,-3.769e+17,-4.648e+17,-8.28e+16,gmt,gcmt:B060285B;us:B060285B;gem:521719,subduction_intraslab
061185A,,-72.0,-32.57,34.0,5.5,mw,14.0,28.0,103.0,180.0,63.0,83.0,71.0,76.0,6.0,183.0,18.0,275.0,1.501e+17,3.64e+16,-1.866e+17,5000000000000000.0,-1.2330000000000002e+17,-2.45e+16,gmt,gcmt:B061185A;us:B061185A;gem:522399,subduction_intraslab
070585B,,-72.43,-33.59,30.0,5.5,mw,348.0,22.0,70.0,190.0,69.0,98.0,65.0,114.0,8.0,7.0,24.0,274.0,1.2410000000000002e+17,1.77e+16,-1.418e+17,-3.26e+16,-1.419e+17,-400000000000000.0,gmt,gcmt:B070585B;us:B070585B;gem:519662,subduction_intraslab
070685B,,-72.5,-33.6,21.0,5.5,mw,356.0,27.0,79.0,189.0,63.0,96.0,71.0,112.0,5.0,6.0,18.0,275.0,1.413e+17,2.49e+16,-1.662e+17,-2.29e+16,-1.101e+17,-1.07e+16,gmt,gcmt:B070685B;us:B070685B;gem:519736,subduction_intraslab
070785B,,-72.38,-33.02,25.0,6.0,mw,0.0,21.0,96.0,174.0,69.0,88.0,66.0,80.0,2.0,175.0,24.0,266.0,8.042e+17,9.58e+16,-9e+17,1.1279999999999998e+17,-9.207e+17,6.09e+16,gmt,gcmt:B070785B;us:B070785B;gem:519842,subduction_intraslab
071785B,,-72.07,-32.71,31.0,5.5,mw,15.0,27.0,115.0,168.0,66.0,78.0,67.0,55.0,11.0,173.0,20.0,267.0,1.623e+17,3.04e+16,-1.927e+17,4.65e+16,-1.431e+17,-1000000000000000.0,gmt,gcmt:B071785B;us:B071785B;gem:520532,subduction_intraslab
032686A,,-72.22,-34.07,38.0,5.4,mw,5.0,24.0,97.0,177.0,66.0,87.0,69.0,81.0,3.0,178.0,21.0,269.0,1.34e+17,1.11e+16,-1.451e+17,1.02e+16,-1.2609999999999998e+17,-1500000000000000.0,gmt,gcmt:B032686A;us:B032686A;gem:501933,subduction_intraslab
090586B,,-72.53,-37.05,80.0,5.3,mw,129.0,24.0,174.0,225.0,88.0,66.0,42.0,111.0,24.0,226.0,38.0,336.0,7190000000000000.0,-5.144e+16,4.425e+16,-7.539e+16,-7.451e+16,-8760000000000000.0,gmt,gcmt:B090586B;us:B090586B;gem:485841,subduction_intraslab
051987B,,-72.07,-30.71,23.0,6.1,mw,355.0,32.0,88.0,177.0,58.0,91.0,77.0,92.0,1.0,357.0,13.0,266.0,1.578e+18,5.16e+17,-2.0950000000000005e+18,3e+16,-8.73e+17,1.78e+17,gmt,gcmt:B051987B;us:B051987B;gem:467380,subduction_intraslab
080487A,,-73.66,-40.63,64.0,5.4,mw,84.0,48.0,32.0,331.0,67.0,133.0,49.0,289.0,39.0,130.0,11.0,31.0,7.807e+16,-9.710000000000002e+16,1.904e+16,-7540000000000000.0,7.233e+16,8.77e+16,gmt,gcmt:B080487A;us:B080487A;gem:459030,subduction_intraslab
091187B,,-71.02,-31.67,114.0,5.2,mw,52.0,10.0,-39.0,181.0,84.0,-98.0,38.0,278.0,8.0,182.0,51.0,83.0,-1.804e+16,8580000000000000.0,9470000000000000.0,-1170000000000000.0,6.666e+16,8860000000000000.0,gmt,gcmt:B091187B;us:B091187B;gem:457380,subduction_intraslab
040290A,,-72.63,-33.04,15.0,5.6,mw,6.0,36.0,106.0,167.0,56.0,79.0,76.0,41.0,9.0,173.0,10.0,265.0,2.918e+17,6.889999999999999e+16,-3.607e+17,5.19e+16,-1.147e+17,3.06e+16,gmt,gcmt:B040290A;us:B040290A;gem:371101,subduction_intraslab
080290A,,-72.2,-32.14,35.0,6.0,mw,2.0,27.0,95.0,177.0,63.0,87.0,72.0,81.0,2.0,178.0,18.0,269.0,1.015e+18,1.09e+17,-1.124e+18,6.5e+16,-7.95e+17,1.3e+16,gmt,gcmt:B080290A;us:B080290A;gem:358190,subduction_intraslab
081891D,,-71.9,-31.95,46.0,5.2,mw,312.0,18.0,37.0,186.0,79.0,105.0,54.0,114.0,15.0,3.0,32.0,263.0,2.802e+16,8050000000000000.0,-3.607e+16,-9880000000000000.0,-7.311e+16,1.715e+16,gmt,gcmt:B081891D;us:B081891D;gem:323269,subduction_intraslab
050392B,,-71.66,-32.36,61.0,5.5,mw,275.0,4.0,23.0,162.0,88.0,94.0,46.0,75.0,4.0,342.0,43.0,248.0,2.31e+16,-2.9e+16,5900000000000000.0,6.59e+16,-2.0710000000000003e+17,4200000000000001.0,gmt,gcmt:B050392B;us:B050392B;gem:289842,subduction_intraslab
052292A,,-72.42,-33.84,34.0,5.5,mw,0.0,21.0,92.0,178.0,69.0,89.0,66.0,87.0,1.0,179.0,24.0,269.0,1.865e+17,-1.54e+16,-1.711e+17,6600000000000000.0,-1.971e+17,1200000000000000.0,gmt,gcmt:B052292A;us:B052292A;gem:292583,subduction_intraslab
111792B,,-71.63,-30.85,55.0,5.3,mw,0.0,32.0,106.0,161.0,60.0,80.0,73.0,47.0,8.0,166.0,14.0,258.0,9.212999999999998e+16,2540000000000000.0,-9.467e+16,2.521e+16,-4.781e+16,1.776e+16,gmt,gcmt:B111792B;us:B111792B;gem:263067,subduction_intraslab
071693C,,-72.56,-33.32,19.0,5.6,mw,7.0,18.0,111.0,164.0,73.0,83.0,62.0,64.0,7.0,167.0,28.0,260.0,1.913e+17,1.27e+16,-2.041e+17,8.7e+16,-2.714e+17,1.82e+16,gmt,gcmt:B071693C;us:B071693C;gem:221514,subduction_intraslab
071793A,,-71.58,-30.03,67.0,5.7,mw,342.0,10.0,46.0,207.0,83.0,97.0,52.0,125.0,7.0,26.0,37.0,290.0,9.22e+16,2.48e+16,-1.17e+17,-1.716e+17,-3.34e+17,-1.45e+16,gmt,gcmt:B071793A;us:B071793A;gem:221587,subduction_intraslab
041694D,,-71.84,-32.23,31.0,5.6,mw,10.0,26.0,108.0,171.0,65.0,81.0,69.0,64.0,8.0,174.0,19.0,267.0,2.35e+17,0.0,-2.35e+17,5.12e+16,-1.875e+17,-3700000000000000.0,gmt,gcmt:B041694D;us:B041694D;gem:177967,subduction_intraslab
061694B,,-71.96,-32.99,36.0,5.1,mw,10.0,22.0,112.0,166.0,70.0,81.0,64.0,62.0,8.0,169.0,24.0,263.0,3.409e+16,-2630000000000000.0,-3.146e+16,1.205e+16,-3.362e+16,190000000000000.0,gmt,gcmt:B061694B;us:B061694B;gem:169502,subduction_intraslab
091294B,,-72.13,-31.26,47.0,5.9,mw,306.0,21.0,51.0,167.0,74.0,103.0,59.0,95.0,13.0,343.0,28.0,246.0,3.786e+17,-1.14e+16,-3.671e+17,1.391e+17,-6.761e+17,3.028e+17,gmt,gcmt:B091294B;us:B091294B;neic:155708;gem:155708,subduction_intraslab
091494C,,-72.09,-31.23,28.0,5.4,mw,26.0,32.0,131.0,160.0,66.0,68.0,62.0,35.0,20.0,170.0,18.0,267.0,1.1140000000000002e+17,3.84e+16,-1.499e+17,5.19e+16,-9.2e+16,-4700000000000000.0,gmt,gcmt:B091494C;us:B091494C;gem:156078,subduction_intraslab
101194A,,-71.91,-32.22,58.0,5.7,mw,284.0,33.0,37.0,162.0,71.0,118.0,55.0,108.0,26.0,332.0,21.0,232.0,2.887e+17,-2.085e+17,-8.02e+16,-4.57e+16,-3.705e+17,1.722e+17,gmt,gcmt:B101194A;us:B101194A;neic:148630;gem:148630,subduction_intraslab
060295B,,-71.64,-31.72,92.0,5.5,mw,166.0,14.0,-73.0,328.0,76.0,-94.0,31.0,62.0,4.0,330.0,59.0,233.0,-9.64e+16,-1.16e+16,1.08e+17,1.178e+17,-1.934e+17,-7.45e+16,gmt,gcmt:B060295B;us:B060295B;gem:96740,subduction_intraslab
100195A,,-71.76,-31.33,90.0,5.4,mw,180.0,18.0,-74.0,344.0,73.0,-95.0,28.0,78.0,5.0,345.0,62.0,246.0,-6.48e+16,-2.24e+16,8.72e+16,3.32e+16,-1.099e+17,-2.14e+16,gmt,gcmt:B100195A;us:19951001125015;gem:72835,subduction_intraslab
022296C,,-72.0,-33.53,50.0,5.9,mw,93.0,40.0,49.0,321.0,61.0,119.0,63.0,278.0,25.0,126.0,11.0,31.0,5.769e+17,-5.615e+17,-1.54e+16,-1.0189999999999998e+17,3.726e+17,3.827e+17,gmt,gcmt:B022296C;us:B022296C;neic:949543;gem:949543,subduction_intraslab
042596A,,-71.52,-30.24,73.0,5.2,mw,7.0,42.0,-82.0,177.0,48.0,-97.0,3.0,272.0,5.0,182.0,84.0,34.0,-8.548e+16,1.839e+16,6.708e+16,-9030000000000000.0,8850000000000000.0,2060000000000000.0,gmt,gcmt:B042596A;us:B042596A;gem:960674,subduction_intraslab
090996A,,-71.94,-32.06,49.0,5.9,mw,334.0,40.0,55.0,196.0,58.0,116.0,9.561831584790824,18.808919209886824,45.38547168006586,118.63942839777286,43.03202117094225,279.76100851755336,7.549e+17,2.167e+17,-9.717e+17,-2.657e+17,-3.075e+17,8.27e+16,gmt,gcmt:C090996A;us:pde19960909002039120_39;neic:985382;gem:985382,subduction_intraslab
031097A,,-71.58,-30.11,50.0,5.6,mw,10.0,38.0,94.0,184.0,52.0,87.0,83.0,75.0,3.0,186.0,7.0,277.0,3.564e+17,-6.62e+16,-2.902e+17,1.09e+16,-8.04e+16,-2.84e+16,gmt,gcmt:B031097A;us:B031097A;gem:1015575,subduction_intraslab
070697D,,-72.46,-30.26,15.0,5.7,mw,352.0,24.0,80.0,183.0,66.0,95.0,69.0,102.0,4.0,1.0,21.0,269.0,3.727e+17,2.25e+16,-3.952e+17,-3.22e+16,-3.46e+17,1.85e+16,gmt,gcmt:B070697D;us:B070697D;gem:1035721,subduction_intraslab
081897B,,-72.42,-30.08,15.0,5.7,mw,4.0,24.0,96.0,177.0,66.0,87.0,69.0,82.0,3.0,178.0,21.0,269.0,3.147e+17,-1.83e+16,-2.964e+17,2.38e+16,-2.769e+17,-3400000000000000.0,gmt,gcmt:B081897B;us:B081897B;gem:937180,subduction_intraslab
110397G,,-71.69,-30.99,51.0,6.1,mw,352.0,31.0,88.0,175.0,59.0,91.0,37.761243907035066,41.56505117707809,22.207654298596463,150.0,43.97664345116371,263.1985905136482,1.804e+18,1.21e+17,-1.926e+18,7.099999999999999e+16,-1.011e+18,2.34e+17,gmt,gcmt:C110397G;us:pde19971103191733810_45;neic:1050658;gem:1050658,subduction_intraslab
011298G,,-71.87,-31.25,35.0,6.6,mw,355.0,27.0,91.0,174.0,63.0,90.0,33.33301807416514,31.775708519258217,27.54893097568766,141.8411032817299,44.0907451985512,262.1959265545265,6.913e+18,9.1e+16,-7.004e+18,5.5600000000000006e+17,-5.18e+18,6.83e+17,gmt,gcmt:C011298G;us:pde19980112101407630_34;gem:1063904,subduction_intraslab
072998A,,-71.67,-32.3,58.0,6.4,mw,181.0,40.0,116.0,329.0,55.0,70.0,38.89253067578455,27.54256663054452,20.40868478590897,135.0086949330978,44.09390416644857,246.1385814718389,4.75e+18,-8.5e+16,-4.666e+18,-1.81e+18,8.31e+17,1.261e+18,gmt,gcmt:C072998A;us:pde19980729071424080_51;neic:1169274;gem:1169274,subduction_intraslab
101098A,,-72.48,-33.87,20.0,5.6,mw,352.0,26.0,87.0,175.0,64.0,91.0,71.0,88.0,1.0,355.0,19.0,264.0,2.654e+17,7099999999999999.0,-2.725e+17,1.48e+16,-2.172e+17,3.2e+16,gmt,gcmt:B101098A;us:B101098A;gem:1310998,subduction_intraslab
043099E,,-72.27,-31.9,32.0,5.5,mw,355.0,29.0,81.0,185.0,61.0,95.0,73.0,107.0,4.0,3.0,16.0,272.0,1.789e+17,5.36e+16,-2.3250000000000003e+17,-1.62e+16,-1.296e+17,-4500000000000000.0,gmt,gcmt:B043099E;us:B043099E;gem:1629748,subduction_intraslab
010701C,,-72.33,-33.52,21.0,5.9,mw,353.0,23.0,85.0,178.0,67.0,92.0,68.0,92.0,2.0,358.0,22.0,267.0,6.175e+17,4.78e+16,-6.653e+17,8400000000000002.0,-6.367e+17,4.92e+16,gmt,gcmt:B010701C;us:B010701C;neic:1763321;gem:1763321,subduction_intraslab
031501G,,-72.04,-32.61,42.0,5.9,mw,144.0,38.0,59.0,2.0,58.0,112.0,18.128390911988205,145.71400646480276,40.00490767996682,39.76581116227345,44.42282272991528,254.4294498501203,7.484e+17,-9.79e+16,-6.505e+17,2.455e+17,3.467e+17,2.121e+17,gmt,gcmt:C031501G;us:pde20010315130242110_37;neic:1780686;gem:1780686,subduction_intraslab
052302B,,-71.76,-30.91,50.0,5.9,mw,358.0,35.0,89.0,179.0,55.0,91.0,45.00000000000001,265.0,1.828818941841522e-14,355.0,44.99999999999999,85.0,8.037000000000001e+17,1.481e+17,-9.518e+17,1000000000000000.0,-3.216e+17,2.33e+16,gmt,gcmt:B052302B;us:pde20020523155215280_52;neic:3153476;gem:3153476,subduction_intraslab
052402A,,-71.52,-32.17,57.0,5.5,mw,9.0,40.0,107.0,167.0,52.0,76.0,77.0,24.0,11.0,176.0,6.0,267.0,2.272e+17,9400000000000000.0,-2.3650000000000003e+17,4.83e+16,-4.6e+16,7700000000000000.0,gmt,gcmt:B052402A;us:B052402A;neic:3153516;gem:3153516,subduction_intraslab
061802C,,-71.63,-31.04,57.0,6.4,mw,353.0,29.0,96.0,166.0,61.0,87.0,44.99999999999999,265.0,1.3517357396219947e-14,355.0,44.99999999999999,85.0,4.465e+18,7.8e+16,-4.543e+18,8.09e+17,-2.759e+18,8.68e+17,gmt,gcmt:C061802C;us:pde20020618135622830_54;neic:3192090;gem:3192090,subduction_intraslab
062302A,,-71.54,-31.49,91.0,5.2,mw,334.0,42.0,-113.0,184.0,52.0,-71.0,5.0,260.0,15.0,351.0,74.0,152.0,-7.84e+16,-900000000000000.0,7.93e+16,1.928e+16,1.763e+16,-1.657e+16,gmt,gcmt:B062302A;us:B062302A;neic:3187914;gem:3187914,subduction_intraslab
041403A,,-72.9,-35.38,31.0,5.2,mw,18.0,44.0,158.0,124.0,75.0,48.0,44.0,353.0,40.0,137.0,19.0,244.0,3.22e+16,3.19e+16,-6.42e+16,6.36e+16,-1.3800000000000002e+16,3.27e+16,gmt,gcmt:B041403A;us:B041403A;gem:6693106,subduction_intraslab
060203A,,-72.4,-33.08,28.0,5.5,mw,9.0,25.0,92.0,187.0,65.0,89.0,70.0,94.0,1.0,187.0,20.0,277.0,1.69e+17,9700000000000000.0,-1.79e+17,-1.57e+16,-1.47e+17,-2.65e+16,gmt,gcmt:B060203A;us:B060203A;gem:6925447,subduction_intraslab
061903D,,-72.14,-30.89,27.0,5.6,mw,2.0,26.0,98.0,173.0,64.0,86.0,71.0,74.0,4.0,175.0,19.0,266.0,2.12e+17,1.7000000000000002e+16,-2.29e+17,2.8000000000000004e+16,-1.7e+17,1.16e+16,gmt,gcmt:B061903D;us:B061903D;gem:6941605,subduction_intraslab
112603H,,-71.84,-30.19,95.0,5.1,mw,162.0,19.0,-91.0,344.0,71.0,-90.0,26.0,73.0,0.0,164.0,64.0,254.0,-3.67e+16,-1900000000000000.0,3.86e+16,1.4e+16,-4.82e+16,-1.36e+16,gmt,gcmt:B112603H;us:B112603H;gem:7192353,subduction_intraslab
011004D,,-71.94,-30.9,59.0,5.6,mw,70.0,48.0,-144.0,314.0,64.0,-48.0,9.0,15.0,37.0,113.0,51.0,273.0,-2.03e+17,2.88e+17,-8.5e+16,1.7399999999999998e+16,-2.57e+17,-6.39e+16,gmt,gcmt:C011004D;us:C011004D;neic:7230932;gem:7230932,subduction_intraslab
011904A,,-72.07,-31.85,34.0,5.3,mw,358.0,25.0,95.0,172.0,65.0,88.0,70.0,77.0,2.0,173.0,20.0,264.0,8.86e+16,1.56e+16,-1.04e+17,1.27e+16,-8e+16,1.19e+16,gmt,gcmt:C011904A;us:C011904A;gem:7237228,subduction_intraslab
040304E,,-72.35,-30.04,28.0,5.5,mw,320.0,33.0,50.0,185.0,65.0,113.0,62.0,131.0,21.0,355.0,17.0,258.0,1.47e+17,3.18e+16,-1.79e+17,-3.48e+16,-1.3e+17,6.66e+16,gmt,gcmt:C040304E;us:C040304E;neic:7325357;gem:7325357,subduction_intraslab
092704F,,-72.02,-32.72,33.0,5.5,mw,17.0,21.0,109.0,177.0,70.0,83.0,64.0,76.0,6.0,180.0,25.0,273.0,1.29e+17,2.7800000000000004e+16,-1.57e+17,1.22e+16,-1.72e+17,-1.9e+16,gmt,gcmt:C092704F;us:C092704F;gem:7405720,subduction_intraslab
120804A,,-71.75,-30.97,52.0,5.6,mw,358.0,34.0,91.0,177.0,56.0,89.0,45.00000000000001,265.0,1.828818941841522e-14,355.0,44.99999999999999,85.0,3.16e+17,4.07e+16,-3.56e+17,9200000000000000.0,-1.42e+17,1.7199999999999998e+16,gmt,gcmt:C120804A;us:pde20041208060355590_44;neic:7446656;gem:7446656,subduction_intraslab
032380A,,-72.08,-30.17,43.0,5.4,mw,1.0,37.0,75.0,200.0,55.0,101.0,77.0,148.0,9.0,14.0,9.0,282.0,1.25,0.13,-1.38,-0.27,-0.39,-0.32,gmt,us:B032380A;gem:650101,subduction_intraslab
032980D,,-73.91,-38.05,32.0,5.4,mw,13.0,20.0,106.0,176.0,71.0,85.0,63.0,78.0,5.0,178.0,26.0,271.0,1.17,-0.06,-1.11,0.16,-1.47,-0.1,gmt,us:B032980D;gem:650442,subduction_intraslab
091981B,,-74.94,-39.45,15.0,5.5,mw,206.0,38.0,-53.0,342.0,61.0,-116.0,12.0,90.0,22.0,355.0,65.0,207.0,-2.07,-0.03,2.09,1.1,-0.93,0.25,gmt,us:B091981B;gem:611767,subduction_intraslab
071185B,,-72.32,-32.93,30.0,5.5,mw,2.0,28.0,90.0,182.0,62.0,90.0,73.0,92.0,0.0,182.0,17.0,272.0,1.54,0.2,-1.74,-0.04,-1.08,-0.07,gmt,us:B071185B;gem:520163,subduction_intraslab
082085B,,-72.55,-33.97,39.0,5.2,mw,12.0,33.0,104.0,176.0,58.0,81.0,75.0,60.0,8.0,181.0,13.0,272.0,6.39,1.07,-7.45,0.68,-3.34,-0.55,gmt,us:B082085B;gem:518505,subduction_intraslab
032387B,,-72.84,-34.32,51.0,5.1,mw,31.0,41.0,125.0,169.0,58.0,64.0,66.0,28.0,22.0,184.0,9.0,277.0,5.03,1.46,-6.49,1.57,-2.13,-1.33,gmt,us:B032387B;gem:472852,subduction_intraslab
111488C,,-72.21,-32.76,51.0,5.1,mw,347.0,27.0,96.0,160.0,63.0,87.0,72.0,62.0,3.0,161.0,18.0,252.0,5.25,-1.42,-3.82,1.41,-3.08,0.76,gmt,us:B111488C;gem:420473,subduction_intraslab
061789A,,-75.21,-41.1,15.0,5.6,mw,247.0,34.0,-28.0,1.0,75.0,-121.0,24.0,115.0,29.0,10.0,51.0,237.0,-1.32,0.53,0.79,0.8,-2.14,1.23,gmt,us:B061789A;gem:402233,subduction_intraslab
120493E,,-72.22,-33.57,29.0,5.6,mw,35.0,16.0,140.0,163.0,80.0,77.0,54.0,58.0,12.0,165.0,34.0,264.0,1.16,0.18,-1.33,1.02,-2.76,-0.32,gmt,us:B120493E;gem:192021,subduction_intraslab
070195B,,-72.84,-34.14,30.0,5.2,mw,7.0,24.0,108.0,168.0,67.0,82.0,67.0,64.0,7.0,171.0,22.0,264.0,5.97,-1.03,-4.93,1.75,-5.08,-0.06,gmt,us:B070195B;gem:91688,subduction_intraslab
060997C,,-71.83,-32.08,67.0,5.1,mw,266.0,39.0,-9.0,3.0,85.0,-129.0,29.0,123.0,38.0,7.0,38.0,239.0,-1.05,-0.14,1.19,-0.84,-4.72,4.08,gmt,us:B060997C;gem:1031336,subduction_intraslab
110997B,,-72.18,-30.06,32.0,5.3,mw,325.0,29.0,32.0,206.0,75.0,115.0,53.0,146.0,24.0,19.0,26.0,276.0,4.7,1.82,-6.52,-4.82,-6.35,1.12,gmt,us:B110997B;gem:1051658,subduction_intraslab
110399E,,-73.64,-37.7,33.0,5.2,mw,96.0,55.0,179.0,187.0,89.0,35.0,25.0,57.0,55.0,188.0,24.0,316.0,-0.66,-1.53,2.18,0.69,-4.88,-6.42,gmt,us:B110399E;gem:1649160,subduction_intraslab
032600A,,-72.16,-32.5,49.0,5.2,mw,330.0,30.0,55.0,189.0,66.0,108.0,64.0,129.0,16.0,1.0,19.0,266.0,4.77,0.62,-5.39,-1.46,-4.2,1.1,gmt,us:B032600A;gem:1733894,subduction_intraslab
072401E,,-72.17,-33.22,52.0,5.2,mw,334.0,40.0,87.0,158.0,50.0,93.0,84.0,88.0,2.0,336.0,5.0,246.0,0.0,0.0,0.0,0.0,0.0,0.0,gmt,us:B072401E;neic:1954553;gem:1954553,subduction_intraslab
110301B,,-72.02,-36.19,100.0,5.1,mw,274.0,33.0,25.0,163.0,77.0,120.0,49.0,106.0,29.0,335.0,26.0,230.0,2.27,-2.24,-0.02,-0.09,-4.58,2.28,gmt,us:B110301B;gem:2317685,subduction_intraslab
110601A,,-71.68,-30.53,66.0,5.1,mw,352.0,37.0,88.0,174.0,53.0,91.0,82.0,90.0,1.0,354.0,8.0,263.0,4.89,0.8,-5.68,0.04,-1.58,0.77,gmt,us:B110601A;gem:2299223,subduction_intraslab
100192D,,-74.96,-39.04,15.0,5.5,mw,35.0,42.0,-51.0,167.0,58.0,-120.0,,,,,,,,,,,,,gmt,,subduction_intraslab
