id,time_iso,longitude,latitude,depth,mag,mag_type,strike1,dip1,rake1,strike2,dip2,rake2,T_plunge,T_azimuth,N_plunge,N_azimuth,P_plunge,P_azimuth,Mrr,Mtt,Mpp,Mrt,Mrp,Mtp,source,dups
b000mztz,1970-01-01T00:00:00,0.0,0.0,13.0,5.1,mwr,43.49,14.88,150.37,162.29,82.71,76.99,51.0,58.0,13.0,164.0,36.0,264.0,1.2539e+16,5371000000000000.0,-1.7911e+16,1.6032e+16,-4.532e+16,-5676000000000000.0,us,us:7000efb4;us:6000e2vk;us:6000e2aa;us:6000diut;us:6000dgd0;us:7000cp39;us:6000c8ev;us:70009awg;us:70008fmr;us:70006t6h;us:b000k2e3;us:700039yk;us:1000ghwz;us:7000fbcx;us:2000dutq;us:2000bkrs;us:100097jl;us:20009pnk;us:10008vpd;us:10008juc;us:20008uxc;us:10007pnw;us:10007mrf;us:200082kn;us:200081rv;us:20007zam;us:b000jdpj;us:b000k2du;us:2000cptq;us:7000fdki
703930,1977-01-25T00:50:49,-68.377,-33.597,15.8,5.32,mw,180.0,45.0,147.0,295.0,67.0,50.0,19.71868056531342,158.99682294590718,44.99999999999999,270.0,38.41972479212712,52.4809520919103,,,,,,,gem,
B100577B,1977-10-05T04:34:09,-70.74,-28.25,52.0,5.5,mwc,16.0,36.0,113.0,168.0,57.0,74.0,73.0,38.0,13.0,177.0,11.0,270.0,1.703e+17,2.7900000000000004e+16,-1.982e+17,3.97e+16,-7.41e+16,-5600000000000000.0,us,gem:691406
B120777A,1977-12-07T00:32:36,-67.39,-28.57,124.0,5.5,mwc,148.0,42.0,-82.0,318.0,48.0,-97.0,3.0,53.0,5.0,322.0,84.0,171.0,-1.84e+17,6.38e+16,1.201e+17,2.37e+16,-5400000000000000.0,-1.0169999999999998e+17,us,gem:688770
B021778B,1978-02-17T06:43:30,-71.02,-28.57,55.0,5.3,mwc,141.0,23.0,35.0,18.0,77.0,109.0,54.0,311.0,18.0,194.0,30.0,93.0,5.823e+16,-2030000000000000.0,-5.62e+16,5.207e+16,9.218e+16,2.379e+16,us,gem:686607
682971,1978-05-29T17:20:28,-79.406,-44.905,15.0,6.45,mw,170.0,81.0,-17.0,263.0,73.0,-171.0,17.546748481964613,37.21963467442197,71.51556066169412,198.2805165791776,5.630573755034519,305.4332266329947,-0.19,1.73,-1.54,0.72,1.93,-5.28,gem,
B062878C,1978-06-28T07:28:03,-69.92,-27.2,119.7,5.3,mw,134.0,30.0,-139.0,8.0,71.0,-66.0,22.0,80.0,22.0,179.0,58.0,310.0,-3.199e+16,-1.551e+16,4.75e+16,-6840000000000001.0,-4.245e+16,-1.926e+16,gcmt,gem:681554
B042879E,1979-04-28T11:38:25,-71.17,-27.39,21.1,6.1,mw,31.0,24.0,68.0,234.0,68.0,99.0,66.0,161.0,9.0,51.0,22.0,317.0,1.307e+18,-6.07e+17,-7e+17,-1.162e+18,-7.19e+17,-8.27e+17,gcmt,gem:667302
B052079D,1979-05-20T19:37:48,-71.11,-27.32,15.0,5.6,mw,11.0,13.0,117.0,163.0,79.0,84.0,56.0,66.0,6.0,165.0,34.0,258.0,2.679e+17,4.94e+16,-3.173e+17,2.082e+17,-6.646e+17,2.86e+16,gcmt,gem:665372
B062779A,1979-06-27T21:46:25,-68.28,-29.48,115.0,5.6,mwc,284.0,32.0,-43.0,52.0,69.0,-115.0,20.0,161.0,23.0,62.0,59.0,287.0,-1.935e+17,2.0830000000000003e+17,-1.48e+16,-1.087e+17,-1.797e+17,2.85e+16,us,gem:664194
B080279A,1979-08-02T07:40:29,-71.48,-28.01,19.0,5.1,mw,15.0,28.0,113.0,169.0,65.0,79.0,68.0,57.0,10.0,174.0,19.0,268.0,1.488e+17,5.27e+16,-2.015e+17,3.28e+16,-1.353e+17,899999999999999.9,gcmt,gem:659696
654584,1979-12-24T00:13:40,-66.895,-29.616,25.0,5.01,mw,168.0,65.0,41.0,58.0,54.0,148.0,9.928372085734525,207.8109744799758,52.29541616792059,310.8982850176729,35.92910326765881,110.52382652713776,,,,,,,gem,
C071980A,1980-07-19T11:52:20,-69.68,-29.0,110.0,5.9,mwc,306.0,26.0,-77.0,112.0,65.0,-96.0,20.0,206.0,6.0,114.0,70.0,9.0,-8.087e+17,5.889e+17,2.198e+17,-6.221e+17,1.875e+17,-3.052e+17,us,gem:642123
B051781C,1981-05-17T17:05:00,-72.14,-27.39,15.0,5.4,mw,191.0,37.0,-79.0,358.0,54.0,-98.0,9.0,94.0,6.0,3.0,79.0,237.0,-9.022e+16,-4970000000000000.0,9.519e+16,8250000000000000.0,-3.02e+16,8250000000000000.0,gcmt,gem:626780
624731,1981-06-04T07:39:40,-78.984,-34.227,22.0,5.14,mw,207.0,42.0,-41.0,330.0,64.0,-124.0,40.56104135662221,83.87633272088436,41.78868680897124,303.97102143365225,21.396661717551517,193.47172229165437,-4.22,-1.6,5.82,3.19,-1.92,-0.16,gem,
C101681A,1981-10-16T03:25:42,-73.07,-33.13,32.0,7.1,mwc,194.0,34.0,96.0,6.0,56.0,86.0,78.0,262.0,4.0,9.0,11.0,100.0,4.936e+19,-5.75e+18,-4.361e+19,-3e+17,1.967e+19,-7.27e+18,us,neis:610009;gem:610009
C110781A,1981-11-07T03:29:50,-71.37,-32.23,64.0,6.9,mwc,208.0,5.0,-47.0,345.0,86.0,-94.0,41.0,78.0,4.0,345.0,49.0,251.0,-6.7e+17,-7.67e+18,8.34e+18,7.82e+18,-3.122e+19,-2.17e+18,us,neis:608340;gem:608340
B102682A,1982-10-26T03:24:30,-71.26,-29.67,69.0,5.7,mwc,100.0,15.0,-154.0,345.0,84.0,-77.0,37.0,63.0,13.0,164.0,50.0,270.0,-1.367e+17,1.149e+17,2.18e+16,9.69e+16,-4.904e+17,-1.0960000000000002e+17,us,gem:591057
B111882C,1982-11-18T20:39:54,-65.74,-31.21,166.2,5.5,mw,129.0,24.0,-114.0,335.0,68.0,-80.0,22.0,57.0,10.0,151.0,66.0,263.0,-8.794e+17,3.461e+17,5.333e+17,2.8690000000000003e+17,-8.276999999999999e+17,-4.33e+17,gcmt,gem:589249
577740,1983-04-02T05:58:35,-66.563,-28.528,35.0,5.28,mw,17.0,73.0,71.0,247.0,25.0,137.0,39.06517800214765,81.41145295913066,21.51880282758207,190.0763601688619,43.18226512135867,301.7940122160186,5.18,-1.88,-3.29,1.66,7.78,-4.41,gem,
575722,1983-05-07T01:07:23,-70.824,-28.008,50.9,5.08,mw,16.0,29.0,101.0,183.0,62.0,84.0,43.53606560493381,78.95395101675791,9.610878124930856,178.212705337613,44.866217845502405,277.9158636607251,4.28,-0.02,-4.26,0.09,-2.81,-0.74,gem,
B050783A,1983-05-07T01:07:26,-71.61,-28.37,33.8,5.4,mw,16.0,29.0,101.0,183.0,62.0,84.0,73.0,79.0,5.0,186.0,17.0,278.0,4.284e+16,-220000000000000.0,-4.261e+16,930000000000000.0,-2.81e+16,-7390000000000000.0,gcmt,
B080183A,1983-08-01T14:09:24,-76.46,-48.33,11.0,5.5,mw,355.0,14.0,107.0,157.0,76.0,86.0,58.0,61.0,4.0,158.0,31.0,251.0,1.858e+17,1.26e+16,-1.984e+17,1.552e+17,-3.524e+17,6.3e+16,gcmt,gem:569311
B122383B,1983-12-23T22:56:10,-71.67,-27.23,33.0,5.2,mw,306.0,61.0,-25.0,49.0,68.0,-148.0,5.0,176.0,52.0,80.0,37.0,269.0,-2.426e+16,7.772e+16,-5.346e+16,-4440000000000000.0,-5.372e+16,5390000000000000.0,gcmt,gem:563533
B020384B,1984-02-03T08:29:47,-71.13,-29.46,33.0,5.6,mwc,182.0,45.0,83.0,12.0,45.0,97.0,85.0,7.0,5.0,187.0,0.0,97.0,2.532e+17,2.55e+16,-2.787e+17,2.02e+16,-1500000000000000.0,-3.77e+16,us,gem:558434
B050784A,1984-05-07T14:09:14,-66.27,-28.04,147.3,5.6,mw,185.0,51.0,-37.0,300.0,62.0,-135.0,6.0,60.0,38.0,325.0,51.0,158.0,-3.677e+16,-5890000000000000.0,4.266e+16,3.002e+16,4940000000000000.0,-3.542e+16,gcmt,gem:552410
B051684A,1984-05-16T03:45:06,-66.71,-27.07,156.4,5.4,mw,174.0,68.0,-6.0,267.0,84.0,-158.0,11.0,38.0,67.0,280.0,19.0,132.0,-5.39e+16,6.63e+16,-1.24e+16,7.98e+16,1500000000000000.0,-2.146e+17,gcmt,gem:553164
B081884B,1984-08-18T04:10:46,-66.83,-27.71,182.3,5.2,mw,160.0,38.0,-60.0,303.0,58.0,-111.0,10.0,48.0,18.0,315.0,69.0,167.0,-1.598e+17,5.739999999999999e+16,1.024e+17,8.27e+16,-1.4399999999999998e+16,-1.069e+17,gcmt,gem:547056
B011885A,1985-01-18T15:00:08,-70.71,-29.41,82.0,6.3,mwc,322.0,67.0,13.0,227.0,78.0,156.0,25.0,182.0,64.0,22.0,8.0,276.0,5.3900000000000006e+17,2.904e+18,-3.443e+18,-1.459e+18,-4.09e+17,-4.98e+17,us,neic:534791;gem:534791
B030485A,1985-03-04T00:32:21,-71.76,-33.23,33.0,7.3,mwc,234.0,32.0,155.0,346.0,77.0,60.0,49.0,223.0,29.0,353.0,26.0,99.0,5.84e+19,-5.5e+18,-5.289e+19,-7.36e+19,9.282e+19,-5.169e+19,us,gem:529093
B040285B,1985-04-02T02:35:28,-68.97,-28.77,94.0,5.1,mwc,133.0,58.0,-143.0,21.0,59.0,-38.0,0.0,77.0,42.0,167.0,48.0,346.0,-3.339e+16,-2.702e+16,6.041e+16,-8080000000000002.0,-3320000000000000.0,-2.1e+16,us,gem:526584
C040985A,1985-04-09T01:56:58,-71.54,-34.17,33.0,7.1,mwc,0.0,21.0,99.0,170.0,69.0,86.0,66.0,74.0,3.0,171.0,24.0,263.0,3.318e+19,-1e+16,-3.316e+19,7.62e+18,-3.604e+19,3.12e+18,us,neic:527122;gem:527122
B061085B,1985-06-10T15:37:08,-66.64,-27.88,170.2,5.8,mw,161.0,33.0,-64.0,310.0,61.0,-106.0,14.0,52.0,14.0,318.0,70.0,185.0,-2.821e+18,6.65e+17,2.1560000000000005e+18,1.577e+18,-1.087e+18,-2.501e+18,gcmt,neic:522354;gem:522354
B110985B,1985-11-09T22:13:30,-66.41,-27.55,165.2,5.0,mw,172.0,37.0,-45.0,301.0,65.0,-117.0,16.0,51.0,25.0,314.0,60.0,170.0,-7.06e+16,1.317e+16,5.743e+16,6.101e+16,-1.162e+16,-4.882e+16,gcmt,gem:510514
479202,1986-12-25T17:17:41,-79.436,-44.746,15.0,6.35,mw,262.0,88.0,146.0,353.0,56.0,3.0,22.20582947079089,32.23337109363524,56.01291525245498,264.96909831153647,24.323578638472053,132.8663255156776,-0.28,1.23,-0.94,-2.39,0.39,-3.19,gem,
B012987B,1987-01-29T17:22:39,-71.08,-29.73,66.0,5.4,mwc,206.0,9.0,-66.0,2.0,82.0,-94.0,37.0,95.0,3.0,2.0,53.0,268.0,-1.52e+16,-5.15e+16,6.67e+16,-8400000000000002.0,-1.444e+17,1.3900000000000002e+16,us,gem:477562
475248,1987-02-25T10:42:46,-66.762,-27.852,167.0,5.29,mw,179.0,52.0,-6.0,272.0,86.0,-142.0,28.05430474007284,39.5985566833499,51.976310920989775,266.6350100381608,23.441158491432088,142.95876417631723,-0.69,-0.16,0.84,6.84,1.11,-8.54,gem,
B022587C,1987-02-25T10:42:48,-66.31,-28.73,176.1,5.1,mw,179.0,52.0,-6.0,272.0,86.0,-142.0,23.0,39.0,51.0,278.0,30.0,143.0,-6850000000000001.0,-1630000000000000.0,8480000000000000.0,6.845e+16,1.111e+16,-8.539e+16,gcmt,
B051087B,1987-05-10T15:16:28,-65.19,-30.95,186.4,5.6,mw,78.0,69.0,-163.0,341.0,74.0,-22.0,3.0,30.0,63.0,127.0,27.0,299.0,-1.89e+16,8.49e+16,-6.59e+16,-3.17e+16,-7.48e+16,-1.2430000000000002e+17,gcmt,gem:466312
B072987B,1987-07-29T15:22:38,-66.96,-28.33,150.7,5.4,mw,332.0,44.0,-82.0,141.0,47.0,-97.0,2.0,236.0,5.0,146.0,84.0,344.0,-1.1559999999999998e+17,1.31e+16,1.0249999999999998e+17,-9500000000000000.0,4400000000000000.0,-1.091e+17,gcmt,gem:463156
C081587D,1987-08-15T18:04:22,-70.89,-28.15,32.0,6.4,mwc,20.0,30.0,110.0,176.0,62.0,78.0,71.0,61.0,10.0,182.0,16.0,275.0,3.518e+18,2.57e+17,-3.775e+18,5.22e+17,-2.34e+18,-5.5000000000000006e+17,us,neic:459865;gem:459865
B122887A,1987-12-28T08:16:28,-71.45,-28.27,44.2,6.0,mw,20.0,31.0,114.0,173.0,62.0,76.0,70.0,54.0,12.0,180.0,16.0,273.0,6.36e+17,1.464e+17,-7.824e+17,1.131e+17,-4.449e+17,-8.97e+16,gcmt,gem:451704
B050588C,1988-05-05T17:39:17,-71.46,-29.32,33.0,5.4,mwc,0.0,3.0,53.0,217.0,87.0,92.0,48.0,129.0,2.0,36.0,42.0,305.0,8100000000000000.0,5100000000000000.0,-1.32e+16,-8.61e+16,-1.176e+17,-1.35e+16,us,gem:437084
B052388A,1988-05-23T00:28:04,-68.65,-28.48,117.0,5.4,mwc,320.0,29.0,-90.0,140.0,61.0,-90.0,16.0,230.0,0.0,140.0,74.0,50.0,-1.293e+17,5.06e+16,7.86e+16,-5.570000000000001e+16,6.5e+16,-8.46e+16,us,gem:438604
C081488C,1988-08-14T17:53:18,-71.23,-27.31,38.9,6.5,mw,326.0,16.0,31.0,206.0,82.0,103.0,51.0,132.0,13.0,24.0,36.0,285.0,2.425e+18,2.496e+18,-4.921e+18,-4.62e+18,-9.604e+18,-4.17e+17,gcmt,neic:429001;gem:429001
429247,1988-08-17T08:16:23,-71.286,-27.09,25.3,5.41,mw,46.0,13.0,155.0,161.0,85.0,78.0,43.53785109912528,57.648355505338486,11.97391643734317,159.2744248957581,43.99516624985394,261.09042920695583,0.4,-0.01,-0.39,0.62,-1.45,-0.26,gem,
429258,1988-08-17T11:34:52,-70.963,-27.244,29.8,6.07,mw,49.0,11.0,156.0,163.0,85.0,80.0,43.97284625361047,61.85380216912768,10.15850946646676,161.80847051740272,44.244541754750514,261.85902491966493,0.33,-0.03,-0.3,0.52,-1.44,-0.23,gem,
429264,1988-08-17T12:38:14,-71.207,-27.255,25.4,5.63,mw,78.0,9.0,-171.0,339.0,88.0,-81.0,44.34757231322277,60.52501250637806,8.898779749040063,159.328626976897,44.28127701799603,258.11172521233755,0.23,-0.3,0.06,1.41,-3.13,-0.92,gem,
429273,1988-08-17T14:26:05,-71.215,-27.162,35.4,5.48,mw,56.0,10.0,152.0,173.0,85.0,81.0,44.19763017138435,74.10582155414511,8.936388123068914,172.9010151885841,44.41968768542186,271.7652171051774,0.31,0.07,-0.38,0.26,-1.96,-0.26,gem,
B062489B,1989-06-24T12:58:47,-66.2,-28.53,21.0,5.5,mw,88.0,77.0,-172.0,357.0,82.0,-13.0,3.0,43.0,75.0,145.0,15.0,312.0,-1.35e+16,2.39e+16,-1.04e+16,-2.55e+16,-4.5e+16,-1.961e+17,gcmt,gem:402810
B102389C,1989-10-23T23:41:36,-66.39,-27.51,175.8,5.4,mw,179.0,55.0,-29.0,286.0,66.0,-142.0,7.0,50.0,46.0,313.0,43.0,147.0,-5.292e+16,3380000000000000.0,4.954e+16,5.952e+16,2.396e+16,-8.44e+16,gcmt,gem:390483
386905,1989-11-14T06:07:54,-71.165,-27.56,33.4,5.38,mw,202.0,51.0,140.0,319.0,60.0,46.0,8.66232995906274,176.0603450292076,49.95886130840005,276.5056955258875,38.71591401391533,79.04565475604647,0.91,0.33,-1.24,-1.02,-0.01,0.23,gem,
B062990B,1990-06-29T06:31:25,-68.32,-28.35,123.0,5.3,mwc,321.0,36.0,-80.0,129.0,55.0,-97.0,9.0,224.0,6.0,133.0,79.0,12.0,-9.596e+16,4.807e+16,4.789e+16,-3.015e+16,1.314e+16,-3.843e+16,us,gem:367604
B103190A,1990-10-31T14:39:35,-71.07,-27.05,73.3,5.6,mw,74.0,50.0,-140.0,315.0,60.0,-48.0,6.0,17.0,35.0,111.0,54.0,278.0,-1.544e+17,2.275e+17,-7.31e+16,1.55e+16,-1.008e+17,-8.81e+16,gcmt,
341452,1991-02-13T06:17:24,-79.568,-44.759,14.4,5.65,mw,261.0,90.0,-180.0,351.0,90.0,0.0,7.442344089913072e-15,216.0,90.0,54.43494882292202,2.4807813633043567e-15,306.0,-0.38,1.34,-0.96,0.0,0.0,-3.53,gem,
B031591A,1991-03-15T18:50:55,-68.68,-29.0,72.0,5.2,mwc,345.0,25.0,-68.0,140.0,67.0,-100.0,22.0,238.0,9.0,144.0,66.0,32.0,-5.792e+16,9210000000000000.0,4.871000000000001e+16,-4.125e+16,4.275e+16,-3.051e+16,us,gem:338613
284942,1992-07-30T13:14:53,-72.387,-50.361,15.0,5.48,mw,31.0,25.0,114.0,184.0,67.0,79.0,42.17555818739083,75.90111415043788,13.924292700883644,178.88117769006112,44.50199281488591,282.9833718049327,1.39,-0.03,-1.36,0.02,-1.41,-0.46,gem,
B081492D,1992-08-14T20:09:01,-65.11,-30.91,200.7,5.0,mw,86.0,14.0,-145.0,322.0,82.0,-79.0,36.0,42.0,11.0,140.0,52.0,244.0,-1.855e+16,2.014e+16,-1590000000000000.0,3.682e+16,-5.082e+16,-9860000000000000.0,gcmt,gem:277414
19921001081852,1992-10-01T08:18:52,-74.96,-39.04,15.0,5.5,mwc,35.0,42.0,-51.0,167.0,58.0,-120.0,9.0,278.0,25.0,184.0,63.0,26.0,-1.469e+17,-3.8e+16,1.849e+17,-5.73e+16,6.08e+16,4.29e+16,us,gem:265443
B102992F,1992-10-29T14:39:17,-71.1,-29.26,46.0,5.3,mwc,130.0,17.0,-11.0,231.0,87.0,-107.0,40.0,336.0,17.0,232.0,46.0,124.0,-2.95,3.76,-0.8,6.4,8.02,-3.22,us,gem:270333
B110192F,1992-11-01T09:36:42,-69.52,-28.98,110.0,5.4,mwc,341.0,17.0,-72.0,142.0,74.0,-95.0,29.0,237.0,5.0,144.0,60.0,45.0,-9.043e+16,3.096e+16,5.947e+16,-7.981e+16,9.15e+16,-9520000000000000.0,us,gem:260430
B031993B,1993-03-19T01:48:12,-71.58,-27.04,15.0,5.6,mw,351.0,19.0,91.0,170.0,71.0,90.0,64.0,80.0,0.0,170.0,26.0,260.0,5.6900000000000006e+17,4.78e+16,-6.168e+17,1.321e+17,-7.488e+17,1.177e+17,gcmt,
B081494F,1994-08-14T10:58:19,-71.59,-29.78,36.0,5.4,mwc,340.0,24.0,14.0,237.0,85.0,113.0,46.0,171.0,23.0,55.0,35.0,308.0,3.95e+16,4.38e+16,-8.33e+16,-1.502e+17,-6.999999999999999e+16,-2.68e+16,us,gem:160149
B052895F,1995-05-28T19:59:12,-71.1,-29.05,42.0,5.5,mwc,170.0,19.0,88.0,352.0,71.0,91.0,64.0,264.0,1.0,172.0,26.0,82.0,1.332e+17,-2400000000000000.0,-1.308e+17,-2.14e+16,1.658e+17,2.03e+16,us,neic:106610;gem:106610
B080395E,1995-08-03T08:18:53,-69.2,-28.35,104.0,5.8,mwc,338.0,36.0,-100.0,170.0,54.0,-83.0,9.0,255.0,6.0,346.0,79.0,108.0,-6.17e+17,8.65e+16,5.305e+17,1.9e+16,2.035e+17,-1.3999999999999998e+17,us,neic:87160;gem:87160
B103195A,1995-10-31T01:55:57,-71.32,-28.96,33.0,5.7,mwc,20.0,11.0,128.0,162.0,81.0,83.0,53.0,64.0,7.0,163.0,36.0,258.0,1.23,0.65,-1.88,1.41,-4.38,0.17,us,gem:82192
C110195A,1995-11-01T00:35:32,-71.5,-28.96,20.0,6.6,mwc,6.0,25.0,111.0,163.0,67.0,80.0,67.0,56.0,9.0,167.0,21.0,260.0,7.87e+18,8.3e+17,-8.699999999999999e+18,2.831e+18,-7.203e+18,1.021e+18,us,neic:66512;gem:66512
69439,1995-11-17T02:40:50,-79.678,-44.873,15.0,5.75,mw,259.0,79.0,171.0,351.0,81.0,11.0,1.5555536889174577,215.0607408609469,76.21838884585704,311.41719669123955,13.690084489393666,124.68172704236622,-0.66,2.02,-1.35,-1.25,0.97,-4.76,gem,
B113095B,1995-11-30T13:15:44,-71.48,-27.93,15.0,5.4,mw,12.0,21.0,109.0,171.0,70.0,83.0,64.0,69.0,7.0,174.0,25.0,267.0,2.968e+17,1.62e+16,-3.131e+17,7.45e+16,-3.561e+17,-7199999999999999.0,gcmt,neic:72559;gem:72559
pde19970309114343260_33,1997-03-09T11:43:43,-71.147,-29.815,38.0,6.2,mwc,180.0,45.0,105.0,339.0,47.0,75.0,5.295705567405189,174.6815281606007,44.99999999999999,270.00000000000017,44.51189979919962,79.45316110078898,1.89e+18,2000000000000000.0,-1.892e+18,-2.09e+17,-7.88e+17,-3.04e+17,us,gcmt:C030997B;neic:1015384;gem:1015384
B051797B,1997-05-17T02:10:26,-70.06,-27.06,121.1,5.5,mw,251.0,23.0,-168.0,150.0,85.0,-67.0,36.0,220.0,23.0,328.0,45.0,83.0,-4.66e+16,1.03e+17,-5.639999999999999e+16,-8.46e+16,1.991e+17,-3.94e+16,gcmt,neic:1027534;gem:1027534
pde19970706095400760_19,1997-07-06T09:54:00,-71.872,-30.058,23.0,6.8,mwc,350.0,25.0,90.0,170.0,65.0,90.0,45.000000000000014,80.0,4.770832022195277e-15,170.0,44.99999999999999,260.0,1.315e+19,-8.8e+17,-1.227e+19,6.5e+17,-1.448e+19,1.7e+17,us,gcmt:C070697A;neic:1035633;gem:1035633
pde19970719122257310_26,1997-07-19T12:22:57,-71.684,-29.281,26.0,5.9,mwc,315.0,55.0,60.0,180.0,45.0,126.0,12.860679260604114,347.81556423275043,44.81098549602642,90.92472418042564,42.34665367452149,245.805427089543,4.92e+17,1.913e+17,-6.833e+17,-2.901e+17,-2.58e+17,2.502e+17,us,gcmt:B071997C;neic:1037644;gem:1037644
B072197G,1997-07-21T17:54:17,-71.78,-29.97,33.0,5.4,mwc,14.0,22.0,109.0,173.0,70.0,83.0,65.0,71.0,7.0,176.0,24.0,269.0,1.17,-0.13,-1.04,0.25,-1.24,-0.09,us,gem:1038043
pde19971015010333460_58,1997-10-15T01:03:33,-71.22,-30.933,58.0,7.1,mwc,175.0,85.0,-120.0,76.0,30.0,-10.0,38.772639572408025,110.01186933804826,30.2535182631348,352.0749786909064,36.51067545104992,236.49556840151448,-1.588e+19,1.69e+18,1.419e+19,-4.51e+18,4.588e+19,-7.99e+18,us,gcmt:C101597A;neic:1047434;gem:1047434
1050895,1997-11-05T06:09:15,-78.161,-43.908,15.0,5.56,mw,80.0,75.0,-173.0,349.0,84.0,-15.0,14.980595846577856,34.858294095379165,73.84465326995331,192.33507171981947,5.909682368569944,303.27110967072787,-0.14,1.0,-0.85,-0.16,-0.75,-2.39,gem,
1065281,1998-01-19T18:23:59,-79.488,-44.971,13.0,6.2,mw,168.0,87.0,-12.0,258.0,78.0,-177.0,6.0,213.0,78.0,334.0,10.0,122.0,30000000000.0,65000000000.0,-95000000000.0,11000000000.0,46000000000.0,-176000000000.0,neic,
pde19980401224256900_9,1998-04-01T22:42:56,-74.874,-40.316,9.0,6.7,mwc,350.0,65.0,-90.0,170.0,25.0,-90.0,44.99999999999999,260.0,3.1805546814635176e-15,170.0,45.000000000000014,80.0,-1.18e+19,8.1e+17,1.099e+19,1.5e+17,-3.5000000000000006e+17,3.72e+18,us,gcmt:C040198D;neic:1089488;gem:1089488
1146874,1998-06-22T07:55:08,-66.58,-27.845,148.0,5.4,mw,210.0,66.0,-18.0,307.0,73.0,-155.0,26.064196896339485,77.53676313691619,63.21335336993053,271.87407438326784,5.753560653420117,170.36158850259005,-0.35,-1.11,1.46,0.71,-0.01,-0.55,gem,
B071898D,1998-07-18T09:57:13,-70.84,-28.31,46.9,5.4,mwc,8.0,17.0,119.0,158.0,75.0,82.0,59.0,57.0,8.0,161.0,29.0,255.0,0.8,0.14,-0.94,0.58,-1.34,0.17,us,gem:1167371
pde19980903173758240_27,1998-09-03T17:37:58,-71.715,-29.45,27.0,6.6,mwc,215.0,70.0,100.0,8.0,22.0,64.0,42.91960047322896,321.0683347759985,12.168370968376864,219.5013658114048,44.5328763238511,117.25344272790552,3.39e+18,9.01e+17,-4.292e+18,-2.587e+18,-6.107e+18,3.5e+17,us,gcmt:C090398F;neic:1202810;gem:1202810
1310878,1998-10-09T10:24:29,-75.6,-47.635,15.0,5.13,mw,19.0,46.0,138.0,142.0,61.0,52.0,15.193498295144549,0.0939770380215918,45.97073608987067,106.40992709162254,40.06974461712022,256.88873220930105,4.17,2.21,-6.38,2.34,-1.07,1.68,gem,
pde19981214162524980_138,1998-12-14T16:25:24,-71.033,-38.214,135.0,6.0,mwb,350.0,85.0,-90.0,170.0,5.0,-90.0,45.00000000000001,260.0,3.1805546814635176e-15,350.0,45.00000000000004,80.0,-6000000000.0,-38000000000.0,43000000000.0,24000000000.0,-82000000000.0,36000000000.0,us,neic:1333806;gem:1333806
B030999E,1999-03-09T22:57:00,-66.7,-27.91,140.7,5.0,mw,212.0,69.0,-6.0,305.0,85.0,-159.0,11.0,77.0,68.0,318.0,19.0,170.0,-8380000000000000.0,-5.163e+16,6.001e+16,2.135e+16,-9920000000000000.0,-2.392e+16,gcmt,gem:1540427
B051099A,1999-05-10T08:47:25,-69.16,-30.4,65.2,5.2,mwc,119.0,53.0,15.0,20.0,78.0,142.0,35.0,333.0,50.0,186.0,17.0,75.0,2.061e+16,3.323e+16,-5.385e+16,1.623e+16,3.3e+16,3.402e+16,us,gem:1676426
B052599D,1999-05-25T16:42:10,-66.46,-27.9,175.6,5.3,mw,185.0,52.0,-27.0,292.0,69.0,-139.0,10.0,55.0,45.0,315.0,43.0,155.0,-2.4380000000000003e+17,-6.39e+16,3.078e+17,2.864e+17,2.24e+16,-3.643e+17,gcmt,gem:1682761
B091099E,1999-09-10T17:16:29,-71.22,-29.74,54.8,5.0,mwc,250.0,46.0,-168.0,151.0,81.0,-45.0,23.0,208.0,45.0,322.0,37.0,100.0,-0.85,2.94,-2.08,-0.64,3.14,-1.87,us,gem:1655884
B110699A,1999-11-06T00:57:04,-71.58,-29.95,54.6,5.2,mwc,4.0,25.0,34.0,242.0,76.0,111.0,54.0,177.0,20.0,57.0,28.0,315.0,3.26,-0.54,-2.72,-6.3,-3.28,-4.03,us,gem:1649404
B120499G,1999-12-04T17:06:51,-71.22,-28.5,34.3,5.6,mwc,219.0,43.0,131.0,349.0,59.0,59.0,62.0,208.0,27.0,6.0,9.0,101.0,1.929e+17,8.68e+16,-2.797e+17,-5.16e+16,9.09e+16,-8.37e+16,us,neic:1657955;gem:1657955
B022100C,2000-02-21T14:36:22,-71.46,-29.81,33.0,5.1,mwc,196.0,31.0,114.0,349.0,62.0,76.0,70.0,229.0,12.0,355.0,16.0,89.0,4.71,0.71,-5.41,-1.17,3.04,-0.19,us,gem:1733032
B070700B,2000-07-07T05:26:47,-66.22,-27.69,176.1,5.0,mw,179.0,52.0,-43.0,299.0,58.0,-133.0,4.0,57.0,35.0,325.0,55.0,153.0,-7.17e+16,2190000000000000.0,6.952e+16,4.857e+16,1.678e+16,-6.443e+16,gcmt,gem:1737456
1780646,2001-02-19T14:31:55,-79.927,-45.171,10.0,5.77,mw,260.0,76.0,180.0,350.0,90.0,14.0,9.84972365902512,215.86372851064328,76.0,349.99999999999994,9.84972365902513,124.13627148935672,-0.94,2.29,-1.35,-0.64,1.25,-4.99,gem,
B022201B,2001-02-22T07:55:57,-71.63,-27.47,27.3,5.0,mw,6.0,12.0,119.0,157.0,80.0,84.0,55.0,60.0,6.0,158.0,34.0,252.0,9.51e+16,-4700000000000000.0,-9.05e+16,9.83e+16,-2.165e+17,8699999999999998.0,gcmt,gem:2042166
1832606,2001-02-27T02:12:58,-71.407,-27.893,15.0,5.19,mw,9.0,28.0,120.0,155.0,66.0,75.0,39.36680816271357,39.55619880262111,19.708016244126338,146.64715156674407,44.08101008313286,256.9449246526369,4.69,2.08,-6.76,2.15,-4.43,1.82,gem,
pde20010303115813350_33,2001-03-03T11:58:13,-74.555,-38.766,8.0,5.9,mwc,0.0,60.0,-90.0,180.0,30.0,-90.0,45.00000000000001,270.0,6.0766485035016906e-15,0.0,44.99999999999999,90.0,-53000000000.0,-2100000000.0,55100000000.0,16000000000.0,-29500000000.0,20100000000.0,us,neic:1780670;gem:1780670
B033101B,2001-03-31T06:54:15,-68.33,-29.4,104.0,5.4,mwc,332.0,43.0,-49.0,102.0,59.0,-122.0,9.0,214.0,27.0,120.0,62.0,320.0,-1.038e+17,8.23e+16,2.15e+16,-5.689999999999999e+16,-1.54e+16,-9.2e+16,us,neic:1800532;gem:1800532
pde20010409090057170_11,2001-04-09T09:00:57,-73.109,-32.668,11.0,6.7,mwc,45.0,55.0,-55.0,174.0,48.0,-129.0,41.41718153849125,291.0119686191941,47.39510372777765,94.5824179781522,8.255081883706419,193.65875398657843,-1.061e+19,3e+18,7.61e+18,2.1e+17,-5e+17,7.12e+18,us,gcmt:C040901A;neic:1882885;gem:1882885
B042101F,2001-04-21T18:15:46,-67.52,-29.1,127.8,5.7,mwc,156.0,44.0,-32.0,270.0,68.0,-129.0,14.0,28.0,36.0,287.0,50.0,136.0,-2.234e+17,2.0750000000000003e+17,1.59e+16,2.4500000000000003e+17,1.176e+17,-2.431e+17,us,neic:1817649;gem:1817649
B051501A,2001-05-15T23:53:23,-66.4,-28.15,180.8,5.1,mw,181.0,54.0,-28.0,288.0,68.0,-141.0,8.0,52.0,46.0,314.0,43.0,150.0,-1.45e+17,-1300000000000000.0,1.462e+17,1.304e+17,1.83e+16,-2.282e+17,gcmt,gem:1836316
1884411,2001-06-13T04:10:47,-66.458,-27.162,12.2,5.02,mw,52.0,62.0,101.0,209.0,30.0,70.0,40.6157972573501,166.32512082424557,16.852253286982133,61.26853252535432,44.55168102920744,313.9184373405969,3.07,-1.31,-1.76,1.94,1.24,-2.34,gem,
B062701C,2001-06-27T23:04:26,-71.65,-31.51,33.0,4.9,mwc,158.0,46.0,67.0,9.0,48.0,112.0,74.0,349.0,16.0,174.0,1.0,83.0,,,,,,,us,
B101701A,2001-10-17T02:34:41,-68.92,-28.49,117.3,5.4,mwc,310.0,34.0,-119.0,163.0,60.0,-72.0,14.0,240.0,16.0,334.0,69.0,111.0,-1.159e+17,3.33e+16,8.26e+16,3000000000000000.0,7.24e+16,-6.04e+16,us,neic:2238618;gem:2238618
pde20020401195932480_71,2002-04-01T19:59:32,-71.384,-29.67,71.0,6.4,mwc,20.0,80.0,-150.0,284.0,61.0,-12.0,25.799549663277283,328.94296194159807,59.95354620014325,182.2516875690717,14.332763140326906,66.03790461308438,-1.577e+18,2.195e+18,-6.18e+17,-6.3e+16,-3.657e+18,9.83e+17,us,gcmt:C040102C;neic:2933451;gem:2933451
C041802F,2002-04-18T16:08:42,-70.73,-27.44,53.0,6.2,mw,253.0,56.0,168.0,350.0,80.0,35.0,31.0,217.0,54.0,3.0,16.0,117.0,3.424e+18,2.46e+18,-5.884e+18,6.34e+17,4.22e+18,-6.352e+18,gcmt,neic:2991626;gem:2991626
C052802A,2002-05-28T04:04:28,-66.81,-29.15,15.0,5.7,mw,180.0,19.0,55.0,36.0,74.0,101.0,59.0,322.0,11.0,213.0,29.0,117.0,6.275e+17,-3.67e+16,-5.909e+17,6.475e+17,7.481e+17,-1.655e+17,gcmt,neic:3153576;gem:3153576
3229300,2002-07-18T21:53:14,-79.995,-44.707,10.0,5.19,mw,119.0,68.0,117.0,246.0,34.0,42.0,31.145415843016423,246.41807126131084,32.40656307585119,133.86057444384068,41.85835876510668,9.199328770594434,4.36,-7.13,2.76,4.07,-2.52,1.03,gem,
B100602E,2002-10-06T11:21:38,-71.21,-28.71,27.2,5.3,mwc,348.0,27.0,70.0,190.0,65.0,100.0,69.0,120.0,9.0,6.0,19.0,273.0,7.6,1.25,-8.85,-1.73,-6.34,-0.02,us,gem:3471300
6129198,2002-11-09T06:05:57,-75.691,-48.121,20.0,5.62,mw,1.0,10.0,89.0,182.0,80.0,90.0,44.99960015031874,92.23277818198738,0.1847797416393719,2.0480000584659592,44.99980393433044,271.86322062053387,1.32,-0.4,-0.92,-0.11,-3.08,-0.01,gem,
B120402F,2002-12-04T21:03:03,-67.6,-30.06,29.5,4.9,mwc,285.0,28.0,62.0,135.0,65.0,104.0,67.0,71.0,13.0,309.0,19.0,215.0,,,,,,,us,
6533658,2003-01-09T09:49:08,-79.376,-44.52,15.0,5.9,mw,169.0,84.0,-2.0,259.0,88.0,-174.0,5.629770784055253,33.9649799122713,83.69022790624588,240.90371490389663,2.8401917002221717,124.2451838301215,-0.62,3.64,-3.01,0.82,0.35,-7.95,gem,
pde20030620133041640_33,2003-06-20T13:30:41,-71.637,-30.608,32.0,6.8,mwc,180.0,60.0,90.0,360.0,30.0,90.0,45.00000000000001,270.0,6.0766485035017024e-15,0.0,44.99999999999999,90.0,1.42e+19,2.2e+17,-1.44e+19,7.4e+17,-1.01e+19,2.5e+17,us,gcmt:C062003G;neic:6942053;gem:6942053
B072603I,2003-07-26T14:10:16,-70.94,-28.2,36.0,5.5,mwc,26.0,26.0,110.0,184.0,66.0,81.0,68.0,77.0,8.0,188.0,20.0,281.0,1.7,-0.42,-1.28,0.12,-1.36,-0.33,us,gem:7007687
B100403F,2003-10-04T18:15:55,-71.3,-28.88,29.2,5.2,mwc,331.0,48.0,40.0,211.0,62.0,130.0,54.0,173.0,35.0,10.0,8.0,274.0,5.570000000000001e+16,2.7800000000000004e+16,-8.36e+16,-4.38e+16,-1.7199999999999998e+16,-1600000000000000.0,us,gem:7150137
20031101031912,2003-11-01T03:19:11,-68.18,-35.48,49.7,5.1,mwc,250.0,65.0,-164.0,153.0,75.0,-26.0,7.0,203.0,61.0,305.0,29.0,109.0,-1.36e+16,4.07e+16,-2.71e+16,280000000000000.0,2.09e+16,-3.13e+16,us,gem:7173077
B121003F,2003-12-10T12:25:54,-71.86,-27.69,20.0,5.4,mw,312.0,41.0,-3.0,44.0,88.0,-131.0,31.0,167.0,41.0,46.0,34.0,280.0,-1.51e+16,2.39e+17,-2.2400000000000003e+17,-1.68e+17,-2.12e+17,5300000000000000.0,gcmt,neic:7203683;gem:7203683
7312467,2004-03-17T16:49:45,-66.699,-32.01,31.7,5.5,mw,44.0,60.0,167.0,141.0,79.0,31.0,29.0,7.0,57.0,158.0,13.0,269.0,3499999999.9999995,13500000000.000002,-17000000000.0,7700000000.0,-4900000000.0,-1400000000.0000002,neic,
pde20040503043650040_21,2004-05-03T04:36:50,-73.406,-37.695,21.0,6.6,mwb,150.0,85.0,90.0,330.0,5.0,90.0,45.00000000000001,240.0,3.1805546814635176e-15,150.0,45.00000000000001,60.0,4.85e+18,4e+16,-4.89e+18,4.66e+18,-7.86e+18,1.34e+18,us,gcmt:C050304A;neic:7338397;gem:7338397
C082704A,2004-08-27T00:43:56,-71.25,-27.63,35.0,5.4,mw,135.0,8.0,37.0,8.0,85.0,96.0,49.0,285.0,6.0,188.0,40.0,92.0,1.07e+17,2.56e+16,-1.33e+17,1.02e+17,6.73e+17,5.490000000000001e+16,gcmt,neic:7393404;gem:7393404
7394847,2004-08-30T16:08:16,-72.255,-50.672,15.0,5.08,mw,196.0,57.0,102.0,355.0,35.0,73.0,36.69932764010611,320.19996169960325,22.857318236621584,211.8875717531498,44.53998950484567,97.3793443401371,4.56,0.32,-4.88,-1.04,-1.78,-0.53,gem,
C090704G,2004-09-07T11:53:11,-65.79,-28.91,20.0,6.1,mw,216.0,37.0,80.0,48.0,54.0,97.0,79.0,348.0,6.0,224.0,9.0,133.0,1.49e+18,-6.55e+17,-8.39e+17,4.51e+17,2.7000000000000003e+17,-9.42e+17,gcmt,neic:7399276;gem:7399276
C102304O,2004-10-23T23:16:15,-67.35,-29.35,148.1,5.0,mw,144.0,41.0,-79.0,309.0,50.0,-100.0,4.0,46.0,8.0,315.0,81.0,165.0,-2.53e+16,1.21e+16,1.32e+16,4980000000000000.0,-790000000000000.0,-1.6e+16,gcmt,
C111304F,2004-11-13T19:29:25,-71.86,-29.86,4.2,4.8,mwc,335.0,35.0,68.0,181.0,58.0,105.0,72.0,128.0,12.0,354.0,12.0,261.0,,,,,,,us,
C200501241907A,2005-01-24T19:07:15,-71.71,-29.4,42.6,5.0,mwc,356.0,27.0,79.0,189.0,63.0,96.0,71.0,111.0,5.0,6.0,18.0,275.0,3.45e+16,6410000000000000.0,-4.09e+16,-5500000000000000.0,-2.71e+16,-2750000000000000.0,us,gem:7463984
C200502040915A,2005-02-04T09:15:36,-73.78,-37.87,22.8,4.9,mwc,356.0,42.0,11.0,258.0,83.0,131.0,38.0,204.0,41.0,72.0,26.0,316.0,5250000000000000.0,5040000000000000.0,-1.03e+16,-2.46e+16,1160000000000000.0,-1.93e+16,us,
200503010724A,2005-03-01T07:24:00,-72.1,-31.59,33.0,5.4,mw,354.0,25.0,103.0,159.0,66.0,84.0,69.0,57.0,6.0,161.0,20.0,254.0,1.1299999999999998e+17,9100000000000000.0,-1.22e+17,4.24e+16,-9.65e+16,3.65e+16,gmt,gcmt:C200503010724A;gcmt:C200503010724A;us:C200503010724A;gem:7736614
200503132038A,2005-03-13T20:38:00,-72.02,-32.72,36.0,5.2,mw,9.0,24.0,103.0,175.0,66.0,84.0,68.0,74.0,5.0,177.0,21.0,269.0,0.57,0.1,-0.66,0.07,-0.56,-0.01,gmt,us:C200503132038A;gem:7480678
C200503141243A,2005-03-14T12:43:50,-66.28,-28.86,27.3,5.3,mw,247.0,54.0,136.0,6.0,56.0,45.0,54.0,217.0,36.0,36.0,1.0,126.0,3.33e+16,-7260000000000000.0,-2.6e+16,-2.05e+16,1.64e+16,-3.1e+16,gcmt,gem:7481016
C200503191423A,2005-03-19T14:23:31,-71.87,-27.93,29.2,5.0,mw,357.0,28.0,93.0,174.0,62.0,89.0,73.0,80.0,1.0,175.0,17.0,265.0,2.11e+16,620000000000000.0,-2.17e+16,1719999999999999.8,-1.39e+16,1719999999999999.8,gcmt,
7483608,2005-03-21T16:51:33,-71.302,-27.895,46.2,5.25,mw,83.0,50.0,162.0,185.0,76.0,41.0,20.136240653755063,52.17917217749465,49.89169522421029,167.98362798438438,32.993467642125324,308.4073469445158,0.37,-0.08,-0.28,-0.06,-0.51,-0.77,gem,
200503291638A,2005-03-29T16:38:00,-72.38,-33.76,20.0,5.3,mw,6.0,17.0,100.0,175.0,73.0,87.0,62.0,80.0,3.0,176.0,28.0,267.0,5.88e+16,8500000000000002.0,-6.730000000000001e+16,9900000000000000.0,-9.52e+16,600000000000000.0,gmt,gcmt:C200503291638A;gcmt:C200503291638A;us:C200503291638A;gem:7486834
C200503302331A,2005-03-30T23:31:22,-71.04,-35.3,89.9,4.9,mwc,203.0,36.0,-92.0,26.0,54.0,-88.0,9.0,115.0,1.0,205.0,81.0,304.0,-2.43e+16,1640000000000000.0,2.26e+16,-3960000000000000.0,-7290000000000000.0,1.23e+16,us,
200504130925A,2005-04-13T09:25:00,-73.24,-33.27,12.0,5.4,mw,21.0,38.0,-89.0,200.0,52.0,-91.0,7.0,290.0,0.0,200.0,83.0,106.0,0.0,0.0,0.0,0.0,0.0,0.0,gmt,us:C200504130925A;neic:7492309;gem:7492309
C200505191556A,2005-05-19T15:56:37,-69.43,-31.54,117.0,4.9,mwc,288.0,53.0,-150.0,179.0,66.0,-41.0,8.0,236.0,44.0,334.0,45.0,138.0,,,,,,,us,
C200506080239A,2005-06-08T02:39:35,-69.02,-28.42,122.0,5.1,mwc,1.0,32.0,120.0,147.0,63.0,73.0,68.0,24.0,15.0,155.0,16.0,250.0,5.7e+16,-8450000000000000.0,-4.85e+16,3.19e+16,-2.38e+16,8930000000000000.0,us,gem:7142375
C200507220014A,2005-07-22T00:14:41,-71.07,-29.34,50.5,5.1,mwc,97.0,26.0,7.0,360.0,87.0,116.0,42.0,295.0,26.0,178.0,36.0,67.0,3980000000000000.0,4440000000000000.0,-8420000000000000.0,-2630000000000000.0,4.6e+16,2.29e+16,us,gem:7364704
C200509111831A,2005-09-11T18:31:30,-73.55,-36.7,35.0,4.9,mwc,80.0,27.0,104.0,244.0,64.0,83.0,70.0,139.0,6.0,247.0,19.0,339.0,2.53e+16,-2.43e+16,-1010000000000000.0,-1.75e+16,-1.03e+16,-8800000000000000.0,us,
200510101607A,2005-10-10T16:07:00,-77.12,-45.7,12.0,5.1,mw,85.0,46.0,-158.0,339.0,74.0,-46.0,17.0,38.0,42.0,144.0,43.0,291.0,-2.2e+16,2.54e+16,-3380000000000000.0,1.03e+16,-2.79e+16,-3.74e+16,gmt,gcmt:C200510101607A;gcmt:C200510101607A;us:C200510101607A;gem:7703525
C200511281633A,2005-11-28T16:33:21,-70.96,-29.31,48.6,5.5,mwc,254.0,9.0,-169.0,153.0,88.0,-81.0,43.0,234.0,9.0,333.0,46.0,72.0,-2e+16,4.01e+16,-2.01e+16,-1.01e+17,2.06e+17,-1.97e+16,us,gem:7781050
200512141052A,2005-12-14T10:52:00,-72.05,-31.22,58.0,5.3,mw,266.0,24.0,-18.0,12.0,83.0,-113.0,34.0,122.0,23.0,15.0,47.0,258.0,-2.71e+16,2.28e+16,4300000000000000.0,-1.25e+16,-9.82e+16,4.31e+16,gmt,gcmt:C200512141052A;gcmt:C200512141052A;us:C200512141052A;gem:7996748
200512212219A,2005-12-21T22:19:00,-74.43,-42.85,30.0,5.2,mw,333.0,23.0,60.0,185.0,70.0,102.0,63.0,114.0,11.0,1.0,25.0,266.0,4.73,0.46,-5.19,-1.01,-5.87,1.07,gmt,us:C200512212219A;gem:7997138
200512260056A,2005-12-26T00:56:00,-73.74,-39.01,41.0,5.1,mw,4.0,32.0,89.0,185.0,58.0,91.0,77.0,97.0,0.0,5.0,13.0,275.0,5.36,0.25,-5.61,-0.28,-2.74,-0.49,gmt,us:C200512260056A;gem:7997437
C200512311214A,2005-12-31T12:14:02,-71.52,-28.99,25.0,5.0,mwc,311.0,18.0,5.0,217.0,88.0,108.0,44.0,144.0,18.0,36.0,41.0,290.0,709999999999999.9,1.3e+16,-1.3700000000000002e+16,-2.25e+16,-3.2400000000000004e+16,90000000000000.0,us,gem:8226838
200601052251A,2006-01-05T22:51:00,-73.52,-36.43,20.0,5.2,mw,19.0,16.0,104.0,184.0,74.0,86.0,60.0,88.0,4.0,185.0,29.0,277.0,3.7e+16,5170000000000000.0,-4.22e+16,-4010000000000000.0,-6.64e+16,-9040000000000000.0,gmt,gcmt:C200601052251A;gcmt:C200601052251A;us:C200601052251A;gem:8012117
200602101751A,2006-02-10T17:51:00,-71.84,-32.57,42.0,5.2,mw,11.0,32.0,97.0,183.0,59.0,86.0,76.0,81.0,3.0,185.0,14.0,276.0,6.42e+16,8000000000000000.0,-7.22e+16,200000000000000.0,-3.55e+16,-9300000000000000.0,gmt,gcmt:C200602101751A;gcmt:C200602101751A;us:C200602101751A;gem:8085378
200604151442A,2006-04-15T14:42:00,-72.33,-31.18,28.0,5.2,mw,1.0,22.0,93.0,179.0,68.0,89.0,67.0,87.0,1.0,179.0,23.0,269.0,0.6,0.06,-0.65,0.02,-0.66,0.0,gmt,us:C200604151442A;gem:8320598
C200604152350B,2006-04-15T23:50:14,-72.0,-29.77,19.8,6.0,mwc,1.0,27.0,85.0,186.0,63.0,93.0,72.0,102.0,2.0,5.0,18.0,274.0,9.99e+17,8000000000000000.0,-1.01e+18,-1.06e+17,-7.28e+17,-6.4e+16,us,gem:8320618
C200604172035A,2006-04-17T20:35:00,-72.3,-34.53,31.4,4.9,mwc,1.0,32.0,106.0,162.0,59.0,80.0,74.0,46.0,9.0,167.0,14.0,259.0,2.67e+16,1810000000000000.0,-2.86e+16,7000000000000000.0,-1.35e+16,4930000000000000.0,us,
C200604191749A,2006-04-19T17:49:12,-71.52,-27.08,19.6,5.3,mw,16.0,18.0,111.0,174.0,73.0,83.0,62.0,74.0,6.0,176.0,28.0,270.0,1.96e+17,3.14e+16,-2.27e+17,3.83e+16,-3.04e+17,-1.82e+16,gcmt,
8494393,2006-04-25T05:23:34,-71.305,-27.089,23.1,4.96,mw,177.0,67.0,89.0,360.0,23.0,92.0,44.973666706988894,265.11339163033784,1.3249532536062787,356.4374814023729,44.99569947577102,87.76259009038432,2.44,0.12,-2.56,0.13,-2.48,0.07,gem,
200604281821A,2006-04-28T18:21:00,-77.47,-45.76,12.0,5.3,mw,76.0,75.0,-179.0,346.0,89.0,-15.0,10.0,32.0,75.0,161.0,12.0,300.0,0.07,0.57,-0.64,0.02,-0.36,-1.13,gmt,us:C200604281821A;gem:8494456
C200604301031A,2006-04-30T10:31:24,-71.59,-27.1,17.6,5.1,mw,350.0,18.0,84.0,176.0,72.0,92.0,63.0,89.0,2.0,356.0,27.0,265.0,5.460000000000001e+16,5300000000000000.0,-5.98e+16,4500000000000000.0,-8.17e+16,7600000000000000.0,gcmt,gem:8321374
8321377,2006-04-30T11:13:59,-71.155,-27.022,25.9,5.33,mw,180.0,71.0,93.0,350.0,20.0,81.0,44.817874928603054,274.82199041011893,3.597355317732402,181.2403958589366,44.95655800598124,87.64139795161316,0.73,0.07,-0.8,-0.01,-0.95,0.07,gem,
C200604301917A,2006-04-30T19:17:25,-71.52,-27.17,15.4,6.7,mw,11.0,14.0,106.0,175.0,76.0,86.0,59.0,79.0,4.0,176.0,31.0,268.0,4.55e+18,3.3e+17,-4.88e+18,9.8e+17,-8.86e+18,-2.1e+17,gcmt,neic:10698202;gem:10698202
C200604302012A,2006-04-30T20:12:25,-71.76,-27.28,22.2,5.6,mw,4.0,23.0,100.0,174.0,68.0,86.0,67.0,76.0,4.0,175.0,23.0,267.0,2.78e+17,9000000000000000.0,-2.86e+17,4.15e+16,-2.82e+17,5400000000000000.0,gcmt,gem:8321401
C200604302125A,2006-04-30T21:25:27,-71.62,-27.05,30.1,5.1,mw,350.0,22.0,80.0,180.0,69.0,94.0,66.0,97.0,4.0,359.0,23.0,267.0,4.42e+17,-6.68e+16,-3.75e+17,-2.38e+16,-4.39e+17,3.4000000000000004e+16,gcmt,gem:8321409
C200604302132A,2006-04-30T21:33:00,-71.77,-27.32,19.7,5.9,mw,352.0,22.0,88.0,173.0,68.0,91.0,67.0,85.0,1.0,353.0,23.0,263.0,5.5e+17,-2.25e+16,-5.28e+17,6.36e+16,-5.77e+17,6.860000000000001e+16,gcmt,gem:8321411
C200604302141A,2006-04-30T21:41:07,-71.55,-27.28,13.4,6.7,mw,14.0,18.0,112.0,171.0,73.0,83.0,61.0,70.0,7.0,173.0,28.0,267.0,3.44e+18,4.98e+17,-3.94e+18,1.01e+18,-5.28e+18,-1.22e+17,gcmt,gem:8321414
C200604302304A,2006-04-30T23:04:48,-71.61,-27.42,21.8,5.8,mw,357.0,18.0,96.0,171.0,72.0,88.0,63.0,78.0,2.0,171.0,27.0,262.0,3.26e+17,1.65e+16,-3.42e+17,8.11e+16,-4.63e+17,4.02e+16,gcmt,gem:8321426
C200605010135A,2006-05-01T01:35:54,-71.67,-27.26,30.3,5.5,mw,21.0,22.0,115.0,174.0,70.0,80.0,64.0,67.0,9.0,177.0,24.0,271.0,9.27e+16,4000000000000000.0,-9.67e+16,2.07e+16,-1.07e+17,-1.28e+16,gcmt,gem:8321432
C200605010249A,2006-05-01T02:49:44,-71.61,-27.34,23.3,5.0,mw,3.0,22.0,108.0,164.0,69.0,83.0,65.0,61.0,7.0,166.0,24.0,259.0,1.1100000000000002e+17,5400000000000000.0,-1.16e+17,4.27e+16,-1.2e+17,1.54e+16,gcmt,gem:8338270
8338313,2006-05-02T04:11:19,-71.289,-27.422,16.0,5.21,mw,181.0,71.0,93.0,352.0,20.0,81.0,44.81787492860303,275.82199041011893,3.597355317732402,182.24039585893664,44.95655800598123,88.64139795161316,5.19,0.05,-5.24,-0.3,-6.5,0.29,gem,
C200605021342A,2006-05-02T13:42:40,-71.85,-27.64,12.0,5.0,mw,359.0,21.0,92.0,177.0,69.0,89.0,66.0,85.0,1.0,177.0,24.0,267.0,6.64e+16,3500000000000000.5,-6.979999999999999e+16,4900000000000000.0,-7.33e+16,3000000000000000.0,gcmt,gem:8338322
8338323,2006-05-02T13:58:30,-71.366,-27.431,15.4,5.24,mw,182.0,74.0,93.0,352.0,16.0,80.0,44.84599477885924,276.3627154835696,3.399120961488185,182.9758745289356,44.95258517772294,89.57639376652764,0.46,0.03,-0.49,-0.03,-0.77,0.03,gem,
200605090902A,2006-05-09T09:02:00,-70.04,-32.85,126.0,5.0,mw,270.0,44.0,-29.0,22.0,70.0,-130.0,16.0,140.0,37.0,37.0,48.0,248.0,-2.25e+16,2.11e+16,1409999999999999.8,-5280000000000000.0,-2.51e+16,3.14e+16,gmt,gcmt:C200605090902A;gcmt:C200605090902A;us:C200605090902A;gem:8494679
8338819,2006-05-11T13:48:58,-71.434,-27.484,20.7,5.45,mw,6.0,15.0,94.0,182.0,75.0,89.0,44.98136937055382,90.34728064543305,1.1935819347042618,181.54034540106517,44.99376960383808,272.73392676108585,0.98,0.0,-0.98,-0.06,-1.64,-0.08,gem,
C200605111907A,2006-05-11T19:07:15,-71.9,-27.55,18.1,5.1,mw,339.0,35.0,77.0,175.0,56.0,99.0,77.0,116.0,8.0,350.0,10.0,258.0,2.4e+16,-1430000000000000.0,-2.25e+16,-1660000000000000.0,-9440000000000000.0,5330000000000000.0,gcmt,
200605181826A,2006-05-18T18:26:00,-72.14,-32.34,24.0,5.0,mw,11.0,24.0,109.0,170.0,68.0,82.0,66.0,66.0,7.0,173.0,22.0,266.0,3.29,-0.17,-3.13,0.85,-3.11,-0.07,gmt,us:C200605181826A;gem:8358253
200605210511A,2006-05-21T05:11:00,-74.14,-37.41,15.0,5.2,mw,27.0,17.0,120.0,176.0,76.0,82.0,59.0,75.0,8.0,178.0,30.0,273.0,4.58e+16,-500000000000000.0,-4.53e+16,9200000000000000.0,-8.06e+16,-1.03e+16,gmt,gcmt:C200605210511A;gcmt:C200605210511A;us:C200605210511A;gem:8358373
C200605230240A,2006-05-23T02:40:33,-71.72,-27.04,29.0,5.0,mw,9.0,23.0,96.0,182.0,67.0,87.0,68.0,87.0,2.0,183.0,22.0,274.0,1.79e+16,360000000000000.0,-1.82e+16,-120000000000000.0,-1.76e+16,-1680000000000000.0,gcmt,
200605300250A,2006-05-30T02:50:00,-76.17,-45.92,15.0,5.7,mw,78.0,71.0,-175.0,346.0,85.0,-19.0,9.0,33.0,71.0,151.0,17.0,300.0,-4000000000000000.0,1.65e+17,-1.61e+17,-1.09e+16,-1.3e+17,-3.2e+17,gmt,gcmt:C200605300250A;gcmt:C200605300250A;us:C200605300250A;gem:8443016
8505812,2006-07-03T16:07:14,-66.537,-27.922,162.5,5.12,mw,177.0,57.0,-21.0,279.0,72.0,-145.0,31.24712756691897,44.917588074167554,55.95842333992889,251.00400123193657,12.148624816406544,142.42265235276489,-2.4,0.75,1.65,2.56,0.43,-5.02,gem,
C200607080913A,2006-07-08T09:13:01,-67.39,-28.56,140.1,5.5,mwc,159.0,37.0,-68.0,312.0,56.0,-106.0,10.0,53.0,13.0,321.0,73.0,179.0,-1.74e+17,5.01e+16,1.24e+17,7.31e+16,-2.7800000000000004e+16,-9.87e+16,us,gem:10699322
C200607161142A,2006-07-16T11:42:41,-72.54,-28.72,10.0,6.2,mwc,357.0,46.0,-111.0,205.0,48.0,-70.0,1.0,281.0,15.0,11.0,75.0,188.0,-2e+18,-6.04e+17,2.6e+18,3.62e+17,-1e+16,6.39e+17,us,neic:10699429;gem:10699429
200607192211A,2006-07-19T22:11:00,-72.24,-32.63,31.0,5.0,mw,336.0,25.0,74.0,174.0,66.0,98.0,68.0,99.0,7.0,351.0,20.0,258.0,3.23,0.14,-3.37,0.12,-2.96,0.95,gmt,us:C200607192211A;gem:8548422
200608051403A,2006-08-05T14:03:00,-68.86,-33.2,32.0,5.6,mw,137.0,39.0,44.0,10.0,64.0,120.0,45.00000000000001,214.99999999999844,7.951386703658794e-13,304.9999999999992,45.00000000000001,35.0,1.74e+17,7.33e+16,-2.4700000000000003e+17,5.01e+16,1.34e+17,9.02e+16,gmt,gcmt:C200608051403A;gcmt:C200608051403A;us:pde20060805140344230_25;neic:8568187;gem:8568187
C200608200251A,2006-08-20T02:51:14,-68.46,-29.12,111.0,5.0,mwc,274.0,51.0,-140.0,156.0,60.0,-47.0,5.0,217.0,37.0,311.0,53.0,120.0,-2.82e+16,2.45e+16,3760000000000000.0,4950000000000000.0,1.85e+16,-3.08e+16,us,gem:8652122
C200608312316A,2006-08-31T23:16:42,-70.6,-28.86,80.0,5.1,mwc,167.0,73.0,-13.0,261.0,78.0,-163.0,3.0,33.0,69.0,295.0,20.0,124.0,-0.79,2.34,-1.55,1.21,1.23,-4.72,us,gem:8659537
pde20060912133055660_114,2006-09-12T13:30:55,-68.898,-28.944,114.0,6.0,mwb,155.0,65.0,-90.0,335.0,25.0,-90.0,44.99999999999999,65.0,2.5444437451708128e-14,155.0,44.99999999999999,245.00000000000003,-6.01e+17,1.4299999999999998e+17,4.58e+17,-2.07e+17,5.4900000000000006e+17,-4.61e+17,us,gcmt:C200609121330A;gcmt:C200609121330A;neic:11121520;gem:11121520
200609170934A,2006-09-17T09:34:00,-67.15,-31.9,146.0,6.2,mw,147.0,17.0,-147.0,25.0,81.0,-76.0,34.0,103.0,14.0,203.0,52.0,312.0,-7.6e+17,-1.4299999999999998e+17,9.03e+17,-1.01e+18,-1.77e+18,-2.03e+17,gmt,gcmt:C200609170934A;gcmt:C200609170934A;neic:8715487;gem:8715487
200609242108A,2006-09-24T21:08:00,-67.18,-31.89,152.0,5.7,mw,122.0,34.0,-131.0,348.0,65.0,-66.0,17.0,61.0,21.0,158.0,62.0,296.0,-3e+17,1.68e+17,1.32e+17,-9.57e+16,-2.55e+17,-9.25e+16,gmt,gcmt:C200609242108A;gcmt:C200609242108A;us:C200609242108A;neic:11121679;gem:11121679
200610071632A,2006-10-07T16:32:00,-77.03,-45.79,14.0,5.1,mw,135.0,33.0,-74.0,296.0,58.0,-100.0,13.0,33.0,8.0,301.0,74.0,179.0,-5.95e+16,3.4900000000000004e+16,2.46e+16,2.83e+16,-4540000000000000.0,-1.84e+16,gmt,gcmt:C200610071632A;gcmt:C200610071632A;us:C200610071632A;gem:8788782
200610121805A,2006-10-12T18:05:00,-72.03,-31.48,37.0,6.4,mw,3.0,26.0,96.0,176.0,65.0,87.0,45.00000000000001,265.0,8.74652537402467e-15,355.0,45.00000000000001,85.0,3.22e+18,2.21e+17,-3.44e+18,2.8100000000000003e+17,-2.68e+18,6.6e+16,gmt,gcmt:C200610121805A;gcmt:C200610121805A;us:pde20061012180556570_31;neic:11122081;gem:11122081
200610131612A,2006-10-13T16:12:00,-72.02,-31.55,39.0,5.3,mw,360.0,26.0,95.0,174.0,64.0,88.0,70.0,79.0,2.0,175.0,19.0,266.0,7.79e+16,9800000000000000.0,-8.77e+16,8500000000000002.0,-6.62e+16,6000000000000000.0,gmt,gcmt:C200610131612A;gcmt:C200610131612A;us:C200610131612A;gem:8823003
200610160133A,2006-10-16T01:33:00,-71.76,-30.32,43.0,5.5,mw,8.0,38.0,113.0,160.0,56.0,73.0,73.0,25.0,14.0,170.0,9.0,262.0,1.98e+17,1.13e+16,-2.09e+17,6e+16,-6.12e+16,2.33e+16,gmt,gcmt:C200610160133A;gcmt:C200610160133A;us:C200610160133A;gem:8823107
200611201933A,2006-11-20T19:33:00,-75.57,-40.24,12.0,5.2,mw,190.0,42.0,-82.0,359.0,48.0,-97.0,3.0,94.0,6.0,4.0,84.0,212.0,-7.039999999999999e+16,-5700000000000000.0,7.61e+16,5800000000000000.0,-8200000000000000.0,5800000000000000.0,gmt,gcmt:C200611201933A;gcmt:C200611201933A;us:C200611201933A;gem:8971862
200612311455A,2006-12-31T14:55:00,-71.4,-38.04,18.0,5.5,mw,31.0,86.0,178.0,121.0,88.0,4.0,4.0,346.0,86.0,153.0,1.0,256.0,1.64e+16,2.15e+17,-2.32e+17,1.7100000000000002e+16,-600000000000000.0,1.16e+17,gmt,gcmt:C200612311455A;gcmt:C200612311455A;us:C200612311455A;neic:9140430;gem:9140430
200701071055A,2007-01-07T10:55:00,-71.23,-35.52,121.0,5.0,mw,199.0,23.0,-83.0,12.0,68.0,-93.0,22.0,104.0,3.0,13.0,67.0,276.0,-2.52e+16,3850000000000000.0,2.13e+16,-4110000000000000.0,-2.37e+16,5460000000000000.0,gmt,gcmt:C200701071055A;gcmt:C200701071055A;us:C200701071055A
200701232040A,2007-01-23T20:40:00,-73.07,-45.46,13.0,5.3,mw,264.0,89.0,-1.0,354.0,89.0,-179.0,0.0,129.0,88.0,37.0,2.0,219.0,-1.34e+16,-1.89e+16,3.22e+16,2600000000000000.0,-2400000000000000.0,1.26e+17,gmt,gcmt:C200701232040A;gcmt:C200701232040A;us:C200701232040A;gem:10394010
200701280253A,2007-01-28T02:53:00,-73.69,-45.39,47.0,5.2,mw,104.0,76.0,1.0,14.0,89.0,166.0,10.0,328.0,76.0,190.0,9.0,59.0,-1.27,4.0,-2.73,1.05,1.67,6.67,gmt,us:C200701280253A;gem:10396979
200702030900A,2007-02-03T09:00:00,-73.03,-45.51,12.0,5.3,mw,91.0,84.0,-6.0,182.0,84.0,-174.0,0.0,316.0,82.0,225.0,8.0,47.0,-3.4200000000000004e+16,2.36e+16,1.06e+16,-7199999999999999.0,8300000000000000.0,1.24e+17,gmt,gcmt:C200702030900A;gcmt:C200702030900A;us:C200702030900A;gem:11495639
200702100603A,2007-02-10T06:03:00,-72.26,-43.26,162.0,5.5,mw,207.0,6.0,117.0,360.0,84.0,87.0,51.0,266.0,3.0,0.0,39.0,92.0,2.31e+16,5.17e+16,-7.48e+16,1500000000000000.0,2.41e+17,-1.24e+16,gmt,gcmt:C200702100603A;gcmt:C200702100603A;us:C200702100603A;gem:11499871
200702231955A,2007-02-23T19:55:00,-73.08,-45.51,17.0,5.7,mw,87.0,70.0,-12.0,181.0,79.0,-160.0,6.0,313.0,67.0,210.0,22.0,46.0,-4.5e+16,1.53e+16,2.97e+16,-7.93e+16,1.3500000000000002e+17,3.79e+17,gmt,gcmt:C200702231955A;gcmt:C200702231955A;us:C200702231955A;gem:11508669
200703021307A,2007-03-02T13:07:00,-71.64,-30.93,55.0,5.4,mw,7.0,35.0,100.0,176.0,55.0,83.0,79.0,61.0,6.0,179.0,10.0,270.0,1.3700000000000002e+17,2.08e+16,-1.58e+17,1.19e+16,-5.37e+16,-3599999999999999.5,gmt,gcmt:C200703021307A;gcmt:C200703021307A;us:C200703021307A;neic:11689065;gem:11689065
200703201759A,2007-03-20T17:59:00,-67.19,-31.92,146.0,5.2,mw,168.0,19.0,-125.0,24.0,75.0,-79.0,44.3471819912107,285.11083156264544,12.212616885142564,27.324701613849584,43.08740176232906,129.00496693604924,-3.39,-0.39,3.78,-2.69,-5.15,0.44,gmt,gem:11700513
C200703222025A,2007-03-22T20:25:20,-71.2,-28.12,42.2,5.2,mwc,341.0,51.0,49.0,215.0,54.0,129.0,59.0,185.0,31.0,10.0,2.0,279.0,0.52,0.28,-0.79,-0.21,-0.01,-0.16,us,gem:11701902
200703291440A,2007-03-29T14:40:00,-72.16,-31.63,27.0,5.6,mw,12.0,19.0,91.0,191.0,71.0,90.0,64.0,101.0,0.0,191.0,26.0,281.0,1.89e+17,2.27e+16,-2.12e+17,-4.94e+16,-2.54e+17,-4.88e+16,gmt,gcmt:C200703291440A;gcmt:C200703291440A;us:C200703291440A;gem:11708496
200703291709A,2007-03-29T17:09:00,-72.06,-31.59,22.0,5.6,mw,29.0,22.0,112.0,185.0,69.0,81.0,65.0,80.0,8.0,188.0,24.0,282.0,2.17e+17,3.14e+16,-2.4900000000000003e+17,-1.3e+16,-2.7000000000000003e+17,-8.11e+16,gmt,gcmt:C200703291709A;gcmt:C200703291709A;us:C200703291709A;neic:11708606;gem:11708606
200703291746A,2007-03-29T17:46:00,-72.12,-31.69,20.0,5.3,mw,336.0,15.0,59.0,188.0,78.0,98.0,57.0,108.0,7.0,7.0,32.0,272.0,4.08e+16,7500000000000000.0,-4.83e+16,-1.53e+16,-9.18e+16,6000000000000000.0,gmt,gcmt:C200703291746A;gcmt:C200703291746A;us:C200703291746A;gem:11708632
200703291832A,2007-03-29T18:32:00,-72.23,-31.72,32.0,5.0,mw,347.0,31.0,85.0,172.0,59.0,93.0,76.0,90.0,2.0,351.0,14.0,260.0,3.43e+16,1230000000000000.0,-3.55e+16,1729999999999999.8,-1.88e+16,6960000000000000.0,gmt,gcmt:C200703291832A;gcmt:C200703291832A;us:C200703291832A;gem:11708660
200704020249A,2007-04-02T02:49:00,-73.04,-45.41,30.0,6.2,mw,53.0,43.0,-86.0,228.0,47.0,-94.0,2.0,321.0,3.0,231.0,86.0,93.0,-1.59e+18,1.14e+18,4.5e+17,1.15e+17,1.32e+17,1.71e+18,gmt,gcmt:C200704020249A;gcmt:C200704020249A;us:C200704020249A;gem:11912922
C200704191632A,2007-04-19T16:32:06,-67.65,-28.33,133.0,4.9,mwc,122.0,41.0,-112.0,331.0,52.0,-71.0,6.0,48.0,15.0,139.0,74.0,297.0,,,,,,,us,
200704211753A,2007-04-21T17:53:00,-72.95,-45.48,12.0,6.2,mw,84.0,86.0,2.0,354.0,88.0,176.0,5.0,309.0,85.0,145.0,1.0,39.0,-9.12e+17,-1.2e+17,1.03e+18,1.85e+17,2.8000000000000003e+17,2.77e+18,gmt,gcmt:C200704211753A;gcmt:C200704211753A;us:C200704211753A;neic:11931187;gem:11931187
200704220605A,2007-04-22T06:05:00,-72.34,-31.59,28.0,5.1,mw,348.0,28.0,61.0,201.0,66.0,105.0,66.0,137.0,13.0,15.0,19.0,280.0,3.47,0.56,-4.03,-1.5,-2.79,-0.45,gmt,us:C200704220605A;gem:11931569
C200704261213A,2007-04-26T12:13:29,-70.78,-28.16,45.4,5.2,mwc,33.0,43.0,128.0,166.0,58.0,60.0,64.0,23.0,25.0,183.0,8.0,277.0,5.45e+16,1.51e+16,-6.96e+16,2.16e+16,-2.06e+16,-1.3799999999999998e+16,us,gem:11934897
C200705191626A,2007-05-19T16:26:05,-68.7,-28.76,111.9,5.0,mwc,338.0,46.0,-59.0,117.0,52.0,-118.0,3.0,226.0,22.0,135.0,68.0,324.0,-3.55,1.58,1.98,-1.14,-0.44,-2.97,us,gem:12658655
C200705201215A,2007-05-20T12:15:45,-71.12,-29.59,46.2,5.3,mwc,21.0,41.0,116.0,168.0,54.0,69.0,72.0,25.0,17.0,181.0,7.0,273.0,9.62e+16,1.59e+16,-1.1200000000000002e+17,2.63e+16,-2.7700000000000004e+16,-9500000000000000.0,us,neic:12659198;gem:12659198
200706210954A,2007-06-21T09:54:00,-71.42,-31.79,54.0,5.1,mw,359.0,32.0,94.0,174.0,58.0,88.0,77.0,77.0,2.0,175.0,13.0,266.0,4.43e+16,1560000000000000.0,-4.59e+16,3270000000000000.0,-2.19e+16,2970000000000000.0,gmt,gcmt:C200706210954A;gcmt:C200706210954A;us:C200706210954A;gem:12684855
200706281925A,2007-06-28T19:25:00,-71.63,-32.08,80.0,5.6,mw,198.0,15.0,-73.0,0.0,75.0,-95.0,30.0,94.0,4.0,1.0,60.0,264.0,-1.91e+17,2.64e+16,1.64e+17,9300000000000000.0,-3.14e+17,2.8000000000000004e+16,gmt,gcmt:C200706281925A;gcmt:C200706281925A;us:C200706281925A;neic:12690583;gem:12690583
200707111512A,2007-07-11T15:12:00,-70.3,-32.67,116.0,5.1,mw,150.0,50.0,-177.0,58.0,88.0,-40.0,25.0,112.0,50.0,236.0,29.0,7.0,-1e+16,-2.45e+16,3.45e+16,-1.86e+16,-2.7e+16,2.34e+16,gmt,gcmt:C200707111512A;gcmt:C200707111512A;us:C200707111512A;gem:12767140
200708081414A,2007-08-08T14:14:00,-71.92,-32.66,24.0,5.3,mw,335.0,17.0,78.0,167.0,74.0,93.0,61.0,82.0,3.0,346.0,29.0,255.0,5.83e+16,6900000000000001.0,-6.52e+16,2.2e+16,-1.01e+17,2.53e+16,gmt,gcmt:C200708081414A;gcmt:C200708081414A;us:C200708081414A;gem:12799696
200709220801A,2007-09-22T08:01:00,-76.8,-46.01,12.0,5.5,mw,75.0,80.0,178.0,165.0,88.0,10.0,8.0,31.0,80.0,175.0,6.0,300.0,-5.95e+16,1.57e+17,-9.73e+16,3.6e+16,-4.07e+16,-2.25e+17,gmt,gcmt:C200709220801A;gcmt:C200709220801A;us:C200709220801A;gem:12969469
200710161337A,2007-10-16T13:37:00,-76.84,-45.98,14.0,5.2,mw,71.0,63.0,-173.0,338.0,83.0,-27.0,14.0,28.0,62.0,145.0,23.0,291.0,-1.87,5.27,-3.39,1.35,-2.85,-5.39,gmt,us:C200710161337A;gem:13243356
200710201956A,2007-10-20T19:56:00,-73.51,-36.5,41.0,5.2,mw,13.0,23.0,104.0,177.0,67.0,84.0,67.0,76.0,6.0,179.0,22.0,272.0,5.18e+16,1.01e+16,-6.18e+16,4670000000000000.0,-5.56e+16,-4780000000000000.0,gmt,gcmt:C200710201956A;gcmt:C200710201956A;us:C200710201956A;gem:13246181
200710270116A,2007-10-27T01:16:00,-69.21,-31.85,114.0,5.0,mw,299.0,51.0,-26.0,46.0,70.0,-138.0,12.0,168.0,44.0,66.0,43.0,270.0,-1.73,3.72,-1.99,-0.78,-2.34,0.78,gmt,us:C200710270116A;gem:13250332
200712151822A,2007-12-15T18:22:00,-72.02,-32.81,33.0,5.9,mw,359.0,21.0,89.0,179.0,69.0,90.0,66.0,90.0,0.0,359.0,24.0,269.0,5.4700000000000006e+17,8.8e+16,-6.35e+17,7000000000000000.0,-6.59e+17,1.2e+16,gmt,gcmt:C200712151822A;gcmt:C200712151822A;us:C200712151822A;neic:13290204;gem:13290204
200712200306A,2007-12-20T03:06:00,-72.01,-32.85,25.0,5.5,mw,351.0,12.0,80.0,181.0,78.0,92.0,57.0,93.0,2.0,0.0,33.0,269.0,6.61e+16,2.04e+16,-8.66e+16,-2500000000000000.0,-1.78e+17,5500000000000000.0,gmt,gcmt:C200712200306A;gcmt:C200712200306A;us:C200712200306A;gem:13293173
200802292251A,2008-02-29T22:51:00,-75.49,-40.56,19.0,5.0,mw,212.0,46.0,-107.0,56.0,47.0,-73.0,1.0,134.0,12.0,224.0,78.0,41.0,-4.69e+16,2.26e+16,2.43e+16,-9370000000000000.0,7730000000000000.0,1.7e+16,gmt,gcmt:C200802292251A;gcmt:C200802292251A;us:C200802292251A;gem:10687507
C200803100943A,2008-03-10T09:43:01,-69.29,-28.34,89.5,5.6,mwc,3.0,33.0,-75.0,165.0,58.0,-100.0,13.0,262.0,8.0,170.0,75.0,48.0,-2.38e+17,-4300000000000000.0,2.43e+17,-5.32e+16,1.07e+17,-2.59e+16,us,neic:13485624;gem:13485624
200803290134A,2008-03-29T01:34:00,-74.58,-43.2,42.0,5.1,mw,5.0,32.0,90.0,184.0,58.0,90.0,77.0,94.0,0.0,184.0,13.0,274.0,5.34,-0.88,-4.45,-0.17,-2.46,-0.28,gmt,us:C200803290134A;gem:13498986
200804110129A,2008-04-11T01:29:00,-76.36,-45.88,17.0,5.1,mw,80.0,67.0,-165.0,343.0,76.0,-24.0,6.0,33.0,62.0,135.0,27.0,300.0,0.4,2.17,-2.57,-1.61,-3.37,-4.25,gmt,us:C200804110129A;gem:10882044
200805020551A,2008-05-02T05:51:00,-72.65,-42.93,17.0,5.3,mw,206.0,77.0,-177.0,115.0,87.0,-13.0,7.0,161.0,77.0,281.0,12.0,70.0,-0.35,0.88,-0.52,-0.18,0.01,0.56,gmt,us:C200805020551A;gem:10925030
200805030236A,2008-05-03T02:36:00,-72.56,-42.82,12.0,5.1,mw,280.0,52.0,-31.0,31.0,66.0,-137.0,9.0,153.0,42.0,55.0,47.0,252.0,-1.98,2.9,-0.91,0.99,-3.8,1.66,gmt,us:C200805030236A;gem:10925073
200805201516A,2008-05-20T15:16:00,-78.9,-44.57,12.0,5.6,mw,76.0,64.0,-170.0,342.0,81.0,-27.0,12.0,32.0,62.0,145.0,25.0,296.0,-2.89e+16,1.48e+17,-1.19e+17,-4600000000000000.0,-1.32e+17,-2.12e+17,gmt,gcmt:C200805201516A;gcmt:C200805201516A;gem:10971876
200805240243A,2008-05-24T02:43:00,-72.46,-42.17,12.0,5.5,mw,84.0,57.0,-11.0,180.0,81.0,-146.0,16.0,308.0,55.0,193.0,30.0,48.0,-6.999999999999999e+16,4500000000000000.0,6.55e+16,3.03e+16,8.34e+16,1.57e+17,gmt,gcmt:C200805240243A;gcmt:C200805240243A;us:C200805240243A;gem:10955648
200810011703A,2008-10-01T17:03:00,-71.04,-35.03,119.0,5.2,mw,288.0,4.0,-10.0,28.0,89.0,-94.0,44.0,122.0,4.0,28.0,46.0,294.0,1030000000000000.0,870000000000000.0,-1900000000000000.0,-3.48e+16,-6.46e+16,7550000000000000.0,gmt,gcmt:C200810011703A;gcmt:C200810011703A;us:C200810011703A;gem:11322869
11370123,2008-10-27T19:08:16,-69.264,-27.188,108.5,5.11,mw,191.0,60.0,140.0,304.0,56.0,37.0,3.4503493053245826,335.58846477678026,52.995498014049566,241.00000000000003,36.788383917275226,68.17256435762363,3.46,1.68,-5.14,-1.62,-1.08,3.33,gem,
200811232119A,2008-11-23T21:19:00,-73.36,-36.38,38.0,5.3,mw,11.0,22.0,111.0,169.0,69.0,82.0,65.0,65.0,8.0,172.0,24.0,265.0,6.56e+16,1.36e+16,-7.93e+16,1.81e+16,-7.7e+16,2100000000000000.0,gmt,gcmt:C200811232119A;gcmt:C200811232119A;us:C200811232119A;neic:11473311;gem:11473311
20081216220525,2008-12-16T22:05:28,-71.85,-29.91,63.4,5.1,mwc,290.0,29.0,-1.0,21.0,90.0,-119.0,38.0,136.0,29.0,21.0,39.0,265.0,-1400000000000000.0,1.99e+16,-1.86e+16,-1.4e+16,-4.6e+16,1.79e+16,us,gem:12077821
200812182119A,2008-12-18T21:19:00,-72.13,-32.63,22.0,6.1,mw,360.0,19.0,94.0,175.0,71.0,89.0,45.00000000000001,265.0,1.5902773407317588e-15,355.0,45.00000000000001,85.0,1.13e+18,1.18e+17,-1.25e+18,1.33e+17,-1.54e+18,6.2e+16,gmt,gcmt:C200812182119A;gcmt:C200812182119A;us:pde20081218211928380_18;neic:13813917;gem:13813917
200812182150A,2008-12-18T21:50:00,-72.11,-32.62,21.0,5.8,mw,350.0,18.0,83.0,177.0,72.0,92.0,63.0,90.0,2.0,356.0,27.0,265.0,4.43e+17,7500000000000000.0,-4.51e+17,2.46e+16,-6.1e+17,5.29e+16,gmt,gcmt:C200812182150A;gcmt:C200812182150A;us:C200812182150A;neic:12078106;gem:12078106
200812190730A,2008-12-19T07:30:00,-72.24,-32.66,22.0,5.4,mw,359.0,20.0,90.0,179.0,70.0,90.0,65.0,89.0,0.0,179.0,25.0,269.0,9.47e+16,6400000000000000.0,-1.01e+17,1500000000000000.0,-1.17e+17,1200000000000000.0,gmt,gcmt:C200812190730A;gcmt:C200812190730A;us:C200812190730A;gem:11513607
200812190936A,2008-12-19T09:36:00,-72.1,-32.56,23.0,5.7,mw,2.0,19.0,100.0,172.0,72.0,87.0,63.0,77.0,3.0,173.0,27.0,265.0,2.83e+17,1.64e+16,-2.99e+17,6.08e+16,-3.84e+17,1.6900000000000002e+16,gmt,gcmt:C200812190936A;gcmt:C200812190936A;us:C200812190936A;neic:11513615;gem:11513615
200812191357A,2008-12-19T13:57:00,-71.97,-32.68,24.0,5.2,mw,11.0,19.0,118.0,162.0,74.0,81.0,60.0,59.0,9.0,165.0,28.0,259.0,3.4000000000000004e+16,2.46e+16,-5.86e+16,1.98e+16,-6.780000000000001e+16,1.2e+16,gmt,gcmt:C200812191357A;gcmt:C200812191357A;us:C200812191357A;gem:11513629
200812191648A,2008-12-19T16:48:00,-72.25,-32.6,29.0,5.2,mw,351.0,23.0,82.0,180.0,67.0,93.0,68.0,96.0,3.0,358.0,22.0,267.0,4.93,0.57,-5.5,-0.08,-4.97,0.43,gmt,us:C200812191648A;gem:11513635
200812201707A,2008-12-20T17:07:00,-68.14,-31.72,123.0,5.2,mw,66.0,46.0,-52.0,198.0,56.0,-122.0,5.0,310.0,26.0,217.0,63.0,51.0,-6.909999999999999e+16,2.71e+16,4.2e+16,-1.31e+16,3.11e+16,5.759999999999999e+16,gmt,gcmt:C200812201707A;gcmt:C200812201707A;us:C200812201707A;gem:11527749
200901231256A,2009-01-23T12:56:00,-71.22,-36.64,122.0,5.2,mw,253.0,56.0,-16.0,352.0,77.0,-145.0,13.0,119.0,53.0,10.0,33.0,218.0,-1.52,-1.56,3.08,2.43,-3.69,5.44,gmt,us:C200901231256A;gem:11616520
C200902060258A,2009-02-06T02:58:36,-71.62,-28.16,59.1,5.5,mw,154.0,23.0,-107.0,352.0,68.0,-83.0,23.0,77.0,7.0,169.0,66.0,275.0,-8.29e+16,1.7100000000000002e+16,6.59e+16,3300000000000000.0,-7.96e+16,-1.93e+16,gcmt,gem:11667352
C200902160222A,2009-02-16T02:22:50,-69.81,-29.13,75.0,5.4,mwc,323.0,46.0,-32.0,77.0,67.0,-131.0,13.0,196.0,37.0,96.0,50.0,301.0,-7.62e+16,1.1100000000000002e+17,-3.49e+16,-6.46e+16,-4.88e+16,-6.18e+16,us,gem:11678027
200903111306A,2009-03-11T13:06:00,-69.29,-31.98,37.0,5.3,mw,190.0,44.0,109.0,344.0,49.0,72.0,76.0,186.0,13.0,356.0,2.0,87.0,1.03e+17,1.97e+16,-1.23e+17,-2.14e+16,8000000000000000.0,7800000000000000.0,gmt,gcmt:C200903111306A;gcmt:C200903111306A;us:C200903111306A;neic:11799078;gem:11799078
200903121103A,2009-03-12T11:03:00,-78.35,-45.27,17.0,5.0,mw,157.0,43.0,-117.0,12.0,53.0,-67.0,43.51931257349565,265.8874664782107,42.05212264937879,54.82375221337389,16.130871733637118,159.94667347718143,-3.72,0.44,3.28,-1.44,-0.76,-0.35,gmt,gem:12085978
11883156,2009-03-15T13:50:38,-65.428,-30.999,178.7,5.15,mw,149.0,40.0,-69.0,303.0,53.0,-107.0,44.20790654648653,44.21650152049631,35.84903021522692,269.56294464857365,24.413696770500827,160.41794853752253,-5.93,2.89,3.04,2.06,-0.18,-3.83,gem,
C200904031754A,2009-04-03T17:54:53,-66.71,-28.09,180.4,5.7,mw,183.0,43.0,-31.0,297.0,69.0,-129.0,15.0,54.0,36.0,313.0,50.0,163.0,-2.23e+17,-2.46e+16,2.48e+17,2.56e+17,-4.14e+16,-2.53e+17,gcmt,neic:12086165;gem:12086165
200904260803A,2009-04-26T08:03:00,-69.49,-32.89,141.0,5.3,mw,145.0,49.0,169.0,242.0,82.0,42.0,34.0,112.0,48.0,251.0,22.0,7.0,2.21e+16,-9.56e+16,7.34e+16,-6.57e+16,-5.3e+16,4.41e+16,gmt,gcmt:C200904260803A;gcmt:C200904260803A;us:C200904260803A;gem:12697300
C200904281529A,2009-04-28T15:29:30,-76.28,-48.48,17.5,5.2,mw,7.0,20.0,97.0,180.0,70.0,88.0,65.0,86.0,2.0,181.0,25.0,272.0,3.19e+16,1.25e+16,-4.43e+16,190000000000000.0,-4.55e+16,-2570000000000000.0,gcmt,gem:13439162
200905081344A,2009-05-08T13:44:00,-69.68,-32.02,110.0,5.4,mw,185.0,48.0,-121.0,47.0,50.0,-60.0,1.0,116.0,22.0,206.0,68.0,24.0,-1.1499999999999998e+17,1700000000000000.0,1.1299999999999998e+17,-3.86e+16,1.47e+16,7.029999999999999e+16,gmt,gcmt:C200905081344A;gcmt:C200905081344A;us:C200905081344A;neic:12784565;gem:12784565
C200905171235A,2009-05-17T12:35:25,-70.24,-27.39,101.7,5.2,mw,356.0,29.0,-79.0,163.0,62.0,-96.0,16.0,258.0,5.0,166.0,73.0,58.0,-7.62e+16,1.79e+16,5.83e+16,-1.92e+16,4.01e+16,-5800000000000000.0,gcmt,gem:12828761
C200905250510A,2009-05-25T05:10:13,-71.32,-28.52,48.8,5.3,mwc,192.0,20.0,-84.0,5.0,70.0,-92.0,25.0,97.0,2.0,6.0,65.0,271.0,-6.989999999999999e+16,1.07e+16,5.92e+16,-5300000000000000.0,-7.72e+16,8300000000000000.0,us,gem:12861955
200906132122A,2009-06-13T21:22:00,-71.99,-30.8,34.0,5.0,mw,352.0,29.0,88.0,175.0,61.0,91.0,74.0,89.0,1.0,355.0,16.0,264.0,3.77e+16,4630000000000000.0,-4.230000000000001e+16,1690000000000000.0,-2.47e+16,5070000000000000.0,gmt,gcmt:C200906132122A;gcmt:C200906132122A;us:C200906132122A;gem:13066708
200906170705A,2009-06-17T07:05:00,-77.61,-45.83,25.0,5.2,mw,346.0,68.0,-11.0,80.0,80.0,-158.0,8.0,212.0,65.0,104.0,23.0,305.0,-0.81,3.51,-2.7,-2.87,-2.2,-7.19,gmt,us:C200906170705A;gem:13681521
200906290307A,2009-06-29T03:07:00,-77.15,-45.64,17.0,5.3,mw,79.0,67.0,-171.0,346.0,81.0,-23.0,10.0,34.0,65.0,147.0,22.0,300.0,-2.8e+16,5.76e+16,-2.96e+16,4800000000000000.0,-4.03e+16,-9.87e+16,gmt,gcmt:C200906290307A;gcmt:C200906290307A;us:20090629030730;gem:13307294
C200907071646A,2009-07-07T16:46:15,-71.13,-29.36,48.9,5.4,mwc,260.0,50.0,-174.0,165.0,85.0,-40.0,23.0,219.0,50.0,340.0,31.0,115.0,-1.32e+16,5.91e+16,-4.59e+16,-7900000000000000.0,9.98e+16,-1.05e+17,us,gem:13361362
200907121443A,2009-07-12T14:43:00,-71.58,-30.71,66.0,5.2,mw,360.0,32.0,99.0,169.0,58.0,84.0,76.0,63.0,5.0,172.0,13.0,263.0,5.77,1.16,-6.92,0.79,-3.06,0.83,gmt,us:C200907121443A;gem:13375951
C200908121800A,2009-08-12T18:00:55,-66.71,-28.1,177.9,5.5,mw,297.0,45.0,-126.0,162.0,55.0,-60.0,6.0,232.0,24.0,324.0,65.0,129.0,-1.41e+17,5.17e+16,8.92e+16,2.7300000000000004e+16,6.28e+16,-1.07e+17,gcmt,gem:13566201
200909120356A,2009-09-12T03:56:00,-76.99,-45.83,18.0,5.0,mw,176.0,26.0,-92.0,359.0,64.0,-89.0,19.0,88.0,1.0,179.0,71.0,272.0,-3.46e+16,7160000000000000.0,2.75e+16,-200000000000000.0,-2.37e+16,-940000000000000.0,gmt,gcmt:C200909120356A;gcmt:C200909120356A;us:C200909120356A;gem:13760091
200909251547A,2009-09-25T15:47:00,-71.9,-32.26,42.0,5.1,mw,277.0,58.0,15.0,180.0,78.0,147.0,32.0,134.0,55.0,341.0,13.0,232.0,1.3e+16,-810000000000000.0,-1.22e+16,-7460000000000000.0,-2.54e+16,4.32e+16,gmt,gcmt:C200909251547A;gcmt:C200909251547A;us:C200909251547A;gem:13795340
200910280620A,2009-10-28T06:20:00,-72.05,-32.84,19.0,5.0,mw,164.0,43.0,86.0,349.0,47.0,94.0,87.0,310.0,3.0,167.0,2.0,77.0,3.88e+16,-2590000000000000.0,-3.62e+16,1160000000000000.0,2980000000000000.0,8360000000000000.0,gmt,gcmt:C200910280620A;gcmt:C200910280620A;us:C200910280620A;gem:14094515
C200910300253A,2009-10-30T02:53:39,-71.93,-32.8,19.8,4.9,mwc,358.0,46.0,110.0,151.0,47.0,71.0,76.0,347.0,14.0,164.0,1.0,254.0,,,,,,,us,
200911222207A,2009-11-22T22:07:00,-75.46,-39.77,12.0,5.8,mw,199.0,43.0,-69.0,351.0,51.0,-109.0,43.3986584460768,279.702850470077,26.523492232691314,161.5420780176879,34.97098121850017,51.11025596565412,-6.99e+17,-1.9e+16,7.19e+17,1.77e+17,-1.16e+17,6.7e+16,gmt,gcmt:C200911222207A;gcmt:C200911222207A;us:pde20091122220748220_7;neic:13979280;gem:13979280
200912291147A,2009-12-29T11:47:00,-73.39,-36.78,43.0,5.1,mw,1.0,21.0,95.0,175.0,69.0,88.0,66.0,82.0,2.0,176.0,24.0,267.0,3.37e+16,1850000000000000.0,-3.55e+16,3600000000000000.0,-3.76e+16,1250000000000000.0,gmt,gcmt:C200912291147A;gcmt:C200912291147A;us:C200912291147A;gem:14209504
201001181228A,2010-01-18T12:28:00,-68.97,-31.48,116.0,5.4,mw,231.0,37.0,-97.0,60.0,54.0,-85.0,8.0,147.0,4.0,237.0,80.0,354.0,-1.3899999999999998e+17,9.78e+16,4.1e+16,-4.21e+16,-1.5e+16,7.08e+16,gmt,gcmt:C201001181228A;gcmt:C201001181228A;us:C201001181228A;neic:14238697;gem:14238697
C201001191728A,2010-01-19T17:28:21,-65.74,-27.71,32.1,5.2,mw,243.0,75.0,178.0,333.0,88.0,15.0,12.0,199.0,74.0,341.0,9.0,107.0,8500000000000002.0,6.4e+16,-7.25e+16,-1.04e+16,2.01e+16,-4.92e+16,gcmt,gem:14240651
C201001300550A,2010-01-30T05:50:09,-70.7,-28.23,57.4,5.3,mwc,17.0,31.0,107.0,177.0,60.0,80.0,73.0,63.0,9.0,182.0,15.0,274.0,8.63e+16,1.9e+16,-1.05e+17,8100000000000000.0,-5.550000000000001e+16,-1.31e+16,us,neic:14265217;gem:14265217
201002121203A,2010-02-12T12:03:00,-69.02,-33.63,174.0,5.8,mw,69.0,57.0,-156.0,325.0,70.0,-35.0,8.0,19.0,50.0,119.0,39.0,283.0,-2.4e+17,5.7300000000000006e+17,-3.33e+17,1000000000000000.0,-3.98e+17,-2.93e+17,gmt,gcmt:C201002121203A;gcmt:C201002121203A;us:C201002121203A;neic:14542435;gem:14542435
C201002270634A,2010-02-27T06:35:14,-73.15,-35.98,23.2,8.3,mw,19.0,18.0,116.0,172.0,74.0,82.0,61.0,70.0,8.0,174.0,28.0,269.0,1.04e+22,-3.9e+20,-1e+22,3.04e+21,-1.52e+22,-1.19e+21,gcmt,neic:14340585;gem:14340585
201002270801A,2010-02-27T08:01:00,-75.41,-38.09,20.0,6.6,mw,3.0,46.0,-102.0,200.0,46.0,-78.0,0.0,281.0,9.0,11.0,81.0,191.0,-1.3999999999999998e+20,1.63e+19,1.24e+20,2.34e+19,-4.1e+18,2.27e+19,gmt,gcmt:S201002270801A;gcmt:S201002270801A;us:S201002270801A;gem:14357776
pde20100227172430590_19,2010-02-27T17:24:30,-73.208,-36.354,19.0,6.1,mwb,226.0,63.0,51.0,107.0,46.0,141.0,54.0,86.0,33.0,246.0,9.0,342.0,9.4e+17,-1.34e+18,3.9e+17,-2.1e+17,-7.4e+17,-4.5e+17,us,neic:14344848
201002271900A,2010-02-27T19:00:00,-72.29,-33.62,24.0,6.2,mw,3.0,27.0,97.0,175.0,64.0,86.0,71.0,77.0,3.0,177.0,19.0,268.0,2.42e+18,-3.43e+17,-2.08e+18,2.61e+17,-1.7e+18,8999999999999998.0,gmt,gcmt:C201002271900A;gcmt:C201002271900A;us:C201002271900A;neic:14357795;gem:14357795
201002272302A,2010-02-27T23:02:00,-73.33,-37.94,53.0,5.9,mw,349.0,27.0,90.0,169.0,63.0,90.0,72.0,79.0,0.0,349.0,18.0,259.0,7.05e+17,-1.22e+17,-5.83e+17,9.1e+16,-4.6e+17,9.5e+16,gmt,gcmt:C201002272302A;gcmt:C201002272302A;us:C201002272302A;neic:14342117;gem:14342117
201002280108A,2010-02-28T01:08:00,-72.46,-34.25,31.0,5.9,mw,13.0,24.0,95.0,187.0,66.0,88.0,69.0,93.0,2.0,188.0,21.0,279.0,7.36e+17,-5.7e+16,-6.79e+17,-6.5e+16,-6.53e+17,-1.17e+17,gmt,gcmt:C201002280108A;gcmt:C201002280108A;us:C201002280108A;neic:14342120;gem:14342120
201002281125A,2010-02-28T11:25:00,-72.05,-35.11,53.0,6.2,mw,17.0,25.0,113.0,171.0,67.0,80.0,66.0,63.0,10.0,175.0,22.0,269.0,1.65e+18,1.95e+17,-1.84e+18,3.93e+17,-1.64e+18,-1.13e+17,gmt,gcmt:C201002281125A;gcmt:C201002281125A;us:C201002281125A;neic:17273456;gem:17273456
201002281948A,2010-02-28T19:48:00,-74.15,-38.36,15.0,5.8,mw,1.0,16.0,91.0,180.0,74.0,90.0,61.0,90.0,0.0,180.0,29.0,270.0,3.88e+17,-6300000000000000.0,-3.81e+17,-2000000000000000.0,-6.08e+17,-3400000000000000.0,gmt,gcmt:C201002281948A;gcmt:C201002281948A;us:C201002281948A;neic:14357818;gem:14357818
201003010110A,2010-03-01T01:10:00,-72.33,-35.4,58.0,5.2,mw,34.0,33.0,130.0,169.0,65.0,67.0,63.0,43.0,20.0,179.0,17.0,276.0,5.05e+16,2.2e+16,-7.25e+16,1.34e+16,-4.46e+16,-1.48e+16,gmt,gcmt:C201003010110A;gcmt:C201003010110A;us:C201003010110A;gem:14342530
201003010244A,2010-03-01T02:44:00,-72.75,-35.22,19.0,5.6,mw,302.0,29.0,32.0,183.0,75.0,115.0,53.0,123.0,24.0,356.0,26.0,254.0,1.3999999999999998e+17,4.03e+16,-1.8e+17,-3.08e+16,-2.55e+17,1.3e+17,gmt,gcmt:C201003010244A;gcmt:C201003010244A;us:C201003010244A;neic:14342532;gem:14342532
C201003010530A,2010-03-01T05:30:35,-73.6,-34.67,35.0,4.9,mwc,234.0,44.0,-67.0,24.0,50.0,-111.0,3.0,128.0,16.0,37.0,74.0,229.0,-2.81e+16,1.16e+16,1.64e+16,5390000000000000.0,-8040000000000000.0,1.18e+16,us,
201003010749A,2010-03-01T07:49:00,-73.53,-34.73,12.0,5.3,mw,208.0,35.0,-65.0,358.0,58.0,-107.0,12.0,100.0,14.0,7.0,71.0,228.0,-9.45e+16,-3.54e+16,1.3e+17,8400000000000002.0,-5.29e+16,3.3e+16,gmt,gcmt:C201003010749A;gcmt:C201003010749A;us:C201003010749A;gem:14342544
201003010846A,2010-03-01T08:46:00,-73.46,-35.51,15.0,5.3,mw,26.0,17.0,98.0,197.0,73.0,87.0,62.0,103.0,2.0,197.0,28.0,289.0,0.56,0.03,-0.58,-0.27,-0.91,-0.26,gmt,us:C201003010846A;gem:14344160
201003010858A,2010-03-01T08:58:00,-74.96,-37.91,19.0,5.0,mw,204.0,41.0,-79.0,9.0,50.0,-100.0,4.0,106.0,7.0,15.0,81.0,225.0,-3.98e+16,6150000000000000.0,3.36e+16,4070000000000000.0,-7150000000000000.0,8890000000000000.0,gmt,gcmt:C201003010858A;gcmt:C201003010858A;us:C201003010858A;gem:14344960
201003011220A,2010-03-01T12:20:00,-74.01,-34.57,12.0,5.1,mw,41.0,40.0,-91.0,222.0,50.0,-89.0,5.0,311.0,0.0,41.0,85.0,137.0,-5.24e+16,2.27e+16,2.97e+16,6080000000000000.0,6240000000000000.0,2.7400000000000004e+16,gmt,gcmt:C201003011220A;gcmt:C201003011220A;us:C201003011220A;gem:14344165
201003011436A,2010-03-01T14:36:00,-73.96,-34.53,12.0,5.2,mw,46.0,39.0,-89.0,224.0,51.0,-91.0,6.0,315.0,1.0,225.0,84.0,127.0,-7.55e+16,3.76e+16,3.79e+16,1e+16,1.19e+16,2.9900000000000004e+16,gmt,gcmt:C201003011436A;gcmt:C201003011436A;us:C201003011436A;gem:14344172
201003011552A,2010-03-01T15:52:00,-73.91,-36.83,27.0,5.1,mw,13.0,27.0,104.0,177.0,64.0,83.0,70.0,73.0,6.0,180.0,19.0,272.0,4.05,-0.05,-4.0,0.43,-3.18,-0.35,gmt,us:C201003011552A;gem:14344174
201003011656A,2010-03-01T16:56:00,-72.7,-36.4,68.0,5.0,mw,43.0,35.0,125.0,182.0,62.0,68.0,66.0,53.0,19.0,193.0,15.0,288.0,2.5e+16,2650000000000000.0,-2.77e+16,3140000000000000.0,-1.8e+16,-1.39e+16,gmt,gcmt:C201003011656A;gcmt:C201003011656A;us:C201003011656A;gem:14344176
201003012240A,2010-03-01T22:40:00,-74.27,-34.9,18.0,5.0,mw,32.0,37.0,-88.0,209.0,53.0,-92.0,8.0,300.0,1.0,210.0,82.0,111.0,-3.7,1.17,2.53,0.42,0.9,1.24,gmt,us:C201003012240A;gem:14344341
201003020209A,2010-03-02T02:09:00,-71.47,-39.86,16.0,5.1,mw,176.0,65.0,-168.0,80.0,79.0,-25.0,9.0,130.0,62.0,238.0,26.0,36.0,470000000000000.0,-1.52e+16,1.47e+16,-3.2e+16,1.53e+16,5.28e+16,gmt,gcmt:C201003020209A;gcmt:C201003020209A;us:C201003020209A;gem:14554585
201003020409A,2010-03-02T04:09:00,-73.73,-35.88,15.0,5.4,mw,359.0,13.0,78.0,191.0,78.0,93.0,57.0,104.0,3.0,10.0,32.0,279.0,5.93e+16,8200000000000000.0,-6.750000000000001e+16,-2.69e+16,-1.34e+17,-7900000000000000.0,gmt,gcmt:C201003020409A;gcmt:C201003020409A;us:C201003020409A;gem:14344355
201003020428A,2010-03-02T04:28:00,-73.81,-36.85,15.0,5.5,mw,17.0,11.0,110.0,178.0,79.0,86.0,55.0,83.0,4.0,178.0,34.0,271.0,6.82e+16,3500000000000000.0,-7.17e+16,9900000000000000.0,-1.79e+17,-9400000000000000.0,gmt,gcmt:C201003020428A;gcmt:C201003020428A;us:20100302042845;gem:14344356
201003020610A,2010-03-02T06:10:00,-72.87,-34.63,15.0,5.3,mw,3.0,5.0,84.0,189.0,85.0,91.0,50.0,99.0,1.0,9.0,40.0,278.0,2.01e+16,3800000000000000.0,-2.4e+16,-1.7199999999999998e+16,-1.1399999999999998e+17,-3100000000000000.0,gmt,gcmt:C201003020610A;gcmt:C201003020610A;us:C201003020610A;gem:17150213
201003021130A,2010-03-02T11:30:00,-72.99,-35.45,12.0,5.0,mw,198.0,67.0,-163.0,101.0,74.0,-24.0,5.0,151.0,61.0,250.0,28.0,58.0,-1.85e+16,2.81e+16,-9510000000000000.0,-8520000000000000.0,3000000000000000.0,3.22e+16,gmt,gcmt:C201003021130A;gcmt:C201003021130A;us:C201003021130A;gem:14344865
201003021216A,2010-03-02T12:16:00,-73.83,-36.76,18.0,5.2,mw,5.0,16.0,95.0,181.0,74.0,89.0,61.0,89.0,1.0,181.0,29.0,272.0,4.19e+16,-1580000000000000.0,-4.03e+16,-110000000000000.0,-6.39e+16,-2130000000000000.0,gmt,gcmt:C201003021216A;gcmt:C201003021216A;us:C201003021216A;gem:17150271
201003021407A,2010-03-02T14:07:00,-74.43,-39.72,35.0,5.1,mw,16.0,28.0,112.0,172.0,64.0,79.0,69.0,59.0,10.0,177.0,18.0,270.0,4.61,-0.36,-4.25,1.11,-3.24,-0.39,gmt,us:C201003021407A;gem:14344975
201003021912A,2010-03-02T19:12:00,-72.55,-34.39,19.0,5.6,mw,14.0,17.0,119.0,163.0,75.0,81.0,59.0,62.0,8.0,165.0,30.0,260.0,1.57e+17,1.61e+16,-1.73e+17,9.19e+16,-2.66e+17,6100000000000000.0,gmt,gcmt:C201003021912A;gcmt:C201003021912A;us:C201003021912A;gem:14345091
201003022144A,2010-03-02T21:44:00,-73.85,-36.61,37.0,5.0,mw,44.0,26.0,115.0,196.0,67.0,79.0,66.0,86.0,11.0,201.0,21.0,295.0,3.54,-1.07,-2.46,-0.42,-3.25,-1.4,gmt,us:C201003022144A;gem:14411374
201003030435A,2010-03-03T04:35:00,-74.29,-37.61,15.0,5.3,mw,350.0,12.0,66.0,194.0,79.0,95.0,56.0,110.0,5.0,13.0,34.0,280.0,4.13e+16,4500000000000000.0,-4.58e+16,-2.71e+16,-1.02e+17,-2400000000000000.0,gmt,gcmt:C201003030435A;gcmt:C201003030435A;us:C201003030435A;gem:17150405
201003030442A,2010-03-03T04:42:00,-74.27,-37.4,21.0,5.1,mw,13.0,26.0,105.0,176.0,65.0,83.0,69.0,72.0,6.0,179.0,20.0,272.0,4.24,-0.73,-3.51,0.61,-3.19,-0.33,gmt,us:C201003030442A;gem:14411377
201003030616A,2010-03-03T06:16:00,-72.44,-33.81,23.0,5.2,mw,10.0,22.0,99.0,180.0,68.0,86.0,67.0,83.0,4.0,181.0,23.0,272.0,5.15,0.29,-5.44,0.21,-5.43,-0.43,gmt,us:C201003030616A;gem:14345113
201003031744A,2010-03-03T17:44:00,-73.69,-36.7,16.0,6.1,mw,15.0,12.0,103.0,182.0,78.0,87.0,57.0,88.0,3.0,182.0,33.0,274.0,6.98e+17,4e+16,-7.38e+17,-3.5000000000000004e+16,-1.64e+18,-1.09e+17,gmt,gcmt:C201003031744A;gcmt:C201003031744A;us:C201003031744A;neic:14349505;gem:14349505
201003031958A,2010-03-03T19:58:00,-72.36,-33.59,19.0,5.8,mw,2.0,17.0,94.0,178.0,73.0,89.0,62.0,87.0,1.0,179.0,28.0,269.0,3.37e+17,2200000000000000.0,-3.39e+17,1.81e+16,-4.91e+17,-1600000000000000.0,gmt,gcmt:C201003031958A;gcmt:C201003031958A;us:C201003031958A;neic:14349541;gem:14349541
201003040159A,2010-03-04T01:59:00,-72.55,-33.45,13.0,6.0,mw,10.0,19.0,97.0,183.0,71.0,88.0,64.0,89.0,2.0,184.0,26.0,275.0,8.33e+17,-1.2e+16,-8.21e+17,-4e+16,-1.06e+18,-9.4e+16,gmt,gcmt:C201003040159A;gcmt:C201003040159A;us:C201003040159A;neic:14351167;gem:14351167
201003040903A,2010-03-04T09:03:00,-74.96,-37.72,17.0,5.0,mw,217.0,45.0,-56.0,353.0,54.0,-119.0,4.0,104.0,23.0,12.0,66.0,204.0,-3.71e+16,-2110000000000000.0,3.92e+16,1.5e+16,-9880000000000000.0,1.21e+16,gmt,gcmt:C201003040903A;gcmt:C201003040903A;us:C201003040903A;gem:14351179
201003041737A,2010-03-04T17:37:00,-72.41,-34.24,24.0,5.4,mw,14.0,22.0,106.0,177.0,69.0,84.0,66.0,76.0,6.0,179.0,24.0,272.0,1.01,0.1,-1.11,0.11,-1.15,-0.11,gmt,us:C201003041737A;gem:14367035
201003050334A,2010-03-05T03:34:00,-71.94,-34.67,12.0,5.4,mw,1.0,38.0,-77.0,165.0,53.0,-100.0,7.0,262.0,8.0,171.0,79.0,34.0,-1.48e+17,-3.67e+16,1.85e+17,-2.24e+16,4.2e+16,-3.07e+16,gmt,gcmt:C201003050334A;gcmt:C201003050334A;us:C201003050334A;gem:14367060
201003050355A,2010-03-05T03:55:00,-71.95,-34.63,26.0,5.2,mw,319.0,75.0,177.0,50.0,87.0,15.0,13.0,275.0,74.0,60.0,9.0,183.0,-600000000000000.0,-8.98e+16,9.04e+16,1.53e+16,2.09e+16,1.3800000000000002e+16,gmt,gcmt:C201003050355A;gcmt:C201003050355A;us:C201003050355A;gem:14367062
201003050736A,2010-03-05T07:36:00,-73.41,-35.35,36.0,5.1,mw,266.0,50.0,-3.0,358.0,88.0,-140.0,25.0,125.0,50.0,1.0,29.0,230.0,-6370000000000000.0,-3870000000000000.0,1.02e+16,-4300000000000000.0,-3.38e+16,4.1e+16,gmt,gcmt:C201003050736A;gcmt:C201003050736A;us:C201003050736A;gem:14367069
201003050919A,2010-03-05T09:19:00,-73.59,-36.76,15.0,6.1,mw,11.0,8.0,116.0,164.0,83.0,87.0,52.0,70.0,3.0,165.0,38.0,258.0,4.6e+17,6.3e+16,-5.23e+17,5.21e+17,-1.83e+18,3.8e+16,gmt,gcmt:C201003050919A;gcmt:C201003050919A;us:20100305091936;neic:14374363;gem:14374363
201003051031A,2010-03-05T10:31:00,-73.77,-37.58,26.0,5.2,mw,358.0,28.0,97.0,171.0,62.0,86.0,73.0,72.0,3.0,173.0,17.0,264.0,7.25e+16,-4100000000000000.0,-6.840000000000001e+16,1.02e+16,-4.64e+16,5800000000000000.0,gmt,gcmt:C201003051031A;gcmt:C201003051031A;us:C201003051031A;gem:14374365
C201003051147A,2010-03-05T11:47:06,-73.37,-36.67,18.0,6.6,mwc,9.0,16.0,98.0,180.0,74.0,88.0,61.0,87.0,2.0,181.0,29.0,272.0,5.18e+18,9e+16,-5.28e+18,4e+16,-8.6e+18,-4.1e+17,us,neic:14554606;gem:14554606
201003061519A,2010-03-06T15:19:00,-74.31,-37.59,14.0,5.2,mw,28.0,19.0,112.0,185.0,72.0,83.0,62.0,84.0,7.0,187.0,27.0,281.0,4.24e+16,3449999999999999.5,-4.58e+16,-3300000000000000.0,-6.39e+16,-1.42e+16,gmt,gcmt:C201003061519A;gcmt:C201003061519A;us:C201003061519A;gem:14373449
201003070446A,2010-03-07T04:46:00,-72.18,-33.14,29.0,5.1,mw,7.0,26.0,92.0,185.0,64.0,89.0,71.0,92.0,1.0,185.0,19.0,275.0,4.3e+16,-1390000000000000.0,-4.17e+16,-2080000000000000.0,-3.31e+16,-4210000000000000.0,gmt,gcmt:C201003070446A;gcmt:C201003070446A;us:C201003070446A;gem:14371822
201003071559A,2010-03-07T15:59:00,-73.78,-38.22,25.0,5.9,mw,348.0,12.0,84.0,174.0,78.0,91.0,57.0,86.0,1.0,354.0,33.0,263.0,3.02e+17,4.16e+16,-3.44e+17,7.28e+16,-7.2e+17,5.96e+16,gmt,gcmt:C201003071559A;gcmt:C201003071559A;us:C201003071559A;neic:14554019;gem:14554019
201003071836A,2010-03-07T18:36:00,-72.22,-34.65,47.0,5.3,mw,24.0,27.0,114.0,177.0,65.0,78.0,67.0,64.0,11.0,182.0,19.0,276.0,7.07e+16,1.61e+16,-8.68e+16,8400000000000002.0,-6.58e+16,-1.62e+16,gmt,gcmt:C201003071836A;gcmt:C201003071836A;us:C201003071836A;gem:14371839
201003072200A,2010-03-07T22:00:00,-72.18,-34.01,34.0,5.2,mw,26.0,42.0,113.0,176.0,52.0,71.0,74.0,29.0,15.0,189.0,5.0,280.0,6.21e+16,9780000000000000.0,-7.18e+16,1.23e+16,-1.54e+16,-1.66e+16,gmt,gcmt:C201003072200A;gcmt:C201003072200A;us:C201003072200A;gem:14372360
201003072346A,2010-03-07T23:46:00,-73.36,-36.17,29.0,5.1,mw,26.0,21.0,-119.0,237.0,72.0,-80.0,26.0,319.0,10.0,54.0,62.0,162.0,-2.82e+16,1.24e+16,1.58e+16,3.48e+16,1.98e+16,1.76e+16,gmt,gcmt:C201003072346A;gcmt:C201003072346A;us:C201003072346A;gem:14373452
201003081303A,2010-03-08T13:03:00,-73.97,-34.54,12.0,5.1,mw,38.0,41.0,-97.0,228.0,49.0,-84.0,4.0,313.0,5.0,44.0,84.0,183.0,-5.85e+16,2.7400000000000004e+16,3.12e+16,9600000000000000.0,2640000000000000.0,2.79e+16,gmt,gcmt:C201003081303A;gcmt:C201003081303A;us:C201003081303A;gem:14398331
201003081750A,2010-03-08T17:50:00,-72.04,-32.88,17.0,5.3,mw,360.0,28.0,108.0,159.0,63.0,81.0,70.0,49.0,8.0,163.0,18.0,256.0,0.91,-0.03,-0.87,0.32,-0.59,0.16,gmt,us:C201003081750A;gem:14383164
201003081808A,2010-03-08T18:08:00,-72.11,-32.78,16.0,5.3,mw,353.0,26.0,89.0,175.0,64.0,91.0,71.0,86.0,1.0,354.0,19.0,264.0,0.8,-0.01,-0.79,0.05,-0.62,0.09,gmt,us:C201003081808A;gem:14384299
201003092210A,2010-03-09T22:10:00,-72.83,-33.88,20.0,5.1,mw,358.0,22.0,76.0,193.0,69.0,96.0,66.0,113.0,5.0,11.0,23.0,279.0,3.84e+16,-550000000000000.0,-3.78e+16,-1.15e+16,-3.95e+16,-3610000000000000.0,gmt,gcmt:C201003092210A;gcmt:C201003092210A;us:20100309221041;gem:14398343
201003100241A,2010-03-10T02:41:00,-73.13,-37.07,48.0,5.2,mw,19.0,32.0,107.0,178.0,60.0,80.0,73.0,62.0,9.0,184.0,14.0,276.0,6.2e+16,4680000000000000.0,-6.67e+16,6870000000000001.0,-3.63e+16,-1.04e+16,gmt,gcmt:C201003100241A;gcmt:C201003100241A;us:C201003100241A;gem:14400657
201003100401A,2010-03-10T04:01:00,-74.12,-37.32,15.0,5.1,mw,15.0,12.0,109.0,176.0,78.0,86.0,57.0,81.0,4.0,177.0,33.0,270.0,2.62,0.09,-2.71,0.49,-6.09,-0.28,gmt,us:C201003100401A;gem:14399307
201003100845A,2010-03-10T08:45:00,-74.29,-35.16,18.0,5.1,mw,48.0,34.0,-59.0,192.0,61.0,-109.0,14.0,296.0,17.0,201.0,68.0,64.0,-4.26e+16,1.05e+16,3.21e+16,-4200000000000000.0,2.81e+16,1.98e+16,gmt,gcmt:C201003100845A;gcmt:C201003100845A;us:C201003100845A;gem:14399318
201003101220A,2010-03-10T12:20:00,-72.85,-33.6,15.0,5.6,mw,47.0,6.0,122.0,195.0,85.0,87.0,50.0,102.0,3.0,195.0,40.0,288.0,5.759999999999999e+16,-6600000000000000.0,-5.1e+16,-9.03e+16,-3.37e+17,-3.57e+16,gmt,gcmt:C201003101220A;gcmt:C201003101220A;us:C201003101220A;gem:14400662
201003101600A,2010-03-10T16:00:00,-75.28,-38.25,27.0,5.1,mw,344.0,55.0,-152.0,237.0,67.0,-38.0,7.0,293.0,46.0,31.0,43.0,196.0,-2.66,-2.02,4.68,2.99,-0.06,2.96,gmt,us:C201003101600A;gem:14400304
C201003111051A,2010-03-11T10:51:39,-71.87,-34.33,35.0,4.9,mwc,319.0,31.0,-99.0,150.0,60.0,-85.0,14.0,236.0,5.0,327.0,75.0,75.0,-2.85e+16,1.01e+16,1.84e+16,-6370000000000000.0,1.43e+16,-1.25e+16,us,
C201003111439A,2010-03-11T14:39:44,-71.89,-34.29,11.0,6.9,mwc,324.0,35.0,-90.0,144.0,55.0,-90.0,10.0,234.0,0.0,324.0,80.0,54.0,-2.33e+19,8.58e+18,1.47e+19,-4.69e+18,6.43e+18,-9.55e+18,us,neic:14554049;gem:14554049
C201003111455A,2010-03-11T14:55:27,-71.8,-34.32,18.0,7.0,mwc,16.0,6.0,-53.0,159.0,86.0,-93.0,41.0,252.0,3.0,159.0,49.0,65.0,-5.9e+18,2.4e+17,5.659999999999999e+18,-1.27e+19,3.2e+19,2.7e+17,us,neic:14400686;gem:14400686
201003112011A,2010-03-11T20:11:00,-72.08,-34.62,19.0,5.6,mw,3.0,44.0,-61.0,146.0,52.0,-115.0,4.0,253.0,20.0,162.0,70.0,354.0,-3.27e+17,1.48e+16,3.12e+17,-1.41e+17,7199999999999999.0,-8.64e+16,gmt,gcmt:C201003112011A;gcmt:C201003112011A;us:C201003112011A;gem:14402141
201003112234A,2010-03-11T22:34:00,-74.11,-37.85,22.0,5.3,mw,351.0,20.0,82.0,180.0,70.0,93.0,65.0,95.0,3.0,359.0,25.0,267.0,7.95e+16,-8599999999999998.0,-7.09e+16,-2200000000000000.0,-8.91e+16,5900000000000000.0,gmt,gcmt:C201003112234A;gcmt:C201003112234A;us:C201003112234A;gem:14402149
201003121032A,2010-03-12T10:32:00,-74.69,-37.86,18.0,5.1,mw,348.0,18.0,71.0,188.0,73.0,96.0,62.0,108.0,6.0,6.0,27.0,273.0,3.11,-0.34,-2.77,-0.82,-4.09,0.18,gmt,us:C201003121032A;gem:14420155
201003121650A,2010-03-12T16:50:00,-72.18,-34.41,12.0,5.7,mw,342.0,40.0,-87.0,158.0,50.0,-92.0,5.0,250.0,2.0,159.0,84.0,51.0,-3.95e+17,2.49e+16,3.7e+17,-3.81e+16,6.830000000000001e+16,-1.47e+17,gmt,gcmt:C201003121650A;gcmt:C201003121650A;us:C201003121650A;neic:14621975;gem:14621975
201003130315A,2010-03-13T03:15:00,-74.02,-36.69,31.0,5.3,mw,2.0,23.0,88.0,183.0,67.0,91.0,68.0,95.0,1.0,3.0,22.0,273.0,8.29e+16,-8000000000000000.0,-7.49e+16,-5400000000000000.0,-7.64e+16,-2800000000000000.0,gmt,gcmt:C201003130315A;gcmt:C201003130315A;us:C201003130315A;gem:14405386
201003130319A,2010-03-13T03:19:00,-73.77,-36.77,24.0,5.4,mw,10.0,19.0,102.0,177.0,72.0,86.0,63.0,81.0,4.0,178.0,27.0,270.0,1.02e+17,-9100000000000000.0,-9.29e+16,1.16e+16,-1.32e+17,-6500000000000000.0,gmt,gcmt:C201003130319A;gcmt:C201003130319A;us:C201003130319A;gem:14406570
201003130712A,2010-03-13T07:12:00,-71.97,-34.65,19.0,5.1,mw,345.0,45.0,-81.0,152.0,46.0,-99.0,1.0,249.0,6.0,158.0,84.0,344.0,-4.51e+16,-2570000000000000.0,4.769999999999999e+16,-3890000000000000.0,-330000000000000.0,-2.33e+16,gmt,gcmt:C201003130712A;gcmt:C201003130712A;us:C201003130712A;gem:14405390
201003131034A,2010-03-13T10:34:00,-73.95,-37.78,20.0,5.8,mw,7.0,19.0,102.0,175.0,71.0,86.0,64.0,78.0,4.0,176.0,26.0,268.0,3.56e+17,1.16e+16,-3.67e+17,5.39e+16,-4.62e+17,-6100000000000000.0,gmt,gcmt:C201003131034A;gcmt:C201003131034A;us:C201003131034A;neic:14405731;gem:14405731
201003131522A,2010-03-13T15:22:00,-72.07,-34.57,16.0,5.2,mw,10.0,29.0,-75.0,172.0,62.0,-99.0,16.0,268.0,8.0,176.0,72.0,62.0,-6.979999999999999e+16,-6100000000000000.0,7.59e+16,-1.19e+16,4.63e+16,500000000000000.0,gmt,gcmt:C201003131522A;gcmt:C201003131522A;us:C201003131522A;gem:14405833
201003132020A,2010-03-13T20:20:00,-74.29,-37.11,15.0,5.3,mw,346.0,12.0,79.0,177.0,79.0,92.0,56.0,90.0,2.0,357.0,34.0,266.0,4.17e+16,500000000000000.0,-4.22e+16,3800000000000000.0,-1e+17,6100000000000000.0,gmt,gcmt:C201003132020A;gcmt:C201003132020A;us:C201003132020A;gem:14406579
201003140731A,2010-03-14T07:31:00,-72.1,-34.42,16.0,5.2,mw,341.0,34.0,-116.0,191.0,59.0,-73.0,13.0,269.0,14.0,3.0,71.0,138.0,-6.810000000000001e+16,-2400000000000000.0,7.05e+16,1.94e+16,3.3800000000000004e+16,-5600000000000000.0,gmt,gcmt:C201003140731A;gcmt:C201003140731A;us:C201003140731A;gem:14406612
201003141352A,2010-03-14T13:52:00,-73.85,-38.71,19.0,5.5,mw,281.0,25.0,-26.0,35.0,79.0,-113.0,31.0,143.0,23.0,39.0,50.0,279.0,-6.989999999999999e+16,9.46e+16,-2.47e+16,-7.21e+16,-1.49e+17,4.25e+16,gmt,gcmt:C201003141352A;gcmt:C201003141352A;us:C201003141352A;gem:14406623
201003142004A,2010-03-14T20:04:00,-73.85,-38.68,13.0,5.4,mw,228.0,23.0,-60.0,15.0,71.0,-102.0,25.0,115.0,11.0,19.0,63.0,267.0,-1.16e+17,3.47e+16,8.13e+16,-2.15e+16,-1.3700000000000002e+17,5.31e+16,gmt,gcmt:C201003142004A;gcmt:C201003142004A;us:C201003142004A;neic:14406636;gem:14406636
201003151108A,2010-03-15T11:08:00,-73.85,-35.96,12.0,6.2,mw,21.0,15.0,103.0,187.0,76.0,87.0,59.0,93.0,3.0,188.0,31.0,280.0,1.15e+18,-3.2e+16,-1.12e+18,-2.45e+17,-2.11e+18,-2.86e+17,gmt,gcmt:C201003151108A;gcmt:C201003151108A;us:C201003151108A;neic:14410557;gem:14410557
C201003160221A,2010-03-16T02:21:57,-73.26,-36.22,18.0,6.6,mwc,12.0,14.0,107.0,175.0,77.0,86.0,58.0,79.0,4.0,175.0,32.0,268.0,4.94e+18,2.9e+17,-5.23e+18,1.14e+18,-1.03e+19,-2.8e+17,us,neic:14409386;gem:14409386
201003160304A,2010-03-16T03:04:00,-73.76,-36.68,17.0,5.9,mw,19.0,14.0,112.0,177.0,77.0,85.0,58.0,80.0,5.0,178.0,32.0,271.0,3.73e+17,-9100000000000000.0,-3.64e+17,5.93e+16,-7.35e+17,-5.580000000000001e+16,gmt,gcmt:C201003160304A;gcmt:C201003160304A;us:C201003160304A;gem:14409387
201003171738A,2010-03-17T17:38:00,-73.03,-44.36,12.0,5.4,mw,191.0,68.0,-178.0,100.0,88.0,-22.0,14.0,148.0,68.0,276.0,17.0,54.0,-9300000000000000.0,6.34e+16,-5.41e+16,-6.19e+16,1.26e+16,1.47e+17,gmt,gcmt:C201003171738A;gcmt:C201003171738A;us:C201003171738A;gem:14554112
201003171829A,2010-03-17T18:29:00,-73.56,-35.47,20.0,5.1,mw,27.0,24.0,106.0,190.0,67.0,83.0,67.0,88.0,6.0,193.0,22.0,286.0,4.03,-0.26,-3.77,-0.47,-3.97,-1.34,gmt,us:C201003171829A;gem:14522579
201003180157A,2010-03-18T01:57:00,-72.98,-36.65,25.0,5.2,mw,340.0,8.0,63.0,188.0,83.0,94.0,52.0,102.0,4.0,7.0,38.0,275.0,2e+16,4840000000000000.0,-2.48e+16,-1.2e+16,-8.35e+16,1750000000000000.0,gmt,gcmt:C201003180157A;gcmt:C201003180157A;us:C201003180157A;gem:14411413
201003180318A,2010-03-18T03:18:00,-72.42,-34.49,31.0,5.1,mw,35.0,21.0,-54.0,177.0,73.0,-103.0,27.0,277.0,12.0,181.0,60.0,69.0,-3.44e+16,6860000000000001.0,2.75e+16,-8330000000000000.0,4.51e+16,1.01e+16,gmt,gcmt:C201003180318A;gcmt:C201003180318A;us:C201003180318A;gem:14411414
201003180932A,2010-03-18T09:32:00,-73.01,-44.43,20.0,5.2,mw,186.0,72.0,171.0,279.0,81.0,18.0,19.0,144.0,70.0,303.0,6.0,51.0,-0.81,2.69,-1.88,-3.39,-1.66,8.21,gmt,us:C201003180932A;gem:14412246
201003190255A,2010-03-19T02:55:00,-72.65,-33.63,17.0,5.2,mw,13.0,18.0,99.0,184.0,72.0,87.0,63.0,89.0,3.0,184.0,27.0,276.0,4.43,-0.28,-4.15,-0.22,-5.87,-0.61,gmt,us:C201003190255A;gem:14414561
201003190854A,2010-03-19T08:54:00,-73.33,-35.67,15.0,5.5,mw,27.0,10.0,118.0,178.0,81.0,85.0,54.0,82.0,5.0,179.0,36.0,273.0,5.88e+16,3500000000000000.5,-6.22e+16,8000000000000000.0,-1.84e+17,-1.46e+16,gmt,gcmt:C201003190854A;gcmt:C201003190854A;us:C201003190854A;gem:14554135
201003191420A,2010-03-19T14:20:00,-72.59,-33.37,15.0,5.2,mw,20.0,16.0,110.0,178.0,75.0,84.0,59.0,81.0,5.0,180.0,30.0,273.0,3.47e+16,-3070000000000000.0,-3.16e+16,3730000000000000.0,-5.89e+16,-5510000000000000.0,gmt,gcmt:C201003191420A;gcmt:C201003191420A;us:C201003191420A;gem:14415085
201003211831A,2010-03-21T18:31:00,-73.57,-36.56,21.0,5.5,mw,11.0,25.0,113.0,166.0,67.0,79.0,67.0,57.0,10.0,170.0,21.0,264.0,1.72e+17,2.16e+16,-1.94e+17,5.460000000000001e+16,-1.6e+17,7800000000000000.0,gmt,gcmt:C201003211831A;gcmt:C201003211831A;us:C201003211831A;neic:14554147;gem:14554147
C201003230234A,2010-03-23T02:34:01,-76.61,-45.69,10.0,4.9,mwc,164.0,45.0,-99.0,357.0,46.0,-81.0,0.0,81.0,6.0,171.0,84.0,348.0,-2.51e+16,2990000000000000.0,2.21e+16,-2980000000000000.0,-740000000000000.0,-3250000000000000.0,us,
201003240005A,2010-03-24T00:05:00,-74.18,-37.28,16.0,5.1,mw,12.0,14.0,106.0,176.0,77.0,86.0,58.0,81.0,4.0,177.0,31.0,269.0,3.09,-0.25,-2.84,0.56,-5.76,-0.24,gmt,us:C201003240005A;gem:14420320
201003251110A,2010-03-25T11:10:00,-73.69,-35.85,15.0,5.3,mw,21.0,14.0,103.0,187.0,76.0,87.0,58.0,93.0,3.0,188.0,31.0,280.0,5.36e+16,-5000000000000000.0,-4.85e+16,-1.07e+16,-1.01e+17,-1.19e+16,gmt,gcmt:C201003251110A;gcmt:C201003251110A;us:C201003251110A;gem:14462779
C201003261452A,2010-03-26T14:52:11,-71.31,-28.11,41.4,6.3,mw,176.0,38.0,70.0,21.0,54.0,105.0,75.0,336.0,12.0,192.0,8.0,100.0,1.59e+18,9.4e+16,-1.69e+18,4.2e+17,4.26e+17,-2.8100000000000003e+17,gcmt,neic:14508014;gem:14508014
201003281436A,2010-03-28T14:36:00,-73.92,-36.16,12.0,5.2,mw,6.0,16.0,92.0,183.0,74.0,89.0,61.0,92.0,1.0,184.0,29.0,274.0,3.84e+16,3480000000000000.0,-4.19e+16,-3610000000000000.0,-6.37e+16,-3650000000000000.0,gmt,gcmt:C201003281436A;gcmt:C201003281436A;us:C201003281436A;gem:14510076
201003282138A,2010-03-28T21:38:00,-73.44,-35.56,12.0,6.0,mw,28.0,16.0,112.0,185.0,75.0,84.0,59.0,87.0,6.0,186.0,30.0,280.0,5.14e+17,2.1e+16,-5.35e+17,-6.1e+16,-9.6e+17,-1.64e+17,gmt,gcmt:C201003282138A;gcmt:C201003282138A;us:C201003282138A;neic:14596759;gem:14596759
201003282143A,2010-03-28T21:43:00,-73.44,-35.45,17.0,5.6,mw,7.0,16.0,86.0,191.0,74.0,91.0,61.0,102.0,1.0,11.0,29.0,280.0,1.76e+17,1000000000000000.0,-1.77e+17,-5.600000000000001e+16,-2.83e+17,-2.85e+16,gmt,gcmt:C201003282143A;gcmt:C201003282143A;us:C201003282143A;gem:14554192
201003290735A,2010-03-29T07:35:00,-72.01,-34.92,53.0,5.3,mw,36.0,29.0,127.0,175.0,67.0,71.0,63.0,54.0,17.0,182.0,20.0,279.0,6.979999999999999e+16,1.62e+16,-8.6e+16,1.49e+16,-6.969999999999999e+16,-2.57e+16,gmt,gcmt:C201003290735A;gcmt:C201003290735A;us:C201003290735A;neic:14512790;gem:14512790
201004011253A,2010-04-01T12:53:00,-72.22,-34.87,12.0,5.1,mw,195.0,58.0,-142.0,82.0,59.0,-39.0,1.0,139.0,42.0,229.0,48.0,48.0,-3.24,2.1,1.15,-2.36,2.53,4.05,gmt,us:C201004011253A;gem:14560379
201004011943A,2010-04-01T19:43:00,-72.25,-34.28,24.0,5.1,mw,352.0,16.0,89.0,173.0,74.0,90.0,61.0,83.0,0.0,353.0,29.0,263.0,2.84e+16,7840000000000000.0,-3.62e+16,6490000000000000.0,-5.269999999999999e+16,5880000000000000.0,gmt,gcmt:C201004011943A;gcmt:C201004011943A;us:C201004011943A;gem:14542704
201004022258A,2010-04-02T22:58:00,-73.2,-36.33,30.0,6.0,mw,17.0,15.0,101.0,186.0,75.0,87.0,60.0,92.0,3.0,187.0,30.0,278.0,5.22e+17,5.1e+16,-5.73e+17,-9.3e+16,-9.79e+17,-1.22e+17,gmt,gcmt:C201004022258A;gcmt:C201004022258A;us:C201004022258A;neic:14560389;gem:14560389
C201004092223A,2010-04-09T22:23:02,-68.12,-28.56,115.4,5.7,mwc,314.0,47.0,-117.0,170.0,49.0,-64.0,1.0,242.0,19.0,333.0,71.0,149.0,-4.57e+17,5.41e+16,4.03e+17,1.25e+17,8.65e+16,-2.58e+17,us,neic:14630539;gem:14630539
201004162241A,2010-04-16T22:41:00,-74.25,-37.69,12.0,5.6,mw,360.0,15.0,90.0,180.0,75.0,90.0,60.0,90.0,0.0,360.0,30.0,270.0,1.76e+17,-1000000000000000.0,-1.75e+17,1000000000000000.0,-2.97e+17,899999999999999.9,gmt,gcmt:C201004162241A;gcmt:C201004162241A;us:C201004162241A;neic:14579559;gem:14579559
201004162315A,2010-04-16T23:15:00,-74.24,-37.62,12.0,5.7,mw,31.0,15.0,115.0,185.0,77.0,84.0,58.0,86.0,6.0,186.0,31.0,280.0,2.03e+17,-800000000000000.0,-2.02e+17,-2.37e+16,-4.13e+17,-6.889999999999999e+16,gmt,gcmt:C201004162315A;gcmt:C201004162315A;us:C201004162315A;gem:17468298
201004180149A,2010-04-18T01:49:00,-74.19,-37.41,15.0,5.6,mw,4.0,19.0,93.0,180.0,71.0,89.0,64.0,88.0,1.0,180.0,26.0,271.0,1.73e+17,500000000000000.0,-1.74e+17,1200000000000000.0,-2.25e+17,-5600000000000000.0,gmt,gcmt:C201004180149A;gcmt:C201004180149A;us:C201004180149A;gem:14580151
201004180252A,2010-04-18T02:52:00,-74.22,-37.28,22.0,5.1,mw,348.0,33.0,74.0,187.0,59.0,100.0,74.0,123.0,8.0,2.0,13.0,270.0,4.7e+16,-3810000000000000.0,-4.32e+16,-8320000000000000.0,-2.22e+16,2210000000000000.0,gmt,gcmt:C201004180252A;gcmt:C201004180252A;us:C201004180252A;gem:14580158
201004190732A,2010-04-19T07:32:00,-74.24,-37.69,19.0,5.2,mw,353.0,20.0,93.0,170.0,70.0,89.0,65.0,79.0,1.0,171.0,25.0,261.0,4.42e+16,-540000000000000.0,-4.37e+16,9560000000000000.0,-5.32e+16,6510000000000000.0,gmt,gcmt:C201004190732A;gcmt:C201004190732A;us:20100419073248;gem:14592235
201004231003A,2010-04-23T10:03:00,-73.32,-37.69,29.0,6.0,mw,7.0,14.0,141.0,135.0,81.0,79.0,52.0,32.0,11.0,136.0,36.0,234.0,3.5e+17,5.7e+16,-4.07e+17,8.57e+17,-8.05e+17,2.05e+17,gmt,gcmt:C201004231003A;gcmt:C201004231003A;us:C201004231003A;neic:14606547;gem:14606547
201004290756A,2010-04-29T07:56:00,-74.28,-36.97,19.0,5.1,mw,4.0,27.0,92.0,182.0,63.0,89.0,72.0,90.0,1.0,183.0,18.0,273.0,4.4,-0.31,-4.09,-0.08,-3.09,-0.23,gmt,us:C201004290756A;gem:14628538
201005021452A,2010-05-02T14:52:00,-72.22,-34.48,15.0,5.9,mw,26.0,25.0,-36.0,149.0,76.0,-110.0,28.0,255.0,20.0,154.0,54.0,34.0,-4.18e+17,-1.93e+17,6.12e+17,-4.71e+17,6.57e+17,-4.5e+16,gmt,gcmt:C201005021452A;gcmt:C201005021452A;us:C201005021452A;neic:14629284;gem:14629284
201005031839A,2010-05-03T18:39:00,-74.33,-37.36,12.0,5.4,mw,6.0,16.0,92.0,183.0,74.0,89.0,61.0,92.0,1.0,183.0,29.0,274.0,8.09e+16,-300000000000000.0,-8.05e+16,-6800000000000000.0,-1.3e+17,-6300000000000000.0,gmt,gcmt:C201005031839A;gcmt:C201005031839A;us:C201005031839A;gem:14630779
201005032309A,2010-05-03T23:09:00,-74.08,-38.31,15.0,6.2,mw,357.0,14.0,89.0,178.0,76.0,90.0,45.00000000000001,275.0,5.565970692561155e-15,5.0,44.99999999999999,95.0,1.09e+18,4e+16,-1.13e+18,6.6e+16,-2.02e+18,4.6e+16,gmt,gcmt:C201005032309A;gcmt:C201005032309A;us:pde20100503230944790_19;neic:14768943;gem:14768943
201005041355A,2010-05-04T13:55:00,-72.48,-34.17,23.0,5.2,mw,25.0,26.0,107.0,187.0,66.0,82.0,69.0,82.0,7.0,190.0,20.0,283.0,5.37,0.32,-5.69,-0.29,-4.95,-1.76,gmt,us:C201005041355A;gem:14680859
201005051524A,2010-05-05T15:24:00,-73.32,-35.67,16.0,5.4,mw,19.0,14.0,106.0,182.0,76.0,86.0,58.0,87.0,4.0,183.0,31.0,276.0,0.69,0.03,-0.72,-0.04,-1.38,-0.14,gmt,us:C201005051524A;gem:14682459
201005090329A,2010-05-09T03:29:00,-72.45,-34.13,23.0,5.0,mw,14.0,22.0,112.0,170.0,70.0,81.0,64.0,66.0,8.0,173.0,24.0,267.0,2.97e+16,1670000000000000.0,-3.14e+16,8129999999999998.0,-3.37e+16,-1020000000000000.0,gmt,gcmt:C201005090329A;gcmt:C201005090329A;us:C201005090329A;gem:14686980
201005132039A,2010-05-13T20:39:00,-72.51,-34.26,30.0,5.2,mw,11.0,27.0,117.0,161.0,67.0,77.0,66.0,49.0,12.0,167.0,21.0,261.0,3.68,3.16,-6.83,1.17,-4.53,1.42,gmt,us:C201005132039A;gem:14711335
201005211852A,2010-05-21T18:52:00,-72.09,-34.75,12.0,5.3,mw,25.0,38.0,-91.0,206.0,52.0,-90.0,7.0,296.0,0.0,26.0,83.0,118.0,-1.1299999999999998e+17,1.7399999999999998e+16,9.58e+16,1.29e+16,2.53e+16,4.93e+16,gmt,gcmt:C201005211852A;gcmt:C201005211852A;us:C201005211852A;gem:14759667
201005242357A,2010-05-24T23:57:00,-73.71,-36.4,21.0,5.2,mw,19.0,19.0,111.0,177.0,73.0,83.0,62.0,77.0,6.0,179.0,27.0,272.0,4.93e+16,9900000000000000.0,-5.92e+16,5800000000000000.0,-7.68e+16,-7700000000000000.0,gmt,gcmt:C201005242357A;gcmt:C201005242357A;us:C201005242357A;gem:14723061
201005251309A,2010-05-25T13:09:00,-73.49,-37.83,48.0,5.3,mw,348.0,26.0,99.0,158.0,64.0,86.0,70.0,59.0,4.0,160.0,19.0,252.0,8.76e+16,-1900000000000000.0,-8.57e+16,2.94e+16,-6.55e+16,2.8000000000000004e+16,gmt,gcmt:C201005251309A;gcmt:C201005251309A;us:C201005251309A;gem:14723291
201006011605A,2010-06-01T16:05:00,-73.85,-36.93,22.0,5.1,mw,355.0,21.0,81.0,184.0,70.0,93.0,65.0,100.0,3.0,3.0,24.0,272.0,3.81e+16,3880000000000000.0,-4.2e+16,-4270000000000000.0,-4.59e+16,190000000000000.0,gmt,gcmt:C201006011605A;gcmt:C201006011605A;us:C201006011605A;neic:14734798;gem:14734798
C201006120351A,2010-06-12T03:51:53,-71.35,-28.38,34.3,5.2,mwc,256.0,54.0,143.0,10.0,61.0,43.0,50.0,227.0,40.0,38.0,4.0,132.0,3.84,-1.95,-1.89,-4.23,4.7,-3.71,us,gem:14767863
201006241324A,2010-06-24T13:24:00,-74.16,-37.07,20.0,5.0,mw,12.0,24.0,102.0,178.0,66.0,85.0,68.0,78.0,5.0,180.0,21.0,272.0,3.19e+16,-3730000000000000.0,-2.82e+16,2980000000000000.0,-2.78e+16,-2550000000000000.0,gmt,gcmt:C201006241324A;gcmt:C201006241324A;us:C201006241324A;gem:15107686
201006270715A,2010-06-27T07:15:00,-74.3,-37.0,15.0,5.0,mw,6.0,22.0,92.0,184.0,68.0,89.0,67.0,93.0,1.0,184.0,23.0,274.0,2.53e+16,-30000000000000.0,-2.53e+16,-1600000000000000.0,-2.63e+16,-2160000000000000.0,gmt,gcmt:C201006270715A;gcmt:C201006270715A;us:C201006270715A;gem:14789532
201006280059A,2010-06-28T00:59:00,-75.34,-37.91,20.0,5.6,mw,41.0,39.0,-59.0,184.0,57.0,-113.0,10.0,290.0,19.0,196.0,69.0,45.0,-2.53e+17,-2.88e+16,2.82e+17,-3.3600000000000004e+16,1.2e+17,1.43e+17,gmt,gcmt:C201006280059A;gcmt:C201006280059A;us:C201006280059A;gem:14788677
201006290140A,2010-06-29T01:40:00,-73.72,-37.91,19.0,5.5,mw,330.0,27.0,126.0,110.0,69.0,73.0,63.0,354.0,16.0,117.0,22.0,213.0,1.56e+17,-9.83e+16,-5.719999999999999e+16,1.67e+17,-3.68e+16,1.04e+17,gmt,gcmt:C201006290140A;gcmt:C201006290140A;us:C201006290140A;gem:14834788
201007030005A,2010-07-03T00:05:00,-72.06,-34.63,56.0,5.1,mw,43.0,39.0,124.0,183.0,58.0,66.0,67.0,45.0,20.0,196.0,10.0,290.0,4.86e+16,-4760000000000000.0,-4.39e+16,1.31e+16,-2.5e+16,-2.13e+16,gmt,gcmt:C201007030005A;gcmt:C201007030005A;us:C201007030005A;gem:14835223
201007092257A,2010-07-09T22:57:00,-76.41,-45.93,12.0,5.3,mw,79.0,59.0,-176.0,347.0,86.0,-31.0,19.0,37.0,58.0,161.0,24.0,298.0,-1700000000000000.0,3.74e+16,-3.57e+16,800000000000000.0,-5.37e+16,-7.7e+16,gmt,gcmt:C201007092257A;gcmt:C201007092257A;us:C201007092257A;gem:14986683
pde20100714083221490_22,2010-07-14T08:32:21,-73.31,-38.067,22.0,6.6,mwc,180.0,75.0,90.0,360.0,15.0,90.0,45.000000000000014,270.0,3.913061151208735e-15,0.0,44.99999999999999,90.0,3.15e+18,1.1e+17,-3.26e+18,5e+16,-1.03e+19,-2e+17,us,gcmt:C201007140832A;gcmt:C201007140832A;neic:15003174;gem:15003174
201007141505A,2010-07-14T15:05:00,-73.8,-38.39,23.0,5.8,mw,353.0,14.0,88.0,175.0,76.0,91.0,59.0,86.0,1.0,355.0,31.0,265.0,2.4e+17,1.83e+16,-2.59e+17,3.84e+16,-4.77e+17,2.83e+16,gmt,gcmt:C201007141505A;gcmt:C201007141505A;us:C201007141505A;neic:17177868;gem:17177868
201007150036A,2010-07-15T00:36:00,-72.35,-34.27,23.0,5.4,mw,18.0,24.0,121.0,164.0,70.0,77.0,63.0,54.0,12.0,169.0,24.0,264.0,8.34e+16,4.49e+16,-1.28e+17,3.21e+16,-1.1399999999999998e+17,9000000000000000.0,gmt,gcmt:C201007150036A;gcmt:C201007150036A;us:C201007150036A;gem:14991716
201008050601A,2010-08-05T06:01:00,-73.69,-37.7,18.0,5.9,mw,6.0,13.0,97.0,179.0,78.0,88.0,57.0,87.0,2.0,179.0,32.0,270.0,3.63e+17,1.48e+16,-3.78e+17,2.1e+16,-7.94e+17,-1.64e+16,gmt,gcmt:C201008050601A;gcmt:C201008050601A;us:C201008050601A;neic:15075818;gem:15075818
201008050627A,2010-08-05T06:27:00,-73.76,-37.57,30.0,5.4,mw,355.0,30.0,86.0,180.0,60.0,92.0,75.0,96.0,2.0,359.0,15.0,268.0,1.54e+17,-1.48e+16,-1.3899999999999998e+17,-3900000000000000.0,-8.65e+16,5800000000000000.0,gmt,gcmt:C201008050627A;gcmt:C201008050627A;us:C201008050627A;gem:15175151
201008150750A,2010-08-15T07:50:00,-71.47,-37.09,16.0,5.2,mw,290.0,58.0,-9.0,25.0,82.0,-148.0,16.0,153.0,57.0,37.0,28.0,252.0,-1.84e+16,6.08e+16,-4.24e+16,-1.49e+16,-4.18e+16,5.540000000000001e+16,gmt,gcmt:C201008150750A;gcmt:C201008150750A;us:C201008150750A;gem:15084816
201009060320A,2010-09-06T03:20:00,-73.56,-37.79,27.0,5.0,mw,19.0,28.0,114.0,173.0,65.0,78.0,68.0,60.0,11.0,178.0,19.0,271.0,2.21,1.45,-3.66,0.25,-2.33,-0.23,gmt,us:C201009060320A;gem:15163938
201009090728A,2010-09-09T07:28:00,-74.16,-37.27,12.0,6.2,mw,11.0,14.0,99.0,182.0,76.0,88.0,45.000000000000014,265.0,2.3854160110976376e-15,355.0,45.00000000000001,85.0,1.08e+18,3.8e+16,-1.12e+18,-5e+16,-2.03e+18,-1.31e+17,gmt,gcmt:C201009090728A;gcmt:C201009090728A;us:pde20100909072801720_16;neic:15173297;gem:15173297
C201009122108A,2010-09-12T21:08:42,-71.79,-29.43,60.0,5.2,mwc,72.0,64.0,179.0,162.0,89.0,26.0,19.0,30.0,64.0,164.0,17.0,294.0,2.73,3.23,-5.97,-0.97,-3.86,-5.42,us,gem:15182557
201009131644A,2010-09-13T16:44:00,-70.46,-31.82,126.0,5.1,mw,260.0,68.0,15.0,165.0,76.0,158.0,26.0,121.0,64.0,314.0,5.0,214.0,1.04e+16,-2.59e+16,1.55e+16,-6760000000000000.0,-2.05e+16,4.49e+16,gmt,gcmt:C201009131644A;gcmt:C201009131644A;us:C201009131644A;gem:15188703
201009140323A,2010-09-14T03:23:00,-74.27,-37.32,13.0,5.2,mw,359.0,19.0,83.0,186.0,71.0,92.0,64.0,100.0,2.0,5.0,26.0,274.0,5.610000000000001e+16,1799999999999999.8,-5.789999999999999e+16,-9000000000000000.0,-7.1e+16,-2800000000000000.0,gmt,gcmt:C201009140323A;gcmt:C201009140323A;us:C201009140323A;gem:15185585
201009140337A,2010-09-14T03:37:00,-74.35,-37.32,16.0,5.1,mw,352.0,19.0,76.0,187.0,72.0,95.0,63.0,104.0,4.0,5.0,27.0,273.0,3.34,-0.15,-3.19,-0.66,-4.34,0.07,gmt,us:C201009140337A;gem:15185586
201009170652A,2010-09-17T06:52:00,-74.17,-37.65,16.0,5.1,mw,341.0,16.0,71.0,181.0,75.0,95.0,60.0,99.0,5.0,360.0,29.0,267.0,2.92,-0.12,-2.8,-0.26,-4.79,0.46,gmt,us:C201009170652A;gem:15192878
15198309,2010-09-20T03:25:30,-66.638,-27.999,170.7,5.13,mw,86.0,51.0,171.0,182.0,83.0,40.0,22.961820211956827,51.504760780252695,50.96168454459278,173.00465844749397,29.635207675057227,307.55723671488425,-0.44,-0.76,1.2,3.17,-4.37,-4.33,gem,
201009200542A,2010-09-20T05:42:00,-72.36,-33.84,22.0,5.1,mw,348.0,22.0,78.0,182.0,69.0,95.0,66.0,100.0,4.0,360.0,24.0,268.0,3.71e+16,-470000000000000.0,-3.66e+16,-2819999999999999.5,-4.07e+16,3260000000000000.0,gmt,gcmt:C201009200542A;gcmt:C201009200542A;us:C201009200542A;gem:15195444
201009231636A,2010-09-23T16:36:00,-72.13,-35.05,53.0,5.4,mw,19.0,30.0,113.0,173.0,63.0,78.0,70.0,58.0,11.0,179.0,17.0,273.0,1.05e+17,1.32e+16,-1.18e+17,1.97e+16,-7.69e+16,-1.3e+16,gmt,gcmt:C201009231636A;gcmt:C201009231636A;us:C201009231636A;gem:15208116
201009260529A,2010-09-26T05:29:00,-73.14,-40.58,74.0,5.0,mw,126.0,43.0,103.0,289.0,48.0,78.0,81.0,134.0,9.0,297.0,3.0,27.0,3.86e+16,-3.8e+16,-600000000000000.0,-5679999999999999.0,-1780000000000000.0,2.61e+16,gmt,gcmt:C201009260529A;gcmt:C201009260529A;us:C201009260529A;gem:15211719
201009291629A,2010-09-29T16:29:00,-71.75,-34.49,57.0,5.0,mw,62.0,42.0,134.0,190.0,61.0,58.0,60.0,51.0,28.0,206.0,11.0,302.0,3.32,-0.63,-2.69,0.6,-2.2,-2.83,gmt,us:C201009291629A;gem:15214221
201009300026A,2010-09-30T00:26:00,-74.07,-36.51,12.0,5.6,mw,9.0,17.0,98.0,180.0,73.0,87.0,62.0,86.0,2.0,181.0,28.0,272.0,1.65e+17,100000000000000.0,-1.65e+17,2800000000000000.0,-2.41e+17,-1.29e+16,gmt,gcmt:C201009300026A;gcmt:C201009300026A;us:C201009300026A;neic:15214879;gem:15214879
201010210249A,2010-10-21T02:49:00,-74.07,-34.82,12.0,5.9,mw,2.0,45.0,-136.0,237.0,60.0,-54.0,9.0,302.0,30.0,38.0,58.0,198.0,-5.83e+17,-4e+16,6.23e+17,2.84e+17,1.15e+17,6.38e+17,gmt,gcmt:C201010210249A;gcmt:C201010210249A;us:C201010210249A;neic:15259406;gem:15259406
C201010230138A,2010-10-23T01:38:14,-71.11,-29.59,44.0,5.6,mwc,9.0,33.0,82.0,199.0,57.0,95.0,77.0,126.0,5.0,16.0,12.0,285.0,2.3e+17,5.22e+16,-2.82e+17,-4.36e+16,-1.1000000000000002e+17,-9.06e+16,us,gem:15262013
201010230558A,2010-10-23T05:58:00,-73.88,-37.91,21.0,5.5,mw,31.0,16.0,123.0,177.0,76.0,81.0,58.0,75.0,9.0,179.0,31.0,274.0,1.08e+17,1.23e+16,-1.2e+17,1.92e+16,-2.15e+17,-3.09e+16,gmt,gcmt:C201010230558A;gcmt:C201010230558A;us:C201010230558A;neic:15793289;gem:15793289
201010231057A,2010-10-23T10:57:00,-73.87,-36.77,29.0,5.1,mw,31.0,29.0,110.0,188.0,63.0,79.0,70.0,76.0,10.0,193.0,18.0,286.0,3.89e+16,-1810000000000000.0,-3.71e+16,-550000000000000.0,-2.97e+16,-1.42e+16,gmt,gcmt:C201010231057A;gcmt:C201010231057A;us:C201010231057A;gem:15262062
C201010291411A,2010-10-29T14:11:51,-71.74,-29.45,42.4,5.2,mwc,313.0,31.0,36.0,192.0,72.0,116.0,55.0,135.0,25.0,3.0,23.0,262.0,4.29e+16,1.16e+16,-5.44e+16,-2.33e+16,-5.66e+16,2.38e+16,us,gem:15271161
201010310710A,2010-10-31T07:10:00,-72.39,-33.82,21.0,5.3,mw,4.0,20.0,94.0,180.0,70.0,89.0,65.0,87.0,1.0,180.0,25.0,271.0,6.24e+16,3700000000000000.0,-6.6e+16,1200000000000000.0,-7.72e+16,-1900000000000000.0,gmt,gcmt:C201010310710A;gcmt:C201010310710A;us:pde20101031071040570_29;neic:15272658;gem:15272658
201011100123A,2010-11-10T01:23:00,-73.55,-36.52,29.0,5.0,mw,359.0,33.0,88.0,181.0,57.0,91.0,78.0,95.0,1.0,1.0,12.0,270.0,3.96,-0.08,-3.88,-0.09,-1.75,-0.02,gmt,us:C201011100123A;gem:15620249
201011280819A,2010-11-28T08:19:00,-72.29,-34.58,33.0,5.2,mw,40.0,24.0,-70.0,198.0,68.0,-99.0,22.0,294.0,8.0,201.0,66.0,92.0,-4.31e+16,2680000000000000.0,4.04e+16,1.25e+16,4.62e+16,2.61e+16,gmt,gcmt:C201011280819A;gcmt:C201011280819A;us:C201011280819A;neic:15674988;gem:15674988
201012131851A,2010-12-13T18:51:00,-73.51,-34.07,12.0,5.2,mw,38.0,28.0,-89.0,217.0,62.0,-90.0,17.0,307.0,0.0,217.0,73.0,126.0,-6.21e+16,2.17e+16,4.04e+16,2.63e+16,3.57e+16,3.34e+16,gmt,gcmt:C201012131851A;gcmt:C201012131851A;us:C201012131851A;gem:15793752
pde20110102202017780_24,2011-01-02T20:20:17,-73.326,-38.355,24.0,7.2,mww,175.0,80.0,90.0,355.0,10.0,90.0,45.00000000000001,265.0,1.5902773407317584e-15,355.0,45.00000000000001,85.0,2.84e+19,-4.9e+17,-2.79e+19,2.7e+18,-5.66e+19,-5.7e+17,us,gcmt:C201101022020A;gcmt:C201101022020A;neic:601988664;gem:601988664
pde20110104225910000_110,2011-01-04T22:59:14,-69.91,-29.28,130.2,5.3,mwc,7.0,35.0,127.0,144.0,62.0,67.0,65.0,13.0,20.0,155.0,14.0,251.0,8.95e+16,-1100000000000000.0,-8.84e+16,5.77e+16,-3.23e+16,2.07e+16,us,gcmt:C201101042259A;gcmt:C201101042259A;sja:15905612;gem:15905612
201101070942A,2011-01-07T09:42:00,-73.66,-35.87,12.0,5.4,mw,22.0,21.0,107.0,184.0,70.0,83.0,64.0,83.0,6.0,186.0,25.0,279.0,8.7e+16,7000000000000000.0,-9.4e+16,-3000000000000000.0,-1.09e+17,-2.2e+16,gmt,gcmt:C201101070942A;gcmt:C201101070942A;us:pde20110107094219300_10;gem:15908759
201101071405A,2011-01-07T14:05:00,-73.73,-35.72,35.0,5.1,mw,26.0,37.0,90.0,206.0,53.0,90.0,82.0,118.0,0.0,26.0,8.0,296.0,6.92e+16,-2.43e+16,-4.49e+16,-8000000000000000.0,-1.51e+16,-1.33e+16,gmt,gcmt:C201101071405A;gcmt:C201101071405A;us:pde20110107140537000_37;gem:15909683
201101100602A,2011-01-10T06:02:00,-73.59,-35.77,12.0,5.9,mw,22.0,14.0,105.0,187.0,76.0,86.0,59.0,108.0,1.0,16.0,31.0,285.0,5e+17,-2.5e+16,-4.75e+17,-2.66e+17,-8.85e+17,-1.2e+17,gmt,gcmt:C201101100602A;gcmt:C201101100602A;us:pde20110110060251950_24;neic:15914934;gem:15914934
201101110105A,2011-01-11T01:05:00,-73.79,-35.7,18.0,5.0,mw,29.0,23.0,95.0,204.0,67.0,88.0,68.0,111.0,2.0,205.0,22.0,296.0,2.78e+16,-6000000000000000.0,-2.18e+16,-1.07e+16,-2.51e+16,-1.08e+16,gmt,us:pde20110111010528210_30;gem:15917538
201101110533A,2011-01-11T05:33:00,-72.08,-35.33,12.0,5.1,mw,138.0,15.0,60.0,349.0,77.0,98.0,57.0,269.0,7.0,167.0,32.0,73.0,1.97e+16,4700000000000000.0,-2.44e+16,-9400000000000000.0,4.85e+16,1.4e+16,gmt,gcmt:C201101110533A;gcmt:C201101110533A;us:pde20110111053333860_35;gem:15917547
201101172329A,2011-01-17T23:29:00,-71.62,-30.51,90.0,5.0,mw,223.0,19.0,-34.0,345.0,79.0,-106.0,32.0,89.0,16.0,348.0,53.0,236.0,-1.2e+16,-1.11e+16,2.32e+16,8900000000000000.0,-3.71e+16,4700000000000000.0,gmt,gcmt:C201101172329A;gcmt:C201101172329A;us:pde20110117232949000_65;gem:15933577
201101211536A,2011-01-21T15:36:00,-72.48,-34.03,28.0,5.0,mw,347.0,25.0,69.0,190.0,66.0,99.0,67.0,118.0,9.0,6.0,21.0,273.0,2.54e+16,100000000000000.0,-2.55e+16,-6600000000000000.0,-2.24e+16,700000000000000.0,gmt,us:pde20110121153609000_11;gem:15954510
201102051611A,2011-02-05T16:11:00,-73.84,-37.81,21.0,5.7,mw,9.0,17.0,98.0,180.0,73.0,88.0,57.0,88.0,3.0,182.0,32.0,274.0,2.55e+17,2.2e+16,-2.77e+17,-1e+16,-5.68e+17,-3.8e+16,gmt,gcmt:C201102051611A;gcmt:C201102051611A;us:pde20110205161139680_28;neic:16007307;gem:16007307
C201102081303A,2011-02-08T13:03:34,-69.96,-27.82,109.3,5.4,mw,296.0,47.0,-169.0,199.0,82.0,-44.0,23.0,255.0,45.0,10.0,36.0,147.0,-3.11e+16,-6.19e+16,9.3e+16,3.6e+16,8.85e+16,-7.21e+16,gcmt,neic:16328776;gem:16328776
C201102100212A,2011-02-10T02:12:30,-70.62,-27.56,92.9,5.1,mw,341.0,70.0,21.0,244.0,71.0,158.0,29.0,202.0,61.0,24.0,1.0,293.0,2.69e+16,4.23e+16,-6.909999999999999e+16,-2.82e+16,1.03e+16,-5.540000000000001e+16,gcmt,gem:16020158
choy20110211200530,2011-02-11T20:05:30,-73.13,-36.47,26.0,6.9,mww,180.0,77.0,86.0,17.0,14.0,107.0,44.76479852140793,264.6860524282587,4.334450126124886,358.99734881381335,44.90792073045542,93.33027946037248,9.99e+18,-3.3e+17,-9.66e+18,2.5e+17,-2.09e+19,-1.32e+18,us,gcmt:C201102112005A;gcmt:C201102112005A;neic:602064448;gem:602064448
201102112339A,2011-02-11T23:39:00,-74.11,-37.45,16.0,6.0,mw,11.0,16.0,98.0,183.0,74.0,88.0,61.0,90.0,2.0,183.0,29.0,275.0,6.3e+17,-3e+16,-5.9e+17,-3e+16,-1.01e+18,-7e+16,gmt,gcmt:C201102112339A;gcmt:C201102112339A;us:pde20110211233921310_15;neic:16021297;gem:16021297
201102120117A,2011-02-12T01:17:00,-74.0,-37.35,14.0,6.0,mw,12.0,15.0,98.0,183.0,75.0,88.0,60.0,90.0,2.0,184.0,30.0,275.0,6.1e+17,1e+16,-6.2e+17,-5e+16,-1.06e+18,-8e+16,gmt,gcmt:C201102120117A;gcmt:C201102120117A;us:pde20110212011701410_16;neic:16021304;gem:16021304
201102130851A,2011-02-13T08:51:00,-73.61,-36.78,16.0,5.9,mw,13.0,11.0,101.0,182.0,79.0,88.0,56.0,89.0,2.0,182.0,34.0,273.0,3.28e+17,0.0,-3.28e+17,-1.6e+16,-8.14e+17,-4.1e+16,gmt,gcmt:C201102130851A;gcmt:C201102130851A;us:pde20110213085134000_20;neic:16022457;gem:16022457
201102131035A,2011-02-13T10:35:00,-73.74,-36.83,14.0,5.9,mw,12.0,18.0,97.0,184.0,72.0,88.0,44.828155025665545,269.3428871805679,3.524777552022518,2.8532067997060158,44.955276640767295,96.37915747486852,5.75e+17,4000000000000000.0,-5.8e+17,-4.8e+16,-8.04e+17,-8.2e+16,gmt,gcmt:C201102131035A;gcmt:C201102131035A;us:choy20110213103506;neic:16022458;gem:16022458
201102131344A,2011-02-13T13:44:00,-73.74,-36.75,18.0,5.6,mw,9.0,15.0,95.0,184.0,75.0,89.0,60.0,92.0,1.0,184.0,30.0,275.0,1.72e+17,0.0,-1.71e+17,-1.7e+16,-2.99e+17,-1.9e+16,gmt,gcmt:C201102131344A;gcmt:C201102131344A;us:pde20110213134436450_18;neic:601516583;gem:601516583
choy20110214034009,2011-02-14T03:40:09,-72.83,-35.38,21.0,6.7,mww,189.0,73.0,85.0,26.0,18.0,106.0,44.55068067564922,271.53380675816425,5.760011735034293,7.232750833877048,44.87218789685112,102.99623301732032,5.600000000000001e+18,-2.3e+17,-5.37e+18,-1.27e+18,-9.05e+18,-1.7299999999999995e+18,us,gcmt:C201102140340A;gcmt:C201102140340A;neic:602035966;gem:602035966
201102141021A,2011-02-14T10:21:00,-73.41,-35.6,15.0,5.2,mw,13.0,18.0,107.0,175.0,73.0,85.0,61.0,77.0,5.0,177.0,28.0,270.0,4.52e+16,-2500000000000000.0,-4.27e+16,8100000000000000.0,-6.55e+16,-3700000000000000.0,gmt,gcmt:C201102141021A;gcmt:C201102141021A;us:pde20110214102127320_34;gem:16026120
201102141218A,2011-02-14T12:18:00,-71.54,-35.65,13.0,5.2,mw,211.0,21.0,-33.0,331.0,79.0,-108.0,32.0,76.0,17.0,335.0,53.0,221.0,-2.81e+16,-1.74e+16,4.54e+16,3.79e+16,-6.42e+16,-1600000000000000.0,gmt,us:pde20110214121830300_35;gem:16026123
201102181701A,2011-02-18T17:01:00,-72.37,-33.99,27.0,5.2,mw,14.0,20.0,105.0,178.0,71.0,85.0,64.0,79.0,5.0,180.0,26.0,272.0,5.8e+16,2700000000000000.0,-6.07e+16,5400000000000000.0,-7.39e+16,-6000000000000000.0,gmt,gcmt:C201102181701A;gcmt:C201102181701A;us:pde20110218170058740_10;gem:16168873
201102190626A,2011-02-19T06:26:00,-72.33,-34.05,21.0,5.2,mw,360.0,21.0,94.0,176.0,69.0,89.0,66.0,83.0,1.0,176.0,24.0,267.0,5.54e+16,5800000000000000.0,-6.12e+16,5500000000000000.0,-6.65e+16,2900000000000000.0,gmt,gcmt:C201102190626A;gcmt:C201102190626A;us:pde20110219062631000_15;gem:16056977
201102210538A,2011-02-21T05:38:00,-72.55,-46.02,18.0,5.0,mw,271.0,32.0,-20.0,18.0,79.0,-121.0,28.0,132.0,30.0,24.0,47.0,256.0,-1.51e+16,1.94e+16,-4400000000000000.0,900000000000000.0,-3.72e+16,1.59e+16,gmt,us:pde20110221053851050_36;gem:16168884
201102240436A,2011-02-24T04:36:00,-73.82,-36.29,20.0,5.1,mw,24.0,27.0,139.0,152.0,73.0,69.0,57.0,34.0,20.0,159.0,25.0,258.0,3.06e+16,6300000000000000.0,-3.69e+16,2.67e+16,-3.35e+16,-200000000000000.0,gmt,us:pde20110224043648000_33;gem:16153246
201102280129A,2011-02-28T01:29:00,-73.69,-37.46,25.0,5.8,mw,6.0,16.0,97.0,179.0,74.0,88.0,61.0,86.0,2.0,179.0,29.0,271.0,3.43e+17,1.3e+16,-3.56e+17,1.7e+16,-5.62e+17,-1.6e+16,gmt,gcmt:C201102280129A;gcmt:C201102280129A;us:pde20110228012925000_31;neic:16160700;gem:16160700
201103030758A,2011-03-03T07:58:00,-73.83,-37.45,23.0,5.2,mw,1.0,22.0,97.0,173.0,68.0,87.0,67.0,78.0,3.0,174.0,23.0,266.0,5.46e+16,-2500000000000000.0,-5.21e+16,8200000000000000.0,-5.52e+16,2100000000000000.0,gmt,gcmt:C201103030758A;gcmt:C201103030758A;us:pde20110303075853000_18;gem:16176485
C201103091324A,2011-03-09T13:24:10,-69.29,-27.53,114.8,5.0,mw,15.0,30.0,-65.0,166.0,63.0,-104.0,17.0,266.0,12.0,172.0,69.0,49.0,-5.34e+16,-3920000000000000.0,5.730000000000001e+16,-1.67e+16,3.69e+16,320000000000000.0,gcmt,gem:16295222
201103162236A,2011-03-16T22:36:00,-71.89,-32.57,37.0,5.5,mw,15.0,28.0,105.0,179.0,63.0,83.0,71.0,73.0,7.0,182.0,18.0,275.0,1.69e+17,1.3e+16,-1.82e+17,1.3e+16,-1.29e+17,-2.4e+16,gmt,gcmt:C201103162236A;gcmt:C201103162236A;us:pde20110316223616000_32;gem:16329748
201103171114A,2011-03-17T11:14:00,-72.0,-32.67,35.0,5.2,mw,6.0,28.0,101.0,174.0,62.0,84.0,72.0,70.0,5.0,176.0,17.0,268.0,6.23e+16,7200000000000000.0,-6.95e+16,8000000000000000.0,-4.5e+16,900000000000000.0,gmt,gcmt:C201103171114A;gcmt:C201103171114A;us:pde20110317111424000_13;gem:16331280
201103280610A,2011-03-28T06:10:00,-72.08,-34.91,51.0,5.2,mw,29.0,32.0,119.0,176.0,62.0,73.0,68.0,52.0,15.0,184.0,15.0,278.0,5.66e+16,-2100000000000000.0,-5.45e+16,1.42e+16,-3.62e+16,-1.29e+16,gmt,gcmt:C201103280610A;gcmt:C201103280610A;us:pde20110328061042370_46;gem:16364045
201103282357A,2011-03-28T23:57:00,-72.36,-33.69,33.0,5.0,mw,2.0,33.0,96.0,175.0,57.0,86.0,77.0,73.0,3.0,177.0,12.0,268.0,4.27e+16,1300000000000000.0,-4.39e+16,3200000000000000.0,-1.98e+16,1400000000000000.0,gmt,us:pde20110328235747500_11;gem:16375928
201104040754A,2011-04-04T07:54:00,-77.04,-45.8,12.0,5.3,mw,174.0,32.0,-79.0,341.0,59.0,-97.0,14.0,76.0,6.0,344.0,75.0,231.0,-1.12e+17,1.1e+16,1.01e+17,2.8e+16,-5.2e+16,-2e+16,gmt,gcmt:C201104040754A;gcmt:C201104040754A;us:pde20110404075435940_26;gem:16506185
201104102024A,2011-04-10T20:24:00,-73.96,-36.17,18.0,5.2,mw,357.0,15.0,83.0,184.0,75.0,92.0,60.0,97.0,2.0,4.0,30.0,273.0,4.52e+16,600000000000000.0,-4.58e+16,-6100000000000000.0,-7.68e+16,-500000000000000.0,gmt,gcmt:C201104102024A;gcmt:C201104102024A;us:pde20110410202422000_23;gem:16416189
201104131514A,2011-04-13T15:14:00,-72.27,-33.78,31.0,5.4,mw,9.0,23.0,100.0,178.0,67.0,86.0,68.0,80.0,4.0,180.0,22.0,272.0,1.15e+17,1.2e+16,-1.27e+17,7000000000000000.0,-1.18e+17,-8000000000000000.0,gmt,gcmt:C201104131514A;gcmt:C201104131514A;us:pde20110413151443030_34;gem:16505360
201104190057A,2011-04-19T00:57:00,-72.48,-33.3,21.0,5.1,mw,355.0,29.0,76.0,191.0,62.0,97.0,72.0,119.0,7.0,7.0,16.0,275.0,4.06e+16,-100000000000000.0,-4.05e+16,-8100000000000000.0,-2.53e+16,-2200000000000000.0,gmt,gcmt:C201104190057A;gcmt:C201104190057A;us:pde20110419005727000_45;gem:16445792
201104190550A,2011-04-19T05:50:00,-72.65,-33.97,21.0,5.1,mw,23.0,24.0,108.0,184.0,67.0,82.0,67.0,79.0,7.0,187.0,22.0,280.0,4.81e+16,-3600000000000000.0,-4.44e+16,1300000000000000.0,-4.58e+16,-1.08e+16,gmt,gcmt:C201104190550A;gcmt:C201104190550A;us:pde20110419055045370_13;gem:16446648
201104220512A,2011-04-22T05:12:00,-74.31,-38.1,14.0,5.3,mw,359.0,19.0,88.0,182.0,71.0,91.0,64.0,93.0,1.0,1.0,26.0,271.0,7.45e+16,-1000000000000000.0,-7.35e+16,-3200000000000000.0,-9.75e+16,-300000000000000.0,gmt,gcmt:C201104220512A;gcmt:C201104220512A;us:pde20110422051248000_19;neic:16451682;gem:16451682
201104270457A,2011-04-27T04:57:00,-72.66,-34.01,20.0,5.1,mw,17.0,21.0,103.0,183.0,70.0,85.0,65.0,86.0,4.0,185.0,25.0,277.0,4.23e+16,-1000000000000000.0,-4.13e+16,-1100000000000000.0,-4.97e+16,-7600000000000000.0,gmt,gcmt:C201104270457A;gcmt:C201104270457A;us:pde20110427045732000_24;neic:16463269;gem:16463269
201105070657A,2011-05-07T06:57:00,-72.82,-33.98,29.0,5.0,mw,17.0,25.0,93.0,194.0,65.0,89.0,70.0,101.0,1.0,194.0,20.0,285.0,2.67e+16,-2900000000000000.0,-2.38e+16,-5000000000000000.0,-2.18e+16,-6200000000000000.0,gmt,gcmt:C201105070657A;gcmt:C201105070657A;us:pde20110507065731000_42;gem:16498411
201105191705A,2011-05-19T17:05:00,-71.95,-34.63,53.0,5.2,mw,19.0,32.0,118.0,167.0,62.0,74.0,68.0,44.0,14.0,175.0,16.0,269.0,5.58e+16,5900000000000000.0,-6.17e+16,1.74e+16,-3.57e+16,-3400000000000000.0,gmt,gcmt:C201105191705A;gcmt:C201105191705A;us:pde20110519170511000_36;gem:16529269
201106011255A,2011-06-01T12:55:00,-74.41,-37.74,12.0,6.3,mw,1.0,17.0,88.0,183.0,73.0,91.0,45.00000000000001,275.0,7.156248033292914e-15,5.0,44.99999999999999,95.0,2.25e+18,1.6e+16,-2.27e+18,-1.94e+17,-3.4e+18,-7.5e+16,gmt,gcmt:C201106011255A;gcmt:C201106011255A;us:pde20110601125522380_21;neic:16722583;gem:16722583
201106011347A,2011-06-01T13:47:00,-74.3,-37.37,27.0,5.4,mw,9.0,23.0,77.0,202.0,68.0,95.0,67.0,122.0,5.0,20.0,22.0,288.0,1.06e+17,-1.5e+16,-9e+16,-4.4e+16,-9e+16,-2.1e+16,gmt,gcmt:C201106011347A;gcmt:C201106011347A;us:pde20110601134729640_28;gem:16553283
201106041628A,2011-06-04T16:28:00,-72.22,-40.59,21.0,5.0,mw,162.0,64.0,-165.0,65.0,77.0,-27.0,8.0,116.0,60.0,221.0,28.0,21.0,-1.19e+16,-1.95e+16,3.14e+16,-1.67e+16,-1300000000000000.0,2.84e+16,gmt,us:pde20110604162847680_9;gem:16557046
201106051025A,2011-06-05T10:25:00,-72.11,-35.01,50.0,5.3,mw,24.0,31.0,118.0,172.0,63.0,74.0,68.0,52.0,14.0,180.0,17.0,274.0,9.8e+16,5000000000000000.0,-1.02e+17,2.5e+16,-6.9e+16,-1.7e+16,gmt,gcmt:C201106051025A;gcmt:C201106051025A;us:pde20110605102515000_32;gem:16557343
C201106221357A,2011-06-22T13:57:36,-66.82,-28.24,174.4,5.3,mw,196.0,44.0,17.0,94.0,78.0,133.0,40.0,43.0,42.0,263.0,21.0,152.0,3.11e+16,-3.65e+16,5400000000000000.0,7.89e+16,-3.27e+16,-7.44e+16,gcmt,gem:16644203
201106290536A,2011-06-29T05:36:00,-72.54,-33.98,19.0,5.5,mw,13.0,18.0,100.0,183.0,72.0,87.0,63.0,88.0,3.0,184.0,27.0,275.0,1.52e+17,-9000000000000000.0,-1.43e+17,-5000000000000000.0,-2.02e+17,-2e+16,gmt,gcmt:C201106290536A;gcmt:C201106290536A;us:pde20110629053646000_19;gem:16685765
201107130201A,2011-07-13T02:01:00,-73.88,-36.33,21.0,5.0,mw,6.0,23.0,93.0,182.0,67.0,89.0,68.0,90.0,1.0,183.0,22.0,273.0,3.27e+16,-2200000000000000.0,-3.05e+16,-900000000000000.0,-3.02e+16,-2100000000000000.0,gmt,us:pde20110713020153000_32;gem:16785945
201107160026A,2011-07-16T00:26:00,-72.19,-33.96,24.0,5.9,mw,14.0,21.0,108.0,174.0,70.0,83.0,43.96190922539601,252.5226583589192,8.55271589594508,350.8621684844292,44.77062561460925,89.44229658762413,6.72e+17,2.3e+16,-6.94e+17,1.24e+17,-7.99e+17,-4.8e+16,gmt,gcmt:C201107160026A;gcmt:C201107160026A;us:choy20110716002612;neic:16845236;gem:16845236
pde20110723025651350_103,2011-07-23T02:56:55,-70.05,-29.41,127.3,5.5,mwb,189.0,40.0,68.0,36.0,53.0,107.0,75.0,360.0,14.0,205.0,6.0,114.0,1.75e+17,-1.6e+16,-1.59e+17,5.6e+16,2e+16,-7.1e+16,us,gcmt:C201107230256A;gcmt:C201107230256A;neic:16884001;gem:16884001
201107251115A,2011-07-25T11:15:00,-74.03,-37.9,20.0,5.4,mw,3.0,15.0,95.0,178.0,75.0,89.0,60.0,86.0,1.0,179.0,30.0,269.0,7.9e+16,-8000000000000000.0,-7.1e+16,5000000000000000.0,-1.28e+17,-1000000000000000.0,gmt,gcmt:C201107251115A;gcmt:C201107251115A;us:pde20110725111511000_32;neic:16887034;gem:16887034
201107281605A,2011-07-28T16:05:00,-73.57,-35.91,13.0,5.2,mw,24.0,19.0,103.0,191.0,71.0,86.0,63.0,94.0,4.0,192.0,26.0,284.0,4.39e+16,-1000000000000000.0,-4.29e+16,-9700000000000000.0,-5.88e+16,-1.41e+16,gmt,gcmt:C201107281605A;gcmt:C201107281605A;us:pde20110728160559790_35;gem:16910195
201107281950A,2011-07-28T19:50:00,-73.53,-35.86,13.0,5.6,mw,344.0,17.0,61.0,194.0,75.0,98.0,52.0,79.0,7.0,179.0,36.0,275.0,1.1e+17,2e+16,-1.3e+17,1e+16,-3.7e+17,-5e+16,gmt,gcmt:C201107281950A;gcmt:C201107281950A;us:pde20110728195020060_35;gem:16910215
C201107311736A,2011-07-31T17:36:34,-66.74,-28.12,181.2,5.3,mw,188.0,47.0,-25.0,296.0,72.0,-134.0,15.0,57.0,41.0,312.0,45.0,162.0,-7.39e+16,-2.96e+16,1.04e+17,1.02e+17,-1.59e+16,-1.03e+17,gcmt,gem:16918148
201108061322A,2011-08-06T13:22:00,-73.46,-36.06,15.0,5.5,mw,49.0,9.0,131.0,188.0,83.0,84.0,51.0,91.0,6.0,189.0,38.0,283.0,4.8e+16,-8000000000000000.0,-4.1e+16,-2.4e+16,-1.96e+17,-2.6e+16,gmt,gcmt:C201108061322A;gcmt:C201108061322A;us:pde20110806132234000_31;gem:16919419
201108280430A,2011-08-28T04:30:00,-72.38,-33.2,20.0,5.3,mw,7.0,23.0,90.0,187.0,67.0,90.0,68.0,97.0,0.0,7.0,22.0,277.0,9.47e+16,-1000000000000000.0,-9.36e+16,-1.2e+16,-9.37e+16,-1.2e+16,gmt,gcmt:C201108280430A;gcmt:C201108280430A;us:pde20110828043032000_25;gem:17030716
201109031620A,2011-09-03T16:20:00,-74.17,-38.27,18.0,5.8,mw,4.0,16.0,93.0,181.0,74.0,89.0,61.0,89.0,1.0,181.0,29.0,272.0,3.38e+17,1e+16,-3.48e+17,-3800000000000000.0,-5.47e+17,-1.53e+16,gmt,gcmt:C201109031620A;gcmt:C201109031620A;iscgem:pde20110903162041000_12;neic:17197881;gem:17197881
201109071121A,2011-09-07T11:21:00,-72.55,-33.43,19.0,5.2,mw,338.0,24.0,78.0,171.0,66.0,95.0,68.0,91.0,5.0,349.0,21.0,257.0,5.12e+16,-3100000000000000.0,-4.81e+16,4800000000000000.0,-4.64e+16,1.36e+16,gmt,us:pde20110907112150000_19;gem:17215018
201109100317A,2011-09-10T03:17:00,-72.47,-34.1,29.0,5.0,mw,27.0,25.0,112.0,184.0,67.0,80.0,66.0,76.0,9.0,187.0,22.0,281.0,2.75e+16,-600000000000000.0,-2.69e+16,800000000000000.0,-2.72e+16,-7800000000000000.0,gmt,gcmt:C201109100317A;gcmt:C201109100317A;us:pde20110910031705000_23;gem:17218166
201109140703A,2011-09-14T07:03:00,-71.88,-32.8,26.0,5.9,mw,359.0,16.0,84.0,185.0,74.0,92.0,45.00000000000001,265.0,1.5902773407317588e-15,355.0,45.00000000000001,85.0,3.82e+17,4.46e+16,-4.26e+17,-5.99e+16,-6.39e+17,-1.95e+16,gmt,gcmt:C201109140703A;gcmt:C201109140703A;us:pde20110914070351000_37;neic:17224590;gem:17224590
201109282240A,2011-09-28T22:40:00,-74.45,-38.05,12.0,5.5,mw,6.0,15.0,82.0,194.0,75.0,92.0,60.0,107.0,2.0,13.0,30.0,282.0,1.03e+17,3000000000000000.0,-1.06e+17,-4.4e+16,-1.74e+17,-2e+16,gmt,gcmt:C201109282240A;gcmt:C201109282240A;us:pde20110928224012860_10;neic:17286481;gem:17286481
201109291540A,2011-09-29T15:40:00,-74.56,-38.06,12.0,5.2,mw,3.0,22.0,87.0,187.0,68.0,91.0,67.0,99.0,1.0,6.0,23.0,276.0,5.92e+16,6100000000000000.0,-6.53e+16,-8400000000000000.0,-6.55e+16,-6600000000000000.0,gmt,gcmt:C201109291540A;gcmt:C201109291540A;us:pde20110929154053270_31;gem:17309835
201110192045A,2011-10-19T20:45:00,-77.8,-45.74,26.0,5.2,mw,69.0,70.0,-159.0,331.0,70.0,-22.0,0.0,20.0,61.0,111.0,29.0,290.0,-1.22e+16,5.32e+16,-4.1e+16,-1.09e+16,-3.19e+16,-3.91e+16,gmt,gcmt:C201110192045A;gcmt:C201110192045A;gem:600015354
201111081718A,2011-11-08T17:18:00,-72.45,-34.16,29.0,5.3,mw,6.0,22.0,108.0,166.0,69.0,83.0,65.0,65.0,7.0,169.0,24.0,262.0,6.62e+16,8100000000000000.0,-7.43e+16,2.2e+16,-7.65e+16,7100000000000000.0,gmt,gcmt:C201111081718A;gcmt:C201111081718A;us:pde20111108171811690_15;gem:17523184
201111110808A,2011-11-11T08:08:00,-73.31,-38.24,41.0,5.2,mw,346.0,20.0,76.0,181.0,71.0,95.0,64.0,99.0,5.0,359.0,26.0,267.0,5.31e+16,-2700000000000000.0,-5.05e+16,-3800000000000000.0,-6.57e+16,6100000000000000.0,gmt,gcmt:C201111110808A;gcmt:C201111110808A;us:pde20111111080847000_33;gem:17528456
201111220741A,2011-11-22T07:41:00,-71.98,-34.8,53.0,5.1,mw,43.0,31.0,129.0,179.0,66.0,69.0,63.0,55.0,19.0,188.0,18.0,285.0,3.91e+16,5600000000000000.0,-4.47e+16,6400000000000000.0,-3.68e+16,-2e+16,gmt,gcmt:C201111220741A;gcmt:C201111220741A;us:pde20111122074132000_41;gem:17552077
201111251735A,2011-11-25T17:35:00,-75.59,-37.77,30.0,5.0,mw,321.0,47.0,-122.0,184.0,52.0,-60.0,2.0,253.0,23.0,344.0,67.0,158.0,-3.51e+16,1400000000000000.0,3.38e+16,1.56e+16,7900000000000000.0,-1.15e+16,gmt,gcmt:C201111251735A;gcmt:C201111251735A;us:pde20111125173547180_39;gem:17594931
C201112072223A,2011-12-07T22:23:14,-71.55,-28.03,22.8,6.1,mw,17.0,25.0,109.0,176.0,67.0,81.0,67.0,70.0,8.0,179.0,21.0,272.0,1.12e+18,1.16e+17,-1.24e+18,1.61e+17,-1.09e+18,-1.29e+17,gcmt,neic:600018366;gem:600018366
201112161202A,2011-12-16T12:02:00,-76.43,-46.0,14.0,5.4,mw,75.0,75.0,178.0,165.0,89.0,15.0,11.0,31.0,75.0,171.0,9.0,299.0,-5000000000000000.0,8.7e+16,-8.2e+16,1.9e+16,-4.1e+16,-1.44e+17,gmt,gcmt:C201112161202A;gcmt:C201112161202A;us:pde20111216120256980_10;gem:600053895
201112161254A,2011-12-16T12:54:00,-76.57,-46.01,15.0,5.7,mw,76.0,71.0,177.0,167.0,87.0,19.0,19.0,31.0,66.0,244.0,11.0,125.0,-2000000000000000.0,1.97e+17,-1.94e+17,2.28e+17,-3.4e+16,-4.62e+17,gmt,gcmt:C201112161254A;gcmt:C201112161254A;us:pde20111216125425370_10;gem:600053896
201112221506A,2011-12-22T15:06:00,-76.64,-46.06,28.0,5.0,mw,72.0,66.0,-177.0,341.0,87.0,-24.0,15.0,29.0,66.0,155.0,18.0,294.0,-4500000000000000.0,2.78e+16,-2.33e+16,6200000000000000.0,-1.75e+16,-3.47e+16,gmt,gcmt:C201112221506A;gcmt:C201112221506A;us:pde20111222150632600_13;gem:600091494
201112230418A,2011-12-23T04:18:00,-79.85,-44.71,23.0,5.0,mw,258.0,75.0,-166.0,164.0,76.0,-15.0,19.221029859295808,30.919346851975437,70.774522275379,209.63899485248936,0.3980707742440421,300.7805577256978,-1.16,2.6,-1.44,0.53,1.01,-3.91,gmt,gem:600094053
201201050054A,2012-01-05T00:54:00,-76.65,-45.95,18.0,5.3,mw,75.0,69.0,-175.0,343.0,85.0,-22.0,17.592850642706033,30.916779964179,68.68773630656227,175.28301378374795,11.644773216155674,297.17007651208235,-0.08,0.58,-0.5,0.04,-0.4,-0.86,gmt,gem:600136597
201201092130A,2012-01-09T21:30:00,-71.93,-32.7,35.0,5.2,mw,11.0,23.0,100.0,180.0,68.0,86.0,67.0,83.0,4.0,182.0,23.0,273.0,5.779999999999999e+16,5900000000000000.0,-6.37e+16,1300000000000000.0,-6.14e+16,-6400000000000000.0,gmt,gcmt:C201201092130A;gcmt:C201201092130A;gem:600144299
201201172321A,2012-01-17T23:21:00,-71.95,-31.76,34.0,5.7,mw,355.0,29.0,87.0,178.0,61.0,91.0,64.0,73.0,3.0,170.0,25.0,261.0,2.5e+17,-5e+16,-2e+17,6.1e+16,-2.68e+17,1e+16,gmt,gcmt:C201201172321A;gcmt:C201201172321A;gcmt:C201201172323A;gcmt:C201201172323A;us:pde20120117232135040_32;neic:603838824;gem:603838824;gem:600296032;gmt:201201172323A
201201181135A,2012-01-18T11:35:00,-68.24,-31.81,14.0,5.0,mw,215.0,42.0,130.0,346.0,59.0,60.0,62.0,205.0,26.0,3.0,9.0,97.0,3.67e+16,4720000000000000.0,-4.14e+16,-1.89e+16,1.58e+16,-9310000000000000.0,gmt,gcmt:C201201181135A;gcmt:C201201181135A;gem:600206954
201201231604A,2012-01-23T16:04:00,-73.42,-36.5,22.0,6.1,mw,13.0,19.0,101.0,182.0,71.0,86.0,44.99999999999999,270.0,4.303634083674839e-15,0.0,44.99999999999999,90.0,1.11e+18,6e+16,-1.17e+18,-2.5e+16,-1.5e+18,-1.63e+17,gmt,gcmt:C201201231604A;gcmt:C201201231604A;us:pde20120123160452980_20;neic:603838887;gem:603838887
201202110258A,2012-02-11T02:58:00,-73.68,-37.54,24.0,5.6,mw,3.0,22.0,93.0,180.0,68.0,89.0,62.0,86.0,1.0,178.0,28.0,269.0,2.29e+17,3.2e+16,-2.61e+17,1.4e+16,-3.57e+17,0.0,gmt,gcmt:C201202110258A;gcmt:C201202110258A;us:pde20120211025817000_20;neic:600561750;gem:600561750
201202170801A,2012-02-17T08:01:00,-74.29,-37.27,17.0,5.1,mw,350.0,25.0,66.0,197.0,67.0,101.0,41.98714305031915,306.5629446657907,14.362084826951524,203.23964671486752,44.48196906545199,98.67558147889588,4.56,-0.02,-4.53,-1.78,-4.07,-0.2,gmt,gem:600668615
201203031101A,2012-03-03T11:01:00,-71.55,-30.48,66.0,5.2,mw,179.0,23.0,88.0,1.0,67.0,91.0,68.0,267.0,0.0,358.0,22.0,88.0,7.52e+16,1400000000000000.0,-7.67e+16,-2700000000000000.0,7.51e+16,2000000000000000.0,gmt,gcmt:C201203031101A;gcmt:C201203031101A;us:pde20120303110147250_49;gem:600760699
201203032212A,2012-03-03T22:12:00,-73.17,-35.77,31.0,5.1,mw,45.0,30.0,101.0,213.0,61.0,84.0,64.0,109.0,5.0,209.0,26.0,301.0,2.16e+16,-7500000000000000.0,-1.41e+16,-1.13e+16,-2.44e+16,-9200000000000000.0,gmt,gcmt:C201203032212A;gcmt:C201203032212A;us:pde20120303221255000_13;neic:600760711;gem:600760711
201203162331A,2012-03-16T23:31:00,-72.27,-33.45,33.0,5.1,mw,1.0,26.0,95.0,176.0,65.0,88.0,44.80548281934413,80.20268411702074,3.5359715106497243,173.72140474353557,44.9765724187896,267.2612295481316,3.57,0.55,-4.12,0.26,-3.11,0.12,gmt,gem:600791301
201203240728A,2012-03-24T07:28:00,-71.21,-33.04,91.0,5.1,mw,68.0,64.0,2.0,337.0,88.0,154.0,19.0,289.0,64.0,152.0,16.0,25.0,4510000000000000.0,-4.12e+16,3.67e+16,-1.06e+16,2.41e+16,3.87e+16,gmt,gcmt:C201203240728A;gcmt:C201203240728A;gem:600819451
pde20120325223706000_40,2012-03-25T22:37:06,-72.217,-35.2,33.0,7.1,mww,175.0,75.0,65.0,56.0,29.0,148.0,36.128960685792784,234.97828753825075,27.25392551056053,347.0663569938079,41.70753174721373,104.39392977404368,2.92e+19,-3.8e+17,-2.88e+19,4.15e+18,-5.19e+19,-4.74e+18,us,gcmt:C201203252237A;gcmt:C201203252237A;neic:600841739;gem:600841739
201204030211A,2012-04-03T02:11:00,-72.63,-33.86,14.0,5.1,mw,5.0,22.0,84.0,191.0,68.0,92.0,67.0,106.0,2.0,10.0,23.0,279.0,4.26e+16,-1210000000000000.0,-4.14e+16,-9520000000000000.0,-4.25e+16,-5730000000000000.0,gmt,gcmt:C201204030211A;gcmt:C201204030211A;gem:600847130
201204061325A,2012-04-06T13:25:00,-75.38,-38.54,21.0,5.0,mw,181.0,42.0,-110.0,27.0,52.0,-73.0,44.21114289162618,285.01074914695414,38.166553112680376,64.8845931445752,21.296048715085103,172.72564487826617,-3.82,0.41,3.41,-1.16,-0.38,0.79,gmt,gem:600852623
pde20120417035015610_29,2012-04-17T03:50:15,-71.365,-32.625,29.0,6.7,mww,175.0,65.0,90.0,355.0,25.0,90.0,45.00000000000001,265.0,8.74652537402467e-15,355.0,45.00000000000001,85.0,9.7e+18,2.2e+17,-9.93e+18,9.1e+17,-9.08e+18,2.7e+17,us,gcmt:C201204170350A;gcmt:C201204170350A;neic:600983887;gem:600983887
600934780,2012-04-25T05:01:57,-79.828,-44.545,10.0,5.3,mw,169.0,75.0,-10.0,261.0,81.0,-165.0,16.81713712531851,34.74818255049075,72.71856582309829,228.4593281428222,3.864736890839816,125.91813290677244,-0.12,0.42,-0.3,0.23,0.2,-0.98,gem,
pde20120430073945560_37,2012-04-30T07:39:45,-71.49,-29.84,32.0,5.6,mww,346.0,29.0,67.0,192.0,64.0,102.0,69.0,126.0,10.0,6.0,17.0,272.0,1.99e+17,8e+16,-2.78e+17,-4.3e+16,-1.68e+17,-7000000000000000.0,us,gcmt:C201204300739A;gcmt:C201204300739A;neic:600957622;gem:600957622
201205241918A,2012-05-24T19:18:00,-70.84,-37.11,163.0,5.4,mw,123.0,17.0,-146.0,360.0,81.0,-76.0,37.0,73.0,19.0,178.0,47.0,289.0,-2.8e+16,1000000000000000.0,2.7e+16,-5000000000000000.0,-1.65e+17,-5.7e+16,gmt,gcmt:C201205241918A;gcmt:C201205241918A;us:pde20120524191854970_150;neic:601033403;gem:601033403
201206070405A,2012-06-07T04:05:00,-70.97,-36.23,17.0,6.0,mw,2.0,69.0,-173.0,269.0,84.0,-21.0,27.61209928914136,140.10792263119498,62.24271560058836,313.75532864813715,2.617152085812072,48.73792138053841,-2.67e+17,1.78e+17,8.9e+16,3.92e+17,-1.6e+16,1.15e+18,gmt,gcmt:C201206070405A;gcmt:C201206070405A;us:pde20120607040504520_8;neic:604029413;gem:604029413
201206180829A,2012-06-18T08:29:00,-68.6,-33.01,29.0,5.0,mw,166.0,25.0,82.0,355.0,65.0,94.0,70.0,272.0,3.0,173.0,20.0,82.0,3.05e+16,-1310000000000000.0,-2.92e+16,-1290000000000000.0,2.56e+16,5090000000000000.0,gmt,gcmt:C201206180829A;gcmt:C201206180829A;gem:601126721
pde20120701233908770_35,2012-07-01T23:39:12,-71.59,-28.68,46.6,5.4,mwb,27.0,37.0,128.0,163.0,62.0,65.0,64.0,29.0,22.0,175.0,13.0,271.0,8.3e+16,2.1e+16,-1.04e+17,3.5e+16,-4.6e+16,-1e+16,us,gcmt:C201207012339A;gcmt:C201207012339A;neic:601221107;gem:601221107
201207040833A,2012-07-04T08:33:00,-73.31,-38.09,45.0,5.1,mw,344.0,27.0,73.0,183.0,64.0,98.0,70.0,110.0,8.0,359.0,19.0,266.0,4.519999999999999e+16,-2980000000000000.0,-4.22e+16,-5880000000000000.0,-3.42e+16,5270000000000000.0,gmt,gcmt:C201207040833A;gcmt:C201207040833A;gem:601237354
601467953,2012-07-25T06:01:14,-66.693,-28.036,167.6,5.13,mw,185.0,45.0,-41.0,307.0,62.0,-127.0,40.048796474981685,62.19845244766509,44.99999999999999,275.0,17.051574802635102,167.13861328941243,-3.99,-0.58,4.58,3.1,-0.44,-2.98,gem,
C201208041905A,2012-08-04T19:05:42,-69.51,-31.93,117.5,5.2,mw,171.0,65.0,-175.0,79.0,86.0,-25.0,14.0,128.0,65.0,250.0,20.0,32.0,-1.06e+16,-3200000000000000.0,1.3799999999999998e+16,-1.08e+16,-6940000000000000.0,2.76e+16,gcmt,
C201208070039A,2012-08-07T00:39:07,-70.88,-27.96,65.5,5.6,mw,276.0,38.0,180.0,6.0,90.0,52.0,34.0,244.0,38.0,6.0,34.0,128.0,200000000000000.0,-1.3800000000000002e+16,1.35e+16,1.01e+16,8.99e+16,-6.999999999999999e+16,gcmt,gem:601521551
201208300804A,2012-08-30T08:04:00,-74.04,-37.34,26.0,5.2,mw,352.0,17.0,79.0,183.0,73.0,93.0,62.0,98.0,3.0,2.0,28.0,270.0,3.64e+16,4630000000000000.0,-4.1e+16,-3920000000000000.0,-5.64e+16,1440000000000000.0,gmt,gcmt:C201208300804A;gcmt:C201208300804A;gem:601645642
C201209011038A,2012-09-01T10:38:42,-71.57,-27.46,49.2,5.0,mw,298.0,26.0,10.0,199.0,85.0,116.0,44.0,134.0,25.0,17.0,35.0,267.0,6370000000000000.0,1.84e+16,-2.47e+16,-1.3799999999999998e+16,-4.78e+16,1.42e+16,gcmt,gem:601670020
201209110635A,2012-09-11T06:35:00,-68.39,-31.92,127.0,5.0,mw,20.0,35.0,-77.0,184.0,56.0,-99.0,11.0,280.0,8.0,189.0,77.0,64.0,-3.56e+16,3550000000000000.0,3.21e+16,-2920000000000000.0,1.43e+16,6500000000000000.0,gmt,gcmt:C201209110635A;gcmt:C201209110635A;gem:601703111
201210111722A,2012-10-11T17:22:00,-70.57,-32.86,107.0,5.6,mw,170.0,84.0,-174.0,80.0,84.0,-6.0,3.0,295.0,82.0,179.0,6.0,26.0,5000000000000000.0,-1.51e+17,1.46e+17,-2.1e+16,2.6e+16,1.93e+17,gmt,gcmt:C201210111722A;gcmt:C201210111722A;us:pde20121011172209930_81;neic:601874145;gem:601874145
201210152104A,2012-10-15T21:04:00,-72.29,-31.81,22.0,5.1,mw,348.0,28.0,77.0,183.0,62.0,97.0,60.0,108.0,14.0,352.0,26.0,255.0,2.5e+16,-5800000000000000.0,-1.91e+16,-2900000000000000.0,-3.17e+16,1e+16,gmt,gcmt:C201210152104A;gcmt:C201210152104A;us:pde20121015210420600_24;neic:601835751;gem:601835751
201211120507A,2012-11-12T05:07:00,-77.28,-45.76,18.0,5.2,mw,78.0,73.0,179.0,168.0,89.0,17.0,11.296998209817952,34.42825984113955,72.98039197805961,165.1664641369798,12.56111413440837,301.8771537759794,0.46,3.41,-3.87,0.48,-2.66,-7.83,gmt,gem:601884096
201211121055A,2012-11-12T10:55:00,-77.41,-45.76,17.0,5.1,mw,77.0,64.0,-179.0,346.0,89.0,-26.0,18.59530950394029,34.80509031616339,63.99321816141917,168.4042911002465,17.51527920420372,298.70995309861263,0.18,2.4,-2.58,0.35,-2.65,-4.78,gmt,gem:601885151
C201211130310A,2012-11-13T03:10:38,-77.4,-45.76,12.0,5.0,mw,76.0,74.0,-165.0,342.0,76.0,-17.0,1.0,29.0,68.0,123.0,22.0,299.0,1890000000000000.0,1.01e+16,-1.2e+16,-5070000000000000.0,-1e+16,-1.75e+16,gcmt,
201211130431A,2012-11-13T04:31:00,-77.54,-45.8,18.0,6.0,mw,77.0,79.0,176.0,168.0,86.0,11.0,8.387077569129302,31.9308092623362,81.12916137010338,192.77966070041856,2.868765551864522,301.50749027377594,-3.4000000000000004e+16,5.97e+17,-5.63e+17,1.66e+17,-2.55e+17,-1.25e+18,gmt,gcmt:C201211130431A;gcmt:C201211130431A;us:choy20121113043126;neic:601890535;gem:601890535
pde20121114190206120_63,2012-11-14T19:02:06,-71.19,-29.118,63.0,6.1,mww,10.0,80.0,-90.0,190.0,10.0,-90.0,44.99999999999999,280.0,9.541664044390552e-15,10.0,45.00000000000001,100.0,-8.23e+17,1.87e+17,6.36e+17,6.1e+16,-2.06e+18,8.56e+17,us,gcmt:C201211141902A;gcmt:C201211141902A;neic:601901485;gem:601901485
201211191645A,2012-11-19T16:45:00,-72.42,-33.92,21.0,5.1,mw,351.0,23.0,78.0,184.0,67.0,95.0,44.349303995663554,283.3166454683377,6.605020698710176,186.8172860588523,44.89258421739349,90.19293126907588,3.82,-0.05,-3.77,-0.47,-3.69,0.17,gmt,gem:601992979
201211201623A,2012-11-20T16:23:00,-72.4,-33.99,19.0,5.4,mw,16.0,20.0,100.0,185.0,71.0,87.0,64.0,90.0,3.0,187.0,26.0,278.0,1e+17,7099999999999999.0,-1.07e+17,-1.01e+16,-1.32e+17,-2.12e+16,gmt,gcmt:C201211201623A;gcmt:C201211201623A;gem:601993233
201211211816A,2012-11-21T18:16:00,-72.4,-33.93,28.0,5.2,mw,19.0,24.0,118.0,169.0,69.0,79.0,64.0,60.0,11.0,173.0,23.0,268.0,5.93e+16,3400000000000000.0,-6.27e+16,1.89e+16,-6.4e+16,-5000000000000000.0,gmt,gcmt:C201211211816A;gcmt:C201211211816A;gem:601993511
201211212136A,2012-11-21T21:36:00,-72.31,-34.05,21.0,5.9,mw,6.0,20.0,106.0,169.0,70.0,84.0,44.99999999999999,260.00000000000006,2.385416011097637e-14,170.0,45.000000000000014,80.0,5.08e+17,3.48e+16,-5.43e+17,1.3999999999999998e+17,-6.23e+17,2.63e+16,gmt,gcmt:C201211212136A;gcmt:C201211212136A;us:pde20121121213622740_18;neic:601993538;gem:601993538
201211212252A,2012-11-21T22:52:00,-72.49,-34.04,33.0,5.1,mw,11.0,32.0,101.0,177.0,58.0,83.0,75.0,67.0,6.0,181.0,13.0,272.0,5.19e+16,670000000000000.0,-5.26e+16,5020000000000000.0,-2.62e+16,-3600000000000000.0,gmt,gcmt:C201211212252A;gcmt:C201211212252A;gem:601993548
201211252211A,2012-11-25T22:11:00,-78.37,-44.5,16.0,5.1,mw,80.0,79.0,-172.0,349.0,82.0,-11.0,13.04494998001221,34.48640057254579,76.75464571223436,204.32993268887,2.2557397293921277,303.9634802147157,-1.6,2.55,-0.95,-0.12,-0.66,-4.53,gmt,gem:601994445
C201212030931A,2012-12-03T09:31:57,-70.58,-28.75,108.6,5.2,mw,88.0,33.0,-34.0,207.0,72.0,-118.0,22.0,319.0,27.0,217.0,54.0,83.0,-2.98e+16,2.7e+16,2790000000000000.5,1.8e+16,4.04e+16,3.55e+16,gcmt,gem:601995950
C201212241212A,2012-12-24T12:12:41,-71.79,-29.01,41.2,5.4,mw,353.0,41.0,57.0,214.0,57.0,115.0,68.0,175.0,21.0,19.0,8.0,286.0,6.730000000000001e+16,1.13e+16,-7.86e+16,-2.91e+16,-1.56e+16,-2.39e+16,gcmt,gem:602057934
201212261317A,2012-12-26T13:17:00,-73.78,-37.41,25.0,5.4,mw,4.0,17.0,92.0,182.0,73.0,89.0,62.0,88.0,2.0,181.0,28.0,272.0,7.6e+16,9000000000000000.0,-8.5e+16,0.0,-1.16e+17,-5000000000000000.0,gmt,gcmt:C201212261317A;gcmt:C201212261317A;us:pde20121226131757260_29;neic:602058915;gem:602058915
201212270037A,2012-12-27T00:37:00,-73.77,-35.89,12.0,5.8,mw,14.0,16.0,94.0,190.0,74.0,89.0,57.0,102.0,0.0,12.0,32.0,282.0,3.7e+17,-5.1e+16,-3.2e+17,-1.65e+17,-7.71e+17,-6e+16,gmt,gcmt:C201212270037A;gcmt:C201212270037A;us:pde20121227003708830_14;neic:602059082;gem:602059082
201301230247A,2013-01-23T02:47:00,-71.62,-31.82,30.0,5.1,mw,336.0,25.0,71.0,176.0,66.0,99.0,69.0,91.0,3.0,354.0,21.0,263.0,2.3e+16,-5700000000000000.0,-1.73e+16,500000000000000.0,-1.81e+16,2000000000000000.0,gmt,gcmt:C201301230247A;gcmt:C201301230247A;us:pde20130123024738660_28;gem:602345425
201301230743A,2013-01-23T07:43:00,-79.68,-44.71,25.0,5.5,mw,348.0,85.0,5.0,258.0,85.0,175.0,7.0,213.0,83.0,33.0,0.0,303.0,-2.23e+16,1e+17,-7.78e+16,-2.47e+16,1.6e+16,-1.99e+17,gmt,gcmt:C201301230743A;gcmt:C201301230743A;neic:602345432;gem:602345432
pde20130130201543340_45,2013-01-30T20:15:43,-70.653,-28.094,45.0,6.8,mww,175.0,65.0,90.0,355.0,25.0,90.0,45.00000000000001,265.0,8.74652537402467e-15,355.0,45.00000000000001,85.0,1.35e+19,6.5e+17,-1.42e+19,2.33e+18,-1.09e+19,-3.94e+18,us,gcmt:C201301302015A;gcmt:C201301302015A;neic:602363406;gem:602363406
201302101954A,2013-02-10T19:54:00,-72.21,-33.58,31.0,5.4,mw,6.0,24.0,100.0,176.0,66.0,86.0,70.0,78.0,2.0,174.0,20.0,265.0,1.3e+17,-4000000000000000.0,-1.25e+17,1.6e+16,-1.05e+17,9000000000000000.0,gmt,gcmt:C201302101954A;gcmt:C201302101954A;us:pde20130210195430000_46;gem:602563743
201302181000A,2013-02-18T10:00:00,-72.39,-34.05,17.0,5.4,mw,5.0,18.0,95.0,180.0,72.0,89.0,63.0,88.0,1.0,181.0,27.0,271.0,1.02e+17,4900000000000000.0,-1.06e+17,500000000000000.0,-1.46e+17,-4900000000000000.0,gmt,gcmt:C201302181000A;gcmt:C201302181000A;gem:602446074
C201302201118A,2013-02-20T11:18:55,-66.64,-27.86,192.2,5.3,mw,91.0,80.0,-172.0,360.0,82.0,-11.0,2.0,46.0,77.0,144.0,13.0,315.0,-3.74e+16,1.74e+16,2e+16,1430000000000000.0,-4490000000000000.0,-6.51e+16,gcmt,gem:602489083
201303290730A,2013-03-29T07:30:00,-73.28,-35.44,14.0,5.4,mw,23.0,19.0,111.0,181.0,72.0,83.0,56.0,89.0,6.0,189.0,32.0,284.0,6.800000000000001e+16,-1.2e+16,-5.600000000000001e+16,-1.7000000000000002e+16,-1.5e+17,-2.7e+16,gmt,gcmt:C201303290730A;gcmt:C201303290730A;us:b000fvhe;neic:602751351;gem:602751351
201304130919A,2013-04-13T09:19:00,-76.3,-45.89,14.0,5.4,mw,76.0,68.0,-178.0,346.0,88.0,-22.0,7.0,33.0,64.0,138.0,25.0,300.0,3000000000000000.0,6.6e+16,-6.8e+16,-3.2e+16,-8.2e+16,-1.27e+17,gmt,gcmt:C201304130919A;gcmt:C201304130919A;us:pde20130413091904880_10;gem:602787731
602926694,2013-05-03T09:18:18,-72.473,-28.114,15.0,5.16,mw,204.0,47.0,-73.0,359.0,45.0,-108.0,44.32959255759455,102.06782392512082,45.481946420826496,275.5022903771848,3.2875025415838204,8.851149581763366,-6.69,0.25,6.44,1.59,-0.09,1.32,gem,
201305211251A,2013-05-21T12:51:00,-77.04,-45.7,12.0,5.2,mw,113.0,32.0,-118.0,326.0,62.0,-73.0,15.0,43.0,15.0,137.0,68.0,269.0,-5.649999999999999e+16,3.46e+16,2.19e+16,2.48e+16,-3.71e+16,-6.14e+16,gmt,gcmt:C201305211251A;gcmt:C201305211251A;gem:602990057
201306192129A,2013-06-19T21:29:00,-70.2,-32.74,115.0,5.2,mw,190.0,45.0,-111.0,39.0,48.0,-70.0,2.0,114.0,14.0,205.0,76.0,19.0,-8.12e+16,2800000000000000.0,7.84e+16,-1.82e+16,3100000000000000.0,4.25e+16,gmt,gcmt:C201306192129A;gcmt:C201306192129A;us:pde20130619212911500_104;neic:603233800;gem:603233800
b000j5bj,2013-08-16T22:17:31,-71.581,-28.707,45.0,5.150716535133885,mww,159.0,34.0,65.0,8.0,59.0,106.0,70.0,315.0,13.0,180.0,12.0,86.0,5.21e+16,1.25e+16,-6.46e+16,1.05e+16,2.9e+16,7200000000000000.0,us,gcmt:C201308162217A;gcmt:C201308162217A;neic:603336792;gem:603336792
201308301048A,2013-08-30T10:48:00,-70.74,-34.57,112.0,5.0,mw,338.0,45.0,-18.0,81.0,77.0,-133.0,20.0,202.0,42.0,92.0,41.0,311.0,-8050000000000000.0,1.02e+16,-2120000000000000.0,-2.15e+16,-1.92e+16,-1.91e+16,gmt,gcmt:C201308301048A;gcmt:C201308301048A
201309292306A,2013-09-29T23:06:00,-73.89,-37.53,20.0,5.3,mw,4.0,20.0,92.0,182.0,70.0,89.0,65.0,91.0,1.0,182.0,25.0,272.0,7.42e+16,3500000000000000.5,-7.77e+16,-2800000000000000.0,-9.25e+16,-3900000000000000.0,gmt,gcmt:C201309292306A;gcmt:C201309292306A;neic:603501989;gem:603501989
201309292323A,2013-09-29T23:23:00,-73.81,-37.57,22.0,5.5,mw,358.0,20.0,86.0,182.0,70.0,91.0,65.0,94.0,1.0,2.0,25.0,271.0,1.72e+17,-1900000000000000.0,-1.7e+17,-9300000000000000.0,-1.98e+17,-200000000000000.0,gmt,gcmt:C201309292323A;gcmt:C201309292323A;neic:603501990;gem:603501990
201310211817A,2013-10-21T18:17:00,-75.48,-38.04,13.0,5.0,mw,201.0,38.0,-61.0,346.0,57.0,-111.0,10.0,91.0,17.0,358.0,70.0,209.0,-3.41e+16,-1770000000000000.0,3.59e+16,1.19e+16,-1.28e+16,2590000000000000.0,gmt,gcmt:C201310211817A;gcmt:C201310211817A;gem:609074863
201310300229A,2013-10-30T02:29:00,-73.36,-35.46,13.0,5.9,mw,15.0,18.0,91.0,194.0,72.0,90.0,63.0,38.0,26.0,203.0,6.0,296.0,4.31e+17,-3.1e+16,-4e+17,1.49e+17,-1.93e+17,-2.74e+17,gmt,gcmt:C201310300229A;gcmt:C201310300229A;us:c000kr9e;neic:609078660;gem:609078660
201310300251A,2013-10-30T02:51:00,-73.48,-35.43,12.0,6.3,mw,19.0,17.0,92.0,196.0,73.0,89.0,63.0,89.0,9.0,197.0,25.0,291.0,1.41e+18,-2.4e+17,-1.17e+18,-3.1e+17,-1.74e+18,-6.5e+17,gmt,gcmt:C201310300251A;gcmt:C201310300251A;us:c000kr9k;neic:603764109;gem:603764109
201310312303A,2013-10-31T23:03:00,-71.86,-30.46,36.0,6.5,mw,5.0,28.0,98.0,175.0,62.0,85.0,66.0,47.0,12.0,166.0,20.0,261.0,6.34e+18,2.4e+17,-6.58e+18,2.67e+18,-5.15e+18,3.4e+17,gmt,gcmt:C201310312303A;gcmt:C201310312303A;us:b000kqnc;neic:609095356;gem:609095356
201311071701A,2013-11-07T17:01:00,-74.25,-37.6,22.0,5.2,mw,339.0,30.0,69.0,183.0,62.0,102.0,71.0,120.0,10.0,358.0,16.0,265.0,6.82e+16,-1.3700000000000002e+16,-5.45e+16,-1.4e+16,-4.03e+16,8970000000000000.0,gmt,gcmt:C201311071701A;gcmt:C201311071701A;gem:603778311
201311100201A,2013-11-10T02:01:00,-72.23,-33.37,29.0,5.2,mw,18.0,24.0,98.0,189.0,67.0,87.0,44.6523895641952,92.38379392395166,4.795795972903168,187.13829907274712,44.94711868599846,281.9420873522696,4.89,0.27,-5.16,-0.67,-4.81,-1.36,gmt,gem:603780855
201311150619A,2013-11-15T06:19:00,-67.54,-32.72,35.0,5.1,mw,208.0,41.0,103.0,10.0,50.0,79.0,84.0,196.0,6.0,26.0,1.0,296.0,3.94e+16,-3100000000000000.0,-3.63e+16,-3890000000000000.0,30000000000000.0,-2.14e+16,gmt,us:b000kyrl;gem:603791756
201311290521A,2013-11-29T05:21:00,-72.44,-33.33,24.0,5.0,mw,16.0,28.0,91.0,195.0,62.0,90.0,44.98875911367931,103.5822521679633,0.8392585887993648,194.42127150304464,44.998948451735565,285.2605893307564,3.23,-0.23,-3.0,-0.52,-2.03,-0.81,gmt,gem:603821241
201312070923A,2013-12-07T09:23:00,-72.58,-33.88,20.0,5.0,mw,14.0,17.0,92.0,192.0,73.0,89.0,62.0,101.0,1.0,192.0,28.0,283.0,2.62e+16,-1800000000000000.0,-2.44e+16,-8120000000000002.0,-3.82e+16,-5590000000000001.0,gmt,gcmt:C201312070923A;gcmt:C201312070923A;gem:603833840
201312100051A,2013-12-10T00:51:00,-69.29,-31.39,117.0,5.1,mw,202.0,45.0,-117.0,57.0,51.0,-66.0,3.0,131.0,18.0,222.0,71.0,32.0,-4.87e+16,1.88e+16,2.9900000000000004e+16,-1.55e+16,6380000000000000.0,3.04e+16,gmt,gcmt:C201312100051A;gcmt:C201312100051A;gem:609542126
201401071206A,2014-01-07T12:06:00,-79.9,-44.7,24.0,5.1,mw,256.0,81.0,176.0,347.0,86.0,9.0,9.0,212.0,80.0,8.0,4.0,121.0,-1530000000000000.0,3.07e+16,-2.92e+16,-7340000000000000.0,9410000000000000.0,-5.76e+16,gmt,gcmt:C201401071206A;gcmt:C201401071206A;gem:603937792
201401150838A,2014-01-15T08:38:00,-68.25,-31.27,123.0,5.2,mw,182.0,74.0,-173.0,90.0,83.0,-16.0,6.0,137.0,72.0,248.0,17.0,45.0,-3.61e+16,2.38e+16,1.23e+16,-1.64e+16,-4510000000000000.0,7.95e+16,gmt,gcmt:C201401150838A;gcmt:C201401150838A;gem:603956758
201402170034A,2014-02-17T00:34:00,-72.06,-31.65,30.0,5.0,mw,25.0,30.0,116.0,175.0,63.0,76.0,68.0,57.0,13.0,182.0,17.0,276.0,3.97e+16,-5970000000000000.0,-3.37e+16,9910000000000000.0,-2.64e+16,-6950000000000000.0,gmt,gcmt:C201402170034A;gcmt:C201402170034A;gem:604050151
201403021012A,2014-03-02T10:12:00,-76.95,-45.56,18.0,5.4,mw,170.0,33.0,-47.0,302.0,67.0,-114.0,18.0,50.0,22.0,312.0,61.0,177.0,-1e+17,2.24e+16,7.76e+16,9.52e+16,-1.01e+16,-3.17e+16,gmt,gcmt:C201403021012A;gcmt:C201403021012A;gem:604085373
201403021114A,2014-03-02T11:14:00,-76.89,-46.15,15.0,5.2,mw,6.0,49.0,-50.0,134.0,55.0,-127.0,3.0,249.0,29.0,157.0,60.0,345.0,-5.8e+16,420000000000000.0,5.76e+16,-4.17e+16,-8380000000000000.0,-2.27e+16,gmt,gcmt:C201403021114A;gcmt:C201403021114A;gem:604085377
201403021618A,2014-03-02T16:18:00,-76.93,-45.78,21.0,5.0,mw,160.0,33.0,-86.0,336.0,57.0,-93.0,12.0,68.0,2.0,337.0,78.0,237.0,-3.78e+16,4540000000000000.0,3.33e+16,8030000000000000.0,-1.55e+16,-1.3799999999999998e+16,gmt,gcmt:C201403021618A;gcmt:C201403021618A;gem:604085391
201403021703A,2014-03-02T17:03:00,-76.96,-45.81,12.0,5.4,mw,177.0,32.0,-64.0,328.0,61.0,-105.0,8.0,73.0,0.0,343.0,82.0,253.0,-1.27e+17,1.6e+16,1.11e+17,1.06e+16,-3.47e+16,-3.08e+16,gmt,gcmt:C201403021703A;gcmt:C201403021703A;us:b000mzjs;gem:604085395
201403030317A,2014-03-03T03:17:00,-72.11,-33.21,22.0,5.2,mw,2.0,24.0,96.0,176.0,67.0,87.0,68.0,81.0,2.0,177.0,21.0,268.0,6.969999999999999e+16,-5500000000000000.0,-6.42e+16,6700000000000000.0,-6.21e+16,600000000000000.0,gmt,gcmt:C201403030317A;gcmt:C201403030317A;neic:604087265;gem:604087265
201403041051A,2014-03-04T10:51:00,-72.16,-33.63,23.0,5.8,mw,15.0,22.0,104.0,180.0,68.0,84.0,56.0,74.0,11.0,180.0,31.0,277.0,2.35e+17,-2.04e+16,-2.145e+17,4.83e+16,-4.655e+17,-8.71e+16,gmt,gcmt:C201403041051A;gcmt:C201403041051A;us:b000n0mp;neic:604090622;gem:604090622
201403060437A,2014-03-06T04:37:00,-71.42,-33.31,85.0,5.4,mw,75.0,61.0,11.0,340.0,81.0,150.0,27.0,294.0,59.0,144.0,13.0,31.0,4.53e+16,-9.88e+16,5.35e+16,-2.13e+16,6.57e+16,1.2e+17,gmt,gcmt:C201403060437A;gcmt:C201403060437A;gem:604400591
201403151446A,2014-03-15T14:46:00,-71.86,-34.8,47.0,5.2,mw,22.0,24.0,115.0,175.0,69.0,79.0,83.0,43.0,5.0,180.0,5.0,270.0,6.236e+16,2690000000000000.0,-6.505e+16,5690000000000000.0,-1.127e+16,-660000000000000.0,gmt,gcmt:C201403151446A;gcmt:C201403151446A;us:c000nchd;neic:604162124;gem:604162124
c000nu2x,2014-03-27T23:51:00,-68.98,-29.41,30.5,5.7,mww,177.0,83.0,143.0,272.0,54.0,9.0,30.0,128.0,53.0,348.0,19.0,230.0,3.55e+16,-3.78e+16,2300000000000000.0,-7.39e+16,-2.623e+17,3.394e+17,us,gcmt:C201403272350A;gcmt:C201403272350A;neic:604400792;gem:604400792
201404040952A,2014-04-04T09:52:00,-70.54,-31.45,116.0,5.4,mw,167.0,66.0,169.0,262.0,80.0,24.0,14.0,121.0,69.0,252.0,15.0,28.0,2500000000000000.0,-7.01e+16,6.76e+16,-5.05e+16,-9500000000000000.0,1.14e+17,gmt,gcmt:C201404040952A;gcmt:C201404040952A;us:c000p4ng;neic:604425841;gem:604425841
201404050222A,2014-04-05T02:22:00,-71.71,-32.74,42.0,5.6,mw,359.0,28.0,78.0,193.0,63.0,96.0,71.0,116.0,6.0,10.0,18.0,278.0,2.14e+17,4.1e+16,-2.55e+17,-4.73e+16,-1.72e+17,-3.38e+16,gmt,gcmt:C201404050222A;gcmt:C201404050222A;us:c000p66r;neic:604440644;gem:604440644
C201404241007A,2014-04-24T10:07:06,-72.92,-34.67,21.7,5.0,mw,48.0,36.0,-73.0,207.0,55.0,-102.0,10.0,305.0,10.0,214.0,76.0,78.0,-2.81e+16,9700000000000000.0,1.84e+16,1690000000000000.0,1.1299999999999998e+16,1.52e+16,gcmt,
201404301800A,2014-04-30T18:00:00,-71.93,-32.66,40.0,5.2,mw,358.0,29.0,88.0,180.0,61.0,91.0,74.0,92.0,1.0,360.0,16.0,269.0,6.750000000000001e+16,4000000000000000.0,-7.15e+16,-600000000000000.0,-4.37e+16,1200000000000000.0,gmt,gcmt:C201404301800A;gcmt:C201404301800A;gem:604502458
201405210900A,2014-05-21T09:00:00,-71.56,-30.6,50.0,5.1,mw,351.0,33.0,93.0,168.0,57.0,88.0,83.0,20.0,6.0,164.0,4.0,254.0,4.973e+16,-3900000000000000.0,-4.584e+16,7290000000000000.0,-5850000000000000.0,1.212e+16,gmt,gcmt:C201405210900A;gcmt:C201405210900A;us:b000qxwk;neic:604650838;gem:604650838
201405270904A,2014-05-27T09:04:00,-74.0,-36.02,15.0,5.3,mw,19.0,13.0,98.0,191.0,77.0,88.0,66.0,80.0,6.0,184.0,23.0,276.0,4.119e+16,-1480000000000000.0,-3.971e+16,1590000000000000.0,-4.329e+16,-7130000000000000.0,gmt,gcmt:C201405270904A;gcmt:C201405270904A;us:b000r53z;neic:604657172;gem:604657172
201405302206A,2014-05-30T22:06:00,-72.42,-33.47,31.0,5.0,mw,359.0,30.0,84.0,186.0,60.0,93.0,44.564570253546414,284.1222507066551,5.179622188786092,189.00000000000003,44.9684417379652,93.80482394787134,4.26,-0.24,-4.02,-0.41,-2.32,-0.16,gmt,gem:604663353
201407130718A,2014-07-13T07:18:00,-70.81,-30.98,106.0,5.4,mw,290.0,7.0,32.0,168.0,86.0,96.0,62.0,59.0,6.0,161.0,27.0,255.0,7.75e+16,-6610000000000000.0,-7.089e+16,4.137e+16,-9.368e+16,1.054e+16,gmt,gcmt:C201407130718A;gcmt:C201407130718A;us:b000rsk9;neic:610571154;gem:610571154
201407260731A,2014-07-26T07:31:00,-72.42,-30.54,15.0,5.0,mw,357.0,28.0,97.0,168.0,62.0,86.0,69.0,90.0,1.0,356.0,21.0,266.0,2.491e+16,-400000000000000.0,-2.45e+16,770000000000000.0,-2.234e+16,2050000000000000.0,gmt,us:b000rxiu;gem:605099377
201408080410A,2014-08-08T04:10:00,-72.27,-33.64,24.0,5.2,mw,5.0,27.0,87.0,189.0,63.0,92.0,73.0,43.0,12.0,178.0,11.0,271.0,5.868e+16,3540000000000000.0,-6.222e+16,1.336e+16,-2.577e+16,-3540000000000000.0,gmt,gcmt:C201408080410A;gcmt:C201408080410A;us:b000s1ci;neic:605140411;gem:605140411
201408232232A,2014-08-23T22:32:00,-71.74,-32.76,42.0,6.4,mw,5.0,26.0,92.0,183.0,64.0,89.0,66.0,96.0,1.0,3.0,24.0,272.0,3.729e+18,5.8e+16,-3.787e+18,-3.07e+17,-4.096e+18,-9.5e+16,gmt,gcmt:C201408232232A;gcmt:C201408232232A;us:b000s5rc;neic:610572067;gem:610572067
b000sfgp,2014-09-24T06:34:39,-73.38,-34.39,11.5,5.0,mww,2.0,72.0,-92.0,190.0,18.0,-83.0,27.0,94.0,2.0,3.0,63.0,269.0,-2.176e+16,-390000000000000.0,2.215e+16,-770000000000000.0,-2.966e+16,2350000000000000.0,us,gcmt:C201409240634A;gcmt:C201409240634A;neic:610572645
201409280846A,2014-09-28T08:46:00,-73.38,-35.63,20.0,5.3,mw,21.0,19.0,106.0,185.0,72.0,85.0,74.0,115.0,5.0,7.0,15.0,276.0,7.684e+16,-1450000000000000.0,-7.539e+16,-1.244e+16,-4.337e+16,-5030000000000000.0,gmt,gcmt:C201409280846A;gcmt:C201409280846A;us:b000sguw;neic:605416963;gem:605416963
b000slyx,2014-10-14T09:16:42,-72.0946,-33.7109,25.0,5.0,mwr,9.62,24.27,102.45,176.01,66.33,84.45,68.0,75.0,5.0,178.0,21.0,270.0,2.7721e+16,-2121000000000000.0,-2.56e+16,3431000000000000.0,-2.4272e+16,-1451000000000000.0,us,neic:605541746
201410232338A,2014-10-23T23:38:00,-72.39,-34.02,17.0,5.2,mw,3.0,13.0,97.0,176.0,77.0,88.0,48.0,80.0,2.0,173.0,42.0,265.0,8306000000000000.0,-8221000000000000.0,-85000000000000.0,6071000000000000.0,-4.3009e+16,-2971000000000000.0,gmt,gcmt:C201410232338A;gcmt:C201410232338A;us:b000sq7s;neic:605604325;gem:605604325
b000sq9h,2014-10-24T07:16:44,-72.24,-34.18,25.5,4.9,mww,159.0,75.0,89.0,343.0,15.0,93.0,60.0,68.0,1.0,159.0,30.0,250.0,1.273e+16,-960000000000000.0,-1.178e+16,8170000000000000.0,-2.13e+16,4230000000000000.0,us,
201410251705A,2014-10-25T17:05:00,-72.58,-33.89,30.0,5.0,mw,29.0,27.0,112.0,184.0,65.0,79.0,41.67678668266179,73.81046595257197,14.901956695539395,177.51454832915124,44.526530457104094,282.68869966457294,3.35,-0.82,-2.53,0.32,-2.55,-0.73,gmt,gem:605617597
201501180359A,2015-01-18T03:59:00,-71.9,-33.13,25.0,5.2,mw,18.0,17.0,128.0,158.0,77.0,80.0,43.33962258148118,54.83775823396781,11.567330102610889,155.97411847474552,44.35564470293456,257.518313782587,3.11,0.1,-3.2,2.58,-5.47,-0.06,gmt,gem:606586145
201501270527A,2015-01-27T05:27:00,-73.83,-36.84,29.0,5.0,mw,10.0,21.0,90.0,190.0,69.0,90.0,44.99999999999999,100.0,3.719853333905388e-15,190.0,45.00000000000001,280.0,2.53,-0.27,-2.26,-0.49,-2.7,-0.37,gmt,gem:606597540
201502021049A,2015-02-02T10:49:00,-67.14,-32.77,177.0,6.3,mw,304.0,4.0,-13.0,47.0,89.0,-94.0,44.0,141.0,4.0,47.0,46.0,313.0,5.88e+17,-1.6e+16,-5.72e+17,-2.4e+18,-2.07e+18,1.07e+18,gmt,gcmt:C201502021049A;gcmt:C201502021049A;neic:606634885;gem:606634885
201502171435A,2015-02-17T14:35:00,-70.86,-32.33,102.0,5.4,mw,339.0,80.0,170.0,70.0,80.0,10.0,13.0,105.0,77.0,295.0,2.0,195.0,2.71e+16,-1.372e+17,1.101e+17,400000000000000.0,-2.56e+16,7.18e+16,gmt,gcmt:C201502171435A;gcmt:C201502171435A;us:b000tq1p;neic:606732299;gem:606732299
610586529,2015-03-01T15:48:19,-71.352,-27.219,10.0,5.01,mw,7.0,26.0,102.0,173.0,64.0,84.0,43.96152150899394,71.74730348103344,8.225011829697175,169.76047456099946,44.86560945677725,268.03240032905256,2.89,0.64,-3.53,0.4,-2.51,0.06,gem,
C201503021653A,2015-03-02T16:53:49,-71.34,-28.05,34.9,5.2,mw,26.0,33.0,121.0,170.0,62.0,72.0,68.0,45.0,16.0,179.0,15.0,274.0,7.45e+16,2.91e+16,-1.04e+17,1.52e+16,-5.37e+16,-1.4000000000000002e+16,gcmt,neic:606760430;gem:606760430
201503050208A,2015-03-05T02:08:00,-72.74,-34.17,25.0,5.0,mw,83.0,31.0,175.0,177.0,88.0,60.0,41.0,75.0,17.0,180.0,45.0,287.0,-4967000000000000.0,5602000000000000.0,-635000000000000.0,-3179000000000000.0,-3.3867e+16,-1.02e+16,gmt,gcmt:C201503050208A;gcmt:C201503050208A;us:c000tv3t;neic:606777698;gem:606777698
c000tvct,2015-03-05T21:30:35,-71.42,-29.2,60.5,5.3,mww,344.0,66.0,51.0,227.0,45.0,145.0,52.0,207.0,35.0,2.0,12.0,101.0,5.432e+16,3.065e+16,-8.497e+16,-2.859e+16,4.019e+16,-3.192e+16,us,gcmt:C201503052130A;gcmt:C201503052130A;neic:606792825;gem:606792825
201503061039A,2015-03-06T10:39:00,-78.91,-44.52,14.0,5.0,mw,77.0,74.0,-172.0,345.0,82.0,-16.0,6.0,32.0,72.0,141.0,17.0,300.0,-1680000000000000.0,2.06e+16,-1.89e+16,-2990000000000000.0,-1.36e+16,-3.74e+16,gmt,gcmt:C201503061039A;gcmt:C201503061039A;gem:606794601
201503131916A,2015-03-13T19:16:00,-73.51,-44.79,25.0,5.0,mw,99.0,61.0,4.0,7.0,86.0,151.0,23.0,320.0,61.0,180.0,17.0,57.0,-2270000000000000.0,8810000000000000.0,-6540000000000000.0,8580000000000000.0,1.6200000000000002e+16,2.93e+16,gmt,gcmt:C201503131916A;gcmt:C201503131916A;gem:606829182
201503181827A,2015-03-18T18:27:00,-73.9,-36.16,12.0,6.1,mw,9.0,17.0,87.0,192.0,73.0,91.0,59.0,96.0,2.0,190.0,31.0,281.0,1.265e+18,8.8e+16,-1.352e+18,-3.9e+17,-2.475e+18,-3.75e+17,gmt,gcmt:C201503181827A;gcmt:C201503181827A;us:10001nj1;neic:611572454;gem:611572454
201503181907A,2015-03-18T19:07:00,-74.06,-36.09,15.0,5.4,mw,2.0,22.0,82.0,190.0,68.0,93.0,64.0,87.0,3.0,183.0,26.0,274.0,1.173e+17,-3200000000000000.0,-1.141e+17,-1800000000000000.0,-1.472e+17,-1.32e+16,gmt,gcmt:C201503181907A;gcmt:C201503181907A;us:10001njq;neic:606855453;gem:606855453
10001np8,2015-03-19T01:33:19,-73.33,-36.11,11.5,5.0,mww,194.0,82.0,91.0,5.0,8.0,81.0,53.0,105.0,1.0,14.0,37.0,283.0,9170000000000000.0,2820000000000000.0,-1.199e+16,-9680000000000000.0,-3.878e+16,-2950000000000000.0,us,neic:610586936
201503190834A,2015-03-19T08:34:00,-74.01,-36.17,14.0,5.0,mw,359.0,25.0,83.0,187.0,65.0,93.0,57.0,110.0,5.0,12.0,32.0,279.0,2.925e+16,5050000000000000.0,-3.43e+16,-1.632e+16,-6.558e+16,-1860000000000000.0,gmt,gcmt:C201503190834A;gcmt:C201503190834A;us:10001nrg;neic:606855735;gem:606855735
10001spm,2015-04-01T08:17:32,-71.69,-29.42,17.5,5.4,mww,203.0,83.0,112.0,310.0,23.0,17.0,47.0,136.0,22.0,21.0,35.0,275.0,4.5e+16,3e+16,-7.51e+16,-8.32e+16,-1.441e+17,4.09e+16,us,gcmt:C201504010817A;gcmt:C201504010817A;neic:606962367;gem:606962367
100028yq,2015-05-14T15:08:06,-71.62,-28.68,23.5,5.1,mww,191.0,75.0,82.0,39.0,17.0,117.0,60.0,89.0,8.0,193.0,29.0,288.0,3.18e+16,-3910000000000000.0,-2.789e+16,-7990000000000000.0,-5.364e+16,-1.423e+16,us,gcmt:C201505141508A;gcmt:C201505141508A;neic:607244002;gem:607244002
20002k8v,2015-05-29T04:28:18,-70.81,-28.13,70.5,5.2,mww,157.0,61.0,83.0,351.0,29.0,102.0,73.0,52.0,6.0,161.0,16.0,252.0,5.369e+16,7330000000000000.0,-6.102e+16,1.66e+16,-3.496e+16,2.261e+16,us,gcmt:C201505290428A;gcmt:C201505290428A;neic:610634880;gem:610634880
201506021032A,2015-06-02T10:32:00,-72.6,-33.84,22.0,5.1,mw,27.0,26.0,107.0,188.0,66.0,82.0,60.0,72.0,11.0,181.0,28.0,277.0,1.5895e+16,1796000000000000.0,-1.7691e+16,2366000000000000.0,-2.5501e+16,-5236000000000000.0,gmt,us:20002l7a;gem:607277236
201506200210A,2015-06-20T02:10:00,-74.1,-36.35,12.0,6.4,mw,9.0,18.0,84.0,196.0,72.0,92.0,55.0,88.0,7.0,188.0,34.0,282.0,1.963e+18,-3.3e+17,-1.634e+18,-4.35e+17,-5.009e+18,-7.87e+17,gmt,gcmt:C201506200210A;gcmt:C201506200210A;us:10002ke8;neic:607304048;gem:607304048
201506200522A,2015-06-20T05:22:00,-74.1,-36.47,12.0,5.4,mw,11.0,18.0,93.0,188.0,72.0,89.0,59.0,44.0,18.0,166.0,25.0,265.0,1.099e+17,2.92e+16,-1.391e+17,6.93e+16,-1.367e+17,-1e+16,gmt,gcmt:C201506200522A;gcmt:C201506200522A;us:10002kfc;neic:610635349;gem:610635349
20002xvy,2015-07-16T10:48:09,-71.91,-29.5,23.5,5.0,mww,220.0,58.0,-69.0,5.0,37.0,-119.0,11.0,295.0,17.0,29.0,69.0,175.0,-3.922e+16,3240000000000000.0,3.598e+16,1.937e+16,8680000000000000.0,1.593e+16,us,gcmt:C201507161048A;gcmt:C201507161048A;neic:610635901;gem:610635901
201507171111A,2015-07-17T11:11:00,-73.42,-35.57,22.0,5.3,mw,24.0,19.0,109.0,184.0,72.0,83.0,58.0,107.0,4.0,11.0,32.0,279.0,3.255e+16,1.33e+16,-4.586e+16,-1.748e+16,-8.006e+16,-7010000000000000.0,gmt,gcmt:C201507171111A;gcmt:C201507171111A;us:20002y48;neic:611836223;gem:611836223
201507200947A,2015-07-20T09:47:00,-74.45,-35.81,17.0,5.1,mw,16.0,43.0,-97.0,205.0,47.0,-84.0,44.90055841823797,290.9472504934268,36.36901097264136,68.15967870993529,22.79501642381357,176.18823146238344,-5.35,0.72,4.62,0.52,0.15,1.67,gmt,gem:607502549
10002x3v,2015-08-01T11:30:25,-68.2,-30.21,21.5,5.2,mww,356.0,62.0,106.0,144.0,32.0,63.0,69.0,299.0,14.0,168.0,15.0,74.0,5.343e+16,-210000000000000.0,-5.322e+16,5110000000000000.0,3.689e+16,2.146e+16,us,gcmt:C201508011130A;gcmt:C201508011130A;neic:610636429;gem:610636429
201508120014A,2015-08-12T00:14:00,-71.79,-31.84,38.0,5.5,mw,345.0,27.0,83.0,172.0,63.0,93.0,72.0,98.0,5.0,353.0,18.0,262.0,1.608e+17,-1.13e+16,-1.495e+17,-1100000000000000.0,-1.141e+17,2.6e+16,gmt,gcmt:C201508120014A;gcmt:C201508120014A;us:100031b7;neic:607649017;gem:607649017
100034du,2015-08-23T23:10:06,-71.66,-29.67,45.5,5.7,mww,216.0,49.0,100.0,21.0,42.0,79.0,82.0,186.0,7.0,29.0,3.0,299.0,3.712e+17,-7.21e+16,-2.991e+17,-6e+16,-1.48e+16,-1.76e+17,us,gcmt:C201508232310A;gcmt:C201508232310A;neic:607677064;gem:607677064
20003gnv,2015-09-05T10:17:56,-73.5997,-37.8733,19.0,4.6,mwr,2.67,75.11,-83.08,157.39,16.39,-114.38,30.0,87.0,7.0,181.0,59.0,282.0,-4213600000000000.0,-206600000000000.0,4420200000000000.0,-594500000000000.0,-7446200000000000.0,-803100000000000.0,us,
20003gru,2015-09-05T18:15:20,-75.35,-37.93,11.5,4.9,mww,358.0,55.0,-100.0,195.0,37.0,-76.0,9.0,95.0,8.0,4.0,78.0,232.0,-2.409e+16,160000000000000.0,2.393e+16,3030000000000000.0,-8180000000000000.0,2630000000000000.0,us,
201509162254A,2015-09-16T22:54:00,-72.09,-31.13,17.0,6.7,mw,7.0,19.0,109.0,166.0,72.0,83.0,64.0,93.0,2.0,359.0,26.0,268.0,1.915e+21,3.5e+19,-1.949e+21,-3.6e+19,-2.536e+21,1.19e+20,gmt,gcmt:C201509162254A;gcmt:C201509162254A;us:20003k7a;neic:611531714;gem:611531714
20003k7w,2015-09-16T23:18:57,-71.42,-31.49,35.5,7.0,mww,180.0,54.0,93.0,355.0,36.0,86.0,81.0,103.0,2.0,359.0,9.0,268.0,3.363e+19,-1.43e+18,-3.22e+19,-1.13e+18,-1.045e+19,1.17e+18,us,gcmt:S201509162318A;gcmt:S201509162318A;neic:610637518;gem:610637518
20003kc5,2015-09-17T01:33:03,-72.0478,-31.7273,9.0,5.8,mwr,183.43,85.34,97.36,305.6,8.71,32.47,49.0,101.0,7.0,3.0,40.0,267.0,5.703e+16,7.115e+16,-1.2817e+17,-2.543e+16,-5.3474e+17,5.939e+16,us,neic:607777378
20003kcn,2015-09-17T01:41:15,-71.72,-31.15,45.5,6.4,mww,172.0,55.0,92.0,348.0,35.0,86.0,80.0,92.0,2.0,351.0,10.0,260.0,5.179e+18,8000000000000000.0,-5.186e+18,1.45e+17,-1.957e+18,9.59e+17,us,neic:610637528
20003kfj,2015-09-17T03:55:08,-72.53,-30.97,35.5,6.5,mww,157.0,56.0,79.0,356.0,35.0,106.0,76.0,34.0,9.0,163.0,11.0,254.0,5.844e+18,2.56e+17,-6.1e+18,1.542e+18,-2.132e+18,1.719e+18,us,neic:608098144
20003kfv,2015-09-17T04:10:35,-71.89,-31.53,35.5,6.7,mww,172.0,62.0,89.0,353.0,28.0,91.0,73.0,81.0,1.0,172.0,17.0,263.0,1.023e+19,-6.4e+17,-9.59e+18,9.9e+17,-6.69e+18,1.13e+18,us,gcmt:C201509170410A;gcmt:C201509170410A;neic:607743131;gem:607743131
20003kgi,2015-09-17T04:26:39,-71.9812,-31.4382,23.0,5.5,mwr,0.85,29.46,68.89,204.76,62.69,101.5,70.0,139.0,10.0,19.0,17.0,286.0,1.7711e+17,-1360000000000000.0,-1.7574e+17,-7.109e+16,-1.0561e+17,-4.174e+16,us,neic:610637534
20003khn,2015-09-17T05:44:38,-72.1634,-31.8004,21.0,5.5,mwr,29.85,36.5,117.9,176.47,58.29,70.9,70.0,44.0,16.0,187.0,11.0,280.0,1.8024e+17,1530000000000000.0,-1.8178e+17,4.396e+16,-8.693e+16,-4.631e+16,us,neic:610637536
20003kkt,2015-09-17T12:09:44,-72.2117,-32.1351,19.0,5.3,mwr,344.13,30.78,76.35,179.91,60.18,98.0,74.0,110.0,7.0,356.0,15.0,264.0,1.0129e+17,5910000000000000.0,-1.072e+17,-7250000000000000.0,-6.098e+16,1.553e+16,us,neic:608098263
201509171214A,2015-09-17T12:14:00,-72.41,-32.27,22.0,5.9,mw,351.0,26.0,90.0,172.0,64.0,90.0,57.0,77.0,1.0,346.0,33.0,255.0,4.131e+17,-4.16e+16,-3.714e+17,2.139e+17,-8.593e+17,1.093e+17,gmt,gcmt:C201509171214A;gcmt:C201509171214A;us:20003kkw;neic:608098265;gem:608098265
201509171332A,2015-09-17T13:32:00,-72.28,-32.23,17.0,5.9,mw,357.0,22.0,87.0,181.0,68.0,91.0,59.0,89.0,2.0,182.0,31.0,274.0,4.744e+17,-1.269e+17,-3.475e+17,-7900000000000000.0,-7.463e+17,-3.77e+16,gmt,gcmt:C201509171332A;gcmt:C201509171332A;us:20003kl4;neic:607743707;gem:607743707
201509172040A,2015-09-17T20:40:00,-72.02,-30.08,31.0,5.3,mw,357.0,30.0,103.0,162.0,61.0,82.0,73.0,53.0,7.0,166.0,15.0,257.0,8.42e+16,600000000000000.0,-8.49e+16,2.2e+16,-4.8e+16,1.66e+16,gmt,gcmt:C201509172040A;gcmt:C201509172040A;us:20150917204031;gem:607744035
201509172208A,2015-09-17T22:08:00,-72.27,-30.37,21.0,5.1,mw,358.0,28.0,86.0,183.0,63.0,92.0,72.0,98.0,2.0,2.0,18.0,271.0,5.03e+16,-7990000000000000.0,-4.23e+16,-3130000000000000.0,-3.24e+16,-120000000000000.0,gmt,us:20150917220803;gem:610637563
201509172239A,2015-09-17T22:39:00,-71.96,-31.12,39.0,5.1,mw,237.0,23.0,-52.0,17.0,72.0,-105.0,25.0,119.0,14.0,22.0,61.0,266.0,-3.5e+16,1.81e+16,1.68e+16,-4060000000000000.0,-4.12e+16,1.32e+16,gmt,gcmt:C201509172239A;gcmt:C201509172239A;us:20150917223920;neic:607744042;gem:607744042
20003l0y,2015-09-17T23:55:01,-72.2672,-31.8388,16.0,4.8,mwr,357.24,52.51,85.93,183.91,37.68,95.29,82.0,246.0,3.0,360.0,7.0,90.0,1.6905e+16,859000000000000.0,-1.7764e+16,-932000000000000.0,4602000000000000.0,-169000000000000.0,us,
201509180315A,2015-09-18T03:15:00,-71.76,-31.44,41.0,5.0,mw,3.0,37.0,100.0,171.0,53.0,83.0,80.0,51.0,6.0,176.0,8.0,266.0,4.06e+16,-970000000000000.0,-3.96e+16,5140000000000000.0,-1.14e+16,1750000000000000.0,gmt,us:20150918031540;gem:610637580
201509180332A,2015-09-18T03:32:00,-72.28,-31.85,28.0,5.1,mw,356.0,22.0,92.0,174.0,68.0,89.0,67.0,83.0,1.0,175.0,23.0,265.0,4.71e+16,-2230000000000000.0,-4.49e+16,5070000000000000.0,-4.85e+16,3570000000000000.0,gmt,us:20150918033217;gem:608098398
20003l3e,2015-09-18T04:24:05,-72.08,-31.36,11.5,5.0,mww,343.0,88.0,-110.0,249.0,20.0,-4.0,40.0,92.0,20.0,344.0,43.0,234.0,-4590000000000000.0,-1050000000000000.0,5650000000000000.0,1.413e+16,-3.226e+16,1.32e+16,us,neic:610433427
201509180429A,2015-09-18T04:29:00,-71.99,-31.59,35.0,5.1,mw,5.0,41.0,90.0,185.0,49.0,90.0,45.00000000000003,95.0000000000004,2.0093859373503761e-13,5.000000000000227,44.99999999999999,275.0,5.24,-0.92,-4.32,-0.04,-0.64,-0.31,gmt,gem:607744580
201509180818A,2015-09-18T08:18:00,-72.6,-32.32,12.0,5.5,mw,348.0,20.0,85.0,173.0,70.0,92.0,58.0,79.0,0.0,170.0,32.0,260.0,1.433e+17,-9100000000000000.0,-1.342e+17,4.82e+16,-2.714e+17,1.99e+16,gmt,gcmt:C201509180818A;gcmt:C201509180818A;us:20003l55;neic:610637591;gem:610637591
201509180910A,2015-09-18T09:10:00,-72.3,-32.31,13.0,6.1,mw,347.0,24.0,81.0,177.0,67.0,94.0,61.0,83.0,2.0,350.0,29.0,259.0,1.477e+18,-3.2e+16,-1.445e+18,3.8e+17,-2.355e+18,3.26e+17,gmt,gcmt:C201509180910A;gcmt:C201509180910A;us:20003l5d;neic:607745130;gem:607745130
20150918135117,2015-09-18T13:51:23,-71.9,-31.48,30.4,4.9,mwc,356.0,23.0,74.0,194.0,68.0,97.0,66.0,116.0,6.0,11.0,23.0,279.0,2.25e+16,-1740000000000000.0,-2.08e+16,-6870000000000000.0,-2.1e+16,-1360000000000000.0,us,gcmt:C201509181351A;gcmt:C201509181351A
201509182212A,2015-09-18T22:12:00,-72.29,-30.45,18.0,5.1,mw,356.0,24.0,89.0,177.0,66.0,90.0,69.0,88.0,0.0,357.0,21.0,267.0,4.39e+16,-1560000000000000.0,-4.23e+16,1950000000000000.0,-3.98e+16,2510000000000000.0,gmt,us:20150918221216;gem:610094184
20150919043348,2015-09-19T04:33:49,-72.96,-30.48,19.1,4.9,mwc,355.0,38.0,-106.0,195.0,54.0,-78.0,8.0,277.0,10.0,8.0,77.0,149.0,-2.93e+16,4780000000000000.0,2.46e+16,7160000000000000.0,6780000000000000.0,1440000000000000.0,us,gcmt:C201509190433A;gcmt:C201509190433A
20003lql,2015-09-19T05:06:53,-72.12,-29.66,11.5,6.1,mww,179.0,69.0,93.0,351.0,21.0,83.0,66.0,94.0,3.0,358.0,24.0,267.0,1.039e+18,-6.1e+16,-9.78e+17,-1.3e+16,-1.111e+18,8.3e+16,us,gcmt:C201509190506A;gcmt:C201509190506A;neic:611836695;gem:611836695
201509190831A,2015-09-19T08:31:00,-72.3,-30.26,14.0,5.4,mw,0.0,24.0,91.0,180.0,66.0,90.0,74.0,42.0,11.0,174.0,12.0,267.0,1.604e+17,-200000000000000.0,-1.602e+17,3.98e+16,-6.8e+16,1900000000000000.0,gmt,gcmt:C201509190831A;gcmt:C201509190831A;us:20003ls4;neic:607770404;gem:607770404
201509190907A,2015-09-19T09:07:00,-71.86,-31.2,37.0,5.8,mw,353.0,29.0,92.0,171.0,61.0,89.0,75.0,59.0,7.0,178.0,13.0,269.0,4.58e+17,5400000000000000.0,-4.633e+17,6.92e+16,-2.3e+17,-1.02e+16,gmt,gcmt:C201509190907A;gcmt:C201509190907A;us:20003lsq;neic:610433486;gem:610433486
201509191252A,2015-09-19T12:52:00,-72.05,-32.34,20.0,6.2,mw,6.0,23.0,98.0,178.0,67.0,87.0,66.0,84.0,2.0,179.0,23.0,270.0,1.835e+18,-8.2e+16,-1.753e+18,1.02e+17,-1.918e+18,-4.3e+16,gmt,gcmt:C201509191252A;gcmt:C201509191252A;us:20003luw;neic:611836693;gem:611836693
201509191308A,2015-09-19T13:08:00,-72.18,-30.71,23.0,5.6,mw,359.0,26.0,100.0,168.0,65.0,85.0,63.0,95.0,3.0,359.0,27.0,268.0,1.957e+17,-1.09e+16,-1.848e+17,-6800000000000000.0,-2.63e+17,1.44e+16,gmt,gcmt:C201509191308A;gcmt:C201509191308A;us:20003lv1;neic:610637670;gem:610637670
201509191813A,2015-09-19T18:13:00,-72.14,-31.41,38.0,5.0,mw,6.0,31.0,97.0,179.0,59.0,86.0,75.0,78.0,3.0,181.0,14.0,271.0,3.22e+16,-940000000000000.0,-3.12e+16,1800000000000000.0,-1.74e+16,-1350000000000000.0,gmt,us:20150919181314;gem:607776566
201509200302A,2015-09-20T03:02:00,-71.47,-31.02,50.0,5.1,mw,340.0,33.0,75.0,178.0,58.0,100.0,75.0,115.0,8.0,353.0,13.0,261.0,5.42e+16,1560000000000000.0,-5.58e+16,-3880000000000000.0,-2.73e+16,1.14e+16,gmt,gcmt:C201509200302A;gcmt:C201509200302A;us:20150920030201;neic:607776793;gem:607776793
201509200607A,2015-09-20T06:07:00,-72.18,-31.79,23.0,5.2,mw,350.0,27.0,83.0,178.0,63.0,94.0,62.0,84.0,2.0,177.0,28.0,268.0,3.288e+16,5920000000000000.0,-3.88e+16,3620000000000000.0,-5.431e+16,540000000000000.0,gmt,gcmt:C201509200607A;gcmt:C201509200607A;us:20003m40;neic:610433535;gem:610433535
201509200902A,2015-09-20T09:02:00,-72.3,-30.36,17.0,5.1,mw,7.0,22.0,77.0,201.0,69.0,95.0,66.0,119.0,5.0,19.0,24.0,287.0,3.66e+16,-3180000000000000.0,-3.35e+16,-1.55e+16,-3.58e+16,-7480000000000000.0,gmt,gcmt:C201509200902A;gcmt:C201509200902A;us:20150920090232;gem:607776798
20150920171828,2015-09-20T17:18:30,-71.92,-30.46,34.1,4.9,mwc,353.0,29.0,88.0,175.0,61.0,91.0,74.0,88.0,1.0,355.0,16.0,264.0,2.72e+16,-200000000000000.0,-2.7e+16,1100000000000000.0,-1.68e+16,2810000000000000.0,us,gcmt:C201509201718A;gcmt:C201509201718A
20003m8x,2015-09-20T20:29:11,-71.7434,-30.5328,38.0,4.3,mwr,155.19,68.62,63.55,28.96,33.52,138.69,58.0,29.0,25.0,165.0,19.0,265.0,2253300000000000.0,1110600000000000.0,-3363800000000000.0,1398000000000000.0,-2118200000000000.0,-9000000000000.0,us,
201509210539A,2015-09-21T05:39:00,-71.84,-31.66,38.0,6.1,mw,2.0,28.0,101.0,170.0,63.0,84.0,75.0,51.0,8.0,174.0,12.0,265.0,1.58e+18,6.1e+16,-1.641e+18,3e+17,-7.19e+17,8.9e+16,gmt,gcmt:C201509210539A;gcmt:C201509210539A;us:20003mcj;neic:611836705;gem:611836705
201509211537A,2015-09-21T15:37:00,-71.95,-31.17,31.0,5.5,mw,353.0,24.0,90.0,172.0,66.0,90.0,65.0,85.0,1.0,177.0,25.0,267.0,1.118e+17,800000000000000.0,-1.127e+17,9000000000000000.0,-1.364e+17,5100000000000000.0,gmt,gcmt:C201509211537A;gcmt:C201509211537A;us:20003mgp;neic:610433564;gem:610433564
20003mi0,2015-09-21T17:40:08,-71.87,-31.84,35.5,6.6,mww,171.0,62.0,82.0,9.0,29.0,105.0,72.0,62.0,7.0,175.0,17.0,268.0,7.063e+18,6.47e+17,-7.71e+18,1.246e+18,-4.836e+18,3.8e+16,us,gcmt:C201509211739A;gcmt:C201509211739A;neic:607860433;gem:607860433
201509211836A,2015-09-21T18:36:00,-72.02,-31.14,39.0,5.8,mw,347.0,32.0,87.0,171.0,58.0,92.0,73.0,81.0,2.0,177.0,17.0,268.0,1.985e+17,-1.32e+16,-1.853e+17,1.38e+16,-1.278e+17,4000000000000000.0,gmt,gcmt:C201509211836A;gcmt:C201509211836A;us:20003mis;neic:610433566;gem:610433566
201509211956A,2015-09-21T19:56:00,-71.87,-31.94,42.0,5.7,mw,345.0,30.0,93.0,162.0,60.0,88.0,60.0,68.0,3.0,163.0,30.0,255.0,1.51e+17,1.93e+16,-1.703e+17,8.93e+16,-2.736e+17,4.42e+16,gmt,gcmt:C201509211956A;gcmt:C201509211956A;us:20003mjn;neic:607779466;gem:607779466
201509220712A,2015-09-22T07:12:00,-71.39,-31.58,64.0,6.1,mw,0.0,28.0,103.0,165.0,63.0,83.0,68.0,62.0,9.0,175.0,20.0,269.0,1.133e+18,-7000000000000000.0,-1.127e+18,2.64e+17,-9.11e+17,-6.1e+16,gmt,gcmt:C201509220712A;gcmt:C201509220712A;us:20003msd;neic:610433581;gem:610433581
201509231132A,2015-09-23T11:32:00,-72.03,-31.67,29.0,5.1,mw,356.0,27.0,84.0,182.0,64.0,93.0,79.0,104.0,3.0,357.0,11.0,267.0,3.195e+16,2290000000000000.0,-3.424e+16,-1090000000000000.0,-1.34e+16,2530000000000000.0,gmt,gcmt:C201509231132A;gcmt:C201509231132A;us:20003nam;neic:607797513;gem:607797513
20003nrd,2015-09-24T16:13:33,-71.16,-30.85,50.5,5.2,mww,172.0,52.0,93.0,348.0,38.0,86.0,82.0,98.0,2.0,351.0,7.0,260.0,7.237e+16,-390000000000000.0,-7.198e+16,330000000000000.0,-1.972e+16,1.292e+16,us,neic:607811401
201509252030A,2015-09-25T20:30:00,-72.27,-30.58,28.0,5.0,mw,344.0,30.0,75.0,181.0,62.0,98.0,42.58085340362668,289.4133353560782,12.428221872070011,187.7292931291093,44.7624388497205,85.10478128515996,3.16,0.33,-3.49,-0.24,-2.15,0.49,gmt,gem:607831496
201509260251A,2015-09-26T02:51:00,-71.62,-30.88,52.0,6.3,mw,357.0,33.0,94.0,172.0,57.0,88.0,71.0,107.0,7.0,356.0,18.0,263.0,2.846e+18,-1.17e+17,-2.729e+18,-2.14e+17,-2.043e+18,4.54e+17,gmt,gcmt:C201509260251A;gcmt:C201509260251A;us:20003p9y;neic:611836729;gem:611836729
201509272104A,2015-09-27T21:04:00,-71.73,-31.79,38.0,5.1,mw,336.0,31.0,80.0,167.0,60.0,96.0,75.0,93.0,5.0,344.0,14.0,253.0,5.46e+16,-7640000000000000.0,-4.7e+16,3100000000000000.0,-2.96e+16,1.51e+16,gmt,gcmt:C201509272104A;gcmt:C201509272104A;us:20150927210445;gem:607833220
201510021622A,2015-10-02T16:22:00,-71.82,-30.77,36.0,5.0,mw,349.0,26.0,109.0,148.0,66.0,81.0,68.0,41.0,8.0,152.0,20.0,245.0,3.07e+16,-3790000000000000.0,-2.69e+16,1.65e+16,-2.13e+16,1.04e+16,gmt,us:20151002162247;gem:607849908
201510021633A,2015-10-02T16:33:00,-72.93,-31.08,20.0,5.0,mw,216.0,52.0,-50.0,343.0,53.0,-129.0,14.0,96.0,10.0,3.0,72.0,237.0,-2.178e+16,-3660000000000000.0,2.544e+16,2710000000000000.0,-1.303e+16,3980000000000000.0,gmt,us:10003jsk;gem:607849909
201510030603A,2015-10-03T06:03:00,-73.71,-37.57,22.0,5.7,mw,4.0,19.0,93.0,181.0,72.0,89.0,62.0,79.0,4.0,177.0,28.0,269.0,3.247e+17,4.66e+16,-3.713e+17,4.95e+16,-5.128e+17,-1.57e+16,gmt,gcmt:C201510030603A;gcmt:C201510030603A;us:10003jyn;neic:607852697;gem:607852697
201510030626A,2015-10-03T06:26:00,-71.75,-30.33,42.0,5.9,mw,13.0,35.0,108.0,171.0,57.0,77.0,79.0,22.0,10.0,179.0,4.0,270.0,7.71e+17,-2.16e+16,-7.494e+17,1.47e+17,-1.089e+17,-8400000000000000.0,gmt,gcmt:C201510030626A;gcmt:C201510030626A;us:10003jyt;neic:608007317;gem:608007317
10003k08,2015-10-03T11:21:02,-71.76,-29.8,30.5,5.1,mww,185.0,62.0,89.0,6.0,28.0,91.0,73.0,94.0,0.0,185.0,17.0,276.0,4.974e+16,-810000000000000.0,-4.893e+16,-2850000000000000.0,-3.374e+16,-4850000000000000.0,us,gcmt:C201510031121A;gcmt:C201510031121A;neic:610433780;gem:610433780
201510040349A,2015-10-04T03:49:00,-72.26,-30.41,12.0,5.4,mw,358.0,26.0,94.0,173.0,64.0,88.0,66.0,72.0,5.0,173.0,23.0,266.0,1.632e+17,-4500000000000000.0,-1.587e+17,3.5e+16,-1.679e+17,1900000000000000.0,gmt,gcmt:C201510040349A;gcmt:C201510040349A;us:10003k53;neic:610433794;gem:610433794
201510041011A,2015-10-04T10:11:00,-71.88,-30.68,31.0,5.1,mw,5.0,30.0,103.0,169.0,61.0,83.0,72.0,32.0,17.0,188.0,7.0,280.0,3.226e+16,5650000000000000.0,-3.79e+16,6930000000000000.0,-1.05e+16,-8960000000000000.0,gmt,gcmt:C201510041011A;gcmt:C201510041011A;us:10003k6h;neic:607857284;gem:607857284
201510051633A,2015-10-05T16:33:00,-71.78,-30.36,43.0,5.9,mw,8.0,34.0,101.0,175.0,57.0,83.0,78.0,60.0,7.0,183.0,10.0,274.0,7.882e+17,-9.91e+16,-6.891e+17,9.17e+16,-2.841e+17,-6.41e+16,gmt,gcmt:C201510051633A;gcmt:C201510051633A;us:10003kg9;neic:611836757;gem:611836757
201510060451A,2015-10-06T04:51:00,-72.52,-30.26,24.0,5.0,mw,342.0,34.0,75.0,181.0,57.0,100.0,38.898181466847966,300.8735886339227,19.486224246682276,194.2848018912989,44.68014913769549,83.80242716922453,3.22,0.06,-3.28,-0.35,-1.5,0.51,gmt,gem:607858505
201510091827A,2015-10-09T18:27:00,-71.82,-31.81,36.0,5.4,mw,342.0,25.0,75.0,179.0,66.0,97.0,75.0,97.0,2.0,360.0,15.0,269.0,1.515e+17,2.71e+16,-1.786e+17,-4000000000000000.0,-9.72e+16,4200000000000000.0,gmt,gcmt:C201510091827A;gcmt:C201510091827A;us:10003mjs;neic:607861151;gem:607861151
201510120315A,2015-10-12T03:15:00,-71.96,-31.28,32.0,5.6,mw,355.0,28.0,97.0,167.0,62.0,86.0,73.0,60.0,7.0,174.0,15.0,266.0,2.32e+17,1.45e+16,-2.465e+17,4.12e+16,-1.376e+17,9900000000000000.0,gmt,gcmt:C201510120315A;gcmt:C201510120315A;us:10003mxa;neic:610433906;gem:610433906
10003mxb,2015-10-12T03:31:32,-71.8149,-31.1841,31.0,4.6,mwr,168.97,65.22,75.25,21.1,28.6,118.88,67.0,52.0,13.0,175.0,19.0,270.0,7374000000000000.0,1487000000000000.0,-8861000000000000.0,2056000000000000.0,-6306000000000000.0,-692000000000000.0,us,
201510151923A,2015-10-15T19:23:00,-71.67,-30.4,36.0,5.0,mw,29.0,33.0,114.0,180.0,60.0,75.0,72.0,37.0,15.0,183.0,10.0,275.0,2.362e+16,320000000000000.0,-2.394e+16,6190000000000000.0,-9050000000000000.0,-3410000000000000.0,gmt,us:10003ny7;gem:610433955
201510201006A,2015-10-20T10:06:00,-71.51,-30.79,43.0,5.2,mw,179.0,40.0,107.0,337.0,52.0,76.0,69.0,177.0,20.0,347.0,3.0,79.0,3.632e+16,5620000000000000.0,-4.194e+16,-1.332e+16,2060000000000000.0,9190000000000000.0,gmt,gcmt:C201510201006A;gcmt:C201510201006A;us:10003pvh;neic:608100378;gem:608100378
201510242124A,2015-10-24T21:24:00,-71.64,-31.5,51.0,5.0,mw,341.0,33.0,79.0,174.0,57.0,97.0,74.0,113.0,9.0,350.0,13.0,257.0,2.802e+16,7150000000000000.0,-3.517e+16,30000000000000.0,-1.668e+16,1.084e+16,gmt,gcmt:C201510242124A;gcmt:C201510242124A;us:10003r82;neic:607927912;gem:607927912
201511060844A,2015-11-06T08:44:00,-72.28,-30.26,12.0,5.3,mw,6.0,25.0,97.0,178.0,65.0,87.0,69.0,74.0,5.0,176.0,20.0,268.0,1.166e+17,-1800000000000000.0,-1.148e+17,1.6e+16,-9.94e+16,-1100000000000000.0,gmt,gcmt:C201511060844A;gcmt:C201511060844A;us:10003v5a;neic:610459370;gem:610459370
10003vgi,2015-11-07T07:04:40,-72.43,-29.47,11.5,6.2,mww,194.0,72.0,90.0,12.0,18.0,89.0,63.0,104.0,0.0,13.0,27.0,283.0,1.332e+18,-1.02e+17,-1.23e+18,-4.41e+17,-1.809e+18,-2.73e+17,us,gcmt:C201511070704A;gcmt:C201511070704A;neic:611838290;gem:611838290
10003vgt,2015-11-07T07:31:50,-71.08,-31.11,50.5,6.8,mww,174.0,69.0,87.0,2.0,21.0,98.0,66.0,79.0,3.0,175.0,24.0,266.0,1.231e+19,1.32e+18,-1.363e+19,1.84e+18,-1.445e+19,6.7e+17,us,gcmt:C201511070731A;gcmt:C201511070731A;neic:608022996;gem:608022996
10003vie,2015-11-07T10:31:19,-71.363,-30.765,69.0,4.9,mwr,13.4,83.25,-77.13,130.62,14.51,-152.02,37.0,92.0,13.0,192.0,50.0,298.0,-5480000000000000.0,-2113000000000000.0,7593000000000000.0,-5904000000000000.0,-2.2072e+16,-3520000000000000.0,us,
201511071053A,2015-11-07T10:53:00,-71.71,-30.88,45.0,5.8,mw,349.0,31.0,86.0,174.0,59.0,92.0,73.0,91.0,2.0,186.0,16.0,277.0,3.575e+17,1.87e+16,-3.762e+17,-1.61e+16,-2.389e+17,-5.03e+16,gmt,gcmt:C201511071053A;gcmt:C201511071053A;us:10003vij;neic:608023744;gem:608023744
10003x8t,2015-11-11T01:54:50,-72.09,-29.49,11.5,6.9,mww,176.0,76.0,87.0,9.0,14.0,102.0,59.0,82.0,3.0,177.0,31.0,269.0,1.479e+19,6.9e+17,-1.548e+19,2.25e+18,-2.809e+19,-6.4e+17,us,gcmt:C201511110154A;gcmt:C201511110154A;neic:611838315;gem:611838315
10003x9g,2015-11-11T02:46:34,-71.73,-29.79,15.5,6.9,mww,180.0,74.0,88.0,6.0,16.0,96.0,61.0,87.0,2.0,180.0,29.0,271.0,1.256e+19,2.6e+17,-1.282e+19,3.3e+17,-2.097e+19,-5.9e+17,us,gcmt:C201511110246A;gcmt:C201511110246A;neic:611838313;gem:611838313
201511212305A,2015-11-21T23:05:00,-71.98,-30.66,33.0,5.8,mw,5.0,28.0,102.0,171.0,63.0,84.0,73.0,69.0,6.0,178.0,16.0,270.0,4.829e+17,6.26e+16,-5.456e+17,5.36e+16,-3.133e+17,-9400000000000000.0,gmt,gcmt:C201511212305A;gcmt:C201511212305A;us:10004077;neic:611838385;gem:611838385
201511240914A,2015-11-24T09:14:00,-72.2,-31.85,25.0,5.0,mw,359.0,27.0,90.0,179.0,63.0,90.0,61.0,77.0,2.0,170.0,29.0,261.0,2.055e+16,1360000000000000.0,-2.191e+16,6240000000000000.0,-3.24e+16,2970000000000000.0,gmt,gcmt:C201511240914A;gcmt:C201511240914A;us:100040mw;neic:610459631;gem:610459631
201511280544A,2015-11-28T05:44:00,-72.26,-30.39,12.0,5.6,mw,0.0,22.0,95.0,175.0,68.0,88.0,70.0,98.0,4.0,357.0,20.0,265.0,2.337e+17,-3.52e+16,-1.985e+17,-9300000000000000.0,-1.779e+17,2.27e+16,gmt,gcmt:C201511280544A;gcmt:C201511280544A;us:100041ui;neic:612297589;gem:612297589
100044k5,2015-12-07T07:51:12,-71.3468,-31.4021,60.0,5.1,mwr,174.01,69.91,85.08,8.07,20.66,103.19,65.0,76.0,5.0,176.0,25.0,268.0,3.6192e+16,8130000000000000.0,-4.4322e+16,5837000000000000.0,-4.6919e+16,108000000000000.0,us,neic:612127639
201512081256A,2015-12-08T12:56:00,-71.89,-30.92,35.0,5.6,mw,354.0,24.0,91.0,173.0,66.0,89.0,78.0,87.0,2.0,349.0,12.0,259.0,2.979e+17,-600000000000000.0,-2.973e+17,1.74e+16,-1.376e+17,6.22e+16,gmt,gcmt:C201512081256A;gcmt:C201512081256A;us:1000454p;neic:612127725;gem:612127725
201512100009A,2015-12-10T00:09:00,-73.45,-35.97,19.0,5.5,mw,23.0,13.0,103.0,190.0,77.0,87.0,62.0,104.0,2.0,199.0,28.0,290.0,1.337e+17,-1.91e+16,-1.146e+17,-6e+16,-1.913e+17,-4.85e+16,gmt,gcmt:C201512100009A;gcmt:C201512100009A;us:20004g1p;neic:610434134;gem:610434134
201512191925A,2015-12-19T19:25:00,-71.54,-30.7,62.0,5.8,mw,359.0,32.0,99.0,168.0,58.0,84.0,80.0,59.0,3.0,168.0,9.0,259.0,6.005e+17,-2.09e+16,-5.796e+17,7.65e+16,-1.94e+17,1.099e+17,gmt,gcmt:C201512191925A;gcmt:C201512191925A;us:100048du;neic:611838525;gem:611838525
201512261758B,2015-12-26T17:58:00,-72.33,-31.8,30.0,5.2,mw,323.0,29.0,67.0,168.0,63.0,102.0,66.0,76.0,1.0,169.0,24.0,259.0,2.896e+16,870000000000000.0,-2.983e+16,6970000000000000.0,-3.242e+16,5820000000000000.0,gmt,gcmt:C201512261758B;gcmt:C201512261758B;us:100049py;neic:612128476;gem:612128476
201601071540A,2016-01-07T15:40:00,-74.29,-41.65,32.0,5.1,mw,13.0,24.0,98.0,184.0,66.0,86.0,59.0,51.0,22.0,184.0,20.0,282.0,2.278e+16,6770000000000000.0,-2.955e+16,5170000000000000.0,-2.593e+16,-1.257e+16,gmt,gcmt:C201601071540A;gcmt:C201601071540A;us:10004c4b;neic:608160945;gem:608160945
201601080112A,2016-01-08T01:12:00,-71.94,-30.74,33.0,5.7,mw,1.0,29.0,97.0,174.0,62.0,86.0,77.0,76.0,4.0,182.0,12.0,273.0,4.366e+17,-1400000000000000.0,-4.353e+17,2.09e+16,-2.017e+17,-2.78e+16,gmt,gcmt:C201601080112A;gcmt:C201601080112A;us:10004c96;neic:608162916;gem:608162916
10004db0,2016-01-10T13:33:34,-71.7915,-31.3174,36.0,4.7,mwr,7.1,32.21,103.78,170.93,58.83,81.47,75.0,58.0,7.0,175.0,13.0,267.0,1.155e+16,2340000000000000.0,-1.389e+16,1721000000000000.0,-6367000000000000.0,481000000000000.0,us,
10004eym,2016-01-15T20:32:56,-68.14,-28.47,19.5,4.9,mww,142.0,53.0,107.0,294.0,40.0,68.0,75.0,105.0,14.0,312.0,7.0,220.0,2.495e+16,-1.511e+16,-9840000000000000.0,-410000000000000.0,-9310000000000000.0,9600000000000000.0,us,
201601260019A,2016-01-26T00:19:00,-71.99,-32.66,32.0,5.1,mw,344.0,39.0,83.0,173.0,51.0,96.0,37.982578048489295,297.6441611777568,20.524724369853075,190.6477515432267,44.90417317835319,78.73919090102873,4.56,1.04,-5.61,-0.05,-1.12,1.4,gmt,gem:608279289
201601292007A,2016-01-29T20:07:00,-71.74,-30.28,42.0,5.1,mw,14.0,33.0,105.0,177.0,58.0,80.0,75.0,60.0,8.0,182.0,13.0,274.0,5.24e+16,-230000000000000.0,-5.22e+16,6860000000000000.0,-2.52e+16,-5110000000000000.0,gmt,gcmt:C201601292007A;gcmt:C201601292007A;us:20160129200715;gem:612141655
20004x4m,2016-02-04T17:55:00,-71.703,-31.0524,28.0,4.5,mwr,358.36,22.46,109.29,157.63,68.86,82.23,65.0,54.0,7.0,160.0,23.0,254.0,5087600000000000.0,-159600000000000.0,-4928000000000000.0,2468000000000000.0,-4967200000000000.0,1035800000000000.0,us,
20004xzv,2016-02-05T05:24:40,-71.777,-31.078,29.0,4.4,mwr,0.76,21.66,103.78,165.98,68.99,84.6,66.0,67.0,5.0,168.0,24.0,260.0,3536400000000000.0,-16600000000000.0,-3519900000000000.0,1123800000000000.0,-3748300000000000.0,408200000000000.0,us,
201602050528A,2016-02-05T05:28:00,-72.08,-31.0,35.0,5.0,mw,1.0,33.0,90.0,181.0,57.0,90.0,78.0,90.0,0.0,181.0,12.0,271.0,4.74e+16,-9660000000000000.0,-3.77e+16,-180000000000000.0,-1.91e+16,-570000000000000.0,gmt,gcmt:C201602050528A;gcmt:C201602050528A;us:20160205052808;gem:608505010
201602100033A,2016-02-10T00:33:00,-71.9,-30.62,36.0,6.4,mw,11.0,29.0,103.0,176.0,61.0,83.0,72.0,78.0,3.0,178.0,17.0,269.0,3.44e+18,-1.22e+17,-3.318e+18,2.75e+17,-2.34e+18,-9000000000000000.0,gmt,gcmt:C201602100033A;gcmt:C201602100033A;us:20004z5b;neic:611838828;gem:611838828
201602190533A,2016-02-19T05:33:00,-71.81,-30.62,36.0,5.0,mw,358.0,31.0,89.0,179.0,59.0,91.0,83.0,50.0,5.0,179.0,6.0,269.0,2.778e+16,5420000000000000.0,-3.32e+16,1960000000000000.0,-6200000000000000.0,150000000000000.0,gmt,us:10004qzj;gem:608338110
201602192150A,2016-02-19T21:50:00,-77.89,-45.8,25.0,5.0,mw,80.0,72.0,-163.0,344.0,74.0,-19.0,22.54954583964065,32.56075546060089,67.40369594427835,208.67424511843197,1.378243651850895,301.98835151460537,-0.68,2.08,-1.4,-0.8,-1.48,-3.51,gmt,gem:608338691
201602220637A,2016-02-22T06:37:00,-72.26,-30.56,12.0,6.0,mw,359.0,23.0,90.0,179.0,67.0,90.0,70.0,83.0,0.0,174.0,20.0,264.0,9.98e+17,-2.1e+16,-9.77e+17,9.8e+16,-8.34e+17,1e+17,gmt,gcmt:C201602220637A;gcmt:C201602220637A;us:10004rn7;neic:611838894;gem:611838894
201602260852A,2016-02-26T08:52:00,-67.54,-31.75,35.0,5.0,mw,231.0,44.0,151.0,343.0,70.0,50.0,50.0,229.0,23.0,350.0,30.0,95.0,1.272e+16,-100000000000000.0,-1.262e+16,-1.285e+16,2.425e+16,-9670000000000000.0,gmt,us:10004svb;gem:608356464
201603121605A,2016-03-12T16:05:00,-71.73,-30.22,37.0,5.1,mw,18.0,36.0,117.0,166.0,58.0,72.0,72.0,16.0,16.0,168.0,8.0,261.0,4.796e+16,240000000000000.0,-4.819e+16,1.724e+16,-1.118e+16,5880000000000000.0,gmt,gcmt:C201603121605A;gcmt:C201603121605A;us:10004x18;neic:608482492;gem:608482492
201603160349A,2016-03-16T03:49:00,-72.03,-31.28,31.0,5.4,mw,353.0,25.0,85.0,178.0,65.0,92.0,77.0,91.0,1.0,355.0,13.0,265.0,9.04e+16,7700000000000000.0,-9.81e+16,1900000000000000.0,-4.66e+16,1.02e+16,gmt,gcmt:C201603160349A;gcmt:C201603160349A;us:20005a3a;neic:608485014;gem:608485014
201603271201A,2016-03-27T12:01:00,-77.32,-45.64,36.0,5.0,mw,74.0,80.0,-174.0,343.0,84.0,-10.0,11.079606902521716,28.7579933659556,78.53300253715834,193.6298704464801,2.918554205964984,298.18597016986826,0.81,1.49,-2.29,-0.38,-0.93,-2.86,gmt,gem:608505285
201604041232A,2016-04-04T12:32:00,-72.0,-31.26,29.0,5.4,mw,1.0,23.0,99.0,171.0,67.0,86.0,70.0,62.0,7.0,170.0,19.0,262.0,9.68e+16,6300000000000000.0,-1.03e+17,2.4e+16,-7.52e+16,1.04e+16,gmt,gcmt:C201604041232A;gcmt:C201604041232A;us:20005eg7;neic:608534586;gem:608534586
201604061735A,2016-04-06T17:35:00,-71.82,-31.46,34.0,5.4,mw,5.0,27.0,95.0,178.0,63.0,87.0,73.0,58.0,7.0,172.0,16.0,264.0,8.19e+16,1.64e+16,-9.84e+16,1.64e+16,-5.44e+16,1e+16,gmt,gcmt:C201604061735A;gcmt:C201604061735A;us:20005fvy;neic:608540955;gem:608540955
201604140938A,2016-04-14T09:38:00,-70.39,-33.85,129.0,5.1,mw,120.0,10.0,162.0,228.0,87.0,80.0,68.0,170.0,8.0,61.0,20.0,328.0,3.758e+16,-3.002e+16,-7560000000000000.0,-3.385e+16,-1.478e+16,-2.779e+16,gmt,gcmt:C201604140938A;gcmt:C201604140938A;us:20005hz4;neic:611829322;gem:611829322
20005j8a,2016-04-17T14:59:44,-71.5267,-30.7666,50.0,4.4,mwr,1.29,74.6,90.48,179.49,15.41,88.26,60.0,272.0,0.0,181.0,30.0,91.0,2981700000000000.0,-224600000000000.0,-2757000000000000.0,123700000000000.0,4812100000000000.0,-12700000000000.0,us,
201604181138A,2016-04-18T11:38:00,-71.49,-31.83,50.0,5.2,mw,347.0,29.0,83.0,175.0,61.0,94.0,67.0,116.0,13.0,350.0,18.0,256.0,6.453e+16,1.077e+16,-7.531e+16,-2700000000000000.0,-5.5e+16,2.86e+16,gmt,gcmt:C201604181138A;gcmt:C201604181138A;us:20005jgy;neic:608557428;gem:608557428
201605111311A,2016-05-11T13:11:00,-71.95,-30.73,30.0,5.4,mw,3.0,27.0,101.0,171.0,64.0,85.0,68.0,85.0,1.0,178.0,22.0,269.0,1.012e+17,900000000000000.0,-1.021e+17,5400000000000000.0,-1.003e+17,600000000000000.0,gmt,gcmt:C201605111311A;gcmt:C201605111311A;us:10005gih;neic:611829748;gem:611829748
C201605192025A,2016-05-19T20:25:51,-66.35,-28.15,180.2,5.1,mw,165.0,49.0,-48.0,291.0,55.0,-128.0,3.0,47.0,30.0,315.0,59.0,142.0,-4.36e+16,1.81e+16,2.55e+16,2.16e+16,1.19e+16,-3.91e+16,gcmt,neic:608805643;gem:608805643
201605221147A,2016-05-22T11:47:00,-71.93,-30.54,32.0,5.1,mw,6.0,33.0,102.0,172.0,58.0,82.0,81.0,25.0,7.0,175.0,4.0,266.0,5.416e+16,7020000000000000.0,-6.117e+16,6920000000000000.0,-7950000000000000.0,4880000000000000.0,gmt,gcmt:C201605221147A;gcmt:C201605221147A;us:10005j7v;neic:608816435;gem:608816435
20006257,2016-06-05T05:51:13,-72.02,-29.45,30.5,5.8,mww,203.0,77.0,116.0,318.0,29.0,28.0,51.0,142.0,25.0,16.0,27.0,272.0,2.554e+17,1.338e+17,-3.892e+17,-2.694e+17,-4.383e+17,1.09e+17,us,gcmt:C201606050551A;gcmt:C201606050551A;neic:608988297;gem:608988297
201606061316A,2016-06-06T13:16:00,-71.8,-30.13,39.0,5.4,mw,13.0,38.0,116.0,161.0,56.0,71.0,62.0,87.0,2.0,181.0,27.0,272.0,1.242e+17,4800000000000000.0,-1.29e+17,1700000000000000.0,-1.801e+17,-8600000000000000.0,gmt,gcmt:C201606061316A;gcmt:C201606061316A;us:200062bu;neic:608991514;gem:608991514
201606061321A,2016-06-06T13:21:00,-71.66,-30.06,40.0,5.5,mw,1.0,36.0,91.0,179.0,54.0,89.0,80.0,89.0,1.0,187.0,10.0,277.0,1.318e+17,1.8e+16,-1.498e+17,-3700000000000000.0,-5.38e+16,-2.14e+16,gmt,gcmt:C201606061321A;gcmt:C201606061321A;us:200062by;neic:608991515;gem:608991515
201606220354A,2016-06-22T03:54:00,-72.01,-30.68,35.0,5.1,mw,1.0,28.0,97.0,173.0,62.0,86.0,79.0,43.0,8.0,177.0,8.0,268.0,4.986e+16,7170000000000000.0,-5.703e+16,6590000000000000.0,-1.432e+16,1810000000000000.0,gmt,gcmt:C201606220354A;gcmt:C201606220354A;us:200065x1;neic:609060197;gem:609060197
201606271251A,2016-06-27T12:51:00,-71.46,-31.58,46.0,5.1,mw,9.0,33.0,107.0,169.0,58.0,79.0,64.0,122.0,18.0,351.0,18.0,255.0,2.28e+16,5950000000000000.0,-2.875e+16,-1570000000000000.0,-2.188e+16,1.281e+16,gmt,gcmt:C201606271251A;gcmt:C201606271251A;us:2000676p;neic:609063487;gem:609063487
100062lm,2016-07-11T13:27:36,-71.4021,-30.678,55.0,4.5,mwr,4.18,30.07,107.41,164.26,61.44,80.17,72.0,52.0,9.0,169.0,16.0,261.0,6374500000000000.0,-396200000000000.0,-5978300000000000.0,1775700000000000.0,-3611400000000000.0,492500000000000.0,us,
201607180258A,2016-07-18T02:58:00,-71.95,-30.86,25.0,5.1,mw,3.0,13.0,115.0,157.0,78.0,84.0,56.0,68.0,1.0,160.0,34.0,251.0,9131000000000000.0,798000000000000.0,-9929000000000000.0,8594000000000000.0,-2.3455e+16,3587000000000000.0,gmt,gcmt:C201607180258A;gcmt:C201607180258A;us:20006fgd;gem:609169294
201607180859A,2016-07-18T08:59:00,-71.92,-30.59,37.0,5.1,mw,341.0,38.0,89.0,163.0,52.0,91.0,67.0,352.0,23.0,163.0,3.0,254.0,1.7604e+16,3523000000000000.0,-2.1127e+16,6836000000000000.0,-633000000000000.0,7219000000000000.0,gmt,gcmt:C201607180859A;gcmt:C201607180859A;us:20006fhz;gem:609169311
201607190518A,2016-07-19T05:18:00,-72.29,-30.27,14.0,5.7,mw,359.0,25.0,91.0,178.0,65.0,89.0,62.0,87.0,1.0,179.0,28.0,270.0,4.003e+17,-1700000000000000.0,-3.985e+17,1.6e+16,-5.861e+17,-1.1e+16,gmt,gcmt:C201607190518A;gcmt:C201607190518A;us:20006fpn;neic:609170880;gem:609170880
201607270125A,2016-07-27T01:25:00,-79.48,-44.62,20.0,5.9,mw,78.0,88.0,179.0,168.0,89.0,2.0,2.0,33.0,87.0,191.0,1.0,303.0,-5.520000000000001e+16,3.73e+17,-3.18e+17,2.64e+16,-3.27e+16,-7.55e+17,gmt,gcmt:C201607270125A;gcmt:C201607270125A;neic:609262802;gem:609262802
10006c1k,2016-08-08T12:24:32,-71.6675,-31.5788,37.0,4.6,mwr,133.9,71.71,46.63,25.52,46.35,154.29,45.0,0.0,41.0,150.0,15.0,254.0,4766000000000000.0,4702000000000000.0,-9468000000000000.0,5799000000000000.0,-2908000000000000.0,2823000000000000.0,us,gcmt:C201608081224A;gcmt:C201608081224A
201608231447A,2016-08-23T14:47:00,-77.66,-45.77,22.0,5.0,mw,76.0,70.0,-175.0,344.0,86.0,-20.0,16.95958345486276,31.777996845225346,69.6505721174749,177.0868556958493,10.912653992270611,298.40730183573305,-0.59,2.3,-1.7,0.29,-1.36,-3.54,gmt,gem:609376850
20006umh,2016-08-27T20:14:10,-73.4096,-38.0845,31.0,4.5,mwr,33.77,16.77,124.75,177.85,76.29,80.25,58.0,75.0,9.0,180.0,31.0,276.0,3648500000000000.0,292900000000000.0,-3941500000000000.0,551500000000000.0,-7193700000000000.0,-1212400000000000.0,us,
201608300809A,2016-08-30T08:09:00,-72.67,-34.91,31.0,5.4,mw,20.0,20.0,98.0,191.0,70.0,87.0,64.0,107.0,0.0,198.0,26.0,288.0,1.066e+17,-8100000000000000.0,-9.85e+16,-4.35e+16,-1.353e+17,-3.41e+16,gmt,gcmt:C201608300809A;gcmt:C201608300809A;us:20006v8s;neic:609387430;gem:609387430
10006mwe,2016-09-07T22:54:32,-71.6176,-32.3203,34.0,4.6,mwr,196.76,65.46,122.85,319.51,40.17,40.08,57.0,151.0,30.0,2.0,14.0,263.0,5327400000000000.0,2010700000000000.0,-7338100000000000.0,-3004900000000000.0,-3905800000000000.0,1985600000000000.0,us,
C201609090003A,2016-09-09T00:03:48,-65.86,-31.41,178.0,5.6,mw,121.0,35.0,-133.0,350.0,65.0,-64.0,16.0,61.0,23.0,159.0,61.0,299.0,-1.85e+17,2.19e+16,1.63e+17,-3400000000000000.0,-1.64e+17,-1.54e+17,gcmt,neic:609577103;gem:609577103
10006qck,2016-09-17T03:55:55,-73.7667,-37.2916,21.0,4.5,mwr,43.14,17.41,130.39,181.42,76.83,78.52,57.0,77.0,11.0,184.0,31.0,281.0,2796800000000000.0,-255900000000000.0,-2540900000000000.0,206200000000000.0,-5472600000000000.0,-1250000000000000.0,us,
609570780,2016-10-01T10:25:57,-72.037,-29.637,10.0,5.0,mw,173.0,54.0,93.0,349.0,36.0,86.0,43.97766932723648,276.26298577815606,7.774448801716393,178.69275260466816,44.9736592164838,80.85298509873132,3.99,-0.55,-3.44,0.01,-1.26,0.48,gem,
20007dbk,2016-10-12T01:59:21,-71.5186,-30.7093,49.0,4.7,mwr,358.29,49.5,95.65,169.62,40.82,83.42,84.0,309.0,4.0,175.0,4.0,84.0,1.1752e+16,1183000000000000.0,-1.2934e+16,604000000000000.0,1972000000000000.0,1490000000000000.0,us,
201610272032A,2016-10-27T20:32:00,-72.75,-33.83,12.0,6.0,mw,11.0,17.0,90.0,190.0,73.0,90.0,64.0,87.0,4.0,185.0,25.0,277.0,8.64e+17,2.4e+16,-8.89e+17,-4.2e+16,-1.097e+18,-1.51e+17,gmt,gcmt:C201610272032A;gcmt:C201610272032A;us:100072gn;neic:611830890;gem:611830890
201610292201A,2016-10-29T22:01:00,-72.71,-33.96,14.0,5.1,mw,14.0,19.0,100.0,183.0,71.0,86.0,60.0,101.0,1.0,9.0,30.0,278.0,4.08e+16,610000000000000.0,-4.141e+16,-1.12e+16,-6.881e+16,-5050000000000000.0,gmt,gcmt:C201610292201A;gcmt:C201610292201A;us:100072zy;neic:609624973;gem:609624973
201610311115A,2016-10-31T11:15:00,-72.68,-33.74,30.0,5.0,mw,8.0,35.0,85.0,194.0,55.0,94.0,67.0,89.0,1.0,181.0,23.0,272.0,2.027e+16,1350000000000000.0,-2.162e+16,-240000000000000.0,-2.109e+16,-920000000000000.0,gmt,us:1000738c;gem:609632165
201611041620A,2016-11-04T16:20:00,-70.98,-35.06,96.0,6.3,mw,173.0,27.0,-128.0,35.0,69.0,-73.0,25.0,114.0,15.0,211.0,61.0,329.0,-2.296e+18,-2.5e+16,2.321e+18,-2.013e+18,-2.085e+18,6.58e+17,gmt,gcmt:C201611041620A;gcmt:C201611041620A;us:1000744u;neic:615010353;gem:615010353
201611080455A,2016-11-08T04:55:00,-73.71,-36.66,20.0,6.0,mw,8.0,17.0,95.0,182.0,73.0,88.0,58.0,95.0,2.0,188.0,32.0,279.0,6.38e+17,1.8e+16,-6.56e+17,-1.64e+17,-1.301e+18,-1.37e+17,gmt,gcmt:C201611080455A;gcmt:C201611080455A;us:10007681;neic:615021020;gem:615021020
1000768w,2016-11-08T07:08:07,-73.52,-36.61,25.5,4.9,mww,181.0,76.0,82.0,31.0,16.0,120.0,58.0,80.0,8.0,183.0,31.0,277.0,1.256e+16,1250000000000000.0,-1.38e+16,300000000000000.0,-2.571e+16,-4180000000000000.0,us,
1000776j,2016-11-13T01:01:57,-67.42,-28.12,130.5,5.3,mww,42.0,64.0,-59.0,169.0,39.0,-135.0,14.0,110.0,27.0,207.0,59.0,356.0,-7.531e+16,-1.993e+16,9.525e+16,-5.383e+16,-3.009e+16,3.624e+16,us,gcmt:C201611130101A;gcmt:C201611130101A;neic:615033206;gem:615033206
100077ap,2016-11-13T14:01:00,-67.4806,-28.9231,120.0,5.7,mwr,112.48,55.98,-127.8,346.67,49.09,-47.77,4.0,228.0,31.0,136.0,59.0,325.0,-3.1581e+17,1.1969e+17,1.9612e+17,-2.3166e+17,-1.4761e+17,-1.7488e+17,us,neic:615033088
100077cs,2016-11-13T17:52:52,-68.1874,-31.9902,120.0,4.9,mwr,148.57,39.17,-132.93,18.76,62.46,-60.97,13.0,88.0,25.0,184.0,61.0,334.0,-1.7251e+16,-4040000000000000.0,2.1291e+16,-9273000000000000.0,-9558000000000000.0,-2988000000000000.0,us,
201611202057A,2016-11-20T20:57:00,-68.74,-31.66,119.0,6.4,mw,31.0,40.0,-92.0,214.0,50.0,-89.0,9.0,298.0,3.0,28.0,80.0,136.0,-6.006e+18,2.416e+18,3.589e+18,1.138e+18,1.238e+18,7.47e+17,gmt,gcmt:C201611202057A;gcmt:C201611202057A;us:10007az5;neic:615052593;gem:615052593
609838916,2016-12-08T20:42:36,-71.874,-31.5275,30.3,5.2,mw,176.22,53.45,98.44,342.24,37.38,78.81,79.0,121.0,7.0,351.0,8.0,260.0,7563000000.0,1595000000.0,-9157000000.0,-285000000.0,-2565000000.0,2021999999.9999995,neic,
201612120140A,2016-12-12T01:40:00,-71.62,-31.03,52.0,5.0,mw,8.0,38.0,102.0,172.0,53.0,81.0,35.61244548396058,44.72775954829109,23.976530294380098,153.3028505237428,44.75917193640856,269.47150395658747,3.69,0.17,-3.86,0.49,-0.96,0.01,gmt,gem:609869842
201612120256A,2016-12-12T02:56:00,-68.11,-31.31,22.0,5.0,mw,8.0,51.0,132.0,134.0,55.0,51.0,65.0,238.0,6.0,340.0,24.0,73.0,1.863e+16,5260000000000000.0,-2.389e+16,-9640000000000000.0,2.353e+16,8720000000000000.0,gmt,gcmt:C201612120256A;gcmt:C201612120256A;us:2000803e;neic:609869846;gem:609869846
201612162311A,2016-12-16T23:11:00,-72.06,-30.57,36.0,5.2,mw,334.0,31.0,82.0,163.0,59.0,95.0,76.0,86.0,4.0,341.0,14.0,250.0,6.17e+16,-5860000000000000.0,-5.58e+16,7100000000000000.0,-3.25e+16,2.3e+16,gmt,gcmt:C201612162311A;gcmt:C201612162311A;neic:609916647;gem:609916647
201612191536A,2016-12-19T15:36:00,-71.27,-30.8,44.0,5.0,mw,354.0,38.0,94.0,169.0,52.0,87.0,43.42914273223754,242.18608478442604,9.604005054321547,341.4032162848652,44.975253197275855,81.13656864641365,3.79,0.58,-4.37,0.3,-1.04,0.77,gmt,gem:609925850
201612251422A,2016-12-25T14:22:00,-74.43,-43.41,33.0,6.8,mw,4.0,19.0,96.0,178.0,71.0,88.0,61.0,96.0,2.0,3.0,29.0,272.0,1.803e+20,-8.9e+18,-1.713e+20,-2.13e+19,-2.881e+20,1.8e+18,gmt,gcmt:C201612251422A;gcmt:C201612251422A;us:10007mn3;neic:609939179;gem:609939179
201701032119A,2017-01-03T21:19:00,-74.63,-43.33,24.0,5.4,mw,320.0,26.0,61.0,172.0,68.0,103.0,54.0,54.0,9.0,158.0,34.0,254.0,7.176e+16,2.859e+16,-1.0035e+17,8.818e+16,-1.924e+17,1.494e+16,gmt,gcmt:C201701032119A;gcmt:C201701032119A;us:10007piy;neic:610570390;gem:610570390
201701041324A,2017-01-04T13:24:00,-71.64,-30.51,32.0,5.0,mw,175.0,38.0,119.0,320.0,58.0,69.0,26.971409413284977,183.62630621981003,34.351091466906134,293.97981495436875,43.618868563447215,64.61804061154169,3.33,-0.28,-3.05,-1.61,0.72,1.33,gmt,gem:609978254
201701080033A,2017-01-08T00:33:00,-72.42,-30.23,21.0,5.0,mw,339.0,25.0,73.0,178.0,66.0,98.0,43.245362360571725,283.2418546540968,10.823214372331991,182.88286125120027,44.73322692590417,81.9646183334109,3.0,-0.35,-2.64,-0.17,-2.64,0.55,gmt,gem:610049683
201702030052A,2017-02-03T00:52:00,-69.51,-33.07,20.0,5.4,mw,138.0,46.0,-15.0,238.0,79.0,-135.0,10.0,359.0,49.0,256.0,39.0,97.0,-6.798e+16,1.7209e+17,-1.0411e+17,4.469e+16,6.922e+16,-7630000000000000.0,gmt,gcmt:C201702030052A;gcmt:C201702030052A;us:20008h9r;neic:611831721;gem:611831721
C201702121621A,2017-02-12T16:21:18,-71.58,-28.01,32.6,5.1,mw,2.0,26.0,101.0,170.0,64.0,85.0,70.0,69.0,5.0,172.0,19.0,264.0,3.95e+16,4540000000000000.0,-4.41e+16,7310000000000000.0,-3.25e+16,3990000000000000.0,gcmt,gem:610208521
201702160702A,2017-02-16T07:02:00,-72.35,-30.26,14.0,5.3,mw,359.0,27.0,91.0,178.0,63.0,90.0,60.0,88.0,1.0,180.0,30.0,271.0,7.097e+16,430000000000000.0,-7.139e+16,1310000000000000.0,-1.2023e+17,-2590000000000000.0,gmt,gcmt:C201702160702A;gcmt:C201702160702A;us:20008k59;neic:611831828;gem:611831828
20008mhp,2017-02-26T08:59:16,-71.5127,-28.9477,40.5,5.0,mww,3.89,30.06,101.04,171.19,60.55,83.68,74.0,65.0,6.0,174.0,15.0,266.0,3.3649e+16,-2469000000000000.0,-3.1181e+16,5421000000000000.0,-1.8872e+16,993000000000000.0,us,gcmt:C201702260859A;gcmt:C201702260859A;neic:610241380;gem:610241380
201703100622A,2017-03-10T06:22:00,-72.14,-30.63,20.0,5.2,mw,2.0,24.0,93.0,179.0,66.0,89.0,59.0,85.0,4.0,182.0,31.0,274.0,3.1826e+16,4857000000000000.0,-3.6683e+16,-57000000000000.0,-6.5779e+16,-5522000000000000.0,gmt,gcmt:C201703100622A;gcmt:C201703100622A;us:1000882x;neic:610316873;gem:610316873
201703131505A,2017-03-13T15:05:00,-71.5,-30.52,48.0,5.1,mw,358.0,34.0,95.0,173.0,56.0,87.0,87.0,29.0,3.0,172.0,2.0,263.0,5.8554e+16,1.1468e+16,-7.0022e+16,2832000000000000.0,-4299000000000000.0,1.073e+16,gmt,gcmt:C201703131505A;gcmt:C201703131505A;us:100088n2;neic:610327080;gem:610327080
610346374,2017-03-20T08:17:27,-66.516,-27.059,182.5,5.03,mw,167.0,74.0,-39.0,269.0,53.0,-160.0,32.62993048731813,42.59371239419079,52.41060162846208,188.8692042151233,16.571947494677197,301.6100318782638,-1.32,1.58,-0.25,0.59,2.72,-3.19,gem,
201703270303A,2017-03-27T03:03:00,-71.79,-36.34,103.0,5.1,mw,246.0,42.0,-6.0,341.0,86.0,-132.0,29.0,103.0,42.0,344.0,35.0,215.0,-5340000000000000.0,-2.06e+16,2.59e+16,1.16e+16,-3.37e+16,2.31e+16,gmt,gcmt:C201703270303A;gcmt:C201703270303A;neic:610435259;gem:610435259
201703311844A,2017-03-31T18:44:00,-71.61,-30.83,42.0,5.3,mw,358.0,30.0,97.0,171.0,60.0,86.0,78.0,69.0,3.0,174.0,11.0,265.0,8.1363e+16,776000000000000.0,-8.2139e+16,7781000000000000.0,-3.3272e+16,7033000000000000.0,gmt,gcmt:C201703311844A;gcmt:C201703311844A;us:10008dmt;neic:610467777;gem:610467777
C201704111339A,2017-04-11T13:39:49,-70.22,-27.71,86.7,5.1,mw,272.0,46.0,171.0,8.0,84.0,45.0,35.0,240.0,45.0,14.0,25.0,132.0,8590000000000000.0,-1.06e+16,2040000000000000.0,2640000000000000.0,3.69e+16,-3.82e+16,gcmt,neic:610526711;gem:610526711
201704130342A,2017-04-13T03:42:00,-71.7,-31.15,46.0,5.4,mw,358.0,38.0,119.0,143.0,58.0,69.0,66.0,5.0,21.0,150.0,13.0,245.0,1.0447e+17,3120000000000000.0,-1.0759e+17,6.068e+16,-3.176e+16,5.114e+16,gmt,gcmt:C201704130342A;gcmt:C201704130342A;us:10008h52;neic:610527238;gem:610527238
C201704202124A,2017-04-20T21:24:34,-67.43,-27.54,159.6,5.1,mw,143.0,27.0,-96.0,330.0,63.0,-87.0,18.0,57.0,3.0,148.0,71.0,246.0,-7.2e+16,1.3e+16,5.9e+16,3.07e+16,-5.39e+16,-5.23e+16,gcmt,neic:610546557;gem:610546557
201704222246A,2017-04-22T22:46:00,-72.26,-33.02,29.0,5.1,mw,1.0,24.0,84.0,188.0,66.0,93.0,44.80153946728375,102.76674565814947,3.618606855215072,9.165965112065637,44.97022372040863,275.5438914485758,3.76,-0.04,-3.72,-0.56,-3.32,-0.29,gmt,gem:610547489
201704230236A,2017-04-23T02:36:00,-72.04,-33.06,23.0,6.0,mw,1.0,22.0,88.0,184.0,68.0,91.0,61.0,95.0,1.0,4.0,29.0,273.0,6.062e+17,1.56e+16,-6.218e+17,-6.79e+16,-9.484e+17,-3.26e+16,gmt,gcmt:C201704230236A;gcmt:C201704230236A;us:10008jvr;neic:610547532;gem:610547532
201704231940A,2017-04-23T19:40:00,-72.17,-33.16,22.0,5.6,mw,355.0,24.0,87.0,178.0,66.0,91.0,57.0,93.0,0.0,3.0,33.0,273.0,1.2395e+17,2.823e+16,-1.5218e+17,-1.613e+16,-3.1806e+17,-6580000000000000.0,gmt,gcmt:C201704231940A;gcmt:C201704231940A;us:10008k2i;neic:611833510;gem:611833510
10008kce,2017-04-24T21:38:40,-71.8,-33.05,25.5,6.9,mww,174.0,76.0,88.0,4.0,14.0,99.0,58.0,81.0,2.0,175.0,31.0,266.0,1.258e+19,1.2e+17,-1.27e+19,2.74e+18,-2.455e+19,2.3e+17,us,gcmt:C201704242138A;gcmt:C201704242138A;ipgp:617153867;neic:610548803;gem:610548803
201704250143A,2017-04-25T01:43:00,-72.31,-33.35,31.0,5.5,mw,16.0,24.0,107.0,178.0,67.0,83.0,69.0,72.0,7.0,181.0,20.0,274.0,6.0213e+16,1.9854e+16,-8.0067e+16,4083000000000000.0,-5.8345e+16,-9512000000000000.0,gmt,gcmt:C201704250143A;gcmt:C201704250143A;us:10008kgt;neic:616345109;gem:616345109
201704270509A,2017-04-27T05:09:00,-71.89,-33.32,25.0,5.2,mw,350.0,16.0,79.0,181.0,74.0,93.0,67.0,80.0,1.0,173.0,22.0,264.0,3.5358e+16,3233000000000000.0,-3.8592e+16,5142000000000000.0,-3.6795e+16,4108000000000000.0,gmt,gcmt:C201704270509A;gcmt:C201704270509A;us:10008l82;neic:611149701;gem:611149701
201704281530A,2017-04-28T15:30:00,-72.03,-33.3,23.0,5.9,mw,0.0,20.0,99.0,171.0,70.0,87.0,63.0,76.0,3.0,173.0,26.0,264.0,5.0252e+17,2.171e+16,-5.2423e+17,1.1312e+17,-6.6395e+17,3.261e+16,gmt,gcmt:C201704281530A;gcmt:C201704281530A;us:10008llg;neic:611833671;gem:611833671
10008llp,2017-04-28T15:49:40,-71.3845,-33.4713,30.5,5.1,mww,7.62,41.57,105.73,166.99,50.31,76.48,79.0,19.0,10.0,176.0,4.0,267.0,4.3036e+16,1.5378e+16,-5.8413e+16,5780000000000000.0,-7612000000000000.0,4071000000000000.0,us,neic:610585856
201704281558A,2017-04-28T15:58:00,-72.06,-33.35,24.0,5.5,mw,349.0,18.0,97.0,162.0,72.0,88.0,69.0,60.0,8.0,173.0,19.0,266.0,1.0274e+17,3.362e+16,-1.3636e+17,2.164e+16,-9.173e+16,6200000000000000.0,gmt,gcmt:C201704281558A;gcmt:C201704281558A;us:10008lm1;neic:610585857;gem:610585857
201704281605A,2017-04-28T16:05:00,-71.83,-33.3,31.0,5.9,mw,334.0,20.0,73.0,172.0,71.0,96.0,58.0,85.0,3.0,351.0,32.0,259.0,2.7053e+17,-7430000000000000.0,-2.631e+17,8.02e+16,-5.7156e+17,7.281e+16,gmt,gcmt:C201704281605A;gcmt:C201704281605A;us:10008lm3;neic:610639145;gem:610639145
201704281741A,2017-04-28T17:41:00,-72.0,-33.27,24.0,5.5,mw,5.0,18.0,90.0,185.0,72.0,90.0,76.0,98.0,2.0,1.0,14.0,270.0,1.0463e+17,2.19e+16,-1.2653e+17,-3590000000000000.0,-6.25e+16,240000000000000.0,gmt,gcmt:C201704281741A;gcmt:C201704281741A;us:10008lnm;neic:610650242;gem:610650242
201704290146A,2017-04-29T01:46:00,-72.08,-33.42,32.0,5.4,mw,5.0,33.0,92.0,183.0,57.0,89.0,75.0,86.0,2.0,184.0,15.0,274.0,4.9167e+16,2844000000000000.0,-5.2011e+16,-105000000000000.0,-2.972e+16,-4623000000000000.0,gmt,gcmt:C201704290146A;gcmt:C201704290146A;us:10008lwz;neic:610588558;gem:610588558
201705061451A,2017-05-06T14:51:00,-78.83,-44.52,14.0,5.4,mw,76.0,73.0,178.0,167.0,88.0,17.0,13.0,33.0,73.0,173.0,11.0,300.0,-200000000000000.0,5.9e+16,-5.88e+16,1.47e+16,-3.75e+16,-1.1499999999999998e+17,gmt,gcmt:C201705061451A;gcmt:C201705061451A;neic:610617754;gem:610617754
201705131654A,2017-05-13T16:54:00,-72.12,-32.9,28.0,5.3,mw,360.0,20.0,84.0,186.0,70.0,92.0,64.0,80.0,8.0,186.0,25.0,280.0,4.0931e+16,7284000000000000.0,-4.8215e+16,-1595000000000000.0,-5.4856e+16,-1.4223e+16,gmt,gcmt:C201705131654A;gcmt:C201705131654A;us:10008s71;neic:610638449;gem:610638449
C201705182345A,2017-05-18T23:45:46,-67.3,-32.78,181.8,5.0,mw,154.0,43.0,-130.0,23.0,59.0,-59.0,9.0,91.0,26.0,186.0,62.0,345.0,-2.54e+16,-1419999999999999.8,2.69e+16,-1.66e+16,-7640000000000000.0,-1820000000000000.0,gcmt,
201705270738A,2017-05-27T07:38:00,-76.26,-45.88,15.0,5.3,mw,76.0,58.0,-176.0,344.0,86.0,-32.0,19.0,34.0,58.0,158.0,25.0,295.0,-1.32e+16,4.71e+16,-3.3900000000000004e+16,1.67e+16,-4.83e+16,-7.35e+16,gmt,gcmt:C201705270738A;gcmt:C201705270738A;neic:610654892;gem:610654892
201705291457A,2017-05-29T14:57:00,-71.87,-37.38,98.0,5.9,mw,263.0,34.0,-22.0,12.0,78.0,-122.0,22.0,131.0,30.0,28.0,52.0,251.0,-3.5723e+17,1.99e+17,1.5824e+17,-1.3499e+17,-5.197e+17,4.9352e+17,gmt,gcmt:C201705291457A;gcmt:C201705291457A;us:10008w2b;neic:610655584;gem:610655584
201706120243A,2017-06-12T02:43:00,-71.87,-31.49,34.0,5.7,mw,5.0,26.0,99.0,175.0,64.0,86.0,77.0,97.0,4.0,351.0,13.0,260.0,3.9187e+17,9420000000000000.0,-4.0129e+17,6160000000000000.0,-1.9019e+17,7.804e+16,gmt,gcmt:C201706120243A;gcmt:C201706120243A;us:20009lwp;neic:611834102;gem:611834102
201706231000A,2017-06-23T10:00:00,-71.87,-39.47,129.0,5.0,mw,260.0,39.0,56.0,121.0,59.0,114.0,78.0,303.0,11.0,101.0,4.0,191.0,3.0129e+16,-4.0729e+16,1.06e+16,6110000000000000.0,2350000000000000.0,1.1022e+16,gmt,gcmt:C201706231000A;gcmt:C201706231000A;us:20009p84;neic:610760991;gem:610760991
201706252208A,2017-06-25T22:08:00,-71.66,-42.09,12.0,5.2,mw,172.0,17.0,118.0,322.0,75.0,82.0,43.93363253128267,221.61886129921552,9.08160092852678,320.4778287567768,44.638657556783606,59.559439963132434,3.63,-0.55,-3.08,-4.04,4.65,1.14,gmt,gem:611189156
201706261444A,2017-06-26T14:44:00,-71.53,-30.77,55.0,5.2,mw,3.0,29.0,101.0,170.0,61.0,84.0,72.0,64.0,11.0,191.0,14.0,284.0,4.6277e+16,-2602000000000000.0,-4.3675e+16,3938000000000000.0,-2.6898e+16,-1.3951e+16,gmt,gcmt:C201706261444A;gcmt:C201706261444A;us:20009pqf;neic:610695069;gem:610695069
201707041605A,2017-07-04T16:05:00,-73.56,-35.59,12.0,5.9,mw,25.0,19.0,104.0,190.0,71.0,85.0,63.0,125.0,5.0,24.0,26.0,292.0,4.7939e+17,-2870000000000000.0,-4.7653e+17,-3.0681e+17,-5.8832e+17,-1.739e+17,gmt,gcmt:C201707041605A;gcmt:C201707041605A;us:100096p0;neic:610763713;gem:610763713
201707070304A,2017-07-07T03:04:00,-72.54,-33.65,32.0,5.1,mw,16.0,28.0,98.0,186.0,63.0,86.0,44.31681894986588,87.03029008698229,6.57089802714449,183.48827043104123,44.93283862667731,280.08725366543774,4.75,-0.67,-4.08,-0.1,-3.17,-0.74,gmt,gem:613594725
201707120908A,2017-07-12T09:08:00,-73.34,-35.5,12.0,5.5,mw,28.0,16.0,112.0,185.0,75.0,84.0,54.0,94.0,5.0,191.0,35.0,284.0,7.551e+16,1.594e+16,-9.145e+16,-4.351e+16,-2.5234e+17,-4.399e+16,gmt,gcmt:C201707120908A;gcmt:C201707120908A;us:1000991f;neic:610779605;gem:610779605
201707141200A,2017-07-14T12:00:00,-72.7,-33.8,14.0,5.4,mw,16.0,19.0,97.0,189.0,71.0,88.0,61.0,71.0,8.0,176.0,28.0,270.0,9.549e+16,1.398e+16,-1.0947e+17,2.347e+16,-1.5193e+17,-1.383e+16,gmt,gcmt:C201707141200A;gcmt:C201707141200A;us:20009wav;neic:611834332;gem:611834332
2000a34a,2017-08-01T06:13:56,-69.0131,-28.5471,100.5,5.6,mww,331.1,32.18,-83.7,143.67,58.03,-93.95,13.0,237.0,3.0,146.0,77.0,42.0,-2.2675e+17,5.316e+16,1.7359e+17,-7.599e+16,9.145e+16,-1.3379e+17,us,gcmt:C201708010613A;gcmt:C201708010613A;neic:610867274;gem:610867274
201708020715A,2017-08-02T07:15:00,-70.58,-33.17,96.0,5.4,mw,202.0,32.0,-115.0,51.0,62.0,-75.0,5.0,125.0,25.0,217.0,65.0,24.0,-1.3906e+17,1.621e+16,1.2284e+17,-5.007e+16,-2300000000000000.0,1.3327e+17,gmt,gcmt:C201708020715A;gcmt:C201708020715A;us:2000a3js;neic:611834533;gem:611834533
10009j01,2017-08-02T20:03:24,-71.407,-28.4264,50.5,5.3,mww,72.17,23.67,-52.22,211.92,71.5,-105.03,25.0,314.0,14.0,217.0,61.0,100.0,-5.719e+16,3.679e+16,2.041e+16,3.693e+16,7.064e+16,4.288e+16,us,gcmt:C201708022003A;gcmt:C201708022003A;neic:610868789;gem:610868789
2000a7hj,2017-08-11T23:57:10,-67.3566,-28.0885,120.5,5.0,mww,14.51,44.87,-91.08,196.03,45.14,-88.93,0.0,285.0,1.0,15.0,90.0,-175.0,-3.7556e+16,9342000000000000.0,2.8214e+16,623000000000000.0,-9000000000000.0,5566000000000000.0,us,gcmt:C201708112357A;gcmt:C201708112357A;neic:610895354;gem:610895354
201708121254A,2017-08-12T12:54:00,-72.26,-30.39,13.0,5.7,mw,5.0,24.0,84.0,191.0,66.0,93.0,61.0,109.0,2.0,14.0,29.0,283.0,3.4751e+17,3860000000000000.0,-3.5137e+17,-1.5234e+17,-5.4623e+17,-6.727e+16,gmt,gcmt:C201708121254A;gcmt:C201708121254A;us:2000a7kk;neic:610895587;gem:610895587
201708151903A,2017-08-15T19:03:00,-72.25,-30.06,18.0,5.1,mw,352.0,29.0,78.0,186.0,62.0,97.0,76.0,55.0,9.0,184.0,11.0,275.0,5.7663e+16,864000000000000.0,-5.8527e+16,7269000000000000.0,-2.3695e+16,-7196000000000000.0,gmt,gcmt:C201708151903A;gcmt:C201708151903A;us:2000a8iw;neic:610910899;gem:610910899
201708182031A,2017-08-18T20:31:00,-77.44,-45.7,24.0,5.1,mw,74.0,62.0,171.0,168.0,82.0,29.0,31.0,36.0,57.0,193.0,11.0,300.0,1.1643e+16,1.1476e+16,-2.3119e+16,1.2211e+16,-2.0393e+16,-3.8016e+16,gmt,gcmt:C201708182031A;gcmt:C201708182031A;us:2000a9je;neic:610929077;gem:610929077
201708300315A,2017-08-30T03:15:00,-73.75,-37.4,29.0,5.1,mw,10.0,21.0,96.0,183.0,69.0,88.0,44.87983448445122,89.61012559016763,2.876605531928139,182.4782972858595,44.97586292596488,275.35610742427457,3.2,0.0,-3.2,-0.13,-3.59,-0.36,gmt,gem:611974561
201709181346A,2017-09-18T13:46:00,-72.15,-31.91,22.0,5.7,mw,351.0,23.0,84.0,177.0,67.0,93.0,55.0,84.0,1.0,174.0,35.0,265.0,2.6874e+17,3.738e+16,-3.0612e+17,7.808e+16,-7.8411e+17,2.578e+16,gmt,gcmt:C201709181346A;gcmt:C201709181346A;us:2000apwd;neic:610984687;gem:610984687
201709231725A,2017-09-23T17:25:00,-69.04,-30.74,130.0,5.1,mw,44.0,59.0,177.0,136.0,87.0,32.0,37.0,3.0,53.0,173.0,5.0,270.0,1.7266e+16,2.7446e+16,-4.4713e+16,1.7003e+16,-5552000000000000.0,-927000000000000.0,gmt,gcmt:C201709231725A;gcmt:C201709231725A;us:2000atms;neic:611023334;gem:611023334
201710011648A,2017-10-01T16:48:00,-76.52,-45.94,27.0,5.0,mw,75.0,69.0,-175.0,343.0,85.0,-21.0,,,,,,,,,,,,,gmt,
C201710121859A,2017-10-12T18:59:15,-65.53,-31.03,185.4,5.5,mw,9.0,69.0,-2.0,99.0,88.0,-159.0,13.0,232.0,69.0,104.0,16.0,326.0,800000000000000.0,-8.06e+16,7.98e+16,-1.01e+17,2900000000000000.0,-2.46e+17,gcmt,neic:614438907;gem:614438907
201710161929A,2017-10-16T19:29:00,-74.36,-35.5,19.0,5.0,mw,27.0,38.0,-88.0,205.0,52.0,-91.0,14.0,300.0,12.0,33.0,71.0,162.0,-2.2784e+16,4100000000000000.0,1.8684e+16,1.0925e+16,7802000000000000.0,9618000000000000.0,gmt,us:1000asyw;gem:611154712
2000clrz,2018-01-20T11:31:11,-72.108,-29.022,40.5,5.2,mww,295.81,56.87,-20.04,37.08,73.32,-145.21,11.0,163.0,52.0,60.0,36.0,261.0,-1.7164e+16,5.568e+16,-3.8516e+16,-3191000000000000.0,-4.1454e+16,2.24e+16,us,gcmt:C201801201131A;gcmt:C201801201131A;gfz:616220571;gem:616220571
201801261327A,2018-01-26T13:27:00,-74.27,-37.63,23.0,5.0,mw,7.0,28.0,94.0,182.0,62.0,88.0,64.0,105.0,4.0,7.0,26.0,275.0,2.3726e+16,2053000000000000.0,-2.5779e+16,-5314000000000000.0,-3.1147e+16,-991000000000000.0,gmt,gcmt:C201801261327A;gcmt:C201801261327A;us:2000cpsu;gem:611661162
201801261526A,2018-01-26T15:26:00,-74.27,-37.64,19.0,5.0,mw,14.0,26.0,104.0,178.0,65.0,83.0,43.6307201299957,74.84821326945132,9.47099845592861,173.9990078682224,44.81740758791574,273.540535056062,2.9,-0.31,-2.59,0.3,-2.28,-0.29,gmt,gem:611661168
2000cqm4,2018-01-28T10:11:27,-69.11,-28.2784,80.5,5.1,mww,299.19,45.33,-120.29,158.92,52.12,-62.97,4.0,230.0,21.0,322.0,69.0,131.0,-4.2755e+16,1.5612e+16,2.7143e+16,5541000000000000.0,1.2943e+16,-3.6282e+16,us,gcmt:C201801281011A;gcmt:C201801281011A;gfz:611661679;gem:611661679
201801282353A,2018-01-28T23:53:00,-68.78,-31.25,120.0,5.4,mw,218.0,46.0,-107.0,61.0,47.0,-74.0,4.0,329.0,10.0,239.0,79.0,80.0,-1.3157e+17,1.0603e+17,2.554e+16,5380000000000000.0,2.84e+16,7.129e+16,gmt,gcmt:C201801282353A;gcmt:C201801282353A;us:2000cqsd;gfz:611835850;gem:611835850
201802012313A,2018-02-01T23:13:00,-69.95,-31.5,118.0,5.2,mw,2.0,78.0,176.0,92.0,86.0,12.0,7.0,330.0,83.0,153.0,0.0,60.0,2015000000000000.0,3.5055e+16,-3.707e+16,7685000000000000.0,5133000000000000.0,6.2646e+16,gmt,gcmt:C201802012313A;gcmt:C201802012313A;us:1000ce18;neic:611669780;gem:611669780
1000ci7u,2018-02-07T12:36:18,-72.7043,-29.2453,11.5,5.1,mww,198.65,44.44,-101.58,34.66,46.69,-78.86,1.0,117.0,8.0,207.0,82.0,19.0,-5.7945e+16,1.3948e+16,4.3997e+16,-9004000000000000.0,2057000000000000.0,2.0093e+16,us,gcmt:C201802071236A;gcmt:C201802071236A;gfz:611681321;gem:611681321
201802082119A,2018-02-08T21:19:00,-74.19,-37.58,12.0,5.5,mw,27.0,17.0,111.0,185.0,74.0,84.0,61.0,97.0,3.0,192.0,29.0,283.0,1.4059e+17,2.138e+16,-1.6197e+17,-4.711e+16,-2.5189e+17,-5.369e+16,gmt,gcmt:C201802082119A;gcmt:C201802082119A;us:2000cz4c;gfz:611682876;gem:611682876
201803021806A,2018-03-02T18:06:00,-76.6,-44.45,13.0,5.0,mw,111.0,64.0,-170.0,16.0,81.0,-26.0,30.0,243.0,8.0,148.0,59.0,45.0,-2.699e+16,-1638000000000000.0,2.8629e+16,-3.0301e+16,4.3173e+16,-1.3412e+16,gmt,gcmt:C201803021806A;gcmt:C201803021806A;us:2000db8n;neic:611727064;gem:611727064
201803191251A,2018-03-19T12:51:00,-69.76,-32.44,113.0,5.0,mw,194.0,71.0,-165.0,99.0,76.0,-20.0,7.0,142.0,81.0,282.0,6.0,52.0,-4952000000000000.0,1.1256e+16,-6304000000000000.0,-5530000000000000.0,-870000000000000.0,3.397e+16,gmt,gcmt:C201803191251A;gcmt:C201803191251A;us:1000d6dq;gem:611801679
201804050632A,2018-04-05T06:32:00,-74.46,-42.6,37.0,5.1,mw,5.0,25.0,97.0,178.0,66.0,87.0,44.68291085200145,80.66612094657711,4.548007143601987,175.1781980876193,44.95682989839778,269.7337168915557,5.03,-0.68,-4.34,0.35,-4.1,-0.15,gmt,gem:611868130
201804101019A,2018-04-10T10:19:00,-71.58,-31.05,82.0,6.2,mw,120.0,26.0,-118.0,331.0,67.0,-77.0,23.0,48.0,14.0,145.0,63.0,264.0,-1.9197e+18,1.2296e+18,6.9e+17,5.983e+17,-1.92e+18,-6.851e+17,gmt,gcmt:C201804101019A;gcmt:C201804101019A;us:2000dxfc;gfz:611872858;gem:611872858
201805021609A,2018-05-02T16:09:00,-70.06,-33.3,103.0,5.0,mw,166.0,39.0,-100.0,359.0,52.0,-82.0,44.82574088006445,83.09733490265069,24.019326585321807,199.3883398302158,35.50848371259191,307.92832823566096,-3.28,-1.01,4.29,-0.14,-0.92,-0.69,gmt,gem:611923006
611928815,2018-05-04T20:25:33,-71.375,-29.83,41.5,5.07,mw,40.0,71.0,171.0,133.0,81.0,19.0,7.593661533011184,357.83161570483725,69.7579323120169,109.02535328650276,18.648212949960172,265.2529693367032,1.07,4.25,-5.32,1.34,-0.65,0.67,gem,
201805060244A,2018-05-06T02:44:00,-72.48,-34.23,31.0,5.3,mw,25.0,24.0,105.0,190.0,67.0,84.0,65.0,83.0,7.0,188.0,24.0,281.0,5.356e+16,6831000000000000.0,-6.039e+16,-3962000000000000.0,-6.3824e+16,-1.7587e+16,gmt,gcmt:C201805060244A;gcmt:C201805060244A;us:1000dz41;gfz:611930847;gem:611930847
201805282059A,2018-05-28T20:59:00,-68.71,-31.3,119.0,5.0,mw,14.0,40.0,-100.0,207.0,50.0,-82.0,7.0,304.0,5.0,35.0,81.0,161.0,-3.8501e+16,1.1014e+16,2.7487e+16,8562000000000000.0,6394000000000000.0,1.9815e+16,gmt,gcmt:C201805282059A;gcmt:C201805282059A;us:1000edk8;neic:611955270;gem:611955270
201806020617A,2018-06-02T06:17:00,-73.9,-38.35,29.0,5.3,mw,354.0,19.0,87.0,177.0,72.0,91.0,63.0,86.0,1.0,178.0,27.0,268.0,5.0536e+16,5030000000000000.0,-5.5566e+16,3790000000000000.0,-7.2682e+16,1513000000000000.0,gmt,gcmt:C201806020617A;gcmt:C201806020617A;us:1000ehan;gfz:611973684;gem:611973684
201806140627A,2018-06-14T06:27:00,-76.46,-45.99,15.0,5.7,mw,74.0,58.0,177.0,166.0,88.0,32.0,5.0,214.0,72.0,108.0,17.0,305.0,-2.701e+16,1.5319e+17,-1.2618e+17,-9.191e+16,-7.495e+16,-3.5501e+17,gmt,gcmt:C201806140627A;gcmt:C201806140627A;us:1000er8i;gfz:612117354;gem:612117354
201806230231A,2018-06-23T02:31:00,-79.85,-44.67,25.0,5.1,mw,350.0,77.0,0.0,80.0,90.0,-167.0,9.0,214.0,77.0,81.0,9.0,306.0,-8440000000000000.0,2.58e+16,-1.74e+16,-1.39e+16,90000000000000.0,-5.75e+16,gmt,gcmt:C201806230231A;gcmt:C201806230231A;gfz:612165653;gem:612165653
201807161029A,2018-07-16T10:29:00,-73.6,-35.65,16.0,5.1,mw,31.0,17.0,113.0,187.0,74.0,83.0,44.22945675578322,87.39163829715824,7.657256633543091,184.91193019999423,44.75317640039856,282.5718159254304,2.63,-0.03,-2.6,-0.4,-4.46,-0.94,gmt,gem:612301023
C201808270916A,2018-08-27T09:16:07,-71.61,-29.65,49.4,5.0,mw,214.0,45.0,122.0,352.0,53.0,62.0,67.0,202.0,22.0,10.0,4.0,102.0,3.62e+16,6560000000000000.0,-4.269999999999999e+16,-1.2e+16,8950000000000000.0,-1.16e+16,gcmt,neic:612638791;gem:612638791
1000gigb,2018-08-28T04:51:40,-71.2614,-29.6743,40.5,5.2,mww,228.42,35.32,136.22,356.44,66.42,62.91,59.0,227.0,25.0,8.0,17.0,106.0,4.5292e+16,8924000000000000.0,-5.4215e+16,-1.1588e+16,4.2177e+16,-2.8249e+16,us,gcmt:C201808280451A;gcmt:C201808280451A;gfz:612640273;gem:612640273
201808311325A,2018-08-31T13:25:00,-70.21,-32.26,115.0,5.0,mw,48.0,54.0,-45.0,169.0,55.0,-135.0,4.0,296.0,41.0,202.0,49.0,30.0,-2.6019e+16,-8008000000000000.0,3.4027e+16,-1.247e+16,1.128e+16,2.7772e+16,gmt,gcmt:C201808311325A;gcmt:C201808311325A;us:2000h5yi;gem:612674475
2000ha1k,2018-09-07T02:39:17,-70.0476,-28.7734,90.5,5.8,mww,116.51,37.97,-81.71,286.04,52.49,-96.42,7.0,21.0,5.0,290.0,81.0,165.0,-5.117e+17,4.9429e+17,1.74e+16,1.4722e+17,-1.089e+16,-2.1605e+17,us,gcmt:C201809070239A;gcmt:C201809070239A;gfz:615001037;gem:615001037
2000hbtu,2018-09-10T08:24:15,-71.2331,-28.8383,40.5,5.3,mww,17.75,28.53,87.7,200.37,61.49,91.25,73.0,113.0,1.0,20.0,16.0,289.0,1.1807e+17,-2.581e+16,-9.226e+16,-2.648e+16,-6.6e+16,-2.567e+16,us,gfz:612708746
201810011511A,2018-10-01T15:11:00,-76.26,-45.88,18.0,5.3,mw,78.0,44.0,178.0,170.0,88.0,46.0,10.0,33.0,76.0,258.0,9.0,125.0,-3133000000000000.0,2.655e+16,-2.3417e+16,1.6605e+16,1435000000000000.0,-6.2596e+16,gmt,gcmt:C201810011511A;gcmt:C201810011511A;us:1000h50j;neic:612846004;gem:612846004
201810251119A,2018-10-25T11:19:00,-72.03,-30.53,35.0,5.0,mw,3.0,35.0,94.0,178.0,55.0,87.0,44.26727314232453,77.0193512473158,6.597414471204307,173.49247999890633,44.97632858449656,270.12856121286745,3.65,-0.2,-3.44,0.17,-1.27,-0.02,gmt,gem:613513855
201811020820A,2018-11-02T08:20:00,-67.6,-30.18,36.0,5.0,mw,99.0,49.0,47.0,334.0,57.0,128.0,8.057860480704615,300.9532681902946,48.28312503954849,201.81593766319725,40.5807756317734,37.91800585749581,3.06,-2.29,-0.76,0.76,1.87,2.41,gmt,gem:613523061
201811062122A,2018-11-06T21:22:00,-77.09,-45.69,12.0,5.3,mw,75.0,53.0,-176.0,343.0,87.0,-37.0,20.0,38.0,56.0,160.0,26.0,297.0,-2.359e+16,4.232e+16,-1.873e+16,2.687e+16,-5.077e+16,-8.277e+16,gmt,gcmt:C201811062122A;gcmt:C201811062122A;us:2000i7qy;gfz:613573280;gem:613573280
201811091854A,2018-11-09T18:54:00,-71.91,-30.64,33.0,5.2,mw,3.0,31.0,98.0,174.0,59.0,85.0,73.0,72.0,3.0,173.0,17.0,264.0,5.4053e+16,3916000000000000.0,-5.7969e+16,7783000000000000.0,-3.6972e+16,5858000000000000.0,gmt,gcmt:C201811091854A;gcmt:C201811091854A;us:1000hpxh;neic:613970829;gem:613970829
201812012355A,2018-12-01T23:55:00,-72.55,-33.95,20.0,5.6,mw,8.0,20.0,93.0,185.0,70.0,89.0,64.0,91.0,4.0,188.0,26.0,280.0,1.5739e+17,-920000000000000.0,-1.5647e+17,-1.882e+16,-2.0629e+17,-3.526e+16,gmt,gcmt:C201812012355A;gcmt:C201812012355A;us:1000i02j;gfz:616643659;gem:616643659
201812051712A,2018-12-05T17:12:00,-71.57,-33.66,35.0,5.2,mw,333.0,48.0,120.0,112.0,50.0,61.0,68.0,315.0,22.0,132.0,1.0,222.0,6.37e+16,-3.31e+16,-3.05e+16,2.6e+16,2.51e+16,2.16e+16,gmt,gcmt:C201812051712A;gcmt:C201812051712A;gem:614405800
201812311049A,2018-12-31T10:49:00,-69.35,-31.84,120.0,5.3,mw,186.0,48.0,-121.0,48.0,50.0,-61.0,4.0,292.0,18.0,200.0,72.0,33.0,-1.0406e+17,510000000000000.0,1.0354e+17,-2.224e+16,2.472e+16,5.108e+16,gmt,gcmt:C201812311049A;gcmt:C201812311049A;us:2000izex;gfz:614464164;gem:614464164
2000j6hy,2019-01-20T01:32:51,-71.4236,-30.0614,60.5,6.7,mww,186.79,41.5,-102.11,22.78,49.62,-79.48,4.0,105.0,8.0,196.0,81.0,348.0,-1.4388e+19,4.22e+18,1.0168e+19,-3.012e+18,-1.035e+18,1.545e+18,us,gcmt:C201901200132A;gcmt:C201901200132A;gfz:614617823;gem:614617823
201901280900A,2019-01-28T09:00:00,-73.0,-35.61,28.0,5.2,mw,15.0,17.0,101.0,184.0,73.0,87.0,70.0,75.0,7.0,184.0,19.0,277.0,5.6965e+16,4950000000000000.0,-6.1915e+16,2545000000000000.0,-4.7483e+16,-1.0929e+16,gmt,gcmt:C201901280900A;gcmt:C201901280900A;us:2000j9mr;gfz:614590912;gem:614590912
614944184,2019-02-19T05:09:44,-71.411,-28.011,33.4,4.99,mw,172.0,51.0,105.0,328.0,41.0,72.0,21.423897175556608,318.8150832918759,37.87851089502736,211.043633226699,44.404004962920126,71.41522559550879,3.73,-0.42,-3.31,-0.56,-0.9,1.21,gem,
2000jmvn,2019-02-25T15:28:42,-71.698,-29.775,11.5,5.3,mww,202.44,33.68,132.76,334.42,65.98,65.65,61.0,207.0,22.0,345.0,17.0,82.0,6.736e+16,3.795e+16,-1.053e+17,-3.206e+16,5.68e+16,1.207e+16,us,gcmt:C201902251528A;gcmt:C201902251528A;neic:614976286;gem:614976286
201903012243A,2019-03-01T22:43:00,-71.84,-30.65,34.0,5.1,mw,356.0,29.0,86.0,181.0,61.0,92.0,82.0,74.0,2.0,179.0,8.0,269.0,3.822e+16,3875000000000000.0,-4.2095e+16,1472000000000000.0,-1.1417e+16,408000000000000.0,gmt,gcmt:C201903012243A;gcmt:C201903012243A;us:1000j9nk;gfz:615092454;gem:615092454
201903022021A,2019-03-02T20:21:00,-72.69,-33.67,17.0,5.5,mw,352.0,17.0,68.0,195.0,74.0,97.0,56.0,101.0,0.0,10.0,34.0,280.0,9.273e+16,-1.907e+16,-7.366e+16,-3.783e+16,-2.0454e+17,-9600000000000000.0,gmt,gcmt:C201903022021A;gcmt:C201903022021A;us:1000j9yt;gfz:615093192;gem:615093192
1000jbq5,2019-03-07T05:10:37,-69.0,-38.6237,11.5,5.0,mww,219.37,9.49,114.34,14.72,81.36,86.06,53.0,280.0,4.0,15.0,36.0,108.0,4743000000000000.0,9306000000000000.0,-1.4049e+16,9850000000000000.0,3.3926e+16,-9711000000000000.0,us,gcmt:C201903070510A;gcmt:C201903070510A;neic:615096335
1000jbws,2019-03-07T15:34:27,-72.6321,-29.5922,30.5,5.7,mww,187.32,37.7,112.02,340.24,55.47,73.84,74.0,205.0,13.0,350.0,9.0,82.0,3.8269e+17,1.1864e+17,-5.0133e+17,-8.989e+16,1.3594e+17,8.027e+16,us,gcmt:C201903071534A;gcmt:C201903071534A;gfz:615103767;gem:615103767
201903151842A,2019-03-15T18:42:00,-76.42,-44.38,13.0,5.0,mw,351.0,38.0,-114.0,200.0,56.0,-73.0,44.107751267514686,97.900036595465,31.61381161062753,224.5309406362876,29.387086682153964,334.8137482749081,-3.99,-0.31,4.3,1.26,1.29,0.44,gmt,gem:616644960
201903161754A,2019-03-16T17:54:00,-77.23,-45.68,16.0,5.1,mw,78.0,64.0,-177.0,347.0,88.0,-26.0,9.0,35.0,69.0,150.0,18.0,301.0,1939000000000000.0,1.7148e+16,-1.9087e+16,-3935000000000000.0,-1.7914e+16,-3.9315e+16,gmt,gcmt:C201903161754A;gcmt:C201903161754A;us:1000jh45;neic:615225070;gem:615225070
1000jh4d,2019-03-16T18:06:16,-72.0,-29.7729,35.5,5.2,mww,162.74,22.02,67.07,7.26,69.8,98.95,64.0,292.0,8.0,184.0,24.0,90.0,3.8446e+16,2.7647e+16,-6.6093e+16,6046000000000000.0,5.9192e+16,2039000000000000.0,us,gcmt:C201903161806A;gcmt:C201903161806A;gfz:615225068;gem:615225068
201904071052A,2019-04-07T10:52:00,-72.63,-33.84,12.0,5.7,mw,14.0,17.0,96.0,188.0,73.0,88.0,74.0,71.0,6.0,183.0,15.0,275.0,2.8771e+17,1.959e+16,-3.0731e+17,2.062e+16,-1.7282e+17,-3.703e+16,gmt,gcmt:C201904071052A;gcmt:C201904071052A;us:2000kbs5;gfz:615372545;gem:615372545
700038b8,2019-04-18T04:06:34,-72.0,-29.3688,50.5,5.6,mww,163.82,17.26,-100.01,354.29,73.01,-86.91,28.0,82.0,3.0,173.0,62.0,269.0,-1.9925e+17,1.127e+16,1.8797e+17,2.299e+16,-2.9047e+17,-3.621e+16,us,gcmt:C201904180406A;gcmt:C201904180406A;gfz:615410468;gem:615410468
201904211000A,2019-04-21T10:00:00,-71.86,-35.86,86.0,5.0,mw,327.0,59.0,-154.0,223.0,68.0,-34.0,32.40726156044448,96.89440710262716,56.5303114287275,260.6704755519657,7.474597952648934,2.1169180560322616,-1.85,-2.5,4.35,1.65,0.41,0.61,gmt,gem:615412589
201905160032A,2019-05-16T00:32:00,-69.27,-31.46,121.0,5.2,mw,32.0,42.0,-83.0,202.0,49.0,-97.0,2.0,300.0,4.0,209.0,85.0,58.0,-6.3608e+16,2.0308e+16,4.33e+16,-2490000000000000.0,7141000000000000.0,1.9713e+16,gmt,gcmt:C201905160032A;gcmt:C201905160032A;us:70003lxa;gfz:615702557;gem:615702557
201905170527A,2019-05-17T05:27:00,-74.15,-35.2,12.0,5.2,mw,25.0,43.0,-88.0,203.0,47.0,-92.0,1.0,119.0,15.0,209.0,75.0,27.0,-7.2733e+16,1.6979e+16,5.5754e+16,-1.913e+16,8642000000000000.0,3.0976e+16,gmt,gcmt:C201905170527A;gcmt:C201905170527A;us:70003mev;gfz:615945497;gem:615945497
201905201118A,2019-05-20T11:18:00,-70.04,-31.54,113.0,5.6,mw,277.0,65.0,-13.0,13.0,79.0,-154.0,7.0,145.0,75.0,26.0,13.0,236.0,-6.91e+16,1.224e+17,-5.33e+16,-1.783e+16,-5.604e+16,2.3491e+17,gmt,gcmt:C201905201118A;gcmt:C201905201118A;us:70003nha;gfz:615739602;gem:615739602
C201905242015A,2019-05-24T20:16:04,-66.6,-28.05,176.0,5.2,mw,203.0,30.0,-30.0,320.0,75.0,-117.0,26.0,70.0,26.0,327.0,52.0,198.0,-4.41e+16,-2.65e+16,7.05e+16,5.95e+16,-5.44e+16,-1.61e+16,gcmt,gfz:615747878;gem:615747878
C201906051619A,2019-06-05T16:19:45,-70.15,-27.43,98.3,5.3,mw,157.0,26.0,-138.0,28.0,73.0,-70.0,26.0,103.0,19.0,202.0,57.0,324.0,-6.42e+16,-1.93e+16,8.36e+16,-5.540000000000001e+16,-7.99e+16,4800000000000000.0,gcmt,gfz:615913991;gem:615913991
201906132250A,2019-06-13T22:50:00,-71.52,-30.46,63.0,5.0,mw,2.0,37.0,105.0,164.0,55.0,79.0,83.0,37.0,5.0,174.0,5.0,264.0,3.5936e+16,-1783000000000000.0,-3.4153e+16,4247000000000000.0,-5837000000000000.0,2916000000000000.0,gmt,gcmt:C201906132250A;gcmt:C201906132250A;us:600040ir;gfz:615952693;gem:615952693
201906140019A,2019-06-14T00:19:00,-72.16,-30.12,12.0,6.3,mw,1.0,21.0,88.0,183.0,69.0,91.0,61.0,92.0,0.0,2.0,29.0,272.0,2.6843e+18,-7.16e+16,-2.6127e+18,-1.552e+17,-4.2474e+18,-8.63e+16,gmt,gcmt:C201906140019A;gcmt:C201906140019A;us:600040ja;gfz:615952702;gem:615952702
201906200123A,2019-06-20T01:23:00,-68.83,-33.68,163.0,5.5,mw,352.0,52.0,-157.0,248.0,72.0,-40.0,4.0,298.0,66.0,38.0,24.0,206.0,1500000000000000.0,-8.98e+16,8.83e+16,7.989e+16,-2.961e+16,1.2065e+17,gmt,gcmt:C201906200123A;gcmt:C201906200123A;us:600043h2;gfz:616173401;gem:616173401
700046ge,2019-06-28T08:30:43,-71.1404,-29.3782,80.5,5.0,mww,312.86,77.2,12.13,220.14,78.18,166.91,18.0,176.0,72.0,359.0,1.0,267.0,4307000000000000.0,4.0188e+16,-4.4495e+16,-1.2664e+16,-1334000000000000.0,5195000000000000.0,us,gcmt:C201906280830A;gcmt:C201906280830A;gfz:615979915;gem:615979915
60004yps,2019-08-01T18:28:07,-72.3015,-34.2433,23.5,6.8,mww,17.18,13.43,101.72,185.14,76.85,87.22,58.0,91.0,3.0,186.0,32.0,277.0,7.446e+18,-2.35e+17,-7.211e+18,-1.16e+18,-1.499e+19,-1.437e+18,us,gcmt:C201908011828A;gcmt:C201908011828A;gfz:616616159;gem:616616159
201908012001A,2019-08-01T20:01:00,-72.08,-34.35,15.0,5.9,mw,358.0,13.0,87.0,181.0,77.0,91.0,61.0,78.0,8.0,183.0,28.0,278.0,1.4289e+17,2.493e+16,-1.6782e+17,3680000000000000.0,-2.3598e+17,-4.582e+16,gmt,gcmt:C201908012001A;gcmt:C201908012001A;us:60004ys7;gfz:616184921;gem:616184921
201908020055A,2019-08-02T00:55:00,-72.3,-34.18,24.0,5.4,mw,350.0,24.0,69.0,193.0,68.0,99.0,72.0,106.0,6.0,359.0,17.0,267.0,1.3501e+17,1.192e+16,-1.4694e+17,-9840000000000000.0,-9.602e+16,1.305e+16,gmt,gcmt:C201908020055A;gcmt:C201908020055A;us:60004z17;gfz:616184935;gem:616184935
616223953,2019-08-10T23:36:42,-66.842,-27.969,147.8,5.01,mw,116.0,25.0,-134.0,343.0,73.0,-72.0,43.40731203872021,58.88095140795667,20.5979725521574,169.70505918013544,39.46606029295233,277.73058426542985,-2.26,0.97,1.29,0.52,-3.18,-1.51,gem,
201908151423A,2019-08-15T14:23:00,-72.11,-30.01,24.0,5.0,mw,7.0,28.0,98.0,177.0,62.0,86.0,74.0,94.0,1.0,2.0,16.0,271.0,2.2042e+16,2936000000000000.0,-2.4978e+16,-626000000000000.0,-1.5082e+16,-656000000000000.0,gmt,us:600055ei
201908240233A,2019-08-24T02:33:00,-71.5,-31.46,96.0,5.0,mw,306.0,49.0,-167.0,207.0,81.0,-42.0,31.74230656798312,82.77218770797629,48.60841848358405,217.35258343518495,23.60994161953506,337.0839984615737,-0.98,-2.1,3.09,1.0,1.97,-1.1,gmt,gem:616249225
201908242336A,2019-08-24T23:36:00,-74.42,-43.14,32.0,5.2,mw,15.0,27.0,89.0,196.0,63.0,91.0,67.0,89.0,8.0,198.0,22.0,291.0,3.922e+16,-2167000000000000.0,-3.7053e+16,-7650000000000000.0,-3.9192e+16,-1.886e+16,gmt,gcmt:C201908242336A;gcmt:C201908242336A;us:700057x3;gfz:616249515;gem:616249515
201909050541A,2019-09-05T05:41:00,-73.91,-36.18,13.0,5.1,mw,3.0,21.0,78.0,196.0,70.0,94.0,64.0,94.0,4.0,192.0,26.0,283.0,3.5377e+16,882000000000000.0,-3.6259e+16,-7530000000000000.0,-4.7498e+16,-1.1372e+16,gmt,gcmt:C201909050541A;gcmt:C201909050541A;us:70005c7g;neic:616338975;gem:616338975
201909140515A,2019-09-14T05:15:00,-68.46,-31.36,122.0,5.1,mw,212.0,45.0,-113.0,64.0,49.0,-68.0,1.0,317.0,8.0,226.0,82.0,57.0,-4.3729e+16,2.3548e+16,2.0181e+16,-1954000000000000.0,5452000000000000.0,2.734e+16,gmt,gcmt:C201909140515A;gcmt:C201909140515A;us:70005g9f;gem:616479922
201909230824A,2019-09-23T08:24:00,-73.96,-36.18,13.0,5.3,mw,4.0,16.0,81.0,194.0,74.0,93.0,59.0,113.0,4.0,17.0,31.0,284.0,4.3288e+16,2606000000000000.0,-4.5893e+16,-2.7301e+16,-8.2499e+16,-9118000000000000.0,gmt,gcmt:C201909230824A;gcmt:C201909230824A;us:60005m4u;gfz:616493756;gem:616493756
C201909251943A,2019-09-25T19:43:27,-66.77,-27.94,175.5,5.3,mw,194.0,46.0,-20.0,298.0,76.0,-134.0,19.0,59.0,42.0,311.0,42.0,167.0,-4.9e+16,-3.11e+16,8.01e+16,6.15e+16,-4.06e+16,-8.08e+16,gcmt,gfz:616504264;gem:616504264
201909261636A,2019-09-26T16:36:00,-72.06,-40.9,139.0,6.1,mw,96.0,58.0,33.0,347.0,62.0,143.0,37.0,307.0,53.0,127.0,0.0,37.0,5.693e+17,-6.336e+17,6.44e+16,4.195e+17,5.732e+17,1.2148e+18,gmt,gcmt:C201909261636A;gcmt:C201909261636A;us:70005lt4;gfz:616542055;gem:616542055
70005lzd,2019-09-26T20:31:30,-71.2367,-29.8549,40.5,5.4,mww,1.58,36.8,87.15,185.13,53.25,92.13,82.0,105.0,2.0,4.0,8.0,274.0,1.6894e+17,1.148e+16,-1.8043e+17,-8140000000000000.0,-5.131e+16,-1.144e+16,us,gcmt:C201909262031A;gcmt:C201909262031A;gfz:616567061;gem:616567061
70005nie,2019-09-29T15:57:53,-73.04,-35.5745,23.5,6.7,mww,16.21,15.14,104.02,181.71,75.32,86.25,60.0,86.0,4.0,183.0,30.0,275.0,6.476e+18,-4.41e+17,-6.035e+18,-8.4e+16,-1.1176e+19,-9.71e+17,us,gcmt:C201909291557A;gcmt:C201909291557A;gfz:616600917;gem:616600917
70005nkr,2019-09-29T20:11:58,-73.0714,-35.3005,19.5,5.0,mww,3.74,31.22,-127.54,225.68,65.73,-69.73,18.0,301.0,18.0,37.0,64.0,169.0,-2.5149e+16,923000000000000.0,2.4227e+16,1.9287e+16,1.2727e+16,1.4451e+16,us,
70005v2p,2019-10-17T16:58:28,-69.2227,-46.6019,11.5,4.9,mww,298.01,27.87,-54.69,79.32,67.58,-106.99,21.0,182.0,16.0,86.0,63.0,322.0,-9742000000000000.0,2.2206e+16,-1.2464e+16,-1.4249e+16,-294000000000000.0,-1576000000000000.0,us,
201910280355A,2019-10-28T03:55:00,-68.97,-30.25,39.0,5.1,mw,59.0,39.0,145.0,178.0,69.0,57.0,50.0,29.0,35.0,175.0,17.0,278.0,2.2862e+16,1.4639e+16,-3.7501e+16,1.7319e+16,-2.4622e+16,-1.3848e+16,gmt,gcmt:C201910280355A;gcmt:C201910280355A;us:600063ts;neic:616738783;gem:616738783
201911030806A,2019-11-03T08:06:00,-72.13,-30.75,20.0,5.2,mw,1.0,22.0,92.0,179.0,68.0,89.0,57.0,92.0,2.0,359.0,32.0,267.0,2.8206e+16,642000000000000.0,-2.8848e+16,402000000000000.0,-6.115e+16,2744000000000000.0,gmt,gcmt:C201911030806A;gcmt:C201911030806A;us:700062hv;gfz:616747109;gem:616747109
700062je,2019-11-03T13:23:18,-67.7971,-29.258,120.5,5.6,mww,175.06,37.03,-43.53,302.24,65.5,-118.67,16.0,53.0,26.0,315.0,59.0,171.0,-2.1035e+17,1.689e+16,1.9346e+17,1.65e+17,-9.187e+16,-2.339e+17,us,gcmt:C201911031323A;gcmt:C201911031323A;gfz:617000015;gem:617000015
201911042153A,2019-11-04T21:53:00,-71.37,-31.81,67.0,6.1,mw,205.0,33.0,118.0,352.0,61.0,73.0,74.0,217.0,14.0,5.0,8.0,97.0,1.4143e+18,-2.44e+16,-1.3899e+18,-3.303e+17,4.554e+17,-2.199e+17,gmt,gcmt:C201911042153A;gcmt:C201911042153A;us:70006345;gfz:616962653;gem:616962653
201911151716A,2019-11-15T17:16:00,-72.33,-34.01,22.0,5.2,mw,10.0,23.0,107.0,171.0,68.0,83.0,63.0,66.0,12.0,180.0,24.0,275.0,5.4285e+16,7675000000000000.0,-6.196e+16,9995000000000000.0,-6.7217e+16,-1.3885e+16,gmt,gcmt:C201911151716A;gcmt:C201911151716A;us:60006c5a;gfz:616787203;gem:616787203
C201911192310A,2019-11-19T23:10:45,-66.98,-33.79,14.8,5.7,mw,213.0,47.0,61.0,73.0,50.0,118.0,69.0,49.0,21.0,234.0,2.0,143.0,3.2e+17,-2.43e+17,-7.64e+16,6.61e+16,-5.14e+16,-2.91e+17,gcmt,gfz:617548791;gem:617548791
201911222227A,2019-11-22T22:27:00,-70.15,-32.77,114.0,5.1,mw,359.0,32.0,-70.0,156.0,61.0,-102.0,18.0,249.0,3.0,158.0,72.0,58.0,-3.1806e+16,9277000000000000.0,2.2529e+16,-9667000000000000.0,1.7815e+16,-4703000000000000.0,gmt,gcmt:C201911222227A;gcmt:C201911222227A;us:70006bz9;neic:616917526;gem:616917526
C201912090504A,2019-12-09T05:04:18,-70.07,-32.05,132.1,5.1,mw,352.0,38.0,133.0,122.0,63.0,62.0,61.0,348.0,25.0,136.0,14.0,232.0,2.03e+16,-3070000000000000.0,-1.72e+16,1.43e+16,-5480000000000000.0,1.95e+16,gcmt,
617050357,2020-01-01T16:51:32,-71.5582,-30.2857,40.9,5.0,mw,35.06,45.6,132.02,162.89,57.94,55.64,60.0,19.0,29.0,183.0,7.0,277.0,2690000000.0,785000000.0,-3475000000.0,1385999999.9999998,-929000000.0,-682000000.0000001,neic,
202001130201A,2020-01-13T02:01:00,-71.42,-40.33,190.0,5.4,mw,259.0,14.0,-25.0,14.0,84.0,-103.0,31.0,131.0,26.0,24.0,47.0,262.0,-3.237e+16,4.718e+16,-1.481e+16,-5700000000000000.0,-9.16e+16,2.956e+16,gmt,gcmt:C202001130201A;gcmt:C202001130201A;us:70006yzw;neic:617174725;gem:617174725
202001281816A,2020-01-28T18:16:00,-72.26,-30.35,12.0,5.4,mw,342.0,23.0,69.0,185.0,69.0,99.0,63.0,88.0,0.0,358.0,27.0,268.0,1.0896e+17,-250000000000000.0,-1.0871e+17,6160000000000000.0,-1.5379e+17,5000000000000000.0,gmt,gcmt:C202001281816A;gcmt:C202001281816A;us:60007ibj;gfz:617209897;gem:617209897
202002180532A,2020-02-18T05:32:00,-73.27,-35.63,15.0,5.1,mw,13.0,13.0,99.0,184.0,78.0,88.0,59.0,98.0,2.0,190.0,31.0,281.0,1.9572e+16,2596000000000000.0,-2.2169e+16,-6607000000000000.0,-3.8542e+16,-5974000000000000.0,gmt,gcmt:C202002180532A;gcmt:C202002180532A;us:70007s7z;gem:617512484
600089zt,2020-03-05T06:57:41,-67.6027,-28.4109,110.5,5.5,mww,167.4,40.75,-87.64,344.28,49.29,-92.04,4.0,76.0,2.0,346.0,85.0,236.0,-1.9199e+17,1.009e+16,1.819e+17,1.218e+16,-2.681e+16,-4.63e+16,us,gcmt:C202003050657A;gcmt:C202003050657A;gfz:617614953;gem:617614953
202003170812A,2020-03-17T08:12:00,-73.13,-36.17,38.0,5.5,mw,109.0,28.0,79.0,301.0,62.0,96.0,72.0,244.0,10.0,120.0,15.0,27.0,2.1571e+17,-1.9502e+17,-2.069e+16,-9.659e+16,9.807e+16,1.0387e+17,gmt,gcmt:C202003170812A;gcmt:C202003170812A;us:60008gzt;gfz:617795010;gem:617795010
C202003231746A,2020-03-23T17:46:15,-79.39,-44.68,12.4,5.1,mw,64.0,42.0,105.0,224.0,49.0,76.0,79.0,72.0,10.0,233.0,4.0,323.0,3.27e+16,-2.15e+16,-1.11e+16,340000000000000.0,-7260000000000000.0,-1.6200000000000002e+16,gcmt,neic:617812568
202003240652A,2020-03-24T06:52:00,-71.89,-30.5,36.0,5.0,mw,6.0,35.0,99.0,176.0,56.0,84.0,41.78437631455655,62.40422688241796,13.947064484498645,165.2264039027558,44.88037924239422,269.5449150226072,4.2,-0.77,-3.43,0.46,-1.47,-0.09,gmt,gem:617812788
617816404,2020-03-25T06:52:38,-73.4677,-35.7473,10.0,5.1,mw,75.86,19.69,154.3,190.24,81.6,72.13,50.0,80.0,18.0,193.0,34.0,295.0,1725000000.0,-713000000.0,-1012000000.0,-745000000.0,-5682000000.0,-2093000000.0,neic,
202004010355A,2020-04-01T03:55:00,-76.77,-45.63,20.0,5.0,mw,341.0,43.0,-87.0,157.0,47.0,-93.0,44.9789745863462,69.12207676044238,26.059046066447355,309.87017741134787,33.67098791847232,200.85789780823856,-4.62,1.3,3.32,-0.28,0.14,-0.92,gmt,gem:618586443
202004010409A,2020-04-01T04:09:00,-76.81,-45.62,12.0,5.2,mw,330.0,44.0,-109.0,176.0,49.0,-73.0,4.0,252.0,12.0,161.0,77.0,1.0,-9.1685e+16,1.1329e+16,8.0356e+16,-2.4921e+16,6292000000000000.0,-2.3511e+16,gmt,gcmt:C202004010409A;gcmt:C202004010409A;us:70008jxh;gfz:618586448;gem:618586448
202004010412A,2020-04-01T04:12:00,-77.02,-45.66,20.0,5.2,mw,336.0,25.0,-109.0,176.0,66.0,-81.0,44.6625729264746,79.21728945607379,12.147168020183525,181.4992200056988,42.79830865202256,282.9955447588631,-5.59,1.0,4.58,0.33,4.69,-1.12,gmt,gem:617825647
202004141602A,2020-04-14T16:02:00,-70.33,-33.83,115.0,5.0,mw,112.0,55.0,-136.0,353.0,55.0,-45.0,0.0,53.0,36.0,143.0,54.0,322.0,-2.65e+16,6390000000000000.0,2.01e+16,-1.6299999999999998e+16,-1.29e+16,-2.52e+16,gmt,gcmt:C202004141602A;gcmt:C202004141602A;gfz:618052989;gem:618052989
202004141854A,2020-04-14T18:54:00,-79.9,-44.71,33.0,5.0,mw,351.0,79.0,9.0,259.0,81.0,169.0,1.3376353595187216,34.70270903050067,76.22337542892329,299.2379530903009,13.708972947878683,125.0290723836256,0.95,0.99,-1.95,-0.75,0.39,-4.23,gmt,gem:618052993
202004161513A,2020-04-16T15:13:00,-73.65,-38.06,22.0,5.1,mw,219.0,46.0,-72.0,15.0,47.0,-107.0,0.0,120.0,8.0,30.0,82.0,211.0,-4.7925e+16,1.1476e+16,3.6448e+16,5753000000000000.0,-3566000000000000.0,2.1159e+16,gmt,gcmt:C202004161513A;gcmt:C202004161513A;us:70008xkv;gfz:618108464;gem:618108464
618169840,2020-04-25T05:53:56,-71.372,-27.819,12.8,5.27,mw,199.0,85.0,99.0,318.0,10.0,29.0,44.16011260437347,298.75297327231976,9.101451944274286,199.8030660298028,44.40607585851247,100.77531949471654,0.06,0.26,-0.32,-0.29,-0.95,-0.03,gem,
202005231310A,2020-05-23T13:10:00,-69.81,-33.56,130.0,5.2,mw,251.0,57.0,-32.0,0.0,64.0,-143.0,3.0,310.0,46.0,43.0,44.0,217.0,-3.3551e+16,4434000000000000.0,2.9117e+16,4.2343e+16,-2.8005e+16,5.367e+16,gmt,gcmt:C202005231310A;gcmt:C202005231310A;us:70009p3k;gfz:618324436;gem:618324436
618366238,2020-05-29T16:32:56,-69.017,-27.61,128.0,5.0,mw,200.64,42.07,130.15,331.99,59.2,59.81,62.51,191.6,25.59,348.58,9.37,83.12,2807000000.0,1457000000.0,-4264000000.0,-1085000000.0,1085000000.0,540000000.0,gfz,
202006251155A,2020-06-25T11:55:00,-71.82,-32.13,35.0,5.2,mw,28.0,39.0,129.0,162.0,60.0,63.0,76.0,20.0,14.0,187.0,3.0,278.0,6.4184e+16,1.2973e+16,-7.7157e+16,1.1585e+16,-9186000000000000.0,-1.3584e+16,gmt,gcmt:C202006251155A;gcmt:C202006251155A;us:7000ab22;neic:618590068;gem:618590068
202007021235A,2020-07-02T12:35:00,-72.34,-34.14,33.0,5.0,mw,8.0,29.0,90.0,188.0,61.0,90.0,45.000000000000014,98.0,9.211798219570435e-17,8.0,45.00000000000001,278.0,3.95,-0.48,-3.47,-0.34,-2.37,-0.43,gmt,gem:618653099
C202009010409A,2020-09-01T04:09:39,-71.41,-28.01,34.4,6.8,mw,15.0,24.0,112.0,171.0,68.0,81.0,65.0,65.0,9.0,174.0,23.0,268.0,1.67e+19,7.5e+17,-1.75e+19,4.34e+18,-1.72e+19,-8.599999999999999e+17,gcmt,gfz:618938653;gem:618938653
C202009010430A,2020-09-01T04:30:11,-71.37,-28.05,37.6,6.3,mw,21.0,30.0,119.0,168.0,65.0,74.0,67.0,49.0,14.0,175.0,18.0,269.0,2.58e+18,1.33e+17,-2.71e+18,8.46e+17,-1.93e+18,-2.43e+17,gcmt,gfz:618938658;gem:618938658
618938660,2020-09-01T04:36:36,-71.2008,-27.968,28.0,5.1,mw,49.68,23.38,158.36,159.7,81.58,68.11,49.0,46.0,22.0,163.0,33.0,268.0,1133000000.0,2376000000.0,-3508000000.0,1357000000.0,-5148000000.0,-567999999.9999999,neic,
618938664,2020-09-01T05:29:39,-71.2842,-27.9801,19.2,5.4,mw,34.29,25.06,140.14,161.39,74.25,70.26,56.0,46.0,19.0,167.0,27.0,267.0,3561000000.0,1054000000.0,-4614000000.0,2485000000.0,-5290000000.0,-799000000.0,neic,
C202009010701A,2020-09-01T07:01:31,-71.65,-28.17,36.5,5.7,mw,6.0,31.0,105.0,169.0,60.0,81.0,73.0,57.0,7.0,173.0,15.0,265.0,6.31e+17,-8.14e+16,-5.49e+17,1.3700000000000002e+17,-3.3e+17,1.17e+16,gcmt,gfz:618938669;gem:618938669
C202009011031A,2020-09-01T10:31:58,-71.53,-27.94,23.1,5.7,mw,7.0,24.0,104.0,172.0,67.0,84.0,68.0,71.0,5.0,174.0,22.0,267.0,2.81e+17,5900000000000000.0,-2.87e+17,5.25e+16,-2.62e+17,2900000000000000.0,gcmt,gfz:618944067;gem:618944067
C202009011713A,2020-09-01T17:13:27,-71.61,-27.84,29.1,5.0,mw,7.0,23.0,104.0,172.0,67.0,84.0,67.0,72.0,5.0,174.0,22.0,267.0,4.08e+16,-230000000000000.0,-4.05e+16,7800000000000000.0,-3.96e+16,190000000000000.0,gcmt,gfz:618946574;gem:618946574
C202009012109A,2020-09-01T21:09:26,-71.46,-28.03,23.6,6.5,mw,17.0,22.0,116.0,169.0,70.0,80.0,63.0,63.0,10.0,173.0,25.0,267.0,3.3e+18,3.98e+17,-3.7e+18,1.02e+18,-3.97e+18,-1.83e+17,gcmt,gfz:618947023;gem:618947023
618950110,2020-09-02T03:04:28,-71.407,-27.881,25.3,5.08,mw,173.0,63.0,90.0,352.0,27.0,89.0,44.99999999999999,263.0,8.792566076933485e-15,173.0,45.00000000000001,83.0,4.5,-0.54,-3.97,0.35,-3.06,0.45,gem,
618979556,2020-09-05T06:39:42,-71.696,-27.959,18.4,4.98,mw,184.0,71.0,91.0,359.0,20.0,86.0,44.97970805956805,275.612395542518,1.1997955409689112,184.41318671167733,44.99517143321325,93.21333031016876,2.54,-0.37,-2.17,-0.23,-2.9,-0.03,gem,
202009060116A,2020-09-06T01:16:00,-71.8,-30.41,38.0,6.3,mw,7.0,28.0,100.0,175.0,62.0,84.0,74.0,57.0,7.0,175.0,14.0,266.0,3.0543e+18,5000000000000000.0,-3.0592e+18,5.474e+17,-1.5434e+18,8.33e+16,gmt,gcmt:C202009060116A;gcmt:C202009060116A;us:7000biqb;gfz:619500226;gem:619500226
202009170133A,2020-09-17T01:33:00,-71.37,-30.2,40.0,5.0,mw,0.0,38.0,100.0,167.0,53.0,82.0,37.54926919349704,42.72488523325882,21.26184411047548,150.1291451065689,44.83256372776836,262.8877283634098,3.87,0.16,-4.03,0.55,-1.06,0.47,gmt,gem:619061756
6000c5zf,2020-10-06T05:06:45,-75.301,-38.5626,15.5,4.9,mww,192.89,35.4,-117.36,45.3,59.04,-71.91,12.0,122.0,15.0,216.0,70.0,355.0,-2.5087e+16,5793000000000000.0,1.9295e+16,-1.3218e+16,-5013000000000000.0,9925000000000000.0,us,
202010280452A,2020-10-28T04:52:00,-71.72,-34.96,77.0,5.4,mw,342.0,54.0,-148.0,232.0,65.0,-40.0,1.0,280.0,32.0,10.0,58.0,188.0,-1.4826e+17,-7.67e+16,2.2496e+17,6.744e+16,-5310000000000000.0,5.116e+16,gmt,gcmt:C202010280452A;gcmt:C202010280452A;us:7000c6lj;gfz:619552835;gem:619552835
7000c6u9,2020-10-28T14:53:17,-71.2496,-29.3285,50.5,5.8,mww,230.36,37.63,136.83,356.97,65.31,60.65,59.0,225.0,26.0,10.0,15.0,108.0,3.5563e+17,5.507e+16,-4.1071e+17,-1.0255e+17,3.0172e+17,-2.3441e+17,us,gcmt:C202010281453A;gcmt:C202010281453A;gfz:619509668;gem:619509668
202011030240A,2020-11-03T02:40:00,-79.46,-44.61,18.0,6.0,mw,258.0,86.0,-179.0,168.0,89.0,-4.0,2.0,213.0,86.0,330.0,3.0,123.0,-7.9e+16,5.91e+17,-5.11e+17,3000000000000000.0,8.6e+16,-1.21e+18,gmt,gcmt:C202011030240A;gcmt:C202011030240A;gfz:619517477;gem:619517477
202011031947A,2020-11-03T19:47:00,-79.91,-44.77,29.0,5.0,mw,263.0,73.0,179.0,353.0,89.0,17.0,,,,,,,,,,,,,gmt,
202011210211A,2020-11-21T02:11:00,-71.47,-31.07,62.0,5.5,mw,353.0,32.0,98.0,164.0,58.0,85.0,81.0,31.0,7.0,168.0,6.0,259.0,2.3994e+17,-1.019e+16,-2.2975e+17,4.084e+16,-4.665e+16,4.24e+16,gmt,gcmt:C202011210211A;gcmt:C202011210211A;us:6000cr45;gfz:619554535;gem:619554535
202011220054A,2020-11-22T00:54:00,-73.12,-34.67,34.0,6.1,mw,171.0,48.0,169.0,268.0,82.0,43.0,32.0,138.0,56.0,296.0,10.0,41.0,1.434e+17,-4.26e+16,-1.007e+17,-1.0187e+18,-7.029e+17,1.4231e+18,gmt,gcmt:C202011220054A;gcmt:C202011220054A;us:6000crcq;gfz:619646130;gem:619646130
202012030237A,2020-12-03T02:37:00,-67.12,-31.92,138.0,5.2,mw,235.0,53.0,28.0,128.0,68.0,140.0,44.0,86.0,45.0,284.0,9.0,185.0,4.34e+16,-9.2e+16,4.87e+16,1.98e+16,-3.4100000000000004e+16,6400000000000000.0,gmt,gcmt:C202012030237A;gcmt:C202012030237A;neic:619571710;gem:619571710
202012080707A,2020-12-08T07:07:00,-71.48,-32.15,44.0,5.0,mw,181.0,31.0,77.0,15.0,60.0,98.0,1.8,342.28,65.87,248.26,24.05,73.09,-862000000.0,3274000000.0,-2412000000.0,-225000000.0,1195000000.0,1976000000.0,gmt,gfz:619580150;gem:619580150
6000d3i9,2020-12-27T21:39:33,-74.6525,-39.4331,11.5,6.7,mww,354.89,43.07,-114.41,206.74,51.55,-68.88,4.0,282.0,16.0,13.0,73.0,177.0,-1.2417e+19,1.225e+18,1.1192e+19,4.63e+18,9.18e+17,1.839e+18,us,gcmt:C202012272139A;gcmt:C202012272139A;gfz:621237270;gem:621237270
202101160353A,2021-01-16T03:53:00,-71.38,-31.09,62.0,5.2,mw,30.0,21.0,-34.0,152.0,78.0,-108.0,36.0,247.0,19.0,142.0,48.0,30.0,-1.0818e+16,-1.0553e+16,2.1371e+16,-3.0938e+16,3.1984e+16,-217000000000000.0,gmt,gcmt:C202101160353A;us:7000d0k5;gfz:619720637
202101190246A,2021-01-19T02:46:00,-68.86,-31.85,26.0,6.5,mw,223.0,61.0,164.0,321.0,76.0,30.0,26.0,189.0,57.0,327.0,19.0,89.0,5.964e+17,4.5685e+18,-5.1649e+18,-2.2109e+18,2.2255e+18,-5.427e+17,gmt,gcmt:C202101190246A;us:7000d18q;gfz:619721854
C202101191158A,2021-01-19T11:58:21,-77.55,-45.78,20.7,5.0,mw,351.0,77.0,0.0,261.0,90.0,167.0,9.0,215.0,77.0,80.0,9.0,306.0,-3280000000000000.0,1.14e+16,-8139999999999998.0,-6840000000000001.0,40000000000000.0,-2.82e+16,gcmt,
202101240007A,2021-01-24T00:07:00,-70.01,-33.5,108.0,5.7,mw,197.0,5.0,-94.0,21.0,85.0,-90.0,43.0,84.0,21.0,195.0,40.0,303.0,3.591e+16,-1.0286e+17,6.695e+16,-9.825e+16,-4.6491e+17,-1.5822e+17,gmt,gcmt:C202101240007A;us:7000d2s4;gfz:619763737
619829233,2021-02-10T20:18:29,-71.2806,-31.753,51.1,5.1,mw,167.66,68.61,97.08,328.85,22.48,72.53,66.0,90.0,7.0,345.0,23.0,252.0,4255000000.0,-1017000000.0,-3237000000.0,551000000.0,-4256000000.0,1204000000.0,neic,
202102111401A,2021-02-11T14:01:00,-71.96,-39.87,21.0,5.0,mw,78.0,82.0,-7.0,169.0,83.0,-172.0,,,,,,,,,,,,,gmt,
202103081248A,2021-03-08T12:48:00,-69.78,-32.18,106.0,5.2,mw,197.0,45.0,-105.0,37.0,47.0,-76.0,4.0,111.0,5.0,21.0,84.0,236.0,-8.3507e+16,1798000000000000.0,8.1709e+16,1911000000000000.0,-1.2609e+16,3.7122e+16,gmt,gcmt:C202103081248A;us:7000dh39;gfz:619922952
202104190318A,2021-04-19T03:18:00,-72.45,-34.02,21.0,5.2,mw,12.0,20.0,99.0,182.0,70.0,87.0,72.0,57.0,10.0,178.0,15.0,271.0,4.495e+16,-2144000000000000.0,-4.2806e+16,9141000000000000.0,-2.6238e+16,-3343000000000000.0,gmt,gcmt:C202104190318A;us:6000e2s5;gfz:620351284
202104190411A,2021-04-19T04:11:00,-72.44,-34.03,20.0,5.2,mw,7.0,19.0,98.0,179.0,71.0,87.0,55.0,77.0,2.0,170.0,35.0,262.0,3.0676e+16,4064000000000000.0,-3.474e+16,1.5699e+16,-8.4882e+16,3216000000000000.0,gmt,gcmt:C202104190411A;us:6000e2sp;gfz:624433417
202104191113A,2021-04-19T11:13:00,-72.45,-33.97,22.0,5.2,mw,11.0,22.0,99.0,182.0,68.0,86.0,61.0,57.0,13.0,173.0,25.0,269.0,3.7156e+16,-1446000000000000.0,-3.571e+16,1.528e+16,-4.2366e+16,-6532000000000000.0,gmt,gcmt:C202104191113A;us:6000e2uw;gfz:620344949
202104191305A,2021-04-19T13:05:00,-72.37,-34.05,23.0,5.0,mw,340.0,27.0,74.0,178.0,64.0,98.0,70.0,104.0,7.0,354.0,19.0,262.0,3.51e+16,-3860000000000000.0,-3.12e+16,-2080000000000000.0,-2.64e+16,6220000000000000.0,gmt,gcmt:C202104191305A;gfz:620345400
202104220017A,2021-04-22T00:17:00,-72.46,-34.03,21.0,5.5,mw,7.0,21.0,96.0,181.0,69.0,88.0,70.0,86.0,2.0,182.0,20.0,273.0,1.4271e+17,8710000000000000.0,-1.5142e+17,570000000000000.0,-1.2186e+17,-1.216e+16,gmt,gcmt:C202104220017A;us:6000e3j6;gfz:620342108
202104290217A,2021-04-29T02:17:00,-71.05,-37.29,155.0,5.7,mw,115.0,28.0,-159.0,6.0,80.0,-64.0,28.0,72.0,28.0,179.0,48.0,306.0,-1.1039e+17,-2.186e+16,1.3225e+17,-5.863e+16,-2.7254e+17,-1.5006e+17,gmt,gcmt:C202104290217A;us:7000dydz;gfz:620345058
202105020657A,2021-05-02T06:57:00,-71.71,-30.18,42.0,5.8,mw,9.0,36.0,122.0,151.0,60.0,69.0,70.0,15.0,16.0,155.0,12.0,249.0,4.5527e+17,60000000000000.0,-4.5534e+17,2.0327e+17,-1.4968e+17,1.6887e+17,gmt,gcmt:C202105020657A;us:7000dzfk;gfz:620349023
202106050305A,2021-06-05T03:05:00,-74.1,-35.01,19.0,5.4,mw,19.0,33.0,-114.0,226.0,60.0,-75.0,24.0,314.0,13.0,50.0,62.0,167.0,-1.0279e+17,3.203e+16,7.076e+16,1.0888e+17,5.789e+16,5.71e+16,gmt,gcmt:C202106050305A;us:7000e9wd;gfz:620507433
202106120336A,2021-06-12T03:36:00,-72.3,-33.65,28.0,5.2,mw,15.0,22.0,97.0,187.0,68.0,87.0,77.0,2.0,13.0,187.0,1.0,97.0,4.7481e+16,5056000000000000.0,-5.2537e+16,9991000000000000.0,779000000000000.0,-7216000000000000.0,gmt,gcmt:C202106120336A;us:7000ec9v;neic:620513710
202106221916A,2021-06-22T19:16:00,-71.14,-32.06,75.0,5.0,mw,21.0,41.0,-81.0,190.0,49.0,-97.0,4.0,285.0,6.0,195.0,83.0,49.0,-3.31e+16,-1740000000000000.0,3.4900000000000004e+16,-1500000000000000.0,5400000000000000.0,1.1e+16,gmt,gcmt:C202106221916A
7000eijq,2021-07-04T01:01:46,-71.8783,-28.4475,23.5,5.9,mww,21.66,22.06,107.83,182.52,69.05,82.93,65.0,81.0,7.0,185.0,24.0,278.0,5.9385e+17,-8.074e+16,-5.1312e+17,2.223e+16,-6.2476e+17,-1.1152e+17,us,gcmt:C202107040101A;gfz:620733495
7000eijt,2021-07-04T01:29:24,-71.7182,-28.5021,11.5,6.0,mww,28.61,11.65,115.24,182.91,79.48,84.98,55.0,87.0,5.0,184.0,34.0,277.0,4.68e+17,2600000000000000.0,-4.706e+17,-4.35e+16,-1.2358e+18,-1.396e+17,us,gcmt:C202107040129A;gfz:620733496
6000etaq,2021-07-08T20:38:32,-71.6109,-28.7449,13.5,5.4,mww,8.68,13.1,129.73,148.2,79.96,81.54,54.0,48.0,8.0,150.0,34.0,245.0,5.061e+16,5420000000000000.0,-5.603e+16,7.63e+16,-1.1586e+17,1.322e+16,us,gcmt:C202107082038A;gfz:620783810
202107311214A,2021-07-31T12:14:00,-71.96,-32.75,33.0,5.2,mw,352.0,32.0,89.0,173.0,58.0,91.0,,,,,,,,,,,,,gmt,
C202108250028A,2021-08-25T00:28:36,-69.4,-27.48,105.6,5.1,mw,320.0,40.0,-99.0,152.0,51.0,-83.0,6.0,237.0,6.0,327.0,82.0,103.0,-4.8e+16,1.3799999999999998e+16,3.42e+16,-1440000000000000.0,1.08e+16,-2.45e+16,gcmt,gfz:621003195
C202109011835A,2021-09-01T18:35:50,-71.35,-27.8,42.4,5.6,mw,21.0,29.0,119.0,169.0,65.0,75.0,67.0,52.0,14.0,175.0,19.0,270.0,3.16e+17,4.21e+16,-3.58e+17,9.41e+16,-2.6e+17,-3.11e+16,gcmt,gfz:621013627
202109140156A,2021-09-14T01:56:00,-72.08,-31.79,27.0,5.1,mw,342.0,25.0,81.0,172.0,66.0,94.0,,,,,,,,,,,,,gmt,
202109150846A,2021-09-15T08:46:00,-72.26,-32.25,18.0,5.1,mw,353.0,17.0,91.0,172.0,73.0,90.0,,,,,,,,,,,,,gmt,
202109201312A,2021-09-20T13:12:00,-74.2,-36.85,19.0,5.1,mw,359.0,22.0,82.0,188.0,69.0,93.0,61.0,96.0,0.0,187.0,29.0,277.0,2.6792e+16,887000000000000.0,-2.7679e+16,-5161000000000000.0,-4.5221e+16,-3553000000000000.0,gmt,gcmt:C202109201312A;us:7000fcvb
202109211314A,2021-09-21T13:14:00,-74.28,-36.82,12.0,6.4,mw,6.0,16.0,86.0,190.0,74.0,91.0,70.0,94.0,1.0,188.0,19.0,279.0,4.3515e+18,-3.141e+17,-4.0374e+18,-3.82e+17,-3.4132e+18,-6.431e+17,gmt,gcmt:C202109211314A;us:7000fd4k;gfz:621094394
202109221742A,2021-09-22T17:42:00,-74.27,-36.85,23.0,5.0,mw,348.0,32.0,70.0,191.0,61.0,102.0,,,,,,,,,,,,,gmt,
202109290753A,2021-09-29T07:53:00,-68.15,-33.33,28.0,5.0,mw,200.0,27.0,106.0,2.0,64.0,82.0,60.0,227.0,14.0,342.0,26.0,79.0,1.0507e+16,7609000000000000.0,-1.8116e+16,-6733000000000000.0,1.8035e+16,3221000000000000.0,gmt,us:6000fq1z
202110041236A,2021-10-04T12:36:00,-72.15,-31.72,30.0,5.1,mw,344.0,30.0,87.0,168.0,60.0,92.0,,,,,,,,,,,,,gmt,
C202110130755A,2021-10-13T07:55:33,-72.33,-50.4,12.0,5.4,mw,48.0,53.0,140.0,165.0,59.0,44.0,52.0,19.0,38.0,193.0,3.0,285.0,1.2e+17,6.35e+16,-1.83e+17,6.31e+16,-3.59e+16,-7.68e+16,gcmt,gfz:621146567
202110181832A,2021-10-18T18:32:00,-77.41,-45.73,17.0,5.0,mw,347.0,81.0,-4.0,77.0,86.0,-171.0,,,,,,,,,,,,,gmt,
202110182223A,2021-10-18T22:23:00,-77.36,-45.73,12.0,5.1,mw,80.0,78.0,-172.0,349.0,82.0,-12.0,25.0,209.0,56.0,76.0,22.0,310.0,683000000000000.0,1.7033e+16,-1.7716e+16,-3.3534e+16,-2273000000000000.0,-4.5347e+16,gmt,gcmt:C202110182223A;us:6000fvra;neic:621211167
202111030317A,2021-11-03T03:17:00,-69.91,-32.88,117.0,5.7,mw,209.0,22.0,-36.0,333.0,77.0,-108.0,30.0,74.0,8.0,339.0,58.0,235.0,-1.8566e+17,-9640000000000000.0,1.9529e+17,1.4846e+17,-3.0383e+17,-2.611e+16,gmt,gcmt:C202111030317A;us:7000fr0v;gfz:621883467
202111080616A,2021-11-08T06:16:00,-73.48,-34.06,17.0,5.0,mw,39.0,32.0,-100.0,231.0,59.0,-84.0,,,,,,,,,,,,,gmt,
202112010439A,2021-12-01T04:39:00,-73.66,-38.02,22.0,5.2,mw,152.0,24.0,-107.0,350.0,67.0,-83.0,17.0,82.0,13.0,177.0,68.0,301.0,-5.0784e+16,9291000000000000.0,4.1493e+16,-1.2098e+16,-3.4276e+16,-9646000000000000.0,gmt,gcmt:C202112010439A;us:6000g836;gfz:621564955
6000gbfe,2021-12-11T14:54:26,-71.2228,-29.5433,45.5,5.7,mww,166.67,44.14,71.53,11.63,48.66,107.09,77.0,350.0,13.0,180.0,2.0,90.0,4.0115e+17,3.927e+16,-4.4042e+17,8.637e+16,3.46e+16,6630000000000000.0,us,gcmt:C202112111454A;gfz:621627511
202202280115A,2022-02-28T01:15:00,-73.99,-37.07,13.0,5.6,mw,5.0,17.0,90.0,185.0,73.0,90.0,56.0,97.0,1.0,6.0,34.0,275.0,1.9006e+17,1740000000000000.0,-1.918e+17,-5.092e+16,-4.7904e+17,-1.35e+16,gmt,gcmt:C202202280115A;us:6000h0lw;gfz:622076693
6000h2il,2022-03-06T09:35:08,-68.7104,-28.5838,100.5,5.5,mww,319.52,40.28,-90.02,139.54,49.72,-89.99,5.0,230.0,0.0,320.0,85.0,50.0,-2.1624e+17,8.815e+16,1.2809e+17,-2.433e+16,2.856e+16,-1.2538e+17,us,gcmt:C202203060935A;gfz:622117693
7000gyjz,2022-03-30T23:17:09,-71.4619,-28.7032,28.0,5.0,mwr,6.47,25.52,109.74,164.79,66.08,80.84,68.0,58.0,8.0,169.0,21.0,262.0,2.7513e+16,2609000000000000.0,-3.0122e+16,8765000000000000.0,-2.4228e+16,2859000000000000.0,us,neic:622259705
202204011128A,2022-04-01T11:28:00,-67.97,-31.39,117.0,5.2,mw,29.0,46.0,-70.0,181.0,47.0,-109.0,1.0,285.0,14.0,195.0,76.0,17.0,-7.37e+16,-1.23e+16,8.61e+16,-1.34e+16,5200000000000000.0,2.83e+16,gmt,gcmt:C202204011128A;gfz:622265758
202204030516A,2022-04-03T05:16:00,-67.07,-31.54,136.0,5.1,mw,214.0,38.0,-53.0,351.0,61.0,-115.0,12.0,99.0,21.0,4.0,65.0,217.0,-4.16e+16,-7430000000000000.0,4.9e+16,1.36e+16,-2.38e+16,1.29e+16,gmt,gcmt:C202204030516A;gfz:622267725
202204161710A,2022-04-16T17:10:00,-72.37,-33.94,22.0,5.1,mw,3.0,23.0,90.0,183.0,67.0,90.0,61.0,50.0,18.0,178.0,21.0,275.0,2.3903e+16,3609000000000000.0,-2.7512e+16,8847000000000000.0,-2.4661e+16,-7024000000000000.0,gmt,gcmt:C202204161710A;us:7000h2q1;gfz:622363024
C202204241445A,2022-04-24T14:45:09,-71.16,-35.24,99.5,5.0,mw,102.0,47.0,-140.0,342.0,62.0,-51.0,9.0,45.0,34.0,141.0,55.0,303.0,-2.04e+16,1.29e+16,7540000000000000.0,-7760000000000000.0,-1.82e+16,-1.69e+16,gcmt,
202205040345A,2022-05-04T03:45:00,-72.01,-32.2,32.0,5.0,mw,355.0,36.0,62.0,208.0,58.0,109.0,67.0,142.0,14.0,16.0,18.0,281.0,1.8558e+16,8665000000000000.0,-2.7223e+16,-7202000000000000.0,-1.5986e+16,-5633000000000000.0,gmt,us:7000h6x9
202205040654A,2022-05-04T06:54:00,-72.02,-32.31,35.0,5.0,mw,4.0,27.0,72.0,205.0,64.0,99.0,,,,,,,,,,,,,gmt,
202205041159A,2022-05-04T11:59:00,-71.99,-32.29,32.0,5.3,mw,359.0,23.0,65.0,206.0,69.0,100.0,60.0,133.0,6.0,33.0,29.0,300.0,3.5073e+16,-3400000000000000.0,-3.1673e+16,-3.5938e+16,-4.8983e+16,-1.737e+16,gmt,gcmt:C202205041159A;us:7000h6zc;gfz:622511287
202205041248A,2022-05-04T12:48:00,-72.06,-32.26,32.0,5.1,mw,357.0,33.0,72.0,198.0,59.0,101.0,78.0,165.0,12.0,360.0,3.0,269.0,5.83e+16,4161000000000000.0,-6.2462e+16,-1.2095e+16,-6477000000000000.0,1743000000000000.0,gmt,gcmt:C202205041248A;us:7000h6zr;neic:622511291
202205052105A,2022-05-05T21:05:00,-73.07,-33.14,38.0,5.2,mw,218.0,45.0,118.0,1.0,51.0,65.0,62.0,202.0,27.0,13.0,4.0,105.0,3.851e+16,8030000000000000.0,-4.654e+16,-1.6496e+16,1.0784e+16,-1.6799e+16,gmt,gcmt:C202205052105A;us:7000h7dn;neic:622516899
6000hmkd,2022-05-20T09:07:54,-72.0444,-29.5399,13.5,5.7,mww,322.78,4.8,43.47,189.41,86.7,93.49,48.0,103.0,3.0,9.0,42.0,276.0,3.107e+16,6.114e+16,-9.221e+16,-7.926e+16,-4.9794e+17,6800000000000000.0,us,gcmt:C202205200907A;gfz:624382001
202206181824A,2022-06-18T18:24:00,-69.41,-33.52,148.0,5.1,mw,305.0,40.0,-41.0,69.0,65.0,-122.0,14.0,182.0,29.0,84.0,57.0,294.0,-3.81e+16,5.71e+16,-1.9e+16,-2.59e+16,-2.02e+16,-7650000000000000.0,gmt,gcmt:C202206181824A;gfz:624491753
7000hk3y,2022-06-25T03:54:51,-71.4862,-29.5435,78.0,5.1,mwr,159.87,86.21,68.58,60.31,21.74,169.72,45.0,49.0,21.0,161.0,38.0,269.0,-772000000000000.0,2.8658e+16,-2.7886e+16,6602000000000000.0,-5.0904e+16,-3226000000000000.0,us,gcmt:C202206250354A
202207061512A,2022-07-06T15:12:00,-75.55,-42.4,12.0,5.5,mw,9.0,41.0,-105.0,208.0,50.0,-78.0,17.0,108.0,3.0,17.0,72.0,278.0,-1.9916e+17,3.74e+16,1.6176e+17,-2.798e+16,-1.2835e+17,4.922e+16,gmt,gcmt:C202207061512A;us:6000i09s;gfz:624514908
202207132121A,2022-07-13T21:21:00,-73.13,-33.33,19.0,5.0,mw,17.0,32.0,-121.0,232.0,63.0,-72.0,12.0,309.0,13.0,42.0,72.0,176.0,-3.296e+16,1.0594e+16,2.2366e+16,1.6213e+16,8121000000000000.0,2.1274e+16,gmt,gcmt:C202207132121A;us:6000i280;neic:624562416
624574686,2022-07-15T19:37:21,-79.447,-44.75,28.0,6.4,mw,80.79,85.37,169.46,171.65,79.5,4.71,10.72,35.82,78.5,237.34,4.12,126.61,-115900000000.0,217000000000.0,-101200000000.0,123700000000.0,-60800000000.0,-493600000000.0,gfz,
202208080344A,2022-08-08T03:44:00,-71.9,-32.77,22.0,5.0,mw,333.0,32.0,64.0,183.0,62.0,105.0,,,,,,,,,,,,,gmt,
202208180210A,2022-08-18T02:10:00,-70.5,-34.42,115.0,5.3,mw,187.0,21.0,-107.0,25.0,70.0,-84.0,24.0,106.0,10.0,201.0,63.0,312.0,-7.255e+16,4620000000000000.0,6.794e+16,-4.239e+16,-7.027e+16,8510000000000000.0,gmt,gcmt:C202208180210A;us:6000ibrs;gfz:625085455
7000i5bb,2022-09-05T07:50:58,-72.2761,-33.4824,18.0,4.9,mwr,334.1,24.33,74.67,170.85,66.59,96.81,68.0,94.0,6.0,348.0,21.0,256.0,1.9187e+16,-4385000000000000.0,-1.4802e+16,955000000000000.0,-1.6561e+16,4254000000000000.0,us,
202209232253A,2022-09-23T22:53:00,-75.62,-41.44,32.0,6.1,mw,190.0,46.0,120.0,330.0,51.0,63.0,69.0,155.0,20.0,353.0,6.0,261.0,1.6026e+18,1.354e+17,-1.738e+18,-5.324e+17,-4.528e+17,3.775e+17,gmt,gcmt:C202209232253A;us:7000iam0;gfz:625210457
202209281513A,2022-09-28T15:13:00,-76.24,-45.83,20.0,5.0,mw,80.0,72.0,-166.0,345.0,77.0,-19.0,,,,,,,,,,,,,gmt,
202209300615A,2022-09-30T06:15:00,-76.27,-45.89,12.0,5.3,mw,345.0,78.0,-8.0,76.0,82.0,-168.0,3.0,33.0,86.0,175.0,2.0,302.0,-4525000000000000.0,4.4238e+16,-3.9712e+16,2906000000000000.0,-6526000000000000.0,-8.9959e+16,gmt,gcmt:C202209300615A;us:6000ipjd;neic:624841970
202210180735A,2022-10-18T07:35:00,-71.44,-30.84,43.0,5.1,mw,350.0,31.0,94.0,166.0,59.0,88.0,84.0,81.0,0.0,350.0,6.0,260.0,3.6104e+16,3592000000000000.0,-3.9697e+16,1361000000000000.0,-8356000000000000.0,7509000000000000.0,gmt,gcmt:C202210180735A;us:6000iuhb
202211050757A,2022-11-05T07:57:00,-73.85,-35.62,20.0,5.0,mw,151.0,56.0,175.0,244.0,86.0,34.0,19.0,281.0,61.0,153.0,21.0,18.0,-3488000000000000.0,-2.6004e+16,2.9491e+16,-7329000000000000.0,1.5739e+16,1.44e+16,gmt,gcmt:C202211050757A;us:7000imnf
202211051212A,2022-11-05T12:12:00,-68.6,-33.54,41.0,5.1,mw,200.0,47.0,115.0,345.0,49.0,66.0,69.0,183.0,21.0,5.0,1.0,275.0,4.9459e+16,1.0244e+16,-5.9704e+16,-1.7476e+16,46000000000000.0,-5445000000000000.0,gmt,gcmt:C202211051212A;us:7000impk;gfz:625127831
202211080851A,2022-11-08T08:51:00,-70.63,-33.62,106.0,5.0,mw,148.0,43.0,164.0,250.0,79.0,48.0,30.0,120.0,40.0,240.0,35.0,6.0,-3707000000000000.0,-1.8064e+16,2.1771e+16,-2.6621e+16,-1.5507e+16,1.7672e+16,gmt,gcmt:C202211080851A;us:7000in91;gfz:625129933
202211130224B,2022-11-13T02:24:00,-73.68,-37.59,21.0,6.3,mw,354.0,18.0,84.0,180.0,72.0,92.0,64.0,85.0,0.0,175.0,26.0,265.0,1.7714e+18,-3.517e+17,-1.4197e+18,1.869e+17,-1.9885e+18,9.96e+16,gmt,gcmt:C202211130224A;gcmt:C202211130224B;us:7000ipe4;gfz:625302257
7000ipec,2022-11-13T03:00:48,-73.7556,-37.4438,19.5,4.9,mww,346.75,12.1,63.04,194.23,79.23,95.55,55.0,111.0,5.0,13.0,34.0,280.0,6500000000000000.0,6151000000000000.0,-1.2651e+16,-5510000000000000.0,-2.3339e+16,-2108000000000000.0,us,
642005252,2022-11-20T22:17:39,-66.638,-27.89,173.0,5.0,mw,168.92,42.26,-64.52,316.14,52.62,-111.35,5.4,61.13,16.82,329.49,72.29,168.33,-2700000000.0,49000000.0,2651000000.0,807000000.0000001,-251000000.0,-1958000000.0,gfz,
202211230853A,2022-11-23T08:53:00,-71.14,-35.5,85.0,5.0,mw,259.0,50.0,0.0,169.0,90.0,140.0,38.0,128.0,47.0,343.0,18.0,233.0,8014000000000000.0,-2636000000000000.0,-5377000000000000.0,-2824000000000000.0,-1.678e+16,2.0454e+16,gmt,us:7000irs5
202212090806A,2022-12-09T08:06:00,-79.82,-44.66,21.0,5.1,mw,259.0,76.0,-171.0,167.0,81.0,-14.0,3.0,213.0,74.0,315.0,16.0,122.0,-3490000000000000.0,2.37e+16,-2.03e+16,5410000000000000.0,1.44e+16,-4.84e+16,gmt,gcmt:C202212090806A;neic:625389022
202212100725A,2022-12-10T07:25:00,-72.11,-33.64,24.0,5.5,mw,16.0,21.0,103.0,182.0,70.0,85.0,69.0,91.0,2.0,187.0,21.0,278.0,1.1583e+17,1.359e+16,-1.2941e+17,-1.032e+16,-1.137e+17,-2.252e+16,gmt,gcmt:C202212100725A;us:6000j8d7;gfz:625391255
202212232003A,2022-12-23T20:03:00,-76.94,-45.56,12.0,5.3,mw,160.0,42.0,-55.0,296.0,57.0,-117.0,4.0,49.0,10.0,318.0,79.0,158.0,-8.9342e+16,3.6972e+16,5.237e+16,2.0001e+16,1574000000000000.0,-4.8968e+16,gmt,gcmt:C202212232003A;us:6000jbc1;gfz:625473691
202212300519A,2022-12-30T05:19:00,-76.63,-45.97,12.0,5.3,mw,76.0,69.0,-168.0,342.0,79.0,-21.0,12.0,207.0,45.0,104.0,42.0,309.0,-5.547e+16,7.44e+16,-1.893e+16,-6.485e+16,-3.427e+16,-8.723e+16,gmt,gcmt:C202212300519A;us:7000j10i;neic:625479457
202301120619A,2023-01-12T06:19:00,-71.5,-30.77,61.0,5.6,mw,353.0,34.0,94.0,168.0,57.0,87.0,77.0,60.0,6.0,176.0,12.0,267.0,2.2525e+17,2.784e+16,-2.5309e+17,2.725e+16,-1.0132e+17,8230000000000000.0,gmt,gcmt:C202301120619A;us:7000j3ty;gfz:625548133
6000jlhg,2023-02-05T01:02:48,-71.2512,-29.6462,70.5,5.5,mww,184.74,45.45,-103.67,23.86,46.18,-76.5,0.0,104.0,10.0,194.0,80.0,12.0,-2.3703e+17,3.855e+16,1.9848e+17,-4.581e+16,8770000000000000.0,4.348e+16,us,gcmt:C202302050102A;gfz:625612741
202302231023A,2023-02-23T10:23:00,-73.38,-34.01,12.0,5.4,mw,29.0,35.0,-96.0,216.0,55.0,-86.0,10.0,305.0,3.0,35.0,79.0,142.0,-2.1498e+17,6.908e+16,1.459e+17,5.488e+16,5.665e+16,9.414e+16,gmt,gcmt:C202302231023A;us:6000jqzy;gfz:625734279
7000jhkz,2023-03-06T07:34:50,-71.6699,-29.704,30.5,5.0,mww,200.51,12.11,-75.84,6.04,78.26,-93.01,33.0,99.0,3.0,7.0,57.0,272.0,-1.3884e+16,-4308000000000000.0,1.8192e+16,-3922000000000000.0,-3.7536e+16,4654000000000000.0,us,gcmt:C202303060734A
202303110235A,2023-03-11T02:35:00,-77.53,-45.69,21.0,5.2,mw,81.0,82.0,-174.0,350.0,84.0,-8.0,1.0,35.0,80.0,134.0,10.0,305.0,-1.24e+16,3.06e+16,-1.83e+16,-3570000000000000.0,-9160000000000000.0,-6.980000000000001e+16,gmt,gcmt:C202303110235A
C202303132250A,2023-03-13T22:50:47,-67.46,-28.1,149.0,5.2,mw,154.0,28.0,-127.0,14.0,68.0,-72.0,21.0,91.0,16.0,187.0,63.0,312.0,-5.04e+16,-2.88e+16,7.92e+16,-1.54e+16,-5.83e+16,-3700000000000000.0,gcmt,gfz:625833058
202303141956A,2023-03-14T19:56:00,-75.44,-38.56,12.0,5.5,mw,205.0,39.0,-71.0,2.0,53.0,-104.0,1.0,285.0,3.0,15.0,87.0,179.0,-2.5584e+17,1.693e+16,2.3891e+17,1.247e+16,3150000000000000.0,6.347e+16,gmt,gcmt:C202303141956A;us:7000jjwt;gfz:625881172
7000jlpd,2023-03-21T17:38:13,-71.3517,-33.6061,66.0,5.5,mwr,99.68,40.64,37.17,339.77,66.83,124.37,55.0,293.0,31.0,145.0,15.0,45.0,1.408e+17,-1.1394e+17,-2.686e+16,6.087e+16,1.7494e+17,7.303e+16,us,gfz:625897876
202303301733A,2023-03-30T17:33:00,-73.7,-35.77,12.0,6.3,mw,14.0,16.0,92.0,192.0,74.0,89.0,63.0,110.0,2.0,16.0,27.0,285.0,2.0787e+18,5.43e+16,-2.133e+18,-8.914e+17,-2.8441e+18,-5.619e+17,gmt,gcmt:C202303301733A;us:6000k0xf;gfz:625930890
C202304041908A,2023-04-04T19:08:50,-70.91,-27.44,59.8,5.9,mw,240.0,27.0,-40.0,7.0,73.0,-111.0,25.0,113.0,20.0,13.0,57.0,250.0,-3.9e+17,-1.07e+17,4.96e+17,-1.09e+17,-6.83e+17,4.3e+17,gcmt,gfz:625945716
202304270607A,2023-04-27T06:07:00,-71.32,-35.66,99.0,5.0,mw,174.0,20.0,-116.0,21.0,72.0,-81.0,18.0,90.0,12.0,184.0,68.0,307.0,-2.9736e+16,-4074000000000000.0,3.381e+16,-7450000000000000.0,-2.2686e+16,-2552000000000000.0,gmt,gcmt:C202304270607A;us:7000jw73
202307091711A,2023-07-09T17:11:00,-70.13,-33.22,108.0,5.6,mw,157.0,37.0,-95.0,343.0,53.0,-86.0,7.0,69.0,3.0,339.0,83.0,227.0,-3.21e+17,-2.086e+16,3.4186e+17,4.288e+16,-7.834e+16,-1.6126e+17,gmt,gcmt:C202307091711A;us:6000kr5g;gfz:635758648
7000kg9g,2023-07-17T03:05:17,-70.5062,-38.0107,190.5,6.6,mww,261.91,24.55,-39.58,28.85,74.65,-109.39,27.0,134.0,19.0,34.0,56.0,274.0,-5.117e+18,3.855e+18,1.262e+18,-4.217e+18,-8.414e+18,5.284e+18,us,gcmt:C202307170305A;gfz:635758658
7000krpr,2023-08-28T23:25:01,-73.2338,-43.8129,87.0,5.0,mwr,5.09,81.72,-99.55,234.55,12.62,-41.23,36.0,103.0,9.0,6.0,52.0,264.0,-1.2683e+16,2016000000000000.0,1.0667e+16,-2483000000000000.0,-4.1565e+16,8101000000000000.0,us,neic:635869461
7000ks3e,2023-08-30T14:17:11,-71.3136,-29.5503,40.5,5.3,mww,10.11,44.4,135.02,135.63,60.36,55.29,59.0,355.0,30.0,155.0,9.0,250.0,7.563e+16,1.801e+16,-9.364e+16,5.077e+16,-1.239e+16,3.891e+16,us,gcmt:C202308301417A;gfz:626716075
202309062348A,2023-09-06T23:48:00,-71.73,-30.34,44.0,6.3,mw,12.0,34.0,107.0,172.0,58.0,79.0,76.0,43.0,10.0,179.0,9.0,270.0,2.9981e+18,-5.83e+16,-2.9397e+18,5.763e+17,-1.0072e+18,-1.135e+17,gmt,gcmt:C202309062348A;us:7000ktti
C202309111337A,2023-09-11T13:37:14,-71.4,-27.18,26.6,5.5,mw,356.0,15.0,90.0,176.0,75.0,90.0,60.0,86.0,0.0,356.0,30.0,266.0,1.28e+17,2.25e+16,-1.51e+17,1.6800000000000002e+16,-2.42e+17,1.25e+16,gcmt,
C202309151807A,2023-09-15T18:07:45,-71.7,-27.42,12.0,5.7,mw,356.0,18.0,83.0,183.0,72.0,92.0,63.0,97.0,2.0,3.0,27.0,272.0,2.33e+17,-2.57e+16,-2.07e+17,-2.44e+16,-3.1e+17,2700000000000000.0,gcmt,
202309170218A,2023-09-17T02:18:00,-75.57,-37.7,29.0,5.2,mw,173.0,43.0,-76.0,335.0,49.0,-102.0,,,,,,,,,,,,,gmt,
7000kw9z,2023-09-17T04:01:49,-71.4572,-29.4108,45.5,5.1,mww,9.35,50.39,-162.99,268.32,76.97,-40.87,17.0,324.0,47.0,74.0,38.0,221.0,-1.6825e+16,1.49e+16,1924000000000000.0,3.171e+16,-5890000000000000.0,4.1362e+16,us,gcmt:C202309170401A
7000l6nl,2023-10-26T21:49:38,-69.9538,-28.8854,100.5,5.4,mww,259.75,23.63,115.77,51.96,68.84,79.23,65.0,304.0,10.0,56.0,23.0,150.0,1.0558e+17,-9.998e+16,-5600000000000000.0,9.336e+16,8.217e+16,-5.926e+16,us,gcmt:C202310262149A
7000l7si,2023-10-31T12:33:46,-71.543,-28.7514,45.5,6.6,mww,349.16,31.38,42.13,221.48,69.55,114.34,58.0,165.0,23.0,33.0,21.0,293.0,6.834e+18,1.085e+18,-7.92e+18,-6.588e+18,-4.499e+18,-2.39e+18,us,gcmt:C202310311233A
202311061351A,2023-11-06T13:51:00,-72.08,-32.99,30.0,5.1,mw,19.0,43.0,109.0,173.0,50.0,73.0,82.0,3.0,7.0,168.0,2.0,258.0,5.0258e+16,8495000000000000.0,-5.8753e+16,5796000000000000.0,-2706000000000000.0,1.4284e+16,gmt,gcmt:C202311061351A;us:7000l951
202311202103A,2023-11-20T21:03:00,-71.55,-30.99,47.0,5.0,mw,331.0,33.0,76.0,167.0,58.0,99.0,76.0,83.0,0.0,174.0,14.0,264.0,2.6648e+16,525000000000000.0,-2.7172e+16,1610000000000000.0,-1.4193e+16,3156000000000000.0,gmt,us:6000lpnu
C202312060158A,2023-12-06T01:58:43,-78.92,-44.62,12.0,5.0,mw,255.0,82.0,-176.0,165.0,87.0,-8.0,3.0,210.0,81.0,322.0,8.0,120.0,-3780000000000000.0,1.83e+16,-1.45e+16,70000000000000.0,4550000000000000.0,-2.82e+16,gcmt,
202312090449A,2023-12-09T04:49:00,-76.09,-45.82,12.0,5.2,mw,78.0,72.0,-166.0,343.0,77.0,-19.0,4.0,213.0,86.0,29.0,0.0,123.0,-2.2894e+16,4.3735e+16,-2.0841e+16,-6971000000000000.0,4862000000000000.0,-7.4131e+16,gmt,gcmt:C202312090449A;us:7000lhnw
202312120100A,2023-12-12T01:00:00,-77.62,-45.75,13.0,5.0,mw,76.0,76.0,-178.0,346.0,89.0,-14.0,,,,,,,,,,,,,gmt,
202312240323A,2023-12-24T03:23:00,-74.12,-38.25,19.0,5.8,mw,359.0,16.0,88.0,181.0,74.0,91.0,59.0,92.0,1.0,184.0,31.0,274.0,3.0091e+17,4.241e+16,-3.4332e+17,-3.632e+16,-6.2792e+17,-3.177e+16,gmt,gcmt:C202312240323A;us:7000ll6h
6000m1cg,2024-01-03T08:04:08,-68.9432,-28.5553,90.5,5.5,mww,311.58,39.66,-108.61,155.2,52.78,-75.18,7.0,235.0,12.0,326.0,76.0,116.0,-1.9738e+17,6.007e+16,1.3731e+17,1570000000000000.0,6.308e+16,-1.2284e+17,us,gcmt:C202401030804A
202401211737A,2024-01-21T17:37:00,-72.35,-33.59,32.0,5.0,mw,359.0,37.0,83.0,189.0,53.0,96.0,,,,,,,,,,,,,gmt,
7000lt1x,2024-01-22T22:30:18,-72.1775,-30.2325,13.5,5.4,mww,342.41,14.19,52.93,200.34,78.72,98.67,55.0,121.0,8.0,19.0,33.0,283.0,7.394e+16,-100000000000000.0,-7.384e+16,-6.479e+16,-1.5231e+17,2930000000000000.0,us,
7000lyi6,2024-02-11T21:14:43,-71.6168,-28.329,30.5,5.4,mww,200.23,36.02,130.17,334.01,63.3,64.87,63.0,203.0,22.0,346.0,15.0,82.0,1.3331e+17,1.55e+16,-1.4881e+17,-8.108e+16,6.856e+16,3900000000000000.0,us,gcmt:C202402112114A
7000lz23,2024-02-14T01:31:46,-71.3142,-28.8042,23.5,5.8,mww,20.44,36.57,126.66,157.63,61.45,66.11,65.0,25.0,21.0,170.0,13.0,265.0,5.0185e+17,2.007e+16,-5.2193e+17,2.6998e+17,-2.3091e+17,-9160000000000000.0,us,gcmt:C202402140131A
7000lzib,2024-02-15T23:59:42,-71.8517,-29.2704,11.5,5.0,mww,14.05,14.9,108.78,174.66,75.91,85.1,59.0,78.0,5.0,176.0,31.0,269.0,1.6802e+16,1754000000000000.0,-1.8556e+16,3635000000000000.0,-3.2404e+16,-1255000000000000.0,us,gcmt:C202402152359A
202403120342A,2024-03-12T03:42:00,-72.67,-33.9,17.0,5.2,mw,357.0,18.0,76.0,192.0,72.0,95.0,53.0,100.0,2.0,8.0,37.0,276.0,1.9333e+16,-5240000000000000.0,-1.4093e+16,-8430000000000000.0,-5.8542e+16,507000000000000.0,gmt,gcmt:C202403120342A;us:7000m4sw
7000m9js,2024-04-03T06:35:00,-73.8259,-36.0643,13.0,4.9,mwr,12.7,38.24,77.79,208.1,52.78,99.46,79.0,158.0,8.0,22.0,7.0,291.0,2.9693e+16,-2023000000000000.0,-2.767e+16,-6513000000000000.0,-6103000000000000.0,-1.1177e+16,us,
202404031351A,2024-04-03T13:51:00,-73.0,-36.97,43.0,5.3,mw,18.0,34.0,108.0,176.0,58.0,78.0,79.0,71.0,3.0,177.0,11.0,268.0,8.18e+16,-1.6612e+16,-6.5188e+16,7009000000000000.0,-2.8578e+16,849000000000000.0,gmt,gcmt:C202404031351A;us:7000m9lk
202405130918A,2024-05-13T09:18:00,-73.31,-35.44,18.0,5.2,mw,16.0,19.0,94.0,192.0,71.0,89.0,60.0,99.0,1.0,191.0,30.0,282.0,3.6539e+16,-1006000000000000.0,-3.5532e+16,-1.2184e+16,-6.448e+16,-9060000000000000.0,gmt,gcmt:C202405130918A;us:6000my8g
6000myfh,2024-05-14T03:18:43,-71.7021,-28.6797,25.5,4.9,mww,165.98,58.68,103.76,320.76,33.92,68.66,73.0,110.0,12.0,339.0,13.0,246.0,1.7344e+16,1723000000000000.0,-1.9067e+16,1643000000000000.0,-1.0187e+16,1.2382e+16,us,
202408182331A,2024-08-18T23:31:00,-74.03,-37.15,15.0,5.1,mw,9.0,20.0,92.0,187.0,70.0,89.0,54.0,90.0,2.0,183.0,36.0,274.0,2.1255e+16,2775000000000000.0,-2.403e+16,-2539000000000000.0,-6.6637e+16,-3277000000000000.0,gmt,gcmt:C202408182331A;us:7000n7us
202408261621A,2024-08-26T16:21:00,-73.85,-44.93,72.0,5.1,mw,235.0,46.0,10.0,138.0,83.0,135.0,37.0,87.0,39.0,320.0,30.0,202.0,4439000000000000.0,-2.8239e+16,2.3801e+16,1.9251e+16,-2.8364e+16,9922000000000000.0,gmt,gcmt:C202408261621A;us:6000nmw5
6000nnvk,2024-08-31T13:04:47,-71.7061,-29.8363,27.0,5.0,mwr,1.52,24.84,92.89,178.34,65.2,88.66,70.0,86.0,1.0,179.0,20.0,269.0,3.1435e+16,4208000000000000.0,-3.5643e+16,1126000000000000.0,-2.8505e+16,162000000000000.0,us,gcmt:C202408311304B
6000npeh,2024-09-03T01:16:46,-76.7354,-45.5919,11.5,4.9,mww,165.66,55.37,-100.55,3.81,36.01,-75.15,10.0,263.0,9.0,172.0,77.0,41.0,-2.263e+16,-718000000000000.0,2.3347e+16,-4560000000000000.0,7731000000000000.0,-2265000000000000.0,us,
202409030121A,2024-09-03T01:21:00,-76.8,-45.56,12.0,5.3,mw,327.0,48.0,-120.0,188.0,50.0,-61.0,13.0,81.0,9.0,173.0,75.0,297.0,-8.664e+16,4260000000000000.0,8.238e+16,-9031000000000000.0,-4.2495e+16,-1.6063e+16,gmt,gcmt:C202409030121A;us:6000npej
6000nq0y,2024-09-06T10:13:00,-69.4882,-28.6948,120.5,5.7,mww,349.59,40.47,88.67,171.34,49.54,91.13,85.0,91.0,1.0,351.0,5.0,261.0,4.1432e+17,-5.131e+16,-3.6301e+17,3480000000000000.0,-6.303e+16,5.404e+16,us,gcmt:C202409061012A
C202409212124A,2024-09-21T21:24:33,-66.85,-32.0,153.2,6.0,mw,115.0,54.0,-134.0,354.0,54.0,-46.0,0.0,55.0,34.0,145.0,56.0,325.0,-7.92e+17,1.19e+17,6.73e+17,-3.58e+17,-2.58e+17,-7.94e+17,gcmt,
202409221846A,2024-09-22T18:46:00,-71.37,-32.01,83.0,5.1,mw,90.0,24.0,-9.0,189.0,86.0,-113.0,47.0,276.0,3.0,183.0,42.0,90.0,3403000000000000.0,2884000000000000.0,-6287000000000000.0,2920000000000000.0,5.4257e+16,2374000000000000.0,gmt,gcmt:C202409221846A;us:6000ntqb
6000ntsj,2024-09-23T02:36:45,-71.1602,-29.7073,60.5,5.4,mww,143.18,48.5,-101.13,339.72,42.71,-77.69,3.0,241.0,8.0,151.0,81.0,350.0,-1.7127e+17,4.851e+16,1.2275e+17,-3.29e+16,800000000000000.0,-5.65e+16,us,gcmt:C202409230236A
C202409240058A,2024-09-24T00:58:53,-65.67,-31.56,174.4,5.0,mw,185.0,67.0,-6.0,278.0,85.0,-157.0,12.0,49.0,66.0,290.0,20.0,144.0,-1.14e+16,-4730000000000000.0,1.6200000000000002e+16,2.01e+16,-3250000000000000.0,-4.99e+16,gcmt,
202410202259A,2024-10-20T22:59:00,-68.73,-30.9,117.0,5.7,mw,178.0,45.0,-106.0,20.0,48.0,-75.0,2.0,97.0,2.0,187.0,87.0,319.0,-4.9615e+17,3.319e+16,4.6296e+17,-2.42e+16,-3.675e+16,5.087e+16,gmt,gcmt:C202410202259A;us:6000nzxj
7000nmum,2024-10-24T11:45:41,-71.851,-28.6901,13.5,4.9,mww,175.93,50.06,111.61,324.25,44.53,66.26,73.0,151.0,16.0,342.0,3.0,251.0,2.3013e+16,1523000000000000.0,-2.4536e+16,-4571000000000000.0,-4326000000000000.0,1.0684e+16,us,
202411030404A,2024-11-03T04:04:00,-69.4,-35.76,197.0,5.5,mw,187.0,26.0,-124.0,44.0,69.0,-75.0,23.0,124.0,9.0,218.0,65.0,327.0,-1.2867e+17,3.487e+16,9.379e+16,-9.826e+16,-8.751e+16,3.861e+16,gmt,gcmt:C202411030404A;us:7000npn0
202411081137A,2024-11-08T11:37:00,-75.63,-46.72,12.0,6.3,mw,10.0,28.0,87.0,193.0,62.0,92.0,73.0,107.0,1.0,13.0,17.0,282.0,3.09e+18,5.9e+16,-3.15e+18,-5.28e+17,-2.04e+18,-6.94e+17,gmt,gcmt:C202411081137A
202411261233A,2024-11-26T12:33:00,-71.45,-30.53,56.0,5.1,mw,3.0,34.0,100.0,171.0,56.0,83.0,77.0,75.0,2.0,172.0,13.0,262.0,4.4428e+16,2787000000000000.0,-4.7214e+16,4454000000000000.0,-2.2596e+16,6826000000000000.0,gmt,gcmt:C202411261233A;us:7000nu8n
202412070626A,2024-12-07T06:26:00,-73.55,-38.97,30.0,5.3,mw,102.0,36.0,53.0,326.0,62.0,114.0,65.0,294.0,23.0,138.0,9.0,44.0,1.0061e+17,-6.015e+16,-4.046e+16,9050000000000000.0,5.881e+16,6.254e+16,gmt,gcmt:C202412070626A;us:7000nwtv
202412132338A,2024-12-13T23:38:00,-70.79,-35.36,115.0,6.4,mw,235.0,20.0,-53.0,16.0,74.0,-103.0,31.0,113.0,8.0,18.0,58.0,275.0,-2.0874e+18,5.091e+17,1.5783e+18,-9.561e+17,-3.8613e+18,1.0976e+18,gmt,gcmt:C202412132338A;us:7000nyqr
6000pfi3,2024-12-24T22:42:34,-67.4617,-28.2519,150.5,5.9,mww,152.05,37.61,-126.88,15.5,60.78,-65.18,12.0,88.0,21.0,183.0,65.0,330.0,-6.2934e+17,-2.7133e+17,9.0067e+17,-1.8988e+17,-3.6263e+17,-8.993e+16,us,gcmt:C202412242242A
6000pgf5,2024-12-30T05:41:06,-71.9768,-29.6598,11.5,5.5,mww,165.23,72.81,89.18,348.01,17.21,92.66,62.0,74.0,1.0,165.0,28.0,256.0,1.112e+17,1.96e+16,-1.308e+17,4.719e+16,-1.7758e+17,3.891e+16,us,gcmt:C202412300541A
202502110224A,2025-02-11T02:24:00,-75.13,-37.33,17.0,5.2,mw,358.0,45.0,-109.0,204.0,48.0,-72.0,0.0,285.0,16.0,15.0,74.0,193.0,-7.4194e+16,-4854000000000000.0,7.9048e+16,1.9012e+16,-3547000000000000.0,2.3157e+16,gmt,gcmt:C202502110224A;us:7000pcsz
202502160708A,2025-02-16T07:08:00,-74.14,-38.6,23.0,5.1,mw,11.0,28.0,94.0,186.0,62.0,88.0,62.0,74.0,7.0,178.0,27.0,271.0,2.1219e+16,1269000000000000.0,-2.2488e+16,3885000000000000.0,-2.9715e+16,-2846000000000000.0,gmt,gcmt:C202502160708A;us:7000pe2h
202502222220A,2025-02-22T22:20:00,-77.05,-45.6,12.0,5.4,mw,79.0,66.0,-174.0,347.0,85.0,-24.0,1.0,33.0,68.0,125.0,22.0,303.0,-2380000000000000.0,6.694e+16,-6.456e+16,-3.868e+16,-6.328e+16,-1.4605e+17,gmt,gcmt:C202502222220A;us:7000pfih
202502241226A,2025-02-24T12:26:00,-77.6,-45.71,15.0,5.1,mw,346.0,79.0,-10.0,78.0,81.0,-169.0,1.0,211.0,75.0,117.0,14.0,302.0,-5120000000000000.0,2.94e+16,-2.42e+16,-8660000000000000.0,-1.15e+16,-5.31e+16,gmt,gcmt:C202502241226A
202503182117A,2025-03-18T21:17:00,-71.42,-30.14,77.0,5.2,mw,2.0,39.0,-104.0,200.0,53.0,-79.0,14.0,261.0,11.0,353.0,72.0,121.0,-8.9528e+16,1.3993e+16,7.5536e+16,1.5486e+16,4.6978e+16,-1.6338e+16,gmt,gcmt:C202503182117A;us:6000pzn5
7000pm5f,2025-03-24T04:35:12,-71.3597,-29.6618,70.5,5.1,mww,145.71,38.45,-91.79,328.0,51.57,-88.58,7.0,57.0,1.0,147.0,83.0,247.0,-5.7999e+16,1.6374e+16,4.1625e+16,6583000000000000.0,-1.2174e+16,-2.8715e+16,us,gcmt:C202503240435A
7000pun2,2025-04-24T03:20:20,-71.5289,-30.7266,23.5,5.1,mww,9.74,32.99,95.09,183.67,57.16,86.7,78.0,83.0,3.0,185.0,12.0,276.0,4.3357e+16,6629000000000000.0,-4.9986e+16,-275000000000000.0,-2.1236e+16,-6506000000000000.0,us,
7000pwdl,2025-05-01T16:04:54,-67.4216,-28.5033,25.5,5.4,mww,145.92,28.37,46.93,12.65,69.69,110.24,60.0,312.0,19.0,185.0,22.0,87.0,8.976e+16,-6780000000000000.0,-8.298e+16,4.795e+16,8.755e+16,2.478e+16,us,
7000px85,2025-05-05T09:46:46,-71.9242,-29.4675,32.0,4.9,mwr,188.49,65.48,103.82,337.83,27.94,62.36,67.0,124.0,13.0,3.0,19.0,268.0,1.965e+16,4563000000000000.0,-2.4213e+16,-4437000000000000.0,-1.7771e+16,2677000000000000.0,us,
7000qa3y,2025-07-02T01:39:56,-72.4855,-33.5723,11.5,5.5,mww,346.81,6.58,63.08,193.89,84.14,92.99,51.0,107.0,3.0,14.0,39.0,281.0,4.854e+16,6130000000000000.0,-5.467e+16,-5.907e+16,-2.3449e+17,-1480000000000000.0,us,gcmt:C202507020139A
6000qx3m,2025-07-31T21:34:30,-70.3976,-34.028,2.0,4.2,mwr,299.19,61.69,110.12,81.5,34.25,57.44,67.0,248.0,18.0,109.0,14.0,15.0,2378300000000000.0,-2312100000000000.0,-66200000000000.0,-1006900000000000.0,1281900000000000.0,339000000000000.0,us,
022876A,nan,-75.57,-40.3,15.0,5.9,mw,13.0,45.0,-85.0,187.0,45.0,-95.0,0.0,280.0,3.0,190.0,87.0,13.0,-8e+17,-2.3e+17,1.03e+18,-3e+16,1e+16,2.3e+17,gmt,gcmt:C022876A;gem:718362
053076A,nan,-75.94,-42.06,15.0,6.1,mw,187.0,44.0,-101.0,23.0,47.0,-79.0,2.0,105.0,8.0,195.0,82.0,4.0,-1.66e+18,8e+16,1.59e+18,-2.4e+17,-3e+16,4.3e+17,gmt,gcmt:C053076A;gem:714840
011177A,nan,-72.1,-31.92,42.0,5.2,mw,5.0,34.0,111.0,160.0,59.0,77.0,73.0,36.0,11.0,167.0,13.0,259.0,7.116e+16,1.044e+16,-8.16e+16,2.177e+16,-3.401e+16,1.407e+16,gmt,gcmt:B011177A;us:B011177A;gem:703413
022277A,nan,-76.35,-45.97,10.0,5.4,mw,261.0,76.0,-168.0,168.0,78.0,-14.0,2.0,215.0,72.0,310.0,18.0,124.0,-7300000000000000.0,6.61e+16,-5.88e+16,3.02e+16,5.34e+16,-1.642e+17,gmt,gcmt:B022277A;us:B022277A;gem:702707
112377A,nan,-67.69,-31.22,21.0,6.7,mw,183.0,44.0,90.0,4.0,46.0,90.0,89.0,289.0,0.0,184.0,1.0,94.0,1.855e+20,8e+17,-1.863e+20,1.3e+18,6.5e+18,-1.19e+19,gmt,gcmt:Z112377A;us:Z112377A;gem:690743
112477A,nan,-68.05,-31.53,46.0,5.6,mw,190.0,34.0,91.0,8.0,56.0,89.0,79.0,275.0,1.0,9.0,11.0,99.0,2.04e+17,1.0049999999999998e+17,-3.046e+17,1.51e+16,1.08e+17,-6.4e+16,gmt,gcmt:B112477A;us:B112477A;gem:690849
112877B,nan,-68.21,-32.02,33.0,5.6,mw,150.0,52.0,27.0,43.0,69.0,139.0,43.0,0.0,45.0,200.0,10.0,100.0,1.298e+17,1.472e+17,-2.77e+17,1.333e+17,5.460000000000001e+16,-5.27e+16,gmt,gcmt:B112877B;us:B112877B;gem:691077
112877C,nan,-67.64,-31.67,15.0,6.1,mw,182.0,21.0,106.0,345.0,70.0,84.0,64.0,246.0,6.0,347.0,25.0,80.0,1.174e+18,2.18e+17,-1.391e+18,-4.24e+17,1.488e+18,2.12e+17,gmt,gcmt:B112877C;us:B112877C;gem:691088
120577B,nan,-68.22,-31.57,32.0,5.7,mw,103.0,65.0,-5.0,195.0,86.0,-154.0,15.0,326.0,64.0,203.0,21.0,61.0,2.46e+16,1.995e+17,-2.241e+17,-2.25e+16,2.3250000000000003e+17,3.903e+17,gmt,gcmt:B120577B;us:B120577B;gem:688709
120677A,nan,-68.11,-31.43,19.0,5.9,mw,181.0,37.0,82.0,11.0,54.0,96.0,80.0,306.0,5.0,187.0,8.0,97.0,6.121e+17,2.788e+17,-8.909000000000001e+17,5.540000000000001e+16,2.254e+17,-1.3700000000000002e+17,gmt,gcmt:B120677A;us:B120677A;gem:688753
010278A,nan,-71.61,-37.96,144.0,5.5,mw,93.0,53.0,-9.0,189.0,83.0,-142.0,20.0,315.0,52.0,198.0,31.0,58.0,-1.84e+16,4.66e+16,-2.82e+16,-1.97e+16,1.21e+17,1.454e+17,gmt,gcmt:B010278A;us:B010278A;gem:687168
011778A,nan,-68.08,-31.53,23.0,6.0,mw,142.0,66.0,12.0,47.0,79.0,156.0,25.0,2.0,64.0,203.0,8.0,96.0,9.75e+16,8.938e+17,-9.913e+17,4.83e+17,1.0940000000000002e+17,-1.401e+17,gmt,gcmt:B011778A;us:B011778A;gem:687916
012078A,nan,-70.04,-34.55,109.0,5.6,mw,183.0,26.0,-98.0,12.0,64.0,-86.0,19.0,99.0,4.0,190.0,70.0,291.0,-2.592e+17,4.56e+16,2.136e+17,-5.36e+16,-1.819e+17,1.94e+16,gmt,gcmt:B012078A;us:B012078A;gem:688047
122178B,nan,-72.57,-36.4,50.0,5.8,mw,101.0,34.0,52.0,324.0,64.0,112.0,64.0,271.0,20.0,134.0,16.0,38.0,5.478e+17,-4.288e+17,-1.19e+17,-1.293e+17,4.274e+17,2.866e+17,gmt,gcmt:B122178B;us:B122178B;gem:672797
032079B,nan,-71.42,-35.79,123.0,5.4,mw,141.0,24.0,-158.0,32.0,81.0,-68.0,33.0,103.0,22.0,208.0,49.0,326.0,-4.52e+16,-2.82e+16,7.35e+16,-8.35e+16,-1.012e+17,-1.7399999999999998e+16,gmt,gcmt:B032079B;us:B032079B;gem:668598
042679A,nan,-72.07,-33.91,34.0,5.9,mw,26.0,25.0,124.0,170.0,70.0,76.0,63.0,57.0,13.0,175.0,23.0,271.0,5.149e+17,1.315e+17,-6.464e+17,1.557e+17,-6.172e+17,-8.55e+16,gmt,gcmt:B042679A;us:B042679A;gem:667197
070679A,nan,-71.63,-32.38,49.0,5.7,mw,166.0,39.0,70.0,11.0,54.0,105.0,75.0,328.0,12.0,182.0,8.0,90.0,4.9160000000000006e+17,-2000000000000000.0,-4.896e+17,1.19e+17,1.409e+17,1.65e+16,gmt,gcmt:B070679A;us:B070679A;gem:661401
083079A,nan,-67.06,-31.4,27.0,5.5,mw,354.0,31.0,35.0,233.0,73.0,116.0,55.0,176.0,25.0,45.0,23.0,303.0,1.052e+17,1.62e+16,-1.214e+17,-1.4039999999999998e+17,-6.47e+16,-6.52e+16,gmt,gcmt:B083079A;us:B083079A;gem:661094
101179B,nan,-71.55,-33.41,44.0,5.4,mw,13.0,24.0,96.0,187.0,66.0,87.0,69.0,92.0,2.0,188.0,21.0,279.0,9.57e+16,1.85e+16,-1.142e+17,-1e+16,-9.56e+16,-2.26e+16,gmt,gcmt:B101179B;us:19791011085556;gem:656945
122679A,nan,-71.5,-35.9,111.0,5.6,mw,199.0,6.0,-66.0,355.0,85.0,-92.0,40.0,87.0,2.0,355.0,50.0,262.0,-2.66e+16,-4.67e+16,7.33e+16,2.32e+16,-2.625e+17,-100000000000000.0,gmt,gcmt:B122679A;us:B122679A;gem:654711
011480E,nan,-69.42,-33.27,15.0,5.6,mw,141.0,69.0,5.0,49.0,85.0,159.0,18.0,3.0,69.0,217.0,11.0,97.0,-1.31e+16,2.734e+17,-2.6030000000000003e+17,1.078e+17,3.83e+16,-4.49e+16,gmt,gcmt:B011480E;us:B011480E;gem:652719
012880C,nan,-76.29,-45.17,15.0,5.4,mw,195.0,27.0,-56.0,338.0,68.0,-106.0,21.0,80.0,15.0,344.0,64.0,221.0,-1.209e+17,-1.82e+16,1.391e+17,6.37e+16,-1.073e+17,-1.12e+16,gmt,gcmt:B012880C;us:B012880C;gem:653427
021480A,nan,-71.56,-32.02,47.0,5.1,mw,226.0,41.0,142.0,346.0,66.0,55.0,55.0,211.0,32.0,2.0,14.0,101.0,2.821e+16,2.153e+16,-4.974e+16,-4430000000000000.0,2.26e+16,-1.689e+16,gmt,gcmt:B021480A;us:B021480A;gem:651166
032980B,nan,-75.86,-43.38,15.0,6.1,mw,185.0,14.0,-119.0,34.0,78.0,-83.0,32.0,119.0,7.0,213.0,57.0,313.0,-5.33e+17,-1.14e+17,6.47e+17,-8.21e+17,-1.21e+18,4.29e+17,gmt,gcmt:B032980B;us:B032980B;gem:650414
061180C,nan,-71.93,-33.03,20.0,5.8,mw,1.0,26.0,87.0,184.0,64.0,91.0,71.0,97.0,1.0,3.0,19.0,273.0,5.183e+17,8.24e+16,-6.008e+17,-3.3700000000000004e+16,-4.4560000000000006e+17,-2.7500000000000004e+16,gmt,gcmt:B061180C;us:B061180C;gem:643390
071380A,nan,-70.49,-33.47,113.0,5.7,mw,102.0,14.0,178.0,195.0,89.0,76.0,44.0,91.0,14.0,195.0,43.0,299.0,6.870000000000001e+16,-1.682e+17,9.95e+16,-4.32e+16,-3.728e+17,-3.1e+16,gmt,gcmt:B071380A;us:B071380A;gem:641755
080380A,nan,-69.82,-35.46,164.0,5.3,mw,2.0,20.0,93.0,179.0,70.0,89.0,65.0,87.0,1.0,180.0,25.0,270.0,7.259e+16,-1.58e+16,-5.678e+16,2270000000000000.0,-7.682e+16,-1120000000000000.0,gmt,gcmt:B080380A;us:B080380A;gem:639605
111080A,nan,-67.55,-31.52,15.0,5.6,mw,133.0,31.0,49.0,358.0,67.0,111.0,62.0,301.0,20.0,170.0,20.0,73.0,2.53e+17,-4.24e+16,-2.106e+17,6.35e+16,2.415e+17,1.167e+17,gmt,gcmt:B111080A;us:B111080A;gem:635300
122580B,nan,-67.19,-31.0,138.0,5.1,mw,173.0,40.0,-106.0,14.0,52.0,-77.0,6.0,94.0,11.0,185.0,78.0,335.0,-4.567e+16,-6899999999999999.0,5.257e+16,-8350000000000000.0,-9030000000000000.0,3730000000000000.0,gmt,gcmt:B122580B;gem:634505
031681A,nan,-71.67,-35.67,60.0,5.3,mw,252.0,46.0,-39.0,11.0,63.0,-129.0,10.0,128.0,34.0,31.0,54.0,232.0,-8.331e+16,2.665e+16,5.667e+16,1.611e+16,-6.269e+16,9.187e+16,gmt,gcmt:B031681A;us:B031681A;gem:629971
032381A,nan,-71.81,-33.96,17.0,6.4,mw,335.0,5.0,73.0,173.0,85.0,91.0,50.0,84.0,1.0,352.0,40.0,261.0,1.027e+18,-5.4000000000000006e+17,-4.87e+17,5.85e+17,-4.676e+18,1.14e+17,gmt,gcmt:B032381A;us:B032381A;gem:630303
040681A,nan,-70.81,-35.36,113.0,5.2,mw,95.0,33.0,163.0,200.0,81.0,58.0,45.0,78.0,31.0,205.0,29.0,315.0,2.323e+16,-2.948e+16,6250000000000000.0,-2.116e+16,-6.902999999999999e+16,-4.644999999999999e+16,gmt,gcmt:B040681A;us:B040681A;gem:627842
121581A,nan,-71.16,-36.13,105.0,5.0,mw,157.0,10.0,-61.0,308.0,81.0,-95.0,36.0,42.0,5.0,309.0,54.0,212.0,-1.102e+16,4370000000000000.0,6650000000000000.0,3.461e+16,-2.7e+16,-1.2609999999999998e+16,gmt,gcmt:B121581A;us:B121581A;gem:607177
060182A,nan,-75.87,-41.69,10.0,6.4,mw,160.0,33.0,-130.0,25.0,65.0,-67.0,17.0,99.0,21.0,195.0,63.0,332.0,-3.372e+18,-8.6e+17,4.232e+18,-1.871e+18,-2.339e+18,3.07e+17,gmt,gcmt:C060182A;us:C060182A;gem:596390
060582A,nan,-76.07,-43.44,23.0,5.3,mw,191.0,29.0,-87.0,8.0,61.0,-91.0,16.0,99.0,1.0,9.0,74.0,275.0,-7.497e+16,-1.0069999999999998e+16,8.504e+16,-6780000000000000.0,-5.132e+16,1.658e+16,gmt,gcmt:B060582A;us:B060582A;gem:596588
090682C,nan,-71.39,-32.08,78.0,5.3,mw,68.0,21.0,-166.0,326.0,85.0,-69.0,37.0,38.0,20.0,144.0,46.0,257.0,-1.786e+16,3.959e+16,-2.173e+16,4.539e+16,-7.859e+16,-1.4990000000000002e+16,gmt,gcmt:B090682C;us:B090682C;gem:591614
022883B,nan,-79.16,-44.78,15.0,6.0,mw,260.0,90.0,180.0,350.0,90.0,0.0,0.0,215.0,90.0,180.0,0.0,125.0,-1.98e+17,4.7e+17,-2.7200000000000003e+17,0.0,0.0,-1.056e+18,gmt,gcmt:B022883B;gem:583758
050983A,nan,-74.45,-41.92,33.0,6.1,mw,358.0,41.0,-118.0,213.0,54.0,-68.0,7.0,287.0,18.0,19.0,71.0,177.0,-1.293e+18,-2.7800000000000003e+17,1.571e+18,4.14e+17,2.52e+17,5.75e+17,gmt,gcmt:B050983A;us:B050983A;neis:575911;gem:575911
091483A,nan,-73.65,-36.4,10.0,5.4,mw,23.0,16.0,131.0,161.0,78.0,79.0,56.0,57.0,11.0,163.0,32.0,260.0,6.26e+16,1.04e+16,-7.3e+16,5.07e+16,-1.2809999999999998e+17,-3400000000000000.0,gmt,gcmt:B091483A;us:B091483A;gem:568350
102183A,nan,-68.61,-30.69,132.0,5.4,mw,323.0,30.0,-143.0,200.0,73.0,-65.0,24.0,271.0,23.0,12.0,56.0,142.0,-9.44e+16,-1.96e+16,1.141e+17,7.46e+16,1.1020000000000002e+17,-2.82e+16,gmt,gcmt:B102183A;us:B102183A;gem:566886
112683D,nan,-79.94,-45.11,15.0,5.8,mw,257.0,90.0,180.0,347.0,90.0,0.0,0.0,212.0,90.0,180.0,0.0,122.0,-5.610000000000001e+16,2.746e+17,-2.1840000000000003e+17,0.0,0.0,-5.172e+17,gmt,gcmt:B112683D
112883A,nan,-77.97,-44.6,10.0,5.5,mw,133.0,18.0,-142.0,7.0,79.0,-76.0,33.0,85.0,14.0,184.0,54.0,294.0,-8.79e+16,-1.5e+16,1.03e+17,-3.71e+16,-2.178e+17,-4.81e+16,gmt,gcmt:B112883A;us:B112883A;gem:565662
121083B,nan,-78.32,-44.73,15.0,5.6,mw,258.0,90.0,180.0,348.0,90.0,0.0,0.0,213.0,90.0,180.0,0.0,123.0,-2.43e+16,1.2529999999999998e+17,-1.01e+17,0.0,0.0,-2.634e+17,gmt,gcmt:B121083B;gem:562664
121583A,nan,-70.56,-33.09,104.0,6.0,mw,202.0,21.0,-78.0,9.0,69.0,-95.0,24.0,102.0,4.0,10.0,65.0,271.0,-8.194000000000001e+17,2.03e+16,7.991e+17,-1.062e+17,-9.358e+17,2.21e+17,gmt,gcmt:B121583A;us:B121583A;neis:562902;gem:562902
041984B,nan,-72.06,-31.74,31.0,5.7,mw,19.0,16.0,120.0,168.0,76.0,82.0,58.0,68.0,8.0,170.0,31.0,265.0,2.0830000000000003e+17,100000000000000.0,-2.084e+17,9.62e+16,-3.809e+17,-1.97e+16,gmt,gcmt:B041984B;us:B041984B;gem:555397
050984A,nan,-70.19,-34.34,108.0,5.3,mw,205.0,31.0,-95.0,31.0,60.0,-87.0,15.0,119.0,3.0,209.0,75.0,309.0,-7.983e+16,1.1279999999999998e+16,6.855000000000001e+16,-2.63e+16,-4.021e+16,4.455e+16,gmt,gcmt:B050984A;us:B050984A;gem:552612
061184A,nan,-71.9,-31.25,44.0,6.2,mw,357.0,36.0,94.0,171.0,54.0,87.0,81.0,68.0,2.0,173.0,9.0,264.0,2.198e+18,2.98e+17,-2.497e+18,1.72e+17,-7.43e+17,3.1e+17,gmt,gcmt:B061184A;us:B061184A;neis:550649;gem:550649
110884B,nan,-71.87,-30.89,42.0,5.5,mw,359.0,40.0,87.0,182.0,50.0,92.0,84.0,109.0,2.0,1.0,5.0,271.0,2.247e+17,3.13e+16,-2.56e+17,-6600000000000000.0,-4.46e+16,-2900000000000000.0,gmt,gcmt:B110884B;us:B110884B;gem:538611
110884E,nan,-68.5,-31.54,144.0,5.3,mw,178.0,45.0,-115.0,32.0,50.0,-67.0,2.0,106.0,17.0,196.0,72.0,8.0,-9.666e+16,2940000000000000.0,9.372e+16,-3.35e+16,570000000000000.0,2.574e+16,gmt,gcmt:B110884E;us:B110884E;gem:538653
112984B,nan,-71.28,-35.42,102.0,5.3,mw,151.0,19.0,-154.0,37.0,82.0,-73.0,35.0,112.0,17.0,214.0,50.0,326.0,-3.752e+16,-2.316e+16,6.068e+16,-7.942e+16,-9.489e+16,2400000000000000.0,gmt,gcmt:B112984B;us:B112984B;gem:540222
012685A,nan,-68.75,-33.11,28.0,5.9,mw,158.0,38.0,65.0,9.0,56.0,108.0,72.0,325.0,15.0,179.0,9.0,86.0,8.699999999999999e+17,1.161e+17,-9.861e+17,2.094e+17,3.349e+17,1.172e+17,gmt,gcmt:B012685A;us:B012685A;neic:535314;gem:535314
022185B,nan,-72.1,-33.37,33.0,5.7,mw,29.0,31.0,127.0,167.0,66.0,70.0,63.0,45.0,18.0,176.0,19.0,272.0,2.69e+17,8.7e+16,-3.56e+17,8.86e+16,-2.473e+17,-4.98e+16,gmt,gcmt:B022185B;us:B022185B;gem:532684
030385A,nan,-71.71,-33.92,41.0,7.2,mw,11.0,26.0,110.0,169.0,66.0,81.0,38.09515725429969,40.06342857730749,20.71563606397144,147.30971686285943,44.6690416493965,259.26213515715807,7.48e+20,4.89e+19,-7.969e+20,1.912e+20,-6.55e+20,2.9e+18,gmt,gcmt:M030385A;us:choy19850303224726;neic:529084;gem:529084
030485B,nan,-72.08,-33.43,10.0,6.3,mw,215.0,24.0,143.0,340.0,76.0,70.0,55.0,225.0,19.0,345.0,28.0,86.0,1.579e+18,7.2e+17,-2.299e+18,-1.231e+18,2.721e+18,-3.16e+17,gmt,gcmt:B030485B;us:B030485B;gem:529115
030485C,nan,-72.75,-34.05,14.0,5.7,mw,26.0,24.0,128.0,165.0,71.0,74.0,61.0,52.0,15.0,170.0,25.0,267.0,2.775e+17,2.64e+16,-3.04e+17,1.3560000000000002e+17,-3.308e+17,-3.95e+16,gmt,gcmt:B030485C;us:B030485C;gem:529148
030485D,nan,-71.81,-33.87,53.0,6.3,mw,21.0,28.0,109.0,179.0,63.0,80.0,70.0,68.0,9.0,184.0,18.0,277.0,2.537e+18,4.36e+17,-2.973e+18,1.97e+17,-2.02e+18,-5.4700000000000006e+17,gmt,gcmt:B030485D;us:B030485D;neic:529154;gem:529154
030485E,nan,-72.06,-32.98,36.0,6.1,mw,16.0,29.0,111.0,172.0,63.0,79.0,70.0,58.0,10.0,177.0,17.0,270.0,1.354e+18,3.95e+17,-1.749e+18,2.38e+17,-1.082e+18,-8.6e+16,gmt,gcmt:B030485E;us:B030485E;gem:529166
030585A,nan,-71.42,-34.18,33.0,5.4,mw,36.0,14.0,126.0,180.0,79.0,82.0,55.0,80.0,8.0,181.0,33.0,277.0,6.16e+16,-2700000000000000.0,-5.89e+16,5400000000000000.0,-1.46e+17,-2.2e+16,gmt,gcmt:B030585A;us:B030585A;gem:529225
030785A,nan,-72.31,-33.34,18.0,5.4,mw,7.0,30.0,107.0,168.0,62.0,81.0,72.0,57.0,8.0,172.0,16.0,265.0,1.529e+17,600000000000000.0,-1.535e+17,3.57e+16,-9.51e+16,6800000000000000.0,gmt,gcmt:B030785A;us:B030785A;gem:529408
031285A,nan,-72.59,-33.23,10.0,5.8,mw,35.0,17.0,123.0,180.0,76.0,81.0,58.0,78.0,9.0,183.0,31.0,278.0,2.572e+17,3.71e+16,-2.943e+17,9600000000000000.0,-5.297e+17,-9.99e+16,gmt,gcmt:B031285A;us:B031285A;gem:529896
031785A,nan,-71.73,-33.22,44.0,6.5,mw,356.0,26.0,91.0,175.0,64.0,90.0,71.0,84.0,0.0,175.0,19.0,265.0,6.243e+18,-1.93e+17,-6.05e+18,4.93e+17,-4.835e+18,5.09e+17,gmt,gcmt:C031785A;us:C031785A;neic:530333;gem:530333
031985A,nan,-71.94,-33.63,36.0,6.6,mw,355.0,24.0,90.0,175.0,66.0,90.0,69.0,85.0,0.0,355.0,21.0,265.0,8.667e+18,-2.99e+17,-8.368e+18,7.19e+17,-7.813e+18,7.49e+17,gmt,gcmt:C031985A;us:C031985A;neic:530501;gem:530501
032385A,nan,-72.82,-34.49,18.0,5.7,mw,26.0,21.0,106.0,189.0,70.0,84.0,65.0,89.0,6.0,191.0,24.0,284.0,2.339e+17,1.17e+16,-2.456e+17,-3.66e+16,-2.87e+17,-8.4e+16,gmt,gcmt:B032385A;us:B032385A;gem:530836
032385B,nan,-72.54,-33.44,10.0,5.5,mw,16.0,46.0,118.0,159.0,51.0,65.0,70.0,5.0,20.0,176.0,3.0,267.0,2.2480000000000003e+17,3.62e+16,-2.61e+17,7.67e+16,-1.97e+16,1.32e+16,gmt,gcmt:B032385B;us:B032385B;gem:530837
032485A,nan,-72.53,-34.44,25.0,5.7,mw,20.0,19.0,114.0,175.0,73.0,82.0,62.0,73.0,8.0,177.0,27.0,271.0,2.235e+17,4.23e+16,-2.658e+17,4.16e+16,-3.454e+17,-3.13e+16,gmt,gcmt:B032485A;us:B032485A;gem:530913
032585A,nan,-72.52,-34.6,24.0,6.3,mw,10.0,20.0,98.0,181.0,70.0,87.0,65.0,86.0,3.0,182.0,25.0,274.0,2.595e+18,-7.9e+16,-2.516e+18,8999999999999998.0,-3.096e+18,-2.45e+17,gmt,gcmt:C032585A;us:C032585A;neic:530954;gem:530954
040385B,nan,-71.5,-32.62,36.0,6.1,mw,18.0,21.0,87.0,201.0,69.0,91.0,66.0,112.0,1.0,20.0,24.0,290.0,1.098e+18,-4e+16,-1.057e+18,-4.66e+17,-1.211e+18,-4.11e+17,gmt,gcmt:B040385B;us:B040385B;neic:526675;gem:526675
041585A,nan,-72.11,-33.64,14.0,5.5,mw,28.0,21.0,127.0,169.0,74.0,77.0,59.0,61.0,12.0,173.0,28.0,270.0,1.218e+17,2.55e+16,-1.473e+17,4.77e+16,-1.908e+17,-2.25e+16,gmt,gcmt:B041585A;us:B041585A;gem:527580
042885A,nan,-71.9,-33.18,30.0,5.6,mw,7.0,22.0,100.0,176.0,69.0,86.0,66.0,78.0,4.0,177.0,24.0,269.0,2.102e+17,1.82e+16,-2.284e+17,2.5e+16,-2.3690000000000003e+17,-3300000000000000.0,gmt,gcmt:B042885A;us:B042885A;gem:528606
042885B,nan,-75.65,-39.99,10.0,5.9,mw,46.0,27.0,-101.0,239.0,64.0,-84.0,18.0,325.0,5.0,57.0,71.0,162.0,-6.473e+17,4.1980000000000006e+17,2.274e+17,4.449e+17,2.264e+17,3.396e+17,gmt,gcmt:B042885B;us:B042885B;neic:528625;gem:528625
051785B,nan,-72.59,-34.19,36.0,5.4,mw,46.0,32.0,143.0,168.0,71.0,63.0,56.0,44.0,25.0,177.0,22.0,278.0,7.91e+16,2.92e+16,-1.083e+17,3.71e+16,-1e+17,-4.18e+16,gmt,gcmt:B051785B;us:B051785B;gem:525206
051985A,nan,-72.54,-34.0,38.0,5.5,mw,20.0,28.0,103.0,185.0,62.0,83.0,72.0,79.0,6.0,188.0,17.0,280.0,1.776e+17,3.58e+16,-2.134e+17,-5300000000000000.0,-1.3839999999999998e+17,-5.32e+16,gmt,gcmt:B051985A;us:B051985A;gem:525400
051985C,nan,-71.81,-30.38,46.0,6.2,mw,359.0,35.0,96.0,172.0,55.0,86.0,79.0,66.0,3.0,174.0,10.0,265.0,2.335e+18,1.12e+17,-2.448e+18,2.17e+17,-8.67e+17,2.17e+17,gmt,gcmt:B051985C;us:B051985C;neic:525455;gem:525455
060285B,nan,-73.76,-37.83,32.0,5.8,mw,347.0,24.0,47.0,212.0,73.0,107.0,59.0,145.0,16.0,27.0,26.0,289.0,4.115e+17,5.649999999999999e+16,-4.68e+17,-3.769e+17,-4.648e+17,-8.28e+16,gmt,gcmt:B060285B;us:B060285B;gem:521719
060985B,nan,-71.68,-33.76,36.0,5.2,mw,347.0,26.0,97.0,159.0,64.0,86.0,71.0,61.0,3.0,161.0,19.0,252.0,7.387e+16,-1.271e+16,-6.116e+16,2.261e+16,-4.975e+16,1.643e+16,gmt,gcmt:B060985B;us:B060985B;gem:522290
061185A,nan,-72.0,-32.57,34.0,5.5,mw,14.0,28.0,103.0,180.0,63.0,83.0,71.0,76.0,6.0,183.0,18.0,275.0,1.501e+17,3.64e+16,-1.866e+17,5000000000000000.0,-1.2330000000000002e+17,-2.45e+16,gmt,gcmt:B061185A;us:B061185A;gem:522399
061485A,nan,-74.92,-40.74,10.0,5.4,mw,223.0,48.0,-62.0,4.0,49.0,-117.0,1.0,113.0,20.0,23.0,70.0,206.0,-1.429e+17,4300000000000000.0,1.3859999999999998e+17,4.34e+16,-2.4e+16,7.18e+16,gmt,gcmt:B061485A;us:B061485A;gem:522688
070585B,nan,-72.43,-33.59,30.0,5.5,mw,348.0,22.0,70.0,190.0,69.0,98.0,65.0,114.0,8.0,7.0,24.0,274.0,1.2410000000000002e+17,1.77e+16,-1.418e+17,-3.26e+16,-1.419e+17,-400000000000000.0,gmt,gcmt:B070585B;us:B070585B;gem:519662
070685B,nan,-72.5,-33.6,21.0,5.5,mw,356.0,27.0,79.0,189.0,63.0,96.0,71.0,112.0,5.0,6.0,18.0,275.0,1.413e+17,2.49e+16,-1.662e+17,-2.29e+16,-1.101e+17,-1.07e+16,gmt,gcmt:B070685B;us:B070685B;gem:519736
070785B,nan,-72.38,-33.02,25.0,6.0,mw,0.0,21.0,96.0,174.0,69.0,88.0,66.0,80.0,2.0,175.0,24.0,266.0,8.042e+17,9.58e+16,-9e+17,1.1279999999999998e+17,-9.207e+17,6.09e+16,gmt,gcmt:B070785B;us:B070785B;gem:519842
071785B,nan,-72.07,-32.71,31.0,5.5,mw,15.0,27.0,115.0,168.0,66.0,78.0,67.0,55.0,11.0,173.0,20.0,267.0,1.623e+17,3.04e+16,-1.927e+17,4.65e+16,-1.431e+17,-1000000000000000.0,gmt,gcmt:B071785B;us:B071785B;gem:520532
080485B,nan,-76.14,-45.37,10.0,5.8,mw,199.0,24.0,-64.0,352.0,68.0,-101.0,23.0,90.0,10.0,356.0,65.0,243.0,-4.184e+17,-1.087e+17,5.271e+17,9.46e+16,-4.773e+17,4.03e+16,gmt,gcmt:B080485B;us:B080485B;gem:517279
081285A,nan,-73.94,-38.45,17.0,6.2,mw,16.0,15.0,111.0,174.0,76.0,84.0,59.0,76.0,5.0,175.0,31.0,268.0,1.11e+18,-5.4e+16,-1.056e+18,2.7800000000000003e+17,-1.977e+18,-1.05e+17,gmt,gcmt:B081285A;us:B081285A;gem:517863
102485A,nan,-68.73,-31.55,124.0,5.5,mw,63.0,44.0,-105.0,263.0,48.0,-76.0,2.0,344.0,10.0,74.0,80.0,244.0,-2.627e+17,2.235e+17,3.91e+16,2.94e+16,-4.62e+16,6.06e+16,gmt,gcmt:B102485A;us:B102485A;gem:514293
110685B,nan,-74.3,-41.0,16.0,5.3,mw,221.0,49.0,-52.0,351.0,53.0,-125.0,3.0,105.0,27.0,14.0,63.0,200.0,-7.53e+16,-1.265e+16,8.795e+16,3.475e+16,-1.689e+16,3.114e+16,gmt,gcmt:B110685B;us:B110685B;gem:510290
010886A,nan,-71.38,-35.83,96.0,5.1,mw,303.0,16.0,0.0,33.0,90.0,-106.0,43.0,138.0,16.0,33.0,43.0,288.0,1380000000000000.0,1.464e+16,-1.602e+16,-3.571e+16,-5.215e+16,9440000000000000.0,gmt,gcmt:B010886A;us:B010886A;gem:505240
020986A,nan,-71.11,-36.24,125.0,5.2,mw,14.0,14.0,92.0,192.0,76.0,89.0,59.0,101.0,1.0,192.0,31.0,282.0,3.297e+16,1.534e+16,-4.832e+16,-1.66e+16,-8.03e+16,-1.481e+16,gmt,gcmt:B020986A;us:B020986A;gem:503210
032686A,nan,-72.22,-34.07,38.0,5.4,mw,5.0,24.0,97.0,177.0,66.0,87.0,69.0,81.0,3.0,178.0,21.0,269.0,1.34e+17,1.11e+16,-1.451e+17,1.02e+16,-1.2609999999999998e+17,-1500000000000000.0,gmt,gcmt:B032686A;us:B032686A;gem:501933
072886B,nan,-72.47,-33.53,18.0,5.7,mw,4.0,22.0,100.0,174.0,68.0,86.0,66.0,77.0,4.0,176.0,23.0,267.0,2.797e+17,2.29e+16,-3.026e+17,3.99e+16,-3.052e+17,6200000000000000.0,gmt,gcmt:B072886B;us:B072886B;gem:491924
090586B,nan,-72.53,-37.05,80.0,5.3,mw,129.0,24.0,174.0,225.0,88.0,66.0,42.0,111.0,24.0,226.0,38.0,336.0,7190000000000000.0,-5.144e+16,4.425e+16,-7.539e+16,-7.451e+16,-8760000000000000.0,gmt,gcmt:B090586B;us:B090586B;gem:485841
112886A,nan,-77.17,-45.53,15.0,5.2,mw,260.0,90.0,180.0,350.0,90.0,0.0,0.0,215.0,90.0,180.0,0.0,125.0,-1.473e+16,3.622e+16,-2.149e+16,0.0,0.0,-7.995e+16,gmt,gcmt:B112886A;us:B112886A;gem:482545
012787A,nan,-72.65,-32.35,15.0,5.5,mw,28.0,32.0,138.0,156.0,69.0,65.0,59.0,31.0,23.0,165.0,20.0,264.0,1.322e+17,6.44e+16,-1.966e+17,8e+16,-1.294e+17,2300000000000000.0,gmt,gcmt:B012787A;us:B012787A;gem:477410
020387A,nan,-73.3,-37.69,28.0,5.8,mw,357.0,16.0,95.0,172.0,74.0,89.0,61.0,80.0,1.0,172.0,29.0,263.0,3.331e+17,4.16e+16,-3.748e+17,8.58e+16,-5.593e+17,4.64e+16,gmt,gcmt:B020387A;us:B020387A;neic:473671;gem:473671
021487D,nan,-76.51,-45.7,15.0,5.9,mw,259.0,76.0,-171.0,167.0,81.0,-14.0,4.0,214.0,74.0,316.0,16.0,123.0,-1.297e+17,3.629e+17,-2.3330000000000003e+17,4.45e+16,1.735e+17,-6.801e+17,gmt,gcmt:B021487D;us:B021487D;gem:474595
051987B,nan,-72.07,-30.71,23.0,6.1,mw,355.0,32.0,88.0,177.0,58.0,91.0,77.0,92.0,1.0,357.0,13.0,266.0,1.578e+18,5.16e+17,-2.0950000000000005e+18,3e+16,-8.73e+17,1.78e+17,gmt,gcmt:B051987B;us:B051987B;gem:467380
080487A,nan,-73.66,-40.63,64.0,5.4,mw,84.0,48.0,32.0,331.0,67.0,133.0,49.0,289.0,39.0,130.0,11.0,31.0,7.807e+16,-9.710000000000002e+16,1.904e+16,-7540000000000000.0,7.233e+16,8.77e+16,gmt,gcmt:B080487A;us:B080487A;gem:459030
091187B,nan,-71.02,-31.67,114.0,5.2,mw,52.0,10.0,-39.0,181.0,84.0,-98.0,38.0,278.0,8.0,182.0,51.0,83.0,-1.804e+16,8580000000000000.0,9470000000000000.0,-1170000000000000.0,6.666e+16,8860000000000000.0,gmt,gcmt:B091187B;us:B091187B;gem:457380
091387C,nan,-70.0,-34.59,15.0,5.9,mw,27.0,58.0,176.0,119.0,87.0,32.0,24.0,348.0,58.0,124.0,20.0,249.0,-2200000000000000.0,5.529e+17,-5.507e+17,4.011e+17,-1.2410000000000002e+17,3.47e+17,gmt,gcmt:B091387C;us:B091387C;neic:457546;gem:457546
123087A,nan,-71.01,-34.74,112.0,5.4,mw,126.0,21.0,-171.0,27.0,87.0,-69.0,38.0,99.0,21.0,206.0,45.0,318.0,-1.7299999999999998e+16,-4.46e+16,6.19e+16,-7.35e+16,-1.365e+17,-2.61e+16,gmt,gcmt:B123087A;us:B123087A;neic:451852;gem:451852
031388A,nan,-73.07,-33.82,15.0,5.8,mw,38.0,28.0,138.0,166.0,72.0,68.0,58.0,47.0,20.0,173.0,24.0,273.0,3.808e+17,1.039e+17,-4.848e+17,1.965e+17,-4.954e+17,-1.2729999999999998e+17,gmt,gcmt:B031388A;us:B031388A;gem:443017
052188B,nan,-71.57,-32.92,15.0,6.1,mw,64.0,4.0,159.0,175.0,89.0,87.0,46.0,81.0,3.0,175.0,44.0,268.0,1.62e+17,-1.3500000000000002e+17,-2.7e+16,1.85e+17,-1.81e+18,-1.23e+17,gmt,gcmt:B052188B;us:B052188B;gem:438437
011589A,nan,-71.72,-31.69,15.0,5.4,mw,336.0,10.0,113.0,133.0,81.0,86.0,54.0,38.0,4.0,134.0,36.0,226.0,5.649999999999999e+16,-1.94e+16,-3.71e+16,1.1319999999999998e+17,-1.002e+17,1.57e+16,gmt,gcmt:B011589A;us:B011589A;gem:415332
022189B,nan,-78.44,-44.96,15.0,5.5,mw,98.0,20.0,-80.0,268.0,71.0,-94.0,26.0,1.0,3.0,269.0,64.0,172.0,-1.3700000000000002e+17,1.607e+17,-2.36e+16,1.85e+17,9600000000000000.0,-7800000000000000.0,gmt,gcmt:B022189B;gem:413481
022489C,nan,-71.83,-39.26,15.0,5.2,mw,110.0,62.0,23.0,9.0,70.0,150.0,35.0,327.0,54.0,159.0,5.0,61.0,2.3650000000000004e+16,2.289e+16,-4.654e+16,4.16e+16,3.467e+16,6.386999999999999e+16,gmt,gcmt:B022489C;us:B022489C;gem:413725
040189A,nan,-70.19,-32.86,119.0,5.3,mw,158.0,18.0,-122.0,10.0,75.0,-80.0,29.0,93.0,9.0,188.0,59.0,294.0,-4.807e+16,-1.821e+16,6.628e+16,-1.821e+16,-9.198e+16,-3970000000000000.0,gmt,gcmt:B040189A;us:B040189A;gem:406297
041389A,nan,-75.07,-39.96,15.0,5.8,mw,204.0,34.0,-51.0,339.0,64.0,-113.0,16.0,86.0,21.0,350.0,63.0,211.0,-4.21e+17,-6.12e+16,4.822e+17,2.237e+17,-2.672e+17,2.3e+16,gmt,gcmt:B041389A;us:B041389A;neic:407160;gem:407160
041789A,nan,-71.85,-30.92,15.0,5.2,mw,351.0,23.0,85.0,176.0,67.0,92.0,68.0,90.0,2.0,355.0,22.0,265.0,4.434e+16,1.649e+16,-6.083e+16,3410000000000000.5,-5.019e+16,7980000000000000.0,gmt,gcmt:B041789A;us:B041789A;gem:407555
040290A,nan,-72.63,-33.04,15.0,5.6,mw,6.0,36.0,106.0,167.0,56.0,79.0,76.0,41.0,9.0,173.0,10.0,265.0,2.918e+17,6.889999999999999e+16,-3.607e+17,5.19e+16,-1.147e+17,3.06e+16,gmt,gcmt:B040290A;us:B040290A;gem:371101
042190B,nan,-73.79,-37.28,20.0,5.8,mw,352.0,17.0,80.0,183.0,73.0,93.0,44.83565089991123,96.9704215770139,3.48709185836258,3.496862917016017,44.95238137092104,270.0091041892947,3.555e+17,2.45e+16,-3.8e+17,-3.99e+16,-5.435e+17,1.29e+16,gmt,gcmt:B042190B;us:choy19900421185452;neic:373223;gem:373223
042290A,nan,-73.6,-38.07,31.0,5.6,mw,347.0,16.0,81.0,177.0,74.0,93.0,61.0,91.0,3.0,356.0,29.0,264.0,1.84e+17,7800000000000000.0,-1.919e+17,1.34e+16,-2.978e+17,2.83e+16,gmt,gcmt:B042290A;us:B042290A;gem:373369
051490C,nan,-71.34,-35.89,92.0,6.1,mw,273.0,40.0,19.0,168.0,78.0,128.0,44.0,115.0,37.0,339.0,24.0,230.0,5.77e+17,-5.92e+17,1.4e+16,-1.64e+17,-1.458e+18,1.059e+18,gmt,gcmt:C051490C;us:C051490C;neic:369309;gem:369309
080290A,nan,-72.2,-32.14,35.0,6.0,mw,2.0,27.0,95.0,177.0,63.0,87.0,72.0,81.0,2.0,178.0,18.0,269.0,1.015e+18,1.09e+17,-1.124e+18,6.5e+16,-7.95e+17,1.3e+16,gmt,gcmt:B080290A;us:B080290A;gem:358190
090490F,nan,-68.66,-30.92,118.0,5.7,mw,215.0,44.0,-92.0,37.0,46.0,-88.0,1.0,126.0,1.0,216.0,88.0,356.0,-4.189e+17,1.276e+17,2.913e+17,-1.53e+16,-8300000000000000.0,2.503e+17,gmt,gcmt:B090490F;us:B090490F;gem:355546
122190F,nan,-69.7,-32.71,130.0,5.4,mw,289.0,47.0,-7.0,24.0,85.0,-137.0,24.0,149.0,47.0,30.0,33.0,256.0,-2.85e+16,9.75e+16,-6.899999999999999e+16,-5.15e+16,-1.004e+17,9.67e+16,gmt,gcmt:B122190F;us:B122190F;gem:348181
081891D,nan,-71.9,-31.95,46.0,5.2,mw,312.0,18.0,37.0,186.0,79.0,105.0,54.0,114.0,15.0,3.0,32.0,263.0,2.802e+16,8050000000000000.0,-3.607e+16,-9880000000000000.0,-7.311e+16,1.715e+16,gmt,gcmt:B081891D;us:B081891D;gem:323269
091591E,nan,-69.96,-31.58,123.0,5.8,mw,262.0,87.0,0.0,172.0,90.0,177.0,2.0,127.0,87.0,351.0,2.0,217.0,1.17e+16,-1.936e+17,1.819e+17,4500000000000000.0,-3.22e+16,6.721e+17,gmt,gcmt:B091591E;us:B091591E;gem:320042
120191C,nan,-69.55,-32.03,114.0,5.4,mw,197.0,46.0,-121.0,58.0,52.0,-62.0,3.0,129.0,22.0,220.0,68.0,32.0,-1.074e+17,2.52e+16,8.21e+16,-2.26e+16,600000000000000.0,1.199e+17,gmt,gcmt:B120191C;us:B120191C;gem:309241
050392B,nan,-71.66,-32.36,61.0,5.5,mw,275.0,4.0,23.0,162.0,88.0,94.0,46.0,75.0,4.0,342.0,43.0,248.0,2.31e+16,-2.9e+16,5900000000000000.0,6.59e+16,-2.0710000000000003e+17,4200000000000001.0,gmt,gcmt:B050392B;us:B050392B;gem:289842
051892B,nan,-72.03,-33.61,15.0,6.1,mw,19.0,8.0,120.0,169.0,83.0,86.0,52.0,75.0,4.0,170.0,38.0,263.0,4.69e+17,-9.7e+16,-3.73e+17,3.37e+17,-1.655e+18,-7.000000000000001e+16,gmt,gcmt:B051892B;us:B051892B;gem:291906
052292A,nan,-72.42,-33.84,34.0,5.5,mw,0.0,21.0,92.0,178.0,69.0,89.0,66.0,87.0,1.0,179.0,24.0,269.0,1.865e+17,-1.54e+16,-1.711e+17,6600000000000000.0,-1.971e+17,1200000000000000.0,gmt,gcmt:B052292A;us:B052292A;gem:292583
110492E,nan,-72.21,-31.98,19.0,6.0,mw,0.0,28.0,93.0,177.0,62.0,89.0,73.0,84.0,1.0,177.0,17.0,268.0,1.076e+18,-2.3e+16,-1.053e+18,5.6e+16,-7.33e+17,3e+16,gmt,gcmt:B110492E;us:B110492E;neic:261004;gem:261004
111792B,nan,-71.63,-30.85,55.0,5.3,mw,0.0,32.0,106.0,161.0,60.0,80.0,73.0,47.0,8.0,166.0,14.0,258.0,9.212999999999998e+16,2540000000000000.0,-9.467e+16,2.521e+16,-4.781e+16,1.776e+16,gmt,gcmt:B111792B;us:B111792B;gem:263067
112892B,nan,-72.08,-31.59,22.0,6.4,mw,51.0,52.0,-177.0,319.0,87.0,-38.0,24.0,12.0,52.0,136.0,28.0,269.0,-8.42e+17,4.764e+18,-3.921e+18,2.736e+18,-2.11e+18,-1.185e+18,gmt,gcmt:C112892B;us:C112892B;neic:264929;gem:264929
122992C,nan,-67.15,-31.55,144.0,5.4,mw,139.0,26.0,-112.0,343.0,66.0,-80.0,21.0,65.0,9.0,159.0,67.0,272.0,-8.853e+16,-1070000000000000.0,8.960000000000002e+16,2.374e+16,-8.882999999999998e+16,-6.148e+16,gmt,gcmt:B122992C;us:B122992C;gem:259890
031793A,nan,-75.37,-38.67,15.0,5.6,mw,224.0,30.0,-37.0,348.0,72.0,-115.0,23.0,96.0,24.0,356.0,56.0,226.0,-1.572e+17,-6.33e+16,2.2040000000000003e+17,7.39e+16,-2.148e+17,7.56e+16,gmt,gcmt:B031793A;us:B031793A;gem:243498
060193C,nan,-77.64,-46.0,15.0,5.9,mw,172.0,73.0,16.0,77.0,75.0,162.0,23.0,34.0,67.0,217.0,1.0,125.0,1.86e+16,2.8650000000000003e+17,-3.051e+17,3.536e+17,-2.281e+17,-7.769e+17,gmt,gcmt:B060193C;us:B060193C;gem:225691
060893F,nan,-69.13,-31.62,124.0,6.3,mw,40.0,41.0,-95.0,226.0,49.0,-86.0,4.0,313.0,3.0,44.0,85.0,172.0,-2.988e+18,1.386e+18,1.601e+18,4.03e+17,2.08e+17,1.768e+18,gmt,gcmt:C060893F;us:C060893F;neic:227125;gem:227125
071693C,nan,-72.56,-33.32,19.0,5.6,mw,7.0,18.0,111.0,164.0,73.0,83.0,62.0,64.0,7.0,167.0,28.0,260.0,1.913e+17,1.27e+16,-2.041e+17,8.7e+16,-2.714e+17,1.82e+16,gmt,gcmt:B071693C;us:B071693C;gem:221514
071793A,nan,-71.58,-30.03,67.0,5.7,mw,342.0,10.0,46.0,207.0,83.0,97.0,52.0,125.0,7.0,26.0,37.0,290.0,9.22e+16,2.48e+16,-1.17e+17,-1.716e+17,-3.34e+17,-1.45e+16,gmt,gcmt:B071793A;us:B071793A;gem:221587
103093E,nan,-68.16,-31.77,126.0,5.8,mw,180.0,41.0,-125.0,43.0,58.0,-64.0,9.0,114.0,22.0,208.0,66.0,3.0,-5.091e+17,-2500000000000000.0,5.116e+17,-2.775e+17,-8.2e+16,2.3570000000000003e+17,gmt,gcmt:B103093E;us:B103093E;gem:205282
041694D,nan,-71.84,-32.23,31.0,5.6,mw,10.0,26.0,108.0,171.0,65.0,81.0,69.0,64.0,8.0,174.0,19.0,267.0,2.35e+17,0.0,-2.35e+17,5.12e+16,-1.875e+17,-3700000000000000.0,gmt,gcmt:B041694D;us:B041694D;gem:177967
042894B,nan,-75.72,-39.95,15.0,5.5,mw,225.0,51.0,-44.0,346.0,57.0,-132.0,3.0,104.0,34.0,12.0,55.0,199.0,-1.66e+17,-6.7e+16,2.33e+17,9.17e+16,-4.85e+16,8.7e+16,gmt,gcmt:B042894B;us:B042894B;gem:179547
061694B,nan,-71.96,-32.99,36.0,5.1,mw,10.0,22.0,112.0,166.0,70.0,81.0,64.0,62.0,8.0,169.0,24.0,263.0,3.409e+16,-2630000000000000.0,-3.146e+16,1.205e+16,-3.362e+16,190000000000000.0,gmt,gcmt:B061694B;us:B061694B;gem:169502
091294B,nan,-72.13,-31.26,47.0,5.9,mw,306.0,21.0,51.0,167.0,74.0,103.0,59.0,95.0,13.0,343.0,28.0,246.0,3.786e+17,-1.14e+16,-3.671e+17,1.391e+17,-6.761e+17,3.028e+17,gmt,gcmt:B091294B;us:B091294B;neic:155708;gem:155708
091494C,nan,-72.09,-31.23,28.0,5.4,mw,26.0,32.0,131.0,160.0,66.0,68.0,62.0,35.0,20.0,170.0,18.0,267.0,1.1140000000000002e+17,3.84e+16,-1.499e+17,5.19e+16,-9.2e+16,-4700000000000000.0,gmt,gcmt:B091494C;us:B091494C;gem:156078
091794D,nan,-72.01,-32.48,19.0,5.7,mw,11.0,26.0,83.0,199.0,64.0,93.0,71.0,117.0,3.0,18.0,19.0,287.0,2.933e+17,5500000000000000.0,-2.988e+17,-8.63e+16,-2.241e+17,-9.24e+16,gmt,gcmt:B091794D;us:B091794D;gem:156469
092294C,nan,-71.9,-32.07,27.0,5.4,mw,61.0,36.0,21.0,314.0,78.0,124.0,46.0,259.0,33.0,126.0,25.0,18.0,6.07e+16,-1.331e+17,7.24e+16,-8.95e+16,1.0169999999999998e+17,3.31e+16,gmt,gcmt:B092294C;us:B092294C;gem:157186
101194A,nan,-71.91,-32.22,58.0,5.7,mw,284.0,33.0,37.0,162.0,71.0,118.0,55.0,108.0,26.0,332.0,21.0,232.0,2.887e+17,-2.085e+17,-8.02e+16,-4.57e+16,-3.705e+17,1.722e+17,gmt,gcmt:B101194A;us:B101194A;neic:148630;gem:148630
102094A,nan,-70.8,-39.19,170.0,5.9,mw,234.0,15.0,161.0,343.0,85.0,76.0,48.0,238.0,14.0,344.0,39.0,86.0,1.434e+17,1.437e+17,-2.87e+17,-2.767e+17,8.699999999999999e+17,-1.3839999999999998e+17,gmt,gcmt:B102094A;us:B102094A;neic:151335;gem:151335
032395B,nan,-72.81,-36.33,15.0,5.5,mw,21.0,6.0,120.0,170.0,85.0,87.0,50.0,77.0,3.0,171.0,40.0,263.0,2.17e+16,2.91e+16,-5.09e+16,3.29e+16,-1.986e+17,2500000000000000.0,gmt,gcmt:B032395B;us:B032395B;gem:115023
042895A,nan,-71.99,-32.06,21.0,5.2,mw,126.0,42.0,61.0,342.0,54.0,114.0,70.0,308.0,19.0,148.0,6.0,56.0,6.829e+16,-3.449e+16,-3.379e+16,2.317e+16,3.162e+16,1.079e+16,gmt,gcmt:B042895A;us:B042895A;gem:111426
060295B,nan,-71.64,-31.72,92.0,5.5,mw,166.0,14.0,-73.0,328.0,76.0,-94.0,31.0,62.0,4.0,330.0,59.0,233.0,-9.64e+16,-1.16e+16,1.08e+17,1.178e+17,-1.934e+17,-7.45e+16,gmt,gcmt:B060295B;us:B060295B;gem:96740
100195A,nan,-71.76,-31.33,90.0,5.4,mw,180.0,18.0,-74.0,344.0,73.0,-95.0,28.0,78.0,5.0,345.0,62.0,246.0,-6.48e+16,-2.24e+16,8.72e+16,3.32e+16,-1.099e+17,-2.14e+16,gmt,gcmt:B100195A;us:19951001125015;gem:72835
100395J,nan,-72.65,-30.86,23.0,5.7,mw,9.0,41.0,104.0,171.0,51.0,79.0,80.0,28.0,9.0,178.0,5.0,269.0,3.541e+17,7.67e+16,-4.308e+17,4.62e+16,-6.879999999999999e+16,4300000000000000.0,gmt,gcmt:B100395J;us:B100395J;gem:73456
112195D,nan,-72.3,-33.33,16.0,5.7,mw,355.0,20.0,84.0,181.0,71.0,92.0,64.0,95.0,2.0,1.0,26.0,270.0,2.851e+17,-1.14e+16,-2.737e+17,-1.4199999999999998e+16,-3.457e+17,9700000000000000.0,gmt,gcmt:B112195D;us:B112195D;gem:70222
021996E,nan,-76.02,-42.45,15.0,6.0,mw,201.0,27.0,-85.0,15.0,63.0,-93.0,18.0,107.0,2.0,16.0,72.0,279.0,-7.382e+17,-1.738e+17,9.12e+17,-1.619e+17,-6.145e+17,3.822e+17,gmt,gcmt:B021996E;us:B021996E;neic:948724;gem:948724
022296C,nan,-72.0,-33.53,50.0,5.9,mw,93.0,40.0,49.0,321.0,61.0,119.0,63.0,278.0,25.0,126.0,11.0,31.0,5.769e+17,-5.615e+17,-1.54e+16,-1.0189999999999998e+17,3.726e+17,3.827e+17,gmt,gcmt:B022296C;us:B022296C;neic:949543;gem:949543
031196C,nan,-71.45,-42.34,134.0,5.3,mw,208.0,13.0,40.0,79.0,82.0,100.0,52.0,0.0,10.0,257.0,36.0,160.0,1.55e+16,-4.06e+16,2.51e+16,1.113e+17,2.84e+16,-3.69e+16,gmt,gcmt:B031196C;us:B031196C;gem:952663
042596A,nan,-71.52,-30.24,73.0,5.2,mw,7.0,42.0,-82.0,177.0,48.0,-97.0,3.0,272.0,5.0,182.0,84.0,34.0,-8.548e+16,1.839e+16,6.708e+16,-9030000000000000.0,8850000000000000.0,2060000000000000.0,gmt,gcmt:B042596A;us:B042596A;gem:960674
081496F,nan,-72.81,-42.36,33.0,5.2,mw,215.0,29.0,-11.0,314.0,85.0,-119.0,33.0,69.0,29.0,317.0,43.0,196.0,-6950000000000000.0,-3.253e+16,3.948e+16,3.276e+16,-5.418999999999999e+16,-2.383e+16,gmt,gcmt:B081496F;us:B081496F;gem:980844
090996A,nan,-71.94,-32.06,49.0,5.9,mw,334.0,40.0,55.0,196.0,58.0,116.0,9.561831584790824,18.808919209886824,45.38547168006586,118.63942839777286,43.03202117094225,279.76100851755336,7.549e+17,2.167e+17,-9.717e+17,-2.657e+17,-3.075e+17,8.27e+16,gmt,gcmt:C090996A;us:pde19960909002039120_39;neic:985382;gem:985382
021097B,nan,-68.31,-32.98,152.0,5.3,mw,317.0,15.0,-31.0,77.0,82.0,-103.0,36.0,178.0,13.0,79.0,51.0,333.0,-2.933e+16,3.393e+16,-4600000000000000.0,-9.537000000000002e+16,-2.647e+16,-1.6220000000000002e+16,gmt,gcmt:B021097B;us:B021097B;gem:1010513
031097A,nan,-71.58,-30.11,50.0,5.6,mw,10.0,38.0,94.0,184.0,52.0,87.0,83.0,75.0,3.0,186.0,7.0,277.0,3.564e+17,-6.62e+16,-2.902e+17,1.09e+16,-8.04e+16,-2.84e+16,gmt,gcmt:B031097A;us:B031097A;gem:1015575
032597A,nan,-70.62,-33.45,90.0,5.5,mw,158.0,59.0,-161.0,58.0,74.0,-33.0,10.0,111.0,54.0,215.0,34.0,14.0,-6.04e+16,-1.123e+17,1.727e+17,-1.1279999999999998e+17,-8000000000000000.0,1.068e+17,gmt,gcmt:B032597A;us:B032597A;gem:1018080
042097B,nan,-70.39,-33.85,116.0,5.6,mw,181.0,13.0,-93.0,4.0,77.0,-89.0,32.0,93.0,1.0,184.0,58.0,275.0,-1.077e+17,-3e+16,1.3779999999999998e+17,-1.85e+16,-2.522e+17,8300000000000000.0,gmt,gcmt:B042097B;us:B042097B;gem:1022732
061997F,nan,-70.19,-33.15,116.0,5.3,mw,150.0,24.0,-137.0,20.0,74.0,-72.0,27.0,95.0,17.0,195.0,57.0,313.0,-7.006e+16,-9930000000000000.0,7.998e+16,-5.121000000000001e+16,-9.756e+16,-1.321e+16,gmt,gcmt:B061997F;us:B061997F;neic:1032843;gem:1032843
070697D,nan,-72.46,-30.26,15.0,5.7,mw,352.0,24.0,80.0,183.0,66.0,95.0,69.0,102.0,4.0,1.0,21.0,269.0,3.727e+17,2.25e+16,-3.952e+17,-3.22e+16,-3.46e+17,1.85e+16,gmt,gcmt:B070697D;us:B070697D;gem:1035721
072197H,nan,-71.79,-30.72,15.0,5.9,mw,29.0,27.0,123.0,173.0,67.0,74.0,64.0,57.0,14.0,179.0,21.0,275.0,5.858e+17,1.049e+17,-6.908e+17,1.44e+17,-5.884e+17,-1.3700000000000002e+17,gmt,gcmt:B072197H;us:B072197H;neic:1038069;gem:1038069
072497A,nan,-72.63,-30.63,15.0,5.7,mw,0.0,31.0,91.0,179.0,59.0,89.0,76.0,86.0,1.0,179.0,14.0,269.0,3.26e+17,2.48e+16,-3.508e+17,7000000000000001.0,-1.768e+17,4800000000000000.0,gmt,gcmt:B072497A;us:B072497A;gem:1038486
072597A,nan,-72.37,-30.54,15.0,6.0,mw,345.0,26.0,78.0,178.0,65.0,96.0,70.0,100.0,5.0,356.0,20.0,264.0,1.158e+18,-8e+16,-1.079e+18,-4.5e+16,-9.27e+17,1.53e+17,gmt,gcmt:C072597A;us:C072597A;neic:1038555;gem:1038555
072597B,nan,-72.3,-30.69,15.0,6.0,mw,358.0,25.0,79.0,191.0,66.0,95.0,69.0,111.0,5.0,8.0,20.0,277.0,1.088e+18,-7.9e+16,-1.01e+18,-2.3e+17,-8.91e+17,-6.2e+16,gmt,gcmt:C072597B;us:C072597B;gem:1038565
072797A,nan,-72.41,-30.64,15.0,6.2,mw,354.0,19.0,86.0,178.0,71.0,91.0,64.0,90.0,1.0,358.0,26.0,267.0,1.917e+18,-1.14e+17,-1.803e+18,5.3e+16,-2.347e+18,1.27e+17,gmt,gcmt:C072797A;us:C072797A;neic:1038836;gem:1038836
081897B,nan,-72.42,-30.08,15.0,5.7,mw,4.0,24.0,96.0,177.0,66.0,87.0,69.0,82.0,3.0,178.0,21.0,269.0,3.147e+17,-1.83e+16,-2.964e+17,2.38e+16,-2.769e+17,-3400000000000000.0,gmt,gcmt:B081897B;us:B081897B;gem:937180
110397G,nan,-71.69,-30.99,51.0,6.1,mw,352.0,31.0,88.0,175.0,59.0,91.0,37.761243907035066,41.56505117707809,22.207654298596463,150.0,43.97664345116371,263.1985905136482,1.804e+18,1.21e+17,-1.926e+18,7.099999999999999e+16,-1.011e+18,2.34e+17,gmt,gcmt:C110397G;us:pde19971103191733810_45;neic:1050658;gem:1050658
110597B,nan,-78.73,-44.54,15.0,5.5,mw,80.0,75.0,-173.0,349.0,84.0,-15.0,6.0,35.0,73.0,146.0,15.0,304.0,-1.4299999999999998e+16,9.97e+16,-8.54e+16,-1.57e+16,-7.48e+16,-2.387e+17,gmt,gcmt:B110597B
121897B,nan,-72.92,-41.99,44.0,5.2,mw,87.0,27.0,37.0,323.0,74.0,112.0,56.0,261.0,21.0,136.0,26.0,35.0,3.339e+16,-3.686e+16,3470000000000000.0,-2.889e+16,4.644e+16,2.567e+16,gmt,gcmt:B121897B;us:B121897B;gem:1059399
011298G,nan,-71.87,-31.25,35.0,6.6,mw,355.0,27.0,91.0,174.0,63.0,90.0,33.33301807416514,31.775708519258217,27.54893097568766,141.8411032817299,44.0907451985512,262.1959265545265,6.913e+18,9.1e+16,-7.004e+18,5.5600000000000006e+17,-5.18e+18,6.83e+17,gmt,gcmt:C011298G;us:pde19980112101407630_34;gem:1063904
011498D,nan,-68.16,-31.82,134.0,5.2,mw,176.0,31.0,-123.0,34.0,65.0,-72.0,18.0,110.0,16.0,206.0,65.0,336.0,-6.84e+16,1.306e+16,5.534e+16,-4.489e+16,-2.975e+16,4830000000000000.0,gmt,gcmt:B011498D;us:B011498D;gem:1064295
050898E,nan,-78.08,-45.15,15.0,5.3,mw,158.0,55.0,-17.0,258.0,76.0,-144.0,14.0,24.0,51.0,275.0,35.0,124.0,-1.777e+16,4.755e+16,-2.9780000000000004e+16,4.944e+16,4.675e+16,-6.467e+16,gmt,gcmt:B050898E;gem:1105435
060798B,nan,-67.77,-31.48,125.0,5.9,mw,148.0,54.0,-145.0,36.0,62.0,-42.0,33.742789116360264,254.50714201769028,55.73632047391157,63.19733241337372,5.267886192150525,160.97602781081537,-4.43e+17,-3.694e+17,8.124e+17,-3.63e+17,-9.25e+16,4.14e+16,gmt,gcmt:B060798B;us:pde19980607161046250_113;neic:1144367;gem:1144367
072998A,nan,-71.67,-32.3,58.0,6.4,mw,181.0,40.0,116.0,329.0,55.0,70.0,38.89253067578455,27.542566630544517,20.40868478590897,135.0086949330978,44.09390416644857,246.1385814718389,4.75e+18,-8.5e+16,-4.666e+18,-1.81e+18,8.31e+17,1.261e+18,gmt,gcmt:C072998A;us:pde19980729071424080_51;neic:1169274;gem:1169274
082498B,nan,-69.32,-32.84,115.0,5.1,mw,102.0,29.0,-106.0,300.0,62.0,-81.0,16.0,24.0,8.0,116.0,72.0,231.0,-4.466e+16,4.109e+16,3570000000000000.0,2.462e+16,-1.851e+16,-1.772e+16,gmt,gcmt:B082498B;us:B082498B;gem:1178523
101098A,nan,-72.48,-33.87,20.0,5.6,mw,352.0,26.0,87.0,175.0,64.0,91.0,71.0,88.0,1.0,355.0,19.0,264.0,2.654e+17,7099999999999999.0,-2.725e+17,1.48e+16,-2.172e+17,3.2e+16,gmt,gcmt:B101098A;us:B101098A;gem:1310998
110698A,nan,-79.34,-44.52,15.0,5.9,mw,256.0,69.0,171.0,349.0,82.0,22.0,21.0,214.0,67.0,9.0,9.0,121.0,-6.36e+16,3.284e+17,-2.648e+17,-2.661e+17,2.818e+17,-6.816e+17,gmt,gcmt:B110698A;gem:1322639
112798D,nan,-69.21,-32.04,129.0,5.4,mw,191.0,45.0,-107.0,35.0,47.0,-74.0,1.0,113.0,12.0,203.0,78.0,19.0,-1.681e+17,1.02e+16,1.579e+17,-3.19e+16,7500000000000000.0,7.67e+16,gmt,gcmt:B112798D;us:B112798D;gem:1326078
121198B,nan,-68.94,-31.52,128.0,5.4,mw,32.0,41.0,-97.0,221.0,49.0,-84.0,4.0,306.0,4.0,37.0,84.0,174.0,-1.3959999999999998e+17,4.11e+16,9.85e+16,2.01e+16,1.26e+16,9.4e+16,gmt,gcmt:B121198B;us:B121198B;gem:1333342
122698A,nan,-75.74,-40.9,15.0,5.5,mw,187.0,18.0,-89.0,6.0,72.0,-90.0,27.0,96.0,0.0,6.0,63.0,275.0,-1.31e+17,-1.7499999999999998e+16,1.485e+17,-2.02e+16,-2.009e+17,1.8e+16,gmt,gcmt:B122698A;us:B122698A;gem:1335721
020599D,nan,-70.56,-34.78,99.0,5.2,mw,126.0,47.0,146.0,241.0,66.0,48.0,51.0,103.0,37.0,261.0,11.0,359.0,4.761999999999999e+16,-6.595e+16,1.833e+16,-2.171e+16,-6.548e+16,1.162e+16,gmt,gcmt:B020599D;us:B020599D;gem:1449023
030599B,nan,-70.25,-34.75,15.0,5.9,mw,170.0,12.0,69.0,12.0,79.0,94.0,56.0,287.0,4.0,191.0,34.0,98.0,3.858e+17,-2.7300000000000004e+16,-3.585e+17,2.023e+17,8.644e+17,4500000000000000.0,gmt,gcmt:B030599B;us:B030599B;gem:1538377
032799B,nan,-71.85,-40.32,15.0,5.4,mw,174.0,72.0,174.0,266.0,85.0,18.0,17.0,132.0,71.0,282.0,9.0,39.0,-1.28e+16,-2e+16,3.27e+16,-5.779999999999999e+16,-3.24e+16,1.7e+17,gmt,gcmt:B032799B;us:B032799B;gem:1546940
042599B,nan,-69.34,-31.91,120.0,5.3,mw,36.0,42.0,-62.0,181.0,54.0,-113.0,6.0,286.0,18.0,194.0,71.0,35.0,-8.96e+16,-2.11e+16,1.1080000000000002e+17,-1.36e+16,2.86e+16,4.53e+16,gmt,gcmt:B042599B;us:B042599B;gem:1627792
043099E,nan,-72.27,-31.9,32.0,5.5,mw,355.0,29.0,81.0,185.0,61.0,95.0,73.0,107.0,4.0,3.0,16.0,272.0,1.789e+17,5.36e+16,-2.3250000000000003e+17,-1.62e+16,-1.296e+17,-4500000000000000.0,gmt,gcmt:B043099E;us:B043099E;gem:1629748
052299A,nan,-70.57,-36.56,164.0,5.3,mw,204.0,12.0,-65.0,359.0,80.0,-95.0,34.0,93.0,5.0,0.0,55.0,263.0,-4.258e+16,1.327e+16,2.93e+16,4500000000000000.0,-9.449e+16,7980000000000000.0,gmt,gcmt:B052299A;us:B052299A;gem:1681383
080299A,nan,-70.1,-33.08,108.0,5.5,mw,141.0,19.0,-151.0,23.0,81.0,-73.0,34.0,99.0,17.0,201.0,51.0,313.0,-5.91e+16,-5.560000000000001e+16,1.147e+17,-8.11e+16,-1.879e+17,-7600000000000000.0,gmt,gcmt:B080299A;us:B080299A;gem:1654910
080499C,nan,-67.98,-31.87,126.0,5.3,mw,155.0,45.0,-139.0,33.0,62.0,-53.0,10.0,98.0,32.0,194.0,56.0,353.0,-8.74e+16,-2.45e+16,1.119e+17,-7.94e+16,-2.44e+16,5600000000000000.0,gmt,gcmt:B080499C;us:B080499C;neic:1654972;gem:1654972
082299A,nan,-75.44,-40.88,15.0,6.4,mw,202.0,45.0,-84.0,14.0,46.0,-96.0,44.6690416493965,40.73786484284193,20.715636063971424,152.69028313714057,38.09515725429969,259.93657142269245,-4.099e+18,-1.79e+17,4.279e+18,2.06e+17,-1.49e+17,1.601e+18,gmt,gcmt:C082299A;us:pde19990822093539470_33;neic:1703360;gem:1703360
092999E,nan,-72.6,-30.94,15.0,5.7,mw,352.0,31.0,87.0,175.0,59.0,92.0,45.000000000000014,270.0,9.57104909328436e-16,0.0,44.99999999999999,90.0,3.346e+17,3.49e+16,-3.696e+17,1.17e+16,-1.935e+17,4.38e+16,gmt,gcmt:B092999E;us:pde19990929180131830_33;neic:1656614;gem:1656614
061600B,nan,-69.92,-33.95,109.0,6.4,mw,219.0,33.0,-67.0,11.0,60.0,-105.0,44.093904166448574,291.13858147183896,20.40868478590902,180.00869493309773,38.8925306757845,72.54256663054446,-3.805e+18,2.61e+17,3.544e+18,3.1e+16,-2.307e+18,1.862e+18,gmt,gcmt:C061600B;us:pde20000616075535390_120;neic:1736564;gem:1736564
122000C,nan,-75.39,-39.36,15.0,6.4,mw,206.0,43.0,-72.0,3.0,50.0,-106.0,44.99999999999999,275.0,5.9237830942258e-14,5.000000000000057,44.99999999999999,95.00000000000011,-4.402e+18,-1.415e+18,5.817e+18,3.74e+17,-8.18e+17,1.941e+18,gmt,gcmt:B122000C;us:pde20001220112354100_11;neic:1743179;gem:1743179
010701C,nan,-72.33,-33.52,21.0,5.9,mw,353.0,23.0,85.0,178.0,67.0,92.0,68.0,92.0,2.0,358.0,22.0,267.0,6.175e+17,4.78e+16,-6.653e+17,8400000000000002.0,-6.367e+17,4.92e+16,gmt,gcmt:B010701C;us:B010701C;neic:1763321;gem:1763321
030301E,nan,-75.45,-39.48,15.0,5.8,mw,228.0,31.0,-43.0,357.0,69.0,-114.0,20.0,105.0,22.0,6.0,59.0,233.0,-4.3840000000000006e+17,-2.72e+16,4.656e+17,1.2809999999999998e+17,-4.8230000000000006e+17,2.492e+17,gmt,gcmt:B030301E
031501G,nan,-72.04,-32.61,42.0,5.9,mw,144.0,38.0,59.0,2.0,58.0,112.0,18.128390911988205,145.71400646480276,40.00490767996682,39.76581116227345,44.42282272991528,254.4294498501203,7.484e+17,-9.79e+16,-6.505e+17,2.455e+17,3.467e+17,2.121e+17,gmt,gcmt:C031501G;us:pde20010315130242110_37;neic:1780686;gem:1780686
050601E,nan,-70.92,-32.95,50.0,5.2,mw,313.0,32.0,42.0,185.0,69.0,115.0,58.0,130.0,23.0,356.0,20.0,257.0,4.154e+16,3490000000000000.0,-4.503999999999999e+16,-1.53e+16,-4.558e+16,2.266e+16,gmt,gcmt:B050601E;us:B050601E;gem:1893261
101201B,nan,-69.04,-33.16,15.0,5.3,mw,222.0,78.0,171.0,314.0,81.0,12.0,15.0,178.0,75.0,349.0,2.0,87.0,-7099999999999999.0,1.041e+17,-9.7e+16,-3.09e+16,2000000000000000.0,7700000000000000.0,gmt,gcmt:B101201B;us:B101201B;gem:2170887
022102D,nan,-67.3,-31.77,134.0,5.4,mw,131.0,33.0,-149.0,15.0,74.0,-61.0,23.0,83.0,28.0,186.0,52.0,319.0,-7.131e+16,-1.059e+16,8.19e+16,-6.245e+16,-9.371e+16,-4.49e+16,gmt,gcmt:B022102D;us:B022102D;gem:2903490
030302A,nan,-76.42,-45.92,15.0,5.9,mw,258.0,83.0,-176.0,168.0,86.0,-7.0,2.0,213.0,82.0,320.0,8.0,123.0,-1.1020000000000002e+17,3.625e+17,-2.522e+17,1.34e+16,9.12e+16,-7e+17,gmt,gcmt:C030302A;us:C030302A;neic:2903943;gem:2903943
052302B,nan,-71.76,-30.91,50.0,5.9,mw,358.0,35.0,89.0,179.0,55.0,91.0,45.00000000000001,265.0,1.828818941841522e-14,355.0,44.99999999999999,85.0,8.037000000000001e+17,1.481e+17,-9.518e+17,1000000000000000.0,-3.216e+17,2.33e+16,gmt,gcmt:B052302B;us:pde20020523155215280_52;neic:3153476;gem:3153476
052402A,nan,-71.52,-32.17,57.0,5.5,mw,9.0,40.0,107.0,167.0,52.0,76.0,77.0,24.0,11.0,176.0,6.0,267.0,2.272e+17,9400000000000000.0,-2.3650000000000003e+17,4.83e+16,-4.6e+16,7700000000000000.0,gmt,gcmt:B052402A;us:B052402A;neic:3153516;gem:3153516
061802C,nan,-71.63,-31.04,57.0,6.4,mw,353.0,29.0,96.0,166.0,61.0,87.0,44.99999999999999,265.0,1.3517357396219947e-14,355.0,44.99999999999999,85.0,4.465e+18,7.8e+16,-4.543e+18,8.09e+17,-2.759e+18,8.68e+17,gmt,gcmt:C061802C;us:pde20020618135622830_54;neic:3192090;gem:3192090
062302A,nan,-71.54,-31.49,91.0,5.2,mw,334.0,42.0,-113.0,184.0,52.0,-71.0,5.0,260.0,15.0,351.0,74.0,152.0,-7.84e+16,-900000000000000.0,7.93e+16,1.928e+16,1.763e+16,-1.657e+16,gmt,gcmt:B062302A;us:B062302A;neic:3187914;gem:3187914
070202D,nan,-68.19,-31.43,27.0,5.5,mw,156.0,40.0,15.0,54.0,81.0,129.0,41.0,1.0,38.0,227.0,25.0,115.0,5.26e+16,9.37e+16,-1.463e+17,1.561e+17,6.08e+16,-5.709999999999999e+16,gmt,gcmt:B070202D;us:B070202D;neic:3208254;gem:3208254
092402B,nan,-69.12,-31.48,120.0,6.2,mw,27.0,39.0,-94.0,212.0,51.0,-87.0,45.000000000000014,305.0,17.3137416939303,196.83657476200855,39.89850481718888,91.72903174807708,-2.633e+18,5.68e+17,2.065e+18,3.91e+17,4.63e+17,1.278e+18,gmt,gcmt:C092402B;us:pde20020924035722280_119;neic:3379719;gem:3379719
093002B,nan,-71.07,-35.17,114.0,5.2,mw,222.0,23.0,-73.0,23.0,68.0,-97.0,23.0,119.0,7.0,26.0,66.0,281.0,-7.017e+16,2.646e+16,4.372e+16,-2.087e+16,-6.472000000000001e+16,2.426e+16,gmt,gcmt:B093002B;us:B093002B;gem:3427294
121202A,nan,-67.28,-31.86,132.0,5.3,mw,245.0,33.0,8.0,148.0,86.0,123.0,40.0,89.0,33.0,326.0,33.0,211.0,1.482e+16,-5.94e+16,4.459e+16,1.236e+16,-8.694000000000002e+16,5960000000000000.0,gmt,gcmt:B121202A;us:B121202A;gem:6256775
122602C,nan,-68.55,-31.46,122.0,5.2,mw,347.0,37.0,-81.0,156.0,54.0,-97.0,9.0,251.0,6.0,160.0,80.0,37.0,-9.987e+16,3.4e+16,6.587e+16,-2.118e+16,1.982e+16,-1.017e+16,gmt,gcmt:B122602C;us:B122602C;gem:6264803
010703A,nan,-70.22,-33.6,113.0,5.7,mw,199.0,28.0,-70.0,356.0,64.0,-100.0,19.0,94.0,9.0,1.0,69.0,246.0,-3.17e+17,-1.92e+16,3.37e+17,4.58e+16,-2.52e+17,4.55e+16,gmt,gcmt:B010703A;us:B010703A;gem:6532247
022803A,nan,-73.56,-35.41,15.0,5.3,mw,26.0,18.0,115.0,180.0,74.0,82.0,60.0,79.0,7.0,182.0,29.0,276.0,6.66e+16,3400000000000000.0,-6.999999999999999e+16,4800000000000000.0,-1.1000000000000002e+17,-1.63e+16,gmt,gcmt:B022803A;us:B022803A;gem:6596544
041403A,nan,-72.9,-35.38,31.0,5.2,mw,18.0,44.0,158.0,124.0,75.0,48.0,44.0,353.0,40.0,137.0,19.0,244.0,3.22e+16,3.19e+16,-6.42e+16,6.36e+16,-1.3800000000000002e+16,3.27e+16,gmt,gcmt:B041403A;us:B041403A;gem:6693106
051803C,nan,-69.18,-31.46,122.0,5.4,mw,43.0,41.0,-82.0,213.0,49.0,-97.0,4.0,308.0,5.0,218.0,84.0,75.0,-1.32e+17,4.6e+16,8.6e+16,3599999999999999.5,2.13e+16,8.31e+16,gmt,gcmt:B051803C;us:B051803C;neic:6843892;gem:6843892
052703D,nan,-68.7,-31.32,128.0,5.5,mw,223.0,37.0,-75.0,25.0,54.0,-101.0,9.0,122.0,9.0,31.0,78.0,256.0,-2.16e+17,6.52e+16,1.51e+17,-6800000000000000.0,-7.59e+16,1.04e+17,gmt,gcmt:B052703D;us:B052703D;neic:6851922;gem:6851922
060203A,nan,-72.4,-33.08,28.0,5.5,mw,9.0,25.0,92.0,187.0,65.0,89.0,70.0,94.0,1.0,187.0,20.0,277.0,1.69e+17,9700000000000000.0,-1.79e+17,-1.57e+16,-1.47e+17,-2.65e+16,gmt,gcmt:B060203A;us:B060203A;gem:6925447
061903D,nan,-72.14,-30.89,27.0,5.6,mw,2.0,26.0,98.0,173.0,64.0,86.0,71.0,74.0,4.0,175.0,19.0,266.0,2.12e+17,1.7000000000000002e+16,-2.29e+17,2.8000000000000004e+16,-1.7e+17,1.16e+16,gmt,gcmt:B061903D;us:B061903D;gem:6941605
062003C,nan,-77.06,-45.72,15.0,5.3,mw,172.0,36.0,-70.0,327.0,56.0,-104.0,10.0,67.0,12.0,335.0,74.0,197.0,-1.07e+17,1.22e+16,9.51e+16,3.83e+16,-2.68e+16,-3.56e+16,gmt,gcmt:B062003C;us:B062003C;gem:6941752
092803G,nan,-71.11,-35.54,105.0,5.1,mw,245.0,17.0,-66.0,39.0,74.0,-97.0,29.0,135.0,7.0,41.0,60.0,299.0,-3.04e+16,1.97e+16,1.07e+16,-2.21e+16,-3.34e+16,2970000000000000.0,gmt,gcmt:B092803G;us:B092803G;gem:7138194
111203C,nan,-75.52,-40.56,22.0,5.5,mw,216.0,33.0,-83.0,27.0,57.0,-95.0,12.0,120.0,4.0,29.0,77.0,281.0,-2.26e+17,5.789999999999999e+16,1.68e+17,-3.6e+16,-9.52e+16,1.05e+17,gmt,gcmt:B111203C;us:B111203C;gem:7182007
112603H,nan,-71.84,-30.19,95.0,5.1,mw,162.0,19.0,-91.0,344.0,71.0,-90.0,26.0,73.0,0.0,164.0,64.0,254.0,-3.67e+16,-1900000000000000.0,3.86e+16,1.4e+16,-4.82e+16,-1.36e+16,gmt,gcmt:B112603H;us:B112603H;gem:7192353
011004D,nan,-71.94,-30.9,59.0,5.6,mw,70.0,48.0,-144.0,314.0,64.0,-48.0,9.0,15.0,37.0,113.0,51.0,273.0,-2.03e+17,2.88e+17,-8.5e+16,1.7399999999999998e+16,-2.57e+17,-6.39e+16,gmt,gcmt:C011004D;us:C011004D;neic:7230932;gem:7230932
011904A,nan,-72.07,-31.85,34.0,5.3,mw,358.0,25.0,95.0,172.0,65.0,88.0,70.0,77.0,2.0,173.0,20.0,264.0,8.86e+16,1.56e+16,-1.04e+17,1.27e+16,-8e+16,1.19e+16,gmt,gcmt:C011904A;us:C011904A;gem:7237228
040304E,nan,-72.35,-30.04,28.0,5.5,mw,320.0,33.0,50.0,185.0,65.0,113.0,62.0,131.0,21.0,355.0,17.0,258.0,1.47e+17,3.18e+16,-1.79e+17,-3.48e+16,-1.3e+17,6.66e+16,gmt,gcmt:C040304E;us:C040304E;neic:7325357;gem:7325357
041504G,nan,-67.55,-30.35,37.0,5.3,mw,185.0,43.0,114.0,334.0,51.0,69.0,74.0,182.0,16.0,348.0,4.0,79.0,1.2e+17,-100000000000000.0,-1.2e+17,-3.92e+16,9500000000000000.0,2.23e+16,gmt,gcmt:C041504G;us:C041504G;gem:7330603
043004A,nan,-70.5,-33.59,102.0,5.0,mw,157.0,35.0,-133.0,26.0,65.0,-64.0,16.0,97.0,23.0,194.0,61.0,335.0,-2.92e+16,-1.07e+16,3.99e+16,-1.6200000000000002e+16,-1.99e+16,2160000000000000.0,gmt,gcmt:C043004A;us:C043004A;gem:7336457
061504B,nan,-73.62,-38.96,33.0,5.9,mw,172.0,52.0,150.0,281.0,67.0,42.0,26.201922948735767,327.21897129272014,37.273196724871205,79.21350376469371,41.45437299199455,211.45419348550132,4.56e+17,-1.93e+17,-2.63e+17,-4.63e+17,-1.58e+17,6.86e+17,gmt,gcmt:C061504B;us:pde20040615111631500_37;neic:7356787;gem:7356787
082804C,nan,-70.36,-35.21,16.0,6.5,mw,21.0,61.0,-178.0,290.0,88.0,-29.0,3.637108743639312e-15,180.0,45.000000000000014,90.0,44.99999999999999,270.0,-2e+17,4.190000000000001e+18,-3.99e+18,3.18e+18,-1.36e+18,4.78e+18,gmt,gcmt:C082804C;us:pde20040828134125600_5;neic:7393947;gem:7393947
090704F,nan,-72.49,-34.1,14.0,5.2,mw,10.0,16.0,105.0,174.0,74.0,86.0,61.0,77.0,4.0,175.0,29.0,267.0,4.33e+16,240000000000000.0,-4.36e+16,9260000000000000.0,-6.91e+16,-1409999999999999.8,gmt,gcmt:C090704F;us:C090704F;gem:7399251
090704I,nan,-72.52,-34.14,14.0,5.7,mw,6.0,10.0,102.0,174.0,80.0,88.0,55.0,81.0,2.0,174.0,35.0,266.0,1.3500000000000002e+17,1.35e+16,-1.48e+17,4.28e+16,-3.76e+17,1500000000000000.0,gmt,gcmt:C090704I;us:C090704I;gem:7399303
092704F,nan,-72.02,-32.72,33.0,5.5,mw,17.0,21.0,109.0,177.0,70.0,83.0,64.0,76.0,6.0,180.0,25.0,273.0,1.29e+17,2.7800000000000004e+16,-1.57e+17,1.22e+16,-1.72e+17,-1.9e+16,gmt,gcmt:C092704F;us:C092704F;gem:7405720
110404D,nan,-76.79,-45.94,19.0,5.2,mw,82.0,73.0,-172.0,349.0,82.0,-17.0,6.0,36.0,71.0,146.0,17.0,304.0,-1.67e+16,3.65e+16,-1.98e+16,-2530000000000000.0,-2.5e+16,-8.38e+16,gmt,gcmt:C110404D;us:C110404D;gem:7430474
120804A,nan,-71.75,-30.97,52.0,5.6,mw,358.0,34.0,91.0,177.0,56.0,89.0,45.00000000000001,265.0,1.828818941841522e-14,355.0,44.99999999999999,85.0,3.16e+17,4.07e+16,-3.56e+17,9200000000000000.0,-1.42e+17,1.7199999999999998e+16,gmt,gcmt:C120804A;us:pde20041208060355590_44;neic:7446656;gem:7446656
121077B,nan,-68.03,-31.28,35.0,5.5,mw,199.0,29.0,117.0,348.0,65.0,76.0,67.0,232.0,13.0,355.0,18.0,89.0,1.13,0.78,-1.9,-0.2,1.14,-0.01,gmt,us:B121077B;gem:688937
082178A,nan,-68.11,-31.79,25.0,5.3,mw,218.0,9.0,79.0,49.0,81.0,92.0,54.0,321.0,2.0,228.0,36.0,137.0,5.1,-2.21,-2.89,8.36,7.07,0.25,gmt,us:B082178A;gem:678318
032380A,nan,-72.08,-30.17,43.0,5.4,mw,1.0,37.0,75.0,200.0,55.0,101.0,77.0,148.0,9.0,14.0,9.0,282.0,1.25,0.13,-1.38,-0.27,-0.39,-0.32,gmt,us:B032380A;gem:650101
032980D,nan,-73.91,-38.05,32.0,5.4,mw,13.0,20.0,106.0,176.0,71.0,85.0,63.0,78.0,5.0,178.0,26.0,271.0,1.17,-0.06,-1.11,0.16,-1.47,-0.1,gmt,us:B032980D;gem:650442
040980B,nan,-67.42,-31.49,15.0,5.3,mw,340.0,37.0,136.0,108.0,65.0,61.0,59.0,336.0,26.0,121.0,15.0,218.0,9.04,-4.14,-4.89,8.31,1.37,5.89,gmt,us:B040980B;gem:647405
082980A,nan,-73.37,-39.75,45.0,5.4,mw,171.0,29.0,140.0,298.0,72.0,67.0,57.0,177.0,22.0,305.0,23.0,45.0,0.83,-0.16,-0.67,-1.05,0.22,0.47,gmt,us:B082980A;gem:640730
072881B,nan,-73.45,-41.97,47.0,5.6,mw,44.0,59.0,17.0,305.0,75.0,148.0,33.0,261.0,55.0,103.0,10.0,357.0,0.64,-2.86,2.22,-0.75,1.73,-0.55,gmt,us:B072881B;gem:624387
091981B,nan,-74.94,-39.45,15.0,5.5,mw,206.0,38.0,-53.0,342.0,61.0,-116.0,12.0,90.0,22.0,355.0,65.0,207.0,-2.07,-0.03,2.09,1.1,-0.93,0.25,gmt,us:B091981B;gem:611767
052584B,nan,-75.86,-43.14,10.0,5.4,mw,185.0,27.0,-98.0,14.0,63.0,-86.0,18.0,101.0,4.0,192.0,71.0,294.0,-1.13,-0.08,1.21,-0.26,-0.84,0.24,gmt,us:B052584B;gem:553729
060384A,nan,-76.55,-45.29,10.0,5.4,mw,320.0,61.0,-161.0,221.0,73.0,-30.0,8.0,272.0,56.0,14.0,33.0,177.0,-0.78,-1.17,1.95,0.42,0.37,0.08,gmt,us:B060384A;gem:550203
033085A,nan,-76.85,-45.34,10.0,5.4,mw,325.0,26.0,-81.0,135.0,64.0,-94.0,19.0,228.0,4.0,137.0,70.0,36.0,-0.97,0.34,0.62,-0.71,0.73,-1.11,gmt,us:B033085A;gem:531377
071185B,nan,-72.32,-32.93,30.0,5.5,mw,2.0,28.0,90.0,182.0,62.0,90.0,73.0,92.0,0.0,182.0,17.0,272.0,1.54,0.2,-1.74,-0.04,-1.08,-0.07,gmt,us:B071185B;gem:520163
082085B,nan,-72.55,-33.97,39.0,5.2,mw,12.0,33.0,104.0,176.0,58.0,81.0,75.0,60.0,8.0,181.0,13.0,272.0,6.39,1.07,-7.45,0.68,-3.34,-0.55,gmt,us:B082085B;gem:518505
081186E,nan,-67.76,-31.19,26.0,5.3,mw,187.0,49.0,167.0,285.0,80.0,41.0,35.0,155.0,48.0,296.0,20.0,50.0,2.67,2.63,-5.3,-8.65,0.05,9.01,gmt,us:B081186E;gem:488434
032387B,nan,-72.84,-34.32,51.0,5.1,mw,31.0,41.0,125.0,169.0,58.0,64.0,66.0,28.0,22.0,184.0,9.0,277.0,5.03,1.46,-6.49,1.57,-2.13,-1.33,gmt,us:B032387B;gem:472852
112987A,nan,-76.57,-45.87,15.0,5.4,mw,154.0,37.0,-95.0,340.0,53.0,-86.0,8.0,68.0,3.0,158.0,81.0,268.0,-1.6,0.07,1.53,0.12,-0.5,-0.73,gmt,us:B112987A;gem:454184
111488C,nan,-72.21,-32.76,51.0,5.1,mw,347.0,27.0,96.0,160.0,63.0,87.0,72.0,62.0,3.0,161.0,18.0,252.0,5.25,-1.42,-3.82,1.41,-3.08,0.76,gmt,us:B111488C;gem:420473
061789A,nan,-75.21,-41.1,15.0,5.6,mw,247.0,34.0,-28.0,1.0,75.0,-121.0,24.0,115.0,29.0,10.0,51.0,237.0,-1.32,0.53,0.79,0.8,-2.14,1.23,gmt,us:B061789A;gem:402233
101190A,nan,-72.07,-34.17,15.0,5.4,mw,329.0,11.0,58.0,182.0,81.0,96.0,54.0,99.0,6.0,1.0,36.0,267.0,0.53,-0.06,-0.47,-0.1,-1.54,0.14,gmt,us:B101190A;gem:353223
051891A,nan,-75.45,-40.59,15.0,5.4,mw,242.0,61.0,-27.0,346.0,67.0,-149.0,3.0,113.0,52.0,18.0,38.0,206.0,-0.71,-0.58,1.29,0.54,-0.39,1.01,gmt,us:B051891A;gem:332596
060391B,nan,-75.75,-40.77,15.0,5.6,mw,345.0,46.0,-146.0,229.0,66.0,-49.0,12.0,291.0,37.0,30.0,51.0,187.0,-1.48,-0.94,2.41,0.71,0.74,1.42,gmt,us:B060391B;gem:327840
041092B,nan,-71.7,-33.68,32.0,5.1,mw,248.0,57.0,-172.0,154.0,83.0,-33.0,18.0,205.0,56.0,323.0,28.0,106.0,-0.01,3.59,-3.57,-0.09,3.5,-2.81,gmt,us:B041092B;gem:295253
010193C,nan,-71.66,-31.93,22.0,5.3,mw,356.0,19.0,92.0,174.0,71.0,89.0,64.0,83.0,1.0,174.0,26.0,265.0,7.02,-1.06,-5.96,0.93,-8.22,0.41,gmt,us:B010193C;gem:250004
120493E,nan,-72.22,-33.57,29.0,5.6,mw,35.0,16.0,140.0,163.0,80.0,77.0,54.0,58.0,12.0,165.0,34.0,264.0,1.16,0.18,-1.33,1.02,-2.76,-0.32,gmt,us:B120493E;gem:192021
070195B,nan,-72.84,-34.14,30.0,5.2,mw,7.0,24.0,108.0,168.0,67.0,82.0,67.0,64.0,7.0,171.0,22.0,264.0,5.97,-1.03,-4.93,1.75,-5.08,-0.06,gmt,us:B070195B;gem:91688
091795B,nan,-74.47,-35.61,15.0,5.6,mw,184.0,42.0,-124.0,46.0,56.0,-63.0,7.0,117.0,22.0,210.0,67.0,10.0,-16100000000.0,9800000000.0,6300000000.0,-2100000000.0,4200000000.0,10600000000.0,gmt,us:B091795B;neic:84590;gem:84590
060997C,nan,-71.83,-32.08,67.0,5.1,mw,266.0,39.0,-9.0,3.0,85.0,-129.0,29.0,123.0,38.0,7.0,38.0,239.0,-1.05,-0.14,1.19,-0.84,-4.72,4.08,gmt,us:B060997C;gem:1031336
070497E,nan,-76.92,-45.63,15.0,5.2,mw,264.0,90.0,-180.0,354.0,90.0,0.0,0.0,219.0,90.0,180.0,0.0,129.0,-2.35,2.97,-0.62,0.0,0.0,-7.98,gmt,us:B070497E;gem:1035413
072297A,nan,-72.38,-30.71,15.0,5.4,mw,14.0,21.0,59.0,227.0,72.0,101.0,61.0,154.0,11.0,43.0,26.0,308.0,1.11,-0.33,-0.78,-1.04,-0.63,-0.04,gmt,us:B072297A;gem:1038086
072997A,nan,-72.96,-30.87,42.0,5.2,mw,340.0,46.0,65.0,194.0,49.0,114.0,72.0,173.0,18.0,358.0,2.0,268.0,4.94,3.32,-8.25,-0.57,-0.39,0.48,gmt,us:B072997A;gem:1039123
080697D,nan,-71.89,-30.67,15.0,5.5,mw,339.0,5.0,63.0,186.0,85.0,92.0,50.0,99.0,2.0,6.0,40.0,274.0,0.61,-0.33,-0.27,-0.3,-2.52,0.12,gmt,us:B080697D;gem:935350
110997B,nan,-72.18,-30.06,32.0,5.3,mw,325.0,29.0,32.0,206.0,75.0,115.0,53.0,146.0,24.0,19.0,26.0,276.0,4.7,1.82,-6.52,-4.82,-6.35,1.12,gmt,us:B110997B;gem:1051658
060698B,nan,-73.2,-36.56,15.0,5.2,mw,341.0,12.0,65.0,186.0,79.0,95.0,56.0,103.0,5.0,5.0,34.0,272.0,4.21,-1.83,-2.37,-1.25,-7.86,0.67,gmt,us:B060698B;gem:1144164
091198A,nan,-71.55,-30.46,37.0,5.1,mw,337.0,47.0,52.0,207.0,55.0,124.0,62.0,175.0,27.0,5.0,4.0,273.0,4.04,-0.38,-3.65,-3.16,-0.38,0.04,gmt,us:B091198A;gem:1204108
102998B,nan,-70.46,-32.56,110.0,5.3,mw,165.0,47.0,164.0,266.0,78.0,44.0,39.0,135.0,45.0,278.0,19.0,29.0,3.04,-3.98,0.93,-6.5,-1.91,7.3,gmt,us:B102998B;gem:1314302
081299C,nan,-76.72,-45.37,15.0,5.5,mw,6.0,40.0,-20.0,111.0,77.0,-128.0,23.0,230.0,37.0,121.0,44.0,344.0,-0.69,-0.29,0.98,-1.55,0.12,-1.02,gmt,us:B081299C;gem:1655100
110399D,nan,-73.93,-37.7,15.0,5.3,mw,28.0,7.0,132.0,166.0,85.0,85.0,50.0,71.0,5.0,167.0,39.0,261.0,0.28,-0.04,-0.23,0.31,-1.2,-0.07,gmt,us:B110399D;gem:1649152
110399E,nan,-73.64,-37.7,33.0,5.2,mw,96.0,55.0,179.0,187.0,89.0,35.0,25.0,57.0,55.0,188.0,24.0,316.0,-0.66,-1.53,2.18,0.69,-4.88,-6.42,gmt,us:B110399E;gem:1649160
112099B,nan,-72.66,-30.79,32.0,5.2,mw,11.0,40.0,106.0,171.0,52.0,77.0,78.0,31.0,10.0,179.0,6.0,270.0,6.43,0.36,-6.79,1.13,-1.43,-0.19,gmt,us:B112099B;gem:1651272
032600A,nan,-72.16,-32.5,49.0,5.2,mw,330.0,30.0,55.0,189.0,66.0,108.0,64.0,129.0,16.0,1.0,19.0,266.0,4.77,0.62,-5.39,-1.46,-4.2,1.1,gmt,us:B032600A;gem:1733894
072401E,nan,-72.17,-33.22,52.0,5.2,mw,334.0,40.0,87.0,158.0,50.0,93.0,84.0,88.0,2.0,336.0,5.0,246.0,0.0,0.0,0.0,0.0,0.0,0.0,gmt,us:B072401E;neic:1954553;gem:1954553
102301I,nan,-76.47,-43.39,29.0,5.1,mw,232.0,45.0,-27.0,342.0,71.0,-132.0,16.0,101.0,39.0,358.0,47.0,209.0,-2.94,-2.39,5.33,1.75,-3.09,2.28,gmt,us:B102301I;gem:2254868
110301B,nan,-72.02,-36.19,100.0,5.1,mw,274.0,33.0,25.0,163.0,77.0,120.0,49.0,106.0,29.0,335.0,26.0,230.0,2.27,-2.24,-0.02,-0.09,-4.58,2.28,gmt,us:B110301B;gem:2317685
110601A,nan,-71.68,-30.53,66.0,5.1,mw,352.0,37.0,88.0,174.0,53.0,91.0,82.0,90.0,1.0,354.0,8.0,263.0,4.89,0.8,-5.68,0.04,-1.58,0.77,gmt,us:B110601A;gem:2299223
042702B,nan,-67.78,-31.72,49.0,5.2,mw,341.0,41.0,31.0,227.0,71.0,127.0,50.0,178.0,34.0,33.0,17.0,291.0,3.96,3.01,-6.96,-2.95,-3.42,-3.79,gmt,us:B042702B;gem:3004621
103102F,nan,-75.39,-40.56,15.0,5.1,mw,244.0,43.0,-61.0,27.0,53.0,-114.0,5.0,134.0,19.0,43.0,70.0,239.0,-5.78,3.04,2.73,0.91,-2.36,2.88,gmt,us:B103102F;gem:3522120
060104D,nan,-68.23,-32.23,38.0,5.0,mw,347.0,39.0,112.0,140.0,54.0,73.0,74.0,0.0,14.0,150.0,8.0,242.0,3.44,0.13,-3.57,1.03,-0.78,2.7,gmt,us:C060104D;gem:7351765
090804A,nan,-72.4,-34.13,15.0,5.1,mw,359.0,23.0,98.0,170.0,67.0,86.0,68.0,73.0,3.0,171.0,22.0,262.0,3.47,0.17,-3.64,0.74,-3.44,0.42,gmt,us:C090804A;gem:7399593
091004D,nan,-73.24,-38.06,12.0,5.2,mw,30.0,48.0,62.0,248.0,49.0,118.0,70.0,228.0,20.0,49.0,1.0,319.0,0.82,-0.48,-0.33,-0.21,0.22,-0.52,gmt,us:C091004D;gem:7400346
091204C,nan,-70.15,-34.31,12.0,5.3,mw,162.0,44.0,114.0,310.0,50.0,68.0,73.0,156.0,17.0,324.0,3.0,55.0,1.09,-0.31,-0.78,-0.34,-0.08,0.59,gmt,us:C091204C;gem:7400830
110404C,nan,-76.9,-46.0,18.0,5.0,mw,88.0,61.0,-158.0,347.0,71.0,-31.0,7.0,40.0,54.0,139.0,35.0,305.0,-1.39,1.4,-0.01,-0.32,-1.34,-2.96,gmt,us:C110404C;gem:7430468
010903G,nan,-79.54,-44.66,15.0,5.9,mw,169.0,84.0,-2.0,259.0,88.0,-174.0,,,,,,,,,,,,,gmt,
060481A,nan,-78.12,-34.76,26.0,5.1,mw,207.0,42.0,-41.0,330.0,64.0,-124.0,,,,,,,,,,,,,gmt,
071802D,nan,-79.75,-44.72,15.0,5.2,mw,246.0,34.0,42.0,119.0,68.0,117.0,,,,,,,,,,,,,gmt,
100192D,nan,-74.96,-39.04,15.0,5.5,mw,35.0,42.0,-51.0,167.0,58.0,-120.0,,,,,,,,,,,,,gmt,
100998B,nan,-76.5,-47.21,15.0,5.1,mw,19.0,46.0,138.0,142.0,61.0,52.0,,,,,,,,,,,,,gmt,
110103B,nan,-68.18,-35.48,50.0,5.1,mw,250.0,65.0,-164.0,153.0,75.0,-26.0,,,,,,,,,,,,,gmt,
121498D,nan,-71.25,-38.28,146.0,5.9,mw,250.0,8.0,-6.0,346.0,89.0,-98.0,,,,,,,,,,,,,gmt,
