id,time_iso,longitude,latitude,depth,mag,mag_type,strike1,dip1,rake1,strike2,dip2,rake2,T_plunge,T_azimuth,N_plunge,N_azimuth,P_plunge,P_azimuth,Mrr,Mtt,Mpp,Mrt,Mrp,Mtp,source,class
718362,1976-02-28T16:27:11,-74.938,-39.979,15.0,5.92,mw,13.0,45.0,-85.0,187.0,45.0,-95.0,44.94549303233436,279.46670640184016,45.000000000000114,102.9999999999966,1.767486394605876,11.23167201047272,-0.8,-0.23,1.03,-0.03,0.01,0.23,gem,intra_slab
714840,1976-05-30T03:08:53,-75.479,-41.493,15.0,6.09,mw,23.0,47.0,-79.0,187.0,44.0,-101.0,44.71812621806434,285.24335354643136,43.50121317153992,85.24675940341228,10.151791173494509,185.03043265676348,-1.66,0.08,1.59,-0.24,-0.03,0.43,gem,outer_rise
703413,1977-01-11T07:02:35,-71.704,-31.775,27.0,5.23,mw,5.0,34.0,111.0,160.0,59.0,77.0,36.30714564942775,35.935484408489174,23.591020514025843,144.65126343914346,44.38327846631126,259.95401093532064,7.12,1.04,-8.16,2.18,-3.4,1.41,gem,slab_interface
703930,1977-01-25T00:50:49,-68.377,-33.597,15.8,5.32,mw,180.0,45.0,147.0,295.0,67.0,50.0,19.71868056531342,158.99682294590718,44.99999999999999,270.0,38.41972479212712,52.4809520919103,,,,,,,gem,backarc
702707,1977-02-22T14:10:07,-75.316,-45.565,10.0,5.45,mw,168.0,78.0,-14.0,261.0,76.0,-168.0,17.453515997773003,34.66646103734331,72.50072496006284,210.3899641353723,1.2256678185928165,304.28104071761544,-0.07,0.66,-0.58,0.3,0.53,-1.64,gem,unclassified
691406,1977-10-05T04:34:10,-70.968,-28.341,50.2,5.48,mw,16.0,36.0,113.0,168.0,57.0,74.0,32.47200810937245,37.88054558545576,28.37231123089134,147.9826389912513,44.19418134739383,269.65707085843025,1.7,0.28,-1.98,0.4,-0.74,-0.06,gem,intra_slab
690743,1977-11-23T09:26:26,-67.839,-31.119,15.0,7.45,mw,4.0,46.0,90.0,183.0,44.0,90.0,45.00000000000001,94.00000000000084,4.2097088515867364e-13,4.000000000000398,45.00000000000001,274.0,1.85,0.01,-1.86,0.01,0.07,-0.12,gem,backarc
690849,1977-11-24T18:20:15,-67.773,-31.383,15.0,5.57,mw,8.0,56.0,89.0,190.0,34.0,91.0,44.91779784823356,94.30067072202657,2.211463542456513,186.50743902880623,44.99688785103194,278.72031115474226,2.04,1.0,-3.04,0.15,1.08,-0.64,gem,backarc
691077,1977-11-28T04:19:34,-67.75,-31.701,20.0,5.58,mw,43.0,69.0,139.0,150.0,52.0,27.0,13.880671131954417,180.21630513931163,51.64514435036911,72.01906184531833,34.9094275209434,280.14669964933864,1.3,1.47,-2.77,1.33,0.55,-0.53,gem,backarc
691088,1977-11-28T06:31:29,-67.362,-31.498,15.0,6.14,mw,182.0,21.0,106.0,345.0,70.0,84.0,44.21644745463169,244.91743979021305,7.4122300267888175,342.1896754774277,44.82988731725938,79.6202154440245,1.17,0.22,-1.39,-0.42,1.49,0.21,gem,backarc
688709,1977-12-05T15:43:28,-68.05,-31.098,17.5,5.74,mw,103.0,65.0,-5.0,195.0,86.0,-154.0,20.084875906812083,326.432983127141,64.80686367935364,185.4203391049133,14.5676810362607,61.88569294105412,0.25,2.0,-2.24,-0.23,2.33,3.9,gem,backarc
688753,1977-12-06T17:05:07,-68.046,-31.28,17.5,5.87,mw,11.0,54.0,96.0,181.0,37.0,82.0,41.20579168422248,125.97167044117111,15.100339088592031,22.305532513653134,44.894714285001136,276.7104463776212,6.12,2.79,-8.9,0.55,2.25,-1.37,gem,backarc
688770,1977-12-07T00:32:38,-67.391,-28.724,140.0,5.46,mw,148.0,42.0,-82.0,318.0,48.0,-97.0,44.87483001610005,52.34315972973707,32.4734463734378,283.0236533697507,27.54906560379849,173.63394418912037,-1.84,0.64,1.2,0.24,-0.05,-1.02,gem,slab_deep
688937,1977-12-10T07:11:53,-67.786,-31.251,10.0,5.46,mw,199.0,29.0,117.0,348.0,65.0,76.0,39.28333639089884,231.96957453165305,19.63467027639812,338.9375009253859,44.2094048856439,89.24471282431693,1.13,0.78,-1.9,-0.2,1.14,-0.01,gem,backarc
687168,1978-01-02T08:27:42,-71.106,-38.141,131.1,5.46,mw,93.0,53.0,-9.0,189.0,83.0,-142.0,28.62834789913933,315.1107038793362,52.92770706911868,178.85093600555433,21.45876655418173,57.50078233943361,-0.18,0.47,-0.28,-0.2,1.21,1.45,gem,slab_deep
687916,1978-01-17T11:33:15,-68.126,-31.329,19.5,5.96,mw,47.0,79.0,156.0,142.0,66.0,12.0,9.212729298752723,182.30032961712783,65.1423864050912,71.80738002861688,22.87256253731264,276.22364957893694,0.97,8.94,-9.91,4.83,1.09,-1.4,gem,backarc
688047,1978-01-20T04:42:55,-70.45,-34.456,107.2,5.6,mw,12.0,64.0,-86.0,183.0,26.0,-98.0,44.93695091798258,279.011350970108,5.821685450541441,14.850413378983262,44.47352489455501,110.59545555138448,-2.59,0.46,2.13,-0.54,-1.82,0.19,gem,slab_deep
686607,1978-02-17T06:43:29,-71.347,-28.737,40.5,5.33,mw,18.0,77.0,109.0,141.0,23.0,35.0,40.05176621308839,131.14366994350104,20.400283242828944,22.92550360783838,42.9601788786576,272.6630133976578,5.82,-0.2,-5.62,5.21,9.22,2.38,gem,intra_slab
682971,1978-05-29T17:20:28,-79.406,-44.905,15.0,6.45,mw,170.0,81.0,-17.0,263.0,73.0,-171.0,17.546748481964613,37.21963467442197,71.51556066169412,198.2805165791776,5.630573755034519,305.4332266329947,-0.19,1.73,-1.54,0.72,1.93,-5.28,gem,outer_rise
681554,1978-06-28T07:27:54,-70.127,-27.534,90.6,5.13,mw,8.0,71.0,-66.0,134.0,30.0,-139.0,42.284134865410365,259.87995860063995,27.717710689204388,18.42287599757549,35.12229441368833,130.11179823245322,-3.2,-1.55,4.75,-0.68,-4.25,-1.93,gem,intra_slab
678318,1978-08-21T00:28:26,-67.965,-31.304,26.0,5.32,mw,49.0,81.0,92.0,218.0,9.0,79.0,44.950752366359104,141.40382810566854,2.076933509709724,49.32909992025509,44.97399313206895,317.2526871779919,5.1,-2.21,-2.89,8.36,7.07,0.25,gem,backarc
672797,1978-12-21T01:13:54,-72.703,-36.286,30.0,5.85,mw,101.0,34.0,52.0,324.0,64.0,112.0,31.947842090407622,272.31016906485445,30.28015885928362,160.9570223621215,43.03647904424201,37.920047360127,5.48,-4.29,-1.19,-1.29,4.27,2.87,gem,forearc
668598,1979-03-20T21:41:22,-71.259,-35.675,92.6,5.38,mw,32.0,81.0,-68.0,141.0,24.0,-158.0,41.94584362230861,283.70039436877914,22.71733558588636,35.8020706388312,39.469043753219154,145.96804062914424,-0.45,-0.28,0.73,-0.83,-1.01,-0.17,gem,slab_deep
667197,1979-04-26T02:00:09,-72.068,-33.901,26.5,5.9,mw,26.0,25.0,124.0,170.0,70.0,76.0,40.598258694441625,56.45092306859499,17.814943358629925,162.43770255343247,44.02128096164302,270.53052427992344,5.15,1.31,-6.46,1.56,-6.17,-0.85,gem,slab_interface
667302,1979-04-28T11:38:20,-70.92,-27.556,27.8,6.13,mw,31.0,24.0,68.0,234.0,68.0,99.0,42.859286963452895,161.39186133413625,12.136318319919072,59.881383507408486,44.60622703256223,317.6354211412994,1.31,-0.61,-0.7,-1.16,-0.72,-0.83,gem,slab_interface
665372,1979-05-20T19:37:43,-71.242,-27.206,15.0,5.86,mw,11.0,13.0,117.0,163.0,79.0,84.0,44.50968524206164,65.7851694819015,6.369396409906636,162.08508197953438,44.7851344854879,258.44611520929493,2.68,0.49,-3.17,2.08,-6.65,0.29,gem,slab_interface
664194,1979-06-27T21:46:26,-68.343,-29.573,113.1,5.58,mw,52.0,69.0,-115.0,284.0,32.0,-43.0,42.21957861690503,340.56437994777855,29.749272002937648,219.32679854126084,33.35026441315193,107.23180262591018,-1.94,2.08,-0.14,-1.09,-1.8,0.28,gem,slab_deep
661401,1979-07-06T02:01:17,-71.35,-32.221,46.8,5.75,mw,11.0,54.0,105.0,166.0,39.0,70.0,28.69382128844606,148.01096953738784,32.00557679449029,38.00655886734484,44.345299878297205,270.3532534133051,4.92,-0.02,-4.89,1.19,1.41,0.17,gem,slab_interface
659696,1979-08-02T07:40:23,-71.266,-27.835,20.0,5.51,mw,15.0,28.0,113.0,169.0,65.0,79.0,40.91648123497472,56.30167985168293,16.490263302487687,161.16873871616053,44.45322517708896,268.0525525907146,1.49,0.53,-2.01,0.33,-1.35,0.01,gem,slab_interface
661094,1979-08-30T18:59:46,-67.75,-31.499,30.0,5.48,mw,233.0,73.0,116.0,354.0,31.0,35.0,34.65469462121428,355.296707808599,29.00674687853396,242.75969983683484,41.64168697240505,123.22193248408723,1.05,0.16,-1.21,-1.4,-0.65,-0.65,gem,backarc
656945,1979-10-11T08:55:56,-71.963,-33.508,37.8,5.37,mw,13.0,24.0,96.0,187.0,66.0,87.0,44.80153946728375,91.23325434185053,3.618606855215078,184.83403488793437,44.97022372040861,278.4561085514242,0.96,0.18,-1.14,-0.1,-0.96,-0.23,gem,intra_slab
654584,1979-12-24T00:13:40,-66.895,-29.616,25.0,5.01,mw,168.0,65.0,41.0,58.0,54.0,148.0,9.928372085734525,207.8109744799758,52.29541616792059,310.8982850176729,35.92910326765881,110.52382652713776,,,,,,,gem,backarc
654711,1979-12-26T19:43:39,-71.331,-36.01,93.7,5.56,mw,199.0,6.0,-66.0,355.0,85.0,-92.0,44.95648242903381,87.12506211468906,2.48190368256044,354.6445998054399,44.93607513570888,262.16590492792665,-0.27,-0.47,0.73,0.23,-2.62,-0.0,gem,slab_deep
652719,1980-01-14T21:51:03,-69.469,-33.205,15.0,5.58,mw,49.0,85.0,159.0,141.0,69.0,5.0,11.363984226429052,183.0530606563168,68.72251754751194,61.98274805174998,17.741919101546827,276.739916317901,-0.13,2.73,-2.6,1.08,0.38,-0.45,gem,crustal_intraarc_shallow
653427,1980-01-28T16:59:21,-76.228,-44.93,16.4,5.44,mw,195.0,27.0,-56.0,338.0,68.0,-106.0,43.894605391292274,79.8800610095708,20.015109492391066,329.36352177598286,39.35664427694057,221.9808298266288,-1.21,-0.18,1.39,0.64,-1.07,-0.11,gem,outer_rise
651166,1980-02-14T14:07:02,-71.622,-31.905,44.3,5.06,mw,226.0,41.0,142.0,346.0,66.0,55.0,23.392890684955976,212.34687739878387,40.70879475138336,324.19841074835585,40.221165871152685,100.8874653256911,2.82,2.15,-4.97,-0.44,2.26,-1.69,gem,intra_slab
650101,1980-03-23T23:33:12,-71.582,-30.023,35.9,5.37,mw,1.0,37.0,75.0,200.0,55.0,101.0,35.08111944416674,147.76262918093954,24.8021938219916,38.82432459029894,44.63958631539956,281.67353418001886,1.25,0.13,-1.38,-0.27,-0.39,-0.32,gem,intra_slab
650414,1980-03-29T06:41:49,-75.509,-43.152,17.8,6.08,mw,34.0,78.0,-83.0,185.0,14.0,-119.0,44.70998399042544,298.1257407181517,7.48668437614603,35.600671217359775,44.31723659756799,132.97323873535538,-0.53,-0.11,0.64,-0.82,-1.21,0.43,gem,intra_slab
650442,1980-03-29T17:49:11,-73.515,-38.045,30.9,5.45,mw,13.0,20.0,106.0,176.0,71.0,85.0,44.33362356581574,76.84455314354648,6.886341276870981,173.6209175657781,44.84262848486749,270.5193573243557,1.17,-0.06,-1.11,0.16,-1.47,-0.1,gem,slab_interface
647405,1980-04-09T08:17:58,-67.547,-31.693,19.9,5.34,mw,108.0,65.0,61.0,340.0,37.0,136.0,27.097511835805747,155.90680310773155,36.2902210549502,267.97595236323787,41.68072819015207,38.8049531355141,9.04,-4.14,-4.89,8.31,1.37,5.89,gem,backarc
643390,1980-06-11T14:21:19,-71.735,-32.768,31.6,5.84,mw,1.0,26.0,87.0,184.0,64.0,91.0,44.9292287806039,97.50218453973304,2.1308392164662058,5.375133757850449,44.99156142419755,273.2434477163973,5.18,0.82,-6.0,-0.34,-4.46,-0.28,gem,slab_interface
641755,1980-07-13T06:20:31,-70.249,-33.495,100.4,5.66,mw,102.0,14.0,178.0,195.0,89.0,76.0,43.29649177628768,90.23980808981185,13.993214447355603,193.82008272747143,43.35147528925514,297.42699373884176,0.69,-1.68,0.99,-0.43,-3.73,-0.31,gem,slab_deep
642123,1980-07-19T11:52:21,-69.671,-29.052,107.6,5.95,mw,112.0,65.0,-96.0,306.0,26.0,-77.0,44.85406930916498,26.505233265809977,8.409730001484414,288.04693695682977,43.9201541762459,189.8618989489096,-8.09,5.89,2.19,-6.22,1.88,-3.05,gem,slab_deep
639605,1980-08-03T03:00:50,-69.939,-35.274,148.6,5.27,mw,2.0,20.0,93.0,179.0,70.0,89.0,44.97436695583436,86.98483530985607,1.3376472296743631,178.32165034798936,44.994409535895166,269.65940114340174,7.26,-1.58,-5.67,0.23,-7.68,-0.11,gem,slab_deep
640730,1980-08-29T10:38:14,-73.104,-39.745,30.7,5.37,mw,171.0,29.0,140.0,298.0,72.0,67.0,36.174640747865936,176.7683971088676,26.29481084247204,287.9487004328174,42.43928792913759,44.80879888973266,0.83,-0.16,-0.67,-1.05,0.22,0.47,gem,forearc
635300,1980-11-10T16:24:40,-67.529,-31.699,14.3,5.64,mw,133.0,31.0,49.0,358.0,67.0,111.0,34.9940814805719,301.6344459621572,26.94740592106116,190.78668674855345,43.03561618824864,72.44988806844196,2.53,-0.42,-2.1,0.64,2.42,1.17,gem,backarc
634505,1980-12-25T06:32:47,-67.189,-31.514,123.0,5.07,mw,14.0,52.0,-77.0,173.0,40.0,-106.0,44.53726013774887,274.79350498205895,32.958519177774534,44.43556282860931,27.422545838600897,154.09394954363745,-4.57,-0.69,5.25,-0.83,-0.9,0.37,gem,slab_deep
629971,1981-03-16T13:40:47,-71.764,-35.55,54.4,5.36,mw,11.0,63.0,-129.0,252.0,46.0,-39.0,39.43473954305274,307.8374206218016,46.14333252636005,158.9758015860334,16.06440692267477,51.53679051924559,-8.33,2.67,5.66,1.61,-6.27,9.19,gem,forearc
630303,1981-03-23T19:28:09,-71.913,-33.654,25.0,6.39,mw,173.0,85.0,91.0,335.0,5.0,73.0,44.989521168746336,264.0998558407574,1.0115590115111768,173.08850917749578,44.99262157633879,82.07705304430476,1.03,-0.54,-0.48,0.58,-4.68,0.11,gem,slab_interface
627842,1981-04-06T14:34:02,-71.029,-35.299,86.2,5.24,mw,95.0,33.0,163.0,200.0,81.0,58.0,34.137969760424696,77.61376294211368,32.71606641460062,193.43394668334184,38.81886015444862,314.55438612209264,2.32,-2.95,0.62,-2.12,-6.9,-4.64,gem,slab_deep
626780,1981-05-17T17:04:56,-71.968,-27.23,15.0,5.26,mw,191.0,37.0,-79.0,358.0,54.0,-98.0,44.805637408425866,93.160186322792,20.29376546632993,341.6117792596458,38.23947458879871,234.6695781495214,-9.02,-0.5,9.51,0.82,-3.02,0.82,gem,outer_rise
624731,1981-06-04T07:39:40,-78.984,-34.227,22.0,5.14,mw,207.0,42.0,-41.0,330.0,64.0,-124.0,40.56104135662221,83.87633272088436,41.78868680897124,303.97102143365225,21.396661717551517,193.47172229165437,-4.22,-1.6,5.82,3.19,-1.92,-0.16,gem,outer_rise
624387,1981-07-28T03:03:22,-73.619,-41.685,45.0,5.61,mw,44.0,59.0,17.0,305.0,75.0,148.0,12.53793624958047,260.45957728279245,58.045862887424285,149.5721987737552,28.85983521230212,357.4995765774793,0.64,-2.86,2.22,-0.75,1.73,-0.55,gem,slab_interface
611767,1981-09-19T11:40:55,-74.937,-39.035,17.9,5.54,mw,206.0,38.0,-53.0,342.0,61.0,-116.0,42.78200976317083,90.201454873402,35.887344914873964,318.16633214401406,26.20885188537727,207.30140844221023,-2.07,-0.03,2.09,1.1,-0.93,0.25,gem,intra_slab
610009,1981-10-16T03:25:44,-72.993,-33.137,35.0,7.08,mw,6.0,56.0,86.0,194.0,34.0,96.0,43.72338444010891,81.57574460187158,8.75018179832126,180.04087271696682,44.950226699181165,278.879427118693,4.94,-0.57,-4.36,-0.03,1.97,-0.73,gem,outer_rise
608340,1981-11-07T03:29:51,-71.324,-32.162,60.0,6.95,mw,208.0,5.0,-47.0,345.0,86.0,-94.0,44.91018915374075,78.10226528161019,3.435524607005578,344.67133379987973,44.88405890995397,251.2435340635443,-0.07,-0.77,0.83,0.78,-3.12,-0.22,gem,intra_slab
607177,1981-12-15T12:32:00,-71.438,-36.291,95.6,5.04,mw,157.0,10.0,-61.0,308.0,81.0,-95.0,44.843713102135446,41.90048338490783,5.061568958430064,306.846765642704,44.71029888334077,211.81658991079087,-1.1,0.44,0.66,3.46,-2.7,-1.26,gem,slab_deep
596390,1982-06-01T04:14:14,-75.275,-41.516,20.0,6.4,mw,25.0,65.0,-67.0,160.0,33.0,-130.0,42.89122439170431,278.2142718720793,29.961976179296748,40.5934907174954,32.41494249788144,152.06553499906352,-3.37,-0.86,4.23,-1.87,-2.34,0.31,gem,intra_slab
596588,1982-06-05T00:17:00,-75.328,-43.07,25.0,5.26,mw,8.0,61.0,-91.0,191.0,29.0,-87.0,44.996387907388126,278.7355649816984,1.6499782016348976,187.0851103611925,44.95610987538852,95.43697523870026,-7.5,-1.01,8.5,-0.68,-5.13,1.66,gem,intra_slab
591614,1982-09-06T11:13:26,-71.499,-32.206,63.0,5.26,mw,68.0,21.0,-166.0,326.0,85.0,-69.0,42.01333908854506,36.94757493823664,20.63236455692767,146.7744358542041,40.85265958480188,255.776838290918,-1.79,3.96,-2.17,4.54,-7.86,-1.5,gem,intra_slab
591057,1982-10-26T03:24:31,-71.334,-29.802,70.1,5.75,mw,100.0,15.0,-154.0,345.0,84.0,-77.0,43.7280256321364,62.79873634347695,13.79346532208818,166.38076658204955,43.012963139884654,269.6212535074654,-1.37,1.15,0.21,0.97,-4.9,-1.1,gem,intra_slab
589249,1982-11-18T20:39:52,-65.848,-31.203,162.6,6.0,mw,129.0,24.0,-114.0,335.0,68.0,-80.0,44.53297392475005,57.14238584769072,13.02146473230678,160.29367650766244,42.55528551150528,262.5522686434889,-8.79,3.46,5.33,2.87,-8.28,-4.33,gem,slab_deep
583758,1983-02-28T22:44:20,-78.976,-44.441,15.0,5.97,mw,260.0,90.0,180.0,350.0,90.0,0.0,2.480781363304357e-15,35.0,90.0,286.565051177078,7.442344089913072e-15,125.0,-0.2,0.47,-0.27,0.0,0.0,-1.06,gem,outer_rise
577740,1983-04-02T05:58:35,-66.563,-28.528,35.0,5.28,mw,17.0,73.0,71.0,247.0,25.0,137.0,39.06517800214765,81.41145295913066,21.51880282758207,190.0763601688619,43.18226512135867,301.7940122160186,5.18,-1.88,-3.29,1.66,7.78,-4.41,gem,backarc
575722,1983-05-07T01:07:23,-70.824,-28.008,50.9,5.08,mw,16.0,29.0,101.0,183.0,62.0,84.0,43.53606560493381,78.95395101675791,9.610878124930856,178.212705337613,44.866217845502405,277.9158636607251,4.28,-0.02,-4.26,0.09,-2.81,-0.74,gem,intra_slab
575911,1983-05-09T10:58:26,-75.049,-40.99,20.6,6.08,mw,213.0,54.0,-68.0,358.0,41.0,-118.0,43.601195895297614,107.5350321086031,39.9864320097844,250.5424056626585,19.503123122121146,357.8228712978761,-1.29,-0.28,1.57,0.41,0.25,0.57,gem,intra_slab
569311,1983-08-01T14:09:23,-75.89,-48.263,20.0,5.7,mw,157.0,76.0,86.0,355.0,14.0,107.0,44.75315095132977,241.5338545094536,4.393427854993481,335.90237629387326,44.91061851857282,70.29502405303128,1.86,0.13,-1.98,1.55,-3.52,0.63,gem,crustal_intraarc_shallow
568350,1983-09-14T00:47:04,-73.137,-36.472,26.4,5.39,mw,23.0,16.0,131.0,161.0,78.0,79.0,43.43803382293907,57.43702939366312,11.379137254453813,158.4231972572113,44.33075334878351,259.76192762777254,0.63,0.1,-0.73,0.51,-1.28,-0.03,gem,slab_interface
566886,1983-10-21T08:14:18,-69.232,-30.766,113.3,5.42,mw,200.0,73.0,-65.0,323.0,30.0,-143.0,41.88842582001376,90.91211040586234,27.957683035993604,209.33870060708543,35.329729981348734,321.4380888343785,-0.94,-0.2,1.14,0.75,1.1,-0.28,gem,slab_deep
565662,1983-11-28T19:10:08,-76.15,-44.912,21.8,5.53,mw,7.0,79.0,-76.0,133.0,18.0,-142.0,43.81474569742745,265.2860728831881,14.76840245357992,9.93728428015271,42.45848099550315,113.89545164550452,-0.88,-0.15,1.03,-0.37,-2.18,-0.48,gem,outer_rise
562664,1983-12-10T17:37:58,-78.118,-44.582,15.0,5.58,mw,258.0,90.0,180.0,348.0,90.0,0.0,2.480781363304356e-15,33.0,90.0,284.565051177078,7.442344089913071e-15,123.0,-0.24,1.25,-1.01,0.0,0.0,-2.63,gem,outer_rise
562902,1983-12-15T04:22:34,-70.237,-33.153,99.3,6.01,mw,9.0,69.0,-95.0,202.0,21.0,-78.0,44.88619483610815,282.8634315952576,6.26657079356869,186.58413513049905,44.43110684558916,90.40419746565136,-8.19,0.2,7.99,-1.06,-9.36,2.21,gem,slab_deep
563533,1983-12-23T22:56:07,-71.441,-27.348,23.6,5.22,mw,49.0,68.0,-148.0,306.0,61.0,-25.0,31.56689277128588,355.99272711441654,57.74477399633995,189.1922651264022,5.95989926527634,89.67032526467278,-2.43,7.77,-5.34,-0.44,-5.37,0.54,gem,intra_slab
558434,1984-02-03T08:29:49,-71.357,-29.633,46.4,5.56,mw,12.0,45.0,97.0,182.0,45.0,83.0,2.4741036357470048,9.523586500474837,45.00000000000001,102.0,44.89323123980932,277.0563909803252,2.53,0.26,-2.78,0.2,-0.01,-0.38,gem,intra_slab
555397,1984-04-19T08:28:54,-71.836,-31.823,29.7,5.71,mw,19.0,16.0,120.0,168.0,76.0,82.0,43.99413569576475,67.07855570792117,8.923646104696568,165.79822254848523,44.62701743444836,264.7142968877982,2.08,0.0,-2.08,0.96,-3.81,-0.2,gem,intra_slab
552410,1984-05-07T14:09:17,-66.823,-27.825,167.9,5.13,mw,185.0,51.0,-37.0,300.0,62.0,-135.0,37.98361207806302,60.35813937002831,50.15495084114527,261.0201019915496,10.264457445078293,158.4869859751169,-3.68,-0.59,4.26,3.0,0.49,-3.54,gem,slab_deep
552612,1984-05-09T23:56:09,-70.328,-34.203,112.3,5.26,mw,31.0,60.0,-87.0,205.0,31.0,-95.0,44.968441737965215,298.80482394787134,5.179622188786001,33.99999999999994,44.56457025354641,129.12225070665494,-7.98,1.13,6.85,-2.63,-4.02,4.46,gem,slab_deep
553164,1984-05-16T03:44:58,-67.26,-27.288,153.1,5.52,mw,174.0,68.0,-6.0,267.0,84.0,-158.0,18.779945183638887,38.17661725602585,67.59987017867833,252.58945932171343,11.765014288095283,132.23775053044994,-0.54,0.66,-0.12,0.8,0.01,-2.15,gem,slab_deep
553729,1984-05-25T13:20:23,-75.493,-42.764,20.7,5.38,mw,14.0,63.0,-86.0,185.0,27.0,-98.0,44.9387572759378,281.0286522373576,6.042018154981771,17.091524463406813,44.42641302655375,113.04653079627786,-1.13,-0.08,1.21,-0.26,-0.84,0.24,gem,intra_slab
550203,1984-06-03T01:44:12,-76.085,-45.371,12.1,5.43,mw,221.0,73.0,-30.0,320.0,61.0,-161.0,28.793449426684536,92.8497538077538,59.608214738501786,252.4179190638457,8.903681095929478,357.91034830674687,-0.78,-1.17,1.95,0.42,0.37,0.08,gem,outer_rise
550649,1984-06-11T02:05:35,-71.24,-30.703,50.8,6.2,mw,171.0,54.0,87.0,357.0,36.0,94.0,43.97766932723648,247.73701422184385,7.774448801716445,345.3072473953318,44.97365921648378,83.14701490126868,2.2,0.3,-2.49,0.17,-0.74,0.31,gem,slab_interface
547056,1984-08-18T04:10:43,-66.708,-27.798,165.2,5.47,mw,160.0,38.0,-60.0,303.0,58.0,-111.0,43.52422584768545,48.934378326598,34.598843691380566,278.00160213181283,26.80195879343508,167.6069366115554,-1.6,0.57,1.02,0.83,-0.14,-1.07,gem,slab_deep
538611,1984-11-08T06:32:57,-71.441,-30.848,45.0,5.53,mw,182.0,50.0,92.0,359.0,40.0,87.0,43.70298321871425,287.7616061306765,8.68653032608635,189.36549775071552,44.9896806641547,90.58056850958776,2.25,0.31,-2.56,-0.07,-0.45,-0.03,gem,intra_slab
538653,1984-11-08T14:17:48,-68.65,-31.455,109.7,5.28,mw,32.0,50.0,-67.0,178.0,45.0,-115.0,43.653286782882994,285.9451398049055,45.15446058033015,89.52609178076352,8.292250770544248,187.95221404535957,-9.67,0.29,9.37,-3.35,0.06,2.57,gem,slab_deep
540222,1984-11-29T19:12:31,-71.177,-35.449,87.5,5.35,mw,37.0,82.0,-73.0,151.0,19.0,-154.0,43.0981309609742,292.4115425434631,17.46608327801853,39.53449782940635,41.73191368110675,145.83384500730858,-3.75,-2.32,6.06,-7.94,-9.49,0.24,gem,slab_deep
534791,1985-01-18T15:00:10,-70.891,-29.416,80.8,6.31,mw,227.0,78.0,156.0,322.0,67.0,13.0,8.4540252387499,2.632915017337268,64.96740640678789,254.0747689092128,23.37657627860629,96.31648506979371,0.54,2.9,-3.44,-1.46,-0.41,-0.5,gem,intra_slab
535314,1985-01-26T03:07:00,-68.71,-33.106,15.0,5.95,mw,9.0,56.0,108.0,158.0,38.0,65.0,28.135031667646693,145.11542381336278,32.902482538713485,34.87444892079549,44.00064582040232,266.2065333125911,8.7,1.16,-9.86,2.09,3.35,1.17,gem,backarc
532684,1985-02-21T18:53:09,-72.076,-33.384,35.0,5.69,mw,29.0,31.0,127.0,167.0,66.0,70.0,35.49167086196469,44.73207630662034,25.9216696495544,155.01055570386097,43.38503178880012,272.35805108625544,2.69,0.87,-3.56,0.89,-2.47,-0.5,gem,intra_slab
529084,1985-03-03T22:47:08,-71.858,-33.257,35.0,7.95,mw,11.0,26.0,110.0,169.0,66.0,81.0,42.51534029454036,60.9039620031927,12.890565286903334,163.01587193466253,44.62998357884494,266.0728717537337,7.48,0.49,-7.96,1.91,-6.55,0.03,gem,intra_slab
529093,1985-03-04T00:32:22,-71.707,-33.18,35.0,7.36,mw,234.0,32.0,155.0,346.0,77.0,60.0,34.08237185276113,223.2835191148164,31.277466414492874,337.5522097464523,40.18854670619262,98.42573222018508,5.84,-0.55,-5.28,-7.36,9.28,-5.17,gem,slab_interface
529115,1985-03-04T06:06:57,-72.112,-33.893,30.0,6.31,mw,215.0,24.0,143.0,340.0,76.0,70.0,39.49762715702386,225.15492985330857,21.295638679370704,333.8962452568719,42.90943960045521,85.14024962767331,1.58,0.72,-2.29,-1.23,2.72,-0.32,gem,intra_slab
529148,1985-03-04T13:49:32,-72.171,-33.965,35.0,5.72,mw,26.0,24.0,128.0,165.0,71.0,74.0,40.6482759414568,52.959483798883525,17.994367863550558,159.15236482956448,43.86676194057834,267.3448253973517,2.77,0.26,-3.04,1.36,-3.31,-0.4,gem,intra_slab
529154,1985-03-04T15:01:09,-71.391,-33.79,55.0,6.3,mw,21.0,28.0,109.0,179.0,63.0,80.0,41.89736857406653,69.29704830014788,14.250228035491736,172.46786094436277,44.624816125971655,276.9848675784911,2.54,0.44,-2.97,0.2,-2.02,-0.55,gem,intra_slab
529166,1985-03-04T19:03:09,-71.624,-32.818,35.0,6.13,mw,16.0,29.0,111.0,172.0,63.0,79.0,40.83341401636529,58.788451963745445,16.523494272534975,163.64333457272016,44.51733750203599,270.60327828053977,1.35,0.4,-1.74,0.24,-1.08,-0.09,gem,slab_interface
529225,1985-03-05T09:08:56,-71.711,-34.145,32.8,5.41,mw,36.0,14.0,126.0,180.0,79.0,82.0,44.06581496937654,78.73531776873716,8.84239464901175,177.3955094790174,44.58016709938871,276.2138788473455,0.62,-0.03,-0.58,0.05,-1.46,-0.22,gem,forearc
529408,1985-03-07T00:54:58,-71.972,-33.047,28.4,5.44,mw,7.0,30.0,107.0,168.0,62.0,81.0,41.42754774446563,55.30289677691121,15.11954138533554,159.09694235755683,44.66511687623556,264.58553821649696,1.53,0.01,-1.53,0.36,-0.95,0.07,gem,intra_slab
529896,1985-03-12T08:23:17,-72.235,-33.151,30.0,5.79,mw,35.0,17.0,123.0,180.0,76.0,81.0,43.63153396203139,78.09936921611558,10.38686298173958,178.1631400402116,44.50547649719868,278.5422337147557,2.57,0.37,-2.94,0.1,-5.3,-1.0,gem,intra_slab
530333,1985-03-17T10:41:39,-71.551,-32.68,30.0,6.54,mw,175.0,64.0,90.0,356.0,26.0,91.0,44.99999999999999,265.0,3.3200499761451704e-15,175.0,45.000000000000014,85.0,6.24,-0.19,-6.05,0.49,-4.83,0.51,gem,forearc
530501,1985-03-19T04:01:07,-71.669,-33.225,30.0,6.65,mw,175.0,66.0,90.0,355.0,24.0,90.0,45.00000000000001,265.0,7.781960237431098e-15,355.0,44.99999999999999,85.0,8.67,-0.3,-8.36,0.72,-7.81,0.75,gem,slab_interface
530836,1985-03-23T13:45:19,-72.26,-34.237,25.0,5.66,mw,26.0,21.0,106.0,189.0,70.0,84.0,44.21644745463169,88.91743979021311,7.412230026788815,186.18967547742776,44.82988731725939,283.6202154440245,2.34,0.12,-2.45,-0.37,-2.87,-0.84,gem,slab_interface
530837,1985-03-23T14:36:56,-72.357,-33.305,20.6,5.55,mw,16.0,46.0,118.0,159.0,51.0,65.0,7.049756352575124,3.2776002277929592,45.872753507732,100.60230062595144,43.26327405978574,266.59393854245513,2.25,0.36,-2.61,0.77,-0.2,0.13,gem,intra_slab
530913,1985-03-24T16:16:33,-72.281,-34.245,24.9,5.69,mw,20.0,19.0,114.0,175.0,73.0,82.0,43.85164397411147,72.92068727314523,9.215729482798393,171.88792549039908,44.67847829114365,271.12010744087274,2.23,0.42,-2.65,0.42,-3.45,-0.31,gem,slab_interface
530954,1985-03-25T05:14:33,-72.135,-34.176,25.0,6.34,mw,10.0,20.0,98.0,181.0,70.0,87.0,44.82141569040519,86.69528798410266,3.5384282913787053,180.21842412218007,44.96033730327871,273.7587083393908,2.59,-0.08,-2.51,0.01,-3.1,-0.24,gem,slab_interface
531377,1985-03-30T13:47:27,-76.69,-45.659,20.0,5.41,mw,135.0,64.0,-94.0,325.0,26.0,-81.0,44.9369509179826,47.98864902989203,5.821685450541434,312.1495866210168,44.473524894555,216.40454444861555,-0.97,0.34,0.62,-0.71,0.73,-1.11,gem,outer_rise
526584,1985-04-02T02:35:30,-69.075,-28.748,102.5,5.08,mw,21.0,59.0,-38.0,133.0,58.0,-143.0,36.40411433467119,257.1355388365973,53.58531080074358,75.54291307576875,0.7608490520655743,166.5744662521812,-3.34,-2.7,6.04,-0.81,-0.33,-2.1,gem,slab_deep
526675,1985-04-03T13:06:21,-71.706,-32.748,32.5,6.1,mw,18.0,21.0,87.0,201.0,69.0,91.0,44.9696266446813,113.21029272960152,1.4445841485482165,21.766780804691397,44.99395912795023,290.3220420318292,1.1,-0.04,-1.05,-0.47,-1.21,-0.41,gem,slab_interface
527122,1985-04-09T01:57:01,-71.551,-34.084,45.0,7.07,mw,0.0,21.0,99.0,170.0,69.0,86.0,44.73448768872189,74.49042325717079,4.284000445681744,168.74674296144792,44.945790602707895,263.03463206691754,3.32,-0.0,-3.31,0.76,-3.6,0.31,gem,slab_interface
527580,1985-04-15T04:41:50,-72.109,-33.714,22.2,5.53,mw,28.0,21.0,127.0,169.0,74.0,77.0,42.13330754067903,60.75822181123891,14.783102286029338,164.56964444141056,44.131424899002674,269.4033068108228,1.22,0.26,-1.47,0.48,-1.91,-0.23,gem,slab_interface
528606,1985-04-28T02:53:43,-71.82,-33.068,33.4,5.61,mw,7.0,22.0,100.0,176.0,69.0,86.0,44.61624495558376,79.12695859138199,5.116697006108072,174.1956421868697,44.928019437559,269.3199390243103,2.1,0.18,-2.28,0.25,-2.37,-0.03,gem,intra_slab
528625,1985-04-28T08:30:31,-75.909,-39.713,15.0,5.89,mw,46.0,27.0,-101.0,239.0,64.0,-84.0,44.88018101698493,324.1725782400105,8.194983257519516,62.41789631629547,43.955434432899,160.3995065566589,-6.47,4.2,2.27,4.45,2.26,3.4,gem,outer_rise
525206,1985-05-17T02:44:08,-72.579,-34.265,28.3,5.38,mw,46.0,32.0,143.0,168.0,71.0,63.0,33.51850029833465,44.59763764366801,30.210354213146893,157.28218185606465,41.662544635646846,278.4863111385516,0.79,0.29,-1.08,0.37,-1.0,-0.42,gem,intra_slab
525400,1985-05-19T07:07:48,-72.202,-33.857,41.1,5.53,mw,20.0,28.0,103.0,185.0,62.0,83.0,43.33676374393309,80.07746982583689,10.32068413921793,179.9715105590053,44.82325700670976,280.3985743271512,1.78,0.36,-2.13,-0.05,-1.38,-0.53,gem,intra_slab
525455,1985-05-19T18:09:16,-71.415,-30.234,40.9,6.21,mw,172.0,55.0,86.0,359.0,35.0,96.0,43.50500985600337,246.2278813043085,9.443982324225546,345.311527702028,44.95171960428958,84.8702062625157,2.33,0.11,-2.44,0.22,-0.87,0.22,gem,slab_interface
521719,1985-06-02T16:26:58,-73.879,-37.784,25.0,5.86,mw,212.0,73.0,107.0,347.0,24.0,47.0,40.16336917897604,325.36675023918616,19.322289101110503,218.1538694898341,43.54016497805142,108.6904710418146,4.12,0.56,-4.68,-3.77,-4.65,-0.83,gem,intra_slab
522290,1985-06-09T18:46:31,-71.971,-33.229,31.8,5.23,mw,159.0,64.0,86.0,347.0,26.0,97.0,44.473524894555005,240.40454444861552,5.821685450541454,336.14958662101674,44.936950917982585,71.98864902989203,7.39,-1.27,-6.11,2.26,-4.97,1.64,gem,intra_slab
522354,1985-06-10T15:37:03,-66.791,-27.917,169.1,6.34,mw,161.0,33.0,-64.0,310.0,61.0,-106.0,44.103121089288926,52.34449414338189,24.72602957378016,295.837737044536,35.71043504607485,186.50646995977309,-2.82,0.67,2.15,1.58,-1.09,-2.5,gem,slab_deep
522399,1985-06-11T11:12:32,-71.726,-32.629,51.8,5.49,mw,14.0,28.0,103.0,180.0,63.0,83.0,43.33676374393308,74.07746982583683,10.320684139217953,173.9715105590053,44.823257006709774,274.3985743271512,1.5,0.36,-1.86,0.05,-1.23,-0.24,gem,intra_slab
522688,1985-06-14T13:14:14,-74.993,-40.7,22.2,5.41,mw,4.0,49.0,-117.0,223.0,48.0,-62.0,43.21215094531303,292.72591166302607,46.72230505822665,116.60383883406354,1.9364337844018389,24.546116121092723,-1.43,0.04,1.38,0.43,-0.24,0.72,gem,intra_slab
519662,1985-07-05T15:22:38,-72.132,-33.346,26.5,5.47,mw,190.0,69.0,98.0,348.0,22.0,70.0,43.5659408314984,293.5224181531386,9.990233764559072,193.87719147297005,44.70911486454682,93.83509752264716,1.24,0.18,-1.41,-0.33,-1.42,-0.0,gem,intra_slab
519736,1985-07-06T08:33:06,-72.266,-33.424,22.2,5.45,mw,189.0,63.0,96.0,356.0,27.0,79.0,43.72793701129369,292.37829495836786,9.02333957984392,193.6410860140111,44.862295593474336,94.54790565176432,1.41,0.25,-1.66,-0.23,-1.1,-0.11,gem,intra_slab
519842,1985-07-07T11:25:12,-72.044,-32.989,28.1,6.01,mw,0.0,21.0,96.0,174.0,69.0,88.0,44.87983448445125,79.61012559016763,2.8766055319281394,172.47829728585953,44.97586292596487,265.35610742427457,8.04,0.96,-9.0,1.13,-9.21,0.61,gem,intra_slab
520163,1985-07-11T20:31:13,-72.087,-32.972,25.2,5.47,mw,2.0,28.0,90.0,182.0,62.0,90.0,45.00000000000001,92.0,1.182259746287909e-15,2.0,45.000000000000014,272.0,1.54,0.2,-1.74,-0.04,-1.08,-0.07,gem,intra_slab
520532,1985-07-17T13:53:03,-71.637,-32.799,52.3,5.52,mw,15.0,27.0,115.0,168.0,66.0,78.0,41.03434704949401,54.913716153446046,16.388968525993864,159.74495441399597,44.39149794245628,266.4787346685103,1.62,0.3,-1.92,0.47,-1.43,-0.01,gem,intra_slab
517279,1985-08-04T04:54:01,-75.917,-45.033,15.0,5.83,mw,199.0,24.0,-64.0,352.0,68.0,-101.0,44.453927180519294,89.35189106488798,13.861855196558658,345.3408393286942,42.25308876717588,242.3865829246724,-4.18,-1.09,5.27,0.95,-4.77,0.4,gem,intra_slab
517863,1985-08-12T00:04:51,-73.569,-38.429,25.0,6.18,mw,16.0,15.0,111.0,174.0,76.0,84.0,44.537763587595066,76.86556142135754,6.020248105522585,172.82206857966435,44.8319734509194,268.8402934204466,1.11,-0.05,-1.05,0.28,-1.98,-0.1,gem,slab_interface
518505,1985-08-20T12:21:06,-72.008,-33.705,21.6,5.19,mw,12.0,33.0,104.0,176.0,58.0,81.0,40.60435106710346,60.04639817312693,16.53727501933226,164.79222053569174,44.73634820519706,271.90186230807274,6.39,1.07,-7.45,0.68,-3.34,-0.55,gem,slab_interface
514293,1985-10-24T01:48:56,-68.61,-31.407,108.3,5.55,mw,63.0,44.0,-105.0,263.0,48.0,-76.0,44.52879476587197,343.55153000482125,43.5383651527402,142.7369759274626,10.581746485361071,242.96225120404532,-2.63,2.23,0.39,0.29,-0.46,0.61,gem,slab_deep
510290,1985-11-06T16:08:51,-75.196,-40.743,16.3,5.26,mw,221.0,49.0,-52.0,351.0,53.0,-125.0,41.51740383100352,105.16706959582656,47.98872806784577,295.80925955855207,5.310042449850221,199.88671521387167,-7.53,-1.27,8.79,3.48,-1.69,3.11,gem,intra_slab
510514,1985-11-09T22:13:28,-66.704,-27.857,170.7,5.27,mw,172.0,37.0,-45.0,301.0,65.0,-117.0,41.905445810255465,50.77744832284293,35.463108837021174,281.0413648023997,27.784819248955586,168.99704716105066,-7.06,1.32,5.74,6.1,-1.16,-4.88,gem,slab_deep
505240,1986-01-08T03:42:50,-71.197,-35.67,92.8,5.15,mw,33.0,90.0,-106.0,303.0,16.0,0.0,42.82134988022058,318.4101960199991,16.000000000000014,213.0,42.82134988022056,107.58980398000084,0.14,1.46,-1.6,-3.57,-5.21,0.94,gem,slab_deep
503210,1986-02-09T23:32:13,-71.491,-36.031,88.9,5.24,mw,14.0,14.0,92.0,192.0,76.0,89.0,44.99615285458898,101.25458829816392,0.5477897516569313,191.802329523886,44.99861003244448,282.350117733744,3.3,1.53,-4.83,-1.66,-8.03,-1.48,gem,slab_deep
501933,1986-03-26T07:04:53,-71.993,-34.019,44.4,5.45,mw,5.0,24.0,97.0,177.0,66.0,87.0,44.73173756692224,81.30187863309186,4.209866436732081,175.4837402905738,44.95949047673718,269.699041261595,1.34,0.11,-1.45,0.1,-1.26,-0.01,gem,intra_slab
491924,1986-07-28T20:29:02,-72.042,-33.333,25.0,5.69,mw,4.0,22.0,100.0,174.0,68.0,86.0,44.61624495558378,76.12695859138199,5.116697006108068,171.19564218686958,44.928019437558994,266.3199390243104,2.8,0.23,-3.02,0.4,-3.05,0.06,gem,slab_interface
488434,1986-08-11T22:06:46,-67.906,-31.054,19.4,5.36,mw,187.0,49.0,167.0,285.0,80.0,41.0,22.956476729007928,155.07303323722545,48.96601524319459,274.1961663013036,31.876305079226785,49.8004488154474,2.67,2.63,-5.3,-8.65,0.05,9.01,gem,backarc
485841,1986-09-05T06:06:15,-71.85,-37.13,84.4,5.31,mw,129.0,24.0,174.0,225.0,88.0,66.0,39.89058588926972,111.62198996952044,23.937161666271127,223.4021802518617,40.63342292722916,335.7935272261249,0.72,-5.14,4.42,-7.54,-7.45,-0.88,gem,slab_deep
482545,1986-11-28T20:34:50,-77.258,-45.531,32.8,5.22,mw,260.0,90.0,180.0,350.0,90.0,0.0,2.480781363304357e-15,35.0,90.0,286.565051177078,7.442344089913072e-15,125.0,-1.47,3.62,-2.14,0.0,0.0,-8.0,gem,outer_rise
479202,1986-12-25T17:17:41,-79.436,-44.746,15.0,6.35,mw,262.0,88.0,146.0,353.0,56.0,3.0,22.20582947079089,32.23337109363524,56.01291525245498,264.96909831153647,24.323578638472053,132.8663255156776,-0.28,1.23,-0.94,-2.39,0.39,-3.19,gem,outer_rise
477410,1987-01-27T07:06:52,-72.123,-32.168,27.7,5.51,mw,28.0,32.0,138.0,156.0,69.0,65.0,33.5513198352929,30.89150842787251,29.532125987436828,142.95891066081413,42.2213269835651,263.8940347535613,1.32,0.64,-1.96,0.8,-1.29,0.02,gem,intra_slab
477562,1987-01-29T17:22:41,-71.277,-29.777,66.4,5.39,mw,2.0,82.0,-94.0,206.0,9.0,-66.0,44.89278151576228,275.5352675382441,4.120081189733381,181.41995032127053,44.81145633835366,87.31631921204797,-0.15,-0.52,0.66,-0.08,-1.44,0.14,gem,intra_slab
473671,1987-02-03T16:42:42,-73.066,-37.765,32.4,5.82,mw,172.0,74.0,89.0,357.0,16.0,95.0,44.98285096996145,260.54195351270187,1.1334480181660436,351.6749448634849,44.994729631906765,82.80840616053729,3.33,0.42,-3.74,0.86,-5.59,0.46,gem,forearc
474595,1987-02-14T15:44:19,-76.071,-45.641,15.0,5.86,mw,167.0,81.0,-14.0,259.0,76.0,-171.0,15.644978894873129,33.58534124032303,73.95378319859266,200.41335623630945,3.477344958008928,302.6102613031082,-1.3,3.63,-2.33,0.45,1.73,-6.8,gem,outer_rise
475248,1987-02-25T10:42:46,-66.762,-27.852,167.0,5.29,mw,179.0,52.0,-6.0,272.0,86.0,-142.0,28.05430474007284,39.5985566833499,51.976310920989775,266.6350100381608,23.441158491432088,142.95876417631723,-0.69,-0.16,0.84,6.84,1.11,-8.54,gem,slab_deep
472852,1987-03-23T20:47:59,-72.287,-34.051,35.0,5.14,mw,31.0,41.0,125.0,169.0,58.0,64.0,20.707844519184366,27.22583591554661,40.05119409658829,135.75435458330838,42.757962567022766,276.766645450483,5.03,1.46,-6.49,1.57,-2.13,-1.33,gem,intra_slab
466312,1987-05-10T15:16:23,-65.552,-31.011,179.6,5.41,mw,78.0,69.0,-163.0,341.0,74.0,-22.0,24.095503439776916,30.64441148904882,65.55775509498046,200.37434313034348,3.861412969215428,298.9145995588957,-0.19,0.85,-0.65,-0.32,-0.75,-1.24,gem,slab_deep
467380,1987-05-19T12:56:26,-71.606,-30.352,37.6,6.15,mw,177.0,58.0,91.0,355.0,32.0,88.0,44.93807707118174,270.1392786105332,1.933575133395728,178.20878039305785,44.99669480040252,86.27432654796087,1.58,0.52,-2.09,0.03,-0.87,0.18,gem,intra_slab
463156,1987-07-29T15:22:33,-67.119,-28.84,139.5,5.38,mw,141.0,47.0,-97.0,332.0,44.0,-82.0,44.88564462774647,55.94596451639524,39.486538607891376,270.7951040734689,18.20751883524381,165.07024423217945,-1.16,0.13,1.02,-0.1,0.04,-1.09,gem,slab_deep
459030,1987-08-04T15:04:41,-73.443,-40.567,42.5,5.38,mw,84.0,48.0,32.0,331.0,67.0,133.0,16.44398122644702,288.61635721681137,47.86487121371562,179.5752172343208,37.46193356394559,31.68777460586045,7.81,-9.71,1.9,-0.75,7.23,8.77,gem,slab_interface
459865,1987-08-15T18:04:24,-70.718,-28.075,37.0,6.37,mw,20.0,30.0,110.0,176.0,62.0,78.0,40.48193203209058,62.53585401182147,17.113311005351328,167.77205619911263,44.53808082512438,275.4081078031573,3.52,0.26,-3.77,0.52,-2.34,-0.55,gem,forearc
457380,1987-09-11T04:02:03,-70.86,-31.436,89.4,5.16,mw,52.0,10.0,-39.0,181.0,84.0,-98.0,44.57066885264302,277.5932303565592,7.94306349322313,179.6927931948395,44.335124156542776,81.85746762576224,-1.8,0.86,0.94,-0.12,6.67,0.89,gem,intra_slab
457546,1987-09-13T20:08:52,-70.12,-34.367,10.0,5.87,mw,27.0,58.0,176.0,119.0,87.0,32.0,20.110533425035875,347.88670299887224,57.95697627286814,113.68933754541617,23.83257829727558,248.57862108291783,-0.02,5.53,-5.5,4.01,-1.24,3.47,gem,crustal_intraarc_shallow
454184,1987-11-29T07:57:22,-76.746,-45.627,14.6,5.44,mw,154.0,37.0,-95.0,340.0,53.0,-86.0,44.95973886205995,67.56888170196811,10.490227699691566,168.22433505219897,43.13967383699129,268.21645733599564,-1.6,0.07,1.53,0.12,-0.5,-0.73,gem,outer_rise
451704,1987-12-28T08:16:22,-70.7,-28.135,53.0,5.89,mw,20.0,31.0,114.0,173.0,62.0,76.0,38.442024544840365,53.38328822603978,20.75730033982028,160.89218921693657,44.304053984973685,272.60253370448925,6.36,1.46,-7.82,1.13,-4.45,-0.9,gem,intra_slab
451852,1987-12-30T11:56:20,-70.95,-35.02,92.5,5.42,mw,27.0,87.0,-69.0,126.0,21.0,-171.0,41.64948276255471,278.1131131605928,21.075209779016404,28.157248985176462,40.920351934628975,137.67253877060625,-0.17,-0.45,0.61,-0.73,-1.36,-0.26,gem,slab_deep
443017,1988-03-13T11:31:34,-72.184,-33.571,35.0,5.84,mw,38.0,28.0,138.0,166.0,72.0,68.0,37.06763391855094,47.27304695216941,24.791633271655574,157.6938860618369,42.75484367568854,272.97355293807163,3.81,1.04,-4.84,1.96,-4.95,-1.27,gem,intra_slab
437084,1988-05-05T17:39:20,-71.651,-29.538,45.8,5.38,mw,0.0,3.0,53.0,217.0,87.0,92.0,44.96899175264714,128.92375742870536,1.811243081607895,37.113569702365055,44.97377001040671,305.30307992413435,0.08,0.05,-0.13,-0.86,-1.18,-0.14,gem,intra_slab
438437,1988-05-21T14:28:38,-71.824,-32.938,25.0,6.11,mw,64.0,4.0,159.0,175.0,89.0,87.0,44.87212491733643,81.12980369707412,3.738590910591868,174.8596689675353,44.88427460761615,268.5911186795533,0.16,-0.14,-0.02,0.18,-1.81,-0.12,gem,slab_interface
438604,1988-05-23T00:28:04,-68.645,-28.625,112.7,5.41,mw,140.0,61.0,-90.0,320.0,29.0,-90.0,45.00000000000001,50.0,3.5420377470018376e-14,140.0,45.00000000000001,230.00000000000009,-1.29,0.51,0.78,-0.56,0.65,-0.85,gem,slab_deep
429001,1988-08-14T17:53:10,-71.056,-27.373,29.3,6.64,mw,206.0,82.0,103.0,326.0,16.0,31.0,43.05492270352476,310.746071374778,13.371171569972454,207.9144266770314,43.879092744862575,104.70101811461711,2.42,2.5,-4.92,-4.62,-9.6,-0.42,gem,slab_interface
429247,1988-08-17T08:16:23,-71.286,-27.09,25.3,5.41,mw,46.0,13.0,155.0,161.0,85.0,78.0,43.53785109912528,57.648355505338486,11.97391643734317,159.2744248957581,43.99516624985394,261.09042920695583,0.4,-0.01,-0.39,0.62,-1.45,-0.26,gem,intra_slab
429258,1988-08-17T11:34:52,-70.963,-27.244,29.8,6.07,mw,49.0,11.0,156.0,163.0,85.0,80.0,43.97284625361047,61.85380216912768,10.15850946646676,161.80847051740272,44.244541754750514,261.85902491966493,0.33,-0.03,-0.3,0.52,-1.44,-0.23,gem,slab_interface
429264,1988-08-17T12:38:14,-71.207,-27.255,25.4,5.63,mw,78.0,9.0,-171.0,339.0,88.0,-81.0,44.34757231322277,60.52501250637806,8.898779749040063,159.328626976897,44.28127701799603,258.11172521233755,0.23,-0.3,0.06,1.41,-3.13,-0.92,gem,intra_slab
429273,1988-08-17T14:26:05,-71.215,-27.162,35.4,5.48,mw,56.0,10.0,152.0,173.0,85.0,81.0,44.19763017138435,74.10582155414511,8.936388123068914,172.9010151885841,44.41968768542186,271.7652171051774,0.31,0.07,-0.38,0.26,-1.96,-0.26,gem,intra_slab
420473,1988-11-14T16:55:34,-71.871,-32.677,42.6,5.11,mw,160.0,63.0,87.0,347.0,27.0,96.0,44.67569374257563,243.18053993292392,4.538532088807633,337.6820213060861,44.96554292193324,72.2293752182959,5.25,-1.42,-3.82,1.41,-3.08,0.76,gem,intra_slab
415332,1989-01-15T01:27:47,-71.879,-31.707,48.9,5.4,mw,133.0,81.0,86.0,336.0,10.0,113.0,44.803408511158935,218.2053269126584,4.153264900635729,312.34101834233934,44.89605418500946,46.49012963520954,0.56,-0.19,-0.37,1.13,-1.0,0.16,gem,intra_slab
413481,1989-02-21T22:08:53,-79.186,-44.573,15.0,5.52,mw,98.0,20.0,-80.0,268.0,71.0,-94.0,44.93812079730063,0.1986269541185379,4.400029349653224,265.79510608713383,44.724638393854825,171.42434248136772,-1.37,1.61,-0.23,1.85,0.1,-0.08,gem,outer_rise
413725,1989-02-24T12:36:57,-71.279,-38.448,15.0,5.25,mw,9.0,70.0,150.0,110.0,62.0,23.0,6.299321556710265,147.4077992182102,59.24840688560807,46.71544103765348,29.960686994464048,241.05612021173607,2.37,2.29,-4.65,4.16,3.47,6.39,gem,crustal_intraarc_shallow
406297,1989-04-01T21:58:14,-70.094,-32.96,104.0,5.3,mw,10.0,75.0,-80.0,158.0,18.0,-122.0,44.45991761780826,271.90456412065106,11.111171474541193,13.016514935379291,43.41136193271288,113.72400194332369,-4.81,-1.82,6.62,-1.82,-9.2,-0.4,gem,slab_deep
407160,1989-04-13T00:43:09,-75.126,-39.423,15.0,5.78,mw,204.0,34.0,-51.0,339.0,64.0,-113.0,42.93620694410964,86.39408198104735,30.49872191120104,323.16139345121934,31.846724537952976,211.70025416797668,-4.21,-0.61,4.82,2.24,-2.67,0.23,gem,outer_rise
407555,1989-04-17T04:55:25,-71.97,-30.656,27.8,5.18,mw,176.0,67.0,92.0,351.0,23.0,85.0,44.894821801274446,269.76729655071927,2.64891428781153,177.1252715335063,44.982799853708,84.4751145378026,4.43,1.65,-6.08,0.34,-5.02,0.8,gem,intra_slab
402233,1989-06-17T18:28:06,-75.0,-40.551,15.0,5.57,mw,1.0,75.0,-121.0,247.0,34.0,-28.0,40.011729762639725,294.4422836696036,33.409728796217586,170.81976451990158,32.16696775069641,56.30955745976121,-1.32,0.53,0.79,0.8,-2.14,1.23,gem,intra_slab
402810,1989-06-24T12:58:40,-66.252,-28.31,21.8,5.48,mw,88.0,77.0,-172.0,357.0,82.0,-13.0,14.33044285005674,42.55767290101738,75.16973512569498,207.3156141973999,3.738136810589512,311.6013165870945,-0.14,0.24,-0.1,-0.26,-0.45,-1.96,gem,backarc
390483,1989-10-23T23:41:24,-66.726,-27.828,136.4,5.31,mw,179.0,55.0,-29.0,286.0,66.0,-142.0,34.67550593201356,50.44102082806785,53.59250872821749,250.70967200721088,9.734979169356755,147.25731575873738,-5.29,0.34,4.95,5.95,2.4,-8.44,gem,slab_deep
386905,1989-11-14T06:07:54,-71.165,-27.56,33.4,5.38,mw,202.0,51.0,140.0,319.0,60.0,46.0,8.66232995906274,176.0603450292076,49.95886130840005,276.5056955258875,38.71591401391533,79.04565475604647,0.91,0.33,-1.24,-1.02,-0.01,0.23,gem,intra_slab
371101,1990-04-02T13:56:31,-72.132,-32.565,10.0,5.64,mw,6.0,36.0,106.0,167.0,56.0,79.0,36.091326051839104,40.56369240629931,23.566309129596373,149.10410658363946,44.60714775839205,264.5874259101056,2.92,0.69,-3.6,0.52,-1.15,0.31,gem,forearc
373223,1990-04-21T18:54:55,-73.296,-36.999,20.0,5.82,mw,183.0,73.0,93.0,352.0,17.0,80.0,44.83748817384142,277.504436325567,3.458902269766792,184.0588393490433,44.95395320108723,90.5991889910639,3.56,0.24,-3.8,-0.4,-5.43,0.13,gem,forearc
373369,1990-04-22T20:25:26,-73.462,-37.995,26.5,5.64,mw,177.0,74.0,93.0,347.0,16.0,81.0,44.84599477885922,271.3627154835696,3.399120961488185,177.9758745289356,44.95258517772294,84.57639376652764,1.84,0.08,-1.91,0.13,-2.98,0.28,gem,slab_interface
369309,1990-05-14T21:34:06,-71.437,-35.867,83.5,6.12,mw,168.0,78.0,128.0,273.0,40.0,19.0,28.87150919579849,295.0911786175219,39.47542239601048,178.0824421958588,37.0299768344978,49.67020234668246,0.58,-0.59,0.01,-0.16,-1.46,1.06,gem,slab_deep
367604,1990-06-29T06:31:25,-68.809,-28.552,110.8,5.26,mw,129.0,55.0,-97.0,321.0,36.0,-80.0,44.85227611301492,44.016193621676166,16.06804571762684,297.36469157485465,40.74284358284681,192.99835349440144,-9.6,4.81,4.78,-3.02,1.31,-3.84,gem,slab_deep
358190,1990-08-02T05:24:07,-71.777,-31.721,25.0,6.02,mw,2.0,27.0,95.0,177.0,63.0,87.0,44.76887688764919,80.63536423054018,3.832375536621798,174.44543222389757,44.975164363476345,268.28307617485825,1.01,0.11,-1.12,0.07,-0.8,0.01,gem,slab_interface
355546,1990-09-04T23:15:12,-69.174,-31.289,111.0,5.71,mw,37.0,46.0,-88.0,215.0,44.0,-92.0,44.99096696450895,305.58572220398617,30.584264283968285,71.8024605090809,29.419329698445345,181.27103272541729,-4.19,1.28,2.91,-0.15,-0.08,2.5,gem,slab_deep
353223,1990-10-11T04:25:25,-72.164,-33.654,23.3,5.41,mw,182.0,81.0,96.0,329.0,11.0,58.0,44.55915214993596,279.15990239326345,6.228394925887049,182.99043437177747,44.76642672816778,86.77598776149773,0.53,-0.06,-0.47,-0.1,-1.54,0.14,gem,slab_interface
348181,1990-12-21T18:31:45,-69.692,-32.716,117.0,5.42,mw,24.0,85.0,-137.0,289.0,47.0,-7.0,30.833071385685574,328.714581407647,47.20036646667442,198.57858706003165,26.48893786430323,76.0197256343447,-0.28,0.97,-0.69,-0.52,-1.0,0.97,gem,slab_deep
341452,1991-02-13T06:17:24,-79.568,-44.759,14.4,5.65,mw,261.0,90.0,-180.0,351.0,90.0,0.0,7.442344089913072e-15,216.0,90.0,54.43494882292202,2.4807813633043567e-15,306.0,-0.38,1.34,-0.96,0.0,0.0,-3.53,gem,outer_rise
338613,1991-03-15T18:51:01,-68.687,-29.111,110.0,5.22,mw,140.0,67.0,-100.0,345.0,25.0,-68.0,44.57154127697174,57.57774477501499,13.089461496002654,314.33590978298633,42.48653953561196,212.0401069039553,-5.79,0.92,4.87,-4.12,4.28,-3.05,gem,slab_deep
332596,1991-05-18T06:57:28,-75.039,-40.001,22.1,5.41,mw,242.0,61.0,-27.0,346.0,67.0,-149.0,31.996565388409323,112.85738478676576,57.60575475053711,302.8850441021752,4.537605224859066,205.6995244946357,-0.71,-0.58,1.29,0.54,-0.39,1.01,gem,intra_slab
327840,1991-06-03T05:05:17,-74.948,-40.038,20.0,5.54,mw,229.0,66.0,-49.0,345.0,46.0,-146.0,38.347490891853184,110.74076763516184,46.378871411579695,256.85211733602955,17.558546578692308,6.244222826271425,-1.48,-0.94,2.41,0.71,0.74,1.42,gem,intra_slab
323269,1991-08-18T21:52:07,-71.573,-32.036,48.2,5.21,mw,186.0,79.0,105.0,312.0,18.0,37.0,42.09735789548503,293.9840169152375,15.814911568439136,189.156228699922,43.641642096999725,83.48418868097554,2.8,0.81,-3.6,-0.99,-7.31,1.71,gem,intra_slab
320042,1991-09-15T22:56:21,-70.049,-31.455,102.5,5.84,mw,172.0,90.0,177.0,262.0,87.0,0.0,2.1208354676408305,306.96071214756904,87.00000000000009,172.0000000000001,2.1208354676408354,37.03928785243096,0.12,-1.94,1.81,0.04,-0.32,6.72,gem,slab_deep
309241,1991-12-01T22:41:15,-69.542,-32.053,106.9,5.38,mw,58.0,52.0,-62.0,197.0,46.0,-121.0,42.88639855894208,308.5793882166293,45.828615227325976,111.5346911675884,8.606775137029915,210.4978386623624,-1.07,0.25,0.82,-0.23,0.01,1.2,gem,slab_deep
295253,1992-04-10T09:33:09,-71.908,-33.785,30.2,5.1,mw,154.0,83.0,-33.0,248.0,57.0,-172.0,26.123760927114677,25.620604077202245,57.11271776753208,164.94627378822292,18.52659692306387,286.16160208912254,-0.01,3.59,-3.57,-0.09,3.5,-2.81,gem,slab_interface
289842,1992-05-03T03:40:40,-71.579,-32.412,57.8,5.5,mw,162.0,88.0,94.0,275.0,4.0,23.0,44.85035631753747,256.13632966606417,4.007289155549327,162.1401663837123,44.86982788753012,68.1412815904331,0.23,-0.29,0.05,0.66,-2.07,0.04,gem,intra_slab
291906,1992-05-18T03:02:22,-71.997,-33.597,30.0,6.1,mw,19.0,8.0,120.0,169.0,83.0,86.0,44.81778024468947,74.16333209846482,4.109228752710854,168.25700350707496,44.88801107309318,262.36074026931203,0.47,-0.1,-0.37,0.34,-1.66,-0.07,gem,intra_slab
292583,1992-05-22T01:20:39,-72.083,-33.741,28.1,5.56,mw,0.0,21.0,92.0,178.0,69.0,89.0,44.98647310849484,86.5245584033687,0.9638371639255068,177.488076869353,44.99731462439355,268.45196007297545,1.86,-0.15,-1.71,0.07,-1.97,0.01,gem,intra_slab
284942,1992-07-30T13:14:53,-72.387,-50.361,15.0,5.48,mw,31.0,25.0,114.0,184.0,67.0,79.0,42.17555818739083,75.90111415043788,13.924292700883644,178.88117769006112,44.50199281488591,282.9833718049327,1.39,-0.03,-1.36,0.02,-1.41,-0.46,gem,backarc
277414,1992-08-14T20:09:00,-65.354,-30.832,195.6,5.15,mw,86.0,14.0,-145.0,322.0,82.0,-79.0,44.11348793260376,41.73284804785629,11.874665175721784,143.4957995526545,43.45961588129136,244.9894018256344,-1.85,2.01,-0.15,3.68,-5.08,-0.99,gem,slab_deep
265443,1992-10-01T08:18:50,-75.096,-39.158,15.0,5.46,mw,35.0,42.0,-51.0,167.0,58.0,-120.0,42.129858264714,278.2151686611156,41.576905742806765,134.8537821959926,19.33414743675275,26.71866016235964,-1.47,-0.38,1.84,-0.57,0.61,0.43,gem,outer_rise
270333,1992-10-29T14:39:18,-71.257,-29.255,45.6,5.29,mw,130.0,17.0,-11.0,231.0,87.0,-107.0,42.86583145130838,335.81448190489635,16.77701899238354,229.56514915909636,42.35469346127715,123.61193095368066,-2.95,3.76,-0.8,6.4,8.02,-3.22,gem,intra_slab
260430,1992-11-01T09:36:43,-69.586,-28.896,107.9,5.37,mw,142.0,74.0,-95.0,341.0,17.0,-72.0,44.86839459100601,56.03398595357544,5.661135559955916,320.37117288984155,44.57405603563377,224.76643299877335,-9.04,3.1,5.94,-7.98,9.15,-0.95,gem,slab_deep
261004,1992-11-04T21:32:36,-71.507,-31.643,30.0,6.01,mw,0.0,28.0,93.0,177.0,62.0,89.0,44.89950716162742,82.76516778858036,2.510764883818989,175.26954077174332,44.99053852628559,267.7818894147392,1.08,-0.02,-1.05,0.06,-0.73,0.03,gem,forearc
263067,1992-11-17T04:24:17,-71.23,-30.576,55.9,5.3,mw,0.0,32.0,106.0,161.0,60.0,80.0,40.48798446972437,45.98455350903117,16.862845345058,150.9819281330632,44.672088005874485,258.4194236986711,9.21,0.25,-9.46,2.52,-4.78,1.78,gem,intra_slab
264929,1992-11-28T03:13:35,-71.905,-31.387,16.1,6.44,mw,51.0,52.0,-177.0,319.0,87.0,-38.0,26.94515577072749,11.601766521924844,51.9941069010849,142.17975059718532,24.639005363551817,268.11940972215257,-0.84,4.76,-3.92,2.74,-2.11,-1.19,gem,forearc
259890,1992-12-29T20:31:44,-67.308,-31.759,130.4,5.36,mw,139.0,26.0,-112.0,343.0,66.0,-80.0,44.55358320019058,65.41324596236439,13.916907395908636,169.5334314775689,42.12718496802166,272.4838291126138,-8.85,-0.11,8.96,2.37,-8.88,-6.15,gem,slab_deep
250004,1993-01-01T09:56:30,-71.686,-31.748,50.6,5.28,mw,174.0,71.0,89.0,356.0,19.0,92.0,44.97970805956805,262.3876044574819,1.1997955409689238,353.5868132883226,44.99517143321325,84.78666968983123,7.02,-1.06,-5.96,0.93,-8.22,0.41,gem,intra_slab
243498,1993-03-17T04:36:00,-74.988,-37.591,16.0,5.6,mw,224.0,30.0,-37.0,348.0,72.0,-115.0,41.991529277220216,95.97225297446164,27.89746204017574,337.5121541423183,35.273884778111814,225.51965025227776,-1.57,-0.63,2.2,0.74,-2.15,0.76,gem,outer_rise
225691,1993-06-01T15:53:45,-77.168,-45.709,10.0,5.92,mw,77.0,75.0,162.0,172.0,73.0,16.0,1.7480974052164888,214.0299245195421,68.40611691872044,119.60759639347476,21.515864094232345,304.7193081265026,0.19,2.87,-3.05,3.54,-2.28,-7.77,gem,outer_rise
227125,1993-06-08T23:17:41,-69.224,-31.586,110.8,6.27,mw,40.0,41.0,-95.0,226.0,49.0,-86.0,44.9528499500103,313.54237059930625,20.43594914397133,65.38128021876065,37.99238968434116,172.30126767828415,-2.99,1.39,1.6,0.4,0.21,1.77,gem,slab_deep
221514,1993-07-16T21:21:28,-71.884,-33.276,30.5,5.63,mw,7.0,18.0,111.0,164.0,73.0,83.0,44.22134164033733,65.2391326169735,7.612223301179118,162.71228380736773,44.77314917439114,260.33165547005444,1.91,0.13,-2.04,0.87,-2.71,0.18,gem,intra_slab
221587,1993-07-17T01:35:41,-71.48,-30.118,52.9,5.67,mw,207.0,83.0,97.0,342.0,10.0,46.0,44.44834945537526,304.9597724216522,7.158031746926263,207.8835320755439,44.661989775204844,110.7540431259689,0.92,0.25,-1.17,-1.72,-3.34,-0.14,gem,intra_slab
205282,1993-10-30T17:59:03,-68.27,-31.688,109.3,5.81,mw,43.0,58.0,-64.0,180.0,41.0,-125.0,42.80778221740912,294.6848401039284,39.10379873682916,73.52314231604896,22.00635962789392,182.70045247119933,-5.09,-0.03,5.11,-2.77,-0.82,2.36,gem,slab_deep
192021,1993-12-04T23:16:50,-72.163,-33.948,30.0,5.61,mw,35.0,16.0,140.0,163.0,80.0,77.0,43.06145412150867,59.07391307006503,12.978217117293472,161.51157636719608,44.04709562869025,264.3925574418352,1.16,0.18,-1.33,1.02,-2.76,-0.32,gem,intra_slab
177967,1994-04-16T09:55:21,-71.54,-31.783,37.7,5.6,mw,10.0,26.0,108.0,171.0,65.0,81.0,42.89998036413858,63.42246732987485,11.806507759686012,164.62291384648984,44.69949651401964,266.5606274536091,2.35,0.0,-2.35,0.51,-1.88,-0.04,gem,slab_interface
179547,1994-04-28T16:44:53,-75.142,-39.511,12.3,5.54,mw,225.0,51.0,-44.0,346.0,57.0,-132.0,39.637956812613965,104.35808065255368,49.63553288905473,297.3052693562412,6.4159614906292415,199.70306526617424,-1.66,-0.67,2.33,0.92,-0.48,0.87,gem,outer_rise
169502,1994-06-16T00:47:26,-71.75,-32.646,40.5,5.06,mw,10.0,22.0,112.0,166.0,70.0,81.0,43.41416175471029,62.32166799394656,10.57061859220702,162.4911021523037,44.65685095549865,263.11679986023603,3.41,-0.26,-3.14,1.21,-3.36,0.02,gem,intra_slab
160149,1994-08-14T10:58:20,-71.618,-29.875,40.3,5.44,mw,237.0,85.0,113.0,340.0,24.0,14.0,39.805308815580126,350.1020067170803,23.22321291177979,239.1513691732086,41.24698330496861,127.04957550689676,0.4,0.44,-0.83,-1.5,-0.7,-0.27,gem,intra_slab
155708,1994-09-12T06:29:56,-71.706,-31.188,45.0,5.89,mw,167.0,74.0,103.0,306.0,21.0,51.0,42.22611558518904,274.99122994511305,14.625468874034578,171.29132273093398,44.11646255127898,66.63451896410629,3.79,-0.11,-3.67,1.39,-6.76,3.03,gem,intra_slab
156078,1994-09-14T05:02:14,-71.862,-31.246,41.8,5.42,mw,26.0,32.0,131.0,160.0,66.0,68.0,33.96483246540406,35.52753390231561,28.239601971759765,146.73765914928663,42.9351094617844,266.7180997729425,1.11,0.38,-1.49,0.52,-0.92,-0.05,gem,intra_slab
156469,1994-09-17T12:22:14,-71.767,-32.279,20.0,5.67,mw,11.0,26.0,83.0,199.0,64.0,93.0,44.62468620486863,116.03469448488364,4.918473584618114,21.162409320582757,44.95411987514176,286.2336319350321,2.93,0.06,-2.98,-0.86,-2.24,-0.92,gem,forearc
157186,1994-09-22T14:24:37,-71.911,-32.32,44.9,5.44,mw,61.0,36.0,21.0,314.0,78.0,124.0,31.40904949684893,258.6953195555856,35.710715342052765,142.658556857887,38.510960110889904,17.766732219426274,0.61,-1.33,0.72,-0.9,1.02,0.33,gem,intra_slab
148630,1994-10-11T01:37:21,-71.497,-32.185,53.0,5.72,mw,162.0,71.0,118.0,284.0,33.0,37.0,32.211368560365045,287.5047703852354,31.92824543357189,174.3897526782747,41.33305796802704,51.15505520943731,2.89,-2.08,-0.8,-0.46,-3.71,1.72,gem,intra_slab
151335,1994-10-20T01:15:17,-70.765,-39.209,159.1,5.93,mw,234.0,15.0,161.0,343.0,85.0,76.0,42.949032373394,237.3686892118764,14.360759047524002,341.1562779887162,43.52389130274562,85.22957737870519,1.43,1.44,-2.87,-2.77,8.7,-1.38,gem,slab_deep
115023,1995-03-23T09:18:20,-73.091,-36.214,25.1,5.48,mw,21.0,6.0,120.0,170.0,85.0,87.0,44.90456255268227,77.54655146337967,3.0457090624877527,170.58641936959236,44.9336869122561,263.62938219545333,0.22,0.29,-0.5,0.33,-1.99,0.03,gem,slab_interface
111426,1995-04-28T02:04:21,-71.947,-31.676,43.3,5.14,mw,126.0,42.0,61.0,342.0,54.0,114.0,18.028068993595493,308.26336629727865,41.11264603703781,201.7616181767829,43.38681318183546,56.17992891297479,6.83,-3.45,-3.37,2.32,3.16,1.08,gem,intra_slab
106610,1995-05-28T19:59:13,-71.204,-28.993,44.7,5.49,mw,170.0,19.0,88.0,352.0,71.0,91.0,44.99038659356732,263.22499863264306,0.8258577102903721,172.3993322537815,44.99771037027079,81.57345475332454,1.33,-0.02,-1.3,-0.21,1.66,0.2,gem,intra_slab
96740,1995-06-02T19:07:23,-71.486,-31.895,69.2,5.55,mw,166.0,14.0,-73.0,328.0,76.0,-94.0,44.90108577112625,61.96759988635984,4.540121297591568,327.4288886679786,44.73990329705239,232.91569551331952,-0.96,-0.12,1.08,1.18,-1.93,-0.74,gem,intra_slab
91688,1995-07-01T09:14:55,-72.341,-33.906,35.1,5.19,mw,7.0,24.0,108.0,168.0,67.0,82.0,43.45584845341541,63.22824640809085,10.23387158423098,163.0777417902102,44.734836055373215,263.3820036116357,5.97,-1.03,-4.93,1.75,-5.08,-0.06,gem,intra_slab
87160,1995-08-03T08:18:54,-69.124,-28.229,100.0,5.81,mw,170.0,54.0,-83.0,338.0,36.0,-100.0,44.85674503535803,74.9980279494871,17.381700122225098,183.1458010135673,40.00472132658406,288.37658050616926,-6.17,0.86,5.3,0.19,2.04,-1.4,gem,slab_deep
84590,1995-09-17T07:25:28,-74.206,-35.523,12.5,5.57,mw,46.0,56.0,-63.0,184.0,42.0,-124.0,42.7754602034723,297.1169923619373,41.90848566267297,83.25635129769643,17.720056140048673,189.921635569075,-2.29,0.18,2.1,-1.17,-0.12,1.12,gem,outer_rise
72835,1995-10-01T12:50:16,-71.442,-31.512,61.8,5.36,mw,180.0,18.0,-74.0,344.0,73.0,-95.0,44.86719438364631,77.30132388628539,5.925449156723741,341.371582908233,44.52216295107001,245.51308501637948,-0.65,-0.22,0.87,0.33,-1.1,-0.21,gem,intra_slab
73456,1995-10-03T16:08:17,-71.905,-30.762,25.0,5.68,mw,9.0,41.0,104.0,171.0,51.0,79.0,24.974026802369348,26.490256149055824,34.94964159230808,135.48710115615904,44.6319593735689,269.11538185344057,3.54,0.77,-4.3,0.46,-0.69,0.04,gem,slab_interface
82192,1995-10-31T01:55:58,-71.358,-28.922,20.0,5.73,mw,20.0,11.0,128.0,162.0,81.0,83.0,44.43903926970319,63.425618262710486,7.062551080215862,160.40374167995833,44.694755624886106,257.444754807299,1.23,0.65,-1.88,1.41,-4.38,0.17,gem,forearc
66512,1995-11-01T00:35:33,-71.34,-28.867,19.0,6.64,mw,6.0,25.0,111.0,163.0,67.0,80.0,42.690471736203634,55.761452892050045,12.514353607187564,157.57620995846685,44.61686242287759,260.2270268174011,7.87,0.83,-8.7,2.83,-7.2,1.02,gem,forearc
69439,1995-11-17T02:40:50,-79.678,-44.873,15.0,5.75,mw,259.0,79.0,171.0,351.0,81.0,11.0,1.5555536889174577,215.0607408609469,76.21838884585704,311.41719669123955,13.690084489393666,124.68172704236622,-0.66,2.02,-1.35,-1.25,0.97,-4.76,gem,outer_rise
70222,1995-11-21T18:17:02,-72.224,-33.194,15.0,5.71,mw,181.0,71.0,92.0,355.0,20.0,84.0,44.918916185607976,274.2209804144303,2.399082867824218,181.82658225961544,44.98068825210259,89.42701257936199,2.85,-0.11,-2.73,-0.14,-3.46,0.1,gem,slab_interface
72559,1995-11-30T13:15:37,-70.929,-27.751,25.0,5.72,mw,12.0,21.0,109.0,171.0,70.0,83.0,43.9380984380343,70.16389871912503,8.665140115166585,168.60844012242433,44.76114189984377,267.3010605494593,2.97,0.16,-3.13,0.74,-3.56,-0.07,gem,forearc
948724,1996-02-19T07:10:08,-75.461,-42.165,10.0,5.96,mw,15.0,63.0,-93.0,201.0,27.0,-85.0,44.96554292193325,287.2293752182959,4.538532088807621,192.68202130608609,44.67569374257563,98.18053993292398,-7.38,-1.74,9.12,-1.62,-6.14,3.82,gem,outer_rise
949543,1996-02-22T13:40:55,-71.634,-33.588,47.5,5.87,mw,93.0,40.0,49.0,321.0,61.0,119.0,23.080755225568925,278.62762553231823,39.07478790769707,168.38460962114948,42.07240162293526,31.251106257530694,5.77,-5.62,-0.15,-1.02,3.73,3.83,gem,intra_slab
952663,1996-03-11T11:56:09,-72.02,-42.167,127.4,5.32,mw,79.0,82.0,100.0,208.0,13.0,40.0,43.83694975639168,180.5039192642965,10.292109446565547,80.46238172142046,44.33368654158833,340.24324869765144,0.15,-0.41,0.25,1.11,0.28,-0.37,gem,slab_deep
960674,1996-04-25T04:51:17,-71.411,-30.192,62.5,5.19,mw,7.0,42.0,-82.0,177.0,48.0,-97.0,44.87483001610007,271.343159729737,32.473446373437994,142.02365336975043,27.549065603798283,32.63394418912003,-8.55,1.84,6.7,-0.9,0.89,0.21,gem,intra_slab
980844,1996-08-14T21:23:50,-73.868,-42.573,40.0,5.17,mw,215.0,29.0,-11.0,314.0,85.0,-119.0,39.3794222609691,68.57988575665365,28.83297589240295,311.7169078041575,37.16172165756902,197.05416760561653,-0.69,-3.25,3.94,3.28,-5.42,-2.38,gem,slab_interface
985382,1996-09-09T00:20:40,-71.455,-31.925,42.4,5.93,mw,196.0,58.0,116.0,334.0,40.0,55.0,22.00635962789393,335.7004524711993,39.10379873682915,226.52314231604896,42.80778221740909,87.68484010392837,7.55,2.17,-9.71,-2.66,-3.08,0.83,gem,slab_interface
1010513,1997-02-10T10:52:11,-68.78,-32.794,144.7,5.28,mw,77.0,82.0,-103.0,317.0,15.0,-31.0,43.87909274486257,358.29898188538294,13.371171569972454,255.08557332296863,43.05492270352477,152.253928625222,-2.93,3.39,-0.46,-9.54,-2.65,-1.62,gem,slab_deep
1015384,1997-03-09T11:43:46,-71.143,-29.74,45.0,6.15,mw,6.0,34.0,86.0,191.0,57.0,93.0,44.41934121694815,110.59864592464032,5.889522385484897,14.796981191066775,44.977355061523646,278.8807902161745,1.89,0.0,-1.89,-0.21,-0.79,-0.3,gem,slab_interface
1015575,1997-03-10T03:53:02,-71.385,-29.776,45.0,5.62,mw,10.0,38.0,94.0,184.0,52.0,87.0,43.35139993740346,77.74083323922446,9.843454829310074,177.16852536605097,44.97315053865692,277.15109713769726,3.56,-0.66,-2.9,0.11,-0.8,-0.28,gem,intra_slab
1018080,1997-03-25T00:14:45,-70.716,-33.451,84.9,5.5,mw,58.0,74.0,-33.0,158.0,59.0,-161.0,29.855470764317527,290.9611459625584,57.35335563335952,84.58776147937436,11.995400247163472,193.95605337137405,-0.6,-1.12,1.72,-1.13,-0.08,1.07,gem,slab_deep
1022732,1997-04-20T19:53:17,-70.139,-33.93,105.2,5.57,mw,4.0,77.0,-89.0,181.0,13.0,-93.0,44.99424029369225,273.1662723166843,1.084056394171622,4.250304803615904,44.985251422941005,95.33399716559506,-1.08,-0.3,1.37,-0.18,-2.52,0.08,gem,slab_deep
1027534,1997-05-17T02:10:20,-69.529,-27.059,110.0,5.52,mw,150.0,85.0,-67.0,251.0,23.0,-168.0,41.24698330496861,40.04957550689676,23.22321291177977,152.15136917320865,39.80530881558014,263.10200671708026,-0.47,1.03,-0.56,-0.85,1.99,-0.39,gem,slab_deep
1031336,1997-06-09T14:45:29,-71.684,-31.942,58.7,5.13,mw,3.0,85.0,-129.0,266.0,39.0,-9.0,34.86934427780995,303.604606542395,39.250600052110336,178.9008432648427,31.48842973548379,58.87020536186549,-1.05,-0.14,1.19,-0.84,-4.72,4.08,gem,intra_slab
1032843,1997-06-19T12:21:03,-70.237,-33.173,103.1,5.35,mw,20.0,74.0,-72.0,150.0,24.0,-137.0,43.31830544673774,275.8243393339275,20.115731462319424,26.028502800009107,39.87655819058013,133.8459886433584,-7.01,-0.99,7.99,-5.12,-9.76,-1.32,gem,slab_deep
1035413,1997-07-04T23:52:06,-76.503,-45.562,15.0,5.21,mw,264.0,90.0,-180.0,354.0,90.0,0.0,7.442344089913071e-15,219.0,90.0,57.43494882292202,2.480781363304358e-15,309.0,-2.35,2.97,-0.62,0.0,0.0,-7.98,gem,outer_rise
1035633,1997-07-06T09:54:03,-71.799,-30.027,25.0,6.8,mw,0.0,21.0,92.0,178.0,69.0,89.0,44.98647310849484,86.5245584033687,0.9638371639255068,177.488076869353,44.99731462439355,268.45196007297545,1.31,-0.09,-1.22,0.07,-1.45,0.02,gem,slab_interface
1035721,1997-07-06T23:15:20,-72.03,-30.332,25.0,5.75,mw,183.0,66.0,95.0,352.0,24.0,80.0,44.30056961271811,282.72855324403093,6.80194981793782,186.0441629655484,44.89564395950621,89.21879527245744,3.73,0.23,-3.95,-0.32,-3.46,0.18,gem,intra_slab
1037644,1997-07-19T12:22:58,-71.662,-29.306,27.3,5.86,mw,195.0,62.0,129.0,315.0,47.0,40.0,14.887700716863932,335.53644861861005,46.59804404256321,229.21005468287527,39.58852964923081,78.23609994177525,4.92,1.91,-6.83,-2.9,-2.58,2.5,gem,slab_interface
1038043,1997-07-21T17:54:18,-71.902,-29.958,36.9,5.42,mw,14.0,22.0,109.0,173.0,70.0,83.0,43.75797089705881,71.0381720519116,9.307850929753728,170.06755325137487,44.74280660821162,269.41564687961375,1.17,-0.13,-1.04,0.25,-1.24,-0.09,gem,intra_slab
1038069,1997-07-21T23:19:40,-71.782,-30.403,20.0,5.91,mw,29.0,27.0,123.0,173.0,67.0,74.0,39.51882139529683,57.3010228738699,19.66937064014257,164.44988633088224,43.95629262173692,274.61079162808267,5.86,1.05,-6.9,1.44,-5.88,-1.37,gem,slab_interface
1038086,1997-07-22T02:09:33,-71.909,-30.403,38.8,5.38,mw,14.0,21.0,59.0,227.0,72.0,101.0,42.70896597064911,153.37271352136327,13.021603713289227,51.04678206998858,44.3797295093409,307.96676712232534,1.11,-0.33,-0.78,-1.04,-0.63,-0.04,gem,intra_slab
1038486,1997-07-24T19:54:39,-72.129,-30.623,20.0,5.66,mw,0.0,31.0,91.0,179.0,59.0,89.0,44.98024836859819,87.07869456742606,1.096479924589468,178.17461937871633,44.99877065230608,269.2712530755425,3.26,0.25,-3.5,0.07,-1.77,0.05,gem,intra_slab
1038555,1997-07-25T06:47:02,-72.044,-30.434,20.0,6.05,mw,178.0,65.0,96.0,345.0,26.0,78.0,43.92015417624591,280.1381010510903,8.409730001484379,181.95306304317015,44.85406930916498,83.49476673419002,1.16,-0.08,-1.07,-0.04,-0.93,0.15,gem,slab_interface
1038565,1997-07-25T07:33:29,-71.983,-30.537,20.0,6.04,mw,191.0,66.0,95.0,358.0,25.0,79.0,44.30056961271811,290.728553244031,6.8019498179378335,194.0441629655484,44.8956439595062,97.21879527245744,1.09,-0.08,-1.01,-0.23,-0.89,-0.06,gem,slab_interface
1038836,1997-07-27T05:21:28,-71.902,-30.454,20.0,6.26,mw,178.0,71.0,91.0,354.0,19.0,86.0,44.97970805956805,269.612395542518,1.1997955409689094,178.41318671167733,44.99517143321325,87.21333031016877,1.92,-0.11,-1.8,0.05,-2.35,0.13,gem,slab_interface
1039123,1997-07-29T00:31:22,-72.194,-30.625,39.5,5.15,mw,194.0,49.0,114.0,340.0,46.0,65.0,4.386938711826956,353.0935811426393,46.08232354054236,258.52392451534695,43.58211833263801,87.28049959767219,4.94,3.32,-8.25,-0.57,-0.39,0.48,gem,intra_slab
935350,1997-08-06T22:50:13,-71.989,-30.743,31.5,5.55,mw,186.0,85.0,92.0,339.0,5.0,63.0,44.95810145018557,278.1984709270299,2.0230964537104934,186.17707188236096,44.97049329534718,94.15479791430408,0.61,-0.33,-0.27,-0.3,-2.52,0.12,gem,intra_slab
937180,1997-08-18T12:24:25,-72.011,-29.859,15.0,5.68,mw,4.0,24.0,96.0,177.0,66.0,87.0,44.80153946728375,82.23325434185051,3.6186068552150807,175.83403488793442,44.97022372040863,269.4561085514242,3.15,-0.18,-2.96,0.24,-2.77,-0.03,gem,slab_interface
1047434,1997-10-15T01:03:34,-71.232,-31.008,57.9,7.07,mw,173.0,80.0,-83.0,315.0,12.0,-128.0,44.69192275284256,76.98791566893453,7.33063236688092,174.29979929199874,44.37522033100658,271.5308521691237,-1.59,0.17,1.41,-0.45,4.59,-0.8,gem,intra_slab
1050658,1997-11-03T19:17:34,-71.351,-30.776,45.0,6.16,mw,175.0,59.0,91.0,352.0,31.0,88.0,44.9452913850233,267.91952441656616,1.825046262128525,176.09703648188497,44.996594920547125,84.2712807474756,1.8,0.12,-1.92,0.07,-1.01,0.23,gem,slab_interface
1050895,1997-11-05T06:09:15,-78.161,-43.908,15.0,5.56,mw,80.0,75.0,-173.0,349.0,84.0,-15.0,14.980595846577856,34.858294095379165,73.84465326995331,192.33507171981947,5.909682368569944,303.27110967072787,-0.14,1.0,-0.85,-0.16,-0.75,-2.39,gem,outer_rise
1051658,1997-11-09T20:23:41,-71.93,-30.004,23.5,5.26,mw,206.0,75.0,115.0,325.0,29.0,32.0,36.128960685792805,326.0217124617493,27.25392551056052,213.93364300619209,41.70753174721373,96.6060702259564,4.7,1.82,-6.52,-4.82,-6.35,1.12,gem,intra_slab
1059399,1997-12-18T12:30:04,-73.477,-41.83,48.1,5.16,mw,87.0,27.0,37.0,323.0,74.0,112.0,37.577797505640255,261.1213201189433,24.525302525684317,150.56758498970737,42.46384773793754,35.88722256592797,3.34,-3.69,0.34,-2.89,4.64,2.57,gem,slab_interface
1063904,1998-01-12T10:14:08,-71.539,-31.008,35.0,6.57,mw,174.0,63.0,90.0,355.0,27.0,91.0,45.00000000000001,263.99999999999994,1.9017231887533493e-14,353.99999999999994,44.99999999999999,84.0,6.91,0.09,-7.0,0.56,-5.18,0.68,gem,slab_interface
1064295,1998-01-14T06:35:45,-68.262,-31.757,112.1,5.2,mw,34.0,65.0,-72.0,176.0,31.0,-123.0,43.699604070036266,290.7098815232119,24.133159521895728,46.05868538544343,36.6023262763508,155.4947348475025,-6.84,1.31,5.53,-4.49,-2.98,0.48,gem,slab_deep
1065281,1998-01-19T18:24:04,-79.537,-44.965,15.0,6.17,mw,170.0,78.0,-4.0,261.0,86.0,-168.0,11.1016775856752,34.85855362773464,77.4634835156745,242.9203100758062,5.750690847042215,125.9908473636633,-0.23,0.85,-0.62,0.41,0.17,-2.07,gem,outer_rise
1089488,1998-04-01T22:42:58,-75.058,-40.321,10.0,6.66,mw,17.0,46.0,-92.0,199.0,44.0,-88.0,44.990966964508935,288.41427779601383,30.584264283965783,162.1975394909233,29.419329698447907,52.72896727458681,-1.18,0.08,1.09,0.01,-0.04,0.37,gem,slab_interface
1105435,1998-05-08T17:42:21,-77.646,-45.706,10.0,5.27,mw,158.0,55.0,-17.0,258.0,76.0,-144.0,30.61177358513884,23.900568981456445,54.55870821533766,237.6681365187558,16.104382861561042,123.7365017870984,-1.78,4.75,-2.97,4.94,4.67,-6.47,gem,outer_rise
1144164,1998-06-06T12:16:19,-73.221,-36.568,21.2,5.22,mw,186.0,79.0,95.0,341.0,12.0,65.0,44.66546189270683,282.2834399771712,5.2911213805354,187.03147920706613,44.84729542629904,91.74598108576812,4.21,-1.83,-2.37,-1.25,-7.86,0.67,gem,forearc
1144367,1998-06-07T16:10:47,-67.817,-31.498,111.0,5.87,mw,36.0,62.0,-42.0,148.0,54.0,-145.0,36.96164828003899,274.16818938624726,52.05722998751956,78.9969951677441,7.387382846266915,178.56922846095335,-4.43,-3.69,8.12,-3.63,-0.93,0.41,gem,slab_deep
1146874,1998-06-22T07:55:08,-66.58,-27.845,148.0,5.4,mw,210.0,66.0,-18.0,307.0,73.0,-155.0,26.064196896339485,77.53676313691619,63.21335336993053,271.87407438326784,5.753560653420117,170.36158850259005,-0.35,-1.11,1.46,0.71,-0.01,-0.55,gem,slab_deep
1167371,1998-07-18T09:57:15,-70.806,-28.277,47.0,5.43,mw,8.0,17.0,119.0,158.0,75.0,82.0,43.87315072216433,56.29439770042728,9.352427309575264,155.40506542048593,44.61345452668973,254.75643887863197,0.8,0.14,-0.94,0.58,-1.34,0.17,gem,slab_interface
1169274,1998-07-29T07:14:25,-71.198,-32.26,51.9,6.42,mw,181.0,40.0,116.0,329.0,55.0,70.0,23.13464279386533,186.95525619457163,37.26863835308245,295.92741005917657,43.7930296965942,72.77434172222218,4.75,-0.09,-4.66,-1.81,0.83,1.26,gem,slab_interface
1178523,1998-08-24T02:45:35,-69.466,-31.872,113.7,5.1,mw,102.0,29.0,-106.0,300.0,62.0,-81.0,44.718165153729714,23.74680832537274,13.33967676732525,127.326637124488,42.22745626329981,229.7548134603845,-4.47,4.11,0.35,2.46,-1.85,-1.77,gem,slab_deep
1202810,1998-09-03T17:37:59,-71.551,-29.423,30.0,6.53,mw,199.0,76.0,105.0,332.0,20.0,44.0,41.68676935017367,308.3595220785476,16.365745394844833,203.198912985815,43.75656746596288,96.8677317146919,3.39,0.9,-4.29,-2.59,-6.11,0.35,gem,slab_interface
1204108,1998-09-11T05:24:45,-71.549,-30.828,47.8,5.05,mw,207.0,55.0,124.0,337.0,47.0,52.0,9.134276242134556,355.4284131006314,46.936327732276,255.52196393288327,41.613343309178205,93.6395295304094,4.04,-0.38,-3.65,-3.16,-0.38,0.04,gem,intra_slab
1310878,1998-10-09T10:24:29,-75.6,-47.635,15.0,5.13,mw,19.0,46.0,138.0,142.0,61.0,52.0,15.193498295144549,0.0939770380215918,45.97073608987067,106.40992709162254,40.06974461712022,256.88873220930105,4.17,2.21,-6.38,2.34,-1.07,1.68,gem,crustal_intraarc_shallow
1310998,1998-10-10T04:12:09,-72.09,-33.471,30.0,5.63,mw,175.0,64.0,91.0,352.0,26.0,87.0,44.96676741628985,267.17045234119394,1.459603200622088,175.71206841705464,44.99605740038796,84.25219233612222,2.65,0.07,-2.72,0.15,-2.17,0.32,gem,intra_slab
1314302,1998-10-29T19:55:55,-70.629,-32.824,87.3,5.28,mw,165.0,47.0,164.0,266.0,78.0,44.0,23.512515490434,135.52195858991132,46.98771377510324,253.32005223046525,33.59582731355928,28.722930048590516,3.04,-3.98,0.93,-6.5,-1.91,7.3,gem,slab_deep
1322639,1998-11-06T08:01:12,-79.827,-44.341,10.0,5.88,mw,256.0,69.0,171.0,349.0,82.0,22.0,9.129675195936256,214.3802639735254,67.99940893940934,327.8177211127982,19.837533004706817,121.05659611324836,-0.64,3.28,-2.64,-2.66,2.82,-6.82,gem,outer_rise
1326078,1998-11-27T10:27:03,-69.439,-32.1,124.2,5.44,mw,35.0,47.0,-74.0,191.0,45.0,-107.0,44.405655641235775,293.7595651143065,45.286064651674415,105.3686141026032,4.2062712564952,199.628671272661,-1.68,0.1,1.57,-0.32,0.07,0.77,gem,slab_deep
1333342,1998-12-11T08:37:51,-68.984,-31.18,115.0,5.4,mw,32.0,41.0,-97.0,221.0,49.0,-84.0,44.90764290754561,306.9569109716369,25.723750759839245,65.65716918016727,34.03280320291293,174.6448552158497,-1.4,0.41,0.98,0.2,0.13,0.94,gem,slab_deep
1333806,1998-12-14T16:25:25,-71.136,-38.261,134.8,5.95,mw,250.0,8.0,-6.0,346.0,89.0,-98.0,44.46651643562277,83.71337642333242,7.959216188309238,345.82547812569493,44.43485904510406,247.94634852343583,-0.02,-1.23,1.25,2.37,-9.83,1.01,gem,slab_deep
1335721,1998-12-26T11:20:23,-75.159,-40.799,14.4,5.53,mw,6.0,72.0,-90.0,187.0,18.0,-89.0,45.00000000000001,276.0,4.173140649383657e-15,6.0,45.00000000000001,96.0,-1.31,-0.17,1.48,-0.2,-2.01,0.18,gem,intra_slab
1449023,1999-02-05T16:07:09,-70.947,-34.81,89.9,5.23,mw,126.0,47.0,146.0,241.0,66.0,48.0,16.878116893973406,103.11255874001824,46.93214455018857,212.05339518078935,38.1751748982796,359.31192159529934,4.76,-6.59,1.83,-2.17,-6.55,1.16,gem,slab_deep
1538377,1999-03-05T03:35:17,-69.66,-34.693,15.0,5.93,mw,12.0,79.0,94.0,170.0,12.0,69.0,44.78552713156727,107.037952297395,4.233608737388565,12.824459580933706,44.90221648464105,278.59373782380754,3.86,-0.27,-3.58,2.02,8.64,0.04,gem,crustal_intraarc_shallow
1540427,1999-03-09T22:56:53,-67.263,-27.68,140.3,5.14,mw,212.0,69.0,-6.0,305.0,85.0,-159.0,18.16121527350024,76.31554177680766,68.55133921596985,289.70445374373355,11.023346307900072,169.97935006768148,-0.84,-5.16,6.0,2.13,-0.99,-2.39,gem,slab_deep
1546940,1999-03-27T11:13:33,-71.768,-40.087,15.0,5.45,mw,174.0,72.0,174.0,266.0,85.0,18.0,8.800070739945326,131.26774794862808,71.37638041321999,248.6148822168779,16.279312126898695,38.67659257577719,-0.13,-0.2,0.32,-0.58,-0.32,1.7,gem,crustal_intraarc_shallow
1627792,1999-04-25T09:10:45,-69.306,-31.832,112.4,5.3,mw,36.0,42.0,-62.0,181.0,54.0,-113.0,43.494045479523685,286.4937663283779,41.03831952216409,140.817447372807,17.97117093769857,34.41717731888377,-0.9,-0.21,1.1,-0.14,0.29,0.45,gem,slab_deep
1629748,1999-04-30T19:28:50,-71.688,-31.676,56.9,5.53,mw,185.0,61.0,95.0,355.0,29.0,81.0,43.92701953946699,287.54571850188626,8.19076702789498,189.57626381073436,44.9097661160181,91.32670179360508,1.79,0.54,-2.32,-0.16,-1.3,-0.04,gem,intra_slab
1676426,1999-05-10T08:47:22,-69.224,-30.277,25.0,5.16,mw,20.0,78.0,142.0,119.0,53.0,15.0,18.785729230006005,152.82786810489677,52.76466561090362,36.24078574246937,30.81582688017639,254.53430937795932,2.06,3.32,-5.38,1.62,3.3,3.4,gem,crustal_intraarc_shallow
1681383,1999-05-22T01:32:14,-70.628,-36.751,154.1,5.27,mw,204.0,12.0,-65.0,359.0,80.0,-95.0,44.83839169600528,92.88547154717776,5.423921452142933,357.4678230917309,44.64967358401775,262.0858529549446,-4.26,1.33,2.93,0.45,-9.45,0.8,gem,slab_deep
1682761,1999-05-25T16:42:05,-66.774,-27.922,165.6,5.76,mw,185.0,52.0,-27.0,292.0,69.0,-139.0,34.993765412296646,55.149779485611305,51.452469140893,263.6781605531686,14.111754227473437,155.2861669656162,-2.44,-0.64,3.07,2.86,0.22,-3.64,gem,slab_deep
1654910,1999-08-02T01:06:39,-70.234,-33.055,96.8,5.51,mw,23.0,81.0,-73.0,141.0,19.0,-151.0,43.15472426490273,278.5827056938569,17.594122962964835,25.87887016207725,41.601005337985015,132.23158452033488,-0.59,-0.56,1.14,-0.81,-1.88,-0.08,gem,slab_deep
1654972,1999-08-04T16:49:51,-68.111,-31.63,114.5,5.34,mw,33.0,62.0,-53.0,155.0,45.0,-139.0,40.10961530751474,277.43194644329367,45.15738509524528,65.31940396346181,16.66003475680007,172.83123921351978,-0.87,-0.24,1.11,-0.79,-0.24,0.06,gem,slab_deep
1655100,1999-08-12T07:27:11,-76.711,-45.575,10.5,5.48,mw,6.0,40.0,-20.0,111.0,77.0,-128.0,37.08100711196016,229.915945205032,39.90433001997455,100.71652591802008,28.311488425528932,343.9410812238762,-0.69,-0.29,0.98,-1.55,0.12,-1.02,gem,outer_rise
1703360,1999-08-22T09:35:38,-75.186,-40.594,18.0,6.37,mw,14.0,46.0,-96.0,202.0,45.0,-84.0,44.918768652276206,288.23921285860706,43.05410978916633,129.5477881759124,10.837615117907587,29.24444421893145,-4.1,-0.18,4.27,0.21,-0.15,1.6,gem,intra_slab
1655884,1999-09-10T17:16:30,-71.12,-29.715,55.6,5.04,mw,151.0,81.0,-45.0,250.0,46.0,-168.0,33.201651608616174,28.22588196343463,45.70025170331258,160.34065356789506,25.69027869993597,279.8761938846517,-0.85,2.94,-2.08,-0.64,3.14,-1.87,gem,intra_slab
1656614,1999-09-29T18:01:30,-71.95,-30.733,15.0,5.68,mw,175.0,59.0,92.0,352.0,31.0,87.0,44.78198069985654,270.81911161821347,3.6455047893991694,177.1939369919512,44.9863809123981,83.54276922843258,3.35,0.35,-3.69,0.12,-1.94,0.44,gem,slab_interface
1649152,1999-11-03T13:59:19,-73.704,-38.231,20.3,5.34,mw,28.0,7.0,132.0,166.0,85.0,85.0,44.767737356986565,70.62036400093405,4.755117088948103,165.3533244370276,44.83852565425874,260.09802146093693,0.28,-0.04,-0.23,0.31,-1.2,-0.07,gem,slab_interface
1649160,1999-11-03T15:19:20,-73.771,-38.113,24.9,5.21,mw,96.0,55.0,179.0,187.0,89.0,35.0,23.50031722853672,57.01796489482808,54.99854188203589,185.40366705623288,24.350747966646303,315.66853182288384,-0.66,-1.53,2.18,0.69,-4.88,-6.42,gem,slab_interface
1649404,1999-11-06T00:57:05,-71.813,-29.903,57.3,5.22,mw,4.0,25.0,34.0,242.0,76.0,111.0,38.79965389007248,178.20191156708688,22.814127713909983,68.43416117534281,42.53490328459787,315.73281398363247,3.26,-0.54,-2.72,-6.3,-3.28,-4.03,gem,intra_slab
1651272,1999-11-20T21:52:50,-72.064,-30.808,15.0,5.16,mw,11.0,40.0,106.0,171.0,52.0,77.0,26.974915283491956,29.75285105890788,33.35513802619166,139.32752267043077,44.53800959880761,269.6978173907176,6.43,0.36,-6.79,1.13,-1.43,-0.19,gem,slab_interface
1657955,1999-12-04T17:06:53,-71.244,-28.49,40.0,5.57,mw,219.0,43.0,131.0,349.0,59.0,59.0,17.948022973766736,207.78861079599184,42.82903901119008,315.26156429816194,41.72098177133973,101.00174048171846,1.93,0.87,-2.79,-0.52,0.91,-0.84,gem,intra_slab
1733032,2000-02-21T14:36:25,-71.363,-29.825,51.6,5.12,mw,196.0,31.0,114.0,349.0,62.0,76.0,38.44202454484038,229.38328822603984,20.757300339820272,336.8921892169366,44.304053984973685,88.60253370448925,4.71,0.71,-5.41,-1.17,3.04,-0.19,gem,intra_slab
1733894,2000-03-26T03:32:36,-71.74,-32.694,25.0,5.16,mw,189.0,66.0,108.0,330.0,30.0,55.0,37.114833026631146,309.3995628375813,23.51852633766632,200.17242072030552,43.66186499956466,85.63236046303047,4.77,0.62,-5.39,-1.46,-4.2,1.1,gem,slab_interface
1736564,2000-06-16T07:55:36,-70.09,-33.848,115.5,6.39,mw,11.0,60.0,-105.0,219.0,33.0,-67.0,44.216199101487135,291.8608768551416,24.14610845130493,176.0,36.05134838695749,66.95477759127618,-3.81,0.26,3.54,0.03,-2.31,1.86,gem,slab_deep
1737456,2000-07-07T05:26:44,-66.575,-28.001,171.3,5.29,mw,179.0,52.0,-43.0,299.0,58.0,-133.0,39.23520701237853,57.8059353990754,50.23664551886215,248.87573392369447,5.458397989419643,152.28136750402837,-7.17,0.22,6.95,4.86,1.68,-6.44,gem,slab_deep
1743179,2000-12-20T11:23:55,-74.95,-39.009,10.0,6.43,mw,3.0,50.0,-106.0,206.0,43.0,-72.0,44.34381689640472,284.26418714929866,40.93922919606628,136.29295345615805,16.649160566101454,31.258393535671928,-4.4,-1.42,5.81,0.37,-0.82,1.94,gem,slab_interface
1763321,2001-01-07T10:18:22,-72.189,-33.511,20.0,5.91,mw,178.0,67.0,92.0,353.0,23.0,85.0,44.89482180127448,271.76729655071927,2.6489142878115324,179.1252715335063,44.98279985370798,86.4751145378026,6.17,0.48,-6.65,0.08,-6.37,0.49,gem,slab_interface
1780646,2001-02-19T14:31:55,-79.927,-45.171,10.0,5.77,mw,260.0,76.0,180.0,350.0,90.0,14.0,9.84972365902512,215.86372851064328,76.0,349.99999999999994,9.84972365902513,124.13627148935672,-0.94,2.29,-1.35,-0.64,1.25,-4.99,gem,outer_rise
2042166,2001-02-22T07:55:52,-71.497,-27.755,25.0,5.54,mw,6.0,12.0,119.0,157.0,80.0,84.0,44.548196415632574,59.18035997274137,6.191552286211777,155.3105517962947,44.7853056535487,251.4918931483706,0.95,-0.05,-0.9,0.98,-2.17,0.09,gem,intra_slab
1832606,2001-02-27T02:12:58,-71.407,-27.893,15.0,5.19,mw,9.0,28.0,120.0,155.0,66.0,75.0,39.36680816271357,39.55619880262111,19.708016244126338,146.64715156674407,44.08101008313286,256.9449246526369,4.69,2.08,-6.76,2.15,-4.43,1.82,gem,slab_interface
1780670,2001-03-03T11:58:11,-74.866,-38.886,15.0,5.84,mw,228.0,31.0,-43.0,357.0,69.0,-114.0,42.45968684651099,104.37236448513367,28.151577047596017,345.05520218584314,34.55288628097041,233.4322486515822,-4.38,-0.27,4.65,1.28,-4.82,2.49,gem,intra_slab
1780686,2001-03-15T13:02:42,-71.54,-32.402,37.0,5.89,mw,2.0,58.0,112.0,144.0,38.0,59.0,26.364303659782514,138.40140593459392,35.08105209896434,28.03096892313397,43.42217338775425,256.3744153027435,7.48,-0.98,-6.5,2.46,3.47,2.12,gem,slab_interface
1800532,2001-03-31T06:54:16,-68.271,-29.41,105.6,5.37,mw,102.0,59.0,-122.0,332.0,43.0,-49.0,41.61218032765853,34.27095961332782,43.259375792830525,247.56863588723064,17.392612387448896,140.4253188256921,-1.04,0.82,0.21,-0.57,-0.15,-0.92,gem,slab_deep
1882885,2001-04-09T09:01:00,-73.102,-32.723,15.0,6.65,mw,33.0,46.0,-94.0,219.0,44.0,-86.0,44.96387886449332,305.8276493431197,40.06320002752818,158.69583199810813,17.090651097595465,53.71064228403702,-1.06,0.3,0.76,0.02,-0.05,0.71,gem,outer_rise
1817649,2001-04-21T18:15:47,-67.389,-29.098,124.5,5.69,mw,156.0,44.0,-32.0,270.0,68.0,-129.0,38.44311288868443,27.752757815291943,43.986849459504896,247.73645660480776,21.229682231976504,135.7140364486022,-2.23,2.08,0.15,2.45,1.18,-2.43,gem,slab_deep
1893261,2001-05-06T05:59:48,-71.131,-32.601,53.0,5.16,mw,185.0,69.0,115.0,313.0,32.0,42.0,33.35026441315192,309.7681973740898,29.749272002937666,197.67320145873916,42.219578616905046,76.43562005222145,4.15,0.35,-4.5,-1.53,-4.56,2.27,gem,slab_interface
1836316,2001-05-15T23:53:19,-66.614,-28.033,172.4,5.59,mw,181.0,54.0,-28.0,288.0,68.0,-141.0,34.67215804406804,51.86121773970547,52.9692858059576,255.38239885697053,11.400573456874504,149.87904684868192,-1.45,-0.01,1.46,1.3,0.18,-2.28,gem,slab_deep
1884411,2001-06-13T04:10:47,-66.458,-27.162,12.2,5.02,mw,52.0,62.0,101.0,209.0,30.0,70.0,40.6157972573501,166.32512082424557,16.852253286982133,61.26853252535432,44.55168102920744,313.9184373405969,3.07,-1.31,-1.76,1.94,1.24,-2.34,gem,backarc
1954553,2001-07-24T17:42:43,-71.563,-32.939,41.2,5.2,mw,158.0,50.0,93.0,334.0,40.0,87.0,42.21194390923986,270.86008442533466,12.787454012785451,168.97878699893658,44.97678450690999,65.87119781758054,7.82,-1.21,-6.6,0.32,-1.42,2.94,gem,slab_interface
2170887,2001-10-12T04:21:34,-69.745,-33.332,10.0,5.29,mw,222.0,78.0,171.0,314.0,81.0,12.0,2.2989957253931443,178.2464539316892,75.48145863157687,277.16489598974124,14.327440352136628,87.65894892162169,-0.07,1.04,-0.97,-0.31,0.02,0.08,gem,crustal_intraarc_shallow
2238618,2001-10-17T02:34:42,-68.939,-28.372,116.1,5.36,mw,163.0,60.0,-72.0,310.0,34.0,-119.0,43.87464010939278,60.02859212531354,28.15716535121031,181.00000000000003,33.02023389750352,291.35606663121104,-1.16,0.33,0.82,0.03,0.72,-0.6,gem,slab_deep
2254868,2001-10-23T23:54:23,-76.037,-43.446,15.0,5.13,mw,232.0,45.0,-27.0,342.0,71.0,-132.0,37.0784272396343,101.08677772852307,45.00000000000001,322.0,21.68245841969159,208.5721629604896,-2.94,-2.39,5.33,1.75,-3.09,2.28,gem,outer_rise
2317685,2001-11-03T01:43:22,-71.829,-36.202,86.9,5.09,mw,163.0,77.0,120.0,274.0,33.0,25.0,33.75260053922307,285.6757119559843,31.776704006850636,171.22231553398615,40.046861417284006,49.84607909964029,2.27,-2.24,-0.02,-0.09,-4.58,2.28,gem,slab_deep
2299223,2001-11-06T06:12:54,-71.384,-30.454,59.2,5.1,mw,174.0,53.0,91.0,352.0,37.0,88.0,44.85687237608778,269.0649145039472,2.893144665211603,176.18252347378825,44.99716209808335,83.28597055837156,4.89,0.8,-5.68,0.04,-1.58,0.77,gem,intra_slab
2903490,2002-02-21T08:57:47,-67.424,-31.671,119.8,5.37,mw,15.0,74.0,-61.0,131.0,33.0,-149.0,40.73283594967483,263.0396293752103,31.730709338923923,25.21311067852173,33.06077396982482,138.94744701647204,-7.13,-1.06,8.19,-6.25,-9.37,-4.49,gem,slab_deep
2903943,2002-03-03T07:16:17,-76.231,-45.798,10.0,5.86,mw,168.0,86.0,-7.0,258.0,83.0,-176.0,7.709879979281681,33.387556127239804,82.00112721196294,197.84307163997028,2.117800484205893,303.1007145530621,-1.1,3.62,-2.52,0.13,0.91,-7.0,gem,outer_rise
2933451,2002-04-01T19:59:33,-71.237,-29.652,69.8,6.34,mw,23.0,79.0,-118.0,274.0,30.0,-22.0,40.40837600698133,315.2052877897976,29.23097399449355,196.7553860819964,35.748850128247135,83.00012939054261,-1.58,2.19,-0.61,-0.06,-3.66,0.98,gem,intra_slab
2991626,2002-04-18T16:08:38,-70.489,-27.458,59.3,6.56,mw,253.0,56.0,168.0,350.0,80.0,35.0,17.724529756847637,216.91922727256264,55.73291507260908,334.89596748667213,28.27136988284693,117.02163821144512,3.42,2.46,-5.88,0.63,4.22,-6.35,gem,intra_slab
3004621,2002-04-27T23:53:53,-67.49,-30.978,25.1,5.21,mw,227.0,71.0,127.0,341.0,41.0,31.0,25.215905487237087,358.28024157855947,40.804145520479615,244.2930525144029,38.73167621518078,110.4710586337469,3.96,3.01,-6.96,-2.95,-3.42,-3.79,gem,backarc
3153476,2002-05-23T15:52:16,-71.274,-30.715,51.2,5.92,mw,179.0,55.0,91.0,358.0,35.0,89.0,44.90314250116471,273.06358386722724,2.3928658221907533,180.6767168048577,44.996981220131445,88.28201395638405,8.04,1.48,-9.51,0.01,-3.22,0.23,gem,slab_interface
3153516,2002-05-24T00:23:16,-71.129,-32.007,58.5,5.53,mw,9.0,40.0,107.0,167.0,52.0,76.0,26.32777888291315,26.071182045907847,33.98148156107951,135.55479404522674,44.478897621717664,266.99880399193853,2.27,0.09,-2.36,0.48,-0.46,0.08,gem,slab_interface
3153576,2002-05-28T04:04:23,-66.651,-28.974,20.6,5.99,mw,36.0,74.0,101.0,180.0,19.0,55.0,42.98972910879705,141.44329798976298,12.401487548269996,39.61506121636285,44.36596513470352,297.1949629917246,6.28,-0.37,-5.9,6.47,7.48,-1.66,gem,backarc
3192090,2002-06-18T13:56:23,-71.147,-30.807,54.4,6.43,mw,166.0,61.0,87.0,353.0,29.0,96.0,44.607960540198015,248.36604641981995,4.938012344743897,343.2549677789166,44.96749938981407,78.20578835645205,4.46,0.08,-4.54,0.81,-2.76,0.87,gem,slab_interface
3187914,2002-06-23T11:10:43,-71.266,-30.843,68.7,5.22,mw,184.0,52.0,-71.0,334.0,42.0,-113.0,44.0164284209484,80.63335898499668,40.148985533969984,225.2271581129524,18.570630152038408,331.6904765711167,-7.84,-0.09,7.93,1.93,1.76,-1.66,gem,intra_slab
3208254,2002-07-02T20:21:01,-67.979,-31.241,22.9,5.5,mw,54.0,81.0,129.0,156.0,40.0,15.0,29.719364831407148,180.00217932688722,39.81499964507383,61.58698357581744,35.92407749236298,294.43232127650094,0.53,0.94,-1.46,1.56,0.61,-0.57,gem,backarc
3229300,2002-07-18T21:53:14,-79.995,-44.707,10.0,5.19,mw,119.0,68.0,117.0,246.0,34.0,42.0,31.145415843016423,246.41807126131084,32.40656307585119,133.86057444384068,41.85835876510668,9.199328770594434,4.36,-7.13,2.76,4.07,-2.52,1.03,gem,outer_rise
3379719,2002-09-24T03:57:23,-69.095,-31.401,115.5,6.24,mw,27.0,39.0,-94.0,212.0,51.0,-87.0,44.97205718931628,299.8431912430071,11.572998418566732,41.64809340595497,42.71955868680234,142.54803846553295,-2.63,0.57,2.06,0.39,0.46,1.28,gem,slab_deep
3427294,2002-09-30T13:05:59,-70.88,-35.148,96.6,5.25,mw,23.0,68.0,-97.0,222.0,23.0,-73.0,44.78349683338445,298.35968419048584,8.975103824654028,199.34138350967905,43.82172445683229,100.62328241336412,-7.02,2.65,4.37,-2.09,-6.47,2.43,gem,slab_deep
3471300,2002-10-06T11:21:39,-71.397,-28.671,24.2,5.29,mw,190.0,65.0,100.0,348.0,27.0,70.0,42.10594618452066,299.5094634988748,13.872234685190538,196.61283621961945,44.59554638847042,92.51971707141178,7.6,1.25,-8.85,-1.73,-6.34,-0.02,gem,slab_interface
3522120,2002-10-31T20:36:52,-75.053,-40.117,10.0,5.13,mw,27.0,53.0,-114.0,244.0,43.0,-61.0,43.389675216139445,313.7853714810016,42.76855846941132,162.81071801054418,15.001146428588989,58.45918155935988,-5.78,3.04,2.73,0.91,-2.36,2.88,gem,outer_rise
6129198,2002-11-09T06:05:57,-75.691,-48.121,20.0,5.62,mw,1.0,10.0,89.0,182.0,80.0,90.0,44.99960015031874,92.23277818198738,0.1847797416393719,2.0480000584659592,44.99980393433044,271.86322062053387,1.32,-0.4,-0.92,-0.11,-3.08,-0.01,gem,crustal_intraarc_shallow
6256775,2002-12-12T04:03:17,-67.279,-31.814,125.9,5.25,mw,148.0,86.0,123.0,245.0,33.0,8.0,35.23818084140726,268.1129776718404,33.16496908160085,150.6192024535655,37.33627902687217,30.71875304937828,1.48,-5.94,4.45,1.24,-8.69,0.6,gem,slab_deep
6264803,2002-12-26T22:20:21,-68.565,-31.155,111.1,5.23,mw,156.0,54.0,-97.0,347.0,37.0,-81.0,44.856745035358045,71.0019720505129,17.381700122225126,322.85419898643266,40.004721326584026,217.62341949383068,-9.99,3.4,6.58,-2.12,1.98,-1.02,gem,slab_deep
6532247,2003-01-07T00:54:52,-70.255,-33.811,106.2,5.69,mw,199.0,28.0,-70.0,356.0,64.0,-100.0,44.58481279715371,94.2509490028608,14.838849580487556,349.1141346544128,41.64963337387735,245.48521161547671,-3.17,-0.19,3.37,0.46,-2.52,0.46,gem,slab_deep
6533658,2003-01-09T09:49:08,-79.376,-44.52,15.0,5.9,mw,169.0,84.0,-2.0,259.0,88.0,-174.0,5.629770784055253,33.9649799122713,83.69022790624588,240.90371490389663,2.8401917002221717,124.2451838301215,-0.62,3.64,-3.01,0.82,0.35,-7.95,gem,outer_rise
6596544,2003-02-28T01:40:23,-73.037,-35.355,15.0,5.34,mw,26.0,18.0,115.0,180.0,74.0,82.0,43.9541535829768,78.60856029036552,8.877083998142883,177.26943677429858,44.68121225119286,276.154781130772,0.67,0.03,-0.7,0.05,-1.1,-0.16,gem,slab_interface
6693106,2003-04-14T14:42:31,-72.675,-35.354,31.1,5.24,mw,18.0,44.0,158.0,124.0,75.0,48.0,24.232600569018302,353.3647075056064,43.99450076369541,109.12295318021164,36.21610901821995,244.11904515275305,0.32,0.32,-0.64,0.64,-0.14,0.33,gem,slab_interface
6843892,2003-05-18T21:10:22,-69.032,-31.377,111.2,5.37,mw,43.0,41.0,-82.0,213.0,49.0,-97.0,44.87941679524598,307.3366748732939,27.785748106882053,185.688012625802,32.25309922689089,76.26723923510218,-1.32,0.46,0.86,0.04,0.21,0.83,gem,slab_deep
6851922,2003-05-27T08:29:46,-68.625,-31.301,116.3,5.52,mw,25.0,54.0,-101.0,223.0,37.0,-75.0,44.64693569967812,302.8385533050613,25.515792585934165,184.70896723043467,34.487227021575464,75.5680815874436,-2.16,0.65,1.51,-0.07,-0.76,1.04,gem,slab_deep
6925447,2003-06-02T02:52:12,-71.953,-32.956,26.0,5.51,mw,9.0,25.0,92.0,187.0,65.0,89.0,44.97341548210259,94.86840782558755,1.3136670288371228,186.1812012595889,44.99647027697807,277.495051793311,1.69,0.1,-1.79,-0.16,-1.47,-0.27,gem,slab_interface
6941605,2003-06-19T23:05:00,-71.677,-30.636,39.9,5.57,mw,2.0,26.0,98.0,173.0,64.0,86.0,44.514531891114416,74.87457259648482,5.598683523502321,170.40534796964494,44.94010589572924,266.0191666446617,2.12,0.17,-2.29,0.28,-1.7,0.12,gem,intra_slab
6941752,2003-06-20T04:23:27,-76.594,-45.627,15.0,5.31,mw,172.0,36.0,-70.0,327.0,56.0,-104.0,44.38855839067007,67.76323436211652,26.620175998223825,308.38199760304,33.82700235412198,198.7566391590803,-1.07,0.12,0.95,0.38,-0.27,-0.36,gem,outer_rise
6942053,2003-06-20T13:30:43,-71.468,-30.648,32.0,6.77,mw,1.0,27.0,93.0,177.0,63.0,88.0,44.91580652418892,84.15196916534069,2.310706359889368,176.45776677668232,44.99105438690299,268.7696321618096,1.42,0.02,-1.44,0.07,-1.01,0.03,gem,forearc
7007687,2003-07-26T14:10:17,-70.981,-28.279,36.3,5.48,mw,26.0,26.0,110.0,184.0,66.0,81.0,42.515340294540366,75.9039620031927,12.890565286903332,178.01587193466253,44.62998357884495,281.0728717537337,1.7,-0.42,-1.28,0.12,-1.36,-0.33,gem,slab_interface
7138194,2003-09-28T17:40:43,-71.018,-35.248,91.4,5.05,mw,39.0,74.0,-97.0,245.0,17.0,-66.0,44.74235311028709,314.63638594769594,7.91708907810392,216.71464546388867,44.17049483264586,118.95047395970532,-3.04,1.97,1.07,-2.21,-3.34,0.3,gem,slab_deep
7150137,2003-10-04T18:15:56,-71.374,-28.907,28.9,5.23,mw,211.0,62.0,130.0,331.0,48.0,40.0,14.015892864717909,351.8499934424234,47.28528393034888,246.163463992132,39.31921290432452,93.64750814490584,0.56,0.28,-0.83,-0.44,-0.17,-0.02,gem,slab_interface
7173077,2003-11-01T03:19:15,-67.522,-35.514,50.0,5.08,mw,153.0,75.0,-26.0,250.0,65.0,-164.0,25.907123257678418,23.21614988985732,62.84883099494152,184.4979140780335,7.569498733207206,289.5153217075582,-1.36,4.07,-2.71,0.03,2.09,-3.13,gem,slab_deep
7182007,2003-11-12T01:54:23,-75.044,-39.949,15.0,5.54,mw,27.0,57.0,-95.0,216.0,33.0,-83.0,44.919865609869085,300.6105636793161,10.158010126607683,200.3181798557601,43.29700044600149,100.59864986925668,-2.26,0.58,1.68,-0.36,-0.95,1.05,gem,intra_slab
7192353,2003-11-26T10:57:53,-71.265,-29.904,63.7,5.14,mw,162.0,19.0,-91.0,344.0,71.0,-90.0,44.99942751785614,72.78672812610637,0.4130961223095628,163.19982673037566,44.99759415719581,253.61289889822584,-3.67,-0.19,3.86,1.4,-4.82,-1.36,gem,intra_slab
7203683,2003-12-10T12:25:52,-71.534,-27.925,25.4,5.64,mw,44.0,88.0,-131.0,312.0,41.0,-3.0,32.948156272683946,346.6030702422228,41.03879385159576,222.2580719015401,31.506806198044977,100.01103870766548,-0.15,2.39,-2.24,-1.68,-2.12,0.05,gem,intra_slab
7230932,2004-01-10T07:25:43,-71.769,-30.94,55.0,5.64,mw,70.0,48.0,-144.0,314.0,64.0,-48.0,38.40696787709457,15.44633739432686,47.81760772346188,166.4751952811331,14.76600176791444,273.3848950768602,-2.03,2.88,-0.85,0.17,-2.57,-0.64,gem,intra_slab
7237228,2004-01-19T05:47:23,-71.719,-31.735,30.1,5.33,mw,172.0,65.0,88.0,358.0,25.0,95.0,44.87773984302522,257.8752952735789,2.8180572751169253,350.6847421407672,44.98376712090912,83.50461461709642,0.89,0.16,-1.04,0.13,-0.8,0.12,gem,slab_interface
7312467,2004-03-17T16:49:45,-66.76,-32.057,30.9,5.06,mw,5.0,52.0,99.0,172.0,39.0,79.0,34.30088935650519,136.00444179770096,25.57099556481696,26.952831997576084,44.77770182183804,268.606581775988,4.16,0.83,-4.99,0.41,1.04,0.12,gem,backarc
7325357,2004-04-03T09:57:11,-71.997,-29.951,26.3,5.5,mw,185.0,65.0,113.0,320.0,33.0,50.0,32.41494249788141,312.0655349990635,29.96197617929677,200.5934907174954,42.89122439170432,78.21427187207922,1.47,0.32,-1.79,-0.35,-1.3,0.67,gem,intra_slab
7330603,2004-04-15T21:39:18,-67.516,-30.204,26.9,5.35,mw,185.0,43.0,114.0,334.0,51.0,69.0,14.903945107949056,183.0464376314887,42.35938785981869,287.0915328446393,43.84636120207109,78.23460435566994,1.2,-0.0,-1.2,-0.39,0.1,0.22,gem,backarc
7336457,2004-04-30T10:03:44,-70.635,-33.548,95.6,5.03,mw,26.0,65.0,-64.0,157.0,35.0,-133.0,42.31800885630911,277.17890735154907,33.21839892790946,43.779648537062656,29.77596819768713,155.7833175690056,-2.92,-1.07,3.99,-1.62,-1.99,0.22,gem,slab_deep
7338397,2004-05-03T04:36:51,-73.36,-37.791,30.0,6.62,mw,0.0,16.0,118.0,151.0,76.0,82.0,44.09830756892766,50.67669213204698,8.41951184914923,148.92296091325653,44.673184233954046,247.3376207115191,0.48,0.0,-0.48,0.47,-0.79,0.13,gem,slab_interface
7351765,2004-06-01T17:04:54,-68.014,-32.061,36.9,5.04,mw,140.0,54.0,73.0,347.0,39.0,112.0,25.907193315582152,180.1819221447673,34.68018430877436,289.8205296750759,44.16049916667703,62.03723343542549,3.44,0.13,-3.57,1.03,-0.78,2.7,gem,backarc
7356787,2004-06-15T11:16:31,-73.248,-38.854,39.1,5.92,mw,172.0,52.0,150.0,281.0,67.0,42.0,12.617165074793824,142.99320382560802,51.30040947052308,249.2178051910683,35.862281114341485,43.68126582312709,0.46,-0.19,-0.26,-0.46,-0.16,0.69,gem,slab_interface
7393404,2004-08-27T00:43:54,-70.909,-27.448,30.7,5.83,mw,8.0,85.0,96.0,135.0,8.0,37.0,44.62451031495857,104.55609768562869,6.068600257524043,8.532935773589998,44.73510691207652,272.4863880202188,1.07,0.26,-1.33,1.02,6.73,0.55,gem,slab_interface
7393947,2004-08-28T13:41:31,-70.443,-34.936,20.0,6.51,mw,21.0,61.0,-178.0,290.0,88.0,-29.0,21.04617163478667,339.26439792359287,60.982311327091146,113.18591934751952,19.031649351288284,241.63694875953385,-0.2,4.19,-3.99,3.18,-1.36,4.78,gem,crustal_intraarc_shallow
7394847,2004-08-30T16:08:16,-72.255,-50.672,15.0,5.08,mw,196.0,57.0,102.0,355.0,35.0,73.0,36.69932764010611,320.19996169960325,22.857318236621584,211.8875717531498,44.53998950484567,97.3793443401371,4.56,0.32,-4.88,-1.04,-1.78,-0.53,gem,backarc
7399251,2004-09-07T10:57:40,-72.333,-34.004,22.5,5.21,mw,10.0,16.0,105.0,174.0,74.0,86.0,44.70130556937024,78.37500843632711,4.763544220652177,173.10540708547614,44.903561662504906,267.86939889488343,4.33,0.02,-4.36,0.93,-6.91,-0.14,gem,slab_interface
7399276,2004-09-07T11:53:05,-65.845,-28.558,20.6,6.09,mw,48.0,54.0,97.0,216.0,37.0,80.0,40.00472132658406,166.37658050616926,17.381700122225105,61.14580101356728,44.85674503535802,312.9980279494871,1.49,-0.66,-0.83,0.45,0.27,-0.94,gem,backarc
7399303,2004-09-07T12:33:56,-72.214,-33.961,16.9,5.68,mw,6.0,10.0,102.0,174.0,80.0,88.0,44.94388573558131,81.24884314484632,2.195595357698652,173.44175064922558,44.97201937706313,265.6368138114218,1.35,0.14,-1.48,0.43,-3.76,0.01,gem,slab_interface
7399593,2004-09-08T08:16:02,-72.279,-33.99,25.5,5.07,mw,170.0,67.0,86.0,359.0,23.0,98.0,44.5817409073608,252.51218985351085,5.28991913060558,347.74758042591134,44.93123057720643,83.04741679452496,3.47,0.17,-3.64,0.74,-3.44,0.42,gem,intra_slab
7400346,2004-09-10T10:44:15,-72.962,-38.008,37.0,5.25,mw,30.0,48.0,62.0,248.0,49.0,118.0,1.5055815052605603,227.9775892486976,46.8183466089974,136.3726994214353,43.14201823274048,319.3890275256822,0.82,-0.48,-0.33,-0.21,0.22,-0.52,gem,forearc
7400830,2004-09-12T14:24:38,-70.062,-34.141,15.0,5.32,mw,162.0,44.0,114.0,310.0,50.0,68.0,11.720078107268376,156.73115445611143,43.83103807550379,258.21891162652787,43.80415345489908,55.25432876527066,1.09,-0.31,-0.78,-0.34,-0.08,0.59,gem,crustal_intraarc_shallow
7405720,2004-09-27T22:58:25,-71.734,-32.664,33.3,5.51,mw,17.0,21.0,109.0,177.0,70.0,83.0,43.93809843803428,75.16389871912497,8.665140115166587,173.60844012242433,44.76114189984376,272.3010605494593,1.29,0.28,-1.57,0.12,-1.72,-0.19,gem,slab_interface
7430468,2004-11-04T08:10:15,-76.57,-45.936,10.0,4.96,mw,88.0,61.0,-158.0,347.0,71.0,-31.0,30.03085465922316,39.27736243625526,58.78598976242237,201.82717804092164,7.732275661778627,304.7756125364801,-1.39,1.4,-0.01,-0.32,-1.34,-2.96,gem,outer_rise
7430474,2004-11-04T08:29:14,-76.535,-45.841,10.0,5.24,mw,82.0,73.0,-172.0,349.0,82.0,-17.0,16.844983520708382,36.80605226667603,71.78293518013068,193.7278750823774,6.735383206635218,304.75686594261384,-1.67,3.65,-1.98,-0.25,-2.5,-8.38,gem,outer_rise
7446656,2004-12-08T06:03:55,-71.314,-30.835,46.6,5.65,mw,177.0,56.0,89.0,358.0,34.0,91.0,44.91779784823353,263.3006707220265,2.211463542456505,355.5074390288063,44.99688785103194,87.72031115474226,3.16,0.41,-3.56,0.09,-1.42,0.17,gem,slab_interface
7463984,2005-01-24T19:07:16,-71.822,-29.363,48.9,5.05,mw,189.0,63.0,96.0,356.0,27.0,79.0,43.72793701129369,292.37829495836786,9.02333957984392,193.6410860140111,44.862295593474336,94.54790565176432,3.45,0.64,-4.09,-0.55,-2.71,-0.28,gem,intra_slab
7736614,2005-03-01T07:24:04,-71.763,-31.49,24.6,5.41,mw,159.0,66.0,84.0,354.0,25.0,103.0,43.99863399242203,237.3958762146224,8.14957369924797,335.3444274786949,44.84978750118627,73.5343601411829,1.13,0.09,-1.22,0.42,-0.96,0.36,gem,slab_interface
7480678,2005-03-13T20:38:59,-71.76,-32.628,24.8,5.21,mw,9.0,24.0,103.0,175.0,66.0,84.0,44.13062483742974,74.0447618770134,7.623383491911187,171.50525598684953,44.8608974654837,269.1595476908197,0.57,0.1,-0.66,0.07,-0.56,-0.01,gem,slab_interface
7481016,2005-03-14T12:43:43,-66.089,-28.567,18.9,5.08,mw,6.0,56.0,45.0,247.0,54.0,136.0,1.8660912708069384,37.51842762272997,50.92781040762251,129.81836168109362,39.01009509030284,306.0060418728759,3.33,-0.73,-2.6,-2.05,1.64,-3.1,gem,backarc
7483608,2005-03-21T16:51:33,-71.302,-27.895,46.2,5.25,mw,83.0,50.0,162.0,185.0,76.0,41.0,20.136240653755063,52.17917217749465,49.89169522421029,167.98362798438438,32.993467642125324,308.4073469445158,0.37,-0.08,-0.28,-0.06,-0.51,-0.77,gem,intra_slab
7486834,2005-03-29T16:38:20,-72.187,-33.691,19.7,5.31,mw,6.0,17.0,100.0,175.0,73.0,87.0,44.83565089991123,81.0295784229861,3.48709185836258,174.50313708298404,44.95238137092103,267.9908958107053,0.59,0.09,-0.67,0.1,-0.95,0.01,gem,slab_interface
7492309,2005-04-13T09:25:24,-72.956,-33.132,12.5,5.37,mw,21.0,38.0,-89.0,200.0,52.0,-91.0,44.99832124085645,290.2875949379342,2.5393676713379283,197.74587860277552,44.88920654942637,105.21383112934802,-1.33,0.04,1.29,0.1,0.31,0.53,gem,outer_rise
7142375,2005-06-08T02:39:34,-68.967,-28.378,115.1,5.15,mw,1.0,32.0,120.0,147.0,63.0,73.0,35.766074023900586,23.245732762607812,24.963941748385157,132.83897169187878,43.86879652541973,249.42318607437292,5.7,-0.84,-4.85,3.19,-2.38,0.89,gem,slab_deep
7364704,2005-07-22T00:14:41,-71.219,-29.304,51.2,5.08,mw,97.0,26.0,7.0,360.0,87.0,116.0,38.9556019269945,295.3303024078404,25.92052277435952,182.19241161166912,40.0267837510969,68.10036834453751,0.4,0.44,-0.84,-0.26,4.6,2.29,gem,intra_slab
7703525,2005-10-10T16:06:57,-76.695,-45.632,17.0,5.08,mw,85.0,46.0,-158.0,339.0,74.0,-46.0,35.55769165475289,38.42644449050499,45.99410308321214,176.16284129151768,22.34059377941341,291.34336014802835,-2.2,2.54,-0.33,1.03,-2.79,-3.74,gem,outer_rise
7781050,2005-11-28T16:33:21,-71.109,-29.292,48.2,5.52,mw,153.0,88.0,-81.0,254.0,9.0,-169.0,44.34486625938231,54.39578799376369,9.016074506152794,153.31747466681338,44.247891134614655,252.2087578959204,-0.2,0.4,-0.2,-1.01,2.06,-0.2,gem,slab_interface
7996748,2005-12-14T10:52:08,-71.622,-31.059,57.1,5.3,mw,12.0,83.0,-113.0,266.0,24.0,-18.0,41.467070243052696,301.47818094440186,23.441213282552187,188.94821495026488,39.42167376230894,78.06698068857935,-0.27,0.23,0.04,-0.12,-0.98,0.43,gem,intra_slab
7997138,2005-12-21T22:19:46,-74.147,-42.698,26.5,5.2,mw,185.0,70.0,102.0,333.0,23.0,60.0,42.04937917531821,293.96131341552774,14.55129506541588,190.42120883647144,44.32855602413993,85.7329735939058,4.73,0.46,-5.19,-1.01,-5.87,1.07,gem,slab_interface
7997437,2005-12-26T00:56:10,-73.192,-38.955,31.3,5.13,mw,4.0,32.0,89.0,185.0,58.0,91.0,44.97582148347114,97.14134630065872,1.2080920302166662,5.93400519557963,44.99870944612576,274.72569896808136,5.36,0.25,-5.61,-0.28,-2.74,-0.49,gem,forearc
8226838,2005-12-31T12:14:02,-71.502,-28.968,24.7,5.02,mw,217.0,88.0,108.0,311.0,18.0,5.0,42.06844096111645,324.73569738576725,18.02974104691883,217.65126590169555,42.43426278010588,110.33933381835811,0.07,1.3,-1.37,-2.25,-3.24,0.01,gem,slab_interface
8012117,2006-01-05T22:51:15,-73.239,-36.397,25.9,5.19,mw,19.0,16.0,104.0,184.0,74.0,86.0,44.73779052439321,88.78718061602939,4.459102454310396,183.2190156660928,44.915871582661815,277.6785420174946,3.7,0.52,-4.22,-0.4,-6.64,-0.9,gem,slab_interface
8085378,2006-02-10T17:51:54,-71.442,-32.555,33.2,5.19,mw,11.0,32.0,97.0,183.0,59.0,86.0,43.89244348577693,79.65206204737615,8.217194417505945,177.6380413141004,44.93685215899805,275.9226615346796,0.64,0.08,-0.72,0.0,-0.35,-0.09,gem,forearc
8320598,2006-04-15T14:42:11,-71.905,-31.041,28.2,5.24,mw,1.0,22.0,93.0,179.0,68.0,89.0,44.96404941674079,85.57711890882791,1.5597816693344748,177.13552151411227,44.99349861803333,268.695527332334,0.6,0.06,-0.65,0.02,-0.66,0.0,gem,intra_slab
8320618,2006-04-15T23:50:13,-71.988,-29.653,15.0,6.0,mw,1.0,27.0,85.0,186.0,63.0,93.0,44.76887688764919,102.36463576945977,3.832375536621776,8.554567776102317,44.97516436347639,274.71692382514175,1.0,0.01,-1.01,-0.11,-0.73,-0.06,gem,slab_interface
8494393,2006-04-25T05:23:34,-71.305,-27.089,23.1,4.96,mw,177.0,67.0,89.0,360.0,23.0,92.0,44.973666706988894,265.11339163033784,1.3249532536062787,356.4374814023729,44.99569947577102,87.76259009038432,2.44,0.12,-2.56,0.13,-2.48,0.07,gem,intra_slab
8494456,2006-04-28T18:21:54,-76.88,-45.588,15.0,5.35,mw,76.0,75.0,-179.0,346.0,89.0,-15.0,11.19144800205072,31.85502565060364,74.97559241074336,169.34260765660542,9.89504474005542,299.8771974062909,0.07,0.57,-0.64,0.02,-0.36,-1.13,gem,outer_rise
8321374,2006-04-30T10:31:19,-71.262,-27.011,19.3,5.27,mw,176.0,72.0,92.0,350.0,18.0,84.0,44.92350315423123,269.11046827873446,2.3505675895827127,176.76419713077303,44.98011846848807,84.41328197486922,0.55,0.05,-0.59,0.04,-0.82,0.08,gem,slab_interface
8321377,2006-04-30T11:13:59,-71.155,-27.022,25.9,5.33,mw,180.0,71.0,93.0,350.0,20.0,81.0,44.817874928603054,274.82199041011893,3.597355317732402,181.2403958589366,44.95655800598124,87.64139795161316,0.73,0.07,-0.8,-0.01,-0.95,0.07,gem,intra_slab
10698202,2006-04-30T19:17:16,-71.103,-27.051,12.0,6.61,mw,11.0,14.0,106.0,175.0,76.0,86.0,44.767845511045294,79.24702348353321,4.285397565723407,173.5097089992281,44.91222575465124,267.7939724032112,0.46,0.03,-0.48,0.1,-0.89,-0.02,gem,forearc
8321401,2006-04-30T20:12:19,-71.191,-27.112,21.8,5.68,mw,4.0,23.0,100.0,174.0,68.0,86.0,44.54768952925773,75.39342076894093,5.516461194435955,170.84854420377724,44.92280357618401,266.3757924625305,2.78,0.09,-2.86,0.41,-2.82,0.05,gem,slab_interface
8321409,2006-04-30T21:25:21,-71.1,-27.005,24.4,5.79,mw,180.0,69.0,94.0,350.0,22.0,80.0,44.63458522012154,276.90416343591096,5.0174806066846775,181.9313346561516,44.92713824821516,86.90733075420417,4.42,-0.67,-3.75,-0.24,-4.39,0.34,gem,slab_interface
8321411,2006-04-30T21:32:57,-71.095,-27.157,24.0,5.87,mw,173.0,68.0,91.0,352.0,22.0,88.0,44.97544168456762,264.80882181655767,1.2887974693221864,173.52080298760688,44.99557330143677,82.23187856338916,5.5,-0.23,-5.28,0.64,-5.77,0.69,gem,slab_interface
8321414,2006-04-30T21:41:00,-71.011,-27.26,25.9,6.48,mw,14.0,18.0,112.0,171.0,73.0,83.0,44.156188810605045,70.81505253215346,7.935876711211431,168.59409041158972,44.75152117865178,266.5375527935274,3.44,0.5,-3.94,1.01,-5.28,-0.12,gem,slab_interface
8321426,2006-04-30T23:04:43,-71.159,-27.232,23.1,5.78,mw,171.0,72.0,88.0,357.0,18.0,96.0,44.923503154231234,257.8895317212655,2.350567589582724,350.23580286922703,44.98011846848805,82.58671802513078,3.26,0.17,-3.42,0.81,-4.63,0.4,gem,slab_interface
8321432,2006-05-01T01:35:50,-71.052,-27.128,23.9,5.37,mw,21.0,22.0,115.0,174.0,70.0,80.0,43.06013813541944,68.77701056329369,11.757389840591705,169.9923942477709,44.559360982795766,271.8194268025266,0.93,0.04,-0.96,0.21,-1.07,-0.13,gem,slab_interface
8338270,2006-05-01T02:49:41,-70.971,-27.167,31.4,5.43,mw,3.0,22.0,108.0,164.0,69.0,83.0,43.86841996788329,61.64757548005667,8.87071472707784,160.27601110268267,44.7688295320987,259.18224364153497,1.11,0.05,-1.16,0.43,-1.2,0.15,gem,slab_interface
8338313,2006-05-02T04:11:19,-71.289,-27.422,16.0,5.21,mw,181.0,71.0,93.0,352.0,20.0,81.0,44.81787492860303,275.82199041011893,3.597355317732402,182.24039585893664,44.95655800598123,88.64139795161316,5.19,0.05,-5.24,-0.3,-6.5,0.29,gem,slab_interface
8338322,2006-05-02T13:42:38,-71.362,-27.469,15.0,5.27,mw,177.0,69.0,89.0,359.0,21.0,92.0,44.9770217763292,265.2622981700724,1.256138152582467,356.517730776253,44.99544337857862,87.77397105892959,0.66,0.04,-0.69,0.05,-0.73,0.03,gem,slab_interface
8338323,2006-05-02T13:58:30,-71.366,-27.431,15.4,5.24,mw,182.0,74.0,93.0,352.0,16.0,80.0,44.84599477885924,276.3627154835696,3.399120961488185,182.9758745289356,44.95258517772294,89.57639376652764,0.46,0.03,-0.49,-0.03,-0.77,0.03,gem,slab_interface
8494679,2006-05-09T09:02:25,-69.666,-32.476,121.2,5.04,mw,22.0,70.0,-130.0,270.0,44.0,-29.0,37.92483111122433,320.1423568559946,43.94650398262712,181.46216595026195,22.023598715115803,68.51406855781505,-2.25,2.11,0.14,-0.53,-2.51,3.14,gem,slab_deep
8338819,2006-05-11T13:48:58,-71.434,-27.484,20.7,5.45,mw,6.0,15.0,94.0,182.0,75.0,89.0,44.98136937055382,90.34728064543305,1.1935819347042618,181.54034540106517,44.99376960383808,272.73392676108585,0.98,0.0,-0.98,-0.06,-1.64,-0.08,gem,intra_slab
8358253,2006-05-18T18:26:22,-71.872,-32.443,23.5,5.04,mw,11.0,24.0,109.0,170.0,68.0,82.0,43.30956781423725,65.53604071096328,10.725684954886953,165.82173863069727,44.70495821915262,266.62723185455263,3.29,-0.17,-3.13,0.85,-3.11,-0.07,gem,slab_interface
8358373,2006-05-21T05:11:38,-73.798,-37.296,21.9,5.25,mw,27.0,17.0,120.0,176.0,76.0,82.0,43.81256533541148,73.98017354609408,9.618415263677496,173.3371611299715,44.58751906275562,272.9532323529863,0.46,-0.01,-0.45,0.09,-0.81,-0.1,gem,slab_interface
8443016,2006-05-30T02:50:09,-75.671,-45.768,25.0,5.66,mw,78.0,71.0,-175.0,346.0,85.0,-19.0,16.322325717375367,33.64854852420399,70.60981229613618,179.9562748643118,10.180398517889344,300.63411978965826,-0.04,1.65,-1.61,-0.11,-1.3,-3.2,gem,unclassified
8505812,2006-07-03T16:07:14,-66.537,-27.922,162.5,5.12,mw,177.0,57.0,-21.0,279.0,72.0,-145.0,31.24712756691897,44.917588074167554,55.95842333992889,251.00400123193657,12.148624816406544,142.42265235276489,-2.4,0.75,1.65,2.56,0.43,-5.02,gem,slab_deep
10699322,2006-07-08T09:13:00,-67.321,-28.484,138.7,5.47,mw,159.0,37.0,-68.0,312.0,56.0,-106.0,44.23003830781549,53.40671032365742,29.811066031839644,289.5052774809501,31.066330799082124,179.31287986093344,-1.74,0.5,1.24,0.73,-0.28,-0.99,gem,slab_deep
10699429,2006-07-16T11:42:40,-72.482,-28.65,10.0,6.19,mw,205.0,48.0,-70.0,357.0,46.0,-111.0,44.04314779171628,101.00151019813428,45.58361183289236,271.7710817545639,4.628583151058125,6.510637940837853,-2.0,-0.6,2.6,0.36,-0.01,0.64,gem,outer_rise
8548422,2006-07-19T22:11:28,-71.912,-32.478,31.0,5.04,mw,174.0,66.0,98.0,336.0,25.0,74.0,43.24536236057171,279.2418546540968,10.823214372331991,178.88286125120032,44.73322692590418,77.9646183334109,3.23,0.14,-3.37,0.12,-2.96,0.95,gem,intra_slab
8568187,2006-08-05T14:03:43,-68.835,-33.116,20.0,5.56,mw,10.0,64.0,120.0,137.0,39.0,44.0,25.2543269584974,143.923336509676,37.93864023488124,32.347186981526136,41.55283034620135,258.63936758718006,1.74,0.73,-2.47,0.5,1.34,0.9,gem,backarc
8652122,2006-08-20T02:51:13,-68.405,-29.018,106.6,5.03,mw,156.0,60.0,-47.0,274.0,51.0,-140.0,38.834135730117474,37.02652932072096,49.75019381278517,199.00000000000003,8.960390057333633,299.7343405082028,-2.82,2.45,0.37,0.49,1.85,-3.08,gem,slab_deep
8659537,2006-08-31T23:16:43,-70.621,-28.863,75.3,5.09,mw,167.0,73.0,-13.0,261.0,78.0,-163.0,19.767860840829822,33.368792961412055,69.9268939093791,223.78961119964256,3.3492342619229363,124.57393143706072,-0.79,2.34,-1.55,1.21,1.23,-4.72,gem,intra_slab
11121520,2006-09-12T13:30:55,-68.863,-28.892,110.7,5.91,mw,156.0,66.0,-78.0,309.0,27.0,-115.0,44.401486643340725,56.99116488216623,16.056096119548823,163.36207421690096,41.20450144046976,267.9576356152366,-0.6,0.14,0.45,-0.21,0.55,-0.46,gem,slab_deep
8715487,2006-09-17T09:34:13,-66.966,-31.66,138.6,6.17,mw,25.0,81.0,-76.0,147.0,17.0,-147.0,43.74126761472923,283.013529512266,14.50517204374976,27.348423983844384,42.66134206120959,131.14121797483756,-0.76,-0.14,0.9,-1.01,-1.77,-0.2,gem,slab_deep
11121679,2006-09-24T21:08:41,-67.049,-31.778,137.3,5.64,mw,122.0,34.0,-131.0,348.0,65.0,-66.0,42.72924423367394,60.97305710712635,30.899834317389708,184.5344880266149,31.68385976649252,296.21299685721067,-3.0,1.68,1.32,-0.96,-2.55,-0.93,gem,slab_deep
8788782,2006-10-07T16:32:15,-76.436,-45.636,15.0,5.12,mw,135.0,33.0,-74.0,296.0,58.0,-100.0,44.65623234027534,33.467023795470254,18.289538162481243,284.40610205294,39.670443075479234,178.49702202015987,-5.95,3.49,2.46,2.83,-0.45,-1.84,gem,outer_rise
11122081,2006-10-12T18:05:58,-71.421,-31.322,45.0,6.36,mw,3.0,26.0,96.0,176.0,65.0,87.0,44.72191098014671,80.07547535290831,4.230574560394958,174.27657523164692,44.96627705823758,268.51372981877324,3.22,0.22,-3.44,0.28,-2.68,0.07,gem,slab_interface
8823003,2006-10-13T16:12:55,-71.588,-31.469,38.7,5.28,mw,174.0,64.0,88.0,360.0,26.0,95.0,44.867334883747226,259.66784140563544,2.9175267585392777,352.5756492696232,44.98423122899151,85.49535687455028,0.78,0.1,-0.87,0.09,-0.66,0.06,gem,intra_slab
8823107,2006-10-16T01:33:35,-71.402,-30.269,39.5,5.5,mw,8.0,38.0,113.0,160.0,56.0,73.0,28.602188718241507,23.683239581032467,32.33633523875503,133.87650160563567,44.1241847381428,261.7556408174052,1.98,0.11,-2.09,0.6,-0.61,0.23,gem,slab_interface
8971862,2006-11-20T19:33:53,-75.139,-40.087,15.0,5.18,mw,190.0,42.0,-82.0,359.0,48.0,-97.0,44.87483001610006,94.34315972973708,32.47344637343762,325.02365336975106,27.54906560379868,215.63394418912063,-0.7,-0.06,0.76,0.06,-0.08,0.06,gem,outer_rise
9140430,2006-12-31T14:55:02,-71.4,-38.005,17.7,5.54,mw,31.0,86.0,178.0,121.0,88.0,4.0,1.4192436434060434,346.1224108024689,85.53724190878648,94.63064515457144,4.230202912055817,256.01741432592604,0.16,2.15,-2.32,0.17,-0.01,1.16,gem,crustal_intraarc_shallow
10394010,2007-01-23T20:40:14,-72.512,-45.325,15.0,5.35,mw,264.0,89.0,-1.0,354.0,89.0,-179.0,1.4137470922833049,129.00872576023357,88.58625290361107,309.01309329292894,0.0001077231311515,219.008728418792,-0.13,-0.19,0.32,0.03,-0.02,1.26,gem,crustal_intraarc_shallow
10396979,2007-01-28T02:53:16,-72.413,-45.261,15.0,5.19,mw,14.0,89.0,166.0,104.0,76.0,1.0,9.170449963144044,148.26181522296332,75.97321501924824,18.00647900410172,10.521822581151197,239.98002317478813,-1.27,4.0,-2.73,1.05,1.67,6.67,gem,crustal_intraarc_shallow
11495639,2007-02-03T09:00:16,-72.339,-45.263,15.0,5.34,mw,91.0,84.0,-6.0,182.0,84.0,-174.0,8.38617906059263,316.3130141452274,81.61378766479629,136.4755770954614,0.0234554497393862,46.31647196378515,-0.34,0.24,0.1,-0.07,0.08,1.24,gem,crustal_intraarc_shallow
11499871,2007-02-10T06:03:02,-71.707,-43.012,157.7,5.53,mw,207.0,6.0,117.0,360.0,84.0,87.0,44.92081702033365,266.84984558335515,2.767934396992118,359.61336065514075,44.94556912091532,92.37926633006106,0.23,0.52,-0.74,0.01,2.41,-0.12,gem,slab_deep
11508669,2007-02-23T19:55:48,-72.316,-45.248,25.0,5.68,mw,87.0,70.0,-12.0,181.0,79.0,-160.0,20.90955668968286,312.9406097496807,68.04503224773339,151.54197568662192,6.396391718012551,45.39533079642297,-0.45,0.15,0.29,-0.79,1.35,3.79,gem,crustal_intraarc_shallow
11689065,2007-03-02T13:07:31,-71.145,-30.832,48.4,5.41,mw,7.0,35.0,100.0,176.0,55.0,83.0,41.17824951747399,60.31931131219858,15.238161920182568,164.10516873963763,44.85239777165914,269.82950990690046,1.37,0.21,-1.58,0.12,-0.54,-0.04,gem,slab_interface
11700513,2007-03-20T17:59:47,-66.963,-31.688,134.7,5.16,mw,24.0,75.0,-79.0,168.0,19.0,-125.0,44.3471819912107,285.11083156264544,12.212616885142564,27.324701613849584,43.08740176232906,129.00496693604924,-3.39,-0.39,3.78,-2.69,-5.15,0.44,gem,slab_deep
11701902,2007-03-22T20:25:21,-71.289,-28.079,40.7,5.18,mw,215.0,54.0,129.0,341.0,51.0,49.0,3.248995399852599,5.764854229982973,49.0999093347578,272.00740525902427,40.714062335662966,98.56493395934876,0.52,0.28,-0.79,-0.21,-0.01,-0.16,gem,intra_slab
11708496,2007-03-29T14:40:43,-71.853,-31.65,20.0,5.62,mw,12.0,19.0,91.0,191.0,71.0,90.0,44.99759415719584,100.38710110177414,0.413096122309565,190.8001732696243,44.99942751785613,281.2132718738936,1.89,0.23,-2.12,-0.49,-2.54,-0.49,gem,slab_interface
11708606,2007-03-29T17:09:03,-71.716,-31.651,10.0,5.65,mw,29.0,22.0,112.0,185.0,69.0,81.0,43.41416175471029,81.32166799394656,10.57061859220702,181.4911021523037,44.65685095549863,282.11679986023603,2.17,0.31,-2.49,-0.13,-2.7,-0.81,gem,forearc
11708632,2007-03-29T17:46:23,-72.005,-31.578,19.8,5.28,mw,188.0,78.0,98.0,336.0,15.0,59.0,44.11090906945458,288.2159334831026,8.553311822811446,189.8320016932977,44.62152637135039,91.29614098563673,0.41,0.07,-0.48,-0.15,-0.92,0.06,gem,slab_interface
11708660,2007-03-29T18:31:59,-71.842,-31.572,32.0,5.0,mw,172.0,59.0,93.0,347.0,31.0,85.0,44.51247350490669,270.67955685409106,5.456851990389016,175.29056582501858,44.96936166310254,79.81467283691643,3.43,0.12,-3.55,0.17,-1.88,0.7,gem,intra_slab
11912922,2007-04-02T02:49:40,-72.85,-45.34,25.0,6.15,mw,53.0,43.0,-86.0,228.0,47.0,-94.0,44.967502021249246,320.17087970665494,28.87061898576015,196.7533814716793,31.14094868326993,87.29392370812013,-1.59,1.14,0.45,0.12,0.13,1.71,gem,crustal_intraarc_shallow
11931187,2007-04-21T17:53:44,-72.655,-45.271,25.0,6.24,mw,84.0,86.0,2.0,354.0,88.0,176.0,1.4192436434060507,308.87758919753105,85.53724190878648,200.3693548454285,4.2302029120558124,38.98258567407396,-0.91,-0.12,1.03,0.18,0.28,2.77,gem,crustal_intraarc_shallow
11931569,2007-04-22T06:05:26,-72.033,-31.585,21.9,5.06,mw,201.0,66.0,105.0,348.0,28.0,61.0,39.28644483778001,317.43152678101006,19.85291340724409,210.25082712121196,44.067510913794585,99.79407710377824,3.47,0.56,-4.03,-1.5,-2.79,-0.45,gem,slab_interface
11934897,2007-04-26T12:13:29,-70.72,-28.171,49.1,5.18,mw,33.0,43.0,128.0,166.0,58.0,60.0,17.247288370789633,23.25960121846498,42.78866787881544,129.96027064595864,42.167646985763525,276.9286373400671,5.45,1.51,-6.96,2.16,-2.06,-1.38,gem,slab_interface
12658655,2007-05-19T16:26:05,-68.583,-28.587,107.2,5.03,mw,117.0,52.0,-118.0,338.0,46.0,-59.0,42.88639855894208,46.420611783370646,45.828615227325976,243.4653088324116,8.60677513702991,144.50216133763763,-3.55,1.58,1.98,-1.14,-0.44,-2.97,gem,slab_deep
12659198,2007-05-20T12:15:44,-71.216,-29.57,45.7,5.31,mw,21.0,41.0,116.0,168.0,54.0,69.0,20.607122095838296,23.90815101927689,39.11490104000351,131.71103740767973,43.74591059955021,272.81368504721354,0.96,0.16,-1.12,0.26,-0.28,-0.1,gem,slab_interface
12684855,2007-06-21T09:54:54,-71.092,-31.745,55.5,5.07,mw,174.0,58.0,88.0,359.0,32.0,94.0,44.753380139923465,257.7458452326813,3.8613587269394056,351.58277868929605,44.98678036898308,85.45114811457836,4.43,0.16,-4.59,0.33,-2.19,0.3,gem,slab_interface
12690583,2007-06-28T19:25:21,-71.357,-31.97,69.7,5.65,mw,0.0,75.0,-95.0,198.0,15.0,-73.0,44.86447051311189,274.0737063423984,5.57143786782353,178.50224397873353,44.59545470550284,82.98302006421909,-1.91,0.26,1.64,0.09,-3.14,0.28,gem,intra_slab
12767140,2007-07-11T15:12:21,-70.288,-32.618,90.0,5.05,mw,58.0,88.0,-40.0,150.0,50.0,-177.0,27.939002462933555,291.1417096979486,50.0271145476279,60.38745952712509,26.07402033807643,186.1004223171224,-1.0,-2.45,3.45,-1.86,-2.7,2.34,gem,slab_deep
12799696,2007-08-08T14:14:18,-71.571,-32.459,24.0,5.33,mw,167.0,74.0,93.0,335.0,17.0,78.0,44.84599477885922,261.3627154835696,3.399120961488189,167.9758745289356,44.95258517772293,74.57639376652764,0.58,0.07,-0.65,0.22,-1.01,0.25,gem,forearc
12969469,2007-09-22T08:01:03,-76.446,-45.934,10.0,5.55,mw,75.0,80.0,178.0,165.0,88.0,10.0,5.686087718771306,30.59790130096627,79.82667797988734,154.29884496168472,8.407961223745847,299.7546450877197,-0.59,1.57,-0.97,0.36,-0.41,-2.25,gem,outer_rise
13243356,2007-10-16T13:37:53,-76.131,-45.927,10.0,5.19,mw,71.0,63.0,-173.0,338.0,83.0,-27.0,22.304685780366984,27.36535371034876,62.70972661154827,170.03273648904565,14.90684381969762,291.0958632924484,-1.87,5.27,-3.39,1.35,-2.85,-5.39,gem,outer_rise
13246181,2007-10-20T19:56:20,-73.043,-36.499,40.7,5.2,mw,13.0,23.0,104.0,177.0,67.0,84.0,44.15235177231571,77.2890490749445,7.58501465642284,174.71700180513108,44.84924545707099,272.328967332894,5.18,1.01,-6.18,0.47,-5.56,-0.48,gem,intra_slab
13250332,2007-10-27T01:16:54,-68.961,-31.62,109.9,5.01,mw,46.0,70.0,-138.0,299.0,51.0,-26.0,35.03121232613389,348.4545383353507,50.67220637998344,199.62496324575895,15.58086510989876,89.72706234100349,-1.73,3.72,-1.99,-0.78,-2.34,0.78,gem,slab_deep
13290204,2007-12-15T18:22:28,-71.625,-32.658,31.6,5.9,mw,179.0,69.0,90.0,359.0,21.0,89.0,45.00000000000003,269.0,5.9636740117818256e-15,359.0,44.99999999999999,89.0,0.55,0.09,-0.63,0.01,-0.66,0.01,gem,slab_interface
13293173,2007-12-20T03:06:56,-71.715,-32.723,25.4,5.46,mw,181.0,78.0,92.0,351.0,12.0,80.0,44.94375147168765,273.5938794259509,2.141236823267824,181.4553507345996,44.976264220305616,89.31439249725076,0.66,0.2,-0.86,-0.03,-1.78,0.06,gem,forearc
10687507,2008-02-29T22:51:33,-75.089,-40.297,10.0,5.04,mw,56.0,47.0,-73.0,212.0,46.0,-107.0,44.32959255759455,314.0678239251208,45.481946420826496,127.50229037718458,3.287502541583932,220.85114958176325,-4.69,2.26,2.43,-0.94,0.77,1.7,gem,slab_interface
13485624,2008-03-10T09:43:01,-69.264,-28.356,86.5,5.56,mw,3.0,33.0,-75.0,165.0,58.0,-100.0,44.69759092373529,262.184086468294,17.434957817842083,154.07944613049244,40.13539302410522,48.72512670999862,-2.38,-0.04,2.43,-0.53,1.07,-0.26,gem,slab_deep
13498986,2008-03-29T01:34:35,-74.148,-43.04,26.6,5.09,mw,5.0,32.0,90.0,184.0,58.0,90.0,44.99999999999999,95.0,1.7049098409884363e-14,185.0,45.000000000000014,275.0,5.34,-0.88,-4.45,-0.17,-2.46,-0.28,gem,slab_interface
10882044,2008-04-11T01:29:46,-75.517,-45.544,17.0,5.11,mw,80.0,67.0,-165.0,343.0,76.0,-24.0,24.101873158074334,33.39452350055444,64.818149451825,195.4717962804774,6.864601064771156,300.3072973066112,0.4,2.17,-2.57,-1.61,-3.37,-4.25,gem,slab_interface
10925030,2008-05-02T05:51:25,-72.261,-42.743,17.4,5.25,mw,115.0,87.0,-13.0,206.0,77.0,-177.0,11.162409829651654,341.04006035500004,76.73115762816653,127.8406483961935,7.082451085596242,249.63522280409117,-0.35,0.88,-0.52,-0.18,0.01,0.56,gem,crustal_intraarc_shallow
10925073,2008-05-03T02:36:13,-72.416,-42.735,15.0,5.05,mw,31.0,66.0,-137.0,280.0,52.0,-31.0,36.38385866272991,332.5540141359665,50.80884457276388,177.9017489972349,12.579325239955455,72.01765067781014,-1.98,2.9,-0.91,0.99,-3.8,1.66,gem,crustal_intraarc_shallow
10971876,2008-05-20T15:16:06,-78.044,-44.529,15.0,5.58,mw,76.0,64.0,-170.0,342.0,81.0,-27.0,23.217849457610196,31.289187708374016,63.32206469629899,179.90884714697404,12.407009152717322,295.8741245437035,-0.29,1.48,-1.19,-0.05,-1.32,-2.12,gem,outer_rise
10955648,2008-05-24T02:43:37,-72.378,-42.043,15.0,5.44,mw,84.0,57.0,-11.0,180.0,81.0,-146.0,27.37466795152988,307.83786120450964,56.72654559702111,165.7404497874569,17.41534111859271,47.18512369495232,-0.7,0.04,0.65,0.3,0.83,1.57,gem,crustal_intraarc_shallow
11322869,2008-10-01T17:03:46,-70.912,-35.032,100.9,5.18,mw,28.0,89.0,-94.0,288.0,4.0,-10.0,44.86533073979994,301.9228063810257,4.001819672666527,207.930034151608,44.85561555243139,113.93861794830218,0.1,0.09,-0.19,-3.48,-6.46,0.76,gem,slab_deep
11370123,2008-10-27T19:08:16,-69.264,-27.188,108.5,5.11,mw,191.0,60.0,140.0,304.0,56.0,37.0,3.4503493053245826,335.58846477678026,52.995498014049566,241.00000000000003,36.788383917275226,68.17256435762363,3.46,1.68,-5.14,-1.62,-1.08,3.33,gem,slab_deep
11473311,2008-11-23T21:19:39,-72.852,-36.298,24.1,5.29,mw,11.0,22.0,111.0,169.0,69.0,82.0,43.530427572796086,64.87495215265272,10.157972300290163,164.6748694905251,44.68680388352964,264.8829214916216,0.66,0.14,-0.79,0.18,-0.77,0.02,gem,forearc
12077821,2008-12-16T22:05:26,-71.525,-29.697,60.7,5.09,mw,21.0,90.0,-119.0,290.0,29.0,-1.0,38.20299883320314,316.8645538216888,29.00000000000001,201.0,38.20299883320315,85.13544617831127,-0.14,1.99,-1.86,-1.4,-4.6,1.79,gem,intra_slab
13813917,2008-12-18T21:19:28,-71.689,-32.456,18.0,6.13,mw,175.0,71.0,89.0,360.0,19.0,94.0,44.97970805956805,263.387604457482,1.1997955409689192,354.5868132883226,44.99517143321325,85.78666968983123,1.13,0.12,-1.25,0.13,-1.54,0.06,gem,forearc
12078106,2008-12-18T21:50:29,-71.833,-32.474,20.0,5.86,mw,177.0,72.0,92.0,350.0,18.0,83.0,44.923503154231234,270.1104682787345,2.350567589582713,177.76419713077303,44.98011846848805,85.41328197486922,4.43,0.07,-4.51,0.25,-6.1,0.53,gem,forearc
11513607,2008-12-19T07:30:08,-71.944,-32.569,28.4,5.39,mw,179.0,70.0,90.0,359.0,20.0,90.0,45.00000000000001,269.0,3.928711596520737e-15,359.0,44.99999999999999,89.0,0.95,0.06,-1.01,0.01,-1.17,0.01,gem,intra_slab
11513615,2008-12-19T09:36:06,-71.811,-32.456,31.8,5.73,mw,2.0,19.0,100.0,172.0,72.0,87.0,44.767423769656126,76.0000678468399,4.076699110401719,170.0540235710131,44.942998229685344,264.13294350125534,2.83,0.16,-2.99,0.61,-3.84,0.17,gem,slab_interface
11513629,2008-12-19T13:57:30,-71.746,-32.546,24.3,5.22,mw,11.0,19.0,118.0,162.0,74.0,81.0,43.53297938365183,58.328819115102704,10.492102664511869,158.46262652948576,44.566411494689866,258.9730565719308,0.34,0.25,-0.58,0.2,-0.68,0.12,gem,slab_interface
11513635,2008-12-19T16:48:51,-71.887,-32.591,29.4,5.17,mw,180.0,67.0,93.0,351.0,23.0,82.0,44.76392695001368,275.6362414411571,3.970895611518218,181.6884934459933,44.96130697972709,87.71340799945767,4.93,0.57,-5.5,-0.08,-4.97,0.43,gem,intra_slab
11527749,2008-12-20T17:07:01,-68.201,-31.589,108.5,5.23,mw,66.0,46.0,-52.0,198.0,56.0,-122.0,41.85031908833312,310.07926843554213,45.9409264488868,152.32071732865097,11.307067378554652,50.396049295971466,-0.69,0.27,0.42,-0.13,0.31,0.58,gem,slab_deep
11616520,2009-01-23T12:56:07,-70.953,-36.403,123.8,5.18,mw,253.0,56.0,-16.0,352.0,77.0,-145.0,29.80725494352942,118.64559480196972,55.517151497499775,332.12636832289166,15.724138266821551,217.92725579963803,-1.52,-1.56,3.08,2.43,-3.69,5.44,gem,slab_deep
11667352,2009-02-06T02:58:35,-71.071,-28.007,52.6,5.3,mw,154.0,23.0,-107.0,352.0,68.0,-83.0,44.77849941528835,76.95440925281389,9.05586698789556,176.05431987074985,43.80170581257914,274.84661735133915,0.0,0.0,0.0,0.0,0.0,0.0,gem,intra_slab
11678027,2009-02-16T02:22:50,-69.888,-29.067,100.8,5.37,mw,77.0,67.0,-131.0,323.0,46.0,-32.0,38.16364387078633,15.35979685932324,45.98060007119791,230.9434006890069,18.53748785142237,120.63935090955624,-0.76,1.11,-0.34,-0.65,-0.49,-0.62,gem,slab_deep
11799078,2009-03-11T13:06:52,-69.279,-31.906,24.4,5.32,mw,190.0,44.0,109.0,344.0,49.0,72.0,10.861111463390824,187.44825237278917,43.71863686892293,288.0202196832287,44.24653635496712,86.6772110512934,1.03,0.2,-1.23,-0.21,0.08,0.08,gem,crustal_intraarc_shallow
12085978,2009-03-12T11:03:11,-78.019,-44.977,15.0,4.99,mw,12.0,53.0,-67.0,157.0,43.0,-117.0,43.51931257349565,265.8874664782107,42.05212264937879,54.82375221337389,16.130871733637118,159.94667347718143,-3.72,0.44,3.28,-1.44,-0.76,-0.35,gem,outer_rise
11883156,2009-03-15T13:50:38,-65.428,-30.999,178.7,5.15,mw,149.0,40.0,-69.0,303.0,53.0,-107.0,44.20790654648653,44.21650152049631,35.84903021522692,269.56294464857365,24.413696770500827,160.41794853752253,-5.93,2.89,3.04,2.06,-0.18,-3.83,gem,slab_deep
12086165,2009-04-03T17:54:48,-66.56,-27.908,160.0,5.7,mw,183.0,43.0,-31.0,297.0,69.0,-129.0,38.47641079197866,54.004232630251465,42.95314804035392,276.280036160734,22.671588041000707,163.39407927191382,-2.23,-0.25,2.48,2.56,-0.41,-2.53,gem,slab_deep
12697300,2009-04-26T08:03:37,-69.4,-32.866,127.4,5.34,mw,145.0,49.0,169.0,242.0,82.0,42.0,23.706230887084608,112.32752937211148,48.97590086856334,232.63875352024988,31.25401911349125,6.871785609261565,0.22,-0.96,0.73,-0.66,-0.53,0.44,gem,slab_deep
13439162,2009-04-28T15:29:28,-76.132,-48.338,15.0,5.12,mw,7.0,20.0,97.0,180.0,70.0,88.0,44.86250918435056,85.34206209013587,3.102902758243191,178.4346324895762,44.96961410061018,271.5387980022771,3.19,1.25,-4.43,0.02,-4.55,-0.26,gem,crustal_intraarc_shallow
12784565,2009-05-08T13:44:53,-69.67,-32.029,108.9,5.36,mw,47.0,50.0,-60.0,185.0,48.0,-121.0,42.72934687897761,296.29288522109863,47.187563353406205,111.92458389457778,2.17912276079752,204.2785950630748,-1.15,0.02,1.13,-0.39,0.15,0.7,gem,slab_deep
12828761,2009-05-17T12:35:21,-69.676,-27.223,91.7,5.2,mw,163.0,62.0,-96.0,356.0,29.0,-79.0,44.86625108128484,77.42799073784192,9.38689009619429,337.9572541611863,43.60903789090184,238.89683043117623,-0.76,0.18,0.58,-0.19,0.4,-0.06,gem,slab_deep
12861955,2009-05-25T05:10:13,-71.426,-28.542,52.0,5.27,mw,5.0,70.0,-92.0,192.0,20.0,-84.0,44.981240349673925,276.5599632223001,2.4525628342942167,184.10675834278425,44.91384094364653,91.65932181679716,-0.7,0.11,0.59,-0.05,-0.77,0.08,gem,intra_slab
13066708,2009-06-13T21:22:06,-71.667,-30.686,27.1,5.06,mw,175.0,61.0,91.0,352.0,29.0,88.0,44.956109875388535,267.56302476129974,1.6499782016348787,175.9148896388075,44.99638790738812,84.26443501830158,3.77,0.46,-4.23,0.17,-2.47,0.51,gem,slab_interface
13681521,2009-06-17T07:04:53,-77.204,-45.649,15.0,5.22,mw,80.0,80.0,-158.0,346.0,68.0,-11.0,21.17440775647494,31.449400093410247,67.02655956500291,235.4217064815317,8.50364497430815,124.76963660730678,-0.81,3.51,-2.7,-2.87,-2.2,-7.19,gem,outer_rise
13307294,2009-06-29T03:07:31,-76.686,-45.576,15.0,5.31,mw,79.0,67.0,-171.0,346.0,81.0,-23.0,21.006810779432893,34.1763009907595,66.20338945544415,184.72629462981715,10.672627139755878,300.02631258634085,-0.28,0.58,-0.29,0.05,-0.4,-0.99,gem,outer_rise
13361362,2009-07-07T16:46:15,-71.229,-29.333,49.0,5.4,mw,165.0,85.0,-40.0,260.0,50.0,-174.0,29.20321127154924,38.94430605866057,50.16819948508312,171.02075553818372,24.519817448660422,294.1728637339863,-0.13,0.59,-0.46,-0.08,1.0,-1.05,gem,intra_slab
13375951,2009-07-12T14:43:51,-71.16,-30.654,65.6,5.18,mw,169.0,58.0,84.0,360.0,32.0,99.0,42.87693326721298,240.9646676875716,11.403954468252138,341.759144369725,44.88113507126722,83.34710075146711,5.77,1.16,-6.92,0.79,-3.06,0.83,gem,intra_slab
13566201,2009-08-12T18:00:52,-66.654,-27.853,168.7,5.43,mw,162.0,55.0,-60.0,297.0,45.0,-126.0,42.34665367452149,51.194572910457055,44.81098549602642,206.0752758195744,12.860679260604108,309.1844357672495,-1.41,0.52,0.89,0.27,0.63,-1.07,gem,slab_deep
13760091,2009-09-12T03:56:57,-76.407,-45.589,15.0,4.99,mw,176.0,26.0,-92.0,359.0,64.0,-89.0,44.99624887639573,87.4956705192169,1.4225041558521725,178.91842694813818,44.96844132022318,270.3398027409446,-3.46,0.72,2.75,-0.02,-2.37,-0.09,gem,outer_rise
13795340,2009-09-25T15:47:23,-71.769,-32.187,41.8,5.08,mw,180.0,78.0,147.0,277.0,58.0,15.0,15.089242151079514,314.11754468562964,57.27177171892127,199.3132314595497,28.284888539680267,52.459648498717456,1.3,-0.08,-1.22,-0.75,-2.54,4.32,gem,intra_slab
14094515,2009-10-28T06:20:03,-71.903,-32.793,19.0,4.99,mw,164.0,43.0,86.0,349.0,47.0,94.0,31.14094868326985,309.70607629188,28.8706189857602,200.24661852832085,44.96750202124926,76.82912029334511,3.88,-0.26,-3.62,0.12,0.3,0.84,gem,forearc
13979280,2009-11-22T22:07:48,-75.034,-39.554,10.0,5.85,mw,199.0,43.0,-69.0,351.0,51.0,-109.0,44.11379185266461,94.28720754927748,42.144990957050894,302.95388296333607,14.795256673578203,199.124568613433,-0.7,-0.02,0.71,0.18,-0.12,0.07,gem,slab_interface
14209504,2009-12-29T11:47:34,-73.033,-36.657,26.6,5.07,mw,1.0,21.0,95.0,175.0,69.0,88.0,44.91617807471917,82.33139215809717,2.4014211355464887,174.7278989125423,44.98323067045786,267.1300247441276,3.37,0.18,-3.55,0.36,-3.76,0.12,gem,forearc
14238697,2010-01-18T12:28:35,-68.764,-31.337,102.7,5.38,mw,60.0,54.0,-85.0,231.0,37.0,-97.0,44.92686304162677,326.4238540403581,12.731697145925343,69.44819864502091,42.28622830216341,171.3064624194236,-1.39,0.98,0.41,-0.42,-0.15,0.71,gem,slab_deep
14240651,2010-01-19T17:28:14,-65.843,-27.587,22.5,5.23,mw,243.0,75.0,178.0,333.0,88.0,15.0,9.240745129530476,199.2444784902689,74.90259171334944,326.3353718464845,11.83348244831107,107.29100748733411,0.09,0.64,-0.72,-0.1,0.2,-0.49,gem,backarc
14265217,2010-01-30T05:50:09,-70.745,-28.147,46.3,5.31,mw,17.0,31.0,107.0,177.0,60.0,80.0,40.8112076067821,63.18053120333264,16.3235213268255,167.8294365652863,44.64778683010861,274.64473748605866,0.86,0.19,-1.05,0.08,-0.56,-0.13,gem,slab_interface
14542435,2010-02-12T12:03:42,-68.893,-33.62,180.0,5.84,mw,69.0,57.0,-156.0,325.0,70.0,-35.0,32.330254444310576,19.7507074707018,55.61366066584704,177.39180916693476,10.459333098328642,283.0410054795709,-2.4,5.73,-3.33,0.01,-3.98,-2.93,gem,slab_deep
14340585,2010-02-27T06:34:12,-72.848,-36.207,25.0,8.79,mw,19.0,18.0,116.0,172.0,74.0,82.0,43.88523565131408,70.22888366480242,9.18055582312599,169.1715910249377,44.65601166782297,268.3603413213693,1.04,-0.04,-1.0,0.3,-1.52,-0.12,gem,forearc
14357776,2010-02-27T08:01:20,-75.271,-37.846,15.0,7.36,mw,3.0,46.0,-102.0,200.0,46.0,-78.0,44.67595894069776,281.4541962430185,45.22153435214644,106.29835508232918,2.4241365193760167,13.853198976108615,-1.4,0.16,1.24,0.23,-0.04,0.23,gem,outer_rise
14357795,2010-02-27T19:00:06,-72.044,-33.476,25.0,6.24,mw,3.0,27.0,97.0,175.0,64.0,86.0,44.55485956151907,77.18944849470893,5.326544912459825,172.45644007669205,44.95136120650684,267.797051554118,2.42,-0.34,-2.08,0.26,-1.7,0.01,gem,slab_interface
14342117,2010-02-27T23:02:01,-72.793,-37.683,40.0,5.88,mw,169.0,63.0,90.0,349.0,27.0,90.0,44.99999999999999,259.0,3.875298840037329e-16,169.0,45.00000000000003,79.0,0.7,-0.12,-0.58,0.09,-0.46,0.1,gem,forearc
14342120,2010-02-28T01:08:22,-72.08,-34.233,25.0,5.93,mw,13.0,24.0,95.0,187.0,66.0,88.0,44.86136613856443,93.17622298271648,3.0227165868801733,186.18852861916207,44.97931369399806,279.2132735157853,0.74,-0.06,-0.67,-0.07,-0.65,-0.12,gem,slab_interface
17273456,2010-02-28T11:25:35,-71.685,-34.997,45.0,6.2,mw,17.0,25.0,113.0,171.0,67.0,80.0,42.34685150527515,63.49289510633639,13.467029253292814,166.09971234586135,44.54185631386371,269.7308835031114,1.65,0.2,-1.84,0.39,-1.64,-0.11,gem,forearc
14357818,2010-02-28T19:48:36,-73.562,-38.128,25.0,5.84,mw,1.0,16.0,91.0,180.0,74.0,90.0,44.99858995682294,89.54155297972932,0.3249915338253648,179.8665337456937,44.999566654968085,270.1915255915991,3.88,-0.06,-3.81,-0.02,-6.08,-0.03,gem,slab_interface
14342530,2010-03-01T01:10:57,-71.974,-35.281,40.8,5.21,mw,34.0,33.0,130.0,169.0,65.0,67.0,32.95136274532307,42.65292401186241,29.34693813674037,154.02679934571472,42.93262072540379,275.56542301073387,0.51,0.22,-0.72,0.13,-0.45,-0.15,gem,forearc
14342532,2010-03-01T02:44:42,-72.556,-35.066,22.5,5.62,mw,183.0,75.0,115.0,302.0,29.0,32.0,36.12896068579282,303.02171246174925,27.253925510560524,190.93364300619209,41.70753174721373,73.60607022595633,1.4,0.4,-1.8,-0.31,-2.55,1.3,gem,slab_interface
14342544,2010-03-01T07:49:07,-73.253,-34.73,28.7,5.34,mw,208.0,35.0,-65.0,358.0,58.0,-107.0,44.09074519855121,100.19592655452652,27.548930975687647,339.8411032817299,33.33301807416513,229.77570851925825,-0.94,-0.35,1.3,0.08,-0.53,0.33,gem,intra_slab
14344160,2010-03-01T08:46:52,-72.658,-35.574,15.0,5.31,mw,26.0,17.0,98.0,197.0,73.0,87.0,44.89370874250013,103.99765754349109,2.800959898732976,196.7915766314912,44.969472402974624,289.59290035521946,0.56,0.03,-0.58,-0.27,-0.91,-0.26,gem,forearc
14344960,2010-03-01T08:58:29,-74.594,-37.856,12.1,4.99,mw,9.0,50.0,-100.0,204.0,41.0,-79.0,44.74265571538215,286.0752060060428,33.07971619088841,155.86736892577437,27.034020839824947,46.45371955710527,-3.98,0.61,3.36,0.41,-0.71,0.89,gem,slab_interface
14344165,2010-03-01T12:20:14,-73.828,-34.521,15.0,5.09,mw,41.0,40.0,-91.0,222.0,50.0,-89.0,44.998183427897445,311.7097942500527,3.6860217333976784,45.40323300132661,44.765007272266416,139.06669007879202,-5.24,2.27,2.97,0.61,0.62,2.74,gem,outer_rise
14344172,2010-03-01T14:36:27,-73.564,-34.418,15.0,5.18,mw,46.0,39.0,-89.0,224.0,51.0,-91.0,44.998252887397655,315.2890110326639,3.0179544670555263,222.2670456923069,44.842927839863215,129.26143583704334,-7.55,3.76,3.79,1.0,1.19,2.99,gem,outer_rise
14344174,2010-03-01T15:52:37,-73.619,-36.8,27.2,5.08,mw,13.0,27.0,104.0,177.0,64.0,83.0,43.391958248109376,72.49069025990292,10.211633203600904,172.29596220713256,44.80640012317581,272.6030983702459,4.05,-0.05,-4.0,0.43,-3.18,-0.35,gem,intra_slab
14344176,2010-03-01T16:56:50,-72.435,-36.239,44.2,4.97,mw,43.0,35.0,125.0,182.0,62.0,68.0,30.980398299748718,52.64082593059209,31.0228731509288,163.80736697103146,43.2468594006828,288.2570547697832,2.5,0.27,-2.77,0.31,-1.8,-1.39,gem,forearc
14344341,2010-03-01T22:40:15,-73.999,-34.745,18.0,4.97,mw,32.0,37.0,-88.0,209.0,53.0,-92.0,44.99355458095125,300.57197772866243,4.3379917075833605,206.2224794321475,44.678626712611695,111.92062463267791,-3.7,1.17,2.53,0.42,0.9,1.24,gem,outer_rise
14554585,2010-03-02T02:09:34,-71.351,-39.777,15.6,5.14,mw,80.0,79.0,-25.0,176.0,65.0,-168.0,23.448584879209992,309.5297521746768,64.29240267305735,103.81315963936991,9.943740444625206,215.16865581956347,0.05,-1.52,1.47,-3.2,1.53,5.28,gem,crustal_intraarc_shallow
14344355,2010-03-02T04:09:24,-73.29,-35.766,15.0,5.39,mw,191.0,78.0,93.0,359.0,13.0,78.0,44.87357068813834,284.88572320429233,3.211490095347771,191.68335526408077,44.946609827226624,98.47280372111612,0.59,0.08,-0.67,-0.27,-1.34,-0.08,gem,slab_interface
14344356,2010-03-02T04:28:44,-73.444,-36.74,30.0,5.46,mw,17.0,11.0,110.0,178.0,79.0,86.0,44.81170798427559,81.94466037005395,3.9980888660433296,175.9262202654961,44.90975713229796,269.9214529363752,0.68,0.04,-0.71,0.1,-1.79,-0.09,gem,intra_slab
17150213,2010-03-02T06:10:49,-72.688,-34.578,14.7,5.31,mw,3.0,5.0,84.0,189.0,85.0,91.0,44.99712598426537,99.59877946407084,0.5299491324092075,9.068860828191532,44.9979724666687,278.5389265336991,0.2,0.04,-0.24,-0.17,-1.14,-0.03,gem,slab_interface
14344865,2010-03-02T11:30:28,-72.733,-35.262,15.0,5.0,mw,101.0,74.0,-24.0,198.0,67.0,-163.0,25.31159963405418,330.5989784993752,64.06537713890975,137.1301725675504,5.283582621151984,238.09222459775265,-1.85,2.81,-0.95,-0.85,0.3,3.22,gem,forearc
17150271,2010-03-02T12:16:34,-73.387,-36.595,30.6,5.19,mw,5.0,16.0,95.0,181.0,74.0,89.0,44.96497892672057,87.71704281963213,1.6208807242234506,179.3365909523684,44.98917905728114,270.9575081321268,4.19,-0.16,-4.03,-0.01,-6.39,-0.21,gem,intra_slab
14344975,2010-03-02T14:07:08,-73.46,-39.53,34.7,5.1,mw,16.0,28.0,112.0,172.0,64.0,79.0,41.158214982783775,58.988290055504194,15.958725377240594,163.46438839357575,44.4990004694555,269.7847711063897,4.61,-0.36,-4.25,1.11,-3.24,-0.39,gem,forearc
14345091,2010-03-02T19:12:54,-72.136,-34.2,20.0,5.62,mw,14.0,17.0,119.0,163.0,75.0,81.0,43.87315072216435,62.294397700427226,9.35242730957529,161.40506542048593,44.61345452668971,260.756438878632,1.57,0.16,-1.73,0.92,-2.66,0.06,gem,forearc
14411374,2010-03-02T21:44:35,-73.308,-36.564,37.0,5.05,mw,44.0,26.0,115.0,196.0,67.0,79.0,41.55149994456185,85.67533402904417,15.347749273465604,189.754733029217,44.426351837829095,295.36089390890845,3.54,-1.07,-2.46,-0.42,-3.25,-1.4,gem,intra_slab
17150405,2010-03-03T04:35:57,-73.964,-37.626,25.0,5.31,mw,194.0,79.0,95.0,350.0,12.0,66.0,44.66546189270683,290.2834399771712,5.291121380535391,195.03147920706613,44.84729542629904,99.74598108576812,0.41,0.04,-0.45,-0.27,-1.02,-0.02,gem,intra_slab
14411377,2010-03-03T04:42:27,-73.715,-37.321,35.0,5.07,mw,13.0,26.0,105.0,176.0,65.0,83.0,43.45519972620815,71.94412353755189,10.075074695311296,171.63582427213464,44.79060124737551,271.79505221232563,4.24,-0.73,-3.51,0.61,-3.19,-0.33,gem,intra_slab
14345113,2010-03-03T06:16:20,-72.162,-33.725,23.5,5.19,mw,10.0,22.0,99.0,180.0,68.0,86.0,44.68657476066394,83.87693234798553,4.620269515557575,178.46175071075618,44.9416522938689,273.08766398946943,5.15,0.29,-5.44,0.21,-5.43,-0.43,gem,slab_interface
14349505,2010-03-03T17:44:25,-73.317,-36.54,25.0,6.11,mw,15.0,12.0,103.0,182.0,78.0,87.0,44.89619579724933,88.2019618435018,2.919981385364308,181.1151584384856,44.95512089083368,274.03435848944287,0.7,0.04,-0.73,-0.04,-1.64,-0.11,gem,slab_interface
14349541,2010-03-03T19:58:27,-72.143,-33.469,20.0,5.79,mw,2.0,17.0,94.0,178.0,73.0,89.0,44.973050924651815,85.98123021665054,1.408094493010818,177.3884254901028,44.99235086915197,268.79656929471207,3.37,0.02,-3.39,0.18,-4.91,-0.02,gem,slab_interface
14351167,2010-03-04T01:59:47,-72.322,-33.217,20.4,6.03,mw,10.0,19.0,97.0,183.0,71.0,88.0,44.88404276042949,88.75400867147283,2.873089427461633,181.6190869469983,44.97200693719255,274.4929834650602,0.83,-0.01,-0.82,-0.04,-1.06,-0.09,gem,intra_slab
14351179,2010-03-04T09:03:38,-74.723,-37.593,16.8,5.03,mw,217.0,45.0,-56.0,353.0,54.0,-119.0,42.54815144940487,103.61786615176923,45.000000000000014,307.0,11.93125974898568,204.8012816671932,-3.71,-0.21,3.92,1.5,-0.99,1.21,gem,outer_rise
14367035,2010-03-04T17:37:46,-72.179,-34.212,23.5,5.4,mw,14.0,22.0,106.0,177.0,69.0,84.0,44.08055191870076,75.92013172545768,7.973334945551399,173.71584856289587,44.81685628267292,271.715883089187,1.01,0.1,-1.11,0.11,-1.15,-0.11,gem,slab_interface
14367060,2010-03-05T03:34:31,-71.721,-34.528,20.0,5.44,mw,1.0,38.0,-77.0,165.0,53.0,-100.0,44.717547948826905,261.7646152883572,25.15345854366205,144.05662963131925,34.71150198483895,35.07367266395818,-1.48,-0.37,1.85,-0.22,0.42,-0.31,gem,forearc
14367062,2010-03-05T03:55:17,-71.636,-34.61,26.1,5.26,mw,50.0,87.0,15.0,319.0,75.0,177.0,8.497562187188274,95.5626044417054,74.78662351918912,218.88873828804944,12.524389409940897,3.6606324446081535,-0.01,-0.9,0.9,0.15,0.21,0.14,gem,forearc
14367069,2010-03-05T07:36:43,-73.156,-35.221,36.2,5.09,mw,266.0,50.0,-3.0,358.0,88.0,-140.0,28.09182989913358,124.68714579861285,49.99717270362237,355.1888669298789,25.95063604616136,229.74335615461015,-0.64,-0.39,1.02,-0.43,-3.38,4.1,gem,intra_slab
14374363,2010-03-05T09:19:36,-73.238,-36.66,30.0,6.14,mw,11.0,8.0,116.0,164.0,83.0,87.0,44.85825045571707,70.72299476448529,3.610451016694423,164.32275588085645,44.91453992072215,257.92960643902734,0.46,0.06,-0.52,0.52,-1.83,0.04,gem,slab_interface
14374365,2010-03-05T10:31:21,-73.676,-37.555,26.0,5.22,mw,171.0,62.0,86.0,358.0,28.0,97.0,44.37170207188184,251.44987490406183,6.289888742861279,347.64018157652845,44.94051752992846,83.95513886771556,0.72,-0.04,-0.68,0.1,-0.46,0.06,gem,slab_interface
14554606,2010-03-05T11:47:07,-73.416,-36.672,20.0,6.61,mw,9.0,16.0,98.0,180.0,74.0,88.0,44.91129072192464,87.37114815101143,2.582893786159761,179.94867122854205,44.97235113128409,272.5316976616758,0.52,0.01,-0.52,0.0,-0.86,-0.04,gem,forearc
14373449,2010-03-06T15:19:05,-73.769,-37.452,23.5,5.2,mw,28.0,19.0,112.0,185.0,72.0,83.0,44.00691521062512,83.79441988428118,8.542230809010604,182.13667618472908,44.728728463030514,280.6934296902434,4.24,0.34,-4.58,-0.33,-6.39,-1.42,gem,slab_interface
14371822,2010-03-07T04:46:33,-71.89,-33.128,29.1,5.09,mw,7.0,26.0,92.0,185.0,64.0,89.0,44.96844132022319,92.6601972590554,1.4225041558521718,184.08157305186185,44.99624887639573,275.5043294807831,4.3,-0.14,-4.17,-0.21,-3.31,-0.42,gem,slab_interface
14554019,2010-03-07T15:59:44,-73.366,-38.047,27.0,5.87,mw,174.0,78.0,91.0,348.0,12.0,84.0,44.98592918646088,265.2979621650637,1.0706914844162607,174.22760959405446,44.99406503188967,83.15695297014264,3.02,0.42,-3.44,0.73,-7.2,0.6,gem,forearc
14371839,2010-03-07T18:35:59,-71.909,-34.657,30.7,5.29,mw,24.0,27.0,114.0,177.0,65.0,78.0,41.24561378941223,65.51060861293047,15.909634851317287,169.98422493584383,44.438276513163245,276.21485209309816,0.71,0.16,-0.86,0.08,-0.66,-0.16,gem,forearc
14372360,2010-03-07T22:00:37,-71.902,-34.128,34.4,5.18,mw,26.0,42.0,113.0,176.0,52.0,71.0,18.0209214975581,28.18937507665112,40.52054907347193,134.33348968925213,43.9774393379365,279.89412574389905,6.21,0.98,-7.18,1.23,-1.54,-1.66,gem,slab_interface
14373452,2010-03-07T23:46:57,-73.128,-36.187,21.9,5.07,mw,26.0,21.0,-119.0,237.0,72.0,-80.0,44.45446067077153,318.4230280491708,12.37244499299896,60.85158914422647,42.9132267985354,162.61883363507604,-2.82,1.24,1.58,3.48,1.98,1.76,gem,forearc
14398331,2010-03-08T13:03:40,-73.752,-34.501,15.0,5.11,mw,38.0,41.0,-97.0,228.0,49.0,-84.0,44.90764290754561,312.95691097163694,25.72375075983897,71.65716918016693,34.032803202913136,180.6448552158493,-5.85,2.74,3.12,0.96,0.26,2.79,gem,outer_rise
14383164,2010-03-08T17:50:44,-71.704,-32.639,19.3,5.3,mw,159.0,63.0,81.0,360.0,28.0,108.0,42.22588412697731,229.5345531072109,13.404346696957507,332.0255378795207,44.690626657558894,75.6616094784394,0.91,-0.03,-0.87,0.32,-0.59,0.16,gem,forearc
14384299,2010-03-08T18:08:01,-71.707,-32.612,23.2,5.27,mw,175.0,64.0,91.0,353.0,26.0,89.0,44.96676741628985,267.17045234119394,1.459603200622088,175.71206841705464,44.99605740038796,84.25219233612222,0.8,-0.01,-0.79,0.05,-0.62,0.09,gem,forearc
14398343,2010-03-09T22:10:48,-72.514,-33.893,20.3,5.1,mw,193.0,69.0,96.0,358.0,22.0,76.0,44.18439026017688,293.2651970640868,7.512170133351286,195.9015300700201,44.83619313849983,98.36740172457598,3.84,-0.06,-3.78,-1.15,-3.95,-0.36,gem,intra_slab
14400657,2010-03-10T02:41:49,-72.782,-37.016,48.5,5.19,mw,19.0,32.0,107.0,178.0,60.0,80.0,40.08064876757149,62.87125159157341,17.646111483900068,168.39783592710774,44.630177182874334,276.69976852718383,6.2,0.47,-6.67,0.69,-3.63,-1.04,gem,slab_interface
14399307,2010-03-10T04:01:44,-73.931,-37.186,15.0,5.15,mw,15.0,12.0,109.0,176.0,78.0,86.0,44.78671288586663,80.5769749289289,4.20521332612942,174.76222788505288,44.90519790034015,268.9648578785827,2.62,0.09,-2.71,0.49,-6.09,-0.28,gem,slab_interface
14399318,2010-03-10T08:45:20,-73.928,-35.033,17.9,5.08,mw,48.0,34.0,-59.0,192.0,61.0,-109.0,43.675521324682464,295.9225107014194,28.3284203251948,174.94377564579838,33.081652815112434,64.38433967875943,-4.26,1.05,3.21,-0.42,2.81,1.98,gem,outer_rise
14400662,2010-03-10T12:20:56,-72.443,-33.626,20.0,5.64,mw,47.0,6.0,122.0,195.0,85.0,87.0,44.893285557552296,101.35196667887244,3.2259253511258725,194.5709912612406,44.92527661760597,287.7936163455686,0.58,-0.07,-0.51,-0.9,-3.37,-0.36,gem,intra_slab
14400304,2010-03-10T16:00:50,-74.929,-38.172,15.0,5.11,mw,237.0,67.0,-38.0,344.0,55.0,-152.0,34.30663945926558,112.83535209913964,54.00157271664896,272.7516606754617,9.597225767947924,16.210246538624972,-2.66,-2.02,4.68,2.99,-0.06,2.96,gem,outer_rise
14554049,2010-03-11T14:39:45,-71.969,-34.346,20.0,6.86,mw,144.0,55.0,-90.0,324.0,35.0,-90.0,45.00000000000001,54.0,1.0486957843484053e-13,144.0000000000001,45.00000000000001,234.00000000000023,-2.33,0.86,1.47,-0.47,0.64,-0.95,gem,forearc
14400686,2010-03-11T14:55:28,-71.895,-34.328,25.0,6.97,mw,16.0,6.0,-53.0,159.0,86.0,-93.0,44.902776087320696,252.1943546033765,3.65751660160802,158.54179685612417,44.86406002865865,64.89417872809719,-0.59,0.02,0.56,-1.27,3.2,0.03,gem,forearc
14402141,2010-03-11T20:11:22,-71.92,-34.389,20.0,5.64,mw,3.0,44.0,-61.0,146.0,52.0,-115.0,43.265184160334464,252.88606928521963,43.89076142349143,98.002077382199,12.870237443309032,355.3045528014705,-3.27,0.15,3.12,-1.41,0.07,-0.86,gem,forearc
14402149,2010-03-11T22:34:03,-73.631,-37.726,22.5,5.32,mw,180.0,70.0,93.0,351.0,20.0,82.0,44.80650413278438,275.00051159425425,3.677345872798512,181.34040755629545,44.95779962781649,87.66089580748417,0.8,-0.09,-0.7,-0.02,-0.89,0.06,gem,slab_interface
14420155,2010-03-12T10:32:32,-73.983,-37.658,17.9,5.07,mw,188.0,73.0,96.0,348.0,18.0,71.0,44.35503686866964,286.92592215024086,6.908046384611319,190.1227810301105,44.81604498847789,93.20872928290872,3.11,-0.34,-2.77,-0.82,-4.09,0.18,gem,slab_interface
14621975,2010-03-12T16:50:03,-71.891,-34.272,20.0,5.69,mw,158.0,50.0,-92.0,342.0,40.0,-87.0,44.98968066415471,69.4194314904122,8.686530326086281,330.63450224928454,43.702983218714266,232.2383938693236,-3.95,0.25,3.7,-0.38,0.68,-1.47,gem,forearc
14405386,2010-03-13T03:15:02,-73.395,-36.615,25.0,5.29,mw,2.0,23.0,88.0,183.0,67.0,91.0,44.98104915223932,95.77296632198238,1.1240690025079825,4.649424508319441,44.99690089726436,273.5252607530709,0.83,-0.08,-0.74,-0.05,-0.76,-0.03,gem,slab_interface
14406570,2010-03-13T03:19:07,-73.29,-36.655,23.7,5.41,mw,10.0,19.0,102.0,177.0,72.0,86.0,44.67001999303096,80.86676234308572,4.863821608245661,175.69216554760646,44.91807507655084,270.5596341806697,1.02,-0.09,-0.92,0.12,-1.32,-0.07,gem,slab_interface
14405390,2010-03-13T07:12:05,-71.686,-34.52,18.9,5.08,mw,152.0,46.0,-99.0,345.0,45.0,-81.0,44.817437392696085,68.35121833491445,44.62696558570403,259.5991108350586,5.6512048955994905,163.99392173019737,-4.51,-0.26,4.77,-0.39,-0.03,-2.33,gem,forearc
14405731,2010-03-13T10:34:41,-73.706,-37.621,20.0,5.79,mw,7.0,19.0,102.0,175.0,71.0,86.0,44.67001999303097,77.86676234308572,4.863821608245655,172.69216554760658,44.91807507655084,267.5596341806697,3.56,0.12,-3.67,0.54,-4.62,-0.06,gem,slab_interface
14405833,2010-03-13T15:22:36,-71.637,-34.551,20.0,5.23,mw,10.0,29.0,-75.0,172.0,62.0,-99.0,44.7520500097289,268.9848174483095,12.636440543708106,166.14287443026,42.50274473343099,64.28667778780084,-0.7,-0.06,0.75,-0.12,0.46,0.01,gem,forearc
14406579,2010-03-13T20:20:23,-73.925,-36.921,20.0,5.29,mw,177.0,79.0,92.0,346.0,12.0,79.0,44.9462581474713,269.52650233853933,2.117279490971332,177.41174842400892,44.97553654170958,85.29483112154242,0.42,0.01,-0.42,0.04,-1.0,0.06,gem,slab_interface
14406612,2010-03-14T07:31:22,-71.904,-34.276,16.4,5.21,mw,191.0,59.0,-73.0,341.0,34.0,-116.0,44.02426667362033,88.77744960864226,27.889222762152176,209.54169190929005,33.09977183601695,319.7234240464163,-0.68,-0.02,0.7,0.19,0.34,-0.06,gem,forearc
14406623,2010-03-14T13:52:22,-73.739,-38.492,19.3,5.45,mw,35.0,79.0,-113.0,281.0,25.0,-26.0,41.85988669487543,323.656349922122,24.117808291504154,210.00763291930443,38.51209122813162,99.13653508416598,-0.7,0.95,-0.24,-0.72,-1.49,0.42,gem,forearc
14406636,2010-03-14T20:04:54,-73.64,-38.54,13.3,5.44,mw,15.0,71.0,-102.0,228.0,23.0,-60.0,44.308943004988734,294.3409756413428,14.255220191555187,189.98126568551507,42.21246809722735,86.6563739506135,-1.16,0.35,0.81,-0.21,-1.37,0.53,gem,forearc
14410557,2010-03-15T11:08:29,-73.365,-35.85,15.0,6.2,mw,21.0,15.0,103.0,187.0,76.0,87.0,44.81063328991406,92.75411134899838,3.822665445495061,186.5600344569436,44.9347025029962,280.38250079853367,1.15,-0.03,-1.12,-0.24,-2.11,-0.29,gem,slab_interface
14409386,2010-03-16T02:21:57,-73.358,-36.238,15.0,6.65,mw,12.0,14.0,107.0,175.0,77.0,86.0,44.73990329705239,78.91569551331952,4.540121297591556,173.42888866797864,44.90108577112626,267.96759988635984,0.49,0.03,-0.52,0.11,-1.03,-0.03,gem,forearc
14409387,2010-03-16T03:04:36,-73.43,-36.552,20.0,5.88,mw,19.0,14.0,112.0,177.0,77.0,85.0,44.583340844060345,79.33620526235757,5.777314574962105,175.05898552336748,44.83607031334677,270.8326494235695,3.73,-0.09,-3.64,0.59,-7.35,-0.56,gem,slab_interface
14554112,2010-03-17T17:38:33,-72.507,-43.999,15.0,5.43,mw,100.0,88.0,-22.0,191.0,68.0,-178.0,16.60036478149541,327.5175033262119,67.96205590360675,104.94890974127476,14.078262922758844,233.2299378932504,-0.09,0.63,-0.54,-0.62,0.13,1.47,gem,crustal_intraarc_shallow
14522579,2010-03-17T18:29:36,-73.206,-35.499,15.0,5.11,mw,27.0,24.0,106.0,190.0,67.0,83.0,43.73901033911403,86.68532693963505,9.219066538453534,185.62037616915768,44.78996189086183,284.8923184347155,4.03,-0.26,-3.77,-0.47,-3.97,-1.34,gem,slab_interface
14411413,2010-03-18T01:57:28,-72.852,-36.604,24.2,5.23,mw,188.0,83.0,94.0,340.0,8.0,63.0,44.8189850050841,282.57905760389656,4.091261079512555,188.5032056947241,44.88936920922653,94.4173104845604,2.0,0.48,-2.48,-1.2,-8.35,0.17,gem,forearc
14411414,2010-03-18T03:18:23,-71.91,-34.383,30.6,5.11,mw,35.0,21.0,-54.0,177.0,73.0,-103.0,44.17519660922958,277.174884373864,14.50863112504131,172.6125563517155,42.22428209009713,69.03002542735692,-3.44,0.69,2.75,-0.83,4.51,1.01,gem,forearc
14412246,2010-03-18T09:32:23,-72.765,-44.102,15.0,5.25,mw,186.0,72.0,171.0,279.0,81.0,18.0,6.82888180151306,143.57368484558697,70.62090345820809,253.47837339831736,18.046030033244804,51.33761669307768,-0.81,2.69,-1.88,-3.39,-1.66,8.21,gem,crustal_intraarc_shallow
14414561,2010-03-19T02:55:51,-72.299,-33.55,16.6,5.18,mw,13.0,18.0,99.0,184.0,72.0,87.0,44.8403963247094,89.06202353208687,3.4036756612094163,182.4527552591572,44.957644038944686,275.8574091824987,4.43,-0.28,-4.15,-0.22,-5.87,-0.61,gem,slab_interface
14554135,2010-03-19T08:54:48,-73.142,-35.564,25.0,5.47,mw,27.0,10.0,118.0,178.0,81.0,85.0,44.72723162169645,82.99485663343705,4.905662415083129,177.87182697417836,44.85376635804095,272.7704392630251,0.59,0.04,-0.62,0.08,-1.84,-0.15,gem,intra_slab
14415085,2010-03-19T14:20:43,-72.293,-33.268,15.1,5.15,mw,20.0,16.0,110.0,178.0,75.0,84.0,44.49282530221358,81.41319369011757,6.240977498354265,177.58091922693484,44.83002927249214,273.82196583529424,3.47,-0.31,-3.16,0.37,-5.89,-0.55,gem,slab_interface
14554147,2010-03-21T18:31:02,-73.205,-36.387,25.0,5.54,mw,11.0,25.0,113.0,166.0,67.0,79.0,42.34685150527515,57.49289510633639,13.467029253292823,160.09971234586135,44.54185631386371,263.7308835031114,1.72,0.22,-1.94,0.55,-1.6,0.08,gem,slab_interface
14420320,2010-03-24T00:05:14,-73.645,-37.158,16.3,5.14,mw,12.0,14.0,106.0,176.0,77.0,86.0,44.76784551104531,80.24702348353321,4.285397565723407,174.5097089992281,44.91222575465121,268.7939724032112,3.09,-0.25,-2.84,0.56,-5.76,-0.24,gem,forearc
14462779,2010-03-25T11:10:38,-73.34,-35.81,20.0,5.31,mw,21.0,14.0,103.0,187.0,76.0,87.0,44.84362307464521,93.26793392337731,3.50863215510759,186.7640034715292,44.94178579679762,280.27208802030395,0.54,-0.05,-0.48,-0.11,-1.01,-0.12,gem,slab_interface
14508014,2010-03-26T14:52:07,-71.014,-28.034,43.3,6.11,mw,21.0,54.0,105.0,176.0,38.0,70.0,28.693821288446014,158.01096953738784,32.005576794490324,48.00655886734489,44.345299878297205,280.3532534133051,1.59,0.09,-1.69,0.42,0.43,-0.28,gem,intra_slab
14510076,2010-03-28T14:36:32,-73.524,-36.206,20.0,5.19,mw,6.0,16.0,92.0,183.0,74.0,89.0,44.99436444712924,93.08357143029178,0.6497786725283798,183.7332640676901,44.99826687356112,274.38304521628976,3.84,0.35,-4.19,-0.36,-6.37,-0.36,gem,slab_interface
14596759,2010-03-28T21:38:32,-73.141,-35.454,25.0,5.97,mw,28.0,16.0,112.0,185.0,75.0,84.0,44.39949378203734,86.67973413217254,6.808547974829453,183.39395674273493,44.79519110558725,280.202011595845,0.51,0.02,-0.53,-0.06,-0.96,-0.16,gem,intra_slab
14554192,2010-03-28T21:43:13,-73.13,-35.494,23.7,5.63,mw,7.0,16.0,86.0,191.0,74.0,91.0,44.97753148020298,102.8291423865578,1.2979253191494589,11.531901914606294,44.99307155295416,280.2339574420396,1.76,0.01,-1.77,-0.56,-2.83,-0.28,gem,slab_interface
14512790,2010-03-29T07:35:07,-71.803,-34.943,53.2,5.3,mw,36.0,29.0,127.0,175.0,67.0,71.0,37.35271769621771,55.5489546302465,23.363892286608287,164.80056962480273,43.54540577831304,279.04278260438605,0.7,0.16,-0.86,0.15,-0.7,-0.26,gem,slab_interface
14560379,2010-04-01T12:53:10,-71.864,-34.651,30.0,5.13,mw,82.0,59.0,-39.0,195.0,58.0,-142.0,36.71316443089046,318.659947453758,53.24681281728619,135.56745499071246,1.48283872998492,227.55382778615996,-3.24,2.1,1.15,-2.36,2.53,4.05,gem,forearc
14542704,2010-04-01T19:43:00,-72.135,-34.187,23.9,5.13,mw,173.0,74.0,90.0,352.0,16.0,89.0,44.99999999999999,263.0,6.728259839752506e-17,173.0,45.00000000000003,83.0,2.84,0.78,-3.62,0.65,-5.27,0.59,gem,slab_interface
14560389,2010-04-02T22:58:09,-72.975,-36.288,38.7,5.98,mw,17.0,15.0,101.0,186.0,75.0,87.0,44.86278308662235,91.52836345925316,3.2493796999119557,184.76741298410877,44.953133811178255,278.01670508597954,0.52,0.05,-0.57,-0.09,-0.98,-0.12,gem,intra_slab
14630539,2010-04-09T22:23:02,-68.198,-28.598,115.0,5.75,mw,170.0,49.0,-64.0,314.0,47.0,-117.0,43.34000519288965,61.93994694991415,46.5305815623359,236.49378966789197,2.7219303709183147,329.3685417282426,-4.57,0.54,4.03,1.25,0.86,-2.58,gem,slab_deep
14579559,2010-04-16T22:41:34,-73.794,-37.504,10.0,5.63,mw,180.0,75.0,90.0,360.0,15.0,90.0,45.00000000000001,270.0,3.913061151208735e-15,0.0,45.00000000000001,90.0,1.76,-0.01,-1.75,0.01,-2.97,0.01,gem,forearc
17468298,2010-04-16T23:15:36,-73.862,-37.442,25.0,5.72,mw,31.0,15.0,115.0,185.0,77.0,84.0,44.37316801815348,86.57352692475814,7.048141561310151,183.521121118422,44.76412880158106,280.56467198599563,2.03,-0.01,-2.02,-0.24,-4.13,-0.69,gem,intra_slab
14580151,2010-04-18T01:49:37,-73.752,-37.174,25.0,5.58,mw,4.0,19.0,93.0,180.0,71.0,89.0,44.97840712079316,89.16449633366284,1.2379514340171196,180.40180373034207,44.99484945374324,271.6398215887315,1.73,0.01,-1.74,0.01,-2.25,-0.06,gem,slab_interface
14580158,2010-04-18T02:52:18,-73.82,-37.215,21.6,5.07,mw,187.0,59.0,100.0,348.0,33.0,74.0,40.1115021925072,303.39075143686347,17.54073624366761,197.94813893828172,44.66049891253812,89.7468172272275,4.7,-0.38,-4.32,-0.83,-2.22,0.22,gem,slab_interface
14592235,2010-04-19T07:32:48,-73.732,-37.513,27.0,5.16,mw,170.0,70.0,89.0,353.0,20.0,93.0,44.97843599498781,258.32754872854207,1.2265815008650454,349.5534881110054,44.99530949750042,80.78014989041117,4.42,-0.05,-4.37,0.96,-5.32,0.65,gem,intra_slab
14606547,2010-04-23T10:03:06,-72.89,-37.53,40.0,6.01,mw,7.0,14.0,141.0,135.0,81.0,79.0,43.562137028145536,32.381284303680445,11.349527374367293,133.38596365119946,44.218224439803095,234.6490755274146,0.35,0.06,-0.4,0.86,-0.81,0.2,gem,slab_interface
14628538,2010-04-29T07:56:31,-73.747,-36.853,19.0,5.08,mw,4.0,27.0,92.0,182.0,63.0,89.0,44.96244129218522,89.42847393842891,1.5428435916540904,180.9698545572084,44.99602350738677,272.5130435417776,4.4,-0.31,-4.09,-0.08,-3.09,-0.23,gem,slab_interface
14629284,2010-05-02T14:52:41,-72.005,-34.282,20.0,5.93,mw,26.0,25.0,-36.0,149.0,76.0,-110.0,42.68832327378974,255.74062990645984,22.51459593879137,143.2616582537338,38.86120035903734,33.74956254798013,-0.42,-0.19,0.61,-0.47,0.66,-0.04,gem,forearc
14630779,2010-05-03T18:39:41,-73.789,-37.293,15.0,5.39,mw,6.0,16.0,92.0,183.0,74.0,89.0,44.99436444712924,93.08357143029178,0.6497786725283798,183.7332640676901,44.99826687356112,274.38304521628976,0.81,-0.0,-0.8,-0.07,-1.3,-0.06,gem,slab_interface
14768943,2010-05-03T23:09:45,-73.746,-38.144,25.0,6.18,mw,178.0,76.0,90.0,357.0,14.0,89.0,44.99999999999999,268.0,2.6193599260034883e-15,358.0,45.000000000000014,88.0,1.09,0.04,-1.13,0.07,-2.02,0.05,gem,slab_interface
14680859,2010-05-04T13:55:06,-72.277,-34.151,23.2,5.19,mw,25.0,26.0,107.0,187.0,66.0,82.0,43.08886793844096,80.23074995755206,11.24316917422112,180.94730326504617,44.73163344169289,282.3050804685913,5.37,0.32,-5.69,-0.29,-4.95,-1.76,gem,slab_interface
14682459,2010-05-05T15:24:08,-73.113,-35.581,16.2,5.39,mw,19.0,14.0,106.0,182.0,76.0,86.0,44.76784551104532,87.24702348353321,4.285397565723401,181.50970899922808,44.91222575465123,275.7939724032112,0.69,0.03,-0.72,-0.04,-1.38,-0.14,gem,forearc
14686980,2010-05-09T03:29:37,-72.145,-33.975,23.2,5.04,mw,14.0,22.0,112.0,170.0,70.0,81.0,43.41416175471028,66.32166799394656,10.570618592207024,166.4911021523037,44.656850955498655,267.11679986023603,2.97,0.17,-3.14,0.81,-3.37,-0.1,gem,slab_interface
14711335,2010-05-13T20:39:14,-72.146,-34.267,33.7,5.17,mw,11.0,27.0,117.0,161.0,67.0,77.0,40.62360899904647,47.822152454786135,17.29967290373917,153.31840758413648,44.292732879810046,261.0081826515058,3.68,3.16,-6.83,1.17,-4.53,1.42,gem,intra_slab
14759667,2010-05-21T18:52:09,-71.844,-34.635,20.0,5.33,mw,25.0,38.0,-91.0,206.0,52.0,-90.0,44.998321240856434,295.7124050620658,2.5393676713380438,28.254121397224598,44.88920654942637,120.7861688706522,-1.13,0.17,0.95,0.13,0.25,0.49,gem,forearc
14723061,2010-05-24T23:57:34,-73.413,-36.324,20.6,5.25,mw,19.0,19.0,111.0,177.0,73.0,83.0,44.08275659860066,76.25019193808515,8.197010933154194,174.2696331583818,44.752358623779415,272.4800624613113,0.49,0.1,-0.59,0.06,-0.77,-0.08,gem,slab_interface
14723291,2010-05-25T13:09:26,-73.11,-37.651,47.6,5.32,mw,158.0,64.0,86.0,348.0,26.0,99.0,44.473524894555005,239.40454444861552,5.821685450541439,335.14958662101674,44.93695091798258,70.98864902989203,0.88,-0.02,-0.85,0.29,-0.66,0.28,gem,intra_slab
14734798,2010-06-01T16:05:30,-73.572,-36.868,22.0,5.12,mw,184.0,70.0,93.0,355.0,21.0,81.0,44.80650413278438,279.00051159425425,3.677345872798513,185.34040755629545,44.957799627816506,91.66089580748417,3.81,0.39,-4.2,-0.43,-4.59,0.02,gem,slab_interface
14767863,2010-06-12T03:51:55,-71.057,-28.361,44.6,5.19,mw,10.0,61.0,43.0,256.0,54.0,143.0,6.985391803796848,46.64184324337202,51.63820417098806,145.54709661895083,37.48780959121256,311.24946292309204,3.84,-1.95,-1.89,-4.23,4.7,-3.71,gem,intra_slab
15107686,2010-06-24T13:24:06,-73.848,-36.985,20.1,5.01,mw,12.0,24.0,102.0,178.0,66.0,85.0,44.24973709201517,78.87467144083575,7.0733915162492975,175.8173993335217,44.88136583741276,272.91570963186086,3.19,-0.37,-2.82,0.3,-2.78,-0.26,gem,slab_interface
14789532,2010-06-27T07:15:47,-73.67,-36.957,14.8,4.98,mw,6.0,22.0,92.0,184.0,68.0,89.0,44.98398620227108,92.3824437484664,1.0407837567677205,183.4228174799811,44.99710993175575,274.4636679731145,2.53,-0.0,-2.53,-0.16,-2.63,-0.22,gem,forearc
14788677,2010-06-28T00:59:46,-75.147,-37.872,20.0,5.61,mw,41.0,39.0,-59.0,184.0,57.0,-113.0,43.3620410433405,289.3187060426288,36.49288977370529,155.00095286023566,24.71990343051033,45.089521704746346,-2.53,-0.29,2.82,-0.34,1.2,1.43,gem,outer_rise
14834788,2010-06-29T01:40:01,-73.501,-37.854,20.0,5.53,mw,110.0,69.0,73.0,330.0,27.0,126.0,39.0298804109163,173.67313176221307,20.805225171919304,281.6131296195095,43.698030378396346,32.90266208558933,1.56,-0.98,-0.57,1.67,-0.37,1.04,gem,forearc
14835223,2010-07-03T00:05:06,-71.726,-34.792,45.0,5.12,mw,43.0,39.0,124.0,183.0,58.0,66.0,24.54117151470686,44.53274721483575,36.97010669094425,154.6349122060417,43.03935437707892,289.2954733781866,4.86,-0.48,-4.39,1.31,-2.5,-2.13,gem,slab_interface
14986683,2010-07-09T22:57:18,-75.488,-45.97,15.0,5.27,mw,79.0,59.0,-176.0,347.0,86.0,-31.0,23.234767421677077,37.16269757948544,58.94869606805562,172.64711280058873,19.408618713341788,298.46276354176314,-0.02,0.37,-0.35,0.01,-0.54,-0.77,gem,unclassified
15003174,2010-07-14T08:32:21,-73.478,-38.128,25.0,6.63,mw,7.0,9.0,97.0,180.0,81.0,89.0,44.984981248934,88.58587234379581,1.1477096872756924,179.73321062754087,44.99203169320355,270.88083135173133,0.32,0.01,-0.32,0.01,-1.03,-0.02,gem,slab_interface
17177868,2010-07-14T15:05:48,-73.324,-38.265,25.0,5.76,mw,175.0,76.0,91.0,353.0,14.0,88.0,44.98451738426159,266.37251963118774,1.098892148228206,175.27401922881347,44.99440923213641,84.17513941251048,2.4,0.18,-2.59,0.38,-4.77,0.28,gem,forearc
14991716,2010-07-15T00:36:03,-72.204,-34.183,23.4,5.4,mw,18.0,24.0,121.0,164.0,70.0,77.0,41.52820402280559,54.1546081439522,15.768621303061735,158.63665798420152,44.23192892948416,264.59324577214466,0.83,0.45,-1.28,0.32,-1.14,0.09,gem,slab_interface
15075818,2010-08-05T06:01:47,-73.451,-37.51,20.0,5.9,mw,6.0,13.0,97.0,179.0,78.0,88.0,44.961885610972445,86.67469404273788,1.7448023258769836,178.417984348765,44.984997127690434,270.1626820469472,3.63,0.15,-3.78,0.21,-7.94,-0.16,gem,forearc
15175151,2010-08-05T06:27:15,-73.476,-37.501,22.6,5.43,mw,180.0,60.0,92.0,355.0,30.0,86.0,44.80543428140372,275.4420255757085,3.4591890662681943,182.0,44.98597194390965,88.53618780127192,1.54,-0.15,-1.39,-0.04,-0.86,0.06,gem,slab_interface
15084816,2010-08-15T07:50:37,-71.283,-36.847,16.2,5.24,mw,25.0,82.0,-148.0,290.0,58.0,-9.0,26.010556772066632,333.5556782562396,58.09217065080795,191.95480697148736,17.160608096713574,72.22210167162814,-0.18,0.61,-0.42,-0.15,-0.42,0.55,gem,crustal_intraarc_shallow
15163938,2010-09-06T03:20:48,-73.7,-37.331,27.2,4.98,mw,19.0,28.0,114.0,173.0,65.0,78.0,40.6785448881804,58.655101489648416,17.00316214785046,163.89271415495432,44.40556088413893,271.3209400098291,2.21,1.45,-3.66,0.25,-2.33,-0.23,gem,intra_slab
15173297,2010-09-09T07:28:01,-73.657,-37.09,20.0,6.18,mw,11.0,14.0,99.0,182.0,76.0,88.0,44.92349430214371,88.68260020438044,2.4481065179276302,181.1264054466793,44.97196772369568,273.5743517346785,1.08,0.04,-1.12,-0.05,-2.03,-0.13,gem,slab_interface
15182557,2010-09-12T21:08:45,-71.925,-29.422,47.2,5.2,mw,72.0,64.0,179.0,162.0,89.0,26.0,17.515279204203704,30.29004690138737,63.99321816141919,160.5957088997534,18.59530950394028,294.19490968383656,2.73,3.23,-5.97,-0.97,-3.86,-5.42,gem,intra_slab
15188703,2010-09-13T16:44:47,-70.327,-31.782,97.7,5.09,mw,165.0,76.0,158.0,260.0,68.0,15.0,5.433016523151551,301.50632270205057,66.04807948467135,199.143460054797,23.25190914964368,33.84841945066523,1.04,-2.59,1.55,-0.68,-2.05,4.49,gem,slab_deep
15185585,2010-09-14T03:23:35,-73.707,-37.258,12.5,5.24,mw,186.0,71.0,92.0,359.0,19.0,83.0,44.91891618560797,279.2209804144303,2.3990828678242235,186.82658225961544,44.98068825210257,94.42701257936191,0.56,0.02,-0.57,-0.09,-0.71,-0.03,gem,forearc
15185586,2010-09-14T03:37:12,-73.937,-37.338,16.0,5.09,mw,187.0,72.0,95.0,352.0,19.0,76.0,44.52505476167808,284.71658563738487,5.868918614406899,188.913980670086,44.875857891227625,93.03962960315216,3.34,-0.15,-3.19,-0.66,-4.34,0.07,gem,slab_interface
15192878,2010-09-17T06:52:41,-73.684,-37.541,22.7,5.1,mw,181.0,75.0,95.0,341.0,16.0,71.0,44.59545470550284,278.0169799357809,5.5714378678235255,182.49775602126644,44.86447051311187,86.9262936576016,2.92,-0.12,-2.8,-0.26,-4.79,0.46,gem,slab_interface
15198309,2010-09-20T03:25:30,-66.638,-27.999,170.7,5.13,mw,86.0,51.0,171.0,182.0,83.0,40.0,22.961820211956827,51.504760780252695,50.96168454459278,173.00465844749397,29.635207675057227,307.55723671488425,-0.44,-0.76,1.2,3.17,-4.37,-4.33,gem,slab_deep
15195444,2010-09-20T05:42:56,-72.153,-33.712,31.3,5.09,mw,182.0,69.0,95.0,348.0,22.0,78.0,44.43110684558916,280.5958025343486,6.2665707935686825,184.41586486950095,44.88619483610814,88.13656840474238,3.71,-0.05,-3.66,-0.28,-4.07,0.33,gem,intra_slab
15208116,2010-09-23T16:36:18,-71.854,-35.0,53.3,5.37,mw,19.0,30.0,113.0,173.0,63.0,78.0,39.576540046160886,56.25573532357009,18.88027639898649,162.67622998136972,44.39154340575206,272.2368751969504,1.05,0.13,-1.18,0.2,-0.77,-0.13,gem,slab_interface
15211719,2010-09-26T05:29:50,-72.972,-40.502,60.8,5.04,mw,126.0,43.0,103.0,289.0,48.0,78.0,16.40419290072406,133.74907440373983,40.75672320065247,238.44727773512483,44.65806817459377,26.83707800687409,3.86,-3.8,-0.06,-0.57,-0.18,2.61,gem,slab_interface
15214221,2010-09-29T16:29:49,-71.777,-34.804,45.0,5.06,mw,62.0,42.0,134.0,190.0,61.0,58.0,20.30529367586795,51.03743492800231,41.701109502784185,160.2871120253959,41.382181715965686,302.0107326999186,3.32,-0.63,-2.69,0.6,-2.2,-2.83,gem,slab_interface
15214879,2010-09-30T00:26:19,-73.457,-36.411,20.0,5.58,mw,9.0,17.0,98.0,180.0,73.0,87.0,44.893708742500095,86.99765754349107,2.800959898732992,179.79157663149113,44.96947240297464,272.59290035521946,1.65,0.0,-1.65,0.03,-2.41,-0.13,gem,slab_interface
15259406,2010-10-21T02:49:56,-73.77,-34.754,15.0,5.91,mw,2.0,45.0,-136.0,237.0,60.0,-54.0,40.60913197722794,302.9763111656098,44.99999999999999,92.0,16.038822854808757,198.7070771911018,-0.58,-0.04,0.62,0.28,0.12,0.64,gem,outer_rise
15262013,2010-10-23T01:38:15,-71.164,-29.57,50.6,5.58,mw,9.0,33.0,82.0,199.0,57.0,95.0,43.27262922074074,124.9587237972089,10.245813622791896,25.160962197166555,44.91358181612184,284.77899541609315,2.3,0.52,-2.82,-0.44,-1.1,-0.91,gem,intra_slab
15793289,2010-10-23T05:58:28,-73.508,-37.856,20.0,5.53,mw,31.0,16.0,123.0,177.0,76.0,81.0,43.83757510174679,75.24895707268138,9.647289600800844,174.64310851944344,44.552999372130415,274.2771518762852,1.08,0.12,-1.2,0.19,-2.15,-0.31,gem,forearc
15262062,2010-10-23T10:56:58,-73.65,-36.805,27.5,5.07,mw,31.0,29.0,110.0,188.0,63.0,79.0,41.10978322560099,75.58185251218174,15.931012757241335,180.00572624002763,44.56164051654993,286.3320780239226,3.89,-0.18,-3.71,-0.06,-2.97,-1.42,gem,intra_slab
15271161,2010-10-29T14:11:51,-71.836,-29.421,30.4,5.21,mw,192.0,72.0,116.0,313.0,31.0,36.0,34.18865951159727,315.06674565517443,29.40847720417732,202.55306991110652,41.73470847592348,82.36626324410076,4.29,1.16,-5.44,-2.33,-5.66,2.38,gem,intra_slab
15272658,2010-10-31T07:10:39,-72.186,-33.735,26.3,5.27,mw,4.0,20.0,94.0,180.0,70.0,89.0,44.95454944484319,87.31756196549236,1.781690129194465,179.09728742238576,44.99006431597229,270.8792212910027,0.62,0.04,-0.66,0.01,-0.77,-0.02,gem,intra_slab
15620249,2010-11-10T01:23:31,-73.417,-36.401,21.9,5.02,mw,181.0,57.0,91.0,359.0,33.0,88.0,44.929123816145605,274.3958819424566,2.060707200678454,182.33893809730557,44.99679240982235,90.27712774089798,3.96,-0.08,-3.88,-0.09,-1.75,-0.02,gem,slab_interface
15674988,2010-11-28T08:19:46,-71.985,-34.604,33.0,5.16,mw,40.0,24.0,-70.0,198.0,68.0,-99.0,44.67355463298149,294.87273095545373,11.20680669137634,193.57636998391047,43.16098402739372,92.8684995953463,-4.31,0.27,4.04,1.25,4.62,2.61,gem,slab_interface
15793752,2010-12-13T18:51:02,-73.296,-34.01,12.6,5.19,mw,38.0,28.0,-89.0,217.0,62.0,-90.0,44.99894845173556,307.2605893307564,0.8392585887993457,216.42127150304464,44.98875911367929,125.58225216796336,-6.21,2.17,4.04,2.63,3.57,3.34,gem,outer_rise
601988664,2011-01-02T20:20:18,-73.377,-38.382,25.0,7.14,mw,5.0,13.0,97.0,178.0,77.0,88.0,44.96188561097245,85.67469404273788,1.7448023258769845,177.417984348765,44.984997127690434,269.1626820469472,2.84,-0.05,-2.79,0.27,-5.66,-0.06,gem,forearc
15905612,2011-01-04T22:59:10,-69.725,-29.119,122.8,5.31,mw,7.0,35.0,127.0,144.0,62.0,67.0,30.738308267500067,14.630698090329474,31.48641500313992,125.98997574640116,43.04843913607949,250.8875204585108,0.9,-0.01,-0.88,0.58,-0.32,0.21,gem,slab_deep
15908759,2011-01-07T09:42:18,-73.357,-35.782,12.3,5.38,mw,22.0,21.0,107.0,184.0,70.0,83.0,44.12651167058207,83.31768807884748,7.836431775883348,180.98940985458967,44.80821729929178,278.8470673877871,0.87,0.07,-0.94,-0.03,-1.09,-0.22,gem,forearc
15909683,2011-01-07T14:05:37,-73.311,-35.837,15.0,5.14,mw,26.0,37.0,90.0,206.0,53.0,90.0,45.00000000000001,116.00000000000044,2.321469922439332e-13,26.000000000000227,45.000000000000014,296.0,6.92,-2.43,-4.49,-0.8,-1.51,-1.33,gem,forearc
15914934,2011-01-10T06:02:50,-73.308,-35.711,20.0,5.91,mw,22.0,14.0,105.0,187.0,76.0,86.0,44.79449191578267,91.5829970863076,4.028497089726487,185.5925744113065,44.92272687082843,279.6201696692278,4.17,-0.07,-4.1,-0.86,-7.92,-1.1,gem,slab_interface
15917538,2011-01-11T01:05:25,-73.436,-35.728,18.4,5.0,mw,29.0,23.0,95.0,204.0,67.0,88.0,44.88276808299415,109.59659256670096,2.7985719235173967,202.38705726031245,44.98064598959032,295.18707974344704,2.78,-0.6,-2.18,-1.07,-2.51,-1.08,gem,slab_interface
15917547,2011-01-11T05:33:30,-72.538,-35.894,20.0,5.1,mw,138.0,15.0,60.0,349.0,77.0,98.0,44.15371831164716,268.87635961646373,8.254304690410558,170.77953253785495,44.66520038289821,72.53580656114559,1.97,0.47,-2.44,-0.94,4.85,1.4,gem,forearc
15933577,2011-01-17T23:29:51,-71.211,-30.322,67.5,5.03,mw,223.0,19.0,-34.0,345.0,79.0,-106.0,43.44671888543145,88.85963986508659,16.70727849822611,342.3423656558795,41.810668471069,236.7692291890039,-1.2,-1.11,2.32,0.89,-3.71,0.47,gem,intra_slab
15954510,2011-01-21T15:36:11,-72.196,-33.998,27.6,4.97,mw,190.0,66.0,99.0,347.0,25.0,69.0,42.79830865202258,296.9955447588631,12.147168020183509,195.4992200056988,44.6625729264746,93.21728945607384,2.54,0.01,-2.55,-0.66,-2.24,0.07,gem,intra_slab
16007307,2011-02-05T16:11:38,-73.527,-37.705,20.0,5.69,mw,9.0,17.0,98.0,180.0,73.0,88.0,44.893708742500095,86.99765754349107,2.800959898732992,179.79157663149113,44.96947240297464,272.59290035521946,2.31,-0.02,-2.29,0.03,-3.46,-0.18,gem,forearc
16328776,2011-02-08T13:03:29,-69.68,-27.628,93.4,5.38,mw,199.0,82.0,-44.0,296.0,47.0,-169.0,32.39674958087422,75.50344380253398,46.53273943514175,207.52660987477375,25.563537659205487,327.8340494464379,-0.31,-0.62,0.93,0.36,0.89,-0.72,gem,slab_deep
16020158,2011-02-10T02:12:25,-70.295,-27.561,66.6,5.23,mw,244.0,71.0,158.0,341.0,70.0,21.0,1.322483072040206,22.38734623271523,64.28430566920349,289.6398138898333,25.676638438997976,113.0232763571517,0.27,0.42,-0.69,-0.28,0.1,-0.55,gem,intra_slab
602064448,2011-02-11T20:05:30,-73.171,-36.489,20.0,6.85,mw,15.0,13.0,104.0,180.0,77.0,87.0,44.85235548973649,86.43894675562592,3.4473498855855502,179.87477884864506,44.94047519855817,273.3212085263234,1.0,-0.03,-0.96,0.03,-2.09,-0.13,gem,forearc
16021297,2011-02-11T23:39:21,-73.484,-37.247,20.0,5.99,mw,11.0,16.0,98.0,183.0,74.0,88.0,44.91129072192464,89.37114815101143,2.5828937861597643,181.948671228542,44.9723511312841,274.5316976616758,0.63,-0.03,-0.59,-0.03,-1.01,-0.07,gem,forearc
16021304,2011-02-12T01:17:01,-73.399,-37.171,20.0,6.0,mw,12.0,15.0,98.0,183.0,75.0,88.0,44.92637588468766,90.71914342836033,2.376131935616169,183.09121383237397,44.97513916948911,275.46732764021885,0.61,0.01,-0.62,-0.05,-1.06,-0.08,gem,forearc
16022457,2011-02-13T08:51:33,-73.432,-36.627,20.0,5.9,mw,13.0,11.0,101.0,182.0,79.0,88.0,44.93994050889956,89.1304257282801,2.243772154498767,181.37121529968832,44.97223551565381,273.61453365106007,3.28,-0.0,-3.28,-0.15,-8.14,-0.41,gem,slab_interface
16022458,2011-02-13T10:35:06,-73.391,-36.72,20.0,5.94,mw,12.0,18.0,97.0,184.0,72.0,88.0,44.90247138868697,91.13505599447352,2.65767453601273,183.78654565794727,44.97434011943802,276.444700236445,0.57,0.0,-0.58,-0.05,-0.8,-0.08,gem,forearc
601516583,2011-02-13T13:44:36,-73.473,-36.608,20.0,5.63,mw,9.0,15.0,95.0,184.0,75.0,89.0,44.9709559149795,91.93699768603068,1.4906789038746775,183.4266699832581,44.990269456748784,274.9173471380615,1.72,-0.0,-1.71,-0.17,-2.99,-0.18,gem,slab_interface
602035966,2011-02-14T03:40:09,-73.128,-35.471,20.0,6.63,mw,25.0,17.0,105.0,189.0,74.0,86.0,44.64326945549641,92.70897629257443,5.158790125558367,187.8245310293687,44.89348840274842,282.98508502900336,0.56,-0.02,-0.53,-0.13,-0.91,-0.17,gem,slab_interface
16026120,2011-02-14T10:21:25,-73.151,-35.436,24.5,5.21,mw,13.0,18.0,107.0,175.0,73.0,85.0,44.46595227273143,77.03881205152055,6.271431049160503,173.2311582898947,44.850300386336336,269.5074831186194,4.52,-0.25,-4.27,0.81,-6.55,-0.37,gem,intra_slab
16026123,2011-02-14T12:18:29,-72.078,-35.569,35.0,5.22,mw,211.0,21.0,-33.0,331.0,79.0,-108.0,43.10198870342177,76.94599742671596,18.8292176968253,328.33619422221136,40.91448637262057,221.1467692134623,-2.81,-1.74,4.54,3.79,-6.42,-0.16,gem,forearc
16168873,2011-02-18T17:01:01,-72.158,-33.992,27.3,5.26,mw,14.0,20.0,105.0,178.0,71.0,85.0,44.40782699934026,79.41316697287834,6.48390113588513,175.80490851265063,44.86150378179882,272.2991225266742,0.58,0.03,-0.6,0.05,-0.74,-0.06,gem,slab_interface
16056977,2011-02-19T06:26:33,-72.24,-34.043,20.8,5.24,mw,176.0,69.0,89.0,360.0,21.0,94.0,44.9770217763292,264.2622981700724,1.2561381525824709,355.517730776253,44.99544337857862,86.77397105892959,0.55,0.06,-0.61,0.06,-0.67,0.03,gem,slab_interface
16168884,2011-02-21T05:38:47,-72.552,-45.845,15.0,5.03,mw,18.0,79.0,-121.0,271.0,32.0,-20.0,39.42202999117739,312.2155112921001,32.26562132183796,190.95095305006447,33.9414370831967,75.80648622314033,-1.51,1.94,-0.43,0.09,-3.72,1.59,gem,crustal_intraarc_shallow
16153246,2011-02-24T04:36:51,-73.358,-36.084,20.5,5.1,mw,24.0,27.0,139.0,152.0,73.0,69.0,37.75577607957518,33.81484581780427,23.84568003903138,143.8324168542482,42.80080062210385,257.99409118996215,3.06,0.63,-3.69,2.67,-3.35,-0.02,gem,slab_interface
16160700,2011-02-28T01:29:25,-73.437,-37.288,25.0,5.82,mw,6.0,16.0,97.0,179.0,74.0,88.0,44.931805131743175,85.81674908745771,2.263560113165864,178.07668882766632,44.97881580501441,270.3403420686114,3.43,0.13,-3.56,0.17,-5.62,-0.16,gem,slab_interface
16176485,2011-03-03T07:58:56,-73.465,-37.287,22.6,5.2,mw,1.0,22.0,97.0,173.0,68.0,87.0,44.80771438949417,78.41015061108004,3.613761334769965,172.00686653538207,44.96465895865391,265.6233671679224,5.46,-0.25,-5.21,0.82,-5.52,0.21,gem,slab_interface
16295222,2011-03-09T13:24:06,-69.138,-27.576,103.1,5.16,mw,15.0,30.0,-65.0,166.0,63.0,-104.0,44.28325595147172,266.7931839910956,19.938955976546136,156.0732800101639,39.00997354801178,48.98377894927592,-5.34,-0.39,5.73,-1.67,3.69,0.03,gem,slab_deep
16329748,2011-03-16T22:36:17,-71.646,-32.581,35.0,5.5,mw,15.0,28.0,105.0,179.0,63.0,83.0,42.87485621505361,70.97751068238915,11.704823588030656,172.06759700371902,44.7651201483233,273.9255562059812,1.69,0.13,-1.82,0.13,-1.29,-0.23,gem,slab_interface
16331280,2011-03-17T11:14:25,-71.698,-32.625,35.0,5.21,mw,6.0,28.0,101.0,174.0,62.0,84.0,43.76497049330023,70.34408855509213,8.86721746784613,168.93768962707475,44.873258298022535,267.87310308399987,0.62,0.07,-0.69,0.08,-0.45,0.01,gem,slab_interface
16364045,2011-03-28T06:10:41,-71.773,-34.937,45.0,5.17,mw,29.0,32.0,119.0,176.0,62.0,73.0,36.01338957878815,52.59922574859701,24.56010858073168,162.00089763680626,43.94111960831949,278.13075795414966,5.66,-0.21,-5.45,1.42,-3.62,-1.29,gem,forearc
16375928,2011-03-28T23:57:53,-72.036,-33.798,32.8,5.06,mw,2.0,33.0,96.0,175.0,57.0,86.0,43.9845849441744,72.1431269889261,7.831683391101166,169.77197698063367,44.9513505403451,267.6643665233488,4.27,0.12,-4.39,0.32,-1.98,0.14,gem,intra_slab
16506185,2011-04-04T07:54:33,-76.674,-45.617,10.3,5.33,mw,174.0,32.0,-79.0,341.0,59.0,-97.0,44.844393585474144,76.02729983918363,12.404031668545512,333.3918728706493,42.5087951325165,231.76144048097436,-1.12,0.11,1.01,0.28,-0.52,-0.2,gem,outer_rise
16416189,2011-04-10T20:24:24,-73.409,-36.111,18.0,5.24,mw,184.0,75.0,92.0,357.0,15.0,83.0,44.93492946013407,276.8249310866204,2.2303678155708546,184.59793815842835,44.97829221562635,92.36757009159987,0.45,0.01,-0.45,-0.06,-0.77,-0.01,gem,slab_interface
16505360,2011-04-13T15:14:42,-72.027,-33.817,31.2,5.43,mw,9.0,23.0,100.0,178.0,67.0,86.0,44.54768952925772,80.39342076894093,5.516461194435944,175.84854420377724,44.92280357618401,271.3757924625305,1.15,0.12,-1.27,0.07,-1.18,-0.08,gem,intra_slab
16445792,2011-04-19T00:57:28,-72.383,-33.44,21.3,5.06,mw,191.0,62.0,97.0,355.0,29.0,76.0,43.126128734482656,297.2920506448148,10.915539170730236,196.88549173592608,44.81802928456127,95.83757788869076,4.06,-0.01,-4.05,-0.81,-2.53,-0.21,gem,intra_slab
16446648,2011-04-19T05:50:46,-72.349,-33.944,21.4,5.15,mw,23.0,24.0,108.0,184.0,67.0,82.0,43.455848453415385,79.22824640809085,10.233871584230975,179.0777417902102,44.73483605537322,279.3820036116357,4.81,-0.36,-4.44,0.12,-4.58,-1.08,gem,slab_interface
16451682,2011-04-22T05:12:49,-73.762,-37.909,13.8,5.33,mw,182.0,71.0,91.0,359.0,19.0,88.0,44.979708059568026,273.612395542518,1.1997955409689112,182.41318671167733,44.99517143321325,91.21333031016876,0.74,-0.01,-0.73,-0.03,-0.97,-0.0,gem,forearc
16463269,2011-04-27T04:57:34,-72.221,-33.949,20.2,5.15,mw,17.0,21.0,103.0,183.0,70.0,85.0,44.46500576032568,84.80215024588301,6.10319653613977,180.8262746253772,44.88730020067907,276.94020265626034,4.23,-0.1,-4.13,-0.11,-4.97,-0.76,gem,slab_interface
16498411,2011-05-07T06:57:31,-72.363,-33.937,29.1,4.96,mw,17.0,25.0,93.0,194.0,65.0,89.0,44.94036352493767,100.80875753998248,1.9680940865034395,192.77391697640405,44.99205953188772,284.7426272048108,2.67,-0.28,-2.38,-0.5,-2.18,-0.62,gem,intra_slab
16529269,2011-05-19T17:05:11,-71.656,-34.755,45.1,5.17,mw,19.0,32.0,118.0,167.0,62.0,74.0,36.27572195293352,43.99444373207712,24.13416369812573,153.1918553322672,44.01123254341566,268.8394321167349,5.58,0.59,-6.17,1.74,-3.57,-0.34,gem,forearc
16722583,2011-06-01T12:55:21,-73.864,-37.595,15.0,6.35,mw,1.0,17.0,88.0,183.0,73.0,91.0,44.993238896439244,94.01160855047608,0.705007256330617,3.306714305098069,44.99808664000953,272.6017007626889,2.25,0.02,-2.27,-0.19,-3.4,-0.07,gem,slab_interface
16553283,2011-06-01T13:47:29,-73.73,-37.594,27.0,5.38,mw,9.0,23.0,77.0,202.0,68.0,95.0,44.25994973829677,122.96075089567164,7.078615784636393,26.010326810118443,44.86987922854696,288.9095552230819,1.06,-0.15,-0.9,-0.44,-0.9,-0.21,gem,intra_slab
16557046,2011-06-04T16:28:48,-72.188,-40.683,21.2,5.03,mw,65.0,77.0,-27.0,162.0,64.0,-165.0,25.52600424789107,295.3857257737129,62.36140550523607,91.16045909298435,9.890580592833786,200.6096401843539,-1.19,-1.95,3.14,-1.67,-0.13,2.84,gem,crustal_intraarc_shallow
16557343,2011-06-05T10:25:16,-71.915,-35.093,45.5,5.34,mw,24.0,31.0,118.0,172.0,63.0,74.0,37.30867335157277,51.250191624191984,22.710874259061644,159.8487910102541,44.05865999745821,273.7399586925567,0.98,0.05,-1.02,0.25,-0.69,-0.17,gem,slab_interface
16644203,2011-06-22T13:57:30,-66.675,-27.996,158.6,5.32,mw,94.0,78.0,133.0,196.0,44.0,17.0,25.347591263747955,223.5421708531964,44.324813828835794,105.9820391480098,34.97049396109095,332.8919956836489,0.31,-0.36,0.05,0.79,-0.33,-0.74,gem,slab_deep
16685765,2011-06-29T05:36:48,-72.229,-33.92,20.0,5.54,mw,13.0,18.0,100.0,183.0,72.0,87.0,44.80412904174294,87.53375988470509,3.773135519407264,181.28930074344453,44.947753682099055,275.063744559471,1.52,-0.09,-1.43,-0.05,-2.02,-0.2,gem,slab_interface
16785945,2011-07-13T02:01:56,-73.49,-36.262,21.0,5.03,mw,6.0,23.0,93.0,182.0,67.0,89.0,44.95746509048237,90.34471869513652,1.6844388039926044,182.0273849894368,44.9930283373968,273.71214203160105,3.27,-0.22,-3.05,-0.09,-3.02,-0.21,gem,slab_interface
16845236,2011-07-16T00:26:12,-72.072,-33.903,25.0,5.96,mw,14.0,21.0,108.0,174.0,70.0,83.0,44.03361202318244,73.73303286491978,8.254141792281576,171.79557970647895,44.78529838085584,270.07401498699613,0.67,0.02,-0.69,0.12,-0.8,-0.05,gem,slab_interface
16884001,2011-07-23T02:56:53,-69.959,-29.35,120.0,5.46,mw,36.0,53.0,107.0,189.0,40.0,68.0,23.762618336656825,178.65174492544963,36.38143589222573,69.72388399811217,44.1860731724664,293.9885815896933,1.75,-0.16,-1.59,0.56,0.2,-0.71,gem,slab_deep
16887034,2011-07-25T11:15:11,-73.642,-37.709,20.5,5.39,mw,3.0,15.0,95.0,178.0,75.0,89.0,44.97095591497948,85.93699768603062,1.49067890387468,177.4266699832582,44.99026945674883,268.9173471380615,0.79,-0.08,-0.7,0.05,-1.28,-0.01,gem,slab_interface
16910195,2011-07-28T16:05:56,-73.295,-35.861,12.6,5.19,mw,24.0,19.0,103.0,191.0,71.0,86.0,44.61595901243612,93.31275857903512,5.251978751974418,188.5165131974209,44.90395707698066,283.772994494174,4.39,-0.1,-4.29,-0.96,-5.88,-1.41,gem,forearc
16910215,2011-07-28T19:50:17,-73.307,-35.797,20.0,5.64,mw,194.0,75.0,98.0,344.0,17.0,61.0,43.97433038014388,295.09611994384693,8.901064033897969,196.40511345314457,44.653724911759504,97.50379334338533,1.61,0.43,-2.04,-0.83,-2.94,-0.08,gem,slab_interface
16918148,2011-07-31T17:36:29,-66.681,-27.831,164.5,5.43,mw,188.0,47.0,-25.0,296.0,72.0,-134.0,35.99892832202406,56.36596963059321,46.9675305811418,275.26934157344374,20.28670575597588,161.94421208055746,-0.74,-0.3,1.04,1.02,-0.16,-1.03,gem,slab_deep
16919419,2011-08-06T13:22:34,-73.329,-35.902,15.0,5.48,mw,49.0,9.0,131.0,188.0,83.0,84.0,44.606463379699285,90.91621795569893,6.05831269278911,186.9252538698539,44.755314210286855,282.9657114098877,0.48,-0.08,-0.4,-0.24,-1.96,-0.27,gem,forearc
17030716,2011-08-28T04:30:33,-72.284,-33.259,19.7,5.36,mw,7.0,23.0,90.0,187.0,67.0,90.0,45.00000000000001,97.0,1.267910777735878e-14,7.0,44.99999999999999,277.0,0.95,-0.01,-0.93,-0.12,-0.94,-0.12,gem,slab_interface
17197881,2011-09-03T16:20:53,-73.651,-38.167,20.0,5.81,mw,4.0,16.0,93.0,181.0,74.0,89.0,44.98733730217763,89.62651931826338,0.9741575440632634,180.6003870985464,44.9961014168066,271.57455288393714,3.38,0.1,-3.48,-0.04,-5.47,-0.15,gem,forearc
17215018,2011-09-07T11:21:49,-72.4,-33.382,18.9,5.17,mw,171.0,66.0,95.0,338.0,24.0,78.0,44.30056961271811,270.72855324403093,6.801949817937828,174.04416296554837,44.895643959506216,77.21879527245744,5.12,-0.31,-4.81,0.48,-4.64,1.36,gem,slab_interface
17218166,2011-09-10T03:17:08,-72.293,-34.208,28.6,5.0,mw,27.0,25.0,112.0,184.0,67.0,80.0,42.51869165276821,75.11294501953489,12.99704167916576,177.3314493126818,44.58015172603997,280.47877185323625,2.75,-0.06,-2.69,0.08,-2.72,-0.78,gem,intra_slab
17224590,2011-09-14T07:03:52,-71.714,-32.691,30.0,5.86,mw,185.0,74.0,92.0,359.0,16.0,84.0,44.93146000570726,277.9132297889057,2.2665900916707424,185.65028746195824,44.97892161123463,93.38359099795127,3.82,0.45,-4.26,-0.6,-6.39,-0.2,gem,slab_interface
17286481,2011-09-28T22:40:14,-74.041,-37.981,25.0,5.49,mw,6.0,15.0,82.0,194.0,75.0,92.0,44.92637588468766,107.28085657163967,2.376131935616168,14.90878616762609,44.97513916948911,282.53267235978115,1.03,0.03,-1.06,-0.44,-1.74,-0.2,gem,intra_slab
17309835,2011-09-29T15:40:52,-74.024,-37.995,25.0,5.25,mw,3.0,22.0,87.0,187.0,68.0,91.0,44.96404941674079,98.42288109117209,1.559781669334474,6.864478485887673,44.99349861803333,275.304472667666,0.59,0.06,-0.65,-0.08,-0.66,-0.07,gem,intra_slab
600015354,2011-10-19T20:45:10,-77.475,-45.712,10.0,5.17,mw,69.0,70.0,-159.0,331.0,70.0,-22.0,25.639624625853937,20.310979867544404,64.35905320287111,199.68778651861987,0.2431165687146467,290.194290344474,-1.22,5.32,-4.1,-1.09,-3.19,-3.91,gem,outer_rise
17523184,2011-11-08T17:18:13,-72.192,-34.199,28.9,5.29,mw,6.0,22.0,108.0,166.0,69.0,83.0,43.86841996788332,64.64757548005673,8.870714727077821,163.27601110268267,44.76882953209869,262.18224364153497,0.66,0.08,-0.74,0.22,-0.77,0.07,gem,slab_interface
17528456,2011-11-11T08:08:47,-72.99,-38.028,32.5,5.22,mw,181.0,71.0,95.0,346.0,20.0,76.0,44.49685409903891,278.98672879940784,5.988845894151596,183.070118249723,44.87941149816856,87.0736736570143,5.31,-0.27,-5.05,-0.38,-6.57,0.6,gem,forearc
17552077,2011-11-22T07:41:32,-71.751,-34.801,42.4,5.12,mw,43.0,31.0,129.0,179.0,66.0,69.0,35.2208653265701,56.50168484049931,26.459973598538504,167.0726381195013,43.21395425685899,284.95181807817846,3.91,0.56,-4.47,0.64,-3.68,-2.0,gem,forearc
17594931,2011-11-25T17:35:43,-75.041,-38.023,15.0,5.01,mw,184.0,52.0,-60.0,321.0,47.0,-122.0,42.58050601034833,73.27100572452906,46.61759102991393,239.76068144905383,6.785648753951028,336.99367305678214,-3.51,0.14,3.38,1.56,0.79,-1.15,gem,outer_rise
600018366,2011-12-07T22:23:09,-71.195,-27.898,20.0,6.08,mw,17.0,25.0,109.0,176.0,67.0,81.0,43.0312403536777,70.14414449778855,11.511176637652792,171.10390204829127,44.68546675316168,272.7245923409006,1.12,0.12,-1.24,0.16,-1.09,-0.13,gem,slab_interface
600053895,2011-12-16T12:02:57,-76.358,-45.811,15.0,5.43,mw,75.0,75.0,178.0,165.0,89.0,15.0,9.240745129530474,31.24447849026893,74.90259171334944,158.33537184648458,11.833482448311065,299.2910074873341,-0.05,0.87,-0.81,0.18,-0.41,-1.44,gem,outer_rise
600053896,2011-12-16T12:54:25,-76.378,-45.885,15.0,5.74,mw,76.0,71.0,177.0,167.0,87.0,19.0,11.445969574692317,33.08473821254256,70.85878838202039,158.77071497073894,15.13120766028272,299.9462797207965,-0.81,2.47,-1.65,1.17,-1.5,-4.23,gem,outer_rise
600091494,2011-12-22T15:06:32,-76.146,-45.891,10.0,5.05,mw,72.0,66.0,-177.0,341.0,87.0,-24.0,18.381347561742658,28.88986411678934,65.92106833898941,166.92768959186583,15.003786490216582,293.78024606316376,-0.45,2.78,-2.33,0.62,-1.75,-3.47,gem,outer_rise
600094053,2011-12-23T04:18:42,-79.416,-44.349,10.0,5.05,mw,164.0,76.0,-15.0,258.0,75.0,-166.0,19.221029859295808,30.919346851975437,70.774522275379,209.63899485248936,0.3980707742440421,300.7805577256978,-1.16,2.6,-1.44,0.53,1.01,-3.91,gem,outer_rise
600136597,2012-01-05T00:54:31,-76.34,-45.962,10.0,5.3,mw,75.0,69.0,-175.0,343.0,85.0,-22.0,17.592850642706033,30.916779964179,68.68773630656227,175.28301378374795,11.644773216155674,297.17007651208235,-0.08,0.58,-0.5,0.04,-0.4,-0.86,gem,outer_rise
600144299,2012-01-09T21:30:52,-71.731,-32.717,35.5,5.23,mw,11.0,23.0,100.0,180.0,68.0,86.0,44.54768952925772,82.39342076894098,5.516461194435946,177.84854420377724,44.92280357618401,273.3757924625305,0.58,0.06,-0.63,0.01,-0.61,-0.06,gem,intra_slab
603838824,2012-01-17T23:21:34,-71.737,-31.672,35.0,5.68,mw,178.0,61.0,91.0,355.0,29.0,87.0,44.95610987538854,270.56302476129974,1.6499782016348767,178.91488963880738,44.99638790738808,87.26443501830158,3.35,0.05,-3.41,0.03,-2.17,0.2,gem,intra_slab
600296032,2012-01-17T23:23:22,-71.951,-31.686,35.0,5.6,mw,7.0,40.0,91.0,185.0,50.0,89.0,44.76500727226637,88.93330992120735,3.686021733397991,182.5967669986731,44.998183427897445,276.2902057499473,3.66,-1.24,-2.42,0.01,-0.52,-0.12,gem,intra_slab
600206954,2012-01-18T11:35:50,-68.236,-31.756,13.7,5.06,mw,215.0,42.0,130.0,346.0,59.0,60.0,19.516290120405944,206.17041722872105,41.60553131822996,314.5159273333093,41.986423308403815,97.5688109034166,3.67,0.47,-4.14,-1.89,1.58,-0.93,gem,backarc
603838887,2012-01-23T16:04:53,-73.171,-36.444,25.0,6.12,mw,13.0,19.0,101.0,182.0,71.0,86.0,44.7205720001169,85.42939416129923,4.471974348966548,179.87142408763862,44.93109107873407,274.34628372498224,1.11,0.06,-1.17,-0.03,-1.5,-0.16,gem,slab_interface
600561750,2012-02-11T02:58:21,-73.344,-37.385,25.0,5.64,mw,3.0,22.0,93.0,180.0,68.0,89.0,44.96404941674079,87.57711890882791,1.5597816693344762,179.13552151411227,44.99349861803331,270.695527332334,2.43,-0.04,-2.39,0.02,-2.54,-0.07,gem,slab_interface
600668615,2012-02-17T08:01:18,-73.942,-37.256,17.0,5.14,mw,197.0,67.0,101.0,350.0,25.0,66.0,41.98714305031915,306.5629446657907,14.362084826951524,203.23964671486752,44.48196906545199,98.67558147889588,4.56,-0.02,-4.53,-1.78,-4.07,-0.2,gem,slab_interface
600760699,2012-03-03T11:01:45,-71.34,-30.437,33.9,5.25,mw,1.0,67.0,91.0,179.0,23.0,88.0,44.9736667069889,92.88660836966216,1.3249532536062751,1.562518597627104,44.99569947577101,270.2374099096157,0.65,0.03,-0.67,0.02,0.64,-0.0,gem,forearc
600760711,2012-03-03T22:12:57,-72.878,-35.737,31.2,5.14,mw,45.0,30.0,101.0,213.0,61.0,84.0,43.25924850658614,106.41001680149458,10.43798662330638,206.39282634397605,44.85906022318198,306.9557740937838,5.14,-1.85,-3.28,-1.56,-2.91,-3.1,gem,slab_interface
600791301,2012-03-16T23:31:56,-72.011,-33.543,32.7,5.07,mw,1.0,26.0,95.0,176.0,65.0,88.0,44.80548281934413,80.20268411702074,3.5359715106497243,173.72140474353557,44.9765724187896,267.2612295481316,3.57,0.55,-4.12,0.26,-3.11,0.12,gem,intra_slab
600819451,2012-03-24T07:28:33,-71.06,-33.045,68.1,5.13,mw,68.0,64.0,2.0,337.0,88.0,154.0,16.96790425185473,289.4777642231628,63.97287303652947,160.807751160399,19.128028515995148,25.55239860220604,0.45,-4.12,3.67,-1.06,2.41,3.87,gem,intra_slab
600841739,2012-03-25T22:37:06,-72.036,-35.253,30.0,7.12,mw,20.0,16.0,112.0,177.0,76.0,84.0,44.39949378203735,78.67973413217254,6.808547974829459,175.39395674273487,44.79519110558727,272.202011595845,2.92,-0.04,-2.88,0.41,-5.19,-0.47,gem,forearc
600847130,2012-04-03T02:11:06,-72.487,-33.879,14.4,5.13,mw,5.0,22.0,84.0,191.0,68.0,92.0,44.85791465406143,105.80884767317424,3.1046288703825957,12.715048571103353,44.97402193376379,279.60867277713703,4.26,-0.12,-4.14,-0.95,-4.25,-0.57,gem,slab_interface
600852623,2012-04-06T13:25:01,-75.051,-38.195,15.0,5.0,mw,27.0,52.0,-73.0,181.0,42.0,-110.0,44.21114289162618,285.01074914695414,38.166553112680376,64.8845931445752,21.296048715085103,172.72564487826617,-3.82,0.41,3.41,-1.16,-0.38,0.79,gem,outer_rise
600983887,2012-04-17T03:50:14,-71.527,-32.642,25.0,6.69,mw,2.0,24.0,95.0,176.0,66.0,88.0,44.86136613856444,82.17622298271647,3.0227165868801658,175.18852861916207,44.97931369399807,268.2132735157853,0.97,0.02,-0.99,0.09,-0.91,0.03,gem,forearc
600934780,2012-04-25T05:01:57,-79.828,-44.545,10.0,5.3,mw,169.0,75.0,-10.0,261.0,81.0,-165.0,16.81713712531851,34.74818255049075,72.71856582309829,228.4593281428222,3.864736890839816,125.91813290677244,-0.12,0.42,-0.3,0.23,0.2,-0.98,gem,outer_rise
600957622,2012-04-30T07:39:44,-71.645,-29.838,30.0,5.62,mw,214.0,65.0,131.0,330.0,47.0,35.0,16.532604052058108,352.16268616885066,46.77939194969637,243.74953397854716,38.52730099361638,95.83344671713638,1.87,1.28,-3.15,-1.58,-0.84,-0.17,gem,slab_interface
601033403,2012-05-24T19:18:54,-70.7,-36.989,147.3,5.41,mw,123.0,17.0,-146.0,360.0,81.0,-76.0,43.71739642149223,78.0659745790008,14.784477908998095,182.68332022903115,42.54815144940488,286.7025736692161,-0.49,-0.03,0.51,-0.05,-1.49,-0.39,gem,slab_deep
604029413,2012-06-07T04:05:05,-70.935,-36.067,15.0,6.0,mw,2.0,69.0,-173.0,269.0,84.0,-21.0,18.72478539526688,317.444780994829,68.39090681844567,106.2849663318234,10.397031349205031,223.8790662845823,-0.27,0.18,0.08,0.39,-0.02,1.15,gem,crustal_intraarc_shallow
601126721,2012-06-18T08:29:05,-68.723,-33.065,28.9,5.01,mw,166.0,25.0,82.0,355.0,65.0,94.0,44.58945742165661,272.3346253635441,5.179136469151745,177.20839517142315,44.94364459118562,82.01821714227435,3.05,-0.13,-2.92,-0.13,2.56,0.51,gem,backarc
601221107,2012-07-01T23:39:09,-71.125,-28.549,42.2,5.3,mw,23.0,34.0,123.0,165.0,62.0,70.0,32.6751098704423,37.029980789928,28.97195805914484,147.83016037387915,43.504466095242265,269.53171191756826,0.85,0.1,-0.95,0.32,-0.5,-0.07,gem,intra_slab
601237354,2012-07-04T08:33:07,-72.92,-38.019,38.3,5.11,mw,183.0,64.0,98.0,344.0,27.0,73.0,42.95758336767893,289.6728129000742,11.538579413606104,188.71454595679344,44.74821735013701,87.03912739446639,4.52,-0.3,-4.22,-0.59,-3.42,0.53,gem,forearc
601467953,2012-07-25T06:01:14,-66.693,-28.036,167.6,5.13,mw,185.0,45.0,-41.0,307.0,62.0,-127.0,40.048796474981685,62.19845244766509,44.99999999999999,275.0,17.051574802635102,167.13861328941243,-3.99,-0.58,4.58,3.1,-0.44,-2.98,gem,slab_deep
601521551,2012-08-07T00:39:04,-70.617,-27.847,62.1,5.31,mw,6.0,90.0,52.0,276.0,38.0,180.0,33.86291398096767,64.38099346253546,37.99999999999999,186.0,33.86291398096768,307.61900653746454,0.0,-0.14,0.13,0.1,0.9,-0.7,gem,intra_slab
601645642,2012-08-30T08:04:39,-73.684,-37.241,26.2,5.16,mw,183.0,73.0,93.0,352.0,17.0,79.0,44.83748817384142,277.504436325567,3.458902269766792,184.0588393490433,44.95395320108723,90.5991889910639,3.64,0.46,-4.1,-0.39,-5.64,0.14,gem,slab_interface
601670020,2012-09-01T10:38:38,-71.254,-27.29,22.2,5.1,mw,199.0,85.0,116.0,298.0,26.0,10.0,38.46977476914255,314.5292113252161,26.239290365417578,201.47160720342745,40.252455098758126,86.80623164506932,0.64,1.84,-2.47,-1.38,-4.78,1.42,gem,slab_interface
601703111,2012-09-11T06:35:38,-68.293,-31.824,119.6,4.98,mw,20.0,35.0,-77.0,184.0,56.0,-99.0,44.751028263216064,280.68694072582946,18.717654206830648,171.060098886947,39.31134329999091,64.9528079180692,-3.56,0.35,3.21,-0.29,1.43,0.65,gem,slab_deep
601874145,2012-10-11T17:22:10,-70.591,-32.881,85.0,5.61,mw,80.0,84.0,-6.0,170.0,84.0,-174.0,8.38617906059263,305.3130141452274,81.61378766479629,125.4755770954614,0.0234554497393876,35.31647196378515,-0.01,-1.11,1.11,-0.41,0.28,3.1,gem,slab_deep
601835751,2012-10-15T21:04:19,-72.16,-31.823,21.9,5.13,mw,183.0,62.0,97.0,348.0,28.0,77.0,43.126128734482656,289.2920506448148,10.915539170730248,188.8854917359261,44.81802928456128,87.8375778886907,5.12,-0.17,-4.95,-0.54,-3.47,0.43,gem,intra_slab
601884096,2012-11-12T05:07:13,-76.949,-45.579,15.0,5.24,mw,78.0,73.0,179.0,168.0,89.0,17.0,11.296998209817952,34.42825984113955,72.98039197805961,165.1664641369798,12.56111413440837,301.8771537759794,0.46,3.41,-3.87,0.48,-2.66,-7.83,gem,outer_rise
601885151,2012-11-12T10:55:13,-77.226,-45.689,10.0,5.12,mw,77.0,64.0,-179.0,346.0,89.0,-26.0,18.59530950394029,34.80509031616339,63.99321816141917,168.4042911002465,17.51527920420372,298.70995309861263,0.18,2.4,-2.58,0.35,-2.65,-4.78,gem,outer_rise
601890535,2012-11-13T04:31:27,-77.087,-45.703,15.0,6.03,mw,77.0,79.0,176.0,168.0,86.0,11.0,5.028782319826467,32.85234440766203,78.39864435915013,148.23274674138423,10.427537332824794,301.9244673182597,-0.03,0.6,-0.56,0.17,-0.26,-1.25,gem,outer_rise
601901485,2012-11-14T19:02:05,-71.382,-29.172,60.5,6.18,mw,4.0,79.0,-111.0,248.0,23.0,-28.0,42.36967713256185,291.17120615338325,22.0549353474082,179.4831874566562,39.51465067683746,69.96249346490896,-0.82,0.19,0.63,0.06,-2.06,0.86,gem,intra_slab
601992979,2012-11-19T16:45:51,-72.293,-33.98,20.9,5.08,mw,184.0,67.0,95.0,351.0,23.0,78.0,44.349303995663554,283.3166454683377,6.605020698710176,186.8172860588523,44.89258421739349,90.19293126907588,3.82,-0.05,-3.77,-0.47,-3.69,0.17,gem,slab_interface
601993233,2012-11-20T16:23:25,-72.336,-33.947,18.9,5.42,mw,16.0,20.0,100.0,185.0,71.0,87.0,44.724638393854825,89.42434248136772,4.400029349653208,183.79510608713383,44.93812079730064,278.19862695411854,1.0,0.07,-1.07,-0.1,-1.32,-0.21,gem,slab_interface
601993511,2012-11-21T18:16:39,-72.201,-33.992,27.9,5.24,mw,19.0,24.0,118.0,169.0,69.0,79.0,41.95633988314531,59.4229596836787,14.657581616416763,163.0230466582824,44.36922981079847,267.84745020878336,0.59,0.03,-0.62,0.19,-0.64,-0.05,gem,intra_slab
601993538,2012-11-21T21:36:21,-72.151,-33.974,15.0,5.88,mw,6.0,20.0,106.0,169.0,70.0,84.0,44.33362356581572,69.84455314354648,6.886341276870986,166.6209175657781,44.84262848486749,263.5193573243557,5.08,0.35,-5.43,1.4,-6.23,0.26,gem,forearc
601993548,2012-11-21T22:52:31,-72.095,-34.003,33.3,5.11,mw,11.0,32.0,101.0,177.0,58.0,83.0,42.5087951325165,68.76144048097433,12.404031668545528,170.3918728706493,44.84439358547414,273.0272998391837,5.19,0.07,-5.26,0.5,-2.62,-0.36,gem,intra_slab
601994445,2012-11-25T22:11:44,-77.927,-44.361,10.0,5.06,mw,80.0,79.0,-172.0,349.0,82.0,-11.0,13.04494998001221,34.48640057254579,76.75464571223436,204.32993268887,2.2557397293921277,303.9634802147157,-1.6,2.55,-0.95,-0.12,-0.66,-4.53,gem,outer_rise
601995950,2012-12-03T09:31:53,-70.401,-28.678,85.8,5.13,mw,88.0,33.0,-34.0,207.0,72.0,-118.0,41.12238494278972,318.72027737141934,31.68382503975831,196.11404308827028,32.6838041738684,82.78546393622912,-2.98,2.7,0.27,1.8,4.04,3.55,gem,intra_slab
602057934,2012-12-24T12:12:38,-71.586,-29.092,41.2,5.22,mw,214.0,57.0,115.0,353.0,41.0,57.0,21.54903131516708,354.7689998260319,39.19965538451833,245.980959014342,43.02962307414377,106.40024299006944,0.67,0.11,-0.78,-0.29,-0.16,-0.24,gem,intra_slab
602058915,2012-12-26T13:17:56,-73.42,-37.368,24.8,5.38,mw,4.0,17.0,92.0,182.0,73.0,89.0,44.99323889643923,90.988391449524,0.7050072563306128,181.69328569490196,44.99808664000955,272.3982992373111,0.81,0.04,-0.85,-0.04,-1.23,-0.05,gem,slab_interface
602059082,2012-12-27T00:37:07,-73.314,-35.798,10.0,5.8,mw,14.0,16.0,94.0,190.0,74.0,89.0,44.97753148020297,98.1708576134422,1.2979253191494495,189.4680980853937,44.99307155295417,280.7660425579604,3.22,0.09,-3.3,-0.89,-5.32,-0.73,gem,forearc
602345425,2013-01-23T02:47:40,-71.63,-31.68,50.8,5.14,mw,176.0,66.0,99.0,336.0,25.0,71.0,42.79830865202258,282.9955447588631,12.147168020183518,181.4992200056988,44.66257292647461,79.21728945607379,4.78,-0.36,-4.42,-0.15,-4.37,1.12,gem,intra_slab
602345432,2013-01-23T07:43:00,-79.209,-44.606,15.0,5.49,mw,258.0,85.0,175.0,348.0,85.0,5.0,0.0135395518445205,213.2192791047444,82.98656679975291,303.3293366492046,7.013419999600454,123.21761343760528,-0.22,1.0,-0.77,-0.25,0.16,-1.99,gem,outer_rise
602363406,2013-01-30T20:15:43,-70.853,-28.112,50.0,6.77,mw,31.0,30.0,119.0,178.0,64.0,75.0,37.99023554171689,58.969129621937554,21.79416096081137,167.1664130066806,44.041979431933065,279.91575497898043,1.35,0.07,-1.42,0.23,-1.09,-0.39,gem,intra_slab
602563743,2013-02-10T19:54:31,-72.013,-33.442,30.9,5.45,mw,6.0,24.0,100.0,176.0,66.0,86.0,44.46701535099755,76.59378314893803,5.9490280073437605,172.4644904878022,44.91748197534472,268.42858114334894,1.43,-0.11,-1.32,0.17,-1.23,-0.03,gem,intra_slab
602446074,2013-02-18T10:00:11,-72.248,-33.974,26.5,5.44,mw,5.0,18.0,95.0,180.0,72.0,89.0,44.949860968362046,87.2261637690986,1.9039447078903968,179.12782815185813,44.986894009422336,271.0319533071271,1.02,0.05,-1.06,0.01,-1.46,-0.05,gem,intra_slab
602489083,2013-02-20T11:18:54,-66.581,-27.781,170.1,5.14,mw,91.0,80.0,-172.0,360.0,82.0,-11.0,12.395206011140608,45.463901240346445,77.50909825004312,218.2541899748736,1.5191632967231878,315.129944626187,-3.74,1.74,2.0,0.14,-0.45,-6.51,gem,slab_deep
602751351,2013-03-29T07:30:57,-72.901,-35.347,13.9,5.4,mw,23.0,19.0,111.0,181.0,72.0,83.0,44.08275659860066,80.25019193808515,8.197010933154203,178.2696331583818,44.752358623779415,276.48006246131126,0.85,0.14,-0.98,0.01,-1.27,-0.21,gem,forearc
602787731,2013-04-13T09:19:06,-75.646,-45.739,15.0,5.36,mw,76.0,68.0,-178.0,346.0,88.0,-22.0,16.51949461072639,32.74621590042949,67.95532191565128,169.83632528898875,14.181483195597096,298.44814125090727,0.06,0.59,-0.64,0.04,-0.54,-1.14,gem,unclassified
602926694,2013-05-03T09:18:18,-72.473,-28.114,15.0,5.16,mw,204.0,47.0,-73.0,359.0,45.0,-108.0,44.32959255759455,102.06782392512082,45.481946420826496,275.5022903771848,3.2875025415838204,8.851149581763366,-6.69,0.25,6.44,1.59,-0.09,1.32,gem,outer_rise
602990057,2013-05-21T12:51:53,-76.664,-45.561,15.0,5.23,mw,113.0,32.0,-118.0,326.0,62.0,-73.0,44.01123254341566,43.16056788326512,24.134163698125743,158.8081446677329,36.27572195293352,268.0055562679229,-0.56,0.35,0.21,0.25,-0.37,-0.61,gem,outer_rise
603233800,2013-06-19T21:29:12,-70.146,-32.614,114.8,5.23,mw,39.0,48.0,-70.0,190.0,45.0,-111.0,44.04314779171627,295.00151019813427,45.58361183289235,105.77108175456384,4.628583151058166,200.51063794083785,-0.8,0.06,0.74,-0.19,0.04,0.4,gem,slab_deep
603336792,2013-08-16T22:17:31,-71.186,-28.618,41.3,5.17,mw,16.0,66.0,115.0,148.0,34.0,47.0,31.417335142510765,143.7958908976767,31.487752706100427,31.825329305284527,42.44497581371111,267.7572280491805,4.37,2.53,-6.9,1.42,3.89,0.71,gem,intra_slab
603501989,2013-09-29T23:06:59,-73.675,-37.42,20.3,5.32,mw,4.0,20.0,92.0,182.0,70.0,89.0,44.98858615351753,90.65496336518572,0.892423375554407,181.54713945388892,44.99751482803967,272.4395936725362,0.74,0.04,-0.77,-0.03,-0.93,-0.04,gem,slab_interface
603501990,2013-09-29T23:23:16,-73.564,-37.475,21.7,5.55,mw,182.0,70.0,91.0,358.0,20.0,86.0,44.97843599498779,273.672451271458,1.2265815008650274,182.4465118889946,44.99530949750045,91.21985010958883,1.72,-0.02,-1.7,-0.09,-1.98,-0.0,gem,slab_interface
609074863,2013-10-21T18:17:21,-75.148,-37.992,13.3,5.0,mw,201.0,38.0,-61.0,346.0,57.0,-111.0,43.6188685634472,90.61804061154174,34.351091466906105,319.97981495436886,26.971409413285052,209.62630621981012,-3.41,-0.18,3.59,1.19,-1.28,0.26,gem,outer_rise
609078660,2013-10-30T02:29:11,-73.081,-35.417,13.2,5.9,mw,15.0,18.0,91.0,194.0,72.0,90.0,44.997979075126125,103.44257479383486,0.3819187464942987,193.8244750833697,44.99947519166358,284.20639531820336,0.47,0.03,-0.49,-0.18,-0.7,-0.15,gem,forearc
603764109,2013-10-30T02:51:49,-73.171,-35.403,10.0,6.26,mw,19.0,17.0,92.0,196.0,73.0,89.0,44.99323889643923,105.988391449524,0.7050072563306133,196.69328569490196,44.998086640009554,287.3982992373111,1.61,-0.04,-1.57,-0.71,-2.44,-0.53,gem,forearc
609095356,2013-10-31T23:04:00,-71.512,-30.33,35.8,6.49,mw,5.0,28.0,98.0,175.0,62.0,85.0,44.31681894986588,76.03029008698229,6.570898027144487,172.4882704310412,44.93283862667729,269.08725366543774,5.52,0.23,-5.75,0.55,-3.75,0.02,gem,slab_interface
603778311,2013-11-07T17:01:07,-73.794,-37.583,22.0,5.18,mw,183.0,62.0,102.0,339.0,30.0,69.0,39.86661462270562,299.13553826436294,18.28357371901513,193.11805702163088,44.46685437641926,84.19439971038997,6.82,-1.37,-5.45,-1.4,-4.03,0.9,gem,slab_interface
603780855,2013-11-10T02:01:57,-72.04,-33.502,29.1,5.17,mw,18.0,24.0,98.0,189.0,67.0,87.0,44.6523895641952,92.38379392395166,4.795795972903168,187.13829907274712,44.94711868599846,281.9420873522696,4.89,0.27,-5.16,-0.67,-4.81,-1.36,gem,intra_slab
603791756,2013-11-15T06:19:11,-67.517,-32.661,15.0,5.08,mw,10.0,50.0,79.0,208.0,41.0,103.0,25.034424126374937,45.29326969335159,34.83978695089227,154.2638124748429,44.68878137513625,287.77748499406664,4.94,-0.26,-4.68,-0.45,1.01,-1.69,gem,backarc
603821241,2013-11-29T05:21:31,-72.275,-33.37,24.1,4.99,mw,16.0,28.0,91.0,195.0,62.0,90.0,44.98875911367931,103.5822521679633,0.8392585887993648,194.42127150304464,44.998948451735565,285.2605893307564,3.23,-0.23,-3.0,-0.52,-2.03,-0.81,gem,intra_slab
603833840,2013-12-07T09:23:51,-72.34,-33.935,19.9,5.05,mw,14.0,17.0,92.0,192.0,73.0,89.0,44.99323889643925,100.988391449524,0.7050072563306127,191.6932856949019,44.998086640009525,282.3982992373111,2.62,-0.18,-2.44,-0.81,-3.82,-0.56,gem,slab_interface
609542126,2013-12-10T00:51:27,-69.33,-31.361,110.7,5.09,mw,57.0,51.0,-66.0,202.0,45.0,-117.0,43.48768600395365,310.25726078678423,44.7611343813706,110.42331829393288,10.06643764801571,210.56301514132628,-4.87,1.88,2.99,-1.55,0.64,3.04,gem,slab_deep
603937792,2014-01-07T12:06:12,-79.291,-44.506,24.4,5.15,mw,256.0,81.0,176.0,347.0,86.0,9.0,3.5876840102758005,211.6032507652899,80.2348923758861,322.96839603415134,9.070163174061644,121.02975365704869,-0.15,3.07,-2.92,-0.73,0.94,-5.76,gem,outer_rise
603956758,2014-01-15T08:38:08,-68.144,-31.137,101.7,5.21,mw,90.0,83.0,-16.0,182.0,74.0,-173.0,15.708635375296703,316.8696858573873,72.98436413003921,113.6543789475054,6.375491403940403,225.06884526855083,-3.61,2.38,1.23,-1.64,-0.45,7.95,gem,slab_deep
604050151,2014-02-17T00:34:32,-71.982,-31.67,16.9,5.05,mw,25.0,30.0,116.0,175.0,63.0,76.0,38.74011720617695,57.41673942776549,20.434442216105417,164.80962440910366,44.22599242117748,276.0725501143927,3.97,-0.6,-3.37,0.99,-2.64,-0.69,gem,slab_interface
604085373,2014-03-02T10:12:23,-76.722,-45.74,18.0,5.34,mw,170.0,33.0,-47.0,302.0,67.0,-114.0,42.62783617157649,49.50433620994335,29.94829322970342,287.477816949979,32.717409277044624,175.7543384835012,-1.0,0.22,0.77,0.95,-0.1,-0.32,gem,outer_rise
604085377,2014-03-02T11:14:40,-76.645,-45.792,15.3,5.18,mw,6.0,49.0,-50.0,134.0,55.0,-127.0,41.1547216883014,248.9214938125079,48.119440829349806,81.81218205367975,6.438450019295665,344.5819600909685,-5.8,0.04,5.76,-4.17,-0.84,-2.27,gem,outer_rise
604085391,2014-03-02T16:18:30,-76.576,-45.869,21.0,5.02,mw,160.0,33.0,-86.0,336.0,57.0,-93.0,44.97836555215363,67.10891526150778,5.294865736827003,331.7953199520662,44.53369162090616,236.5637994832857,-3.78,0.45,3.33,0.8,-1.55,-1.38,gem,outer_rise
604085395,2014-03-02T17:03:43,-76.246,-45.796,15.0,5.36,mw,177.0,32.0,-64.0,328.0,61.0,-105.0,44.14473101177303,68.25998940936324,23.21123499537273,313.6639805152078,36.84559088158057,204.91997821289536,-1.18,0.1,1.09,0.56,-0.5,-0.33,gem,outer_rise
604087265,2014-03-03T03:17:47,-72.065,-33.12,22.0,5.24,mw,2.0,24.0,96.0,176.0,67.0,87.0,44.80153946728375,80.23325434185051,3.618606855215074,173.83403488793442,44.97022372040863,267.4561085514242,0.7,-0.06,-0.64,0.07,-0.62,0.01,gem,slab_interface
604090622,2014-03-04T10:51:17,-71.984,-33.594,35.0,5.79,mw,15.0,22.0,104.0,180.0,68.0,84.0,44.27813793308044,80.26106982572355,7.046850536646828,177.1842490099814,44.85944902125315,274.25008071350345,4.08,0.12,-4.2,0.19,-4.4,-0.56,gem,intra_slab
604400591,2014-03-06T04:37:05,-71.275,-33.314,59.8,5.4,mw,75.0,61.0,11.0,340.0,81.0,150.0,14.214303098953652,293.5461636248072,60.46054042599777,176.99507041637855,25.31054895208718,30.426352640928656,0.45,-0.99,0.53,-0.21,0.66,1.2,gem,intra_slab
604162124,2014-03-15T14:46:28,-71.652,-34.726,47.7,5.18,mw,22.0,24.0,115.0,175.0,69.0,79.0,42.40372257785503,66.9048363578487,13.447259193072917,169.51766460289423,44.49416607940342,273.10459453712554,5.14,-0.15,-4.98,1.05,-5.28,-0.85,gem,slab_interface
604400792,2014-03-27T23:50:54,-68.735,-29.156,27.5,5.68,mw,185.0,63.0,177.0,277.0,87.0,28.0,17.11826260712769,144.02775390434397,62.946733920321385,271.1182716550969,20.28737990569374,47.49036711554948,0.87,0.19,-1.06,-1.8,0.66,3.69,gem,backarc
604425841,2014-04-04T09:52:08,-70.539,-31.471,95.7,5.44,mw,167.0,66.0,169.0,262.0,80.0,24.0,10.21877430532686,126.58286840475188,64.94678266480807,239.2668182164719,22.613081797657674,32.27670013290003,0.34,-0.78,0.44,-0.65,-0.33,1.54,gem,slab_deep
604440644,2014-04-05T02:22:39,-71.382,-32.704,42.4,5.59,mw,193.0,63.0,96.0,359.0,28.0,78.0,43.7279370112937,296.3782949583679,9.023339579843933,197.64108601401117,44.862295593474336,98.54790565176438,2.32,0.26,-2.57,-0.49,-1.65,-0.34,gem,slab_interface
604502458,2014-04-30T18:00:57,-71.698,-32.712,39.8,5.21,mw,180.0,61.0,91.0,358.0,29.0,88.0,44.95610987538856,272.56302476129974,1.649978201634876,180.91488963880744,44.99638790738808,89.26443501830158,0.68,0.04,-0.71,-0.01,-0.44,0.01,gem,intra_slab
604650838,2014-05-21T09:00:54,-71.34,-30.453,49.7,5.14,mw,168.0,57.0,88.0,351.0,33.0,93.0,44.71793683250916,251.23861686127117,4.113987846724326,345.3227701001079,44.98717074840742,79.44555432802338,5.76,-0.04,-5.72,0.66,-2.63,1.1,gem,intra_slab
604657172,2014-05-27T09:04:07,-73.522,-35.983,15.0,5.28,mw,19.0,13.0,98.0,191.0,77.0,88.0,44.95038149989458,98.3478082155404,1.991567412379641,190.33712993448177,44.9804206436776,282.32853952039216,0.46,-0.02,-0.44,-0.16,-0.91,-0.12,gem,slab_interface
604663353,2014-05-30T22:06:20,-72.179,-33.53,24.0,5.05,mw,186.0,60.0,93.0,359.0,30.0,84.0,44.564570253546414,284.1222507066551,5.179622188786092,189.00000000000003,44.9684417379652,93.80482394787134,4.26,-0.24,-4.02,-0.41,-2.32,-0.16,gem,intra_slab
610571154,2014-07-13T07:18:25,-70.585,-30.745,83.4,5.36,mw,168.0,86.0,96.0,290.0,7.0,32.0,44.63846147899766,264.42531642003735,6.043715667627306,168.4241960859216,44.72637801871685,72.40456162100759,0.12,0.04,-0.16,0.28,-1.33,0.2,gem,slab_deep
605099377,2014-07-26T07:31:45,-72.173,-30.332,14.6,4.97,mw,168.0,62.0,86.0,357.0,28.0,97.0,44.37170207188184,248.44987490406183,6.289888742861305,344.64018157652845,44.94051752992845,80.95513886771556,3.06,-0.32,-2.74,0.53,-1.92,0.3,gem,slab_interface
605140411,2014-08-08T04:10:16,-72.232,-33.719,24.2,5.25,mw,5.0,27.0,87.0,189.0,63.0,92.0,44.91580652418893,101.84803083465935,2.31070635988939,9.542233223317794,44.99105438690298,277.23036783819043,0.78,-0.03,-0.75,-0.1,-0.55,-0.09,gem,intra_slab
610572067,2014-08-23T22:32:24,-71.436,-32.714,42.0,6.42,mw,5.0,26.0,92.0,183.0,64.0,89.0,44.96844132022319,90.6601972590554,1.4225041558521756,182.08157305186185,44.996248876395725,273.5043294807831,4.07,0.32,-4.39,-0.18,-3.4,-0.36,gem,slab_interface
605416963,2014-09-28T08:46:33,-73.282,-35.626,20.2,5.28,mw,21.0,19.0,106.0,185.0,72.0,85.0,44.43477632192016,85.70786760258784,6.391867222260805,182.0137019391748,44.85506851013598,278.4131255920309,0.61,0.0,-0.61,-0.04,-0.83,-0.15,gem,slab_interface
605604325,2014-10-23T23:38:52,-72.397,-33.993,17.2,5.25,mw,3.0,13.0,97.0,176.0,77.0,88.0,44.96188561097245,83.67469404273788,1.7448023258769865,175.417984348765,44.98499712769041,267.1626820469472,0.43,-0.02,-0.41,0.06,-0.84,0.0,gem,slab_interface
605617597,2014-10-25T17:05:18,-72.318,-34.019,24.2,5.0,mw,29.0,27.0,112.0,184.0,65.0,79.0,41.67678668266179,73.81046595257197,14.901956695539395,177.51454832915124,44.526530457104094,282.68869966457294,3.35,-0.82,-2.53,0.32,-2.55,-0.73,gem,slab_interface
606586145,2015-01-18T03:59:58,-71.835,-32.662,25.0,5.16,mw,18.0,17.0,128.0,158.0,77.0,80.0,43.33962258148118,54.83775823396781,11.567330102610889,155.97411847474552,44.35564470293456,257.518313782587,3.11,0.1,-3.2,2.58,-5.47,-0.06,gem,slab_interface
606597540,2015-01-27T05:27:47,-73.631,-36.82,17.6,4.98,mw,10.0,21.0,90.0,190.0,69.0,90.0,44.99999999999999,100.0,3.719853333905388e-15,190.0,45.00000000000001,280.0,2.53,-0.27,-2.26,-0.49,-2.7,-0.37,gem,slab_interface
606634885,2015-02-02T10:49:48,-67.149,-32.641,174.3,6.27,mw,47.0,89.0,-94.0,304.0,4.0,-13.0,44.86533073979996,320.9228063810257,4.001819672666527,226.930034151608,44.855615552431374,132.93861794830218,0.59,-0.02,-0.57,-2.4,-2.07,1.07,gem,slab_deep
606732299,2015-02-17T14:35:53,-70.942,-32.339,80.7,5.38,mw,70.0,80.0,10.0,339.0,80.0,170.0,0.1102035589691035,294.109268380514,76.30295266271396,203.65708869335208,13.696586640943664,24.136126191124163,0.04,-0.97,0.93,0.15,0.33,1.09,gem,intra_slab
610586529,2015-03-01T15:48:19,-71.352,-27.219,10.0,5.01,mw,7.0,26.0,102.0,173.0,64.0,84.0,43.96152150899394,71.74730348103344,8.225011829697175,169.76047456099946,44.86560945677725,268.03240032905256,2.89,0.64,-3.53,0.4,-2.51,0.06,gem,forearc
606760430,2015-03-02T16:53:45,-71.091,-27.859,31.7,5.29,mw,26.0,33.0,121.0,170.0,62.0,72.0,34.36664960216518,44.6911345171917,26.80918767969556,154.90834114835206,43.73536957738088,273.8231287833703,0.74,0.29,-1.04,0.15,-0.54,-0.14,gem,slab_interface
606777698,2015-03-05T02:08:52,-72.648,-34.266,25.2,5.01,mw,83.0,31.0,175.0,177.0,88.0,60.0,36.714711171758005,59.153947499629055,30.97100164004613,175.74338049231324,37.92566706109286,293.6254418507828,0.22,0.66,-0.87,-0.21,-3.59,-2.07,gem,intra_slab
606792825,2015-03-05T21:30:32,-71.421,-29.246,41.0,5.23,mw,237.0,44.0,160.0,342.0,76.0,48.0,24.82755321071124,211.4791770314609,43.99553695773849,328.0116457007414,35.74235708825531,102.0303012505683,0.31,0.33,-0.63,-0.28,0.5,-0.36,gem,intra_slab
606794601,2015-03-06T10:39:50,-78.462,-44.318,14.3,5.03,mw,77.0,74.0,-172.0,345.0,82.0,-16.0,16.223439821898058,31.730641428939293,72.65100299697914,190.38361957942303,5.982455751828306,299.98329860307274,-0.17,2.06,-1.89,-0.3,-1.36,-3.74,gem,outer_rise
606829182,2015-03-13T19:16:09,-73.243,-44.529,25.4,4.96,mw,7.0,86.0,151.0,99.0,61.0,4.0,17.64114193617292,139.22441800238266,60.98372990749203,14.242370255276228,22.255277471416,236.7018223823584,-0.23,0.88,-0.65,0.86,1.62,2.93,gem,crustal_intraarc_shallow
611572454,2015-03-18T18:27:28,-73.618,-36.13,10.0,6.12,mw,9.0,17.0,87.0,192.0,73.0,91.0,44.98480989729443,103.51602128071288,1.0569102754214326,12.45949155969953,44.99569595000332,281.4025602408942,1.02,0.06,-1.08,-0.34,-1.57,-0.23,gem,forearc
606855453,2015-03-18T19:07:49,-73.638,-36.123,14.7,5.4,mw,2.0,22.0,82.0,190.0,68.0,93.0,44.75050432511391,106.3616399432916,4.1191362280237245,12.267689736815669,44.95386738561224,278.14452364793846,1.07,0.05,-1.12,-0.23,-1.12,-0.13,gem,slab_interface
606855735,2015-03-19T08:34:19,-73.846,-36.087,14.2,5.02,mw,187.0,65.0,93.0,359.0,25.0,83.0,44.72573323092372,283.16813813608456,4.223585557190319,188.9734556211131,44.96348249291111,94.74375252813807,3.18,0.16,-3.35,-0.41,-2.65,-0.21,gem,slab_interface
606962367,2015-04-01T08:17:27,-71.791,-29.362,30.4,5.36,mw,193.0,76.0,124.0,304.0,36.0,25.0,30.59222694942472,318.9975086259111,36.08804644807682,203.4707441934032,38.88267040773247,77.47121407706118,0.56,0.21,-0.76,-0.53,-0.91,0.54,gem,intra_slab
607244002,2015-05-14T15:08:03,-71.582,-28.712,15.0,5.23,mw,24.0,12.0,108.0,185.0,78.0,86.0,44.80714218681613,90.83939465791758,3.995155963416903,184.8173844796442,44.91473069079456,278.8103663370974,3.49,0.05,-3.54,-0.62,-8.16,-0.94,gem,slab_interface
610634880,2015-05-29T04:28:16,-70.777,-28.173,53.2,5.25,mw,28.0,34.0,119.0,175.0,61.0,72.0,33.562178170639136,46.89071838103604,27.601070308329863,157.1859538531902,43.83701197047432,277.3187968359693,0.74,0.11,-0.84,0.15,-0.46,-0.18,gem,intra_slab
607277236,2015-06-02T10:32:47,-72.412,-33.92,22.0,5.12,mw,27.0,26.0,107.0,188.0,66.0,82.0,43.08886793844098,82.23074995755206,11.24316917422112,182.94730326504617,44.73163344169288,284.3050804685913,4.38,0.03,-4.41,-0.29,-3.99,-1.47,gem,intra_slab
607304048,2015-06-20T02:10:07,-73.663,-36.34,15.0,6.41,mw,9.0,18.0,84.0,196.0,72.0,92.0,44.92805109527944,108.32134551912014,2.281644081839002,16.043620868084417,44.98113675586822,283.76166935214803,2.94,0.06,-3.0,-1.19,-4.1,-0.71,gem,slab_interface
610635349,2015-06-20T05:22:19,-73.789,-36.321,15.0,5.41,mw,11.0,18.0,93.0,188.0,72.0,89.0,44.98185795093346,96.33039094540248,1.1446235280198909,187.4745180752385,44.99527843123437,278.6191813833893,0.95,0.02,-0.96,-0.17,-1.29,-0.17,gem,slab_interface
610635901,2015-07-16T10:48:06,-71.783,-29.539,15.0,5.19,mw,8.0,45.0,-119.0,225.0,52.0,-65.0,43.20288115368137,298.0895126039716,44.99999999999999,98.0,10.197709704938518,198.3631856514294,-0.72,0.15,0.57,0.32,-0.05,0.26,gem,slab_interface
611836223,2015-07-17T11:11:23,-73.164,-35.506,21.5,5.32,mw,24.0,19.0,109.0,184.0,72.0,83.0,44.22969912559369,84.1983994585479,7.490287170105381,181.55193919399727,44.79656545020828,279.05329627255435,0.68,0.04,-0.71,-0.04,-0.95,-0.19,gem,slab_interface
607502549,2015-07-20T09:47:39,-74.382,-35.712,10.0,5.08,mw,16.0,43.0,-97.0,205.0,47.0,-84.0,44.90055841823797,290.9472504934268,36.36901097264136,68.15967870993529,22.79501642381357,176.18823146238344,-5.35,0.72,4.62,0.52,0.15,1.67,gem,outer_rise
610636429,2015-08-01T11:30:23,-68.353,-30.032,27.9,5.16,mw,166.0,29.0,102.0,332.0,61.0,83.0,43.29168780828437,226.7134102680613,10.39799520414251,326.6681206323775,44.84090413729915,67.18247987416271,6.04,-1.03,-5.01,-2.14,3.06,1.72,gem,backarc
607649017,2015-08-12T00:14:39,-71.526,-31.706,32.7,5.5,mw,172.0,63.0,93.0,345.0,27.0,83.0,44.67569374257563,268.8194600670761,4.538532088807625,174.31797869391391,44.965542921933256,79.7706247817041,1.78,0.07,-1.84,0.12,-1.31,0.39,gem,slab_interface
607677064,2015-08-23T23:10:04,-71.322,-29.743,43.9,5.7,mw,17.0,38.0,81.0,208.0,52.0,97.0,38.56599670703168,150.88449046368692,19.707936310394413,44.28942157611493,44.86430843915203,293.4030695350535,3.94,-0.1,-3.85,-0.72,-0.88,-1.94,gem,slab_interface
611531714,2015-09-16T22:54:33,-71.605,-31.687,29.6,8.27,mw,7.0,19.0,109.0,166.0,72.0,83.0,44.22969912559369,67.1983994585479,7.490287170105383,164.5519391939972,44.79656545020826,262.05329627255435,1.95,-0.04,-1.91,0.74,-2.48,0.09,gem,slab_interface
610637518,2015-09-16T23:18:42,-71.584,-31.549,35.7,7.1,mw,173.0,60.0,92.0,349.0,30.0,87.0,44.80543428140374,268.44202557570844,3.459189066268188,175.0,44.98597194390965,81.53618780127192,5.13,-0.64,-4.49,0.27,-2.85,0.64,gem,slab_interface
607743131,2015-09-17T04:10:28,-71.731,-31.524,25.0,6.76,mw,170.0,60.0,88.0,355.0,30.0,94.0,44.80543428140374,254.55797442429144,3.459189066268229,348.0,44.98597194390963,81.46381219872808,1.61,-0.24,-1.37,0.2,-0.86,0.15,gem,slab_interface
608098265,2015-09-17T12:14:41,-72.155,-32.183,22.3,5.86,mw,172.0,64.0,90.0,351.0,26.0,90.0,45.00000000000001,262.0,7.206341116772171e-15,352.0,44.99999999999999,82.0,6.44,-1.05,-5.39,0.71,-4.76,0.67,gem,intra_slab
607743707,2015-09-17T13:32:27,-72.076,-32.122,17.5,5.93,mw,181.0,68.0,91.0,357.0,22.0,87.0,44.97544168456762,272.80882181655767,1.2887974693221802,181.5208029876069,44.99557330143678,90.23187856338916,0.7,-0.03,-0.66,-0.02,-0.7,0.01,gem,slab_interface
607744035,2015-09-17T20:40:33,-71.777,-29.978,22.3,5.27,mw,162.0,61.0,82.0,357.0,30.0,103.0,42.3466982821012,232.5692835640364,12.95632971574991,334.6732666052171,44.76928436084494,77.86557120811432,0.84,0.01,-0.84,0.22,-0.48,0.17,gem,slab_interface
610637563,2015-09-17T22:08:06,-72.211,-30.259,21.4,5.1,mw,183.0,63.0,92.0,358.0,28.0,86.0,44.855329293572765,277.5629967996125,3.0290459035980137,184.5450026759194,44.98468318602677,91.51333778689668,5.03,-0.8,-4.23,-0.31,-3.24,-0.01,gem,intra_slab
607744042,2015-09-17T22:39:20,-71.785,-31.013,27.5,5.08,mw,17.0,72.0,-105.0,237.0,23.0,-52.0,43.8925421983004,298.7022388260433,17.39870791603828,191.15626879913427,40.97095254751167,85.36595137958864,-3.5,1.81,1.68,-0.41,-4.12,1.32,gem,slab_interface
610637580,2015-09-18T03:15:39,-71.255,-31.423,35.0,5.02,mw,3.0,37.0,100.0,171.0,53.0,83.0,39.09293928493251,49.76455244563306,18.92347476018753,155.93786325785743,44.83927931589284,265.8705750171936,4.06,-0.1,-3.96,0.51,-1.14,0.17,gem,forearc
608098398,2015-09-18T03:32:19,-71.964,-31.723,27.7,5.15,mw,174.0,68.0,89.0,356.0,22.0,92.0,44.97544168456762,262.1911781834423,1.2887974693221889,353.47919701239306,44.99557330143677,84.76812143661084,4.71,-0.22,-4.49,0.51,-4.85,0.36,gem,intra_slab
607744580,2015-09-18T04:29:05,-71.869,-31.623,34.6,5.06,mw,5.0,41.0,90.0,185.0,49.0,90.0,45.00000000000003,95.0000000000004,2.0093859373503761e-13,5.000000000000227,44.99999999999999,275.0,5.24,-0.92,-4.32,-0.04,-0.64,-0.31,gem,intra_slab
610637591,2015-09-18T08:18:18,-72.375,-32.247,15.0,5.45,mw,173.0,70.0,92.0,348.0,20.0,85.0,44.91384094364655,266.34067818320284,2.452562834294211,173.89324165721575,44.98124034967392,81.44003677769985,1.26,-0.08,-1.18,0.15,-1.45,0.19,gem,slab_interface
607745130,2015-09-18T09:10:45,-72.107,-32.296,13.4,6.1,mw,177.0,67.0,94.0,347.0,24.0,81.0,44.5817409073608,274.48781014648915,5.28991913060559,179.25241957408866,44.93123057720644,83.95258320547504,1.26,0.04,-1.3,0.01,-1.21,0.18,gem,slab_interface
610094184,2015-09-18T22:12:16,-72.149,-30.376,15.0,5.11,mw,177.0,66.0,90.0,356.0,24.0,89.0,44.99999999999999,267.0,9.149484317999529e-16,357.0,45.000000000000014,87.0,4.39,-0.16,-4.23,0.2,-3.98,0.25,gem,slab_interface
611836695,2015-09-19T05:06:48,-72.001,-29.676,10.0,5.95,mw,180.0,60.0,95.0,349.0,30.0,81.0,43.81069081611826,283.3267264922664,8.584449355066992,185.0,44.91238132034023,86.34426013896615,0.92,-0.05,-0.87,-0.05,-0.54,0.09,gem,forearc
607770404,2015-09-19T08:31:27,-72.048,-30.199,13.5,5.38,mw,0.0,24.0,91.0,180.0,66.0,90.0,44.99438240759444,88.02720769777255,0.6077247631980975,178.6348474808134,44.99917182025873,269.242588862616,1.11,0.02,-1.14,0.01,-0.99,-0.0,gem,slab_interface
610433486,2015-09-19T09:07:08,-71.577,-31.123,31.8,5.78,mw,171.0,61.0,89.0,353.0,29.0,92.0,44.95610987538854,258.43697523870026,1.6499782016348834,350.08511036119256,44.996387907388105,81.73556498169842,4.95,0.15,-5.11,0.54,-3.12,0.76,gem,slab_interface
611836693,2015-09-19T12:52:20,-71.878,-32.267,15.5,6.22,mw,6.0,23.0,98.0,178.0,67.0,87.0,44.7054993307318,81.03890585780255,4.443817631243733,175.4504724984605,44.95052683712843,269.90001025762024,1.87,0.06,-1.94,0.13,-1.86,-0.07,gem,forearc
610637670,2015-09-19T13:09:00,-72.021,-30.59,23.0,5.6,mw,168.0,65.0,85.0,359.0,26.0,100.0,44.24529856666654,247.8186531520865,7.020758731538627,344.7078707994586,44.89861988199483,81.75682264291237,2.4,0.04,-2.44,0.53,-1.95,0.3,gem,intra_slab
607776566,2015-09-19T18:13:17,-71.897,-31.278,38.2,4.97,mw,6.0,31.0,97.0,179.0,59.0,86.0,44.08694553120288,76.049749330508,7.488004242471261,173.36425287290297,44.93984898485043,270.9011030253708,3.22,-0.09,-3.12,0.18,-1.74,-0.14,gem,intra_slab
607776793,2015-09-20T03:02:01,-71.391,-30.826,45.0,5.13,mw,178.0,58.0,100.0,340.0,33.0,75.0,39.55851572303696,296.0294978094053,18.449614109979542,190.03255953834588,44.67043568137875,80.77581744759578,5.42,0.16,-5.58,-0.39,-2.73,1.14,gem,slab_interface
610433535,2015-09-20T06:07:01,-72.017,-31.682,14.2,5.19,mw,178.0,63.0,94.0,350.0,27.0,83.0,44.42641302655377,277.04653079627786,6.042018154981771,181.0915244634068,44.9387572759378,85.02865223735756,6.32,-0.13,-6.19,-0.04,-4.52,0.67,gem,forearc
607776798,2015-09-20T09:02:34,-72.063,-30.304,17.4,5.08,mw,7.0,22.0,77.0,201.0,69.0,95.0,44.37041243138622,120.04432775742912,6.573435311745005,23.57166872696638,44.87868192777732,286.9826267922772,3.66,-0.32,-3.35,-1.55,-3.58,-0.75,gem,slab_interface
611836705,2015-09-21T05:39:34,-71.552,-31.613,31.2,6.1,mw,2.0,28.0,101.0,170.0,63.0,84.0,43.76497049330023,66.34408855509213,8.867217467846126,164.93768962707475,44.87325829802254,263.87310308399987,1.41,0.07,-1.48,0.25,-1.01,0.11,gem,slab_interface
610433564,2015-09-21T15:37:08,-71.807,-31.076,31.0,5.47,mw,172.0,66.0,90.0,353.0,24.0,90.0,45.00000000000001,262.0,7.359843074921013e-15,352.0,45.00000000000001,82.0,1.41,0.09,-1.5,0.19,-1.34,0.21,gem,intra_slab
607860433,2015-09-21T17:40:00,-71.476,-31.719,39.0,6.59,mw,1.0,28.0,92.0,178.0,62.0,89.0,44.95514942423374,86.1691234833524,1.6767599118507548,177.84397695616622,44.99579421707537,269.52120902889465,0.79,0.02,-0.8,0.02,-0.54,0.0,gem,slab_interface
610433566,2015-09-21T18:36:53,-71.694,-31.044,32.8,5.79,mw,171.0,58.0,92.0,347.0,32.0,87.0,44.753380139923465,267.25415476731865,3.8613587269394007,173.417221310704,44.98678036898308,79.54885188542164,5.86,-0.85,-5.0,0.3,-2.66,0.84,gem,slab_interface
607779466,2015-09-21T19:56:09,-71.674,-31.757,35.0,5.73,mw,162.0,60.0,88.0,345.0,30.0,93.0,44.80543428140373,246.55797442429144,3.4591890662682454,339.99999999999994,44.98597194390965,73.46381219872808,4.34,-0.46,-3.88,0.87,-2.32,1.11,gem,slab_interface
610433581,2015-09-22T07:13:00,-71.153,-31.448,60.1,6.05,mw,0.0,28.0,103.0,165.0,63.0,83.0,43.3367637439331,60.07746982583694,10.3206841392179,159.9715105590053,44.82325700670979,260.3985743271512,1.15,0.14,-1.29,0.28,-0.83,0.2,gem,intra_slab
607797513,2015-09-23T11:32:42,-71.909,-31.604,29.4,5.13,mw,182.0,64.0,93.0,356.0,27.0,84.0,44.70249073562917,278.4765588204982,4.37210257759064,184.13706096096487,44.96452636349903,89.75761033637036,4.91,0.06,-4.97,-0.28,-3.73,0.1,gem,intra_slab
607831496,2015-09-25T20:30:58,-72.071,-30.567,15.0,5.0,mw,181.0,62.0,98.0,344.0,30.0,75.0,42.58085340362668,289.4133353560782,12.428221872070011,187.7292931291093,44.7624388497205,85.10478128515996,3.16,0.33,-3.49,-0.24,-2.15,0.49,gem,slab_interface
611836729,2015-09-26T02:51:18,-71.303,-30.782,50.4,6.27,mw,172.0,57.0,88.0,357.0,33.0,94.0,44.717936832509146,255.23861686127128,4.113987846724252,349.322770100108,44.98717074840743,83.44555432802338,2.78,0.26,-3.04,0.24,-1.3,0.34,gem,intra_slab
607833220,2015-09-27T21:04:45,-71.722,-31.638,38.2,5.12,mw,167.0,60.0,96.0,336.0,31.0,80.0,43.30667348978099,272.8256947861872,10.262158417081643,173.0,44.87387173036818,72.61548847704171,5.46,-0.76,-4.7,0.31,-2.96,1.51,gem,intra_slab
607849908,2015-10-02T16:22:46,-71.801,-30.595,32.5,5.01,mw,148.0,66.0,81.0,349.0,26.0,109.0,42.7983086520226,221.00445524113687,12.147168020183509,322.50077999430124,44.66257292647459,64.78271054392621,3.07,-0.38,-2.69,1.65,-2.13,1.04,gem,intra_slab
607849909,2015-10-02T16:33:30,-72.667,-31.062,20.4,5.01,mw,216.0,52.0,-50.0,343.0,53.0,-129.0,40.76841785435117,98.96492479041194,49.215308393474,280.90653469822377,0.9604109773149118,189.7931123264688,-3.17,-0.54,3.71,2.15,-0.41,0.74,gem,outer_rise
607852697,2015-10-03T06:03:44,-73.547,-37.486,23.2,5.73,mw,4.0,19.0,93.0,181.0,72.0,89.0,44.97840712079316,89.16449633366284,1.2379514340171196,180.40180373034207,44.99484945374324,271.6398215887315,2.91,0.04,-2.95,-0.01,-3.89,-0.12,gem,slab_interface
608007317,2015-10-03T06:26:56,-71.485,-30.296,42.0,5.88,mw,13.0,35.0,108.0,171.0,57.0,77.0,36.40501858153152,46.62225436456555,23.26914360155381,155.1100967028101,44.52472110469736,270.1313196313435,0.74,0.04,-0.77,0.15,-0.3,-0.02,gem,intra_slab
610433780,2015-10-03T11:21:02,-71.747,-29.835,31.5,5.22,mw,1.0,28.0,86.0,186.0,62.0,92.0,44.82238390340675,100.62518940379027,3.339570337801,7.300631558355292,44.983183429366456,273.9573392854469,0.69,0.02,-0.7,-0.07,-0.48,-0.04,gem,intra_slab
610433794,2015-10-04T03:49:49,-72.087,-30.287,10.0,5.38,mw,173.0,64.0,88.0,358.0,26.0,94.0,44.867334883747205,258.6678414056355,2.9175267585392706,351.5756492696232,44.984231228991526,84.49535687455028,1.14,0.05,-1.19,0.13,-0.92,0.1,gem,slab_interface
607857284,2015-10-04T10:11:55,-71.766,-30.618,30.5,5.06,mw,5.0,30.0,103.0,169.0,61.0,83.0,42.67680816337547,61.80519109030792,12.099097044805772,163.2047433132509,44.80344168353058,265.4970484722043,4.22,-0.16,-4.06,0.81,-2.47,0.18,gem,intra_slab
611836757,2015-10-05T16:33:26,-71.485,-30.292,39.9,5.88,mw,8.0,34.0,101.0,175.0,57.0,83.0,41.360354599113776,61.151810864032655,14.924863063617847,164.72355117544873,44.82925461140736,270.0881402876082,0.74,0.04,-0.78,0.08,-0.33,-0.02,gem,intra_slab
607858505,2015-10-06T04:51:45,-72.152,-30.338,17.9,4.97,mw,181.0,57.0,100.0,342.0,34.0,75.0,38.898181466847966,300.8735886339227,19.486224246682276,194.2848018912989,44.68014913769549,83.80242716922453,3.22,0.06,-3.28,-0.35,-1.5,0.51,gem,slab_interface
607861151,2015-10-09T18:27:35,-71.686,-31.724,32.8,5.44,mw,179.0,66.0,97.0,342.0,25.0,75.0,43.64621752355613,282.4434005219279,9.490345665423185,183.26839231727507,44.79564070490691,83.71415738000496,1.35,0.06,-1.4,-0.06,-1.21,0.24,gem,slab_interface
610433906,2015-10-12T03:15:19,-71.741,-31.181,30.0,5.55,mw,167.0,62.0,86.0,355.0,28.0,97.0,44.37170207188183,247.44987490406177,6.289888742861313,343.64018157652845,44.94051752992844,79.95513886771556,2.17,0.09,-2.26,0.41,-1.44,0.39,gem,slab_interface
610433955,2015-10-15T19:23:21,-71.726,-30.562,33.1,5.01,mw,29.0,33.0,114.0,180.0,60.0,75.0,36.37229711135493,57.574436097540456,23.709994947746537,166.44684833289398,44.23360017841254,281.7611003921731,3.12,0.59,-3.71,0.3,-1.97,-1.06,gem,intra_slab
608100378,2015-10-20T10:06:13,-71.512,-30.747,43.0,5.2,mw,179.0,40.0,107.0,337.0,52.0,76.0,26.32777888291312,196.07118204590785,33.98148156107953,305.5547940452267,44.478897621717664,76.99880399193853,0.78,-0.08,-0.7,-0.21,0.12,0.13,gem,intra_slab
607927912,2015-10-24T21:24:44,-71.465,-31.423,42.5,5.03,mw,174.0,57.0,97.0,341.0,33.0,79.0,41.784394104858144,286.2363355797006,14.026619259724722,183.33670565594852,44.84304470055044,78.9505078006627,3.64,0.53,-4.17,-0.01,-1.84,1.04,gem,slab_interface
610459370,2015-11-06T08:44:08,-72.148,-30.149,12.5,5.31,mw,6.0,25.0,97.0,178.0,65.0,87.0,44.682910852001456,81.66612094657711,4.54800714360199,176.17819808761942,44.956829898397785,270.7337168915557,0.89,0.01,-0.9,0.06,-0.76,-0.03,gem,slab_interface
611838290,2015-11-07T07:04:34,-71.866,-29.687,10.0,6.05,mw,1.0,25.0,79.0,193.0,65.0,95.0,44.24883994858859,113.22253088809224,7.026571937303826,16.326666580632377,44.89366868979805,279.2730147040884,1.12,-0.0,-1.12,-0.28,-0.91,-0.15,gem,forearc
608022996,2015-11-07T07:31:42,-71.434,-30.89,43.4,6.71,mw,171.0,58.0,86.0,359.0,33.0,97.0,44.03019482142278,248.6808713187688,7.676953860384203,346.16826728039337,44.94714013119246,83.90070781044932,1.29,0.08,-1.37,0.15,-0.61,0.14,gem,slab_interface
608023744,2015-11-07T10:53:43,-71.443,-30.701,44.6,5.77,mw,174.0,59.0,92.0,349.0,31.0,86.0,44.781980699856575,269.81911161821347,3.6455047893991774,176.1939369919512,44.98638091239808,82.54276922843258,4.7,0.38,-5.08,0.19,-2.64,0.82,gem,intra_slab
611838315,2015-11-11T01:54:39,-71.837,-29.473,12.4,6.79,mw,2.0,22.0,93.0,179.0,68.0,89.0,44.96404941674079,86.57711890882786,1.5597816693344777,178.13552151411227,44.99349861803333,269.695527332334,1.34,0.01,-1.35,0.04,-1.37,-0.01,gem,forearc
611838313,2015-11-11T02:46:20,-72.004,-29.518,10.0,6.79,mw,178.0,69.0,90.0,358.0,21.0,90.0,44.99999999999999,268.0,3.9707761048775476e-15,358.0,45.000000000000014,88.0,1.34,-0.02,-1.31,0.05,-1.43,0.04,gem,forearc
611838385,2015-11-21T23:05:29,-71.562,-30.612,27.5,5.79,mw,5.0,28.0,102.0,171.0,63.0,84.0,43.55585781999153,67.19051985157586,9.602281909389728,166.44721910126077,44.84927978298349,266.13566317701765,4.82,0.32,-5.14,0.8,-3.46,0.2,gem,forearc
610459631,2015-11-24T09:14:16,-72.158,-31.791,17.4,5.01,mw,179.0,63.0,90.0,359.0,27.0,90.0,45.000000000000014,269.0,5.8160287256306756e-15,359.0,44.99999999999999,89.0,3.45,-0.27,-3.18,0.04,-2.39,0.05,gem,slab_interface
612297589,2015-11-28T05:44:39,-72.17,-30.392,10.0,5.64,mw,0.0,22.0,95.0,175.0,68.0,88.0,44.90084679218202,80.98015839779794,2.592240760258406,173.56608452376747,44.98195190737452,266.15934706607374,2.49,0.11,-2.6,0.25,-2.58,0.11,gem,slab_interface
612127725,2015-12-08T12:56:07,-71.756,-30.828,33.2,5.61,mw,173.0,66.0,89.0,354.0,24.0,91.0,44.9716610328198,261.0279897242803,1.3650757127007072,352.3921027069798,44.99582209722333,83.75736685891343,2.44,0.09,-2.52,0.28,-2.18,0.3,gem,intra_slab
610434134,2015-12-10T00:09:33,-73.044,-35.868,18.9,5.53,mw,23.0,13.0,103.0,190.0,77.0,87.0,44.87194560937385,95.74966805019363,3.208242286434826,188.9486055870187,44.94859803461561,282.1561228977065,1.06,-0.04,-1.03,-0.36,-2.25,-0.31,gem,forearc
611838525,2015-12-19T19:25:05,-71.262,-30.623,54.1,5.82,mw,168.0,58.0,84.0,359.0,32.0,99.0,42.87693326721298,239.9646676875717,11.403954468252063,340.7591443697251,44.88113507126724,82.34710075146711,5.38,1.3,-6.68,0.81,-2.96,1.03,gem,intra_slab
612128476,2015-12-26T17:58:09,-72.123,-31.693,20.0,5.17,mw,168.0,63.0,102.0,323.0,29.0,67.0,40.26689087688786,282.9474998542431,17.638162349920172,177.32326936771528,44.45114042128005,69.14841569394486,5.58,-0.75,-4.83,0.18,-4.18,2.36,gem,slab_interface
608160945,2016-01-07T15:40:45,-73.908,-41.698,36.9,5.11,mw,13.0,24.0,98.0,184.0,66.0,86.0,44.6523895641952,87.38379392395166,4.795795972903174,182.13829907274717,44.94711868599847,276.9420873522696,4.35,-0.06,-4.29,-0.16,-3.97,-0.68,gem,slab_interface
608162916,2016-01-08T01:12:00,-71.599,-30.675,30.5,5.73,mw,1.0,29.0,97.0,174.0,62.0,86.0,44.36809458688411,73.36166183511955,6.282648872244794,169.54397597726074,44.94570009468947,265.8527219726119,4.07,0.2,-4.28,0.43,-2.7,0.21,gem,slab_interface
608279289,2016-01-26T00:19:09,-71.891,-32.583,11.7,5.09,mw,173.0,51.0,96.0,344.0,39.0,83.0,37.982578048489295,297.6441611777568,20.524724369853075,190.6477515432267,44.90417317835319,78.73919090102873,4.56,1.04,-5.61,-0.05,-1.12,1.4,gem,forearc
612141655,2016-01-29T20:07:14,-71.71,-30.315,33.3,5.11,mw,14.0,33.0,105.0,177.0,58.0,80.0,40.13539302410517,59.72512670999845,17.434957817842154,165.07944613049233,44.69759092373528,273.184086468294,5.24,-0.02,-5.22,0.69,-2.52,-0.51,gem,intra_slab
608505010,2016-02-05T05:28:07,-71.867,-31.078,30.2,5.05,mw,1.0,33.0,90.0,181.0,57.0,90.0,45.00000000000001,91.0,5.28089204964464e-15,1.0,44.99999999999999,271.0,4.74,-0.97,-3.77,-0.02,-1.91,-0.06,gem,intra_slab
611838828,2016-02-10T00:33:05,-71.518,-30.604,30.2,6.36,mw,11.0,29.0,103.0,176.0,61.0,83.0,43.03671637059236,69.52132620681544,11.16509344601968,170.1410227903326,44.81343116617714,271.4494908441515,3.53,0.16,-3.69,0.39,-2.28,-0.24,gem,forearc
608338110,2016-02-19T05:33:08,-71.652,-30.602,31.4,5.05,mw,179.0,59.0,91.0,358.0,31.0,89.0,44.9452913850233,271.9195244165662,1.825046262128535,180.09703648188494,44.99659492054712,88.2712807474756,4.21,-0.17,-4.04,0.02,-2.18,0.12,gem,slab_interface
608338691,2016-02-19T21:50:49,-77.755,-45.717,10.0,5.02,mw,80.0,72.0,-163.0,344.0,74.0,-19.0,22.54954583964065,32.56075546060089,67.40369594427835,208.67424511843197,1.378243651850895,301.98835151460537,-0.68,2.08,-1.4,-0.8,-1.48,-3.51,gem,outer_rise
611838894,2016-02-22T06:37:02,-71.923,-30.454,10.0,6.02,mw,179.0,67.0,90.0,359.0,23.0,90.0,45.000000000000014,269.0,5.202054245934133e-15,359.0,44.99999999999999,89.0,0.97,0.02,-0.99,0.01,-0.95,0.01,gem,forearc
608356464,2016-02-26T08:52:47,-67.612,-31.739,25.8,5.03,mw,231.0,44.0,151.0,343.0,70.0,50.0,22.13391506284857,209.42100915274236,43.98965066749368,322.540476266557,37.80104056601502,101.02894542540912,2.14,1.33,-3.47,-1.72,2.17,-1.59,gem,backarc
608482492,2016-03-12T16:05:15,-71.621,-30.27,38.9,5.13,mw,18.0,36.0,117.0,166.0,58.0,72.0,31.09223048163405,34.334646714993085,30.170787158741447,144.85707981142923,43.89548715523589,268.86722208304514,5.56,-0.09,-5.47,1.9,-2.3,-0.28,gem,intra_slab
608485014,2016-03-16T03:49:32,-71.807,-31.248,24.5,5.39,mw,178.0,65.0,92.0,353.0,25.0,85.0,44.8777398430252,272.124704726421,2.8180572751168897,179.31525785923282,44.98376712090915,86.49538538290358,1.1,0.08,-1.19,0.01,-0.97,0.1,gem,slab_interface
608505285,2016-03-27T12:01:41,-77.178,-45.676,15.0,4.97,mw,74.0,80.0,-174.0,343.0,84.0,-10.0,11.079606902521716,28.7579933659556,78.53300253715834,193.6298704464801,2.918554205964984,298.18597016986826,0.81,1.49,-2.29,-0.38,-0.93,-2.86,gem,outer_rise
608534586,2016-04-04T12:32:45,-71.824,-31.212,32.5,5.38,mw,1.0,23.0,99.0,171.0,67.0,86.0,44.63029755041878,74.2093221254064,4.982927929709613,169.1469050979249,44.93742584546372,264.1378437533478,1.02,0.04,-1.06,0.19,-1.01,0.08,gem,intra_slab
608540955,2016-04-06T17:35:37,-71.849,-31.481,27.4,5.36,mw,5.0,27.0,95.0,178.0,63.0,87.0,44.76887688764919,83.63536423054018,3.832375536621794,177.44543222389768,44.9751643634764,271.28307617485825,1.07,0.14,-1.21,0.04,-0.81,-0.03,gem,slab_interface
611829322,2016-04-14T09:38:43,-70.374,-33.873,109.3,5.15,mw,120.0,10.0,162.0,228.0,87.0,80.0,44.12617387529938,127.8233933846999,9.559945979378542,227.2252534563625,44.29326531831637,326.68263570582747,1.2,-1.68,0.47,-4.68,-4.61,0.5,gem,slab_deep
608557428,2016-04-18T11:38:38,-71.317,-31.73,50.7,5.23,mw,175.0,61.0,94.0,347.0,29.0,83.0,44.3075764569265,275.11567381678003,6.570214349833222,178.66046661864743,44.94223391240305,82.0600051781978,0.69,0.06,-0.75,0.02,-0.47,0.12,gem,slab_interface
611829748,2016-05-11T13:11:34,-71.749,-30.688,29.2,5.4,mw,3.0,27.0,101.0,171.0,64.0,85.0,43.95543443289901,68.60049344334101,8.19498325751952,166.58210368370453,44.880181016984935,264.8274217599895,1.19,0.12,-1.31,0.21,-0.93,0.1,gem,slab_interface
608805643,2016-05-19T20:25:43,-66.657,-27.959,164.9,5.12,mw,165.0,49.0,-48.0,291.0,55.0,-128.0,40.77602805264266,46.69126116790119,48.23237958423807,241.742884728206,7.527018527818891,143.23473540679936,-4.36,1.81,2.55,2.16,1.19,-3.91,gem,slab_deep
608816435,2016-05-22T11:47:09,-71.811,-30.616,34.0,5.08,mw,6.0,33.0,102.0,172.0,58.0,82.0,41.5397248432494,58.97967293015529,14.610952480865762,162.3330752881781,44.80600652584122,267.33937877326935,4.76,-0.15,-4.61,0.73,-2.24,0.05,gem,intra_slab
608988297,2016-06-05T05:51:11,-71.794,-29.367,31.6,5.77,mw,201.0,74.0,122.0,314.0,35.0,28.0,30.94181618772052,327.06972161753544,34.76519656170979,212.4805357446608,39.84349330282747,87.08552153629171,2.5,1.68,-4.18,-2.18,-3.61,1.32,gem,intra_slab
608991514,2016-06-06T13:16:02,-71.566,-30.079,39.4,5.4,mw,13.0,38.0,116.0,161.0,56.0,71.0,27.642769150366004,24.92735480671803,33.47280088195524,135.1883643198642,43.885084295396325,264.6794755261405,1.35,0.24,-1.59,0.41,-0.47,0.1,gem,intra_slab
608991515,2016-06-06T13:22:00,-71.535,-30.039,42.0,5.46,mw,1.0,36.0,91.0,179.0,54.0,89.0,44.9385866650067,86.48692053728092,1.899626652165516,178.383520466738,44.99845473474842,270.28408949330867,1.6,0.49,-2.08,0.02,-0.62,-0.0,gem,intra_slab
609060197,2016-06-22T03:54:39,-71.64,-30.584,26.6,5.14,mw,1.0,28.0,97.0,173.0,62.0,86.0,44.47057619360244,74.32647470452542,5.7786419355441945,170.02801830727037,44.94855448209508,265.8258199659085,5.3,0.11,-5.41,0.63,-3.53,0.27,gem,slab_interface
609063487,2016-06-27T12:51:13,-71.41,-31.75,48.9,5.07,mw,9.0,33.0,107.0,169.0,58.0,79.0,39.21254481506052,50.35865592454559,19.101814882103213,156.77261379931417,44.61228663963758,266.7507168833343,4.02,1.14,-5.16,0.69,-2.16,0.2,gem,intra_slab
609169294,2016-07-18T02:58:50,-71.712,-30.772,28.0,5.15,mw,3.0,13.0,115.0,157.0,78.0,84.0,44.57038471891413,60.29337215145517,5.946250716898307,156.1825985433203,44.81469853854691,252.12244775645536,2.43,0.41,-2.84,2.45,-5.62,0.73,gem,slab_interface
609169311,2016-07-18T08:59:42,-71.75,-30.43,30.9,5.1,mw,163.0,52.0,91.0,341.0,38.0,89.0,44.81849180323074,258.77904405696046,3.250922463811732,165.54346340456152,44.99724977185366,72.28760825991264,5.18,-0.13,-5.05,0.36,-1.38,1.74,gem,intra_slab
609170880,2016-07-19T05:18:39,-71.977,-30.214,10.0,5.7,mw,178.0,65.0,89.0,359.0,25.0,91.0,44.96938002102578,265.9338342136688,1.409730410063737,357.3424847978744,44.99594134850077,88.75244230356867,3.4,-0.0,-3.39,0.14,-2.82,0.09,gem,forearc
609262802,2016-07-27T01:25:12,-79.147,-44.447,10.0,5.88,mw,78.0,88.0,179.0,168.0,89.0,2.0,0.7077351526880118,33.03055810841397,87.76511056290082,141.48383178515735,2.1197604485731,303.004360886704,-0.55,3.73,-3.18,0.26,-0.33,-7.55,gem,outer_rise
609376850,2016-08-23T14:47:27,-77.37,-45.704,10.0,5.02,mw,76.0,70.0,-175.0,344.0,86.0,-20.0,16.95958345486276,31.777996845225346,69.6505721174749,177.0868556958493,10.912653992270611,298.40730183573305,-0.59,2.3,-1.7,0.29,-1.36,-3.54,gem,outer_rise
609387430,2016-08-30T08:09:10,-72.45,-34.903,25.0,5.43,mw,20.0,20.0,98.0,191.0,70.0,87.0,44.82141569040518,96.69528798410272,3.53842829137869,190.21842412218007,44.96033730327875,283.7587083393908,1.04,0.1,-1.14,-0.25,-1.34,-0.36,gem,slab_interface
609577103,2016-09-09T00:03:44,-65.796,-31.358,159.6,5.57,mw,121.0,35.0,-133.0,350.0,65.0,-64.0,42.398282026581,61.181392951950045,32.58152088988685,186.8797625195941,30.35368910236916,298.8575736342849,-1.85,0.22,1.63,-0.03,-1.64,-1.54,gem,slab_deep
609570780,2016-10-01T10:25:57,-72.037,-29.637,10.0,5.0,mw,173.0,54.0,93.0,349.0,36.0,86.0,43.97766932723648,276.26298577815606,7.774448801716393,178.69275260466816,44.9736592164838,80.85298509873132,3.99,-0.55,-3.44,0.01,-1.26,0.48,gem,slab_interface
611830890,2016-10-27T20:32:56,-72.508,-33.793,10.0,5.97,mw,11.0,17.0,90.0,190.0,73.0,90.0,45.00000000000001,101.0,3.135725430062596e-15,191.0,45.000000000000014,281.0,0.65,-0.0,-0.64,-0.17,-0.93,-0.12,gem,slab_interface
609624973,2016-10-29T22:01:38,-72.565,-33.859,10.3,5.12,mw,14.0,19.0,100.0,183.0,71.0,86.0,44.76742376965613,88.0000678468399,4.076699110401712,182.0540235710131,44.94299822968534,276.13294350125534,3.88,-0.23,-3.64,-0.14,-4.8,-0.56,gem,slab_interface
609632165,2016-10-31T11:15:46,-72.499,-33.726,10.2,5.04,mw,8.0,35.0,85.0,194.0,55.0,94.0,43.87903650982187,117.77181962980823,8.17192348528445,19.834472435161672,44.96302264678315,281.588862228351,4.49,-0.41,-4.08,-0.58,-1.48,-0.75,gem,slab_interface
615010353,2016-11-04T16:20:44,-70.931,-35.081,89.6,6.32,mw,35.0,69.0,-73.0,173.0,27.0,-128.0,43.69803037839635,292.0973379144107,20.805225171919272,43.38687038049051,39.02988041091631,151.32686823778693,-2.27,-0.49,2.75,-1.74,-2.12,1.01,gem,slab_deep
615021020,2016-11-08T04:55:45,-73.444,-36.586,20.0,5.97,mw,8.0,17.0,95.0,182.0,73.0,88.0,44.95800326812242,90.48069135953187,1.758323509455174,182.23726566586836,44.98805328229333,273.99568406549906,0.63,0.02,-0.65,-0.03,-0.95,-0.06,gem,slab_interface
615033206,2016-11-13T01:01:52,-67.395,-28.083,134.9,5.34,mw,48.0,65.0,-50.0,165.0,46.0,-144.0,38.8252673261872,290.4098091514235,46.01055266661066,76.88503652969177,17.387718334859457,185.8137388189547,-0.76,-0.35,1.11,-0.65,-0.18,0.49,gem,slab_deep
615052593,2016-11-20T20:57:43,-68.645,-31.597,107.3,6.41,mw,31.0,40.0,-92.0,214.0,50.0,-89.0,44.99273427757116,302.419507134154,7.280550828295946,39.757687306815285,44.086943175720826,136.8662410273248,-5.71,2.15,3.56,0.6,0.68,1.5,gem,slab_deep
609869842,2016-12-12T01:40:24,-71.346,-30.926,50.1,5.0,mw,8.0,38.0,102.0,172.0,53.0,81.0,35.61244548396058,44.72775954829109,23.976530294380098,153.3028505237428,44.75917193640856,269.47150395658747,3.69,0.17,-3.86,0.49,-0.96,0.01,gem,intra_slab
609869846,2016-12-12T02:56:58,-67.997,-30.91,10.0,5.01,mw,8.0,51.0,132.0,134.0,55.0,51.0,4.018273679650094,343.17967988512333,49.21981023157336,77.85097605796625,40.49554695088986,249.74058845655048,2.98,0.55,-3.53,1.77,0.36,1.59,gem,backarc
609916647,2016-12-16T23:11:41,-71.699,-30.441,28.4,5.17,mw,163.0,59.0,95.0,334.0,31.0,82.0,43.67168628836377,267.21374167012414,9.034805965638643,168.48246856443757,44.91493441654089,69.36055129089345,6.17,-0.59,-5.58,0.71,-3.25,2.3,gem,slab_interface
609925850,2016-12-19T15:36:45,-71.443,-30.776,30.5,5.02,mw,169.0,52.0,87.0,354.0,38.0,94.0,43.42914273223754,242.18608478442604,9.604005054321547,341.4032162848652,44.975253197275855,81.13656864641365,3.79,0.58,-4.37,0.3,-1.04,0.77,gem,forearc
609939179,2016-12-25T14:22:27,-73.941,-43.438,38.2,7.57,mw,4.0,19.0,96.0,178.0,71.0,88.0,44.91442677063296,84.35037567550808,2.466935099530404,176.81223130624448,44.979422017247096,269.27968210872285,1.75,-0.03,-1.73,0.11,-2.24,-0.03,gem,slab_interface
610570390,2017-01-03T21:19:09,-74.309,-43.364,23.8,5.44,mw,172.0,68.0,103.0,320.0,26.0,61.0,41.13167790361328,283.8084109415684,16.459615199755326,178.85564800468978,44.2567176573972,72.12461818299545,1.13,0.08,-1.21,0.11,-1.26,0.63,gem,slab_interface
609978254,2017-01-04T13:24:04,-71.683,-30.277,50.0,4.99,mw,175.0,38.0,119.0,320.0,58.0,69.0,26.971409413284977,183.62630621981003,34.351091466906134,293.97981495436875,43.618868563447215,64.61804061154169,3.33,-0.28,-3.05,-1.61,0.72,1.33,gem,intra_slab
610049683,2017-01-08T00:33:48,-72.044,-30.185,10.0,4.99,mw,178.0,66.0,98.0,339.0,25.0,73.0,43.245362360571725,283.2418546540968,10.823214372331991,182.88286125120027,44.73322692590417,81.9646183334109,3.0,-0.35,-2.64,-0.17,-2.64,0.55,gem,forearc
611831721,2017-02-03T00:52:27,-69.602,-33.141,19.5,5.43,mw,138.0,46.0,-15.0,238.0,79.0,-135.0,33.722443420915326,0.9488831963957978,45.99740605941429,227.22874721788975,24.682531811342347,108.8130512459166,-0.54,1.57,-1.04,0.96,0.52,-0.22,gem,crustal_intraarc_shallow
610208521,2017-02-12T16:21:11,-71.307,-27.895,15.0,5.09,mw,2.0,26.0,101.0,170.0,64.0,85.0,44.11480693318153,68.74014935826358,7.584206557760559,166.1575103067081,44.88698498237062,263.7787433176627,3.95,0.45,-4.41,0.73,-3.25,0.4,gem,forearc
611831828,2017-02-16T07:02:05,-72.059,-30.185,13.8,5.3,mw,178.0,63.0,90.0,359.0,27.0,91.0,45.000000000000014,268.0,7.470678132054534e-15,358.0,44.99999999999999,88.0,0.9,0.0,-0.9,0.03,-0.67,0.02,gem,slab_interface
610241380,2017-02-26T08:59:16,-71.424,-28.943,30.5,5.14,mw,16.0,31.0,111.0,173.0,61.0,78.0,39.409844559333365,54.51349126323612,19.027070632800758,160.974770948956,44.46499480104372,270.75878075641435,5.25,0.23,-5.48,1.03,-3.23,-0.47,gem,slab_interface
610316873,2017-03-10T06:22:20,-72.029,-30.578,14.1,5.16,mw,2.0,24.0,93.0,179.0,66.0,89.0,44.94966004117551,86.08971299272366,1.8199767432140104,177.90741066309158,44.99254856505869,269.7278325496342,5.26,-0.02,-5.24,0.18,-4.58,-0.03,gem,slab_interface
610327080,2017-03-13T15:05:55,-71.388,-30.448,50.2,5.14,mw,173.0,56.0,87.0,358.0,34.0,95.0,44.27197349383422,252.05417657080625,6.595805481936677,348.5267725781281,44.97199698746965,85.16020607913248,5.96,0.13,-6.09,0.51,-2.5,0.49,gem,intra_slab
610346374,2017-03-20T08:17:27,-66.516,-27.059,182.5,5.03,mw,167.0,74.0,-39.0,269.0,53.0,-160.0,32.62993048731813,42.59371239419079,52.41060162846208,188.8692042151233,16.571947494677197,301.6100318782638,-1.32,1.58,-0.25,0.59,2.72,-3.19,gem,slab_deep
610435259,2017-03-27T03:03:32,-71.801,-36.228,88.8,5.06,mw,246.0,42.0,-6.0,341.0,86.0,-132.0,33.17518631702735,102.90376627601064,41.99688692414658,336.84697837156364,30.19080676554385,215.2596825913465,-0.53,-2.06,2.59,1.16,-3.37,2.31,gem,slab_deep
610467777,2017-03-31T18:44:39,-71.513,-30.737,48.0,5.26,mw,171.0,60.0,86.0,358.0,30.0,97.0,44.23163542586036,250.2450096344686,6.889183707181958,347.0,44.94390851697783,83.92589022855896,0.86,-0.04,-0.82,0.12,-0.49,0.07,gem,intra_slab
610526711,2017-04-11T13:39:43,-70.002,-27.64,83.7,5.09,mw,8.0,84.0,45.0,272.0,46.0,171.0,27.282724387536387,60.472645505554965,45.31294239929338,181.90031039211016,32.229688771332754,311.49721411680525,0.86,-1.06,0.2,0.26,3.69,-3.82,gem,slab_deep
610527238,2017-04-13T03:42:52,-71.466,-30.979,42.3,5.38,mw,143.0,58.0,69.0,358.0,38.0,119.0,27.484167542031187,187.594085870857,33.96469795909304,298.10733028892906,43.56063764870464,67.94320256036343,1.2,0.08,-1.28,0.52,-0.33,0.59,gem,slab_interface
610546557,2017-04-20T21:24:28,-67.336,-27.52,138.2,5.28,mw,143.0,27.0,-96.0,330.0,63.0,-87.0,44.96424983589228,57.46001562932065,4.583526803224456,152.05253267259775,44.66985306586631,246.5979964779989,-0.72,0.13,0.59,0.31,-0.54,-0.52,gem,slab_deep
610547489,2017-04-22T22:46:42,-72.086,-32.976,12.7,5.07,mw,1.0,24.0,84.0,188.0,66.0,93.0,44.80153946728375,102.76674565814947,3.618606855215072,9.165965112065637,44.97022372040863,275.5438914485758,3.76,-0.04,-3.72,-0.56,-3.32,-0.29,gem,forearc
610547532,2017-04-23T02:36:07,-72.049,-33.026,22.2,5.97,mw,1.0,22.0,88.0,184.0,68.0,91.0,44.98398620227108,94.61755625153364,1.040783756767721,3.57718252001888,44.99710993175573,272.5363320268855,0.79,0.03,-0.81,-0.06,-0.82,-0.04,gem,slab_interface
611833510,2017-04-23T19:40:09,-72.129,-33.038,12.5,5.56,mw,178.0,66.0,91.0,355.0,24.0,87.0,44.9716610328198,269.9720102757197,1.3650757127007056,178.6078972930202,44.99582209722334,87.24263314108657,2.06,-0.05,-2.01,0.05,-1.83,0.14,gem,forearc
610548803,2017-04-24T21:38:30,-71.999,-33.085,27.3,6.86,mw,3.0,16.0,94.0,179.0,74.0,89.0,44.97753148020297,87.1708576134422,1.2979253191494478,178.46809808539376,44.99307155295417,269.7660425579604,1.3,0.04,-1.33,0.06,-2.03,-0.02,gem,intra_slab
616345109,2017-04-25T01:43:03,-72.049,-33.149,17.5,5.47,mw,16.0,24.0,107.0,178.0,67.0,83.0,43.59920713033153,73.94481199152386,9.731580380861695,173.3440687852817,44.76317481794826,273.13703607446894,1.53,-0.17,-1.37,0.19,-1.39,-0.18,gem,slab_interface
611149701,2017-04-27T05:09:23,-71.961,-33.282,27.2,5.21,mw,181.0,74.0,93.0,350.0,16.0,79.0,44.84599477885924,275.3627154835696,3.399120961488188,181.9758745289356,44.95258517772294,88.57639376652764,4.34,0.07,-4.42,-0.24,-7.07,0.36,gem,slab_interface
611833671,2017-04-28T15:30:04,-71.949,-33.251,14.1,5.91,mw,0.0,20.0,99.0,171.0,70.0,87.0,44.77539347249883,75.05578327512171,3.9709176720058776,169.00513630533294,44.94983776605036,262.9786502637876,0.6,0.01,-0.6,0.13,-0.7,0.05,gem,forearc
610585857,2017-04-28T15:58:34,-71.995,-33.241,21.2,5.52,mw,162.0,72.0,88.0,349.0,18.0,97.0,44.923503154231256,248.88953172126548,2.350567589582725,341.23580286922703,44.98011846848805,73.58671802513078,1.34,-0.04,-1.29,0.64,-1.82,0.36,gem,slab_interface
610639145,2017-04-28T16:05:58,-71.728,-33.114,38.4,5.93,mw,172.0,71.0,96.0,334.0,20.0,73.0,44.27816235628759,271.5435515604736,7.181072150706552,174.48645080059282,44.82643517534723,77.29225496926648,0.58,-0.03,-0.55,0.08,-0.77,0.18,gem,intra_slab
610650242,2017-04-28T17:41:50,-71.918,-33.283,24.2,5.47,mw,5.0,18.0,90.0,185.0,72.0,90.0,45.00000000000003,95.0,5.754609779665069e-15,5.0,44.99999999999999,275.0,1.2,0.01,-1.2,-0.13,-1.63,-0.1,gem,slab_interface
610588558,2017-04-29T01:46:02,-71.967,-33.229,22.5,5.42,mw,5.0,33.0,92.0,183.0,57.0,89.0,44.88104701783338,88.21938593814036,2.670326471379814,180.88153235801263,44.99458951702513,273.5542585065424,1.81,-0.53,-1.28,0.01,-0.67,-0.06,gem,slab_interface
610617754,2017-05-06T14:51:40,-78.306,-44.315,13.9,5.35,mw,76.0,73.0,178.0,167.0,88.0,17.0,10.658348814752037,32.56901775707212,72.92168820196216,160.34500931429147,13.186541773057051,300.04173638147506,-0.0,0.59,-0.58,0.15,-0.38,-1.15,gem,outer_rise
610638449,2017-05-13T16:54:45,-72.012,-32.937,13.5,5.25,mw,186.0,70.0,92.0,360.0,20.0,84.0,44.91384094364655,279.34067818320284,2.4525628342942167,186.89324165721575,44.98124034967391,94.4400367776998,0.61,0.03,-0.63,-0.09,-0.73,-0.04,gem,forearc
610654892,2017-05-27T07:38:42,-75.664,-45.698,14.7,5.26,mw,76.0,58.0,-176.0,344.0,86.0,-32.0,23.83257829727559,34.421378917082166,57.95697627286814,169.31066245458385,20.11053342503588,295.11329700112776,-0.13,0.47,-0.33,0.17,-0.48,-0.73,gem,unclassified
610655584,2017-05-29T14:57:55,-71.749,-37.285,92.1,5.92,mw,12.0,78.0,-122.0,263.0,34.0,-22.0,39.2382784136958,306.65590352732823,33.52020423611544,183.9060938221,32.89289301682526,68.53974076270345,-0.33,0.19,0.13,-0.09,-0.74,0.54,gem,slab_deep
611834102,2017-06-12T02:43:28,-71.709,-31.495,41.5,5.74,mw,5.0,26.0,99.0,175.0,64.0,86.0,44.39224852353559,75.80549114753609,6.270275892504114,171.98071011164404,44.92424091616341,268.2721476224597,3.83,0.37,-4.19,0.44,-3.2,0.05,gem,intra_slab
610760991,2017-06-23T10:00:52,-71.84,-39.361,118.7,5.0,mw,121.0,59.0,114.0,260.0,39.0,56.0,25.52891255037593,257.44979273742854,36.145484637845655,147.03283558644853,43.07108293849786,13.967456313215052,3.04,-3.91,0.87,1.1,-1.26,1.04,gem,slab_deep
611189156,2017-06-25T22:08:28,-72.261,-42.288,15.0,5.17,mw,172.0,17.0,118.0,322.0,75.0,82.0,43.93363253128267,221.61886129921552,9.08160092852678,320.4778287567768,44.638657556783606,59.559439963132434,3.63,-0.55,-3.08,-4.04,4.65,1.14,gem,crustal_intraarc_shallow
610695069,2017-06-26T14:44:50,-71.333,-30.647,49.3,5.16,mw,3.0,29.0,101.0,170.0,61.0,84.0,43.53606560493383,65.95395101675803,9.6108781249308,165.212705337613,44.86621784550242,264.9158636607251,5.27,1.11,-6.38,0.81,-3.67,0.54,gem,intra_slab
610763713,2017-07-04T16:05:59,-73.255,-35.59,15.0,5.85,mw,25.0,19.0,104.0,190.0,71.0,85.0,44.55859030446482,92.76793552526124,5.636195378620029,188.34472290265649,44.88874452608309,283.98636395252925,4.36,0.12,-4.47,-0.92,-5.92,-1.54,gem,slab_interface
613594725,2017-07-07T03:04:49,-72.201,-33.709,25.3,5.09,mw,16.0,28.0,98.0,186.0,63.0,86.0,44.31681894986588,87.03029008698229,6.57089802714449,183.48827043104123,44.93283862667731,280.08725366543774,4.75,-0.67,-4.08,-0.1,-3.17,-0.74,gem,intra_slab
610779605,2017-07-12T09:08:18,-73.202,-35.394,12.3,5.47,mw,28.0,16.0,112.0,185.0,75.0,84.0,44.39949378203734,86.67973413217254,6.808547974829453,183.39395674273493,44.79519110558725,280.202011595845,0.94,0.04,-0.97,-0.11,-1.73,-0.3,gem,slab_interface
611834332,2017-07-14T12:00:31,-72.48,-33.741,20.0,5.38,mw,16.0,19.0,97.0,189.0,71.0,88.0,44.88404276042952,94.75400867147285,2.873089427461624,187.61908694699832,44.97200693719255,280.4929834650601,0.94,-0.07,-0.86,-0.17,-1.15,-0.19,gem,intra_slab
610867274,2017-08-01T06:13:56,-68.862,-28.545,112.6,5.6,mw,145.0,63.0,-91.0,327.0,27.0,-88.0,44.99617041266424,55.74345481703921,1.5155334706247117,324.2275935883437,44.963751475875824,232.71344719003872,-2.23,0.52,1.72,-1.1,1.53,-1.58,gem,slab_deep
611834533,2017-08-02T07:15:12,-70.521,-33.185,92.2,5.37,mw,51.0,62.0,-75.0,202.0,32.0,-115.0,44.16909176533235,310.0394634251935,22.429259930872757,63.67805486472287,37.40118624897082,172.0749955403504,-0.88,0.22,0.65,-0.54,-0.48,1.06,gem,slab_deep
610868789,2017-08-02T20:03:29,-71.218,-28.51,38.2,5.53,mw,57.0,4.0,-57.0,203.0,86.0,-92.0,44.9629716056424,295.9986747384484,2.1923029400063374,203.80760046998645,44.95318541391024,111.61727491584924,-0.28,0.08,0.2,0.97,2.23,0.22,gem,intra_slab
610895354,2017-08-11T23:57:11,-67.431,-28.045,135.4,5.06,mw,4.0,46.0,-75.0,162.0,46.0,-105.0,44.494712360081486,263.45470933296593,45.50526360444324,83.38048413148965,0.0371068361863311,173.41825126989158,-4.35,-0.71,5.06,-0.71,-0.07,-0.71,gem,slab_deep
610895587,2017-08-12T12:54:14,-72.137,-30.316,13.1,5.69,mw,5.0,24.0,84.0,191.0,66.0,93.0,44.80153946728375,106.76674565814947,3.6186068552150847,13.165965112065637,44.97022372040861,279.5438914485758,3.25,-0.09,-3.16,-0.63,-2.81,-0.44,gem,slab_interface
610910899,2017-08-15T19:03:24,-71.982,-29.988,20.0,5.12,mw,186.0,62.0,97.0,352.0,29.0,78.0,43.126128734482656,292.2920506448148,10.91553917073025,191.8854917359261,44.81802928456126,90.83757788869076,5.03,-0.07,-4.95,-0.71,-3.27,0.09,gem,slab_interface
610929077,2017-08-18T20:31:50,-76.819,-45.492,10.0,5.07,mw,74.0,62.0,171.0,168.0,82.0,29.0,14.545552022226412,34.662068552864866,61.58268867638086,153.31651180856738,23.842359128816017,298.07763037708173,1.42,1.52,-2.94,0.28,-2.1,-3.87,gem,outer_rise
611974561,2017-08-30T03:15:37,-73.53,-37.378,29.2,5.06,mw,10.0,21.0,96.0,183.0,69.0,88.0,44.87983448445122,89.61012559016763,2.876605531928139,182.4782972858595,44.97586292596488,275.35610742427457,3.2,0.0,-3.2,-0.13,-3.59,-0.36,gem,slab_interface
610984687,2017-09-18T13:46:58,-72.001,-31.846,19.4,5.75,mw,177.0,67.0,93.0,351.0,23.0,84.0,44.76392695001368,272.6362414411571,3.970895611518217,178.68849344599334,44.96130697972709,84.71340799945767,3.84,0.01,-3.85,0.09,-3.69,0.42,gem,slab_interface
611023334,2017-09-23T17:25:53,-68.956,-30.729,117.3,5.09,mw,44.0,59.0,177.0,136.0,87.0,32.0,19.902717252070303,4.261503403760969,58.9711630026669,131.2649938603181,22.77206330558409,265.519610792042,0.41,4.37,-4.78,1.98,-1.95,0.09,gem,slab_deep
614438907,2017-10-12T18:59:09,-65.586,-31.014,170.7,5.56,mw,9.0,69.0,-2.0,99.0,88.0,-159.0,15.858983208825746,232.43056370184183,68.94982176657419,94.85816000211298,13.47986579236266,326.3352495152901,0.01,-0.81,0.79,-1.01,0.03,-2.46,gem,slab_deep
611154712,2017-10-16T19:29:37,-74.115,-35.458,19.5,4.96,mw,27.0,38.0,-88.0,205.0,52.0,-91.0,44.993285497867134,295.575261664834,5.046111049444073,200.51065603743533,44.56342814543133,105.52167238708635,-3.32,0.59,2.72,0.33,0.8,1.37,gem,outer_rise
616220571,2018-01-20T11:31:15,-71.894,-28.934,46.2,5.18,mw,28.0,78.0,-151.0,291.0,62.0,-13.0,26.15669658712019,337.0290813756504,60.76702932437815,185.6779743529929,12.131889702645063,73.08929085152124,-0.86,5.23,-4.37,0.06,-4.02,4.01,gem,intra_slab
611661162,2018-01-26T13:27:05,-74.08,-37.478,10.0,5.0,mw,7.0,28.0,94.0,182.0,62.0,88.0,44.82238390340675,87.37481059620973,3.339570337801001,180.69936844164468,44.983183429366456,274.04266071455305,3.67,-0.65,-3.02,0.04,-2.22,-0.21,gem,forearc
611661168,2018-01-26T15:26:20,-74.159,-37.465,13.6,4.97,mw,14.0,26.0,104.0,178.0,65.0,83.0,43.6307201299957,74.84821326945132,9.47099845592861,173.9990078682224,44.81740758791574,273.540535056062,2.9,-0.31,-2.59,0.3,-2.28,-0.29,gem,slab_interface
611661679,2018-01-28T10:11:28,-69.102,-28.221,101.2,5.08,mw,142.0,43.0,-91.0,324.0,47.0,-89.0,44.99796810035405,52.70752167215824,9.529258686717014,152.37069044755742,43.430929859414825,251.51468794108555,-5.03,1.67,3.36,0.16,-0.33,-2.96,gem,slab_deep
611835850,2018-01-28T23:53:15,-68.83,-31.272,105.7,5.36,mw,61.0,47.0,-74.0,218.0,46.0,-107.0,44.40565564123577,319.75956511430644,45.28606465167447,131.36861410260383,4.206271256494883,225.6286712726613,-1.3,0.78,0.52,-0.18,0.19,0.75,gem,slab_deep
611669780,2018-02-01T23:13:54,-70.06,-31.56,104.5,5.17,mw,2.0,78.0,176.0,92.0,86.0,12.0,5.750690847042205,317.9908473636633,77.4634835156745,74.92031007580613,11.101677585675208,226.85855362773455,-0.39,0.72,-0.33,1.61,0.58,7.05,gem,slab_deep
611681321,2018-02-07T12:36:17,-72.623,-29.237,15.0,5.09,mw,25.0,41.0,-88.0,202.0,49.0,-92.0,44.99245191327847,293.58244820402456,9.187525996076824,194.27694349755785,43.54626470847784,95.43349929407418,-5.7,1.21,4.49,0.12,0.69,1.76,gem,outer_rise
611682876,2018-02-08T21:19:25,-73.981,-37.459,12.2,5.54,mw,27.0,17.0,111.0,185.0,74.0,84.0,44.34191987027755,86.1684426440865,7.056353734697037,183.1166322786371,44.79336873022674,280.17575373917407,1.28,0.09,-1.37,-0.14,-2.18,-0.41,gem,slab_interface
611727064,2018-03-02T18:06:46,-76.197,-44.355,12.9,4.98,mw,16.0,81.0,-26.0,111.0,64.0,-170.0,23.02446989737316,245.60496045520836,63.635539554958505,34.63637428368537,12.140261680170518,150.35965686172756,-1.39,-1.49,2.88,-0.11,-1.32,-2.63,gem,outer_rise
611801679,2018-03-19T12:51:17,-69.503,-32.36,115.0,4.99,mw,99.0,76.0,-20.0,194.0,71.0,-165.0,22.124128146523045,327.2554404464899,67.48299429529816,135.97210230866767,3.98026015355192,235.63444723696543,-0.68,1.68,-0.99,-0.98,1.01,3.27,gem,slab_deep
611868130,2018-04-05T06:32:42,-74.11,-42.539,38.5,5.13,mw,5.0,25.0,97.0,178.0,66.0,87.0,44.68291085200145,80.66612094657711,4.548007143601987,175.1781980876193,44.95682989839778,269.7337168915557,5.03,-0.68,-4.34,0.35,-4.1,-0.15,gem,intra_slab
611872858,2018-04-10T10:19:34,-71.495,-30.988,72.6,6.22,mw,120.0,26.0,-118.0,331.0,67.0,-77.0,44.28439593985074,50.8607032663009,16.65024478050768,157.8198243391014,40.99862490898747,262.8877091362998,-2.2,1.25,0.95,0.52,-1.83,-0.68,gem,intra_slab
611923006,2018-05-02T16:09:54,-69.985,-33.273,111.7,5.0,mw,166.0,39.0,-100.0,359.0,52.0,-82.0,44.82574088006445,83.09733490265069,24.019326585321807,199.3883398302158,35.50848371259191,307.92832823566096,-3.28,-1.01,4.29,-0.14,-0.92,-0.69,gem,slab_deep
611928815,2018-05-04T20:25:33,-71.375,-29.83,41.5,5.07,mw,40.0,71.0,171.0,133.0,81.0,19.0,7.593661533011184,357.83161570483725,69.7579323120169,109.02535328650276,18.648212949960172,265.2529693367032,1.07,4.25,-5.32,1.34,-0.65,0.67,gem,slab_interface
611930847,2018-05-06T02:44:20,-72.291,-34.271,20.0,5.27,mw,25.0,24.0,105.0,190.0,67.0,84.0,43.87461414612167,86.44926923918581,8.696627774697378,184.90628771878173,44.815185367640936,283.6478392618917,0.7,0.0,-0.7,-0.08,-0.7,-0.24,gem,slab_interface
611955270,2018-05-28T20:59:34,-68.673,-31.252,109.9,5.02,mw,14.0,40.0,-100.0,207.0,50.0,-82.0,44.818808157006224,291.0845920495415,27.2571643001533,51.87798714433336,32.79775133105701,161.267592790388,-4.08,0.39,3.7,0.67,0.53,1.43,gem,slab_deep
611973684,2018-06-02T06:17:18,-73.814,-38.248,21.3,5.3,mw,177.0,72.0,91.0,354.0,19.0,87.0,44.98085752343116,268.5569599315612,1.175498797551041,177.38199914032134,44.99502894406225,86.20645689888573,0.66,0.03,-0.68,0.04,-0.9,0.06,gem,slab_interface
612117354,2018-06-14T06:27:40,-76.369,-45.872,15.2,5.66,mw,74.0,58.0,177.0,166.0,88.0,32.0,20.59115324340999,34.59894767350289,57.97581977405639,161.51755994090195,23.38242915437919,295.2502377344588,-0.22,1.63,-1.4,1.08,-1.83,-2.88,gem,outer_rise
612165653,2018-06-23T02:31:36,-79.716,-44.553,10.0,5.13,mw,80.0,90.0,-167.0,350.0,77.0,0.0,9.152595761434291,34.25626676361924,77.0,260.0,9.152595761434284,125.74373323638082,-0.84,2.58,-1.74,-1.39,0.01,-5.75,gem,outer_rise
612301023,2018-07-16T10:29:53,-73.521,-35.54,15.9,5.08,mw,31.0,17.0,113.0,187.0,74.0,83.0,44.22945675578322,87.39163829715824,7.657256633543091,184.91193019999423,44.75317640039856,282.5718159254304,2.63,-0.03,-2.6,-0.4,-4.46,-0.94,gem,slab_interface
612638791,2018-08-27T09:16:04,-71.581,-29.714,53.6,5.03,mw,214.0,45.0,122.0,352.0,53.0,62.0,11.239176549743938,202.53811600332048,44.99999999999999,304.0,42.82134988022058,101.92650036495786,3.62,0.66,-4.27,-1.2,0.9,-1.16,gem,intra_slab
612640273,2018-08-28T04:51:40,-71.348,-29.685,44.7,5.23,mw,9.0,59.0,73.0,220.0,35.0,116.0,33.09977183601697,60.27657595358369,27.88922276215217,170.45830809071003,44.02426667362032,291.22255039135774,0.71,-0.02,-0.68,-0.04,0.41,-0.36,gem,intra_slab
612674475,2018-08-31T13:25:01,-70.397,-32.173,107.9,5.02,mw,48.0,54.0,-45.0,169.0,55.0,-135.0,39.3581288591028,287.99795513561327,50.619819504569335,110.26769855229804,1.1132358890711789,18.91116935246498,-2.86,-0.85,3.71,-1.86,0.65,1.72,gem,slab_deep
615001037,2018-09-07T02:39:18,-70.069,-28.852,100.1,5.78,mw,120.0,37.0,-84.0,293.0,53.0,-94.0,44.94204109188136,25.71807849890439,12.381539667057645,283.0629096511974,42.42023084801218,181.49101151907792,-5.02,4.73,0.29,1.58,-0.5,-2.9,gem,slab_deep
612846004,2018-10-01T15:11:51,-75.847,-45.798,17.6,5.27,mw,78.0,44.0,178.0,170.0,88.0,46.0,30.020504805865954,44.17942160009164,43.9999589100963,168.09707135585313,31.12161591270944,293.76149734344256,0.08,0.29,-0.36,0.03,-0.74,-0.63,gem,unclassified
613513855,2018-10-25T11:19:33,-71.824,-30.608,26.2,4.98,mw,3.0,35.0,94.0,178.0,55.0,87.0,44.26727314232453,77.0193512473158,6.597414471204307,173.49247999890633,44.97632858449656,270.12856121286745,3.65,-0.2,-3.44,0.17,-1.27,-0.02,gem,slab_interface
613523061,2018-11-02T08:20:22,-67.564,-30.229,30.0,5.01,mw,99.0,49.0,47.0,334.0,57.0,128.0,8.057860480704615,300.9532681902946,48.28312503954849,201.81593766319725,40.5807756317734,37.91800585749581,3.06,-2.29,-0.76,0.76,1.87,2.41,gem,backarc
613573280,2018-11-06T21:22:56,-76.88,-45.591,10.0,5.25,mw,75.0,53.0,-176.0,343.0,87.0,-37.0,26.74976936008332,34.88020944101311,52.98588275803228,166.83439554101142,23.565111333814038,292.1804149851324,-0.22,0.43,-0.21,0.37,-0.46,-0.7,gem,outer_rise
613970829,2018-11-09T18:54:09,-71.813,-30.624,29.3,5.23,mw,3.0,31.0,98.0,174.0,59.0,85.0,43.82819012689898,70.36623497250099,8.493963170054643,168.60833577006974,44.92147089347008,267.17351836068394,0.78,0.01,-0.78,0.08,-0.41,0.02,gem,intra_slab
616643659,2018-12-01T23:55:25,-72.337,-33.921,16.3,5.56,mw,8.0,20.0,93.0,185.0,70.0,89.0,44.97436695583438,92.98483530985608,1.3376472296743616,184.32165034798936,44.99440953589517,275.65940114340174,1.74,0.02,-1.76,-0.18,-2.11,-0.21,gem,slab_interface
614405800,2018-12-05T17:12:13,-71.623,-33.669,46.1,5.15,mw,112.0,50.0,61.0,333.0,48.0,120.0,2.961700952092095,134.80547682357633,46.97144649298248,227.9827978841984,42.87520332790926,42.05217080093337,6.37,-3.31,-3.05,2.6,2.51,2.16,gem,intra_slab
614464164,2018-12-31T10:49:40,-69.356,-31.784,111.4,5.31,mw,48.0,50.0,-61.0,186.0,48.0,-121.0,42.87520332790925,297.94782919906663,46.97144649298248,112.0172021158017,2.9617009520920634,205.1945231764237,-0.96,0.07,0.88,-0.34,0.13,0.56,gem,slab_deep
614617823,2019-01-20T01:32:51,-71.293,-30.08,65.6,6.64,mw,28.0,53.0,-77.0,187.0,39.0,-106.0,44.52253604264452,288.7747761265978,30.8509601382492,54.75120686186682,29.69221053163609,164.66470023262934,-1.25,0.38,0.87,-0.37,-0.16,0.14,gem,intra_slab
614590912,2019-01-28T09:00:46,-72.925,-35.6,15.9,5.24,mw,15.0,17.0,101.0,184.0,73.0,87.0,44.80234405826664,88.55318545798332,3.826820802826746,182.36216023627952,44.94243843351352,276.18983530766826,0.46,0.06,-0.52,-0.04,-0.76,-0.09,gem,forearc
614944184,2019-02-19T05:09:44,-71.411,-28.011,33.4,4.99,mw,172.0,51.0,105.0,328.0,41.0,72.0,21.423897175556608,318.8150832918759,37.87851089502736,211.043633226699,44.404004962920126,71.41522559550879,3.73,-0.42,-3.31,-0.56,-0.9,1.21,gem,intra_slab
614976286,2019-02-25T15:28:45,-71.694,-29.814,38.8,5.05,mw,235.0,58.0,127.0,359.0,47.0,45.0,11.312192843464606,19.78080896887945,47.14139029885697,277.3311414523469,40.63922904461821,119.66711318439444,3.23,0.3,-3.53,-1.71,-0.1,-2.86,gem,intra_slab
615092454,2019-03-01T22:43:26,-71.719,-30.572,28.5,5.13,mw,181.0,61.0,92.0,356.0,29.0,86.0,44.82493794445715,276.1121689763303,3.296968124322068,182.82987011793165,44.98555300070935,89.52909678151042,5.16,0.16,-5.32,-0.16,-3.18,0.14,gem,slab_interface
615093192,2019-03-02T20:21:53,-72.508,-33.687,16.7,5.54,mw,195.0,74.0,97.0,352.0,17.0,68.0,44.17049483264586,295.0495260402946,7.917089078103911,197.28535453611133,44.74235311028707,99.363614052304,1.4,-0.06,-1.34,-0.64,-2.07,-0.04,gem,slab_interface
615103767,2019-03-07T15:34:27,-72.75,-29.498,15.0,5.74,mw,185.0,38.0,114.0,335.0,55.0,72.0,28.246589402022053,199.3722373000043,32.749072608345,309.58784306931204,44.04753880983813,78.06202807483089,4.19,1.09,-5.29,-1.17,1.34,1.26,gem,outer_rise
616644960,2019-03-15T18:42:51,-76.29,-44.318,15.0,5.04,mw,200.0,56.0,-73.0,351.0,38.0,-114.0,44.107751267514686,97.900036595465,31.61381161062753,224.5309406362876,29.387086682153964,334.8137482749081,-3.99,-0.31,4.3,1.26,1.29,0.44,gem,outer_rise
615225070,2019-03-16T17:54:33,-76.849,-45.666,10.0,5.09,mw,78.0,64.0,-177.0,347.0,88.0,-26.0,19.655921508751035,35.29294153542128,63.93896576933913,172.20955309658052,16.415575908560147,299.25249311651226,0.21,1.98,-2.19,0.02,-2.42,-4.34,gem,outer_rise
615225068,2019-03-16T18:06:15,-71.695,-29.726,39.3,5.24,mw,195.0,25.0,109.0,353.0,67.0,81.0,43.031240353677696,248.1441444977886,11.51117663765278,349.1039020482913,44.68546675316168,90.7245923409006,0.6,0.12,-0.71,-0.1,0.6,-0.04,gem,intra_slab
615372545,2019-04-07T10:52:41,-72.55,-33.797,11.0,5.7,mw,14.0,17.0,96.0,188.0,73.0,88.0,44.93971953824394,94.98289967786178,2.107363639321237,187.08725556644052,44.9828056123346,279.1947801929683,2.44,-0.04,-2.4,-0.48,-3.61,-0.48,gem,slab_interface
615410468,2019-04-18T04:06:34,-71.601,-29.368,60.5,5.59,mw,183.0,15.0,-82.0,355.0,75.0,-92.0,44.9751391694891,86.46732764021885,2.3761319356161708,354.0912138323739,44.92637588468766,261.71914342836027,-1.51,-0.12,1.63,0.27,-2.66,-0.04,gem,intra_slab
615412589,2019-04-21T10:00:10,-71.791,-35.765,79.3,5.01,mw,223.0,68.0,-34.0,327.0,59.0,-154.0,32.40726156044448,96.89440710262716,56.5303114287275,260.6704755519657,7.474597952648934,2.1169180560322616,-1.85,-2.5,4.35,1.65,0.41,0.61,gem,intra_slab
615702557,2019-05-16T00:32:13,-69.323,-31.484,111.0,5.16,mw,32.0,42.0,-83.0,202.0,49.0,-97.0,44.90413004662442,297.0486744426342,30.63092288233197,170.88110531955306,29.47298967088206,61.330398084315846,-7.4,2.09,5.31,-0.29,1.05,2.31,gem,slab_deep
615945497,2019-05-17T05:27:29,-74.001,-35.06,15.0,5.16,mw,25.0,43.0,-88.0,203.0,47.0,-92.0,44.99187302251511,293.5850533642572,17.775995546641735,184.891170755985,39.63654575945608,79.49032639646407,-6.7,0.79,5.91,0.06,0.45,2.8,gem,outer_rise
615739602,2019-05-20T11:18:32,-70.059,-31.486,110.3,5.56,mw,13.0,79.0,-154.0,277.0,65.0,-13.0,24.01965793944689,323.1550730326128,63.43442497042425,170.1231491802621,10.675709309963556,57.97410619377598,-0.53,1.09,-0.56,0.2,-1.18,2.35,gem,slab_deep
615747878,2019-05-24T20:16:00,-66.717,-27.901,160.3,5.27,mw,203.0,30.0,-30.0,320.0,75.0,-117.0,41.24083918408724,70.13242685163692,28.71051480359794,311.434948822922,35.34451045749703,198.57696310572447,-0.44,-0.27,0.7,0.59,-0.54,-0.16,gem,slab_deep
615913991,2019-06-05T16:19:42,-70.228,-27.356,83.0,5.33,mw,28.0,73.0,-70.0,157.0,26.0,-138.0,42.9893256319646,282.4731497862122,22.60818718017124,35.31444416089539,38.485610590225455,144.64821722164015,-0.64,-0.19,0.83,-0.55,-0.8,0.05,gem,intra_slab
615952693,2019-06-13T22:50:10,-71.454,-30.411,52.8,5.03,mw,2.0,37.0,105.0,164.0,55.0,79.0,35.08111944416664,35.23737081906029,24.802193821991697,144.17567540970094,44.63958631539957,261.32646581998114,3.73,0.66,-4.39,0.69,-1.29,0.66,gem,intra_slab
615952702,2019-06-14T00:19:12,-72.055,-30.091,15.0,6.31,mw,1.0,21.0,88.0,183.0,69.0,91.0,44.986473108494856,94.4754415966313,0.9638371639255158,3.5119231306470056,44.997314624393525,272.54803992702455,2.43,0.06,-2.5,-0.17,-2.71,-0.11,gem,slab_interface
616173401,2019-06-20T01:23:26,-68.908,-33.57,156.1,5.47,mw,248.0,72.0,-40.0,352.0,52.0,-157.0,33.67077924203191,124.32424497057777,51.89450855412215,272.4754726433047,15.724192905225934,23.51391268504699,-0.7,-0.41,1.11,1.26,-0.17,1.23,gem,slab_deep
615979915,2019-06-28T08:30:42,-70.985,-29.348,81.3,5.0,mw,230.0,86.0,157.0,322.0,67.0,4.0,13.45643529257296,3.49120348047245,66.87106821467947,239.42241986773192,18.448407519883965,98.06946310542742,0.23,3.5,-3.73,-1.35,-0.8,-0.72,gem,intra_slab
616616159,2019-08-01T18:28:06,-72.274,-34.253,23.0,6.78,mw,19.0,14.0,106.0,183.0,77.0,86.0,44.76784551104532,87.24702348353321,4.285397565723401,181.50970899922808,44.91222575465123,275.7939724032112,0.82,0.01,-0.83,-0.05,-1.66,-0.16,gem,slab_interface
616184921,2019-08-01T20:01:30,-72.282,-34.318,30.7,5.89,mw,181.0,77.0,91.0,358.0,13.0,87.0,44.98525142294101,272.33399716559506,1.0840563941716153,181.25030480361596,44.99424029369224,90.16627231668429,3.75,-0.11,-3.64,-0.17,-7.69,0.02,gem,intra_slab
616184935,2019-08-02T00:55:17,-72.193,-34.168,23.9,5.4,mw,193.0,68.0,99.0,350.0,24.0,69.0,43.07853774285642,298.6824269235952,11.500242467612775,197.71513914689984,44.642549719359,96.12356820370236,1.11,0.02,-1.13,-0.35,-1.06,-0.02,gem,slab_interface
616223953,2019-08-10T23:36:42,-66.842,-27.969,147.8,5.01,mw,116.0,25.0,-134.0,343.0,73.0,-72.0,43.40731203872021,58.88095140795667,20.5979725521574,169.70505918013544,39.46606029295233,277.73058426542985,-2.26,0.97,1.29,0.52,-3.18,-1.51,gem,slab_deep
616249225,2019-08-24T02:32:59,-71.513,-31.109,63.7,4.97,mw,207.0,81.0,-42.0,306.0,49.0,-167.0,31.74230656798312,82.77218770797629,48.60841848358405,217.35258343518495,23.60994161953506,337.0839984615737,-0.98,-2.1,3.09,1.0,1.97,-1.1,gem,intra_slab
616249515,2019-08-24T23:36:35,-74.21,-43.163,35.0,5.18,mw,15.0,27.0,89.0,196.0,63.0,91.0,44.99058929884463,107.28762381682714,0.7721362008899929,16.515671132056298,44.99900577715357,285.7434916078536,5.98,-0.5,-5.48,-1.22,-4.22,-1.45,gem,intra_slab
616338975,2019-09-05T05:41:32,-73.793,-36.099,15.0,5.13,mw,3.0,21.0,78.0,196.0,70.0,94.0,44.53964792894229,113.54313118524465,5.655656375549486,17.950612079442465,44.90387406127831,282.2862999473056,3.79,0.3,-4.09,-1.36,-4.44,-0.79,gem,slab_interface
616479922,2019-09-14T05:15:30,-68.602,-31.381,111.4,5.07,mw,64.0,49.0,-68.0,212.0,45.0,-113.0,43.80589091128243,318.6322515628667,45.525443323818514,126.29816373767191,6.200276985793259,222.65099424762812,-4.39,2.55,1.84,-1.01,0.62,3.04,gem,slab_deep
616493756,2019-09-23T08:24:40,-73.846,-36.053,15.0,5.26,mw,4.0,16.0,81.0,194.0,74.0,93.0,44.88824261048419,107.07085247402364,2.9006353956130244,14.1778105203947,44.96503599053288,281.2769964298341,0.49,0.03,-0.51,-0.21,-0.8,-0.09,gem,slab_interface
616504264,2019-09-25T19:43:22,-66.788,-27.849,158.5,5.33,mw,194.0,46.0,-20.0,298.0,76.0,-134.0,35.04558739251024,59.52062495407915,45.99521420397035,282.952418082795,23.01792415991608,166.8571260757352,-0.49,-0.31,0.8,0.61,-0.41,-0.81,gem,slab_deep
616542055,2019-09-26T16:36:18,-72.032,-40.732,129.9,6.07,mw,96.0,58.0,33.0,347.0,62.0,143.0,3.86104883686965,309.7051840677009,54.65076083480268,214.2454407076993,35.07350320924172,42.42123611547015,0.81,-0.56,-0.25,0.39,0.62,1.22,gem,slab_deep
616567061,2019-09-26T20:31:30,-71.431,-29.852,49.2,5.45,mw,13.0,36.0,98.0,184.0,54.0,85.0,41.69869246479753,69.88370520034584,14.08375412143331,172.79937819191457,44.90127280980983,277.27796253997224,1.69,0.19,-1.88,0.04,-0.6,-0.31,gem,intra_slab
616600917,2019-09-29T15:57:55,-72.918,-35.445,23.9,6.72,mw,16.0,12.0,106.0,180.0,78.0,87.0,44.84551105376738,85.37482574754375,3.5698049381355825,178.9323184345501,44.93235962378858,272.50062638491346,0.61,0.02,-0.62,0.03,-1.39,-0.08,gem,slab_interface
616738783,2019-10-28T03:55:08,-68.97,-30.234,30.0,5.06,mw,59.0,39.0,145.0,178.0,69.0,57.0,26.370799516969463,46.36898667876,38.51764877776,159.61014438110988,40.09915506879272,291.69440605726254,2.82,-0.18,-2.64,1.46,-3.07,-2.28,gem,crustal_intraarc_shallow
616747109,2019-11-03T08:06:09,-72.128,-30.614,10.0,5.17,mw,1.0,22.0,92.0,179.0,68.0,89.0,44.98398620227108,87.38244374846641,1.040783756767719,178.42281747998118,44.99710993175574,269.4636679731145,5.12,-0.0,-5.12,0.14,-5.16,0.01,gem,slab_interface
617000015,2019-11-03T13:23:18,-67.765,-29.115,121.0,5.65,mw,171.0,34.0,-49.0,305.0,65.0,-114.0,42.72924423367394,52.02694289287359,30.899834317389733,288.46551197338505,31.683859766492507,176.78700314278922,-2.35,0.35,2.0,1.81,-1.13,-2.47,gem,slab_deep
616962653,2019-11-04T21:53:25,-71.285,-31.783,56.5,6.11,mw,205.0,33.0,118.0,352.0,61.0,73.0,35.12029466843085,227.64585457820328,25.63173294443903,337.3682767427852,43.96304833761517,94.9323782725088,1.44,0.23,-1.67,-0.34,0.9,-0.27,gem,intra_slab
616787203,2019-11-15T17:16:41,-72.381,-34.004,11.0,5.24,mw,10.0,23.0,107.0,171.0,68.0,83.0,43.80170581257914,69.15338264866085,9.05586698789556,167.94568012925015,44.77849941528835,267.0455907471861,0.63,0.02,-0.64,0.14,-0.65,-0.01,gem,forearc
617548791,2019-11-19T23:10:40,-66.865,-33.64,14.8,5.67,mw,73.0,50.0,118.0,213.0,47.0,61.0,3.770293878310845,230.0809347396001,46.73523704053061,136.06598591065676,43.01649677211381,323.6061309090143,3.2,-2.43,-0.76,0.66,-0.51,-2.91,gem,backarc
616917526,2019-11-22T22:27:31,-70.068,-32.685,106.9,5.06,mw,156.0,61.0,-102.0,359.0,32.0,-70.0,44.48218293183805,74.76270186679074,19.00211588603862,324.9954580589815,39.40799796488706,218.55920840816728,-4.31,0.47,3.83,-1.6,1.98,-0.71,gem,slab_deep
617174725,2020-01-13T02:01:41,-71.293,-40.206,176.8,5.4,mw,14.0,84.0,-103.0,259.0,14.0,-25.0,43.80736425449869,295.5949023643421,13.20617254535841,192.58671805058484,43.20072546738246,89.85610214485473,-0.32,0.19,0.12,-0.31,-1.47,0.36,gem,slab_deep
617209897,2020-01-28T18:16:46,-72.271,-30.253,15.0,5.43,mw,185.0,69.0,99.0,342.0,23.0,69.0,43.19693923860069,290.10366259346284,11.221406935059166,189.36765652521288,44.63209862683614,88.07257030403065,1.19,-0.01,-1.18,-0.22,-1.29,0.14,gem,slab_interface
617512484,2020-02-18T05:32:45,-73.25,-35.597,10.0,5.11,mw,13.0,13.0,99.0,184.0,78.0,88.0,44.93743506299478,91.02301801037066,2.2373444835109098,183.2571831510321,44.97524315442856,275.4943002836269,2.33,0.23,-2.55,-0.36,-5.29,-0.4,gem,forearc
617614953,2020-03-05T06:57:42,-67.611,-28.351,130.2,5.47,mw,165.0,38.0,-96.0,353.0,52.0,-85.0,44.93962073300671,79.27192245481024,14.201030957177538,183.8989166417226,41.6041272700631,286.884627550734,-1.96,0.11,1.84,-0.05,-0.48,-0.34,gem,slab_deep
617795010,2020-03-17T08:12:02,-73.21,-36.132,34.0,5.55,mw,109.0,28.0,79.0,301.0,62.0,96.0,43.764970493300254,224.65591144490784,8.867217467846121,126.06231037292524,44.87325829802252,27.12689691600013,1.99,-1.86,-0.13,-1.26,0.85,1.08,gem,intra_slab
617812788,2020-03-24T06:52:17,-71.896,-30.587,27.1,5.01,mw,6.0,35.0,99.0,176.0,56.0,84.0,41.78437631455655,62.40422688241796,13.947064484498645,165.2264039027558,44.88037924239422,269.5449150226072,4.2,-0.77,-3.43,0.46,-1.47,-0.09,gem,intra_slab
618586443,2020-04-01T03:55:21,-76.311,-45.652,10.0,5.01,mw,157.0,47.0,-93.0,341.0,43.0,-87.0,44.9789745863462,69.12207676044238,26.059046066447355,309.87017741134787,33.67098791847232,200.85789780823856,-4.62,1.3,3.32,-0.28,0.14,-0.92,gem,outer_rise
618586448,2020-04-01T04:09:21,-76.739,-45.628,10.0,5.22,mw,176.0,49.0,-73.0,330.0,44.0,-109.0,44.283522101078,74.0556647044449,43.38434973831773,231.2446728688541,11.636993562417135,332.4686317683386,-0.85,0.11,0.73,0.19,0.13,-0.21,gem,outer_rise
617825647,2020-04-01T04:12:21,-76.722,-45.637,10.0,5.16,mw,176.0,66.0,-81.0,336.0,25.0,-109.0,44.6625729264746,79.21728945607379,12.147168020183525,181.4992200056988,42.79830865202256,282.9955447588631,-5.59,1.0,4.58,0.33,4.69,-1.12,gem,outer_rise
618052989,2020-04-14T16:02:09,-70.445,-33.895,107.2,5.0,mw,112.0,55.0,-136.0,353.0,55.0,-45.0,38.93646115597786,52.57412692742622,51.06179521959501,231.93481531883245,0.3125292213091307,322.3216157726309,-2.65,0.64,2.01,-1.63,-1.29,-2.52,gem,slab_deep
618052993,2020-04-14T18:54:41,-79.799,-44.483,10.0,5.04,mw,259.0,81.0,169.0,351.0,79.0,9.0,1.3376353595187216,34.70270903050067,76.22337542892329,299.2379530903009,13.708972947878683,125.0290723836256,0.95,0.99,-1.95,-0.75,0.39,-4.23,gem,outer_rise
618108464,2020-04-16T15:13:05,-73.693,-37.949,13.2,5.08,mw,15.0,47.0,-107.0,219.0,46.0,-72.0,44.32959255759455,296.9321760748792,45.4819464208265,123.49770962281514,3.287502541583766,30.148850418236638,-5.08,0.98,4.11,0.97,-0.65,2.17,gem,forearc
618169840,2020-04-25T05:53:56,-71.372,-27.819,12.8,5.27,mw,199.0,85.0,99.0,318.0,10.0,29.0,44.16011260437347,298.75297327231976,9.101451944274286,199.8030660298028,44.40607585851247,100.77531949471654,0.06,0.26,-0.32,-0.29,-0.95,-0.03,gem,forearc
618324436,2020-05-23T13:11:00,-69.878,-33.456,120.9,5.24,mw,0.0,64.0,-143.0,251.0,57.0,-32.0,34.77155315680324,304.48641349491413,54.619380518405485,136.62280240726466,5.738757333587356,38.48735772170198,-3.68,0.18,3.5,4.81,-4.29,5.6,gem,slab_deep
618366238,2020-05-29T16:32:55,-69.202,-27.597,109.9,4.98,mw,185.0,59.0,150.0,292.0,64.0,35.0,4.692006411397652,150.30072249262383,55.82393759000809,247.24347507477825,33.76239604934574,57.15554588965654,1.79,0.43,-2.22,-1.39,-0.52,2.68,gem,slab_deep
618590068,2020-06-25T11:55:02,-71.784,-32.204,24.9,5.18,mw,28.0,39.0,129.0,162.0,60.0,63.0,24.57840169584917,25.69196220881406,37.55698174192338,136.2822609233997,42.44375007608192,270.9655339075766,5.68,1.39,-7.08,2.58,-2.73,-0.72,gem,slab_interface
618653099,2020-07-02T12:35:47,-72.194,-34.172,23.8,5.03,mw,8.0,29.0,90.0,188.0,61.0,90.0,45.000000000000014,98.0,9.211798219570435e-17,8.0,45.00000000000001,278.0,3.95,-0.48,-3.47,-0.34,-2.37,-0.43,gem,slab_interface
618938653,2020-09-01T04:09:30,-71.003,-27.985,28.7,6.86,mw,15.0,24.0,112.0,171.0,68.0,81.0,42.859286963452895,64.60813866586375,12.136318319919074,166.1186164925915,44.60622703256222,268.3645788587006,1.67,0.07,-1.75,0.43,-1.72,-0.09,gem,slab_interface
618938658,2020-09-01T04:30:04,-71.153,-28.053,28.2,6.29,mw,21.0,30.0,119.0,168.0,65.0,74.0,37.99023554171688,48.9691296219375,21.794160960811386,157.1664130066806,44.04197943193304,269.91575497898043,2.58,0.13,-2.71,0.85,-1.93,-0.24,gem,slab_interface
618938669,2020-09-01T07:01:25,-71.327,-28.019,22.0,5.83,mw,6.0,31.0,105.0,169.0,60.0,81.0,41.53183357147546,56.40570878098089,14.791384283970928,159.93095795198712,44.72525652927486,265.09183973084066,6.31,-0.81,-5.49,1.37,-3.3,0.12,gem,slab_interface
618944067,2020-09-01T10:31:53,-71.296,-27.878,23.1,5.66,mw,7.0,24.0,104.0,172.0,67.0,84.0,44.005368968770334,70.23600047810805,8.164605143963685,168.20139463861972,44.838834053175496,266.4035865377134,2.81,0.06,-2.87,0.53,-2.62,0.03,gem,slab_interface
618946574,2020-09-01T17:13:21,-71.406,-27.863,11.1,5.11,mw,7.0,23.0,104.0,172.0,67.0,84.0,44.152351772315725,71.2890490749445,7.585014656422824,168.71700180513108,44.84924545707101,266.328967332894,4.08,-0.02,-4.05,0.78,-3.96,0.02,gem,forearc
618947023,2020-09-01T21:09:19,-71.327,-27.947,23.6,6.42,mw,17.0,22.0,116.0,169.0,70.0,80.0,42.94163068724453,63.30071950863288,12.135641711778,164.84420316580702,44.52437305757817,267.0539697833963,3.3,0.4,-3.7,1.02,-3.97,-0.18,gem,slab_interface
618950110,2020-09-02T03:04:28,-71.407,-27.881,25.3,5.08,mw,173.0,63.0,90.0,352.0,27.0,89.0,44.99999999999999,263.0,8.792566076933485e-15,173.0,45.00000000000001,83.0,4.5,-0.54,-3.97,0.35,-3.06,0.45,gem,intra_slab
618979556,2020-09-05T06:39:42,-71.696,-27.959,18.4,4.98,mw,184.0,71.0,91.0,359.0,20.0,86.0,44.97970805956805,275.612395542518,1.1997955409689112,184.41318671167733,44.99517143321325,93.21333031016876,2.54,-0.37,-2.17,-0.23,-2.9,-0.03,gem,intra_slab
619500226,2020-09-06T01:16:59,-71.539,-30.336,40.3,6.34,mw,7.0,28.0,100.0,175.0,62.0,84.0,43.9625318267603,73.53659695057024,8.116313864550573,171.4420196504101,44.89518318423508,269.61086674846234,3.34,0.12,-3.46,0.38,-2.26,-0.05,gem,intra_slab
619061756,2020-09-17T01:33:16,-71.634,-30.307,42.9,5.01,mw,0.0,38.0,100.0,167.0,53.0,82.0,37.54926919349704,42.72488523325882,21.26184411047548,150.1291451065689,44.83256372776836,262.8877283634098,3.87,0.16,-4.03,0.55,-1.06,0.47,gem,intra_slab
619552835,2020-10-28T04:52:31,-71.666,-34.912,63.6,5.42,mw,232.0,65.0,-40.0,342.0,54.0,-148.0,35.578440123984045,108.96350251236343,52.90888936010782,270.0805075671488,9.13399299061845,12.35886451716533,-0.88,-0.62,1.5,0.83,0.03,0.72,gem,intra_slab
619509668,2020-10-28T14:53:11,-71.231,-29.321,50.3,5.76,mw,234.0,34.0,141.0,357.0,70.0,62.0,31.51806015039592,231.24016880309512,32.35162169251039,344.0979136208524,41.57516840449211,108.2851852910211,3.2,0.17,-3.38,-1.1,3.65,-2.25,gem,intra_slab
619517477,2020-11-03T02:40:56,-79.512,-44.448,18.4,6.02,mw,168.0,89.0,-4.0,258.0,86.0,-179.0,3.530712323943121,33.100366763995,85.87944756493974,182.0218536686601,2.1216972519663853,302.96939662859995,-0.08,0.59,-0.51,0.0,0.09,-1.21,gem,outer_rise
619554535,2020-11-21T02:11:47,-71.343,-30.922,54.8,5.53,mw,164.0,58.0,85.0,353.0,32.0,98.0,43.50347846246118,238.77097418224557,9.554018248442157,337.9628669163371,44.917428279438845,77.62439810458125,2.06,0.17,-2.23,0.39,-1.02,0.53,gem,intra_slab
619646130,2020-11-22T00:54:56,-73.122,-34.612,21.6,6.11,mw,171.0,48.0,169.0,268.0,82.0,43.0,24.472134998807924,138.91277215482376,47.98687077262103,259.2607374529677,31.715351870218093,32.57686878790372,0.17,-0.12,-0.05,-1.27,-0.71,1.28,gem,intra_slab
619571710,2020-12-03T02:37:27,-67.126,-31.882,131.8,5.23,mw,128.0,68.0,140.0,235.0,53.0,28.0,12.146287852949238,266.13901474253066,52.541199968492045,159.82468545389293,34.794520023676625,4.740202480826326,0.43,-0.92,0.48,0.2,-0.34,0.06,gem,slab_deep
619580150,2020-12-08T07:07:20,-71.49,-32.066,52.3,5.05,mw,15.0,60.0,98.0,181.0,31.0,77.0,42.07246268203447,125.56807602769794,13.55286811093929,23.0,44.7759642307405,279.16202349040043,4.19,-0.13,-4.05,0.93,2.12,-0.54,gem,intra_slab
621237270,2020-12-27T21:39:15,-74.995,-39.342,15.0,6.7,mw,1.0,43.0,-109.0,206.0,50.0,-73.0,44.27310981700346,284.33495450229253,41.94521648172061,75.5170840527586,14.874968057545615,179.3268125071811,-1.34,-0.02,1.36,0.34,0.09,0.35,gem,intra_slab
