id,time_iso,longitude,latitude,depth,mag,mag_type,strike1,dip1,rake1,strike2,dip2,rake2,T_plunge,T_azimuth,N_plunge,N_azimuth,P_plunge,P_azimuth,Mrr,Mtt,Mpp,Mrt,Mrp,Mtp,source,class
718362,1976-02-28T16:27:11,-74.938,-39.979,15.0,5.92,mw,13.0,45.0,-85.0,187.0,45.0,-95.0,44.94549303233436,279.46670640184016,45.00000000000005,102.9999999999984,1.7674863946067771,11.23167201047363,-0.8,-0.23,1.03,-0.03,0.01,0.23,gem,subduction_intraslab
695408,1977-07-02T05:09:06,-71.027,-25.788,29.1,5.63,mw,174.0,79.0,92.0,342.0,11.0,79.0,44.946258147471305,266.52650233853933,2.1172794909713306,174.4117484240088,44.97553654170957,82.29483112154242,1.25,-0.02,-1.22,0.33,-3.11,0.27,gem,subduction_intraslab
691406,1977-10-05T04:34:10,-70.968,-28.341,50.2,5.48,mw,16.0,36.0,113.0,168.0,57.0,74.0,32.472008109372446,37.88054558545576,28.37231123089133,147.9826389912513,44.19418134739383,269.65707085843025,1.7,0.28,-1.98,0.4,-0.74,-0.06,gem,subduction_intraslab
686607,1978-02-17T06:43:29,-71.347,-28.737,40.5,5.33,mw,18.0,77.0,109.0,141.0,23.0,35.0,40.05176621308839,131.14366994350104,20.400283242828944,22.92550360783844,42.9601788786576,272.6630133976578,5.82,-0.2,-5.62,5.21,9.22,2.38,gem,subduction_intraslab
681554,1978-06-28T07:27:54,-70.127,-27.534,90.6,5.13,mw,8.0,71.0,-66.0,134.0,30.0,-139.0,42.284134865410365,259.87995860063995,27.717710689204388,18.42287599757549,35.12229441368832,130.11179823245322,-3.2,-1.55,4.75,-0.68,-4.25,-1.93,gem,subduction_intraslab
677592,1978-08-03T18:11:18,-70.65,-26.52,55.0,6.83,mw,15.0,72.0,-102.0,231.0,22.0,-57.0,44.28871522277922,294.4189446325947,13.985311476030192,190.35837196717767,42.36106929713432,87.23144648041045,-1.5,0.75,0.74,-0.16,-1.75,0.45,gem,subduction_intraslab
665465,1979-05-22T08:33:40,-69.279,-22.921,84.2,5.47,mw,19.0,55.0,-69.0,165.0,40.0,-117.0,43.684460455463714,274.1818624651001,37.705462148140846,51.77139718508107,22.69769665084646,160.63601854201954,-1.66,-0.36,2.02,-0.5,-0.47,0.11,gem,subduction_intraslab
665820,1979-05-28T14:59:19,-70.181,-24.578,52.0,5.88,mw,196.0,58.0,-75.0,349.0,35.0,-113.0,44.26114673824932,95.22430470780428,26.249549773732443,213.94749667327252,34.28272615010732,323.5915944580696,-5.88,-2.69,8.56,1.21,3.22,0.83,gem,subduction_intraslab
656945,1979-10-11T08:55:56,-71.963,-33.508,37.8,5.37,mw,13.0,24.0,96.0,187.0,66.0,87.0,44.80153946728375,91.23325434185053,3.618606855215072,184.83403488793437,44.970223720408605,278.4561085514242,0.96,0.18,-1.14,-0.1,-0.96,-0.23,gem,subduction_intraslab
651166,1980-02-14T14:07:02,-71.622,-31.905,44.3,5.06,mw,226.0,41.0,142.0,346.0,66.0,55.0,23.392890684955976,212.34687739878387,40.70879475138336,324.19841074835585,40.221165871152685,100.8874653256911,2.82,2.15,-4.97,-0.44,2.26,-1.69,gem,subduction_intraslab
650101,1980-03-23T23:33:12,-71.582,-30.023,35.9,5.37,mw,1.0,37.0,75.0,200.0,55.0,101.0,35.08111944416666,147.7626291809397,24.80219382199168,38.82432459029906,44.63958631539957,281.67353418001886,1.25,0.13,-1.38,-0.27,-0.39,-0.32,gem,subduction_intraslab
650414,1980-03-29T06:41:49,-75.509,-43.152,17.8,6.08,mw,34.0,78.0,-83.0,185.0,14.0,-119.0,44.70998399042546,298.12574071815175,7.486684376146012,35.600671217359775,44.31723659756799,132.97323873535538,-0.53,-0.11,0.64,-0.82,-1.21,0.43,gem,subduction_intraslab
611767,1981-09-19T11:40:55,-74.937,-39.035,17.9,5.54,mw,206.0,38.0,-53.0,342.0,61.0,-116.0,42.78200976317083,90.201454873402,35.887344914873964,318.16633214401406,26.20885188537727,207.30140844221023,-2.07,-0.03,2.09,1.1,-0.93,0.25,gem,subduction_intraslab
608340,1981-11-07T03:29:51,-71.324,-32.162,60.0,6.95,mw,208.0,5.0,-47.0,345.0,86.0,-94.0,44.91018915374077,78.10226528161019,3.435524607005576,344.67133379987973,44.88405890995395,251.2435340635443,-0.07,-0.77,0.83,0.78,-3.12,-0.22,gem,subduction_intraslab
608788,1981-11-17T07:11:24,-70.107,-25.905,69.0,5.42,mw,144.0,11.0,101.0,312.0,80.0,88.0,44.93994050889956,220.13042572828007,2.2437721544987648,312.3712152996883,44.97223551565384,44.614533651060015,0.59,-0.27,-0.32,-1.2,1.08,0.34,gem,subduction_intraslab
596390,1982-06-01T04:14:14,-75.275,-41.516,20.0,6.4,mw,25.0,65.0,-67.0,160.0,33.0,-130.0,42.89122439170433,278.2142718720793,29.961976179296737,40.5934907174954,32.41494249788143,152.06553499906352,-3.37,-0.86,4.23,-1.87,-2.34,0.31,gem,subduction_intraslab
596588,1982-06-05T00:17:00,-75.328,-43.07,25.0,5.26,mw,8.0,61.0,-91.0,191.0,29.0,-87.0,44.996387907388126,278.7355649816984,1.6499782016348907,187.08511036119253,44.956109875388535,95.43697523870026,-7.5,-1.01,8.5,-0.68,-5.13,1.66,gem,subduction_intraslab
593177,1982-08-05T09:16:43,-70.75,-26.688,45.0,5.69,mw,149.0,12.0,-93.0,332.0,78.0,-89.0,44.99758781780254,61.52944508136079,0.6822820378056016,152.211718045589,44.994287905288346,242.8939124205086,-2.24,1.1,1.14,1.78,-3.4,-0.11,gem,subduction_intraslab
591614,1982-09-06T11:13:26,-71.499,-32.206,63.0,5.26,mw,68.0,21.0,-166.0,326.0,85.0,-69.0,42.01333908854506,36.94757493823664,20.63236455692767,146.7744358542041,40.85265958480188,255.776838290918,-1.79,3.96,-2.17,4.54,-7.86,-1.5,gem,subduction_intraslab
591057,1982-10-26T03:24:31,-71.334,-29.802,70.1,5.75,mw,100.0,15.0,-154.0,345.0,84.0,-77.0,43.7280256321364,62.79873634347695,13.793465322088185,166.38076658204955,43.01296313988465,269.6212535074654,-1.37,1.15,0.21,0.97,-4.9,-1.1,gem,subduction_intraslab
575262,1983-05-02T01:24:58,-70.838,-26.601,35.5,5.63,mw,20.0,30.0,116.0,171.0,64.0,76.0,38.74011720617695,52.41673942776549,20.43444221610541,159.80962440910366,44.22599242117749,271.0725501143927,2.34,0.81,-3.15,0.48,-1.96,-0.23,gem,subduction_intraslab
575722,1983-05-07T01:07:23,-70.824,-28.008,50.9,5.08,mw,16.0,29.0,101.0,183.0,62.0,84.0,43.53606560493382,78.95395101675791,9.61087812493086,178.212705337613,44.866217845502405,277.9158636607251,4.28,-0.02,-4.26,0.09,-2.81,-0.74,gem,subduction_intraslab
575911,1983-05-09T10:58:26,-75.049,-40.99,20.6,6.08,mw,213.0,54.0,-68.0,358.0,41.0,-118.0,43.601195895297614,107.5350321086031,39.98643200978435,250.54240566265844,19.503123122121185,357.822871297876,-1.29,-0.28,1.57,0.41,0.25,0.57,gem,subduction_intraslab
566658,1983-10-16T09:59:47,-70.236,-23.748,60.0,5.93,mw,4.0,74.0,-90.0,185.0,16.0,-90.0,45.00000000000001,274.0,1.5902773407317584e-15,4.0,45.00000000000001,94.0,-5.23,0.02,5.2,-0.58,-8.15,0.4,gem,subduction_intraslab
563533,1983-12-23T22:56:07,-71.441,-27.348,23.6,5.22,mw,49.0,68.0,-148.0,306.0,61.0,-25.0,31.56689277128588,355.99272711441654,57.744773996339966,189.1922651264022,5.959899265276339,89.67032526467278,-2.43,7.77,-5.34,-0.44,-5.37,0.54,gem,subduction_intraslab
558434,1984-02-03T08:29:49,-71.357,-29.633,46.4,5.56,mw,12.0,45.0,97.0,182.0,45.0,83.0,2.474103635746461,9.523586500474266,45.00000000000006,101.99999999999886,44.893231239809296,277.0563909803252,2.53,0.26,-2.78,0.2,-0.01,-0.38,gem,subduction_intraslab
555397,1984-04-19T08:28:54,-71.836,-31.823,29.7,5.71,mw,19.0,16.0,120.0,168.0,76.0,82.0,43.99413569576475,67.07855570792117,8.923646104696573,165.79822254848523,44.62701743444836,264.7142968877982,2.08,0.0,-2.08,0.96,-3.81,-0.2,gem,subduction_intraslab
553729,1984-05-25T13:20:23,-75.493,-42.764,20.7,5.38,mw,14.0,63.0,-86.0,185.0,27.0,-98.0,44.9387572759378,281.0286522373576,6.042018154981771,17.091524463406813,44.42641302655374,113.04653079627786,-1.13,-0.08,1.21,-0.26,-0.84,0.24,gem,subduction_intraslab
538611,1984-11-08T06:32:57,-71.441,-30.848,45.0,5.53,mw,182.0,50.0,92.0,359.0,40.0,87.0,43.70298321871428,287.7616061306762,8.686530326086215,189.36549775071535,44.98968066415471,90.58056850958776,2.25,0.31,-2.56,-0.07,-0.45,-0.03,gem,subduction_intraslab
534791,1985-01-18T15:00:10,-70.891,-29.416,80.8,6.31,mw,227.0,78.0,156.0,322.0,67.0,13.0,8.454025238749896,2.632915017337268,64.96740640678789,254.0747689092128,23.376576278606287,96.31648506979371,0.54,2.9,-3.44,-1.46,-0.41,-0.5,gem,subduction_intraslab
532684,1985-02-21T18:53:09,-72.076,-33.384,35.0,5.69,mw,29.0,31.0,127.0,167.0,66.0,70.0,35.4916708619647,44.73207630662034,25.9216696495544,155.01055570386097,43.38503178880012,272.35805108625544,2.69,0.87,-3.56,0.89,-2.47,-0.5,gem,subduction_intraslab
532700,1985-02-21T21:52:57,-70.494,-20.788,35.0,5.62,mw,10.0,30.0,114.0,163.0,63.0,77.0,39.28899455417221,45.59615699763782,19.42113082186268,152.36207421690096,44.33844642420135,262.5146333812844,2.37,0.62,-2.99,0.71,-1.76,0.32,gem,subduction_intraslab
529084,1985-03-03T22:47:08,-71.858,-33.257,35.0,7.95,mw,11.0,26.0,110.0,169.0,66.0,81.0,42.515340294540366,60.9039620031927,12.890565286903328,163.01587193466253,44.62998357884495,266.0728717537337,7.48,0.49,-7.96,1.91,-6.55,0.03,gem,subduction_intraslab
529115,1985-03-04T06:06:57,-72.112,-33.893,30.0,6.31,mw,215.0,24.0,143.0,340.0,76.0,70.0,39.49762715702385,225.15492985330857,21.295638679370708,333.8962452568719,42.90943960045521,85.14024962767331,1.58,0.72,-2.29,-1.23,2.72,-0.32,gem,subduction_intraslab
529148,1985-03-04T13:49:32,-72.171,-33.965,35.0,5.72,mw,26.0,24.0,128.0,165.0,71.0,74.0,40.648275941456816,52.959483798883525,17.99436786355056,159.15236482956448,43.86676194057834,267.3448253973517,2.77,0.26,-3.04,1.36,-3.31,-0.4,gem,subduction_intraslab
529154,1985-03-04T15:01:09,-71.391,-33.79,55.0,6.3,mw,21.0,28.0,109.0,179.0,63.0,80.0,41.89736857406654,69.29704830014782,14.250228035491745,172.46786094436277,44.624816125971655,276.9848675784911,2.54,0.44,-2.97,0.2,-2.02,-0.55,gem,subduction_intraslab
529408,1985-03-07T00:54:58,-71.972,-33.047,28.4,5.44,mw,7.0,30.0,107.0,168.0,62.0,81.0,41.42754774446562,55.30289677691116,15.119541385335571,159.09694235755683,44.66511687623554,264.58553821649696,1.53,0.01,-1.53,0.36,-0.95,0.07,gem,subduction_intraslab
529896,1985-03-12T08:23:17,-72.235,-33.151,30.0,5.79,mw,35.0,17.0,123.0,180.0,76.0,81.0,43.63153396203139,78.09936921611558,10.38686298173958,178.1631400402116,44.50547649719868,278.5422337147557,2.57,0.37,-2.94,0.1,-5.3,-1.0,gem,subduction_intraslab
530837,1985-03-23T14:36:56,-72.357,-33.305,20.6,5.55,mw,16.0,46.0,118.0,159.0,51.0,65.0,7.049756352575127,3.2776002277929592,45.872753507732,100.6023006259515,43.26327405978574,266.5939385424551,2.25,0.36,-2.61,0.77,-0.2,0.13,gem,subduction_intraslab
528606,1985-04-28T02:53:43,-71.82,-33.068,33.4,5.61,mw,7.0,22.0,100.0,176.0,69.0,86.0,44.61624495558376,79.12695859138199,5.116697006108072,174.1956421868697,44.928019437559,269.3199390243103,2.1,0.18,-2.28,0.25,-2.37,-0.03,gem,subduction_intraslab
525206,1985-05-17T02:44:08,-72.579,-34.265,28.3,5.38,mw,46.0,32.0,143.0,168.0,71.0,63.0,33.51850029833465,44.59763764366801,30.210354213146893,157.28218185606465,41.662544635646846,278.4863111385516,0.79,0.29,-1.08,0.37,-1.0,-0.42,gem,subduction_intraslab
525400,1985-05-19T07:07:48,-72.202,-33.857,41.1,5.53,mw,20.0,28.0,103.0,185.0,62.0,83.0,43.33676374393308,80.07746982583689,10.320684139217924,179.9715105590053,44.823257006709774,280.3985743271512,1.78,0.36,-2.13,-0.05,-1.38,-0.53,gem,subduction_intraslab
521719,1985-06-02T16:26:58,-73.879,-37.784,25.0,5.86,mw,212.0,73.0,107.0,347.0,24.0,47.0,40.16336917897604,325.3667502391861,19.32228910111049,218.1538694898341,43.54016497805142,108.6904710418146,4.12,0.56,-4.68,-3.77,-4.65,-0.83,gem,subduction_intraslab
522290,1985-06-09T18:46:31,-71.971,-33.229,31.8,5.23,mw,159.0,64.0,86.0,347.0,26.0,97.0,44.473524894555005,240.4045444486156,5.8216854505414215,336.1495866210168,44.9369509179826,71.98864902989203,7.39,-1.27,-6.11,2.26,-4.97,1.64,gem,subduction_intraslab
522399,1985-06-11T11:12:32,-71.726,-32.629,51.8,5.49,mw,14.0,28.0,103.0,180.0,63.0,83.0,43.33676374393308,74.07746982583694,10.320684139217912,173.9715105590053,44.82325700670978,274.3985743271512,1.5,0.36,-1.86,0.05,-1.23,-0.24,gem,subduction_intraslab
522688,1985-06-14T13:14:14,-74.993,-40.7,22.2,5.41,mw,4.0,49.0,-117.0,223.0,48.0,-62.0,43.21215094531303,292.72591166302607,46.72230505822665,116.60383883406354,1.936433784401837,24.546116121092723,-1.43,0.04,1.38,0.43,-0.24,0.72,gem,subduction_intraslab
519662,1985-07-05T15:22:38,-72.132,-33.346,26.5,5.47,mw,190.0,69.0,98.0,348.0,22.0,70.0,43.5659408314984,293.5224181531386,9.990233764559076,193.87719147297005,44.709114864546805,93.83509752264716,1.24,0.18,-1.41,-0.33,-1.42,-0.0,gem,subduction_intraslab
519736,1985-07-06T08:33:06,-72.266,-33.424,22.2,5.45,mw,189.0,63.0,96.0,356.0,27.0,79.0,43.72793701129368,292.37829495836786,9.023339579843908,193.64108601401108,44.86229559347435,94.54790565176432,1.41,0.25,-1.66,-0.23,-1.1,-0.11,gem,subduction_intraslab
519842,1985-07-07T11:25:12,-72.044,-32.989,28.1,6.01,mw,0.0,21.0,96.0,174.0,69.0,88.0,44.87983448445124,79.61012559016763,2.876605531928139,172.47829728585953,44.97586292596488,265.35610742427457,8.04,0.96,-9.0,1.13,-9.21,0.61,gem,subduction_intraslab
520163,1985-07-11T20:31:13,-72.087,-32.972,25.2,5.47,mw,2.0,28.0,90.0,182.0,62.0,90.0,45.00000000000003,92.0,3.578124016646457e-15,2.0,44.99999999999999,272.0,1.54,0.2,-1.74,-0.04,-1.08,-0.07,gem,subduction_intraslab
520532,1985-07-17T13:53:03,-71.637,-32.799,52.3,5.52,mw,15.0,27.0,115.0,168.0,66.0,78.0,41.03434704949402,54.913716153446046,16.388968525993867,159.74495441399597,44.39149794245628,266.4787346685103,1.62,0.3,-1.92,0.47,-1.43,-0.01,gem,subduction_intraslab
517279,1985-08-04T04:54:01,-75.917,-45.033,15.0,5.83,mw,199.0,24.0,-64.0,352.0,68.0,-101.0,44.453927180519294,89.35189106488798,13.86185519655866,345.3408393286942,42.25308876717588,242.3865829246724,-4.18,-1.09,5.27,0.95,-4.77,0.4,gem,subduction_intraslab
510290,1985-11-06T16:08:51,-75.196,-40.743,16.3,5.26,mw,221.0,49.0,-52.0,351.0,53.0,-125.0,41.51740383100351,105.16706959582656,47.98872806784578,295.80925955855207,5.310042449850211,199.8867152138717,-7.53,-1.27,8.79,3.48,-1.69,3.11,gem,subduction_intraslab
504095,1986-02-20T09:16:06,-70.321,-21.337,55.0,5.79,mw,0.0,61.0,-77.0,154.0,32.0,-113.0,44.39275407547447,260.51903685830825,20.44632967543922,11.926459895597816,38.56124860626623,119.21618146696233,-3.75,-2.45,6.2,0.1,-2.9,-1.62,gem,subduction_intraslab
501459,1986-03-23T11:47:38,-71.131,-26.644,45.0,5.28,mw,43.0,69.0,-90.0,223.0,21.0,-90.0,45.000000000000014,313.0,1.2722218725854067e-14,223.0,44.99999999999999,133.0,-5.67,2.5,3.16,-5.2,-5.55,5.67,gem,subduction_intraslab
501933,1986-03-26T07:04:53,-71.993,-34.019,44.4,5.45,mw,5.0,24.0,97.0,177.0,66.0,87.0,44.73173756692224,81.30187863309186,4.20986643673208,175.4837402905738,44.95949047673717,269.699041261595,1.34,0.11,-1.45,0.1,-1.26,-0.01,gem,subduction_intraslab
486306,1986-09-12T10:39:40,-70.358,-22.57,65.0,5.14,mw,9.0,65.0,-98.0,207.0,26.0,-74.0,44.74082318233809,284.99698974199873,11.162045962036885,183.72072310315752,43.110646951292,83.07621826803626,-4.08,-1.17,5.24,-0.59,-3.95,2.04,gem,subduction_intraslab
477410,1987-01-27T07:06:52,-72.123,-32.168,27.7,5.51,mw,28.0,32.0,138.0,156.0,69.0,65.0,33.551319835292894,30.89150842787251,29.532125987436828,142.95891066081413,42.221326983565085,263.8940347535613,1.32,0.64,-1.96,0.8,-1.29,0.02,gem,subduction_intraslab
477562,1987-01-29T17:22:41,-71.277,-29.777,66.4,5.39,mw,2.0,82.0,-94.0,206.0,9.0,-66.0,44.89278151576228,275.5352675382441,4.120081189733381,181.41995032127053,44.81145633835366,87.31631921204797,-0.15,-0.52,0.66,-0.08,-1.44,0.14,gem,subduction_intraslab
471284,1987-03-05T10:55:14,-70.636,-24.57,40.0,6.93,mw,166.0,73.0,93.0,336.0,17.0,80.0,44.83748817384141,260.504436325567,3.4589022697667877,167.0588393490433,44.95395320108723,73.59918899106395,1.42,0.28,-1.7,0.59,-2.48,0.69,gem,subduction_intraslab
472079,1987-03-15T06:03:05,-70.624,-24.107,35.0,5.47,mw,160.0,81.0,106.0,279.0,19.0,30.0,41.97385442255735,268.2211513757511,16.565598076407007,162.7003711379541,43.36209077833354,56.38520989988854,0.72,-0.62,-0.09,0.42,-1.77,0.47,gem,subduction_intraslab
472852,1987-03-23T20:47:59,-72.287,-34.051,35.0,5.14,mw,31.0,41.0,125.0,169.0,58.0,64.0,20.70784451918433,27.22583591554661,40.05119409658831,135.75435458330833,42.75796256702278,276.766645450483,5.03,1.46,-6.49,1.57,-2.13,-1.33,gem,subduction_intraslab
467380,1987-05-19T12:56:26,-71.606,-30.352,37.6,6.15,mw,177.0,58.0,91.0,355.0,32.0,88.0,44.93807707118176,270.1392786105332,1.9335751333957203,178.20878039305785,44.996694800402494,86.27432654796087,1.58,0.52,-2.09,0.03,-0.87,0.18,gem,subduction_intraslab
467609,1987-05-23T05:01:08,-70.609,-20.151,33.5,5.15,mw,189.0,66.0,107.0,331.0,30.0,56.0,37.86265400604381,308.132804148298,22.312225048396176,199.5277998144693,43.80495951027903,86.34863366057783,4.61,0.68,-5.28,-1.35,-4.01,1.0,gem,subduction_intraslab
464074,1987-06-11T05:08:55,-70.909,-20.523,42.9,5.08,mw,15.0,34.0,126.0,154.0,63.0,69.0,32.19249133040195,25.74229083942015,29.80285049429808,136.87864067847397,43.230442045082455,259.4562269275617,4.14,0.18,-4.32,2.29,-2.13,0.35,gem,subduction_intraslab
459313,1987-08-08T15:49:00,-70.071,-19.148,90.0,7.2,mw,176.0,20.0,-87.0,353.0,70.0,-91.0,44.99440953589516,83.65940114340174,1.3376472296743662,352.32165034798936,44.97436695583438,260.984835309856,-4.51,-1.02,5.54,0.77,-5.98,-0.71,gem,subduction_intraslab
460505,1987-08-24T06:09:45,-70.68,-20.213,40.0,5.03,mw,178.0,44.0,109.0,332.0,49.0,72.0,10.861111463390902,175.44825237278917,43.7186368689229,276.0202196832288,44.24653635496709,74.6772110512934,4.3,-0.21,-4.08,-1.17,0.01,1.1,gem,subduction_intraslab
457380,1987-09-11T04:02:03,-70.86,-31.436,89.4,5.16,mw,52.0,10.0,-39.0,181.0,84.0,-98.0,44.570668852643,277.5932303565592,7.94306349322313,179.6927931948395,44.33512415654279,81.85746762576224,-1.8,0.86,0.94,-0.12,6.67,0.89,gem,subduction_intraslab
455901,1987-10-21T23:25:52,-69.922,-21.069,74.6,5.03,mw,200.0,29.0,-38.0,325.0,72.0,-114.0,42.248807659132005,72.40071622324615,26.611375350865902,315.3314475778587,36.1086676227421,203.89557474698785,-2.07,-1.27,3.34,1.87,-2.58,-0.98,gem,subduction_intraslab
452557,1987-11-09T17:46:21,-69.749,-22.272,60.5,5.31,mw,4.0,66.0,-147.0,259.0,60.0,-28.0,32.64977935255695,310.4596262147304,56.91482141456362,140.89278071291926,4.774422470384361,43.52741082366799,-3.91,1.0,2.9,4.52,-5.13,8.34,gem,subduction_intraslab
451704,1987-12-28T08:16:22,-70.7,-28.135,53.0,5.89,mw,20.0,31.0,114.0,173.0,62.0,76.0,38.442024544840365,53.38328822603978,20.75730033982028,160.89218921693657,44.304053984973685,272.60253370448925,6.36,1.46,-7.82,1.13,-4.45,-0.9,gem,subduction_intraslab
443017,1988-03-13T11:31:34,-72.184,-33.571,35.0,5.84,mw,38.0,28.0,138.0,166.0,72.0,68.0,37.06763391855094,47.27304695216941,24.791633271655574,157.6938860618369,42.75484367568853,272.97355293807163,3.81,1.04,-4.84,1.96,-4.95,-1.27,gem,subduction_intraslab
437084,1988-05-05T17:39:20,-71.651,-29.538,45.8,5.38,mw,0.0,3.0,53.0,217.0,87.0,92.0,44.96899175264714,128.92375742870536,1.811243081607896,37.113569702365055,44.97377001040671,305.30307992413435,0.08,0.05,-0.13,-0.86,-1.18,-0.14,gem,subduction_intraslab
428982,1988-08-14T13:11:44,-70.105,-21.858,71.7,5.09,mw,161.0,31.0,-104.0,356.0,60.0,-82.0,44.76045878775168,81.18369787240033,13.979415513702175,185.47627721698535,41.88978495687551,288.37843114551106,-5.03,0.73,4.29,-0.35,-2.64,-0.82,gem,subduction_intraslab
429247,1988-08-17T08:16:23,-71.286,-27.09,25.3,5.41,mw,46.0,13.0,155.0,161.0,85.0,78.0,43.53785109912528,57.648355505338486,11.973916437343169,159.2744248957581,43.99516624985392,261.09042920695583,0.4,-0.01,-0.39,0.62,-1.45,-0.26,gem,subduction_intraslab
429264,1988-08-17T12:38:14,-71.207,-27.255,25.4,5.63,mw,78.0,9.0,-171.0,339.0,88.0,-81.0,44.34757231322277,60.52501250637806,8.898779749040063,159.328626976897,44.28127701799603,258.11172521233755,0.23,-0.3,0.06,1.41,-3.13,-0.92,gem,subduction_intraslab
429273,1988-08-17T14:26:05,-71.215,-27.162,35.4,5.48,mw,56.0,10.0,152.0,173.0,85.0,81.0,44.19763017138436,74.10582155414517,8.936388123068914,172.9010151885841,44.41968768542186,271.7652171051774,0.31,0.07,-0.38,0.26,-1.96,-0.26,gem,subduction_intraslab
420473,1988-11-14T16:55:34,-71.871,-32.677,42.6,5.11,mw,160.0,63.0,87.0,347.0,27.0,96.0,44.67569374257563,243.18053993292392,4.538532088807632,337.6820213060861,44.96554292193324,72.2293752182959,5.25,-1.42,-3.82,1.41,-3.08,0.76,gem,subduction_intraslab
415332,1989-01-15T01:27:47,-71.879,-31.707,48.9,5.4,mw,133.0,81.0,86.0,336.0,10.0,113.0,44.80340851115895,218.2053269126584,4.153264900635729,312.3410183423394,44.89605418500946,46.49012963520954,0.56,-0.19,-0.37,1.13,-1.0,0.16,gem,subduction_intraslab
407555,1989-04-17T04:55:25,-71.97,-30.656,27.8,5.18,mw,176.0,67.0,92.0,351.0,23.0,85.0,44.89482180127446,269.76729655071927,2.6489142878115306,177.1252715335063,44.98279985370798,84.4751145378026,4.43,1.65,-6.08,0.34,-5.02,0.8,gem,subduction_intraslab
402233,1989-06-17T18:28:06,-75.0,-40.551,15.0,5.57,mw,1.0,75.0,-121.0,247.0,34.0,-28.0,40.011729762639725,294.4422836696036,33.409728796217586,170.81976451990158,32.166967750696415,56.30955745976121,-1.32,0.53,0.79,0.8,-2.14,1.23,gem,subduction_intraslab
386905,1989-11-14T06:07:54,-71.165,-27.56,33.4,5.38,mw,202.0,51.0,140.0,319.0,60.0,46.0,8.66232995906274,176.0603450292076,49.95886130840005,276.5056955258875,38.71591401391533,79.04565475604647,0.91,0.33,-1.24,-1.02,-0.01,0.23,gem,subduction_intraslab
385365,1989-12-30T12:38:14,-70.626,-26.279,40.9,5.49,mw,21.0,48.0,121.0,159.0,51.0,60.0,3.3911727905499123,2.7746998502493625,47.06682649556176,96.42653620383857,42.73211845919069,269.63666219210745,1.63,0.72,-2.34,0.46,-0.12,0.0,gem,subduction_intraslab
355139,1990-10-31T14:39:28,-70.634,-26.645,60.2,5.53,mw,74.0,50.0,-140.0,315.0,60.0,-48.0,38.91320163951468,17.0085358194886,49.29169345915143,176.77205619911263,10.109846380242256,278.7325535280805,-1.54,2.27,-0.73,0.15,-1.01,-0.88,gem,subduction_intraslab
348867,1990-12-27T16:08:35,-70.075,-22.835,62.3,5.44,mw,7.0,75.0,-103.0,229.0,20.0,-50.0,44.09037113976669,287.4630456962853,14.407143614949296,183.0530230945752,42.3587408368649,79.50660069880973,-0.76,-0.14,0.89,-0.17,-1.52,0.56,gem,subduction_intraslab
332596,1991-05-18T06:57:28,-75.039,-40.001,22.1,5.41,mw,242.0,61.0,-27.0,346.0,67.0,-149.0,31.996565388409323,112.85738478676576,57.60575475053712,302.8850441021752,4.537605224859073,205.6995244946357,-0.71,-0.58,1.29,0.54,-0.39,1.01,gem,subduction_intraslab
327840,1991-06-03T05:05:17,-74.948,-40.038,20.0,5.54,mw,229.0,66.0,-49.0,345.0,46.0,-146.0,38.347490891853184,110.74076763516184,46.3788714115797,256.85211733602955,17.55854657869231,6.244222826271425,-1.48,-0.94,2.41,0.71,0.74,1.42,gem,subduction_intraslab
323269,1991-08-18T21:52:07,-71.573,-32.036,48.2,5.21,mw,186.0,79.0,105.0,312.0,18.0,37.0,42.09735789548503,293.9840169152375,15.814911568439136,189.156228699922,43.641642096999725,83.48418868097554,2.8,0.81,-3.6,-0.99,-7.31,1.71,gem,subduction_intraslab
289842,1992-05-03T03:40:40,-71.579,-32.412,57.8,5.5,mw,162.0,88.0,94.0,275.0,4.0,23.0,44.85035631753747,256.13632966606417,4.0072891555493255,162.1401663837123,44.869827887530114,68.14128159043315,0.23,-0.29,0.05,0.66,-2.07,0.04,gem,subduction_intraslab
291906,1992-05-18T03:02:22,-71.997,-33.597,30.0,6.1,mw,19.0,8.0,120.0,169.0,83.0,86.0,44.81778024468949,74.16333209846482,4.109228752710865,168.25700350707496,44.88801107309318,262.36074026931203,0.47,-0.1,-0.37,0.34,-1.66,-0.07,gem,subduction_intraslab
292583,1992-05-22T01:20:39,-72.083,-33.741,28.1,5.56,mw,0.0,21.0,92.0,178.0,69.0,89.0,44.98647310849484,86.5245584033687,0.9638371639255082,177.488076869353,44.997314624393546,268.45196007297545,1.86,-0.15,-1.71,0.07,-1.97,0.01,gem,subduction_intraslab
288038,1992-06-21T10:52:43,-70.743,-26.562,38.7,5.74,mw,225.0,44.0,144.0,343.0,66.0,52.0,20.023307956786244,206.42693020915763,43.9822247452789,317.01877991463783,39.261948823863335,99.09665277833231,2.91,1.64,-4.55,-1.54,2.09,-1.43,gem,subduction_intraslab
270333,1992-10-29T14:39:18,-71.257,-29.255,45.6,5.29,mw,130.0,17.0,-11.0,231.0,87.0,-107.0,42.865831451308416,335.8144819048963,16.777018992383525,229.56514915909636,42.354693461277165,123.61193095368066,-2.95,3.76,-0.8,6.4,8.02,-3.22,gem,subduction_intraslab
263067,1992-11-17T04:24:17,-71.23,-30.576,55.9,5.3,mw,0.0,32.0,106.0,161.0,60.0,80.0,40.48798446972438,45.98455350903112,16.86284534505802,150.9819281330632,44.67208800587446,258.4194236986711,9.21,0.25,-9.46,2.52,-4.78,1.78,gem,subduction_intraslab
250004,1993-01-01T09:56:30,-71.686,-31.748,50.6,5.28,mw,174.0,71.0,89.0,356.0,19.0,92.0,44.97970805956805,262.3876044574819,1.199795540968922,353.5868132883226,44.99517143321325,84.78666968983123,7.02,-1.06,-5.96,0.93,-8.22,0.41,gem,subduction_intraslab
231950,1993-05-11T16:25:01,-70.431,-24.944,48.7,5.69,mw,3.0,89.0,-82.0,99.0,8.0,-175.0,44.46378287413224,265.2086487582497,8.003586001460667,3.1406190787920423,44.42538797220864,101.06189555361186,-0.05,-0.19,0.24,-0.22,-4.16,-0.57,gem,subduction_intraslab
221514,1993-07-16T21:21:28,-71.884,-33.276,30.5,5.63,mw,7.0,18.0,111.0,164.0,73.0,83.0,44.22134164033733,65.2391326169735,7.6122233011791325,162.71228380736773,44.77314917439114,260.33165547005444,1.91,0.13,-2.04,0.87,-2.71,0.18,gem,subduction_intraslab
221587,1993-07-17T01:35:41,-71.48,-30.118,52.9,5.67,mw,207.0,83.0,97.0,342.0,10.0,46.0,44.44834945537527,304.9597724216522,7.1580317469262456,207.8835320755439,44.66198977520487,110.7540431259689,0.92,0.25,-1.17,-1.72,-3.34,-0.14,gem,subduction_intraslab
192021,1993-12-04T23:16:50,-72.163,-33.948,30.0,5.61,mw,35.0,16.0,140.0,163.0,80.0,77.0,43.06145412150869,59.07391307006503,12.978217117293472,161.5115763671962,44.04709562869025,264.3925574418352,1.16,0.18,-1.33,1.02,-2.76,-0.32,gem,subduction_intraslab
185074,1994-02-11T00:48:44,-71.065,-18.629,41.5,5.41,mw,158.0,56.0,121.0,291.0,45.0,53.0,13.671354165549545,303.823126232331,44.70946257770363,199.8899762060741,42.08482160354705,46.51283041154011,1.33,-0.68,-0.64,-0.27,-0.66,0.94,gem,subduction_intraslab
169502,1994-06-16T00:47:26,-71.75,-32.646,40.5,5.06,mw,10.0,22.0,112.0,166.0,70.0,81.0,43.41416175471029,62.32166799394656,10.57061859220702,162.4911021523037,44.656850955498655,263.116799860236,3.41,-0.26,-3.14,1.21,-3.36,0.02,gem,subduction_intraslab
160149,1994-08-14T10:58:20,-71.618,-29.875,40.3,5.44,mw,237.0,85.0,113.0,340.0,24.0,14.0,39.80530881558014,350.1020067170803,23.22321291177979,239.1513691732086,41.24698330496858,127.04957550689676,0.4,0.44,-0.83,-1.5,-0.7,-0.27,gem,subduction_intraslab
155708,1994-09-12T06:29:56,-71.706,-31.188,45.0,5.89,mw,167.0,74.0,103.0,306.0,21.0,51.0,42.22611558518904,274.99122994511305,14.62546887403458,171.29132273093398,44.11646255127898,66.63451896410629,3.79,-0.11,-3.67,1.39,-6.76,3.03,gem,subduction_intraslab
156078,1994-09-14T05:02:14,-71.862,-31.246,41.8,5.42,mw,26.0,32.0,131.0,160.0,66.0,68.0,33.964832465404044,35.527533902315554,28.239601971759768,146.73765914928663,42.9351094617844,266.7180997729425,1.11,0.38,-1.49,0.52,-0.92,-0.05,gem,subduction_intraslab
157186,1994-09-22T14:24:37,-71.911,-32.32,44.9,5.44,mw,61.0,36.0,21.0,314.0,78.0,124.0,31.40904949684892,258.6953195555856,35.710715342052765,142.658556857887,38.510960110889904,17.766732219426274,0.61,-1.33,0.72,-0.9,1.02,0.33,gem,subduction_intraslab
148630,1994-10-11T01:37:21,-71.497,-32.185,53.0,5.72,mw,162.0,71.0,118.0,284.0,33.0,37.0,32.21136856036505,287.5047703852354,31.928245433571885,174.3897526782747,41.33305796802705,51.15505520943731,2.89,-2.08,-0.8,-0.46,-3.71,1.72,gem,subduction_intraslab
143250,1994-11-22T12:19:50,-69.641,-23.22,66.0,5.08,mw,141.0,38.0,-68.0,294.0,55.0,-107.0,44.197745227765225,35.45074405510047,31.884590168838702,268.2297422573722,28.99689227710506,158.06161469410836,-5.12,2.95,2.16,2.08,0.38,-1.94,gem,subduction_intraslab
108277,1995-04-07T16:01:26,-70.429,-25.621,63.5,5.03,mw,150.0,19.0,-103.0,345.0,72.0,-86.0,44.90395707698066,70.22700550582607,5.251978751974402,165.48348680257914,44.61595901243611,260.6872414209649,-2.98,1.02,1.95,0.75,-3.44,-0.63,gem,subduction_intraslab
111426,1995-04-28T02:04:21,-71.947,-31.676,43.3,5.14,mw,126.0,42.0,61.0,342.0,54.0,114.0,18.02806899359549,308.26336629727865,41.11264603703781,201.76161817678292,43.38681318183546,56.17992891297479,6.83,-3.45,-3.37,2.32,3.16,1.08,gem,subduction_intraslab
106610,1995-05-28T19:59:13,-71.204,-28.993,44.7,5.49,mw,170.0,19.0,88.0,352.0,71.0,91.0,44.990386593567344,263.22499863264306,0.8258577102903658,172.39933225378138,44.99771037027079,81.57345475332454,1.33,-0.02,-1.3,-0.21,1.66,0.2,gem,subduction_intraslab
96740,1995-06-02T19:07:23,-71.486,-31.895,69.2,5.55,mw,166.0,14.0,-73.0,328.0,76.0,-94.0,44.90108577112624,61.96759988635984,4.540121297591582,327.4288886679786,44.739903297052415,232.91569551331943,-0.96,-0.12,1.08,1.18,-1.93,-0.74,gem,subduction_intraslab
91688,1995-07-01T09:14:55,-72.341,-33.906,35.1,5.19,mw,7.0,24.0,108.0,168.0,67.0,82.0,43.4558484534154,63.22824640809085,10.233871584230988,163.0777417902102,44.73483605537322,263.3820036116357,5.97,-1.03,-4.93,1.75,-5.08,-0.06,gem,subduction_intraslab
96080,1995-07-30T05:11:25,-70.323,-23.349,46.0,8.0,mw,177.0,68.0,91.0,354.0,22.0,87.0,44.97544168456764,268.80882181655767,1.2887974693221755,177.52080298760688,44.99557330143676,86.23187856338916,8.26,0.42,-8.68,0.3,-8.67,0.64,gem,subduction_intraslab
72835,1995-10-01T12:50:16,-71.442,-31.512,61.8,5.36,mw,180.0,18.0,-74.0,344.0,73.0,-95.0,44.86719438364631,77.30132388628539,5.925449156723747,341.371582908233,44.52216295107005,245.51308501637945,-0.65,-0.22,0.87,0.33,-1.1,-0.21,gem,subduction_intraslab
71854,1995-11-27T05:24:29,-70.206,-22.815,49.0,5.31,mw,216.0,27.0,-19.0,323.0,82.0,-115.0,40.80684788937564,74.20090185342593,26.42132740080599,318.79749151507485,37.7568799621199,206.16542042580943,-3.5,-2.66,6.15,7.77,-6.64,1.27,gem,subduction_intraslab
949543,1996-02-22T13:40:55,-71.634,-33.588,47.5,5.87,mw,93.0,40.0,49.0,321.0,61.0,119.0,23.080755225568904,278.62762553231823,39.074787907697086,168.38460962114948,42.07240162293527,31.251106257530694,5.77,-5.62,-0.15,-1.02,3.73,3.83,gem,subduction_intraslab
960674,1996-04-25T04:51:17,-71.411,-30.192,62.5,5.19,mw,7.0,42.0,-82.0,177.0,48.0,-97.0,44.87483001610006,271.343159729737,32.47344637343754,142.02365336975123,27.549065603798777,32.633944189120825,-8.55,1.84,6.7,-0.9,0.89,0.21,gem,subduction_intraslab
1002347,1996-12-18T10:12:29,-70.7,-24.988,36.1,5.46,mw,21.0,48.0,104.0,180.0,44.0,75.0,11.318239001034623,179.7886909703093,43.26328532527929,78.9309843368813,44.52875008768975,281.1435602897991,2.16,-0.6,-1.56,0.55,0.02,-0.17,gem,subduction_intraslab
1015575,1997-03-10T03:53:02,-71.385,-29.776,45.0,5.62,mw,10.0,38.0,94.0,184.0,52.0,87.0,43.35139993740342,77.74083323922417,9.843454829310213,177.16852536605086,44.97315053865692,277.15109713769726,3.56,-0.66,-2.9,0.11,-0.8,-0.28,gem,subduction_intraslab
1028978,1997-05-25T18:57:31,-70.702,-23.089,34.0,5.49,mw,0.0,25.0,92.0,178.0,65.0,89.0,44.9734154821026,85.86840782558755,1.3136670288371095,177.181201259589,44.99647027697806,268.495051793311,1.47,0.35,-1.81,0.05,-1.35,0.05,gem,subduction_intraslab
1031336,1997-06-09T14:45:29,-71.684,-31.942,58.7,5.13,mw,3.0,85.0,-129.0,266.0,39.0,-9.0,34.86934427780995,303.604606542395,39.250600052110336,178.9008432648427,31.488429735483777,58.87020536186549,-1.05,-0.14,1.19,-0.84,-4.72,4.08,gem,subduction_intraslab
1035721,1997-07-06T23:15:20,-72.03,-30.332,25.0,5.75,mw,183.0,66.0,95.0,352.0,24.0,80.0,44.30056961271811,282.72855324403093,6.80194981793782,186.0441629655484,44.89564395950621,89.21879527245744,3.73,0.23,-3.95,-0.32,-3.46,0.18,gem,subduction_intraslab
1036298,1997-07-10T14:55:49,-71.062,-22.861,20.0,5.85,mw,14.0,17.0,100.0,184.0,73.0,87.0,44.83565089991124,89.0295784229861,3.487091858362576,182.50313708298395,44.95238137092104,275.9908958107053,4.07,-0.07,-4.0,-0.29,-6.05,-0.63,gem,subduction_intraslab
1038043,1997-07-21T17:54:18,-71.902,-29.958,36.9,5.42,mw,14.0,22.0,109.0,173.0,70.0,83.0,43.75797089705881,71.0381720519116,9.307850929753732,170.06755325137487,44.74280660821162,269.41564687961375,1.17,-0.13,-1.04,0.25,-1.24,-0.09,gem,subduction_intraslab
1038086,1997-07-22T02:09:33,-71.909,-30.403,38.8,5.38,mw,14.0,21.0,59.0,227.0,72.0,101.0,42.7089659706491,153.37271352136315,13.021603713289224,51.04678206998858,44.379729509340905,307.96676712232534,1.11,-0.33,-0.78,-1.04,-0.63,-0.04,gem,subduction_intraslab
1038486,1997-07-24T19:54:39,-72.129,-30.623,20.0,5.66,mw,0.0,31.0,91.0,179.0,59.0,89.0,44.98024836859819,87.07869456742606,1.0964799245894683,178.17461937871633,44.998770652306064,269.2712530755425,3.26,0.25,-3.5,0.07,-1.77,0.05,gem,subduction_intraslab
1039123,1997-07-29T00:31:22,-72.194,-30.625,39.5,5.15,mw,194.0,49.0,114.0,340.0,46.0,65.0,4.386938711826956,353.0935811426393,46.08232354054236,258.52392451534695,43.582118332638,87.28049959767219,4.94,3.32,-8.25,-0.57,-0.39,0.48,gem,subduction_intraslab
935350,1997-08-06T22:50:13,-71.989,-30.743,31.5,5.55,mw,186.0,85.0,92.0,339.0,5.0,63.0,44.95810145018556,278.1984709270299,2.023096453710495,186.17707188236096,44.97049329534717,94.15479791430408,0.61,-0.33,-0.27,-0.3,-2.52,0.12,gem,subduction_intraslab
1047434,1997-10-15T01:03:34,-71.232,-31.008,57.9,7.07,mw,173.0,80.0,-83.0,315.0,12.0,-128.0,44.69192275284258,76.98791566893453,7.330632366880926,174.29979929199874,44.375220331006574,271.5308521691237,-1.59,0.17,1.41,-0.45,4.59,-0.8,gem,subduction_intraslab
1051658,1997-11-09T20:23:41,-71.93,-30.004,23.5,5.26,mw,206.0,75.0,115.0,325.0,29.0,32.0,36.12896068579281,326.0217124617493,27.25392551056052,213.93364300619209,41.70753174721373,96.6060702259564,4.7,1.82,-6.52,-4.82,-6.35,1.12,gem,subduction_intraslab
1091103,1998-04-10T10:03:22,-69.758,-21.195,65.0,5.44,mw,76.0,85.0,172.0,167.0,82.0,5.0,2.1121380768473257,211.1800155280476,80.67602543908512,108.19911652647602,9.077433055623764,301.5176269411685,-0.3,0.98,-0.67,0.34,-0.16,-1.56,gem,subduction_intraslab
1105661,1998-05-09T23:32:06,-71.404,-18.332,47.9,5.12,mw,139.0,60.0,84.0,330.0,30.0,100.0,43.30667348978101,213.17430521381277,10.262158417081652,313.0,44.873871730368165,53.38451152295829,5.45,-1.88,-3.57,2.23,-2.04,2.02,gem,subduction_intraslab
1203965,1998-09-10T09:51:26,-70.721,-20.215,34.6,5.3,mw,3.0,18.0,95.0,178.0,72.0,88.0,44.94986096836202,85.2261637690986,1.9039447078903964,177.12782815185813,44.986894009422365,269.0319533071271,6.36,0.24,-6.6,0.47,-8.99,0.0,gem,subduction_intraslab
1204108,1998-09-11T05:24:45,-71.549,-30.828,47.8,5.05,mw,207.0,55.0,124.0,337.0,47.0,52.0,9.13427624213455,355.4284131006314,46.93632773227598,255.5219639328833,41.61334330917819,93.6395295304094,4.04,-0.38,-3.65,-3.16,-0.38,0.04,gem,subduction_intraslab
1310998,1998-10-10T04:12:09,-72.09,-33.471,30.0,5.63,mw,175.0,64.0,91.0,352.0,26.0,87.0,44.96676741628985,267.17045234119394,1.4596032006220887,175.71206841705464,44.99605740038797,84.25219233612222,2.65,0.07,-2.72,0.15,-2.17,0.32,gem,subduction_intraslab
1325419,1998-11-23T09:30:20,-70.637,-23.803,35.0,5.42,mw,16.0,82.0,96.0,160.0,10.0,55.0,44.57711461175088,112.99559558630692,6.17896148412143,16.871812310726398,44.75908735971488,280.7088532554119,0.54,-0.04,-0.5,0.5,1.56,0.07,gem,subduction_intraslab
1325495,1998-11-24T01:06:13,-69.353,-22.535,85.0,5.18,mw,23.0,41.0,-141.0,261.0,65.0,-56.0,40.3922719252454,327.4938804869883,40.68741720060888,104.50682805277376,23.189579376512004,216.1179988027767,-4.46,3.73,0.72,3.82,-0.35,4.8,gem,subduction_intraslab
1335721,1998-12-26T11:20:23,-75.159,-40.799,14.4,5.53,mw,6.0,72.0,-90.0,187.0,18.0,-89.0,45.00000000000001,276.0,6.361109362927035e-15,6.0,44.99999999999999,96.0,-1.31,-0.17,1.48,-0.2,-2.01,0.18,gem,subduction_intraslab
1629748,1999-04-30T19:28:50,-71.688,-31.676,56.9,5.53,mw,185.0,61.0,95.0,355.0,29.0,81.0,43.92701953946699,287.54571850188626,8.190767027894978,189.57626381073436,44.90976611601809,91.32670179360508,1.79,0.54,-2.32,-0.16,-1.3,-0.04,gem,subduction_intraslab
1654414,1999-07-09T01:20:58,-70.579,-24.899,40.0,5.61,mw,205.0,70.0,107.0,343.0,26.0,52.0,39.351218603327695,320.5128234602663,20.384479531644523,212.77290863250684,43.66031968341421,102.00363963628509,1.69,0.81,-2.49,-1.01,-2.07,-0.48,gem,subduction_intraslab
1703360,1999-08-22T09:35:38,-75.186,-40.594,18.0,6.37,mw,14.0,46.0,-96.0,202.0,45.0,-84.0,44.91876865227619,288.23921285860706,43.05410978916628,129.54778817591273,10.837615117907784,29.24444421893168,-4.1,-0.18,4.27,0.21,-0.15,1.6,gem,subduction_intraslab
1655884,1999-09-10T17:16:30,-71.12,-29.715,55.6,5.04,mw,151.0,81.0,-45.0,250.0,46.0,-168.0,33.201651608616174,28.22588196343463,45.70025170331258,160.34065356789506,25.690278699935963,279.8761938846517,-0.85,2.94,-2.08,-0.64,3.14,-1.87,gem,subduction_intraslab
1649404,1999-11-06T00:57:05,-71.813,-29.903,57.3,5.22,mw,4.0,25.0,34.0,242.0,76.0,111.0,38.79965389007248,178.20191156708688,22.814127713909976,68.43416117534287,42.534903284597874,315.73281398363247,3.26,-0.54,-2.72,-6.3,-3.28,-4.03,gem,subduction_intraslab
1657955,1999-12-04T17:06:53,-71.244,-28.49,40.0,5.57,mw,219.0,43.0,131.0,349.0,59.0,59.0,17.948022973766722,207.78861079599184,42.82903901119007,315.26156429816194,41.72098177133974,101.00174048171846,1.93,0.87,-2.79,-0.52,0.91,-0.84,gem,subduction_intraslab
2348963,2000-01-08T11:59:24,-70.083,-23.245,55.0,6.34,mw,167.0,72.0,87.0,356.0,18.0,98.0,44.828155025665545,252.3428871805679,3.524777552022498,345.853206799706,44.955276640767295,79.37915747486846,2.25,0.2,-2.44,0.78,-3.17,0.44,gem,subduction_intraslab
1733032,2000-02-21T14:36:25,-71.363,-29.825,51.6,5.12,mw,196.0,31.0,114.0,349.0,62.0,76.0,38.44202454484037,229.38328822603984,20.757300339820272,336.8921892169366,44.304053984973685,88.60253370448925,4.71,0.71,-5.41,-1.17,3.04,-0.19,gem,subduction_intraslab
1739170,2000-08-18T13:21:04,-70.216,-19.372,70.0,5.19,mw,23.0,66.0,-96.0,216.0,25.0,-78.0,44.84978750118626,297.53436014118284,8.149573699247943,199.34442747869488,43.99863399242203,101.39587621462238,-5.17,0.54,4.62,-1.78,-4.7,3.13,gem,subduction_intraslab
1742540,2000-11-27T10:54:30,-69.982,-24.524,56.5,5.13,mw,247.0,87.0,137.0,340.0,47.0,4.0,27.472651932554456,14.21679991669913,47.07235246731607,250.22992317201877,30.06884039850008,121.73645240837531,1.12,2.01,-3.12,-3.16,-2.93,-3.92,gem,subduction_intraslab
1742576,2000-11-29T10:25:13,-70.793,-24.924,40.2,6.29,mw,207.0,12.0,-56.0,352.0,80.0,-97.0,44.71040917272177,88.23953651345289,7.093880906343815,351.16292176122914,44.41571956700745,254.159101786107,-1.25,0.22,1.03,0.55,-3.11,0.28,gem,subduction_intraslab
2042166,2001-02-22T07:55:52,-71.497,-27.755,25.0,5.54,mw,6.0,12.0,119.0,157.0,80.0,84.0,44.54819641563256,59.18035997274143,6.191552286211771,155.3105517962947,44.7853056535487,251.4918931483706,0.95,-0.05,-0.9,0.98,-2.17,0.09,gem,subduction_intraslab
1780670,2001-03-03T11:58:11,-74.866,-38.886,15.0,5.84,mw,228.0,31.0,-43.0,357.0,69.0,-114.0,42.45968684651099,104.37236448513367,28.151577047596017,345.05520218584314,34.55288628097042,233.4322486515822,-4.38,-0.27,4.65,1.28,-4.82,2.49,gem,subduction_intraslab
1836082,2001-04-17T01:42:11,-70.746,-20.837,30.0,5.6,mw,120.0,18.0,-142.0,354.0,79.0,-76.0,43.75226842051581,71.37701704158536,15.141997019919604,176.3919380572229,42.33409870257057,280.66409982016035,-0.66,-0.71,1.36,0.49,-2.7,-1.03,gem,subduction_intraslab
2013522,2001-08-28T06:56:10,-70.136,-21.741,64.0,5.76,mw,161.0,17.0,-99.0,350.0,73.0,-87.0,44.96139439629807,78.20808409029189,3.145067887272167,171.35365485723867,44.86614002255523,264.48877345184394,-2.74,-0.24,2.97,0.71,-4.37,-0.84,gem,subduction_intraslab
2299223,2001-11-06T06:12:54,-71.384,-30.454,59.2,5.1,mw,174.0,53.0,91.0,352.0,37.0,88.0,44.85687237608777,269.0649145039472,2.8931446652116,176.18252347378825,44.997162098083336,83.28597055837156,4.89,0.8,-5.68,0.04,-1.58,0.77,gem,subduction_intraslab
2933451,2002-04-01T19:59:33,-71.237,-29.652,69.8,6.34,mw,23.0,79.0,-118.0,274.0,30.0,-22.0,40.40837600698133,315.2052877897976,29.23097399449356,196.7553860819964,35.74885012824714,83.00012939054261,-1.58,2.19,-0.61,-0.06,-3.66,0.98,gem,subduction_intraslab
2991626,2002-04-18T16:08:38,-70.489,-27.458,59.3,6.56,mw,253.0,56.0,168.0,350.0,80.0,35.0,17.724529756847616,216.9192272725626,55.73291507260909,334.89596748667213,28.27136988284694,117.02163821144518,3.42,2.46,-5.88,0.63,4.22,-6.35,gem,subduction_intraslab
3032478,2002-05-11T08:22:49,-70.963,-25.885,30.5,5.2,mw,18.0,11.0,92.0,197.0,79.0,90.0,44.99796943490973,105.47121712229188,0.4114673173629057,195.8826658853796,44.99907568003115,286.2941305372398,2.02,1.13,-3.15,-2.16,-7.04,-1.52,gem,subduction_intraslab
3187914,2002-06-23T11:10:43,-71.266,-30.843,68.7,5.22,mw,184.0,52.0,-71.0,334.0,42.0,-113.0,44.01642842094838,80.63335898499668,40.148985533969984,225.2271581129524,18.570630152038422,331.6904765711167,-7.84,-0.09,7.93,1.93,1.76,-1.66,gem,subduction_intraslab
6698324,2003-04-23T05:42:07,-70.425,-21.45,54.3,5.04,mw,72.0,75.0,-69.0,196.0,25.0,-144.0,42.657094641111975,325.470600227363,23.04270916899949,78.54442050704063,38.506701236950256,188.32528897636044,-1.91,1.17,0.74,-3.59,-1.03,2.19,gem,subduction_intraslab
6698900,2003-04-24T08:22:21,-70.447,-23.995,49.0,5.04,mw,36.0,62.0,-129.0,276.0,47.0,-40.0,39.58852964923081,332.76390005822475,46.5980440425632,181.7899453171248,14.887700716863964,75.46355138139,-2.89,3.13,-0.24,0.33,-2.95,1.59,gem,subduction_intraslab
6941605,2003-06-19T23:05:00,-71.677,-30.636,39.9,5.57,mw,2.0,26.0,98.0,173.0,64.0,86.0,44.514531891114416,74.87457259648482,5.598683523502321,170.40534796964494,44.94010589572924,266.0191666446617,2.12,0.17,-2.29,0.28,-1.7,0.12,gem,subduction_intraslab
7182007,2003-11-12T01:54:23,-75.044,-39.949,15.0,5.54,mw,27.0,57.0,-95.0,216.0,33.0,-83.0,44.919865609869085,300.61056367931604,10.158010126607683,200.3181798557601,43.29700044600149,100.59864986925668,-2.26,0.58,1.68,-0.36,-0.95,1.05,gem,subduction_intraslab
7192353,2003-11-26T10:57:53,-71.265,-29.904,63.7,5.14,mw,162.0,19.0,-91.0,344.0,71.0,-90.0,44.99942751785614,72.78672812610637,0.4130961223095732,163.19982673037566,44.9975941571958,253.61289889822584,-3.67,-0.19,3.86,1.4,-4.82,-1.36,gem,subduction_intraslab
7203683,2003-12-10T12:25:52,-71.534,-27.925,25.4,5.64,mw,44.0,88.0,-131.0,312.0,41.0,-3.0,32.948156272683946,346.6030702422228,41.03879385159576,222.2580719015401,31.506806198044977,100.01103870766552,-0.15,2.39,-2.24,-1.68,-2.12,0.05,gem,subduction_intraslab
7230932,2004-01-10T07:25:43,-71.769,-30.94,55.0,5.64,mw,70.0,48.0,-144.0,314.0,64.0,-48.0,38.40696787709456,15.44633739432686,47.81760772346187,166.47519528113298,14.766001767914444,273.3848950768602,-2.03,2.88,-0.85,0.17,-2.57,-0.64,gem,subduction_intraslab
7239904,2004-01-23T05:00:30,-70.032,-23.126,68.9,5.63,mw,230.0,45.0,-28.0,340.0,70.0,-132.0,37.30867335157281,99.64393872856988,45.00000000000001,320.0,21.357552653774533,206.98069011586375,-1.66,-1.45,3.11,0.87,-1.62,1.1,gem,subduction_intraslab
7242829,2004-01-27T16:00:37,-71.203,-17.952,57.3,5.72,mw,137.0,12.0,-93.0,320.0,78.0,-89.0,44.99758781780254,49.52944508136079,0.6822820378055982,140.211718045589,44.99428790528832,230.8939124205086,-1.41,0.45,0.95,2.71,-3.2,-1.77,gem,subduction_intraslab
7313545,2004-03-19T06:01:59,-70.601,-20.6,34.2,5.34,mw,51.0,28.0,121.0,196.0,66.0,75.0,39.171898617434856,80.15905671195173,20.100551776781657,187.5067836531139,44.02069055540429,298.2179985625697,0.76,-0.0,-0.75,-0.22,-0.79,-0.68,gem,subduction_intraslab
7325357,2004-04-03T09:57:11,-71.997,-29.951,26.3,5.5,mw,185.0,65.0,113.0,320.0,33.0,50.0,32.414942497881405,312.0655349990635,29.961976179296787,200.59349071749543,42.89122439170432,78.21427187207922,1.47,0.32,-1.79,-0.35,-1.3,0.67,gem,subduction_intraslab
7399593,2004-09-08T08:16:02,-72.279,-33.99,25.5,5.07,mw,170.0,67.0,86.0,359.0,23.0,98.0,44.5817409073608,252.51218985351088,5.28991913060556,347.74758042591134,44.93123057720645,83.04741679452496,3.47,0.17,-3.64,0.74,-3.44,0.42,gem,subduction_intraslab
7434209,2004-11-11T03:23:58,-69.99,-22.871,72.5,5.1,mw,12.0,79.0,-170.0,280.0,81.0,-11.0,14.331405892847478,326.14178694838927,75.6421584137083,142.59038091815694,0.8527465054500998,235.9239101167584,-0.35,2.15,-1.8,0.84,-1.04,5.01,gem,subduction_intraslab
7463984,2005-01-24T19:07:16,-71.822,-29.363,48.9,5.05,mw,189.0,63.0,96.0,356.0,27.0,79.0,43.72793701129368,292.37829495836786,9.023339579843908,193.64108601401108,44.86229559347435,94.54790565176432,3.45,0.64,-4.09,-0.55,-2.71,-0.28,gem,subduction_intraslab
7483608,2005-03-21T16:51:33,-71.302,-27.895,46.2,5.25,mw,83.0,50.0,162.0,185.0,76.0,41.0,20.136240653755063,52.17917217749465,49.89169522421029,167.98362798438438,32.993467642125324,308.4073469445158,0.37,-0.08,-0.28,-0.06,-0.51,-0.77,gem,subduction_intraslab
7364704,2005-07-22T00:14:41,-71.219,-29.304,51.2,5.08,mw,97.0,26.0,7.0,360.0,87.0,116.0,38.9556019269945,295.3303024078404,25.92052277435952,182.19241161166912,40.0267837510969,68.10036834453757,0.4,0.44,-0.84,-0.26,4.6,2.29,gem,subduction_intraslab
7996748,2005-12-14T10:52:08,-71.622,-31.059,57.1,5.3,mw,12.0,83.0,-113.0,266.0,24.0,-18.0,41.467070243052696,301.47818094440186,23.441213282552187,188.94821495026488,39.42167376230894,78.06698068857935,-0.27,0.23,0.04,-0.12,-0.98,0.43,gem,subduction_intraslab
8320598,2006-04-15T14:42:11,-71.905,-31.041,28.2,5.24,mw,1.0,22.0,93.0,179.0,68.0,89.0,44.96404941674079,85.57711890882791,1.5597816693344753,177.13552151411227,44.993498618033335,268.695527332334,0.6,0.06,-0.65,0.02,-0.66,0.0,gem,subduction_intraslab
8494393,2006-04-25T05:23:34,-71.305,-27.089,23.1,4.96,mw,177.0,67.0,89.0,360.0,23.0,92.0,44.973666706988894,265.11339163033784,1.3249532536062798,356.4374814023729,44.99569947577103,87.76259009038432,2.44,0.12,-2.56,0.13,-2.48,0.07,gem,subduction_intraslab
8321377,2006-04-30T11:13:59,-71.155,-27.022,25.9,5.33,mw,180.0,71.0,93.0,350.0,20.0,81.0,44.81787492860303,274.82199041011893,3.597355317732403,181.2403958589366,44.95655800598124,87.64139795161316,0.73,0.07,-0.8,-0.01,-0.95,0.07,gem,subduction_intraslab
8338819,2006-05-11T13:48:58,-71.434,-27.484,20.7,5.45,mw,6.0,15.0,94.0,182.0,75.0,89.0,44.98136937055384,90.34728064543305,1.1935819347042609,181.54034540106517,44.99376960383808,272.73392676108585,0.98,0.0,-0.98,-0.06,-1.64,-0.08,gem,subduction_intraslab
8531213,2006-07-18T00:31:24,-70.741,-19.75,34.6,5.02,mw,163.0,61.0,90.0,342.0,29.0,89.0,44.99999999999999,253.0,3.180554681463516e-15,163.0,45.00000000000001,73.0,3.66,-0.53,-3.13,0.66,-2.18,0.93,gem,subduction_intraslab
8548422,2006-07-19T22:11:28,-71.912,-32.478,31.0,5.04,mw,174.0,66.0,98.0,336.0,25.0,74.0,43.2453623605717,279.2418546540968,10.823214372331991,178.88286125120032,44.73322692590417,77.9646183334109,3.23,0.14,-3.37,0.12,-2.96,0.95,gem,subduction_intraslab
8619532,2006-08-17T13:32:58,-69.704,-23.327,81.6,5.15,mw,161.0,77.0,126.0,268.0,38.0,22.0,29.725853054581947,287.56789088376684,37.77307250479996,171.30604410600097,37.99369710001657,44.05546117345898,2.41,-2.04,-0.36,2.14,-4.09,4.73,gem,subduction_intraslab
8659537,2006-08-31T23:16:43,-70.621,-28.863,75.3,5.09,mw,167.0,73.0,-13.0,261.0,78.0,-163.0,19.76786084082981,33.368792961412055,69.9268939093791,223.78961119964256,3.3492342619229336,124.57393143706072,-0.79,2.34,-1.55,1.21,1.23,-4.72,gem,subduction_intraslab
8823003,2006-10-13T16:12:55,-71.588,-31.469,38.7,5.28,mw,174.0,64.0,88.0,360.0,26.0,95.0,44.86733488374723,259.66784140563544,2.9175267585392763,352.5756492696232,44.98423122899151,85.49535687455028,0.78,0.1,-0.87,0.09,-0.66,0.06,gem,subduction_intraslab
8860294,2006-11-06T14:51:37,-70.576,-26.602,63.9,5.16,mw,130.0,21.0,-102.0,323.0,69.0,-85.0,44.9038740612783,49.286299947305565,5.655656375549455,144.9506120794424,44.53964792894229,240.54313118524453,-5.85,3.23,2.62,2.73,-4.49,-0.41,gem,subduction_intraslab
11498077,2007-02-07T18:54:59,-71.082,-17.855,63.0,5.51,mw,186.0,16.0,-42.0,316.0,79.0,-102.0,44.11247856459629,57.034769527514015,12.654593278461071,314.46215422706763,43.13626924102191,212.3177942260857,-0.83,-0.08,0.9,1.48,-1.4,-0.36,gem,subduction_intraslab
11701902,2007-03-22T20:25:21,-71.289,-28.079,40.7,5.18,mw,215.0,54.0,129.0,341.0,51.0,49.0,3.248995399852605,5.764854229982973,49.09990933475781,272.00740525902427,40.71406233566296,98.56493395934876,0.52,0.28,-0.79,-0.21,-0.01,-0.16,gem,subduction_intraslab
11708660,2007-03-29T18:31:59,-71.842,-31.572,32.0,5.0,mw,172.0,59.0,93.0,347.0,31.0,85.0,44.51247350490672,270.67955685409106,5.456851990389025,175.29056582501858,44.96936166310254,79.81467283691643,3.43,0.12,-3.55,0.17,-1.88,0.7,gem,subduction_intraslab
12690583,2007-06-28T19:25:21,-71.357,-31.97,69.7,5.65,mw,0.0,75.0,-95.0,198.0,15.0,-73.0,44.86447051311189,274.0737063423984,5.57143786782353,178.50224397873353,44.59545470550284,82.98302006421909,-1.91,0.26,1.64,0.09,-3.14,0.28,gem,subduction_intraslab
13246181,2007-10-20T19:56:20,-73.043,-36.499,40.7,5.2,mw,13.0,23.0,104.0,177.0,67.0,84.0,44.1523517723157,77.2890490749445,7.58501465642284,174.71700180513108,44.84924545707099,272.328967332894,5.18,1.01,-6.18,0.47,-5.56,-0.48,gem,subduction_intraslab
13268451,2007-11-17T17:54:35,-70.676,-23.048,30.0,5.86,mw,184.0,85.0,100.0,300.0,11.0,27.0,43.96565205197137,284.7992189667978,10.11204685252747,184.89402714240063,44.26783629183431,84.88267268762394,0.5,1.84,-2.35,-0.18,-7.25,1.07,gem,subduction_intraslab
13270107,2007-11-19T23:30:32,-70.563,-22.828,35.0,5.92,mw,173.0,74.0,89.0,357.0,16.0,94.0,44.98285096996145,261.5419535127018,1.1334480181660436,352.6749448634849,44.9947296319068,83.80840616053729,0.46,0.03,-0.49,0.1,-0.79,0.05,gem,subduction_intraslab
13270598,2007-11-20T16:44:30,-70.59,-23.212,32.3,5.37,mw,179.0,66.0,90.0,360.0,24.0,91.0,45.00000000000001,269.0,5.665363026356891e-15,359.0,44.99999999999999,89.0,0.99,0.1,-1.09,0.02,-0.97,0.01,gem,subduction_intraslab
13288554,2007-12-13T05:20:24,-70.538,-23.167,33.5,5.97,mw,2.0,12.0,99.0,172.0,78.0,88.0,44.9493455454037,80.34202063244493,2.035374524191796,172.375081146227,44.97838021800503,264.410204082644,0.45,0.03,-0.47,0.15,-1.01,0.03,gem,subduction_intraslab
13288569,2007-12-13T05:35:26,-70.619,-23.186,36.7,5.39,mw,176.0,73.0,91.0,354.0,17.0,88.0,44.98190063014485,267.50565180685703,1.1534513966442324,176.35269535652037,44.99488177020287,85.19921628115333,0.88,-0.01,-0.87,0.08,-1.28,0.07,gem,subduction_intraslab
13290563,2007-12-16T08:09:18,-70.126,-22.92,48.3,6.72,mw,246.0,6.0,159.0,357.0,88.0,84.0,44.70521820831099,261.0986829484348,5.615822777984128,356.6837236937822,44.74610104266185,92.27676621072716,0.13,-0.03,-0.1,-0.09,1.45,-0.14,gem,subduction_intraslab
11379079,2008-10-30T01:32:41,-70.407,-23.971,41.0,5.3,mw,10.0,30.0,85.0,196.0,60.0,93.0,44.60366482716135,113.5107518532717,4.943844420414084,18.61674926959921,44.9707938139211,283.6594662201742,0.0,0.0,0.0,0.0,0.0,0.0,gem,subduction_intraslab
12077821,2008-12-16T22:05:26,-71.525,-29.697,60.7,5.09,mw,21.0,90.0,-119.0,290.0,29.0,-1.0,38.20299883320314,316.8645538216888,29.00000000000001,201.0,38.20299883320316,85.13544617831127,-0.14,1.99,-1.86,-1.4,-4.6,1.79,gem,subduction_intraslab
11513607,2008-12-19T07:30:08,-71.944,-32.569,28.4,5.39,mw,179.0,70.0,90.0,359.0,20.0,90.0,44.99999999999999,269.0,2.8823776800763118e-15,359.0,44.99999999999999,89.0,0.95,0.06,-1.01,0.01,-1.17,0.01,gem,subduction_intraslab
11513635,2008-12-19T16:48:51,-71.887,-32.591,29.4,5.17,mw,180.0,67.0,93.0,351.0,23.0,82.0,44.763926950013705,275.6362414411571,3.970895611518218,181.6884934459933,44.96130697972709,87.71340799945767,4.93,0.57,-5.5,-0.08,-4.97,0.43,gem,subduction_intraslab
11667352,2009-02-06T02:58:35,-71.071,-28.007,52.6,5.3,mw,154.0,23.0,-107.0,352.0,68.0,-83.0,44.77849941528834,76.95440925281389,9.05586698789555,176.05431987074985,43.80170581257916,274.84661735133915,0.0,0.0,0.0,0.0,0.0,0.0,gem,subduction_intraslab
12861955,2009-05-25T05:10:13,-71.426,-28.542,52.0,5.27,mw,5.0,70.0,-92.0,192.0,20.0,-84.0,44.9812403496739,276.5599632223001,2.4525628342942096,184.10675834278425,44.91384094364656,91.65932181679716,-0.7,0.11,0.59,-0.05,-0.77,0.08,gem,subduction_intraslab
13361362,2009-07-07T16:46:15,-71.229,-29.333,49.0,5.4,mw,165.0,85.0,-40.0,260.0,50.0,-174.0,29.20321127154924,38.94430605866057,50.16819948508312,171.02075553818372,24.519817448660422,294.1728637339863,-0.13,0.59,-0.46,-0.08,1.0,-1.05,gem,subduction_intraslab
13375951,2009-07-12T14:43:51,-71.16,-30.654,65.6,5.18,mw,169.0,58.0,84.0,360.0,32.0,99.0,42.87693326721298,240.9646676875716,11.40395446825212,341.75914436972505,44.88113507126722,83.34710075146711,5.77,1.16,-6.92,0.79,-3.06,0.83,gem,subduction_intraslab
13795340,2009-09-25T15:47:23,-71.769,-32.187,41.8,5.08,mw,180.0,78.0,147.0,277.0,58.0,15.0,15.089242151079514,314.11754468562964,57.27177171892127,199.3132314595497,28.284888539680267,52.459648498717456,1.3,-0.08,-1.22,-0.75,-2.54,4.32,gem,subduction_intraslab
13910559,2009-11-04T01:35:47,-70.264,-25.806,60.1,5.11,mw,32.0,38.0,128.0,167.0,61.0,64.0,26.19315674369066,32.493176720829865,36.02317493725493,143.4521612723738,42.66495954098841,275.53324805148145,4.02,1.56,-5.58,1.23,-2.37,-1.0,gem,subduction_intraslab
14342544,2010-03-01T07:49:07,-73.253,-34.73,28.7,5.34,mw,208.0,35.0,-65.0,358.0,58.0,-107.0,44.09074519855121,100.19592655452652,27.548930975687647,339.8411032817299,33.33301807416513,229.77570851925825,-0.94,-0.35,1.3,0.08,-0.53,0.33,gem,subduction_intraslab
14344174,2010-03-01T15:52:37,-73.619,-36.8,27.2,5.08,mw,13.0,27.0,104.0,177.0,64.0,83.0,43.391958248109376,72.49069025990292,10.211633203600904,172.29596220713256,44.80640012317581,272.6030983702459,4.05,-0.05,-4.0,0.43,-3.18,-0.35,gem,subduction_intraslab
14344356,2010-03-02T04:28:44,-73.444,-36.74,30.0,5.46,mw,17.0,11.0,110.0,178.0,79.0,86.0,44.81170798427559,81.94466037005395,3.9980888660433296,175.9262202654961,44.90975713229796,269.9214529363752,0.68,0.04,-0.71,0.1,-1.79,-0.09,gem,subduction_intraslab
17150271,2010-03-02T12:16:34,-73.387,-36.595,30.6,5.19,mw,5.0,16.0,95.0,181.0,74.0,89.0,44.96497892672057,87.71704281963213,1.6208807242234506,179.3365909523684,44.98917905728114,270.9575081321268,4.19,-0.16,-4.03,-0.01,-6.39,-0.21,gem,subduction_intraslab
14411374,2010-03-02T21:44:35,-73.308,-36.564,37.0,5.05,mw,44.0,26.0,115.0,196.0,67.0,79.0,41.55149994456183,85.67533402904417,15.34774927346562,189.754733029217,44.426351837829095,295.36089390890845,3.54,-1.07,-2.46,-0.42,-3.25,-1.4,gem,subduction_intraslab
17150405,2010-03-03T04:35:57,-73.964,-37.626,25.0,5.31,mw,194.0,79.0,95.0,350.0,12.0,66.0,44.66546189270683,290.2834399771712,5.291121380535396,195.03147920706613,44.84729542629905,99.74598108576812,0.41,0.04,-0.45,-0.27,-1.02,-0.02,gem,subduction_intraslab
14411377,2010-03-03T04:42:27,-73.715,-37.321,35.0,5.07,mw,13.0,26.0,105.0,176.0,65.0,83.0,43.45519972620815,71.94412353755189,10.075074695311296,171.63582427213464,44.79060124737551,271.79505221232563,4.24,-0.73,-3.51,0.61,-3.19,-0.33,gem,subduction_intraslab
14351167,2010-03-04T01:59:47,-72.322,-33.217,20.4,6.03,mw,10.0,19.0,97.0,183.0,71.0,88.0,44.88404276042949,88.75400867147283,2.873089427461633,181.6190869469983,44.97200693719255,274.4929834650602,0.83,-0.01,-0.82,-0.04,-1.06,-0.09,gem,subduction_intraslab
14367069,2010-03-05T07:36:43,-73.156,-35.221,36.2,5.09,mw,266.0,50.0,-3.0,358.0,88.0,-140.0,28.09182989913358,124.68714579861285,49.997172703622354,355.1888669298789,25.95063604616136,229.74335615461015,-0.64,-0.39,1.02,-0.43,-3.38,4.1,gem,subduction_intraslab
14398343,2010-03-09T22:10:48,-72.514,-33.893,20.3,5.1,mw,193.0,69.0,96.0,358.0,22.0,76.0,44.18439026017688,293.2651970640868,7.512170133351278,195.9015300700201,44.83619313849983,98.36740172457598,3.84,-0.06,-3.78,-1.15,-3.95,-0.36,gem,subduction_intraslab
14400662,2010-03-10T12:20:56,-72.443,-33.626,20.0,5.64,mw,47.0,6.0,122.0,195.0,85.0,87.0,44.89328555755228,101.35196667887244,3.225925351125876,194.5709912612406,44.92527661760599,287.7936163455686,0.58,-0.07,-0.51,-0.9,-3.37,-0.36,gem,subduction_intraslab
14554135,2010-03-19T08:54:48,-73.142,-35.564,25.0,5.47,mw,27.0,10.0,118.0,178.0,81.0,85.0,44.72723162169645,82.99485663343705,4.905662415083129,177.87182697417836,44.85376635804095,272.7704392630251,0.59,0.04,-0.62,0.08,-1.84,-0.15,gem,subduction_intraslab
14508014,2010-03-26T14:52:07,-71.014,-28.034,43.3,6.11,mw,21.0,54.0,105.0,176.0,38.0,70.0,28.693821288446014,158.01096953738784,32.00557679449033,48.00655886734489,44.345299878297205,280.3532534133051,1.59,0.09,-1.69,0.42,0.43,-0.28,gem,subduction_intraslab
14596759,2010-03-28T21:38:32,-73.141,-35.454,25.0,5.97,mw,28.0,16.0,112.0,185.0,75.0,84.0,44.39949378203737,86.67973413217254,6.808547974829451,183.39395674273496,44.79519110558725,280.202011595845,0.51,0.02,-0.53,-0.06,-0.96,-0.16,gem,subduction_intraslab
14560389,2010-04-02T22:58:09,-72.975,-36.288,38.7,5.98,mw,17.0,15.0,101.0,186.0,75.0,87.0,44.86278308662235,91.52836345925316,3.249379699911955,184.76741298410877,44.953133811178255,278.01670508597954,0.52,0.05,-0.57,-0.09,-0.98,-0.12,gem,subduction_intraslab
14565431,2010-04-10T15:06:34,-70.761,-25.619,55.0,5.49,mw,237.0,25.0,-15.0,341.0,84.0,-114.0,41.00300985909764,91.23023746512598,24.61292832201683,337.7601600795271,39.00174752783174,225.98333471911704,-0.34,-0.61,0.95,0.59,-1.76,0.46,gem,subduction_intraslab
17468298,2010-04-16T23:15:36,-73.862,-37.442,25.0,5.72,mw,31.0,15.0,115.0,185.0,77.0,84.0,44.37316801815348,86.57352692475814,7.048141561310151,183.521121118422,44.76412880158107,280.5646719859957,2.03,-0.01,-2.02,-0.24,-4.13,-0.69,gem,subduction_intraslab
14592235,2010-04-19T07:32:48,-73.732,-37.513,27.0,5.16,mw,170.0,70.0,89.0,353.0,20.0,93.0,44.978435994987805,258.32754872854207,1.2265815008650318,349.5534881110054,44.99530949750044,80.78014989041117,4.42,-0.05,-4.37,0.96,-5.32,0.65,gem,subduction_intraslab
14711335,2010-05-13T20:39:14,-72.146,-34.267,33.7,5.17,mw,11.0,27.0,117.0,161.0,67.0,77.0,40.62360899904648,47.822152454786135,17.29967290373916,153.3184075841366,44.292732879810046,261.0081826515058,3.68,3.16,-6.83,1.17,-4.53,1.42,gem,subduction_intraslab
14723291,2010-05-25T13:09:26,-73.11,-37.651,47.6,5.32,mw,158.0,64.0,86.0,348.0,26.0,99.0,44.473524894555005,239.4045444486156,5.82168545054138,335.1495866210168,44.93695091798261,70.98864902989197,0.88,-0.02,-0.85,0.29,-0.66,0.28,gem,subduction_intraslab
14767863,2010-06-12T03:51:55,-71.057,-28.361,44.6,5.19,mw,10.0,61.0,43.0,256.0,54.0,143.0,6.985391803796847,46.64184324337202,51.63820417098806,145.54709661895083,37.48780959121256,311.24946292309204,3.84,-1.95,-1.89,-4.23,4.7,-3.71,gem,subduction_intraslab
15075471,2010-08-03T05:29:17,-70.601,-20.005,36.9,5.08,mw,0.0,30.0,97.0,173.0,60.0,86.0,44.242447266261095,71.27690682183419,6.848346714538565,167.99383101490037,44.94279825166425,264.87780252154016,4.41,0.09,-4.5,0.5,-2.61,0.28,gem,subduction_intraslab
15163938,2010-09-06T03:20:48,-73.7,-37.331,27.2,4.98,mw,19.0,28.0,114.0,173.0,65.0,78.0,40.6785448881804,58.655101489648416,17.00316214785046,163.89271415495432,44.405560884138914,271.3209400098291,2.21,1.45,-3.66,0.25,-2.33,-0.23,gem,subduction_intraslab
15182557,2010-09-12T21:08:45,-71.925,-29.422,47.2,5.2,mw,72.0,64.0,179.0,162.0,89.0,26.0,17.5152792042037,30.29004690138737,63.99321816141919,160.5957088997534,18.59530950394029,294.1949096838366,2.73,3.23,-5.97,-0.97,-3.86,-5.42,gem,subduction_intraslab
15195444,2010-09-20T05:42:56,-72.153,-33.712,31.3,5.09,mw,182.0,69.0,95.0,348.0,22.0,78.0,44.43110684558916,280.5958025343486,6.2665707935686825,184.41586486950095,44.88619483610814,88.13656840474238,3.71,-0.05,-3.66,-0.28,-4.07,0.33,gem,subduction_intraslab
15262013,2010-10-23T01:38:15,-71.164,-29.57,50.6,5.58,mw,9.0,33.0,82.0,199.0,57.0,95.0,43.272629220740725,124.95872379720907,10.245813622791957,25.16096219716661,44.91358181612182,284.77899541609315,2.3,0.52,-2.82,-0.44,-1.1,-0.91,gem,subduction_intraslab
15262062,2010-10-23T10:56:58,-73.65,-36.805,27.5,5.07,mw,31.0,29.0,110.0,188.0,63.0,79.0,41.10978322560099,75.58185251218174,15.93101275724134,180.00572624002763,44.56164051654992,286.3320780239226,3.89,-0.18,-3.71,-0.06,-2.97,-1.42,gem,subduction_intraslab
15271161,2010-10-29T14:11:51,-71.836,-29.421,30.4,5.21,mw,192.0,72.0,116.0,313.0,31.0,36.0,34.18865951159727,315.06674565517443,29.408477204177323,202.55306991110652,41.73470847592348,82.36626324410076,4.29,1.16,-5.44,-2.33,-5.66,2.38,gem,subduction_intraslab
15272658,2010-10-31T07:10:39,-72.186,-33.735,26.3,5.27,mw,4.0,20.0,94.0,180.0,70.0,89.0,44.9545494448432,87.31756196549236,1.781690129194465,179.09728742238576,44.99006431597229,270.8792212910027,0.62,0.04,-0.66,0.01,-0.77,-0.02,gem,subduction_intraslab
15933577,2011-01-17T23:29:51,-71.211,-30.322,67.5,5.03,mw,223.0,19.0,-34.0,345.0,79.0,-106.0,43.44671888543145,88.85963986508659,16.707278498226106,342.3423656558795,41.810668471069,236.7692291890039,-1.2,-1.11,2.32,0.89,-3.71,0.47,gem,subduction_intraslab
15954510,2011-01-21T15:36:11,-72.196,-33.998,27.6,4.97,mw,190.0,66.0,99.0,347.0,25.0,69.0,42.79830865202256,296.9955447588631,12.147168020183509,195.4992200056988,44.6625729264746,93.21728945607384,2.54,0.01,-2.55,-0.66,-2.24,0.07,gem,subduction_intraslab
16020158,2011-02-10T02:12:25,-70.295,-27.561,66.6,5.23,mw,244.0,71.0,158.0,341.0,70.0,21.0,1.3224830720402028,22.38734623271517,64.28430566920349,289.6398138898333,25.676638438997973,113.0232763571517,0.27,0.42,-0.69,-0.28,0.1,-0.55,gem,subduction_intraslab
16026120,2011-02-14T10:21:25,-73.151,-35.436,24.5,5.21,mw,13.0,18.0,107.0,175.0,73.0,85.0,44.46595227273143,77.03881205152055,6.271431049160502,173.2311582898947,44.850300386336336,269.5074831186194,4.52,-0.25,-4.27,0.81,-6.55,-0.37,gem,subduction_intraslab
16375928,2011-03-28T23:57:53,-72.036,-33.798,32.8,5.06,mw,2.0,33.0,96.0,175.0,57.0,86.0,43.98458494417442,72.14312698892621,7.83168339110111,169.77197698063378,44.95135054034511,267.6643665233488,4.27,0.12,-4.39,0.32,-1.98,0.14,gem,subduction_intraslab
16505360,2011-04-13T15:14:42,-72.027,-33.817,31.2,5.43,mw,9.0,23.0,100.0,178.0,67.0,86.0,44.54768952925772,80.39342076894093,5.516461194435944,175.84854420377724,44.922803576184,271.3757924625305,1.15,0.12,-1.27,0.07,-1.18,-0.08,gem,subduction_intraslab
16445792,2011-04-19T00:57:28,-72.383,-33.44,21.3,5.06,mw,191.0,62.0,97.0,355.0,29.0,76.0,43.126128734482656,297.2920506448148,10.915539170730218,196.88549173592608,44.81802928456127,95.83757788869076,4.06,-0.01,-4.05,-0.81,-2.53,-0.21,gem,subduction_intraslab
16498411,2011-05-07T06:57:31,-72.363,-33.937,29.1,4.96,mw,17.0,25.0,93.0,194.0,65.0,89.0,44.94036352493767,100.80875753998248,1.9680940865034384,192.77391697640405,44.99205953188772,284.7426272048108,2.67,-0.28,-2.38,-0.5,-2.18,-0.62,gem,subduction_intraslab
16553283,2011-06-01T13:47:29,-73.73,-37.594,27.0,5.38,mw,9.0,23.0,77.0,202.0,68.0,95.0,44.25994973829677,122.9607508956716,7.078615784636392,26.010326810118443,44.86987922854697,288.9095552230819,1.06,-0.15,-0.9,-0.44,-0.9,-0.21,gem,subduction_intraslab
16884480,2011-07-24T01:54:23,-70.595,-20.134,39.2,5.0,mw,163.0,63.0,90.0,344.0,27.0,90.0,45.000000000000014,252.99999999999997,2.385416011097637e-14,343.0,44.99999999999999,73.0,3.25,-0.43,-2.82,0.68,-2.23,0.78,gem,subduction_intraslab
17218166,2011-09-10T03:17:08,-72.293,-34.208,28.6,5.0,mw,27.0,25.0,112.0,184.0,67.0,80.0,42.5186916527682,75.11294501953489,12.997041679165754,177.3314493126818,44.580151726039965,280.47877185323625,2.75,-0.06,-2.69,0.08,-2.72,-0.78,gem,subduction_intraslab
17286481,2011-09-28T22:40:14,-74.041,-37.981,25.0,5.49,mw,6.0,15.0,82.0,194.0,75.0,92.0,44.92637588468767,107.28085657163972,2.376131935616167,14.90878616762609,44.9751391694891,282.53267235978115,1.03,0.03,-1.06,-0.44,-1.74,-0.2,gem,subduction_intraslab
17309835,2011-09-29T15:40:52,-74.024,-37.995,25.0,5.25,mw,3.0,22.0,87.0,187.0,68.0,91.0,44.96404941674079,98.42288109117214,1.5597816693344824,6.86447848588773,44.99349861803332,275.304472667666,0.59,0.06,-0.65,-0.08,-0.66,-0.07,gem,subduction_intraslab
17505619,2011-11-05T07:13:58,-70.363,-23.45,43.3,5.74,mw,4.0,74.0,70.0,237.0,26.0,140.0,38.78335807770098,68.03222268678815,22.27906023621794,177.25328572260855,42.93101990435883,289.65717246877773,2.78,-0.86,-1.92,-0.56,4.07,-1.64,gem,subduction_intraslab
600144299,2012-01-09T21:30:52,-71.731,-32.717,35.5,5.23,mw,11.0,23.0,100.0,180.0,68.0,86.0,44.54768952925772,82.39342076894098,5.516461194435946,177.84854420377724,44.922803576184,273.3757924625305,0.58,0.06,-0.63,0.01,-0.61,-0.06,gem,subduction_intraslab
603838824,2012-01-17T23:21:34,-71.737,-31.672,35.0,5.68,mw,178.0,61.0,91.0,355.0,29.0,87.0,44.95610987538856,270.56302476129974,1.6499782016348767,178.91488963880738,44.99638790738808,87.26443501830158,3.35,0.05,-3.41,0.03,-2.17,0.2,gem,subduction_intraslab
600296032,2012-01-17T23:23:22,-71.951,-31.686,35.0,5.6,mw,7.0,40.0,91.0,185.0,50.0,89.0,44.76500727226635,88.93330992120718,3.6860217333981047,182.596766998673,44.998183427897466,276.2902057499473,3.66,-1.24,-2.42,0.01,-0.52,-0.12,gem,subduction_intraslab
600760739,2012-03-04T16:27:21,-70.03,-21.564,47.0,5.1,mw,17.0,36.0,119.0,163.0,59.0,71.0,30.565071526711865,30.879808683315105,30.890331983332157,141.57014113353455,43.7296197646734,266.4809261275935,4.41,0.76,-5.17,1.44,-2.0,0.05,gem,subduction_intraslab
600791301,2012-03-16T23:31:56,-72.011,-33.543,32.7,5.07,mw,1.0,26.0,95.0,176.0,65.0,88.0,44.80548281934413,80.2026841170208,3.5359715106497185,173.72140474353557,44.97657241878959,267.2612295481316,3.57,0.55,-4.12,0.26,-3.11,0.12,gem,subduction_intraslab
600819451,2012-03-24T07:28:33,-71.06,-33.045,68.1,5.13,mw,68.0,64.0,2.0,337.0,88.0,154.0,16.96790425185473,289.4777642231628,63.97287303652947,160.807751160399,19.128028515995148,25.55239860220604,0.45,-4.12,3.67,-1.06,2.41,3.87,gem,subduction_intraslab
601023388,2012-05-19T08:35:11,-70.727,-25.714,35.0,5.88,mw,23.0,44.0,125.0,160.0,55.0,62.0,14.452830066741754,12.5865944077662,43.93144239877413,116.96357768075536,42.49607665546015,268.9276323691422,0.69,0.07,-0.76,0.33,-0.16,-0.03,gem,subduction_intraslab
601221107,2012-07-01T23:39:09,-71.125,-28.549,42.2,5.3,mw,23.0,34.0,123.0,165.0,62.0,70.0,32.6751098704423,37.029980789928,28.97195805914484,147.83016037387915,43.504466095242265,269.53171191756826,0.85,0.1,-0.95,0.32,-0.5,-0.07,gem,subduction_intraslab
601521551,2012-08-07T00:39:04,-70.617,-27.847,62.1,5.31,mw,6.0,90.0,52.0,276.0,38.0,180.0,33.86291398096766,64.38099346253546,37.99999999999999,186.0,33.86291398096768,307.61900653746454,0.0,-0.14,0.13,0.1,0.9,-0.7,gem,subduction_intraslab
601835751,2012-10-15T21:04:19,-72.16,-31.823,21.9,5.13,mw,183.0,62.0,97.0,348.0,28.0,77.0,43.126128734482656,289.2920506448148,10.915539170730248,188.8854917359261,44.81802928456128,87.8375778886907,5.12,-0.17,-4.95,-0.54,-3.47,0.43,gem,subduction_intraslab
601901485,2012-11-14T19:02:05,-71.382,-29.172,60.5,6.18,mw,4.0,79.0,-111.0,248.0,23.0,-28.0,42.36967713256185,291.17120615338325,22.0549353474082,179.4831874566562,39.51465067683746,69.96249346490896,-0.82,0.19,0.63,0.06,-2.06,0.86,gem,subduction_intraslab
601993511,2012-11-21T18:16:39,-72.201,-33.992,27.9,5.24,mw,19.0,24.0,118.0,169.0,69.0,79.0,41.95633988314529,59.4229596836787,14.657581616416754,163.0230466582824,44.36922981079849,267.84745020878336,0.59,0.03,-0.62,0.19,-0.64,-0.05,gem,subduction_intraslab
601993548,2012-11-21T22:52:31,-72.095,-34.003,33.3,5.11,mw,11.0,32.0,101.0,177.0,58.0,83.0,42.50879513251649,68.76144048097422,12.404031668545562,170.3918728706493,44.84439358547413,273.0272998391836,5.19,0.07,-5.26,0.5,-2.62,-0.36,gem,subduction_intraslab
601995950,2012-12-03T09:31:53,-70.401,-28.678,85.8,5.13,mw,88.0,33.0,-34.0,207.0,72.0,-118.0,41.122384942789736,318.72027737141934,31.683825039758307,196.11404308827025,32.68380417386839,82.78546393622912,-2.98,2.7,0.27,1.8,4.04,3.55,gem,subduction_intraslab
602057934,2012-12-24T12:12:38,-71.586,-29.092,41.2,5.22,mw,214.0,57.0,115.0,353.0,41.0,57.0,21.54903131516708,354.7689998260319,39.19965538451833,245.980959014342,43.02962307414377,106.40024299006944,0.67,0.11,-0.78,-0.29,-0.16,-0.24,gem,subduction_intraslab
602345425,2013-01-23T02:47:40,-71.63,-31.68,50.8,5.14,mw,176.0,66.0,99.0,336.0,25.0,71.0,42.79830865202256,282.9955447588632,12.147168020183525,181.4992200056988,44.66257292647461,79.21728945607379,4.78,-0.36,-4.42,-0.15,-4.37,1.12,gem,subduction_intraslab
602363406,2013-01-30T20:15:43,-70.853,-28.112,50.0,6.77,mw,31.0,30.0,119.0,178.0,64.0,75.0,37.99023554171689,58.969129621937554,21.79416096081137,167.1664130066806,44.041979431933065,279.91575497898043,1.35,0.07,-1.42,0.23,-1.09,-0.39,gem,subduction_intraslab
602563743,2013-02-10T19:54:31,-72.013,-33.442,30.9,5.45,mw,6.0,24.0,100.0,176.0,66.0,86.0,44.46701535099755,76.59378314893803,5.9490280073437605,172.4644904878022,44.91748197534472,268.42858114334894,1.43,-0.11,-1.32,0.17,-1.23,-0.03,gem,subduction_intraslab
602446074,2013-02-18T10:00:11,-72.248,-33.974,26.5,5.44,mw,5.0,18.0,95.0,180.0,72.0,89.0,44.94986096836202,87.2261637690986,1.903944707890396,179.12782815185813,44.98689400942234,271.0319533071271,1.02,0.05,-1.06,0.01,-1.46,-0.05,gem,subduction_intraslab
603249158,2013-07-23T21:12:19,-70.886,-20.184,24.9,4.97,mw,172.0,64.0,96.0,337.0,26.0,77.0,43.83067813734024,274.7266809287792,8.699471032027505,176.27990384594295,44.85823677793216,77.52217281785249,2.76,-0.15,-2.62,0.14,-2.21,0.73,gem,subduction_intraslab
603336792,2013-08-16T22:17:31,-71.186,-28.618,41.3,5.17,mw,16.0,66.0,115.0,148.0,34.0,47.0,31.417335142510773,143.7958908976767,31.48775270610042,31.825329305284527,42.44497581371112,267.7572280491805,4.37,2.53,-6.9,1.42,3.89,0.71,gem,subduction_intraslab
603780855,2013-11-10T02:01:57,-72.04,-33.502,29.1,5.17,mw,18.0,24.0,98.0,189.0,67.0,87.0,44.65238956419519,92.38379392395166,4.795795972903171,187.13829907274712,44.94711868599847,281.9420873522696,4.89,0.27,-5.16,-0.67,-4.81,-1.36,gem,subduction_intraslab
603821241,2013-11-29T05:21:31,-72.275,-33.37,24.1,4.99,mw,16.0,28.0,91.0,195.0,62.0,90.0,44.98875911367932,103.5822521679633,0.8392585887993663,194.42127150304464,44.99894845173554,285.2605893307564,3.23,-0.23,-3.0,-0.52,-2.03,-0.81,gem,subduction_intraslab
603860360,2013-12-17T12:30:00,-70.498,-25.589,64.0,5.48,mw,25.0,51.0,-73.0,178.0,42.0,-110.0,44.23572849086885,283.02930169433114,39.98807055655602,67.78133298866936,18.469927908542537,174.05053179474874,-1.73,-0.52,2.25,-0.35,-0.28,0.63,gem,subduction_intraslab
603932277,2014-01-07T03:43:23,-69.703,-20.994,82.7,5.36,mw,9.0,73.0,-92.0,196.0,18.0,-83.0,44.979529960706095,280.6011821631171,2.306539588185447,188.2944210604424,44.92766641387677,95.99183454815515,-0.7,-0.12,0.82,-0.17,-1.11,0.21,gem,subduction_intraslab
604090622,2014-03-04T10:51:17,-71.984,-33.594,35.0,5.79,mw,15.0,22.0,104.0,180.0,68.0,84.0,44.27813793308044,80.26106982572355,7.046850536646828,177.1842490099814,44.85944902125314,274.25008071350345,4.08,0.12,-4.2,0.19,-4.4,-0.56,gem,subduction_intraslab
604400591,2014-03-06T04:37:05,-71.275,-33.314,59.8,5.4,mw,75.0,61.0,11.0,340.0,81.0,150.0,14.214303098953652,293.5461636248072,60.46054042599777,176.99507041637855,25.31054895208718,30.426352640928656,0.45,-0.99,0.53,-0.21,0.66,1.2,gem,subduction_intraslab
604187251,2014-03-23T20:23:06,-70.792,-19.855,31.6,5.29,mw,5.0,36.0,122.0,147.0,60.0,69.0,29.9504163451954,15.508920338027735,31.794806019886924,126.43633511012575,43.46074553310798,252.41310719451968,0.8,0.15,-0.95,0.37,-0.35,0.33,gem,subduction_intraslab
604187976,2014-03-24T11:32:17,-70.752,-19.783,33.0,5.35,mw,169.0,64.0,89.0,351.0,26.0,92.0,44.96676741628986,256.82954765880595,1.459603200622129,348.28793158294536,44.99605740038796,79.74780766387778,1.09,-0.09,-1.0,0.17,-0.81,0.16,gem,subduction_intraslab
609849583,2014-03-24T12:32:52,-70.74,-19.799,33.5,5.13,mw,172.0,61.0,88.0,357.0,29.0,94.0,44.824937944457126,256.8878310236697,3.2969681243220736,350.17012988206835,44.98555300070936,83.47090321848964,5.3,-0.26,-5.04,0.58,-3.25,0.45,gem,subduction_intraslab
607727143,2014-04-01T23:57:59,-71.018,-19.99,25.0,7.0,mw,177.0,65.0,94.0,347.0,26.0,81.0,44.514431724036754,275.1892765055518,5.624937098608688,179.63233652708766,44.93509607390625,83.99292756094815,3.14,-0.24,-2.9,-0.02,-2.52,0.39,gem,subduction_intraslab
604399082,2014-04-03T00:01:18,-70.982,-19.771,25.7,5.15,mw,160.0,63.0,84.0,354.0,27.0,102.0,43.72793701129369,236.6217050416322,9.023339579843867,335.3589139859889,44.86229559347437,74.45209434823562,5.64,-0.69,-4.95,1.73,-3.64,0.96,gem,subduction_intraslab
609948385,2014-04-04T15:21:03,-70.774,-19.905,32.0,4.99,mw,164.0,59.0,93.0,338.0,31.0,85.0,44.51247350490668,262.67955685409106,5.456851990389037,167.29056582501858,44.96936166310255,71.81467283691643,3.46,-0.47,-2.99,0.43,-1.84,1.02,gem,subduction_intraslab
609948419,2014-04-05T04:05:04,-70.673,-20.717,29.9,5.1,mw,154.0,66.0,81.0,356.0,26.0,109.0,42.79830865202258,227.0044552411369,12.147168020183509,328.50077999430124,44.66257292647461,70.78271054392616,4.01,0.03,-4.04,1.83,-3.1,1.21,gem,subduction_intraslab
604457971,2014-04-15T17:12:21,-70.774,-20.196,28.9,5.01,mw,164.0,60.0,93.0,338.0,30.0,84.0,44.56457025354641,262.1222507066551,5.179622188786066,167.0,44.968441737965215,71.80482394787134,3.59,-0.4,-3.19,0.46,-2.08,1.09,gem,subduction_intraslab
604502458,2014-04-30T18:00:57,-71.698,-32.712,39.8,5.21,mw,180.0,61.0,91.0,358.0,29.0,88.0,44.95610987538857,272.56302476129974,1.649978201634876,180.91488963880744,44.99638790738808,89.26443501830158,0.68,0.04,-0.71,-0.01,-0.44,0.01,gem,subduction_intraslab
604507523,2014-05-01T16:45:26,-71.063,-19.975,28.4,5.06,mw,162.0,58.0,103.0,318.0,34.0,70.0,36.483581040154,286.1433345944323,23.27668763708581,177.59346184857122,44.44414680041164,62.63766959835704,4.58,-1.41,-3.17,-0.04,-2.31,1.72,gem,subduction_intraslab
604650838,2014-05-21T09:00:54,-71.34,-30.453,49.7,5.14,mw,168.0,57.0,88.0,351.0,33.0,93.0,44.71793683250916,251.23861686127125,4.113987846724285,345.322770100108,44.98717074840743,79.44555432802332,5.76,-0.04,-5.72,0.66,-2.63,1.1,gem,subduction_intraslab
604662883,2014-05-30T11:41:38,-69.977,-21.284,60.2,5.14,mw,250.0,71.0,143.0,353.0,56.0,23.0,12.531669650194676,26.814562578839627,54.38887184406466,278.73468610226786,32.70702206056414,125.02077518783813,3.39,0.57,-3.96,-2.05,-0.92,-5.4,gem,subduction_intraslab
604663003,2014-05-30T15:32:27,-69.988,-21.284,60.0,5.61,mw,2.0,85.0,4.0,272.0,86.0,175.0,0.7200655724240277,226.78527924499943,83.6376393690022,130.31336176128093,6.321147583597628,316.8650484726401,0.37,-0.44,0.06,-0.27,0.22,-3.26,gem,subduction_intraslab
604663353,2014-05-30T22:06:20,-72.179,-33.53,24.0,5.05,mw,186.0,60.0,93.0,359.0,30.0,84.0,44.56457025354641,284.1222507066552,5.179622188786097,189.00000000000003,44.9684417379652,93.80482394787134,4.26,-0.24,-4.02,-0.41,-2.32,-0.16,gem,subduction_intraslab
604747578,2014-06-19T19:59:43,-70.836,-19.848,28.4,5.35,mw,161.0,63.0,83.0,355.0,28.0,103.0,43.28443405183129,235.53194492983272,10.497513142302246,335.58251730642326,44.81264990441835,76.19038471342458,1.08,-0.05,-1.03,0.33,-0.71,0.22,gem,subduction_intraslab
605140411,2014-08-08T04:10:16,-72.232,-33.719,24.2,5.25,mw,5.0,27.0,87.0,189.0,63.0,92.0,44.91580652418892,101.84803083465935,2.3107063598893847,9.542233223317794,44.991054386902974,277.23036783819043,0.78,-0.03,-0.75,-0.1,-0.55,-0.09,gem,subduction_intraslab
605193203,2014-09-04T09:26:53,-70.392,-20.687,37.9,5.01,mw,161.0,60.0,82.0,357.0,31.0,104.0,42.07246268203446,230.4319239723021,13.552868110939285,333.0,44.77596423074051,76.83797650959957,3.53,0.07,-3.6,0.93,-1.84,0.78,gem,subduction_intraslab
606176833,2014-12-03T09:38:37,-70.268,-22.578,63.1,5.14,mw,35.0,61.0,-103.0,240.0,31.0,-68.0,44.39275407547447,314.48096314169175,20.44632967543926,203.07354010440213,38.5612486062662,95.78381853303756,-5.58,3.11,2.47,-1.14,-3.26,2.33,gem,subduction_intraslab
606589318,2015-01-20T17:34:43,-70.72,-23.395,34.5,5.13,mw,22.0,36.0,103.0,187.0,55.0,81.0,38.10246883356044,63.71030823565548,20.59733708550926,170.85036287454136,44.740042579413625,282.7157580309768,4.44,2.44,-6.88,-0.24,-2.14,-2.3,gem,subduction_intraslab
606636041,2015-02-02T15:22:12,-70.872,-22.31,36.2,5.33,mw,60.0,61.0,165.0,158.0,76.0,29.0,11.93788959312998,22.203967634919763,59.989524634466726,133.67570436089102,27.089385173260546,285.9957690249413,0.42,0.69,-1.11,0.28,-0.41,-0.66,gem,subduction_intraslab
606732299,2015-02-17T14:35:53,-70.942,-32.339,80.7,5.38,mw,70.0,80.0,10.0,339.0,80.0,170.0,0.1102035589691038,294.109268380514,76.30295266271396,203.65708869335208,13.696586640943664,24.136126191124163,0.04,-0.97,0.93,0.15,0.33,1.09,gem,subduction_intraslab
606777698,2015-03-05T02:08:52,-72.648,-34.266,25.2,5.01,mw,83.0,31.0,175.0,177.0,88.0,60.0,36.714711171758005,59.153947499629055,30.97100164004613,175.74338049231324,37.925667061092845,293.6254418507828,0.22,0.66,-0.87,-0.21,-3.59,-2.07,gem,subduction_intraslab
606792825,2015-03-05T21:30:32,-71.421,-29.246,41.0,5.23,mw,237.0,44.0,160.0,342.0,76.0,48.0,24.82755321071124,211.4791770314609,43.99553695773849,328.0116457007414,35.74235708825531,102.0303012505683,0.31,0.33,-0.63,-0.28,0.5,-0.36,gem,subduction_intraslab
606962367,2015-04-01T08:17:27,-71.791,-29.362,30.4,5.36,mw,193.0,76.0,124.0,304.0,36.0,25.0,30.59222694942473,318.9975086259111,36.08804644807682,203.4707441934032,38.88267040773248,77.47121407706118,0.56,0.21,-0.76,-0.53,-0.91,0.54,gem,subduction_intraslab
610634880,2015-05-29T04:28:16,-70.777,-28.173,53.2,5.25,mw,28.0,34.0,119.0,175.0,61.0,72.0,33.56217817063913,46.89071838103604,27.601070308329867,157.1859538531902,43.83701197047432,277.3187968359693,0.74,0.11,-0.84,0.15,-0.46,-0.18,gem,subduction_intraslab
610634941,2015-05-31T16:08:30,-70.81,-19.898,34.1,5.02,mw,173.0,64.0,93.0,345.0,27.0,83.0,44.70249073562916,269.47655882049827,4.372102577590651,175.13706096096485,44.964526363499054,80.75761033637036,3.28,0.16,-3.44,0.24,-2.6,0.71,gem,subduction_intraslab
607277236,2015-06-02T10:32:47,-72.412,-33.92,22.0,5.12,mw,27.0,26.0,107.0,188.0,66.0,82.0,43.08886793844097,82.23074995755212,11.24316917422111,182.94730326504617,44.731633441692885,284.3050804685913,4.38,0.03,-4.41,-0.29,-3.99,-1.47,gem,subduction_intraslab
608098265,2015-09-17T12:14:41,-72.155,-32.183,22.3,5.86,mw,172.0,64.0,90.0,351.0,26.0,90.0,45.00000000000001,262.0,7.156248033292914e-15,352.0,44.99999999999999,82.0,6.44,-1.05,-5.39,0.71,-4.76,0.67,gem,subduction_intraslab
610637563,2015-09-17T22:08:06,-72.211,-30.259,21.4,5.1,mw,183.0,63.0,92.0,358.0,28.0,86.0,44.85532929357278,277.5629967996125,3.0290459035980146,184.5450026759194,44.98468318602675,91.51333778689668,5.03,-0.8,-4.23,-0.31,-3.24,-0.01,gem,subduction_intraslab
608098398,2015-09-18T03:32:19,-71.964,-31.723,27.7,5.15,mw,174.0,68.0,89.0,356.0,22.0,92.0,44.97544168456761,262.1911781834423,1.2887974693221866,353.47919701239306,44.99557330143677,84.76812143661084,4.71,-0.22,-4.49,0.51,-4.85,0.36,gem,subduction_intraslab
607744580,2015-09-18T04:29:05,-71.869,-31.623,34.6,5.06,mw,5.0,41.0,90.0,185.0,49.0,90.0,45.00000000000001,95.0000000000004,1.9679682091555512e-13,5.0000000000001705,44.99999999999999,275.0,5.24,-0.92,-4.32,-0.04,-0.64,-0.31,gem,subduction_intraslab
610637670,2015-09-19T13:09:00,-72.021,-30.59,23.0,5.6,mw,168.0,65.0,85.0,359.0,26.0,100.0,44.24529856666656,247.8186531520865,7.020758731538627,344.7078707994586,44.89861988199483,81.75682264291237,2.4,0.04,-2.44,0.53,-1.95,0.3,gem,subduction_intraslab
607776566,2015-09-19T18:13:17,-71.897,-31.278,38.2,4.97,mw,6.0,31.0,97.0,179.0,59.0,86.0,44.08694553120288,76.049749330508,7.488004242471261,173.36425287290297,44.93984898485043,270.9011030253708,3.22,-0.09,-3.12,0.18,-1.74,-0.14,gem,subduction_intraslab
610433564,2015-09-21T15:37:08,-71.807,-31.076,31.0,5.47,mw,172.0,66.0,90.0,353.0,24.0,90.0,45.000000000000014,262.0,1.2722218725854067e-14,352.0,44.99999999999999,82.0,1.41,0.09,-1.5,0.19,-1.34,0.21,gem,subduction_intraslab
610433581,2015-09-22T07:13:00,-71.153,-31.448,60.1,6.05,mw,0.0,28.0,103.0,165.0,63.0,83.0,43.33676374393308,60.07746982583683,10.32068413921796,159.9715105590053,44.82325700670977,260.3985743271512,1.15,0.14,-1.29,0.28,-0.83,0.2,gem,subduction_intraslab
607797513,2015-09-23T11:32:42,-71.909,-31.604,29.4,5.13,mw,182.0,64.0,93.0,356.0,27.0,84.0,44.70249073562917,278.4765588204982,4.372102577590643,184.13706096096487,44.96452636349903,89.75761033637036,4.91,0.06,-4.97,-0.28,-3.73,0.1,gem,subduction_intraslab
611836729,2015-09-26T02:51:18,-71.303,-30.782,50.4,6.27,mw,172.0,57.0,88.0,357.0,33.0,94.0,44.717936832509146,255.23861686127128,4.113987846724252,349.322770100108,44.98717074840743,83.44555432802338,2.78,0.26,-3.04,0.24,-1.3,0.34,gem,subduction_intraslab
607833220,2015-09-27T21:04:45,-71.722,-31.638,38.2,5.12,mw,167.0,60.0,96.0,336.0,31.0,80.0,43.306673489781005,272.8256947861872,10.26215841708164,173.0,44.873871730368165,72.61548847704171,5.46,-0.76,-4.7,0.31,-2.96,1.51,gem,subduction_intraslab
607849908,2015-10-02T16:22:46,-71.801,-30.595,32.5,5.01,mw,148.0,66.0,81.0,349.0,26.0,109.0,42.79830865202257,221.00445524113684,12.147168020183528,322.5007799943012,44.66257292647461,64.78271054392621,3.07,-0.38,-2.69,1.65,-2.13,1.04,gem,subduction_intraslab
608007317,2015-10-03T06:26:56,-71.485,-30.296,42.0,5.88,mw,13.0,35.0,108.0,171.0,57.0,77.0,36.405018581531536,46.622254364565606,23.26914360155377,155.1100967028101,44.52472110469735,270.1313196313435,0.74,0.04,-0.77,0.15,-0.3,-0.02,gem,subduction_intraslab
610433780,2015-10-03T11:21:02,-71.747,-29.835,31.5,5.22,mw,1.0,28.0,86.0,186.0,62.0,92.0,44.822383903406745,100.62518940379027,3.339570337800997,7.300631558355292,44.98318342936645,273.9573392854469,0.69,0.02,-0.7,-0.07,-0.48,-0.04,gem,subduction_intraslab
607857284,2015-10-04T10:11:55,-71.766,-30.618,30.5,5.06,mw,5.0,30.0,103.0,169.0,61.0,83.0,42.67680816337547,61.80519109030786,12.0990970448058,163.2047433132509,44.80344168353057,265.4970484722043,4.22,-0.16,-4.06,0.81,-2.47,0.18,gem,subduction_intraslab
611836757,2015-10-05T16:33:26,-71.485,-30.292,39.9,5.88,mw,8.0,34.0,101.0,175.0,57.0,83.0,41.36035459911376,61.1518108640326,14.924863063617853,164.72355117544862,44.82925461140737,270.0881402876082,0.74,0.04,-0.78,0.08,-0.33,-0.02,gem,subduction_intraslab
610433955,2015-10-15T19:23:21,-71.726,-30.562,33.1,5.01,mw,29.0,33.0,114.0,180.0,60.0,75.0,36.37229711135492,57.5744360975404,23.70999494774657,166.44684833289398,44.23360017841252,281.7611003921731,3.12,0.59,-3.71,0.3,-1.97,-1.06,gem,subduction_intraslab
608100378,2015-10-20T10:06:13,-71.512,-30.747,43.0,5.2,mw,179.0,40.0,107.0,337.0,52.0,76.0,26.32777888291313,196.07118204590785,33.981481561079526,305.55479404522674,44.478897621717664,76.99880399193853,0.78,-0.08,-0.7,-0.21,0.12,0.13,gem,subduction_intraslab
608023744,2015-11-07T10:53:43,-71.443,-30.701,44.6,5.77,mw,174.0,59.0,92.0,349.0,31.0,86.0,44.781980699856575,269.81911161821347,3.64550478939918,176.1939369919512,44.98638091239807,82.54276922843258,4.7,0.38,-5.08,0.19,-2.64,0.82,gem,subduction_intraslab
612127725,2015-12-08T12:56:07,-71.756,-30.828,33.2,5.61,mw,173.0,66.0,89.0,354.0,24.0,91.0,44.9716610328198,261.0279897242803,1.3650757127007076,352.3921027069798,44.99582209722334,83.75736685891343,2.44,0.09,-2.52,0.28,-2.18,0.3,gem,subduction_intraslab
611838525,2015-12-19T19:25:05,-71.262,-30.623,54.1,5.82,mw,168.0,58.0,84.0,359.0,32.0,99.0,42.87693326721298,239.96466768757156,11.403954468252175,340.759144369725,44.88113507126721,82.34710075146711,5.38,1.3,-6.68,0.81,-2.96,1.03,gem,subduction_intraslab
612141655,2016-01-29T20:07:14,-71.71,-30.315,33.3,5.11,mw,14.0,33.0,105.0,177.0,58.0,80.0,40.13539302410517,59.72512670999845,17.43495781784215,165.07944613049233,44.69759092373528,273.184086468294,5.24,-0.02,-5.22,0.69,-2.52,-0.51,gem,subduction_intraslab
608505010,2016-02-05T05:28:07,-71.867,-31.078,30.2,5.05,mw,1.0,33.0,90.0,181.0,57.0,90.0,45.00000000000001,91.0,2.6835930124848418e-15,1.0,45.00000000000001,271.0,4.74,-0.97,-3.77,-0.02,-1.91,-0.06,gem,subduction_intraslab
608482492,2016-03-12T16:05:15,-71.621,-30.27,38.9,5.13,mw,18.0,36.0,117.0,166.0,58.0,72.0,31.09223048163406,34.33464671499314,30.17078715874145,144.85707981142923,43.895487155235855,268.86722208304514,5.56,-0.09,-5.47,1.9,-2.3,-0.28,gem,subduction_intraslab
608534586,2016-04-04T12:32:45,-71.824,-31.212,32.5,5.38,mw,1.0,23.0,99.0,171.0,67.0,86.0,44.63029755041876,74.2093221254064,4.982927929709594,169.1469050979249,44.93742584546373,264.1378437533478,1.02,0.04,-1.06,0.19,-1.01,0.08,gem,subduction_intraslab
608556047,2016-04-16T06:05:24,-70.096,-26.477,69.6,5.25,mw,143.0,57.0,-49.0,266.0,51.0,-135.0,39.8386295180953,25.30201068485616,49.4316429141774,192.334270630032,6.434148139877876,289.90326248850874,-0.66,0.68,-0.01,0.15,0.52,-0.39,gem,subduction_intraslab
608816435,2016-05-22T11:47:09,-71.811,-30.616,34.0,5.08,mw,6.0,33.0,102.0,172.0,58.0,82.0,41.5397248432494,58.97967293015523,14.610952480865784,162.3330752881781,44.806006525841205,267.33937877326935,4.76,-0.15,-4.61,0.73,-2.24,0.05,gem,subduction_intraslab
608988297,2016-06-05T05:51:11,-71.794,-29.367,31.6,5.77,mw,201.0,74.0,122.0,314.0,35.0,28.0,30.94181618772052,327.06972161753544,34.76519656170979,212.4805357446608,39.84349330282747,87.08552153629171,2.5,1.68,-4.18,-2.18,-3.61,1.32,gem,subduction_intraslab
608991514,2016-06-06T13:16:02,-71.566,-30.079,39.4,5.4,mw,13.0,38.0,116.0,161.0,56.0,71.0,27.64276915036606,24.927354806718085,33.47280088195519,135.18836431986426,43.885084295396325,264.6794755261405,1.35,0.24,-1.59,0.41,-0.47,0.1,gem,subduction_intraslab
608991515,2016-06-06T13:22:00,-71.535,-30.039,42.0,5.46,mw,1.0,36.0,91.0,179.0,54.0,89.0,44.9385866650067,86.48692053728092,1.899626652165516,178.383520466738,44.99845473474842,270.28408949330867,1.6,0.49,-2.08,0.02,-0.62,-0.0,gem,subduction_intraslab
609063487,2016-06-27T12:51:13,-71.41,-31.75,48.9,5.07,mw,9.0,33.0,107.0,169.0,58.0,79.0,39.2125448150605,50.35865592454559,19.101814882103238,156.77261379931417,44.61228663963756,266.7507168833343,4.02,1.14,-5.16,0.69,-2.16,0.2,gem,subduction_intraslab
609169311,2016-07-18T08:59:42,-71.75,-30.43,30.9,5.1,mw,163.0,52.0,91.0,341.0,38.0,89.0,44.81849180323077,258.77904405695995,3.250922463811482,165.5434634045613,44.99724977185365,72.28760825991264,5.18,-0.13,-5.05,0.36,-1.38,1.74,gem,subduction_intraslab
611830214,2016-07-25T17:26:49,-70.423,-26.134,72.4,6.06,mw,176.0,23.0,-75.0,341.0,68.0,-96.0,44.827130690124505,74.56765956543518,8.08358423270193,336.4518553963011,44.039761687313366,238.55754404412983,-1.28,0.43,0.85,0.48,-1.0,-0.01,gem,subduction_intraslab
609624984,2016-10-30T04:49:40,-70.355,-25.178,52.8,5.29,mw,198.0,87.0,-44.0,292.0,46.0,-176.0,30.621395782923805,73.19976163526837,46.07555679490154,201.1191906702001,28.095155594322105,324.7796438351843,-0.13,-0.49,0.61,0.16,0.73,-0.56,gem,subduction_intraslab
609869842,2016-12-12T01:40:24,-71.346,-30.926,50.1,5.0,mw,8.0,38.0,102.0,172.0,53.0,81.0,35.612445483960585,44.72775954829109,23.97653029438009,153.3028505237428,44.75917193640856,269.47150395658747,3.69,0.17,-3.86,0.49,-0.96,0.01,gem,subduction_intraslab
610570383,2017-01-03T13:41:52,-70.422,-19.939,52.1,5.15,mw,116.0,74.0,149.0,215.0,61.0,19.0,10.485267999604384,252.2940228180031,58.92350567886557,144.41043896822237,28.88403736597006,348.15405161199595,1.41,-5.39,3.98,1.89,-3.22,-2.71,gem,subduction_intraslab
609978254,2017-01-04T13:24:04,-71.683,-30.277,50.0,4.99,mw,175.0,38.0,119.0,320.0,58.0,69.0,26.97140941328498,183.62630621981003,34.351091466906134,293.97981495436875,43.618868563447215,64.61804061154169,3.33,-0.28,-3.05,-1.61,0.72,1.33,gem,subduction_intraslab
611831542,2017-01-11T21:58:17,-69.793,-22.812,71.0,5.74,mw,36.0,58.0,-60.0,169.0,43.0,-129.0,42.09870384486918,285.064960046265,42.486593697849344,70.91204997183627,17.88956826338646,178.10819404199628,-3.76,-1.21,4.98,-1.77,-0.94,1.58,gem,subduction_intraslab
610327080,2017-03-13T15:05:55,-71.388,-30.448,50.2,5.14,mw,173.0,56.0,87.0,358.0,34.0,95.0,44.27197349383423,252.0541765708064,6.595805481936626,348.52677257812815,44.97199698746967,85.16020607913248,5.96,0.13,-6.09,0.51,-2.5,0.49,gem,subduction_intraslab
610467777,2017-03-31T18:44:39,-71.513,-30.737,48.0,5.26,mw,171.0,60.0,86.0,358.0,30.0,97.0,44.23163542586034,250.24500963446857,6.889183707181978,347.0,44.94390851697781,83.92589022855896,0.86,-0.04,-0.82,0.12,-0.49,0.07,gem,subduction_intraslab
610548803,2017-04-24T21:38:30,-71.999,-33.085,27.3,6.86,mw,3.0,16.0,94.0,179.0,74.0,89.0,44.97753148020297,87.1708576134422,1.297925319149448,178.46809808539376,44.99307155295417,269.7660425579604,1.3,0.04,-1.33,0.06,-2.03,-0.02,gem,subduction_intraslab
610639145,2017-04-28T16:05:58,-71.728,-33.114,38.4,5.93,mw,172.0,71.0,96.0,334.0,20.0,73.0,44.27816235628759,271.5435515604736,7.18107215070655,174.48645080059282,44.82643517534722,77.29225496926648,0.58,-0.03,-0.55,0.08,-0.77,0.18,gem,subduction_intraslab
611834102,2017-06-12T02:43:28,-71.709,-31.495,41.5,5.74,mw,5.0,26.0,99.0,175.0,64.0,86.0,44.39224852353557,75.80549114753609,6.270275892504113,171.98071011164404,44.92424091616341,268.2721476224597,3.83,0.37,-4.19,0.44,-3.2,0.05,gem,subduction_intraslab
610695069,2017-06-26T14:44:50,-71.333,-30.647,49.3,5.16,mw,3.0,29.0,101.0,170.0,61.0,84.0,43.53606560493382,65.95395101675797,9.610878124930812,165.212705337613,44.86621784550242,264.9158636607251,5.27,1.11,-6.38,0.81,-3.67,0.54,gem,subduction_intraslab
613594725,2017-07-07T03:04:49,-72.201,-33.709,25.3,5.09,mw,16.0,28.0,98.0,186.0,63.0,86.0,44.31681894986586,87.03029008698229,6.570898027144488,183.48827043104123,44.93283862667732,280.08725366543774,4.75,-0.67,-4.08,-0.1,-3.17,-0.74,gem,subduction_intraslab
611834332,2017-07-14T12:00:31,-72.48,-33.741,20.0,5.38,mw,16.0,19.0,97.0,189.0,71.0,88.0,44.88404276042952,94.75400867147285,2.873089427461624,187.61908694699832,44.97200693719255,280.4929834650601,0.94,-0.07,-0.86,-0.17,-1.15,-0.19,gem,subduction_intraslab
610865034,2017-07-26T10:11:01,-69.464,-24.006,77.4,4.96,mw,181.0,36.0,-85.0,355.0,54.0,-94.0,44.96139365956567,87.42169954489412,9.213843904104053,348.09903529514327,43.56904399710941,249.22248852787143,-3.34,0.02,3.32,0.25,-1.09,-0.12,gem,subduction_intraslab
610868789,2017-08-02T20:03:29,-71.218,-28.51,38.2,5.53,mw,57.0,4.0,-57.0,203.0,86.0,-92.0,44.96297160564238,295.9986747384484,2.1923029400063374,203.80760046998645,44.95318541391026,111.61727491584924,-0.28,0.08,0.2,0.97,2.23,0.22,gem,subduction_intraslab
616220571,2018-01-20T11:31:15,-71.894,-28.934,46.2,5.18,mw,28.0,78.0,-151.0,291.0,62.0,-13.0,26.156696587120194,337.0290813756504,60.76702932437815,185.6779743529929,12.131889702645063,73.08929085152124,-0.86,5.23,-4.37,0.06,-4.02,4.01,gem,subduction_intraslab
611868130,2018-04-05T06:32:42,-74.11,-42.539,38.5,5.13,mw,5.0,25.0,97.0,178.0,66.0,87.0,44.682910852001456,80.66612094657711,4.548007143601985,175.1781980876193,44.956829898397785,269.7337168915557,5.03,-0.68,-4.34,0.35,-4.1,-0.15,gem,subduction_intraslab
611868312,2018-04-05T11:12:10,-70.479,-20.35,50.0,5.55,mw,123.0,61.0,175.0,216.0,86.0,29.0,17.47073436410969,83.11971612943859,60.88928456655718,207.53746483485227,22.5083640437155,345.6257201681136,-0.04,-2.12,2.16,-0.44,-1.29,-0.77,gem,subduction_intraslab
611872858,2018-04-10T10:19:34,-71.495,-30.988,72.6,6.22,mw,120.0,26.0,-118.0,331.0,67.0,-77.0,44.28439593985075,50.8607032663009,16.650244780507663,157.8198243391014,40.99862490898748,262.8877091362998,-2.2,1.25,0.95,0.52,-1.83,-0.68,gem,subduction_intraslab
612638791,2018-08-27T09:16:04,-71.581,-29.714,53.6,5.03,mw,214.0,45.0,122.0,352.0,53.0,62.0,11.239176549743988,202.5381160033205,44.99999999999998,304.0000000000001,42.82134988022058,101.92650036495786,3.62,0.66,-4.27,-1.2,0.9,-1.16,gem,subduction_intraslab
612640273,2018-08-28T04:51:40,-71.348,-29.685,44.7,5.23,mw,9.0,59.0,73.0,220.0,35.0,116.0,33.09977183601696,60.27657595358369,27.889222762152173,170.45830809071003,44.02426667362032,291.22255039135774,0.71,-0.02,-0.68,-0.04,0.41,-0.36,gem,subduction_intraslab
612727681,2018-09-19T18:42:20,-70.358,-19.538,63.2,5.04,mw,12.0,68.0,-35.0,116.0,58.0,-153.0,32.819218000909856,246.3494498848681,55.90135168320895,48.63924064736125,8.240059743080876,150.9904266236237,-2.34,-1.41,3.74,-0.88,-1.28,-3.1,gem,subduction_intraslab
612739747,2018-09-22T13:13:59,-71.005,-25.921,32.2,5.38,mw,8.0,52.0,65.0,226.0,45.0,119.0,11.571382729778648,36.559540949425525,44.38519754328465,138.1200366870296,43.30843100069286,295.4314185336245,1.29,-0.15,-1.15,-0.33,0.38,-0.68,gem,subduction_intraslab
612739919,2018-09-23T05:32:10,-70.072,-24.316,58.5,5.44,mw,4.0,20.0,108.0,165.0,71.0,84.0,44.176551294146485,64.74517852579953,7.674893315423244,162.26910827989343,44.801399455179165,259.95997044594003,1.01,0.2,-1.21,0.41,-1.4,0.17,gem,subduction_intraslab
613970829,2018-11-09T18:54:09,-71.813,-30.624,29.3,5.23,mw,3.0,31.0,98.0,174.0,59.0,85.0,43.82819012689898,70.36623497250093,8.493963170054661,168.60833577006974,44.92147089347007,267.17351836068394,0.78,0.01,-0.78,0.08,-0.41,0.02,gem,subduction_intraslab
614405800,2018-12-05T17:12:13,-71.623,-33.669,46.1,5.15,mw,112.0,50.0,61.0,333.0,48.0,120.0,2.961700952092096,134.80547682357633,46.97144649298248,227.9827978841984,42.87520332790925,42.05217080093337,6.37,-3.31,-3.05,2.6,2.51,2.16,gem,subduction_intraslab
614617823,2019-01-20T01:32:51,-71.293,-30.08,65.6,6.64,mw,28.0,53.0,-77.0,187.0,39.0,-106.0,44.52253604264452,288.7747761265978,30.850960138249143,54.75120686186676,29.692210531636128,164.66470023262934,-1.25,0.38,0.87,-0.37,-0.16,0.14,gem,subduction_intraslab
614594105,2019-01-30T07:44:44,-70.645,-25.905,53.8,5.6,mw,189.0,8.0,-76.0,355.0,83.0,-92.0,44.97437741711318,86.5967457786412,2.0024304527890195,354.59488327801995,44.95566809950508,262.594328256264,-1.08,0.54,0.54,0.31,-3.02,0.1,gem,subduction_intraslab
614944184,2019-02-19T05:09:44,-71.411,-28.011,33.4,4.99,mw,172.0,51.0,105.0,328.0,41.0,72.0,21.42389717555672,318.81508329187574,37.87851089502726,211.0436332266988,44.404004962920126,71.41522559550879,3.73,-0.42,-3.31,-0.56,-0.9,1.21,gem,subduction_intraslab
614976286,2019-02-25T15:28:45,-71.694,-29.814,38.8,5.05,mw,235.0,58.0,127.0,359.0,47.0,45.0,11.312192843464626,19.7808089688794,47.14139029885697,277.33114145234686,40.639229044618205,119.66711318439444,3.23,0.3,-3.53,-1.71,-0.1,-2.86,gem,subduction_intraslab
615225068,2019-03-16T18:06:15,-71.695,-29.726,39.3,5.24,mw,195.0,25.0,109.0,353.0,67.0,81.0,43.031240353677696,248.1441444977886,11.51117663765278,349.1039020482913,44.68546675316168,90.7245923409006,0.6,0.12,-0.71,-0.1,0.6,-0.04,gem,subduction_intraslab
615303137,2019-03-25T10:52:39,-70.043,-21.384,74.8,4.99,mw,12.0,74.0,-92.0,199.0,16.0,-83.0,44.97892161123464,283.6164090020487,2.266590091670754,191.34971253804173,44.93146000570726,99.08677021109428,-1.4,-1.07,2.47,-0.71,-3.2,0.95,gem,subduction_intraslab
615327146,2019-03-28T15:05:32,-70.179,-24.598,55.3,5.38,mw,0.0,24.0,101.0,168.0,67.0,85.0,44.36207244814752,68.72472240639274,6.515101402258596,165.13732165771546,44.900230118265696,261.6720587889339,0.84,0.41,-1.25,0.21,-0.98,0.22,gem,subduction_intraslab
615410468,2019-04-18T04:06:34,-71.601,-29.368,60.5,5.59,mw,183.0,15.0,-82.0,355.0,75.0,-92.0,44.9751391694891,86.46732764021885,2.3761319356161725,354.0912138323739,44.92637588468765,261.71914342836027,-1.51,-0.12,1.63,0.27,-2.66,-0.04,gem,subduction_intraslab
615412589,2019-04-21T10:00:10,-71.791,-35.765,79.3,5.01,mw,223.0,68.0,-34.0,327.0,59.0,-154.0,32.40726156044449,96.89440710262716,56.53031142872749,260.6704755519657,7.474597952648928,2.1169180560322047,-1.85,-2.5,4.35,1.65,0.41,0.61,gem,subduction_intraslab
615422685,2019-04-26T06:22:34,-70.978,-25.918,35.2,5.55,mw,10.0,46.0,74.0,213.0,46.0,106.0,0.6506390777843211,200.6014435828345,45.567070881574914,109.9377528836132,44.42553944596083,291.23920541662346,2.76,-0.61,-2.15,-0.61,0.23,-0.73,gem,subduction_intraslab
615738343,2019-05-17T14:16:23,-70.151,-19.793,74.6,4.97,mw,177.0,21.0,-75.0,341.0,69.0,-96.0,44.85029773712611,75.39345631513316,6.981778043048262,338.39610402754136,44.30307074850536,241.5318051536708,-3.15,1.48,1.67,1.22,-2.42,0.24,gem,subduction_intraslab
615868811,2019-06-03T08:42:10,-70.459,-19.682,43.4,5.15,mw,165.0,25.0,-80.0,334.0,66.0,-95.0,44.91205724468266,67.47839884913685,6.4191347504763465,331.03847813965194,44.371728191372455,234.7193888581238,-3.02,-2.43,5.46,1.72,-4.07,-3.85,gem,subduction_intraslab
615913991,2019-06-05T16:19:42,-70.228,-27.356,83.0,5.33,mw,28.0,73.0,-70.0,157.0,26.0,-138.0,42.9893256319646,282.4731497862123,22.608187180171225,35.31444416089539,38.485610590225455,144.64821722164015,-0.64,-0.19,0.83,-0.55,-0.8,0.05,gem,subduction_intraslab
615952693,2019-06-13T22:50:10,-71.454,-30.411,52.8,5.03,mw,2.0,37.0,105.0,164.0,55.0,79.0,35.08111944416665,35.23737081906029,24.802193821991683,144.17567540970094,44.639586315399576,261.3264658199811,3.73,0.66,-4.39,0.69,-1.29,0.66,gem,subduction_intraslab
615979915,2019-06-28T08:30:42,-70.985,-29.348,81.3,5.0,mw,230.0,86.0,157.0,322.0,67.0,4.0,13.456435292572966,3.49120348047245,66.87106821467947,239.42241986773192,18.448407519883965,98.06946310542742,0.23,3.5,-3.73,-1.35,-0.8,-0.72,gem,subduction_intraslab
616184921,2019-08-01T20:01:30,-72.282,-34.318,30.7,5.89,mw,181.0,77.0,91.0,358.0,13.0,87.0,44.98525142294101,272.33399716559506,1.0840563941716148,181.25030480361596,44.99424029369225,90.16627231668429,3.75,-0.11,-3.64,-0.17,-7.69,0.02,gem,subduction_intraslab
616249225,2019-08-24T02:32:59,-71.513,-31.109,63.7,4.97,mw,207.0,81.0,-42.0,306.0,49.0,-167.0,31.742306567983107,82.77218770797629,48.60841848358405,217.35258343518495,23.609941619535057,337.0839984615737,-0.98,-2.1,3.09,1.0,1.97,-1.1,gem,subduction_intraslab
616249515,2019-08-24T23:36:35,-74.21,-43.163,35.0,5.18,mw,15.0,27.0,89.0,196.0,63.0,91.0,44.99058929884463,107.28762381682708,0.772136200889955,16.515671132056298,44.99900577715357,285.7434916078536,5.98,-0.5,-5.48,-1.22,-4.22,-1.45,gem,subduction_intraslab
616567061,2019-09-26T20:31:30,-71.431,-29.852,49.2,5.45,mw,13.0,36.0,98.0,184.0,54.0,85.0,41.6986924647975,69.88370520034573,14.083754121433351,172.79937819191446,44.90127280980983,277.27796253997224,1.69,0.19,-1.88,0.04,-0.6,-0.31,gem,subduction_intraslab
616747854,2019-11-04T13:03:40,-70.415,-21.398,39.3,5.41,mw,5.0,5.0,103.0,171.0,85.0,89.0,44.98674551111481,80.71534276001273,1.1398363188049083,171.85487728183602,44.99058169355059,262.9945644268381,0.21,0.13,-0.34,0.25,-1.62,0.04,gem,subduction_intraslab
616962653,2019-11-04T21:53:25,-71.285,-31.783,56.5,6.11,mw,205.0,33.0,118.0,352.0,61.0,73.0,35.12029466843084,227.64585457820328,25.631732944439047,337.3682767427852,43.96304833761518,94.9323782725088,1.44,0.23,-1.67,-0.34,0.9,-0.27,gem,subduction_intraslab
617485805,2020-02-11T13:50:03,-70.792,-24.802,47.6,5.26,mw,90.0,8.0,-177.0,357.0,90.0,-82.0,44.454470748637824,79.17226973180186,7.989801440433889,177.08772075425213,44.43849902623106,274.99873091004696,-0.31,0.52,-0.2,0.4,-9.67,-1.29,gem,subduction_intraslab
617795010,2020-03-17T08:12:02,-73.21,-36.132,34.0,5.55,mw,109.0,28.0,79.0,301.0,62.0,96.0,43.76497049330025,224.65591144490784,8.867217467846118,126.06231037292524,44.87325829802251,27.12689691600013,1.99,-1.86,-0.13,-1.26,0.85,1.08,gem,subduction_intraslab
617812788,2020-03-24T06:52:17,-71.896,-30.587,27.1,5.01,mw,6.0,35.0,99.0,176.0,56.0,84.0,41.78437631455654,62.4042268824179,13.947064484498668,165.2264039027558,44.88037924239421,269.5449150226072,4.2,-0.77,-3.43,0.46,-1.47,-0.09,gem,subduction_intraslab
618683069,2020-07-17T05:40:35,-69.998,-20.239,71.3,6.0,mw,213.0,25.0,-55.0,355.0,70.0,-105.0,43.96546944224604,96.78755016962782,18.139316079055043,348.3670809694153,40.461928581188246,242.14094325938817,-0.77,-0.13,0.89,0.17,-0.92,0.24,gem,subduction_intraslab
618727763,2020-08-16T03:18:49,-70.219,-19.2,70.3,5.09,mw,94.0,38.0,-138.0,329.0,66.0,-60.0,41.35406585017233,37.03202478925704,36.98137114460918,168.5477635831312,26.678979302683047,280.7821127504464,-3.56,3.16,0.4,0.48,-3.39,-2.39,gem,subduction_intraslab
618950110,2020-09-02T03:04:28,-71.407,-27.881,25.3,5.08,mw,173.0,63.0,90.0,352.0,27.0,89.0,44.99999999999998,263.0,1.5107634736951704e-14,173.0,45.00000000000003,83.0,4.5,-0.54,-3.97,0.35,-3.06,0.45,gem,subduction_intraslab
618979556,2020-09-05T06:39:42,-71.696,-27.959,18.4,4.98,mw,184.0,71.0,91.0,359.0,20.0,86.0,44.979708059568026,275.612395542518,1.1997955409689065,184.41318671167733,44.99517143321325,93.21333031016876,2.54,-0.37,-2.17,-0.23,-2.9,-0.03,gem,subduction_intraslab
619500226,2020-09-06T01:16:59,-71.539,-30.336,40.3,6.34,mw,7.0,28.0,100.0,175.0,62.0,84.0,43.96253182676031,73.53659695057024,8.116313864550573,171.4420196504101,44.895183184235066,269.61086674846234,3.34,0.12,-3.46,0.38,-2.26,-0.05,gem,subduction_intraslab
619061756,2020-09-17T01:33:16,-71.634,-30.307,42.9,5.01,mw,0.0,38.0,100.0,167.0,53.0,82.0,37.54926919349693,42.72488523325853,21.26184411047564,150.12914510656867,44.83256372776836,262.8877283634098,3.87,0.16,-4.03,0.55,-1.06,0.47,gem,subduction_intraslab
619481080,2020-10-13T17:16:17,-71.172,-26.16,26.1,5.01,mw,176.0,74.0,99.0,328.0,18.0,63.0,43.64029297934515,278.79157361052137,10.164632031861023,178.94692809136473,44.57475012518975,78.77227339354488,2.02,0.27,-2.28,0.11,-3.39,0.77,gem,subduction_intraslab
619552835,2020-10-28T04:52:31,-71.666,-34.912,63.6,5.42,mw,232.0,65.0,-40.0,342.0,54.0,-148.0,35.57844012398404,108.96350251236343,52.90888936010782,270.0805075671488,9.133992990618449,12.35886451716533,-0.88,-0.62,1.5,0.83,0.03,0.72,gem,subduction_intraslab
619509668,2020-10-28T14:53:11,-71.231,-29.321,50.3,5.76,mw,234.0,34.0,141.0,357.0,70.0,62.0,31.518060150395943,231.2401688030951,32.35162169251039,344.0979136208524,41.57516840449211,108.2851852910211,3.2,0.17,-3.38,-1.1,3.65,-2.25,gem,subduction_intraslab
619554535,2020-11-21T02:11:47,-71.343,-30.922,54.8,5.53,mw,164.0,58.0,85.0,353.0,32.0,98.0,43.503478462461175,238.77097418224545,9.554018248442194,337.962866916337,44.91742827943883,77.62439810458125,2.06,0.17,-2.23,0.39,-1.02,0.53,gem,subduction_intraslab
619646130,2020-11-22T00:54:56,-73.122,-34.612,21.6,6.11,mw,171.0,48.0,169.0,268.0,82.0,43.0,24.472134998807924,138.91277215482376,47.98687077262103,259.2607374529677,31.715351870218093,32.57686878790372,0.17,-0.12,-0.05,-1.27,-0.71,1.28,gem,subduction_intraslab
619569175,2020-12-02T17:00:36,-69.435,-24.265,81.4,5.12,mw,84.0,36.0,-138.0,317.0,67.0,-62.0,41.65203031193585,27.35135037783175,34.490810100874896,155.0206899985376,29.174890303163,267.5763857304935,-3.95,4.35,-0.39,1.56,-3.67,-1.9,gem,subduction_intraslab
619580150,2020-12-08T07:07:20,-71.49,-32.066,52.3,5.05,mw,15.0,60.0,98.0,181.0,31.0,77.0,42.07246268203446,125.568076027698,13.552868110939336,23.000000000000057,44.7759642307405,279.16202349040043,4.19,-0.13,-4.05,0.93,2.12,-0.54,gem,subduction_intraslab
621237270,2020-12-27T21:39:15,-74.995,-39.342,15.0,6.7,mw,1.0,43.0,-109.0,206.0,50.0,-73.0,44.27310981700345,284.33495450229253,41.94521648172061,75.5170840527586,14.874968057545605,179.3268125071811,-1.34,-0.02,1.36,0.34,0.09,0.35,gem,subduction_intraslab
