id,time_iso,longitude,latitude,depth,mag,mag_type,strike1,dip1,rake1,strike2,dip2,rake2,T_plunge,T_azimuth,N_plunge,N_azimuth,P_plunge,P_azimuth,Mrr,Mtt,Mpp,Mrt,Mrp,Mtp,source,class
703413,1977-01-11T07:02:35,-71.704,-31.775,27.0,5.23,mw,5.0,34.0,111.0,160.0,59.0,77.0,36.30714564942778,35.93548440848923,23.59102051402581,144.65126343914358,44.38327846631127,259.95401093532064,7.12,1.04,-8.16,2.18,-3.4,1.41,gem,subduction_interface
672923,1978-12-24T00:02:03,-69.99,-20.089,49.8,5.24,mw,173.0,57.0,95.0,344.0,34.0,82.0,43.29700044600152,279.4013501307432,10.158010126607632,179.68182014423996,44.91986560986906,79.38943632068396,7.32,1.33,-8.64,0.13,-3.45,2.0,gem,subduction_interface
667197,1979-04-26T02:00:09,-72.068,-33.901,26.5,5.9,mw,26.0,25.0,124.0,170.0,70.0,76.0,40.59825869444163,56.45092306859499,17.81494335862992,162.43770255343247,44.02128096164302,270.53052427992344,5.15,1.31,-6.46,1.56,-6.17,-0.85,gem,subduction_interface
667302,1979-04-28T11:38:20,-70.92,-27.556,27.8,6.13,mw,31.0,24.0,68.0,234.0,68.0,99.0,42.8592869634529,161.39186133413625,12.136318319919058,59.881383507408486,44.60622703256222,317.6354211412994,1.31,-0.61,-0.7,-1.16,-0.72,-0.83,gem,subduction_interface
665372,1979-05-20T19:37:43,-71.242,-27.206,15.0,5.86,mw,11.0,13.0,117.0,163.0,79.0,84.0,44.50968524206164,65.78516948190156,6.369396409906635,162.08508197953438,44.7851344854879,258.44611520929493,2.68,0.49,-3.17,2.08,-6.65,0.29,gem,subduction_interface
661401,1979-07-06T02:01:17,-71.35,-32.221,46.8,5.75,mw,11.0,54.0,105.0,166.0,39.0,70.0,28.69382128844606,148.01096953738784,32.00557679449029,38.00655886734484,44.34529987829721,270.3532534133051,4.92,-0.02,-4.89,1.19,1.41,0.17,gem,subduction_interface
659696,1979-08-02T07:40:23,-71.266,-27.835,20.0,5.51,mw,15.0,28.0,113.0,169.0,65.0,79.0,40.91648123497472,56.30167985168293,16.490263302487687,161.16873871616053,44.45322517708896,268.0525525907146,1.49,0.53,-2.01,0.33,-1.35,0.01,gem,subduction_interface
650442,1980-03-29T17:49:11,-73.515,-38.045,30.9,5.45,mw,13.0,20.0,106.0,176.0,71.0,85.0,44.33362356581573,76.84455314354648,6.886341276870981,173.6209175657781,44.8426284848675,270.5193573243557,1.17,-0.06,-1.11,0.16,-1.47,-0.1,gem,subduction_interface
646838,1980-05-30T16:56:20,-70.951,-23.199,15.0,5.61,mw,6.0,32.0,105.0,168.0,60.0,81.0,40.89824433252493,54.17628153485072,16.043569138378214,158.59961028708494,44.71153320125551,265.139771569131,2.49,0.6,-3.09,0.46,-1.47,0.24,gem,subduction_interface
643390,1980-06-11T14:21:19,-71.735,-32.768,31.6,5.84,mw,1.0,26.0,87.0,184.0,64.0,91.0,44.9292287806039,97.50218453973304,2.1308392164662053,5.375133757850449,44.99156142419754,273.2434477163973,5.18,0.82,-6.0,-0.34,-4.46,-0.28,gem,subduction_interface
632399,1981-01-07T16:26:41,-70.814,-23.855,19.8,5.63,mw,5.0,33.0,93.0,181.0,57.0,88.0,44.734609848404205,84.8685850896967,3.9910723864798143,178.83242409990726,44.98782816761706,272.8315122669178,2.84,0.57,-3.4,0.01,-1.42,-0.21,gem,subduction_interface
630303,1981-03-23T19:28:09,-71.913,-33.654,25.0,6.39,mw,173.0,85.0,91.0,335.0,5.0,73.0,44.98952116874632,264.0998558407574,1.01155901151117,173.08850917749578,44.99262157633878,82.07705304430476,1.03,-0.54,-0.48,0.58,-4.68,0.11,gem,subduction_interface
628312,1981-04-16T22:05:54,-70.757,-20.122,28.8,5.09,mw,2.0,33.0,114.0,154.0,60.0,75.0,36.37229711135498,30.57443609754057,23.70999494774649,139.4468483328941,44.23360017841252,254.76110039217303,4.25,0.53,-4.78,1.59,-2.08,1.44,gem,subduction_interface
625496,1981-06-21T10:30:02,-70.481,-20.251,35.8,5.74,mw,172.0,75.0,109.0,299.0,24.0,40.0,39.5945086390465,286.29540895630214,20.908363124354977,177.87535466101804,43.07487395106035,66.94803784715549,2.38,-0.4,-1.97,0.16,-4.15,1.88,gem,subduction_interface
624387,1981-07-28T03:03:22,-73.619,-41.685,45.0,5.61,mw,44.0,59.0,17.0,305.0,75.0,148.0,12.537936249580468,260.45957728279245,58.045862887424285,149.5721987737552,28.859835212302123,357.4995765774793,0.64,-2.86,2.22,-0.75,1.73,-0.55,gem,subduction_interface
599802,1982-05-29T17:22:26,-70.032,-24.844,51.5,5.32,mw,157.0,71.0,86.0,348.0,19.0,100.0,44.67699761253122,240.5882471642983,4.794109317233371,335.3451625162607,44.92279324897972,70.14316405395721,6.49,0.43,-6.91,3.66,-8.38,2.73,gem,subduction_interface
590975,1982-10-24T10:43:42,-70.211,-22.281,36.2,5.49,mw,150.0,74.0,88.0,337.0,16.0,97.0,44.93146000570727,237.08677021109423,2.266590091670764,329.34971253804173,44.97892161123462,61.61640900204873,1.04,-0.09,-0.95,0.9,-1.55,0.6,gem,subduction_interface
568350,1983-09-14T00:47:04,-73.137,-36.472,26.4,5.39,mw,23.0,16.0,131.0,161.0,78.0,79.0,43.43803382293907,57.43702939366312,11.379137254453822,158.4231972572113,44.33075334878351,259.76192762777254,0.63,0.1,-0.73,0.51,-1.28,-0.03,gem,subduction_interface
566056,1983-10-04T18:52:18,-70.654,-26.558,40.0,7.63,mw,9.0,20.0,110.0,168.0,71.0,83.0,44.00981659815347,66.69902946234544,8.44029263409291,164.94040439087962,44.75560398895262,263.40077364353755,2.04,0.13,-2.17,0.68,-2.55,0.08,gem,subduction_interface
566153,1983-10-06T15:01:50,-70.938,-26.67,25.4,5.18,mw,161.0,87.0,97.0,274.0,8.0,24.0,44.52654286480065,258.33550810615435,7.0284780087919225,161.37020831140512,44.61555609806887,64.38312226550255,0.82,-0.72,-0.11,2.35,-6.85,0.99,gem,subduction_interface
556510,1984-03-04T22:34:25,-70.8,-26.636,31.1,5.34,mw,31.0,26.0,114.0,185.0,66.0,79.0,41.74162193413834,74.25735614792166,14.885230072931629,177.9768565068938,44.47042334994301,283.1023881244272,8.68,1.28,-9.96,-0.15,-8.52,-3.57,gem,subduction_interface
550649,1984-06-11T02:05:35,-71.24,-30.703,50.8,6.2,mw,171.0,54.0,87.0,357.0,36.0,94.0,43.97766932723645,247.7370142218436,7.77444880171655,345.3072473953317,44.973659216483775,83.14701490126868,2.2,0.3,-2.49,0.17,-0.74,0.31,gem,subduction_interface
549537,1984-07-24T04:49:46,-70.495,-25.738,33.8,5.82,mw,14.0,18.0,126.0,157.0,75.0,79.0,43.19673534025573,52.07109695184056,11.91582332520887,153.49929498758002,44.35940521752032,255.4081164134912,3.33,0.05,-3.37,2.58,-5.04,0.1,gem,subduction_interface
529093,1985-03-04T00:32:22,-71.707,-33.18,35.0,7.36,mw,234.0,32.0,155.0,346.0,77.0,60.0,34.08237185276112,223.2835191148164,31.277466414492874,337.5522097464523,40.18854670619262,98.42573222018508,5.84,-0.55,-5.28,-7.36,9.28,-5.17,gem,subduction_interface
529166,1985-03-04T19:03:09,-71.624,-32.818,35.0,6.13,mw,16.0,29.0,111.0,172.0,63.0,79.0,40.83341401636529,58.788451963745445,16.52349427253498,163.64333457272016,44.51733750203599,270.60327828053977,1.35,0.4,-1.74,0.24,-1.08,-0.09,gem,subduction_interface
530501,1985-03-19T04:01:07,-71.669,-33.225,30.0,6.65,mw,175.0,66.0,90.0,355.0,24.0,90.0,44.99999999999999,265.0,4.770832022195277e-15,355.0,45.00000000000001,85.0,8.67,-0.3,-8.36,0.72,-7.81,0.75,gem,subduction_interface
530836,1985-03-23T13:45:19,-72.26,-34.237,25.0,5.66,mw,26.0,21.0,106.0,189.0,70.0,84.0,44.21644745463168,88.91743979021311,7.412230026788817,186.18967547742776,44.82988731725941,283.6202154440245,2.34,0.12,-2.45,-0.37,-2.87,-0.84,gem,subduction_interface
530913,1985-03-24T16:16:33,-72.281,-34.245,24.9,5.69,mw,20.0,19.0,114.0,175.0,73.0,82.0,43.85164397411147,72.92068727314523,9.215729482798393,171.88792549039908,44.67847829114365,271.12010744087274,2.23,0.42,-2.65,0.42,-3.45,-0.31,gem,subduction_interface
530954,1985-03-25T05:14:33,-72.135,-34.176,25.0,6.34,mw,10.0,20.0,98.0,181.0,70.0,87.0,44.82141569040519,86.69528798410266,3.5384282913787053,180.21842412218007,44.96033730327871,273.7587083393908,2.59,-0.08,-2.51,0.01,-3.1,-0.24,gem,subduction_interface
526675,1985-04-03T13:06:21,-71.706,-32.748,32.5,6.1,mw,18.0,21.0,87.0,201.0,69.0,91.0,44.9696266446813,113.21029272960146,1.4445841485482065,21.766780804691336,44.99395912795024,290.3220420318292,1.1,-0.04,-1.05,-0.47,-1.21,-0.41,gem,subduction_interface
527122,1985-04-09T01:57:01,-71.551,-34.084,45.0,7.07,mw,0.0,21.0,99.0,170.0,69.0,86.0,44.734487688721885,74.49042325717079,4.284000445681742,168.74674296144792,44.94579060270791,263.03463206691754,3.32,-0.0,-3.31,0.76,-3.6,0.31,gem,subduction_interface
527580,1985-04-15T04:41:50,-72.109,-33.714,22.2,5.53,mw,28.0,21.0,127.0,169.0,74.0,77.0,42.13330754067904,60.75822181123891,14.783102286029328,164.56964444141056,44.13142489900268,269.4033068108228,1.22,0.26,-1.47,0.48,-1.91,-0.23,gem,subduction_interface
525455,1985-05-19T18:09:16,-71.415,-30.234,40.9,6.21,mw,172.0,55.0,86.0,359.0,35.0,96.0,43.50500985600337,246.2278813043085,9.443982324225551,345.311527702028,44.95171960428958,84.8702062625157,2.33,0.11,-2.44,0.22,-0.87,0.22,gem,subduction_interface
517863,1985-08-12T00:04:51,-73.569,-38.429,25.0,6.18,mw,16.0,15.0,111.0,174.0,76.0,84.0,44.53776358759508,76.86556142135754,6.020248105522587,172.82206857966435,44.83197345091939,268.8402934204466,1.11,-0.05,-1.05,0.28,-1.98,-0.1,gem,subduction_interface
518505,1985-08-20T12:21:06,-72.008,-33.705,21.6,5.19,mw,12.0,33.0,104.0,176.0,58.0,81.0,40.60435106710346,60.04639817312693,16.53727501933226,164.79222053569174,44.73634820519706,271.90186230807274,6.39,1.07,-7.45,0.68,-3.34,-0.55,gem,subduction_interface
506896,1986-01-26T07:48:25,-70.848,-26.976,32.1,5.38,mw,206.0,34.0,117.0,355.0,60.0,73.0,34.12160953205588,227.57134717084125,26.777891962795447,337.5672429246615,43.98872627603304,96.72034797992836,1.19,0.07,-1.25,-0.27,0.69,-0.26,gem,subduction_interface
491924,1986-07-28T20:29:02,-72.042,-33.333,25.0,5.69,mw,4.0,22.0,100.0,174.0,68.0,86.0,44.6162449555838,76.12695859138199,5.116697006108078,171.19564218686958,44.92801943755897,266.3199390243104,2.8,0.23,-3.02,0.4,-3.05,0.06,gem,subduction_interface
484830,1986-10-24T02:42:52,-70.227,-25.235,47.0,5.51,mw,239.0,32.0,174.0,334.0,87.0,58.0,36.07439861856318,215.07291083759748,31.96206626285668,332.1098365199644,37.64599841955554,90.88044109044516,0.19,0.92,-1.11,-0.88,1.69,-0.63,gem,subduction_interface
471277,1987-03-05T09:17:05,-70.116,-24.343,45.6,7.54,mw,12.0,23.0,106.0,175.0,68.0,83.0,43.92270382713712,72.84544878900607,8.57397377201008,171.19462606530578,44.80354506636781,269.80653102763563,1.75,-0.05,-1.69,0.29,-1.76,-0.11,gem,subduction_interface
471357,1987-03-06T07:06:45,-70.083,-23.966,41.7,6.05,mw,20.0,89.0,-66.0,113.0,24.0,-177.0,40.38858827822667,268.1781641737141,24.00908803949153,20.445468478163207,40.08193701329581,132.4597375843431,0.01,-0.56,0.54,-0.29,-1.3,-0.32,gem,subduction_interface
471366,1987-03-06T09:39:56,-70.031,-24.055,44.4,6.22,mw,54.0,24.0,154.0,168.0,80.0,68.0,39.28364203894062,53.60064986928171,22.74720025295927,163.65886157725492,42.10726517229787,275.92707018236183,0.88,0.33,-1.21,0.68,-2.17,-0.7,gem,subduction_interface
471544,1987-03-08T12:51:44,-70.501,-20.574,32.7,5.25,mw,52.0,22.0,142.0,178.0,77.0,73.0,40.621181196886575,65.98299744071215,19.060496868849544,173.2220289667298,43.25036035895868,282.1892155787323,3.44,1.44,-4.87,0.26,-8.03,-2.72,gem,subduction_interface
472703,1987-03-22T03:23:58,-70.19,-24.035,39.7,6.04,mw,40.0,32.0,145.0,161.0,72.0,63.0,33.55582225142089,36.96031721186671,30.43703558669876,149.89770953339553,41.42889422188875,271.13179157060057,7.33,2.65,-9.98,5.35,-9.05,-2.66,gem,subduction_interface
459030,1987-08-04T15:04:41,-73.443,-40.567,42.5,5.38,mw,84.0,48.0,32.0,331.0,67.0,133.0,16.44398122644701,288.61635721681137,47.86487121371562,179.5752172343208,37.46193356394558,31.68777460586045,7.81,-9.71,1.9,-0.75,7.23,8.77,gem,subduction_interface
456586,1987-10-31T05:11:19,-69.967,-25.721,65.2,5.06,mw,75.0,79.0,-149.0,338.0,60.0,-13.0,26.797782431002137,23.440652622139,59.040448597391176,236.09372184202303,14.344606568088563,120.8619451296678,-0.57,2.6,-2.03,-2.02,-1.84,-3.3,gem,subduction_interface
453222,1987-11-18T12:46:46,-70.575,-26.305,40.0,5.35,mw,5.0,74.0,-96.0,205.0,17.0,-71.0,44.81058929081655,279.83637811251367,6.790018279717859,183.04344714938543,44.388450151348586,86.35034756850456,-0.7,0.03,0.67,-0.05,-1.07,0.18,gem,subduction_interface
448428,1988-01-20T15:01:29,-70.788,-24.896,30.0,5.86,mw,177.0,68.0,90.0,358.0,22.0,91.0,44.99999999999999,267.0,5.565970692561155e-15,357.0,44.99999999999999,87.0,4.83,0.83,-5.65,0.33,-5.47,0.32,gem,subduction_interface
444621,1988-02-01T13:32:54,-70.37,-24.657,40.4,5.27,mw,70.0,29.0,161.0,176.0,81.0,62.0,36.56293275410109,58.05305317103159,28.48542171093034,171.78419734539457,40.26114100021958,289.14215667175927,2.8,0.05,-2.85,1.7,-8.27,-4.33,gem,subduction_interface
444899,1988-02-05T14:01:03,-70.485,-24.722,35.9,7.15,mw,181.0,73.0,92.0,353.0,17.0,82.0,44.92766641387679,274.0081654518449,2.306539588185438,181.7055789395576,44.97952996070608,89.39881783688293,3.61,0.12,-3.73,-0.18,-5.52,0.18,gem,subduction_interface
444920,1988-02-05T18:49:32,-70.664,-24.977,30.7,6.35,mw,179.0,71.0,91.0,355.0,20.0,86.0,44.97970805956803,270.612395542518,1.1997955409689105,179.41318671167733,44.99517143321325,88.21333031016877,2.46,0.25,-2.71,0.05,-3.21,0.16,gem,subduction_interface
445135,1988-02-08T15:57:01,-70.607,-24.779,30.4,5.77,mw,181.0,77.0,102.0,318.0,18.0,48.0,42.939948139958936,286.4094096387669,12.958435565336144,184.04519981440177,44.17702025811588,81.12539251234915,2.68,-0.47,-2.2,-0.55,-4.87,1.07,gem,subduction_interface
446243,1988-02-22T19:13:18,-69.67,-20.903,64.6,6.57,mw,178.0,16.0,-42.0,309.0,79.0,-102.0,44.1124785645963,49.034769527514015,12.654593278461084,306.4621542270676,43.136269241021886,204.3177942260857,-3.22,0.13,3.08,6.56,-4.79,-2.04,gem,subduction_interface
444485,1988-03-30T23:50:57,-70.519,-24.869,35.0,6.18,mw,157.0,78.0,90.0,337.0,12.0,90.0,44.99999999999999,247.0,3.1805546814635183e-15,337.0,45.00000000000001,67.0,0.8,0.06,-0.85,0.8,-1.9,0.47,gem,subduction_interface
438437,1988-05-21T14:28:38,-71.824,-32.938,25.0,6.11,mw,64.0,4.0,159.0,175.0,89.0,87.0,44.87212491733644,81.12980369707412,3.738590910591867,174.8596689675353,44.88427460761615,268.5911186795533,0.16,-0.14,-0.02,0.18,-1.81,-0.12,gem,subduction_interface
429001,1988-08-14T17:53:10,-71.056,-27.373,29.3,6.64,mw,206.0,82.0,103.0,326.0,16.0,31.0,43.05492270352476,310.746071374778,13.371171569972468,207.9144266770314,43.87909274486257,104.70101811461711,2.42,2.5,-4.92,-4.62,-9.6,-0.42,gem,subduction_interface
429258,1988-08-17T11:34:52,-70.963,-27.244,29.8,6.07,mw,49.0,11.0,156.0,163.0,85.0,80.0,43.97284625361047,61.85380216912768,10.158509466466755,161.80847051740284,44.244541754750514,261.85902491966493,0.33,-0.03,-0.3,0.52,-1.44,-0.23,gem,subduction_interface
405065,1989-05-19T11:50:55,-70.036,-24.785,49.3,5.4,mw,52.0,21.0,151.0,169.0,80.0,71.0,40.8193576830822,58.14992882366607,19.35106859580213,165.80893262601217,42.87299222253206,274.8377130510475,0.54,0.04,-0.58,0.41,-1.31,-0.39,gem,subduction_interface
373369,1990-04-22T20:25:26,-73.462,-37.995,26.5,5.64,mw,177.0,74.0,93.0,347.0,16.0,81.0,44.84599477885922,271.3627154835696,3.399120961488185,177.9758745289356,44.95258517772294,84.57639376652764,1.84,0.08,-1.91,0.13,-2.98,0.28,gem,subduction_interface
358190,1990-08-02T05:24:07,-71.777,-31.721,25.0,6.02,mw,2.0,27.0,95.0,177.0,63.0,87.0,44.76887688764918,80.63536423054018,3.832375536621792,174.44543222389768,44.97516436347637,268.28307617485825,1.01,0.11,-1.12,0.07,-0.8,0.01,gem,subduction_interface
360919,1990-08-28T08:58:06,-69.898,-19.735,62.3,5.24,mw,150.0,45.0,-92.0,334.0,45.0,-88.0,44.99127423966529,61.41406999932849,44.9999999999999,239.9999999999913,0.7070888304804044,330.7071426817829,-7.83,0.46,7.37,-0.12,-0.13,-5.21,gem,subduction_interface
353223,1990-10-11T04:25:25,-72.164,-33.654,23.3,5.41,mw,182.0,81.0,96.0,329.0,11.0,58.0,44.559152149935954,279.15990239326345,6.228394925887049,182.99043437177747,44.76642672816778,86.77598776149773,0.53,-0.06,-0.47,-0.1,-1.54,0.14,gem,subduction_interface
305455,1992-02-28T09:14:10,-70.001,-24.376,55.2,5.8,mw,99.0,47.0,173.0,194.0,85.0,43.0,26.57003906196148,65.8511587339679,46.99774648591088,188.2804768838588,30.98878113837137,318.3717856523385,0.43,-2.28,1.84,0.24,-4.43,-3.84,gem,subduction_interface
295253,1992-04-10T09:33:09,-71.908,-33.785,30.2,5.1,mw,154.0,83.0,-33.0,248.0,57.0,-172.0,26.123760927114677,25.620604077202245,57.1127177675321,164.94627378822292,18.52659692306388,286.16160208912254,-0.01,3.59,-3.57,-0.09,3.5,-2.81,gem,subduction_interface
275855,1992-08-04T02:36:32,-70.602,-20.574,23.4,5.12,mw,48.0,35.0,140.0,173.0,68.0,62.0,30.410118566895463,44.48641104972609,33.457718014645835,157.30785060062567,41.543577555880425,283.14935411875075,3.7,0.22,-3.91,1.81,-3.67,-2.02,gem,subduction_interface
243266,1993-03-15T16:08:59,-70.933,-26.695,27.9,6.48,mw,232.0,15.0,-36.0,357.0,81.0,-102.0,44.029075871289095,97.6150786320336,12.65401487157024,355.0802294581236,43.220044676889344,252.9002695552136,-2.26,0.73,1.53,0.78,-5.93,1.25,gem,subduction_interface
243907,1993-03-19T16:01:12,-71.059,-26.677,25.7,5.28,mw,181.0,60.0,101.0,339.0,32.0,72.0,39.75164940534184,297.9550093306414,18.288249243553352,192.0,44.57716702316448,82.99512573119893,8.2,1.41,-9.61,-0.7,-5.04,1.81,gem,subduction_interface
219103,1993-07-11T13:36:22,-70.124,-25.292,48.8,6.61,mw,171.0,69.0,88.0,356.0,21.0,95.0,44.908199745427154,257.5293001578578,2.511567494012571,350.03523599134337,44.98177572668941,82.54762019893963,6.42,0.47,-6.88,1.24,-7.41,0.85,gem,subduction_interface
177967,1994-04-16T09:55:21,-71.54,-31.783,37.7,5.6,mw,10.0,26.0,108.0,171.0,65.0,81.0,42.89998036413858,63.42246732987485,11.806507759686012,164.62291384648984,44.69949651401964,266.5606274536091,2.35,0.0,-2.35,0.51,-1.88,-0.04,gem,subduction_interface
178289,1994-04-19T08:28:39,-69.874,-22.695,48.6,5.39,mw,18.0,15.0,132.0,154.0,79.0,80.0,43.63221871257265,52.44896601187094,10.750884962301576,152.87792810620545,44.37349756283232,253.58362785613983,0.48,0.18,-0.66,0.6,-1.21,0.11,gem,subduction_interface
115023,1995-03-23T09:18:20,-73.091,-36.214,25.1,5.48,mw,21.0,6.0,120.0,170.0,85.0,87.0,44.904562552682265,77.54655146337967,3.0457090624877527,170.58641936959236,44.93368691225611,263.62938219545333,0.22,0.29,-0.5,0.33,-1.99,0.03,gem,subduction_interface
98665,1995-06-14T16:13:00,-70.205,-24.789,47.1,5.34,mw,44.0,9.0,57.0,257.0,83.0,95.0,44.71928888931467,173.02761940598805,5.060884913306982,77.99654608473827,44.834843624755486,342.9450849604321,0.15,-0.39,0.24,-1.19,-0.31,-0.28,gem,subduction_interface
86830,1995-08-01T05:10:56,-71.267,-25.04,17.5,5.13,mw,151.0,56.0,109.0,299.0,38.0,64.0,26.896892329496023,288.3109661283264,34.127148199305104,178.2028940013762,43.88763779457642,47.51605424434592,4.52,-1.99,-2.52,0.75,-1.94,4.64,gem,subduction_interface
86911,1995-08-01T15:44:30,-71.125,-24.235,17.5,5.28,mw,191.0,68.0,101.0,344.0,25.0,65.0,42.17670978905475,299.8324212329496,13.996880085793252,196.78015388584336,44.46685161443501,92.61759741780742,7.2,0.72,-7.92,-2.14,-7.06,0.26,gem,subduction_interface
88132,1995-08-09T08:23:02,-70.28,-23.2,33.1,5.45,mw,22.0,24.0,130.0,159.0,72.0,74.0,40.43436515520922,46.51067077109303,18.542310934340865,153.1178847738263,43.75178134521084,261.8480469832519,1.08,0.1,-1.18,0.69,-1.24,-0.05,gem,subduction_interface
73456,1995-10-03T16:08:17,-71.905,-30.762,25.0,5.68,mw,9.0,41.0,104.0,171.0,51.0,79.0,24.974026802369444,26.490256149055934,34.949641592308026,135.48710115615916,44.63195937356888,269.11538185344057,3.54,0.77,-4.3,0.46,-0.69,0.04,gem,subduction_interface
76266,1995-10-12T22:57:11,-70.355,-23.09,34.4,5.55,mw,26.0,27.0,127.0,165.0,69.0,73.0,38.91139201738938,49.17270464401781,20.97555075213224,157.20000464378097,43.700421833235,268.6916803969298,1.75,0.08,-1.83,0.81,-1.74,-0.25,gem,subduction_interface
77145,1995-10-16T16:36:20,-70.549,-23.28,29.0,5.68,mw,17.0,27.0,115.0,170.0,66.0,78.0,41.03434704949401,56.913716153446046,16.388968525993864,161.74495441399597,44.39149794245628,268.4787346685103,2.96,0.34,-3.29,0.76,-2.56,-0.19,gem,subduction_interface
70222,1995-11-21T18:17:02,-72.224,-33.194,15.0,5.71,mw,181.0,71.0,92.0,355.0,20.0,84.0,44.918916185607976,274.2209804144303,2.399082867824218,181.82658225961544,44.98068825210259,89.42701257936199,2.85,-0.11,-2.73,-0.14,-3.46,0.1,gem,subduction_interface
951917,1996-03-07T08:38:59,-70.37,-23.173,31.8,5.51,mw,3.0,14.0,98.0,174.0,76.0,88.0,44.93930943762732,82.04400389794887,2.1794006492362845,174.22036517198148,44.9778310633245,266.39965629228067,1.13,-0.07,-1.06,0.23,-2.01,0.02,gem,subduction_interface
959627,1996-04-19T00:19:32,-69.985,-23.86,46.9,6.56,mw,11.0,19.0,109.0,171.0,72.0,83.0,44.2296991255937,71.1983994585479,7.490287170105373,168.5519391939972,44.79656545020824,266.0532962725543,4.75,0.66,-5.4,1.32,-6.59,0.02,gem,subduction_interface
972040,1996-06-25T23:11:14,-69.988,-24.726,51.4,5.17,mw,170.0,71.0,96.0,331.0,20.0,72.0,44.27816235628761,269.5435515604736,7.18107215070654,172.48645080059282,44.82643517534721,75.29225496926648,3.57,0.94,-4.51,0.92,-5.55,1.88,gem,subduction_interface
973445,1996-07-03T16:48:28,-70.383,-23.284,28.8,5.86,mw,20.0,25.0,122.0,165.0,69.0,76.0,40.88479181994425,53.13976493445921,17.13252066432,158.61853963357726,44.12886460933371,266.0177441628382,4.81,0.78,-5.58,1.94,-5.22,-0.25,gem,subduction_interface
980844,1996-08-14T21:23:50,-73.868,-42.573,40.0,5.17,mw,215.0,29.0,-11.0,314.0,85.0,-119.0,39.37942226096911,68.57988575665365,28.83297589240295,311.7169078041575,37.16172165756902,197.05416760561653,-0.69,-3.25,3.94,3.28,-5.42,-2.38,gem,subduction_interface
985382,1996-09-09T00:20:40,-71.455,-31.925,42.4,5.93,mw,196.0,58.0,116.0,334.0,40.0,55.0,22.006359627893943,335.7004524711993,39.10379873682915,226.52314231604893,42.80778221740911,87.68484010392837,7.55,2.17,-9.71,-2.66,-3.08,0.83,gem,subduction_interface
1015384,1997-03-09T11:43:46,-71.143,-29.74,45.0,6.15,mw,6.0,34.0,86.0,191.0,57.0,93.0,44.41934121694815,110.5986459246405,5.889522385484966,14.796981191066834,44.97735506152363,278.88079021617455,1.89,0.0,-1.89,-0.21,-0.79,-0.3,gem,subduction_interface
1035633,1997-07-06T09:54:03,-71.799,-30.027,25.0,6.8,mw,0.0,21.0,92.0,178.0,69.0,89.0,44.98647310849484,86.5245584033687,0.9638371639255082,177.488076869353,44.997314624393546,268.45196007297545,1.31,-0.09,-1.22,0.07,-1.45,0.02,gem,subduction_interface
1037644,1997-07-19T12:22:58,-71.662,-29.306,27.3,5.86,mw,195.0,62.0,129.0,315.0,47.0,40.0,14.887700716863945,335.53644861861005,46.59804404256322,229.21005468287527,39.58852964923081,78.23609994177525,4.92,1.91,-6.83,-2.9,-2.58,2.5,gem,subduction_interface
1038069,1997-07-21T23:19:40,-71.782,-30.403,20.0,5.91,mw,29.0,27.0,123.0,173.0,67.0,74.0,39.518821395296825,57.3010228738699,19.66937064014257,164.44988633088224,43.95629262173692,274.61079162808267,5.86,1.05,-6.9,1.44,-5.88,-1.37,gem,subduction_interface
1038555,1997-07-25T06:47:02,-72.044,-30.434,20.0,6.05,mw,178.0,65.0,96.0,345.0,26.0,78.0,43.92015417624591,280.1381010510903,8.409730001484379,181.95306304317015,44.85406930916498,83.49476673419002,1.16,-0.08,-1.07,-0.04,-0.93,0.15,gem,subduction_interface
1038565,1997-07-25T07:33:29,-71.983,-30.537,20.0,6.04,mw,191.0,66.0,95.0,358.0,25.0,79.0,44.30056961271811,290.728553244031,6.8019498179378335,194.0441629655484,44.8956439595062,97.21879527245744,1.09,-0.08,-1.01,-0.23,-0.89,-0.06,gem,subduction_interface
1038836,1997-07-27T05:21:28,-71.902,-30.454,20.0,6.26,mw,178.0,71.0,91.0,354.0,19.0,86.0,44.979708059568026,269.612395542518,1.1997955409689112,178.41318671167733,44.99517143321327,87.21333031016877,1.92,-0.11,-1.8,0.05,-2.35,0.13,gem,subduction_interface
937180,1997-08-18T12:24:25,-72.011,-29.859,15.0,5.68,mw,4.0,24.0,96.0,177.0,66.0,87.0,44.80153946728375,82.23325434185051,3.6186068552150807,175.83403488793442,44.97022372040863,269.4561085514242,3.15,-0.18,-2.96,0.24,-2.77,-0.03,gem,subduction_interface
1050658,1997-11-03T19:17:34,-71.351,-30.776,45.0,6.16,mw,175.0,59.0,91.0,352.0,31.0,88.0,44.9452913850233,267.9195244165662,1.8250462621285304,176.09703648188497,44.996594920547125,84.2712807474756,1.8,0.12,-1.92,0.07,-1.01,0.23,gem,subduction_interface
1059399,1997-12-18T12:30:04,-73.477,-41.83,48.1,5.16,mw,87.0,27.0,37.0,323.0,74.0,112.0,37.57779750564026,261.12132011894323,24.52530252568429,150.56758498970737,42.46384773793756,35.88722256592797,3.34,-3.69,0.34,-2.89,4.64,2.57,gem,subduction_interface
1063853,1998-01-12T04:12:07,-70.034,-24.909,48.6,5.6,mw,173.0,69.0,96.0,336.0,22.0,74.0,44.18439026017688,273.2651970640868,7.51217013335129,175.90153007002004,44.83619313849983,78.36740172457593,1.84,0.44,-2.27,0.25,-2.27,0.71,gem,subduction_interface
1063904,1998-01-12T10:14:08,-71.539,-31.008,35.0,6.57,mw,174.0,63.0,90.0,355.0,27.0,91.0,44.99999999999999,264.0,0.0,354.0,45.00000000000003,84.0,6.91,0.09,-7.0,0.56,-5.18,0.68,gem,subduction_interface
1066970,1998-01-30T12:16:10,-70.028,-23.774,41.0,7.04,mw,8.0,17.0,105.0,172.0,74.0,86.0,44.64326945549639,75.70897629257445,5.158790125558364,170.8245310293687,44.8934884027484,265.98508502900336,2.26,0.31,-2.56,0.56,-3.67,0.05,gem,subduction_interface
1089488,1998-04-01T22:42:58,-75.058,-40.321,10.0,6.66,mw,17.0,46.0,-92.0,199.0,44.0,-88.0,44.99096696450896,288.4142777960139,30.584264283962213,162.19753949092922,29.419329698451552,52.72896727459266,-1.18,0.08,1.09,0.01,-0.04,0.37,gem,subduction_interface
1143662,1998-06-03T21:34:50,-69.98,-23.902,47.1,5.46,mw,13.0,16.0,113.0,170.0,76.0,84.0,44.35119133154145,70.32490921016279,7.086841443115381,167.3058482182696,44.77664965658731,264.3917819191841,0.86,0.13,-0.98,0.33,-1.6,-0.01,gem,subduction_interface
1167371,1998-07-18T09:57:15,-70.806,-28.277,47.0,5.43,mw,8.0,17.0,119.0,158.0,75.0,82.0,43.87315072216433,56.29439770042728,9.352427309575273,155.40506542048593,44.61345452668972,254.756438878632,0.8,0.14,-0.94,0.58,-1.34,0.17,gem,subduction_interface
1169274,1998-07-29T07:14:25,-71.198,-32.26,51.9,6.42,mw,181.0,40.0,116.0,329.0,55.0,70.0,23.134642793865336,186.9552561945717,37.26863835308245,295.92741005917657,43.7930296965942,72.77434172222223,4.75,-0.09,-4.66,-1.81,0.83,1.26,gem,subduction_interface
1202810,1998-09-03T17:37:59,-71.551,-29.423,30.0,6.53,mw,199.0,76.0,105.0,332.0,20.0,44.0,41.68676935017367,308.3595220785476,16.365745394844833,203.198912985815,43.75656746596285,96.8677317146919,3.39,0.9,-4.29,-2.59,-6.11,0.35,gem,subduction_interface
1656614,1999-09-29T18:01:30,-71.95,-30.733,15.0,5.68,mw,175.0,59.0,92.0,352.0,31.0,87.0,44.78198069985654,270.81911161821347,3.6455047893991694,177.1939369919512,44.9863809123981,83.54276922843258,3.35,0.35,-3.69,0.12,-1.94,0.44,gem,subduction_interface
1649152,1999-11-03T13:59:19,-73.704,-38.231,20.3,5.34,mw,28.0,7.0,132.0,166.0,85.0,85.0,44.767737356986565,70.62036400093405,4.755117088948102,165.3533244370276,44.83852565425874,260.09802146093693,0.28,-0.04,-0.23,0.31,-1.2,-0.07,gem,subduction_interface
1649160,1999-11-03T15:19:20,-73.771,-38.113,24.9,5.21,mw,96.0,55.0,179.0,187.0,89.0,35.0,23.50031722853672,57.01796489482808,54.99854188203589,185.40366705623288,24.350747966646303,315.66853182288384,-0.66,-1.53,2.18,0.69,-4.88,-6.42,gem,subduction_interface
1650969,1999-11-18T05:44:12,-70.137,-25.356,51.8,5.27,mw,166.0,10.0,-70.0,326.0,80.0,-93.0,44.92352760083936,58.7142769012039,3.5958754540010185,325.12091630304457,44.85109111847443,231.5366420203259,-3.12,0.41,2.7,5.26,-7.63,-1.39,gem,subduction_interface
1651272,1999-11-20T21:52:50,-72.064,-30.808,15.0,5.16,mw,11.0,40.0,106.0,171.0,52.0,77.0,26.97491528349195,29.75285105890788,33.35513802619166,139.32752267043077,44.53800959880761,269.6978173907176,6.43,0.36,-6.79,1.13,-1.43,-0.19,gem,subduction_interface
1733894,2000-03-26T03:32:36,-71.74,-32.694,25.0,5.16,mw,189.0,66.0,108.0,330.0,30.0,55.0,37.114833026631146,309.3995628375813,23.51852633766632,200.17242072030552,43.66186499956466,85.63236046303047,4.77,0.62,-5.39,-1.46,-4.2,1.1,gem,subduction_interface
1735264,2000-05-09T00:45:41,-70.095,-25.969,56.1,5.19,mw,12.0,20.0,128.0,152.0,74.0,77.0,42.42249438275282,44.91170765463124,14.13545238344908,148.2172216791169,44.15672979250212,252.3715442306872,4.09,0.09,-4.18,3.45,-5.28,0.36,gem,subduction_interface
1743179,2000-12-20T11:23:55,-74.95,-39.009,10.0,6.43,mw,3.0,50.0,-106.0,206.0,43.0,-72.0,44.3438168964047,284.26418714929866,40.93922919606639,136.29295345615776,16.649160566101287,31.25839353567176,-4.4,-1.42,5.81,0.37,-0.82,1.94,gem,subduction_interface
1763321,2001-01-07T10:18:22,-72.189,-33.511,20.0,5.91,mw,178.0,67.0,92.0,353.0,23.0,85.0,44.89482180127447,271.76729655071927,2.648914287811532,179.1252715335063,44.98279985370799,86.4751145378026,6.17,0.48,-6.65,0.08,-6.37,0.49,gem,subduction_interface
1832606,2001-02-27T02:12:58,-71.407,-27.893,15.0,5.19,mw,9.0,28.0,120.0,155.0,66.0,75.0,39.36680816271357,39.55619880262111,19.708016244126327,146.64715156674413,44.08101008313286,256.9449246526369,4.69,2.08,-6.76,2.15,-4.43,1.82,gem,subduction_interface
1780686,2001-03-15T13:02:42,-71.54,-32.402,37.0,5.89,mw,2.0,58.0,112.0,144.0,38.0,59.0,26.36430365978249,138.40140593459398,35.08105209896437,28.030968923134026,43.42217338775425,256.3744153027435,7.48,-0.98,-6.5,2.46,3.47,2.12,gem,subduction_interface
1893261,2001-05-06T05:59:48,-71.131,-32.601,53.0,5.16,mw,185.0,69.0,115.0,313.0,32.0,42.0,33.35026441315192,309.7681973740898,29.749272002937666,197.67320145873916,42.219578616905046,76.43562005222145,4.15,0.35,-4.5,-1.53,-4.56,2.27,gem,subduction_interface
1954553,2001-07-24T17:42:43,-71.563,-32.939,41.2,5.2,mw,158.0,50.0,93.0,334.0,40.0,87.0,42.21194390924004,270.86008442533387,12.787454012785066,168.97878699893613,44.97678450690997,65.87119781758054,7.82,-1.21,-6.6,0.32,-1.42,2.94,gem,subduction_interface
2903825,2002-02-22T23:10:57,-70.36,-25.5,46.8,5.32,mw,5.0,24.0,93.0,182.0,66.0,89.0,44.9496600411755,89.08971299272366,1.8199767432140117,180.90741066309155,44.99254856505869,272.7278325496342,8.29,1.21,-9.49,-0.24,-7.78,-0.69,gem,subduction_interface
3153476,2002-05-23T15:52:16,-71.274,-30.715,51.2,5.92,mw,179.0,55.0,91.0,358.0,35.0,89.0,44.903142501164695,273.06358386722724,2.3928658221907577,180.6767168048577,44.99698122013146,88.28201395638405,8.04,1.48,-9.51,0.01,-3.22,0.23,gem,subduction_interface
3153516,2002-05-24T00:23:16,-71.129,-32.007,58.5,5.53,mw,9.0,40.0,107.0,167.0,52.0,76.0,26.32777888291321,26.07118204590796,33.981481561079455,135.55479404522686,44.47889762171766,266.99880399193853,2.27,0.09,-2.36,0.48,-0.46,0.08,gem,subduction_interface
3192090,2002-06-18T13:56:23,-71.147,-30.807,54.4,6.43,mw,166.0,61.0,87.0,353.0,29.0,96.0,44.607960540198015,248.36604641982,4.938012344743871,343.2549677789166,44.96749938981407,78.20578835645205,4.46,0.08,-4.54,0.81,-2.76,0.87,gem,subduction_interface
3471300,2002-10-06T11:21:39,-71.397,-28.671,24.2,5.29,mw,190.0,65.0,100.0,348.0,27.0,70.0,42.10594618452066,299.5094634988748,13.87223468519054,196.61283621961945,44.59554638847044,92.51971707141178,7.6,1.25,-8.85,-1.73,-6.34,-0.02,gem,subduction_interface
6596544,2003-02-28T01:40:23,-73.037,-35.355,15.0,5.34,mw,26.0,18.0,115.0,180.0,74.0,82.0,43.95415358297679,78.60856029036552,8.877083998142881,177.26943677429858,44.68121225119287,276.154781130772,0.67,0.03,-0.7,0.05,-1.1,-0.16,gem,subduction_interface
6617808,2003-03-19T18:33:13,-70.601,-19.609,32.2,5.11,mw,3.0,43.0,114.0,152.0,52.0,69.0,14.90394510794902,1.0464376314886863,42.35938785981871,105.09153284463925,43.8463612020711,256.23460435567,5.17,0.55,-5.72,1.55,-0.59,1.49,gem,subduction_interface
6693106,2003-04-14T14:42:31,-72.675,-35.354,31.1,5.24,mw,18.0,44.0,158.0,124.0,75.0,48.0,24.23260056901831,353.3647075056064,43.994500763695406,109.12295318021164,36.216109018219946,244.11904515275296,0.32,0.32,-0.64,0.64,-0.14,0.33,gem,subduction_interface
6925447,2003-06-02T02:52:12,-71.953,-32.956,26.0,5.51,mw,9.0,25.0,92.0,187.0,65.0,89.0,44.9734154821026,94.86840782558755,1.3136670288371135,186.1812012595889,44.996470276978044,277.495051793311,1.69,0.1,-1.79,-0.16,-1.47,-0.27,gem,subduction_interface
7007687,2003-07-26T14:10:17,-70.981,-28.279,36.3,5.48,mw,26.0,26.0,110.0,184.0,66.0,81.0,42.51534029454036,75.9039620031927,12.890565286903334,178.01587193466253,44.62998357884496,281.0728717537337,1.7,-0.42,-1.28,0.12,-1.36,-0.33,gem,subduction_interface
7150137,2003-10-04T18:15:56,-71.374,-28.907,28.9,5.23,mw,211.0,62.0,130.0,331.0,48.0,40.0,14.015892864717925,351.8499934424234,47.28528393034886,246.163463992132,39.31921290432454,93.64750814490584,0.56,0.28,-0.83,-0.44,-0.17,-0.02,gem,subduction_interface
7237228,2004-01-19T05:47:23,-71.719,-31.735,30.1,5.33,mw,172.0,65.0,88.0,358.0,25.0,95.0,44.87773984302523,257.8752952735789,2.818057275116922,350.6847421407672,44.98376712090911,83.50461461709642,0.89,0.16,-1.04,0.13,-0.8,0.12,gem,subduction_interface
7333143,2004-04-22T02:13:20,-70.093,-23.985,48.4,5.01,mw,39.0,26.0,133.0,173.0,72.0,72.0,38.910592755605805,56.7999609587946,21.45881487025216,165.2994301684556,43.37470076749316,277.1007346192088,2.26,0.31,-2.56,0.72,-2.99,-0.88,gem,subduction_interface
7338397,2004-05-03T04:36:51,-73.36,-37.791,30.0,6.62,mw,0.0,16.0,118.0,151.0,76.0,82.0,44.098307568927645,50.67669213204698,8.419511849149224,148.92296091325653,44.67318423395403,247.33762071151912,0.48,0.0,-0.48,0.47,-0.79,0.13,gem,subduction_interface
7356787,2004-06-15T11:16:31,-73.248,-38.854,39.1,5.92,mw,172.0,52.0,150.0,281.0,67.0,42.0,12.617165074793824,142.99320382560802,51.30040947052308,249.2178051910683,35.862281114341485,43.68126582312709,0.46,-0.19,-0.26,-0.46,-0.16,0.69,gem,subduction_interface
7393404,2004-08-27T00:43:54,-70.909,-27.448,30.7,5.83,mw,8.0,85.0,96.0,135.0,8.0,37.0,44.62451031495857,104.55609768562869,6.06860025752404,8.532935773589998,44.73510691207652,272.4863880202188,1.07,0.26,-1.33,1.02,6.73,0.55,gem,subduction_interface
7399251,2004-09-07T10:57:40,-72.333,-34.004,22.5,5.21,mw,10.0,16.0,105.0,174.0,74.0,86.0,44.70130556937024,78.37500843632711,4.763544220652177,173.10540708547614,44.903561662504906,267.86939889488343,4.33,0.02,-4.36,0.93,-6.91,-0.14,gem,subduction_interface
7399303,2004-09-07T12:33:56,-72.214,-33.961,16.9,5.68,mw,6.0,10.0,102.0,174.0,80.0,88.0,44.94388573558129,81.24884314484632,2.1955953576986498,173.44175064922558,44.97201937706314,265.6368138114218,1.35,0.14,-1.48,0.43,-3.76,0.01,gem,subduction_interface
7405720,2004-09-27T22:58:25,-71.734,-32.664,33.3,5.51,mw,17.0,21.0,109.0,177.0,70.0,83.0,43.93809843803428,75.16389871912497,8.665140115166588,173.60844012242433,44.76114189984376,272.3010605494593,1.29,0.28,-1.57,0.12,-1.72,-0.19,gem,subduction_interface
7446656,2004-12-08T06:03:55,-71.314,-30.835,46.6,5.65,mw,177.0,56.0,89.0,358.0,34.0,91.0,44.917797848233526,263.3006707220265,2.211463542456505,355.5074390288063,44.99688785103196,87.72031115474226,3.16,0.41,-3.56,0.09,-1.42,0.17,gem,subduction_interface
7736614,2005-03-01T07:24:04,-71.763,-31.49,24.6,5.41,mw,159.0,66.0,84.0,354.0,25.0,103.0,43.99863399242201,237.39587621462243,8.149573699247924,335.3444274786949,44.84978750118629,73.5343601411829,1.13,0.09,-1.22,0.42,-0.96,0.36,gem,subduction_interface
7480678,2005-03-13T20:38:59,-71.76,-32.628,24.8,5.21,mw,9.0,24.0,103.0,175.0,66.0,84.0,44.130624837429735,74.0447618770134,7.623383491911186,171.50525598684953,44.8608974654837,269.1595476908197,0.57,0.1,-0.66,0.07,-0.56,-0.01,gem,subduction_interface
7486834,2005-03-29T16:38:20,-72.187,-33.691,19.7,5.31,mw,6.0,17.0,100.0,175.0,73.0,87.0,44.83565089991123,81.0295784229861,3.4870918583625805,174.50313708298404,44.95238137092103,267.9908958107053,0.59,0.09,-0.67,0.1,-0.95,0.01,gem,subduction_interface
7781050,2005-11-28T16:33:21,-71.109,-29.292,48.2,5.52,mw,153.0,88.0,-81.0,254.0,9.0,-169.0,44.344866259382286,54.39578799376369,9.016074506152796,153.31747466681338,44.247891134614655,252.2087578959204,-0.2,0.4,-0.2,-1.01,2.06,-0.2,gem,subduction_interface
7997138,2005-12-21T22:19:46,-74.147,-42.698,26.5,5.2,mw,185.0,70.0,102.0,333.0,23.0,60.0,42.04937917531821,293.96131341552774,14.55129506541588,190.42120883647144,44.32855602413993,85.7329735939058,4.73,0.46,-5.19,-1.01,-5.87,1.07,gem,subduction_interface
8226838,2005-12-31T12:14:02,-71.502,-28.968,24.7,5.02,mw,217.0,88.0,108.0,311.0,18.0,5.0,42.06844096111645,324.73569738576725,18.02974104691885,217.65126590169555,42.43426278010586,110.33933381835811,0.07,1.3,-1.37,-2.25,-3.24,0.01,gem,subduction_interface
8012117,2006-01-05T22:51:15,-73.239,-36.397,25.9,5.19,mw,19.0,16.0,104.0,184.0,74.0,86.0,44.7377905243932,88.78718061602939,4.459102454310395,183.2190156660928,44.91587158266182,277.6785420174946,3.7,0.52,-4.22,-0.4,-6.64,-0.9,gem,subduction_interface
8228992,2006-04-09T20:50:45,-70.364,-20.537,34.9,5.74,mw,49.0,30.0,106.0,211.0,61.0,81.0,41.74486205696261,99.33985052242429,14.403168346106815,202.58835894778647,44.70305362454221,307.31259156302605,4.18,-1.7,-2.48,-1.05,-2.41,-2.28,gem,subduction_interface
8320618,2006-04-15T23:50:13,-71.988,-29.653,15.0,6.0,mw,1.0,27.0,85.0,186.0,63.0,93.0,44.76887688764919,102.36463576945982,3.832375536621795,8.554567776102374,44.9751643634764,274.71692382514175,1.0,0.01,-1.01,-0.11,-0.73,-0.06,gem,subduction_interface
8320797,2006-04-19T17:49:06,-71.141,-26.984,20.0,5.65,mw,16.0,18.0,111.0,174.0,73.0,83.0,44.22134164033732,74.23913261697345,7.612223301179124,171.71228380736773,44.77314917439115,269.33165547005444,1.96,0.31,-2.27,0.38,-3.04,-0.18,gem,subduction_interface
8321374,2006-04-30T10:31:19,-71.262,-27.011,19.3,5.27,mw,176.0,72.0,92.0,350.0,18.0,84.0,44.92350315423123,269.11046827873446,2.3505675895827163,176.76419713077303,44.98011846848808,84.41328197486916,0.55,0.05,-0.59,0.04,-0.82,0.08,gem,subduction_interface
8321401,2006-04-30T20:12:19,-71.191,-27.112,21.8,5.68,mw,4.0,23.0,100.0,174.0,68.0,86.0,44.54768952925772,75.39342076894098,5.516461194435945,170.84854420377724,44.92280357618401,266.3757924625305,2.78,0.09,-2.86,0.41,-2.82,0.05,gem,subduction_interface
8321409,2006-04-30T21:25:21,-71.1,-27.005,24.4,5.79,mw,180.0,69.0,94.0,350.0,22.0,80.0,44.63458522012154,276.90416343591096,5.017480606684677,181.9313346561516,44.92713824821515,86.90733075420417,4.42,-0.67,-3.75,-0.24,-4.39,0.34,gem,subduction_interface
8321411,2006-04-30T21:32:57,-71.095,-27.157,24.0,5.87,mw,173.0,68.0,91.0,352.0,22.0,88.0,44.97544168456761,264.80882181655767,1.2887974693221786,173.52080298760688,44.99557330143678,82.23187856338916,5.5,-0.23,-5.28,0.64,-5.77,0.69,gem,subduction_interface
8321414,2006-04-30T21:41:00,-71.011,-27.26,25.9,6.48,mw,14.0,18.0,112.0,171.0,73.0,83.0,44.15618881060504,70.81505253215346,7.935876711211431,168.59409041158972,44.75152117865178,266.5375527935274,3.44,0.5,-3.94,1.01,-5.28,-0.12,gem,subduction_interface
8321426,2006-04-30T23:04:43,-71.159,-27.232,23.1,5.78,mw,171.0,72.0,88.0,357.0,18.0,96.0,44.923503154231234,257.8895317212655,2.3505675895827216,350.23580286922703,44.98011846848805,82.58671802513078,3.26,0.17,-3.42,0.81,-4.63,0.4,gem,subduction_interface
8321432,2006-05-01T01:35:50,-71.052,-27.128,23.9,5.37,mw,21.0,22.0,115.0,174.0,70.0,80.0,43.06013813541944,68.77701056329369,11.757389840591705,169.9923942477709,44.559360982795766,271.8194268025266,0.93,0.04,-0.96,0.21,-1.07,-0.13,gem,subduction_interface
8338270,2006-05-01T02:49:41,-70.971,-27.167,31.4,5.43,mw,3.0,22.0,108.0,164.0,69.0,83.0,43.868419967883305,61.64757548005667,8.870714727077834,160.27601110268267,44.7688295320987,259.18224364153497,1.11,0.05,-1.16,0.43,-1.2,0.15,gem,subduction_interface
8338313,2006-05-02T04:11:19,-71.289,-27.422,16.0,5.21,mw,181.0,71.0,93.0,352.0,20.0,81.0,44.81787492860303,275.82199041011893,3.597355317732402,182.24039585893664,44.95655800598123,88.64139795161316,5.19,0.05,-5.24,-0.3,-6.5,0.29,gem,subduction_interface
8338322,2006-05-02T13:42:38,-71.362,-27.469,15.0,5.27,mw,177.0,69.0,89.0,359.0,21.0,92.0,44.97702177632922,265.2622981700724,1.2561381525824706,356.517730776253,44.99544337857862,87.77397105892959,0.66,0.04,-0.69,0.05,-0.73,0.03,gem,subduction_interface
8338323,2006-05-02T13:58:30,-71.366,-27.431,15.4,5.24,mw,182.0,74.0,93.0,352.0,16.0,80.0,44.84599477885924,276.3627154835696,3.399120961488185,182.9758745289356,44.95258517772294,89.57639376652764,0.46,0.03,-0.49,-0.03,-0.77,0.03,gem,subduction_interface
8358253,2006-05-18T18:26:22,-71.872,-32.443,23.5,5.04,mw,11.0,24.0,109.0,170.0,68.0,82.0,43.30956781423727,65.53604071096328,10.72568495488694,165.82173863069727,44.704958219152616,266.62723185455263,3.29,-0.17,-3.13,0.85,-3.11,-0.07,gem,subduction_interface
8358373,2006-05-21T05:11:38,-73.798,-37.296,21.9,5.25,mw,27.0,17.0,120.0,176.0,76.0,82.0,43.81256533541148,73.98017354609408,9.618415263677496,173.3371611299715,44.58751906275562,272.9532323529863,0.46,-0.01,-0.45,0.09,-0.81,-0.1,gem,subduction_interface
8518484,2006-07-09T16:37:07,-70.89,-19.872,21.9,5.18,mw,169.0,68.0,90.0,348.0,22.0,89.0,45.00000000000001,259.0,7.951386703658792e-15,349.0,45.00000000000001,79.0,4.88,0.12,-5.0,1.0,-5.25,1.09,gem,subduction_interface
8659592,2006-09-01T15:52:37,-70.709,-25.574,27.0,5.22,mw,33.0,73.0,149.0,133.0,60.0,19.0,9.656241111902071,169.77200441398236,58.86841781985867,63.41001308723605,29.277419442244558,265.2460012713311,0.22,0.56,-0.78,0.39,0.19,0.18,gem,subduction_interface
11122081,2006-10-12T18:05:58,-71.421,-31.322,45.0,6.36,mw,3.0,26.0,96.0,176.0,65.0,87.0,44.72191098014671,80.07547535290831,4.230574560394958,174.27657523164692,44.96627705823758,268.51372981877324,3.22,0.22,-3.44,0.28,-2.68,0.07,gem,subduction_interface
8823107,2006-10-16T01:33:35,-71.402,-30.269,39.5,5.5,mw,8.0,38.0,113.0,160.0,56.0,73.0,28.602188718241507,23.683239581032467,32.33633523875501,133.87650160563567,44.1241847381428,261.7556408174052,1.98,0.11,-2.09,0.6,-0.61,0.23,gem,subduction_interface
8823455,2006-10-22T23:29:10,-70.838,-25.808,27.6,5.42,mw,4.0,19.0,112.0,161.0,73.0,83.0,44.00691521062512,59.79441988428118,8.542230809010613,158.13667618472914,44.728728463030514,256.6934296902434,0.92,0.11,-1.03,0.49,-1.29,0.17,gem,subduction_interface
11689065,2007-03-02T13:07:31,-71.145,-30.832,48.4,5.41,mw,7.0,35.0,100.0,176.0,55.0,83.0,41.17824951747399,60.31931131219858,15.238161920182568,164.10516873963763,44.85239777165914,269.82950990690046,1.37,0.21,-1.58,0.12,-0.54,-0.04,gem,subduction_interface
11694245,2007-03-10T14:07:09,-70.29,-22.91,28.9,5.45,mw,8.0,15.0,115.0,163.0,77.0,84.0,44.37316801815347,63.5735269247582,7.048141561310146,160.52112111842212,44.76412880158106,257.5646719859957,0.78,0.12,-0.9,0.53,-1.57,0.11,gem,subduction_interface
11708496,2007-03-29T14:40:43,-71.853,-31.65,20.0,5.62,mw,12.0,19.0,91.0,191.0,71.0,90.0,44.99759415719582,100.38710110177414,0.4130961223095573,190.8001732696243,44.99942751785611,281.2132718738936,1.89,0.23,-2.12,-0.49,-2.54,-0.49,gem,subduction_interface
11708632,2007-03-29T17:46:23,-72.005,-31.578,19.8,5.28,mw,188.0,78.0,98.0,336.0,15.0,59.0,44.11090906945457,288.2159334831026,8.553311822811446,189.8320016932977,44.621526371350384,91.29614098563673,0.41,0.07,-0.48,-0.15,-0.92,0.06,gem,subduction_interface
11931569,2007-04-22T06:05:26,-72.033,-31.585,21.9,5.06,mw,201.0,66.0,105.0,348.0,28.0,61.0,39.28644483777998,317.4315267810101,19.852913407244102,210.250827121212,44.06751091379458,99.79407710377824,3.47,0.56,-4.03,-1.5,-2.79,-0.45,gem,subduction_interface
11934897,2007-04-26T12:13:29,-70.72,-28.171,49.1,5.18,mw,33.0,43.0,128.0,166.0,58.0,60.0,17.247288370789633,23.25960121846498,42.78866787881544,129.96027064595864,42.167646985763525,276.9286373400671,5.45,1.51,-6.96,2.16,-2.06,-1.38,gem,subduction_interface
12659198,2007-05-20T12:15:44,-71.216,-29.57,45.7,5.31,mw,21.0,41.0,116.0,168.0,54.0,69.0,20.607122095838296,23.90815101927689,39.11490104000351,131.71103740767973,43.74591059955021,272.81368504721354,0.96,0.16,-1.12,0.26,-0.28,-0.1,gem,subduction_interface
12684855,2007-06-21T09:54:54,-71.092,-31.745,55.5,5.07,mw,174.0,58.0,88.0,359.0,32.0,94.0,44.75338013992346,257.7458452326813,3.8613587269394176,351.58277868929605,44.98678036898308,85.45114811457836,4.43,0.16,-4.59,0.33,-2.19,0.3,gem,subduction_interface
13233707,2007-10-02T15:38:26,-70.63,-25.856,27.9,5.24,mw,23.0,28.0,121.0,169.0,66.0,75.0,39.171898617434856,52.159056711951735,20.10055177678164,159.50678365311387,44.0206905554043,270.2179985625696,0.61,0.12,-0.72,0.18,-0.54,-0.08,gem,subduction_interface
13266691,2007-11-15T11:14:49,-70.785,-23.099,19.8,5.26,mw,170.0,68.0,94.0,339.0,22.0,81.0,44.6096801227527,267.18313162251275,5.146832267547377,172.0855270558917,44.92921429781979,76.9305902385214,0.69,-0.09,-0.59,0.1,-0.69,0.16,gem,subduction_interface
13266835,2007-11-15T15:03:08,-70.456,-22.89,27.0,6.34,mw,5.0,21.0,106.0,168.0,70.0,84.0,44.21644745463169,67.91743979021305,7.412230026788821,165.18967547742773,44.82988731725939,262.6202154440245,2.36,0.41,-2.77,0.71,-2.91,0.26,gem,subduction_interface
13266840,2007-11-15T15:05:59,-70.385,-22.862,26.0,6.81,mw,172.0,74.0,88.0,360.0,16.0,98.0,44.93146000570726,259.0867702110943,2.266590091670751,351.34971253804173,44.97892161123463,83.61640900204873,1.04,0.02,-1.06,0.27,-1.71,0.08,gem,subduction_interface
13267348,2007-11-16T08:42:39,-70.558,-22.842,21.9,5.51,mw,7.0,19.0,111.0,165.0,72.0,83.0,44.08275659860065,64.2501919380851,8.197010933154198,162.2696331583818,44.7523586237794,260.48006246131126,1.34,0.01,-1.35,0.56,-1.77,0.09,gem,subduction_interface
13267582,2007-11-16T14:34:06,-70.587,-23.242,22.3,5.17,mw,182.0,69.0,93.0,353.0,21.0,81.0,44.79386981715542,277.19435632108366,3.765581902390846,183.4477102739947,44.95900367438367,89.67937379832551,4.68,0.2,-4.88,-0.34,-5.41,0.2,gem,subduction_interface
13267961,2007-11-17T03:07:32,-70.278,-22.928,33.2,5.53,mw,14.0,13.0,119.0,164.0,79.0,84.0,44.44736263848655,66.29919810860548,6.781445561191879,162.9975551766123,44.753698977518624,259.7682658211394,0.91,0.15,-1.06,0.66,-2.17,0.06,gem,subduction_interface
13268465,2007-11-17T18:13:15,-70.715,-23.092,23.6,5.23,mw,217.0,68.0,107.0,357.0,28.0,53.0,38.67760742634884,334.1978719040784,21.264297972292816,226.0463426879888,43.73467144691633,114.18597072207132,0.61,-0.02,-0.59,-0.47,-0.41,-0.17,gem,subduction_interface
13269054,2007-11-18T12:15:39,-70.692,-23.07,27.5,5.66,mw,171.0,70.0,98.0,328.0,22.0,68.0,43.651443473873165,274.03810676243086,9.762745795584234,174.59049117870848,44.70059553671841,74.78688293372977,1.92,0.82,-2.75,0.48,-2.88,1.2,gem,subduction_interface
13269993,2007-11-19T20:21:08,-70.756,-22.814,24.0,5.26,mw,170.0,69.0,87.0,357.0,21.0,97.0,44.79386981715542,254.80564367891637,3.7655819023908528,348.5522897260053,44.959003674383645,82.32062620167449,0.67,-0.04,-0.63,0.15,-0.72,0.07,gem,subduction_interface
13274503,2007-11-26T06:14:55,-70.276,-22.509,27.8,5.05,mw,39.0,25.0,126.0,180.0,70.0,74.0,40.33046045982152,66.85307120231334,18.45278019655862,173.3094707756652,43.90834469237993,282.0449972806248,3.12,-0.43,-2.7,0.62,-3.49,-1.12,gem,subduction_interface
13283472,2007-12-06T01:11:10,-70.635,-23.462,22.6,5.13,mw,150.0,72.0,90.0,332.0,18.0,91.0,45.000000000000014,240.0,6.361109362927035e-15,330.0,44.99999999999999,60.0,3.58,-0.86,-2.72,2.49,-4.37,1.48,gem,subduction_interface
13288629,2007-12-13T07:23:42,-70.475,-23.151,29.8,6.19,mw,9.0,15.0,106.0,173.0,75.0,86.0,44.71926791723963,76.62840335439586,4.666332489198958,171.26453233189375,44.90152742153485,265.93031672266926,1.12,0.1,-1.22,0.3,-2.05,-0.0,gem,subduction_interface
13290204,2007-12-15T18:22:28,-71.625,-32.658,31.6,5.9,mw,179.0,69.0,90.0,359.0,21.0,89.0,44.99999999999999,269.0,4.572047354603806e-15,359.0,45.00000000000003,89.0,0.55,0.09,-0.63,0.01,-0.66,0.01,gem,subduction_interface
12942184,2008-02-04T17:01:30,-70.169,-20.225,40.0,6.34,mw,1.0,27.0,107.0,162.0,64.0,81.0,42.76772263538868,54.70463090851701,12.092711323618786,156.1347190846186,44.7154281403714,258.3819620994993,2.86,0.44,-3.3,0.93,-2.29,0.65,gem,subduction_interface
10687507,2008-02-29T22:51:33,-75.089,-40.297,10.0,5.04,mw,56.0,47.0,-73.0,212.0,46.0,-107.0,44.32959255759455,314.0678239251208,45.48194642082652,127.50229037718486,3.287502541583776,220.8511495817634,-4.69,2.26,2.43,-0.94,0.77,1.7,gem,subduction_interface
13498986,2008-03-29T01:34:35,-74.148,-43.04,26.6,5.09,mw,5.0,32.0,90.0,184.0,58.0,90.0,44.99999999999999,95.0,3.1805546814635168e-15,5.0,45.00000000000001,275.0,5.34,-0.88,-4.45,-0.17,-2.46,-0.28,gem,subduction_interface
10882044,2008-04-11T01:29:46,-75.517,-45.544,17.0,5.11,mw,80.0,67.0,-165.0,343.0,76.0,-24.0,24.10187315807434,33.39452350055444,64.81814945182498,195.47179628047743,6.86460106477115,300.3072973066112,0.4,2.17,-2.57,-1.61,-3.37,-4.25,gem,subduction_interface
10896929,2008-04-17T07:57:17,-70.863,-19.99,24.0,5.11,mw,171.0,59.0,102.0,328.0,33.0,70.0,38.26489478691656,291.4702091963836,20.70402729651535,184.12607727480705,44.511755226191305,72.31411075299786,4.75,-0.09,-4.66,-0.09,-2.76,1.89,gem,subduction_interface
11513615,2008-12-19T09:36:06,-71.811,-32.456,31.8,5.73,mw,2.0,19.0,100.0,172.0,72.0,87.0,44.76742376965613,76.0000678468399,4.076699110401721,170.0540235710131,44.94299822968534,264.13294350125534,2.83,0.16,-2.99,0.61,-3.84,0.17,gem,subduction_interface
11513629,2008-12-19T13:57:30,-71.746,-32.546,24.3,5.22,mw,11.0,19.0,118.0,162.0,74.0,81.0,43.53297938365181,58.32881911510276,10.492102664511854,158.46262652948576,44.56641149468987,258.9730565719308,0.34,0.25,-0.58,0.2,-0.68,0.12,gem,subduction_interface
13066708,2009-06-13T21:22:06,-71.667,-30.686,27.1,5.06,mw,175.0,61.0,91.0,352.0,29.0,88.0,44.95610987538854,267.56302476129974,1.6499782016348747,175.9148896388075,44.9963879073881,84.26443501830158,3.77,0.46,-4.23,0.17,-2.47,0.51,gem,subduction_interface
14398202,2009-11-13T03:05:58,-70.423,-19.472,40.0,6.53,mw,160.0,66.0,89.0,342.0,24.0,92.0,44.9716610328198,248.02798972428027,1.3650757127007147,339.39210270697976,44.99582209722334,70.75736685891343,5.28,-0.12,-5.16,1.78,-4.82,2.0,gem,subduction_interface
13940163,2009-11-16T18:34:25,-70.43,-19.625,34.5,5.16,mw,163.0,60.0,90.0,344.0,30.0,90.0,44.99999999999998,253.00000000000009,2.5444437451708144e-14,163.0,45.000000000000014,73.0,5.65,0.33,-5.97,1.01,-3.33,2.06,gem,subduction_interface
13979280,2009-11-22T22:07:48,-75.034,-39.554,10.0,5.85,mw,199.0,43.0,-69.0,351.0,51.0,-109.0,44.11379185266461,94.28720754927748,42.144990957050894,302.95388296333607,14.795256673578203,199.124568613433,-0.7,-0.02,0.71,0.18,-0.12,0.07,gem,subduction_interface
14203983,2009-12-28T00:57:16,-70.256,-22.493,33.0,5.24,mw,1.0,26.0,106.0,163.0,65.0,82.0,43.27425747913668,58.07143941785557,10.665922945566026,158.2850896837383,44.76200590108819,259.0498945940426,6.22,1.04,-7.26,1.97,-5.52,1.33,gem,subduction_interface
14265217,2010-01-30T05:50:09,-70.745,-28.147,46.3,5.31,mw,17.0,31.0,107.0,177.0,60.0,80.0,40.81120760678216,63.18053120333275,16.323521326825436,167.8294365652864,44.64778683010861,274.64473748605866,0.86,0.19,-1.05,0.08,-0.56,-0.13,gem,subduction_interface
14357795,2010-02-27T19:00:06,-72.044,-33.476,25.0,6.24,mw,3.0,27.0,97.0,175.0,64.0,86.0,44.55485956151906,77.18944849470893,5.326544912459824,172.45644007669205,44.951361206506846,267.797051554118,2.42,-0.34,-2.08,0.26,-1.7,0.01,gem,subduction_interface
14342120,2010-02-28T01:08:22,-72.08,-34.233,25.0,5.93,mw,13.0,24.0,95.0,187.0,66.0,88.0,44.86136613856444,93.17622298271648,3.022716586880169,186.18852861916207,44.97931369399805,279.2132735157853,0.74,-0.06,-0.67,-0.07,-0.65,-0.12,gem,subduction_interface
14357818,2010-02-28T19:48:36,-73.562,-38.128,25.0,5.84,mw,1.0,16.0,91.0,180.0,74.0,90.0,44.99858995682294,89.54155297972932,0.3249915338253648,179.8665337456937,44.999566654968085,270.1915255915991,3.88,-0.06,-3.81,-0.02,-6.08,-0.03,gem,subduction_interface
14342532,2010-03-01T02:44:42,-72.556,-35.066,22.5,5.62,mw,183.0,75.0,115.0,302.0,29.0,32.0,36.12896068579281,303.02171246174925,27.253925510560524,190.93364300619209,41.70753174721373,73.60607022595633,1.4,0.4,-1.8,-0.31,-2.55,1.3,gem,subduction_interface
14344960,2010-03-01T08:58:29,-74.594,-37.856,12.1,4.99,mw,9.0,50.0,-100.0,204.0,41.0,-79.0,44.74265571538214,286.0752060060428,33.079716190888405,155.86736892577437,27.034020839824954,46.45371955710527,-3.98,0.61,3.36,0.41,-0.71,0.89,gem,subduction_interface
14344355,2010-03-02T04:09:24,-73.29,-35.766,15.0,5.39,mw,191.0,78.0,93.0,359.0,13.0,78.0,44.87357068813832,284.88572320429233,3.2114900953477696,191.68335526408072,44.94660982722664,98.47280372111612,0.59,0.08,-0.67,-0.27,-1.34,-0.08,gem,subduction_interface
17150213,2010-03-02T06:10:49,-72.688,-34.578,14.7,5.31,mw,3.0,5.0,84.0,189.0,85.0,91.0,44.99712598426536,99.59877946407084,0.5299491324092064,9.068860828191532,44.9979724666687,278.5389265336991,0.2,0.04,-0.24,-0.17,-1.14,-0.03,gem,subduction_interface
14345113,2010-03-03T06:16:20,-72.162,-33.725,23.5,5.19,mw,10.0,22.0,99.0,180.0,68.0,86.0,44.68657476066394,83.87693234798553,4.620269515557575,178.46175071075618,44.9416522938689,273.08766398946943,5.15,0.29,-5.44,0.21,-5.43,-0.43,gem,subduction_interface
14349505,2010-03-03T17:44:25,-73.317,-36.54,25.0,6.11,mw,15.0,12.0,103.0,182.0,78.0,87.0,44.89619579724933,88.2019618435018,2.9199813853643075,181.1151584384856,44.95512089083369,274.03435848944287,0.7,0.04,-0.73,-0.04,-1.64,-0.11,gem,subduction_interface
14349541,2010-03-03T19:58:27,-72.143,-33.469,20.0,5.79,mw,2.0,17.0,94.0,178.0,73.0,89.0,44.97305092465182,85.98123021665054,1.4080944930108177,177.3884254901028,44.99235086915195,268.79656929471207,3.37,0.02,-3.39,0.18,-4.91,-0.02,gem,subduction_interface
14367035,2010-03-04T17:37:46,-72.179,-34.212,23.5,5.4,mw,14.0,22.0,106.0,177.0,69.0,84.0,44.08055191870074,75.92013172545768,7.973334945551401,173.71584856289587,44.81685628267291,271.715883089187,1.01,0.1,-1.11,0.11,-1.15,-0.11,gem,subduction_interface
14374363,2010-03-05T09:19:36,-73.238,-36.66,30.0,6.14,mw,11.0,8.0,116.0,164.0,83.0,87.0,44.85825045571707,70.72299476448529,3.610451016694423,164.32275588085645,44.91453992072216,257.92960643902734,0.46,0.06,-0.52,0.52,-1.83,0.04,gem,subduction_interface
14374365,2010-03-05T10:31:21,-73.676,-37.555,26.0,5.22,mw,171.0,62.0,86.0,358.0,28.0,97.0,44.37170207188184,251.44987490406183,6.289888742861279,347.64018157652845,44.94051752992845,83.95513886771556,0.72,-0.04,-0.68,0.1,-0.46,0.06,gem,subduction_interface
14373449,2010-03-06T15:19:05,-73.769,-37.452,23.5,5.2,mw,28.0,19.0,112.0,185.0,72.0,83.0,44.00691521062512,83.79441988428124,8.542230809010604,182.13667618472908,44.72872846303053,280.6934296902434,4.24,0.34,-4.58,-0.33,-6.39,-1.42,gem,subduction_interface
14371822,2010-03-07T04:46:33,-71.89,-33.128,29.1,5.09,mw,7.0,26.0,92.0,185.0,64.0,89.0,44.96844132022319,92.6601972590554,1.422504155852172,184.08157305186185,44.996248876395725,275.5043294807831,4.3,-0.14,-4.17,-0.21,-3.31,-0.42,gem,subduction_interface
14372360,2010-03-07T22:00:37,-71.902,-34.128,34.4,5.18,mw,26.0,42.0,113.0,176.0,52.0,71.0,18.0209214975581,28.18937507665112,40.52054907347193,134.33348968925213,43.9774393379365,279.89412574389905,6.21,0.98,-7.18,1.23,-1.54,-1.66,gem,subduction_interface
14400657,2010-03-10T02:41:49,-72.782,-37.016,48.5,5.19,mw,19.0,32.0,107.0,178.0,60.0,80.0,40.0806487675715,62.87125159157347,17.646111483900057,168.39783592710774,44.63017718287436,276.69976852718383,6.2,0.47,-6.67,0.69,-3.63,-1.04,gem,subduction_interface
14399307,2010-03-10T04:01:44,-73.931,-37.186,15.0,5.15,mw,15.0,12.0,109.0,176.0,78.0,86.0,44.78671288586661,80.5769749289289,4.205213326129419,174.76222788505288,44.90519790034016,268.9648578785827,2.62,0.09,-2.71,0.49,-6.09,-0.28,gem,subduction_interface
14402149,2010-03-11T22:34:03,-73.631,-37.726,22.5,5.32,mw,180.0,70.0,93.0,351.0,20.0,82.0,44.80650413278438,275.00051159425425,3.677345872798512,181.34040755629545,44.957799627816485,87.66089580748417,0.8,-0.09,-0.7,-0.02,-0.89,0.06,gem,subduction_interface
14420155,2010-03-12T10:32:32,-73.983,-37.658,17.9,5.07,mw,188.0,73.0,96.0,348.0,18.0,71.0,44.35503686866963,286.92592215024086,6.908046384611324,190.1227810301105,44.816044988477856,93.20872928290872,3.11,-0.34,-2.77,-0.82,-4.09,0.18,gem,subduction_interface
14405386,2010-03-13T03:15:02,-73.395,-36.615,25.0,5.29,mw,2.0,23.0,88.0,183.0,67.0,91.0,44.9810491522393,95.77296632198232,1.124069002507974,4.649424508319441,44.99690089726439,273.5252607530709,0.83,-0.08,-0.74,-0.05,-0.76,-0.03,gem,subduction_interface
14406570,2010-03-13T03:19:07,-73.29,-36.655,23.7,5.41,mw,10.0,19.0,102.0,177.0,72.0,86.0,44.67001999303096,80.86676234308572,4.86382160824566,175.69216554760646,44.91807507655084,270.5596341806697,1.02,-0.09,-0.92,0.12,-1.32,-0.07,gem,subduction_interface
14405731,2010-03-13T10:34:41,-73.706,-37.621,20.0,5.79,mw,7.0,19.0,102.0,175.0,71.0,86.0,44.67001999303097,77.86676234308572,4.863821608245663,172.69216554760658,44.91807507655084,267.5596341806697,3.56,0.12,-3.67,0.54,-4.62,-0.06,gem,subduction_interface
14406579,2010-03-13T20:20:23,-73.925,-36.921,20.0,5.29,mw,177.0,79.0,92.0,346.0,12.0,79.0,44.9462581474713,269.52650233853933,2.117279490971332,177.41174842400892,44.97553654170958,85.29483112154242,0.42,0.01,-0.42,0.04,-1.0,0.06,gem,subduction_interface
14410557,2010-03-15T11:08:29,-73.365,-35.85,15.0,6.2,mw,21.0,15.0,103.0,187.0,76.0,87.0,44.81063328991406,92.75411134899838,3.822665445495068,186.5600344569436,44.93470250299616,280.38250079853367,1.15,-0.03,-1.12,-0.24,-2.11,-0.29,gem,subduction_interface
14409387,2010-03-16T03:04:36,-73.43,-36.552,20.0,5.88,mw,19.0,14.0,112.0,177.0,77.0,85.0,44.583340844060345,79.33620526235757,5.777314574962105,175.05898552336748,44.83607031334678,270.8326494235695,3.73,-0.09,-3.64,0.59,-7.35,-0.56,gem,subduction_interface
14522579,2010-03-17T18:29:36,-73.206,-35.499,15.0,5.11,mw,27.0,24.0,106.0,190.0,67.0,83.0,43.73901033911405,86.68532693963505,9.219066538453522,185.6203761691577,44.78996189086181,284.8923184347155,4.03,-0.26,-3.77,-0.47,-3.97,-1.34,gem,subduction_interface
14414561,2010-03-19T02:55:51,-72.299,-33.55,16.6,5.18,mw,13.0,18.0,99.0,184.0,72.0,87.0,44.8403963247094,89.06202353208687,3.403675661209415,182.4527552591572,44.95764403894468,275.85740918249866,4.43,-0.28,-4.15,-0.22,-5.87,-0.61,gem,subduction_interface
14415085,2010-03-19T14:20:43,-72.293,-33.268,15.1,5.15,mw,20.0,16.0,110.0,178.0,75.0,84.0,44.49282530221357,81.41319369011757,6.240977498354265,177.58091922693484,44.83002927249213,273.82196583529424,3.47,-0.31,-3.16,0.37,-5.89,-0.55,gem,subduction_interface
14554147,2010-03-21T18:31:02,-73.205,-36.387,25.0,5.54,mw,11.0,25.0,113.0,166.0,67.0,79.0,42.34685150527515,57.49289510633639,13.46702925329282,160.09971234586135,44.54185631386371,263.7308835031114,1.72,0.22,-1.94,0.55,-1.6,0.08,gem,subduction_interface
14462779,2010-03-25T11:10:38,-73.34,-35.81,20.0,5.31,mw,21.0,14.0,103.0,187.0,76.0,87.0,44.84362307464524,93.26793392337731,3.508632155107592,186.7640034715292,44.94178579679762,280.27208802030395,0.54,-0.05,-0.48,-0.11,-1.01,-0.12,gem,subduction_interface
14510076,2010-03-28T14:36:32,-73.524,-36.206,20.0,5.19,mw,6.0,16.0,92.0,183.0,74.0,89.0,44.99436444712924,93.08357143029178,0.6497786725283808,183.7332640676901,44.99826687356112,274.38304521628976,3.84,0.35,-4.19,-0.36,-6.37,-0.36,gem,subduction_interface
14554192,2010-03-28T21:43:13,-73.13,-35.494,23.7,5.63,mw,7.0,16.0,86.0,191.0,74.0,91.0,44.97753148020297,102.8291423865578,1.2979253191494502,11.531901914606294,44.99307155295416,280.2339574420396,1.76,0.01,-1.77,-0.56,-2.83,-0.28,gem,subduction_interface
14512790,2010-03-29T07:35:07,-71.803,-34.943,53.2,5.3,mw,36.0,29.0,127.0,175.0,67.0,71.0,37.35271769621771,55.54895463024656,23.36389228660829,164.80056962480273,43.54540577831304,279.04278260438605,0.7,0.16,-0.86,0.15,-0.7,-0.26,gem,subduction_interface
14542704,2010-04-01T19:43:00,-72.135,-34.187,23.9,5.13,mw,173.0,74.0,90.0,352.0,16.0,89.0,44.99999999999999,263.0,7.951386703658792e-16,173.0,45.000000000000014,83.0,2.84,0.78,-3.62,0.65,-5.27,0.59,gem,subduction_interface
14580151,2010-04-18T01:49:37,-73.752,-37.174,25.0,5.58,mw,4.0,19.0,93.0,180.0,71.0,89.0,44.97840712079316,89.16449633366284,1.2379514340171198,180.40180373034207,44.99484945374324,271.6398215887315,1.73,0.01,-1.74,0.01,-2.25,-0.06,gem,subduction_interface
14580158,2010-04-18T02:52:18,-73.82,-37.215,21.6,5.07,mw,187.0,59.0,100.0,348.0,33.0,74.0,40.11150219250719,303.3907514368635,17.540736243667634,197.94813893828177,44.66049891253813,89.7468172272275,4.7,-0.38,-4.32,-0.83,-2.22,0.22,gem,subduction_interface
14606547,2010-04-23T10:03:06,-72.89,-37.53,40.0,6.01,mw,7.0,14.0,141.0,135.0,81.0,79.0,43.56213702814553,32.381284303680445,11.349527374367286,133.38596365119946,44.21822443980308,234.6490755274146,0.35,0.06,-0.4,0.86,-0.81,0.2,gem,subduction_interface
14628538,2010-04-29T07:56:31,-73.747,-36.853,19.0,5.08,mw,4.0,27.0,92.0,182.0,63.0,89.0,44.96244129218522,89.42847393842891,1.5428435916540897,180.9698545572084,44.99602350738678,272.5130435417776,4.4,-0.31,-4.09,-0.08,-3.09,-0.23,gem,subduction_interface
14630779,2010-05-03T18:39:41,-73.789,-37.293,15.0,5.39,mw,6.0,16.0,92.0,183.0,74.0,89.0,44.99436444712924,93.08357143029178,0.6497786725283808,183.7332640676901,44.99826687356112,274.38304521628976,0.81,-0.0,-0.8,-0.07,-1.3,-0.06,gem,subduction_interface
14768943,2010-05-03T23:09:45,-73.746,-38.144,25.0,6.18,mw,178.0,76.0,90.0,357.0,14.0,89.0,45.00000000000001,268.0,3.578124016646457e-15,358.0,45.00000000000001,88.0,1.09,0.04,-1.13,0.07,-2.02,0.05,gem,subduction_interface
14680859,2010-05-04T13:55:06,-72.277,-34.151,23.2,5.19,mw,25.0,26.0,107.0,187.0,66.0,82.0,43.08886793844096,80.23074995755212,11.243169174221118,180.94730326504617,44.73163344169288,282.3050804685913,5.37,0.32,-5.69,-0.29,-4.95,-1.76,gem,subduction_interface
14686980,2010-05-09T03:29:37,-72.145,-33.975,23.2,5.04,mw,14.0,22.0,112.0,170.0,70.0,81.0,43.41416175471028,66.32166799394656,10.570618592207026,166.4911021523037,44.656850955498655,267.11679986023603,2.97,0.17,-3.14,0.81,-3.37,-0.1,gem,subduction_interface
14723061,2010-05-24T23:57:34,-73.413,-36.324,20.6,5.25,mw,19.0,19.0,111.0,177.0,73.0,83.0,44.08275659860064,76.25019193808515,8.197010933154198,174.2696331583818,44.752358623779415,272.4800624613113,0.49,0.1,-0.59,0.06,-0.77,-0.08,gem,subduction_interface
14734798,2010-06-01T16:05:30,-73.572,-36.868,22.0,5.12,mw,184.0,70.0,93.0,355.0,21.0,81.0,44.806504132784376,279.00051159425425,3.677345872798513,185.34040755629545,44.957799627816506,91.66089580748417,3.81,0.39,-4.2,-0.43,-4.59,0.02,gem,subduction_interface
15107686,2010-06-24T13:24:06,-73.848,-36.985,20.1,5.01,mw,12.0,24.0,102.0,178.0,66.0,85.0,44.24973709201519,78.87467144083575,7.0733915162493055,175.8173993335217,44.88136583741276,272.91570963186086,3.19,-0.37,-2.82,0.3,-2.78,-0.26,gem,subduction_interface
14835223,2010-07-03T00:05:06,-71.726,-34.792,45.0,5.12,mw,43.0,39.0,124.0,183.0,58.0,66.0,24.54117151470686,44.53274721483575,36.97010669094425,154.6349122060417,43.03935437707892,289.2954733781866,4.86,-0.48,-4.39,1.31,-2.5,-2.13,gem,subduction_interface
15003174,2010-07-14T08:32:21,-73.478,-38.128,25.0,6.63,mw,7.0,9.0,97.0,180.0,81.0,89.0,44.984981248933984,88.58587234379581,1.1477096872756924,179.73321062754087,44.99203169320355,270.88083135173133,0.32,0.01,-0.32,0.01,-1.03,-0.02,gem,subduction_interface
14991716,2010-07-15T00:36:03,-72.204,-34.183,23.4,5.4,mw,18.0,24.0,121.0,164.0,70.0,77.0,41.5282040228056,54.1546081439522,15.768621303061732,158.63665798420152,44.23192892948416,264.59324577214466,0.83,0.45,-1.28,0.32,-1.14,0.09,gem,subduction_interface
14994608,2010-07-17T06:07:42,-69.989,-24.748,49.5,5.5,mw,29.0,24.0,130.0,165.0,72.0,74.0,40.43436515520922,53.510670771092975,18.54231093434086,160.1178847738263,43.75178134521087,268.84804698325195,1.19,0.3,-1.5,0.56,-1.59,-0.18,gem,subduction_interface
15175151,2010-08-05T06:27:15,-73.476,-37.501,22.6,5.43,mw,180.0,60.0,92.0,355.0,30.0,86.0,44.80543428140372,275.44202557570844,3.45918906626819,182.0,44.98597194390965,88.53618780127192,1.54,-0.15,-1.39,-0.04,-0.86,0.06,gem,subduction_interface
15075842,2010-08-05T20:35:48,-70.57,-20.058,29.2,5.16,mw,170.0,70.0,88.0,354.0,20.0,94.0,44.91384094364656,256.6593218167972,2.4525628342942243,349.10675834278425,44.981240349673925,81.55996322230021,4.15,0.45,-4.6,0.97,-5.08,0.75,gem,subduction_interface
15173297,2010-09-09T07:28:01,-73.657,-37.09,20.0,6.18,mw,11.0,14.0,99.0,182.0,76.0,88.0,44.92349430214372,88.68260020438044,2.44810651792763,181.1264054466793,44.97196772369568,273.5743517346785,1.08,0.04,-1.12,-0.05,-2.03,-0.13,gem,subduction_interface
15185586,2010-09-14T03:37:12,-73.937,-37.338,16.0,5.09,mw,187.0,72.0,95.0,352.0,19.0,76.0,44.52505476167808,284.71658563738487,5.8689186144069,188.913980670086,44.875857891227625,93.03962960315216,3.34,-0.15,-3.19,-0.66,-4.34,0.07,gem,subduction_interface
15192878,2010-09-17T06:52:41,-73.684,-37.541,22.7,5.1,mw,181.0,75.0,95.0,341.0,16.0,71.0,44.59545470550284,278.0169799357809,5.5714378678235255,182.49775602126644,44.86447051311187,86.9262936576016,2.92,-0.12,-2.8,-0.26,-4.79,0.46,gem,subduction_interface
15208116,2010-09-23T16:36:18,-71.854,-35.0,53.3,5.37,mw,19.0,30.0,113.0,173.0,63.0,78.0,39.57654004616088,56.25573532357009,18.88027639898649,162.67622998136972,44.39154340575205,272.2368751969504,1.05,0.13,-1.18,0.2,-0.77,-0.13,gem,subduction_interface
15211719,2010-09-26T05:29:50,-72.972,-40.502,60.8,5.04,mw,126.0,43.0,103.0,289.0,48.0,78.0,16.40419290072416,133.74907440373994,40.75672320065242,238.447277735125,44.65806817459376,26.83707800687409,3.86,-3.8,-0.06,-0.57,-0.18,2.61,gem,subduction_interface
15214221,2010-09-29T16:29:49,-71.777,-34.804,45.0,5.06,mw,62.0,42.0,134.0,190.0,61.0,58.0,20.30529367586798,51.03743492800237,41.70110950278415,160.2871120253959,41.38218171596569,302.0107326999186,3.32,-0.63,-2.69,0.6,-2.2,-2.83,gem,subduction_interface
15214879,2010-09-30T00:26:19,-73.457,-36.411,20.0,5.58,mw,9.0,17.0,98.0,180.0,73.0,87.0,44.8937087425001,86.99765754349107,2.8009598987329936,179.79157663149113,44.969472402974624,272.59290035521946,1.65,0.0,-1.65,0.03,-2.41,-0.13,gem,subduction_interface
15620249,2010-11-10T01:23:31,-73.417,-36.401,21.9,5.02,mw,181.0,57.0,91.0,359.0,33.0,88.0,44.929123816145605,274.3958819424566,2.060707200678458,182.33893809730557,44.99679240982235,90.27712774089798,3.96,-0.08,-3.88,-0.09,-1.75,-0.02,gem,subduction_interface
15674988,2010-11-28T08:19:46,-71.985,-34.604,33.0,5.16,mw,40.0,24.0,-70.0,198.0,68.0,-99.0,44.67355463298149,294.87273095545373,11.20680669137634,193.57636998391047,43.16098402739371,92.8684995953463,-4.31,0.27,4.04,1.25,4.62,2.61,gem,subduction_interface
15914934,2011-01-10T06:02:50,-73.308,-35.711,20.0,5.91,mw,22.0,14.0,105.0,187.0,76.0,86.0,44.79449191578267,91.5829970863076,4.028497089726486,185.5925744113065,44.92272687082843,279.6201696692278,4.17,-0.07,-4.1,-0.86,-7.92,-1.1,gem,subduction_interface
15917538,2011-01-11T01:05:25,-73.436,-35.728,18.4,5.0,mw,29.0,23.0,95.0,204.0,67.0,88.0,44.88276808299416,109.59659256670096,2.798571923517399,202.38705726031245,44.98064598959033,295.18707974344704,2.78,-0.6,-2.18,-1.07,-2.51,-1.08,gem,subduction_interface
15959253,2011-01-23T16:02:43,-70.425,-19.973,30.2,4.98,mw,151.0,61.0,86.0,339.0,29.0,97.0,44.30757645692649,230.88432618321983,6.570214349833255,327.33953338135257,44.942233912403054,63.93999482180215,2.64,0.13,-2.77,0.98,-1.7,1.78,gem,subduction_interface
16022457,2011-02-13T08:51:33,-73.432,-36.627,20.0,5.9,mw,13.0,11.0,101.0,182.0,79.0,88.0,44.93994050889956,89.1304257282801,2.2437721544987657,181.37121529968832,44.97223551565382,273.61453365106007,3.28,-0.0,-3.28,-0.15,-8.14,-0.41,gem,subduction_interface
601516583,2011-02-13T13:44:36,-73.473,-36.608,20.0,5.63,mw,9.0,15.0,95.0,184.0,75.0,89.0,44.9709559149795,91.93699768603068,1.4906789038746786,183.4266699832581,44.9902694567488,274.9173471380615,1.72,-0.0,-1.71,-0.17,-2.99,-0.18,gem,subduction_interface
602035966,2011-02-14T03:40:09,-73.128,-35.471,20.0,6.63,mw,25.0,17.0,105.0,189.0,74.0,86.0,44.64326945549637,92.70897629257443,5.15879012555836,187.82453102936876,44.89348840274842,282.98508502900336,0.56,-0.02,-0.53,-0.13,-0.91,-0.17,gem,subduction_interface
16168873,2011-02-18T17:01:01,-72.158,-33.992,27.3,5.26,mw,14.0,20.0,105.0,178.0,71.0,85.0,44.40782699934026,79.41316697287834,6.48390113588513,175.80490851265063,44.86150378179882,272.2991225266742,0.58,0.03,-0.6,0.05,-0.74,-0.06,gem,subduction_interface
16056977,2011-02-19T06:26:33,-72.24,-34.043,20.8,5.24,mw,176.0,69.0,89.0,360.0,21.0,94.0,44.97702177632922,264.2622981700724,1.2561381525824726,355.517730776253,44.99544337857861,86.77397105892959,0.55,0.06,-0.61,0.06,-0.67,0.03,gem,subduction_interface
16153246,2011-02-24T04:36:51,-73.358,-36.084,20.5,5.1,mw,24.0,27.0,139.0,152.0,73.0,69.0,37.75577607957517,33.81484581780421,23.845680039031407,143.8324168542482,42.80080062210385,257.99409118996215,3.06,0.63,-3.69,2.67,-3.35,-0.02,gem,subduction_interface
16160700,2011-02-28T01:29:25,-73.437,-37.288,25.0,5.82,mw,6.0,16.0,97.0,179.0,74.0,88.0,44.93180513174317,85.81674908745771,2.2635601131658643,178.07668882766632,44.97881580501439,270.3403420686114,3.43,0.13,-3.56,0.17,-5.62,-0.16,gem,subduction_interface
16176485,2011-03-03T07:58:56,-73.465,-37.287,22.6,5.2,mw,1.0,22.0,97.0,173.0,68.0,87.0,44.80771438949415,78.4101506110801,3.613761334769946,172.00686653538207,44.96465895865392,265.6233671679224,5.46,-0.25,-5.21,0.82,-5.52,0.21,gem,subduction_interface
16329748,2011-03-16T22:36:17,-71.646,-32.581,35.0,5.5,mw,15.0,28.0,105.0,179.0,63.0,83.0,42.874856215053626,70.97751068238915,11.704823588030658,172.06759700371902,44.7651201483233,273.9255562059812,1.69,0.13,-1.82,0.13,-1.29,-0.23,gem,subduction_interface
16331280,2011-03-17T11:14:25,-71.698,-32.625,35.0,5.21,mw,6.0,28.0,101.0,174.0,62.0,84.0,43.764970493300254,70.34408855509207,8.867217467846148,168.93768962707475,44.87325829802252,267.87310308399987,0.62,0.07,-0.69,0.08,-0.45,0.01,gem,subduction_interface
16339599,2011-03-20T17:12:25,-70.201,-24.833,49.0,5.12,mw,10.0,29.0,110.0,167.0,63.0,79.0,41.10978322560098,54.58185251218168,15.931012757241362,159.00572624002757,44.56164051654993,265.3320780239226,4.54,0.31,-4.86,1.21,-3.21,0.17,gem,subduction_interface
16416189,2011-04-10T20:24:24,-73.409,-36.111,18.0,5.24,mw,184.0,75.0,92.0,357.0,15.0,83.0,44.93492946013407,276.8249310866204,2.2303678155708546,184.59793815842835,44.97829221562634,92.36757009159987,0.45,0.01,-0.45,-0.06,-0.77,-0.01,gem,subduction_interface
16446648,2011-04-19T05:50:46,-72.349,-33.944,21.4,5.15,mw,23.0,24.0,108.0,184.0,67.0,82.0,43.455848453415406,79.22824640809085,10.23387158423097,179.0777417902102,44.734836055373215,279.3820036116357,4.81,-0.36,-4.44,0.12,-4.58,-1.08,gem,subduction_interface
16463269,2011-04-27T04:57:34,-72.221,-33.949,20.2,5.15,mw,17.0,21.0,103.0,183.0,70.0,85.0,44.46500576032568,84.80215024588301,6.1031965361397695,180.8262746253772,44.88730020067907,276.94020265626034,4.23,-0.1,-4.13,-0.11,-4.97,-0.76,gem,subduction_interface
16722583,2011-06-01T12:55:21,-73.864,-37.595,15.0,6.35,mw,1.0,17.0,88.0,183.0,73.0,91.0,44.993238896439244,94.01160855047608,0.7050072563306176,3.306714305098069,44.998086640009525,272.6017007626889,2.25,0.02,-2.27,-0.19,-3.4,-0.07,gem,subduction_interface
16557343,2011-06-05T10:25:16,-71.915,-35.093,45.5,5.34,mw,24.0,31.0,118.0,172.0,63.0,74.0,37.30867335157279,51.250191624191984,22.710874259061637,159.8487910102541,44.05865999745821,273.7399586925567,0.98,0.05,-1.02,0.25,-0.69,-0.17,gem,subduction_interface
16685765,2011-06-29T05:36:48,-72.229,-33.92,20.0,5.54,mw,13.0,18.0,100.0,183.0,72.0,87.0,44.80412904174296,87.53375988470509,3.773135519407263,181.2893007434445,44.94775368209905,275.063744559471,1.52,-0.09,-1.43,-0.05,-2.02,-0.2,gem,subduction_interface
16785945,2011-07-13T02:01:56,-73.49,-36.262,21.0,5.03,mw,6.0,23.0,93.0,182.0,67.0,89.0,44.95746509048238,90.34471869513652,1.6844388039926046,182.0273849894368,44.9930283373968,273.71214203160105,3.27,-0.22,-3.05,-0.09,-3.02,-0.21,gem,subduction_interface
16845236,2011-07-16T00:26:12,-72.072,-33.903,25.0,5.96,mw,14.0,21.0,108.0,174.0,70.0,83.0,44.03361202318243,73.73303286491978,8.254141792281569,171.79557970647895,44.78529838085584,270.07401498699613,0.67,0.02,-0.69,0.12,-0.8,-0.05,gem,subduction_interface
16884479,2011-07-23T22:45:22,-70.612,-20.178,28.1,5.03,mw,171.0,63.0,90.0,351.0,27.0,90.0,44.99999999999999,261.0,1.5902773407317584e-14,171.0,45.000000000000014,81.0,3.38,0.15,-3.53,0.4,-2.45,0.62,gem,subduction_interface
16887034,2011-07-25T11:15:11,-73.642,-37.709,20.5,5.39,mw,3.0,15.0,95.0,178.0,75.0,89.0,44.97095591497949,85.93699768603062,1.4906789038746808,177.4266699832582,44.990269456748806,268.9173471380615,0.79,-0.08,-0.7,0.05,-1.28,-0.01,gem,subduction_interface
16910215,2011-07-28T19:50:17,-73.307,-35.797,20.0,5.64,mw,194.0,75.0,98.0,344.0,17.0,61.0,43.97433038014388,295.09611994384693,8.901064033897969,196.40511345314457,44.653724911759504,97.50379334338533,1.61,0.43,-2.04,-0.83,-2.94,-0.08,gem,subduction_interface
17030716,2011-08-28T04:30:33,-72.284,-33.259,19.7,5.36,mw,7.0,23.0,90.0,187.0,67.0,90.0,45.00000000000001,97.0,5.565970692561155e-15,7.0,45.00000000000001,277.0,0.95,-0.01,-0.93,-0.12,-0.94,-0.12,gem,subduction_interface
17215018,2011-09-07T11:21:49,-72.4,-33.382,18.9,5.17,mw,171.0,66.0,95.0,338.0,24.0,78.0,44.30056961271812,270.72855324403093,6.801949817937824,174.04416296554837,44.895643959506216,77.21879527245744,5.12,-0.31,-4.81,0.48,-4.64,1.36,gem,subduction_interface
17224590,2011-09-14T07:03:52,-71.714,-32.691,30.0,5.86,mw,185.0,74.0,92.0,359.0,16.0,84.0,44.93146000570726,277.9132297889057,2.266590091670743,185.65028746195824,44.97892161123464,93.38359099795127,3.82,0.45,-4.26,-0.6,-6.39,-0.2,gem,subduction_interface
17451578,2011-10-30T18:53:44,-70.674,-25.74,35.0,5.79,mw,13.0,26.0,113.0,168.0,66.0,79.0,41.93372896149052,57.870815850846384,14.408309105283497,161.21417584228843,44.51283974957534,265.8443455196526,4.14,0.59,-4.73,1.17,-3.75,0.02,gem,subduction_interface
17523184,2011-11-08T17:18:13,-72.192,-34.199,28.9,5.29,mw,6.0,22.0,108.0,166.0,69.0,83.0,43.868419967883305,64.64757548005673,8.870714727077816,163.2760111026828,44.76882953209871,262.18224364153497,0.66,0.08,-0.74,0.22,-0.77,0.07,gem,subduction_interface
600018366,2011-12-07T22:23:09,-71.195,-27.898,20.0,6.08,mw,17.0,25.0,109.0,176.0,67.0,81.0,43.031240353677696,70.14414449778855,11.511176637652792,171.10390204829127,44.68546675316168,272.7245923409006,1.12,0.12,-1.24,0.16,-1.09,-0.13,gem,subduction_interface
603838887,2012-01-23T16:04:53,-73.171,-36.444,25.0,6.12,mw,13.0,19.0,101.0,182.0,71.0,86.0,44.7205720001169,85.42939416129923,4.471974348966548,179.87142408763862,44.93109107873407,274.34628372498224,1.11,0.06,-1.17,-0.03,-1.5,-0.16,gem,subduction_interface
600561750,2012-02-11T02:58:21,-73.344,-37.385,25.0,5.64,mw,3.0,22.0,93.0,180.0,68.0,89.0,44.96404941674079,87.57711890882791,1.559781669334476,179.13552151411227,44.99349861803331,270.695527332334,2.43,-0.04,-2.39,0.02,-2.54,-0.07,gem,subduction_interface
600668615,2012-02-17T08:01:18,-73.942,-37.256,17.0,5.14,mw,197.0,67.0,101.0,350.0,25.0,66.0,41.98714305031915,306.5629446657907,14.362084826951524,203.23964671486752,44.48196906545199,98.67558147889588,4.56,-0.02,-4.53,-1.78,-4.07,-0.2,gem,subduction_interface
600760711,2012-03-03T22:12:57,-72.878,-35.737,31.2,5.14,mw,45.0,30.0,101.0,213.0,61.0,84.0,43.25924850658614,106.41001680149458,10.43798662330638,206.39282634397605,44.85906022318198,306.9557740937838,5.14,-1.85,-3.28,-1.56,-2.91,-3.1,gem,subduction_interface
600847130,2012-04-03T02:11:06,-72.487,-33.879,14.4,5.13,mw,5.0,22.0,84.0,191.0,68.0,92.0,44.85791465406142,105.80884767317424,3.104628870382585,12.715048571103353,44.974021933763794,279.60867277713703,4.26,-0.12,-4.14,-0.95,-4.25,-0.57,gem,subduction_interface
600957622,2012-04-30T07:39:44,-71.645,-29.838,30.0,5.62,mw,214.0,65.0,131.0,330.0,47.0,35.0,16.532604052058115,352.16268616885066,46.77939194969636,243.7495339785471,38.52730099361638,95.83344671713638,1.87,1.28,-3.15,-1.58,-0.84,-0.17,gem,subduction_interface
601404618,2012-07-18T18:24:11,-70.517,-20.744,29.4,5.24,mw,171.0,68.0,88.0,358.0,22.0,96.0,44.901898408821765,257.3876194872928,2.57675704707909,349.9581627150052,44.9822952820816,82.53593488501792,0.59,0.03,-0.62,0.11,-0.62,0.07,gem,subduction_interface
601645642,2012-08-30T08:04:39,-73.684,-37.241,26.2,5.16,mw,183.0,73.0,93.0,352.0,17.0,79.0,44.8374881738414,277.504436325567,3.458902269766793,184.0588393490433,44.95395320108724,90.5991889910639,3.64,0.46,-4.1,-0.39,-5.64,0.14,gem,subduction_interface
601670020,2012-09-01T10:38:38,-71.254,-27.29,22.2,5.1,mw,199.0,85.0,116.0,298.0,26.0,10.0,38.46977476914255,314.5292113252161,26.239290365417578,201.47160720342745,40.252455098758126,86.80623164506932,0.64,1.84,-2.47,-1.38,-4.78,1.42,gem,subduction_interface
601992979,2012-11-19T16:45:51,-72.293,-33.98,20.9,5.08,mw,184.0,67.0,95.0,351.0,23.0,78.0,44.349303995663554,283.3166454683377,6.605020698710175,186.81728605885232,44.89258421739349,90.19293126907588,3.82,-0.05,-3.77,-0.47,-3.69,0.17,gem,subduction_interface
601993233,2012-11-20T16:23:25,-72.336,-33.947,18.9,5.42,mw,16.0,20.0,100.0,185.0,71.0,87.0,44.72463839385484,89.42434248136772,4.400029349653203,183.79510608713383,44.93812079730063,278.19862695411854,1.0,0.07,-1.07,-0.1,-1.32,-0.21,gem,subduction_interface
602058915,2012-12-26T13:17:56,-73.42,-37.368,24.8,5.38,mw,4.0,17.0,92.0,182.0,73.0,89.0,44.99323889643923,90.988391449524,0.7050072563306142,181.69328569490196,44.99808664000955,272.3982992373111,0.81,0.04,-0.85,-0.04,-1.23,-0.05,gem,subduction_interface
603247785,2013-07-23T17:27:16,-70.833,-20.175,24.3,5.08,mw,174.0,59.0,96.0,343.0,32.0,81.0,43.11182647096751,280.8580885408236,10.79322018536546,180.5774747733501,44.877545967658094,79.63493620241036,4.61,0.02,-4.62,0.02,-2.43,1.01,gem,subduction_interface
603251399,2013-07-24T13:29:54,-70.779,-20.178,22.3,4.96,mw,174.0,60.0,93.0,348.0,30.0,85.0,44.56457025354641,272.1222507066551,5.179622188786075,177.0,44.96844173796522,81.80482394787134,3.05,-0.15,-2.9,0.09,-1.76,0.43,gem,subduction_interface
603304774,2013-08-05T05:40:56,-70.721,-20.158,22.8,5.32,mw,168.0,63.0,86.0,356.0,27.0,97.0,44.42641302655376,248.95346920372216,6.042018154981758,344.90847553659324,44.9387572759378,80.97134776264244,0.89,0.12,-1.01,0.17,-0.69,0.18,gem,subduction_interface
603501989,2013-09-29T23:06:59,-73.675,-37.42,20.3,5.32,mw,4.0,20.0,92.0,182.0,70.0,89.0,44.98858615351753,90.65496336518572,0.892423375554407,181.54713945388892,44.99751482803968,272.4395936725362,0.74,0.04,-0.77,-0.03,-0.93,-0.04,gem,subduction_interface
603501990,2013-09-29T23:23:16,-73.564,-37.475,21.7,5.55,mw,182.0,70.0,91.0,358.0,20.0,86.0,44.97843599498779,273.672451271458,1.2265815008650278,182.4465118889946,44.99530949750047,91.21985010958883,1.72,-0.02,-1.7,-0.09,-1.98,-0.0,gem,subduction_interface
603766421,2013-10-31T15:39:41,-70.979,-24.987,21.3,5.17,mw,164.0,67.0,85.0,356.0,24.0,101.0,44.34930399566355,244.68335453166225,6.605020698710158,341.1827139411477,44.8925842173935,77.80706873092413,5.45,-0.49,-4.96,1.66,-4.71,0.79,gem,subduction_interface
609095356,2013-10-31T23:04:00,-71.512,-30.33,35.8,6.49,mw,5.0,28.0,98.0,175.0,62.0,85.0,44.31681894986588,76.03029008698235,6.570898027144481,172.4882704310412,44.93283862667729,269.08725366543774,5.52,0.23,-5.75,0.55,-3.75,0.02,gem,subduction_interface
603778311,2013-11-07T17:01:07,-73.794,-37.583,22.0,5.18,mw,183.0,62.0,102.0,339.0,30.0,69.0,39.86661462270564,299.13553826436294,18.28357371901513,193.11805702163088,44.46685437641925,84.19439971038997,6.82,-1.37,-5.45,-1.4,-4.03,0.9,gem,subduction_interface
603833840,2013-12-07T09:23:51,-72.34,-33.935,19.9,5.05,mw,14.0,17.0,92.0,192.0,73.0,89.0,44.99323889643927,100.988391449524,0.7050072563306076,191.6932856949019,44.998086640009525,282.3982992373111,2.62,-0.18,-2.44,-0.81,-3.82,-0.56,gem,subduction_interface
603918274,2014-01-04T00:11:49,-70.639,-20.676,20.3,5.73,mw,174.0,66.0,91.0,352.0,24.0,88.0,44.9716610328198,265.97201027571964,1.3650757127006985,174.6078972930202,44.995822097223325,83.24263314108657,3.57,0.2,-3.77,0.34,-3.29,0.52,gem,subduction_interface
603928648,2014-01-06T03:59:02,-70.614,-20.733,26.8,5.16,mw,173.0,69.0,89.0,356.0,22.0,93.0,44.97702177632922,261.2622981700724,1.2561381525824709,352.517730776253,44.99544337857862,83.77397105892959,4.55,0.36,-4.91,0.7,-5.05,0.54,gem,subduction_interface
603941599,2014-01-08T04:22:10,-70.604,-20.775,22.8,5.67,mw,173.0,68.0,89.0,355.0,22.0,92.0,44.97544168456763,261.1911781834423,1.2887974693221882,352.47919701239306,44.99557330143676,83.76812143661084,2.66,0.26,-2.92,0.36,-2.89,0.33,gem,subduction_interface
604050151,2014-02-17T00:34:32,-71.982,-31.67,16.9,5.05,mw,25.0,30.0,116.0,175.0,63.0,76.0,38.74011720617695,57.41673942776544,20.43444221610542,164.80962440910366,44.22599242117748,276.0725501143927,3.97,-0.6,-3.37,0.99,-2.64,-0.69,gem,subduction_interface
604087265,2014-03-03T03:17:47,-72.065,-33.12,22.0,5.24,mw,2.0,24.0,96.0,176.0,67.0,87.0,44.80153946728374,80.23325434185051,3.618606855215078,173.83403488793442,44.97022372040861,267.4561085514242,0.7,-0.06,-0.64,0.07,-0.62,0.01,gem,subduction_interface
604162124,2014-03-15T14:46:28,-71.652,-34.726,47.7,5.18,mw,22.0,24.0,115.0,175.0,69.0,79.0,42.40372257785502,66.9048363578487,13.447259193072917,169.51766460289423,44.49416607940344,273.10459453712554,5.14,-0.15,-4.98,1.05,-5.28,-0.85,gem,subduction_interface
604162243,2014-03-17T01:34:57,-70.835,-19.933,22.3,5.16,mw,216.0,53.0,120.0,352.0,46.0,56.0,8.927290419660656,6.974244995548361,46.11335581148347,267.5751463092193,42.5040210089992,105.25136878568122,6.09,-0.39,-5.7,-3.57,0.12,-1.27,gem,subduction_interface
604162382,2014-03-17T05:11:35,-70.838,-20.033,17.8,6.38,mw,168.0,73.0,89.0,352.0,17.0,94.0,44.981900630144885,256.49434819314286,1.1534513966442557,347.6473046434796,44.99488177020285,78.80078371884667,2.51,0.1,-2.61,0.84,-3.78,0.52,gem,subduction_interface
604163364,2014-03-17T11:12:16,-70.847,-19.954,20.7,5.04,mw,169.0,65.0,90.0,348.0,25.0,89.0,45.00000000000001,259.0,3.1805546814635176e-15,169.0,45.00000000000001,79.0,3.48,-0.16,-3.32,0.55,-2.86,0.69,gem,subduction_interface
604173106,2014-03-18T14:35:58,-70.842,-20.149,21.6,5.11,mw,172.0,59.0,91.0,349.0,31.0,88.0,44.945291385023296,264.9195244165662,1.8250462621285457,173.09703648188497,44.996594920547125,81.2712807474756,5.05,0.04,-5.09,0.32,-2.68,0.86,gem,subduction_interface
604187018,2014-03-22T12:59:59,-70.896,-19.823,18.9,6.24,mw,167.0,70.0,90.0,346.0,20.0,90.0,45.00000000000001,257.0,1.5902773407317588e-15,347.0,45.000000000000014,77.0,1.79,0.05,-1.84,0.48,-2.1,0.47,gem,subduction_interface
604187020,2014-03-22T13:30:00,-70.869,-19.691,22.8,5.56,mw,170.0,64.0,91.0,349.0,26.0,88.0,44.96676741628983,262.170452341194,1.4596032006221171,170.71206841705464,44.996057400388,79.25219233612222,2.24,-0.15,-2.1,0.26,-1.65,0.38,gem,subduction_interface
604187043,2014-03-22T22:14:59,-70.903,-19.693,27.3,5.11,mw,169.0,63.0,90.0,350.0,27.0,90.0,45.00000000000001,259.0,1.2722218725854072e-14,349.0,45.000000000000014,79.0,4.66,0.03,-4.69,0.63,-3.31,0.91,gem,subduction_interface
609849569,2014-03-23T22:04:27,-70.719,-19.805,31.1,5.15,mw,154.0,71.0,94.0,322.0,20.0,79.0,44.6769976125312,250.4117528357017,4.794109317233369,155.65483748373936,44.92279324897974,60.85683594604279,3.65,-0.48,-3.17,2.22,-4.66,2.47,gem,subduction_interface
604187975,2014-03-24T11:26:39,-70.742,-19.84,21.9,5.75,mw,168.0,68.0,89.0,352.0,22.0,94.0,44.97544168456759,256.19117818344233,1.2887974693221749,347.4791970123931,44.99557330143678,78.76812143661084,3.4,0.23,-3.64,0.85,-3.73,0.75,gem,subduction_interface
604187977,2014-03-24T11:40:45,-70.822,-19.816,27.4,5.67,mw,171.0,70.0,90.0,353.0,20.0,91.0,45.00000000000001,261.0,3.1805546814635176e-15,351.0,45.000000000000014,81.0,2.57,0.05,-2.62,0.46,-3.02,0.38,gem,subduction_interface
604273280,2014-03-24T15:45:33,-70.708,-19.542,29.1,5.71,mw,166.0,69.0,90.0,347.0,21.0,90.0,45.00000000000001,256.0,1.113194138512231e-14,346.0,45.00000000000001,76.0,2.95,0.09,-3.04,0.81,-3.36,0.8,gem,subduction_interface
604273284,2014-03-24T18:43:13,-70.711,-19.607,31.3,5.06,mw,162.0,63.0,88.0,346.0,27.0,93.0,44.85532929357279,247.43700320038744,3.02904590359805,340.4549973240805,44.98468318602677,73.48666221310333,3.97,-0.35,-3.62,0.92,-2.62,1.04,gem,subduction_interface
604361304,2014-03-25T00:15:14,-70.791,-19.744,23.5,5.3,mw,158.0,66.0,90.0,338.0,24.0,90.0,45.000000000000014,248.0,1.2722218725854067e-14,158.0,45.000000000000014,68.0,0.78,-0.04,-0.74,0.27,-0.68,0.34,gem,subduction_interface
610102185,2014-04-01T23:46:48,-70.764,-19.594,25.0,8.12,mw,159.0,76.0,86.0,355.0,15.0,106.0,44.753150951329744,243.5338545094536,4.393427854993487,337.90237629387326,44.91061851857281,72.29502405303128,0.92,-0.04,-0.88,0.64,-1.53,0.2,gem,subduction_interface
609948307,2014-04-02T19:45:51,-70.553,-20.401,31.5,5.31,mw,1.0,27.0,98.0,173.0,63.0,86.0,44.42484276318493,73.0005522694895,6.060255384154161,168.9734048943127,44.93650364907836,265.05430354997645,0.96,-0.03,-0.93,0.13,-0.67,0.05,gem,subduction_interface
604399088,2014-04-03T01:58:32,-70.5,-20.328,33.7,6.59,mw,167.0,67.0,87.0,354.0,23.0,96.0,44.76392695001368,251.36375855884287,3.970895611518223,345.31150655400666,44.96130697972707,79.28659200054233,0.67,0.05,-0.71,0.16,-0.64,0.14,gem,subduction_interface
604399091,2014-04-03T02:43:16,-70.466,-20.628,30.0,7.73,mw,165.0,76.0,87.0,358.0,14.0,103.0,44.86091897873269,250.89204418778093,3.295819596854612,344.1773240659137,44.94970434924984,77.47281276045396,2.2,0.05,-2.24,1.22,-4.2,0.38,gem,subduction_interface
604399530,2014-04-03T05:26:16,-70.491,-20.756,32.2,6.5,mw,4.0,27.0,104.0,168.0,63.0,83.0,43.391958248109376,63.49069025990286,10.211633203600922,163.29596220713256,44.80640012317581,263.6030983702459,6.04,-0.77,-5.27,1.37,-4.03,0.21,gem,subduction_interface
604425840,2014-04-04T09:38:56,-70.978,-20.044,18.9,5.25,mw,167.0,66.0,90.0,347.0,24.0,90.0,44.99999999999999,257.0,1.90833280887811e-14,167.0,45.00000000000003,77.0,0.67,0.03,-0.7,0.14,-0.6,0.18,gem,subduction_interface
604440637,2014-04-05T00:33:57,-70.519,-20.125,33.0,5.09,mw,169.0,63.0,88.0,355.0,27.0,95.0,44.85532929357278,254.43700320038735,3.029045903598066,347.4549973240805,44.98468318602674,80.48666221310333,4.08,0.62,-4.7,0.66,-3.18,0.78,gem,subduction_interface
604440644,2014-04-05T02:22:39,-71.382,-32.704,42.4,5.59,mw,193.0,63.0,96.0,359.0,28.0,78.0,43.72793701129369,296.3782949583679,9.023339579843944,197.64108601401117,44.86229559347433,98.54790565176438,2.32,0.26,-2.57,-0.49,-1.65,-0.34,gem,subduction_interface
604440652,2014-04-05T05:44:56,-70.513,-20.146,29.5,5.27,mw,162.0,63.0,83.0,358.0,28.0,104.0,43.28443405183128,236.53194492983283,10.497513142302209,336.5825173064233,44.81264990441838,77.19038471342458,0.77,0.05,-0.82,0.22,-0.54,0.16,gem,subduction_interface
604441534,2014-04-05T14:04:51,-70.831,-20.374,18.7,4.97,mw,158.0,43.0,107.0,315.0,49.0,74.0,15.123324604811955,161.40558168891528,41.67548431467851,265.3265503104008,44.41703713174771,56.04973092738874,3.66,-1.23,-2.44,-0.92,-0.2,1.41,gem,subduction_interface
604441572,2014-04-06T14:06:10,-70.938,-20.427,20.3,5.32,mw,81.0,6.0,-167.0,338.0,89.0,-84.0,44.71609993379009,62.38228281242334,5.852103801237278,158.20693928572518,44.68823993530284,254.02591418589887,-0.09,0.15,-0.05,0.43,-1.1,-0.08,gem,subduction_interface
604447891,2014-04-08T05:20:22,-70.811,-19.868,28.0,4.96,mw,164.0,62.0,90.0,344.0,28.0,90.0,45.000000000000014,254.0,1.590277340731758e-15,344.0,45.00000000000001,74.0,2.89,-0.33,-2.56,0.53,-1.86,0.7,gem,subduction_interface
609948516,2014-04-09T04:32:56,-70.976,-19.915,19.6,5.02,mw,172.0,64.0,96.0,340.0,27.0,79.0,43.83067813734024,274.7266809287792,8.699471032027505,176.27990384594295,44.85823677793216,77.52217281785249,3.38,-0.26,-3.12,0.15,-2.56,0.76,gem,subduction_interface
604451348,2014-04-10T17:49:11,-70.952,-20.01,21.1,5.11,mw,175.0,67.0,101.0,327.0,25.0,65.0,41.98714305031915,284.56294466579067,14.3620848269515,181.23964671486743,44.481969065452,76.67558147889588,4.05,-0.13,-3.91,-0.03,-4.08,1.44,gem,subduction_interface
604453082,2014-04-13T12:11:31,-70.661,-20.586,21.8,5.42,mw,162.0,69.0,87.0,350.0,21.0,97.0,44.79386981715543,246.80564367891628,3.765581902390881,340.5522897260053,44.959003674383645,74.32062620167449,1.13,-0.04,-1.09,0.41,-1.21,0.28,gem,subduction_interface
609948647,2014-04-14T05:56:18,-70.72,-20.758,18.9,5.29,mw,170.0,69.0,88.0,356.0,21.0,95.0,44.908199745427154,256.52930015785785,2.51156749401256,349.0352359913434,44.98177572668943,81.54762019893963,0.7,0.04,-0.74,0.15,-0.77,0.11,gem,subduction_interface
609948678,2014-04-15T16:09:35,-70.781,-20.198,19.5,5.29,mw,173.0,64.0,95.0,343.0,26.0,81.0,44.182194423750886,273.6811714113774,7.264663999809018,176.56462262760306,44.901516219876825,79.26612058329283,0.81,0.02,-0.83,0.04,-0.66,0.18,gem,subduction_interface
609948680,2014-04-15T16:21:18,-70.761,-20.176,23.3,5.1,mw,76.0,36.0,73.0,276.0,55.0,102.0,35.476871920188835,223.5529691702396,24.41854534917688,114.67424511843204,44.556903448317975,358.12018342935835,5.32,-5.28,-0.03,-1.87,0.94,-0.36,gem,subduction_interface
609948684,2014-04-15T18:59:41,-70.851,-20.137,21.2,5.09,mw,174.0,60.0,95.0,343.0,30.0,81.0,43.810690816118246,277.3267264922664,8.584449355066985,179.0,44.912381320340245,80.34426013896615,4.74,-0.14,-4.6,0.04,-2.77,0.97,gem,subduction_interface
609948759,2014-04-19T20:54:44,-70.913,-20.002,21.8,5.84,mw,171.0,64.0,96.0,339.0,26.0,79.0,43.83067813734024,273.7266809287792,8.699471032027503,175.27990384594284,44.85823677793216,76.52217281785244,5.96,-0.82,-5.13,0.31,-4.49,1.32,gem,subduction_interface
604466094,2014-04-21T13:39:06,-70.925,-19.721,20.9,5.28,mw,166.0,66.0,89.0,349.0,24.0,93.0,44.97166103281979,254.0279897242803,1.3650757127007034,345.3921027069798,44.99582209722333,76.75736685891343,0.76,-0.01,-0.75,0.18,-0.69,0.17,gem,subduction_interface
609948855,2014-04-24T10:26:48,-70.991,-19.928,20.2,5.15,mw,170.0,62.0,91.0,347.0,28.0,88.0,44.96023948912101,262.4165450267996,1.5785590920732846,170.83957723641936,44.9962805349353,79.26062375886761,5.54,-0.3,-5.23,0.6,-3.69,1.05,gem,subduction_interface
609949031,2014-05-04T04:46:47,-70.94,-20.025,19.3,5.08,mw,166.0,66.0,91.0,344.0,24.0,88.0,44.9716610328198,257.9720102757197,1.3650757127007018,166.6078972930202,44.99582209722333,75.24263314108657,3.91,-0.2,-3.7,0.81,-3.4,1.0,gem,subduction_interface
604514203,2014-05-05T11:21:19,-70.693,-20.195,24.3,5.42,mw,173.0,60.0,89.0,354.0,30.0,91.0,44.95120054951796,260.27072235123205,1.7314356299743916,352.0,44.99649266147697,83.73201462140298,1.45,0.0,-1.46,0.11,-0.83,0.17,gem,subduction_interface
610145713,2014-05-14T05:51:48,-70.964,-19.69,17.8,5.28,mw,164.0,67.0,95.0,332.0,23.0,78.0,44.349303995663554,263.3166454683377,6.605020698710167,166.81728605885235,44.89258421739349,70.19293126907587,0.74,-0.08,-0.66,0.16,-0.71,0.28,gem,subduction_interface
604657172,2014-05-27T09:04:07,-73.522,-35.983,15.0,5.28,mw,19.0,13.0,98.0,191.0,77.0,88.0,44.950381499894576,98.3478082155404,1.991567412379636,190.33712993448177,44.9804206436776,282.3285395203922,0.46,-0.02,-0.44,-0.16,-0.91,-0.12,gem,subduction_interface
604699557,2014-06-04T17:04:28,-70.76,-20.678,21.7,5.12,mw,168.0,64.0,90.0,347.0,26.0,89.0,45.00000000000001,258.0,1.5902773407317588e-15,168.0,45.000000000000014,78.0,4.39,0.27,-4.66,0.72,-3.62,1.1,gem,subduction_interface
604747267,2014-06-19T09:38:38,-70.813,-19.92,21.6,5.78,mw,170.0,66.0,90.0,349.0,24.0,89.0,45.000000000000014,260.0,9.54166404439055e-15,350.0,45.00000000000001,80.0,4.1,0.22,-4.33,0.68,-3.89,0.88,gem,subduction_interface
604747577,2014-06-19T19:54:06,-70.811,-19.795,23.0,5.8,mw,169.0,68.0,90.0,351.0,22.0,91.0,45.00000000000001,259.0,7.951386703658792e-15,349.0,45.00000000000001,79.0,4.0,0.44,-4.45,0.84,-4.43,0.89,gem,subduction_interface
604753709,2014-06-20T19:53:33,-70.898,-19.76,20.7,5.54,mw,164.0,66.0,88.0,349.0,24.0,94.0,44.88682791018923,250.0626775344884,2.728973387372084,342.78397185539,44.98329022329576,75.51445165179734,1.84,0.01,-1.84,0.51,-1.67,0.47,gem,subduction_interface
604753712,2014-06-20T20:22:28,-70.953,-19.778,18.4,5.84,mw,171.0,70.0,92.0,344.0,21.0,84.0,44.91384094364653,264.34067818320284,2.4525628342942136,171.89324165721575,44.981240349673925,79.44003677769979,4.64,0.11,-4.75,0.76,-5.48,1.08,gem,subduction_interface
610571173,2014-07-13T20:54:15,-70.281,-20.219,40.0,5.56,mw,140.0,63.0,80.0,341.0,29.0,108.0,41.61839805329111,208.63575494186696,14.833878743925707,312.24457245514515,44.61829679013929,57.39407716753959,2.22,-0.49,-1.73,1.17,-1.08,1.04,gem,subduction_interface
604850258,2014-07-18T05:24:11,-70.847,-20.182,22.4,5.05,mw,167.0,60.0,89.0,349.0,30.0,92.0,44.95120054951796,254.27072235123205,1.7314356299743872,346.0,44.99649266147696,77.73201462140298,4.14,-0.29,-3.85,0.57,-2.26,0.8,gem,subduction_interface
604852075,2014-07-21T00:21:29,-70.506,-20.143,35.8,5.08,mw,11.0,33.0,103.0,175.0,58.0,81.0,41.07379630244179,61.46380218021636,15.59598890333923,165.54374703976328,44.77249087907238,271.62030784259525,4.7,-0.1,-4.6,0.64,-2.14,-0.23,gem,subduction_interface
605099377,2014-07-26T07:31:45,-72.173,-30.332,14.6,4.97,mw,168.0,62.0,86.0,357.0,28.0,97.0,44.37170207188184,248.4498749040618,6.289888742861295,344.64018157652845,44.94051752992846,80.95513886771556,3.06,-0.32,-2.74,0.53,-1.92,0.3,gem,subduction_interface
610571848,2014-08-14T00:02:55,-69.992,-20.137,50.2,5.3,mw,1.0,32.0,108.0,160.0,60.0,79.0,39.6786449719486,42.83391561057181,18.393908505375897,148.84770937322742,44.58581544307944,257.9808440738088,0.83,0.26,-1.09,0.22,-0.49,0.27,gem,subduction_interface
610572067,2014-08-23T22:32:24,-71.436,-32.714,42.0,6.42,mw,5.0,26.0,92.0,183.0,64.0,89.0,44.9684413202232,90.6601972590554,1.4225041558521745,182.08157305186185,44.996248876395725,273.5043294807831,4.07,0.32,-4.39,-0.18,-3.4,-0.36,gem,subduction_interface
605416963,2014-09-28T08:46:33,-73.282,-35.626,20.2,5.28,mw,21.0,19.0,106.0,185.0,72.0,85.0,44.43477632192016,85.70786760258784,6.391867222260802,182.0137019391748,44.855068510135965,278.4131255920309,0.61,0.0,-0.61,-0.04,-0.83,-0.15,gem,subduction_interface
610572940,2014-10-07T12:33:24,-70.965,-20.001,20.2,5.24,mw,168.0,64.0,93.0,342.0,27.0,84.0,44.70249073562916,264.47655882049827,4.372102577590654,170.13706096096485,44.96452636349904,75.75761033637036,0.73,-0.04,-0.69,0.09,-0.55,0.18,gem,subduction_interface
605604325,2014-10-23T23:38:52,-72.397,-33.993,17.2,5.25,mw,3.0,13.0,97.0,176.0,77.0,88.0,44.96188561097242,83.67469404273788,1.7448023258769854,175.417984348765,44.984997127690434,267.1626820469472,0.43,-0.02,-0.41,0.06,-0.84,0.0,gem,subduction_interface
605617597,2014-10-25T17:05:18,-72.318,-34.019,24.2,5.0,mw,29.0,27.0,112.0,184.0,65.0,79.0,41.67678668266179,73.81046595257197,14.901956695539395,177.51454832915124,44.526530457104094,282.68869966457294,3.35,-0.82,-2.53,0.32,-2.55,-0.73,gem,subduction_interface
610574036,2014-11-22T06:50:55,-71.034,-20.059,21.1,5.08,mw,173.0,63.0,96.0,341.0,27.0,79.0,43.72793701129369,276.37829495836786,9.023339579843912,177.64108601401108,44.86229559347437,78.54790565176432,4.17,-0.1,-4.07,0.13,-3.07,0.94,gem,subduction_interface
610574520,2014-12-12T12:35:30,-70.863,-19.898,20.8,5.19,mw,168.0,66.0,93.0,340.0,24.0,83.0,44.74604776134749,263.8893577901688,4.090521306140711,169.82462636703983,44.96240987595228,75.72902712653433,5.41,0.01,-5.42,0.98,-5.03,1.67,gem,subduction_interface
606586145,2015-01-18T03:59:58,-71.835,-32.662,25.0,5.16,mw,18.0,17.0,128.0,158.0,77.0,80.0,43.33962258148118,54.83775823396781,11.567330102610905,155.97411847474552,44.35564470293456,257.51831378258703,3.11,0.1,-3.2,2.58,-5.47,-0.06,gem,subduction_interface
606597540,2015-01-27T05:27:47,-73.631,-36.82,17.6,4.98,mw,10.0,21.0,90.0,190.0,69.0,90.0,44.99999999999999,100.0,3.1805546814635176e-15,190.0,45.00000000000001,280.0,2.53,-0.27,-2.26,-0.49,-2.7,-0.37,gem,subduction_interface
606760430,2015-03-02T16:53:45,-71.091,-27.859,31.7,5.29,mw,26.0,33.0,121.0,170.0,62.0,72.0,34.366649602165204,44.69113451719176,26.80918767969553,154.90834114835206,43.73536957738089,273.8231287833703,0.74,0.29,-1.04,0.15,-0.54,-0.14,gem,subduction_interface
606855453,2015-03-18T19:07:49,-73.638,-36.123,14.7,5.4,mw,2.0,22.0,82.0,190.0,68.0,93.0,44.75050432511389,106.36163994329156,4.119136228023711,12.267689736815612,44.95386738561224,278.14452364793846,1.07,0.05,-1.12,-0.23,-1.12,-0.13,gem,subduction_interface
606855735,2015-03-19T08:34:19,-73.846,-36.087,14.2,5.02,mw,187.0,65.0,93.0,359.0,25.0,83.0,44.72573323092372,283.16813813608456,4.223585557190317,188.9734556211131,44.96348249291112,94.74375252813807,3.18,0.16,-3.35,-0.41,-2.65,-0.21,gem,subduction_interface
610587075,2015-03-24T22:46:52,-70.732,-20.676,23.0,5.14,mw,173.0,61.0,93.0,346.0,29.0,84.0,44.60796054019801,270.63395358018,4.938012344743875,175.74503222108342,44.967499389814094,80.79421164354795,5.27,0.2,-5.47,0.25,-3.46,1.04,gem,subduction_interface
607244002,2015-05-14T15:08:03,-71.582,-28.712,15.0,5.23,mw,24.0,12.0,108.0,185.0,78.0,86.0,44.80714218681612,90.83939465791758,3.995155963416909,184.8173844796442,44.914730690794585,278.81036633709743,3.49,0.05,-3.54,-0.62,-8.16,-0.94,gem,subduction_interface
610634746,2015-05-22T19:39:35,-70.69,-20.171,28.5,5.3,mw,175.0,64.0,93.0,349.0,26.0,84.0,44.70249073562916,271.47655882049827,4.372102577590646,177.13706096096485,44.96452636349904,82.75761033637036,0.85,0.08,-0.92,0.04,-0.68,0.14,gem,subduction_interface
607304048,2015-06-20T02:10:07,-73.663,-36.34,15.0,6.41,mw,9.0,18.0,84.0,196.0,72.0,92.0,44.92805109527946,108.32134551912014,2.2816440818390182,16.043620868084417,44.98113675586819,283.76166935214803,2.94,0.06,-3.0,-1.19,-4.1,-0.71,gem,subduction_interface
610635349,2015-06-20T05:22:19,-73.789,-36.321,15.0,5.41,mw,11.0,18.0,93.0,188.0,72.0,89.0,44.98185795093345,96.33039094540248,1.1446235280198946,187.4745180752385,44.99527843123438,278.6191813833893,0.95,0.02,-0.96,-0.17,-1.29,-0.17,gem,subduction_interface
610635901,2015-07-16T10:48:06,-71.783,-29.539,15.0,5.19,mw,8.0,45.0,-119.0,225.0,52.0,-65.0,43.202881153681375,298.0895126039716,44.99999999999999,98.0,10.197709704938523,198.36318565142935,-0.72,0.15,0.57,0.32,-0.05,0.26,gem,subduction_interface
611836223,2015-07-17T11:11:23,-73.164,-35.506,21.5,5.32,mw,24.0,19.0,109.0,184.0,72.0,83.0,44.22969912559368,84.1983994585479,7.490287170105378,181.55193919399727,44.79656545020828,279.05329627255435,0.68,0.04,-0.71,-0.04,-0.95,-0.19,gem,subduction_interface
607506869,2015-07-24T23:14:38,-70.275,-20.27,36.9,5.26,mw,165.0,61.0,97.0,330.0,30.0,77.0,42.94180464429245,272.2112078179062,11.38629756210602,171.4093073833635,44.82327514825259,69.86369379788835,0.72,0.09,-0.81,0.12,-0.5,0.41,gem,subduction_interface
607649017,2015-08-12T00:14:39,-71.526,-31.706,32.7,5.5,mw,172.0,63.0,93.0,345.0,27.0,83.0,44.67569374257563,268.8194600670761,4.538532088807626,174.31797869391391,44.965542921933256,79.7706247817041,1.78,0.07,-1.84,0.12,-1.31,0.39,gem,subduction_interface
607677064,2015-08-23T23:10:04,-71.322,-29.743,43.9,5.7,mw,17.0,38.0,81.0,208.0,52.0,97.0,38.56599670703168,150.88449046368692,19.70793631039441,44.28942157611493,44.86430843915203,293.4030695350535,3.94,-0.1,-3.85,-0.72,-0.88,-1.94,gem,subduction_interface
610637480,2015-09-15T21:21:21,-70.844,-19.995,20.4,5.11,mw,174.0,65.0,100.0,332.0,27.0,70.0,42.10594618452063,283.5094634988748,13.872234685190556,180.61283621961945,44.59554638847046,76.51971707141172,4.3,-0.04,-4.26,-0.03,-3.62,1.37,gem,subduction_interface
611531714,2015-09-16T22:54:33,-71.605,-31.687,29.6,8.27,mw,7.0,19.0,109.0,166.0,72.0,83.0,44.2296991255937,67.1983994585479,7.490287170105378,164.5519391939972,44.79656545020826,262.05329627255435,1.95,-0.04,-1.91,0.74,-2.48,0.09,gem,subduction_interface
610637518,2015-09-16T23:18:42,-71.584,-31.549,35.7,7.1,mw,173.0,60.0,92.0,349.0,30.0,87.0,44.80543428140374,268.44202557570844,3.459189066268189,175.0,44.98597194390965,81.53618780127192,5.13,-0.64,-4.49,0.27,-2.85,0.64,gem,subduction_interface
607743131,2015-09-17T04:10:28,-71.731,-31.524,25.0,6.76,mw,170.0,60.0,88.0,355.0,30.0,94.0,44.80543428140373,254.55797442429147,3.4591890662682205,348.0,44.98597194390963,81.46381219872808,1.61,-0.24,-1.37,0.2,-0.86,0.15,gem,subduction_interface
607743707,2015-09-17T13:32:27,-72.076,-32.122,17.5,5.93,mw,181.0,68.0,91.0,357.0,22.0,87.0,44.97544168456762,272.80882181655767,1.2887974693221813,181.5208029876069,44.99557330143678,90.23187856338916,0.7,-0.03,-0.66,-0.02,-0.7,0.01,gem,subduction_interface
607744035,2015-09-17T20:40:33,-71.777,-29.978,22.3,5.27,mw,162.0,61.0,82.0,357.0,30.0,103.0,42.34669828210118,232.56928356403637,12.956329715749938,334.67326660521707,44.76928436084494,77.86557120811432,0.84,0.01,-0.84,0.22,-0.48,0.17,gem,subduction_interface
607744042,2015-09-17T22:39:20,-71.785,-31.013,27.5,5.08,mw,17.0,72.0,-105.0,237.0,23.0,-52.0,43.8925421983004,298.7022388260433,17.39870791603828,191.15626879913427,40.97095254751167,85.36595137958864,-3.5,1.81,1.68,-0.41,-4.12,1.32,gem,subduction_interface
610637591,2015-09-18T08:18:18,-72.375,-32.247,15.0,5.45,mw,173.0,70.0,92.0,348.0,20.0,85.0,44.91384094364653,266.34067818320284,2.452562834294206,173.89324165721575,44.98124034967391,81.44003677769985,1.26,-0.08,-1.18,0.15,-1.45,0.19,gem,subduction_interface
607745130,2015-09-18T09:10:45,-72.107,-32.296,13.4,6.1,mw,177.0,67.0,94.0,347.0,24.0,81.0,44.5817409073608,274.48781014648915,5.289919130605591,179.25241957408866,44.93123057720645,83.95258320547504,1.26,0.04,-1.3,0.01,-1.21,0.18,gem,subduction_interface
610094184,2015-09-18T22:12:16,-72.149,-30.376,15.0,5.11,mw,177.0,66.0,90.0,356.0,24.0,89.0,45.00000000000001,267.0,6.3611093629270335e-15,357.0,45.00000000000001,87.0,4.39,-0.16,-4.23,0.2,-3.98,0.25,gem,subduction_interface
607770404,2015-09-19T08:31:27,-72.048,-30.199,13.5,5.38,mw,0.0,24.0,91.0,180.0,66.0,90.0,44.99438240759443,88.02720769777255,0.6077247631980968,178.6348474808134,44.99917182025873,269.242588862616,1.11,0.02,-1.14,0.01,-0.99,-0.0,gem,subduction_interface
610433486,2015-09-19T09:07:08,-71.577,-31.123,31.8,5.78,mw,171.0,61.0,89.0,353.0,29.0,92.0,44.95610987538856,258.4369752387002,1.649978201634904,350.0851103611925,44.99638790738808,81.73556498169842,4.95,0.15,-5.11,0.54,-3.12,0.76,gem,subduction_interface
607776793,2015-09-20T03:02:01,-71.391,-30.826,45.0,5.13,mw,178.0,58.0,100.0,340.0,33.0,75.0,39.55851572303698,296.02949780940526,18.449614109979503,190.03255953834585,44.67043568137875,80.77581744759578,5.42,0.16,-5.58,-0.39,-2.73,1.14,gem,subduction_interface
607776798,2015-09-20T09:02:34,-72.063,-30.304,17.4,5.08,mw,7.0,22.0,77.0,201.0,69.0,95.0,44.37041243138622,120.04432775742912,6.573435311745021,23.57166872696638,44.87868192777732,286.9826267922772,3.66,-0.32,-3.35,-1.55,-3.58,-0.75,gem,subduction_interface
611836705,2015-09-21T05:39:34,-71.552,-31.613,31.2,6.1,mw,2.0,28.0,101.0,170.0,63.0,84.0,43.76497049330023,66.34408855509207,8.867217467846137,164.93768962707475,44.87325829802253,263.87310308399987,1.41,0.07,-1.48,0.25,-1.01,0.11,gem,subduction_interface
607860433,2015-09-21T17:40:00,-71.476,-31.719,39.0,6.59,mw,1.0,28.0,92.0,178.0,62.0,89.0,44.95514942423377,86.16912348335234,1.6767599118507597,177.84397695616622,44.99579421707536,269.52120902889465,0.79,0.02,-0.8,0.02,-0.54,0.0,gem,subduction_interface
610433566,2015-09-21T18:36:53,-71.694,-31.044,32.8,5.79,mw,171.0,58.0,92.0,347.0,32.0,87.0,44.75338013992346,267.2541547673187,3.861358726939412,173.417221310704,44.98678036898308,79.54885188542164,5.86,-0.85,-5.0,0.3,-2.66,0.84,gem,subduction_interface
607779466,2015-09-21T19:56:09,-71.674,-31.757,35.0,5.73,mw,162.0,60.0,88.0,345.0,30.0,93.0,44.80543428140371,246.5579744242915,3.4591890662681952,340.0,44.98597194390965,73.46381219872808,4.34,-0.46,-3.88,0.87,-2.32,1.11,gem,subduction_interface
607831496,2015-09-25T20:30:58,-72.071,-30.567,15.0,5.0,mw,181.0,62.0,98.0,344.0,30.0,75.0,42.58085340362667,289.4133353560783,12.428221872070043,187.7292931291093,44.762438849720496,85.10478128515996,3.16,0.33,-3.49,-0.24,-2.15,0.49,gem,subduction_interface
607852697,2015-10-03T06:03:44,-73.547,-37.486,23.2,5.73,mw,4.0,19.0,93.0,181.0,72.0,89.0,44.97840712079316,89.16449633366284,1.2379514340171198,180.40180373034207,44.99484945374324,271.6398215887315,2.91,0.04,-2.95,-0.01,-3.89,-0.12,gem,subduction_interface
610433794,2015-10-04T03:49:49,-72.087,-30.287,10.0,5.38,mw,173.0,64.0,88.0,358.0,26.0,94.0,44.867334883747205,258.6678414056355,2.9175267585392657,351.5756492696232,44.98423122899153,84.49535687455028,1.14,0.05,-1.19,0.13,-0.92,0.1,gem,subduction_interface
607858505,2015-10-06T04:51:45,-72.152,-30.338,17.9,4.97,mw,181.0,57.0,100.0,342.0,34.0,75.0,38.898181466847966,300.8735886339227,19.486224246682276,194.2848018912989,44.68014913769549,83.80242716922453,3.22,0.06,-3.28,-0.35,-1.5,0.51,gem,subduction_interface
607861151,2015-10-09T18:27:35,-71.686,-31.724,32.8,5.44,mw,179.0,66.0,97.0,342.0,25.0,75.0,43.64621752355613,282.4434005219279,9.49034566542318,183.26839231727507,44.79564070490691,83.71415738000496,1.35,0.06,-1.4,-0.06,-1.21,0.24,gem,subduction_interface
610433906,2015-10-12T03:15:19,-71.741,-31.181,30.0,5.55,mw,167.0,62.0,86.0,355.0,28.0,97.0,44.37170207188183,247.4498749040619,6.289888742861266,343.64018157652845,44.94051752992847,79.95513886771556,2.17,0.09,-2.26,0.41,-1.44,0.39,gem,subduction_interface
607927912,2015-10-24T21:24:44,-71.465,-31.423,42.5,5.03,mw,174.0,57.0,97.0,341.0,33.0,79.0,41.784394104858144,286.2363355797006,14.026619259724722,183.33670565594852,44.84304470055044,78.9505078006627,3.64,0.53,-4.17,-0.01,-1.84,1.04,gem,subduction_interface
607983829,2015-10-28T09:07:59,-70.642,-23.127,26.0,4.99,mw,8.0,32.0,106.0,170.0,59.0,81.0,40.48798446972434,53.98455350903106,16.86284534505803,158.9819281330632,44.672088005874464,266.41942369867115,3.32,0.11,-3.43,0.63,-1.75,0.07,gem,subduction_interface
610459370,2015-11-06T08:44:08,-72.148,-30.149,12.5,5.31,mw,6.0,25.0,97.0,178.0,65.0,87.0,44.682910852001456,81.66612094657711,4.548007143601988,176.17819808761942,44.9568298983978,270.7337168915557,0.89,0.01,-0.9,0.06,-0.76,-0.03,gem,subduction_interface
608022996,2015-11-07T07:31:42,-71.434,-30.89,43.4,6.71,mw,171.0,58.0,86.0,359.0,33.0,97.0,44.03019482142278,248.68087131876885,7.676953860384176,346.1682672803934,44.94714013119246,83.90070781044938,1.29,0.08,-1.37,0.15,-0.61,0.14,gem,subduction_interface
610459631,2015-11-24T09:14:16,-72.158,-31.791,17.4,5.01,mw,179.0,63.0,90.0,359.0,27.0,90.0,44.99999999999999,269.0,4.174478019420867e-15,359.0,44.99999999999999,89.0,3.45,-0.27,-3.18,0.04,-2.39,0.05,gem,subduction_interface
612297589,2015-11-28T05:44:39,-72.17,-30.392,10.0,5.64,mw,0.0,22.0,95.0,175.0,68.0,88.0,44.90084679218203,80.98015839779794,2.592240760258405,173.56608452376747,44.98195190737452,266.15934706607374,2.49,0.11,-2.6,0.25,-2.58,0.11,gem,subduction_interface
612128476,2015-12-26T17:58:09,-72.123,-31.693,20.0,5.17,mw,168.0,63.0,102.0,323.0,29.0,67.0,40.26689087688786,282.9474998542431,17.638162349920172,177.32326936771528,44.45114042128005,69.14841569394486,5.58,-0.75,-4.83,0.18,-4.18,2.36,gem,subduction_interface
608160945,2016-01-07T15:40:45,-73.908,-41.698,36.9,5.11,mw,13.0,24.0,98.0,184.0,66.0,86.0,44.6523895641952,87.38379392395166,4.79579597290317,182.13829907274717,44.94711868599847,276.9420873522696,4.35,-0.06,-4.29,-0.16,-3.97,-0.68,gem,subduction_interface
608162916,2016-01-08T01:12:00,-71.599,-30.675,30.5,5.73,mw,1.0,29.0,97.0,174.0,62.0,86.0,44.36809458688411,73.36166183511955,6.282648872244795,169.54397597726074,44.94570009468947,265.8527219726119,4.07,0.2,-4.28,0.43,-2.7,0.21,gem,subduction_interface
608338110,2016-02-19T05:33:08,-71.652,-30.602,31.4,5.05,mw,179.0,59.0,91.0,358.0,31.0,89.0,44.9452913850233,271.9195244165662,1.825046262128536,180.09703648188494,44.996594920547125,88.2712807474756,4.21,-0.17,-4.04,0.02,-2.18,0.12,gem,subduction_interface
608485014,2016-03-16T03:49:32,-71.807,-31.248,24.5,5.39,mw,178.0,65.0,92.0,353.0,25.0,85.0,44.87773984302522,272.12470472642104,2.8180572751168897,179.31525785923282,44.98376712090915,86.49538538290358,1.1,0.08,-1.19,0.01,-0.97,0.1,gem,subduction_interface
608540955,2016-04-06T17:35:37,-71.849,-31.481,27.4,5.36,mw,5.0,27.0,95.0,178.0,63.0,87.0,44.76887688764919,83.63536423054018,3.8323755366217966,177.44543222389768,44.97516436347639,271.28307617485825,1.07,0.14,-1.21,0.04,-0.81,-0.03,gem,subduction_interface
608557428,2016-04-18T11:38:38,-71.317,-31.73,50.7,5.23,mw,175.0,61.0,94.0,347.0,29.0,83.0,44.3075764569265,275.11567381678003,6.570214349833232,178.66046661864743,44.942233912403054,82.0600051781978,0.69,0.06,-0.75,0.02,-0.47,0.12,gem,subduction_interface
611829748,2016-05-11T13:11:34,-71.749,-30.688,29.2,5.4,mw,3.0,27.0,101.0,171.0,64.0,85.0,43.95543443289901,68.60049344334101,8.194983257519514,166.58210368370453,44.880181016984935,264.8274217599895,1.19,0.12,-1.31,0.21,-0.93,0.1,gem,subduction_interface
609060197,2016-06-22T03:54:39,-71.64,-30.584,26.6,5.14,mw,1.0,28.0,97.0,173.0,62.0,86.0,44.47057619360245,74.32647470452542,5.778641935544193,170.02801830727037,44.94855448209506,265.8258199659085,5.3,0.11,-5.41,0.63,-3.53,0.27,gem,subduction_interface
609169294,2016-07-18T02:58:50,-71.712,-30.772,28.0,5.15,mw,3.0,13.0,115.0,157.0,78.0,84.0,44.57038471891411,60.29337215145517,5.946250716898312,156.1825985433203,44.81469853854691,252.12244775645536,2.43,0.41,-2.84,2.45,-5.62,0.73,gem,subduction_interface
609387430,2016-08-30T08:09:10,-72.45,-34.903,25.0,5.43,mw,20.0,20.0,98.0,191.0,70.0,87.0,44.82141569040517,96.69528798410272,3.538428291378692,190.21842412218007,44.96033730327875,283.7587083393908,1.04,0.1,-1.14,-0.25,-1.34,-0.36,gem,subduction_interface
609570780,2016-10-01T10:25:57,-72.037,-29.637,10.0,5.0,mw,173.0,54.0,93.0,349.0,36.0,86.0,43.9776693272365,276.262985778156,7.774448801716347,178.69275260466816,44.9736592164838,80.85298509873132,3.99,-0.55,-3.44,0.01,-1.26,0.48,gem,subduction_interface
609617989,2016-10-25T07:18:21,-70.898,-26.733,24.4,5.14,mw,165.0,64.0,88.0,350.0,26.0,94.0,44.867334883747205,250.6678414056355,2.917526758539261,343.5756492696232,44.984231228991526,76.49535687455028,4.9,-0.02,-4.88,1.13,-3.84,1.17,gem,subduction_interface
611830890,2016-10-27T20:32:56,-72.508,-33.793,10.0,5.97,mw,11.0,17.0,90.0,190.0,73.0,90.0,44.99999999999999,101.0,6.361109362927035e-15,191.0,45.000000000000014,281.0,0.65,-0.0,-0.64,-0.17,-0.93,-0.12,gem,subduction_interface
609624973,2016-10-29T22:01:38,-72.565,-33.859,10.3,5.12,mw,14.0,19.0,100.0,183.0,71.0,86.0,44.76742376965611,88.0000678468399,4.076699110401719,182.0540235710131,44.942998229685344,276.13294350125534,3.88,-0.23,-3.64,-0.14,-4.8,-0.56,gem,subduction_interface
609632165,2016-10-31T11:15:46,-72.499,-33.726,10.2,5.04,mw,8.0,35.0,85.0,194.0,55.0,94.0,43.87903650982189,117.77181962980814,8.171923485284394,19.83447243516161,44.963022646783145,281.588862228351,4.49,-0.41,-4.08,-0.58,-1.48,-0.75,gem,subduction_interface
615021020,2016-11-08T04:55:45,-73.444,-36.586,20.0,5.97,mw,8.0,17.0,95.0,182.0,73.0,88.0,44.95800326812244,90.48069135953187,1.7583235094551706,182.23726566586836,44.98805328229331,273.99568406549906,0.63,0.02,-0.65,-0.03,-0.95,-0.06,gem,subduction_interface
609916647,2016-12-16T23:11:41,-71.699,-30.441,28.4,5.17,mw,163.0,59.0,95.0,334.0,31.0,82.0,43.67168628836376,267.21374167012414,9.034805965638643,168.48246856443757,44.91493441654089,69.36055129089345,6.17,-0.59,-5.58,0.71,-3.25,2.3,gem,subduction_interface
609939179,2016-12-25T14:22:27,-73.941,-43.438,38.2,7.57,mw,4.0,19.0,96.0,178.0,71.0,88.0,44.91442677063294,84.35037567550808,2.466935099530404,176.81223130624448,44.97942201724708,269.27968210872285,1.75,-0.03,-1.73,0.11,-2.24,-0.03,gem,subduction_interface
610570390,2017-01-03T21:19:09,-74.309,-43.364,23.8,5.44,mw,172.0,68.0,103.0,320.0,26.0,61.0,41.13167790361327,283.8084109415684,16.459615199755323,178.85564800468978,44.25671765739722,72.12461818299545,1.13,0.08,-1.21,0.11,-1.26,0.63,gem,subduction_interface
610145104,2017-01-28T01:27:28,-70.055,-19.938,49.5,5.02,mw,156.0,57.0,79.0,355.0,35.0,106.0,37.81896320049243,213.88833570726413,21.200216204976364,321.4105348024366,44.61321136743448,73.91012861083857,3.44,0.49,-3.93,0.88,-1.37,1.27,gem,subduction_interface
611831828,2017-02-16T07:02:05,-72.059,-30.185,13.8,5.3,mw,178.0,63.0,90.0,359.0,27.0,91.0,45.000000000000014,268.0,7.553817368475852e-15,358.0,44.99999999999999,88.0,0.9,0.0,-0.9,0.03,-0.67,0.02,gem,subduction_interface
610241380,2017-02-26T08:59:16,-71.424,-28.943,30.5,5.14,mw,16.0,31.0,111.0,173.0,61.0,78.0,39.40984455933335,54.51349126323612,19.02707063280078,160.974770948956,44.4649948010437,270.75878075641435,5.25,0.23,-5.48,1.03,-3.23,-0.47,gem,subduction_interface
610316873,2017-03-10T06:22:20,-72.029,-30.578,14.1,5.16,mw,2.0,24.0,93.0,179.0,66.0,89.0,44.9496600411755,86.08971299272366,1.8199767432140104,177.90741066309158,44.99254856505868,269.7278325496342,5.26,-0.02,-5.24,0.18,-4.58,-0.03,gem,subduction_interface
610527238,2017-04-13T03:42:52,-71.466,-30.979,42.3,5.38,mw,143.0,58.0,69.0,358.0,38.0,119.0,27.484167542031177,187.594085870857,33.96469795909304,298.10733028892906,43.56063764870465,67.94320256036343,1.2,0.08,-1.28,0.52,-0.33,0.59,gem,subduction_interface
610547532,2017-04-23T02:36:07,-72.049,-33.026,22.2,5.97,mw,1.0,22.0,88.0,184.0,68.0,91.0,44.98398620227108,94.61755625153364,1.0407837567677212,3.57718252001888,44.99710993175574,272.5363320268855,0.79,0.03,-0.81,-0.06,-0.82,-0.04,gem,subduction_interface
616345109,2017-04-25T01:43:03,-72.049,-33.149,17.5,5.47,mw,16.0,24.0,107.0,178.0,67.0,83.0,43.599207130331536,73.94481199152392,9.73158038086169,173.3440687852817,44.76317481794826,273.13703607446894,1.53,-0.17,-1.37,0.19,-1.39,-0.18,gem,subduction_interface
611149701,2017-04-27T05:09:23,-71.961,-33.282,27.2,5.21,mw,181.0,74.0,93.0,350.0,16.0,79.0,44.84599477885924,275.3627154835696,3.399120961488188,181.9758745289356,44.95258517772294,88.57639376652764,4.34,0.07,-4.42,-0.24,-7.07,0.36,gem,subduction_interface
610585857,2017-04-28T15:58:34,-71.995,-33.241,21.2,5.52,mw,162.0,72.0,88.0,349.0,18.0,97.0,44.923503154231234,248.88953172126548,2.3505675895827185,341.23580286922703,44.98011846848805,73.58671802513078,1.34,-0.04,-1.29,0.64,-1.82,0.36,gem,subduction_interface
610650242,2017-04-28T17:41:50,-71.918,-33.283,24.2,5.47,mw,5.0,18.0,90.0,185.0,72.0,90.0,44.99999999999999,95.0,1.5902773407317584e-15,185.0,45.00000000000003,275.0,1.2,0.01,-1.2,-0.13,-1.63,-0.1,gem,subduction_interface
610588558,2017-04-29T01:46:02,-71.967,-33.229,22.5,5.42,mw,5.0,33.0,92.0,183.0,57.0,89.0,44.8810470178334,88.21938593814042,2.6703264713798083,180.88153235801263,44.994589517025126,273.5542585065424,1.81,-0.53,-1.28,0.01,-0.67,-0.06,gem,subduction_interface
610763713,2017-07-04T16:05:59,-73.255,-35.59,15.0,5.85,mw,25.0,19.0,104.0,190.0,71.0,85.0,44.558590304464815,92.76793552526124,5.6361953786200365,188.34472290265649,44.88874452608309,283.98636395252925,4.36,0.12,-4.47,-0.92,-5.92,-1.54,gem,subduction_interface
610779605,2017-07-12T09:08:18,-73.202,-35.394,12.3,5.47,mw,28.0,16.0,112.0,185.0,75.0,84.0,44.39949378203737,86.67973413217254,6.808547974829451,183.39395674273496,44.79519110558725,280.202011595845,0.94,0.04,-0.97,-0.11,-1.73,-0.3,gem,subduction_interface
610895587,2017-08-12T12:54:14,-72.137,-30.316,13.1,5.69,mw,5.0,24.0,84.0,191.0,66.0,93.0,44.80153946728374,106.76674565814947,3.618606855215078,13.165965112065637,44.97022372040863,279.5438914485758,3.25,-0.09,-3.16,-0.63,-2.81,-0.44,gem,subduction_interface
610910899,2017-08-15T19:03:24,-71.982,-29.988,20.0,5.12,mw,186.0,62.0,97.0,352.0,29.0,78.0,43.126128734482656,292.2920506448148,10.915539170730243,191.8854917359261,44.81802928456126,90.83757788869076,5.03,-0.07,-4.95,-0.71,-3.27,0.09,gem,subduction_interface
611974561,2017-08-30T03:15:37,-73.53,-37.378,29.2,5.06,mw,10.0,21.0,96.0,183.0,69.0,88.0,44.87983448445125,89.61012559016763,2.876605531928139,182.4782972858595,44.97586292596487,275.35610742427457,3.2,0.0,-3.2,-0.13,-3.59,-0.36,gem,subduction_interface
610946058,2017-09-04T21:55:18,-69.984,-19.279,66.4,5.23,mw,19.0,65.0,-48.0,134.0,48.0,-145.0,38.22322905805791,260.2640650543376,47.53006357298909,49.62532989575266,15.683694937996451,157.48826040863594,-0.52,-0.43,0.94,-0.12,-0.3,-0.28,gem,subduction_interface
610984687,2017-09-18T13:46:58,-72.001,-31.846,19.4,5.75,mw,177.0,67.0,93.0,351.0,23.0,84.0,44.76392695001368,272.6362414411571,3.970895611518217,178.68849344599334,44.96130697972709,84.71340799945767,3.84,0.01,-3.85,0.09,-3.69,0.42,gem,subduction_interface
611610346,2017-12-28T03:54:51,-70.234,-24.876,49.1,5.42,mw,164.0,65.0,84.0,358.0,25.0,103.0,43.92015417624592,241.86189894890964,8.409730001484364,340.0469369568298,44.85406930916499,78.50523326580992,1.09,0.32,-1.41,0.32,-1.04,0.33,gem,subduction_interface
611661168,2018-01-26T15:26:20,-74.159,-37.465,13.6,4.97,mw,14.0,26.0,104.0,178.0,65.0,83.0,43.6307201299957,74.84821326945132,9.47099845592861,173.9990078682224,44.81740758791574,273.540535056062,2.9,-0.31,-2.59,0.3,-2.28,-0.29,gem,subduction_interface
611682876,2018-02-08T21:19:25,-73.981,-37.459,12.2,5.54,mw,27.0,17.0,111.0,185.0,74.0,84.0,44.34191987027758,86.1684426440865,7.056353734697037,183.1166322786371,44.79336873022672,280.17575373917407,1.28,0.09,-1.37,-0.14,-2.18,-0.41,gem,subduction_interface
611928815,2018-05-04T20:25:33,-71.375,-29.83,41.5,5.07,mw,40.0,71.0,171.0,133.0,81.0,19.0,7.593661533011184,357.83161570483725,69.75793231201689,109.02535328650282,18.64821294996018,265.2529693367032,1.07,4.25,-5.32,1.34,-0.65,0.67,gem,subduction_interface
611930847,2018-05-06T02:44:20,-72.291,-34.271,20.0,5.27,mw,25.0,24.0,105.0,190.0,67.0,84.0,43.8746141461217,86.44926923918581,8.696627774697374,184.90628771878173,44.81518536764092,283.6478392618917,0.7,0.0,-0.7,-0.08,-0.7,-0.24,gem,subduction_interface
611973684,2018-06-02T06:17:18,-73.814,-38.248,21.3,5.3,mw,177.0,72.0,91.0,354.0,19.0,87.0,44.98085752343116,268.5569599315612,1.175498797551041,177.38199914032134,44.99502894406225,86.20645689888573,0.66,0.03,-0.68,0.04,-0.9,0.06,gem,subduction_interface
612301023,2018-07-16T10:29:53,-73.521,-35.54,15.9,5.08,mw,31.0,17.0,113.0,187.0,74.0,83.0,44.22945675578322,87.39163829715824,7.657256633543093,184.91193019999423,44.753176400398544,282.5718159254304,2.63,-0.03,-2.6,-0.4,-4.46,-0.94,gem,subduction_interface
613513855,2018-10-25T11:19:33,-71.824,-30.608,26.2,4.98,mw,3.0,35.0,94.0,178.0,55.0,87.0,44.26727314232453,77.0193512473158,6.597414471204307,173.49247999890633,44.97632858449655,270.12856121286745,3.65,-0.2,-3.44,0.17,-1.27,-0.02,gem,subduction_interface
616643659,2018-12-01T23:55:25,-72.337,-33.921,16.3,5.56,mw,8.0,20.0,93.0,185.0,70.0,89.0,44.97436695583438,92.98483530985608,1.3376472296743616,184.32165034798936,44.994409535895166,275.65940114340174,1.74,0.02,-1.76,-0.18,-2.11,-0.21,gem,subduction_interface
614615435,2019-02-06T17:56:49,-71.015,-19.893,15.9,5.23,mw,170.0,71.0,91.0,347.0,19.0,87.0,44.97970805956803,261.612395542518,1.1997955409689212,170.41318671167733,44.99517143321325,79.21333031016877,0.55,-0.03,-0.52,0.12,-0.68,0.11,gem,subduction_interface
615092454,2019-03-01T22:43:26,-71.719,-30.572,28.5,5.13,mw,181.0,61.0,92.0,356.0,29.0,86.0,44.82493794445715,276.1121689763303,3.296968124322068,182.82987011793165,44.98555300070935,89.52909678151042,5.16,0.16,-5.32,-0.16,-3.18,0.14,gem,subduction_interface
615093192,2019-03-02T20:21:53,-72.508,-33.687,16.7,5.54,mw,195.0,74.0,97.0,352.0,17.0,68.0,44.17049483264586,295.0495260402946,7.917089078103911,197.28535453611133,44.74235311028707,99.363614052304,1.4,-0.06,-1.34,-0.64,-2.07,-0.04,gem,subduction_interface
615372545,2019-04-07T10:52:41,-72.55,-33.797,11.0,5.7,mw,14.0,17.0,96.0,188.0,73.0,88.0,44.93971953824394,94.98289967786184,2.107363639321225,187.08725556644052,44.98280561233458,279.19478019296827,2.44,-0.04,-2.4,-0.48,-3.61,-0.48,gem,subduction_interface
615952702,2019-06-14T00:19:12,-72.055,-30.091,15.0,6.31,mw,1.0,21.0,88.0,183.0,69.0,91.0,44.986473108494856,94.4754415966313,0.9638371639255126,3.5119231306470056,44.99731462439353,272.54803992702455,2.43,0.06,-2.5,-0.17,-2.71,-0.11,gem,subduction_interface
616616159,2019-08-01T18:28:06,-72.274,-34.253,23.0,6.78,mw,19.0,14.0,106.0,183.0,77.0,86.0,44.76784551104531,87.24702348353321,4.285397565723401,181.50970899922808,44.91222575465122,275.7939724032112,0.82,0.01,-0.83,-0.05,-1.66,-0.16,gem,subduction_interface
616184935,2019-08-02T00:55:17,-72.193,-34.168,23.9,5.4,mw,193.0,68.0,99.0,350.0,24.0,69.0,43.07853774285642,298.6824269235952,11.500242467612788,197.71513914689984,44.64254971935897,96.12356820370236,1.11,0.02,-1.13,-0.35,-1.06,-0.02,gem,subduction_interface
616251969,2019-08-28T15:53:02,-70.356,-20.538,37.9,5.04,mw,165.0,69.0,86.0,356.0,21.0,100.0,44.63458522012154,248.09583656408904,5.017480606684674,343.0686653438484,44.92713824821515,78.09266924579583,3.11,-0.31,-2.8,1.01,-3.25,0.39,gem,subduction_interface
616338975,2019-09-05T05:41:32,-73.793,-36.099,15.0,5.13,mw,3.0,21.0,78.0,196.0,70.0,94.0,44.53964792894229,113.54313118524465,5.655656375549485,17.950612079442465,44.90387406127832,282.2862999473056,3.79,0.3,-4.09,-1.36,-4.44,-0.79,gem,subduction_interface
616493756,2019-09-23T08:24:40,-73.846,-36.053,15.0,5.26,mw,4.0,16.0,81.0,194.0,74.0,93.0,44.8882426104842,107.07085247402364,2.900635395613032,14.1778105203947,44.96503599053288,281.2769964298341,0.49,0.03,-0.51,-0.21,-0.8,-0.09,gem,subduction_interface
616600917,2019-09-29T15:57:55,-72.918,-35.445,23.9,6.72,mw,16.0,12.0,106.0,180.0,78.0,87.0,44.84551105376738,85.37482574754375,3.5698049381355825,178.9323184345501,44.93235962378857,272.50062638491346,0.61,0.02,-0.62,0.03,-1.39,-0.08,gem,subduction_interface
616747109,2019-11-03T08:06:09,-72.128,-30.614,10.0,5.17,mw,1.0,22.0,92.0,179.0,68.0,89.0,44.98398620227108,87.38244374846641,1.040783756767719,178.42281747998118,44.99710993175575,269.4636679731145,5.12,-0.0,-5.12,0.14,-5.16,0.01,gem,subduction_interface
616936742,2019-12-03T07:29:30,-70.808,-20.886,15.0,5.36,mw,172.0,72.0,91.0,349.0,18.0,87.0,44.98085752343114,263.5569599315612,1.175498797551057,172.38199914032134,44.99502894406226,81.20645689888573,0.79,0.01,-0.8,0.16,-1.13,0.14,gem,subduction_interface
617209897,2020-01-28T18:16:46,-72.271,-30.253,15.0,5.43,mw,185.0,69.0,99.0,342.0,23.0,69.0,43.19693923860069,290.10366259346284,11.221406935059166,189.36765652521288,44.63209862683614,88.07257030403065,1.19,-0.01,-1.18,-0.22,-1.29,0.14,gem,subduction_interface
617488810,2020-02-13T05:50:39,-70.788,-20.918,22.6,5.16,mw,45.0,7.0,158.0,156.0,87.0,84.0,44.597760407499386,60.086842070413525,6.514933887190636,156.5524814247049,44.66461197007,253.0332922910877,0.6,0.46,-1.06,2.77,-6.22,-0.29,gem,subduction_interface
618590068,2020-06-25T11:55:02,-71.784,-32.204,24.9,5.18,mw,28.0,39.0,129.0,162.0,60.0,63.0,24.578401695849166,25.69196220881406,37.55698174192337,136.2822609233997,42.443750076081926,270.9655339075766,5.68,1.39,-7.08,2.58,-2.73,-0.72,gem,subduction_interface
618628548,2020-06-27T07:52:46,-70.63,-20.134,28.1,5.02,mw,169.0,63.0,87.0,356.0,27.0,96.0,44.67569374257562,252.18053993292395,4.538532088807623,346.6820213060861,44.96554292193325,81.2293752182959,3.63,-0.4,-3.23,0.62,-2.38,0.36,gem,subduction_interface
618653099,2020-07-02T12:35:47,-72.194,-34.172,23.8,5.03,mw,8.0,29.0,90.0,188.0,61.0,90.0,45.00000000000003,98.00000000000006,2.067360542951286e-14,8.0,44.99999999999998,278.0,3.95,-0.48,-3.47,-0.34,-2.37,-0.43,gem,subduction_interface
618938653,2020-09-01T04:09:30,-71.003,-27.985,28.7,6.86,mw,15.0,24.0,112.0,171.0,68.0,81.0,42.859286963452895,64.60813866586375,12.136318319919075,166.1186164925915,44.60622703256222,268.3645788587006,1.67,0.07,-1.75,0.43,-1.72,-0.09,gem,subduction_interface
618938658,2020-09-01T04:30:04,-71.153,-28.053,28.2,6.29,mw,21.0,30.0,119.0,168.0,65.0,74.0,37.990235541716906,48.969129621937554,21.79416096081137,157.1664130066806,44.04197943193304,269.91575497898043,2.58,0.13,-2.71,0.85,-1.93,-0.24,gem,subduction_interface
618938669,2020-09-01T07:01:25,-71.327,-28.019,22.0,5.83,mw,6.0,31.0,105.0,169.0,60.0,81.0,41.53183357147546,56.40570878098083,14.791384283970933,159.93095795198712,44.72525652927486,265.09183973084066,6.31,-0.81,-5.49,1.37,-3.3,0.12,gem,subduction_interface
618944067,2020-09-01T10:31:53,-71.296,-27.878,23.1,5.66,mw,7.0,24.0,104.0,172.0,67.0,84.0,44.005368968770334,70.23600047810805,8.164605143963687,168.20139463861972,44.838834053175496,266.4035865377134,2.81,0.06,-2.87,0.53,-2.62,0.03,gem,subduction_interface
618947023,2020-09-01T21:09:19,-71.327,-27.947,23.6,6.42,mw,17.0,22.0,116.0,169.0,70.0,80.0,42.941630687244526,63.30071950863294,12.135641711777984,164.84420316580702,44.52437305757819,267.0539697833963,3.3,0.4,-3.7,1.02,-3.97,-0.18,gem,subduction_interface
618998155,2020-09-11T07:35:56,-69.856,-21.403,50.0,6.24,mw,49.0,80.0,22.0,315.0,69.0,169.0,8.503644974308155,93.76963660730678,67.02655956500296,204.4217064815317,21.17440775647492,0.4494000934102473,0.4,-2.87,2.47,0.45,1.0,0.2,gem,subduction_interface
619504660,2020-10-25T21:17:15,-70.936,-19.941,15.9,5.42,mw,167.0,71.0,89.0,351.0,19.0,94.0,44.979708059568026,255.387604457482,1.1997955409689258,346.5868132883226,44.99517143321325,77.78666968983123,0.96,0.05,-1.02,0.31,-1.3,0.23,gem,subduction_interface
