id,time_iso,longitude,latitude,depth,mag,mag_type,lon_error,lat_error,depth_error,mag_error,strike1,dip1,rake1,strike2,dip2,rake2,Mrr,Mtt,Mpp,Mrt,Mrp,Mtp,source,duplicate_id
C022876A,1976-02-28T16:27:13,-75.57,-40.3,15.0,5.9,mw,0.02,0.03,0.0,,13.0,45.0,-85.0,187.0,45.0,-95.0,-8e+17,-2.3e+17,1.03e+18,-3e+16,1e+16,2.3e+17,gcmt,1_gcmt
C053076A,1976-05-30T03:08:55,-75.94,-42.06,15.0,6.1,mw,0.02,0.02,0.0,,187.0,44.0,-101.0,23.0,47.0,-79.0,-1.66e+18,8e+16,1.59e+18,-2.4e+17,-3e+16,4.3e+17,gcmt,2_gcmt
B011177A,1977-01-11T07:02:34,-71.44,-31.68,35.0,5.2,mwc,,,,,5.0,34.0,111.0,160.0,59.0,77.0,,,,,,,anss,3_anss
B011177A,1977-01-11T07:02:43,-72.1,-31.92,42.2,5.2,mw,0.15,0.17,10.7,,5.0,34.0,111.0,160.0,59.0,77.0,7.116e+16,1.044e+16,-8.16e+16,2.177e+16,-3.401e+16,1.407e+16,gcmt,3_gcmt
B022277A,1977-02-22T14:10:08,-75.29,-45.61,33.0,5.4,mwc,,,,,261.0,76.0,-168.0,168.0,78.0,-14.0,,,,,,,anss,4_anss
B022277A,1977-02-22T14:10:12,-76.35,-45.97,10.0,5.4,mw,0.12,0.08,0.0,,261.0,76.0,-168.0,168.0,78.0,-14.0,-7300000000000000.0,6.61e+16,-5.88e+16,3.02e+16,5.34e+16,-1.642e+17,gcmt,4_gcmt
Z112377A,1977-11-23T09:26:24,-67.77,-31.03,13.0,7.4,mwc,,,,,183.0,44.0,90.0,4.0,46.0,90.0,,,,,,,anss,5_anss
Z112377A,1977-11-23T09:26:48,-67.69,-31.22,20.8,7.4,mw,0.01,0.01,0.4,,183.0,44.0,90.0,4.0,46.0,90.0,1.855e+20,8e+17,-1.863e+20,1.3e+18,6.5e+18,-1.19e+19,gcmt,5_gcmt
B112477A,1977-11-24T18:20:16,-67.63,-31.3,33.0,5.6,mwc,,,,,190.0,34.0,91.0,8.0,56.0,89.0,,,,,,,anss,6_anss
B112477A,1977-11-24T18:20:20,-68.05,-31.53,46.5,5.6,mw,0.04,0.06,2.5,,190.0,34.0,91.0,8.0,56.0,89.0,2.04e+17,1.0049999999999998e+17,-3.046e+17,1.51e+16,1.08e+17,-6.4e+16,gcmt,6_gcmt
B112877B,1977-11-28T04:19:35,-67.75,-31.68,36.0,5.6,mwc,,,,,150.0,52.0,27.0,43.0,69.0,139.0,,,,,,,anss,7_anss
B112877B,1977-11-28T04:19:39,-68.21,-32.02,33.1,5.6,mw,0.08,0.09,5.5,,150.0,52.0,27.0,43.0,69.0,139.0,1.298e+17,1.472e+17,-2.77e+17,1.333e+17,5.460000000000001e+16,-5.27e+16,gcmt,7_gcmt
B112877C,1977-11-28T06:31:29,-67.43,-31.35,16.0,6.1,mwc,,,,,182.0,21.0,106.0,345.0,70.0,84.0,,,,,,,anss,8_anss
B112877C,1977-11-28T06:31:38,-67.64,-31.67,15.0,6.1,mw,0.08,0.08,0.0,,182.0,21.0,106.0,345.0,70.0,84.0,1.174e+18,2.18e+17,-1.391e+18,-4.24e+17,1.488e+18,2.12e+17,gcmt,8_gcmt
B120577B,1977-12-05T15:43:35,-68.22,-31.57,32.0,5.7,mw,0.07,0.07,0.0,,103.0,65.0,-5.0,195.0,86.0,-154.0,2.46e+16,1.995e+17,-2.241e+17,-2.25e+16,2.3250000000000003e+17,3.903e+17,gcmt,9_gcmt
B120677A,1977-12-06T17:05:06,-67.72,-31.17,19.0,5.9,mwc,,,,,181.0,37.0,82.0,11.0,54.0,96.0,,,,,,,anss,10_anss
B120677A,1977-12-06T17:05:16,-68.11,-31.43,19.0,5.9,mw,0.05,0.06,0.0,,181.0,37.0,82.0,11.0,54.0,96.0,6.121e+17,2.788e+17,-8.909000000000001e+17,5.540000000000001e+16,2.254e+17,-1.3700000000000002e+17,gcmt,10_gcmt
B121077B,1977-12-10T07:11:56,-67.64,-31.19,39.0,5.5,mwc,,,,,199.0,29.0,117.0,348.0,65.0,76.0,,,,,,,anss,11_anss
B121077B,1977-12-10T07:11:57,-68.03,-31.28,34.9,5.5,mw,0.07,0.1,4.4,,199.0,29.0,117.0,348.0,65.0,76.0,1.1259999999999998e+17,7.77e+16,-1.902e+17,-1.97e+16,1.137e+17,-1400000000000000.0,gcmt,11_gcmt
B010278A,1978-01-02T08:27:40,-71.1,-38.14,126.0,5.5,mwc,,,,,93.0,53.0,-9.0,189.0,83.0,-142.0,,,,,,,anss,12_anss
B010278A,1978-01-02T08:27:43,-71.61,-37.96,144.0,5.5,mw,0.08,0.08,3.4,,93.0,53.0,-9.0,189.0,83.0,-142.0,-1.84e+16,4.66e+16,-2.82e+16,-1.97e+16,1.21e+17,1.454e+17,gcmt,12_gcmt
B011778A,1978-01-17T11:33:14,-67.87,-31.29,24.0,6.0,mwc,,,,,142.0,66.0,12.0,47.0,79.0,156.0,,,,,,,anss,13_anss
B011778A,1978-01-17T11:33:21,-68.08,-31.53,23.0,6.0,mw,0.05,0.05,0.0,,142.0,66.0,12.0,47.0,79.0,156.0,9.75e+16,8.938e+17,-9.913e+17,4.83e+17,1.0940000000000002e+17,-1.401e+17,gcmt,13_gcmt
B012078A,1978-01-20T04:42:57,-70.19,-34.28,132.0,5.6,mwc,,,,,183.0,26.0,-98.0,12.0,64.0,-86.0,,,,,,,anss,14_anss
B012078A,1978-01-20T04:43:03,-70.04,-34.55,109.3,5.6,mw,0.06,0.04,3.0,,183.0,26.0,-98.0,12.0,64.0,-86.0,-2.592e+17,4.56e+16,2.136e+17,-5.36e+16,-1.819e+17,1.94e+16,gcmt,14_gcmt
B082178A,1978-08-21T00:28:22,-67.77,-31.27,10.0,5.3,mwc,,,,,218.0,9.0,79.0,49.0,81.0,92.0,,,,,,,anss,15_anss
B082178A,1978-08-21T00:28:30,-68.11,-31.79,25.0,5.3,mw,0.11,0.12,0.0,,218.0,9.0,79.0,49.0,81.0,92.0,5.104e+16,-2.207e+16,-2.897e+16,8.357e+16,7.066e+16,2500000000000000.0,gcmt,15_gcmt
B122178B,1978-12-21T01:13:55,-72.46,-36.29,47.0,5.8,mwc,,,,,101.0,34.0,52.0,324.0,64.0,112.0,,,,,,,anss,16_anss
B122178B,1978-12-21T01:13:57,-72.57,-36.4,50.0,5.8,mw,0.05,0.03,0.0,,101.0,34.0,52.0,324.0,64.0,112.0,5.478e+17,-4.288e+17,-1.19e+17,-1.293e+17,4.274e+17,2.866e+17,gcmt,16_gcmt
B032079B,1979-03-20T21:41:21,-71.15,-35.68,91.0,5.4,mwc,,,,,141.0,24.0,-158.0,32.0,81.0,-68.0,,,,,,,anss,17_anss
B032079B,1979-03-20T21:41:27,-71.42,-35.79,122.7,5.4,mw,0.07,0.05,2.8,,141.0,24.0,-158.0,32.0,81.0,-68.0,-4.52e+16,-2.82e+16,7.35e+16,-8.35e+16,-1.012e+17,-1.7399999999999998e+16,gcmt,17_gcmt
B042679A,1979-04-26T02:00:09,-71.9,-33.82,38.0,5.9,mwc,,,,,26.0,25.0,124.0,170.0,70.0,76.0,,,,,,,anss,18_anss
B042679A,1979-04-26T02:00:11,-72.07,-33.91,33.7,5.9,mw,0.03,0.03,1.7,,26.0,25.0,124.0,170.0,70.0,76.0,5.149e+17,1.315e+17,-6.464e+17,1.557e+17,-6.172e+17,-8.55e+16,gcmt,18_gcmt
B070679A,1979-07-06T02:01:16,-71.32,-32.15,45.0,5.7,mwc,,,,,166.0,39.0,70.0,11.0,54.0,105.0,,,,,,,anss,19_anss
B070679A,1979-07-06T02:01:17,-71.63,-32.38,49.0,5.7,mw,0.03,0.03,0.0,,166.0,39.0,70.0,11.0,54.0,105.0,4.9160000000000006e+17,-2000000000000000.0,-4.896e+17,1.19e+17,1.409e+17,1.65e+16,gcmt,19_gcmt
B083079A,1979-08-30T18:59:45,-67.63,-31.38,32.0,5.5,mwc,,,,,354.0,31.0,35.0,233.0,73.0,116.0,,,,,,,anss,20_anss
B083079A,1979-08-30T18:59:53,-67.06,-31.4,27.0,5.5,mw,0.09,0.09,0.0,,354.0,31.0,35.0,233.0,73.0,116.0,1.052e+17,1.62e+16,-1.214e+17,-1.4039999999999998e+17,-6.47e+16,-6.52e+16,gcmt,20_gcmt
19791011085556,1979-10-11T08:56:02,-71.55,-33.41,44.0,5.4,mwc,,,,,13.0,24.0,96.0,187.0,66.0,87.0,9.57e+16,1.85e+16,-1.142e+17,-1e+16,-9.56e+16,-2.26e+16,anss,21_anss
B101179B,1979-10-11T08:56:02,-71.55,-33.41,44.0,5.4,mw,0.07,0.08,4.7,,13.0,24.0,96.0,187.0,66.0,87.0,9.57e+16,1.85e+16,-1.1419999999999998e+17,-1e+16,-9.56e+16,-2.26e+16,gcmt,21_gcmt
B122679A,1979-12-26T19:43:37,-71.34,-36.0,92.0,5.6,mwc,,,,,199.0,6.0,-66.0,355.0,85.0,-92.0,,,,,,,anss,22_anss
B122679A,1979-12-26T19:43:42,-71.5,-35.9,110.8,5.6,mw,0.04,0.04,2.5,,199.0,6.0,-66.0,355.0,85.0,-92.0,-2.66e+16,-4.67e+16,7.33e+16,2.32e+16,-2.625e+17,-100000000000000.0,gcmt,22_gcmt
B011480E,1980-01-14T21:51:01,-69.46,-33.19,14.0,5.6,mwc,,,,,141.0,69.0,5.0,49.0,85.0,159.0,,,,,,,anss,23_anss
B011480E,1980-01-14T21:51:08,-69.42,-33.27,15.0,5.6,mw,0.07,0.06,0.0,,141.0,69.0,5.0,49.0,85.0,159.0,-1.31e+16,2.734e+17,-2.6030000000000003e+17,1.078e+17,3.83e+16,-4.49e+16,gcmt,23_gcmt
B012880C,1980-01-28T16:59:22,-76.11,-44.96,33.0,5.4,mwc,,,,,195.0,27.0,-56.0,338.0,68.0,-106.0,,,,,,,anss,24_anss
B012880C,1980-01-28T16:59:24,-76.29,-45.17,15.0,5.4,mw,0.07,0.07,0.0,,195.0,27.0,-56.0,338.0,68.0,-106.0,-1.209e+17,-1.82e+16,1.391e+17,6.37e+16,-1.073e+17,-1.12e+16,gcmt,24_gcmt
B021480A,1980-02-14T14:07:00,-71.56,-32.02,46.9,5.1,mw,0.1,0.18,8.5,,226.0,41.0,142.0,346.0,66.0,55.0,2.821e+16,2.153e+16,-4.974e+16,-4430000000000000.0,2.26e+16,-1.689e+16,gcmt,25_gcmt
B021480A,1980-02-14T14:07:01,-71.42,-31.77,45.0,5.1,mwc,,,,,226.0,41.0,142.0,346.0,66.0,55.0,,,,,,,anss,25_anss
B032980B,1980-03-29T06:41:50,-75.2,-43.08,33.0,6.1,mwc,,,,,185.0,14.0,-119.0,34.0,78.0,-83.0,,,,,,,anss,26_anss
B032980B,1980-03-29T06:41:53,-75.86,-43.38,15.0,6.1,mw,0.11,0.09,0.0,,185.0,14.0,-119.0,34.0,78.0,-83.0,-5.33e+17,-1.14e+17,6.47e+17,-8.21e+17,-1.21e+18,4.29e+17,gcmt,26_gcmt
B032980D,1980-03-29T17:49:10,-73.5,-37.93,33.0,5.4,mwc,,,,,13.0,20.0,106.0,176.0,71.0,85.0,,,,,,,anss,27_anss
B032980D,1980-03-29T17:49:11,-73.91,-38.05,32.4,5.4,mw,0.06,0.05,3.9,,13.0,20.0,106.0,176.0,71.0,85.0,1.172e+17,-6000000000000000.0,-1.111e+17,1.61e+16,-1.472e+17,-9900000000000000.0,gcmt,27_gcmt
B040980B,1980-04-09T08:17:55,-67.48,-31.65,10.0,5.3,mwc,,,,,340.0,37.0,136.0,108.0,65.0,61.0,,,,,,,anss,28_anss
B040980B,1980-04-09T08:17:59,-67.42,-31.49,15.0,5.3,mw,0.09,0.07,0.0,,340.0,37.0,136.0,108.0,65.0,61.0,9.042e+16,-4.144e+16,-4.898e+16,8.311e+16,1.369e+16,5.894e+16,gcmt,28_gcmt
B061180C,1980-06-11T14:21:18,-71.65,-32.72,35.0,5.8,mwc,,,,,1.0,26.0,87.0,184.0,64.0,91.0,,,,,,,anss,29_anss
B061180C,1980-06-11T14:21:25,-71.93,-33.03,20.0,5.8,mw,0.03,0.03,0.0,,1.0,26.0,87.0,184.0,64.0,91.0,5.183e+17,8.24e+16,-6.008e+17,-3.3700000000000004e+16,-4.4560000000000006e+17,-2.7500000000000004e+16,gcmt,29_gcmt
B071380A,1980-07-13T06:20:30,-70.15,-33.47,103.0,5.7,mwc,,,,,102.0,14.0,178.0,195.0,89.0,76.0,,,,,,,anss,30_anss
B071380A,1980-07-13T06:20:37,-70.49,-33.47,113.4,5.7,mw,0.04,0.03,2.2,,102.0,14.0,178.0,195.0,89.0,76.0,6.870000000000001e+16,-1.682e+17,9.95e+16,-4.32e+16,-3.728e+17,-3.1e+16,gcmt,30_gcmt
B080380A,1980-08-03T03:00:49,-69.99,-35.25,151.0,5.3,mwc,,,,,2.0,20.0,93.0,179.0,70.0,89.0,,,,,,,anss,31_anss
B080380A,1980-08-03T03:00:53,-69.82,-35.46,163.9,5.3,mw,0.14,0.07,2.6,,2.0,20.0,93.0,179.0,70.0,89.0,7.259e+16,-1.58e+16,-5.678e+16,2270000000000000.0,-7.682e+16,-1120000000000000.0,gcmt,31_gcmt
B082980A,1980-08-29T10:38:13,-73.1,-39.66,34.0,5.4,mwc,,,,,171.0,29.0,140.0,298.0,72.0,67.0,,,,,,,anss,32_anss
B082980A,1980-08-29T10:38:17,-73.37,-39.75,44.6,5.4,mw,0.09,0.08,5.9,,171.0,29.0,140.0,298.0,72.0,67.0,8.34e+16,-1.58e+16,-6.760000000000001e+16,-1.054e+17,2.24e+16,4.74e+16,gcmt,32_gcmt
B111080A,1980-11-10T16:24:40,-67.47,-31.58,21.0,5.6,mwc,,,,,133.0,31.0,49.0,358.0,67.0,111.0,,,,,,,anss,33_anss
B111080A,1980-11-10T16:24:43,-67.55,-31.52,15.0,5.6,mw,0.05,0.04,0.0,,133.0,31.0,49.0,358.0,67.0,111.0,2.53e+17,-4.24e+16,-2.106e+17,6.35e+16,2.415e+17,1.167e+17,gcmt,33_gcmt
B122580B,1980-12-25T06:32:51,-67.19,-31.0,138.1,5.1,mw,0.14,0.13,4.8,,173.0,40.0,-106.0,14.0,52.0,-77.0,-4.567e+16,-6899999999999999.0,5.257e+16,-8350000000000000.0,-9030000000000000.0,3730000000000000.0,gcmt,34_gcmt
B031681A,1981-03-16T13:40:46,-71.79,-35.53,55.0,5.4,mwc,,,,,252.0,46.0,-39.0,11.0,63.0,-129.0,,,,,,,anss,35_anss
B031681A,1981-03-16T13:40:52,-71.67,-35.67,60.1,5.4,mw,0.09,0.06,5.0,,252.0,46.0,-39.0,11.0,63.0,-129.0,-8.331e+16,2.665e+16,5.667e+16,1.611e+16,-6.269e+16,9.187e+16,gcmt,35_gcmt
B032381A,1981-03-23T19:28:10,-71.89,-33.66,46.0,6.4,mwc,,,2.6,,335.0,5.0,73.0,173.0,85.0,91.0,,,,,,,anss,36_anss
B032381A,1981-03-23T19:28:15,-71.81,-33.96,16.6,6.4,mw,0.06,0.04,2.5,,335.0,5.0,73.0,173.0,85.0,91.0,1.027e+18,-5.4000000000000006e+17,-4.87e+17,5.85e+17,-4.676e+18,1.14e+17,gcmt,36_gcmt
B040681A,1981-04-06T14:34:01,-71.05,-35.37,88.0,5.2,mwc,,,,,95.0,33.0,163.0,200.0,81.0,58.0,,,,,,,anss,37_anss
B040681A,1981-04-06T14:34:09,-70.81,-35.36,112.8,5.2,mw,0.09,0.08,5.5,,95.0,33.0,163.0,200.0,81.0,58.0,2.323e+16,-2.948e+16,6250000000000000.0,-2.116e+16,-6.902999999999999e+16,-4.644999999999999e+16,gcmt,37_gcmt
B060481A,1981-06-04T07:39:39,-78.12,-34.76,26.0,5.1,mw,0.18,0.16,0.0,,207.0,42.0,-41.0,330.0,64.0,-124.0,-4.225e+16,-1.602e+16,5.826e+16,3.194e+16,-1.917e+16,-1580000000000000.0,gcmt,38_gcmt
B072881B,1981-07-28T03:03:21,-73.2,-41.57,43.0,5.6,mwc,,,,,44.0,59.0,17.0,305.0,75.0,148.0,,,,,,,anss,39_anss
B072881B,1981-07-28T03:03:27,-73.45,-41.97,46.7,5.6,mw,0.09,0.04,4.7,,44.0,59.0,17.0,305.0,75.0,148.0,6.37e+16,-2.863e+17,2.226e+17,-7.46e+16,1.733e+17,-5.500000000000001e+16,gcmt,39_gcmt
B091981B,1981-09-19T11:40:54,-74.94,-39.45,15.0,5.5,mw,0.1,0.06,0.0,,206.0,38.0,-53.0,342.0,61.0,-116.0,-2.066e+17,-2700000000000000.0,2.093e+17,1.097e+17,-9.29e+16,2.47e+16,gcmt,40_gcmt
B091981B,1981-09-19T11:40:56,-74.81,-39.08,30.0,5.5,mwc,,,,,206.0,38.0,-53.0,342.0,61.0,-116.0,,,,,,,anss,40_anss
C101681A,1981-10-16T03:25:42,-73.07,-33.13,32.0,7.1,mwc,,,,,194.0,34.0,96.0,6.0,56.0,86.0,,,,,,,anss,41_anss
C101681A,1981-10-16T03:25:47,-73.15,-33.48,40.4,7.1,mw,0.02,0.02,0.8,,194.0,34.0,96.0,6.0,56.0,86.0,4.936e+19,-5.75e+18,-4.361e+19,-3e+17,1.967e+19,-7.27e+18,gcmt,41_gcmt
C110781A,1981-11-07T03:29:50,-71.37,-32.23,64.0,6.9,mwc,,,2.8,,208.0,5.0,-47.0,345.0,86.0,-94.0,,,,,,,anss,42_anss
C110781A,1981-11-07T03:29:58,-71.39,-32.41,65.6,6.9,mw,0.02,0.02,2.5,,208.0,5.0,-47.0,345.0,86.0,-94.0,-6.7e+17,-7.67e+18,8.34e+18,7.82e+18,-3.122e+19,-2.17e+18,gcmt,42_gcmt
B121581A,1981-12-15T12:31:59,-71.36,-36.28,95.0,5.0,mwc,,,,,157.0,10.0,-61.0,308.0,81.0,-95.0,,,,,,,anss,43_anss
B121581A,1981-12-15T12:32:02,-71.16,-36.13,104.6,5.0,mw,0.26,0.12,11.8,,157.0,10.0,-61.0,308.0,81.0,-95.0,-1.102e+16,4370000000000000.0,6650000000000000.0,3.461e+16,-2.7e+16,-1.2609999999999998e+16,gcmt,43_gcmt
C060182A,1982-06-01T04:14:15,-74.99,-41.63,32.0,6.4,mwc,,,,,160.0,33.0,-130.0,25.0,65.0,-67.0,,,,,,,anss,44_anss
C060182A,1982-06-01T04:14:16,-75.87,-41.69,10.0,6.4,mw,0.03,0.03,0.0,,160.0,33.0,-130.0,25.0,65.0,-67.0,-3.372e+18,-8.6e+17,4.232e+18,-1.871e+18,-2.339e+18,3.07e+17,gcmt,44_gcmt
B060582A,1982-06-05T00:17:00,-75.21,-43.1,33.0,5.3,mwc,,,,,191.0,29.0,-87.0,8.0,61.0,-91.0,,,,,,,anss,45_anss
B060582A,1982-06-05T00:17:01,-76.07,-43.44,23.0,5.3,mw,0.13,0.09,0.0,,191.0,29.0,-87.0,8.0,61.0,-91.0,-7.497e+16,-1.0069999999999998e+16,8.504e+16,-6780000000000000.0,-5.132e+16,1.658e+16,gcmt,45_gcmt
B090682C,1982-09-06T11:13:26,-71.46,-32.14,73.0,5.3,mwc,,,2.8,,68.0,21.0,-166.0,326.0,85.0,-69.0,,,,,,,anss,46_anss
B090682C,1982-09-06T11:13:27,-71.39,-32.08,78.5,5.3,mw,0.15,0.07,10.2,,68.0,21.0,-166.0,326.0,85.0,-69.0,-1.786e+16,3.959e+16,-2.173e+16,4.539e+16,-7.859e+16,-1.4990000000000002e+16,gcmt,46_gcmt
B111882C,1982-11-18T20:39:54,-65.74,-31.21,166.2,6.0,mw,0.06,0.04,1.8,,129.0,24.0,-114.0,335.0,68.0,-80.0,-8.794e+17,3.461e+17,5.333e+17,2.8690000000000003e+17,-8.276999999999999e+17,-4.33e+17,gcmt,47_gcmt
B022883B,1983-02-28T22:44:20,-79.16,-44.78,15.0,6.0,mw,0.04,0.02,0.0,,260.0,90.0,180.0,350.0,90.0,0.0,-1.98e+17,4.7e+17,-2.7200000000000003e+17,0.0,0.0,-1.056e+18,gcmt,48_gcmt
B050983A,1983-05-09T10:58:23,-74.45,-41.92,33.0,6.1,mw,0.05,0.03,0.0,,358.0,41.0,-118.0,213.0,54.0,-68.0,-1.293e+18,-2.7800000000000003e+17,1.571e+18,4.14e+17,2.52e+17,5.75e+17,gcmt,49_gcmt
B050983A,1983-05-09T10:58:26,-74.84,-40.87,33.0,6.1,mwc,,,3.3,,358.0,41.0,-118.0,213.0,54.0,-68.0,,,,,,,anss,49_anss
B080183A,1983-08-01T14:09:24,-76.46,-48.33,11.0,5.7,mw,0.08,0.06,0.0,,355.0,14.0,107.0,157.0,76.0,86.0,1.858e+17,1.26e+16,-1.984e+17,1.552e+17,-3.524e+17,6.3e+16,gcmt,50_gcmt
B091483A,1983-09-14T00:47:01,-73.65,-36.4,10.1,5.4,mw,0.11,0.11,0.0,,23.0,16.0,131.0,161.0,78.0,79.0,6.26e+16,1.04e+16,-7.3e+16,5.07e+16,-1.2809999999999998e+17,-3400000000000000.0,gcmt,51_gcmt
B091483A,1983-09-14T00:47:04,-73.08,-36.42,37.0,5.4,mwc,,,,,23.0,16.0,131.0,161.0,78.0,79.0,,,,,,,anss,51_anss
B112683D,1983-11-26T23:29:09,-79.94,-45.11,15.0,5.8,mw,0.08,0.05,0.0,,257.0,90.0,180.0,347.0,90.0,0.0,-5.610000000000001e+16,2.746e+17,-2.1840000000000003e+17,0.0,0.0,-5.172e+17,gcmt,52_gcmt
B112883A,1983-11-28T19:10:07,-76.01,-44.95,19.0,5.5,mwc,,,,,133.0,18.0,-142.0,7.0,79.0,-76.0,,,,,,,anss,53_anss
B112883A,1983-11-28T19:10:08,-77.97,-44.6,10.0,5.5,mw,0.17,0.13,0.0,,133.0,18.0,-142.0,7.0,79.0,-76.0,-8.79e+16,-1.5e+16,1.03e+17,-3.71e+16,-2.178e+17,-4.81e+16,gcmt,53_gcmt
B121083B,1983-12-10T17:37:57,-78.32,-44.73,15.0,5.6,mw,0.06,0.03,0.0,,258.0,90.0,180.0,348.0,90.0,0.0,-2.43e+16,1.2529999999999998e+17,-1.01e+17,0.0,0.0,-2.634e+17,gcmt,54_gcmt
B121583A,1983-12-15T04:22:28,-70.28,-33.09,55.0,6.0,mwc,,,1.1,,202.0,21.0,-78.0,9.0,69.0,-95.0,,,,,,,anss,55_anss
B121583A,1983-12-15T04:22:36,-70.56,-33.09,103.6,6.0,mw,0.06,0.03,2.6,,202.0,21.0,-78.0,9.0,69.0,-95.0,-8.194000000000001e+17,2.03e+16,7.991e+17,-1.062e+17,-9.358e+17,2.21e+17,gcmt,55_gcmt
B041984B,1984-04-19T08:28:53,-71.9,-31.8,31.0,5.7,mwc,,,,,19.0,16.0,120.0,168.0,76.0,82.0,,,,,,,anss,56_anss
B041984B,1984-04-19T08:28:59,-72.06,-31.74,31.0,5.7,mw,0.05,0.04,0.0,,19.0,16.0,120.0,168.0,76.0,82.0,2.0830000000000003e+17,100000000000000.0,-2.084e+17,9.62e+16,-3.809e+17,-1.97e+16,gcmt,56_gcmt
B050984A,1984-05-09T23:56:09,-70.27,-34.14,119.0,5.3,mwc,,,,,205.0,31.0,-95.0,31.0,60.0,-87.0,,,,,,,anss,57_anss
B050984A,1984-05-09T23:56:10,-70.19,-34.34,107.9,5.3,mw,0.12,0.06,4.2,,205.0,31.0,-95.0,31.0,60.0,-87.0,-7.983e+16,1.1279999999999998e+16,6.855000000000001e+16,-2.63e+16,-4.021e+16,4.455e+16,gcmt,57_gcmt
B052584B,1984-05-25T13:20:23,-75.13,-42.62,31.0,5.4,mwc,,,,,185.0,27.0,-98.0,14.0,63.0,-86.0,,,,,,,anss,58_anss
B052584B,1984-05-25T13:20:25,-75.86,-43.14,10.0,5.4,mw,0.08,0.06,0.0,,185.0,27.0,-98.0,14.0,63.0,-86.0,-1.1339999999999998e+17,-7700000000000000.0,1.211e+17,-2.55e+16,-8.43e+16,2.37e+16,gcmt,58_gcmt
B060384A,1984-06-03T01:44:14,-75.71,-45.33,33.0,5.4,mwc,,,,,320.0,61.0,-161.0,221.0,73.0,-30.0,,,,,,,anss,59_anss
B060384A,1984-06-03T01:44:15,-76.55,-45.29,10.0,5.4,mw,0.07,0.06,0.0,,320.0,61.0,-161.0,221.0,73.0,-30.0,-7.79e+16,-1.174e+17,1.953e+17,4.16e+16,3.69e+16,8000000000000000.0,gcmt,59_gcmt
B061184A,1984-06-11T02:05:42,-71.9,-31.25,44.5,6.2,mw,0.02,0.02,1.6,,357.0,36.0,94.0,171.0,54.0,87.0,2.198e+18,2.98e+17,-2.497e+18,1.72e+17,-7.43e+17,3.1e+17,gcmt,60_gcmt
B110884E,1984-11-08T14:17:47,-68.63,-31.42,110.0,5.3,mwc,,,,,178.0,45.0,-115.0,32.0,50.0,-67.0,,,,,,,anss,61_anss
B110884E,1984-11-08T14:17:48,-68.5,-31.54,143.6,5.3,mw,0.13,0.11,4.6,,178.0,45.0,-115.0,32.0,50.0,-67.0,-9.666e+16,2940000000000000.0,9.372e+16,-3.35e+16,570000000000000.0,2.574e+16,gcmt,61_gcmt
B112984B,1984-11-29T19:12:29,-71.12,-35.5,85.0,5.4,mwc,,,2.5,,151.0,19.0,-154.0,37.0,82.0,-73.0,,,,,,,anss,62_anss
B112984B,1984-11-29T19:12:35,-71.28,-35.42,102.1,5.4,mw,0.06,0.05,3.6,,151.0,19.0,-154.0,37.0,82.0,-73.0,-3.752e+16,-2.316e+16,6.068e+16,-7.942e+16,-9.489e+16,2400000000000000.0,gcmt,62_gcmt
B012685A,1985-01-26T03:07:02,-68.54,-33.15,38.0,5.9,mwc,,,,,158.0,38.0,65.0,9.0,56.0,108.0,,,,,,,anss,63_anss
B012685A,1985-01-26T03:07:05,-68.75,-33.11,28.4,5.9,mw,0.03,0.03,1.7,,158.0,38.0,65.0,9.0,56.0,108.0,8.699999999999999e+17,1.161e+17,-9.861e+17,2.094e+17,3.349e+17,1.172e+17,gcmt,63_gcmt
B022185B,1985-02-21T18:53:08,-71.72,-33.28,33.0,5.7,mwc,,,12.1,,29.0,31.0,127.0,167.0,66.0,70.0,,,,,,,anss,64_anss
B022185B,1985-02-21T18:53:14,-72.1,-33.37,32.9,5.7,mw,0.04,0.03,2.1,,29.0,31.0,127.0,167.0,66.0,70.0,2.69e+17,8.7e+16,-3.56e+17,8.86e+16,-2.473e+17,-4.98e+16,gcmt,64_gcmt
choy19850303224726,1985-03-03T22:47:26,-71.62,-33.12,40.0,8.0,mw,,,,,360.0,35.0,105.0,360.0,35.0,105.0,,,,,,,anss,65_anss
M030385A,1985-03-03T22:47:39,-71.71,-33.92,40.7,7.9,mw,0.02,0.02,1.0,,11.0,26.0,110.0,169.0,66.0,81.0,7.48e+20,4.89e+19,-7.969e+20,1.912e+20,-6.55e+20,2.9e+18,gcmt,65_gcmt
B030485A,1985-03-04T00:32:21,-71.76,-33.23,33.0,7.3,mwc,,,,,234.0,32.0,155.0,346.0,77.0,60.0,,,,,,,anss,66_anss
B030485A,1985-03-04T00:32:52,-71.79,-33.06,33.0,7.3,mw,0.23,0.17,0.0,,234.0,32.0,155.0,346.0,77.0,60.0,5.84e+19,-5.5e+18,-5.289e+19,-7.36e+19,9.282e+19,-5.169e+19,gcmt,66_gcmt
B030485B,1985-03-04T06:06:57,-71.86,-33.58,33.0,6.3,mwc,,,,,215.0,24.0,143.0,340.0,76.0,70.0,,,,,,,anss,67_anss
B030485B,1985-03-04T06:07:12,-72.08,-33.43,10.0,6.3,mw,0.25,0.18,0.0,,215.0,24.0,143.0,340.0,76.0,70.0,1.579e+18,7.2e+17,-2.299e+18,-1.231e+18,2.721e+18,-3.16e+17,gcmt,67_gcmt
B030485C,1985-03-04T13:49:29,-71.96,-33.95,33.0,5.7,mwc,,,,,26.0,24.0,128.0,165.0,71.0,74.0,,,,,,,anss,68_anss
B030485C,1985-03-04T13:49:34,-72.75,-34.05,13.5,5.7,mw,0.09,0.1,4.8,,26.0,24.0,128.0,165.0,71.0,74.0,2.775e+17,2.64e+16,-3.04e+17,1.3560000000000002e+17,-3.308e+17,-3.95e+16,gcmt,68_gcmt
B030485D,1985-03-04T15:01:06,-71.32,-33.84,33.0,6.3,mwc,,,,,21.0,28.0,109.0,179.0,63.0,80.0,,,,,,,anss,69_anss
B030485D,1985-03-04T15:01:14,-71.81,-33.87,53.1,6.3,mw,0.03,0.02,1.4,,21.0,28.0,109.0,179.0,63.0,80.0,2.537e+18,4.36e+17,-2.973e+18,1.97e+17,-2.02e+18,-5.4700000000000006e+17,gcmt,69_gcmt
B030485E,1985-03-04T19:03:07,-71.6,-32.75,33.0,6.1,mwc,,,,,16.0,29.0,111.0,172.0,63.0,79.0,,,,,,,anss,70_anss
B030485E,1985-03-04T19:03:15,-72.06,-32.98,36.0,6.1,mw,0.03,0.03,1.8,,16.0,29.0,111.0,172.0,63.0,79.0,1.354e+18,3.95e+17,-1.749e+18,2.38e+17,-1.082e+18,-8.6e+16,gcmt,70_gcmt
B030585A,1985-03-05T09:08:54,-71.72,-34.24,33.0,5.4,mwc,,,,,36.0,14.0,126.0,180.0,79.0,82.0,,,,,,,anss,71_anss
B030585A,1985-03-05T09:09:01,-71.42,-34.18,33.0,5.4,mw,0.16,0.09,0.0,,36.0,14.0,126.0,180.0,79.0,82.0,6.16e+16,-2700000000000000.0,-5.89e+16,5400000000000000.0,-1.46e+17,-2.2e+16,gcmt,71_gcmt
B030785A,1985-03-07T00:54:56,-72.14,-33.01,33.0,5.4,mwc,,,10.1,,7.0,30.0,107.0,168.0,62.0,81.0,,,,,,,anss,72_anss
B030785A,1985-03-07T00:55:00,-72.31,-33.34,18.2,5.4,mw,0.07,0.06,3.0,,7.0,30.0,107.0,168.0,62.0,81.0,1.529e+17,600000000000000.0,-1.535e+17,3.57e+16,-9.51e+16,6800000000000000.0,gcmt,72_gcmt
B031285A,1985-03-12T08:23:15,-72.16,-33.1,33.0,5.8,mwc,,,10.1,,35.0,17.0,123.0,180.0,76.0,81.0,,,,,,,anss,73_anss
B031285A,1985-03-12T08:23:19,-72.59,-33.23,10.0,5.8,mw,0.06,0.04,0.0,,35.0,17.0,123.0,180.0,76.0,81.0,2.572e+17,3.71e+16,-2.943e+17,9600000000000000.0,-5.297e+17,-9.99e+16,gcmt,73_gcmt
C031785A,1985-03-17T10:41:37,-71.56,-32.66,33.0,6.5,mwc,,,,,356.0,26.0,91.0,175.0,64.0,90.0,,,,,,,anss,74_anss
C031785A,1985-03-17T10:41:45,-71.73,-33.22,43.5,6.5,mw,0.02,0.01,0.8,,356.0,26.0,91.0,175.0,64.0,90.0,6.243e+18,-1.93e+17,-6.05e+18,4.93e+17,-4.835e+18,5.09e+17,gcmt,74_gcmt
C031985A,1985-03-19T04:01:06,-71.76,-33.28,33.0,6.6,mwc,,,3.6,,355.0,24.0,90.0,175.0,66.0,90.0,,,,,,,anss,75_anss
C031985A,1985-03-19T04:01:13,-71.94,-33.63,35.6,6.6,mw,0.01,0.01,0.8,,355.0,24.0,90.0,175.0,66.0,90.0,8.667e+18,-2.99e+17,-8.368e+18,7.19e+17,-7.813e+18,7.49e+17,gcmt,75_gcmt
B032385A,1985-03-23T13:45:19,-72.11,-34.28,33.0,5.7,mwc,,,9.2,,26.0,21.0,106.0,189.0,70.0,84.0,,,,,,,anss,76_anss
B032385A,1985-03-23T13:45:25,-72.82,-34.49,17.7,5.7,mw,0.06,0.07,2.4,,26.0,21.0,106.0,189.0,70.0,84.0,2.339e+17,1.17e+16,-2.456e+17,-3.66e+16,-2.87e+17,-8.4e+16,gcmt,76_gcmt
B032385B,1985-03-23T14:36:57,-72.22,-33.3,33.0,5.5,mwc,,,8.6,,16.0,46.0,118.0,159.0,51.0,65.0,,,,,,,anss,77_anss
B032385B,1985-03-23T14:36:59,-72.54,-33.44,10.0,5.5,mw,0.07,0.07,0.0,,16.0,46.0,118.0,159.0,51.0,65.0,2.2480000000000003e+17,3.62e+16,-2.61e+17,7.67e+16,-1.97e+16,1.32e+16,gcmt,77_gcmt
B032485A,1985-03-24T16:16:33,-72.13,-34.35,33.0,5.7,mwc,,,,,20.0,19.0,114.0,175.0,73.0,82.0,,,,,,,anss,78_anss
B032485A,1985-03-24T16:16:37,-72.53,-34.44,25.4,5.7,mw,0.04,0.04,2.3,,20.0,19.0,114.0,175.0,73.0,82.0,2.235e+17,4.23e+16,-2.658e+17,4.16e+16,-3.454e+17,-3.13e+16,gcmt,78_gcmt
C032585A,1985-03-25T05:14:33,-72.28,-34.34,33.0,6.3,mwc,,,3.4,,10.0,20.0,98.0,181.0,70.0,87.0,,,,,,,anss,79_anss
C032585A,1985-03-25T05:14:39,-72.52,-34.6,23.9,6.3,mw,0.02,0.02,1.0,,10.0,20.0,98.0,181.0,70.0,87.0,2.595e+18,-7.9e+16,-2.516e+18,8999999999999998.0,-3.096e+18,-2.45e+17,gcmt,79_gcmt
B033085A,1985-03-30T13:47:28,-76.4,-45.46,33.0,5.4,mwc,,,,,325.0,26.0,-81.0,135.0,64.0,-94.0,,,,,,,anss,80_anss
B033085A,1985-03-30T13:47:29,-76.85,-45.34,10.0,5.4,mw,0.11,0.09,0.0,,325.0,26.0,-81.0,135.0,64.0,-94.0,-9.68e+16,3.4200000000000004e+16,6.26e+16,-7.15e+16,7.3e+16,-1.1060000000000002e+17,gcmt,80_gcmt
B040385B,1985-04-03T13:06:19,-71.61,-32.62,33.0,6.1,mwc,,,,,18.0,21.0,87.0,201.0,69.0,91.0,,,,,,,anss,81_anss
B040385B,1985-04-03T13:06:26,-71.5,-32.62,35.5,6.1,mw,0.03,0.02,1.4,,18.0,21.0,87.0,201.0,69.0,91.0,1.098e+18,-4e+16,-1.057e+18,-4.66e+17,-1.211e+18,-4.11e+17,gcmt,81_gcmt
C040985A,1985-04-09T01:56:58,-71.54,-34.17,33.0,7.1,mwc,,,,,0.0,21.0,99.0,170.0,69.0,86.0,,,,,,,anss,82_anss
C040985A,1985-04-09T01:57:07,-71.86,-34.26,46.6,7.1,mw,0.02,0.01,0.8,,0.0,21.0,99.0,170.0,69.0,86.0,3.318e+19,-1e+16,-3.316e+19,7.62e+18,-3.604e+19,3.12e+18,gcmt,82_gcmt
B041585A,1985-04-15T04:41:50,-72.02,-33.53,33.0,5.5,mwc,,,,,28.0,21.0,127.0,169.0,74.0,77.0,,,,,,,anss,83_anss
B041585A,1985-04-15T04:41:53,-72.11,-33.64,14.2,5.5,mw,0.16,0.08,4.1,,28.0,21.0,127.0,169.0,74.0,77.0,1.218e+17,2.55e+16,-1.473e+17,4.77e+16,-1.908e+17,-2.25e+16,gcmt,83_gcmt
B042885A,1985-04-28T02:53:44,-71.49,-33.07,60.0,5.6,mwc,,,,,7.0,22.0,100.0,176.0,69.0,86.0,,,,,,,anss,84_anss
B042885A,1985-04-28T02:53:47,-71.9,-33.18,29.6,5.6,mw,0.05,0.04,2.4,,7.0,22.0,100.0,176.0,69.0,86.0,2.102e+17,1.82e+16,-2.284e+17,2.5e+16,-2.3690000000000003e+17,-3300000000000000.0,gcmt,84_gcmt
B042885B,1985-04-28T08:30:32,-75.61,-39.7,33.0,5.9,mwc,,,,,46.0,27.0,-101.0,239.0,64.0,-84.0,,,,,,,anss,85_anss
B042885B,1985-04-28T08:30:36,-75.65,-39.99,10.0,5.9,mw,0.06,0.03,0.0,,46.0,27.0,-101.0,239.0,64.0,-84.0,-6.473e+17,4.1980000000000006e+17,2.274e+17,4.449e+17,2.264e+17,3.396e+17,gcmt,85_gcmt
B051785B,1985-05-17T02:44:07,-72.46,-34.28,33.0,5.4,mwc,,,,,46.0,32.0,143.0,168.0,71.0,63.0,,,,,,,anss,86_anss
B051785B,1985-05-17T02:44:10,-72.59,-34.19,36.1,5.4,mw,0.09,0.07,4.9,,46.0,32.0,143.0,168.0,71.0,63.0,7.91e+16,2.92e+16,-1.083e+17,3.71e+16,-1e+17,-4.18e+16,gcmt,86_gcmt
B051985A,1985-05-19T07:07:46,-72.3,-33.88,33.0,5.5,mwc,,,,,20.0,28.0,103.0,185.0,62.0,83.0,,,,,,,anss,87_anss
B051985A,1985-05-19T07:07:48,-72.54,-34.0,37.5,5.5,mw,0.05,0.04,2.7,,20.0,28.0,103.0,185.0,62.0,83.0,1.776e+17,3.58e+16,-2.134e+17,-5300000000000000.0,-1.3839999999999998e+17,-5.32e+16,gcmt,87_gcmt
B060285B,1985-06-02T16:26:58,-73.59,-37.8,33.0,5.8,mwc,,,,,347.0,24.0,47.0,212.0,73.0,107.0,,,,,,,anss,88_anss
B060285B,1985-06-02T16:27:02,-73.76,-37.83,32.0,5.8,mw,0.04,0.03,2.2,,347.0,24.0,47.0,212.0,73.0,107.0,4.115e+17,5.649999999999999e+16,-4.68e+17,-3.769e+17,-4.648e+17,-8.28e+16,gcmt,88_gcmt
B060985B,1985-06-09T18:46:30,-71.97,-33.25,33.0,5.2,mwc,,,9.3,,347.0,26.0,97.0,159.0,64.0,86.0,,,,,,,anss,89_anss
B060985B,1985-06-09T18:46:32,-71.68,-33.76,35.5,5.2,mw,0.09,0.07,5.0,,347.0,26.0,97.0,159.0,64.0,86.0,7.387e+16,-1.271e+16,-6.116e+16,2.261e+16,-4.975e+16,1.643e+16,gcmt,89_gcmt
B061185A,1985-06-11T11:12:28,-71.68,-32.48,33.0,5.5,mwc,,,,,14.0,28.0,103.0,180.0,63.0,83.0,,,,,,,anss,90_anss
B061185A,1985-06-11T11:12:32,-72.0,-32.57,34.4,5.5,mw,0.07,0.05,2.7,,14.0,28.0,103.0,180.0,63.0,83.0,1.501e+17,3.64e+16,-1.866e+17,5000000000000000.0,-1.2330000000000002e+17,-2.45e+16,gcmt,90_gcmt
B061485A,1985-06-14T13:14:14,-74.92,-40.74,33.0,5.4,mwc,,,,,223.0,48.0,-62.0,4.0,49.0,-117.0,,,,,,,anss,91_anss
B061485A,1985-06-14T13:14:16,-74.92,-40.74,10.0,5.4,mw,0.0,0.0,0.0,,223.0,48.0,-62.0,4.0,49.0,-117.0,-1.429e+17,4300000000000000.0,1.3859999999999998e+17,4.34e+16,-2.4e+16,7.18e+16,gcmt,91_gcmt
B070585B,1985-07-05T15:22:38,-72.17,-33.38,33.0,5.5,mwc,,,,,348.0,22.0,70.0,190.0,69.0,98.0,,,,,,,anss,92_anss
B070585B,1985-07-05T15:22:41,-72.43,-33.59,30.4,5.5,mw,0.09,0.05,2.7,,348.0,22.0,70.0,190.0,69.0,98.0,1.2410000000000002e+17,1.77e+16,-1.418e+17,-3.26e+16,-1.419e+17,-400000000000000.0,gcmt,92_gcmt
B070685B,1985-07-06T08:33:07,-72.12,-33.36,43.0,5.5,mwc,,,8.0,,356.0,27.0,79.0,189.0,63.0,96.0,,,,,,,anss,93_anss
B070685B,1985-07-06T08:33:09,-72.5,-33.6,20.8,5.5,mw,0.08,0.08,3.7,,356.0,27.0,79.0,189.0,63.0,96.0,1.413e+17,2.49e+16,-1.662e+17,-2.29e+16,-1.101e+17,-1.07e+16,gcmt,93_gcmt
B070785B,1985-07-07T11:25:12,-72.0,-32.88,32.0,6.0,mwc,,,,,0.0,21.0,96.0,174.0,69.0,88.0,,,,,,,anss,94_anss
B070785B,1985-07-07T11:25:17,-72.38,-33.02,24.6,6.0,mw,0.03,0.03,1.4,,0.0,21.0,96.0,174.0,69.0,88.0,8.042e+17,9.58e+16,-9e+17,1.1279999999999998e+17,-9.207e+17,6.09e+16,gcmt,94_gcmt
B071185B,1985-07-11T20:31:13,-72.0,-32.93,33.0,5.5,mwc,,,,,2.0,28.0,90.0,182.0,62.0,90.0,,,,,,,anss,95_anss
B071185B,1985-07-11T20:31:15,-72.32,-32.93,29.5,5.5,mw,0.05,0.05,2.6,,2.0,28.0,90.0,182.0,62.0,90.0,1.536e+17,2.04e+16,-1.74e+17,-3500000000000000.5,-1.083e+17,-6600000000000000.0,gcmt,95_gcmt
B071785B,1985-07-17T13:53:02,-71.42,-32.65,50.0,5.5,mwc,,,,,15.0,27.0,115.0,168.0,66.0,78.0,,,,,,,anss,96_anss
B071785B,1985-07-17T13:53:05,-72.07,-32.71,31.1,5.5,mw,0.05,0.05,2.7,,15.0,27.0,115.0,168.0,66.0,78.0,1.623e+17,3.04e+16,-1.927e+17,4.65e+16,-1.431e+17,-1000000000000000.0,gcmt,96_gcmt
B080485B,1985-08-04T04:54:01,-75.45,-44.89,23.0,5.8,mwc,,,,,199.0,24.0,-64.0,352.0,68.0,-101.0,,,,,,,anss,97_anss
B080485B,1985-08-04T04:54:05,-76.14,-45.37,10.0,5.8,mw,0.08,0.07,0.0,,199.0,24.0,-64.0,352.0,68.0,-101.0,-4.184e+17,-1.087e+17,5.271e+17,9.46e+16,-4.773e+17,4.03e+16,gcmt,97_gcmt
B081285A,1985-08-12T00:04:50,-73.49,-38.42,33.0,6.2,mwc,,,,,16.0,15.0,111.0,174.0,76.0,84.0,,,,,,,anss,98_anss
B081285A,1985-08-12T00:04:53,-73.94,-38.45,17.2,6.2,mw,0.03,0.02,1.3,,16.0,15.0,111.0,174.0,76.0,84.0,1.11e+18,-5.4e+16,-1.056e+18,2.7800000000000003e+17,-1.977e+18,-1.05e+17,gcmt,98_gcmt
B082085B,1985-08-20T12:21:05,-72.19,-33.75,33.0,5.2,mwc,,,,,12.0,33.0,104.0,176.0,58.0,81.0,,,,,,,anss,99_anss
B082085B,1985-08-20T12:21:09,-72.55,-33.97,39.0,5.2,mw,0.08,0.07,4.8,,12.0,33.0,104.0,176.0,58.0,81.0,6.386e+16,1.066e+16,-7.452e+16,6800000000000000.0,-3.341e+16,-5460000000000000.0,gcmt,99_gcmt
B102485A,1985-10-24T01:48:56,-68.64,-31.41,111.0,5.5,mwc,,,,,63.0,44.0,-105.0,263.0,48.0,-76.0,,,,,,,anss,100_anss
B102485A,1985-10-24T01:49:00,-68.73,-31.55,124.2,5.5,mw,0.05,0.03,1.4,,63.0,44.0,-105.0,263.0,48.0,-76.0,-2.627e+17,2.235e+17,3.91e+16,2.94e+16,-4.62e+16,6.06e+16,gcmt,100_gcmt
B110685B,1985-11-06T16:08:53,-74.3,-41.0,15.9,5.3,mw,0.14,0.09,5.6,,221.0,49.0,-52.0,351.0,53.0,-125.0,-7.53e+16,-1.265e+16,8.795e+16,3.475e+16,-1.689e+16,3.114e+16,gcmt,101_gcmt
B110685B,1985-11-06T16:08:53,-74.87,-40.62,33.0,5.3,mwc,,,,,221.0,49.0,-52.0,351.0,53.0,-125.0,,,,,,,anss,101_anss
B010886A,1986-01-08T03:42:48,-71.24,-35.93,89.0,5.1,mwc,,,5.1,,303.0,16.0,0.0,33.0,90.0,-106.0,,,,,,,anss,102_anss
B010886A,1986-01-08T03:42:54,-71.38,-35.83,96.4,5.1,mw,0.16,0.1,11.2,,303.0,16.0,0.0,33.0,90.0,-106.0,1380000000000000.0,1.464e+16,-1.602e+16,-3.571e+16,-5.215e+16,9440000000000000.0,gcmt,102_gcmt
B020986A,1986-02-09T23:32:11,-71.27,-36.13,86.0,5.2,mwc,,,,,14.0,14.0,92.0,192.0,76.0,89.0,,,,,,,anss,103_anss
B020986A,1986-02-09T23:32:18,-71.11,-36.24,125.4,5.2,mw,0.15,0.07,4.3,,14.0,14.0,92.0,192.0,76.0,89.0,3.297e+16,1.534e+16,-4.832e+16,-1.66e+16,-8.03e+16,-1.481e+16,gcmt,103_gcmt
B032686A,1986-03-26T07:04:49,-72.1,-34.1,33.0,5.4,mwc,,,7.4,,5.0,24.0,97.0,177.0,66.0,87.0,,,,,,,anss,104_anss
B032686A,1986-03-26T07:04:53,-72.22,-34.07,37.6,5.4,mw,0.06,0.05,3.7,,5.0,24.0,97.0,177.0,66.0,87.0,1.34e+17,1.11e+16,-1.451e+17,1.02e+16,-1.2609999999999998e+17,-1500000000000000.0,gcmt,104_gcmt
B072886B,1986-07-28T20:29:01,-72.13,-33.38,32.0,5.7,mwc,,,9.5,,4.0,22.0,100.0,174.0,68.0,86.0,,,,,,,anss,105_anss
B072886B,1986-07-28T20:29:05,-72.47,-33.53,18.2,5.7,mw,0.04,0.05,2.1,,4.0,22.0,100.0,174.0,68.0,86.0,2.797e+17,2.29e+16,-3.026e+17,3.99e+16,-3.052e+17,6200000000000000.0,gcmt,105_gcmt
B081186E,1986-08-11T22:06:49,-67.76,-31.19,26.5,5.3,mw,0.07,0.06,5.5,,187.0,49.0,167.0,285.0,80.0,41.0,2.675e+16,2.631e+16,-5.305e+16,-8.654e+16,530000000000000.0,9.006e+16,gcmt,106_gcmt
B090586B,1986-09-05T06:06:15,-71.76,-37.05,94.0,5.3,mwc,,,6.0,,129.0,24.0,174.0,225.0,88.0,66.0,,,,,,,anss,107_anss
B090586B,1986-09-05T06:06:20,-72.53,-37.05,80.5,5.3,mw,0.13,0.07,9.7,,129.0,24.0,174.0,225.0,88.0,66.0,7190000000000000.0,-5.144e+16,4.425e+16,-7.539e+16,-7.451e+16,-8760000000000000.0,gcmt,107_gcmt
B112886A,1986-11-28T20:34:49,-77.17,-45.53,15.0,5.2,mw,0.15,0.08,0.0,,260.0,90.0,180.0,350.0,90.0,0.0,-1.473e+16,3.622e+16,-2.149e+16,0.0,0.0,-7.995e+16,gcmt,108_gcmt
B112886A,1986-11-28T20:34:52,-76.67,-45.12,33.0,5.2,mwc,,,,,260.0,90.0,180.0,350.0,90.0,0.0,,,,,,,anss,108_anss
B012787A,1987-01-27T07:06:51,-72.04,-32.13,31.0,5.5,mwc,,,6.8,,28.0,32.0,138.0,156.0,69.0,65.0,,,,,,,anss,109_anss
B012787A,1987-01-27T07:06:55,-72.65,-32.35,15.0,5.5,mw,0.06,0.05,0.0,,28.0,32.0,138.0,156.0,69.0,65.0,1.322e+17,6.44e+16,-1.966e+17,8e+16,-1.294e+17,2300000000000000.0,gcmt,109_gcmt
B020387A,1987-02-03T16:42:41,-72.87,-37.78,32.0,5.8,mwc,,,,,357.0,16.0,95.0,172.0,74.0,89.0,,,,,,,anss,110_anss
B020387A,1987-02-03T16:42:46,-73.3,-37.69,28.4,5.8,mw,0.06,0.05,2.8,,357.0,16.0,95.0,172.0,74.0,89.0,3.331e+17,4.16e+16,-3.748e+17,8.58e+16,-5.593e+17,4.64e+16,gcmt,110_gcmt
B021487D,1987-02-14T15:44:15,-75.99,-45.71,10.0,5.9,mwc,,,,,259.0,76.0,-171.0,167.0,81.0,-14.0,,,,,,,anss,111_anss
B021487D,1987-02-14T15:44:19,-76.51,-45.7,15.0,5.9,mw,0.05,0.03,0.0,,259.0,76.0,-171.0,167.0,81.0,-14.0,-1.297e+17,3.629e+17,-2.3330000000000003e+17,4.45e+16,1.735e+17,-6.801e+17,gcmt,111_gcmt
B032387B,1987-03-23T20:47:57,-72.23,-34.07,33.0,5.1,mwc,,,14.5,,31.0,41.0,125.0,169.0,58.0,64.0,,,,,,,anss,112_anss
B032387B,1987-03-23T20:47:59,-72.84,-34.32,51.2,5.1,mw,0.09,0.08,5.2,,31.0,41.0,125.0,169.0,58.0,64.0,5.032e+16,1.457e+16,-6.49e+16,1.574e+16,-2.132e+16,-1.332e+16,gcmt,112_gcmt
B080487A,1987-08-04T15:04:40,-73.1,-40.46,38.0,5.4,mwc,,,,,84.0,48.0,32.0,331.0,67.0,133.0,,,,,,,anss,113_anss
B080487A,1987-08-04T15:04:42,-73.66,-40.63,64.5,5.4,mw,0.06,0.03,2.9,,84.0,48.0,32.0,331.0,67.0,133.0,7.807e+16,-9.710000000000002e+16,1.904e+16,-7540000000000000.0,7.233e+16,8.77e+16,gcmt,113_gcmt
B091187B,1987-09-11T04:02:03,-70.73,-31.46,95.0,5.2,mwc,,,,,52.0,10.0,-39.0,181.0,84.0,-98.0,,,,,,,anss,114_anss
B091187B,1987-09-11T04:02:06,-71.02,-31.67,114.2,5.2,mw,0.11,0.06,4.5,,52.0,10.0,-39.0,181.0,84.0,-98.0,-1.804e+16,8580000000000000.0,9470000000000000.0,-1170000000000000.0,6.666e+16,8860000000000000.0,gcmt,114_gcmt
B091387C,1987-09-13T20:08:51,-69.97,-34.19,10.0,5.9,mwc,,,,,27.0,58.0,176.0,119.0,87.0,32.0,,,,,,,anss,115_anss
B091387C,1987-09-13T20:08:53,-70.0,-34.59,15.0,5.9,mw,0.04,0.03,0.0,,27.0,58.0,176.0,119.0,87.0,32.0,-2200000000000000.0,5.529e+17,-5.507e+17,4.011e+17,-1.2410000000000002e+17,3.47e+17,gcmt,115_gcmt
B112987A,1987-11-29T07:57:22,-76.57,-45.87,15.0,5.4,mw,0.07,0.06,0.0,,154.0,37.0,-95.0,340.0,53.0,-86.0,-1.599e+17,6800000000000000.0,1.531e+17,1.23e+16,-4.96e+16,-7.26e+16,gcmt,116_gcmt
B112987A,1987-11-29T07:57:23,-76.44,-45.78,33.0,5.4,mwc,,,,,154.0,37.0,-95.0,340.0,53.0,-86.0,,,,,,,anss,116_anss
B123087A,1987-12-30T11:56:19,-70.81,-35.03,89.0,5.4,mwc,,,,,126.0,21.0,-171.0,27.0,87.0,-69.0,,,,,,,anss,117_anss
B123087A,1987-12-30T11:56:28,-71.01,-34.74,111.6,5.4,mw,0.06,0.07,3.4,,126.0,21.0,-171.0,27.0,87.0,-69.0,-1.7299999999999998e+16,-4.46e+16,6.19e+16,-7.35e+16,-1.365e+17,-2.61e+16,gcmt,117_gcmt
B031388A,1988-03-13T11:31:32,-72.27,-33.67,42.0,5.8,mwc,,,10.6,,38.0,28.0,138.0,166.0,72.0,68.0,,,,,,,anss,118_anss
B031388A,1988-03-13T11:31:35,-73.07,-33.82,15.0,5.8,mw,0.04,0.04,0.0,,38.0,28.0,138.0,166.0,72.0,68.0,3.808e+17,1.039e+17,-4.848e+17,1.965e+17,-4.954e+17,-1.2729999999999998e+17,gcmt,118_gcmt
B052188B,1988-05-21T14:28:39,-71.75,-32.89,42.0,6.1,mwc,,,7.7,,64.0,4.0,159.0,175.0,89.0,87.0,,,,,,,anss,119_anss
B052188B,1988-05-21T14:28:49,-71.57,-32.92,15.0,6.1,mw,0.09,0.05,0.0,,64.0,4.0,159.0,175.0,89.0,87.0,1.62e+17,-1.3500000000000002e+17,-2.7e+16,1.85e+17,-1.81e+18,-1.23e+17,gcmt,119_gcmt
B111488C,1988-11-14T16:55:33,-71.76,-32.58,50.0,5.1,mwc,,,6.9,,347.0,27.0,96.0,160.0,63.0,87.0,,,,,,,anss,120_anss
B111488C,1988-11-14T16:55:38,-72.21,-32.76,50.6,5.1,mw,0.1,0.07,5.5,,347.0,27.0,96.0,160.0,63.0,87.0,5.246000000000001e+16,-1.422e+16,-3.825e+16,1.405e+16,-3.085e+16,7550000000000000.0,gcmt,120_gcmt
B011589A,1989-01-15T01:27:45,-71.72,-31.69,47.0,5.4,mwc,,,6.2,,336.0,10.0,113.0,133.0,81.0,86.0,,,,,,,anss,121_anss
B011589A,1989-01-15T01:27:52,-71.72,-31.69,15.0,5.4,mw,0.0,0.0,0.0,,336.0,10.0,113.0,133.0,81.0,86.0,5.649999999999999e+16,-1.94e+16,-3.71e+16,1.1319999999999998e+17,-1.002e+17,1.57e+16,gcmt,121_gcmt
B022189B,1989-02-21T22:08:55,-78.44,-44.96,15.0,5.5,mw,0.1,0.04,0.0,,98.0,20.0,-80.0,268.0,71.0,-94.0,-1.3700000000000002e+17,1.607e+17,-2.36e+16,1.85e+17,9600000000000000.0,-7800000000000000.0,gcmt,122_gcmt
B022489C,1989-02-24T12:36:48,-71.83,-39.26,15.0,5.2,mw,0.09,0.1,0.0,,110.0,62.0,23.0,9.0,70.0,150.0,2.3650000000000004e+16,2.289e+16,-4.654e+16,4.16e+16,3.467e+16,6.386999999999999e+16,gcmt,123_gcmt
B022489C,1989-02-24T12:36:59,-70.98,-38.42,33.0,5.2,mwc,,,,,110.0,62.0,23.0,9.0,70.0,150.0,,,,,,,anss,123_anss
B040189A,1989-04-01T21:58:13,-70.06,-32.87,100.0,5.3,mwc,,,,,158.0,18.0,-122.0,10.0,75.0,-80.0,,,,,,,anss,124_anss
B040189A,1989-04-01T21:58:18,-70.19,-32.86,119.0,5.3,mw,0.08,0.04,3.2,,158.0,18.0,-122.0,10.0,75.0,-80.0,-4.807e+16,-1.821e+16,6.628e+16,-1.821e+16,-9.198e+16,-3970000000000000.0,gcmt,124_gcmt
B041389A,1989-04-13T00:43:10,-75.07,-39.96,15.0,5.8,mw,0.04,0.03,0.0,,204.0,34.0,-51.0,339.0,64.0,-113.0,-4.21e+17,-6.12e+16,4.822e+17,2.237e+17,-2.672e+17,2.3e+16,gcmt,125_gcmt
B041389A,1989-04-13T00:43:11,-75.03,-39.56,33.0,5.8,mwc,,,,,204.0,34.0,-51.0,339.0,64.0,-113.0,,,,,,,anss,125_anss
B061789A,1989-06-17T18:28:08,-74.7,-40.47,33.0,5.6,mwc,,,,,247.0,34.0,-28.0,1.0,75.0,-121.0,,,,,,,anss,126_anss
B061789A,1989-06-17T18:28:14,-75.21,-41.1,15.0,5.6,mw,0.13,0.07,0.0,,247.0,34.0,-28.0,1.0,75.0,-121.0,-1.319e+17,5.26e+16,7.93e+16,8.03e+16,-2.141e+17,1.23e+17,gcmt,126_gcmt
B040290A,1990-04-02T13:56:34,-71.97,-32.57,39.0,5.6,mwc,,,6.9,,6.0,36.0,106.0,167.0,56.0,79.0,,,,,,,anss,127_anss
B040290A,1990-04-02T13:56:37,-72.63,-33.04,15.0,5.6,mw,0.05,0.04,0.0,,6.0,36.0,106.0,167.0,56.0,79.0,2.918e+17,6.889999999999999e+16,-3.607e+17,5.19e+16,-1.147e+17,3.06e+16,gcmt,127_gcmt
choy19900421185452,1990-04-21T18:54:52,-73.3,-36.99,12.0,6.3,mw,,,,,352.0,17.0,80.0,183.0,73.0,93.0,,,,,,,anss,128_anss
B042190B,1990-04-21T18:54:56,-73.79,-37.28,19.9,5.8,mw,0.05,0.04,2.4,,352.0,17.0,80.0,183.0,73.0,93.0,3.555e+17,2.45e+16,-3.8e+17,-3.99e+16,-5.435e+17,1.29e+16,gcmt,128_gcmt
B042290A,1990-04-22T20:25:25,-73.36,-38.01,33.0,5.6,mwc,,,,,347.0,16.0,81.0,177.0,74.0,93.0,,,,,,,anss,129_anss
B042290A,1990-04-22T20:25:27,-73.6,-38.07,31.0,5.6,mw,0.05,0.04,2.6,,347.0,16.0,81.0,177.0,74.0,93.0,1.84e+17,7800000000000000.0,-1.919e+17,1.34e+16,-2.978e+17,2.83e+16,gcmt,129_gcmt
C051490C,1990-05-14T21:34:04,-71.38,-35.84,81.0,6.1,mwc,,,,,273.0,40.0,19.0,168.0,78.0,128.0,,,,,,,anss,130_anss
C051490C,1990-05-14T21:34:09,-71.34,-35.89,92.0,6.1,mw,0.02,0.02,1.6,,273.0,40.0,19.0,168.0,78.0,128.0,5.77e+17,-5.92e+17,1.4e+16,-1.64e+17,-1.458e+18,1.059e+18,gcmt,130_gcmt
B080290A,1990-08-02T05:24:08,-71.58,-31.61,41.0,6.0,mwc,,,3.4,,2.0,27.0,95.0,177.0,63.0,87.0,,,,,,,anss,131_anss
B080290A,1990-08-02T05:24:14,-72.2,-32.14,35.1,6.0,mw,0.04,0.03,1.8,,2.0,27.0,95.0,177.0,63.0,87.0,1.015e+18,1.09e+17,-1.124e+18,6.5e+16,-7.95e+17,1.3e+16,gcmt,131_gcmt
B090490F,1990-09-04T23:15:11,-68.96,-31.2,112.0,5.7,mwc,,,,,215.0,44.0,-92.0,37.0,46.0,-88.0,,,,,,,anss,132_anss
B101190A,1990-10-11T04:25:24,-72.06,-33.7,30.0,5.4,mwc,,,,,329.0,11.0,58.0,182.0,81.0,96.0,,,,,,,anss,133_anss
B101190A,1990-10-11T04:25:28,-72.07,-34.17,15.0,5.4,mw,0.1,0.08,0.0,,329.0,11.0,58.0,182.0,81.0,96.0,5.3e+16,-5500000000000000.0,-4.76e+16,-1e+16,-1.539e+17,1.4399999999999998e+16,gcmt,133_gcmt
B122190F,1990-12-21T18:31:42,-69.59,-32.66,109.0,5.4,mwc,,,3.0,,289.0,47.0,-7.0,24.0,85.0,-137.0,,,,,,,anss,134_anss
B122190F,1990-12-21T18:31:50,-69.7,-32.71,130.1,5.4,mw,0.05,0.04,2.0,,289.0,47.0,-7.0,24.0,85.0,-137.0,-2.85e+16,9.75e+16,-6.899999999999999e+16,-5.15e+16,-1.004e+17,9.67e+16,gcmt,134_gcmt
B051891A,1991-05-18T06:57:28,-74.86,-40.12,33.0,5.4,mwc,,,,,242.0,61.0,-27.0,346.0,67.0,-149.0,,,,,,,anss,135_anss
B051891A,1991-05-18T06:57:29,-75.45,-40.59,15.0,5.4,mw,0.12,0.09,0.0,,242.0,61.0,-27.0,346.0,67.0,-149.0,-7.09e+16,-5.84e+16,1.293e+17,5.36e+16,-3.87e+16,1.0129999999999998e+17,gcmt,135_gcmt
B060391B,1991-06-03T05:05:18,-74.64,-39.98,33.0,5.5,mwc,,,,,345.0,46.0,-146.0,229.0,66.0,-49.0,,,,,,,anss,136_anss
B060391B,1991-06-03T05:05:21,-75.75,-40.77,15.0,5.5,mw,0.07,0.06,0.0,,345.0,46.0,-146.0,229.0,66.0,-49.0,-1.475e+17,-9.36e+16,2.411e+17,7.12e+16,7.38e+16,1.423e+17,gcmt,136_gcmt
B081891D,1991-08-18T21:52:05,-71.43,-31.96,46.0,5.2,mwc,,,,,312.0,18.0,37.0,186.0,79.0,105.0,,,,,,,anss,137_anss
B081891D,1991-08-18T21:52:13,-71.9,-31.95,46.3,5.2,mw,0.11,0.07,7.2,,312.0,18.0,37.0,186.0,79.0,105.0,2.802e+16,8050000000000000.0,-3.607e+16,-9880000000000000.0,-7.311e+16,1.715e+16,gcmt,137_gcmt
B091591E,1991-09-15T22:56:19,-69.92,-31.48,112.0,5.8,mwc,,,,,262.0,87.0,0.0,172.0,90.0,177.0,,,,,,,anss,138_anss
B091591E,1991-09-15T22:56:26,-69.96,-31.58,123.2,5.8,mw,0.03,0.02,1.1,,262.0,87.0,0.0,172.0,90.0,177.0,1.17e+16,-1.936e+17,1.819e+17,4500000000000000.0,-3.22e+16,6.721e+17,gcmt,138_gcmt
B120191C,1991-12-01T22:41:13,-69.46,-32.02,102.0,5.4,mwc,,,,,197.0,46.0,-121.0,58.0,52.0,-62.0,,,,,,,anss,139_anss
B120191C,1991-12-01T22:41:23,-69.55,-32.03,114.0,5.4,mw,0.06,0.06,1.9,,197.0,46.0,-121.0,58.0,52.0,-62.0,-1.074e+17,2.52e+16,8.21e+16,-2.26e+16,600000000000000.0,1.199e+17,gcmt,139_gcmt
B041092B,1992-04-10T09:33:07,-71.96,-33.96,32.0,5.1,mwc,,,,,248.0,57.0,-172.0,154.0,83.0,-33.0,,,,,,,anss,140_anss
B041092B,1992-04-10T09:33:12,-71.7,-33.68,32.0,5.1,mw,0.16,0.12,0.0,,248.0,57.0,-172.0,154.0,83.0,-33.0,-140000000000000.0,3.587e+16,-3.573e+16,-890000000000000.0,3.499e+16,-2.812e+16,gcmt,140_gcmt
B050392B,1992-05-03T03:40:40,-71.48,-32.28,61.0,5.5,mwc,,,4.2,,275.0,4.0,23.0,162.0,88.0,94.0,,,,,,,anss,141_anss
B050392B,1992-05-03T03:40:42,-71.66,-32.36,61.0,5.5,mw,0.05,0.04,0.0,,275.0,4.0,23.0,162.0,88.0,94.0,2.31e+16,-2.9e+16,5900000000000000.0,6.59e+16,-2.0710000000000003e+17,4200000000000001.0,gcmt,141_gcmt
B051892B,1992-05-18T03:02:21,-72.03,-33.61,28.0,6.1,mwc,,,,,19.0,8.0,120.0,169.0,83.0,86.0,,,,,,,anss,142_anss
B051892B,1992-05-18T03:02:26,-72.03,-33.61,15.0,6.1,mw,0.0,0.0,0.0,,19.0,8.0,120.0,169.0,83.0,86.0,4.69e+17,-9.7e+16,-3.73e+17,3.37e+17,-1.655e+18,-7.000000000000001e+16,gcmt,142_gcmt
B052292A,1992-05-22T01:20:38,-72.04,-33.7,33.0,5.5,mwc,,,6.4,,0.0,21.0,92.0,178.0,69.0,89.0,,,,,,,anss,143_anss
B052292A,1992-05-22T01:20:43,-72.42,-33.84,34.3,5.5,mw,0.04,0.04,2.4,,0.0,21.0,92.0,178.0,69.0,89.0,1.865e+17,-1.54e+16,-1.711e+17,6600000000000000.0,-1.971e+17,1200000000000000.0,gcmt,143_gcmt
19921001081852,1992-10-01T08:18:52,-74.96,-39.04,15.0,5.5,mwc,,,,,35.0,42.0,-51.0,167.0,58.0,-120.0,-1.469e+17,-3.8e+16,1.849e+17,-5.73e+16,6.08e+16,4.29e+16,anss,144_anss
B100192D,1992-10-01T08:18:52,-74.96,-39.04,15.0,5.5,mw,0.0,0.0,0.0,,35.0,42.0,-51.0,167.0,58.0,-120.0,-1.469e+17,-3.8e+16,1.849e+17,-5.729999999999999e+16,6.08e+16,4.29e+16,gcmt,144_gcmt
B110492E,1992-11-04T21:32:36,-71.55,-31.63,37.0,6.0,mwc,,,,,0.0,28.0,93.0,177.0,62.0,89.0,,,,,,,anss,145_anss
B110492E,1992-11-04T21:32:41,-72.21,-31.98,19.2,6.0,mw,0.03,0.02,1.4,,0.0,28.0,93.0,177.0,62.0,89.0,1.076e+18,-2.3e+16,-1.053e+18,5.6e+16,-7.33e+17,3e+16,gcmt,145_gcmt
C112892B,1992-11-28T03:13:37,-71.94,-31.4,39.0,6.4,mwc,,,,,51.0,52.0,-177.0,319.0,87.0,-38.0,,,,,,,anss,146_anss
C112892B,1992-11-28T03:13:38,-72.08,-31.59,22.3,6.4,mw,0.01,0.01,1.1,,51.0,52.0,-177.0,319.0,87.0,-38.0,-8.42e+17,4.764e+18,-3.921e+18,2.736e+18,-2.11e+18,-1.185e+18,gcmt,146_gcmt
B122992C,1992-12-29T20:31:43,-67.31,-31.69,131.0,5.4,mwc,,,,,139.0,26.0,-112.0,343.0,66.0,-80.0,,,,,,,anss,147_anss
B122992C,1992-12-29T20:31:48,-67.15,-31.55,144.4,5.4,mw,0.13,0.11,4.6,,139.0,26.0,-112.0,343.0,66.0,-80.0,-8.853e+16,-1070000000000000.0,8.960000000000002e+16,2.374e+16,-8.882999999999998e+16,-6.148e+16,gcmt,147_gcmt
B010193C,1993-01-01T09:56:27,-71.54,-31.59,27.0,5.3,mwc,,,,,356.0,19.0,92.0,174.0,71.0,89.0,,,,,,,anss,148_anss
B010193C,1993-01-01T09:56:34,-71.66,-31.93,22.2,5.3,mw,0.07,0.07,3.1,,356.0,19.0,92.0,174.0,71.0,89.0,7.022e+16,-1.058e+16,-5.963e+16,9310000000000000.0,-8.224e+16,4050000000000001.0,gcmt,148_gcmt
B031793A,1993-03-17T04:35:58,-75.37,-38.67,15.0,5.6,mw,0.05,0.04,0.0,,224.0,30.0,-37.0,348.0,72.0,-115.0,-1.572e+17,-6.33e+16,2.2040000000000003e+17,7.39e+16,-2.148e+17,7.56e+16,gcmt,149_gcmt
B031793A,1993-03-17T04:36:01,-74.91,-37.58,30.0,5.6,mwc,,,,,224.0,30.0,-37.0,348.0,72.0,-115.0,,,,,,,anss,149_anss
B060193C,1993-06-01T15:53:43,-77.26,-45.74,10.0,5.9,mwc,,,,,172.0,73.0,16.0,77.0,75.0,162.0,,,,,,,anss,150_anss
B060193C,1993-06-01T15:53:51,-77.64,-46.0,15.0,5.9,mw,0.03,0.02,0.0,,172.0,73.0,16.0,77.0,75.0,162.0,1.86e+16,2.8650000000000003e+17,-3.051e+17,3.536e+17,-2.281e+17,-7.769e+17,gcmt,150_gcmt
C060893F,1993-06-08T23:17:41,-69.22,-31.59,113.0,6.3,mwc,,,,,40.0,41.0,-95.0,226.0,49.0,-86.0,,,,,,,anss,151_anss
C060893F,1993-06-08T23:17:47,-69.13,-31.62,124.5,6.3,mw,0.02,0.01,0.6,,40.0,41.0,-95.0,226.0,49.0,-86.0,-2.988e+18,1.386e+18,1.601e+18,4.03e+17,2.08e+17,1.768e+18,gcmt,151_gcmt
B071693C,1993-07-16T21:21:26,-71.95,-33.13,31.0,5.6,mwc,,,,,7.0,18.0,111.0,164.0,73.0,83.0,,,,,,,anss,152_anss
B071693C,1993-07-16T21:21:35,-72.56,-33.32,19.2,5.6,mw,0.04,0.04,2.2,,7.0,18.0,111.0,164.0,73.0,83.0,1.913e+17,1.27e+16,-2.041e+17,8.7e+16,-2.714e+17,1.82e+16,gcmt,152_gcmt
B103093E,1993-10-30T17:59:02,-68.21,-31.75,109.0,5.8,mwc,,,,,180.0,41.0,-125.0,43.0,58.0,-64.0,,,,,,,anss,153_anss
B103093E,1993-10-30T17:59:08,-68.16,-31.77,125.6,5.8,mw,0.02,0.02,0.8,,180.0,41.0,-125.0,43.0,58.0,-64.0,-5.091e+17,-2500000000000000.0,5.116e+17,-2.775e+17,-8.2e+16,2.3570000000000003e+17,gcmt,153_gcmt
B120493E,1993-12-04T23:16:52,-71.86,-33.83,53.0,5.6,mwc,,,4.4,,35.0,16.0,140.0,163.0,80.0,77.0,,,,,,,anss,154_anss
B120493E,1993-12-04T23:16:59,-72.22,-33.57,28.8,5.6,mw,0.07,0.07,3.5,,35.0,16.0,140.0,163.0,80.0,77.0,1.159e+17,1.79e+16,-1.338e+17,1.016e+17,-2.758e+17,-3.2e+16,gcmt,154_gcmt
B041694D,1994-04-16T09:55:20,-71.34,-31.61,35.0,5.6,mwc,,,,,10.0,26.0,108.0,171.0,65.0,81.0,,,,,,,anss,155_anss
B041694D,1994-04-16T09:55:26,-71.84,-32.23,31.3,5.6,mw,0.03,0.03,2.1,,10.0,26.0,108.0,171.0,65.0,81.0,2.35e+17,0.0,-2.35e+17,5.12e+16,-1.875e+17,-3700000000000000.0,gcmt,155_gcmt
B042894B,1994-04-28T16:44:54,-74.65,-39.37,27.0,5.5,mwc,,,,,225.0,51.0,-44.0,346.0,57.0,-132.0,,,,,,,anss,156_anss
B042894B,1994-04-28T16:44:57,-75.72,-39.95,15.0,5.5,mw,0.04,0.04,0.0,,225.0,51.0,-44.0,346.0,57.0,-132.0,-1.66e+17,-6.7e+16,2.33e+17,9.17e+16,-4.85e+16,8.7e+16,gcmt,156_gcmt
B061694B,1994-06-16T00:47:23,-71.89,-32.65,33.0,5.1,mwc,,,,,10.0,22.0,112.0,166.0,70.0,81.0,,,,,,,anss,157_anss
B061694B,1994-06-16T00:47:27,-71.96,-32.99,36.0,5.1,mw,0.12,0.11,0.0,,10.0,22.0,112.0,166.0,70.0,81.0,3.409e+16,-2630000000000000.0,-3.146e+16,1.205e+16,-3.362e+16,190000000000000.0,gcmt,157_gcmt
B091294B,1994-09-12T06:29:56,-71.64,-31.13,53.0,5.9,mwc,,,,,306.0,21.0,51.0,167.0,74.0,103.0,,,,,,,anss,158_anss
B091294B,1994-09-12T06:30:01,-72.13,-31.26,47.3,5.9,mw,0.02,0.02,1.6,,306.0,21.0,51.0,167.0,74.0,103.0,3.786e+17,-1.14e+16,-3.671e+17,1.391e+17,-6.761e+17,3.028e+17,gcmt,158_gcmt
B091494C,1994-09-14T05:02:12,-71.62,-31.24,38.0,5.4,mwc,,,,,26.0,32.0,131.0,160.0,66.0,68.0,,,,,,,anss,159_anss
B091494C,1994-09-14T05:02:18,-72.09,-31.23,28.4,5.4,mw,0.04,0.04,2.5,,26.0,32.0,131.0,160.0,66.0,68.0,1.1140000000000002e+17,3.84e+16,-1.499e+17,5.19e+16,-9.2e+16,-4700000000000000.0,gcmt,159_gcmt
B091794D,1994-09-17T12:22:14,-71.67,-32.19,28.0,5.7,mwc,,,,,11.0,26.0,83.0,199.0,64.0,93.0,,,,,,,anss,160_anss
B091794D,1994-09-17T12:22:20,-72.01,-32.48,18.8,5.7,mw,0.02,0.02,1.1,,11.0,26.0,83.0,199.0,64.0,93.0,2.933e+17,5500000000000000.0,-2.988e+17,-8.63e+16,-2.241e+17,-9.24e+16,gcmt,160_gcmt
B092294C,1994-09-22T14:24:34,-71.86,-32.22,27.0,5.4,mwc,,,,,61.0,36.0,21.0,314.0,78.0,124.0,,,,,,,anss,161_anss
B092294C,1994-09-22T14:24:38,-71.9,-32.07,27.0,5.4,mw,0.07,0.05,0.0,,61.0,36.0,21.0,314.0,78.0,124.0,6.07e+16,-1.331e+17,7.24e+16,-8.95e+16,1.0169999999999998e+17,3.31e+16,gcmt,161_gcmt
B101194A,1994-10-11T01:37:20,-71.44,-32.11,51.0,5.7,mwc,,,,,284.0,33.0,37.0,162.0,71.0,118.0,,,,,,,anss,162_anss
B101194A,1994-10-11T01:37:25,-71.91,-32.22,57.8,5.7,mw,0.02,0.02,1.6,,284.0,33.0,37.0,162.0,71.0,118.0,2.887e+17,-2.085e+17,-8.02e+16,-4.57e+16,-3.705e+17,1.722e+17,gcmt,162_gcmt
B102094A,1994-10-20T01:15:16,-70.8,-39.19,164.0,5.9,mwc,,,,,234.0,15.0,161.0,343.0,85.0,76.0,,,,,,,anss,163_anss
B102094A,1994-10-20T01:15:20,-70.8,-39.19,170.2,5.9,mw,0.02,0.01,0.4,,234.0,15.0,161.0,343.0,85.0,76.0,1.434e+17,1.437e+17,-2.87e+17,-2.767e+17,8.699999999999999e+17,-1.3839999999999998e+17,gcmt,163_gcmt
B032395B,1995-03-23T09:18:21,-72.94,-36.26,43.0,5.5,mwc,,,8.3,,21.0,6.0,120.0,170.0,85.0,87.0,,,,,,,anss,164_anss
B032395B,1995-03-23T09:18:25,-72.81,-36.33,15.0,5.5,mw,0.09,0.06,0.0,,21.0,6.0,120.0,170.0,85.0,87.0,2.17e+16,2.91e+16,-5.09e+16,3.29e+16,-1.986e+17,2500000000000000.0,gcmt,164_gcmt
B042895A,1995-04-28T02:04:19,-72.01,-31.64,33.0,5.1,mwc,,,2.8,,126.0,42.0,61.0,342.0,54.0,114.0,,,,,,,anss,165_anss
B042895A,1995-04-28T02:04:24,-71.99,-32.06,20.8,5.1,mw,0.09,0.1,4.0,,126.0,42.0,61.0,342.0,54.0,114.0,6.829e+16,-3.449e+16,-3.379e+16,2.317e+16,3.162e+16,1.079e+16,gcmt,165_gcmt
B060295B,1995-06-02T19:07:22,-71.3,-31.76,70.0,5.5,mwc,,,,,166.0,14.0,-73.0,328.0,76.0,-94.0,,,,,,,anss,166_anss
B060295B,1995-06-02T19:07:24,-71.64,-31.72,92.1,5.5,mw,0.03,0.02,1.9,,166.0,14.0,-73.0,328.0,76.0,-94.0,-9.64e+16,-1.16e+16,1.08e+17,1.178e+17,-1.934e+17,-7.45e+16,gcmt,166_gcmt
B070195B,1995-07-01T09:14:54,-72.35,-33.98,33.0,5.2,mwc,,,,,7.0,24.0,108.0,168.0,67.0,82.0,,,,,,,anss,167_anss
B070195B,1995-07-01T09:14:56,-72.84,-34.14,29.8,5.2,mw,0.06,0.06,3.8,,7.0,24.0,108.0,168.0,67.0,82.0,5.969e+16,-1.03e+16,-4.938e+16,1.746e+16,-5.079e+16,-550000000000000.0,gcmt,167_gcmt
B091795B,1995-09-17T07:25:30,-74.05,-35.56,33.0,5.6,mwc,,,,,184.0,42.0,-124.0,46.0,56.0,-63.0,,,,,,,anss,168_anss
B091795B,1995-09-17T07:25:33,-74.47,-35.61,15.0,5.6,mw,0.03,0.03,0.0,,184.0,42.0,-124.0,46.0,56.0,-63.0,-2.288e+17,1.85e+16,2.1030000000000003e+17,-1.167e+17,-1.15e+16,1.125e+17,gcmt,168_gcmt
B100195A,1995-10-01T12:50:18,-71.76,-31.33,89.7,5.4,mw,0.05,0.02,3.1,,180.0,18.0,-74.0,344.0,73.0,-95.0,-6.48e+16,-2.24e+16,8.72e+16,3.32e+16,-1.099e+17,-2.14e+16,gcmt,169_gcmt
19951001125015,1995-10-01T12:50:18,-71.76,-31.33,89.7,5.4,mwc,,,,,180.0,18.0,-74.0,344.0,73.0,-95.0,-6.48e+16,-2.24e+16,8.72e+16,3.32e+16,-1.099e+17,-2.14e+16,anss,169_anss
B112195D,1995-11-21T18:17:04,-71.99,-33.27,40.0,5.7,mwc,,,5.7,,355.0,20.0,84.0,181.0,71.0,92.0,,,,,,,anss,170_anss
B112195D,1995-11-21T18:17:09,-72.3,-33.33,16.2,5.7,mw,0.02,0.03,1.2,,355.0,20.0,84.0,181.0,71.0,92.0,2.851e+17,-1.14e+16,-2.737e+17,-1.4199999999999998e+16,-3.457e+17,9700000000000000.0,gcmt,170_gcmt
B021996E,1996-02-19T07:10:10,-75.08,-42.09,33.0,6.0,mwc,,,,,201.0,27.0,-85.0,15.0,63.0,-93.0,,,,,,,anss,171_anss
B021996E,1996-02-19T07:10:14,-76.02,-42.45,15.0,6.0,mw,0.02,0.02,0.0,,201.0,27.0,-85.0,15.0,63.0,-93.0,-7.382e+17,-1.738e+17,9.12e+17,-1.619e+17,-6.145e+17,3.822e+17,gcmt,171_gcmt
B022296C,1996-02-22T13:40:53,-71.71,-33.69,44.0,5.9,mwc,,,,,93.0,40.0,49.0,321.0,61.0,119.0,,,,,,,anss,172_anss
B022296C,1996-02-22T13:40:57,-72.0,-33.53,50.0,5.9,mw,0.02,0.01,0.0,,93.0,40.0,49.0,321.0,61.0,119.0,5.769e+17,-5.615e+17,-1.54e+16,-1.0189999999999998e+17,3.726e+17,3.827e+17,gcmt,172_gcmt
B031196C,1996-03-11T11:56:07,-71.89,-42.18,126.0,5.3,mwc,,,,,208.0,13.0,40.0,79.0,82.0,100.0,,,,,,,anss,173_anss
B031196C,1996-03-11T11:56:11,-71.45,-42.34,134.4,5.3,mw,0.05,0.03,1.5,,208.0,13.0,40.0,79.0,82.0,100.0,1.55e+16,-4.06e+16,2.51e+16,1.113e+17,2.84e+16,-3.69e+16,gcmt,173_gcmt
B081496F,1996-08-14T21:23:47,-73.59,-42.55,33.0,5.2,mwc,,,,,215.0,29.0,-11.0,314.0,85.0,-119.0,,,,,,,anss,174_anss
B081496F,1996-08-14T21:23:49,-72.81,-42.36,33.0,5.2,mw,0.11,0.1,0.0,,215.0,29.0,-11.0,314.0,85.0,-119.0,-6950000000000000.0,-3.253e+16,3.948e+16,3.276e+16,-5.418999999999999e+16,-2.383e+16,gcmt,174_gcmt
pde19960909002039120_39,1996-09-09T00:20:39,-71.56,-31.9,40.0,6.0,mwb,,,,,351.0,52.0,63.0,211.0,45.0,120.0,,,,,,,anss,175_anss
C090996A,1996-09-09T00:20:45,-71.94,-32.06,49.0,5.9,mw,0.01,0.01,0.0,,334.0,40.0,55.0,196.0,58.0,116.0,7.549e+17,2.167e+17,-9.717e+17,-2.657e+17,-3.075e+17,8.27e+16,gcmt,175_gcmt
B021097B,1997-02-10T10:52:09,-68.75,-32.93,149.0,5.3,mwc,,,,,317.0,15.0,-31.0,77.0,82.0,-103.0,,,,,,,anss,176_anss
B021097B,1997-02-10T10:52:15,-68.31,-32.98,151.6,5.3,mw,0.08,0.07,2.6,,317.0,15.0,-31.0,77.0,82.0,-103.0,-2.933e+16,3.393e+16,-4600000000000000.0,-9.537000000000002e+16,-2.647e+16,-1.6220000000000002e+16,gcmt,176_gcmt
B032597A,1997-03-25T00:14:44,-70.55,-33.48,84.0,5.5,mwc,,,,,158.0,59.0,-161.0,58.0,74.0,-33.0,,,,,,,anss,177_anss
B032597A,1997-03-25T00:14:50,-70.62,-33.45,89.9,5.5,mw,0.04,0.03,2.4,,158.0,59.0,-161.0,58.0,74.0,-33.0,-6.04e+16,-1.123e+17,1.727e+17,-1.1279999999999998e+17,-8000000000000000.0,1.068e+17,gcmt,177_gcmt
B042097B,1997-04-20T19:53:15,-69.98,-34.04,105.0,5.6,mwc,,,,,181.0,13.0,-93.0,4.0,77.0,-89.0,,,,,,,anss,178_anss
B042097B,1997-04-20T19:53:22,-70.39,-33.85,115.5,5.6,mw,0.03,0.02,1.2,,181.0,13.0,-93.0,4.0,77.0,-89.0,-1.077e+17,-3e+16,1.3779999999999998e+17,-1.85e+16,-2.522e+17,8300000000000000.0,gcmt,178_gcmt
B060997C,1997-06-09T14:45:28,-71.63,-31.89,62.0,5.1,mwc,,,,,266.0,39.0,-9.0,3.0,85.0,-129.0,,,,,,,anss,179_anss
B060997C,1997-06-09T14:45:29,-71.83,-32.08,67.3,5.1,mw,0.08,0.08,8.1,,266.0,39.0,-9.0,3.0,85.0,-129.0,-1.055e+16,-1360000000000000.0,1.191e+16,-8400000000000000.0,-4.72e+16,4.082e+16,gcmt,179_gcmt
B061997F,1997-06-19T12:21:03,-70.14,-33.2,106.0,5.4,mwc,,,,,150.0,24.0,-137.0,20.0,74.0,-72.0,,,,,,,anss,180_anss
B061997F,1997-06-19T12:21:07,-70.19,-33.15,115.9,5.4,mw,0.04,0.03,2.0,,150.0,24.0,-137.0,20.0,74.0,-72.0,-7.006e+16,-9930000000000000.0,7.998e+16,-5.121000000000001e+16,-9.756e+16,-1.321e+16,gcmt,180_gcmt
B070497E,1997-07-04T23:52:04,-76.31,-45.53,10.0,5.2,mwc,,,,,264.0,90.0,-180.0,354.0,90.0,0.0,,,,,,,anss,181_anss
B070497E,1997-07-04T23:52:04,-76.92,-45.63,15.0,5.2,mw,0.06,0.04,0.0,,264.0,90.0,-180.0,354.0,90.0,0.0,-2.348e+16,2.969e+16,-6220000000000000.0,0.0,0.0,-7.983e+16,gcmt,181_gcmt
C101597A,1997-10-15T01:03:42,-71.42,-31.06,69.8,7.1,mw,0.01,0.01,0.5,,315.0,12.0,-128.0,173.0,80.0,-83.0,-1.588e+19,1.69e+18,1.419e+19,-4.51e+18,4.588e+19,-7.99e+18,gcmt,182_gcmt
B110597B,1997-11-05T06:09:13,-78.73,-44.54,15.0,5.6,mw,0.04,0.04,0.0,,80.0,75.0,-173.0,349.0,84.0,-15.0,-1.4299999999999998e+16,9.97e+16,-8.54e+16,-1.57e+16,-7.48e+16,-2.387e+17,gcmt,183_gcmt
B121897B,1997-12-18T12:30:03,-73.04,-41.82,47.5,5.2,mwc,,,,,87.0,27.0,37.0,323.0,74.0,112.0,,,,,,,anss,184_anss
B121897B,1997-12-18T12:30:07,-72.92,-41.99,44.2,5.2,mw,0.16,0.07,7.7,,87.0,27.0,37.0,323.0,74.0,112.0,3.339e+16,-3.686e+16,3470000000000000.0,-2.889e+16,4.644e+16,2.567e+16,gcmt,184_gcmt
C011298G,1998-01-12T10:14:15,-71.87,-31.25,35.0,6.6,mw,0.01,0.01,0.0,,355.0,27.0,91.0,174.0,63.0,90.0,6.913e+18,9.1e+16,-7.004e+18,5.5600000000000006e+17,-5.18e+18,6.83e+17,gcmt,185_gcmt
B011498D,1998-01-14T06:35:44,-68.19,-31.8,112.2,5.2,mwc,,,,,176.0,31.0,-123.0,34.0,65.0,-72.0,,,,,,,anss,186_anss
B011498D,1998-01-14T06:35:48,-68.16,-31.82,134.5,5.2,mw,0.08,0.06,3.0,,176.0,31.0,-123.0,34.0,65.0,-72.0,-6.84e+16,1.306e+16,5.534e+16,-4.489e+16,-2.975e+16,4830000000000000.0,gcmt,186_gcmt
pde19980401224256900_9,1998-04-01T22:42:56,-74.874,-40.316,9.0,6.7,mwc,,,,,350.0,65.0,-90.0,170.0,25.0,-90.0,,,,,,,anss,187_anss
C040198D,1998-04-01T22:43:05,-75.37,-40.64,15.0,6.7,mw,0.01,0.01,0.0,,199.0,44.0,-88.0,17.0,46.0,-92.0,-1.18e+19,8.1e+17,1.099e+19,1.5e+17,-3.5000000000000006e+17,3.72e+18,gcmt,187_gcmt
B050898E,1998-05-08T17:42:17,-78.08,-45.15,15.0,5.3,mw,0.2,0.15,0.0,,158.0,55.0,-17.0,258.0,76.0,-144.0,-1.777e+16,4.755e+16,-2.9780000000000004e+16,4.944e+16,4.675e+16,-6.467e+16,gcmt,188_gcmt
B060698B,1998-06-06T12:16:18,-73.2,-36.56,23.5,5.2,mwc,,,,,341.0,12.0,65.0,186.0,79.0,95.0,,,,,,,anss,189_anss
B060698B,1998-06-06T12:16:22,-73.2,-36.56,15.0,5.2,mw,0.0,0.0,0.0,,341.0,12.0,65.0,186.0,79.0,95.0,4.205e+16,-1.827e+16,-2.378e+16,-1.2509999999999998e+16,-7.858e+16,6680000000000000.0,gcmt,189_gcmt
pde19980607161046250_113,1998-06-07T16:10:46,-67.833,-31.518,113.0,5.9,mwc,,,,,20.0,65.0,-35.0,126.0,59.0,-150.0,,,,,,,anss,190_anss
B060798B,1998-06-07T16:10:51,-67.77,-31.48,124.7,5.9,mw,0.01,0.01,0.6,,148.0,54.0,-145.0,36.0,62.0,-42.0,-4.43e+17,-3.694e+17,8.124e+17,-3.63e+17,-9.25e+16,4.14e+16,gcmt,190_gcmt
pde19980729071424080_51,1998-07-29T07:14:24,-71.286,-32.312,51.0,6.4,mwc,,,,,325.0,65.0,75.0,177.0,29.0,119.0,,,,,,,anss,191_anss
C072998A,1998-07-29T07:14:28,-71.67,-32.3,58.0,6.4,mw,0.01,0.01,0.0,,181.0,40.0,116.0,329.0,55.0,70.0,4.75e+18,-8.5e+16,-4.666e+18,-1.81e+18,8.31e+17,1.261e+18,gcmt,191_gcmt
B082498B,1998-08-24T02:45:31,-69.32,-32.84,115.0,5.1,mw,0.18,0.21,8.9,,102.0,29.0,-106.0,300.0,62.0,-81.0,-4.466e+16,4.109e+16,3570000000000000.0,2.462e+16,-1.851e+16,-1.772e+16,gcmt,192_gcmt
B082498B,1998-08-24T02:45:34,-69.45,-31.89,115.3,5.1,mwc,,,,,102.0,29.0,-106.0,300.0,62.0,-81.0,,,,,,,anss,192_anss
B100998B,1998-10-09T10:24:37,-76.5,-47.21,15.0,5.1,mw,0.09,0.08,0.0,,19.0,46.0,138.0,142.0,61.0,52.0,4.173e+16,2.213e+16,-6.386999999999999e+16,2.342e+16,-1.071e+16,1.684e+16,gcmt,193_gcmt
B101098A,1998-10-10T04:12:08,-72.08,-33.52,33.0,5.6,mwc,,,,,352.0,26.0,87.0,175.0,64.0,91.0,,,,,,,anss,194_anss
B101098A,1998-10-10T04:12:10,-72.48,-33.87,19.8,5.6,mw,0.03,0.03,1.4,,352.0,26.0,87.0,175.0,64.0,91.0,2.654e+17,7099999999999999.0,-2.725e+17,1.48e+16,-2.172e+17,3.2e+16,gcmt,194_gcmt
B102998B,1998-10-29T19:55:54,-70.48,-32.76,85.5,5.3,mwc,,,,,165.0,47.0,164.0,266.0,78.0,44.0,,,,,,,anss,195_anss
B102998B,1998-10-29T19:55:58,-70.46,-32.56,109.5,5.3,mw,0.1,0.06,5.0,,165.0,47.0,164.0,266.0,78.0,44.0,3.042e+16,-3.98e+16,9380000000000000.0,-6.503e+16,-1.914e+16,7.303e+16,gcmt,195_gcmt
B110698A,1998-11-06T08:01:20,-79.34,-44.52,15.0,5.9,mw,0.02,0.02,0.0,,256.0,69.0,171.0,349.0,82.0,22.0,-6.36e+16,3.284e+17,-2.648e+17,-2.661e+17,2.818e+17,-6.816e+17,gcmt,196_gcmt
B112798D,1998-11-27T10:27:02,-69.33,-32.14,126.7,5.4,mwc,,,,,191.0,45.0,-107.0,35.0,47.0,-74.0,,,,,,,anss,197_anss
B112798D,1998-11-27T10:27:06,-69.21,-32.04,128.9,5.4,mw,0.05,0.04,1.5,,191.0,45.0,-107.0,35.0,47.0,-74.0,-1.681e+17,1.02e+16,1.579e+17,-3.19e+16,7500000000000000.0,7.67e+16,gcmt,197_gcmt
B121198B,1998-12-11T08:37:50,-68.92,-31.27,117.6,5.4,mwc,,,,,32.0,41.0,-97.0,221.0,49.0,-84.0,,,,,,,anss,198_anss
B121198B,1998-12-11T08:37:53,-68.94,-31.52,127.8,5.4,mw,0.05,0.04,1.4,,32.0,41.0,-97.0,221.0,49.0,-84.0,-1.3959999999999998e+17,4.11e+16,9.85e+16,2.01e+16,1.26e+16,9.4e+16,gcmt,198_gcmt
pde19981214162524980_138,1998-12-14T16:25:24,-71.033,-38.214,135.0,6.0,mwb,,,,,350.0,85.0,-90.0,170.0,5.0,-90.0,,,,,,,anss,199_anss
C121498D,1998-12-14T16:25:30,-71.25,-38.28,145.9,5.9,mw,0.01,0.01,0.4,,250.0,8.0,-6.0,346.0,89.0,-98.0,-1799999999999999.8,-1.2350000000000002e+17,1.2529999999999998e+17,2.3730000000000003e+17,-9.828e+17,1.0109999999999998e+17,gcmt,199_gcmt
B122698A,1998-12-26T11:20:22,-74.85,-40.75,10.0,5.5,mwc,,,,,187.0,18.0,-89.0,6.0,72.0,-90.0,,,,,,,anss,200_anss
B122698A,1998-12-26T11:20:26,-75.74,-40.9,15.4,5.5,mw,0.06,0.06,2.6,,187.0,18.0,-89.0,6.0,72.0,-90.0,-1.31e+17,-1.7499999999999998e+16,1.485e+17,-2.02e+16,-2.009e+17,1.8e+16,gcmt,200_gcmt
B020599D,1999-02-05T16:07:07,-70.95,-35.02,86.2,5.2,mwc,,,,,126.0,47.0,146.0,241.0,66.0,48.0,,,,,,,anss,201_anss
B020599D,1999-02-05T16:07:10,-70.56,-34.78,99.0,5.2,mw,0.13,0.08,6.4,,126.0,47.0,146.0,241.0,66.0,48.0,4.761999999999999e+16,-6.595e+16,1.833e+16,-2.171e+16,-6.548e+16,1.162e+16,gcmt,201_gcmt
B030599B,1999-03-05T03:35:14,-69.6,-34.67,10.0,5.9,mwc,,,,,170.0,12.0,69.0,12.0,79.0,94.0,,,,,,,anss,202_anss
B030599B,1999-03-05T03:35:19,-70.25,-34.75,15.0,5.9,mw,0.04,0.04,0.0,,170.0,12.0,69.0,12.0,79.0,94.0,3.858e+17,-2.7300000000000004e+16,-3.585e+17,2.023e+17,8.644e+17,4500000000000000.0,gcmt,202_gcmt
B032799B,1999-03-27T11:13:34,-71.75,-40.04,33.0,5.4,mwc,,,,,174.0,72.0,174.0,266.0,85.0,18.0,,,,,,,anss,203_anss
B032799B,1999-03-27T11:13:35,-71.85,-40.32,15.0,5.4,mw,0.07,0.05,0.0,,174.0,72.0,174.0,266.0,85.0,18.0,-1.28e+16,-2e+16,3.27e+16,-5.779999999999999e+16,-3.24e+16,1.7e+17,gcmt,203_gcmt
B042599B,1999-04-25T09:10:44,-69.25,-31.8,115.7,5.3,mwc,,,,,36.0,42.0,-62.0,181.0,54.0,-113.0,,,,,,,anss,204_anss
B042599B,1999-04-25T09:10:48,-69.34,-31.91,120.0,5.3,mw,0.05,0.06,2.0,,36.0,42.0,-62.0,181.0,54.0,-113.0,-8.96e+16,-2.11e+16,1.1080000000000002e+17,-1.36e+16,2.86e+16,4.53e+16,gcmt,204_gcmt
B043099E,1999-04-30T19:28:48,-71.68,-31.65,52.4,5.5,mwc,,,6.0,,355.0,29.0,81.0,185.0,61.0,95.0,,,,,,,anss,205_anss
B043099E,1999-04-30T19:28:50,-72.27,-31.9,32.1,5.5,mw,0.03,0.04,2.3,,355.0,29.0,81.0,185.0,61.0,95.0,1.789e+17,5.36e+16,-2.3250000000000003e+17,-1.62e+16,-1.296e+17,-4500000000000000.0,gcmt,205_gcmt
B052299A,1999-05-22T01:32:13,-70.48,-36.78,158.8,5.3,mwc,,,,,204.0,12.0,-65.0,359.0,80.0,-95.0,,,,,,,anss,206_anss
B052299A,1999-05-22T01:32:15,-70.57,-36.56,163.5,5.3,mw,0.07,0.08,2.4,,204.0,12.0,-65.0,359.0,80.0,-95.0,-4.258e+16,1.327e+16,2.93e+16,4500000000000000.0,-9.449e+16,7980000000000000.0,gcmt,206_gcmt
B080299A,1999-08-02T01:06:37,-70.15,-33.02,95.4,5.5,mwc,,,,,141.0,19.0,-151.0,23.0,81.0,-73.0,,,,,,,anss,207_anss
B080299A,1999-08-02T01:06:43,-70.1,-33.08,107.9,5.5,mw,0.03,0.02,1.8,,141.0,19.0,-151.0,23.0,81.0,-73.0,-5.91e+16,-5.560000000000001e+16,1.147e+17,-8.11e+16,-1.879e+17,-7600000000000000.0,gcmt,207_gcmt
B080499C,1999-08-04T16:49:50,-68.08,-31.66,115.2,5.3,mwc,,,,,155.0,45.0,-139.0,33.0,62.0,-53.0,,,,,,,anss,208_anss
B080499C,1999-08-04T16:49:54,-67.98,-31.87,125.5,5.3,mw,0.04,0.05,1.9,,155.0,45.0,-139.0,33.0,62.0,-53.0,-8.74e+16,-2.45e+16,1.119e+17,-7.94e+16,-2.44e+16,5600000000000000.0,gcmt,208_gcmt
B081299C,1999-08-12T07:27:12,-76.72,-45.37,15.0,5.5,mw,0.19,0.18,0.0,,6.0,40.0,-20.0,111.0,77.0,-128.0,-6.899999999999999e+16,-2.91e+16,9.81e+16,-1.546e+17,1.2e+16,-1.0229999999999998e+17,gcmt,209_gcmt
B081299C,1999-08-12T07:27:13,-76.58,-45.62,33.0,5.5,mwc,,,,,6.0,40.0,-20.0,111.0,77.0,-128.0,,,,,,,anss,209_anss
pde19990822093539470_33,1999-08-22T09:35:39,-74.756,-40.509,18.0,6.4,mwc,,,,,120.0,35.0,-105.0,318.0,56.0,-80.0,,,,,,,anss,210_anss
C082299A,1999-08-22T09:35:42,-75.44,-40.88,15.0,6.4,mw,0.01,0.01,0.0,,202.0,45.0,-84.0,14.0,46.0,-96.0,-4.099e+18,-1.79e+17,4.279e+18,2.06e+17,-1.49e+17,1.601e+18,gcmt,210_gcmt
B110399D,1999-11-03T13:59:21,-73.38,-38.03,33.0,5.3,mwc,,,,,28.0,7.0,132.0,166.0,85.0,85.0,,,,,,,anss,211_anss
B110399D,1999-11-03T13:59:23,-73.93,-37.7,15.0,5.3,mw,0.15,0.17,0.0,,28.0,7.0,132.0,166.0,85.0,85.0,2.7800000000000004e+16,-4000000000000000.0,-2.38e+16,3.14e+16,-1.199e+17,-7000000000000001.0,gcmt,211_gcmt
B110399E,1999-11-03T15:19:20,-73.53,-38.08,33.0,5.2,mwc,,,,,96.0,55.0,179.0,187.0,89.0,35.0,,,,,,,anss,212_anss
B110399E,1999-11-03T15:19:22,-73.64,-37.7,33.0,5.2,mw,0.16,0.1,0.0,,96.0,55.0,179.0,187.0,89.0,35.0,-6570000000000000.0,-1.528e+16,2.185e+16,6929999999999999.0,-4.878e+16,-6.416e+16,gcmt,212_gcmt
B032600A,2000-03-26T03:32:36,-71.84,-32.68,36.8,5.2,mwc,,,5.0,,330.0,30.0,55.0,189.0,66.0,108.0,,,,,,,anss,213_anss
B032600A,2000-03-26T03:32:41,-72.16,-32.5,48.9,5.2,mw,0.12,0.11,8.4,,330.0,30.0,55.0,189.0,66.0,108.0,4.769e+16,6240000000000000.0,-5.393e+16,-1.457e+16,-4.198e+16,1.097e+16,gcmt,213_gcmt
pde20000616075535390_120,2000-06-16T07:55:35,-70.088,-33.877,114.0,6.4,mwc,,,,,10.0,65.0,-105.0,222.0,29.0,-61.0,,,,,,,anss,214_anss
C061600B,2000-06-16T07:55:39,-69.92,-33.95,109.1,6.4,mw,0.01,0.01,0.4,,219.0,33.0,-67.0,11.0,60.0,-105.0,-3.805e+18,2.61e+17,3.544e+18,3.1e+16,-2.307e+18,1.862e+18,gcmt,214_gcmt
pde20001220112354100_11,2000-12-20T11:23:54,-74.662,-39.008,11.0,6.5,mwc,,,,,5.0,50.0,-90.0,185.0,40.0,-90.0,,,,,,,anss,215_anss
B122000C,2000-12-20T11:24:01,-75.39,-39.36,15.0,6.4,mw,0.02,0.01,0.0,,206.0,43.0,-72.0,3.0,50.0,-106.0,-4.402e+18,-1.415e+18,5.817e+18,3.74e+17,-8.18e+17,1.941e+18,gcmt,215_gcmt
B010701C,2001-01-07T10:18:20,-72.23,-33.44,10.0,5.9,mwc,,,,,353.0,23.0,85.0,178.0,67.0,92.0,,,,,,,anss,216_anss
B010701C,2001-01-07T10:18:28,-72.33,-33.52,21.0,5.9,mw,0.02,0.02,0.0,,353.0,23.0,85.0,178.0,67.0,92.0,6.175e+17,4.78e+16,-6.653e+17,8400000000000002.0,-6.367e+17,4.92e+16,gcmt,216_gcmt
pde20010303115813350_33,2001-03-03T11:58:13,-74.555,-38.766,8.0,5.9,mwc,,,,,0.0,60.0,-90.0,180.0,30.0,-90.0,,,,,,,anss,217_anss
B030301E,2001-03-03T11:58:13,-75.45,-39.48,15.0,5.8,mw,0.03,0.03,0.0,,228.0,31.0,-43.0,357.0,69.0,-114.0,-4.3840000000000006e+17,-2.72e+16,4.656e+17,1.2809999999999998e+17,-4.8230000000000006e+17,2.492e+17,gcmt,217_gcmt
pde20010315130242110_37,2001-03-15T13:02:42,-71.492,-32.321,37.0,6.0,mwb,,,,,355.0,50.0,105.0,152.0,42.0,73.0,,,,,,,anss,218_anss
C031501G,2001-03-15T13:02:44,-72.04,-32.61,42.0,5.9,mw,0.01,0.01,0.0,,144.0,38.0,59.0,2.0,58.0,112.0,7.484e+17,-9.79e+16,-6.505e+17,2.455e+17,3.467e+17,2.121e+17,gcmt,218_gcmt
pde20010409090057170_11,2001-04-09T09:00:57,-73.109,-32.668,11.0,6.7,mwc,,,,,45.0,55.0,-55.0,174.0,48.0,-129.0,,,,,,,anss,219_anss
C040901A,2001-04-09T09:01:05,-73.23,-32.88,15.0,6.6,mw,0.01,0.01,0.0,,219.0,44.0,-86.0,33.0,46.0,-94.0,-1.061e+19,3e+18,7.61e+18,2.1e+17,-5e+17,7.12e+18,gcmt,219_gcmt
B050601E,2001-05-06T05:59:47,-70.9,-32.45,52.2,5.2,mwc,,,,,313.0,32.0,42.0,185.0,69.0,115.0,,,,,,,anss,220_anss
B050601E,2001-05-06T05:59:51,-70.92,-32.95,50.0,5.2,mw,0.13,0.12,9.9,,313.0,32.0,42.0,185.0,69.0,115.0,4.154e+16,3490000000000000.0,-4.503999999999999e+16,-1.53e+16,-4.558e+16,2.266e+16,gcmt,220_gcmt
B072401E,2001-07-24T17:42:41,-71.58,-32.85,33.0,5.2,mwc,,,,,334.0,40.0,87.0,158.0,50.0,93.0,,,,,,,anss,221_anss
B072401E,2001-07-24T17:42:45,-72.17,-33.22,51.6,5.2,mw,0.03,0.04,2.8,,334.0,40.0,87.0,158.0,50.0,93.0,7.816e+16,-1.209e+16,-6.607e+16,3170000000000000.0,-1.419e+16,2.943e+16,gcmt,221_gcmt
B101201B,2001-10-12T04:21:31,-69.74,-33.3,3.8,5.3,mwc,,,,,222.0,78.0,171.0,314.0,81.0,12.0,,,,,,,anss,222_anss
B101201B,2001-10-12T04:21:37,-69.04,-33.16,15.0,5.3,mw,0.4,0.14,0.0,,222.0,78.0,171.0,314.0,81.0,12.0,-7099999999999999.0,1.041e+17,-9.7e+16,-3.09e+16,2000000000000000.0,7700000000000000.0,gcmt,222_gcmt
B102301I,2001-10-23T23:54:24,-75.89,-43.5,33.0,5.1,mwc,,,,,232.0,45.0,-27.0,342.0,71.0,-132.0,,,,,,,anss,223_anss
B102301I,2001-10-23T23:54:26,-76.47,-43.39,29.1,5.1,mw,0.24,0.17,11.0,,232.0,45.0,-27.0,342.0,71.0,-132.0,-2.942e+16,-2.393e+16,5.335e+16,1.7549999999999998e+16,-3.087e+16,2.281e+16,gcmt,223_gcmt
B110301B,2001-11-03T01:43:21,-71.65,-36.25,86.2,5.1,mwc,,,,,274.0,33.0,25.0,163.0,77.0,120.0,,,,,,,anss,224_anss
B110301B,2001-11-03T01:43:27,-72.02,-36.19,99.9,5.1,mw,0.11,0.08,5.4,,274.0,33.0,25.0,163.0,77.0,120.0,2.268e+16,-2.239e+16,-290000000000000.0,-850000000000000.0,-4.581000000000001e+16,2.282e+16,gcmt,224_gcmt
B022102D,2002-02-21T08:57:46,-67.36,-31.69,120.6,5.4,mwc,,,,,131.0,33.0,-149.0,15.0,74.0,-61.0,,,,,,,anss,225_anss
B022102D,2002-02-21T08:57:49,-67.3,-31.77,134.2,5.4,mw,0.05,0.05,1.7,,131.0,33.0,-149.0,15.0,74.0,-61.0,-7.131e+16,-1.059e+16,8.19e+16,-6.245e+16,-9.371e+16,-4.49e+16,gcmt,225_gcmt
C030302A,2002-03-03T07:16:15,-76.12,-45.84,10.0,5.9,mwc,,,,,258.0,83.0,-176.0,168.0,86.0,-7.0,,,,,,,anss,226_anss
C030302A,2002-03-03T07:16:19,-76.42,-45.92,15.0,5.9,mw,0.02,0.02,0.0,,258.0,83.0,-176.0,168.0,86.0,-7.0,-1.1020000000000002e+17,3.625e+17,-2.522e+17,1.34e+16,9.12e+16,-7e+17,gcmt,226_gcmt
B042702B,2002-04-27T23:53:58,-67.78,-31.72,49.3,5.2,mw,0.06,0.07,4.7,,341.0,41.0,31.0,227.0,71.0,127.0,3.96e+16,3.009e+16,-6.969e+16,-2.952e+16,-3.421e+16,-3.793e+16,gcmt,227_gcmt
B052402A,2002-05-24T00:23:15,-70.95,-31.97,60.2,5.5,mwc,,,3.5,,9.0,40.0,107.0,167.0,52.0,76.0,,,,,,,anss,228_anss
B052402A,2002-05-24T00:23:20,-71.52,-32.17,57.0,5.5,mw,0.02,0.03,0.0,,9.0,40.0,107.0,167.0,52.0,76.0,2.272e+17,9400000000000000.0,-2.3650000000000003e+17,4.83e+16,-4.6e+16,7700000000000000.0,gcmt,228_gcmt
C061802C,2002-06-18T13:56:30,-71.63,-31.04,57.0,6.4,mw,0.01,0.01,0.0,,353.0,29.0,96.0,166.0,61.0,87.0,4.465e+18,7.8e+16,-4.543e+18,8.09e+17,-2.759e+18,8.68e+17,gcmt,229_gcmt
B062302A,2002-06-23T11:10:44,-71.54,-31.49,90.9,5.2,mw,0.05,0.05,2.3,,334.0,42.0,-113.0,184.0,52.0,-71.0,-7.84e+16,-900000000000000.0,7.93e+16,1.928e+16,1.763e+16,-1.657e+16,gcmt,230_gcmt
B070202D,2002-07-02T20:21:00,-67.76,-31.15,27.0,5.5,mwc,,,,,156.0,40.0,15.0,54.0,81.0,129.0,,,,,,,anss,231_anss
B070202D,2002-07-02T20:21:05,-68.19,-31.43,27.0,5.5,mw,0.04,0.05,0.0,,156.0,40.0,15.0,54.0,81.0,129.0,5.26e+16,9.37e+16,-1.463e+17,1.561e+17,6.08e+16,-5.709999999999999e+16,gcmt,231_gcmt
B071802D,2002-07-18T21:53:17,-79.75,-44.72,15.0,5.2,mw,0.0,0.0,0.0,,246.0,34.0,42.0,119.0,68.0,117.0,4.363000000000001e+16,-7.132e+16,2.769e+16,4.069e+16,-2.523e+16,1.028e+16,gcmt,232_gcmt
pde20020924035722280_119,2002-09-24T03:57:22,-69.2,-31.519,116.0,6.3,mwc,,,,,35.0,45.0,-90.0,215.0,45.0,-90.0,,,,,,,anss,233_anss
C092402B,2002-09-24T03:57:26,-69.12,-31.48,119.9,6.2,mw,0.02,0.01,0.6,,27.0,39.0,-94.0,212.0,51.0,-87.0,-2.633e+18,5.68e+17,2.065e+18,3.91e+17,4.63e+17,1.278e+18,gcmt,233_gcmt
B093002B,2002-09-30T13:05:58,-70.83,-35.23,95.6,5.2,mwc,,,,,222.0,23.0,-73.0,23.0,68.0,-97.0,,,,,,,anss,234_anss
B093002B,2002-09-30T13:06:01,-71.07,-35.17,113.9,5.2,mw,0.05,0.03,2.3,,222.0,23.0,-73.0,23.0,68.0,-97.0,-7.017e+16,2.646e+16,4.372e+16,-2.087e+16,-6.472000000000001e+16,2.426e+16,gcmt,234_gcmt
B103102F,2002-10-31T20:36:54,-74.72,-40.1,33.0,5.1,mwc,,,,,244.0,43.0,-61.0,27.0,53.0,-114.0,,,,,,,anss,235_anss
B103102F,2002-10-31T20:36:55,-75.39,-40.56,15.0,5.1,mw,0.13,0.08,0.0,,244.0,43.0,-61.0,27.0,53.0,-114.0,-5.775e+16,3.036e+16,2.739e+16,9110000000000000.0,-2.358e+16,2.88e+16,gcmt,235_gcmt
B110902G,2002-11-09T06:06:00,-75.64,-48.2,15.0,5.6,mw,0.09,0.07,0.0,,1.0,10.0,89.0,182.0,80.0,90.0,1.323e+17,-3.99e+16,-9.24e+16,-1.13e+16,-3.082e+17,-1300000000000000.0,gcmt,236_gcmt
B121202A,2002-12-12T04:03:16,-67.3,-31.8,126.0,5.3,mwc,,,,,245.0,33.0,8.0,148.0,86.0,123.0,,,,,,,anss,237_anss
B121202A,2002-12-12T04:03:20,-67.28,-31.86,132.5,5.3,mw,0.03,0.04,1.3,,245.0,33.0,8.0,148.0,86.0,123.0,1.482e+16,-5.94e+16,4.459e+16,1.236e+16,-8.694000000000002e+16,5960000000000000.0,gcmt,237_gcmt
B122602C,2002-12-26T22:20:20,-68.57,-31.23,112.4,5.2,mwc,,,,,347.0,37.0,-81.0,156.0,54.0,-97.0,,,,,,,anss,238_anss
B122602C,2002-12-26T22:20:24,-68.55,-31.46,122.5,5.2,mw,0.05,0.03,1.7,,347.0,37.0,-81.0,156.0,54.0,-97.0,-9.987e+16,3.4e+16,6.587e+16,-2.118e+16,1.982e+16,-1.017e+16,gcmt,238_gcmt
B010703A,2003-01-07T00:54:51,-70.05,-33.76,110.8,5.7,mwc,,,,,199.0,28.0,-70.0,356.0,64.0,-100.0,,,,,,,anss,239_anss
B010703A,2003-01-07T00:54:55,-70.22,-33.6,112.8,5.7,mw,0.03,0.02,1.3,,199.0,28.0,-70.0,356.0,64.0,-100.0,-3.17e+17,-1.92e+16,3.37e+17,4.58e+16,-2.52e+17,4.55e+16,gcmt,239_gcmt
B010903G,2003-01-09T09:49:12,-79.54,-44.66,15.0,5.9,mw,0.02,0.01,0.0,,169.0,84.0,-2.0,259.0,88.0,-174.0,-6.24e+16,3.64e+17,-3.01e+17,8.22e+16,3.55e+16,-7.95e+17,gcmt,240_gcmt
B022803A,2003-02-28T01:40:22,-73.18,-35.33,33.8,5.3,mwc,,,,,26.0,18.0,115.0,180.0,74.0,82.0,,,,,,,anss,241_anss
B022803A,2003-02-28T01:40:25,-73.56,-35.41,15.0,5.3,mw,0.07,0.06,0.0,,26.0,18.0,115.0,180.0,74.0,82.0,6.66e+16,3400000000000000.0,-6.999999999999999e+16,4800000000000000.0,-1.1000000000000002e+17,-1.63e+16,gcmt,241_gcmt
B041403A,2003-04-14T14:42:31,-72.58,-35.34,33.0,5.2,mwc,,,,,18.0,44.0,158.0,124.0,75.0,48.0,,,,,,,anss,242_anss
B041403A,2003-04-14T14:42:34,-72.9,-35.38,31.1,5.2,mw,0.06,0.06,4.1,,18.0,44.0,158.0,124.0,75.0,48.0,3.22e+16,3.19e+16,-6.42e+16,6.36e+16,-1.3800000000000002e+16,3.27e+16,gcmt,242_gcmt
B051803C,2003-05-18T21:10:21,-69.09,-31.4,114.1,5.4,mwc,,,,,43.0,41.0,-82.0,213.0,49.0,-97.0,,,,,,,anss,243_anss
B051803C,2003-05-18T21:10:25,-69.18,-31.46,122.3,5.4,mw,0.03,0.02,0.8,,43.0,41.0,-82.0,213.0,49.0,-97.0,-1.32e+17,4.6e+16,8.6e+16,3599999999999999.5,2.13e+16,8.31e+16,gcmt,243_gcmt
B052703D,2003-05-27T08:29:45,-68.6,-31.36,118.0,5.5,mwc,,,,,223.0,37.0,-75.0,25.0,54.0,-101.0,,,,,,,anss,244_anss
B052703D,2003-05-27T08:29:49,-68.7,-31.32,127.5,5.5,mw,0.03,0.02,0.9,,223.0,37.0,-75.0,25.0,54.0,-101.0,-2.16e+17,6.52e+16,1.51e+17,-6800000000000000.0,-7.59e+16,1.04e+17,gcmt,244_gcmt
B060203A,2003-06-02T02:52:11,-71.97,-32.95,33.0,5.5,mwc,,,,,9.0,25.0,92.0,187.0,65.0,89.0,,,,,,,anss,245_anss
B060203A,2003-06-02T02:52:15,-72.4,-33.08,28.0,5.5,mw,0.03,0.03,0.0,,9.0,25.0,92.0,187.0,65.0,89.0,1.69e+17,9700000000000000.0,-1.79e+17,-1.57e+16,-1.47e+17,-2.65e+16,gcmt,245_gcmt
B062003C,2003-06-20T04:23:26,-77.06,-45.72,15.0,5.3,mw,0.07,0.06,0.0,,172.0,36.0,-70.0,327.0,56.0,-104.0,-1.07e+17,1.22e+16,9.51e+16,3.83e+16,-2.68e+16,-3.56e+16,gcmt,246_gcmt
B062003C,2003-06-20T04:23:28,-75.94,-45.57,33.0,5.3,mwc,,,,,172.0,36.0,-70.0,327.0,56.0,-104.0,,,,,,,anss,246_anss
B092803G,2003-09-28T17:40:43,-70.68,-35.2,105.8,5.0,mwc,,,3.5,,245.0,17.0,-66.0,39.0,74.0,-97.0,,,,,,,anss,247_anss
B092803G,2003-09-28T17:40:44,-71.11,-35.54,105.2,5.0,mw,0.07,0.05,3.8,,245.0,17.0,-66.0,39.0,74.0,-97.0,-3.04e+16,1.97e+16,1.07e+16,-2.21e+16,-3.34e+16,2970000000000000.0,gcmt,247_gcmt
20031101031912,2003-11-01T03:19:11,-68.18,-35.48,49.7,5.1,mwc,,,,,250.0,65.0,-164.0,153.0,75.0,-26.0,-1.36e+16,4.07e+16,-2.71e+16,280000000000000.0,2.09e+16,-3.13e+16,anss,248_anss
B110103B,2003-11-01T03:19:11,-68.18,-35.48,49.7,5.1,mw,0.15,0.06,8.4,,250.0,65.0,-164.0,153.0,75.0,-26.0,-1.36e+16,4.07e+16,-2.71e+16,280000000000000.0,2.09e+16,-3.13e+16,gcmt,248_gcmt
B111203C,2003-11-12T01:54:24,-75.52,-40.56,21.8,5.5,mw,0.15,0.11,5.4,,216.0,33.0,-83.0,27.0,57.0,-95.0,-2.26e+17,5.789999999999999e+16,1.68e+17,-3.6e+16,-9.52e+16,1.05e+17,gcmt,249_gcmt
B111203C,2003-11-12T01:54:24,-74.87,-40.02,29.6,5.5,mwc,,,,,216.0,33.0,-83.0,27.0,57.0,-95.0,,,,,,,anss,249_anss
C011904A,2004-01-19T05:47:24,-71.72,-31.73,31.1,5.3,mwc,,,,,358.0,25.0,95.0,172.0,65.0,88.0,,,,,,,anss,250_anss
C011904A,2004-01-19T05:47:29,-72.07,-31.85,34.0,5.3,mw,0.02,0.02,0.0,,358.0,25.0,95.0,172.0,65.0,88.0,8.86e+16,1.56e+16,-1.04e+17,1.27e+16,-8e+16,1.19e+16,gcmt,250_gcmt
C031704I,2004-03-17T16:49:49,-66.75,-31.99,49.5,5.0,mw,0.03,0.02,2.0,,172.0,39.0,79.0,5.0,52.0,99.0,4.16e+16,8290000000000000.0,-4.99e+16,4080000000000000.0,1.04e+16,1220000000000000.0,gcmt,251_gcmt
C043004A,2004-04-30T10:03:45,-70.52,-33.55,93.8,5.0,mwc,,,,,157.0,35.0,-133.0,26.0,65.0,-64.0,,,,,,,anss,252_anss
C043004A,2004-04-30T10:03:47,-70.5,-33.59,102.0,5.0,mw,0.03,0.02,2.8,,157.0,35.0,-133.0,26.0,65.0,-64.0,-2.92e+16,-1.07e+16,3.99e+16,-1.6200000000000002e+16,-1.99e+16,2160000000000000.0,gcmt,252_gcmt
pde20040503043650040_21,2004-05-03T04:36:50,-73.406,-37.695,21.0,6.6,mwb,,,,,150.0,85.0,90.0,330.0,5.0,90.0,,,,,,,anss,253_anss
C050304A,2004-05-03T04:36:54,-73.75,-37.95,24.0,6.6,mw,0.01,0.01,0.0,,0.0,16.0,118.0,151.0,76.0,82.0,4.85e+18,4e+16,-4.89e+18,4.66e+18,-7.86e+18,1.34e+18,gcmt,253_gcmt
C060104D,2004-06-01T17:04:54,-68.03,-32.07,38.0,5.0,mwc,,,,,347.0,39.0,112.0,140.0,54.0,73.0,,,,,,,anss,254_anss
C060104D,2004-06-01T17:04:59,-68.23,-32.23,38.5,5.0,mw,0.05,0.04,2.4,,347.0,39.0,112.0,140.0,54.0,73.0,3.44e+16,1270000000000000.0,-3.57e+16,1.03e+16,-7830000000000000.0,2.7e+16,gcmt,254_gcmt
pde20040615111631500_37,2004-06-15T11:16:31,-73.155,-38.854,38.0,6.1,mwb,,,,,280.0,65.0,60.0,154.0,38.0,137.0,,,,,,,anss,255_anss
C061504B,2004-06-15T11:16:32,-73.62,-38.96,33.0,5.9,mw,0.01,0.01,0.0,,172.0,52.0,150.0,281.0,67.0,42.0,4.56e+17,-1.93e+17,-2.63e+17,-4.63e+17,-1.58e+17,6.86e+17,gcmt,255_gcmt
pde20040828134125600_5,2004-08-28T13:41:25,-70.525,-35.173,20.0,6.5,mwb,,,,,0.0,45.0,90.0,180.0,45.0,90.0,,,,,,,anss,256_anss
C082804C,2004-08-28T13:41:35,-70.36,-35.21,16.0,6.5,mw,0.01,0.01,0.0,,21.0,61.0,-178.0,290.0,88.0,-29.0,-2e+17,4.190000000000001e+18,-3.99e+18,3.18e+18,-1.36e+18,4.78e+18,gcmt,256_gcmt
C083004F,2004-08-30T16:08:18,-72.1,-50.65,12.0,5.1,mw,0.03,0.03,0.0,,355.0,35.0,73.0,196.0,57.0,102.0,4.56e+16,3210000000000000.0,-4.88e+16,-1.04e+16,-1.78e+16,-5270000000000000.0,gcmt,257_gcmt
C090704F,2004-09-07T10:57:39,-72.42,-33.97,36.3,5.2,mwc,,,,,10.0,16.0,105.0,174.0,74.0,86.0,,,,,,,anss,258_anss
C090704F,2004-09-07T10:57:43,-72.49,-34.1,14.1,5.2,mw,0.02,0.02,0.9,,10.0,16.0,105.0,174.0,74.0,86.0,4.33e+16,240000000000000.0,-4.36e+16,9260000000000000.0,-6.91e+16,-1409999999999999.8,gcmt,258_gcmt
C090704I,2004-09-07T12:33:56,-72.19,-34.01,16.5,5.7,mwc,,,,,6.0,10.0,102.0,174.0,80.0,88.0,,,,,,,anss,259_anss
C090704I,2004-09-07T12:33:59,-72.52,-34.14,14.2,5.7,mw,0.03,0.03,1.6,,6.0,10.0,102.0,174.0,80.0,88.0,1.3500000000000002e+17,1.35e+16,-1.48e+17,4.28e+16,-3.76e+17,1500000000000000.0,gcmt,259_gcmt
C090804A,2004-09-08T08:16:01,-72.32,-33.99,31.9,5.1,mwc,,,,,359.0,23.0,98.0,170.0,67.0,86.0,,,,,,,anss,260_anss
C090804A,2004-09-08T08:16:07,-72.4,-34.13,15.4,5.1,mw,0.02,0.01,1.6,,359.0,23.0,98.0,170.0,67.0,86.0,3.47e+16,1680000000000000.0,-3.64e+16,7390000000000000.0,-3.44e+16,4170000000000000.0,gcmt,260_gcmt
C091004D,2004-09-10T10:44:16,-73.24,-38.06,12.0,5.2,mw,0.02,0.01,0.0,,30.0,48.0,62.0,248.0,49.0,118.0,8.16e+16,-4.78e+16,-3.3800000000000004e+16,-2.11e+16,2.17e+16,-5.2e+16,gcmt,261_gcmt
C091004D,2004-09-10T10:44:17,-72.96,-37.93,44.5,5.2,mwc,,,6.6,,30.0,48.0,62.0,248.0,49.0,118.0,,,,,,,anss,261_anss
C091204C,2004-09-12T14:24:37,-70.01,-34.14,5.0,5.3,mwc,,,,,162.0,44.0,114.0,310.0,50.0,68.0,,,,,,,anss,262_anss
C091204C,2004-09-12T14:24:39,-70.15,-34.31,12.0,5.3,mw,0.02,0.02,0.0,,162.0,44.0,114.0,310.0,50.0,68.0,1.09e+17,-3.1e+16,-7.83e+16,-3.4200000000000004e+16,-8300000000000000.0,5.94e+16,gcmt,262_gcmt
C092704F,2004-09-27T22:58:24,-71.74,-32.69,32.9,5.5,mwc,,,,,17.0,21.0,109.0,177.0,70.0,83.0,,,,,,,anss,263_anss
C092704F,2004-09-27T22:58:29,-72.02,-32.72,33.3,5.5,mw,0.02,0.01,1.1,,17.0,21.0,109.0,177.0,70.0,83.0,1.29e+17,2.7800000000000004e+16,-1.57e+17,1.22e+16,-1.72e+17,-1.9e+16,gcmt,263_gcmt
C110404C,2004-11-04T08:10:14,-76.9,-46.0,18.0,5.0,mw,0.04,0.02,1.8,,88.0,61.0,-158.0,347.0,71.0,-31.0,-1.39e+16,1.4e+16,-150000000000000.0,-3220000000000000.0,-1.34e+16,-2.96e+16,gcmt,264_gcmt
C110404C,2004-11-04T08:10:17,-76.55,-45.92,25.0,5.0,mwc,,,0.0,,88.0,61.0,-158.0,347.0,71.0,-31.0,,,,,,,anss,264_anss
C110404D,2004-11-04T08:29:16,-76.79,-45.94,19.2,5.2,mw,0.02,0.01,1.1,,82.0,73.0,-172.0,349.0,82.0,-17.0,-1.67e+16,3.65e+16,-1.98e+16,-2530000000000000.0,-2.5e+16,-8.38e+16,gcmt,265_gcmt
C110404D,2004-11-04T08:29:16,-76.44,-45.9,25.6,5.2,mwc,,,24.0,,82.0,73.0,-172.0,349.0,82.0,-17.0,,,,,,,anss,265_anss
C200503010724A,2005-03-01T07:24:05,-71.69,-31.43,25.2,5.4,mwc,,,,,354.0,25.0,103.0,159.0,66.0,84.0,,,,,,,anss,266_anss
C200503010724A,2005-03-01T07:24:09,-72.1,-31.59,32.9,5.4,mw,0.02,0.01,0.9,,354.0,25.0,103.0,159.0,66.0,84.0,1.1299999999999998e+17,9100000000000000.0,-1.22e+17,4.24e+16,-9.65e+16,3.65e+16,gcmt,266_gcmt
C200503132038A,2005-03-13T20:38:59,-71.68,-32.59,25.7,5.2,mwc,,,,,9.0,24.0,103.0,175.0,66.0,84.0,,,,,,,anss,267_anss
C200503132038A,2005-03-13T20:39:03,-72.02,-32.72,35.7,5.2,mw,0.02,0.02,1.2,,9.0,24.0,103.0,175.0,66.0,84.0,5.659999999999999e+16,1.01e+16,-6.68e+16,6800000000000000.0,-5.560000000000001e+16,-1500000000000000.0,gcmt,267_gcmt
C200503291638A,2005-03-29T16:38:20,-72.28,-33.71,34.0,5.3,mwc,,,,,6.0,17.0,100.0,175.0,73.0,87.0,,,,,,,anss,268_anss
C200503291638A,2005-03-29T16:38:25,-72.38,-33.76,19.7,5.3,mw,0.03,0.03,2.1,,6.0,17.0,100.0,175.0,73.0,87.0,5.88e+16,8500000000000002.0,-6.730000000000001e+16,9900000000000000.0,-9.52e+16,600000000000000.0,gcmt,268_gcmt
C200504130925A,2005-04-13T09:25:27,-72.85,-33.14,30.0,5.4,mwc,,,,,21.0,38.0,-89.0,200.0,52.0,-91.0,,,,,,,anss,269_anss
C200504130925A,2005-04-13T09:25:27,-73.24,-33.27,12.0,5.4,mw,0.01,0.01,0.0,,21.0,38.0,-89.0,200.0,52.0,-91.0,-1.33e+17,3599999999999999.5,1.29e+17,1.02e+16,3.09e+16,5.3e+16,gcmt,269_gcmt
C200510101607A,2005-10-10T16:06:56,-77.12,-45.7,12.0,5.1,mw,0.03,0.01,0.0,,85.0,46.0,-158.0,339.0,74.0,-46.0,-2.2e+16,2.54e+16,-3380000000000000.0,1.03e+16,-2.79e+16,-3.74e+16,gcmt,270_gcmt
C200510101607A,2005-10-10T16:07:00,-76.57,-45.62,35.0,5.1,mwc,,,,,85.0,46.0,-158.0,339.0,74.0,-46.0,,,,,,,anss,270_anss
C200512141052A,2005-12-14T10:52:08,-71.61,-31.05,57.2,5.3,mwc,,,,,266.0,24.0,-18.0,12.0,83.0,-113.0,,,,,,,anss,271_anss
C200512141052A,2005-12-14T10:52:09,-72.05,-31.22,57.5,5.3,mw,0.01,0.01,2.3,,266.0,24.0,-18.0,12.0,83.0,-113.0,-2.71e+16,2.28e+16,4300000000000000.0,-1.25e+16,-9.82e+16,4.31e+16,gcmt,271_gcmt
C200512212219A,2005-12-21T22:19:46,-74.06,-42.71,25.8,5.2,mwc,,,,,333.0,23.0,60.0,185.0,70.0,102.0,,,,,,,anss,272_anss
C200512212219A,2005-12-21T22:19:49,-74.43,-42.85,30.0,5.2,mw,0.02,0.02,0.0,,333.0,23.0,60.0,185.0,70.0,102.0,4.730000000000001e+16,4590000000000000.0,-5.19e+16,-1.01e+16,-5.87e+16,1.07e+16,gcmt,272_gcmt
C200512260056A,2005-12-26T00:56:10,-73.19,-38.95,29.8,5.1,mwc,,,,,4.0,32.0,89.0,185.0,58.0,91.0,,,,,,,anss,273_anss
C200512260056A,2005-12-26T00:56:13,-73.74,-39.01,41.0,5.1,mw,0.03,0.02,1.2,,4.0,32.0,89.0,185.0,58.0,91.0,5.36e+16,2530000000000000.0,-5.61e+16,-2790000000000000.5,-2.7400000000000004e+16,-4940000000000000.0,gcmt,273_gcmt
C200601052251A,2006-01-05T22:51:15,-73.22,-36.4,23.9,5.2,mwc,,,,,19.0,16.0,104.0,184.0,74.0,86.0,,,,,,,anss,274_anss
C200601052251A,2006-01-05T22:51:18,-73.52,-36.43,20.0,5.2,mw,0.02,0.03,0.0,,19.0,16.0,104.0,184.0,74.0,86.0,3.7e+16,5170000000000000.0,-4.22e+16,-4010000000000000.0,-6.64e+16,-9040000000000000.0,gcmt,274_gcmt
C200602101751A,2006-02-10T17:51:54,-71.39,-32.52,32.8,5.2,mwc,,,,,11.0,32.0,97.0,183.0,59.0,86.0,,,,,,,anss,275_anss
C200602101751A,2006-02-10T17:51:59,-71.84,-32.57,41.6,5.2,mw,0.03,0.02,1.4,,11.0,32.0,97.0,183.0,59.0,86.0,6.42e+16,8000000000000000.0,-7.22e+16,200000000000000.0,-3.55e+16,-9300000000000000.0,gcmt,275_gcmt
C200604151442A,2006-04-15T14:42:12,-72.33,-31.18,28.2,5.2,mw,0.02,0.02,0.9,,1.0,22.0,93.0,179.0,68.0,89.0,5.98e+16,5900000000000000.0,-6.57e+16,2100000000000000.0,-6.56e+16,200000000000000.0,gcmt,276_gcmt
C200604281821A,2006-04-28T18:21:53,-77.47,-45.76,12.0,5.3,mw,0.01,0.01,0.0,,76.0,75.0,-179.0,346.0,89.0,-15.0,7400000000000000.0,5.749999999999999e+16,-6.49e+16,2200000000000000.0,-3.58e+16,-1.1299999999999998e+17,gcmt,277_gcmt
C200604281821A,2006-04-28T18:21:55,-76.25,-45.69,10.0,5.3,mwc,,,,,76.0,75.0,-179.0,346.0,89.0,-15.0,,,,,,,anss,277_anss
C200605090902A,2006-05-09T09:02:26,-70.04,-32.85,126.1,5.0,mw,0.03,0.02,2.3,,270.0,44.0,-29.0,22.0,70.0,-130.0,-2.25e+16,2.11e+16,1409999999999999.8,-5280000000000000.0,-2.51e+16,3.14e+16,gcmt,278_gcmt
C200605090902A,2006-05-09T09:02:26,-69.41,-32.44,125.8,5.0,mwc,,,,,270.0,44.0,-29.0,22.0,70.0,-130.0,,,,,,,anss,278_anss
C200605181826A,2006-05-18T18:26:20,-71.98,-32.43,10.0,5.0,mwc,,,,,11.0,24.0,109.0,170.0,68.0,82.0,,,,,,,anss,279_anss
C200605181826A,2006-05-18T18:26:23,-72.14,-32.34,23.5,5.0,mw,0.06,0.05,2.8,,11.0,24.0,109.0,170.0,68.0,82.0,3.29e+16,-1680000000000000.0,-3.13e+16,8460000000000000.0,-3.11e+16,-730000000000000.0,gcmt,279_gcmt
C200605210511A,2006-05-21T05:11:38,-73.64,-37.32,22.5,5.2,mwc,,,,,27.0,17.0,120.0,176.0,76.0,82.0,,,,,,,anss,280_anss
C200605210511A,2006-05-21T05:11:40,-74.14,-37.41,15.4,5.2,mw,0.03,0.02,1.3,,27.0,17.0,120.0,176.0,76.0,82.0,4.58e+16,-500000000000000.0,-4.53e+16,9200000000000000.0,-8.06e+16,-1.03e+16,gcmt,280_gcmt
C200605300250A,2006-05-30T02:50:08,-76.17,-45.92,14.9,5.7,mw,0.01,0.01,0.8,,78.0,71.0,-175.0,346.0,85.0,-19.0,-4000000000000000.0,1.65e+17,-1.61e+17,-1.09e+16,-1.3e+17,-3.2e+17,gcmt,281_gcmt
C200605300250A,2006-05-30T02:50:09,-75.52,-45.76,36.3,5.7,mwc,,,,,78.0,71.0,-175.0,346.0,85.0,-19.0,,,,,,,anss,281_anss
C200607192211A,2006-07-19T22:11:29,-71.79,-32.5,36.4,5.0,mwc,,,5.2,,336.0,25.0,74.0,174.0,66.0,98.0,,,,,,,anss,282_anss
C200607192211A,2006-07-19T22:11:30,-72.24,-32.63,31.0,5.0,mw,0.05,0.03,2.0,,336.0,25.0,74.0,174.0,66.0,98.0,3.23e+16,1360000000000000.0,-3.37e+16,1150000000000000.0,-2.96e+16,9540000000000000.0,gcmt,282_gcmt
pde20060805140344230_25,2006-08-05T14:03:44,-68.719,-33.126,25.0,5.6,mwc,,,,,125.0,50.0,90.0,305.0,40.0,90.0,,,,,,,anss,283_anss
C200608051403A,2006-08-05T14:03:50,-68.86,-33.2,32.0,5.6,mw,0.01,0.01,0.6,,137.0,39.0,44.0,10.0,64.0,120.0,1.74e+17,7.33e+16,-2.4700000000000003e+17,5.01e+16,1.34e+17,9.02e+16,gcmt,283_gcmt
C200609170934A,2006-09-17T09:34:17,-67.15,-31.9,146.1,6.2,mw,0.01,0.0,0.4,,147.0,17.0,-147.0,25.0,81.0,-76.0,-7.6e+17,-1.4299999999999998e+17,9.03e+17,-1.01e+18,-1.77e+18,-2.03e+17,gcmt,284_gcmt
C200609242108A,2006-09-24T21:08:43,-67.18,-31.89,151.6,5.6,mw,0.01,0.01,0.7,,122.0,34.0,-131.0,348.0,65.0,-66.0,-3e+17,1.68e+17,1.32e+17,-9.57e+16,-2.55e+17,-9.25e+16,gcmt,285_gcmt
C200609242108A,2006-09-24T21:08:49,-67.69,-32.23,141.0,5.6,mwc,,,,,122.0,34.0,-131.0,348.0,65.0,-66.0,,,,,,,anss,285_anss
C200610071632A,2006-10-07T16:32:15,-77.03,-45.79,14.2,5.1,mw,0.03,0.02,0.7,,135.0,33.0,-74.0,296.0,58.0,-100.0,-5.95e+16,3.4900000000000004e+16,2.46e+16,2.83e+16,-4540000000000000.0,-1.84e+16,gcmt,286_gcmt
C200610071632A,2006-10-07T16:32:19,-76.29,-45.7,40.2,5.1,mwc,,,10.1,,135.0,33.0,-74.0,296.0,58.0,-100.0,,,,,,,anss,286_anss
pde20061012180556570_31,2006-10-12T18:05:56,-71.368,-31.256,31.0,6.4,mwc,,,,,175.0,65.0,90.0,355.0,25.0,90.0,,,,,,,anss,287_anss
C200610121805A,2006-10-12T18:06:04,-72.03,-31.48,36.8,6.4,mw,0.01,0.0,0.3,,3.0,26.0,96.0,176.0,65.0,87.0,3.22e+18,2.21e+17,-3.44e+18,2.8100000000000003e+17,-2.68e+18,6.6e+16,gcmt,287_gcmt
C200610131612A,2006-10-13T16:12:54,-71.61,-31.42,29.9,5.3,mwc,,,,,360.0,26.0,95.0,174.0,64.0,88.0,,,,,,,anss,288_anss
C200610131612A,2006-10-13T16:12:58,-72.02,-31.55,38.7,5.3,mw,0.02,0.01,0.9,,360.0,26.0,95.0,174.0,64.0,88.0,7.79e+16,9800000000000000.0,-8.77e+16,8500000000000002.0,-6.62e+16,6000000000000000.0,gcmt,288_gcmt
C200611201933A,2006-11-20T19:33:54,-75.04,-40.12,15.7,5.2,mwc,,,18.4,,190.0,42.0,-82.0,359.0,48.0,-97.0,,,,,,,anss,289_anss
C200611201933A,2006-11-20T19:33:54,-75.57,-40.24,12.0,5.2,mw,0.01,0.01,0.0,,190.0,42.0,-82.0,359.0,48.0,-97.0,-7.039999999999999e+16,-5700000000000000.0,7.61e+16,5800000000000000.0,-8200000000000000.0,5800000000000000.0,gcmt,289_gcmt
C200612311455A,2006-12-31T14:55:02,-71.11,-37.94,20.6,5.5,mwc,,,,,31.0,86.0,178.0,121.0,88.0,4.0,,,,,,,anss,290_anss
C200612311455A,2006-12-31T14:55:06,-71.4,-38.04,17.7,5.5,mw,0.01,0.01,0.7,,31.0,86.0,178.0,121.0,88.0,4.0,1.64e+16,2.15e+17,-2.32e+17,1.7100000000000002e+16,-600000000000000.0,1.16e+17,gcmt,290_gcmt
C200701071055A,2007-01-07T10:55:30,-71.3,-35.41,109.8,5.0,mwc,,,,,199.0,23.0,-83.0,12.0,68.0,-93.0,,,,,,,anss,291_anss
C200701071055A,2007-01-07T10:55:33,-71.23,-35.52,121.4,5.0,mw,0.04,0.04,4.6,,199.0,23.0,-83.0,12.0,68.0,-93.0,-2.52e+16,3850000000000000.0,2.13e+16,-4110000000000000.0,-2.37e+16,5460000000000000.0,gcmt,291_gcmt
C200701232040A,2007-01-23T20:40:16,-73.07,-45.46,12.8,5.3,mw,0.02,0.01,1.2,,264.0,89.0,-1.0,354.0,89.0,-179.0,-1.34e+16,-1.89e+16,3.22e+16,2600000000000000.0,-2400000000000000.0,1.26e+17,gcmt,292_gcmt
C200701232040A,2007-01-23T20:40:16,-72.19,-45.31,32.0,5.3,mwc,,,8.1,,264.0,89.0,-1.0,354.0,89.0,-179.0,,,,,,,anss,292_anss
C200701280253A,2007-01-28T02:53:16,-73.69,-45.39,46.8,5.2,mw,0.04,0.02,2.0,,104.0,76.0,1.0,14.0,89.0,166.0,-1.27e+16,4e+16,-2.73e+16,1.05e+16,1.67e+16,6.67e+16,gcmt,293_gcmt
C200701280253A,2007-01-28T02:53:20,-72.32,-45.16,49.7,5.2,mwc,,,10.3,,104.0,76.0,1.0,14.0,89.0,166.0,,,,,,,anss,293_anss
C200702030900A,2007-02-03T09:00:15,-72.24,-45.24,10.0,5.3,mwc,,,,,91.0,84.0,-6.0,182.0,84.0,-174.0,,,,,,,anss,294_anss
C200702030900A,2007-02-03T09:00:19,-73.03,-45.51,12.0,5.3,mw,0.02,0.01,0.0,,91.0,84.0,-6.0,182.0,84.0,-174.0,-3.4200000000000004e+16,2.36e+16,1.06e+16,-7199999999999999.0,8300000000000000.0,1.24e+17,gcmt,294_gcmt
C200702100603A,2007-02-10T06:03:02,-71.56,-42.98,157.3,5.5,mwc,,,,,207.0,6.0,117.0,360.0,84.0,87.0,,,,,,,anss,295_anss
C200702100603A,2007-02-10T06:03:05,-72.26,-43.26,162.3,5.5,mw,0.01,0.01,1.0,,207.0,6.0,117.0,360.0,84.0,87.0,2.31e+16,5.17e+16,-7.48e+16,1500000000000000.0,2.41e+17,-1.24e+16,gcmt,295_gcmt
C200702231955A,2007-02-23T19:55:48,-72.32,-45.34,25.1,5.7,mwc,,,,,87.0,70.0,-12.0,181.0,79.0,-160.0,,,,,,,anss,296_anss
C200702231955A,2007-02-23T19:55:50,-73.08,-45.51,16.6,5.7,mw,0.01,0.01,0.8,,87.0,70.0,-12.0,181.0,79.0,-160.0,-4.5e+16,1.53e+16,2.97e+16,-7.93e+16,1.3500000000000002e+17,3.79e+17,gcmt,296_gcmt
C200703201759A,2007-03-20T17:59:50,-67.19,-31.92,146.1,5.2,mw,0.02,0.02,2.1,,168.0,19.0,-125.0,24.0,75.0,-79.0,-3.39e+16,-3850000000000000.0,3.78e+16,-2.69e+16,-5.15e+16,4410000000000000.0,gcmt,297_gcmt
C200703291440A,2007-03-29T14:40:44,-71.84,-31.59,25.1,5.6,mwc,,,6.5,,12.0,19.0,91.0,191.0,71.0,90.0,,,,,,,anss,298_anss
C200703291440A,2007-03-29T14:40:47,-72.16,-31.63,26.6,5.6,mw,0.01,0.01,0.7,,12.0,19.0,91.0,191.0,71.0,90.0,1.89e+17,2.27e+16,-2.12e+17,-4.94e+16,-2.54e+17,-4.88e+16,gcmt,298_gcmt
C200703291709A,2007-03-29T17:09:07,-71.71,-31.6,33.9,5.6,mwc,,,7.5,,29.0,22.0,112.0,185.0,69.0,81.0,,,,,,,anss,299_anss
C200703291709A,2007-03-29T17:09:10,-72.06,-31.59,22.4,5.6,mw,0.01,0.01,0.6,,29.0,22.0,112.0,185.0,69.0,81.0,2.17e+17,3.14e+16,-2.4900000000000003e+17,-1.3e+16,-2.7000000000000003e+17,-8.11e+16,gcmt,299_gcmt
C200703291746A,2007-03-29T17:46:20,-72.07,-31.57,4.0,5.3,mwc,,,7.4,,336.0,15.0,59.0,188.0,78.0,98.0,,,,,,,anss,300_anss
C200703291746A,2007-03-29T17:46:27,-72.12,-31.69,19.8,5.3,mw,0.03,0.02,1.9,,336.0,15.0,59.0,188.0,78.0,98.0,4.08e+16,7500000000000000.0,-4.83e+16,-1.53e+16,-9.18e+16,6000000000000000.0,gcmt,300_gcmt
C200703291832A,2007-03-29T18:31:58,-71.9,-31.58,29.1,5.0,mwc,,,,,347.0,31.0,85.0,172.0,59.0,93.0,,,,,,,anss,301_anss
C200703291832A,2007-03-29T18:32:02,-72.23,-31.72,32.0,5.0,mw,0.04,0.03,1.2,,347.0,31.0,85.0,172.0,59.0,93.0,3.43e+16,1230000000000000.0,-3.55e+16,1729999999999999.8,-1.88e+16,6960000000000000.0,gcmt,301_gcmt
C200704020249A,2007-04-02T02:49:35,-73.06,-45.38,4.9,6.1,mwc,,,,,53.0,43.0,-86.0,228.0,47.0,-94.0,,,,,,,anss,302_anss
C200704020249A,2007-04-02T02:49:42,-73.04,-45.41,30.4,6.1,mw,0.04,0.02,1.5,,53.0,43.0,-86.0,228.0,47.0,-94.0,-1.59e+18,1.14e+18,4.5e+17,1.15e+17,1.32e+17,1.71e+18,gcmt,302_gcmt
C200704211753A,2007-04-21T17:53:46,-72.65,-45.24,36.7,6.2,mwc,,,6.5,,84.0,86.0,2.0,354.0,88.0,176.0,,,,,,,anss,303_anss
C200704211753A,2007-04-21T17:53:48,-72.95,-45.48,12.0,6.2,mw,0.01,0.0,0.0,,84.0,86.0,2.0,354.0,88.0,176.0,-9.12e+17,-1.2e+17,1.03e+18,1.85e+17,2.8000000000000003e+17,2.77e+18,gcmt,303_gcmt
C200704220605A,2007-04-22T06:05:28,-71.86,-31.53,29.9,5.1,mwc,,,,,348.0,28.0,61.0,201.0,66.0,105.0,,,,,,,anss,304_anss
C200704220605A,2007-04-22T06:05:28,-72.34,-31.59,27.8,5.1,mw,0.03,0.03,1.2,,348.0,28.0,61.0,201.0,66.0,105.0,3.47e+16,5639999999999999.0,-4.03e+16,-1.5e+16,-2.79e+16,-4530000000000000.0,gcmt,304_gcmt
C200706210954A,2007-06-21T09:54:54,-71.16,-31.75,45.0,5.1,mwc,,,,,359.0,32.0,94.0,174.0,58.0,88.0,,,,,,,anss,305_anss
C200706210954A,2007-06-21T09:54:59,-71.42,-31.79,53.5,5.1,mw,0.02,0.02,1.5,,359.0,32.0,94.0,174.0,58.0,88.0,4.43e+16,1560000000000000.0,-4.59e+16,3270000000000000.0,-2.19e+16,2970000000000000.0,gcmt,305_gcmt
C200706281925A,2007-06-28T19:25:21,-71.34,-32.0,68.8,5.6,mwc,,,,,198.0,15.0,-73.0,0.0,75.0,-95.0,,,,,,,anss,306_anss
C200706281925A,2007-06-28T19:25:22,-71.63,-32.08,80.3,5.6,mw,0.01,0.01,1.1,,198.0,15.0,-73.0,0.0,75.0,-95.0,-1.91e+17,2.64e+16,1.64e+17,9300000000000000.0,-3.14e+17,2.8000000000000004e+16,gcmt,306_gcmt
C200707111512A,2007-07-11T15:12:22,-70.28,-32.67,93.8,5.1,mwc,,,2.4,,150.0,50.0,-177.0,58.0,88.0,-40.0,,,,,,,anss,307_anss
C200707111512A,2007-07-11T15:12:24,-70.3,-32.67,115.7,5.1,mw,0.03,0.02,2.7,,150.0,50.0,-177.0,58.0,88.0,-40.0,-1e+16,-2.45e+16,3.45e+16,-1.86e+16,-2.7e+16,2.34e+16,gcmt,307_gcmt
C200708081414A,2007-08-08T14:14:20,-71.6,-32.47,32.7,5.3,mwc,,,3.9,,335.0,17.0,78.0,167.0,74.0,93.0,,,,,,,anss,308_anss
C200708081414A,2007-08-08T14:14:23,-71.92,-32.66,24.0,5.3,mw,0.02,0.02,0.0,,335.0,17.0,78.0,167.0,74.0,93.0,5.83e+16,6900000000000001.0,-6.52e+16,2.2e+16,-1.01e+17,2.53e+16,gcmt,308_gcmt
C200709220801A,2007-09-22T08:01:03,-76.28,-45.91,10.0,5.5,mwc,,,,,75.0,80.0,178.0,165.0,88.0,10.0,,,,,,,anss,309_anss
C200709220801A,2007-09-22T08:01:04,-76.8,-46.01,12.0,5.5,mw,0.01,0.01,0.0,,75.0,80.0,178.0,165.0,88.0,10.0,-5.95e+16,1.57e+17,-9.73e+16,3.6e+16,-4.07e+16,-2.25e+17,gcmt,309_gcmt
C200710161337A,2007-10-16T13:37:53,-76.37,-45.99,10.0,5.2,mwc,,,,,71.0,63.0,-173.0,338.0,83.0,-27.0,,,,,,,anss,310_anss
C200710161337A,2007-10-16T13:37:54,-76.84,-45.98,13.9,5.2,mw,0.02,0.01,1.1,,71.0,63.0,-173.0,338.0,83.0,-27.0,-1.87e+16,5.269999999999999e+16,-3.39e+16,1.35e+16,-2.85e+16,-5.39e+16,gcmt,310_gcmt
C200710201956A,2007-10-20T19:56:21,-73.01,-36.47,40.8,5.2,mwc,,,4.5,,13.0,23.0,104.0,177.0,67.0,84.0,,,,,,,anss,311_anss
C200710201956A,2007-10-20T19:56:22,-73.51,-36.5,40.7,5.2,mw,0.02,0.01,1.3,,13.0,23.0,104.0,177.0,67.0,84.0,5.18e+16,1.01e+16,-6.18e+16,4670000000000000.0,-5.56e+16,-4780000000000000.0,gcmt,311_gcmt
C200710270116A,2007-10-27T01:16:54,-69.03,-31.68,116.6,5.0,mwc,,,,,299.0,51.0,-26.0,46.0,70.0,-138.0,,,,,,,anss,312_anss
C200710270116A,2007-10-27T01:16:56,-69.21,-31.85,113.8,5.0,mw,0.04,0.03,3.3,,299.0,51.0,-26.0,46.0,70.0,-138.0,-1.73e+16,3.72e+16,-1.99e+16,-7780000000000000.0,-2.34e+16,7780000000000000.0,gcmt,312_gcmt
C200712151822A,2007-12-15T18:22:27,-71.68,-32.69,30.2,5.9,mwc,,,,,359.0,21.0,89.0,179.0,69.0,90.0,,,,,,,anss,313_anss
C200712151822A,2007-12-15T18:22:32,-72.02,-32.81,33.3,5.9,mw,0.01,0.01,0.5,,359.0,21.0,89.0,179.0,69.0,90.0,5.4700000000000006e+17,8.8e+16,-6.35e+17,7000000000000000.0,-6.59e+17,1.2e+16,gcmt,313_gcmt
C200712200306A,2007-12-20T03:06:56,-71.79,-32.71,30.1,5.5,mwc,,,,,351.0,12.0,80.0,181.0,78.0,92.0,,,,,,,anss,314_anss
C200712200306A,2007-12-20T03:07:00,-72.01,-32.85,25.0,5.5,mw,0.02,0.02,0.0,,351.0,12.0,80.0,181.0,78.0,92.0,6.61e+16,2.04e+16,-8.66e+16,-2500000000000000.0,-1.78e+17,5500000000000000.0,gcmt,314_gcmt
C200802292251A,2008-02-29T22:51:34,-75.08,-40.32,10.0,5.0,mwc,,,,,212.0,46.0,-107.0,56.0,47.0,-73.0,,,,,,,anss,315_anss
C200802292251A,2008-02-29T22:51:37,-75.49,-40.56,19.5,5.0,mw,0.04,0.03,0.9,,212.0,46.0,-107.0,56.0,47.0,-73.0,-4.69e+16,2.26e+16,2.43e+16,-9370000000000000.0,7730000000000000.0,1.7e+16,gcmt,315_gcmt
C200803290134A,2008-03-29T01:34:35,-74.1,-43.08,27.4,5.1,mwc,,,,,5.0,32.0,90.0,184.0,58.0,90.0,,,,,,,anss,316_anss
C200803290134A,2008-03-29T01:34:39,-74.58,-43.2,42.0,5.1,mw,0.04,0.03,1.0,,5.0,32.0,90.0,184.0,58.0,90.0,5.34e+16,-8840000000000000.0,-4.45e+16,-1680000000000000.0,-2.46e+16,-2780000000000000.0,gcmt,316_gcmt
C200804110129A,2008-04-11T01:29:44,-76.36,-45.88,17.0,5.1,mw,0.03,0.02,1.6,,80.0,67.0,-165.0,343.0,76.0,-24.0,4000000000000000.0,2.17e+16,-2.57e+16,-1.61e+16,-3.37e+16,-4.25e+16,gcmt,317_gcmt
C200804110129A,2008-04-11T01:29:45,-75.22,-45.77,10.0,5.1,mwc,,,,,80.0,67.0,-165.0,343.0,76.0,-24.0,,,,,,,anss,317_anss
C200805020551A,2008-05-02T05:51:24,-72.27,-42.77,10.0,5.2,mwc,,,,,206.0,77.0,-177.0,115.0,87.0,-13.0,,,,,,,anss,318_anss
C200805020551A,2008-05-02T05:51:27,-72.65,-42.93,17.4,5.2,mw,0.03,0.01,1.2,,206.0,77.0,-177.0,115.0,87.0,-13.0,-3.55e+16,8.82e+16,-5.28e+16,-1.85e+16,1500000000000000.0,5.590000000000001e+16,gcmt,318_gcmt
C200805030236A,2008-05-03T02:36:12,-72.25,-42.78,10.0,5.0,mwc,,,,,280.0,52.0,-31.0,31.0,66.0,-137.0,,,,,,,anss,319_anss
C200805030236A,2008-05-03T02:36:16,-72.56,-42.82,12.0,5.0,mw,0.05,0.02,0.0,,280.0,52.0,-31.0,31.0,66.0,-137.0,-1.98e+16,2.9e+16,-9160000000000000.0,9930000000000000.0,-3.8e+16,1.66e+16,gcmt,319_gcmt
C200805201516A,2008-05-20T15:16:07,-78.9,-44.57,12.2,5.6,mw,0.02,0.01,1.2,,76.0,64.0,-170.0,342.0,81.0,-27.0,-2.89e+16,1.48e+17,-1.19e+17,-4600000000000000.0,-1.32e+17,-2.12e+17,gcmt,320_gcmt
C200805240243A,2008-05-24T02:43:36,-72.19,-41.96,9.4,5.4,mwc,,,,,84.0,57.0,-11.0,180.0,81.0,-146.0,,,,,,,anss,321_anss
C200805240243A,2008-05-24T02:43:42,-72.46,-42.17,12.0,5.4,mw,0.02,0.01,0.0,,84.0,57.0,-11.0,180.0,81.0,-146.0,-6.999999999999999e+16,4500000000000000.0,6.55e+16,3.03e+16,8.34e+16,1.57e+17,gcmt,321_gcmt
C200810011703A,2008-10-01T17:03:46,-70.73,-35.02,99.3,5.2,mwc,,,,,288.0,4.0,-10.0,28.0,89.0,-94.0,,,,,,,anss,322_anss
C200810011703A,2008-10-01T17:03:48,-71.04,-35.03,118.6,5.2,mw,0.02,0.02,1.9,,288.0,4.0,-10.0,28.0,89.0,-94.0,1030000000000000.0,870000000000000.0,-1900000000000000.0,-3.48e+16,-6.46e+16,7550000000000000.0,gcmt,322_gcmt
C200811232119A,2008-11-23T21:19:40,-73.01,-36.32,32.6,5.3,mwc,,,,,11.0,22.0,111.0,169.0,69.0,82.0,,,,,,,anss,323_anss
C200811232119A,2008-11-23T21:19:44,-73.36,-36.38,37.8,5.3,mw,0.02,0.01,1.2,,11.0,22.0,111.0,169.0,69.0,82.0,6.56e+16,1.36e+16,-7.93e+16,1.81e+16,-7.7e+16,2100000000000000.0,gcmt,323_gcmt
pde20081218211928380_18,2008-12-18T21:19:28,-71.726,-32.458,18.0,6.2,mwc,,,,,175.0,70.0,90.0,355.0,20.0,90.0,,,,,,,anss,324_anss
C200812182119A,2008-12-18T21:19:33,-72.13,-32.63,22.5,6.1,mw,0.01,0.01,0.3,,360.0,19.0,94.0,175.0,71.0,89.0,1.13e+18,1.18e+17,-1.25e+18,1.33e+17,-1.54e+18,6.2e+16,gcmt,324_gcmt
C200812182150A,2008-12-18T21:50:28,-72.05,-32.47,25.0,5.9,mwc,,,,,350.0,18.0,83.0,177.0,72.0,92.0,,,,,,,anss,325_anss
C200812182150A,2008-12-18T21:50:34,-72.11,-32.62,20.7,5.9,mw,0.01,0.01,0.6,,350.0,18.0,83.0,177.0,72.0,92.0,4.43e+17,7500000000000000.0,-4.51e+17,2.46e+16,-6.1e+17,5.29e+16,gcmt,325_gcmt
C200812190730A,2008-12-19T07:30:06,-72.02,-32.54,12.0,5.4,mwc,,,,,359.0,20.0,90.0,179.0,70.0,90.0,,,,,,,anss,326_anss
C200812190730A,2008-12-19T07:30:11,-72.24,-32.66,22.0,5.4,mw,0.01,0.01,0.7,,359.0,20.0,90.0,179.0,70.0,90.0,9.47e+16,6400000000000000.0,-1.01e+17,1500000000000000.0,-1.17e+17,1200000000000000.0,gcmt,326_gcmt
C200812190936A,2008-12-19T09:36:04,-71.95,-32.46,32.2,5.7,mwc,,,,,2.0,19.0,100.0,172.0,72.0,87.0,,,,,,,anss,327_anss
C200812190936A,2008-12-19T09:36:08,-72.1,-32.56,23.1,5.7,mw,0.01,0.01,0.5,,2.0,19.0,100.0,172.0,72.0,87.0,2.83e+17,1.64e+16,-2.99e+17,6.08e+16,-3.84e+17,1.6900000000000002e+16,gcmt,327_gcmt
C200812191357A,2008-12-19T13:57:30,-71.85,-32.58,13.8,5.2,mwc,,,,,11.0,19.0,118.0,162.0,74.0,81.0,,,,,,,anss,328_anss
C200812191357A,2008-12-19T13:57:36,-71.97,-32.68,24.3,5.2,mw,0.03,0.02,2.2,,11.0,19.0,118.0,162.0,74.0,81.0,3.4000000000000004e+16,2.46e+16,-5.86e+16,1.98e+16,-6.780000000000001e+16,1.2e+16,gcmt,328_gcmt
C200812191648A,2008-12-19T16:48:50,-71.99,-32.61,12.6,5.2,mwc,,,,,351.0,23.0,82.0,180.0,67.0,93.0,,,,,,,anss,329_anss
C200812191648A,2008-12-19T16:48:53,-72.25,-32.6,29.4,5.2,mw,0.02,0.02,1.0,,351.0,23.0,82.0,180.0,67.0,93.0,4.93e+16,5710000000000000.0,-5.5e+16,-820000000000000.0,-4.97e+16,4350000000000000.0,gcmt,329_gcmt
C200812201707A,2008-12-20T17:07:01,-68.11,-31.58,106.3,5.2,mwc,,,,,66.0,46.0,-52.0,198.0,56.0,-122.0,,,,,,,anss,330_anss
C200812201707A,2008-12-20T17:07:05,-68.14,-31.72,122.6,5.2,mw,0.02,0.01,1.9,,66.0,46.0,-52.0,198.0,56.0,-122.0,-6.909999999999999e+16,2.71e+16,4.2e+16,-1.31e+16,3.11e+16,5.759999999999999e+16,gcmt,330_gcmt
C200901231256A,2009-01-23T12:56:08,-70.81,-36.39,126.6,5.2,mwc,,,,,253.0,56.0,-16.0,352.0,77.0,-145.0,,,,,,,anss,331_anss
C200901231256A,2009-01-23T12:56:09,-71.22,-36.64,121.9,5.2,mw,0.02,0.02,3.3,,253.0,56.0,-16.0,352.0,77.0,-145.0,-1.52e+16,-1.56e+16,3.08e+16,2.43e+16,-3.69e+16,5.44e+16,gcmt,331_gcmt
C200903111306A,2009-03-11T13:06:53,-69.19,-31.89,28.0,5.3,mwc,,,,,190.0,44.0,109.0,344.0,49.0,72.0,,,,,,,anss,332_anss
C200903111306A,2009-03-11T13:06:56,-69.29,-31.98,36.8,5.3,mw,0.01,0.01,0.5,,190.0,44.0,109.0,344.0,49.0,72.0,1.03e+17,1.97e+16,-1.23e+17,-2.14e+16,8000000000000000.0,7800000000000000.0,gcmt,332_gcmt
C200903121103A,2009-03-12T11:03:12,-78.35,-45.27,17.0,5.0,mw,0.03,0.03,1.0,,157.0,43.0,-117.0,12.0,53.0,-67.0,-3.72e+16,4360000000000000.0,3.28e+16,-1.44e+16,-7570000000000000.0,-3510000000000000.0,gcmt,333_gcmt
C200903151350A,2009-03-15T13:50:41,-65.51,-31.22,198.6,5.2,mw,0.02,0.02,1.7,,149.0,40.0,-69.0,303.0,53.0,-107.0,-5.93e+16,2.89e+16,3.04e+16,2.06e+16,-1810000000000000.0,-3.83e+16,gcmt,334_gcmt
C200904260803A,2009-04-26T08:03:36,-69.34,-32.85,114.7,5.3,mwc,,,2.1,,145.0,49.0,169.0,242.0,82.0,42.0,,,,,,,anss,335_anss
C200904260803A,2009-04-26T08:03:40,-69.49,-32.89,141.0,5.3,mw,0.02,0.01,1.2,,145.0,49.0,169.0,242.0,82.0,42.0,2.21e+16,-9.56e+16,7.34e+16,-6.57e+16,-5.3e+16,4.41e+16,gcmt,335_gcmt
C200904281529A,2009-04-28T15:29:30,-76.28,-48.48,17.5,5.1,mw,0.03,0.02,1.3,,7.0,20.0,97.0,180.0,70.0,88.0,3.19e+16,1.25e+16,-4.43e+16,190000000000000.0,-4.55e+16,-2570000000000000.0,gcmt,336_gcmt
C200905081344A,2009-05-08T13:44:53,-69.68,-32.06,111.9,5.4,mwc,,,,,185.0,48.0,-121.0,47.0,50.0,-60.0,,,,,,,anss,337_anss
C200905081344A,2009-05-08T13:44:57,-69.68,-32.02,109.7,5.4,mw,0.02,0.01,1.1,,185.0,48.0,-121.0,47.0,50.0,-60.0,-1.1499999999999998e+17,1700000000000000.0,1.1299999999999998e+17,-3.86e+16,1.47e+16,7.029999999999999e+16,gcmt,337_gcmt
C200906170705A,2009-06-17T07:04:52,-77.15,-45.62,10.0,5.2,mwc,,,,,346.0,68.0,-11.0,80.0,80.0,-158.0,,,,,,,anss,338_anss
C200906170705A,2009-06-17T07:04:53,-77.61,-45.83,24.7,5.2,mw,0.02,0.01,1.2,,346.0,68.0,-11.0,80.0,80.0,-158.0,-8120000000000002.0,3.51e+16,-2.7e+16,-2.87e+16,-2.2e+16,-7.19e+16,gcmt,338_gcmt
20090629030730,2009-06-29T03:07:31,-77.15,-45.64,17.0,5.3,mwc,,,,,79.0,67.0,-171.0,346.0,81.0,-23.0,-2.8e+16,5.76e+16,-2.96e+16,4800000000000000.0,-4.03e+16,-9.87e+16,anss,339_anss
C200906290307A,2009-06-29T03:07:31,-77.15,-45.64,17.0,5.3,mw,0.02,0.01,0.9,,79.0,67.0,-171.0,346.0,81.0,-23.0,-2.8000000000000004e+16,5.759999999999999e+16,-2.96e+16,4800000000000000.0,-4.03e+16,-9.87e+16,gcmt,339_gcmt
C200909120356A,2009-09-12T03:56:57,-76.99,-45.83,18.3,5.0,mw,0.04,0.04,1.4,,176.0,26.0,-92.0,359.0,64.0,-89.0,-3.46e+16,7160000000000000.0,2.75e+16,-200000000000000.0,-2.37e+16,-940000000000000.0,gcmt,340_gcmt
C200909120356A,2009-09-12T03:56:59,-76.51,-45.64,31.6,5.0,mwc,,,16.6,,176.0,26.0,-92.0,359.0,64.0,-89.0,,,,,,,anss,340_anss
C200909251547A,2009-09-25T15:47:23,-71.61,-32.11,47.5,5.1,mwc,,,4.1,,277.0,58.0,15.0,180.0,78.0,147.0,,,,,,,anss,341_anss
C200909251547A,2009-09-25T15:47:27,-71.9,-32.26,41.8,5.1,mw,0.03,0.02,1.8,,277.0,58.0,15.0,180.0,78.0,147.0,1.3e+16,-810000000000000.0,-1.22e+16,-7460000000000000.0,-2.54e+16,4.32e+16,gcmt,341_gcmt
C200910280620A,2009-10-28T06:20:02,-71.76,-32.74,10.0,5.0,mwc,,,,,164.0,43.0,86.0,349.0,47.0,94.0,,,,,,,anss,342_anss
C200910280620A,2009-10-28T06:20:03,-72.05,-32.84,19.0,5.0,mw,0.02,0.03,1.0,,164.0,43.0,86.0,349.0,47.0,94.0,3.88e+16,-2590000000000000.0,-3.62e+16,1160000000000000.0,2980000000000000.0,8360000000000000.0,gcmt,342_gcmt
pde20091122220748220_7,2009-11-22T22:07:48,-74.967,-39.634,7.0,5.9,mwc,,,,,355.0,65.0,-110.0,216.0,32.0,-54.0,,,,,,,anss,343_anss
C200911222207A,2009-11-22T22:07:51,-75.46,-39.77,12.0,5.8,mw,0.01,0.01,0.0,,199.0,43.0,-69.0,351.0,51.0,-109.0,-6.99e+17,-1.9e+16,7.19e+17,1.77e+17,-1.16e+17,6.7e+16,gcmt,343_gcmt
C200912291147A,2009-12-29T11:47:35,-72.92,-36.67,28.5,5.1,mwc,,,,,1.0,21.0,95.0,175.0,69.0,88.0,,,,,,,anss,344_anss
C200912291147A,2009-12-29T11:47:36,-73.39,-36.78,43.4,5.1,mw,0.03,0.02,2.1,,1.0,21.0,95.0,175.0,69.0,88.0,3.37e+16,1850000000000000.0,-3.55e+16,3600000000000000.0,-3.76e+16,1250000000000000.0,gcmt,344_gcmt
C201001181228A,2010-01-18T12:28:34,-68.6,-31.35,94.1,5.4,mwc,,,2.4,,231.0,37.0,-97.0,60.0,54.0,-85.0,,,,,,,anss,345_anss
C201001181228A,2010-01-18T12:28:40,-68.97,-31.48,116.1,5.4,mw,0.02,0.01,1.0,,231.0,37.0,-97.0,60.0,54.0,-85.0,-1.3899999999999998e+17,9.78e+16,4.1e+16,-4.21e+16,-1.5e+16,7.08e+16,gcmt,345_gcmt
C201002121203A,2010-02-12T12:03:38,-68.79,-33.62,148.2,5.8,mwc,,,2.5,,69.0,57.0,-156.0,325.0,70.0,-35.0,,,,,,,anss,346_anss
C201002121203A,2010-02-12T12:03:43,-69.02,-33.63,173.5,5.8,mw,0.01,0.01,0.6,,69.0,57.0,-156.0,325.0,70.0,-35.0,-2.4e+17,5.7300000000000006e+17,-3.33e+17,1000000000000000.0,-3.98e+17,-2.93e+17,gcmt,346_gcmt
official20100227063411530_30,2010-02-27T06:34:11,-72.898,-36.122,30.0,8.8,mww,,,,,178.0,77.0,86.0,17.0,14.0,108.0,,,,,,,anss,347_anss
C201002270634A,2010-02-27T06:35:14,-73.15,-35.98,23.2,8.8,mw,0.01,0.01,0.3,,19.0,18.0,116.0,172.0,74.0,82.0,1.04e+22,-3.9e+20,-1e+22,3.04e+21,-1.52e+22,-1.19e+21,gcmt,347_gcmt
S201002270801A,2010-02-27T08:01:23,-75.05,-37.77,41.7,7.4,mwc,,,,,3.0,46.0,-102.0,200.0,46.0,-78.0,,,,,,,anss,348_anss
S201002270801A,2010-02-27T08:01:29,-75.41,-38.09,19.9,7.4,mw,0.03,0.04,1.4,,3.0,46.0,-102.0,200.0,46.0,-78.0,-1.3999999999999998e+20,1.63e+19,1.24e+20,2.34e+19,-4.1e+18,2.27e+19,gcmt,348_gcmt
pde20100227172430590_19,2010-02-27T17:24:30,-73.208,-36.354,19.0,6.1,mwb,,,,,226.0,63.0,51.0,107.0,46.0,141.0,9.4e+17,-1.34e+18,3.9e+17,-2.1e+17,-7.4e+17,-4.5e+17,anss,349_anss
C201002271900A,2010-02-27T19:00:06,-71.83,-33.42,31.1,6.2,mwc,,,5.0,,3.0,27.0,97.0,175.0,64.0,86.0,,,,,,,anss,350_anss
C201002271900A,2010-02-27T19:00:12,-72.29,-33.62,24.2,6.2,mw,0.02,0.02,0.8,,3.0,27.0,97.0,175.0,64.0,86.0,2.42e+18,-3.43e+17,-2.08e+18,2.61e+17,-1.7e+18,8999999999999998.0,gcmt,350_gcmt
C201002272302A,2010-02-27T23:02:02,-72.83,-37.69,45.2,5.9,mwc,,,4.2,,349.0,27.0,90.0,169.0,63.0,90.0,,,,,,,anss,351_anss
C201002272302A,2010-02-27T23:02:06,-73.33,-37.94,53.4,5.9,mw,0.04,0.03,2.2,,349.0,27.0,90.0,169.0,63.0,90.0,7.05e+17,-1.22e+17,-5.83e+17,9.1e+16,-4.6e+17,9.5e+16,gcmt,351_gcmt
C201002280108A,2010-02-28T01:08:23,-71.95,-34.16,31.9,5.9,mwc,,,4.0,,13.0,24.0,95.0,187.0,66.0,88.0,,,,,,,anss,352_anss
C201002280108A,2010-02-28T01:08:28,-72.46,-34.25,31.5,5.9,mw,0.02,0.02,0.9,,13.0,24.0,95.0,187.0,66.0,88.0,7.36e+17,-5.7e+16,-6.79e+17,-6.5e+16,-6.53e+17,-1.17e+17,gcmt,352_gcmt
C201002281125A,2010-02-28T11:25:35,-71.62,-34.9,46.0,6.2,mwc,,,,,17.0,25.0,113.0,171.0,67.0,80.0,,,,,,,anss,353_anss
C201002281125A,2010-02-28T11:25:39,-72.05,-35.11,53.5,6.2,mw,0.01,0.01,0.6,,17.0,25.0,113.0,171.0,67.0,80.0,1.65e+18,1.95e+17,-1.84e+18,3.93e+17,-1.64e+18,-1.13e+17,gcmt,353_gcmt
C201002281948A,2010-02-28T19:48:37,-73.63,-38.08,35.0,5.8,mwc,,,,,1.0,16.0,91.0,180.0,74.0,90.0,,,,,,,anss,354_anss
C201002281948A,2010-02-28T19:48:39,-74.15,-38.36,15.1,5.8,mw,0.01,0.01,0.4,,1.0,16.0,91.0,180.0,74.0,90.0,3.88e+17,-6300000000000000.0,-3.81e+17,-2000000000000000.0,-6.08e+17,-3400000000000000.0,gcmt,354_gcmt
C201003010110A,2010-03-01T01:10:57,-71.92,-35.24,41.3,5.2,mwc,,,3.0,,34.0,33.0,130.0,169.0,65.0,67.0,,,,,,,anss,355_anss
C201003010110A,2010-03-01T01:11:00,-72.33,-35.4,57.8,5.2,mw,0.02,0.01,1.4,,34.0,33.0,130.0,169.0,65.0,67.0,5.05e+16,2.2e+16,-7.25e+16,1.34e+16,-4.46e+16,-1.48e+16,gcmt,355_gcmt
C201003010244A,2010-03-01T02:44:42,-72.49,-35.04,22.9,5.6,mwc,,,,,302.0,29.0,32.0,183.0,75.0,115.0,,,,,,,anss,356_anss
C201003010244A,2010-03-01T02:44:45,-72.75,-35.22,18.9,5.6,mw,0.01,0.01,0.8,,302.0,29.0,32.0,183.0,75.0,115.0,1.3999999999999998e+17,4.03e+16,-1.8e+17,-3.08e+16,-2.55e+17,1.3e+17,gcmt,356_gcmt
C201003010749A,2010-03-01T07:49:09,-73.12,-34.71,33.0,5.3,mwc,,,4.6,,208.0,35.0,-65.0,358.0,58.0,-107.0,,,,,,,anss,357_anss
C201003010749A,2010-03-01T07:49:09,-73.53,-34.73,12.0,5.3,mw,0.01,0.01,0.0,,208.0,35.0,-65.0,358.0,58.0,-107.0,-9.45e+16,-3.54e+16,1.3e+17,8400000000000002.0,-5.29e+16,3.3e+16,gcmt,357_gcmt
C201003010846A,2010-03-01T08:46:56,-73.46,-35.51,15.1,5.3,mw,0.02,0.02,1.0,,26.0,17.0,98.0,197.0,73.0,87.0,5.610000000000001e+16,2500000000000000.0,-5.86e+16,-2.67e+16,-9.1e+16,-2.63e+16,gcmt,358_gcmt
C201003010846A,2010-03-01T08:46:56,-72.29,-35.68,35.0,5.3,mwc,,,,,26.0,17.0,98.0,197.0,73.0,87.0,,,,,,,anss,358_anss
C201003010858A,2010-03-01T08:58:31,-74.96,-37.91,18.8,5.0,mw,0.03,0.04,1.1,,204.0,41.0,-79.0,9.0,50.0,-100.0,-3.98e+16,6150000000000000.0,3.36e+16,4070000000000000.0,-7150000000000000.0,8890000000000000.0,gcmt,359_gcmt
C201003010858A,2010-03-01T08:58:33,-74.49,-37.84,35.0,5.0,mwc,,,,,204.0,41.0,-79.0,9.0,50.0,-100.0,,,,,,,anss,359_anss
C201003011220A,2010-03-01T12:20:17,-74.01,-34.57,12.0,5.1,mw,0.02,0.02,0.0,,41.0,40.0,-91.0,222.0,50.0,-89.0,-5.24e+16,2.27e+16,2.97e+16,6080000000000000.0,6240000000000000.0,2.7400000000000004e+16,gcmt,360_gcmt
C201003011220A,2010-03-01T12:20:18,-73.74,-34.54,35.0,5.1,mwc,,,,,41.0,40.0,-91.0,222.0,50.0,-89.0,,,,,,,anss,360_anss
C201003011436A,2010-03-01T14:36:29,-73.96,-34.53,12.0,5.2,mw,0.02,0.01,0.0,,46.0,39.0,-89.0,224.0,51.0,-91.0,-7.55e+16,3.76e+16,3.79e+16,1e+16,1.19e+16,2.9900000000000004e+16,gcmt,361_gcmt
C201003011436A,2010-03-01T14:36:30,-73.5,-34.39,30.9,5.2,mwc,,,10.8,,46.0,39.0,-89.0,224.0,51.0,-91.0,,,,,,,anss,361_anss
C201003011552A,2010-03-01T15:52:38,-73.55,-36.76,35.9,5.1,mwc,,,9.4,,13.0,27.0,104.0,177.0,64.0,83.0,,,,,,,anss,362_anss
C201003011552A,2010-03-01T15:52:39,-73.91,-36.83,27.2,5.1,mw,0.02,0.02,0.9,,13.0,27.0,104.0,177.0,64.0,83.0,4.05e+16,-470000000000000.0,-4e+16,4330000000000000.0,-3.18e+16,-3550000000000000.0,gcmt,362_gcmt
C201003011656A,2010-03-01T16:56:49,-72.47,-36.3,35.0,5.0,mwc,,,,,43.0,35.0,125.0,182.0,62.0,68.0,,,,,,,anss,363_anss
C201003011656A,2010-03-01T16:56:54,-72.7,-36.4,67.6,5.0,mw,0.03,0.02,2.9,,43.0,35.0,125.0,182.0,62.0,68.0,2.5e+16,2650000000000000.0,-2.77e+16,3140000000000000.0,-1.8e+16,-1.39e+16,gcmt,363_gcmt
C201003012240A,2010-03-01T22:40:17,-74.27,-34.9,18.0,5.0,mw,0.04,0.03,1.1,,32.0,37.0,-88.0,209.0,53.0,-92.0,-3.7e+16,1.17e+16,2.53e+16,4200000000000000.0,9000000000000000.0,1.24e+16,gcmt,364_gcmt
C201003012240A,2010-03-01T22:40:18,-73.81,-34.83,35.0,5.0,mwc,,,,,32.0,37.0,-88.0,209.0,53.0,-92.0,,,,,,,anss,364_anss
C201003020209A,2010-03-02T02:09:35,-71.37,-39.76,24.8,5.1,mwc,,,11.2,,176.0,65.0,-168.0,80.0,79.0,-25.0,,,,,,,anss,365_anss
C201003020209A,2010-03-02T02:09:37,-71.47,-39.86,15.6,5.1,mw,0.02,0.01,1.4,,176.0,65.0,-168.0,80.0,79.0,-25.0,470000000000000.0,-1.52e+16,1.47e+16,-3.2e+16,1.53e+16,5.28e+16,gcmt,365_gcmt
C201003020409A,2010-03-02T04:09:28,-73.23,-35.79,35.0,5.4,mwc,,,,,359.0,13.0,78.0,191.0,78.0,93.0,,,,,,,anss,366_anss
C201003020409A,2010-03-02T04:09:29,-73.73,-35.88,15.0,5.4,mw,0.02,0.02,0.0,,359.0,13.0,78.0,191.0,78.0,93.0,5.93e+16,8200000000000000.0,-6.750000000000001e+16,-2.69e+16,-1.34e+17,-7900000000000000.0,gcmt,366_gcmt
20100302042845,2010-03-02T04:28:45,-73.81,-36.85,15.2,5.5,mwc,,,,,17.0,11.0,110.0,178.0,79.0,86.0,6.82e+16,3500000000000000.0,-7.17e+16,9900000000000000.0,-1.79e+17,-9400000000000000.0,anss,367_anss
C201003020428A,2010-03-02T04:28:46,-73.81,-36.85,15.2,5.5,mw,0.02,0.01,1.0,,17.0,11.0,110.0,178.0,79.0,86.0,6.820000000000001e+16,3500000000000000.5,-7.17e+16,9900000000000000.0,-1.79e+17,-9400000000000000.0,gcmt,367_gcmt
C201003020610A,2010-03-02T06:10:53,-72.68,-34.53,35.0,5.3,mwc,,,,,3.0,5.0,84.0,189.0,85.0,91.0,,,,,,,anss,368_anss
C201003020610A,2010-03-02T06:10:53,-72.87,-34.63,14.7,5.3,mw,0.02,0.02,2.7,,3.0,5.0,84.0,189.0,85.0,91.0,2.01e+16,3800000000000000.0,-2.4e+16,-1.7199999999999998e+16,-1.1399999999999998e+17,-3100000000000000.0,gcmt,368_gcmt
C201003021130A,2010-03-02T11:30:29,-72.99,-35.45,12.0,5.0,mw,0.03,0.01,0.0,,198.0,67.0,-163.0,101.0,74.0,-24.0,-1.85e+16,2.81e+16,-9510000000000000.0,-8520000000000000.0,3000000000000000.0,3.22e+16,gcmt,369_gcmt
C201003021130A,2010-03-02T11:30:31,-72.59,-35.2,38.6,5.0,mwc,,,7.3,,198.0,67.0,-163.0,101.0,74.0,-24.0,,,,,,,anss,369_anss
C201003021216A,2010-03-02T12:16:33,-73.83,-36.76,18.4,5.2,mw,0.02,0.02,1.1,,5.0,16.0,95.0,181.0,74.0,89.0,4.19e+16,-1580000000000000.0,-4.03e+16,-110000000000000.0,-6.39e+16,-2130000000000000.0,gcmt,370_gcmt
C201003021216A,2010-03-02T12:16:34,-73.33,-36.62,35.0,5.2,mwc,,,,,5.0,16.0,95.0,181.0,74.0,89.0,,,,,,,anss,370_anss
C201003021407A,2010-03-02T14:07:06,-74.43,-39.72,34.7,5.1,mw,0.03,0.02,1.1,,16.0,28.0,112.0,172.0,64.0,79.0,4.61e+16,-3590000000000000.0,-4.25e+16,1.11e+16,-3.2400000000000004e+16,-3920000000000000.0,gcmt,371_gcmt
C201003021407A,2010-03-02T14:07:08,-73.79,-39.51,35.0,5.1,mwc,,,,,16.0,28.0,112.0,172.0,64.0,79.0,,,,,,,anss,371_anss
C201003021912A,2010-03-02T19:12:56,-72.17,-34.27,40.5,5.6,mwc,,,11.3,,14.0,17.0,119.0,163.0,75.0,81.0,,,,,,,anss,372_anss
C201003021912A,2010-03-02T19:12:58,-72.55,-34.39,19.1,5.6,mw,0.01,0.01,0.7,,14.0,17.0,119.0,163.0,75.0,81.0,1.57e+17,1.61e+16,-1.73e+17,9.19e+16,-2.66e+17,6100000000000000.0,gcmt,372_gcmt
C201003022144A,2010-03-02T21:44:35,-73.85,-36.61,37.0,5.1,mw,0.04,0.03,1.8,,44.0,26.0,115.0,196.0,67.0,79.0,3.54e+16,-1.07e+16,-2.46e+16,-4240000000000000.0,-3.25e+16,-1.4e+16,gcmt,373_gcmt
C201003022144A,2010-03-02T21:44:36,-73.12,-36.48,32.8,5.1,mwc,,,23.9,,44.0,26.0,115.0,196.0,67.0,79.0,,,,,,,anss,373_anss
C201003030435A,2010-03-03T04:35:58,-74.29,-37.61,15.0,5.3,mw,0.01,0.02,0.0,,350.0,12.0,66.0,194.0,79.0,95.0,4.13e+16,4500000000000000.0,-4.58e+16,-2.71e+16,-1.02e+17,-2400000000000000.0,gcmt,374_gcmt
C201003030435A,2010-03-03T04:35:59,-73.87,-37.58,35.3,5.3,mwc,,,4.0,,350.0,12.0,66.0,194.0,79.0,95.0,,,,,,,anss,374_anss
C201003030442A,2010-03-03T04:42:27,-73.8,-37.3,35.0,5.1,mwc,,,,,13.0,26.0,105.0,176.0,65.0,83.0,,,,,,,anss,375_anss
C201003030442A,2010-03-03T04:42:27,-74.27,-37.4,20.9,5.1,mw,0.03,0.03,1.3,,13.0,26.0,105.0,176.0,65.0,83.0,4.24e+16,-7330000000000000.0,-3.51e+16,6070000000000000.0,-3.19e+16,-3260000000000000.0,gcmt,375_gcmt
C201003030616A,2010-03-03T06:16:22,-72.04,-33.68,35.0,5.2,mwc,,,,,10.0,22.0,99.0,180.0,68.0,86.0,,,,,,,anss,376_anss
C201003030616A,2010-03-03T06:16:24,-72.44,-33.81,23.5,5.2,mw,0.02,0.01,0.9,,10.0,22.0,99.0,180.0,68.0,86.0,5.15e+16,2870000000000000.0,-5.44e+16,2070000000000000.0,-5.43e+16,-4330000000000000.0,gcmt,376_gcmt
C201003031744A,2010-03-03T17:44:25,-73.36,-36.61,20.0,6.1,mwc,,,,,15.0,12.0,103.0,182.0,78.0,87.0,,,,,,,anss,377_anss
C201003031744A,2010-03-03T17:44:30,-73.69,-36.7,16.3,6.1,mw,0.01,0.01,0.4,,15.0,12.0,103.0,182.0,78.0,87.0,6.98e+17,4e+16,-7.38e+17,-3.5000000000000004e+16,-1.64e+18,-1.09e+17,gcmt,377_gcmt
C201003031958A,2010-03-03T19:58:30,-71.87,-33.41,38.8,5.8,mwc,,,5.6,,2.0,17.0,94.0,178.0,73.0,89.0,,,,,,,anss,378_anss
C201003031958A,2010-03-03T19:58:30,-72.36,-33.59,19.1,5.8,mw,0.01,0.01,0.4,,2.0,17.0,94.0,178.0,73.0,89.0,3.37e+17,2200000000000000.0,-3.39e+17,1.81e+16,-4.91e+17,-1600000000000000.0,gcmt,378_gcmt
C201003040159A,2010-03-04T01:59:48,-72.12,-33.22,24.2,6.0,mwc,,,,,10.0,19.0,97.0,183.0,71.0,88.0,,,,,,,anss,379_anss
C201003040159A,2010-03-04T01:59:52,-72.55,-33.45,12.8,6.0,mw,0.01,0.01,0.3,,10.0,19.0,97.0,183.0,71.0,88.0,8.33e+17,-1.2e+16,-8.21e+17,-4e+16,-1.06e+18,-9.4e+16,gcmt,379_gcmt
C201003040903A,2010-03-04T09:03:40,-74.96,-37.72,16.8,5.0,mw,0.02,0.02,1.0,,217.0,45.0,-56.0,353.0,54.0,-119.0,-3.71e+16,-2110000000000000.0,3.92e+16,1.5e+16,-9880000000000000.0,1.21e+16,gcmt,380_gcmt
C201003040903A,2010-03-04T09:03:41,-74.58,-37.65,35.0,5.0,mwc,,,,,217.0,45.0,-56.0,353.0,54.0,-119.0,,,,,,,anss,380_anss
C201003041737A,2010-03-04T17:37:48,-72.07,-34.18,35.0,5.4,mwc,,,,,14.0,22.0,106.0,177.0,69.0,84.0,,,,,,,anss,381_anss
C201003041737A,2010-03-04T17:37:51,-72.41,-34.24,23.5,5.4,mw,0.02,0.02,1.1,,14.0,22.0,106.0,177.0,69.0,84.0,1.01e+17,1.01e+16,-1.1100000000000002e+17,1.12e+16,-1.1499999999999998e+17,-1.06e+16,gcmt,381_gcmt
C201003050334A,2010-03-05T03:34:28,-71.85,-34.55,8.5,5.4,mwc,,,,,1.0,38.0,-77.0,165.0,53.0,-100.0,,,,,,,anss,382_anss
C201003050334A,2010-03-05T03:34:33,-71.94,-34.67,12.0,5.4,mw,0.01,0.01,0.0,,1.0,38.0,-77.0,165.0,53.0,-100.0,-1.48e+17,-3.67e+16,1.85e+17,-2.24e+16,4.2e+16,-3.07e+16,gcmt,382_gcmt
C201003050355A,2010-03-05T03:55:14,-71.75,-34.66,34.1,5.3,mwc,,,,,319.0,75.0,177.0,50.0,87.0,15.0,,,,,,,anss,383_anss
C201003050355A,2010-03-05T03:55:18,-71.95,-34.63,26.1,5.3,mw,0.02,0.01,1.1,,319.0,75.0,177.0,50.0,87.0,15.0,-600000000000000.0,-8.98e+16,9.04e+16,1.53e+16,2.09e+16,1.3800000000000002e+16,gcmt,383_gcmt
C201003050736A,2010-03-05T07:36:42,-73.13,-35.11,20.0,5.1,mwc,,,,,266.0,50.0,-3.0,358.0,88.0,-140.0,,,,,,,anss,384_anss
C201003050736A,2010-03-05T07:36:45,-73.41,-35.35,36.2,5.1,mw,0.02,0.02,1.9,,266.0,50.0,-3.0,358.0,88.0,-140.0,-6370000000000000.0,-3870000000000000.0,1.02e+16,-4300000000000000.0,-3.38e+16,4.1e+16,gcmt,384_gcmt
20100305091936,2010-03-05T09:19:39,-73.59,-36.76,15.0,6.1,mwc,,,7.3,,11.0,8.0,116.0,164.0,83.0,87.0,4.6e+17,6.3e+16,-5.23e+17,5.21e+17,-1.83e+18,3.8e+16,anss,385_anss
C201003050919A,2010-03-05T09:19:39,-73.59,-36.76,15.0,6.1,mw,0.01,0.01,0.3,,11.0,8.0,116.0,164.0,83.0,87.0,4.6e+17,6.3e+16,-5.23e+17,5.21e+17,-1.83e+18,3.8e+16,gcmt,385_gcmt
C201003051031A,2010-03-05T10:31:23,-73.64,-37.56,37.1,5.2,mwc,,,10.7,,358.0,28.0,97.0,171.0,62.0,86.0,,,,,,,anss,386_anss
C201003051031A,2010-03-05T10:31:31,-73.77,-37.58,26.0,5.2,mw,0.04,0.03,1.1,,358.0,28.0,97.0,171.0,62.0,86.0,7.25e+16,-4100000000000000.0,-6.840000000000001e+16,1.02e+16,-4.64e+16,5800000000000000.0,gcmt,386_gcmt
C201003051147A,2010-03-05T11:47:06,-73.37,-36.67,18.0,6.6,mwc,,,,,9.0,16.0,98.0,180.0,74.0,88.0,,,,,,,anss,387_anss
C201003051147A,2010-03-05T11:47:14,-73.75,-36.89,14.9,6.6,mw,0.0,0.0,0.2,,9.0,16.0,98.0,180.0,74.0,88.0,5.18e+18,9e+16,-5.28e+18,4e+16,-8.6e+18,-4.1e+17,gcmt,387_gcmt
C201003061519A,2010-03-06T15:19:06,-74.31,-37.59,14.3,5.2,mw,0.02,0.02,1.0,,28.0,19.0,112.0,185.0,72.0,83.0,4.24e+16,3449999999999999.5,-4.58e+16,-3300000000000000.0,-6.39e+16,-1.42e+16,gcmt,388_gcmt
C201003061519A,2010-03-06T15:19:07,-73.71,-37.43,35.0,5.2,mwc,,,,,28.0,19.0,112.0,185.0,72.0,83.0,,,,,,,anss,388_anss
C201003070446A,2010-03-07T04:46:31,-72.06,-33.17,18.8,5.1,mwc,,,,,7.0,26.0,92.0,185.0,64.0,89.0,,,,,,,anss,389_anss
C201003070446A,2010-03-07T04:46:35,-72.18,-33.14,29.1,5.1,mw,0.03,0.02,1.0,,7.0,26.0,92.0,185.0,64.0,89.0,4.3e+16,-1390000000000000.0,-4.17e+16,-2080000000000000.0,-3.31e+16,-4210000000000000.0,gcmt,389_gcmt
C201003071559A,2010-03-07T15:59:44,-73.3,-37.99,26.8,5.9,mwc,,,,,348.0,12.0,84.0,174.0,78.0,91.0,,,,,,,anss,390_anss
C201003071559A,2010-03-07T15:59:47,-73.78,-38.22,25.0,5.9,mw,0.01,0.01,0.0,,348.0,12.0,84.0,174.0,78.0,91.0,3.02e+17,4.16e+16,-3.44e+17,7.28e+16,-7.2e+17,5.96e+16,gcmt,390_gcmt
C201003071836A,2010-03-07T18:36:00,-71.91,-34.61,35.0,5.3,mwc,,,,,24.0,27.0,114.0,177.0,65.0,78.0,,,,,,,anss,391_anss
C201003071836A,2010-03-07T18:36:04,-72.22,-34.65,47.0,5.3,mw,0.02,0.01,1.1,,24.0,27.0,114.0,177.0,65.0,78.0,7.07e+16,1.61e+16,-8.68e+16,8400000000000002.0,-6.58e+16,-1.62e+16,gcmt,391_gcmt
C201003072200A,2010-03-07T22:00:35,-71.98,-34.11,9.7,5.2,mwc,,,,,26.0,42.0,113.0,176.0,52.0,71.0,,,,,,,anss,392_anss
C201003072200A,2010-03-07T22:00:40,-72.18,-34.01,34.4,5.2,mw,0.02,0.02,0.7,,26.0,42.0,113.0,176.0,52.0,71.0,6.21e+16,9780000000000000.0,-7.18e+16,1.23e+16,-1.54e+16,-1.66e+16,gcmt,392_gcmt
C201003072346A,2010-03-07T23:46:57,-73.04,-36.16,24.9,5.1,mwc,,,,,26.0,21.0,-119.0,237.0,72.0,-80.0,,,,,,,anss,393_anss
C201003072346A,2010-03-07T23:47:00,-73.36,-36.17,29.4,5.1,mw,0.04,0.02,1.7,,26.0,21.0,-119.0,237.0,72.0,-80.0,-2.82e+16,1.24e+16,1.58e+16,3.48e+16,1.98e+16,1.76e+16,gcmt,393_gcmt
C201003081303A,2010-03-08T13:03:43,-73.97,-34.54,12.0,5.1,mw,0.02,0.02,0.0,,38.0,41.0,-97.0,228.0,49.0,-84.0,-5.85e+16,2.7400000000000004e+16,3.12e+16,9600000000000000.0,2640000000000000.0,2.79e+16,gcmt,394_gcmt
C201003081303A,2010-03-08T13:03:43,-73.82,-34.53,34.7,5.1,mwc,,,16.9,,38.0,41.0,-97.0,228.0,49.0,-84.0,,,,,,,anss,394_anss
C201003081750A,2010-03-08T17:50:45,-71.64,-32.6,23.8,5.3,mwc,,,,,360.0,28.0,108.0,159.0,63.0,81.0,,,,,,,anss,395_anss
C201003081750A,2010-03-08T17:50:46,-72.04,-32.88,16.5,5.3,mw,0.02,0.02,0.9,,360.0,28.0,108.0,159.0,63.0,81.0,9.06e+16,-3300000000000000.0,-8.73e+16,3.22e+16,-5.92e+16,1.57e+16,gcmt,395_gcmt
C201003081808A,2010-03-08T18:08:01,-72.11,-32.78,16.0,5.3,mw,0.02,0.02,0.9,,353.0,26.0,89.0,175.0,64.0,91.0,8.04e+16,-600000000000000.0,-7.98e+16,5300000000000000.0,-6.19e+16,8699999999999998.0,gcmt,396_gcmt
C201003081808A,2010-03-08T18:08:01,-71.61,-32.61,22.4,5.3,mwc,,,,,353.0,26.0,89.0,175.0,64.0,91.0,,,,,,,anss,396_anss
C201003092210A,2010-03-09T22:10:51,-72.83,-33.88,20.3,5.1,mw,0.03,0.03,1.4,,358.0,22.0,76.0,193.0,69.0,96.0,3.84e+16,-550000000000000.0,-3.78e+16,-1.15e+16,-3.95e+16,-3610000000000000.0,gcmt,397_gcmt
20100309221041,2010-03-09T22:10:51,-72.83,-33.88,20.3,5.1,mwc,,,6.5,,358.0,22.0,76.0,193.0,69.0,96.0,3.84e+16,-550000000000000.0,-3.78e+16,-1.15e+16,-3.95e+16,-3610000000000000.0,anss,397_anss
C201003100241A,2010-03-10T02:41:49,-72.67,-36.97,45.4,5.2,mwc,,,,,19.0,32.0,107.0,178.0,60.0,80.0,,,,,,,anss,398_anss
C201003100241A,2010-03-10T02:41:52,-73.13,-37.07,48.5,5.2,mw,0.02,0.01,1.0,,19.0,32.0,107.0,178.0,60.0,80.0,6.2e+16,4680000000000000.0,-6.67e+16,6870000000000001.0,-3.63e+16,-1.04e+16,gcmt,398_gcmt
C201003100401A,2010-03-10T04:01:48,-74.12,-37.32,15.0,5.1,mw,0.02,0.02,0.0,,15.0,12.0,109.0,176.0,78.0,86.0,2.62e+16,890000000000000.0,-2.71e+16,4950000000000000.0,-6.09e+16,-2790000000000000.5,gcmt,399_gcmt
C201003100401A,2010-03-10T04:01:48,-73.68,-37.16,36.6,5.1,mwc,,,9.8,,15.0,12.0,109.0,176.0,78.0,86.0,,,,,,,anss,399_anss
C201003100845A,2010-03-10T08:45:22,-74.29,-35.16,17.9,5.1,mw,0.04,0.03,1.2,,48.0,34.0,-59.0,192.0,61.0,-109.0,-4.26e+16,1.05e+16,3.21e+16,-4200000000000000.0,2.81e+16,1.98e+16,gcmt,400_gcmt
C201003100845A,2010-03-10T08:45:23,-73.83,-34.99,35.0,5.1,mwc,,,,,48.0,34.0,-59.0,192.0,61.0,-109.0,,,,,,,anss,400_anss
C201003101220A,2010-03-10T12:20:58,-72.3,-33.56,35.0,5.6,mwc,,,,,47.0,6.0,122.0,195.0,85.0,87.0,,,,,,,anss,401_anss
C201003101220A,2010-03-10T12:20:59,-72.85,-33.6,15.0,5.6,mw,0.02,0.02,0.0,,47.0,6.0,122.0,195.0,85.0,87.0,5.759999999999999e+16,-6600000000000000.0,-5.1e+16,-9.03e+16,-3.37e+17,-3.57e+16,gcmt,401_gcmt
C201003101600A,2010-03-10T16:00:52,-74.91,-38.09,22.9,5.1,mwc,,,25.4,,344.0,55.0,-152.0,237.0,67.0,-38.0,,,,,,,anss,402_anss
C201003101600A,2010-03-10T16:00:53,-75.28,-38.25,27.4,5.1,mw,0.02,0.01,1.0,,344.0,55.0,-152.0,237.0,67.0,-38.0,-2.66e+16,-2.02e+16,4.68e+16,2.9900000000000004e+16,-560000000000000.0,2.96e+16,gcmt,402_gcmt
C201003111439A,2010-03-11T14:39:44,-71.89,-34.29,11.0,6.9,mwc,,,,,324.0,35.0,-90.0,144.0,55.0,-90.0,,,,,,,anss,403_anss
C201003111439A,2010-03-11T14:39:52,-72.11,-34.54,12.9,6.9,mw,0.0,0.0,0.1,,324.0,35.0,-90.0,144.0,55.0,-90.0,-2.33e+19,8.58e+18,1.47e+19,-4.69e+18,6.43e+18,-9.55e+18,gcmt,403_gcmt
C201003111455A,2010-03-11T14:55:27,-71.8,-34.32,18.0,7.0,mwc,,,,,16.0,6.0,-53.0,159.0,86.0,-93.0,,,,,,,anss,404_anss
C201003111455A,2010-03-11T14:55:35,-72.13,-34.53,16.3,7.0,mw,0.01,0.01,0.3,,16.0,6.0,-53.0,159.0,86.0,-93.0,-5.9e+18,2.4e+17,5.659999999999999e+18,-1.27e+19,3.2e+19,2.7e+17,gcmt,404_gcmt
C201003112011A,2010-03-11T20:11:20,-71.98,-34.38,8.0,5.6,mwc,,,,,3.0,44.0,-61.0,146.0,52.0,-115.0,,,,,,,anss,405_anss
C201003112011A,2010-03-11T20:11:27,-72.08,-34.62,19.3,5.6,mw,0.01,0.02,0.7,,3.0,44.0,-61.0,146.0,52.0,-115.0,-3.27e+17,1.48e+16,3.12e+17,-1.41e+17,7199999999999999.0,-8.64e+16,gcmt,405_gcmt
C201003112234A,2010-03-11T22:34:03,-73.65,-37.71,24.5,5.3,mwc,,,1.5,,351.0,20.0,82.0,180.0,70.0,93.0,,,,,,,anss,406_anss
C201003112234A,2010-03-11T22:34:05,-74.11,-37.85,22.5,5.3,mw,0.02,0.02,1.0,,351.0,20.0,82.0,180.0,70.0,93.0,7.95e+16,-8599999999999998.0,-7.09e+16,-2200000000000000.0,-8.91e+16,5900000000000000.0,gcmt,406_gcmt
C201003121032A,2010-03-12T10:32:33,-74.69,-37.86,17.9,5.1,mw,0.03,0.03,1.5,,348.0,18.0,71.0,188.0,73.0,96.0,3.11e+16,-3370000000000000.0,-2.77e+16,-8159999999999998.0,-4.09e+16,1820000000000000.0,gcmt,407_gcmt
C201003121032A,2010-03-12T10:32:35,-73.79,-37.69,35.0,5.1,mwc,,,,,348.0,18.0,71.0,188.0,73.0,96.0,,,,,,,anss,407_anss
C201003121650A,2010-03-12T16:50:01,-71.92,-34.23,7.0,5.7,mwc,,,,,342.0,40.0,-87.0,158.0,50.0,-92.0,,,,,,,anss,408_anss
C201003121650A,2010-03-12T16:50:04,-72.18,-34.41,12.0,5.7,mw,0.01,0.01,0.0,,342.0,40.0,-87.0,158.0,50.0,-92.0,-3.95e+17,2.49e+16,3.7e+17,-3.81e+16,6.830000000000001e+16,-1.47e+17,gcmt,408_gcmt
C201003130315A,2010-03-13T03:15:01,-73.61,-36.69,15.0,5.3,mwc,,,,,2.0,23.0,88.0,183.0,67.0,91.0,,,,,,,anss,409_anss
C201003130315A,2010-03-13T03:15:04,-74.02,-36.69,31.4,5.3,mw,0.04,0.03,1.7,,2.0,23.0,88.0,183.0,67.0,91.0,8.29e+16,-8000000000000000.0,-7.49e+16,-5400000000000000.0,-7.64e+16,-2800000000000000.0,gcmt,409_gcmt
C201003130319A,2010-03-13T03:19:07,-73.5,-36.72,30.7,5.4,mwc,,,,,10.0,19.0,102.0,177.0,72.0,86.0,,,,,,,anss,410_anss
C201003130319A,2010-03-13T03:19:10,-73.77,-36.77,23.7,5.4,mw,0.03,0.02,1.6,,10.0,19.0,102.0,177.0,72.0,86.0,1.02e+17,-9100000000000000.0,-9.29e+16,1.16e+16,-1.32e+17,-6500000000000000.0,gcmt,410_gcmt
C201003130712A,2010-03-13T07:12:03,-71.93,-34.39,3.9,5.1,mwc,,,,,345.0,45.0,-81.0,152.0,46.0,-99.0,,,,,,,anss,411_anss
C201003130712A,2010-03-13T07:12:07,-71.97,-34.65,18.9,5.1,mw,0.02,0.02,0.9,,345.0,45.0,-81.0,152.0,46.0,-99.0,-4.51e+16,-2570000000000000.0,4.769999999999999e+16,-3890000000000000.0,-330000000000000.0,-2.33e+16,gcmt,411_gcmt
C201003131034A,2010-03-13T10:34:43,-73.46,-37.55,35.0,5.8,mwc,,,,,7.0,19.0,102.0,175.0,71.0,86.0,,,,,,,anss,412_anss
C201003131034A,2010-03-13T10:34:45,-73.95,-37.78,20.0,5.8,mw,0.01,0.01,0.4,,7.0,19.0,102.0,175.0,71.0,86.0,3.56e+17,1.16e+16,-3.67e+17,5.39e+16,-4.62e+17,-6100000000000000.0,gcmt,412_gcmt
C201003131522A,2010-03-13T15:22:35,-71.75,-34.56,36.4,5.2,mwc,,,,,10.0,29.0,-75.0,172.0,62.0,-99.0,,,,,,,anss,413_anss
C201003131522A,2010-03-13T15:22:36,-72.07,-34.57,15.6,5.2,mw,0.02,0.02,1.1,,10.0,29.0,-75.0,172.0,62.0,-99.0,-6.979999999999999e+16,-6100000000000000.0,7.59e+16,-1.19e+16,4.63e+16,500000000000000.0,gcmt,413_gcmt
C201003132020A,2010-03-13T20:20:26,-73.7,-36.83,37.3,5.3,mwc,,,10.9,,346.0,12.0,79.0,177.0,79.0,92.0,,,,,,,anss,414_anss
C201003132020A,2010-03-13T20:20:26,-74.29,-37.11,15.0,5.3,mw,0.02,0.02,0.0,,346.0,12.0,79.0,177.0,79.0,92.0,4.17e+16,500000000000000.0,-4.22e+16,3800000000000000.0,-1e+17,6100000000000000.0,gcmt,414_gcmt
C201003140731A,2010-03-14T07:31:24,-72.1,-34.42,16.4,5.2,mw,0.02,0.02,1.1,,341.0,34.0,-116.0,191.0,59.0,-73.0,-6.810000000000001e+16,-2400000000000000.0,7.05e+16,1.94e+16,3.3800000000000004e+16,-5600000000000000.0,gcmt,415_gcmt
C201003140731A,2010-03-14T07:31:25,-71.77,-34.23,35.0,5.2,mwc,,,,,341.0,34.0,-116.0,191.0,59.0,-73.0,,,,,,,anss,415_anss
C201003141352A,2010-03-14T13:52:22,-73.65,-38.5,23.2,5.5,mwc,,,10.1,,281.0,25.0,-26.0,35.0,79.0,-113.0,,,,,,,anss,416_anss
C201003141352A,2010-03-14T13:52:24,-73.85,-38.71,19.3,5.5,mw,0.03,0.02,1.1,,281.0,25.0,-26.0,35.0,79.0,-113.0,-6.989999999999999e+16,9.46e+16,-2.47e+16,-7.21e+16,-1.49e+17,4.25e+16,gcmt,416_gcmt
C201003142004A,2010-03-14T20:04:51,-74.28,-38.52,31.6,5.4,mwc,,,,,228.0,23.0,-60.0,15.0,71.0,-102.0,,,,,,,anss,417_anss
C201003142004A,2010-03-14T20:04:57,-73.85,-38.68,13.3,5.4,mw,0.01,0.01,0.6,,228.0,23.0,-60.0,15.0,71.0,-102.0,-1.16e+17,3.47e+16,8.13e+16,-2.15e+16,-1.3700000000000002e+17,5.31e+16,gcmt,417_gcmt
C201003151108A,2010-03-15T11:08:29,-73.16,-35.8,14.0,6.2,mwc,,,,,21.0,15.0,103.0,187.0,76.0,87.0,,,,,,,anss,418_anss
C201003151108A,2010-03-15T11:08:34,-73.85,-35.96,12.0,6.2,mw,0.0,0.0,0.0,,21.0,15.0,103.0,187.0,76.0,87.0,1.15e+18,-3.2e+16,-1.12e+18,-2.45e+17,-2.11e+18,-2.86e+17,gcmt,418_gcmt
C201003160221A,2010-03-16T02:21:57,-73.26,-36.22,18.0,6.6,mwc,,,,,12.0,14.0,107.0,175.0,77.0,86.0,,,,,,,anss,419_anss
C201003160221A,2010-03-16T02:22:03,-73.63,-36.49,13.4,6.6,mw,0.0,0.0,0.2,,12.0,14.0,107.0,175.0,77.0,86.0,4.94e+18,2.9e+17,-5.23e+18,1.14e+18,-1.03e+19,-2.8e+17,gcmt,419_gcmt
C201003160304A,2010-03-16T03:04:39,-73.76,-36.68,17.2,5.9,mw,0.03,0.02,1.3,,19.0,14.0,112.0,177.0,77.0,85.0,3.73e+17,-9100000000000000.0,-3.64e+17,5.93e+16,-7.35e+17,-5.580000000000001e+16,gcmt,420_gcmt
C201003160304A,2010-03-16T03:04:40,-73.07,-36.4,42.3,5.9,mwc,,,8.2,,19.0,14.0,112.0,177.0,77.0,85.0,,,,,,,anss,420_anss
C201003171738A,2010-03-17T17:38:33,-72.57,-43.84,10.0,5.4,mwc,,,,,191.0,68.0,-178.0,100.0,88.0,-22.0,,,,,,,anss,421_anss
C201003171738A,2010-03-17T17:38:37,-73.03,-44.36,12.0,5.4,mw,0.01,0.01,0.0,,191.0,68.0,-178.0,100.0,88.0,-22.0,-9300000000000000.0,6.34e+16,-5.41e+16,-6.19e+16,1.26e+16,1.47e+17,gcmt,421_gcmt
C201003171829A,2010-03-17T18:29:37,-73.04,-35.44,22.1,5.1,mwc,,,,,27.0,24.0,106.0,190.0,67.0,83.0,,,,,,,anss,422_anss
C201003171829A,2010-03-17T18:29:38,-73.56,-35.47,20.5,5.1,mw,0.03,0.02,1.3,,27.0,24.0,106.0,190.0,67.0,83.0,4.03e+16,-2590000000000000.0,-3.77e+16,-4750000000000000.0,-3.97e+16,-1.34e+16,gcmt,422_gcmt
C201003180157A,2010-03-18T01:57:31,-72.67,-36.55,41.6,5.2,mwc,,,,,340.0,8.0,63.0,188.0,83.0,94.0,,,,,,,anss,423_anss
C201003180157A,2010-03-18T01:57:34,-72.98,-36.65,25.5,5.2,mw,0.04,0.02,1.2,,340.0,8.0,63.0,188.0,83.0,94.0,2e+16,4840000000000000.0,-2.48e+16,-1.2e+16,-8.35e+16,1750000000000000.0,gcmt,423_gcmt
C201003180318A,2010-03-18T03:18:24,-72.42,-34.49,30.6,5.1,mw,0.04,0.03,2.0,,35.0,21.0,-54.0,177.0,73.0,-103.0,-3.44e+16,6860000000000001.0,2.75e+16,-8330000000000000.0,4.51e+16,1.01e+16,gcmt,424_gcmt
C201003180318A,2010-03-18T03:18:25,-71.82,-34.34,43.1,5.1,mwc,,,,,35.0,21.0,-54.0,177.0,73.0,-103.0,,,,,,,anss,424_anss
C201003180932A,2010-03-18T09:32:21,-72.83,-44.18,4.4,5.2,mwc,,,,,186.0,72.0,171.0,279.0,81.0,18.0,,,,,,,anss,425_anss
C201003180932A,2010-03-18T09:32:27,-73.01,-44.43,20.4,5.2,mw,0.03,0.01,1.4,,186.0,72.0,171.0,279.0,81.0,18.0,-8110000000000002.0,2.69e+16,-1.88e+16,-3.39e+16,-1.66e+16,8.210000000000002e+16,gcmt,425_gcmt
C201003190255A,2010-03-19T02:55:53,-72.17,-33.53,26.9,5.2,mwc,,,11.9,,13.0,18.0,99.0,184.0,72.0,87.0,,,,,,,anss,426_anss
C201003190255A,2010-03-19T02:55:55,-72.65,-33.63,16.6,5.2,mw,0.02,0.02,0.9,,13.0,18.0,99.0,184.0,72.0,87.0,4.43e+16,-2770000000000000.0,-4.15e+16,-2190000000000000.0,-5.87e+16,-6150000000000000.0,gcmt,426_gcmt
C201003190854A,2010-03-19T08:54:44,-73.47,-35.54,14.4,5.5,mwc,,,,,27.0,10.0,118.0,178.0,81.0,85.0,,,,,,,anss,427_anss
C201003190854A,2010-03-19T08:54:51,-73.33,-35.67,15.0,5.5,mw,0.01,0.01,0.0,,27.0,10.0,118.0,178.0,81.0,85.0,5.88e+16,3500000000000000.5,-6.22e+16,8000000000000000.0,-1.84e+17,-1.46e+16,gcmt,427_gcmt
C201003191420A,2010-03-19T14:20:47,-72.11,-33.25,35.0,5.2,mwc,,,,,20.0,16.0,110.0,178.0,75.0,84.0,,,,,,,anss,428_anss
C201003191420A,2010-03-19T14:20:47,-72.59,-33.37,15.1,5.2,mw,0.03,0.02,1.2,,20.0,16.0,110.0,178.0,75.0,84.0,3.47e+16,-3070000000000000.0,-3.16e+16,3730000000000000.0,-5.89e+16,-5510000000000000.0,gcmt,428_gcmt
C201003211831A,2010-03-21T18:31:04,-73.16,-36.35,36.3,5.5,mwc,,,7.1,,11.0,25.0,113.0,166.0,67.0,79.0,,,,,,,anss,429_anss
C201003211831A,2010-03-21T18:31:06,-73.57,-36.56,21.2,5.5,mw,0.01,0.01,0.5,,11.0,25.0,113.0,166.0,67.0,79.0,1.72e+17,2.16e+16,-1.94e+17,5.460000000000001e+16,-1.6e+17,7800000000000000.0,gcmt,429_gcmt
C201003240005A,2010-03-24T00:05:14,-73.56,-37.15,19.1,5.1,mwc,,,24.3,,12.0,14.0,106.0,176.0,77.0,86.0,,,,,,,anss,430_anss
C201003240005A,2010-03-24T00:05:15,-74.18,-37.28,16.3,5.1,mw,0.03,0.02,1.3,,12.0,14.0,106.0,176.0,77.0,86.0,3.09e+16,-2490000000000000.0,-2.84e+16,5550000000000000.0,-5.76e+16,-2390000000000000.0,gcmt,430_gcmt
C201003251110A,2010-03-25T11:10:40,-73.69,-35.85,15.0,5.3,mw,0.01,0.01,0.0,,21.0,14.0,103.0,187.0,76.0,87.0,5.36e+16,-5000000000000000.0,-4.85e+16,-1.07e+16,-1.01e+17,-1.19e+16,gcmt,431_gcmt
C201003251110A,2010-03-25T11:10:41,-72.98,-35.86,35.0,5.3,mwc,,,,,21.0,14.0,103.0,187.0,76.0,87.0,,,,,,,anss,431_anss
C201003281436A,2010-03-28T14:36:34,-73.92,-36.16,12.0,5.2,mw,0.01,0.02,0.0,,6.0,16.0,92.0,183.0,74.0,89.0,3.84e+16,3480000000000000.0,-4.19e+16,-3610000000000000.0,-6.37e+16,-3650000000000000.0,gcmt,432_gcmt
C201003281436A,2010-03-28T14:36:34,-73.45,-36.14,35.0,5.2,mwc,,,,,6.0,16.0,92.0,183.0,74.0,89.0,,,,,,,anss,432_anss
C201003282138A,2010-03-28T21:38:28,-73.39,-35.39,29.9,6.0,mwc,,,,,28.0,16.0,112.0,185.0,75.0,84.0,,,,,,,anss,433_anss
C201003282138A,2010-03-28T21:38:36,-73.44,-35.56,12.0,6.0,mw,0.01,0.01,0.0,,28.0,16.0,112.0,185.0,75.0,84.0,5.14e+17,2.1e+16,-5.35e+17,-6.1e+16,-9.6e+17,-1.64e+17,gcmt,433_gcmt
C201003282143A,2010-03-28T21:43:13,-72.9,-35.41,21.5,5.6,mwc,,,2.8,,7.0,16.0,86.0,191.0,74.0,91.0,,,,,,,anss,434_anss
C201003282143A,2010-03-28T21:43:16,-73.44,-35.45,17.1,5.6,mw,0.03,0.02,1.6,,7.0,16.0,86.0,191.0,74.0,91.0,1.76e+17,1000000000000000.0,-1.77e+17,-5.600000000000001e+16,-2.83e+17,-2.85e+16,gcmt,434_gcmt
C201003290735A,2010-03-29T07:35:06,-71.93,-34.88,34.1,5.3,mwc,,,,,36.0,29.0,127.0,175.0,67.0,71.0,,,,,,,anss,435_anss
C201003290735A,2010-03-29T07:35:10,-72.01,-34.92,53.2,5.3,mw,0.01,0.01,1.1,,36.0,29.0,127.0,175.0,67.0,71.0,6.979999999999999e+16,1.62e+16,-8.6e+16,1.49e+16,-6.969999999999999e+16,-2.57e+16,gcmt,435_gcmt
C201004011253A,2010-04-01T12:53:07,-71.82,-34.65,11.8,5.1,mwc,,,5.0,,195.0,58.0,-142.0,82.0,59.0,-39.0,,,,,,,anss,436_anss
C201004011253A,2010-04-01T12:53:10,-72.22,-34.87,12.0,5.1,mw,0.03,0.02,0.0,,195.0,58.0,-142.0,82.0,59.0,-39.0,-3.2400000000000004e+16,2.1e+16,1.15e+16,-2.36e+16,2.53e+16,4.05e+16,gcmt,436_gcmt
C201004011943A,2010-04-01T19:43:02,-72.1,-34.2,36.4,5.1,mwc,,,5.6,,352.0,16.0,89.0,173.0,74.0,90.0,,,,,,,anss,437_anss
C201004011943A,2010-04-01T19:43:05,-72.25,-34.28,23.9,5.1,mw,0.03,0.02,1.9,,352.0,16.0,89.0,173.0,74.0,90.0,2.84e+16,7840000000000000.0,-3.62e+16,6490000000000000.0,-5.269999999999999e+16,5880000000000000.0,gcmt,437_gcmt
C201004022258A,2010-04-02T22:58:07,-72.88,-36.23,24.0,6.0,mwc,,,,,17.0,15.0,101.0,186.0,75.0,87.0,,,,,,,anss,438_anss
C201004022258A,2010-04-02T22:58:12,-73.2,-36.33,30.4,6.0,mw,0.01,0.01,0.5,,17.0,15.0,101.0,186.0,75.0,87.0,5.22e+17,5.1e+16,-5.73e+17,-9.3e+16,-9.79e+17,-1.22e+17,gcmt,438_gcmt
C201004162241A,2010-04-16T22:41:32,-74.15,-37.57,28.1,5.6,mwc,,,,,360.0,15.0,90.0,180.0,75.0,90.0,,,,,,,anss,439_anss
C201004162241A,2010-04-16T22:41:38,-74.25,-37.69,12.0,5.6,mw,0.01,0.01,0.0,,360.0,15.0,90.0,180.0,75.0,90.0,1.76e+17,-1000000000000000.0,-1.75e+17,1000000000000000.0,-2.97e+17,899999999999999.9,gcmt,439_gcmt
C201004162315A,2010-04-16T23:15:27,-74.52,-37.65,17.8,5.7,mwc,,,,,31.0,15.0,115.0,185.0,77.0,84.0,,,,,,,anss,440_anss
C201004162315A,2010-04-16T23:15:37,-74.24,-37.62,12.0,5.7,mw,0.01,0.01,0.0,,31.0,15.0,115.0,185.0,77.0,84.0,2.03e+17,-800000000000000.0,-2.02e+17,-2.37e+16,-4.13e+17,-6.889999999999999e+16,gcmt,440_gcmt
C201004180149A,2010-04-18T01:49:38,-73.75,-37.16,29.9,5.6,mwc,,,13.2,,4.0,19.0,93.0,180.0,71.0,89.0,,,,,,,anss,441_anss
C201004180149A,2010-04-18T01:49:39,-74.19,-37.41,14.9,5.6,mw,0.01,0.01,0.5,,4.0,19.0,93.0,180.0,71.0,89.0,1.73e+17,500000000000000.0,-1.74e+17,1200000000000000.0,-2.25e+17,-5600000000000000.0,gcmt,441_gcmt
C201004180252A,2010-04-18T02:52:18,-73.76,-37.17,19.6,5.1,mwc,,,16.7,,348.0,33.0,74.0,187.0,59.0,100.0,,,,,,,anss,442_anss
C201004180252A,2010-04-18T02:52:20,-74.22,-37.28,21.6,5.1,mw,0.03,0.03,1.1,,348.0,33.0,74.0,187.0,59.0,100.0,4.7e+16,-3810000000000000.0,-4.32e+16,-8320000000000000.0,-2.22e+16,2210000000000000.0,gcmt,442_gcmt
C201004190732A,2010-04-19T07:32:48,-74.24,-37.69,18.5,5.2,mw,0.02,0.02,1.0,,353.0,20.0,93.0,170.0,70.0,89.0,4.42e+16,-540000000000000.0,-4.37e+16,9560000000000000.0,-5.32e+16,6510000000000000.0,gcmt,443_gcmt
20100419073248,2010-04-19T07:32:48,-74.24,-37.69,18.5,5.2,mwc,,,,,353.0,20.0,93.0,170.0,70.0,89.0,4.42e+16,-540000000000000.0,-4.37e+16,9560000000000000.0,-5.32e+16,6510000000000000.0,anss,443_anss
C201004231003A,2010-04-23T10:03:06,-72.89,-37.54,32.0,6.0,mwc,,,,,7.0,14.0,141.0,135.0,81.0,79.0,,,,,,,anss,444_anss
C201004231003A,2010-04-23T10:03:09,-73.32,-37.69,29.5,6.0,mw,0.01,0.01,0.5,,7.0,14.0,141.0,135.0,81.0,79.0,3.5e+17,5.7e+16,-4.07e+17,8.57e+17,-8.05e+17,2.05e+17,gcmt,444_gcmt
C201004290756A,2010-04-29T07:56:34,-74.28,-36.97,19.0,5.1,mw,0.02,0.02,0.9,,4.0,27.0,92.0,182.0,63.0,89.0,4.4e+16,-3110000000000000.0,-4.09e+16,-830000000000000.0,-3.09e+16,-2290000000000000.0,gcmt,445_gcmt
C201004290756A,2010-04-29T07:56:34,-73.61,-36.86,35.0,5.1,mwc,,,,,4.0,27.0,92.0,182.0,63.0,89.0,,,,,,,anss,445_anss
C201005021452A,2010-05-02T14:52:39,-71.88,-34.23,10.0,5.9,mwc,,,,,26.0,25.0,-36.0,149.0,76.0,-110.0,,,,,,,anss,446_anss
C201005021452A,2010-05-02T14:52:44,-72.22,-34.48,15.3,5.9,mw,0.01,0.01,0.4,,26.0,25.0,-36.0,149.0,76.0,-110.0,-4.18e+17,-1.93e+17,6.12e+17,-4.71e+17,6.57e+17,-4.5e+16,gcmt,446_gcmt
C201005031839A,2010-05-03T18:39:44,-73.69,-37.23,35.0,5.4,mwc,,,,,6.0,16.0,92.0,183.0,74.0,89.0,,,,,,,anss,447_anss
C201005031839A,2010-05-03T18:39:45,-74.33,-37.36,12.0,5.4,mw,0.01,0.01,0.0,,6.0,16.0,92.0,183.0,74.0,89.0,8.09e+16,-300000000000000.0,-8.05e+16,-6800000000000000.0,-1.3e+17,-6300000000000000.0,gcmt,447_gcmt
pde20100503230944790_19,2010-05-03T23:09:44,-73.454,-38.072,19.0,6.3,mwc,,,,,185.0,75.0,90.0,5.0,15.0,90.0,,,,,,,anss,448_anss
C201005032309A,2010-05-03T23:09:50,-74.08,-38.31,14.5,6.2,mw,0.01,0.01,0.3,,357.0,14.0,89.0,178.0,76.0,90.0,1.09e+18,4e+16,-1.13e+18,6.6e+16,-2.02e+18,4.6e+16,gcmt,448_gcmt
C201005041355A,2010-05-04T13:55:06,-72.25,-34.15,22.3,5.2,mwc,,,15.7,,25.0,26.0,107.0,187.0,66.0,82.0,,,,,,,anss,449_anss
C201005041355A,2010-05-04T13:55:11,-72.48,-34.17,23.2,5.2,mw,0.02,0.01,0.8,,25.0,26.0,107.0,187.0,66.0,82.0,5.37e+16,3160000000000000.0,-5.69e+16,-2930000000000000.0,-4.95e+16,-1.76e+16,gcmt,449_gcmt
C201005051524A,2010-05-05T15:24:10,-72.94,-35.56,30.1,5.4,mwc,,,,,19.0,14.0,106.0,182.0,76.0,86.0,,,,,,,anss,450_anss
C201005051524A,2010-05-05T15:24:12,-73.32,-35.67,16.2,5.4,mw,0.02,0.01,0.9,,19.0,14.0,106.0,182.0,76.0,86.0,6.850000000000001e+16,3400000000000000.0,-7.2e+16,-3900000000000000.0,-1.3799999999999998e+17,-1.3700000000000002e+16,gcmt,450_gcmt
C201005090329A,2010-05-09T03:29:38,-72.06,-33.93,32.1,5.0,mwc,,,10.7,,14.0,22.0,112.0,170.0,70.0,81.0,,,,,,,anss,451_anss
C201005090329A,2010-05-09T03:29:39,-72.45,-34.13,23.2,5.0,mw,0.03,0.02,1.4,,14.0,22.0,112.0,170.0,70.0,81.0,2.97e+16,1670000000000000.0,-3.14e+16,8129999999999998.0,-3.37e+16,-1020000000000000.0,gcmt,451_gcmt
C201005132039A,2010-05-13T20:39:15,-72.14,-34.21,39.0,5.2,mwc,,,7.9,,11.0,27.0,117.0,161.0,67.0,77.0,,,,,,,anss,452_anss
C201005132039A,2010-05-13T20:39:18,-72.51,-34.26,30.3,5.2,mw,0.02,0.02,1.2,,11.0,27.0,117.0,161.0,67.0,77.0,3.68e+16,3.16e+16,-6.83e+16,1.17e+16,-4.53e+16,1.42e+16,gcmt,452_gcmt
C201005211852A,2010-05-21T18:52:11,-72.09,-34.75,12.0,5.3,mw,0.01,0.01,0.0,,25.0,38.0,-91.0,206.0,52.0,-90.0,-1.1299999999999998e+17,1.7399999999999998e+16,9.58e+16,1.29e+16,2.53e+16,4.93e+16,gcmt,453_gcmt
C201005211852A,2010-05-21T18:52:12,-71.64,-34.52,37.2,5.3,mwc,,,,,25.0,38.0,-91.0,206.0,52.0,-90.0,,,,,,,anss,453_anss
C201005242357A,2010-05-24T23:57:31,-73.6,-36.34,26.9,5.3,mwc,,,,,19.0,19.0,111.0,177.0,73.0,83.0,,,,,,,anss,454_anss
C201005242357A,2010-05-24T23:57:38,-73.71,-36.4,20.6,5.3,mw,0.02,0.02,1.2,,19.0,19.0,111.0,177.0,73.0,83.0,4.93e+16,9900000000000000.0,-5.92e+16,5800000000000000.0,-7.68e+16,-7700000000000000.0,gcmt,454_gcmt
C201005251309A,2010-05-25T13:09:26,-72.89,-37.62,34.8,5.3,mwc,,,,,348.0,26.0,99.0,158.0,64.0,86.0,,,,,,,anss,455_anss
C201005251309A,2010-05-25T13:09:29,-73.49,-37.83,47.6,5.3,mw,0.02,0.02,1.5,,348.0,26.0,99.0,158.0,64.0,86.0,8.76e+16,-1900000000000000.0,-8.57e+16,2.94e+16,-6.55e+16,2.8000000000000004e+16,gcmt,455_gcmt
C201006011605A,2010-06-01T16:05:29,-73.5,-36.82,14.6,5.1,mwc,,,20.2,,355.0,21.0,81.0,184.0,70.0,93.0,,,,,,,anss,456_anss
C201006011605A,2010-06-01T16:05:33,-73.85,-36.93,22.0,5.1,mw,0.02,0.02,1.1,,355.0,21.0,81.0,184.0,70.0,93.0,3.81e+16,3880000000000000.0,-4.2e+16,-4270000000000000.0,-4.59e+16,190000000000000.0,gcmt,456_gcmt
C201006241324A,2010-06-24T13:24:09,-73.54,-36.88,35.0,5.0,mwc,,,,,12.0,24.0,102.0,178.0,66.0,85.0,,,,,,,anss,457_anss
C201006241324A,2010-06-24T13:24:09,-74.16,-37.07,20.1,5.0,mw,0.03,0.03,1.2,,12.0,24.0,102.0,178.0,66.0,85.0,3.19e+16,-3730000000000000.0,-2.82e+16,2980000000000000.0,-2.78e+16,-2550000000000000.0,gcmt,457_gcmt
C201006270715A,2010-06-27T07:15:50,-74.3,-37.0,14.8,5.0,mw,0.02,0.02,1.5,,6.0,22.0,92.0,184.0,68.0,89.0,2.53e+16,-30000000000000.0,-2.53e+16,-1600000000000000.0,-2.63e+16,-2160000000000000.0,gcmt,458_gcmt
C201006270715A,2010-06-27T07:15:51,-73.48,-36.88,35.0,5.0,mwc,,,,,6.0,22.0,92.0,184.0,68.0,89.0,,,,,,,anss,458_anss
C201006280059A,2010-06-28T00:59:47,-75.04,-37.91,28.2,5.6,mwc,,,,,41.0,39.0,-59.0,184.0,57.0,-113.0,,,,,,,anss,459_anss
C201006280059A,2010-06-28T00:59:51,-75.34,-37.91,20.4,5.6,mw,0.01,0.01,0.5,,41.0,39.0,-59.0,184.0,57.0,-113.0,-2.53e+17,-2.88e+16,2.82e+17,-3.3600000000000004e+16,1.2e+17,1.43e+17,gcmt,459_gcmt
C201006290140A,2010-06-29T01:40:00,-73.28,-37.84,17.0,5.5,mwc,,,,,330.0,27.0,126.0,110.0,69.0,73.0,,,,,,,anss,460_anss
C201006290140A,2010-06-29T01:40:02,-73.72,-37.91,18.9,5.5,mw,0.01,0.01,0.5,,330.0,27.0,126.0,110.0,69.0,73.0,1.56e+17,-9.83e+16,-5.719999999999999e+16,1.67e+17,-3.68e+16,1.04e+17,gcmt,460_gcmt
C201007030005A,2010-07-03T00:05:06,-71.64,-34.78,54.8,5.1,mwc,,,,,43.0,39.0,124.0,183.0,58.0,66.0,,,,,,,anss,461_anss
C201007030005A,2010-07-03T00:05:10,-72.06,-34.63,56.2,5.1,mw,0.03,0.02,1.6,,43.0,39.0,124.0,183.0,58.0,66.0,4.86e+16,-4760000000000000.0,-4.39e+16,1.31e+16,-2.5e+16,-2.13e+16,gcmt,461_gcmt
C201007092257A,2010-07-09T22:57:16,-76.41,-45.93,12.0,5.3,mw,0.02,0.01,1.2,,79.0,59.0,-176.0,347.0,86.0,-31.0,-1700000000000000.0,3.74e+16,-3.57e+16,800000000000000.0,-5.37e+16,-7.7e+16,gcmt,462_gcmt
C201007092257A,2010-07-09T22:57:17,-75.59,-46.06,14.9,5.3,mwc,,,3.9,,79.0,59.0,-176.0,347.0,86.0,-31.0,,,,,,,anss,462_anss
pde20100714083221490_22,2010-07-14T08:32:21,-73.31,-38.067,22.0,6.6,mwc,,,,,180.0,75.0,90.0,360.0,15.0,90.0,,,,,,,anss,463_anss
C201007140832A,2010-07-14T08:32:27,-73.89,-38.35,15.3,6.6,mw,0.01,0.0,0.3,,7.0,9.0,97.0,180.0,81.0,89.0,3.15e+18,1.1e+17,-3.26e+18,5e+16,-1.03e+19,-2e+17,gcmt,463_gcmt
C201007141505A,2010-07-14T15:05:50,-73.23,-38.22,35.0,5.8,mwc,,,,,353.0,14.0,88.0,175.0,76.0,91.0,,,,,,,anss,464_anss
C201007141505A,2010-07-14T15:05:52,-73.8,-38.39,23.4,5.8,mw,0.01,0.01,0.6,,353.0,14.0,88.0,175.0,76.0,91.0,2.4e+17,1.83e+16,-2.59e+17,3.84e+16,-4.77e+17,2.83e+16,gcmt,464_gcmt
C201007150036A,2010-07-15T00:36:02,-72.3,-34.15,8.8,5.4,mwc,,,,,18.0,24.0,121.0,164.0,70.0,77.0,,,,,,,anss,465_anss
C201007150036A,2010-07-15T00:36:09,-72.35,-34.27,23.4,5.4,mw,0.01,0.01,0.9,,18.0,24.0,121.0,164.0,70.0,77.0,8.34e+16,4.49e+16,-1.28e+17,3.21e+16,-1.1399999999999998e+17,9000000000000000.0,gcmt,465_gcmt
C201008050601A,2010-08-05T06:01:47,-73.28,-37.44,18.0,5.9,mwc,,,,,6.0,13.0,97.0,179.0,78.0,88.0,,,,,,,anss,466_anss
C201008050601A,2010-08-05T06:01:52,-73.69,-37.7,17.7,5.9,mw,0.01,0.01,0.6,,6.0,13.0,97.0,179.0,78.0,88.0,3.63e+17,1.48e+16,-3.78e+17,2.1e+16,-7.94e+17,-1.64e+16,gcmt,466_gcmt
C201008050627A,2010-08-05T06:27:16,-73.32,-37.43,23.7,5.4,mwc,,,,,355.0,30.0,86.0,180.0,60.0,92.0,,,,,,,anss,467_anss
C201008050627A,2010-08-05T06:27:26,-73.76,-37.57,29.6,5.4,mw,0.02,0.02,0.7,,355.0,30.0,86.0,180.0,60.0,92.0,1.54e+17,-1.48e+16,-1.3899999999999998e+17,-3900000000000000.0,-8.65e+16,5800000000000000.0,gcmt,467_gcmt
C201008150750A,2010-08-15T07:50:36,-71.08,-36.82,10.0,5.2,mwc,,,11.6,,290.0,58.0,-9.0,25.0,82.0,-148.0,,,,,,,anss,468_anss
C201008150750A,2010-08-15T07:50:41,-71.47,-37.09,16.2,5.2,mw,0.02,0.01,0.9,,290.0,58.0,-9.0,25.0,82.0,-148.0,-1.84e+16,6.08e+16,-4.24e+16,-1.49e+16,-4.18e+16,5.540000000000001e+16,gcmt,468_gcmt
C201009060320A,2010-09-06T03:20:46,-73.42,-37.78,39.3,5.0,mwc,,,,,19.0,28.0,114.0,173.0,65.0,78.0,,,,,,,anss,469_anss
C201009060320A,2010-09-06T03:20:59,-73.56,-37.79,27.2,5.0,mw,0.07,0.05,2.4,,19.0,28.0,114.0,173.0,65.0,78.0,2.21e+16,1.45e+16,-3.66e+16,2520000000000000.0,-2.33e+16,-2340000000000000.0,gcmt,469_gcmt
pde20100909072801720_16,2010-09-09T07:28:01,-73.412,-37.034,16.0,6.2,mwb,,,,,175.0,85.0,90.0,355.0,5.0,90.0,,,,,,,anss,470_anss
C201009090728A,2010-09-09T07:28:05,-74.16,-37.27,12.0,6.2,mw,0.0,0.0,0.0,,11.0,14.0,99.0,182.0,76.0,88.0,1.08e+18,3.8e+16,-1.12e+18,-5e+16,-2.03e+18,-1.31e+17,gcmt,470_gcmt
C201009131644A,2010-09-13T16:44:47,-70.26,-31.85,100.9,5.1,mwc,,,,,260.0,68.0,15.0,165.0,76.0,158.0,,,,,,,anss,471_anss
C201009131644A,2010-09-13T16:44:49,-70.46,-31.82,125.8,5.1,mw,0.04,0.03,3.5,,260.0,68.0,15.0,165.0,76.0,158.0,1.04e+16,-2.59e+16,1.55e+16,-6760000000000000.0,-2.05e+16,4.49e+16,gcmt,471_gcmt
C201009140323A,2010-09-14T03:23:37,-73.52,-37.22,26.4,5.2,mwc,,,28.7,,359.0,19.0,83.0,186.0,71.0,92.0,,,,,,,anss,472_anss
C201009140323A,2010-09-14T03:23:38,-74.27,-37.32,12.5,5.2,mw,0.01,0.01,0.7,,359.0,19.0,83.0,186.0,71.0,92.0,5.610000000000001e+16,1799999999999999.8,-5.789999999999999e+16,-9000000000000000.0,-7.1e+16,-2800000000000000.0,gcmt,472_gcmt
C201009140337A,2010-09-14T03:37:05,-74.39,-37.52,13.3,5.1,mwc,,,,,352.0,19.0,76.0,187.0,72.0,95.0,,,,,,,anss,473_anss
C201009140337A,2010-09-14T03:37:14,-74.35,-37.32,16.0,5.1,mw,0.02,0.03,0.0,,352.0,19.0,76.0,187.0,72.0,95.0,3.34e+16,-1530000000000000.0,-3.19e+16,-6560000000000000.0,-4.34e+16,680000000000000.0,gcmt,473_gcmt
C201009170652A,2010-09-17T06:52:43,-74.17,-37.65,15.9,5.1,mw,0.04,0.03,1.6,,341.0,16.0,71.0,181.0,75.0,95.0,2.92e+16,-1190000000000000.0,-2.8e+16,-2620000000000000.0,-4.79e+16,4550000000000000.0,gcmt,474_gcmt
C201009170652A,2010-09-17T06:52:43,-73.6,-37.51,31.9,5.1,mwc,,,15.0,,341.0,16.0,71.0,181.0,75.0,95.0,,,,,,,anss,474_anss
C201009200542A,2010-09-20T05:42:56,-71.93,-33.64,30.4,5.1,mwc,,,,,348.0,22.0,78.0,182.0,69.0,95.0,,,,,,,anss,475_anss
C201009200542A,2010-09-20T05:43:00,-72.36,-33.84,22.4,5.1,mw,0.03,0.02,1.5,,348.0,22.0,78.0,182.0,69.0,95.0,3.71e+16,-470000000000000.0,-3.66e+16,-2819999999999999.5,-4.07e+16,3260000000000000.0,gcmt,475_gcmt
C201009231636A,2010-09-23T16:36:18,-71.62,-34.91,49.4,5.4,mwc,,,4.4,,19.0,30.0,113.0,173.0,63.0,78.0,,,,,,,anss,476_anss
C201009231636A,2010-09-23T16:36:21,-72.13,-35.05,53.3,5.4,mw,0.01,0.01,1.0,,19.0,30.0,113.0,173.0,63.0,78.0,1.05e+17,1.32e+16,-1.18e+17,1.97e+16,-7.69e+16,-1.3e+16,gcmt,476_gcmt
C201009260529A,2010-09-26T05:29:51,-72.76,-40.46,60.5,5.0,mwc,,,,,126.0,43.0,103.0,289.0,48.0,78.0,,,,,,,anss,477_anss
C201009260529A,2010-09-26T05:29:53,-73.14,-40.58,73.9,5.0,mw,0.03,0.02,1.8,,126.0,43.0,103.0,289.0,48.0,78.0,3.86e+16,-3.8e+16,-600000000000000.0,-5679999999999999.0,-1780000000000000.0,2.61e+16,gcmt,477_gcmt
C201009291629A,2010-09-29T16:29:49,-71.63,-34.77,43.9,5.1,mwc,,,,,62.0,42.0,134.0,190.0,61.0,58.0,,,,,,,anss,478_anss
C201009291629A,2010-09-29T16:29:56,-71.75,-34.49,56.9,5.1,mw,0.06,0.03,2.9,,62.0,42.0,134.0,190.0,61.0,58.0,3.32e+16,-6310000000000000.0,-2.69e+16,5970000000000000.0,-2.2e+16,-2.83e+16,gcmt,478_gcmt
C201009300026A,2010-09-30T00:26:10,-74.26,-36.25,20.2,5.6,mwc,,,,,9.0,17.0,98.0,180.0,73.0,87.0,,,,,,,anss,479_anss
C201009300026A,2010-09-30T00:26:20,-74.07,-36.51,12.4,5.6,mw,0.01,0.02,0.7,,9.0,17.0,98.0,180.0,73.0,87.0,1.65e+17,100000000000000.0,-1.65e+17,2800000000000000.0,-2.41e+17,-1.29e+16,gcmt,479_gcmt
C201010210249A,2010-10-21T02:49:56,-73.72,-34.74,10.4,5.9,mwc,,,,,2.0,45.0,-136.0,237.0,60.0,-54.0,,,,,,,anss,480_anss
C201010210249A,2010-10-21T02:50:01,-74.07,-34.82,12.0,5.9,mw,0.01,0.01,0.0,,2.0,45.0,-136.0,237.0,60.0,-54.0,-5.83e+17,-4e+16,6.23e+17,2.84e+17,1.15e+17,6.38e+17,gcmt,480_gcmt
C201010230558A,2010-10-23T05:58:27,-73.36,-37.74,15.0,5.5,mwc,,,,,31.0,16.0,123.0,177.0,76.0,81.0,,,,,,,anss,481_anss
C201010230558A,2010-10-23T05:58:31,-73.88,-37.91,21.2,5.5,mw,0.02,0.01,0.9,,31.0,16.0,123.0,177.0,76.0,81.0,1.08e+17,1.23e+16,-1.2e+17,1.92e+16,-2.15e+17,-3.09e+16,gcmt,481_gcmt
C201010231057A,2010-10-23T10:56:59,-73.87,-36.77,28.5,5.1,mw,0.04,0.03,1.5,,31.0,29.0,110.0,188.0,63.0,79.0,3.89e+16,-1810000000000000.0,-3.71e+16,-550000000000000.0,-2.97e+16,-1.42e+16,gcmt,482_gcmt
C201010231057A,2010-10-23T10:56:59,-73.41,-36.78,28.9,5.1,mwc,,,,,31.0,29.0,110.0,188.0,63.0,79.0,,,,,,,anss,482_anss
C201010310710A,2010-10-31T07:10:42,-72.39,-33.82,21.4,5.3,mw,0.02,0.01,0.8,,4.0,20.0,94.0,180.0,70.0,89.0,6.24e+16,3700000000000000.0,-6.6e+16,1200000000000000.0,-7.72e+16,-1900000000000000.0,gcmt,483_gcmt
pde20101031071040570_29,2010-10-31T07:10:42,-72.39,-33.82,21.4,5.3,mwc,,,,,4.0,20.0,94.0,180.0,70.0,89.0,6.24e+16,3700000000000000.0,-6.6e+16,1200000000000000.0,-7.72e+16,-1900000000000000.0,anss,483_anss
C201011100123A,2010-11-10T01:23:31,-73.36,-36.44,7.0,5.0,mwc,,,,,359.0,33.0,88.0,181.0,57.0,91.0,,,,,,,anss,484_anss
C201011100123A,2010-11-10T01:23:36,-73.55,-36.52,28.8,5.0,mw,0.03,0.03,1.0,,359.0,33.0,88.0,181.0,57.0,91.0,3.96e+16,-790000000000000.0,-3.88e+16,-920000000000000.0,-1.75e+16,-160000000000000.0,gcmt,484_gcmt
C201011280819A,2010-11-28T08:19:47,-71.74,-34.57,35.7,5.2,mwc,,,,,40.0,24.0,-70.0,198.0,68.0,-99.0,,,,,,,anss,485_anss
C201011280819A,2010-11-28T08:19:49,-72.29,-34.58,33.0,5.2,mw,0.02,0.02,1.0,,40.0,24.0,-70.0,198.0,68.0,-99.0,-4.31e+16,2680000000000000.0,4.04e+16,1.25e+16,4.62e+16,2.61e+16,gcmt,485_gcmt
C201012131851A,2010-12-13T18:51:05,-73.08,-33.99,29.3,5.2,mwc,,,,,38.0,28.0,-89.0,217.0,62.0,-90.0,,,,,,,anss,486_anss
C201012131851A,2010-12-13T18:51:05,-73.51,-34.07,12.0,5.2,mw,0.02,0.01,0.0,,38.0,28.0,-89.0,217.0,62.0,-90.0,-6.21e+16,2.17e+16,4.04e+16,2.63e+16,3.57e+16,3.34e+16,gcmt,486_gcmt
pde20110102202017780_24,2011-01-02T20:20:17,-73.326,-38.355,24.0,7.2,mww,,,,,175.0,80.0,90.0,355.0,10.0,90.0,,,,,,,anss,487_anss
C201101022020A,2011-01-02T20:20:26,-73.84,-38.71,19.4,7.1,mw,0.01,0.01,0.3,,5.0,13.0,97.0,178.0,77.0,88.0,2.84e+19,-4.9e+17,-2.79e+19,2.7e+18,-5.66e+19,-5.7e+17,gcmt,487_gcmt
C201101070942A,2011-01-07T09:42:23,-73.66,-35.87,12.3,5.4,mw,0.01,0.01,0.6,,22.0,21.0,107.0,184.0,70.0,83.0,8.72e+16,7000000000000001.0,-9.42e+16,-2600000000000000.0,-1.09e+17,-2.22e+16,gcmt,488_gcmt
pde20110107094219300_10,2011-01-07T09:42:23,-73.66,-35.87,12.3,5.4,mwc,,,,,22.0,21.0,107.0,184.0,70.0,83.0,8.7e+16,7000000000000000.0,-9.4e+16,-3000000000000000.0,-1.09e+17,-2.2e+16,anss,488_anss
C201101071405A,2011-01-07T14:05:40,-73.73,-35.72,34.8,5.1,mw,0.05,0.04,0.9,,26.0,37.0,90.0,206.0,53.0,90.0,6.92e+16,-2.43e+16,-4.49e+16,-7960000000000000.0,-1.51e+16,-1.33e+16,gcmt,489_gcmt
pde20110107140537000_37,2011-01-07T14:05:40,-73.73,-35.72,34.8,5.1,mwc,,,,,26.0,37.0,90.0,206.0,53.0,90.0,6.92e+16,-2.43e+16,-4.49e+16,-8000000000000000.0,-1.51e+16,-1.33e+16,anss,489_anss
C201101100602A,2011-01-10T06:02:54,-73.59,-35.77,12.1,5.9,mw,0.01,0.01,0.3,,22.0,14.0,105.0,187.0,76.0,86.0,4.17e+17,-7300000000000000.0,-4.1e+17,-8.6e+16,-7.92e+17,-1.1000000000000002e+17,gcmt,490_gcmt
pde20110110060251950_24,2011-01-10T06:03:04,-72.93,-35.74,24.0,5.9,mwc,,,,,12.0,14.0,85.0,196.0,76.0,91.0,5e+17,-2.5e+16,-4.75e+17,-2.66e+17,-8.85e+17,-1.2e+17,anss,490_anss
C201101110105A,2011-01-11T01:05:29,-73.79,-35.7,18.4,5.0,mw,0.03,0.03,1.2,,29.0,23.0,95.0,204.0,67.0,88.0,2.78e+16,-5980000000000000.0,-2.18e+16,-1.07e+16,-2.51e+16,-1.08e+16,gcmt,491_gcmt
pde20110111010528210_30,2011-01-11T01:05:29,-73.79,-35.7,18.4,5.0,mwc,,,22.6,,29.0,23.0,95.0,204.0,67.0,88.0,2.78e+16,-6000000000000000.0,-2.18e+16,-1.07e+16,-2.51e+16,-1.08e+16,anss,491_anss
pde20110111053333860_35,2011-01-11T05:33:53,-72.08,-35.33,12.0,5.1,mwc,,,,,138.0,15.0,60.0,349.0,77.0,98.0,1.97e+16,4700000000000000.0,-2.44e+16,-9400000000000000.0,4.85e+16,1.4e+16,anss,492_anss
C201101110533A,2011-01-11T05:33:53,-72.08,-35.33,12.0,5.1,mw,0.03,0.02,0.0,,138.0,15.0,60.0,349.0,77.0,98.0,1.97e+16,4720000000000000.0,-2.44e+16,-9420000000000000.0,4.85e+16,1.4e+16,gcmt,492_gcmt
C201101211536A,2011-01-21T15:36:14,-72.48,-34.03,27.6,5.0,mw,0.05,0.03,1.8,,347.0,25.0,69.0,190.0,66.0,99.0,2.54e+16,80000000000000.0,-2.55e+16,-6580000000000000.0,-2.2400000000000004e+16,700000000000000.1,gcmt,493_gcmt
pde20110121153609000_11,2011-01-21T15:36:14,-72.48,-34.03,27.6,5.0,mwc,,,,,347.0,25.0,69.0,190.0,66.0,99.0,2.54e+16,100000000000000.0,-2.55e+16,-6600000000000000.0,-2.24e+16,700000000000000.0,anss,493_anss
pde20110205161139680_28,2011-02-05T16:11:38,-73.38,-37.61,15.0,5.8,mww,,,6.3,,14.0,12.0,102.0,181.0,77.0,87.0,2.55e+17,2.2e+16,-2.77e+17,-1e+16,-5.68e+17,-3.8e+16,anss,494_anss
C201102051611A,2011-02-05T16:11:41,-73.84,-37.81,21.0,5.7,mw,0.01,0.01,0.5,,9.0,17.0,98.0,180.0,73.0,88.0,2.31e+17,-2000000000000000.0,-2.29e+17,3200000000000000.0,-3.46e+17,-1.78e+16,gcmt,494_gcmt
choy20110211200530,2011-02-11T20:05:30,-73.13,-36.47,26.0,6.9,mww,,,,,180.0,77.0,86.0,17.0,14.0,107.0,,,,,,,anss,495_anss
C201102112005A,2011-02-11T20:05:39,-73.56,-36.63,17.8,6.8,mw,0.0,0.0,0.2,,15.0,13.0,104.0,180.0,77.0,87.0,9.99e+18,-3.3e+17,-9.66e+18,2.5e+17,-2.09e+19,-1.32e+18,gcmt,495_gcmt
C201102112339A,2011-02-11T23:39:23,-74.11,-37.45,16.4,6.0,mw,0.01,0.01,0.6,,11.0,16.0,98.0,183.0,74.0,88.0,6.28e+17,-3.3e+16,-5.94e+17,-3.4000000000000004e+16,-1.01e+18,-7.000000000000001e+16,gcmt,496_gcmt
pde20110211233921310_15,2011-02-11T23:39:23,-74.11,-37.45,16.4,5.9,mwb,,,,,11.0,16.0,98.0,183.0,74.0,88.0,6.3e+17,-3e+16,-5.9e+17,-3e+16,-1.01e+18,-7e+16,anss,496_anss
pde20110212011701410_16,2011-02-12T01:17:05,-74.0,-37.35,14.1,6.1,mwb,,,,,12.0,15.0,98.0,183.0,75.0,88.0,6.1e+17,1e+16,-6.2e+17,-5e+16,-1.06e+18,-8e+16,anss,497_anss
C201102120117A,2011-02-12T01:17:05,-74.0,-37.35,14.1,6.0,mw,0.01,0.01,0.3,,12.0,15.0,98.0,183.0,75.0,88.0,6.14e+17,8999999999999998.0,-6.23e+17,-5.3e+16,-1.06e+18,-8.3e+16,gcmt,497_gcmt
pde20110213085134000_20,2011-02-13T08:51:37,-73.61,-36.78,16.2,5.8,mwb,,,3.4,,13.0,11.0,101.0,182.0,79.0,88.0,3.28e+17,0.0,-3.28e+17,-1.6e+16,-8.14e+17,-4.1e+16,anss,498_anss
C201102130851A,2011-02-13T08:51:37,-73.61,-36.78,16.2,5.9,mw,0.01,0.01,0.5,,13.0,11.0,101.0,182.0,79.0,88.0,3.28e+17,-300000000000000.0,-3.28e+17,-1.55e+16,-8.14e+17,-4.11e+16,gcmt,498_gcmt
choy20110213103506,2011-02-13T10:35:06,-73.18,-36.65,17.0,6.0,mwc,,,,,184.0,72.0,87.0,14.0,18.0,99.0,,,,,,,anss,499_anss
C201102131035A,2011-02-13T10:35:10,-73.74,-36.83,14.1,5.9,mw,0.01,0.01,0.3,,12.0,18.0,97.0,184.0,72.0,88.0,5.75e+17,4000000000000000.0,-5.8e+17,-4.8e+16,-8.04e+17,-8.2e+16,gcmt,499_gcmt
pde20110213134436450_18,2011-02-13T13:44:40,-73.74,-36.75,17.8,5.5,mwb,,,4.9,,9.0,15.0,95.0,184.0,75.0,89.0,1.72e+17,0.0,-1.71e+17,-1.7e+16,-2.99e+17,-1.9e+16,anss,500_anss
C201102131344A,2011-02-13T13:44:40,-73.74,-36.75,17.8,5.6,mw,0.01,0.01,0.6,,9.0,15.0,95.0,184.0,75.0,89.0,1.72e+17,-400000000000000.0,-1.71e+17,-1.6900000000000002e+16,-2.99e+17,-1.85e+16,gcmt,500_gcmt
choy20110214034009,2011-02-14T03:40:09,-72.83,-35.38,21.0,6.7,mww,,,,,189.0,73.0,85.0,26.0,18.0,106.0,,,,,,,anss,501_anss
C201102140340A,2011-02-14T03:40:15,-73.61,-35.67,12.0,6.6,mw,0.0,0.0,0.0,,25.0,17.0,105.0,189.0,74.0,86.0,5.600000000000001e+18,-2.3e+17,-5.37e+18,-1.27e+18,-9.05e+18,-1.7299999999999995e+18,gcmt,501_gcmt
pde20110214102127320_34,2011-02-14T10:21:27,-73.41,-35.6,14.9,5.2,mwc,,,16.7,,13.0,18.0,107.0,175.0,73.0,85.0,4.52e+16,-2500000000000000.0,-4.27e+16,8100000000000000.0,-6.55e+16,-3700000000000000.0,anss,502_anss
C201102141021A,2011-02-14T10:21:27,-73.41,-35.6,14.9,5.2,mw,0.02,0.02,1.2,,13.0,18.0,107.0,175.0,73.0,85.0,4.519999999999999e+16,-2510000000000000.0,-4.269999999999999e+16,8100000000000002.0,-6.55e+16,-3690000000000000.0,gcmt,502_gcmt
C201102141218A,2011-02-14T12:18:25,-71.54,-35.65,12.8,5.2,mw,0.02,0.02,1.9,,211.0,21.0,-33.0,331.0,79.0,-108.0,-2.81e+16,-1.74e+16,4.54e+16,3.79e+16,-6.42e+16,-1610000000000000.0,gcmt,503_gcmt
pde20110214121830300_35,2011-02-14T12:18:25,-71.54,-35.65,12.8,5.2,mwc,,,,,211.0,21.0,-33.0,331.0,79.0,-108.0,-2.81e+16,-1.74e+16,4.54e+16,3.79e+16,-6.42e+16,-1600000000000000.0,anss,503_anss
C201102181701A,2011-02-18T17:01:03,-72.37,-33.99,27.3,5.3,mw,0.02,0.01,0.9,,14.0,20.0,105.0,178.0,71.0,85.0,5.8e+16,2700000000000000.0,-6.07e+16,5400000000000000.0,-7.39e+16,-6000000000000000.0,gcmt,504_gcmt
pde20110218170058740_10,2011-02-18T17:01:03,-72.37,-33.99,27.3,5.3,mwc,,,,,14.0,20.0,105.0,178.0,71.0,85.0,5.8e+16,2700000000000000.0,-6.07e+16,5400000000000000.0,-7.39e+16,-6000000000000000.0,anss,504_anss
C201102190626A,2011-02-19T06:26:38,-72.33,-34.05,20.8,5.2,mw,0.02,0.01,0.9,,360.0,21.0,94.0,176.0,69.0,89.0,5.540000000000001e+16,5800000000000000.0,-6.12e+16,5500000000000000.0,-6.65e+16,2900000000000000.0,gcmt,505_gcmt
pde20110219062631000_15,2011-02-19T06:26:38,-72.33,-34.05,20.8,5.2,mwc,,,,,360.0,21.0,94.0,176.0,69.0,89.0,5.54e+16,5800000000000000.0,-6.12e+16,5500000000000000.0,-6.65e+16,2900000000000000.0,anss,505_anss
C201102210538A,2011-02-21T05:38:50,-72.55,-46.02,17.6,5.0,mw,0.06,0.02,1.6,,271.0,32.0,-20.0,18.0,79.0,-121.0,-1.51e+16,1.94e+16,-4370000000000000.0,850000000000000.0,-3.72e+16,1.59e+16,gcmt,506_gcmt
pde20110221053851050_36,2011-02-21T05:38:50,-72.55,-46.02,17.6,5.0,mwc,,,7.7,,271.0,32.0,-20.0,18.0,79.0,-121.0,-1.51e+16,1.94e+16,-4400000000000000.0,900000000000000.0,-3.72e+16,1.59e+16,anss,506_anss
pde20110224043648000_33,2011-02-24T04:36:53,-73.82,-36.29,20.5,5.1,mwc,,,,,24.0,27.0,139.0,152.0,73.0,69.0,3.06e+16,6300000000000000.0,-3.69e+16,2.67e+16,-3.35e+16,-200000000000000.0,anss,507_anss
C201102240436A,2011-02-24T04:36:53,-73.82,-36.29,20.5,5.1,mw,0.03,0.03,1.5,,24.0,27.0,139.0,152.0,73.0,69.0,3.06e+16,6310000000000000.0,-3.69e+16,2.67e+16,-3.35e+16,-180000000000000.0,gcmt,507_gcmt
C201102280129A,2011-02-28T01:29:29,-73.69,-37.46,25.3,5.8,mw,0.01,0.01,0.5,,6.0,16.0,97.0,179.0,74.0,88.0,3.43e+17,1.31e+16,-3.56e+17,1.6800000000000002e+16,-5.62e+17,-1.62e+16,gcmt,508_gcmt
pde20110228012925000_31,2011-02-28T01:29:29,-73.69,-37.46,25.3,5.8,mwb,,,,,6.0,16.0,97.0,179.0,74.0,88.0,3.43e+17,1.3e+16,-3.56e+17,1.7e+16,-5.62e+17,-1.6e+16,anss,508_anss
C201103030758A,2011-03-03T07:58:58,-73.83,-37.45,23.3,5.2,mw,0.02,0.02,0.9,,1.0,22.0,97.0,173.0,68.0,87.0,5.46e+16,-2500000000000000.0,-5.21e+16,8210000000000000.0,-5.519999999999999e+16,2130000000000000.0,gcmt,509_gcmt
pde20110303075853000_18,2011-03-03T07:58:58,-73.83,-37.45,23.3,5.2,mwc,,,,,1.0,22.0,97.0,173.0,68.0,87.0,5.46e+16,-2500000000000000.0,-5.21e+16,8200000000000000.0,-5.52e+16,2100000000000000.0,anss,509_anss
C201103162236A,2011-03-16T22:36:20,-71.89,-32.57,36.8,5.5,mw,0.01,0.01,0.6,,15.0,28.0,105.0,179.0,63.0,83.0,1.69e+17,1.33e+16,-1.82e+17,1.28e+16,-1.29e+17,-2.35e+16,gcmt,510_gcmt
pde20110316223616000_32,2011-03-16T22:36:20,-71.89,-32.57,36.8,5.5,mwc,,,,,15.0,28.0,105.0,179.0,63.0,83.0,1.69e+17,1.3e+16,-1.82e+17,1.3e+16,-1.29e+17,-2.4e+16,anss,510_anss
C201103171114A,2011-03-17T11:14:27,-72.0,-32.67,35.0,5.2,mw,0.02,0.02,0.9,,6.0,28.0,101.0,174.0,62.0,84.0,6.23e+16,7199999999999999.0,-6.949999999999999e+16,8000000000000000.0,-4.5e+16,899999999999999.9,gcmt,511_gcmt
pde20110317111424000_13,2011-03-17T11:14:27,-72.0,-32.67,35.0,5.2,mwc,,,,,6.0,28.0,101.0,174.0,62.0,84.0,6.23e+16,7200000000000000.0,-6.95e+16,8000000000000000.0,-4.5e+16,900000000000000.0,anss,511_anss
C201103280610A,2011-03-28T06:10:44,-72.08,-34.91,51.1,5.2,mw,0.02,0.02,1.3,,29.0,32.0,119.0,176.0,62.0,73.0,5.66e+16,-2110000000000000.0,-5.45e+16,1.42e+16,-3.62e+16,-1.29e+16,gcmt,512_gcmt
pde20110328061042370_46,2011-03-28T06:10:44,-72.08,-34.91,51.1,5.2,mwc,,,,,29.0,32.0,119.0,176.0,62.0,73.0,5.66e+16,-2100000000000000.0,-5.45e+16,1.42e+16,-3.62e+16,-1.29e+16,anss,512_anss
C201103282357A,2011-03-28T23:57:53,-72.36,-33.69,32.8,5.1,mw,0.02,0.02,0.8,,2.0,33.0,96.0,175.0,57.0,86.0,4.269999999999999e+16,1250000000000000.0,-4.39e+16,3240000000000000.0,-1.98e+16,1360000000000000.0,gcmt,513_gcmt
pde20110328235747500_11,2011-03-28T23:57:53,-72.36,-33.69,32.8,5.1,mwc,,,,,2.0,33.0,96.0,175.0,57.0,86.0,4.27e+16,1300000000000000.0,-4.39e+16,3200000000000000.0,-1.98e+16,1400000000000000.0,anss,513_anss
pde20110404075435940_26,2011-04-04T07:54:34,-77.04,-45.8,12.0,5.3,mwc,,,16.2,,174.0,32.0,-79.0,341.0,59.0,-97.0,-1.12e+17,1.1e+16,1.01e+17,2.8e+16,-5.2e+16,-2e+16,anss,514_anss
C201104040754A,2011-04-04T07:54:34,-77.04,-45.8,12.0,5.3,mw,0.01,0.01,0.0,,174.0,32.0,-79.0,341.0,59.0,-97.0,-1.1200000000000002e+17,1.12e+16,1.01e+17,2.7600000000000004e+16,-5.15e+16,-2.04e+16,gcmt,514_gcmt
pde20110410202422000_23,2011-04-10T20:24:26,-73.96,-36.17,18.0,5.2,mwc,,,,,357.0,15.0,83.0,184.0,75.0,92.0,4.52e+16,600000000000000.0,-4.58e+16,-6100000000000000.0,-7.68e+16,-500000000000000.0,anss,515_anss
C201104102024A,2011-04-10T20:24:26,-73.96,-36.17,18.0,5.2,mw,0.02,0.02,1.2,,357.0,15.0,83.0,184.0,75.0,92.0,4.52e+16,600000000000000.0,-4.58e+16,-6100000000000000.0,-7.68e+16,-500000000000000.0,gcmt,515_gcmt
pde20110413151443030_34,2011-04-13T15:14:45,-72.27,-33.78,31.2,5.4,mwc,,,8.2,,9.0,23.0,100.0,178.0,67.0,86.0,1.15e+17,1.2e+16,-1.27e+17,7000000000000000.0,-1.18e+17,-8000000000000000.0,anss,516_anss
C201104131514A,2011-04-13T15:14:45,-72.27,-33.78,31.2,5.4,mw,0.01,0.01,0.6,,9.0,23.0,100.0,178.0,67.0,86.0,1.1499999999999998e+17,1.24e+16,-1.27e+17,7099999999999999.0,-1.18e+17,-8000000000000000.0,gcmt,516_gcmt
pde20110419005727000_45,2011-04-19T00:57:30,-72.48,-33.3,20.6,5.1,mwc,,,,,355.0,29.0,76.0,191.0,62.0,97.0,4.06e+16,-100000000000000.0,-4.05e+16,-8100000000000000.0,-2.53e+16,-2200000000000000.0,anss,517_anss
C201104190057A,2011-04-19T00:57:30,-72.48,-33.3,20.6,5.1,mw,0.02,0.02,0.9,,355.0,29.0,76.0,191.0,62.0,97.0,4.06e+16,-120000000000000.0,-4.05e+16,-8070000000000002.0,-2.53e+16,-2150000000000000.0,gcmt,517_gcmt
C201104190550A,2011-04-19T05:50:49,-72.65,-33.97,21.4,5.1,mw,0.02,0.02,0.9,,23.0,24.0,108.0,184.0,67.0,82.0,4.81e+16,-3620000000000000.0,-4.44e+16,1250000000000000.0,-4.58e+16,-1.08e+16,gcmt,518_gcmt
pde20110419055045370_13,2011-04-19T05:50:49,-72.65,-33.97,21.4,5.1,mwc,,,3.5,,23.0,24.0,108.0,184.0,67.0,82.0,4.81e+16,-3600000000000000.0,-4.44e+16,1300000000000000.0,-4.58e+16,-1.08e+16,anss,518_anss
C201104220512A,2011-04-22T05:12:51,-74.31,-38.1,13.8,5.3,mw,0.01,0.01,0.6,,359.0,19.0,88.0,182.0,71.0,91.0,7.45e+16,-1000000000000000.0,-7.35e+16,-3200000000000000.0,-9.75e+16,-300000000000000.0,gcmt,519_gcmt
pde20110422051248000_19,2011-04-22T05:12:51,-74.31,-38.1,13.8,5.6,mwb,,,,,359.0,19.0,88.0,182.0,71.0,91.0,7.45e+16,-1000000000000000.0,-7.35e+16,-3200000000000000.0,-9.75e+16,-300000000000000.0,anss,519_anss
C201104270457A,2011-04-27T04:57:37,-72.66,-34.01,20.2,5.1,mw,0.02,0.02,1.0,,17.0,21.0,103.0,183.0,70.0,85.0,4.230000000000001e+16,-950000000000000.0,-4.13e+16,-1120000000000000.0,-4.97e+16,-7550000000000000.0,gcmt,520_gcmt
pde20110427045732000_24,2011-04-27T04:57:37,-72.66,-34.01,20.2,5.1,mwb,,,,,17.0,21.0,103.0,183.0,70.0,85.0,4.23e+16,-1000000000000000.0,-4.13e+16,-1100000000000000.0,-4.97e+16,-7600000000000000.0,anss,520_anss
C201105070657A,2011-05-07T06:57:34,-72.82,-33.98,29.1,5.0,mw,0.04,0.03,1.4,,17.0,25.0,93.0,194.0,65.0,89.0,2.67e+16,-2850000000000000.0,-2.38e+16,-4980000000000000.0,-2.18e+16,-6220000000000000.0,gcmt,521_gcmt
pde20110507065731000_42,2011-05-07T06:57:34,-72.82,-33.98,29.1,5.0,mwc,,,,,17.0,25.0,93.0,194.0,65.0,89.0,2.67e+16,-2900000000000000.0,-2.38e+16,-5000000000000000.0,-2.18e+16,-6200000000000000.0,anss,521_anss
C201105191705A,2011-05-19T17:05:14,-71.95,-34.63,53.2,5.2,mw,0.02,0.02,1.2,,19.0,32.0,118.0,167.0,62.0,74.0,5.58e+16,5940000000000000.0,-6.17e+16,1.74e+16,-3.57e+16,-3370000000000000.0,gcmt,522_gcmt
pde20110519170511000_36,2011-05-19T17:05:14,-71.95,-34.63,53.2,5.2,mwc,,,,,19.0,32.0,118.0,167.0,62.0,74.0,5.58e+16,5900000000000000.0,-6.17e+16,1.74e+16,-3.57e+16,-3400000000000000.0,anss,522_anss
pde20110601125522380_21,2011-06-01T12:55:22,-73.691,-37.578,21.0,6.3,mww,,,,,185.0,80.0,90.0,5.0,10.0,90.0,,,,,,,anss,523_anss
C201106011255A,2011-06-01T12:55:25,-74.41,-37.74,12.0,6.3,mw,0.0,0.0,0.0,,1.0,17.0,88.0,183.0,73.0,91.0,2.25e+18,1.6e+16,-2.27e+18,-1.94e+17,-3.4e+18,-7.5e+16,gcmt,523_gcmt
pde20110601134729640_28,2011-06-01T13:47:30,-74.3,-37.37,27.0,5.4,mwc,,,12.0,,9.0,23.0,77.0,202.0,68.0,95.0,1.06e+17,-1.5e+16,-9e+16,-4.4e+16,-9e+16,-2.1e+16,anss,524_anss
C201106011347A,2011-06-01T13:47:30,-74.3,-37.37,27.0,5.4,mw,0.05,0.04,1.8,,9.0,23.0,77.0,202.0,68.0,95.0,1.06e+17,-1.54e+16,-9.04e+16,-4.42e+16,-9.04e+16,-2.06e+16,gcmt,524_gcmt
pde20110604162847680_9,2011-06-04T16:28:48,-72.22,-40.59,21.2,5.0,mwc,,,15.7,,162.0,64.0,-165.0,65.0,77.0,-27.0,-1.19e+16,-1.95e+16,3.14e+16,-1.67e+16,-1300000000000000.0,2.84e+16,anss,525_anss
C201106041628A,2011-06-04T16:28:48,-72.22,-40.59,21.2,5.0,mw,0.02,0.01,1.6,,162.0,64.0,-165.0,65.0,77.0,-27.0,-1.19e+16,-1.95e+16,3.14e+16,-1.67e+16,-1280000000000000.0,2.84e+16,gcmt,525_gcmt
pde20110605102515000_32,2011-06-05T10:25:21,-72.11,-35.01,50.1,5.3,mwc,,,,,24.0,31.0,118.0,172.0,63.0,74.0,9.8e+16,5000000000000000.0,-1.02e+17,2.5e+16,-6.9e+16,-1.7e+16,anss,526_anss
C201106051025A,2011-06-05T10:25:21,-72.11,-35.01,50.1,5.3,mw,0.01,0.01,0.8,,24.0,31.0,118.0,172.0,63.0,74.0,9.76e+16,4700000000000000.0,-1.02e+17,2.54e+16,-6.919999999999999e+16,-1.65e+16,gcmt,526_gcmt
pde20110629053646000_19,2011-06-29T05:36:52,-72.54,-33.98,18.9,5.5,mwc,,,,,13.0,18.0,100.0,183.0,72.0,87.0,1.52e+17,-9000000000000000.0,-1.43e+17,-5000000000000000.0,-2.02e+17,-2e+16,anss,527_anss
C201106290536A,2011-06-29T05:36:52,-72.54,-33.98,18.9,5.5,mw,0.01,0.01,0.6,,13.0,18.0,100.0,183.0,72.0,87.0,1.52e+17,-9200000000000000.0,-1.43e+17,-4900000000000000.0,-2.02e+17,-1.96e+16,gcmt,527_gcmt
pde20110713020153000_32,2011-07-13T02:01:57,-73.88,-36.33,21.0,5.0,mwc,,,,,6.0,23.0,93.0,182.0,67.0,89.0,3.27e+16,-2200000000000000.0,-3.05e+16,-900000000000000.0,-3.02e+16,-2100000000000000.0,anss,528_anss
C201107130201A,2011-07-13T02:01:57,-73.88,-36.33,21.0,5.0,mw,0.03,0.02,1.2,,6.0,23.0,93.0,182.0,67.0,89.0,3.27e+16,-2210000000000000.0,-3.05e+16,-859999999999999.9,-3.02e+16,-2090000000000000.0,gcmt,528_gcmt
choy20110716002612,2011-07-16T00:26:12,-71.83,-33.82,20.0,6.0,mww,,,,,174.0,70.0,83.0,14.0,21.0,109.0,,,,,,,anss,529_anss
C201107160026A,2011-07-16T00:26:17,-72.19,-33.96,23.9,6.0,mw,0.01,0.01,0.3,,14.0,21.0,108.0,174.0,70.0,83.0,6.72e+17,2.3e+16,-6.94e+17,1.24e+17,-7.99e+17,-4.8e+16,gcmt,529_gcmt
C201107251115A,2011-07-25T11:15:13,-74.03,-37.9,20.5,5.4,mw,0.02,0.01,1.0,,3.0,15.0,95.0,178.0,75.0,89.0,7.85e+16,-7800000000000000.0,-7.07e+16,5100000000000000.0,-1.28e+17,-1100000000000000.0,gcmt,530_gcmt
pde20110725111511000_32,2011-07-25T11:15:13,-74.03,-37.9,20.5,5.2,mwb,,,,,3.0,15.0,95.0,178.0,75.0,89.0,7.9e+16,-8000000000000000.0,-7.1e+16,5000000000000000.0,-1.28e+17,-1000000000000000.0,anss,530_anss
C201107281605A,2011-07-28T16:06:00,-73.57,-35.91,12.6,5.2,mw,0.02,0.02,0.9,,24.0,19.0,103.0,191.0,71.0,86.0,4.39e+16,-990000000000000.0,-4.29e+16,-9650000000000000.0,-5.88e+16,-1.41e+16,gcmt,531_gcmt
pde20110728160559790_35,2011-07-28T16:06:00,-73.57,-35.91,12.6,5.2,mwc,,,,,24.0,19.0,103.0,191.0,71.0,86.0,4.39e+16,-1000000000000000.0,-4.29e+16,-9700000000000000.0,-5.88e+16,-1.41e+16,anss,531_anss
C201107281950A,2011-07-28T19:50:19,-73.53,-35.86,13.2,5.6,mw,0.01,0.01,0.6,,344.0,17.0,61.0,194.0,75.0,98.0,1.61e+17,4.33e+16,-2.04e+17,-8.26e+16,-2.94e+17,-8100000000000000.0,gcmt,532_gcmt
pde20110728195020060_35,2011-07-28T19:50:19,-73.1,-35.92,26.0,5.7,mww,,,,,40.0,11.0,131.0,178.0,81.0,82.0,1.1e+17,2e+16,-1.3e+17,1e+16,-3.7e+17,-5e+16,anss,532_anss
C201108061322A,2011-08-06T13:22:39,-73.46,-36.06,15.0,5.5,mw,0.02,0.01,0.0,,49.0,9.0,131.0,188.0,83.0,84.0,4.84e+16,-7900000000000000.0,-4.05e+16,-2.41e+16,-1.96e+17,-2.65e+16,gcmt,533_gcmt
pde20110806132234000_31,2011-08-06T13:22:39,-73.46,-36.06,15.0,5.5,mwc,,,,,49.0,9.0,131.0,188.0,83.0,84.0,4.8e+16,-8000000000000000.0,-4.1e+16,-2.4e+16,-1.96e+17,-2.6e+16,anss,533_anss
pde20110828043032000_25,2011-08-28T04:30:35,-72.38,-33.2,19.7,5.3,mwc,,,,,7.0,23.0,90.0,187.0,67.0,90.0,9.47e+16,-1000000000000000.0,-9.36e+16,-1.2e+16,-9.37e+16,-1.2e+16,anss,534_anss
C201108280430A,2011-08-28T04:30:35,-72.38,-33.2,19.7,5.4,mw,0.01,0.01,0.6,,7.0,23.0,90.0,187.0,67.0,90.0,9.47e+16,-1000000000000000.0,-9.36e+16,-1.2e+16,-9.37e+16,-1.2e+16,gcmt,534_gcmt
pde20110903162041000_12,2011-09-03T16:20:52,-73.86,-38.45,15.0,5.81,mw,,,4.2,0.1,350.0,17.0,74.0,186.0,72.0,95.0,3.3e+17,5e+16,-3.8e+17,-7e+16,-5.2e+17,1e+16,anss,535_anss
C201109031620A,2011-09-03T16:20:57,-74.17,-38.27,18.3,5.8,mw,0.01,0.01,0.4,,4.0,16.0,93.0,181.0,74.0,89.0,3.38e+17,1e+16,-3.48e+17,-3800000000000000.0,-5.47e+17,-1.53e+16,gcmt,535_gcmt
pde20110907112150000_19,2011-09-07T11:21:52,-72.55,-33.43,18.9,5.2,mwc,,,8.4,,338.0,24.0,78.0,171.0,66.0,95.0,5.12e+16,-3100000000000000.0,-4.81e+16,4800000000000000.0,-4.64e+16,1.36e+16,anss,536_anss
C201109071121A,2011-09-07T11:21:52,-72.55,-33.43,18.9,5.2,mw,0.02,0.02,0.8,,338.0,24.0,78.0,171.0,66.0,95.0,5.12e+16,-3110000000000000.0,-4.81e+16,4810000000000000.0,-4.64e+16,1.36e+16,gcmt,536_gcmt
pde20110910031705000_23,2011-09-10T03:17:10,-72.47,-34.1,28.6,5.0,mwc,,,,,27.0,25.0,112.0,184.0,67.0,80.0,2.75e+16,-600000000000000.0,-2.69e+16,800000000000000.0,-2.72e+16,-7800000000000000.0,anss,537_anss
C201109100317A,2011-09-10T03:17:10,-72.47,-34.1,28.6,5.0,mw,0.03,0.02,1.2,,27.0,25.0,112.0,184.0,67.0,80.0,2.75e+16,-640000000000000.0,-2.69e+16,820000000000000.0,-2.72e+16,-7820000000000000.0,gcmt,537_gcmt
pde20110914070351000_37,2011-09-14T07:03:51,-71.797,-32.696,21.0,5.8,mww,,,,,175.0,70.0,90.0,355.0,20.0,90.0,,,,,,,anss,538_anss
C201109140703A,2011-09-14T07:03:55,-71.88,-32.8,26.2,5.9,mw,0.01,0.01,0.5,,359.0,16.0,84.0,185.0,74.0,92.0,3.82e+17,4.46e+16,-4.26e+17,-5.99e+16,-6.39e+17,-1.95e+16,gcmt,538_gcmt
pde20110928224012860_10,2011-09-28T22:40:15,-74.45,-38.05,12.0,5.6,mwb,,,,,6.0,15.0,82.0,194.0,75.0,92.0,1.03e+17,3000000000000000.0,-1.06e+17,-4.4e+16,-1.74e+17,-2e+16,anss,539_anss
C201109282240A,2011-09-28T22:40:15,-74.45,-38.05,12.0,5.5,mw,0.01,0.01,0.0,,6.0,15.0,82.0,194.0,75.0,92.0,1.03e+17,2800000000000000.0,-1.06e+17,-4.43e+16,-1.74e+17,-2e+16,gcmt,539_gcmt
C201109291540A,2011-09-29T15:40:53,-74.56,-38.06,12.0,5.2,mw,0.01,0.02,0.0,,3.0,22.0,87.0,187.0,68.0,91.0,5.92e+16,6100000000000000.0,-6.53e+16,-8400000000000002.0,-6.55e+16,-6600000000000000.0,gcmt,540_gcmt
pde20110929154053270_31,2011-09-29T15:40:53,-74.56,-38.06,12.0,5.2,mwc,,,10.6,,3.0,22.0,87.0,187.0,68.0,91.0,5.92e+16,6100000000000000.0,-6.53e+16,-8400000000000000.0,-6.55e+16,-6600000000000000.0,anss,540_anss
C201110192045A,2011-10-19T20:45:10,-77.8,-45.74,26.4,5.2,mw,0.02,0.01,1.0,,69.0,70.0,-159.0,331.0,70.0,-22.0,-1.22e+16,5.32e+16,-4.1e+16,-1.09e+16,-3.19e+16,-3.91e+16,gcmt,541_gcmt
pde20111108171811690_15,2011-11-08T17:18:14,-72.45,-34.16,28.9,5.3,mwc,,,5.5,,6.0,22.0,108.0,166.0,69.0,83.0,6.62e+16,8100000000000000.0,-7.43e+16,2.2e+16,-7.65e+16,7100000000000000.0,anss,542_anss
C201111081718A,2011-11-08T17:18:14,-72.45,-34.16,28.9,5.3,mw,0.02,0.01,0.9,,6.0,22.0,108.0,166.0,69.0,83.0,6.62e+16,8100000000000000.0,-7.43e+16,2.2e+16,-7.65e+16,7099999999999999.0,gcmt,542_gcmt
pde20111111080847000_33,2011-11-11T08:08:50,-73.31,-38.24,41.3,5.2,mwc,,,,,346.0,20.0,76.0,181.0,71.0,95.0,5.31e+16,-2700000000000000.0,-5.05e+16,-3800000000000000.0,-6.57e+16,6100000000000000.0,anss,543_anss
C201111110808A,2011-11-11T08:08:50,-73.31,-38.24,41.3,5.2,mw,0.02,0.01,1.2,,346.0,20.0,76.0,181.0,71.0,95.0,5.31e+16,-2670000000000000.0,-5.05e+16,-3800000000000000.0,-6.57e+16,6050000000000000.0,gcmt,543_gcmt
C201111220741A,2011-11-22T07:41:36,-71.98,-34.8,52.6,5.1,mw,0.02,0.02,1.7,,43.0,31.0,129.0,179.0,66.0,69.0,3.91e+16,5620000000000001.0,-4.47e+16,6380000000000000.0,-3.68e+16,-2e+16,gcmt,544_gcmt
pde20111122074132000_41,2011-11-22T07:41:36,-71.98,-34.8,52.6,5.1,mwc,,,,,43.0,31.0,129.0,179.0,66.0,69.0,3.91e+16,5600000000000000.0,-4.47e+16,6400000000000000.0,-3.68e+16,-2e+16,anss,544_anss
C201111251735A,2011-11-25T17:35:44,-75.59,-37.77,30.0,5.0,mw,0.03,0.03,0.9,,321.0,47.0,-122.0,184.0,52.0,-60.0,-3.51e+16,1360000000000000.0,3.38e+16,1.56e+16,7940000000000000.0,-1.15e+16,gcmt,545_gcmt
pde20111125173547180_39,2011-11-25T17:35:44,-75.59,-37.77,30.0,5.0,mwc,,,6.2,,321.0,47.0,-122.0,184.0,52.0,-60.0,-3.51e+16,1400000000000000.0,3.38e+16,1.56e+16,7900000000000000.0,-1.15e+16,anss,545_anss
C201112161202A,2011-12-16T12:02:57,-76.43,-46.0,14.3,5.4,mw,0.01,0.01,1.0,,75.0,75.0,178.0,165.0,89.0,15.0,-5000000000000000.0,8.68e+16,-8.18e+16,1.85e+16,-4.08e+16,-1.44e+17,gcmt,546_gcmt
pde20111216120256980_10,2011-12-16T12:02:57,-76.43,-46.0,14.3,5.4,mwc,,,,,75.0,75.0,178.0,165.0,89.0,15.0,-5000000000000000.0,8.7e+16,-8.2e+16,1.9e+16,-4.1e+16,-1.44e+17,anss,546_anss
pde20111216125425370_10,2011-12-16T12:54:25,-76.26,-45.85,12.0,5.8,mww,,,,,170.0,67.0,6.0,78.0,84.0,157.0,-2000000000000000.0,1.97e+17,-1.94e+17,2.28e+17,-3.4e+16,-4.62e+17,anss,547_anss
C201112161254A,2011-12-16T12:54:26,-76.57,-46.01,15.4,5.7,mw,0.01,0.01,0.6,,76.0,71.0,177.0,167.0,87.0,19.0,-8.12e+16,2.4700000000000003e+17,-1.65e+17,1.17e+17,-1.5e+17,-4.2300000000000006e+17,gcmt,547_gcmt
pde20111222150632600_13,2011-12-22T15:06:30,-76.64,-46.06,27.5,5.0,mwc,,,28.9,,72.0,66.0,-177.0,341.0,87.0,-24.0,-4500000000000000.0,2.78e+16,-2.33e+16,6200000000000000.0,-1.75e+16,-3.47e+16,anss,548_anss
C201112221506A,2011-12-22T15:06:30,-76.64,-46.06,27.5,5.0,mw,0.02,0.02,1.1,,72.0,66.0,-177.0,341.0,87.0,-24.0,-4530000000000000.0,2.78e+16,-2.33e+16,6160000000000000.0,-1.75e+16,-3.47e+16,gcmt,548_gcmt
C201112230418A,2011-12-23T04:18:40,-79.85,-44.71,22.9,5.0,mw,0.03,0.02,1.9,,258.0,75.0,-166.0,164.0,76.0,-15.0,-1.16e+16,2.6e+16,-1.44e+16,5270000000000000.0,1.01e+16,-3.91e+16,gcmt,549_gcmt
C201201050054A,2012-01-05T00:54:33,-76.65,-45.95,18.0,5.3,mw,0.02,0.01,1.0,,75.0,69.0,-175.0,343.0,85.0,-22.0,-8300000000000000.0,5.84e+16,-5e+16,4300000000000000.0,-3.99e+16,-8.6e+16,gcmt,550_gcmt
C201201092130A,2012-01-09T21:30:54,-71.93,-32.7,35.5,5.2,mw,0.02,0.01,1.2,,11.0,23.0,100.0,180.0,68.0,86.0,5.779999999999999e+16,5900000000000000.0,-6.37e+16,1300000000000000.0,-6.14e+16,-6400000000000000.0,gcmt,551_gcmt
pde20120117232135040_32,2012-01-17T23:21:34,-71.56,-31.83,35.0,5.6,mww,,,7.3,,359.0,20.0,99.0,169.0,70.0,87.0,2.5e+17,-5e+16,-2e+17,6.1e+16,-2.68e+17,1e+16,anss,552_anss
C201201172321A,2012-01-17T23:21:38,-71.95,-31.76,33.9,5.7,mw,0.01,0.01,0.4,,355.0,29.0,87.0,178.0,61.0,91.0,3.35e+17,5400000000000000.0,-3.41e+17,3000000000000000.0,-2.17e+17,2.05e+16,gcmt,552_gcmt
C201201172323A,2012-01-17T23:23:24,-71.96,-31.86,39.1,5.6,mw,0.02,0.02,0.3,,7.0,40.0,91.0,185.0,50.0,89.0,3.66e+17,-1.24e+17,-2.42e+17,1500000000000000.0,-5.17e+16,-1.24e+16,gcmt,552_gcmtb
C201201181135A,2012-01-18T11:35:54,-68.24,-31.81,13.7,5.0,mw,0.02,0.02,0.9,,215.0,42.0,130.0,346.0,59.0,60.0,3.67e+16,4720000000000000.0,-4.14e+16,-1.89e+16,1.58e+16,-9310000000000000.0,gcmt,553_gcmt
pde20120123160452980_20,2012-01-23T16:04:52,-73.03,-36.409,20.0,6.1,mww,,,,,180.0,70.0,90.0,360.0,20.0,90.0,,,,,,,anss,554_anss
C201201231604A,2012-01-23T16:04:57,-73.42,-36.5,22.2,6.1,mw,0.01,0.0,0.3,,13.0,19.0,101.0,182.0,71.0,86.0,1.11e+18,6e+16,-1.17e+18,-2.5e+16,-1.5e+18,-1.63e+17,gcmt,554_gcmt
pde20120211025817000_20,2012-02-11T02:58:24,-73.72,-37.54,26.8,5.6,mwb,,,,,2.0,17.0,94.0,178.0,73.0,89.0,2.29e+17,3.2e+16,-2.61e+17,1.4e+16,-3.57e+17,0.0,anss,555_anss
C201202110258A,2012-02-11T02:58:24,-73.68,-37.54,24.4,5.6,mw,0.01,0.01,0.4,,3.0,22.0,93.0,180.0,68.0,89.0,2.43e+17,-4000000000000000.0,-2.39e+17,2100000000000000.0,-2.54e+17,-6800000000000000.0,gcmt,555_gcmt
C201202170801A,2012-02-17T08:01:20,-74.29,-37.27,17.0,5.1,mw,0.02,0.02,0.8,,350.0,25.0,66.0,197.0,67.0,101.0,4.56e+16,-220000000000000.0,-4.53e+16,-1.78e+16,-4.07e+16,-1980000000000000.0,gcmt,556_gcmt
pde20120303221255000_13,2012-03-03T22:12:55,-72.8,-35.749,24.0,5.0,mwr,,,,,42.0,20.0,104.0,207.0,71.0,85.0,2.16e+16,-7500000000000000.0,-1.41e+16,-1.13e+16,-2.44e+16,-9200000000000000.0,anss,557_anss
C201203032212A,2012-03-03T22:13:00,-73.17,-35.77,31.2,5.1,mw,0.02,0.02,0.8,,45.0,30.0,101.0,213.0,61.0,84.0,5.14e+16,-1.85e+16,-3.28e+16,-1.56e+16,-2.91e+16,-3.1e+16,gcmt,557_gcmt
C201203162331A,2012-03-16T23:31:58,-72.27,-33.45,32.7,5.1,mw,0.03,0.02,1.2,,1.0,26.0,95.0,176.0,65.0,88.0,3.57e+16,5520000000000000.0,-4.12e+16,2610000000000000.0,-3.11e+16,1240000000000000.0,gcmt,558_gcmt
C201203240728A,2012-03-24T07:28:37,-71.21,-33.04,91.2,5.1,mw,0.02,0.02,2.5,,68.0,64.0,2.0,337.0,88.0,154.0,4510000000000000.0,-4.12e+16,3.67e+16,-1.06e+16,2.41e+16,3.87e+16,gcmt,559_gcmt
pde20120325223706000_40,2012-03-25T22:37:06,-72.217,-35.2,33.0,7.1,mww,,,,,175.0,75.0,65.0,56.0,29.0,148.0,,,,,,,anss,560_anss
C201203252237A,2012-03-25T22:37:20,-72.41,-35.31,33.8,7.1,mw,0.01,0.01,0.3,,20.0,16.0,112.0,177.0,76.0,84.0,2.92e+19,-3.8e+17,-2.88e+19,4.15e+18,-5.19e+19,-4.74e+18,gcmt,560_gcmt
C201204030211A,2012-04-03T02:11:10,-72.63,-33.86,14.4,5.1,mw,0.02,0.01,0.8,,5.0,22.0,84.0,191.0,68.0,92.0,4.26e+16,-1210000000000000.0,-4.14e+16,-9520000000000000.0,-4.25e+16,-5730000000000000.0,gcmt,561_gcmt
C201204061325A,2012-04-06T13:25:02,-75.38,-38.54,21.1,5.0,mw,0.03,0.03,1.0,,181.0,42.0,-110.0,27.0,52.0,-73.0,-3.82e+16,4120000000000000.0,3.41e+16,-1.16e+16,-3760000000000000.0,7940000000000000.0,gcmt,562_gcmt
pde20120417035015610_29,2012-04-17T03:50:15,-71.365,-32.625,29.0,6.7,mww,,,,,175.0,65.0,90.0,355.0,25.0,90.0,,,,,,,anss,563_anss
C201204170350A,2012-04-17T03:50:24,-71.69,-32.77,39.6,6.7,mw,0.0,0.0,0.2,,2.0,24.0,95.0,176.0,66.0,88.0,9.7e+18,2.2e+17,-9.93e+18,9.1e+17,-9.08e+18,2.7e+17,gcmt,563_gcmt
pde20120524191854970_150,2012-05-24T19:18:54,-70.467,-36.912,153.0,5.4,mwb,,,,,104.0,19.0,-165.0,360.0,85.0,-71.0,-2.8e+16,1000000000000000.0,2.7e+16,-5000000000000000.0,-1.65e+17,-5.7e+16,anss,564_anss
C201205241918A,2012-05-24T19:18:55,-70.84,-37.11,162.6,5.4,mw,0.01,0.01,0.8,,123.0,17.0,-146.0,360.0,81.0,-76.0,-4.9e+16,-2500000000000000.0,5.15e+16,-5000000000000000.0,-1.49e+17,-3.9e+16,gcmt,564_gcmt
pde20120607040504520_8,2012-06-07T04:05:04,-70.57,-36.074,8.0,6.0,mww,,,,,270.0,70.0,-25.0,9.0,67.0,-158.0,,,,,,,anss,565_anss
C201206070405A,2012-06-07T04:05:10,-70.97,-36.23,16.8,6.0,mw,0.01,0.01,0.5,,2.0,69.0,-173.0,269.0,84.0,-21.0,-2.67e+17,1.78e+17,8.9e+16,3.92e+17,-1.6e+16,1.15e+18,gcmt,565_gcmt
C201206180829A,2012-06-18T08:29:06,-68.6,-33.01,28.9,5.0,mw,0.04,0.03,1.5,,166.0,25.0,82.0,355.0,65.0,94.0,3.05e+16,-1310000000000000.0,-2.92e+16,-1290000000000000.0,2.56e+16,5090000000000000.0,gcmt,566_gcmt
C201207040833A,2012-07-04T08:33:10,-73.31,-38.09,44.6,5.1,mw,0.03,0.02,1.3,,344.0,27.0,73.0,183.0,64.0,98.0,4.519999999999999e+16,-2980000000000000.0,-4.22e+16,-5880000000000000.0,-3.42e+16,5270000000000000.0,gcmt,567_gcmt
C201208300804A,2012-08-30T08:04:40,-74.04,-37.34,26.2,5.2,mw,0.03,0.02,1.5,,352.0,17.0,79.0,183.0,73.0,93.0,3.64e+16,4630000000000000.0,-4.1e+16,-3920000000000000.0,-5.64e+16,1440000000000000.0,gcmt,568_gcmt
C201209110635A,2012-09-11T06:35:39,-68.39,-31.92,127.0,5.0,mw,0.02,0.02,2.3,,20.0,35.0,-77.0,184.0,56.0,-99.0,-3.56e+16,3550000000000000.0,3.21e+16,-2920000000000000.0,1.43e+16,6500000000000000.0,gcmt,569_gcmt
pde20121011172209930_81,2012-10-11T17:22:10,-70.52,-32.97,120.0,5.5,mww,,,3.0,,71.0,83.0,-2.0,161.0,88.0,-172.0,5000000000000000.0,-1.51e+17,1.46e+17,-2.1e+16,2.6e+16,1.93e+17,anss,570_anss
C201210111722A,2012-10-11T17:22:15,-70.57,-32.86,107.2,5.6,mw,0.01,0.01,1.1,,170.0,84.0,-174.0,80.0,84.0,-6.0,-500000000000000.0,-1.1100000000000002e+17,1.1100000000000002e+17,-4.07e+16,2.8100000000000004e+16,3.1e+17,gcmt,570_gcmt
pde20121015210420600_24,2012-10-15T21:04:20,-71.787,-31.814,19.0,5.0,mwr,,,9.5,,316.0,23.0,52.0,176.0,72.0,105.0,2.5e+16,-5800000000000000.0,-1.91e+16,-2900000000000000.0,-3.17e+16,1e+16,anss,571_anss
C201210152104A,2012-10-15T21:04:22,-72.29,-31.81,21.9,5.1,mw,0.02,0.02,0.7,,348.0,28.0,77.0,183.0,62.0,97.0,5.12e+16,-1700000000000000.0,-4.95e+16,-5370000000000000.0,-3.47e+16,4350000000000000.0,gcmt,571_gcmt
C201211120507A,2012-11-12T05:07:13,-77.28,-45.76,18.4,5.2,mw,0.02,0.01,1.0,,78.0,73.0,179.0,168.0,89.0,17.0,4640000000000000.0,3.41e+16,-3.87e+16,4820000000000000.0,-2.66e+16,-7.83e+16,gcmt,572_gcmt
C201211121055A,2012-11-12T10:55:14,-77.41,-45.76,17.1,5.1,mw,0.02,0.01,1.4,,77.0,64.0,-179.0,346.0,89.0,-26.0,1840000000000000.0,2.4e+16,-2.58e+16,3490000000000000.0,-2.65e+16,-4.78e+16,gcmt,573_gcmt
choy20121113043126,2012-11-13T04:31:26,-77.05,-45.76,9.0,6.1,mww,,,,,77.0,82.0,-176.0,346.0,86.0,-8.0,,,,,,,anss,574_anss
C201211130431A,2012-11-13T04:31:30,-77.54,-45.8,17.9,6.0,mw,0.01,0.0,0.4,,77.0,79.0,176.0,168.0,86.0,11.0,-3.4000000000000004e+16,5.97e+17,-5.63e+17,1.66e+17,-2.55e+17,-1.25e+18,gcmt,574_gcmt
C201211191645A,2012-11-19T16:45:54,-72.42,-33.92,20.9,5.1,mw,0.02,0.02,1.0,,351.0,23.0,78.0,184.0,67.0,95.0,3.82e+16,-530000000000000.0,-3.77e+16,-4730000000000000.0,-3.69e+16,1700000000000000.0,gcmt,575_gcmt
C201211201623A,2012-11-20T16:23:29,-72.4,-33.99,18.9,5.4,mw,0.01,0.01,0.6,,16.0,20.0,100.0,185.0,71.0,87.0,1e+17,7099999999999999.0,-1.07e+17,-1.01e+16,-1.32e+17,-2.12e+16,gcmt,576_gcmt
C201211211816A,2012-11-21T18:16:41,-72.4,-33.93,27.9,5.2,mw,0.02,0.01,0.9,,19.0,24.0,118.0,169.0,69.0,79.0,5.93e+16,3400000000000000.0,-6.27e+16,1.89e+16,-6.4e+16,-5000000000000000.0,gcmt,577_gcmt
pde20121121213622740_18,2012-11-21T21:36:22,-71.868,-33.939,18.0,5.9,mww,,,,,170.0,55.0,90.0,350.0,35.0,90.0,,,,,,,anss,578_anss
C201211212136A,2012-11-21T21:36:26,-72.31,-34.05,21.2,5.9,mw,0.01,0.01,0.3,,6.0,20.0,106.0,169.0,70.0,84.0,5.08e+17,3.48e+16,-5.43e+17,1.3999999999999998e+17,-6.23e+17,2.63e+16,gcmt,578_gcmt
C201211212252A,2012-11-21T22:52:31,-72.49,-34.04,33.3,5.1,mw,0.04,0.03,1.1,,11.0,32.0,101.0,177.0,58.0,83.0,5.19e+16,670000000000000.0,-5.26e+16,5020000000000000.0,-2.62e+16,-3600000000000000.0,gcmt,579_gcmt
C201211252211A,2012-11-25T22:11:46,-78.37,-44.5,16.4,5.1,mw,0.02,0.01,1.0,,80.0,79.0,-172.0,349.0,82.0,-11.0,-1.6e+16,2.55e+16,-9500000000000000.0,-1220000000000000.0,-6620000000000000.0,-4.53e+16,gcmt,580_gcmt
C201212261317A,2012-12-26T13:17:58,-73.78,-37.41,24.8,5.4,mw,0.02,0.01,0.8,,4.0,17.0,92.0,182.0,73.0,89.0,8.06e+16,4500000000000000.0,-8.51e+16,-4300000000000000.0,-1.23e+17,-5000000000000000.0,gcmt,581_gcmt
pde20121226131757260_29,2012-12-26T13:17:59,-73.79,-37.41,20.0,5.2,mwb,,,6.6,,6.0,17.0,95.0,180.0,73.0,88.0,7.6e+16,9000000000000000.0,-8.5e+16,0.0,-1.16e+17,-5000000000000000.0,anss,581_anss
pde20121227003708830_14,2012-12-27T00:37:10,-73.52,-35.87,13.0,5.9,mww,,,9.6,,12.0,12.0,90.0,192.0,78.0,90.0,3.7e+17,-5.1e+16,-3.2e+17,-1.65e+17,-7.71e+17,-6e+16,anss,582_anss
C201212270037A,2012-12-27T00:37:12,-73.77,-35.89,12.0,5.8,mw,0.01,0.01,0.0,,14.0,16.0,94.0,190.0,74.0,89.0,3.22e+17,8699999999999998.0,-3.3e+17,-8.87e+16,-5.32e+17,-7.35e+16,gcmt,582_gcmt
C201301230247A,2013-01-23T02:47:44,-71.62,-31.82,30.2,5.1,mw,0.03,0.02,1.1,,336.0,25.0,71.0,176.0,66.0,99.0,4.78e+16,-3580000000000000.0,-4.42e+16,-1550000000000000.0,-4.37e+16,1.1200000000000002e+16,gcmt,583_gcmt
C201301230743A,2013-01-23T07:42:59,-79.68,-44.71,24.6,5.5,mw,0.01,0.01,0.7,,348.0,85.0,5.0,258.0,85.0,175.0,-2.23e+16,1e+17,-7.78e+16,-2.47e+16,1.6e+16,-1.99e+17,gcmt,584_gcmt
pde20130210195430000_46,2013-02-10T19:54:32,-72.13,-33.59,29.1,5.4,mwc,,,,,358.0,25.0,95.0,173.0,65.0,88.0,1.3e+17,-4000000000000000.0,-1.25e+17,1.6e+16,-1.05e+17,9000000000000000.0,anss,585_anss
C201302101954A,2013-02-10T19:54:32,-72.21,-33.58,30.9,5.4,mw,0.02,0.02,1.0,,6.0,24.0,100.0,176.0,66.0,86.0,1.43e+17,-1.07e+16,-1.32e+17,1.66e+16,-1.23e+17,-3300000000000000.0,gcmt,585_gcmt
C201302181000A,2013-02-18T10:00:13,-72.39,-34.05,17.1,5.4,mw,0.01,0.01,0.6,,5.0,18.0,95.0,180.0,72.0,89.0,1.02e+17,4900000000000000.0,-1.06e+17,500000000000000.0,-1.46e+17,-4900000000000000.0,gcmt,586_gcmt
b000fvhe,2013-03-29T07:30:58,-72.501,-35.37,11.0,5.420299280918848,mww,,,,,40.0,14.0,120.0,188.0,78.0,83.0,6.800000000000001e+16,-1.2e+16,-5.600000000000001e+16,-1.7000000000000002e+16,-1.5e+17,-2.7e+16,anss,587_anss
C201303290730A,2013-03-29T07:31:00,-73.28,-35.44,13.9,5.4,mw,0.01,0.01,0.6,,23.0,19.0,111.0,181.0,72.0,83.0,8.49e+16,1.3700000000000002e+16,-9.85e+16,1500000000000000.0,-1.27e+17,-2.1e+16,gcmt,587_gcmt
C201304130919A,2013-04-13T09:19:05,-76.3,-45.89,13.8,5.4,mw,0.01,0.01,1.0,,76.0,68.0,-178.0,346.0,88.0,-22.0,6200000000000000.0,5.87e+16,-6.48e+16,3700000000000000.0,-5.43e+16,-1.1399999999999998e+17,gcmt,588_gcmt
pde20130413091904880_10,2013-04-13T09:19:07,-76.33,-45.89,17.1,5.4,mwc,,,,,79.0,67.0,-167.0,344.0,78.0,-23.0,3000000000000000.0,6.6e+16,-6.8e+16,-3.2e+16,-8.2e+16,-1.27e+17,anss,588_anss
C201305211251A,2013-05-21T12:51:53,-77.04,-45.7,12.0,5.2,mw,0.02,0.01,0.0,,113.0,32.0,-118.0,326.0,62.0,-73.0,-5.649999999999999e+16,3.46e+16,2.19e+16,2.48e+16,-3.71e+16,-6.14e+16,gcmt,589_gcmt
C201306192129A,2013-06-19T21:29:13,-70.2,-32.74,114.8,5.2,mw,0.02,0.01,1.1,,190.0,45.0,-111.0,39.0,48.0,-70.0,-7.98e+16,5500000000000000.0,7.43e+16,-1.89e+16,3500000000000000.5,3.99e+16,gcmt,590_gcmt
pde20130619212911500_104,2013-06-19T21:29:14,-70.22,-32.76,115.4,5.3,mwb,,,4.0,,190.0,45.0,-110.0,38.0,48.0,-71.0,-8.12e+16,2800000000000000.0,7.84e+16,-1.82e+16,3100000000000000.0,4.25e+16,anss,590_anss
C201308301048A,2013-08-30T10:48:17,-70.74,-34.57,112.1,5.0,mw,0.03,0.01,3.1,,338.0,45.0,-18.0,81.0,77.0,-133.0,-8050000000000000.0,1.02e+16,-2120000000000000.0,-2.15e+16,-1.92e+16,-1.91e+16,gcmt,591_gcmt
C201309292306A,2013-09-29T23:07:02,-73.89,-37.53,20.3,5.3,mw,0.02,0.01,0.7,,4.0,20.0,92.0,182.0,70.0,89.0,7.42e+16,3500000000000000.5,-7.77e+16,-2800000000000000.0,-9.25e+16,-3900000000000000.0,gcmt,592_gcmt
C201309292323A,2013-09-29T23:23:20,-73.81,-37.57,21.7,5.5,mw,0.01,0.01,0.5,,358.0,20.0,86.0,182.0,70.0,91.0,1.72e+17,-1900000000000000.0,-1.7e+17,-9300000000000000.0,-1.98e+17,-200000000000000.0,gcmt,593_gcmt
C201310211817A,2013-10-21T18:17:21,-75.48,-38.04,13.3,5.0,mw,0.02,0.02,0.9,,201.0,38.0,-61.0,346.0,57.0,-111.0,-3.41e+16,-1770000000000000.0,3.59e+16,1.19e+16,-1.28e+16,2590000000000000.0,gcmt,594_gcmt
c000kr9e,2013-10-30T02:29:12,-72.958,-35.143,13.0,5.8,mww,,,4.4,,184.0,56.0,58.0,52.0,45.0,129.0,4.31e+17,-3.1e+16,-4e+17,1.49e+17,-1.93e+17,-2.74e+17,anss,595_anss
C201310300229A,2013-10-30T02:29:19,-73.36,-35.46,12.7,5.9,mw,0.01,0.01,0.4,,15.0,18.0,91.0,194.0,72.0,90.0,4.72e+17,2.6e+16,-4.98e+17,-1.77e+17,-6.96e+17,-1.48e+17,gcmt,595_gcmt
c000kr9k,2013-10-30T02:51:50,-73.298,-35.297,19.0,6.2,mww,,,3.9,,194.0,71.0,81.0,41.0,21.0,115.0,1.41e+18,-2.4e+17,-1.17e+18,-3.1e+17,-1.74e+18,-6.5e+17,anss,596_anss
C201310300251A,2013-10-30T02:51:57,-73.48,-35.43,12.0,6.3,mw,0.0,0.0,0.0,,19.0,17.0,92.0,196.0,73.0,89.0,1.61e+18,-4.3e+16,-1.57e+18,-7.11e+17,-2.44e+18,-5.32e+17,gcmt,596_gcmt
C201311071701A,2013-11-07T17:01:09,-74.25,-37.6,22.0,5.2,mw,0.03,0.03,1.2,,339.0,30.0,69.0,183.0,62.0,102.0,6.82e+16,-1.3700000000000002e+16,-5.45e+16,-1.4e+16,-4.03e+16,8970000000000000.0,gcmt,597_gcmt
C201311100201A,2013-11-10T02:02:02,-72.23,-33.37,29.1,5.2,mw,0.02,0.02,1.1,,18.0,24.0,98.0,189.0,67.0,87.0,4.89e+16,2710000000000000.0,-5.16e+16,-6700000000000000.0,-4.81e+16,-1.36e+16,gcmt,598_gcmt
C201311150619A,2013-11-15T06:19:17,-67.54,-32.72,34.6,5.1,mw,0.02,0.02,0.8,,208.0,41.0,103.0,10.0,50.0,79.0,4.94e+16,-2560000000000000.0,-4.68e+16,-4480000000000000.0,1.01e+16,-1.69e+16,gcmt,599_gcmt
b000kyrl,2013-11-15T06:19:18,-67.58,-32.8,32.8,5.1,mwc,,,3.2,0.068,212.0,46.0,99.0,20.0,44.0,81.0,3.94e+16,-3100000000000000.0,-3.63e+16,-3890000000000000.0,30000000000000.0,-2.14e+16,anss,599_anss
C201311290521A,2013-11-29T05:21:34,-72.44,-33.33,24.1,5.0,mw,0.03,0.02,1.2,,16.0,28.0,91.0,195.0,62.0,90.0,3.23e+16,-2270000000000000.0,-3e+16,-5240000000000000.0,-2.03e+16,-8100000000000002.0,gcmt,600_gcmt
C201312070923A,2013-12-07T09:23:56,-72.58,-33.88,19.9,5.0,mw,0.02,0.02,1.2,,14.0,17.0,92.0,192.0,73.0,89.0,2.62e+16,-1800000000000000.0,-2.44e+16,-8120000000000002.0,-3.82e+16,-5590000000000001.0,gcmt,601_gcmt
C201312100051A,2013-12-10T00:51:31,-69.29,-31.39,117.3,5.1,mw,0.02,0.01,1.4,,202.0,45.0,-117.0,57.0,51.0,-66.0,-4.87e+16,1.88e+16,2.9900000000000004e+16,-1.55e+16,6380000000000000.0,3.04e+16,gcmt,602_gcmt
C201401071206A,2014-01-07T12:06:10,-79.9,-44.7,24.4,5.1,mw,0.02,0.01,0.9,,256.0,81.0,176.0,347.0,86.0,9.0,-1530000000000000.0,3.07e+16,-2.92e+16,-7340000000000000.0,9410000000000000.0,-5.76e+16,gcmt,603_gcmt
C201401150838A,2014-01-15T08:38:14,-68.25,-31.27,123.4,5.2,mw,0.02,0.01,1.6,,182.0,74.0,-173.0,90.0,83.0,-16.0,-3.61e+16,2.38e+16,1.23e+16,-1.64e+16,-4510000000000000.0,7.95e+16,gcmt,604_gcmt
C201402170034A,2014-02-17T00:34:37,-72.06,-31.65,29.6,5.0,mw,0.03,0.02,1.0,,25.0,30.0,116.0,175.0,63.0,76.0,3.97e+16,-5970000000000000.0,-3.37e+16,9910000000000000.0,-2.64e+16,-6950000000000000.0,gcmt,605_gcmt
C201403021012A,2014-03-02T10:12:24,-76.95,-45.56,18.0,5.3,mw,0.04,0.04,1.7,,170.0,33.0,-47.0,302.0,67.0,-114.0,-1e+17,2.24e+16,7.76e+16,9.52e+16,-1.01e+16,-3.17e+16,gcmt,606_gcmt
C201403021114A,2014-03-02T11:14:40,-76.89,-46.15,15.3,5.2,mw,0.03,0.04,1.7,,6.0,49.0,-50.0,134.0,55.0,-127.0,-5.8e+16,420000000000000.0,5.76e+16,-4.17e+16,-8380000000000000.0,-2.27e+16,gcmt,607_gcmt
C201403021618A,2014-03-02T16:18:32,-76.93,-45.78,21.0,5.0,mw,0.03,0.03,1.0,,160.0,33.0,-86.0,336.0,57.0,-93.0,-3.78e+16,4540000000000000.0,3.33e+16,8030000000000000.0,-1.55e+16,-1.3799999999999998e+16,gcmt,608_gcmt
b000mzjs,2014-03-02T17:03:43,-77.0,-45.94,12.0,5.4,mwc,,,1.8,,343.0,53.0,-90.0,164.0,37.0,-90.0,-1.27e+17,1.6e+16,1.11e+17,1.06e+16,-3.47e+16,-3.08e+16,anss,609_anss
C201403021703A,2014-03-02T17:03:43,-76.96,-45.81,12.0,5.4,mw,0.01,0.01,0.0,,177.0,32.0,-64.0,328.0,61.0,-105.0,-1.18e+17,9800000000000000.0,1.09e+17,5.649999999999999e+16,-4.99e+16,-3.34e+16,gcmt,609_gcmt
C201403030317A,2014-03-03T03:17:50,-72.11,-33.21,22.0,5.2,mw,0.02,0.01,0.7,,2.0,24.0,96.0,176.0,67.0,87.0,6.969999999999999e+16,-5500000000000000.0,-6.42e+16,6700000000000000.0,-6.21e+16,600000000000000.0,gcmt,610_gcmt
C201403041051A,2014-03-04T10:51:19,-72.16,-33.63,23.4,5.8,mw,0.01,0.01,0.4,,15.0,22.0,104.0,180.0,68.0,84.0,4.08e+17,1.22e+16,-4.2e+17,1.86e+16,-4.4000000000000006e+17,-5.629999999999999e+16,gcmt,611_gcmt
b000n0mp,2014-03-04T10:51:21,-71.95,-33.6,23.5,5.7,mww,,,1.7,,178.0,77.0,79.0,39.0,17.0,130.0,2.35e+17,-2.04e+16,-2.145e+17,4.83e+16,-4.655e+17,-8.71e+16,anss,611_anss
C201403060437A,2014-03-06T04:37:08,-71.42,-33.31,85.4,5.4,mw,0.01,0.01,1.2,,75.0,61.0,11.0,340.0,81.0,150.0,4.53e+16,-9.88e+16,5.35e+16,-2.13e+16,6.57e+16,1.2e+17,gcmt,612_gcmt
c000nchd,2014-03-15T14:46:31,-71.62,-34.83,45.5,5.1,mww,,,4.0,,175.0,50.0,83.0,6.0,40.0,98.0,6.236e+16,2690000000000000.0,-6.505e+16,5690000000000000.0,-1.127e+16,-660000000000000.0,anss,613_anss
C201403151446A,2014-03-15T14:46:33,-71.86,-34.8,47.5,5.2,mw,0.02,0.01,1.2,,22.0,24.0,115.0,175.0,69.0,79.0,5.14e+16,-1550000000000000.0,-4.980000000000001e+16,1.05e+16,-5.28e+16,-8520000000000000.0,gcmt,613_gcmt
c000p4ng,2014-04-04T09:52:12,-70.74,-31.39,90.5,5.4,mww,,,3.4,,74.0,89.0,-21.0,165.0,69.0,-179.0,2500000000000000.0,-7.01e+16,6.76e+16,-5.05e+16,-9500000000000000.0,1.14e+17,anss,614_anss
C201404040952A,2014-04-04T09:52:14,-70.54,-31.45,116.4,5.4,mw,0.01,0.01,1.0,,167.0,66.0,169.0,262.0,80.0,24.0,3.3600000000000004e+16,-7.78e+16,4.42e+16,-6.48e+16,-3.32e+16,1.54e+17,gcmt,614_gcmt
c000p66r,2014-04-05T02:22:42,-71.78,-32.79,42.3,5.6,mwc,,,3.9,0.059,193.0,64.0,96.0,358.0,27.0,77.0,2.14e+17,4.1e+16,-2.55e+17,-4.73e+16,-1.72e+17,-3.38e+16,anss,615_anss
C201404050222A,2014-04-05T02:22:42,-71.71,-32.74,42.4,5.6,mw,0.01,0.01,0.6,,359.0,28.0,78.0,193.0,63.0,96.0,2.32e+17,2.55e+16,-2.57e+17,-4.95e+16,-1.65e+17,-3.3600000000000004e+16,gcmt,615_gcmt
C201404301800A,2014-04-30T18:01:00,-71.93,-32.66,39.8,5.2,mw,0.02,0.01,0.8,,358.0,29.0,88.0,180.0,61.0,91.0,6.750000000000001e+16,4000000000000000.0,-7.15e+16,-600000000000000.0,-4.37e+16,1200000000000000.0,gcmt,616_gcmt
C201405270904A,2014-05-27T09:04:10,-74.0,-36.02,15.0,5.3,mw,0.01,0.01,0.0,,19.0,13.0,98.0,191.0,77.0,88.0,4.59e+16,-1700000000000000.0,-4.42e+16,-1.62e+16,-9.1e+16,-1.2e+16,gcmt,617_gcmt
b000r53z,2014-05-27T09:04:16,-73.57,-36.14,11.5,5.1,mww,,,2.3,,181.0,68.0,83.0,18.0,22.0,106.0,4.119e+16,-1480000000000000.0,-3.971e+16,1590000000000000.0,-4.329e+16,-7130000000000000.0,anss,617_anss
C201405302206A,2014-05-30T22:06:20,-72.42,-33.47,31.2,5.1,mw,0.03,0.03,1.0,,359.0,30.0,84.0,186.0,60.0,93.0,4.26e+16,-2380000000000000.0,-4.019999999999999e+16,-4100000000000000.0,-2.32e+16,-1570000000000000.0,gcmt,618_gcmt
b000s1ci,2014-08-08T04:10:16,-72.08,-33.86,25.5,5.2,mww,,,2.4,,170.0,58.0,75.0,16.0,35.0,111.0,5.868e+16,3540000000000000.0,-6.222e+16,1.336e+16,-2.577e+16,-3540000000000000.0,anss,619_anss
C201408080410A,2014-08-08T04:10:21,-72.27,-33.64,24.2,5.3,mw,0.01,0.01,0.6,,5.0,27.0,87.0,189.0,63.0,92.0,7.84e+16,-3000000000000000.0,-7.54e+16,-9700000000000000.0,-5.530000000000001e+16,-9000000000000000.0,gcmt,619_gcmt
C201408232232A,2014-08-23T22:32:29,-71.74,-32.76,42.0,6.4,mw,0.0,0.0,0.2,,5.0,26.0,92.0,183.0,64.0,89.0,4.070000000000001e+18,3.16e+17,-4.39e+18,-1.8e+17,-3.4e+18,-3.6e+17,gcmt,620_gcmt
b000s5rc,2014-08-23T22:32:32,-71.27,-32.8,45.5,6.4,mww,4.9,4.9,1.7,,183.0,69.0,92.0,359.0,21.0,86.0,3.729e+18,5.8e+16,-3.787e+18,-3.07e+17,-4.096e+18,-9.5e+16,anss,620_anss
b000sfgp,2014-09-24T06:34:39,-73.38,-34.39,11.5,5.0,mww,4.8,4.8,1.7,,2.0,72.0,-92.0,190.0,18.0,-83.0,-2.176e+16,-390000000000000.0,2.215e+16,-770000000000000.0,-2.966e+16,2350000000000000.0,anss,621_anss
b000sguw,2014-09-28T08:46:35,-73.24,-35.62,23.5,5.2,mww,4.5,4.5,1.7,,190.0,60.0,96.0,358.0,30.0,80.0,7.684e+16,-1450000000000000.0,-7.539e+16,-1.244e+16,-4.337e+16,-5030000000000000.0,anss,622_anss
C201409280846A,2014-09-28T08:46:36,-73.38,-35.63,20.3,5.3,mw,0.02,0.01,0.8,,21.0,19.0,106.0,185.0,72.0,85.0,6.12e+16,100000000000000.0,-6.14e+16,-4100000000000000.0,-8.33e+16,-1.47e+16,gcmt,622_gcmt
b000slyx,2014-10-14T09:16:42,-72.0946,-33.7109,25.0,5.0,mwr,5.3,5.3,3.1,0.055,9.62,24.27,102.45,176.01,66.33,84.45,2.7721e+16,-2121000000000000.0,-2.56e+16,3431000000000000.0,-2.4272e+16,-1451000000000000.0,anss,623_anss
b000sq7s,2014-10-23T23:38:52,-72.3058,-34.0121,20.0,5.0,mwr,4.2,4.2,3.1,0.048,37.05,3.58,134.15,172.84,87.43,87.5,8306000000000000.0,-8221000000000000.0,-85000000000000.0,6071000000000000.0,-4.3009e+16,-2971000000000000.0,anss,624_anss
C201410232338A,2014-10-23T23:38:57,-72.39,-34.02,17.2,5.2,mw,0.02,0.01,0.9,,3.0,13.0,97.0,176.0,77.0,88.0,4.35e+16,-2300000000000000.0,-4.12e+16,6400000000000000.0,-8.41e+16,200000000000000.0,gcmt,624_gcmt
C201410251705A,2014-10-25T17:05:20,-72.58,-33.89,30.4,5.0,mw,0.03,0.02,1.0,,29.0,27.0,112.0,184.0,65.0,79.0,3.35e+16,-8190000000000000.0,-2.53e+16,3230000000000000.0,-2.55e+16,-7300000000000000.0,gcmt,625_gcmt
C201501180359A,2015-01-18T03:59:58,-71.9,-33.13,25.0,5.2,mw,0.02,0.02,0.0,,18.0,17.0,128.0,158.0,77.0,80.0,3.11e+16,970000000000000.0,-3.2e+16,2.58e+16,-5.47e+16,-640000000000000.0,gcmt,626_gcmt
C201501270527A,2015-01-27T05:27:51,-73.83,-36.84,28.8,5.0,mw,0.04,0.02,1.4,,10.0,21.0,90.0,190.0,69.0,90.0,2.53e+16,-2650000000000000.0,-2.26e+16,-4900000000000000.0,-2.7e+16,-3730000000000000.0,gcmt,627_gcmt
C201502021049A,2015-02-02T10:49:52,-67.14,-32.77,176.8,6.3,mw,0.0,0.0,0.3,,304.0,4.0,-13.0,47.0,89.0,-94.0,5.88e+17,-1.6e+16,-5.72e+17,-2.4e+18,-2.07e+18,1.07e+18,gcmt,628_gcmt
C201502171435A,2015-02-17T14:36:00,-70.86,-32.33,102.2,5.4,mw,0.01,0.01,1.3,,339.0,80.0,170.0,70.0,80.0,10.0,4200000000000001.0,-9.74e+16,9.33e+16,1.51e+16,3.29e+16,1.09e+17,gcmt,629_gcmt
b000tq1p,2015-02-17T14:36:01,-70.42,-32.38,60.5,5.4,mww,5.2,5.2,3.7,,149.0,82.0,169.0,241.0,79.0,8.0,2.71e+16,-1.372e+17,1.101e+17,400000000000000.0,-2.56e+16,7.18e+16,anss,629_anss
c000tv3t,2015-03-05T02:08:49,-72.5649,-34.2307,9.0,5.0,mwr,6.0,6.0,4.0,0.065,0.16,87.85,-73.13,97.22,17.0,-172.63,-4967000000000000.0,5602000000000000.0,-635000000000000.0,-3179000000000000.0,-3.3867e+16,-1.02e+16,anss,630_anss
C201503050208A,2015-03-05T02:08:55,-72.74,-34.17,25.2,5.0,mw,0.03,0.02,2.2,,83.0,31.0,175.0,177.0,88.0,60.0,2160000000000000.0,6630000000000000.0,-8790000000000000.0,-2080000000000000.0,-3.59e+16,-2.07e+16,gcmt,630_gcmt
C201503061039A,2015-03-06T10:39:50,-78.91,-44.52,14.3,5.0,mw,0.02,0.01,1.6,,77.0,74.0,-172.0,345.0,82.0,-16.0,-1680000000000000.0,2.06e+16,-1.89e+16,-2990000000000000.0,-1.36e+16,-3.74e+16,gcmt,631_gcmt
C201503131916A,2015-03-13T19:16:08,-73.51,-44.79,25.4,5.0,mw,0.04,0.02,1.6,,99.0,61.0,4.0,7.0,86.0,151.0,-2270000000000000.0,8810000000000000.0,-6540000000000000.0,8580000000000000.0,1.6200000000000002e+16,2.93e+16,gcmt,632_gcmt
C201503181827A,2015-03-18T18:27:35,-73.9,-36.16,12.0,6.1,mw,0.0,0.0,0.0,,9.0,17.0,87.0,192.0,73.0,91.0,1.02e+18,6.2e+16,-1.08e+18,-3.43e+17,-1.57e+18,-2.27e+17,gcmt,633_gcmt
10001nj1,2015-03-18T18:27:38,-73.87,-36.1,11.5,6.2,mww,6.3,6.3,1.7,,189.0,76.0,87.0,19.0,14.0,100.0,1.265e+18,8.8e+16,-1.352e+18,-3.9e+17,-2.475e+18,-3.75e+17,anss,633_anss
C201503181907A,2015-03-18T19:07:54,-74.06,-36.09,14.7,5.4,mw,0.01,0.01,0.8,,2.0,22.0,82.0,190.0,68.0,93.0,1.07e+17,5200000000000000.0,-1.1200000000000002e+17,-2.34e+16,-1.1200000000000002e+17,-1.32e+16,gcmt,634_gcmt
10001njq,2015-03-18T19:07:55,-73.98,-36.16,17.5,5.4,mww,3.5,3.5,1.8,,182.0,71.0,87.0,11.0,19.0,99.0,1.173e+17,-3200000000000000.0,-1.141e+17,-1800000000000000.0,-1.472e+17,-1.32e+16,anss,634_anss
10001np8,2015-03-19T01:33:19,-73.33,-36.11,11.5,5.0,mww,4.9,4.9,1.0,,194.0,82.0,91.0,5.0,8.0,81.0,9170000000000000.0,2820000000000000.0,-1.199e+16,-9680000000000000.0,-3.878e+16,-2950000000000000.0,anss,635_anss
C201503190834A,2015-03-19T08:34:22,-74.01,-36.17,14.2,5.0,mw,0.01,0.02,0.9,,359.0,25.0,83.0,187.0,65.0,93.0,3.18e+16,1630000000000000.0,-3.35e+16,-4130000000000000.0,-2.65e+16,-2090000000000000.0,gcmt,636_gcmt
10001nrg,2015-03-19T08:34:25,-73.91,-36.05,11.5,5.2,mww,3.8,3.8,3.5,,193.0,78.0,95.0,349.0,13.0,67.0,2.925e+16,5050000000000000.0,-3.43e+16,-1.632e+16,-6.558e+16,-1860000000000000.0,anss,636_anss
C201506021032A,2015-06-02T10:32:50,-72.6,-33.84,22.0,5.1,mw,0.02,0.02,0.9,,27.0,26.0,107.0,188.0,66.0,82.0,4.38e+16,290000000000000.0,-4.41e+16,-2940000000000000.0,-3.99e+16,-1.47e+16,gcmt,637_gcmt
C201506200210A,2015-06-20T02:10:13,-74.1,-36.35,12.0,6.4,mw,0.0,0.0,0.0,,9.0,18.0,84.0,196.0,72.0,92.0,2.94e+18,5.8e+16,-3e+18,-1.19e+18,-4.1e+18,-7.13e+17,gcmt,638_gcmt
10002ke8,2015-06-20T02:10:13,-73.69,-36.43,11.5,6.4,mww,7.1,7.1,1.7,,187.0,80.0,83.0,40.0,12.0,123.0,1.963e+18,-3.3e+17,-1.634e+18,-4.35e+17,-5.009e+18,-7.87e+17,anss,638_anss
C201506200522A,2015-06-20T05:22:22,-74.1,-36.47,12.0,5.4,mw,0.01,0.02,0.0,,11.0,18.0,93.0,188.0,72.0,89.0,9.46e+16,2200000000000000.0,-9.68e+16,-1.6800000000000002e+16,-1.29e+17,-1.67e+16,gcmt,639_gcmt
10002kfc,2015-06-20T05:22:35,-73.6,-36.48,25.5,5.5,mww,8.3,8.3,3.5,,160.0,72.0,71.0,28.0,26.0,135.0,1.099e+17,2.92e+16,-1.391e+17,6.93e+16,-1.367e+17,-1e+16,anss,639_anss
C201507171111A,2015-07-17T11:11:26,-73.42,-35.57,21.5,5.3,mw,0.02,0.01,0.9,,24.0,19.0,109.0,184.0,72.0,83.0,6.760000000000001e+16,3900000000000000.0,-7.16e+16,-3599999999999999.5,-9.52e+16,-1.89e+16,gcmt,640_gcmt
20002y48,2015-07-17T11:11:27,-73.31,-35.41,23.5,5.2,mww,5.7,5.7,1.7,,192.0,77.0,94.0,356.0,13.0,74.0,3.255e+16,1.33e+16,-4.586e+16,-1.748e+16,-8.006e+16,-7010000000000000.0,anss,640_anss
C201507200947A,2015-07-20T09:47:44,-74.45,-35.81,17.5,5.1,mw,0.01,0.02,0.6,,16.0,43.0,-97.0,205.0,47.0,-84.0,-5.35e+16,7210000000000000.0,4.62e+16,5180000000000000.0,1540000000000000.0,1.67e+16,gcmt,641_gcmt
100031b7,2015-08-12T00:14:42,-71.66,-31.8,40.5,5.5,mww,5.1,5.1,1.8,,176.0,63.0,95.0,344.0,27.0,80.0,1.608e+17,-1.13e+16,-1.495e+17,-1100000000000000.0,-1.141e+17,2.6e+16,anss,642_anss
C201508120014A,2015-08-12T00:14:44,-71.79,-31.84,38.0,5.5,mw,0.01,0.01,0.5,,345.0,27.0,83.0,172.0,63.0,93.0,1.78e+17,6900000000000001.0,-1.84e+17,1.24e+16,-1.31e+17,3.89e+16,gcmt,642_gcmt
C201509162254A,2015-09-16T22:55:22,-72.09,-31.13,17.4,8.3,mw,0.01,0.01,0.4,,7.0,19.0,109.0,166.0,72.0,83.0,1.95e+21,-4.4e+19,-1.91e+21,7.42e+20,-2.48e+21,9.4e+19,gcmt,643_gcmt
20003k7a,2015-09-16T22:55:23,-71.77,-31.38,25.5,8.3,mww,4.7,4.7,3.2,,180.0,71.0,92.0,353.0,19.0,83.0,1.915e+21,3.5e+19,-1.949e+21,-3.6e+19,-2.536e+21,1.19e+20,anss,643_anss
S201509162318A,2015-09-16T23:18:52,-71.95,-31.79,35.7,7.1,mw,0.02,0.02,0.8,,349.0,30.0,87.0,173.0,60.0,92.0,5.13e+19,-6.37e+18,-4.49e+19,2.65e+18,-2.85e+19,6.41e+18,gcmt,644_gcmt
20003k7w,2015-09-16T23:18:57,-71.42,-31.49,35.5,7.0,mww,4.3,4.3,3.0,,180.0,54.0,93.0,355.0,36.0,86.0,3.363e+19,-1.43e+18,-3.22e+19,-1.13e+18,-1.045e+19,1.17e+18,anss,644_anss
20003kc5,2015-09-17T01:33:03,-72.0478,-31.7273,9.0,5.8,mwr,2.3,2.3,2.9,0.049,183.43,85.34,97.36,305.6,8.71,32.47,5.703e+16,7.115e+16,-1.2817e+17,-2.543e+16,-5.3474e+17,5.939e+16,anss,645_anss
20003kcn,2015-09-17T01:41:15,-71.72,-31.15,45.5,6.4,mww,5.3,5.3,3.8,,172.0,55.0,92.0,348.0,35.0,86.0,5.179e+18,8000000000000000.0,-5.186e+18,1.45e+17,-1.957e+18,9.59e+17,anss,646_anss
20003kfv,2015-09-17T04:10:35,-71.89,-31.53,35.5,6.7,mww,4.2,4.2,1.7,,172.0,62.0,89.0,353.0,28.0,91.0,1.023e+19,-6.4e+17,-9.59e+18,9.9e+17,-6.69e+18,1.13e+18,anss,647_anss
C201509170410A,2015-09-17T04:10:36,-71.94,-31.65,36.6,6.8,mw,0.01,0.01,0.4,,355.0,30.0,94.0,170.0,60.0,88.0,1.61e+19,-2.44e+18,-1.3700000000000002e+19,1.95e+18,-8.65e+18,1.47e+18,gcmt,647_gcmt
20003kgi,2015-09-17T04:26:39,-71.9812,-31.4382,23.0,5.5,mwr,5.1,5.1,3.1,0.048,0.85,29.46,68.89,204.76,62.69,101.5,1.7711e+17,-1360000000000000.0,-1.7574e+17,-7.109e+16,-1.0561e+17,-4.174e+16,anss,648_anss
20003khn,2015-09-17T05:44:38,-72.1634,-31.8004,21.0,5.5,mwr,5.2,5.2,1.7,0.048,29.85,36.5,117.9,176.47,58.29,70.9,1.8024e+17,1530000000000000.0,-1.8178e+17,4.396e+16,-8.693e+16,-4.631e+16,anss,649_anss
20003kkt,2015-09-17T12:09:44,-72.2117,-32.1351,19.0,5.3,mwr,2.6,2.6,3.4,0.054,344.13,30.78,76.35,179.91,60.18,98.0,1.0129e+17,5910000000000000.0,-1.072e+17,-7250000000000000.0,-6.098e+16,1.553e+16,anss,650_anss
20003kkw,2015-09-17T12:14:44,-72.37,-32.24,13.5,5.9,mww,5.7,5.7,1.8,,166.0,78.0,91.0,341.0,12.0,85.0,4.131e+17,-4.16e+16,-3.714e+17,2.139e+17,-8.593e+17,1.093e+17,anss,651_anss
C201509171214A,2015-09-17T12:14:45,-72.41,-32.27,22.3,5.9,mw,0.01,0.02,0.7,,351.0,26.0,90.0,172.0,64.0,90.0,6.44e+17,-1.05e+17,-5.39e+17,7.07e+16,-4.76e+17,6.67e+16,gcmt,651_gcmt
20003kl4,2015-09-17T13:32:34,-72.11,-32.23,19.5,5.9,mww,9.7,9.7,1.8,,182.0,75.0,88.0,11.0,15.0,99.0,4.744e+17,-1.269e+17,-3.475e+17,-7900000000000000.0,-7.463e+17,-3.77e+16,anss,652_anss
C201509171332A,2015-09-17T13:32:34,-72.28,-32.23,17.5,5.9,mw,0.01,0.01,0.5,,357.0,22.0,87.0,181.0,68.0,91.0,6.98e+17,-3.1e+16,-6.67e+17,-2.1e+16,-7.01e+17,1.1e+16,gcmt,652_gcmt
20150917223920,2015-09-17T22:39:22,-71.96,-31.12,38.5,5.1,mwc,1.2,1.2,3.8,,237.0,23.0,-52.0,17.0,72.0,-105.0,-3.5e+16,1.81e+16,1.68e+16,-4060000000000000.0,-4.12e+16,1.32e+16,anss,653_anss
C201509172239A,2015-09-17T22:39:22,-71.96,-31.12,38.5,5.1,mw,0.03,0.02,1.5,,237.0,23.0,-52.0,17.0,72.0,-105.0,-3.5e+16,1.81e+16,1.68e+16,-4060000000000001.0,-4.12e+16,1.32e+16,gcmt,653_gcmt
20150918031540,2015-09-18T03:15:44,-71.76,-31.44,40.7,5.0,mwc,5.5,5.5,3.9,0.043,3.0,37.0,100.0,171.0,53.0,83.0,4.06e+16,-970000000000000.0,-3.96e+16,5140000000000000.0,-1.14e+16,1750000000000000.0,anss,654_anss
C201509180315A,2015-09-18T03:15:44,-71.76,-31.44,40.7,5.0,mw,0.04,0.03,1.2,,3.0,37.0,100.0,171.0,53.0,83.0,4.06e+16,-970000000000000.0,-3.96e+16,5140000000000000.0,-1.14e+16,1750000000000000.0,gcmt,654_gcmt
C201509180332A,2015-09-18T03:32:22,-72.28,-31.85,27.7,5.2,mw,0.03,0.02,1.1,,356.0,22.0,92.0,174.0,68.0,89.0,4.71e+16,-2230000000000000.0,-4.49e+16,5070000000000000.0,-4.85e+16,3570000000000000.0,gcmt,655_gcmt
20150918033217,2015-09-18T03:32:22,-72.28,-31.85,27.7,5.2,mwc,4.9,4.9,3.0,0.041,356.0,22.0,92.0,174.0,68.0,89.0,4.71e+16,-2230000000000000.0,-4.49e+16,5070000000000000.0,-4.85e+16,3570000000000000.0,anss,655_anss
20003l3e,2015-09-18T04:24:05,-72.08,-31.36,11.5,5.0,mww,2.1,2.1,2.7,,343.0,88.0,-110.0,249.0,20.0,-4.0,-4590000000000000.0,-1050000000000000.0,5650000000000000.0,1.413e+16,-3.226e+16,1.32e+16,anss,656_anss
C201509180429A,2015-09-18T04:29:08,-71.99,-31.59,34.6,5.1,mw,0.03,0.03,0.8,,5.0,41.0,90.0,185.0,49.0,90.0,5.24e+16,-9200000000000000.0,-4.32e+16,-450000000000000.0,-6370000000000000.0,-3060000000000000.0,gcmt,657_gcmt
C201509180818A,2015-09-18T08:18:22,-72.6,-32.32,12.0,5.5,mw,0.01,0.01,0.0,,348.0,20.0,85.0,173.0,70.0,92.0,1.26e+17,-8000000000000000.0,-1.18e+17,1.49e+16,-1.45e+17,1.94e+16,gcmt,658_gcmt
20003l55,2015-09-18T08:18:24,-72.48,-32.22,15.5,5.6,mww,5.3,5.3,1.8,,170.0,76.0,89.0,352.0,13.0,92.0,1.433e+17,-9100000000000000.0,-1.342e+17,4.82e+16,-2.714e+17,1.99e+16,anss,658_anss
20003l5d,2015-09-18T09:10:52,-72.23,-32.41,17.5,6.2,mww,4.4,4.4,1.7,,170.0,74.0,92.0,345.0,16.0,85.0,1.477e+18,-3.2e+16,-1.445e+18,3.8e+17,-2.355e+18,3.26e+17,anss,659_anss
C201509180910A,2015-09-18T09:10:52,-72.3,-32.31,13.4,6.1,mw,0.0,0.01,0.2,,347.0,24.0,81.0,177.0,67.0,94.0,1.26e+18,4.3e+16,-1.3e+18,1.5e+16,-1.21e+18,1.81e+17,gcmt,659_gcmt
20003lsq,2015-09-19T09:07:11,-71.73,-31.11,35.5,5.7,mww,4.7,4.7,1.7,,173.0,59.0,81.0,9.0,32.0,104.0,4.58e+17,5400000000000000.0,-4.633e+17,6.92e+16,-2.3e+17,-1.02e+16,anss,660_anss
C201509190907A,2015-09-19T09:07:13,-71.86,-31.2,36.7,5.8,mw,0.01,0.01,0.3,,353.0,29.0,92.0,171.0,61.0,89.0,4.95e+17,1.51e+16,-5.11e+17,5.41e+16,-3.12e+17,7.63e+16,gcmt,660_gcmt
20003luw,2015-09-19T12:52:26,-71.97,-32.23,23.5,6.2,mww,4.9,4.9,1.8,,178.0,68.0,88.0,4.0,22.0,96.0,1.835e+18,-8.2e+16,-1.753e+18,1.02e+17,-1.918e+18,-4.3e+16,anss,661_anss
C201509191252A,2015-09-19T12:52:26,-72.05,-32.34,19.7,6.2,mw,0.0,0.0,0.2,,6.0,23.0,98.0,178.0,67.0,87.0,1.87e+18,6.4e+16,-1.94e+18,1.28e+17,-1.86e+18,-6.6e+16,gcmt,661_gcmt
C201509191813A,2015-09-19T18:13:19,-72.14,-31.41,38.2,5.0,mw,0.04,0.03,1.1,,6.0,31.0,97.0,179.0,59.0,86.0,3.22e+16,-940000000000000.0,-3.12e+16,1800000000000000.0,-1.74e+16,-1350000000000000.0,gcmt,662_gcmt
20150919181314,2015-09-19T18:13:19,-72.14,-31.41,38.2,5.0,mwc,5.6,5.6,3.5,,6.0,31.0,97.0,179.0,59.0,86.0,3.22e+16,-940000000000000.0,-3.12e+16,1800000000000000.0,-1.74e+16,-1350000000000000.0,anss,662_anss
20150920030201,2015-09-20T03:02:01,-71.47,-31.02,49.7,5.1,mwc,5.8,5.8,3.8,0.043,340.0,33.0,75.0,178.0,58.0,100.0,5.42e+16,1560000000000000.0,-5.58e+16,-3880000000000000.0,-2.73e+16,1.14e+16,anss,663_anss
C201509200302A,2015-09-20T03:02:02,-71.47,-31.02,49.7,5.1,mw,0.02,0.01,0.9,,340.0,33.0,75.0,178.0,58.0,100.0,5.42e+16,1560000000000000.0,-5.58e+16,-3880000000000000.0,-2.73e+16,1.14e+16,gcmt,663_gcmt
C201509200607A,2015-09-20T06:07:06,-72.18,-31.79,23.1,5.2,mw,0.01,0.01,0.5,,350.0,27.0,83.0,178.0,63.0,94.0,6.32e+16,-1270000000000000.0,-6.19e+16,-390000000000000.0,-4.519999999999999e+16,6680000000000000.0,gcmt,664_gcmt
20003m40,2015-09-20T06:07:08,-72.0,-31.69,13.5,5.1,mww,3.6,3.6,3.6,,176.0,73.0,88.0,3.0,17.0,96.0,3.288e+16,5920000000000000.0,-3.88e+16,3620000000000000.0,-5.431e+16,540000000000000.0,anss,664_anss
20003mcj,2015-09-21T05:39:37,-71.83,-31.59,40.5,6.1,mww,3.8,3.8,1.7,,168.0,58.0,81.0,6.0,33.0,104.0,1.58e+18,6.1e+16,-1.641e+18,3e+17,-7.19e+17,8.9e+16,anss,665_anss
C201509210539A,2015-09-21T05:39:39,-71.84,-31.66,37.6,6.1,mw,0.0,0.0,0.2,,2.0,28.0,101.0,170.0,63.0,84.0,1.41e+18,6.900000000000001e+16,-1.48e+18,2.52e+17,-1.01e+18,1.11e+17,gcmt,665_gcmt
20003mgp,2015-09-21T15:37:10,-71.8,-31.03,23.5,5.4,mww,4.2,4.2,3.2,,176.0,70.0,89.0,358.0,20.0,92.0,1.118e+17,800000000000000.0,-1.127e+17,9000000000000000.0,-1.364e+17,5100000000000000.0,anss,666_anss
C201509211537A,2015-09-21T15:37:12,-71.95,-31.17,31.0,5.5,mw,0.01,0.01,0.5,,353.0,24.0,90.0,172.0,66.0,90.0,1.41e+17,8900000000000000.0,-1.5e+17,1.86e+16,-1.34e+17,2.15e+16,gcmt,666_gcmt
C201509211739A,2015-09-21T17:40:06,-71.81,-31.77,39.0,6.6,mw,0.0,0.0,0.2,,1.0,28.0,92.0,178.0,62.0,89.0,7.85e+18,1.8e+17,-8.03e+18,2.4e+17,-5.42e+18,3e+16,gcmt,667_gcmt
20003mi0,2015-09-21T17:40:08,-71.87,-31.84,35.5,6.6,mww,6.0,6.0,1.8,,171.0,62.0,82.0,9.0,29.0,105.0,7.063e+18,6.47e+17,-7.71e+18,1.246e+18,-4.836e+18,3.8e+16,anss,667_anss
C201509211836A,2015-09-21T18:36:57,-72.02,-31.14,38.8,5.8,mw,0.04,0.03,1.2,,347.0,32.0,87.0,171.0,58.0,92.0,5.86e+17,-8.55e+16,-5e+17,3e+16,-2.66e+17,8.43e+16,gcmt,668_gcmt
20003mis,2015-09-21T18:36:59,-71.7,-31.05,35.5,5.5,mww,5.6,5.6,3.1,,176.0,62.0,88.0,1.0,28.0,94.0,1.985e+17,-1.32e+16,-1.853e+17,1.38e+16,-1.278e+17,4000000000000000.0,anss,668_anss
20003mjn,2015-09-21T19:56:07,-72.01,-31.67,25.5,5.6,mww,3.9,3.9,3.1,,162.0,75.0,87.0,355.0,15.0,102.0,1.51e+17,1.93e+16,-1.703e+17,8.93e+16,-2.736e+17,4.42e+16,anss,669_anss
C201509211956A,2015-09-21T19:56:13,-71.87,-31.94,42.2,5.7,mw,0.02,0.01,0.7,,345.0,30.0,93.0,162.0,60.0,88.0,4.34e+17,-4.63e+16,-3.88e+17,8.67e+16,-2.32e+17,1.1100000000000002e+17,gcmt,669_gcmt
C201509220712A,2015-09-22T07:13:04,-71.39,-31.58,64.5,6.1,mw,0.01,0.0,0.4,,0.0,28.0,103.0,165.0,63.0,83.0,1.15e+18,1.4199999999999998e+17,-1.29e+18,2.7900000000000003e+17,-8.27e+17,2.03e+17,gcmt,670_gcmt
20003msd,2015-09-22T07:13:05,-71.2,-31.48,50.5,6.0,mww,5.2,5.2,1.8,,171.0,65.0,80.0,14.0,27.0,111.0,1.133e+18,-7000000000000000.0,-1.127e+18,2.64e+17,-9.11e+17,-6.1e+16,anss,670_anss
20003nam,2015-09-23T11:32:40,-72.29,-31.63,23.5,5.0,mww,6.0,6.0,1.8,,179.0,56.0,94.0,352.0,34.0,84.0,3.195e+16,2290000000000000.0,-3.424e+16,-1090000000000000.0,-1.34e+16,2530000000000000.0,anss,671_anss
C201509231132A,2015-09-23T11:32:47,-72.03,-31.67,29.4,5.1,mw,0.02,0.02,0.7,,356.0,27.0,84.0,182.0,64.0,93.0,4.91e+16,550000000000000.0,-4.97e+16,-2770000000000000.0,-3.73e+16,950000000000000.0,gcmt,671_gcmt
20150927210445,2015-09-27T21:04:51,-71.73,-31.79,38.2,5.1,mwc,4.2,4.2,4.3,,336.0,31.0,80.0,167.0,60.0,96.0,5.46e+16,-7640000000000000.0,-4.7e+16,3100000000000000.0,-2.96e+16,1.51e+16,anss,672_anss
C201509272104A,2015-09-27T21:04:51,-71.73,-31.79,38.2,5.1,mw,0.03,0.02,0.9,,336.0,31.0,80.0,167.0,60.0,96.0,5.46e+16,-7640000000000000.0,-4.7e+16,3100000000000000.0,-2.96e+16,1.51e+16,gcmt,672_gcmt
C201510021633A,2015-10-02T16:33:30,-72.93,-31.08,20.4,5.0,mw,0.02,0.03,1.3,,216.0,52.0,-50.0,343.0,53.0,-129.0,-3.17e+16,-5350000000000000.0,3.71e+16,2.15e+16,-4130000000000000.0,7360000000000000.0,gcmt,673_gcmt
C201510030603A,2015-10-03T06:03:48,-73.71,-37.57,21.5,5.7,mw,0.01,0.01,0.4,,4.0,19.0,93.0,181.0,72.0,89.0,2.91e+17,3900000000000000.0,-2.95e+17,-700000000000000.0,-3.89e+17,-1.21e+16,gcmt,674_gcmt
10003jyn,2015-10-03T06:03:49,-73.67,-37.46,23.5,5.8,mww,3.8,3.8,3.4,,175.0,73.0,85.0,11.0,17.0,104.0,3.247e+17,4.66e+16,-3.713e+17,4.95e+16,-5.128e+17,-1.57e+16,anss,674_anss
10003mjs,2015-10-09T18:27:35,-71.97,-31.76,40.5,5.5,mww,3.9,3.9,1.8,,181.0,60.0,92.0,356.0,30.0,86.0,1.515e+17,2.71e+16,-1.786e+17,-4000000000000000.0,-9.72e+16,4200000000000000.0,anss,675_anss
C201510091827A,2015-10-09T18:27:39,-71.82,-31.81,36.2,5.4,mw,0.01,0.01,0.6,,342.0,25.0,75.0,179.0,66.0,97.0,1.3500000000000002e+17,5500000000000000.0,-1.3999999999999998e+17,-5800000000000000.0,-1.21e+17,2.43e+16,gcmt,675_gcmt
10003mxa,2015-10-12T03:15:24,-71.81,-31.17,35.5,5.6,mww,5.1,5.1,1.8,,170.0,60.0,82.0,6.0,30.0,104.0,2.32e+17,1.45e+16,-2.465e+17,4.12e+16,-1.376e+17,9900000000000000.0,anss,676_anss
C201510120315A,2015-10-12T03:15:24,-71.96,-31.28,32.5,5.6,mw,0.01,0.01,0.4,,355.0,28.0,97.0,167.0,62.0,86.0,2.17e+17,8500000000000002.0,-2.26e+17,4.07e+16,-1.44e+17,3.91e+16,gcmt,676_gcmt
10003r82,2015-10-24T21:24:46,-71.34,-31.44,45.5,5.0,mww,4.5,4.5,3.7,,175.0,59.0,100.0,335.0,33.0,73.0,2.802e+16,7150000000000000.0,-3.517e+16,30000000000000.0,-1.668e+16,1.084e+16,anss,677_anss
C201510242124A,2015-10-24T21:24:49,-71.64,-31.5,51.3,5.0,mw,0.03,0.02,1.3,,341.0,33.0,79.0,174.0,57.0,97.0,3.64e+16,5270000000000000.0,-4.17e+16,-120000000000000.0,-1.84e+16,1.04e+16,gcmt,677_gcmt
10003vgt,2015-11-07T07:31:50,-71.08,-31.11,50.5,6.8,mww,4.4,4.4,1.8,,174.0,69.0,87.0,2.0,21.0,98.0,1.231e+19,1.32e+18,-1.363e+19,1.84e+18,-1.445e+19,6.7e+17,anss,678_anss
100040mw,2015-11-24T09:14:18,-72.21,-31.84,15.5,5.0,mww,6.3,6.3,3.5,,170.0,73.0,88.0,357.0,17.0,97.0,2.055e+16,1360000000000000.0,-2.191e+16,6240000000000000.0,-3.24e+16,2970000000000000.0,anss,679_anss
C201511240914A,2015-11-24T09:14:20,-72.2,-31.85,25.1,5.0,mw,0.03,0.03,1.0,,359.0,27.0,90.0,179.0,63.0,90.0,3.45e+16,-2710000000000000.0,-3.18e+16,420000000000000.0,-2.39e+16,480000000000000.0,gcmt,679_gcmt
100044k5,2015-12-07T07:51:12,-71.3468,-31.4021,60.0,5.1,mwr,5.2,5.2,4.2,,174.01,69.91,85.08,8.07,20.66,103.19,3.6192e+16,8130000000000000.0,-4.4322e+16,5837000000000000.0,-4.6919e+16,108000000000000.0,anss,680_anss
C201512100009A,2015-12-10T00:09:37,-73.45,-35.97,18.9,5.5,mw,0.01,0.01,0.6,,23.0,13.0,103.0,190.0,77.0,87.0,1.06e+17,-3500000000000000.5,-1.03e+17,-3.6e+16,-2.25e+17,-3.1e+16,gcmt,681_gcmt
20004g1p,2015-12-10T00:09:38,-73.38,-35.94,23.5,5.5,mww,6.3,6.3,1.7,,198.0,73.0,87.0,27.0,17.0,98.0,1.337e+17,-1.91e+16,-1.146e+17,-6e+16,-1.913e+17,-4.85e+16,anss,681_anss
100049py,2015-12-26T17:58:11,-72.27,-31.85,25.5,5.0,mww,4.2,4.2,1.4,,168.0,69.0,89.0,351.0,21.0,93.0,2.896e+16,870000000000000.0,-2.983e+16,6970000000000000.0,-3.242e+16,5820000000000000.0,anss,682_anss
C201512261758B,2015-12-26T17:58:13,-72.33,-31.8,29.7,5.2,mw,0.02,0.02,0.8,,323.0,29.0,67.0,168.0,63.0,102.0,5.58e+16,-7470000000000000.0,-4.83e+16,1830000000000000.0,-4.18e+16,2.36e+16,gcmt,682_gcmt
C201601071540A,2016-01-07T15:40:46,-74.29,-41.65,32.4,5.1,mw,0.03,0.02,0.9,,13.0,24.0,98.0,184.0,66.0,86.0,4.35e+16,-580000000000000.0,-4.29e+16,-1560000000000000.0,-3.97e+16,-6780000000000000.0,gcmt,683_gcmt
10004c4b,2016-01-07T15:40:49,-74.03,-41.64,35.5,5.0,mww,5.6,5.6,3.5,,175.0,69.0,67.0,45.0,31.0,135.0,2.278e+16,6770000000000000.0,-2.955e+16,5170000000000000.0,-2.593e+16,-1.257e+16,anss,683_anss
C201601260019A,2016-01-26T00:19:15,-71.99,-32.66,31.8,5.1,mw,0.02,0.02,0.9,,344.0,39.0,83.0,173.0,51.0,96.0,4.56e+16,1.04e+16,-5.61e+16,-540000000000000.0,-1.1200000000000002e+16,1.4e+16,gcmt,684_gcmt
C201602050528A,2016-02-05T05:28:13,-72.08,-31.0,35.0,5.0,mw,0.03,0.02,0.9,,1.0,33.0,90.0,181.0,57.0,90.0,4.74e+16,-9660000000000000.0,-3.77e+16,-180000000000000.0,-1.91e+16,-570000000000000.0,gcmt,685_gcmt
20160205052808,2016-02-05T05:28:13,-72.08,-31.0,35.0,5.0,mwc,5.0,5.0,4.2,,1.0,33.0,90.0,181.0,57.0,90.0,4.74e+16,-9660000000000000.0,-3.77e+16,-180000000000000.0,-1.91e+16,-570000000000000.0,anss,685_anss
C201602192150A,2016-02-19T21:50:51,-77.89,-45.8,25.2,5.0,mw,0.03,0.02,1.1,,80.0,72.0,-163.0,344.0,74.0,-19.0,-6800000000000000.0,2.08e+16,-1.4e+16,-8030000000000000.0,-1.48e+16,-3.51e+16,gcmt,686_gcmt
C201602260852A,2016-02-26T08:52:53,-67.54,-31.75,35.0,5.0,mw,0.02,0.01,1.7,,231.0,44.0,151.0,343.0,70.0,50.0,2.14e+16,1.33e+16,-3.47e+16,-1.72e+16,2.17e+16,-1.59e+16,gcmt,687_gcmt
20005a3a,2016-03-16T03:49:37,-71.68,-31.24,23.5,5.3,mww,4.6,4.6,3.5,,176.0,58.0,92.0,353.0,32.0,87.0,9.04e+16,7700000000000000.0,-9.81e+16,1900000000000000.0,-4.66e+16,1.02e+16,anss,688_anss
C201603160349A,2016-03-16T03:49:37,-72.03,-31.28,30.6,5.4,mw,0.01,0.01,0.5,,353.0,25.0,85.0,178.0,65.0,92.0,1.1000000000000002e+17,8100000000000000.0,-1.19e+17,800000000000000.0,-9.73e+16,9600000000000000.0,gcmt,688_gcmt
C201603271201A,2016-03-27T12:01:44,-77.32,-45.64,36.4,5.0,mw,0.04,0.02,2.0,,74.0,80.0,-174.0,343.0,84.0,-10.0,8060000000000000.0,1.49e+16,-2.29e+16,-3820000000000000.0,-9300000000000000.0,-2.86e+16,gcmt,689_gcmt
20005eg7,2016-04-04T12:32:46,-71.81,-31.14,23.5,5.3,mww,2.8,2.8,3.0,,167.0,64.0,83.0,3.0,27.0,105.0,9.68e+16,6300000000000000.0,-1.03e+17,2.4e+16,-7.52e+16,1.04e+16,anss,690_anss
C201604041232A,2016-04-04T12:32:49,-72.0,-31.26,28.8,5.4,mw,0.01,0.01,0.6,,1.0,23.0,99.0,171.0,67.0,86.0,1.02e+17,4300000000000000.0,-1.06e+17,1.92e+16,-1.01e+17,8400000000000002.0,gcmt,690_gcmt
20005fvy,2016-04-06T17:35:39,-71.81,-31.38,23.5,5.3,mww,4.3,4.3,0.8,,168.0,61.0,82.0,4.0,30.0,104.0,8.19e+16,1.64e+16,-9.84e+16,1.64e+16,-5.44e+16,1e+16,anss,691_anss
C201604061735A,2016-04-06T17:35:43,-71.82,-31.46,34.2,5.4,mw,0.01,0.01,0.7,,5.0,27.0,95.0,178.0,63.0,87.0,1.07e+17,1.4199999999999998e+16,-1.21e+17,4500000000000000.0,-8.07e+16,-2800000000000000.0,gcmt,691_gcmt
20005hz4,2016-04-14T09:38:47,-70.54,-33.65,140.5,5.1,mww,5.9,5.9,3.6,,244.0,65.0,98.0,45.0,26.0,72.0,3.758e+16,-3.002e+16,-7560000000000000.0,-3.385e+16,-1.478e+16,-2.779e+16,anss,692_anss
C201604140938A,2016-04-14T09:38:48,-70.39,-33.85,129.3,5.2,mw,0.02,0.01,1.7,,120.0,10.0,162.0,228.0,87.0,80.0,1.2e+16,-1.68e+16,4770000000000000.0,-4.68e+16,-4.61e+16,5010000000000000.0,gcmt,692_gcmt
20005jgy,2016-04-18T11:38:40,-71.17,-31.82,50.5,5.2,mww,4.6,4.6,3.5,,177.0,64.0,105.0,326.0,30.0,62.0,6.453e+16,1.077e+16,-7.531e+16,-2700000000000000.0,-5.5e+16,2.86e+16,anss,693_anss
C201604181138A,2016-04-18T11:38:42,-71.49,-31.83,50.0,5.2,mw,0.02,0.01,1.2,,347.0,29.0,83.0,175.0,61.0,94.0,6.939999999999999e+16,5600000000000000.0,-7.5e+16,2200000000000000.0,-4.68e+16,1.24e+16,gcmt,693_gcmt
2000676p,2016-06-27T12:51:16,-71.27,-31.88,60.5,5.0,mww,5.6,5.6,2.2,,179.0,66.0,110.0,319.0,31.0,53.0,2.28e+16,5950000000000000.0,-2.875e+16,-1570000000000000.0,-2.188e+16,1.281e+16,anss,694_anss
C201606271251A,2016-06-27T12:51:18,-71.46,-31.58,45.6,5.1,mw,0.03,0.02,1.9,,9.0,33.0,107.0,169.0,58.0,79.0,4.019999999999999e+16,1.14e+16,-5.16e+16,6940000000000000.0,-2.16e+16,2050000000000000.0,gcmt,694_gcmt
C201607262300A,2016-07-26T23:00:24,-71.88,-32.59,31.9,5.0,mw,0.03,0.03,0.9,,159.0,39.0,69.0,5.0,54.0,106.0,3.1e+16,140000000000000.0,-3.11e+16,6560000000000000.0,9810000000000000.0,4640000000000000.0,gcmt,695_gcmt
C201607270125A,2016-07-27T01:25:18,-79.48,-44.62,20.3,5.9,mw,0.01,0.0,0.4,,78.0,88.0,179.0,168.0,89.0,2.0,-5.520000000000001e+16,3.73e+17,-3.18e+17,2.64e+16,-3.27e+16,-7.55e+17,gcmt,696_gcmt
C201608231447A,2016-08-23T14:47:29,-77.66,-45.77,22.2,5.0,mw,0.02,0.01,1.2,,76.0,70.0,-175.0,344.0,86.0,-20.0,-5950000000000000.0,2.3e+16,-1.7e+16,2950000000000000.0,-1.36e+16,-3.54e+16,gcmt,697_gcmt
20006v8s,2016-08-30T08:09:13,-72.41,-34.9,23.5,5.4,mww,4.7,4.7,1.1,,198.0,71.0,90.0,19.0,19.0,91.0,1.066e+17,-8100000000000000.0,-9.85e+16,-4.35e+16,-1.353e+17,-3.41e+16,anss,698_anss
C201608300809A,2016-08-30T08:09:14,-72.67,-34.91,30.5,5.4,mw,0.01,0.01,0.6,,20.0,20.0,98.0,191.0,70.0,87.0,1.04e+17,9900000000000000.0,-1.1399999999999998e+17,-2.52e+16,-1.34e+17,-3.63e+16,gcmt,698_gcmt
C201609090003A,2016-09-09T00:03:48,-65.86,-31.41,178.0,5.6,mw,0.01,0.01,1.2,,121.0,35.0,-133.0,350.0,65.0,-64.0,-1.85e+17,2.19e+16,1.63e+17,-3400000000000000.0,-1.64e+17,-1.54e+17,gcmt,699_gcmt
C201610272032A,2016-10-27T20:33:02,-72.75,-33.83,12.0,6.0,mw,0.0,0.01,0.0,,11.0,17.0,90.0,190.0,73.0,90.0,6.45e+17,-2000000000000000.0,-6.43e+17,-1.66e+17,-9.3e+17,-1.22e+17,gcmt,700_gcmt
100072gn,2016-10-27T20:33:03,-72.53,-33.86,15.5,6.0,mww,4.2,4.2,2.7,,184.0,71.0,86.0,15.0,20.0,101.0,8.64e+17,2.4e+16,-8.89e+17,-4.2e+16,-1.097e+18,-1.51e+17,anss,700_anss
100072zy,2016-10-29T22:01:44,-72.8,-33.83,25.5,5.2,mww,4.1,4.1,1.7,,189.0,75.0,91.0,4.0,15.0,86.0,4.08e+16,610000000000000.0,-4.141e+16,-1.12e+16,-6.881e+16,-5050000000000000.0,anss,701_anss
C201610292201A,2016-10-29T22:01:44,-72.71,-33.96,14.4,5.1,mw,0.02,0.01,0.8,,14.0,19.0,100.0,183.0,71.0,86.0,3.88e+16,-2310000000000000.0,-3.64e+16,-1430000000000000.0,-4.8e+16,-5600000000000001.0,gcmt,701_gcmt
C201610311115A,2016-10-31T11:15:48,-72.68,-33.74,29.8,5.0,mw,0.03,0.03,1.0,,8.0,35.0,85.0,194.0,55.0,94.0,4.49e+16,-4150000000000000.0,-4.08e+16,-5770000000000000.0,-1.48e+16,-7460000000000000.0,gcmt,702_gcmt
C201611041620A,2016-11-04T16:20:49,-70.98,-35.06,96.2,6.3,mw,0.0,0.0,0.3,,173.0,27.0,-128.0,35.0,69.0,-73.0,-2.27e+18,-4.87e+17,2.75e+18,-1.74e+18,-2.12e+18,1.01e+18,gcmt,703_gcmt
1000744u,2016-11-04T16:20:50,-70.65,-35.08,90.5,6.3,mww,6.1,6.1,1.8,,36.0,71.0,-74.0,176.0,24.0,-127.0,-2.296e+18,-2.5e+16,2.321e+18,-2.013e+18,-2.085e+18,6.58e+17,anss,703_anss
C201611080455A,2016-11-08T04:55:50,-73.71,-36.66,20.0,6.0,mw,0.01,0.01,0.3,,8.0,17.0,95.0,182.0,73.0,88.0,6.32e+17,2.3e+16,-6.55e+17,-3.3e+16,-9.52e+17,-5.9e+16,gcmt,704_gcmt
10007681,2016-11-08T04:55:51,-73.64,-36.58,19.5,6.0,mww,4.1,4.1,1.8,,188.0,77.0,88.0,15.0,13.0,97.0,6.38e+17,1.8e+16,-6.56e+17,-1.64e+17,-1.301e+18,-1.37e+17,anss,704_anss
10007az5,2016-11-20T20:57:46,-68.53,-31.74,120.5,6.4,mww,5.0,5.0,1.8,,210.0,54.0,-86.0,24.0,36.0,-94.0,-6.006e+18,2.416e+18,3.589e+18,1.138e+18,1.238e+18,7.47e+17,anss,705_anss
C201611202057A,2016-11-20T20:57:47,-68.74,-31.66,119.1,6.4,mw,0.01,0.0,0.3,,31.0,40.0,-92.0,214.0,50.0,-89.0,-5.71e+18,2.15e+18,3.56e+18,6.01e+17,6.82e+17,1.5e+18,gcmt,705_gcmt
C201612120140A,2016-12-12T01:40:28,-71.62,-31.03,51.8,5.0,mw,0.03,0.02,1.5,,8.0,38.0,102.0,172.0,53.0,81.0,3.69e+16,1670000000000000.0,-3.86e+16,4930000000000000.0,-9570000000000000.0,50000000000000.0,gcmt,706_gcmt
C201612120256A,2016-12-12T02:57:01,-68.11,-31.31,21.7,5.0,mw,0.02,0.02,1.0,,8.0,51.0,132.0,134.0,55.0,51.0,2.98e+16,5490000000000000.0,-3.53e+16,1.77e+16,3640000000000000.0,1.59e+16,gcmt,707_gcmt
C201612251422A,2016-12-25T14:22:38,-74.43,-43.41,32.8,7.6,mw,0.01,0.01,0.3,,4.0,19.0,96.0,178.0,71.0,88.0,1.75e+20,-2.9e+18,-1.73e+20,1.06e+19,-2.2400000000000003e+20,-3.4e+18,gcmt,708_gcmt
10007mn3,2016-12-25T14:22:42,-73.76,-43.62,21.5,7.6,mww,5.4,5.4,1.9,,183.0,74.0,92.0,356.0,16.0,83.0,1.803e+20,-8.9e+18,-1.713e+20,-2.13e+19,-2.881e+20,1.8e+18,anss,708_anss
C201701032119A,2017-01-03T21:19:11,-74.63,-43.33,23.8,5.4,mw,0.02,0.01,0.9,,320.0,26.0,61.0,172.0,68.0,103.0,1.1299999999999998e+17,8100000000000000.0,-1.21e+17,1.08e+16,-1.26e+17,6.28e+16,gcmt,709_gcmt
10007piy,2017-01-03T21:19:17,-74.4337,-43.3342,13.5,5.5,mww,4.1,4.1,1.7,0.071,18.63,14.03,131.78,155.99,79.58,80.55,7.176e+16,2.859e+16,-1.0035e+17,8.818e+16,-1.924e+17,1.494e+16,anss,709_anss
20008h9r,2017-02-03T00:52:31,-69.7345,-33.1005,19.5,5.4,mww,1.7,1.7,1.7,0.052,130.62,55.21,-22.41,233.86,71.75,-143.07,-6.798e+16,1.7209e+17,-1.0411e+17,4.469e+16,6.922e+16,-7630000000000000.0,anss,710_anss
C201702030052A,2017-02-03T00:52:31,-69.51,-33.07,19.5,5.4,mw,0.01,0.01,0.6,,138.0,46.0,-15.0,238.0,79.0,-135.0,-5.38e+16,1.57e+17,-1.04e+17,9.63e+16,5.16e+16,-2.22e+16,gcmt,710_gcmt
C201703270303A,2017-03-27T03:03:35,-71.79,-36.34,102.6,5.1,mw,0.02,0.01,2.5,,246.0,42.0,-6.0,341.0,86.0,-132.0,-5340000000000000.0,-2.06e+16,2.59e+16,1.16e+16,-3.37e+16,2.31e+16,gcmt,711_gcmt
10008h52,2017-04-13T03:42:53,-71.4218,-31.0285,40.5,5.4,mww,5.0,5.0,3.6,0.05,0.08,37.08,125.67,138.1,60.67,66.22,1.0447e+17,3120000000000000.0,-1.0759e+17,6.068e+16,-3.176e+16,5.114e+16,anss,712_anss
C201704130342A,2017-04-13T03:42:56,-71.7,-31.15,45.8,5.4,mw,0.01,0.01,0.6,,358.0,38.0,119.0,143.0,58.0,69.0,1.2e+17,8300000000000000.0,-1.28e+17,5.15e+16,-3.34e+16,5.93e+16,gcmt,712_gcmt
C201704222246A,2017-04-22T22:46:46,-72.26,-33.02,29.1,5.1,mw,0.03,0.02,1.0,,1.0,24.0,84.0,188.0,66.0,93.0,3.76e+16,-420000000000000.0,-3.72e+16,-5590000000000001.0,-3.32e+16,-2900000000000000.0,gcmt,713_gcmt
10008jvr,2017-04-23T02:36:06,-71.8244,-33.04,23.5,6.0,mww,3.7,3.7,1.7,0.05,1.85,16.45,88.02,183.92,73.56,90.58,6.062e+17,1.56e+16,-6.218e+17,-6.79e+16,-9.484e+17,-3.26e+16,anss,714_anss
C201704230236A,2017-04-23T02:36:11,-72.04,-33.06,23.0,6.0,mw,0.01,0.01,0.3,,1.0,22.0,88.0,184.0,68.0,91.0,7.85e+17,2.7e+16,-8.12e+17,-6.2e+16,-8.19e+17,-3.9e+16,gcmt,714_gcmt
10008k2i,2017-04-23T19:40:09,-72.0451,-33.1122,15.5,5.6,mww,3.7,3.7,1.5,0.059,0.88,11.73,88.05,182.87,78.27,90.4,1.2395e+17,2.823e+16,-1.5218e+17,-1.613e+16,-3.1806e+17,-6580000000000000.0,anss,715_anss
C201704231940A,2017-04-23T19:40:14,-72.17,-33.16,22.3,5.6,mw,0.01,0.01,0.4,,355.0,24.0,87.0,178.0,66.0,91.0,2.06e+17,-4800000000000000.0,-2.01e+17,5300000000000000.0,-1.83e+17,1.3800000000000002e+16,gcmt,715_gcmt
C201704242138A,2017-04-24T21:38:37,-72.07,-33.13,26.0,6.9,mw,0.0,0.0,0.2,,3.0,16.0,94.0,179.0,74.0,89.0,1.3e+19,3.9e+17,-1.33e+19,5.6e+17,-2.03e+19,-2.2e+17,gcmt,716_gcmt
10008kce,2017-04-24T21:38:40,-71.8,-33.05,25.5,6.9,mww,4.9,4.9,1.8,,174.0,76.0,88.0,4.0,14.0,99.0,1.258e+19,1.2e+17,-1.27e+19,2.74e+18,-2.455e+19,2.3e+17,anss,716_anss
C201704250143A,2017-04-25T01:43:03,-72.31,-33.35,31.1,5.5,mw,0.03,0.03,1.3,,16.0,24.0,107.0,178.0,67.0,83.0,1.53e+17,-1.65e+16,-1.3700000000000002e+17,1.89e+16,-1.3899999999999998e+17,-1.84e+16,gcmt,717_gcmt
10008kgt,2017-04-25T01:43:03,-71.9735,-33.261,25.5,5.2,mww,1.6,1.6,3.3,0.089,16.39,26.12,106.89,177.71,65.09,81.9,6.0213e+16,1.9854e+16,-8.0067e+16,4083000000000000.0,-5.8345e+16,-9512000000000000.0,anss,717_anss
10008l82,2017-04-27T05:09:22,-71.9648,-33.1682,30.5,5.1,mww,4.4,4.4,4.3,0.068,356.58,22.55,93.62,172.66,67.5,88.5,3.5358e+16,3233000000000000.0,-3.8592e+16,5142000000000000.0,-3.6795e+16,4108000000000000.0,anss,718_anss
C201704270509A,2017-04-27T05:09:27,-71.89,-33.32,25.0,5.2,mw,0.02,0.02,0.0,,350.0,16.0,79.0,181.0,74.0,93.0,4.34e+16,750000000000000.0,-4.42e+16,-2440000000000000.0,-7.07e+16,3560000000000000.0,gcmt,718_gcmt
10008llg,2017-04-28T15:30:05,-71.77,-33.2506,23.5,5.9,mww,4.7,4.7,1.8,0.062,2.07,18.92,99.96,171.56,71.37,86.61,5.0252e+17,2.171e+16,-5.2423e+17,1.1312e+17,-6.6395e+17,3.261e+16,anss,719_anss
C201704281530A,2017-04-28T15:30:10,-72.03,-33.3,23.4,5.9,mw,0.01,0.01,0.3,,0.0,20.0,99.0,171.0,70.0,87.0,5.98e+17,6000000000000000.0,-6.04e+17,1.31e+17,-7.02e+17,4.9e+16,gcmt,719_gcmt
10008llp,2017-04-28T15:49:40,-71.3845,-33.4713,30.5,5.1,mww,4.2,4.2,1.8,0.068,7.62,41.57,105.73,166.99,50.31,76.48,4.3036e+16,1.5378e+16,-5.8413e+16,5780000000000000.0,-7612000000000000.0,4071000000000000.0,anss,720_anss
10008lm1,2017-04-28T15:58:34,-71.9182,-33.4342,23.5,5.4,mww,3.4,3.4,5.3,0.061,10.09,27.11,108.82,169.14,64.45,80.62,1.0274e+17,3.362e+16,-1.3636e+17,2.164e+16,-9.173e+16,6200000000000000.0,anss,721_anss
C201704281558A,2017-04-28T15:58:37,-72.06,-33.35,24.0,5.5,mw,0.02,0.02,0.0,,349.0,18.0,97.0,162.0,72.0,88.0,1.34e+17,-4300000000000000.0,-1.29e+17,6.36e+16,-1.82e+17,3.57e+16,gcmt,721_gcmt
10008lm3,2017-04-28T16:05:57,-71.7802,-33.1259,23.5,5.8,mww,1.6,1.6,1.8,0.055,338.47,13.05,77.42,171.37,77.27,92.89,2.7053e+17,-7430000000000000.0,-2.631e+17,8.02e+16,-5.7156e+17,7.281e+16,anss,722_anss
C201704281605A,2017-04-28T16:06:00,-71.83,-33.3,30.5,5.9,mw,0.01,0.01,0.4,,334.0,20.0,73.0,172.0,71.0,96.0,5.78e+17,-2.5e+16,-5.5300000000000006e+17,8.2e+16,-7.66e+17,1.79e+17,gcmt,722_gcmt
10008lnm,2017-04-28T17:41:49,-71.7169,-33.3878,23.5,5.3,mww,3.8,3.8,3.0,0.062,357.47,30.84,86.22,181.88,59.23,92.26,1.0463e+17,2.19e+16,-1.2653e+17,-3590000000000000.0,-6.25e+16,240000000000000.0,anss,723_anss
C201704281741A,2017-04-28T17:41:55,-72.0,-33.27,24.2,5.5,mw,0.02,0.01,0.9,,5.0,18.0,90.0,185.0,72.0,90.0,1.2e+17,500000000000000.0,-1.2e+17,-1.33e+16,-1.63e+17,-1.04e+16,gcmt,723_gcmt
10008lwz,2017-04-29T01:46:02,-71.8417,-33.2092,19.5,5.1,mww,2.9,2.9,2.7,0.089,7.43,29.92,94.41,182.35,60.17,87.47,4.9167e+16,2844000000000000.0,-5.2011e+16,-105000000000000.0,-2.972e+16,-4623000000000000.0,anss,724_anss
C201704290146A,2017-04-29T01:46:03,-72.08,-33.42,32.3,5.4,mw,0.03,0.03,0.8,,5.0,33.0,92.0,183.0,57.0,89.0,1.81e+17,-5.31e+16,-1.28e+17,500000000000000.0,-6.720000000000001e+16,-6100000000000000.0,gcmt,724_gcmt
C201705061451A,2017-05-06T14:51:43,-78.83,-44.52,13.9,5.4,mw,0.01,0.01,0.9,,76.0,73.0,178.0,167.0,88.0,17.0,-200000000000000.0,5.9e+16,-5.88e+16,1.47e+16,-3.75e+16,-1.1499999999999998e+17,gcmt,725_gcmt
10008s71,2017-05-13T16:54:45,-72.1801,-32.8389,23.5,5.2,mww,4.2,4.2,3.1,0.075,27.52,21.44,112.56,183.47,70.28,81.43,4.0931e+16,7284000000000000.0,-4.8215e+16,-1595000000000000.0,-5.4856e+16,-1.4223e+16,anss,726_anss
C201705131654A,2017-05-13T16:54:51,-72.12,-32.9,28.4,5.3,mw,0.02,0.01,0.8,,360.0,20.0,84.0,186.0,70.0,92.0,6.06e+16,2600000000000000.0,-6.32e+16,-8799999999999998.0,-7.27e+16,-3599999999999999.5,gcmt,726_gcmt
C201705270738A,2017-05-27T07:38:42,-76.26,-45.88,14.7,5.3,mw,0.01,0.01,0.9,,76.0,58.0,-176.0,344.0,86.0,-32.0,-1.32e+16,4.71e+16,-3.3900000000000004e+16,1.67e+16,-4.83e+16,-7.35e+16,gcmt,727_gcmt
10008w2b,2017-05-29T14:57:53,-71.6856,-37.3378,80.5,5.9,mww,6.5,6.5,3.5,0.043,261.57,35.22,-30.69,17.43,72.88,-121.26,-3.5723e+17,1.99e+17,1.5824e+17,-1.3499e+17,-5.197e+17,4.9352e+17,anss,728_anss
C201705291457A,2017-05-29T14:57:59,-71.87,-37.38,97.7,5.9,mw,0.01,0.01,1.8,,263.0,34.0,-22.0,12.0,78.0,-122.0,-3.3e+17,1.92e+17,1.3800000000000002e+17,-8.8e+16,-7.44e+17,5.3800000000000006e+17,gcmt,728_gcmt
20009lwp,2017-06-12T02:43:26,-71.8646,-31.8031,45.5,5.7,mww,1.6,1.6,1.8,0.052,345.52,32.64,83.33,173.42,57.61,94.25,3.9187e+17,9420000000000000.0,-4.0129e+17,6160000000000000.0,-1.9019e+17,7.804e+16,anss,729_anss
C201706120243A,2017-06-12T02:43:32,-71.87,-31.49,33.8,5.7,mw,0.01,0.01,0.4,,5.0,26.0,99.0,175.0,64.0,86.0,3.83e+17,3.69e+16,-4.1900000000000006e+17,4.43e+16,-3.2e+17,5000000000000000.0,gcmt,729_gcmt
20009p84,2017-06-23T10:00:51,-71.9676,-39.441,110.5,5.0,mww,5.1,5.1,2.9,0.068,292.87,41.8,106.35,91.38,50.24,75.87,3.0129e+16,-4.0729e+16,1.06e+16,6110000000000000.0,2350000000000000.0,1.1022e+16,anss,730_anss
C201706231000A,2017-06-23T10:00:56,-71.87,-39.47,128.7,5.0,mw,0.03,0.02,1.9,,260.0,39.0,56.0,121.0,59.0,114.0,3.04e+16,-3.91e+16,8740000000000000.0,1.1e+16,-1.26e+16,1.04e+16,gcmt,730_gcmt
C201706252208A,2017-06-25T22:08:43,-71.66,-42.09,12.0,5.2,mw,0.03,0.02,0.0,,172.0,17.0,118.0,322.0,75.0,82.0,3.63e+16,-5470000000000000.0,-3.08e+16,-4.04e+16,4.65e+16,1.14e+16,gcmt,731_gcmt
100096p0,2017-07-04T16:05:59,-73.2269,-35.4928,13.5,5.9,mww,5.8,5.8,1.3,0.052,8.95,19.3,73.99,205.86,71.47,95.52,4.7939e+17,-2870000000000000.0,-4.7653e+17,-3.0681e+17,-5.8832e+17,-1.739e+17,anss,732_anss
C201707041605A,2017-07-04T16:06:04,-73.56,-35.59,12.0,5.9,mw,0.01,0.01,0.0,,25.0,19.0,104.0,190.0,71.0,85.0,4.36e+17,1.15e+16,-4.47e+17,-9.15e+16,-5.92e+17,-1.54e+17,gcmt,732_gcmt
C201707070304A,2017-07-07T03:04:52,-72.54,-33.65,31.7,5.1,mw,0.03,0.02,0.9,,16.0,28.0,98.0,186.0,63.0,86.0,4.75e+16,-6740000000000000.0,-4.08e+16,-1010000000000000.0,-3.17e+16,-7420000000000000.0,gcmt,733_gcmt
1000991f,2017-07-12T09:08:17,-73.5112,-35.291,17.5,5.6,mww,6.2,6.2,1.8,0.068,36.84,10.75,116.57,189.86,80.4,85.15,7.551e+16,1.594e+16,-9.145e+16,-4.351e+16,-2.5234e+17,-4.399e+16,anss,734_anss
C201707120908A,2017-07-12T09:08:23,-73.34,-35.5,12.3,5.5,mw,0.01,0.01,0.5,,28.0,16.0,112.0,185.0,75.0,84.0,9.35e+16,4400000000000000.0,-9.79e+16,-1.14e+16,-1.73e+17,-3.02e+16,gcmt,734_gcmt
20009wav,2017-07-14T12:00:29,-72.6438,-33.9461,15.5,5.4,mww,4.3,4.3,1.7,0.071,21.71,18.61,117.02,173.43,73.48,81.3,9.549e+16,1.398e+16,-1.0947e+17,2.347e+16,-1.5193e+17,-1.383e+16,anss,735_anss
C201707141200A,2017-07-14T12:00:34,-72.7,-33.8,14.2,5.4,mw,0.01,0.01,0.5,,16.0,19.0,97.0,189.0,71.0,88.0,9.38e+16,-7400000000000000.0,-8.63e+16,-1.66e+16,-1.1499999999999998e+17,-1.91e+16,gcmt,735_gcmt
2000a3js,2017-08-02T07:15:14,-70.4005,-33.2011,80.5,5.4,mww,4.1,4.1,1.7,0.068,190.19,45.6,-125.9,56.16,54.64,-59.09,-1.3906e+17,1.621e+16,1.2284e+17,-5.007e+16,-2300000000000000.0,1.3327e+17,anss,736_anss
C201708020715A,2017-08-02T07:15:16,-70.58,-33.17,95.8,5.4,mw,0.01,0.01,0.9,,202.0,32.0,-115.0,51.0,62.0,-75.0,-8.78e+16,2.22e+16,6.56e+16,-5.42e+16,-4.8e+16,1.06e+17,gcmt,736_gcmt
2000a9je,2017-08-18T20:31:50,-77.6196,-45.5239,21.5,5.1,mww,8.8,8.8,1.9,0.083,74.02,60.54,164.68,171.7,76.7,30.35,1.1643e+16,1.1476e+16,-2.3119e+16,1.2211e+16,-2.0393e+16,-3.8016e+16,anss,737_anss
C201708182031A,2017-08-18T20:31:55,-77.44,-45.7,23.9,5.1,mw,0.03,0.01,1.5,,74.0,62.0,171.0,168.0,82.0,29.0,1.42e+16,1.52e+16,-2.94e+16,2750000000000000.0,-2.1e+16,-3.87e+16,gcmt,737_gcmt
C201708300315A,2017-08-30T03:15:40,-73.75,-37.4,29.2,5.1,mw,0.03,0.02,1.3,,10.0,21.0,96.0,183.0,69.0,88.0,3.2e+16,20000000000000.0,-3.2e+16,-1260000000000000.0,-3.59e+16,-3650000000000000.0,gcmt,738_gcmt
2000apwd,2017-09-18T13:46:56,-71.7933,-31.82,15.5,5.9,mww,5.7,5.7,1.8,0.066,357.6,10.06,93.17,174.38,79.95,89.44,2.6874e+17,3.738e+16,-3.0612e+17,7.808e+16,-7.8411e+17,2.578e+16,anss,739_anss
C201709181346A,2017-09-18T13:47:02,-72.15,-31.91,21.5,5.8,mw,0.01,0.01,0.3,,351.0,23.0,84.0,177.0,67.0,93.0,3.84e+17,1400000000000000.0,-3.85e+17,8699999999999998.0,-3.69e+17,4.18e+16,gcmt,739_gcmt
C201710011648A,2017-10-01T16:48:07,-76.52,-45.94,26.8,5.0,mw,0.03,0.02,1.4,,75.0,69.0,-175.0,343.0,85.0,-21.0,800000000000000.0,1.66e+16,-1.74e+16,-560000000000000.0,-1.31e+16,-2.66e+16,gcmt,740_gcmt
C201710121859A,2017-10-12T18:59:15,-65.53,-31.03,185.4,5.6,mw,0.01,0.01,1.0,,9.0,69.0,-2.0,99.0,88.0,-159.0,800000000000000.0,-8.06e+16,7.98e+16,-1.01e+17,2900000000000000.0,-2.46e+17,gcmt,741_gcmt
C201710161929A,2017-10-16T19:29:38,-74.36,-35.5,19.5,5.0,mw,0.03,0.03,1.2,,27.0,38.0,-88.0,205.0,52.0,-91.0,-3.32e+16,5940000000000000.0,2.72e+16,3250000000000000.0,7960000000000000.0,1.3700000000000002e+16,gcmt,742_gcmt
2000cpsu,2018-01-26T13:27:06,-73.2788,-37.4492,15.5,5.0,mww,4.5,4.5,1.8,0.075,354.87,19.44,77.39,188.22,71.05,94.41,2.3726e+16,2053000000000000.0,-2.5779e+16,-5314000000000000.0,-3.1147e+16,-991000000000000.0,anss,743_anss
C201801261327A,2018-01-26T13:27:10,-74.27,-37.63,22.7,5.0,mw,0.02,0.02,1.0,,7.0,28.0,94.0,182.0,62.0,88.0,3.67e+16,-6470000000000000.0,-3.02e+16,360000000000000.0,-2.22e+16,-2150000000000000.0,gcmt,743_gcmt
C201801261526A,2018-01-26T15:26:26,-74.27,-37.64,19.5,5.0,mw,0.03,0.03,1.3,,14.0,26.0,104.0,178.0,65.0,83.0,2.9e+16,-3070000000000000.0,-2.59e+16,2980000000000000.0,-2.28e+16,-2930000000000000.0,gcmt,744_gcmt
2000cqsd,2018-01-28T23:53:14,-68.6705,-31.2725,90.5,5.4,mww,5.9,5.9,3.8,0.054,69.97,42.05,-74.73,229.77,49.75,-103.37,-1.3157e+17,1.0603e+17,2.554e+16,5380000000000000.0,2.84e+16,7.129e+16,anss,745_anss
C201801282353A,2018-01-28T23:53:19,-68.78,-31.25,119.8,5.4,mw,0.01,0.01,0.8,,218.0,46.0,-107.0,61.0,47.0,-74.0,-1.3e+17,7.76e+16,5.29e+16,-1.81e+16,1.91e+16,7.5e+16,gcmt,745_gcmt
1000ce18,2018-02-01T23:13:53,-69.9024,-31.5047,100.5,5.2,mww,5.6,5.6,4.6,0.08,105.21,84.41,4.96,14.72,85.06,174.39,2015000000000000.0,3.5055e+16,-3.707e+16,7685000000000000.0,5133000000000000.0,6.2646e+16,anss,746_anss
C201802012313A,2018-02-01T23:14:00,-69.95,-31.5,117.9,5.2,mw,0.02,0.01,1.9,,2.0,78.0,176.0,92.0,86.0,12.0,-3900000000000000.0,7200000000000000.0,-3300000000000000.0,1.61e+16,5780000000000000.0,7.05e+16,gcmt,746_gcmt
2000cz4c,2018-02-08T21:19:25,-74.0595,-37.5304,11.5,5.6,mww,5.3,5.3,2.5,0.066,21.62,16.08,100.25,190.96,74.18,87.06,1.4059e+17,2.138e+16,-1.6197e+17,-4.711e+16,-2.5189e+17,-5.369e+16,anss,747_anss
C201802082119A,2018-02-08T21:19:28,-74.19,-37.58,12.2,5.5,mw,0.01,0.01,0.5,,27.0,17.0,111.0,185.0,74.0,84.0,1.28e+17,8900000000000000.0,-1.3700000000000002e+17,-1.4399999999999998e+16,-2.18e+17,-4.13e+16,gcmt,747_gcmt
2000db8n,2018-03-02T18:06:46,-76.986,-44.5213,11.5,5.1,mww,7.0,7.0,1.8,0.069,356.65,16.7,-60.66,146.25,75.49,-98.36,-2.699e+16,-1638000000000000.0,2.8629e+16,-3.0301e+16,4.3173e+16,-1.3412e+16,anss,748_anss
C201803021806A,2018-03-02T18:06:47,-76.6,-44.45,12.9,5.0,mw,0.02,0.01,1.3,,111.0,64.0,-170.0,16.0,81.0,-26.0,-1.39e+16,-1.49e+16,2.88e+16,-1100000000000000.0,-1.32e+16,-2.63e+16,gcmt,748_gcmt
1000d6dq,2018-03-19T12:51:17,-69.5574,-32.3814,100.5,5.0,mww,6.6,6.6,4.6,0.059,187.13,81.43,179.34,277.22,89.35,8.57,-4952000000000000.0,1.1256e+16,-6304000000000000.0,-5530000000000000.0,-870000000000000.0,3.397e+16,anss,749_anss
C201803191251A,2018-03-19T12:51:26,-69.76,-32.44,112.6,5.0,mw,0.04,0.02,3.7,,194.0,71.0,-165.0,99.0,76.0,-20.0,-6790000000000000.0,1.68e+16,-9960000000000000.0,-9790000000000000.0,1.01e+16,3.27e+16,gcmt,749_gcmt
C201804050632A,2018-04-05T06:32:44,-74.46,-42.6,37.1,5.1,mw,0.03,0.02,1.2,,5.0,25.0,97.0,178.0,66.0,87.0,5.03e+16,-6840000000000001.0,-4.34e+16,3470000000000000.0,-4.1e+16,-1530000000000000.0,gcmt,750_gcmt
C201804101019A,2018-04-10T10:19:36,-71.58,-31.05,81.7,6.2,mw,0.0,0.0,0.4,,120.0,26.0,-118.0,331.0,67.0,-77.0,-2.2000000000000005e+18,1.25e+18,9.5e+17,5.21e+17,-1.83e+18,-6.77e+17,gcmt,751_gcmt
C201805021609A,2018-05-02T16:09:57,-70.06,-33.3,103.4,5.0,mw,0.03,0.03,3.2,,166.0,39.0,-100.0,359.0,52.0,-82.0,-3.28e+16,-1.01e+16,4.29e+16,-1440000000000000.0,-9240000000000000.0,-6899999999999999.0,gcmt,752_gcmt
1000dz41,2018-05-06T02:44:19,-72.1895,-34.1714,23.5,5.2,mww,1.9,1.9,2.8,0.055,24.73,22.29,107.84,185.55,68.84,82.84,5.356e+16,6831000000000000.0,-6.039e+16,-3962000000000000.0,-6.3824e+16,-1.7587e+16,anss,753_anss
C201805060244A,2018-05-06T02:44:25,-72.48,-34.23,31.5,5.3,mw,0.01,0.01,0.6,,25.0,24.0,105.0,190.0,67.0,84.0,6.999999999999999e+16,400000000000000.0,-7.039999999999999e+16,-8300000000000000.0,-7.009999999999999e+16,-2.36e+16,gcmt,753_gcmt
1000edk8,2018-05-28T20:59:35,-68.7226,-31.2319,100.5,5.0,mww,7.2,7.2,2.3,0.062,28.25,38.12,-98.5,219.0,52.37,-83.39,-3.8501e+16,1.1014e+16,2.7487e+16,8562000000000000.0,6394000000000000.0,1.9815e+16,anss,754_anss
C201805282059A,2018-05-28T20:59:38,-68.71,-31.3,118.8,5.0,mw,0.03,0.02,1.9,,14.0,40.0,-100.0,207.0,50.0,-82.0,-4.08e+16,3890000000000000.0,3.7e+16,6710000000000000.0,5340000000000000.0,1.43e+16,gcmt,754_gcmt
1000ehan,2018-06-02T06:17:18,-73.7364,-38.3325,23.5,5.2,mww,6.4,6.4,3.3,0.057,0.16,18.07,92.75,177.27,71.95,89.1,5.0536e+16,5030000000000000.0,-5.5566e+16,3790000000000000.0,-7.2682e+16,1513000000000000.0,anss,755_anss
C201806020617A,2018-06-02T06:17:22,-73.9,-38.35,29.0,5.3,mw,0.02,0.01,0.8,,354.0,19.0,87.0,177.0,72.0,91.0,6.59e+16,2900000000000000.0,-6.879999999999999e+16,4100000000000000.0,-8.96e+16,5700000000000000.0,gcmt,755_gcmt
1000er8i,2018-06-14T06:27:39,-76.1157,-45.7298,19.5,5.7,mww,8.4,8.4,1.7,0.073,348.08,74.7,-8.78,80.42,81.53,-164.53,-2.701e+16,1.5319e+17,-1.2618e+17,-9.191e+16,-7.495e+16,-3.5501e+17,anss,756_anss
C201806140627A,2018-06-14T06:27:43,-76.46,-45.99,15.2,5.7,mw,0.01,0.01,0.6,,74.0,58.0,177.0,166.0,88.0,32.0,-2.21e+16,1.63e+17,-1.3999999999999998e+17,1.08e+17,-1.83e+17,-2.88e+17,gcmt,756_gcmt
C201806230231A,2018-06-23T02:31:40,-79.85,-44.67,24.7,5.1,mw,0.02,0.01,0.8,,350.0,77.0,0.0,80.0,90.0,-167.0,-8440000000000000.0,2.58e+16,-1.74e+16,-1.39e+16,90000000000000.0,-5.75e+16,gcmt,757_gcmt
C201807161029A,2018-07-16T10:29:55,-73.6,-35.65,15.9,5.1,mw,0.03,0.02,1.4,,31.0,17.0,113.0,187.0,74.0,83.0,2.63e+16,-330000000000000.0,-2.6e+16,-4000000000000000.0,-4.46e+16,-9390000000000000.0,gcmt,758_gcmt
2000h5yi,2018-08-31T13:25:01,-70.1,-32.217,100.5,5.0,mww,5.3,5.3,3.5,0.069,60.24,54.69,-36.63,173.5,60.86,-138.57,-2.6019e+16,-8008000000000000.0,3.4027e+16,-1.247e+16,1.128e+16,2.7772e+16,anss,759_anss
C201808311325A,2018-08-31T13:25:03,-70.21,-32.26,115.3,5.0,mw,0.02,0.02,2.2,,48.0,54.0,-45.0,169.0,55.0,-135.0,-2.86e+16,-8500000000000000.0,3.71e+16,-1.86e+16,6450000000000000.0,1.72e+16,gcmt,759_gcmt
1000h50j,2018-10-01T15:11:49,-76.0061,-45.7587,11.5,5.2,mww,8.4,8.4,1.9,0.053,169.23,76.21,0.39,79.14,89.62,166.21,-3133000000000000.0,2.655e+16,-2.3417e+16,1.6605e+16,1435000000000000.0,-6.2596e+16,anss,760_anss
C201810011511A,2018-10-01T15:11:51,-76.26,-45.88,17.6,5.3,mw,0.01,0.01,0.9,,78.0,44.0,178.0,170.0,88.0,46.0,7800000000000000.0,2.86e+16,-3.64e+16,2700000000000000.0,-7.36e+16,-6.33e+16,gcmt,760_gcmt
2000i7qy,2018-11-06T21:22:56,-77.0049,-45.5068,11.5,5.3,mww,8.6,8.6,1.8,0.075,79.08,56.01,-175.06,346.31,85.9,-34.09,-2.359e+16,4.232e+16,-1.873e+16,2.687e+16,-5.077e+16,-8.277e+16,anss,761_anss
C201811062122A,2018-11-06T21:22:57,-77.09,-45.69,12.0,5.2,mw,0.01,0.01,0.0,,75.0,53.0,-176.0,343.0,87.0,-37.0,-2.16e+16,4.29e+16,-2.13e+16,3.67e+16,-4.59e+16,-6.999999999999999e+16,gcmt,761_gcmt
1000i02j,2018-12-01T23:55:24,-72.4002,-33.9196,19.5,5.5,mww,3.2,3.2,1.5,0.052,18.17,19.2,100.92,186.62,71.16,86.23,1.5739e+17,-920000000000000.0,-1.5647e+17,-1.882e+16,-2.0629e+17,-3.526e+16,anss,762_anss
C201812012355A,2018-12-01T23:55:29,-72.55,-33.95,19.7,5.6,mw,0.01,0.01,0.4,,8.0,20.0,93.0,185.0,70.0,89.0,1.74e+17,1900000000000000.0,-1.76e+17,-1.83e+16,-2.11e+17,-2.15e+16,gcmt,762_gcmt
C201812051712A,2018-12-05T17:12:17,-71.57,-33.66,35.4,5.1,mw,0.04,0.02,1.0,,333.0,48.0,120.0,112.0,50.0,61.0,6.37e+16,-3.31e+16,-3.05e+16,2.6e+16,2.51e+16,2.16e+16,gcmt,763_gcmt
2000izex,2018-12-31T10:49:41,-69.2604,-31.7776,80.5,5.3,mww,6.4,6.4,3.8,0.05,39.53,44.11,-64.28,185.68,51.16,-112.81,-1.0406e+17,510000000000000.0,1.0354e+17,-2.224e+16,2.472e+16,5.108e+16,anss,764_anss
C201812311049A,2018-12-31T10:49:43,-69.35,-31.84,119.9,5.3,mw,0.01,0.01,0.9,,186.0,48.0,-121.0,48.0,50.0,-61.0,-9.57e+16,6800000000000000.0,8.89e+16,-3.4100000000000004e+16,1.28e+16,5.649999999999999e+16,gcmt,764_gcmt
2000j9mr,2019-01-28T09:00:45,-72.8367,-35.5947,35.5,5.2,mww,5.2,5.2,1.8,0.061,18.21,26.76,105.38,181.09,64.27,82.38,5.6965e+16,4950000000000000.0,-6.1915e+16,2545000000000000.0,-4.7483e+16,-1.0929e+16,anss,765_anss
C201901280900A,2019-01-28T09:00:53,-73.0,-35.61,28.5,5.2,mw,0.02,0.01,1.0,,15.0,17.0,101.0,184.0,73.0,87.0,4.64e+16,6100000000000000.0,-5.25e+16,-3800000000000000.0,-7.55e+16,-8799999999999998.0,gcmt,765_gcmt
1000j9yt,2019-03-02T20:21:51,-72.7288,-33.6711,15.5,5.5,mww,3.9,3.9,3.0,0.053,9.4,11.0,89.0,190.41,79.0,90.19,9.273e+16,-1.907e+16,-7.366e+16,-3.783e+16,-2.0454e+17,-9600000000000000.0,anss,766_anss
C201903022021A,2019-03-02T20:21:57,-72.69,-33.67,16.7,5.5,mw,0.01,0.01,0.5,,352.0,17.0,68.0,195.0,74.0,97.0,1.3999999999999998e+17,-6000000000000000.0,-1.34e+17,-6.39e+16,-2.07e+17,-4200000000000001.0,gcmt,766_gcmt
1000jbq5,2019-03-07T05:10:37,-69.0,-38.6237,11.5,5.0,mww,6.5,6.5,4.2,0.093,219.37,9.49,114.34,14.72,81.36,86.06,4743000000000000.0,9306000000000000.0,-1.4049e+16,9850000000000000.0,3.3926e+16,-9711000000000000.0,anss,767_anss
C201903151842A,2019-03-15T18:42:53,-76.42,-44.38,13.1,5.0,mw,0.02,0.02,0.9,,351.0,38.0,-114.0,200.0,56.0,-73.0,-3.99e+16,-3070000000000000.0,4.3e+16,1.26e+16,1.29e+16,4380000000000000.0,gcmt,768_gcmt
1000jh45,2019-03-16T17:54:33,-77.0,-45.6255,11.5,5.0,mww,4.7,4.7,1.6,0.053,79.1,70.11,-173.42,346.85,83.81,-20.01,1939000000000000.0,1.7148e+16,-1.9087e+16,-3935000000000000.0,-1.7914e+16,-3.9315e+16,anss,769_anss
C201903161754A,2019-03-16T17:54:34,-77.23,-45.68,15.6,5.1,mw,0.02,0.01,1.1,,78.0,64.0,-177.0,347.0,88.0,-26.0,2100000000000000.0,1.98e+16,-2.19e+16,200000000000000.0,-2.42e+16,-4.34e+16,gcmt,769_gcmt
2000kbs5,2019-04-07T10:52:41,-72.0,-33.8524,15.5,5.6,mww,2.7,2.7,1.8,0.055,13.94,30.68,102.55,179.43,60.13,82.65,2.8771e+17,1.959e+16,-3.0731e+17,2.062e+16,-1.7282e+17,-3.703e+16,anss,770_anss
C201904071052A,2019-04-07T10:52:48,-72.63,-33.84,12.0,5.7,mw,0.01,0.01,0.0,,14.0,17.0,96.0,188.0,73.0,88.0,2.44e+17,-3800000000000000.0,-2.4e+17,-4.76e+16,-3.61e+17,-4.85e+16,gcmt,770_gcmt
C201904211000A,2019-04-21T10:00:15,-71.86,-35.86,85.6,5.0,mw,0.03,0.02,3.5,,327.0,59.0,-154.0,223.0,68.0,-34.0,-1.85e+16,-2.5e+16,4.35e+16,1.65e+16,4140000000000000.0,6060000000000000.0,gcmt,771_gcmt
70003lxa,2019-05-16T00:32:13,-69.2521,-31.4807,100.5,5.1,mww,4.9,4.9,3.2,0.052,34.2,42.77,-83.45,205.32,47.57,-96.02,-6.3608e+16,2.0308e+16,4.33e+16,-2490000000000000.0,7141000000000000.0,1.9713e+16,anss,772_anss
C201905160032A,2019-05-16T00:32:15,-69.27,-31.46,120.9,5.2,mw,0.02,0.01,1.2,,32.0,42.0,-83.0,202.0,49.0,-97.0,-7.4e+16,2.09e+16,5.31e+16,-2870000000000000.0,1.05e+16,2.31e+16,gcmt,772_gcmt
70003mev,2019-05-17T05:27:28,-74.0327,-35.1547,11.5,5.2,mww,5.1,5.1,1.8,0.054,194.52,46.24,-110.97,43.51,47.59,-69.51,-7.2733e+16,1.6979e+16,5.5754e+16,-1.913e+16,8642000000000000.0,3.0976e+16,anss,773_anss
C201905170527A,2019-05-17T05:27:33,-74.15,-35.2,12.0,5.2,mw,0.01,0.01,0.0,,25.0,43.0,-88.0,203.0,47.0,-92.0,-6.7e+16,7870000000000000.0,5.91e+16,610000000000000.0,4480000000000000.0,2.8e+16,gcmt,773_gcmt
70003nha,2019-05-20T11:18:32,-70.2252,-31.4922,100.5,5.5,mww,5.8,5.8,1.8,0.068,280.05,75.27,-4.26,11.13,85.88,-165.23,-6.91e+16,1.224e+17,-5.33e+16,-1.783e+16,-5.604e+16,2.3491e+17,anss,774_anss
C201905201118A,2019-05-20T11:18:38,-70.04,-31.54,112.9,5.6,mw,0.01,0.01,1.0,,277.0,65.0,-13.0,13.0,79.0,-154.0,-5.28e+16,1.09e+17,-5.629999999999999e+16,2.05e+16,-1.18e+17,2.35e+17,gcmt,774_gcmt
600043h2,2019-06-20T01:23:26,-69.3978,-33.6533,140.5,5.4,mww,7.4,7.4,6.3,0.071,344.64,69.98,-165.58,249.61,76.47,-20.61,1500000000000000.0,-8.98e+16,8.83e+16,7.989e+16,-2.961e+16,1.2065e+17,anss,775_anss
C201906200123A,2019-06-20T01:23:30,-68.83,-33.68,162.9,5.5,mw,0.01,0.01,0.8,,352.0,52.0,-157.0,248.0,72.0,-40.0,-6.999999999999999e+16,-4.12e+16,1.1100000000000002e+17,1.26e+17,-1.7199999999999998e+16,1.23e+17,gcmt,775_gcmt
60004yps,2019-08-01T18:28:07,-72.3015,-34.2433,23.5,6.8,mww,5.1,5.1,1.8,0.045,17.18,13.43,101.72,185.14,76.85,87.22,7.446e+18,-2.35e+17,-7.211e+18,-1.16e+18,-1.499e+19,-1.437e+18,anss,776_anss
C201908011828A,2019-08-01T18:28:16,-72.24,-34.32,25.0,6.8,mw,0.01,0.0,0.2,,19.0,14.0,106.0,183.0,77.0,86.0,8.24e+18,1.1e+17,-8.35e+18,-5.2e+17,-1.66e+19,-1.64e+18,gcmt,776_gcmt
60004ys7,2019-08-01T20:01:28,-72.2477,-34.2695,23.5,5.6,mww,4.9,4.9,3.4,0.086,28.88,18.77,116.88,180.72,73.32,81.26,1.4289e+17,2.493e+16,-1.6782e+17,3680000000000000.0,-2.3598e+17,-4.582e+16,anss,777_anss
C201908012001A,2019-08-01T20:01:33,-72.08,-34.35,14.7,5.9,mw,0.03,0.03,2.0,,358.0,13.0,87.0,181.0,77.0,91.0,3.75e+17,-1.07e+16,-3.64e+17,-1.66e+16,-7.69e+17,2400000000000000.0,gcmt,777_gcmt
60004z17,2019-08-02T00:55:16,-72.198,-34.2794,23.5,5.4,mww,3.9,3.9,2.8,0.06,348.28,28.43,78.23,181.61,62.22,96.3,1.3501e+17,1.192e+16,-1.4694e+17,-9840000000000000.0,-9.602e+16,1.305e+16,anss,778_anss
C201908020055A,2019-08-02T00:55:22,-72.3,-34.18,23.9,5.4,mw,0.01,0.01,0.5,,350.0,24.0,69.0,193.0,68.0,99.0,1.1100000000000002e+17,1700000000000000.0,-1.1299999999999998e+17,-3.48e+16,-1.06e+17,-2400000000000000.0,gcmt,778_gcmt
C201908240233A,2019-08-24T02:33:04,-71.5,-31.46,95.9,5.0,mw,0.03,0.02,4.4,,306.0,49.0,-167.0,207.0,81.0,-42.0,-9820000000000000.0,-2.1e+16,3.09e+16,9960000000000000.0,1.97e+16,-1.1e+16,gcmt,779_gcmt
700057x3,2019-08-24T23:36:34,-74.4462,-43.2182,23.5,5.1,mww,4.8,4.8,3.1,0.069,34.79,24.44,108.71,194.38,66.93,81.71,3.922e+16,-2167000000000000.0,-3.7053e+16,-7650000000000000.0,-3.9192e+16,-1.886e+16,anss,780_anss
C201908242336A,2019-08-24T23:36:38,-74.42,-43.14,31.7,5.2,mw,0.02,0.01,0.7,,15.0,27.0,89.0,196.0,63.0,91.0,5.980000000000001e+16,-4970000000000000.0,-5.480000000000001e+16,-1.22e+16,-4.22e+16,-1.45e+16,gcmt,780_gcmt
70005c7g,2019-09-05T05:41:31,-73.7933,-36.1891,11.5,5.1,mww,5.3,5.3,1.6,0.071,22.49,19.27,101.6,190.22,71.13,85.98,3.5377e+16,882000000000000.0,-3.6259e+16,-7530000000000000.0,-4.7498e+16,-1.1372e+16,anss,781_anss
C201909050541A,2019-09-05T05:41:37,-73.91,-36.18,13.4,5.1,mw,0.01,0.01,0.8,,3.0,21.0,78.0,196.0,70.0,94.0,3.79e+16,2990000000000000.0,-4.09e+16,-1.36e+16,-4.44e+16,-7910000000000000.0,gcmt,781_gcmt
70005g9f,2019-09-14T05:15:31,-68.6295,-31.3971,90.5,5.0,mww,7.4,7.4,4.7,0.049,54.5,44.1,-78.83,219.12,46.94,-100.63,-4.3729e+16,2.3548e+16,2.0181e+16,-1954000000000000.0,5452000000000000.0,2.734e+16,anss,782_anss
C201909140515A,2019-09-14T05:15:34,-68.46,-31.36,122.2,5.1,mw,0.02,0.01,1.4,,212.0,45.0,-113.0,64.0,49.0,-68.0,-4.39e+16,2.55e+16,1.84e+16,-1.01e+16,6180000000000000.0,3.04e+16,gcmt,782_gcmt
60005m4u,2019-09-23T08:24:39,-73.827,-36.0464,11.5,5.3,mww,4.8,4.8,1.8,0.052,1.71,14.21,74.66,197.51,76.31,93.83,4.3288e+16,2606000000000000.0,-4.5893e+16,-2.7301e+16,-8.2499e+16,-9118000000000000.0,anss,783_anss
C201909230824A,2019-09-23T08:24:46,-73.96,-36.18,12.7,5.3,mw,0.01,0.01,0.7,,4.0,16.0,81.0,194.0,74.0,93.0,4.89e+16,2500000000000000.0,-5.14e+16,-2.09e+16,-7.99e+16,-9300000000000000.0,gcmt,783_gcmt
70005lt4,2019-09-26T16:36:18,-72.02,-40.8003,130.5,6.1,mww,4.5,4.5,1.8,0.058,88.35,64.62,27.81,345.61,65.07,151.79,5.693e+17,-6.336e+17,6.44e+16,4.195e+17,5.732e+17,1.2148e+18,anss,784_anss
C201909261636A,2019-09-26T16:36:22,-72.06,-40.9,139.0,6.1,mw,0.01,0.0,0.4,,96.0,58.0,33.0,347.0,62.0,143.0,8.12e+17,-5.5600000000000006e+17,-2.55e+17,3.91e+17,6.17e+17,1.22e+18,gcmt,784_gcmt
70005nie,2019-09-29T15:57:53,-73.04,-35.5745,23.5,6.7,mww,3.0,3.0,1.8,0.04,16.21,15.14,104.02,181.71,75.32,86.25,6.476e+18,-4.41e+17,-6.035e+18,-8.4e+16,-1.1176e+19,-9.71e+17,anss,785_anss
C201909291557A,2019-09-29T15:58:00,-73.1,-35.56,16.7,6.7,mw,0.0,0.0,0.2,,16.0,12.0,106.0,180.0,78.0,87.0,6.12e+18,1.7e+17,-6.29e+18,3e+17,-1.39e+19,-8.4e+17,gcmt,785_gcmt
70005nkr,2019-09-29T20:11:58,-73.0714,-35.3005,19.5,5.0,mww,4.9,4.9,3.1,0.127,3.74,31.22,-127.54,225.68,65.73,-69.73,-2.5149e+16,923000000000000.0,2.4227e+16,1.9287e+16,1.2727e+16,1.4451e+16,anss,786_anss
70006345,2019-11-04T21:53:24,-71.7195,-31.7222,60.5,6.1,mww,4.7,4.7,1.8,0.057,202.45,38.78,112.27,354.74,54.57,73.06,1.4143e+18,-2.44e+16,-1.3899e+18,-3.303e+17,4.554e+17,-2.199e+17,anss,787_anss
C201911042153A,2019-11-04T21:53:26,-71.37,-31.81,67.2,6.1,mw,0.01,0.01,0.5,,205.0,33.0,118.0,352.0,61.0,73.0,1.44e+18,2.27e+17,-1.67e+18,-3.35e+17,8.96e+17,-2.7200000000000003e+17,gcmt,787_gcmt
60006c5a,2019-11-15T17:16:42,-72.1342,-33.991,19.5,5.2,mww,3.9,3.9,2.5,0.075,28.54,23.35,120.61,175.74,70.05,77.6,5.4285e+16,7675000000000000.0,-6.196e+16,9995000000000000.0,-6.7217e+16,-1.3885e+16,anss,788_anss
C201911151716A,2019-11-15T17:16:48,-72.33,-34.01,22.0,5.2,mw,0.01,0.01,0.6,,10.0,23.0,107.0,171.0,68.0,83.0,6.26e+16,1900000000000000.0,-6.45e+16,1.4099999999999998e+16,-6.54e+16,-800000000000000.0,gcmt,788_gcmt
C201911192310A,2019-11-19T23:10:45,-66.98,-33.79,14.8,5.7,mw,0.01,0.01,0.3,,213.0,47.0,61.0,73.0,50.0,118.0,3.2e+17,-2.43e+17,-7.64e+16,6.61e+16,-5.14e+16,-2.91e+17,gcmt,789_gcmt
70006bz9,2019-11-22T22:27:31,-69.7963,-32.6949,100.5,5.0,mww,4.8,4.8,3.3,0.086,344.67,27.28,-82.66,156.42,62.96,-93.77,-3.1806e+16,9277000000000000.0,2.2529e+16,-9667000000000000.0,1.7815e+16,-4703000000000000.0,anss,790_anss
C201911222227A,2019-11-22T22:27:32,-70.15,-32.77,114.2,5.1,mw,0.02,0.02,1.9,,359.0,32.0,-70.0,156.0,61.0,-102.0,-4.31e+16,4750000000000000.0,3.83e+16,-1.6e+16,1.98e+16,-7060000000000000.0,gcmt,790_gcmt
70006yzw,2020-01-13T02:01:41,-71.0014,-40.5133,170.5,5.3,mww,6.3,6.3,4.1,0.063,273.42,27.91,-18.06,19.49,81.66,-116.73,-3.237e+16,4.718e+16,-1.481e+16,-5700000000000000.0,-9.16e+16,2.956e+16,anss,791_anss
C202001130201A,2020-01-13T02:01:45,-71.42,-40.33,189.9,5.4,mw,0.01,0.01,0.9,,259.0,14.0,-25.0,14.0,84.0,-103.0,-3.19e+16,1.94e+16,1.25e+16,-3.14e+16,-1.47e+17,3.64e+16,gcmt,791_gcmt
70007s7z,2020-02-18T05:32:45,-73.2463,-35.5928,25.5,5.0,mww,4.7,4.7,1.7,0.056,17.1,14.52,96.9,189.98,75.59,88.22,1.9572e+16,2596000000000000.0,-2.2169e+16,-6607000000000000.0,-3.8542e+16,-5974000000000000.0,anss,792_anss
C202002180532A,2020-02-18T05:32:50,-73.27,-35.63,15.0,5.1,mw,0.02,0.02,0.0,,13.0,13.0,99.0,184.0,78.0,88.0,2.33e+16,2280000000000000.0,-2.55e+16,-3560000000000000.0,-5.29e+16,-3970000000000000.0,gcmt,792_gcmt
60008gzt,2020-03-17T08:12:03,-73.1419,-36.157,35.5,5.6,mww,3.4,3.4,2.9,0.043,102.72,31.49,69.74,306.12,60.65,101.98,2.1571e+17,-1.9502e+17,-2.069e+16,-9.659e+16,9.807e+16,1.0387e+17,anss,793_anss
C202003170812A,2020-03-17T08:12:04,-73.13,-36.17,38.0,5.6,mw,0.01,0.01,0.4,,109.0,28.0,79.0,301.0,62.0,96.0,1.99e+17,-1.86e+17,-1.33e+16,-1.26e+17,8.48e+16,1.08e+17,gcmt,793_gcmt
C202003231746A,2020-03-23T17:46:15,-79.39,-44.68,12.4,5.0,mw,0.03,0.02,0.9,,64.0,42.0,105.0,224.0,49.0,76.0,3.27e+16,-2.15e+16,-1.11e+16,340000000000000.0,-7260000000000000.0,-1.6200000000000002e+16,gcmt,794_gcmt
C202004010355A,2020-04-01T03:55:23,-76.77,-45.63,19.8,5.0,mw,0.05,0.05,1.2,,341.0,43.0,-87.0,157.0,47.0,-93.0,-4.62e+16,1.3e+16,3.32e+16,-2780000000000000.0,1430000000000000.0,-9190000000000000.0,gcmt,795_gcmt
70008jxh,2020-04-01T04:09:22,-76.8826,-45.6909,11.5,5.2,mww,7.4,7.4,1.7,0.056,354.53,41.99,-71.8,150.67,50.54,-105.7,-9.1685e+16,1.1329e+16,8.0356e+16,-2.4921e+16,6292000000000000.0,-2.3511e+16,anss,796_anss
C202004010409A,2020-04-01T04:09:23,-76.81,-45.62,12.0,5.2,mw,0.01,0.01,0.0,,330.0,44.0,-109.0,176.0,49.0,-73.0,-8.46e+16,1.06e+16,7.39e+16,1.89e+16,1.32e+16,-2.15e+16,gcmt,796_gcmt
C202004010412A,2020-04-01T04:12:20,-77.02,-45.66,20.3,5.2,mw,0.04,0.04,1.5,,336.0,25.0,-109.0,176.0,66.0,-81.0,-5.59e+16,1e+16,4.58e+16,3340000000000000.0,4.69e+16,-1.1200000000000002e+16,gcmt,797_gcmt
C202004141602A,2020-04-14T16:02:14,-70.33,-33.83,115.3,5.0,mw,0.03,0.02,2.6,,112.0,55.0,-136.0,353.0,55.0,-45.0,-2.65e+16,6390000000000000.0,2.01e+16,-1.6299999999999998e+16,-1.29e+16,-2.52e+16,gcmt,798_gcmt
C202004141854A,2020-04-14T18:54:46,-79.9,-44.71,33.4,5.0,mw,0.04,0.02,1.5,,351.0,79.0,9.0,259.0,81.0,169.0,9510000000000000.0,9940000000000000.0,-1.95e+16,-7540000000000000.0,3870000000000000.0,-4.230000000000001e+16,gcmt,799_gcmt
70008xkv,2020-04-16T15:13:08,-73.6474,-37.9853,19.5,5.1,mww,2.8,2.8,2.9,0.062,217.63,45.41,-78.76,21.83,45.7,-101.18,-4.7925e+16,1.1476e+16,3.6448e+16,5753000000000000.0,-3566000000000000.0,2.1159e+16,anss,800_anss
C202004161513A,2020-04-16T15:13:10,-73.65,-38.06,22.0,5.1,mw,0.02,0.01,0.6,,219.0,46.0,-72.0,15.0,47.0,-107.0,-5.08e+16,9780000000000000.0,4.11e+16,9740000000000000.0,-6460000000000000.0,2.17e+16,gcmt,800_gcmt
70009p3k,2020-05-23T13:11:01,-69.6161,-33.6114,120.5,5.2,mww,7.3,7.3,4.1,0.051,3.02,58.23,-148.03,254.83,63.25,-36.14,-3.3551e+16,4434000000000000.0,2.9117e+16,4.2343e+16,-2.8005e+16,5.367e+16,anss,801_anss
C202005231310A,2020-05-23T13:11:04,-69.81,-33.56,130.1,5.2,mw,0.01,0.01,1.1,,251.0,57.0,-32.0,0.0,64.0,-143.0,-3.68e+16,1790000000000000.0,3.5e+16,4.81e+16,-4.29e+16,5.6e+16,gcmt,801_gcmt
7000ab22,2020-06-25T11:55:05,-71.6175,-32.3266,40.5,5.2,mww,4.6,4.6,1.8,0.073,21.93,43.69,109.9,175.33,49.5,71.99,6.4184e+16,1.2973e+16,-7.7157e+16,1.1585e+16,-9186000000000000.0,-1.3584e+16,anss,802_anss
C202006251155A,2020-06-25T11:55:07,-71.82,-32.13,35.0,5.2,mw,0.01,0.01,0.7,,28.0,39.0,129.0,162.0,60.0,63.0,5.68e+16,1.39e+16,-7.08e+16,2.58e+16,-2.73e+16,-7160000000000000.0,gcmt,802_gcmt
C202007021235A,2020-07-02T12:35:51,-72.34,-34.14,32.8,5.0,mw,0.03,0.02,0.8,,8.0,29.0,90.0,188.0,61.0,90.0,3.95e+16,-4820000000000000.0,-3.47e+16,-3350000000000000.0,-2.37e+16,-4320000000000000.0,gcmt,803_gcmt
7000c6lj,2020-10-28T04:52:32,-71.9494,-34.7813,60.5,5.5,mww,4.0,4.0,3.1,0.05,341.03,52.57,-132.48,217.46,54.15,-48.57,-1.4826e+17,-7.67e+16,2.2496e+17,6.744e+16,-5310000000000000.0,5.116e+16,anss,804_anss
C202010280452A,2020-10-28T04:52:35,-71.72,-34.96,76.6,5.4,mw,0.01,0.01,1.0,,342.0,54.0,-148.0,232.0,65.0,-40.0,-8.8e+16,-6.24e+16,1.5e+17,8.31e+16,2500000000000000.0,7.24e+16,gcmt,804_gcmt
C202011030240A,2020-11-03T02:41:02,-79.46,-44.61,18.4,6.0,mw,0.01,0.0,0.3,,258.0,86.0,-179.0,168.0,89.0,-4.0,-7.9e+16,5.91e+17,-5.11e+17,3000000000000000.0,8.6e+16,-1.21e+18,gcmt,805_gcmt
C202011031947A,2020-11-03T19:47:37,-79.91,-44.77,29.0,5.0,mw,0.03,0.02,1.2,,263.0,73.0,179.0,353.0,89.0,17.0,-6450000000000000.0,1.09e+16,-4440000000000000.0,-4670000000000000.0,9280000000000000.0,-3.11e+16,gcmt,806_gcmt
C202011210211A,2020-11-21T02:11:52,-71.47,-31.07,62.3,5.5,mw,0.01,0.01,0.6,,353.0,32.0,98.0,164.0,58.0,85.0,2.06e+17,1.7399999999999998e+16,-2.23e+17,3.91e+16,-1.02e+17,5.28e+16,gcmt,807_gcmt
C202011220054A,2020-11-22T00:55:00,-73.12,-34.67,33.8,6.1,mw,0.01,0.0,0.4,,171.0,48.0,169.0,268.0,82.0,43.0,1.67e+17,-1.17e+17,-5e+16,-1.27e+18,-7.1e+17,1.28e+18,gcmt,808_gcmt
6000crcq,2020-11-22T00:55:03,-73.194,-34.6173,21.5,6.1,mww,4.6,4.6,1.8,0.034,174.71,60.01,163.37,273.2,75.65,31.06,1.434e+17,-4.26e+16,-1.007e+17,-1.0187e+18,-7.029e+17,1.4231e+18,anss,808_anss
C202012030237A,2020-12-03T02:37:29,-67.12,-31.92,138.3,5.2,mw,0.01,0.01,1.1,,235.0,53.0,28.0,128.0,68.0,140.0,4.34e+16,-9.2e+16,4.87e+16,1.98e+16,-3.4100000000000004e+16,6400000000000000.0,gcmt,809_gcmt
C202012080707A,2020-12-08T07:07:21,-71.48,-32.15,44.2,5.1,mw,0.02,0.02,1.1,,181.0,31.0,77.0,15.0,60.0,98.0,4.19e+16,-1340000000000000.0,-4.05e+16,9290000000000000.0,2.12e+16,-5400000000000000.0,gcmt,810_gcmt
C202012272139A,2020-12-27T21:39:21,-75.26,-39.58,12.0,6.7,mw,0.0,0.0,0.0,,1.0,43.0,-109.0,206.0,50.0,-73.0,-1.34e+19,-1.8e+17,1.36e+19,3.39e+18,9.4e+17,3.47e+18,gcmt,811_gcmt
6000d3i9,2020-12-27T21:39:33,-74.6525,-39.4331,11.5,6.7,mww,5.8,5.8,1.7,0.048,354.89,43.07,-114.41,206.74,51.55,-68.88,-1.2417e+19,1.225e+18,1.1192e+19,4.63e+18,9.18e+17,1.839e+18,anss,811_anss
C202101160353A,2021-01-16T03:53:37,-71.38,-31.09,62.3,5.2,mw,0.01,0.01,2.1,,30.0,21.0,-34.0,152.0,78.0,-108.0,-2.7e+16,-8630000000000000.0,3.57e+16,-3.25e+16,5e+16,2819999999999999.5,gcmt,812_gcmt
C202101190246A,2021-01-19T02:46:26,-68.86,-31.85,25.8,6.5,mw,0.0,0.0,0.3,,223.0,61.0,164.0,321.0,76.0,30.0,2.1600000000000005e+18,4.99e+18,-7.15e+18,-2.34e+18,1.65e+18,-3.35e+17,gcmt,813_gcmt
7000d18q,2021-01-19T02:46:31,-68.8703,-31.8174,23.5,6.4,mww,2.9,2.9,3.6,0.055,226.96,57.09,174.66,319.87,85.52,33.02,5.964e+17,4.5685e+18,-5.1649e+18,-2.2109e+18,2.2255e+18,-5.427e+17,anss,813_anss
7000d2s4,2021-01-24T00:07:48,-70.0287,-33.3533,120.5,5.7,mww,5.3,5.3,3.4,0.093,99.42,20.8,175.13,193.97,88.27,69.27,3.591e+16,-1.0286e+17,6.695e+16,-9.825e+16,-4.6491e+17,-1.5822e+17,anss,814_anss
C202101240007A,2021-01-24T00:07:48,-70.01,-33.5,108.1,5.7,mw,0.04,0.03,10.1,,197.0,5.0,-94.0,21.0,85.0,-90.0,-2.7800000000000004e+16,-8.65e+16,1.1399999999999998e+17,-1.79e+17,-4.76e+17,8.44e+16,gcmt,814_gcmt
C202102111401A,2021-02-11T14:01:32,-71.96,-39.87,21.2,5.0,mw,0.02,0.01,1.4,,78.0,82.0,-7.0,169.0,83.0,-172.0,-3560000000000000.0,-1.39e+16,1.74e+16,-5370000000000000.0,4030000000000000.0,3.64e+16,gcmt,815_gcmt
7000dh39,2021-03-08T12:48:07,-69.7852,-32.204,130.5,5.2,mww,4.3,4.3,3.7,0.06,206.61,41.73,-82.41,16.49,48.72,-96.72,-8.3507e+16,1798000000000000.0,8.1709e+16,1911000000000000.0,-1.2609e+16,3.7122e+16,anss,816_anss
C202103081248A,2021-03-08T12:48:09,-69.78,-32.18,105.9,5.2,mw,0.02,0.01,1.2,,197.0,45.0,-105.0,37.0,47.0,-76.0,-8.25e+16,8900000000000000.0,7.36e+16,-1.33e+16,2000000000000000.0,4.41e+16,gcmt,816_gcmt
6000e2s5,2021-04-19T03:18:57,-72.413,-34.0729,17.5,5.1,mww,3.5,3.5,2.9,0.083,14.98,30.85,109.24,172.86,61.04,78.87,4.495e+16,-2144000000000000.0,-4.2806e+16,9141000000000000.0,-2.6238e+16,-3343000000000000.0,anss,817_anss
C202104190318A,2021-04-19T03:19:03,-72.45,-34.02,21.2,5.2,mw,0.01,0.01,0.6,,12.0,20.0,99.0,182.0,70.0,87.0,5.97e+16,-300000000000000.0,-5.94e+16,-899999999999999.9,-7.13e+16,-7500000000000000.0,gcmt,817_gcmt
6000e2sp,2021-04-19T04:11:32,-72.3958,-33.9848,11.5,5.2,mww,3.4,3.4,3.1,0.069,2.57,10.62,102.55,169.81,79.64,87.67,3.0676e+16,4064000000000000.0,-3.474e+16,1.5699e+16,-8.4882e+16,3216000000000000.0,anss,818_anss
C202104190411A,2021-04-19T04:11:33,-72.44,-34.03,19.8,5.3,mw,0.02,0.01,0.9,,7.0,19.0,98.0,179.0,71.0,87.0,5.699999999999999e+16,1200000000000000.0,-5.83e+16,3100000000000000.0,-7.52e+16,-2900000000000000.0,gcmt,818_gcmt
6000e2uw,2021-04-19T11:13:28,-72.2438,-34.1689,15.5,5.1,mww,4.0,4.0,1.7,0.071,26.15,23.49,125.24,168.55,71.0,75.92,3.7156e+16,-1446000000000000.0,-3.571e+16,1.528e+16,-4.2366e+16,-6532000000000000.0,anss,819_anss
C202104191113A,2021-04-19T11:13:33,-72.45,-33.97,21.9,5.2,mw,0.01,0.01,0.7,,11.0,22.0,99.0,182.0,68.0,86.0,5.61e+16,-2200000000000000.0,-5.39e+16,520000000000000.0,-5.65e+16,-6090000000000000.0,gcmt,819_gcmt
C202104191305A,2021-04-19T13:05:31,-72.37,-34.05,23.3,5.0,mw,0.02,0.02,0.9,,340.0,27.0,74.0,178.0,64.0,98.0,3.51e+16,-3860000000000000.0,-3.12e+16,-2080000000000000.0,-2.64e+16,6220000000000000.0,gcmt,820_gcmt
6000e3j6,2021-04-22T00:17:15,-72.4495,-34.0868,25.5,5.5,mww,3.5,3.5,1.7,0.058,7.7,25.34,95.8,181.29,64.8,87.26,1.4271e+17,8710000000000000.0,-1.5142e+17,570000000000000.0,-1.2186e+17,-1.216e+16,anss,821_anss
C202104220017A,2021-04-22T00:17:20,-72.46,-34.03,21.1,5.5,mw,0.01,0.01,0.5,,7.0,21.0,96.0,181.0,69.0,88.0,1.53e+17,3300000000000000.0,-1.56e+17,-300000000000000.0,-1.75e+17,-1.13e+16,gcmt,821_gcmt
C202104290217A,2021-04-29T02:17:20,-71.05,-37.29,155.4,5.7,mw,0.01,0.01,0.6,,115.0,28.0,-159.0,6.0,80.0,-64.0,-1.31e+17,-4.74e+16,1.79e+17,-6.7e+16,-3.8e+17,-1.77e+17,gcmt,822_gcmt
7000dydz,2021-04-29T02:17:24,-70.9266,-37.1883,120.5,5.6,mww,6.6,6.6,1.8,0.039,113.52,30.8,-158.54,4.87,79.2,-60.98,-1.1039e+17,-2.186e+16,1.3225e+17,-5.863e+16,-2.7254e+17,-1.5006e+17,anss,822_anss
C202106050305A,2021-06-05T03:05:17,-74.1,-35.01,18.5,5.4,mw,0.01,0.01,0.3,,19.0,33.0,-114.0,226.0,60.0,-75.0,-1.26e+17,3.26e+16,9.32e+16,6.45e+16,3.51e+16,6.56e+16,gcmt,823_gcmt
7000e9wd,2021-06-05T03:05:18,-74.0378,-34.8687,11.5,5.4,mww,5.4,5.4,2.7,0.043,17.81,24.24,-124.57,234.89,70.24,-75.66,-1.0279e+17,3.203e+16,7.076e+16,1.0888e+17,5.789e+16,5.71e+16,anss,823_anss
C202106120336A,2021-06-12T03:36:31,-72.3,-33.65,27.7,5.2,mw,0.02,0.01,0.8,,15.0,22.0,97.0,187.0,68.0,87.0,5.64e+16,-2680000000000000.0,-5.37e+16,-5750000000000000.0,-5.68e+16,-1.04e+16,gcmt,824_gcmt
7000ec9v,2021-06-12T03:36:31,-71.8315,-33.7424,25.5,5.1,mww,3.9,3.9,3.0,0.08,174.64,45.25,72.06,19.34,47.5,107.26,4.7481e+16,5056000000000000.0,-5.2537e+16,9991000000000000.0,779000000000000.0,-7216000000000000.0,anss,824_anss
C202106221916A,2021-06-22T19:16:29,-71.14,-32.06,75.2,5.0,mw,0.03,0.03,2.3,,21.0,41.0,-81.0,190.0,49.0,-97.0,-3.31e+16,-1740000000000000.0,3.4900000000000004e+16,-1500000000000000.0,5400000000000000.0,1.1e+16,gcmt,825_gcmt
C202107311214A,2021-07-31T12:14:31,-71.96,-32.75,33.0,5.2,mw,0.03,0.02,1.2,,352.0,32.0,89.0,173.0,58.0,91.0,5.93e+16,1.1299999999999998e+16,-7.06e+16,3540000000000000.0,-3.27e+16,1.05e+16,gcmt,826_gcmt
C202109140156A,2021-09-14T01:56:39,-72.08,-31.79,27.4,5.1,mw,0.04,0.03,1.2,,342.0,25.0,81.0,172.0,66.0,94.0,4.67e+16,-1.09e+16,-3.58e+16,2570000000000000.0,-3.74e+16,7090000000000000.0,gcmt,827_gcmt
C202109150846A,2021-09-15T08:47:04,-72.26,-32.25,18.3,5.1,mw,0.03,0.02,1.2,,353.0,17.0,91.0,172.0,73.0,90.0,3.14e+16,-4440000000000000.0,-2.7e+16,5820000000000000.0,-4.34e+16,2860000000000000.0,gcmt,828_gcmt
C202109201312A,2021-09-20T13:12:08,-74.2,-36.85,19.4,5.1,mw,0.02,0.02,0.8,,359.0,22.0,82.0,188.0,69.0,93.0,4.230000000000001e+16,-2390000000000000.0,-3.99e+16,-7500000000000000.0,-4.35e+16,-2230000000000000.0,gcmt,829_gcmt
7000fcvb,2021-09-20T13:12:12,-73.9945,-36.7559,11.5,5.1,mww,5.2,5.2,4.5,0.071,7.44,15.55,90.84,186.57,74.45,89.77,2.6792e+16,887000000000000.0,-2.7679e+16,-5161000000000000.0,-4.5221e+16,-3553000000000000.0,anss,829_anss
C202109211314A,2021-09-21T13:14:45,-74.28,-36.82,12.0,6.4,mw,0.0,0.0,0.0,,6.0,16.0,86.0,190.0,74.0,91.0,2.67e+18,3.3e+16,-2.7e+18,-8.29e+17,-4.39e+18,-4e+17,gcmt,830_gcmt
7000fd4k,2021-09-21T13:14:53,-74.0866,-36.7823,21.5,6.4,mww,6.2,6.2,3.0,0.043,11.27,25.57,93.31,187.6,64.48,88.42,4.3515e+18,-3.141e+17,-4.0374e+18,-3.82e+17,-3.4132e+18,-6.431e+17,anss,830_anss
C202109221742A,2021-09-22T17:42:07,-74.27,-36.85,23.0,5.0,mw,0.02,0.02,1.1,,348.0,32.0,70.0,191.0,61.0,102.0,3.41e+16,-2310000000000000.0,-3.18e+16,-8700000000000000.0,-1.82e+16,650000000000000.0,gcmt,831_gcmt
C202109290753A,2021-09-29T07:54:00,-68.15,-33.33,27.9,5.0,mw,0.04,0.03,1.5,,200.0,27.0,106.0,2.0,64.0,82.0,3.06e+16,-1450000000000000.0,-2.91e+16,-1840000000000000.0,2.36e+16,-5560000000000000.0,gcmt,832_gcmt
C202110041236A,2021-10-04T12:36:21,-72.15,-31.72,30.1,5.1,mw,0.03,0.02,1.1,,344.0,30.0,87.0,168.0,60.0,92.0,4.37e+16,-5610000000000001.0,-3.81e+16,3820000000000000.0,-2.33e+16,8550000000000000.0,gcmt,833_gcmt
C202110130755A,2021-10-13T07:55:33,-72.33,-50.4,12.0,5.5,mw,0.01,0.01,0.0,,48.0,53.0,140.0,165.0,59.0,44.0,1.2e+17,6.35e+16,-1.83e+17,6.31e+16,-3.59e+16,-7.68e+16,gcmt,834_gcmt
C202110181832A,2021-10-18T18:32:15,-77.41,-45.73,16.7,5.0,mw,0.02,0.01,1.1,,347.0,81.0,-4.0,77.0,86.0,-171.0,990000000000000.0,1.84e+16,-1.94e+16,-5910000000000000.0,-4740000000000000.0,-3.88e+16,gcmt,835_gcmt
C202110182223A,2021-10-18T22:23:39,-77.36,-45.73,12.4,5.1,mw,0.01,0.01,1.1,,80.0,78.0,-172.0,349.0,82.0,-12.0,2540000000000000.0,1.8e+16,-2.05e+16,-6460000000000000.0,-1.41e+16,-4.94e+16,gcmt,836_gcmt
6000fvra,2021-10-18T22:23:40,-77.4823,-45.6762,11.5,5.1,mww,9.2,9.2,1.9,0.065,350.67,55.62,2.47,259.28,87.96,145.59,683000000000000.0,1.7033e+16,-1.7716e+16,-3.3534e+16,-2273000000000000.0,-4.5347e+16,anss,836_anss
C202111030317A,2021-11-03T03:17:51,-69.91,-32.88,117.3,5.7,mw,0.01,0.01,0.9,,209.0,22.0,-36.0,333.0,77.0,-108.0,-1.72e+17,-9.06e+16,2.62e+17,1.88e+17,-3.33e+17,-5800000000000000.0,gcmt,837_gcmt
7000fr0v,2021-11-03T03:17:53,-70.0903,-32.7109,70.5,5.7,mww,4.6,4.6,1.3,0.041,188.43,16.68,-59.23,336.57,75.72,-98.72,-1.8566e+17,-9640000000000000.0,1.9529e+17,1.4846e+17,-3.0383e+17,-2.611e+16,anss,837_anss
C202111080616A,2021-11-08T06:16:32,-73.48,-34.06,17.2,5.0,mw,0.03,0.02,0.8,,39.0,32.0,-100.0,231.0,59.0,-84.0,-3.63e+16,1.81e+16,1.82e+16,1.6e+16,9660000000000000.0,1.57e+16,gcmt,838_gcmt
C202112010439A,2021-12-01T04:39:27,-73.66,-38.02,21.5,5.2,mw,0.01,0.01,0.4,,152.0,24.0,-107.0,350.0,67.0,-83.0,-5.75e+16,2.1e+16,3.65e+16,2300000000000000.0,-4.82e+16,-9990000000000000.0,gcmt,839_gcmt
6000g836,2021-12-01T04:39:29,-73.6298,-37.8959,13.5,5.1,mww,4.1,4.1,2.6,0.047,153.24,29.94,-116.39,3.04,63.44,-75.64,-5.0784e+16,9291000000000000.0,4.1493e+16,-1.2098e+16,-3.4276e+16,-9646000000000000.0,anss,839_anss
C202202280115A,2022-02-28T01:15:21,-73.99,-37.07,12.7,5.6,mw,0.01,0.01,0.4,,5.0,17.0,90.0,185.0,73.0,90.0,1.97e+17,1e+16,-2.07e+17,-2.89e+16,-3.05e+17,-2.09e+16,gcmt,840_gcmt
6000h0lw,2022-02-28T01:15:23,-74.0064,-36.973,15.5,5.7,mww,4.6,4.6,2.6,0.042,1.95,10.85,86.1,185.92,79.17,90.75,1.9006e+17,1740000000000000.0,-1.918e+17,-5.092e+16,-4.7904e+17,-1.35e+16,anss,840_anss
C202204011128A,2022-04-01T11:28:07,-67.97,-31.39,117.2,5.2,mw,0.01,0.01,1.2,,29.0,46.0,-70.0,181.0,47.0,-109.0,-7.37e+16,-1.23e+16,8.61e+16,-1.34e+16,5200000000000000.0,2.83e+16,gcmt,841_gcmt
C202204030516A,2022-04-03T05:16:39,-67.07,-31.54,136.3,5.1,mw,0.01,0.01,1.6,,214.0,38.0,-53.0,351.0,61.0,-115.0,-4.16e+16,-7430000000000000.0,4.9e+16,1.36e+16,-2.38e+16,1.29e+16,gcmt,842_gcmt
7000h2q1,2022-04-16T17:10:35,-72.3683,-34.3918,11.5,5.0,mww,3.2,3.2,2.9,0.078,34.61,28.87,130.72,170.1,68.53,70.22,2.3903e+16,3609000000000000.0,-2.7512e+16,8847000000000000.0,-2.4661e+16,-7024000000000000.0,anss,843_anss
C202204161710A,2022-04-16T17:10:39,-72.37,-33.94,21.7,5.1,mw,0.02,0.01,0.8,,3.0,23.0,90.0,183.0,67.0,90.0,3.69e+16,-940000000000000.0,-3.6e+16,-1640000000000000.0,-3.62e+16,-1760000000000000.0,gcmt,843_gcmt
C202205040345A,2022-05-04T03:46:03,-72.01,-32.2,32.2,5.0,mw,0.02,0.01,0.8,,355.0,36.0,62.0,208.0,58.0,109.0,3.28e+16,1930000000000000.0,-3.47e+16,-1.35e+16,-1.17e+16,-8050000000000000.0,gcmt,844_gcmt
C202205040654A,2022-05-04T06:54:16,-72.02,-32.31,34.6,5.1,mw,0.02,0.01,0.9,,4.0,27.0,72.0,205.0,64.0,99.0,3.65e+16,-580000000000000.0,-3.59e+16,-1.49e+16,-2.5e+16,-9880000000000000.0,gcmt,845_gcmt
7000h6zc,2022-05-04T11:59:37,-71.8486,-32.2337,21.5,5.2,mww,1.8,1.8,4.1,0.066,13.79,16.69,69.7,214.91,74.37,95.94,3.5073e+16,-3400000000000000.0,-3.1673e+16,-3.5938e+16,-4.8983e+16,-1.737e+16,anss,846_anss
C202205041159A,2022-05-04T11:59:39,-71.99,-32.29,31.7,5.3,mw,0.01,0.01,0.7,,359.0,23.0,65.0,206.0,69.0,100.0,6.24e+16,5600000000000000.0,-6.800000000000001e+16,-3.67e+16,-6.44e+16,-1.88e+16,gcmt,846_gcmt
C202205041248A,2022-05-04T12:48:26,-72.06,-32.26,32.4,5.1,mw,0.01,0.01,0.5,,357.0,33.0,72.0,198.0,59.0,101.0,4.9e+16,1870000000000000.0,-5.09e+16,-1.34e+16,-2.37e+16,-7260000000000000.0,gcmt,847_gcmt
7000h6zr,2022-05-04T12:48:30,-71.8458,-32.3225,35.5,5.1,mww,4.9,4.9,4.4,0.078,346.59,43.36,72.26,190.33,49.16,106.05,5.83e+16,4161000000000000.0,-6.2462e+16,-1.2095e+16,-6477000000000000.0,1743000000000000.0,anss,847_anss
C202205052105A,2022-05-05T21:05:30,-73.07,-33.14,37.9,5.2,mw,0.02,0.02,0.8,,218.0,45.0,118.0,1.0,51.0,65.0,6.4e+16,-9680000000000000.0,-5.44e+16,-2.3e+16,1.52e+16,-1.9e+16,gcmt,848_gcmt
7000h7dn,2022-05-05T21:05:31,-72.9405,-33.1072,35.5,5.1,mww,5.1,5.1,3.3,0.075,220.92,47.58,128.64,351.07,54.79,55.65,3.851e+16,8030000000000000.0,-4.654e+16,-1.6496e+16,1.0784e+16,-1.6799e+16,anss,848_anss
C202206181824A,2022-06-18T18:24:15,-69.41,-33.52,148.2,5.1,mw,0.02,0.01,1.3,,305.0,40.0,-41.0,69.0,65.0,-122.0,-3.81e+16,5.71e+16,-1.9e+16,-2.59e+16,-2.02e+16,-7650000000000000.0,gcmt,849_gcmt
C202207061512A,2022-07-06T15:12:31,-75.55,-42.4,12.0,5.5,mw,0.01,0.01,0.0,,9.0,41.0,-105.0,208.0,50.0,-78.0,-2.03e+17,1.7599999999999998e+16,1.86e+17,4.39e+16,1.99e+16,6.22e+16,gcmt,850_gcmt
6000i09s,2022-07-06T15:12:34,-75.3473,-42.3138,11.5,5.5,mww,8.16,8.16,1.767,0.049,202.14,27.76,-84.1,15.47,62.4,-93.1,-1.9916e+17,3.74e+16,1.6176e+17,-2.798e+16,-1.2835e+17,4.922e+16,anss,850_anss
C202207132121A,2022-07-13T21:21:34,-73.13,-33.33,19.3,5.0,mw,0.04,0.02,1.0,,17.0,32.0,-121.0,232.0,63.0,-72.0,-3.27e+16,9790000000000000.0,2.3e+16,2.31e+16,7970000000000000.0,1.31e+16,gcmt,851_gcmt
6000i280,2022-07-13T21:21:38,-72.8929,-33.4436,19.5,5.0,mww,2.81,2.81,3.627,0.073,23.07,34.39,-112.82,230.09,58.63,-75.13,-3.296e+16,1.0594e+16,2.2366e+16,1.6213e+16,8121000000000000.0,2.1274e+16,anss,851_anss
C202208080344A,2022-08-08T03:45:00,-71.9,-32.77,22.4,5.0,mw,0.02,0.02,1.2,,333.0,32.0,64.0,183.0,62.0,105.0,2.57e+16,8000000000000000.0,-3.37e+16,-2819999999999999.5,-1.85e+16,7570000000000000.0,gcmt,852_gcmt
C202208180210A,2022-08-18T02:10:25,-70.5,-34.42,114.7,5.3,mw,0.01,0.01,0.9,,187.0,21.0,-107.0,25.0,70.0,-84.0,-7.47e+16,-8000000000000000.0,8.27e+16,-4.4e+16,-8.87e+16,3.14e+16,gcmt,853_gcmt
6000ibrs,2022-08-18T02:10:26,-70.5979,-34.3598,90.5,5.3,mww,4.6,4.6,2.949,0.051,175.1,22.66,-117.44,24.47,70.01,-79.11,-7.255e+16,4620000000000000.0,6.794e+16,-4.239e+16,-7.027e+16,8510000000000000.0,anss,853_anss
C202209232253A,2022-09-23T22:53:31,-75.62,-41.44,31.6,6.1,mw,0.0,0.0,0.2,,190.0,46.0,120.0,330.0,51.0,63.0,1.5e+18,1.69e+17,-1.67e+18,-5.9e+17,5.5e+16,3.37e+17,gcmt,854_gcmt
7000iam0,2022-09-23T22:53:31,-75.7153,-41.4802,30.5,6.1,mww,6.71,6.71,1.763,0.044,329.93,42.72,59.93,188.18,54.05,114.83,1.6026e+18,1.354e+17,-1.738e+18,-5.324e+17,-4.528e+17,3.775e+17,anss,854_anss
C202209281513A,2022-09-28T15:13:49,-76.24,-45.83,19.6,5.0,mw,0.02,0.01,1.3,,80.0,72.0,-166.0,345.0,77.0,-19.0,709999999999999.9,1.64e+16,-1.71e+16,-8620000000000000.0,-1.77e+16,-3.46e+16,gcmt,855_gcmt
C202209300615A,2022-09-30T06:15:49,-76.27,-45.89,12.2,5.3,mw,0.01,0.01,0.8,,345.0,78.0,-8.0,76.0,82.0,-168.0,2200000000000000.0,4.47e+16,-4.69e+16,-1.7299999999999998e+16,-1.99e+16,-8.2e+16,gcmt,856_gcmt
6000ipjd,2022-09-30T06:15:51,-76.219,-45.7702,13.5,5.3,mww,5.39,5.39,1.928,0.057,77.47,86.0,179.46,167.51,89.46,4.0,-4525000000000000.0,4.4238e+16,-3.9712e+16,2906000000000000.0,-6526000000000000.0,-8.9959e+16,anss,856_anss
7000imnf,2022-11-05T07:57:21,-73.9762,-35.5342,11.5,5.0,mww,6.63,6.63,4.128,0.056,58.89,60.79,-1.89,149.81,88.35,-150.77,-3488000000000000.0,-2.6004e+16,2.9491e+16,-7329000000000000.0,1.5739e+16,1.44e+16,anss,857_anss
C202211050757A,2022-11-05T07:57:24,-73.85,-35.62,20.3,5.0,mw,0.02,0.01,1.2,,151.0,56.0,175.0,244.0,86.0,34.0,7210000000000000.0,-3.28e+16,2.56e+16,-2.11e+16,-7850000000000000.0,1.84e+16,gcmt,857_gcmt
C202211051212A,2022-11-05T12:12:44,-68.6,-33.54,40.6,5.1,mw,0.02,0.01,0.7,,200.0,47.0,115.0,345.0,49.0,66.0,5.18e+16,6680000000000000.0,-5.85e+16,-1.6299999999999998e+16,2880000000000000.0,-3000000000000000.0,gcmt,858_gcmt
7000impk,2022-11-05T12:12:47,-68.8366,-33.5217,40.5,5.1,mww,6.67,6.67,2.768,0.056,344.7,48.01,61.23,204.08,49.34,118.13,4.9459e+16,1.0244e+16,-5.9704e+16,-1.7476e+16,46000000000000.0,-5445000000000000.0,anss,858_anss
7000in91,2022-11-08T08:51:18,-70.7713,-33.6866,90.5,5.0,mww,4.78,4.78,1.331,0.048,155.83,40.37,-175.37,62.3,87.0,-49.73,-3707000000000000.0,-1.8064e+16,2.1771e+16,-2.6621e+16,-1.5507e+16,1.7672e+16,anss,859_anss
C202211080851A,2022-11-08T08:51:20,-70.63,-33.62,105.7,5.0,mw,0.02,0.01,2.6,,148.0,43.0,164.0,250.0,79.0,48.0,1.19e+16,-2.94e+16,1.75e+16,-2.7e+16,-1.69e+16,1.89e+16,gcmt,859_gcmt
C202211130224A,2022-11-13T02:24:11,-73.46,-37.37,29.0,6.2,mw,0.02,0.01,0.8,,229.0,20.0,-42.0,359.0,77.0,-105.0,-1.2e+18,5.5500000000000006e+17,6.41e+17,3.92e+17,-1.9e+18,4.95e+17,gcmt,860_gcmt
7000ipe4,2022-11-13T02:25:02,-73.5659,-37.4782,30.5,6.2,mww,6.67,6.67,1.743,0.069,354.75,19.35,90.09,174.65,70.65,89.97,1.7714e+18,-3.517e+17,-1.4197e+18,1.869e+17,-1.9885e+18,9.96e+16,anss,860_anss
C202211130224B,2022-11-13T02:25:02,-73.68,-37.59,20.6,6.3,mw,0.0,0.0,0.2,,354.0,18.0,84.0,180.0,72.0,92.0,2.19e+18,-1.7000000000000002e+16,-2.17e+18,-5.5e+16,-2.97e+18,1.13e+17,gcmt,860_gcmtb
C202211230853A,2022-11-23T08:53:17,-71.14,-35.5,85.1,5.0,mw,0.03,0.02,4.8,,259.0,50.0,0.0,169.0,90.0,140.0,-900000000000000.0,-1.1299999999999998e+16,1.22e+16,2650000000000000.0,-2.5e+16,2.69e+16,gcmt,861_gcmt
C202212090806A,2022-12-09T08:06:24,-79.82,-44.66,20.9,5.1,mw,0.02,0.01,1.1,,259.0,76.0,-171.0,167.0,81.0,-14.0,-3490000000000000.0,2.37e+16,-2.03e+16,5410000000000000.0,1.44e+16,-4.84e+16,gcmt,862_gcmt
6000j8d7,2022-12-10T07:25:53,-72.0835,-33.6465,23.5,5.4,mww,4.12,4.12,3.556,0.055,12.03,23.82,95.41,186.12,66.3,87.62,1.1583e+17,1.359e+16,-1.2941e+17,-1.032e+16,-1.137e+17,-2.252e+16,anss,863_anss
C202212100725A,2022-12-10T07:25:53,-72.11,-33.64,24.2,5.5,mw,0.01,0.01,0.5,,16.0,21.0,103.0,182.0,70.0,85.0,1.23e+17,6700000000000000.0,-1.3e+17,300000000000000.0,-1.5e+17,-2.04e+16,gcmt,863_gcmt
C202212232003A,2022-12-23T20:03:53,-76.94,-45.56,12.0,5.3,mw,0.01,0.01,0.0,,160.0,42.0,-55.0,296.0,57.0,-117.0,-7.68e+16,3.29e+16,4.39e+16,3.9e+16,3700000000000000.0,-5.85e+16,gcmt,864_gcmt
6000jbc1,2022-12-23T20:03:58,-76.747,-45.5476,11.5,5.2,mww,7.1,7.1,1.726,0.052,149.77,42.27,-74.52,309.24,49.59,-103.64,-8.9342e+16,3.6972e+16,5.237e+16,2.0001e+16,1574000000000000.0,-4.8968e+16,anss,864_anss
C202212300519A,2022-12-30T05:19:19,-76.63,-45.97,12.0,5.3,mw,0.01,0.01,0.0,,76.0,69.0,-168.0,342.0,79.0,-21.0,-3.4000000000000004e+16,6.68e+16,-3.28e+16,4500000000000000.0,-2.7600000000000004e+16,-8.13e+16,gcmt,865_gcmt
7000j10i,2022-12-30T05:19:25,-76.4251,-45.8447,15.5,5.3,mww,8.82,8.82,4.482,0.05,338.22,50.96,-24.69,84.37,71.07,-138.25,-5.547e+16,7.44e+16,-1.893e+16,-6.485e+16,-3.427e+16,-8.723e+16,anss,865_anss
6000jqzy,2023-02-23T10:23:41,-73.2001,-33.9235,15.5,5.5,mww,5.19,5.19,0.901,0.039,30.58,35.04,-95.54,217.34,55.15,-86.13,-2.1498e+17,6.908e+16,1.459e+17,5.488e+16,5.665e+16,9.414e+16,anss,866_anss
C202302231023A,2023-02-23T10:23:41,-73.38,-34.01,12.0,5.4,mw,0.01,0.01,0.0,,29.0,35.0,-96.0,216.0,55.0,-86.0,-1.64e+17,4.25e+16,1.22e+17,4.21e+16,4.76e+16,8.41e+16,gcmt,866_gcmt
C202303110235A,2023-03-11T02:35:31,-77.53,-45.69,21.0,5.2,mw,0.01,0.01,0.9,,81.0,82.0,-174.0,350.0,84.0,-8.0,-1.24e+16,3.06e+16,-1.83e+16,-3570000000000000.0,-9160000000000000.0,-6.980000000000001e+16,gcmt,867_gcmt
C202303141956A,2023-03-14T19:56:43,-75.44,-38.56,12.0,5.5,mw,0.01,0.01,0.0,,205.0,39.0,-71.0,2.0,53.0,-104.0,-2.37e+17,4100000000000000.0,2.32e+17,3.54e+16,-7.34e+16,5.9e+16,gcmt,868_gcmt
7000jjwt,2023-03-14T19:56:44,-75.3128,-38.4258,11.5,5.5,mww,5.42,5.42,1.45,0.053,12.38,44.36,-93.59,197.39,45.75,-86.5,-2.5584e+17,1.693e+16,2.3891e+17,1.247e+16,3150000000000000.0,6.347e+16,anss,868_anss
7000jlpd,2023-03-21T17:38:13,-71.3517,-33.6061,66.0,5.5,mwr,3.07,3.07,2.851,0.089,99.68,40.64,37.17,339.77,66.83,124.37,1.408e+17,-1.1394e+17,-2.686e+16,6.087e+16,1.7494e+17,7.303e+16,anss,869_anss
C202303301733A,2023-03-30T17:33:18,-73.7,-35.77,12.0,6.3,mw,0.0,0.0,0.0,,14.0,16.0,92.0,192.0,74.0,89.0,1.92e+18,-1.7000000000000002e+16,-1.9e+18,-6.53e+17,-3.1e+18,-4.68e+17,gcmt,870_gcmt
6000k0xf,2023-03-30T17:33:20,-73.5562,-35.675,11.5,6.3,mww,5.64,5.64,1.828,0.043,9.81,18.15,83.39,196.76,71.97,92.16,2.0787e+18,5.43e+16,-2.133e+18,-8.914e+17,-2.8441e+18,-5.619e+17,anss,870_anss
7000jw73,2023-04-27T06:07:15,-71.2526,-35.7448,70.5,5.0,mww,7.22,7.22,4.958,0.068,161.05,29.29,-115.64,9.87,63.82,-76.36,-2.9736e+16,-4074000000000000.0,3.381e+16,-7450000000000000.0,-2.2686e+16,-2552000000000000.0,anss,871_anss
C202304270607A,2023-04-27T06:07:17,-71.32,-35.66,98.9,5.0,mw,0.02,0.01,2.7,,174.0,20.0,-116.0,21.0,72.0,-81.0,-1.85e+16,-5930000000000000.0,2.45e+16,-1.1200000000000002e+16,-2.82e+16,5639999999999999.0,gcmt,871_gcmt
C202307091711A,2023-07-09T17:11:36,-70.13,-33.22,108.2,5.6,mw,0.01,0.01,0.6,,157.0,37.0,-95.0,343.0,53.0,-86.0,-2.98e+17,-2600000000000000.0,3e+17,1.6800000000000002e+16,-9.12e+16,-1.25e+17,gcmt,872_gcmt
6000kr5g,2023-07-09T17:11:39,-70.4464,-33.2122,80.5,5.7,mww,4.22,4.22,1.558,0.051,162.16,38.21,-85.57,336.53,51.93,-93.48,-3.21e+17,-2.086e+16,3.4186e+17,4.288e+16,-7.834e+16,-1.6126e+17,anss,872_anss
C202307170305A,2023-07-17T03:05:17,-70.44,-38.18,193.4,6.7,mw,0.0,0.0,0.2,,260.0,21.0,-38.0,26.0,77.0,-107.0,-4.9e+18,3.49e+18,1.4099999999999995e+18,-4.4e+18,-1e+19,4.58e+18,gcmt,873_gcmt
7000kg9g,2023-07-17T03:05:17,-70.5062,-38.0107,190.5,6.6,mww,6.06,6.06,1.803,0.047,261.91,24.55,-39.58,28.85,74.65,-109.39,-5.117e+18,3.855e+18,1.262e+18,-4.217e+18,-8.414e+18,5.284e+18,anss,873_anss
7000krpr,2023-08-28T23:25:01,-73.2338,-43.8129,87.0,5.0,mwr,6.63,6.63,4.616,0.08,5.09,81.72,-99.55,234.55,12.62,-41.23,-1.2683e+16,2016000000000000.0,1.0667e+16,-2483000000000000.0,-4.1565e+16,8101000000000000.0,anss,874_anss
C202309170218A,2023-09-17T02:18:04,-75.57,-37.7,28.7,5.2,mw,0.04,0.04,1.0,,173.0,43.0,-76.0,335.0,49.0,-102.0,-8e+16,2.05e+16,5.95e+16,1.78e+16,-2200000000000000.0,-1.14e+16,gcmt,875_gcmt
7000l951,2023-11-06T13:51:11,-71.8385,-33.1743,35.5,5.1,mww,4.69,4.69,3.034,0.093,355.93,43.54,100.74,161.27,47.41,79.96,5.0258e+16,8495000000000000.0,-5.8753e+16,5796000000000000.0,-2706000000000000.0,1.4284e+16,anss,876_anss
C202311061351A,2023-11-06T13:51:15,-72.08,-32.99,30.0,5.1,mw,0.02,0.02,0.6,,19.0,43.0,109.0,173.0,50.0,73.0,6.04e+16,750000000000000.0,-6.11e+16,1.3799999999999998e+16,-8290000000000000.0,-6660000000000000.0,gcmt,876_gcmt
C202312090449A,2023-12-09T04:49:46,-76.09,-45.82,12.5,5.2,mw,0.01,0.01,0.8,,78.0,72.0,-166.0,343.0,77.0,-19.0,-1.7e+16,4.5e+16,-2.8e+16,-7820000000000000.0,-2.53e+16,-6.76e+16,gcmt,877_gcmt
7000lhnw,2023-12-09T04:49:51,-75.6818,-45.7598,13.5,5.2,mww,8.69,8.69,3.197,0.049,258.15,86.82,177.25,348.3,87.25,3.19,-2.2894e+16,4.3735e+16,-2.0841e+16,-6971000000000000.0,4862000000000000.0,-7.4131e+16,anss,877_anss
C202312120100A,2023-12-12T01:00:39,-77.62,-45.75,13.1,5.0,mw,0.02,0.01,1.2,,76.0,76.0,-178.0,346.0,89.0,-14.0,-3449999999999999.5,2.07e+16,-1.73e+16,2390000000000000.0,-9580000000000000.0,-3.69e+16,gcmt,878_gcmt
C202312240323A,2023-12-24T03:23:48,-74.12,-38.25,19.1,5.8,mw,0.01,0.01,0.4,,359.0,16.0,88.0,181.0,74.0,91.0,3.83e+17,3700000000000000.0,-3.87e+17,-9100000000000000.0,-5.94e+17,1400000000000000.0,gcmt,879_gcmt
7000ll6h,2023-12-24T03:23:51,-73.881,-38.0804,13.5,5.8,mww,5.04,5.04,1.792,0.043,6.39,13.62,92.88,183.42,76.4,89.3,3.0091e+17,4.241e+16,-3.4332e+17,-3.632e+16,-6.2792e+17,-3.177e+16,anss,879_anss
C202401211737A,2024-01-21T17:37:53,-72.35,-33.59,32.2,5.0,mw,0.04,0.03,0.9,,359.0,37.0,83.0,189.0,53.0,96.0,4.230000000000001e+16,-5690000000000000.0,-3.66e+16,-4820000000000000.0,-1.1e+16,-1960000000000000.0,gcmt,880_gcmt
7000m4sw,2024-03-12T03:42:37,-72.8952,-33.824,17.5,5.1,mww,4.5,4.5,1.646,0.071,187.74,82.18,91.6,356.14,7.99,78.5,1.9333e+16,-5240000000000000.0,-1.4093e+16,-8430000000000000.0,-5.8542e+16,507000000000000.0,anss,881_anss
C202403120342A,2024-03-12T03:42:38,-72.67,-33.9,17.2,5.2,mw,0.02,0.02,1.1,,357.0,18.0,76.0,192.0,72.0,95.0,3.96e+16,-859999999999999.9,-3.87e+16,-1.3700000000000002e+16,-5.38e+16,-3050000000000000.0,gcmt,881_gcmt
C202404031351A,2024-04-03T13:52:00,-73.0,-36.97,43.2,5.3,mw,0.02,0.01,0.7,,18.0,34.0,108.0,176.0,58.0,78.0,9.84e+16,-4300000000000000.0,-9.41e+16,1.67e+16,-4.7e+16,-1.17e+16,gcmt,882_gcmt
7000m9lk,2024-04-03T13:52:02,-72.8961,-36.9623,45.5,5.2,mww,6.06,6.06,5.204,0.086,174.9,55.79,86.11,1.79,34.4,95.7,8.18e+16,-1.6612e+16,-6.5188e+16,7009000000000000.0,-2.8578e+16,849000000000000.0,anss,882_anss
6000my8g,2024-05-13T09:18:58,-73.276,-35.4877,15.5,5.2,mww,5.46,5.46,1.714,0.059,16.82,14.81,95.54,191.09,75.26,88.54,3.6539e+16,-1006000000000000.0,-3.5532e+16,-1.2184e+16,-6.448e+16,-9060000000000000.0,anss,883_anss
C202405130918A,2024-05-13T09:18:58,-73.31,-35.44,18.4,5.2,mw,0.01,0.01,0.7,,16.0,19.0,94.0,192.0,71.0,89.0,4.81e+16,300000000000000.0,-4.84e+16,-1.25e+16,-6.28e+16,-1.25e+16,gcmt,883_gcmt
C202408182331A,2024-08-18T23:32:04,-74.03,-37.15,14.8,5.1,mw,0.01,0.01,0.8,,9.0,20.0,92.0,187.0,70.0,89.0,3.91e+16,3340000000000000.0,-4.24e+16,-5880000000000000.0,-4.72e+16,-6740000000000000.0,gcmt,884_gcmt
7000n7us,2024-08-18T23:32:08,-73.8718,-37.0912,11.5,5.2,mww,7.01,7.01,3.088,0.065,13.0,9.58,100.49,182.37,80.58,88.24,2.1255e+16,2775000000000000.0,-2.403e+16,-2539000000000000.0,-6.6637e+16,-3277000000000000.0,anss,884_anss
C202408261621A,2024-08-26T16:21:51,-73.85,-44.93,72.0,5.1,mw,0.02,0.01,1.9,,235.0,46.0,10.0,138.0,83.0,135.0,8650000000000000.0,-4.15e+16,3.29e+16,2.06e+16,-3.13e+16,8010000000000000.0,gcmt,885_gcmt
6000nmw5,2024-08-26T16:21:55,-73.6335,-44.8383,60.5,5.0,mww,7.31,7.31,3.582,0.08,143.07,86.32,128.84,237.63,38.98,5.85,4439000000000000.0,-2.8239e+16,2.3801e+16,1.9251e+16,-2.8364e+16,9922000000000000.0,anss,885_anss
C202409030121A,2024-09-03T01:21:42,-76.8,-45.56,12.0,5.3,mw,0.01,0.01,0.0,,327.0,48.0,-120.0,188.0,50.0,-61.0,-9e+16,5200000000000000.0,8.48e+16,4.25e+16,1.12e+16,-1.89e+16,gcmt,886_gcmt
6000npej,2024-09-03T01:21:50,-76.5418,-45.5777,11.5,5.3,mww,8.53,8.53,1.842,0.061,159.49,33.27,-106.23,358.68,58.21,-79.61,-8.664e+16,4260000000000000.0,8.238e+16,-9031000000000000.0,-4.2495e+16,-1.6063e+16,anss,886_anss
C202409212124A,2024-09-21T21:24:33,-66.85,-32.0,153.2,6.0,mw,0.01,0.0,0.4,,115.0,54.0,-134.0,354.0,54.0,-46.0,-7.92e+17,1.19e+17,6.73e+17,-3.58e+17,-2.58e+17,-7.94e+17,gcmt,887_gcmt
6000ntqb,2024-09-22T18:46:40,-71.5737,-32.0514,35.5,5.1,mww,3.22,3.22,5.219,0.093,132.58,3.89,39.48,3.17,87.53,93.0,3403000000000000.0,2884000000000000.0,-6287000000000000.0,2920000000000000.0,5.4257e+16,2374000000000000.0,anss,888_anss
C202409221846A,2024-09-22T18:46:41,-71.37,-32.01,83.2,5.1,mw,0.02,0.01,2.8,,90.0,24.0,-9.0,189.0,86.0,-113.0,-7720000000000000.0,1.16e+16,-3910000000000000.0,930000000000000.0,4.4e+16,1.7e+16,gcmt,888_gcmt
C202409240058A,2024-09-24T00:58:53,-65.67,-31.56,174.4,5.1,mw,0.03,0.02,3.5,,185.0,67.0,-6.0,278.0,85.0,-157.0,-1.14e+16,-4730000000000000.0,1.6200000000000002e+16,2.01e+16,-3250000000000000.0,-4.99e+16,gcmt,889_gcmt
C202411030404A,2024-11-03T04:04:07,-69.4,-35.76,196.8,5.5,mw,0.01,0.01,0.8,,187.0,26.0,-124.0,44.0,69.0,-75.0,-1.55e+17,1.61e+16,1.3799999999999998e+17,-1.3600000000000002e+17,-1.08e+17,7.88e+16,gcmt,890_gcmt
7000npn0,2024-11-03T04:04:08,-69.5173,-35.7026,190.5,5.4,mww,7.02,7.02,4.589,0.039,41.58,68.95,-80.77,197.23,22.9,-112.63,-1.2867e+17,3.487e+16,9.379e+16,-9.826e+16,-8.751e+16,3.861e+16,anss,890_anss
C202411081137A,2024-11-08T11:38:07,-75.63,-46.72,12.0,6.3,mw,0.0,0.0,0.0,,10.0,28.0,87.0,193.0,62.0,92.0,3.09e+18,5.9e+16,-3.15e+18,-5.28e+17,-2.04e+18,-6.94e+17,gcmt,891_gcmt
C202412070626A,2024-12-07T06:26:28,-73.55,-38.97,29.9,5.3,mw,0.01,0.01,0.3,,102.0,36.0,53.0,326.0,62.0,114.0,9.52e+16,-7.31e+16,-2.21e+16,-1.99e+16,6.59e+16,6.730000000000001e+16,gcmt,892_gcmt
7000nwtv,2024-12-07T06:26:35,-73.1903,-38.9157,25.5,5.3,mww,7.94,7.94,5.895,0.052,108.97,41.29,53.8,333.23,57.83,117.42,1.0061e+17,-6.015e+16,-4.046e+16,9050000000000000.0,5.881e+16,6.254e+16,anss,892_anss
C202412132338A,2024-12-13T23:38:22,-70.79,-35.36,115.0,6.4,mw,0.0,0.0,0.3,,235.0,20.0,-53.0,16.0,74.0,-103.0,-2.1800000000000005e+18,2.7800000000000003e+17,1.9e+18,-9.08e+17,-3.68e+18,1.69e+18,gcmt,893_gcmt
7000nyqr,2024-12-13T23:38:22,-70.7316,-35.3393,120.5,6.4,mww,6.16,6.16,1.878,0.032,16.2,76.16,-98.36,227.76,16.13,-59.45,-2.0874e+18,5.091e+17,1.5783e+18,-9.561e+17,-3.8613e+18,1.0976e+18,anss,893_anss
C202502110224A,2025-02-11T02:24:10,-75.13,-37.33,17.0,5.2,mw,0.01,0.01,0.4,,358.0,45.0,-109.0,204.0,48.0,-72.0,-8.64e+16,-5900000000000000.0,9.23e+16,1.98e+16,100000000000000.0,2.02e+16,gcmt,894_gcmt
7000pcsz,2025-02-11T02:24:11,-75.0206,-37.2709,11.5,5.2,mww,7.0,7.0,3.334,0.042,359.32,46.62,-111.81,209.54,47.56,-68.54,-7.4194e+16,-4854000000000000.0,7.9048e+16,1.9012e+16,-3547000000000000.0,2.3157e+16,anss,894_anss
C202502160708A,2025-02-16T07:08:46,-74.14,-38.6,22.7,5.1,mw,0.02,0.02,0.8,,11.0,28.0,94.0,186.0,62.0,88.0,4.6e+16,1510000000000000.0,-4.75e+16,-2550000000000000.0,-3.26e+16,-7170000000000000.0,gcmt,895_gcmt
7000pe2h,2025-02-16T07:08:50,-73.7065,-38.5098,11.5,5.0,mww,7.03,7.03,4.807,0.071,175.23,72.14,82.32,18.97,19.39,112.53,2.1219e+16,1269000000000000.0,-2.2488e+16,3885000000000000.0,-2.9715e+16,-2846000000000000.0,anss,895_anss
C202502222220A,2025-02-22T22:20:25,-77.05,-45.6,12.0,5.4,mw,0.01,0.01,0.0,,79.0,66.0,-174.0,347.0,85.0,-24.0,-3.63e+16,8.08e+16,-4.45e+16,1.7299999999999998e+16,-6.61e+16,-1.54e+17,gcmt,896_gcmt
7000pfih,2025-02-22T22:20:31,-76.7737,-45.5464,11.5,5.4,mww,8.71,8.71,1.843,0.054,345.81,75.37,-16.25,80.02,74.29,-164.79,-2380000000000000.0,6.694e+16,-6.456e+16,-3.868e+16,-6.328e+16,-1.4605e+17,anss,896_anss
C202502241226A,2025-02-24T12:26:02,-77.6,-45.71,15.1,5.1,mw,0.01,0.01,0.8,,346.0,79.0,-10.0,78.0,81.0,-169.0,-5120000000000000.0,2.94e+16,-2.42e+16,-8660000000000000.0,-1.15e+16,-5.31e+16,gcmt,897_gcmt
C202507020139A,2025-07-02T01:39:45,-72.83,-33.6,13.4,5.4,mw,0.01,0.01,1.1,,48.0,8.0,113.0,205.0,82.0,87.0,3.95e+16,-1.06e+16,-2.89e+16,-6.31e+16,-1.3999999999999998e+17,-2.43e+16,gcmt,898_gcmt
7000qa3y,2025-07-02T01:39:56,-72.4855,-33.5723,11.5,5.5,mww,4.13,4.13,1.824,0.071,346.81,6.58,63.08,193.89,84.14,92.99,4.854e+16,6130000000000000.0,-5.467e+16,-5.907e+16,-2.3449e+17,-1480000000000000.0,anss,898_anss
