id,time_iso,longitude,latitude,depth,mag,mag_type,lon_error,lat_error,depth_error,mag_error,strike1,dip1,rake1,strike2,dip2,rake2,Mrr,Mtt,Mpp,Mrt,Mrp,Mtp,source,dups,class,sub_depth
C022876A,1976-02-28T16:27:13,-75.57,-40.3,15.0,5.9,mw,0.02,0.03,0.0,,13.0,45.0,-85.0,187.0,45.0,-95.0,-8e+17,-2.3e+17,1.03e+18,-3e+16,1e+16,2.3e+17,gcmt,,outer_rise,
C053076A,1976-05-30T03:08:55,-75.94,-42.06,15.0,6.1,mw,0.02,0.02,0.0,,187.0,44.0,-101.0,23.0,47.0,-79.0,-1.66e+18,8e+16,1.59e+18,-2.4e+17,-3e+16,4.3e+17,gcmt,,outer_rise,
B011177A,1977-01-11T07:02:34,-71.44,-31.68,35.0,5.2,mwc,,,,,5.0,34.0,111.0,160.0,59.0,77.0,7.116e+16,1.044e+16,-8.16e+16,2.177e+16,-3.401e+16,1.407e+16,anss,,slab_interface,40.0445175171
B022277A,1977-02-22T14:10:08,-75.29,-45.61,33.0,5.4,mwc,,,,,261.0,76.0,-168.0,168.0,78.0,-14.0,-7300000000000000.0,6.61e+16,-5.88e+16,3.02e+16,5.34e+16,-1.642e+17,anss,,unclassified,
B100577B,1977-10-05T04:34:09,-70.74,-28.25,52.0,5.5,mwc,,,,,16.0,36.0,113.0,168.0,57.0,74.0,1.703e+17,2.7900000000000004e+16,-1.982e+17,3.97e+16,-7.41e+16,-5600000000000000.0,anss,,slab_interface,46.04845047
Z112377A,1977-11-23T09:26:24,-67.77,-31.03,13.0,7.4,mwc,,,,,183.0,44.0,90.0,4.0,46.0,90.0,1.855e+20,8e+17,-1.863e+20,1.3e+18,6.5e+18,-1.19e+19,anss,,backarc,
B112477A,1977-11-24T18:20:16,-67.63,-31.3,33.0,5.6,mwc,,,,,190.0,34.0,91.0,8.0,56.0,89.0,2.04e+17,1.0049999999999998e+17,-3.046e+17,1.51e+16,1.08e+17,-6.4e+16,anss,,backarc,
B112877B,1977-11-28T04:19:35,-67.75,-31.68,36.0,5.6,mwc,,,,,150.0,52.0,27.0,43.0,69.0,139.0,1.298e+17,1.472e+17,-2.77e+17,1.333e+17,5.460000000000001e+16,-5.27e+16,anss,,backarc,
B112877C,1977-11-28T06:31:29,-67.43,-31.35,16.0,6.1,mwc,,,,,182.0,21.0,106.0,345.0,70.0,84.0,1.174e+18,2.18e+17,-1.391e+18,-4.24e+17,1.488e+18,2.12e+17,anss,,backarc,
B120577B,1977-12-05T15:43:27,-67.7,-30.97,32.0,5.7,mwc,,,,,103.0,65.0,-5.0,195.0,86.0,-154.0,2.46e+16,1.995e+17,-2.241e+17,-2.25e+16,2.3250000000000003e+17,3.903e+17,anss,,backarc,
B120677A,1977-12-06T17:05:06,-67.72,-31.17,19.0,5.9,mwc,,,,,181.0,37.0,82.0,11.0,54.0,96.0,6.121e+17,2.788e+17,-8.909000000000001e+17,5.540000000000001e+16,2.254e+17,-1.3700000000000002e+17,anss,,backarc,
B120777A,1977-12-07T00:32:36,-67.39,-28.57,124.0,5.5,mwc,,,,,148.0,42.0,-82.0,318.0,48.0,-97.0,-1.84e+17,6.38e+16,1.201e+17,2.37e+16,-5400000000000000.0,-1.0169999999999998e+17,anss,,slab_deep,105.188591003
B121077B,1977-12-10T07:11:56,-67.64,-31.19,39.0,5.5,mwc,,,,,199.0,29.0,117.0,348.0,65.0,76.0,1.1259999999999998e+17,7.77e+16,-1.902e+17,-1.97e+16,1.137e+17,-1400000000000000.0,anss,,backarc,
B010278A,1978-01-02T08:27:40,-71.1,-38.14,126.0,5.5,mwc,,,,,93.0,53.0,-9.0,189.0,83.0,-142.0,-1.84e+16,4.66e+16,-2.82e+16,-1.97e+16,1.21e+17,1.454e+17,anss,,slab_deep,121.550086975
B011778A,1978-01-17T11:33:14,-67.87,-31.29,24.0,6.0,mwc,,,,,142.0,66.0,12.0,47.0,79.0,156.0,9.75e+16,8.938e+17,-9.913e+17,4.83e+17,1.0940000000000002e+17,-1.401e+17,anss,,backarc,
B012078A,1978-01-20T04:42:57,-70.19,-34.28,132.0,5.6,mwc,,,,,183.0,26.0,-98.0,12.0,64.0,-86.0,-2.592e+17,4.56e+16,2.136e+17,-5.36e+16,-1.819e+17,1.94e+16,anss,,slab_deep,103.40309906
B021778B,1978-02-17T06:43:30,-71.02,-28.57,55.0,5.3,mwc,,,,,141.0,23.0,35.0,18.0,77.0,109.0,5.823e+16,-2030000000000000.0,-5.62e+16,5.207e+16,9.218e+16,2.379e+16,anss,,intra_slab,39.168094635
B062878C,1978-06-28T07:28:03,-69.92,-27.2,119.7,5.1,mw,0.18,0.11,8.0,,134.0,30.0,-139.0,8.0,71.0,-66.0,-3.199e+16,-1.551e+16,4.75e+16,-6840000000000001.0,-4.245e+16,-1.926e+16,gcmt,,slab_deep,73.0288543701
B082178A,1978-08-21T00:28:22,-67.77,-31.27,10.0,5.3,mwc,,,,,218.0,9.0,79.0,49.0,81.0,92.0,5.104e+16,-2.207e+16,-2.897e+16,8.357e+16,7.066e+16,2500000000000000.0,anss,,backarc,
B122178B,1978-12-21T01:13:55,-72.46,-36.29,47.0,5.8,mwc,,,,,101.0,34.0,52.0,324.0,64.0,112.0,5.478e+17,-4.288e+17,-1.19e+17,-1.293e+17,4.274e+17,2.866e+17,anss,,forearc,49.9037818909
B032079B,1979-03-20T21:41:21,-71.15,-35.68,91.0,5.4,mwc,,,,,141.0,24.0,-158.0,32.0,81.0,-68.0,-4.52e+16,-2.82e+16,7.35e+16,-8.35e+16,-1.012e+17,-1.7399999999999998e+16,anss,,slab_deep,90.1795196533
B042679A,1979-04-26T02:00:09,-71.9,-33.82,38.0,5.9,mwc,,,,,26.0,25.0,124.0,170.0,70.0,76.0,5.149e+17,1.315e+17,-6.464e+17,1.557e+17,-6.172e+17,-8.55e+16,anss,,intra_slab,28.614900589
B042879E,1979-04-28T11:38:25,-71.17,-27.39,21.1,6.1,mw,0.05,0.04,2.2,,31.0,24.0,68.0,234.0,68.0,99.0,1.307e+18,-6.07e+17,-7e+17,-1.162e+18,-7.19e+17,-8.27e+17,gcmt,,slab_interface,21.9969615936
B052079D,1979-05-20T19:37:48,-71.11,-27.32,15.0,5.9,mw,0.06,0.05,0.0,,11.0,13.0,117.0,163.0,79.0,84.0,2.679e+17,4.94e+16,-3.173e+17,2.082e+17,-6.646e+17,2.86e+16,gcmt,,slab_interface,22.8866539001
B062779A,1979-06-27T21:46:25,-68.28,-29.48,115.0,5.6,mwc,,,,,284.0,32.0,-43.0,52.0,69.0,-115.0,-1.935e+17,2.0830000000000003e+17,-1.48e+16,-1.087e+17,-1.797e+17,2.85e+16,anss,,slab_deep,89.1938934326
B070679A,1979-07-06T02:01:16,-71.32,-32.15,45.0,5.7,mwc,,,,,166.0,39.0,70.0,11.0,54.0,105.0,4.9160000000000006e+17,-2000000000000000.0,-4.896e+17,1.19e+17,1.409e+17,1.65e+16,anss,,slab_interface,46.7920837402
B080279A,1979-08-02T07:40:29,-71.48,-28.01,19.0,5.5,mw,0.05,0.04,0.0,,15.0,28.0,113.0,169.0,65.0,79.0,1.488e+17,5.27e+16,-2.015e+17,3.28e+16,-1.353e+17,899999999999999.9,gcmt,,slab_interface,16.8639850616
B083079A,1979-08-30T18:59:45,-67.63,-31.38,32.0,5.5,mwc,,,,,354.0,31.0,35.0,233.0,73.0,116.0,1.052e+17,1.62e+16,-1.214e+17,-1.4039999999999998e+17,-6.47e+16,-6.52e+16,anss,,backarc,
19791011085556,1979-10-11T08:56:02,-71.55,-33.41,44.0,5.4,mwc,,,,,13.0,24.0,96.0,187.0,66.0,87.0,9.57e+16,1.85e+16,-1.142e+17,-1e+16,-9.56e+16,-2.26e+16,anss,gcmt:B101179B,slab_interface,37.9049224854
B122679A,1979-12-26T19:43:37,-71.34,-36.0,92.0,5.6,mwc,,,,,199.0,6.0,-66.0,355.0,85.0,-92.0,-2.66e+16,-4.67e+16,7.33e+16,2.32e+16,-2.625e+17,-100000000000000.0,anss,,slab_deep,86.8943634033
B011480E,1980-01-14T21:51:01,-69.46,-33.19,14.0,5.6,mwc,,,,,141.0,69.0,5.0,49.0,85.0,159.0,-1.31e+16,2.734e+17,-2.6030000000000003e+17,1.078e+17,3.83e+16,-4.49e+16,anss,,crustal_intraarc_shallow,
B012880C,1980-01-28T16:59:22,-76.11,-44.96,33.0,5.4,mwc,,,,,195.0,27.0,-56.0,338.0,68.0,-106.0,-1.209e+17,-1.82e+16,1.391e+17,6.37e+16,-1.073e+17,-1.12e+16,anss,,outer_rise,
B021480A,1980-02-14T14:07:01,-71.42,-31.77,45.0,5.1,mwc,,,,,226.0,41.0,142.0,346.0,66.0,55.0,2.821e+16,2.153e+16,-4.974e+16,-4430000000000000.0,2.26e+16,-1.689e+16,anss,,intra_slab,42.3578224182
B032380A,1980-03-23T23:33:10,-71.54,-29.95,36.0,5.4,mwc,,,,,1.0,37.0,75.0,200.0,55.0,101.0,1.248e+17,1.34e+16,-1.383e+17,-2.7300000000000004e+16,-3.89e+16,-3.19e+16,anss,,slab_interface,30.2158851624
B032980B,1980-03-29T06:41:50,-75.2,-43.08,33.0,6.1,mwc,,,,,185.0,14.0,-119.0,34.0,78.0,-83.0,-5.33e+17,-1.14e+17,6.47e+17,-8.21e+17,-1.21e+18,4.29e+17,anss,,intra_slab,9.0969953537
B032980D,1980-03-29T17:49:10,-73.5,-37.93,33.0,5.4,mwc,,,,,13.0,20.0,106.0,176.0,71.0,85.0,1.172e+17,-6000000000000000.0,-1.111e+17,1.61e+16,-1.472e+17,-9900000000000000.0,anss,,slab_interface,28.1745033264
B040980B,1980-04-09T08:17:55,-67.48,-31.65,10.0,5.3,mwc,,,,,340.0,37.0,136.0,108.0,65.0,61.0,9.042e+16,-4.144e+16,-4.898e+16,8.311e+16,1.369e+16,5.894e+16,anss,,backarc,
B061180C,1980-06-11T14:21:18,-71.65,-32.72,35.0,5.8,mwc,,,,,1.0,26.0,87.0,184.0,64.0,91.0,5.183e+17,8.24e+16,-6.008e+17,-3.3700000000000004e+16,-4.4560000000000006e+17,-2.7500000000000004e+16,anss,,slab_interface,32.3995628357
B071380A,1980-07-13T06:20:30,-70.15,-33.47,103.0,5.7,mwc,,,,,102.0,14.0,178.0,195.0,89.0,76.0,6.870000000000001e+16,-1.682e+17,9.95e+16,-4.32e+16,-3.728e+17,-3.1e+16,anss,,slab_deep,92.2767105103
C071980A,1980-07-19T11:52:20,-69.68,-29.0,110.0,5.9,mwc,,,,,306.0,26.0,-77.0,112.0,65.0,-96.0,-8.087e+17,5.889e+17,2.198e+17,-6.221e+17,1.875e+17,-3.052e+17,anss,,slab_deep,84.990234375
B080380A,1980-08-03T03:00:49,-69.99,-35.25,151.0,5.3,mwc,,,,,2.0,20.0,93.0,179.0,70.0,89.0,7.259e+16,-1.58e+16,-5.678e+16,2270000000000000.0,-7.682e+16,-1120000000000000.0,anss,,slab_deep,133.432434082
B082980A,1980-08-29T10:38:13,-73.1,-39.66,34.0,5.4,mwc,,,,,171.0,29.0,140.0,298.0,72.0,67.0,8.34e+16,-1.58e+16,-6.760000000000001e+16,-1.054e+17,2.24e+16,4.74e+16,anss,,forearc,55.4285469055
B111080A,1980-11-10T16:24:40,-67.47,-31.58,21.0,5.6,mwc,,,,,133.0,31.0,49.0,358.0,67.0,111.0,2.53e+17,-4.24e+16,-2.106e+17,6.35e+16,2.415e+17,1.167e+17,anss,,backarc,
B122580B,1980-12-25T06:32:51,-67.19,-31.0,138.1,5.1,mw,0.14,0.13,4.8,,173.0,40.0,-106.0,14.0,52.0,-77.0,-4.567e+16,-6899999999999999.0,5.257e+16,-8350000000000000.0,-9030000000000000.0,3730000000000000.0,gcmt,,slab_deep,96.1515731812
B031681A,1981-03-16T13:40:46,-71.79,-35.53,55.0,5.4,mwc,,,,,252.0,46.0,-39.0,11.0,63.0,-129.0,-8.331e+16,2.665e+16,5.667e+16,1.611e+16,-6.269e+16,9.187e+16,anss,,forearc,61.4952545166
B032381A,1981-03-23T19:28:10,-71.89,-33.66,46.0,6.4,mwc,,,2.6,,335.0,5.0,73.0,173.0,85.0,91.0,1.027e+18,-5.4000000000000006e+17,-4.87e+17,5.85e+17,-4.676e+18,1.14e+17,anss,,slab_interface,27.3459835052
B040681A,1981-04-06T14:34:01,-71.05,-35.37,88.0,5.2,mwc,,,,,95.0,33.0,163.0,200.0,81.0,58.0,2.323e+16,-2.948e+16,6250000000000000.0,-2.116e+16,-6.902999999999999e+16,-4.644999999999999e+16,anss,,slab_deep,88.6469573975
B051781C,1981-05-17T17:05:00,-72.14,-27.39,15.0,5.3,mw,0.09,0.1,0.0,,191.0,37.0,-79.0,358.0,54.0,-98.0,-9.022e+16,-4970000000000000.0,9.519e+16,8250000000000000.0,-3.02e+16,8250000000000000.0,gcmt,,unclassified,
B060481A,1981-06-04T07:39:39,-78.12,-34.76,26.0,5.1,mw,0.18,0.16,0.0,,207.0,42.0,-41.0,330.0,64.0,-124.0,-4.225e+16,-1.602e+16,5.826e+16,3.194e+16,-1.917e+16,-1580000000000000.0,gcmt,,outer_rise,
B072881B,1981-07-28T03:03:21,-73.2,-41.57,43.0,5.6,mwc,,,,,44.0,59.0,17.0,305.0,75.0,148.0,6.37e+16,-2.863e+17,2.226e+17,-7.46e+16,1.733e+17,-5.500000000000001e+16,anss,,forearc,56.9438400269
B091981B,1981-09-19T11:40:56,-74.81,-39.08,30.0,5.5,mwc,,,,,206.0,38.0,-53.0,342.0,61.0,-116.0,-2.066e+17,-2700000000000000.0,2.093e+17,1.097e+17,-9.29e+16,2.47e+16,anss,,intra_slab,8.84566879272
C101681A,1981-10-16T03:25:42,-73.07,-33.13,32.0,7.1,mwc,,,,,194.0,34.0,96.0,6.0,56.0,86.0,4.936e+19,-5.75e+18,-4.361e+19,-3e+17,1.967e+19,-7.27e+18,anss,,outer_rise,
C110781A,1981-11-07T03:29:50,-71.37,-32.23,64.0,6.9,mwc,,,2.8,,208.0,5.0,-47.0,345.0,86.0,-94.0,-6.7e+17,-7.67e+18,8.34e+18,7.82e+18,-3.122e+19,-2.17e+18,anss,,intra_slab,44.4796638489
B121581A,1981-12-15T12:31:59,-71.36,-36.28,95.0,5.0,mwc,,,,,157.0,10.0,-61.0,308.0,81.0,-95.0,-1.102e+16,4370000000000000.0,6650000000000000.0,3.461e+16,-2.7e+16,-1.2609999999999998e+16,anss,,slab_deep,90.9966125488
C060182A,1982-06-01T04:14:15,-74.99,-41.63,32.0,6.4,mwc,,,,,160.0,33.0,-130.0,25.0,65.0,-67.0,-3.372e+18,-8.6e+17,4.232e+18,-1.871e+18,-2.339e+18,3.07e+17,anss,,intra_slab,9.65044403076
B060582A,1982-06-05T00:17:00,-75.21,-43.1,33.0,5.3,mwc,,,,,191.0,29.0,-87.0,8.0,61.0,-91.0,-7.497e+16,-1.0069999999999998e+16,8.504e+16,-6780000000000000.0,-5.132e+16,1.658e+16,anss,,intra_slab,9.0969953537
B090682C,1982-09-06T11:13:26,-71.46,-32.14,73.0,5.3,mwc,,,2.8,,68.0,21.0,-166.0,326.0,85.0,-69.0,-1.786e+16,3.959e+16,-2.173e+16,4.539e+16,-7.859e+16,-1.4990000000000002e+16,anss,,intra_slab,40.1479225159
B102682A,1982-10-26T03:24:30,-71.26,-29.67,69.0,5.7,mwc,,,,,100.0,15.0,-154.0,345.0,84.0,-77.0,-1.367e+17,1.149e+17,2.18e+16,9.69e+16,-4.904e+17,-1.0960000000000002e+17,anss,,intra_slab,41.1982192993
B111882C,1982-11-18T20:39:54,-65.74,-31.21,166.2,6.0,mw,0.06,0.04,1.8,,129.0,24.0,-114.0,335.0,68.0,-80.0,-8.794e+17,3.461e+17,5.333e+17,2.8690000000000003e+17,-8.276999999999999e+17,-4.33e+17,gcmt,,slab_deep,143.402175903
B022883B,1983-02-28T22:44:20,-79.16,-44.78,15.0,6.0,mw,0.04,0.02,0.0,,260.0,90.0,180.0,350.0,90.0,0.0,-1.98e+17,4.7e+17,-2.7200000000000003e+17,0.0,0.0,-1.056e+18,gcmt,,outer_rise,
B040283A,1983-04-02T05:58:40,-66.13,-29.02,40.1,5.3,mw,0.14,0.1,7.9,,247.0,25.0,137.0,17.0,73.0,71.0,5.178e+16,-1.879e+16,-3.299e+16,1.658e+16,7.784e+16,-4.41e+16,gcmt,,backarc,
B050783A,1983-05-07T01:07:26,-71.61,-28.37,33.8,5.1,mw,0.14,0.16,7.3,,16.0,29.0,101.0,183.0,62.0,84.0,4.284e+16,-220000000000000.0,-4.261e+16,930000000000000.0,-2.81e+16,-7390000000000000.0,gcmt,,intra_slab,17.0929450989
B050983A,1983-05-09T10:58:26,-74.84,-40.87,33.0,6.1,mwc,,,3.3,,358.0,41.0,-118.0,213.0,54.0,-68.0,-1.293e+18,-2.7800000000000003e+17,1.571e+18,4.14e+17,2.52e+17,5.75e+17,anss,,intra_slab,9.89385414124
B080183A,1983-08-01T14:09:24,-76.46,-48.33,11.0,5.7,mw,0.08,0.06,0.0,,355.0,14.0,107.0,157.0,76.0,86.0,1.858e+17,1.26e+16,-1.984e+17,1.552e+17,-3.524e+17,6.3e+16,gcmt,,outer_rise,
B091483A,1983-09-14T00:47:04,-73.08,-36.42,37.0,5.4,mwc,,,,,23.0,16.0,131.0,161.0,78.0,79.0,6.26e+16,1.04e+16,-7.3e+16,5.07e+16,-1.2809999999999998e+17,-3400000000000000.0,anss,,intra_slab,30.88829422
B102183A,1983-10-21T08:14:18,-69.11,-30.64,117.0,5.4,mwc,,,,,323.0,30.0,-143.0,200.0,73.0,-65.0,-9.44e+16,-1.96e+16,1.141e+17,7.46e+16,1.1020000000000002e+17,-2.82e+16,anss,,slab_deep,94.5890731812
B112683D,1983-11-26T23:29:09,-79.94,-45.11,15.0,5.8,mw,0.08,0.05,0.0,,257.0,90.0,180.0,347.0,90.0,0.0,-5.610000000000001e+16,2.746e+17,-2.1840000000000003e+17,0.0,0.0,-5.172e+17,gcmt,,outer_rise,
B112883A,1983-11-28T19:10:07,-76.01,-44.95,19.0,5.5,mwc,,,,,133.0,18.0,-142.0,7.0,79.0,-76.0,-8.79e+16,-1.5e+16,1.03e+17,-3.71e+16,-2.178e+17,-4.81e+16,anss,,outer_rise,
B121083B,1983-12-10T17:37:57,-78.32,-44.73,15.0,5.6,mw,0.06,0.03,0.0,,258.0,90.0,180.0,348.0,90.0,0.0,-2.43e+16,1.2529999999999998e+17,-1.01e+17,0.0,0.0,-2.634e+17,gcmt,,outer_rise,
B121583A,1983-12-15T04:22:28,-70.28,-33.09,55.0,6.0,mwc,,,1.1,,202.0,21.0,-78.0,9.0,69.0,-95.0,-8.194000000000001e+17,2.03e+16,7.991e+17,-1.062e+17,-9.358e+17,2.21e+17,anss,,crustal_intraarc_deep,
B122383B,1983-12-23T22:56:10,-71.67,-27.23,33.0,5.2,mw,0.12,0.08,0.0,,306.0,61.0,-25.0,49.0,68.0,-148.0,-2.426e+16,7.772e+16,-5.346e+16,-4440000000000000.0,-5.372e+16,5390000000000000.0,gcmt,,intra_slab,10.9155502319
B020384B,1984-02-03T08:29:47,-71.13,-29.46,33.0,5.6,mwc,,,,,182.0,45.0,83.0,12.0,45.0,97.0,2.532e+17,2.55e+16,-2.787e+17,2.02e+16,-1500000000000000.0,-3.77e+16,anss,,forearc,44.0960006714
B041984B,1984-04-19T08:28:53,-71.9,-31.8,31.0,5.7,mwc,,,,,19.0,16.0,120.0,168.0,76.0,82.0,2.0830000000000003e+17,100000000000000.0,-2.084e+17,9.62e+16,-3.809e+17,-1.97e+16,anss,,slab_interface,23.0275440216
B050784A,1984-05-07T14:09:14,-66.27,-28.04,147.3,5.1,mw,0.13,0.16,4.3,,185.0,51.0,-37.0,300.0,62.0,-135.0,-3.677e+16,-5890000000000000.0,4.266e+16,3.002e+16,4940000000000000.0,-3.542e+16,gcmt,,slab_deep,148.035614014
B050984A,1984-05-09T23:56:09,-70.27,-34.14,119.0,5.3,mwc,,,,,205.0,31.0,-95.0,31.0,60.0,-87.0,-7.983e+16,1.1279999999999998e+16,6.855000000000001e+16,-2.63e+16,-4.021e+16,4.455e+16,anss,,slab_deep,98.5623626709
B051684A,1984-05-16T03:45:06,-66.71,-27.07,156.4,5.5,mw,0.06,0.06,3.3,,174.0,68.0,-6.0,267.0,84.0,-158.0,-5.39e+16,6.63e+16,-1.24e+16,7.98e+16,1500000000000000.0,-2.146e+17,gcmt,,slab_deep,143.136627197
B052584B,1984-05-25T13:20:23,-75.13,-42.62,31.0,5.4,mwc,,,,,185.0,27.0,-98.0,14.0,63.0,-86.0,-1.1339999999999998e+17,-7700000000000000.0,1.211e+17,-2.55e+16,-8.43e+16,2.37e+16,anss,,intra_slab,9.19114971161
B060384A,1984-06-03T01:44:14,-75.71,-45.33,33.0,5.4,mwc,,,,,320.0,61.0,-161.0,221.0,73.0,-30.0,-7.79e+16,-1.174e+17,1.953e+17,4.16e+16,3.69e+16,8000000000000000.0,anss,,intra_slab,9.85164928436
B061184A,1984-06-11T02:05:33,-71.21,-30.72,45.0,6.2,mwc,,,,,357.0,36.0,94.0,171.0,54.0,87.0,2.198e+18,2.98e+17,-2.497e+18,1.72e+17,-7.43e+17,3.1e+17,anss,,slab_interface,49.8309440613
B081884B,1984-08-18T04:10:46,-66.83,-27.71,182.3,5.5,mw,0.11,0.12,3.8,,160.0,38.0,-60.0,303.0,58.0,-111.0,-1.598e+17,5.739999999999999e+16,1.024e+17,8.27e+16,-1.4399999999999998e+16,-1.069e+17,gcmt,,slab_deep,129.448944092
B110884B,1984-11-08T06:32:55,-71.36,-30.67,42.0,5.5,mwc,,,,,359.0,40.0,87.0,182.0,50.0,92.0,2.247e+17,3.13e+16,-2.56e+17,-6600000000000000.0,-4.46e+16,-2900000000000000.0,anss,,slab_interface,42.301902771
B110884E,1984-11-08T14:17:47,-68.63,-31.42,110.0,5.3,mwc,,,,,178.0,45.0,-115.0,32.0,50.0,-67.0,-9.666e+16,2940000000000000.0,9.372e+16,-3.35e+16,570000000000000.0,2.574e+16,anss,,slab_deep,94.8994216919
B112984B,1984-11-29T19:12:29,-71.12,-35.5,85.0,5.4,mwc,,,2.5,,151.0,19.0,-154.0,37.0,82.0,-73.0,-3.752e+16,-2.316e+16,6.068e+16,-7.942e+16,-9.489e+16,2400000000000000.0,anss,,slab_deep,89.0723266602
B011885A,1985-01-18T15:00:08,-70.71,-29.41,82.0,6.3,mwc,,,,,322.0,67.0,13.0,227.0,78.0,156.0,5.3900000000000006e+17,2.904e+18,-3.443e+18,-1.459e+18,-4.09e+17,-4.98e+17,anss,,intra_slab,63.8157157898
B012685A,1985-01-26T03:07:02,-68.54,-33.15,38.0,5.9,mwc,,,,,158.0,38.0,65.0,9.0,56.0,108.0,8.699999999999999e+17,1.161e+17,-9.861e+17,2.094e+17,3.349e+17,1.172e+17,anss,,backarc,
B022185B,1985-02-21T18:53:08,-71.72,-33.28,33.0,5.7,mwc,,,12.1,,29.0,31.0,127.0,167.0,66.0,70.0,2.69e+17,8.7e+16,-3.56e+17,8.86e+16,-2.473e+17,-4.98e+16,anss,,intra_slab,31.8591499329
choy19850303224726,1985-03-03T22:47:26,-71.62,-33.12,33.0,8.0,mw,,,,,360.0,35.0,105.0,360.0,35.0,105.0,7.48e+20,4.89e+19,-7.969e+20,1.912e+20,-6.55e+20,2.9e+18,anss,gcmt:M030385A,slab_interface,34.8395805359
B030485A,1985-03-04T00:32:21,-71.76,-33.23,33.0,7.3,mwc,,,,,234.0,32.0,155.0,346.0,77.0,60.0,5.84e+19,-5.5e+18,-5.289e+19,-7.36e+19,9.282e+19,-5.169e+19,anss,,intra_slab,29.9401741028
B030485B,1985-03-04T06:06:57,-71.86,-33.58,33.0,6.3,mwc,,,,,215.0,24.0,143.0,340.0,76.0,70.0,1.579e+18,7.2e+17,-2.299e+18,-1.231e+18,2.721e+18,-3.16e+17,anss,,intra_slab,28.5414142609
B030485C,1985-03-04T13:49:29,-71.96,-33.95,33.0,5.7,mwc,,,,,26.0,24.0,128.0,165.0,71.0,74.0,2.775e+17,2.64e+16,-3.04e+17,1.3560000000000002e+17,-3.308e+17,-3.95e+16,anss,,intra_slab,28.5495071411
B030485D,1985-03-04T15:01:06,-71.32,-33.84,33.0,6.3,mwc,,,,,21.0,28.0,109.0,179.0,63.0,80.0,2.537e+18,4.36e+17,-2.973e+18,1.97e+17,-2.02e+18,-5.4700000000000006e+17,anss,,forearc,52.1984977722
B030485E,1985-03-04T19:03:07,-71.6,-32.75,33.0,6.1,mwc,,,,,16.0,29.0,111.0,172.0,63.0,79.0,1.354e+18,3.95e+17,-1.749e+18,2.38e+17,-1.082e+18,-8.6e+16,anss,,slab_interface,34.3006629944
B030585A,1985-03-05T09:08:54,-71.72,-34.24,33.0,5.4,mwc,,,,,36.0,14.0,126.0,180.0,79.0,82.0,6.16e+16,-2700000000000000.0,-5.89e+16,5400000000000000.0,-1.46e+17,-2.2e+16,anss,,forearc,41.1406669617
B030785A,1985-03-07T00:54:56,-72.14,-33.01,33.0,5.4,mwc,,,10.1,,7.0,30.0,107.0,168.0,62.0,81.0,1.529e+17,600000000000000.0,-1.535e+17,3.57e+16,-9.51e+16,6800000000000000.0,anss,,slab_interface,17.921497345
B031285A,1985-03-12T08:23:15,-72.16,-33.1,33.0,5.8,mwc,,,10.1,,35.0,17.0,123.0,180.0,76.0,81.0,2.572e+17,3.71e+16,-2.943e+17,9600000000000000.0,-5.297e+17,-9.99e+16,anss,,intra_slab,18.1272506714
C031785A,1985-03-17T10:41:37,-71.56,-32.66,33.0,6.5,mwc,,,,,356.0,26.0,91.0,175.0,64.0,90.0,6.243e+18,-1.93e+17,-6.05e+18,4.93e+17,-4.835e+18,5.09e+17,anss,,slab_interface,36.1485481262
C031985A,1985-03-19T04:01:06,-71.76,-33.28,33.0,6.6,mwc,,,3.6,,355.0,24.0,90.0,175.0,66.0,90.0,8.667e+18,-2.99e+17,-8.368e+18,7.19e+17,-7.813e+18,7.49e+17,anss,,slab_interface,30.1334266663
B032385A,1985-03-23T13:45:19,-72.11,-34.28,33.0,5.7,mwc,,,9.2,,26.0,21.0,106.0,189.0,70.0,84.0,2.339e+17,1.17e+16,-2.456e+17,-3.66e+16,-2.87e+17,-8.4e+16,anss,,slab_interface,28.1020431519
B032385B,1985-03-23T14:36:57,-72.22,-33.3,33.0,5.5,mwc,,,8.6,,16.0,46.0,118.0,159.0,51.0,65.0,2.2480000000000003e+17,3.62e+16,-2.61e+17,7.67e+16,-1.97e+16,1.32e+16,anss,,slab_interface,17.5649414062
B032485A,1985-03-24T16:16:33,-72.13,-34.35,33.0,5.7,mwc,,,,,20.0,19.0,114.0,175.0,73.0,82.0,2.235e+17,4.23e+16,-2.658e+17,4.16e+16,-3.454e+17,-3.13e+16,anss,,slab_interface,27.2732830048
C032585A,1985-03-25T05:14:33,-72.28,-34.34,33.0,6.3,mwc,,,3.4,,10.0,20.0,98.0,181.0,70.0,87.0,2.595e+18,-7.9e+16,-2.516e+18,8999999999999998.0,-3.096e+18,-2.45e+17,anss,,slab_interface,23.2209587097
B033085A,1985-03-30T13:47:28,-76.4,-45.46,33.0,5.4,mwc,,,,,325.0,26.0,-81.0,135.0,64.0,-94.0,-9.68e+16,3.4200000000000004e+16,6.26e+16,-7.15e+16,7.3e+16,-1.1060000000000002e+17,anss,,outer_rise,
B040285B,1985-04-02T02:35:28,-68.97,-28.77,94.0,5.1,mwc,,,5.8,,133.0,58.0,-143.0,21.0,59.0,-38.0,-3.339e+16,-2.702e+16,6.041e+16,-8080000000000002.0,-3320000000000000.0,-2.1e+16,anss,,slab_deep,87.1755371094
B040385B,1985-04-03T13:06:19,-71.61,-32.62,33.0,6.1,mwc,,,,,18.0,21.0,87.0,201.0,69.0,91.0,1.098e+18,-4e+16,-1.057e+18,-4.66e+17,-1.211e+18,-4.11e+17,anss,,slab_interface,34.1910362244
C040985A,1985-04-09T01:56:58,-71.54,-34.17,33.0,7.1,mwc,,,,,0.0,21.0,99.0,170.0,69.0,86.0,3.318e+19,-1e+16,-3.316e+19,7.62e+18,-3.604e+19,3.12e+18,anss,,forearc,45.6455574036
B041585A,1985-04-15T04:41:50,-72.02,-33.53,33.0,5.5,mwc,,,,,28.0,21.0,127.0,169.0,74.0,77.0,1.218e+17,2.55e+16,-1.473e+17,4.77e+16,-1.908e+17,-2.25e+16,anss,,intra_slab,23.7322387695
B042885A,1985-04-28T02:53:44,-71.49,-33.07,60.0,5.6,mwc,,,,,7.0,22.0,100.0,176.0,69.0,86.0,2.102e+17,1.82e+16,-2.284e+17,2.5e+16,-2.3690000000000003e+17,-3300000000000000.0,anss,,intra_slab,38.5965042114
B042885B,1985-04-28T08:30:32,-75.61,-39.7,33.0,5.9,mwc,,,,,46.0,27.0,-101.0,239.0,64.0,-84.0,-6.473e+17,4.1980000000000006e+17,2.274e+17,4.449e+17,2.264e+17,3.396e+17,anss,,outer_rise,
B051785B,1985-05-17T02:44:07,-72.46,-34.28,33.0,5.4,mwc,,,,,46.0,32.0,143.0,168.0,71.0,63.0,7.91e+16,2.92e+16,-1.083e+17,3.71e+16,-1e+17,-4.18e+16,anss,,intra_slab,19.1813011169
B051985A,1985-05-19T07:07:46,-72.3,-33.88,33.0,5.5,mwc,,,,,20.0,28.0,103.0,185.0,62.0,83.0,1.776e+17,3.58e+16,-2.134e+17,-5300000000000000.0,-1.3839999999999998e+17,-5.32e+16,anss,,intra_slab,18.8080158234
B051985C,1985-05-19T18:09:15,-71.28,-30.24,39.0,6.2,mwc,,,,,359.0,35.0,96.0,172.0,55.0,86.0,2.335e+18,1.12e+17,-2.448e+18,2.17e+17,-8.67e+17,2.17e+17,anss,,slab_interface,42.7043914795
B060285B,1985-06-02T16:26:58,-73.59,-37.8,33.0,5.8,mwc,,,,,347.0,24.0,47.0,212.0,73.0,107.0,4.115e+17,5.649999999999999e+16,-4.68e+17,-3.769e+17,-4.648e+17,-8.28e+16,anss,,slab_interface,25.314907074
B060985B,1985-06-09T18:46:30,-71.97,-33.25,33.0,5.2,mwc,,,9.3,,347.0,26.0,97.0,159.0,64.0,86.0,7.387e+16,-1.271e+16,-6.116e+16,2.261e+16,-4.975e+16,1.643e+16,anss,,slab_interface,23.7133960724
B061085B,1985-06-10T15:37:08,-66.64,-27.88,170.2,6.3,mw,0.02,0.02,0.7,,161.0,33.0,-64.0,310.0,61.0,-106.0,-2.821e+18,6.65e+17,2.1560000000000005e+18,1.577e+18,-1.087e+18,-2.501e+18,gcmt,,slab_deep,134.638565063
B061185A,1985-06-11T11:12:28,-71.68,-32.48,33.0,5.5,mwc,,,,,14.0,28.0,103.0,180.0,63.0,83.0,1.501e+17,3.64e+16,-1.866e+17,5000000000000000.0,-1.2330000000000002e+17,-2.45e+16,anss,,slab_interface,30.4482765198
B061485A,1985-06-14T13:14:14,-74.92,-40.74,33.0,5.4,mwc,,,,,223.0,48.0,-62.0,4.0,49.0,-117.0,-1.429e+17,4300000000000000.0,1.3859999999999998e+17,4.34e+16,-2.4e+16,7.18e+16,anss,,intra_slab,9.2201385498
B070585B,1985-07-05T15:22:38,-72.17,-33.38,33.0,5.5,mwc,,,,,348.0,22.0,70.0,190.0,69.0,98.0,1.2410000000000002e+17,1.77e+16,-1.418e+17,-3.26e+16,-1.419e+17,-400000000000000.0,anss,,intra_slab,19.0995941162
B070685B,1985-07-06T08:33:07,-72.12,-33.36,43.0,5.5,mwc,,,8.0,,356.0,27.0,79.0,189.0,63.0,96.0,1.413e+17,2.49e+16,-1.662e+17,-2.29e+16,-1.101e+17,-1.07e+16,anss,,slab_interface,20.0995616913
B070785B,1985-07-07T11:25:12,-72.0,-32.88,32.0,6.0,mwc,,,,,0.0,21.0,96.0,174.0,69.0,88.0,8.042e+17,9.58e+16,-9e+17,1.1279999999999998e+17,-9.207e+17,6.09e+16,anss,,intra_slab,21.5139636993
B071185B,1985-07-11T20:31:13,-72.0,-32.93,33.0,5.5,mwc,,,,,2.0,28.0,90.0,182.0,62.0,90.0,1.536e+17,2.04e+16,-1.74e+17,-3500000000000000.5,-1.083e+17,-6600000000000000.0,anss,,intra_slab,21.5932102203
B071785B,1985-07-17T13:53:02,-71.42,-32.65,50.0,5.5,mwc,,,,,15.0,27.0,115.0,168.0,66.0,78.0,1.623e+17,3.04e+16,-1.927e+17,4.65e+16,-1.431e+17,-1000000000000000.0,anss,,slab_interface,42.2523841858
B080485B,1985-08-04T04:54:01,-75.45,-44.89,23.0,5.8,mwc,,,,,199.0,24.0,-64.0,352.0,68.0,-101.0,-4.184e+17,-1.087e+17,5.271e+17,9.46e+16,-4.773e+17,4.03e+16,anss,,intra_slab,9.84159564972
B081285A,1985-08-12T00:04:50,-73.49,-38.42,33.0,6.2,mwc,,,,,16.0,15.0,111.0,174.0,76.0,84.0,1.11e+18,-5.4e+16,-1.056e+18,2.7800000000000003e+17,-1.977e+18,-1.05e+17,anss,,slab_interface,30.6313400269
B082085B,1985-08-20T12:21:05,-72.19,-33.75,33.0,5.2,mwc,,,,,12.0,33.0,104.0,176.0,58.0,81.0,6.386e+16,1.066e+16,-7.452e+16,6800000000000000.0,-3.341e+16,-5460000000000000.0,anss,,intra_slab,19.948091507
B102485A,1985-10-24T01:48:56,-68.64,-31.41,111.0,5.5,mwc,,,,,63.0,44.0,-105.0,263.0,48.0,-76.0,-2.627e+17,2.235e+17,3.91e+16,2.94e+16,-4.62e+16,6.06e+16,anss,,slab_deep,94.8994216919
B110685B,1985-11-06T16:08:53,-74.87,-40.62,33.0,5.3,mwc,,,,,221.0,49.0,-52.0,351.0,53.0,-125.0,-7.53e+16,-1.265e+16,8.795e+16,3.475e+16,-1.689e+16,3.114e+16,anss,,intra_slab,9.60925769806
B110985B,1985-11-09T22:13:30,-66.41,-27.55,165.2,5.3,mw,0.11,0.08,3.6,,172.0,37.0,-45.0,301.0,65.0,-117.0,-7.06e+16,1.317e+16,5.743e+16,6.101e+16,-1.162e+16,-4.882e+16,gcmt,,slab_deep,152.60760498
B010886A,1986-01-08T03:42:48,-71.24,-35.93,89.0,5.1,mwc,,,5.1,,303.0,16.0,0.0,33.0,90.0,-106.0,1380000000000000.0,1.464e+16,-1.602e+16,-3.571e+16,-5.215e+16,9440000000000000.0,anss,,slab_deep,89.9315032959
B020986A,1986-02-09T23:32:11,-71.27,-36.13,86.0,5.2,mwc,,,,,14.0,14.0,92.0,192.0,76.0,89.0,3.297e+16,1.534e+16,-4.832e+16,-1.66e+16,-8.03e+16,-1.481e+16,anss,,slab_deep,92.6494064331
B032686A,1986-03-26T07:04:49,-72.1,-34.1,33.0,5.4,mwc,,,7.4,,5.0,24.0,97.0,177.0,66.0,87.0,1.34e+17,1.11e+16,-1.451e+17,1.02e+16,-1.2609999999999998e+17,-1500000000000000.0,anss,,slab_interface,25.7350730896
B072886B,1986-07-28T20:29:01,-72.13,-33.38,32.0,5.7,mwc,,,9.5,,4.0,22.0,100.0,174.0,68.0,86.0,2.797e+17,2.29e+16,-3.026e+17,3.99e+16,-3.052e+17,6200000000000000.0,anss,,slab_interface,19.0995941162
B081186E,1986-08-11T22:06:47,-67.64,-30.94,33.0,5.3,mwc,,,,,187.0,49.0,167.0,285.0,80.0,41.0,2.675e+16,2.631e+16,-5.305e+16,-8.654e+16,530000000000000.0,9.006e+16,anss,,backarc,
B090586B,1986-09-05T06:06:15,-71.76,-37.05,94.0,5.3,mwc,,,6.0,,129.0,24.0,174.0,225.0,88.0,66.0,7190000000000000.0,-5.144e+16,4.425e+16,-7.539e+16,-7.451e+16,-8760000000000000.0,anss,,slab_deep,86.1069641113
B112886A,1986-11-28T20:34:52,-76.67,-45.12,33.0,5.2,mwc,,,,,260.0,90.0,180.0,350.0,90.0,0.0,-1.473e+16,3.622e+16,-2.149e+16,0.0,0.0,-7.995e+16,anss,,outer_rise,
B012787A,1987-01-27T07:06:51,-72.04,-32.13,31.0,5.5,mwc,,,6.8,,28.0,32.0,138.0,156.0,69.0,65.0,1.322e+17,6.44e+16,-1.966e+17,8e+16,-1.294e+17,2300000000000000.0,anss,,intra_slab,19.3936271667
B012987B,1987-01-29T17:22:39,-71.08,-29.73,66.0,5.4,mwc,,,,,206.0,9.0,-66.0,2.0,82.0,-94.0,-1.52e+16,-5.15e+16,6.67e+16,-8400000000000002.0,-1.444e+17,1.3900000000000002e+16,anss,,intra_slab,48.9369430542
B020387A,1987-02-03T16:42:41,-72.87,-37.78,32.0,5.8,mwc,,,,,357.0,16.0,95.0,172.0,74.0,89.0,3.331e+17,4.16e+16,-3.748e+17,8.58e+16,-5.593e+17,4.64e+16,anss,,forearc,46.3606948853
B021487D,1987-02-14T15:44:15,-75.99,-45.71,10.0,5.9,mwc,,,,,259.0,76.0,-171.0,167.0,81.0,-14.0,-1.297e+17,3.629e+17,-2.3330000000000003e+17,4.45e+16,1.735e+17,-6.801e+17,anss,,outer_rise,
B022587C,1987-02-25T10:42:48,-66.31,-28.73,176.1,5.3,mw,0.16,0.09,4.1,,179.0,52.0,-6.0,272.0,86.0,-142.0,-6850000000000001.0,-1630000000000000.0,8480000000000000.0,6.845e+16,1.111e+16,-8.539e+16,gcmt,,slab_deep,129.229324341
B032387B,1987-03-23T20:47:57,-72.23,-34.07,33.0,5.1,mwc,,,14.5,,31.0,41.0,125.0,169.0,58.0,64.0,5.032e+16,1.457e+16,-6.49e+16,1.574e+16,-2.132e+16,-1.332e+16,anss,,intra_slab,21.2884426117
B051087B,1987-05-10T15:16:28,-65.19,-30.95,186.4,5.4,mw,0.07,0.06,2.2,,78.0,69.0,-163.0,341.0,74.0,-22.0,-1.89e+16,8.49e+16,-6.59e+16,-3.17e+16,-7.48e+16,-1.2430000000000002e+17,gcmt,,slab_deep,174.231674194
B051987B,1987-05-19T12:56:25,-71.59,-30.33,39.0,6.1,mwc,,,,,355.0,32.0,88.0,177.0,58.0,91.0,1.578e+18,5.16e+17,-2.0950000000000005e+18,3e+16,-8.73e+17,1.78e+17,anss,,slab_interface,30.0552368164
B072987B,1987-07-29T15:22:38,-66.96,-28.33,150.7,5.4,mw,0.09,0.08,2.8,,332.0,44.0,-82.0,141.0,47.0,-97.0,-1.1559999999999998e+17,1.31e+16,1.0249999999999998e+17,-9500000000000000.0,4400000000000000.0,-1.091e+17,gcmt,,slab_deep,117.710380554
B080487A,1987-08-04T15:04:40,-73.1,-40.46,38.0,5.4,mwc,,,,,84.0,48.0,32.0,331.0,67.0,133.0,7.807e+16,-9.710000000000002e+16,1.904e+16,-7540000000000000.0,7.233e+16,8.77e+16,anss,,forearc,57.5882110596
C081587D,1987-08-15T18:04:22,-70.89,-28.15,32.0,6.4,mwc,,,,,20.0,30.0,110.0,176.0,62.0,78.0,3.518e+18,2.57e+17,-3.775e+18,5.22e+17,-2.34e+18,-5.5000000000000006e+17,anss,,slab_interface,37.982257843
B091187B,1987-09-11T04:02:03,-70.73,-31.46,95.0,5.2,mwc,,,,,52.0,10.0,-39.0,181.0,84.0,-98.0,-1.804e+16,8580000000000000.0,9470000000000000.0,-1170000000000000.0,6.666e+16,8860000000000000.0,anss,,slab_deep,73.4246292114
B091387C,1987-09-13T20:08:51,-69.97,-34.19,10.0,5.9,mwc,,,,,27.0,58.0,176.0,119.0,87.0,32.0,-2200000000000000.0,5.529e+17,-5.507e+17,4.011e+17,-1.2410000000000002e+17,3.47e+17,anss,,crustal_intraarc_shallow,
B112987A,1987-11-29T07:57:23,-76.44,-45.78,33.0,5.4,mwc,,,,,154.0,37.0,-95.0,340.0,53.0,-86.0,-1.599e+17,6800000000000000.0,1.531e+17,1.23e+16,-4.96e+16,-7.26e+16,anss,,outer_rise,
B122887A,1987-12-28T08:16:28,-71.45,-28.27,44.2,5.9,mw,0.03,0.04,2.3,,20.0,31.0,114.0,173.0,62.0,76.0,6.36e+17,1.464e+17,-7.824e+17,1.131e+17,-4.449e+17,-8.97e+16,gcmt,,intra_slab,19.9232082367
B123087A,1987-12-30T11:56:19,-70.81,-35.03,89.0,5.4,mwc,,,,,126.0,21.0,-171.0,27.0,87.0,-69.0,-1.7299999999999998e+16,-4.46e+16,6.19e+16,-7.35e+16,-1.365e+17,-2.61e+16,anss,,slab_deep,93.9786758423
B031388A,1988-03-13T11:31:32,-72.27,-33.67,42.0,5.8,mwc,,,10.6,,38.0,28.0,138.0,166.0,72.0,68.0,3.808e+17,1.039e+17,-4.848e+17,1.965e+17,-4.954e+17,-1.2729999999999998e+17,anss,,intra_slab,18.134059906
B050588C,1988-05-05T17:39:17,-71.46,-29.32,33.0,5.4,mwc,,,3.8,,0.0,3.0,53.0,217.0,87.0,92.0,8100000000000000.0,5100000000000000.0,-1.32e+16,-8.61e+16,-1.176e+17,-1.35e+16,anss,,slab_interface,29.936422348
B052188B,1988-05-21T14:28:39,-71.75,-32.89,42.0,6.1,mwc,,,7.7,,64.0,4.0,159.0,175.0,89.0,87.0,1.62e+17,-1.3500000000000002e+17,-2.7e+16,1.85e+17,-1.81e+18,-1.23e+17,anss,,intra_slab,29.1080856323
B052388A,1988-05-23T00:28:04,-68.65,-28.48,117.0,5.4,mwc,,,,,320.0,29.0,-90.0,140.0,61.0,-90.0,-1.293e+17,5.06e+16,7.86e+16,-5.570000000000001e+16,6.5e+16,-8.46e+16,anss,,slab_deep,88.4756393433
C081488C,1988-08-14T17:53:18,-71.23,-27.31,38.9,6.6,mw,0.02,0.02,1.4,,326.0,16.0,31.0,206.0,82.0,103.0,2.425e+18,2.496e+18,-4.921e+18,-4.62e+18,-9.604e+18,-4.17e+17,gcmt,,intra_slab,18.7279815674
B081788E,1988-08-17T14:26:08,-70.85,-27.0,15.0,5.5,mw,0.18,0.11,0.0,,56.0,10.0,152.0,173.0,85.0,81.0,3.11e+16,7000000000000001.0,-3.81e+16,2.57e+16,-1.964e+17,-2.59e+16,gcmt,,forearc,29.6528396606
B111488C,1988-11-14T16:55:33,-71.76,-32.58,50.0,5.1,mwc,,,6.9,,347.0,27.0,96.0,160.0,63.0,87.0,5.246000000000001e+16,-1.422e+16,-3.825e+16,1.405e+16,-3.085e+16,7550000000000000.0,anss,,slab_interface,28.787399292
B011589A,1989-01-15T01:27:45,-71.72,-31.69,47.0,5.4,mwc,,,6.2,,336.0,10.0,113.0,133.0,81.0,86.0,5.649999999999999e+16,-1.94e+16,-3.71e+16,1.1319999999999998e+17,-1.002e+17,1.57e+16,anss,,slab_interface,29.6297054291
B022189B,1989-02-21T22:08:55,-78.44,-44.96,15.0,5.5,mw,0.1,0.04,0.0,,98.0,20.0,-80.0,268.0,71.0,-94.0,-1.3700000000000002e+17,1.607e+17,-2.36e+16,1.85e+17,9600000000000000.0,-7800000000000000.0,gcmt,,outer_rise,
B022489C,1989-02-24T12:36:59,-70.98,-38.42,33.0,5.2,mwc,,,,,110.0,62.0,23.0,9.0,70.0,150.0,2.3650000000000004e+16,2.289e+16,-4.654e+16,4.16e+16,3.467e+16,6.386999999999999e+16,anss,,crustal_intraarc_shallow,
B040189A,1989-04-01T21:58:13,-70.06,-32.87,100.0,5.3,mwc,,,,,158.0,18.0,-122.0,10.0,75.0,-80.0,-4.807e+16,-1.821e+16,6.628e+16,-1.821e+16,-9.198e+16,-3970000000000000.0,anss,,slab_deep,92.5580978394
B041389A,1989-04-13T00:43:11,-75.03,-39.56,33.0,5.8,mwc,,,,,204.0,34.0,-51.0,339.0,64.0,-113.0,-4.21e+17,-6.12e+16,4.822e+17,2.237e+17,-2.672e+17,2.3e+16,anss,,intra_slab,7.10856342316
B041789A,1989-04-17T04:55:25,-71.69,-30.58,33.0,5.2,mwc,,,12.0,,351.0,23.0,85.0,176.0,67.0,92.0,4.434e+16,1.649e+16,-6.083e+16,3410000000000000.5,-5.019e+16,7980000000000000.0,anss,,slab_interface,27.115354538
B061789A,1989-06-17T18:28:08,-74.7,-40.47,33.0,5.6,mwc,,,,,247.0,34.0,-28.0,1.0,75.0,-121.0,-1.319e+17,5.26e+16,7.93e+16,8.03e+16,-2.141e+17,1.23e+17,anss,,intra_slab,11.2904014587
B062489B,1989-06-24T12:58:47,-66.2,-28.53,21.0,5.5,mw,0.05,0.05,0.0,,88.0,77.0,-172.0,357.0,82.0,-13.0,-1.35e+16,2.39e+16,-1.04e+16,-2.55e+16,-4.5e+16,-1.961e+17,gcmt,,backarc,
B102389C,1989-10-23T23:41:36,-66.39,-27.51,175.8,5.3,mw,0.06,0.06,2.1,,179.0,55.0,-29.0,286.0,66.0,-142.0,-5.292e+16,3380000000000000.0,4.954e+16,5.952e+16,2.396e+16,-8.44e+16,gcmt,,slab_deep,153.648605347
B111489B,1989-11-14T06:08:01,-71.51,-27.72,55.2,5.4,mw,0.08,0.13,7.9,,202.0,51.0,140.0,319.0,60.0,46.0,9.1e+16,3.33e+16,-1.2430000000000002e+17,-1.0169999999999998e+17,-800000000000000.0,2.34e+16,gcmt,,intra_slab,15.1422891617
B040290A,1990-04-02T13:56:34,-71.97,-32.57,39.0,5.6,mwc,,,6.9,,6.0,36.0,106.0,167.0,56.0,79.0,2.918e+17,6.889999999999999e+16,-3.607e+17,5.19e+16,-1.147e+17,3.06e+16,anss,,slab_interface,22.5020484924
choy19900421185452,1990-04-21T18:54:52,-73.3,-36.99,12.0,6.3,mw,,,,,352.0,17.0,80.0,183.0,73.0,93.0,3.555e+17,2.45e+16,-3.8e+17,-3.99e+16,-5.435e+17,1.29e+16,anss,gcmt:B042190B,forearc,29.0535297394
B042290A,1990-04-22T20:25:25,-73.36,-38.01,33.0,5.6,mwc,,,,,347.0,16.0,81.0,177.0,74.0,93.0,1.84e+17,7800000000000000.0,-1.919e+17,1.34e+16,-2.978e+17,2.83e+16,anss,,slab_interface,32.1172866821
C051490C,1990-05-14T21:34:04,-71.38,-35.84,81.0,6.1,mwc,,,,,273.0,40.0,19.0,168.0,78.0,128.0,5.77e+17,-5.92e+17,1.4e+16,-1.64e+17,-1.458e+18,1.059e+18,anss,,slab_deep,82.764755249
B062990B,1990-06-29T06:31:25,-68.32,-28.35,123.0,5.3,mwc,,,,,321.0,36.0,-80.0,129.0,55.0,-97.0,-9.596e+16,4.807e+16,4.789e+16,-3.015e+16,1.314e+16,-3.843e+16,anss,,slab_deep,92.0383758545
B080290A,1990-08-02T05:24:08,-71.58,-31.61,41.0,6.0,mwc,,,3.4,,2.0,27.0,95.0,177.0,63.0,87.0,1.015e+18,1.09e+17,-1.124e+18,6.5e+16,-7.95e+17,1.3e+16,anss,,slab_interface,33.4142303467
B090490F,1990-09-04T23:15:11,-68.96,-31.2,112.0,5.7,mwc,,,,,215.0,44.0,-92.0,37.0,46.0,-88.0,-4.189e+17,1.276e+17,2.913e+17,-1.53e+16,-8300000000000000.0,2.503e+17,anss,,slab_deep,95.7981719971
B101190A,1990-10-11T04:25:24,-72.06,-33.7,30.0,5.4,mwc,,,,,329.0,11.0,58.0,182.0,81.0,96.0,5.3e+16,-5500000000000000.0,-4.76e+16,-1e+16,-1.539e+17,1.4399999999999998e+16,anss,,slab_interface,23.3854999542
B103190A,1990-10-31T14:39:35,-71.07,-27.05,73.3,5.5,mw,0.05,0.03,2.1,,74.0,50.0,-140.0,315.0,60.0,-48.0,-1.544e+17,2.275e+17,-7.31e+16,1.55e+16,-1.008e+17,-8.81e+16,gcmt,,intra_slab,22.9916534424
B122190F,1990-12-21T18:31:42,-69.59,-32.66,109.0,5.4,mwc,,,3.0,,289.0,47.0,-7.0,24.0,85.0,-137.0,-2.85e+16,9.75e+16,-6.899999999999999e+16,-5.15e+16,-1.004e+17,9.67e+16,anss,,slab_deep,102.602989197
B031591A,1991-03-15T18:50:55,-68.68,-29.0,72.0,5.2,mwc,,,,,345.0,25.0,-68.0,140.0,67.0,-100.0,-5.792e+16,9210000000000000.0,4.871000000000001e+16,-4.125e+16,4.275e+16,-3.051e+16,anss,,slab_deep,87.8152236938
B051891A,1991-05-18T06:57:28,-74.86,-40.12,33.0,5.4,mwc,,,,,242.0,61.0,-27.0,346.0,67.0,-149.0,-7.09e+16,-5.84e+16,1.293e+17,5.36e+16,-3.87e+16,1.0129999999999998e+17,anss,,intra_slab,9.26541996002
B060391B,1991-06-03T05:05:18,-74.64,-39.98,33.0,5.5,mwc,,,,,345.0,46.0,-146.0,229.0,66.0,-49.0,-1.475e+17,-9.36e+16,2.411e+17,7.12e+16,7.38e+16,1.423e+17,anss,,intra_slab,11.5916557312
B081891D,1991-08-18T21:52:05,-71.43,-31.96,46.0,5.2,mwc,,,,,312.0,18.0,37.0,186.0,79.0,105.0,2.802e+16,8050000000000000.0,-3.607e+16,-9880000000000000.0,-7.311e+16,1.715e+16,anss,,intra_slab,40.1484718323
B091591E,1991-09-15T22:56:19,-69.92,-31.48,112.0,5.8,mwc,,,,,262.0,87.0,0.0,172.0,90.0,177.0,1.17e+16,-1.936e+17,1.819e+17,4500000000000000.0,-3.22e+16,6.721e+17,anss,,slab_deep,98.8242645264
B120191C,1991-12-01T22:41:13,-69.46,-32.02,102.0,5.4,mwc,,,,,197.0,46.0,-121.0,58.0,52.0,-62.0,-1.074e+17,2.52e+16,8.21e+16,-2.26e+16,600000000000000.0,1.199e+17,anss,,slab_deep,102.708206177
B041092B,1992-04-10T09:33:07,-71.96,-33.96,32.0,5.1,mwc,,,,,248.0,57.0,-172.0,154.0,83.0,-33.0,-140000000000000.0,3.587e+16,-3.573e+16,-890000000000000.0,3.499e+16,-2.812e+16,anss,,intra_slab,28.5495071411
B050392B,1992-05-03T03:40:40,-71.48,-32.28,61.0,5.5,mwc,,,4.2,,275.0,4.0,23.0,162.0,88.0,94.0,2.31e+16,-2.9e+16,5900000000000000.0,6.59e+16,-2.0710000000000003e+17,4200000000000001.0,anss,,intra_slab,38.0437240601
B051892B,1992-05-18T03:02:21,-72.03,-33.61,28.0,6.1,mwc,,,,,19.0,8.0,120.0,169.0,83.0,86.0,4.69e+17,-9.7e+16,-3.73e+17,3.37e+17,-1.655e+18,-7.000000000000001e+16,anss,,slab_interface,22.6859321594
B052292A,1992-05-22T01:20:38,-72.04,-33.7,33.0,5.5,mwc,,,6.4,,0.0,21.0,92.0,178.0,69.0,89.0,1.865e+17,-1.54e+16,-1.711e+17,6600000000000000.0,-1.971e+17,1200000000000000.0,anss,,slab_interface,23.3854999542
B081492D,1992-08-14T20:09:01,-65.11,-30.91,200.7,5.1,mw,0.07,0.08,2.6,,86.0,14.0,-145.0,322.0,82.0,-79.0,-1.855e+16,2.014e+16,-1590000000000000.0,3.682e+16,-5.082e+16,-9860000000000000.0,gcmt,,slab_deep,180.834106445
19921001081852,1992-10-01T08:18:52,-74.96,-39.04,15.0,5.5,mwc,,,,,35.0,42.0,-51.0,167.0,58.0,-120.0,-1.469e+17,-3.8e+16,1.849e+17,-5.73e+16,6.08e+16,4.29e+16,anss,gcmt:B100192D,intra_slab,7.5031414032
B102992F,1992-10-29T14:39:17,-71.1,-29.26,46.0,5.3,mwc,,,,,130.0,17.0,-11.0,231.0,87.0,-107.0,-2.953e+16,3.76e+16,-8070000000000002.0,6.397e+16,8.022e+16,-3.224e+16,anss,,intra_slab,44.3071556091
B110192F,1992-11-01T09:36:42,-70.394297,-29.869436,96.037,5.4,mwc,relocated,relocated,relocated,,341.0,17.0,-72.0,142.0,74.0,-95.0,-9.043e+16,3.096e+16,5.947e+16,-7.981e+16,9.15e+16,-9520000000000000.0,anss,,slab_deep,77.6677780151
B110492E,1992-11-04T21:32:36,-71.55,-31.63,37.0,6.0,mwc,,,,,0.0,28.0,93.0,177.0,62.0,89.0,1.076e+18,-2.3e+16,-1.053e+18,5.6e+16,-7.33e+17,3e+16,anss,,slab_interface,35.5867919922
B111792B,1992-11-17T04:24:16,-71.13,-30.58,54.0,5.3,mwc,,,,,0.0,32.0,106.0,161.0,60.0,80.0,9.212999999999998e+16,2540000000000000.0,-9.467e+16,2.521e+16,-4.781e+16,1.776e+16,anss,,slab_interface,51.8161621094
C112892B,1992-11-28T03:13:37,-71.94,-31.4,39.0,6.4,mwc,,,,,51.0,52.0,-177.0,319.0,87.0,-38.0,-8.42e+17,4.764e+18,-3.921e+18,2.736e+18,-2.11e+18,-1.185e+18,anss,,intra_slab,20.7910442352
B122992C,1992-12-29T20:31:43,-67.31,-31.69,131.0,5.4,mwc,,,,,139.0,26.0,-112.0,343.0,66.0,-80.0,-8.853e+16,-1070000000000000.0,8.960000000000002e+16,2.374e+16,-8.882999999999998e+16,-6.148e+16,anss,,slab_deep,104.457008362
B010193C,1993-01-01T09:56:27,-71.54,-31.59,27.0,5.3,mwc,,,,,356.0,19.0,92.0,174.0,71.0,89.0,7.022e+16,-1.058e+16,-5.963e+16,9310000000000000.0,-8.224e+16,4050000000000001.0,anss,,slab_interface,35.5194892883
B031793A,1993-03-17T04:36:01,-74.91,-37.58,30.0,5.6,mwc,,,,,224.0,30.0,-37.0,348.0,72.0,-115.0,-1.572e+17,-6.33e+16,2.2040000000000003e+17,7.39e+16,-2.148e+17,7.56e+16,anss,,outer_rise,
B031993B,1993-03-19T01:48:12,-71.58,-27.04,15.0,5.9,mw,0.02,0.03,0.0,,351.0,19.0,91.0,170.0,71.0,90.0,5.6900000000000006e+17,4.78e+16,-6.168e+17,1.321e+17,-7.488e+17,1.177e+17,gcmt,,slab_interface,11.0608730316
B031993G,1993-03-19T16:01:14,-71.56,-27.02,15.0,5.3,mw,0.05,0.07,0.0,,339.0,32.0,72.0,181.0,60.0,101.0,8.199e+16,1.411e+16,-9.611e+16,-7000000000000000.0,-5.035e+16,1.815e+16,gcmt,,slab_interface,11.6522626877
B060193C,1993-06-01T15:53:43,-77.26,-45.74,10.0,5.9,mwc,,,,,172.0,73.0,16.0,77.0,75.0,162.0,1.86e+16,2.8650000000000003e+17,-3.051e+17,3.536e+17,-2.281e+17,-7.769e+17,anss,,outer_rise,
C060893F,1993-06-08T23:17:41,-69.22,-31.59,113.0,6.3,mwc,,,,,40.0,41.0,-95.0,226.0,49.0,-86.0,-2.988e+18,1.386e+18,1.601e+18,4.03e+17,2.08e+17,1.768e+18,anss,,slab_deep,100.395965576
B071693C,1993-07-16T21:21:26,-71.95,-33.13,31.0,5.6,mwc,,,,,7.0,18.0,111.0,164.0,73.0,83.0,1.913e+17,1.27e+16,-2.041e+17,8.7e+16,-2.714e+17,1.82e+16,anss,,slab_interface,23.4070301056
B071793A,1993-07-17T01:35:37,-71.5,-29.93,33.0,5.7,mwc,,,,,342.0,10.0,46.0,207.0,83.0,97.0,9.22e+16,2.48e+16,-1.17e+17,-1.716e+17,-3.34e+17,-1.45e+16,anss,,slab_interface,32.2164993286
B103093E,1993-10-30T17:59:02,-68.21,-31.75,109.0,5.8,mwc,,,,,180.0,41.0,-125.0,43.0,58.0,-64.0,-5.091e+17,-2500000000000000.0,5.116e+17,-2.775e+17,-8.2e+16,2.3570000000000003e+17,anss,,slab_deep,98.0652770996
B120493E,1993-12-04T23:16:52,-71.86,-33.83,53.0,5.6,mwc,,,4.4,,35.0,16.0,140.0,163.0,80.0,77.0,1.159e+17,1.79e+16,-1.338e+17,1.016e+17,-2.758e+17,-3.2e+16,anss,,intra_slab,30.7111148834
B041694D,1994-04-16T09:55:20,-71.34,-31.61,35.0,5.6,mwc,,,,,10.0,26.0,108.0,171.0,65.0,81.0,2.35e+17,0.0,-2.35e+17,5.12e+16,-1.875e+17,-3700000000000000.0,anss,,slab_interface,44.6349143982
B042894B,1994-04-28T16:44:54,-74.65,-39.37,27.0,5.5,mwc,,,,,225.0,51.0,-44.0,346.0,57.0,-132.0,-1.66e+17,-6.7e+16,2.33e+17,9.17e+16,-4.85e+16,8.7e+16,anss,,intra_slab,10.7799282074
B061694B,1994-06-16T00:47:23,-71.880361,-32.601011,22.8595,5.1,mwc,relocated,relocated,relocated,,10.0,22.0,112.0,166.0,70.0,81.0,3.409e+16,-2630000000000000.0,-3.146e+16,1.205e+16,-3.362e+16,190000000000000.0,anss,,slab_interface,24.0035572052
B081494F,1994-08-14T10:58:19,-71.59,-29.78,36.0,5.4,mwc,,,,,340.0,24.0,14.0,237.0,85.0,113.0,3.95e+16,4.38e+16,-8.33e+16,-1.502e+17,-6.999999999999999e+16,-2.68e+16,anss,,intra_slab,27.5686683655
B091294B,1994-09-12T06:29:56,-71.64,-31.13,53.0,5.9,mwc,,,,,306.0,21.0,51.0,167.0,74.0,103.0,3.786e+17,-1.14e+16,-3.671e+17,1.391e+17,-6.761e+17,3.028e+17,anss,,intra_slab,30.4878959656
B091494C,1994-09-14T05:02:12,-72.098667,-30.71741,72.3454,5.4,mwc,relocated,relocated,relocated,,26.0,32.0,131.0,160.0,66.0,68.0,1.1140000000000002e+17,3.84e+16,-1.499e+17,5.19e+16,-9.2e+16,-4700000000000000.0,anss,,intra_slab,15.7084703445
B091794D,1994-09-17T12:22:14,-71.67,-32.19,28.0,5.7,mwc,,,,,11.0,26.0,83.0,199.0,64.0,93.0,2.933e+17,5500000000000000.0,-2.988e+17,-8.63e+16,-2.241e+17,-9.24e+16,anss,,slab_interface,32.0752487183
B092294C,1994-09-22T14:24:34,-71.86,-32.22,27.0,5.4,mwc,,,,,61.0,36.0,21.0,314.0,78.0,124.0,6.07e+16,-1.331e+17,7.24e+16,-8.95e+16,1.0169999999999998e+17,3.31e+16,anss,,slab_interface,25.1479969025
B101194A,1994-10-11T01:37:20,-71.44,-32.11,51.0,5.7,mwc,,,,,284.0,33.0,37.0,162.0,71.0,118.0,2.887e+17,-2.085e+17,-8.02e+16,-4.57e+16,-3.705e+17,1.722e+17,anss,,intra_slab,40.1519203186
B102094A,1994-10-20T01:15:16,-70.8,-39.19,164.0,5.9,mwc,,,,,234.0,15.0,161.0,343.0,85.0,76.0,1.434e+17,1.437e+17,-2.87e+17,-2.767e+17,8.699999999999999e+17,-1.3839999999999998e+17,anss,,slab_deep,150.910110474
B032395B,1995-03-23T09:18:21,-72.94,-36.26,43.0,5.5,mwc,,,8.3,,21.0,6.0,120.0,170.0,85.0,87.0,2.17e+16,2.91e+16,-5.09e+16,3.29e+16,-1.986e+17,2500000000000000.0,anss,,slab_interface,33.5498771667
B042895A,1995-04-28T02:04:19,-71.814341,-31.705707,23.9661,5.1,mwc,relocated,relocated,relocated,,126.0,42.0,61.0,342.0,54.0,114.0,6.829e+16,-3.449e+16,-3.379e+16,2.317e+16,3.162e+16,1.079e+16,anss,,forearc,26.0551509857
B052895F,1995-05-28T19:59:12,-71.1,-29.05,42.0,5.5,mwc,,,,,170.0,19.0,88.0,352.0,71.0,91.0,1.332e+17,-2400000000000000.0,-1.308e+17,-2.14e+16,1.658e+17,2.03e+16,anss,,intra_slab,41.8592300415
B060295B,1995-06-02T19:07:22,-71.3,-31.76,70.0,5.5,mwc,,,,,166.0,14.0,-73.0,328.0,76.0,-94.0,-9.64e+16,-1.16e+16,1.08e+17,1.178e+17,-1.934e+17,-7.45e+16,anss,,intra_slab,47.0558815002
B070195B,1995-07-01T09:14:54,-72.385463,-33.913361,27.5703,5.2,mwc,relocated,relocated,relocated,,7.0,24.0,108.0,168.0,67.0,82.0,5.969e+16,-1.03e+16,-4.938e+16,1.746e+16,-5.079e+16,-550000000000000.0,anss,,intra_slab,16.7031269073
B080395E,1995-08-03T08:18:53,-69.2,-28.35,104.0,5.8,mwc,,,,,338.0,36.0,-100.0,170.0,54.0,-83.0,-6.17e+17,8.65e+16,5.305e+17,1.9e+16,2.035e+17,-1.3999999999999998e+17,anss,,slab_deep,86.7639923096
B091795B,1995-09-17T07:25:30,-74.354888,-35.581028,67.6104,5.6,mwc,relocated,relocated,relocated,,184.0,42.0,-124.0,46.0,56.0,-63.0,-2.288e+17,1.85e+16,2.1030000000000003e+17,-1.167e+17,-1.15e+16,1.125e+17,anss,,outer_rise,
19951001125015,1995-10-01T12:50:18,-71.76,-31.33,89.7,5.4,mwc,,,,,180.0,18.0,-74.0,344.0,73.0,-95.0,-6.48e+16,-2.24e+16,8.72e+16,3.32e+16,-1.099e+17,-2.14e+16,anss,gcmt:B100195A,intra_slab,27.1202087402
B100395J,1995-10-03T16:08:17,-71.97,-30.74,39.0,5.7,mwc,,,2.4,,9.0,41.0,104.0,171.0,51.0,79.0,3.541e+17,7.67e+16,-4.308e+17,4.62e+16,-6.879999999999999e+16,4300000000000000.0,anss,,slab_interface,19.4852466583
B103195A,1995-10-31T01:55:57,-71.32,-28.96,33.0,5.7,mwc,,,,,20.0,11.0,128.0,162.0,81.0,83.0,1.23e+17,6.53e+16,-1.883e+17,1.412e+17,-4.378e+17,1.7199999999999998e+16,anss,,intra_slab,32.1988677979
C110195A,1995-11-01T00:35:32,-72.093275,-28.450279,88.5296,6.6,mwc,relocated,relocated,relocated,,6.0,25.0,111.0,163.0,67.0,80.0,7.87e+18,8.3e+17,-8.699999999999999e+18,2.831e+18,-7.203e+18,1.021e+18,anss,,intra_slab,9.41866016388
B112195D,1995-11-21T18:17:04,-72.926528,-32.829598,5.4969,5.7,mwc,relocated,relocated,relocated,,355.0,20.0,84.0,181.0,71.0,92.0,2.851e+17,-1.14e+16,-2.737e+17,-1.4199999999999998e+16,-3.457e+17,9700000000000000.0,anss,,outer_rise,
B113095B,1995-11-30T13:15:44,-71.48,-27.93,15.0,5.7,mw,0.02,0.02,0.0,,12.0,21.0,109.0,171.0,70.0,83.0,2.968e+17,1.62e+16,-3.131e+17,7.45e+16,-3.561e+17,-7199999999999999.0,gcmt,,slab_interface,16.5450363159
B021996E,1996-02-19T07:10:10,-75.08,-42.09,33.0,6.0,mwc,,,,,201.0,27.0,-85.0,15.0,63.0,-93.0,-7.382e+17,-1.738e+17,9.12e+17,-1.619e+17,-6.145e+17,3.822e+17,anss,,intra_slab,9.29995441437
B022296C,1996-02-22T13:40:53,-71.71,-33.69,44.0,5.9,mwc,,,,,93.0,40.0,49.0,321.0,61.0,119.0,5.769e+17,-5.615e+17,-1.54e+16,-1.0189999999999998e+17,3.726e+17,3.827e+17,anss,,intra_slab,34.453666687
B031196C,1996-03-11T11:56:07,-71.89,-42.18,126.0,5.3,mwc,,,,,208.0,13.0,40.0,79.0,82.0,100.0,1.55e+16,-4.06e+16,2.51e+16,1.113e+17,2.84e+16,-3.69e+16,anss,,slab_deep,124.481933594
B042596A,1996-04-25T04:51:16,-71.56307,-30.099973,90.7811,5.2,mwc,relocated,relocated,relocated,,7.0,42.0,-82.0,177.0,48.0,-97.0,-8.548e+16,1.839e+16,6.708e+16,-9030000000000000.0,8850000000000000.0,2060000000000000.0,anss,,intra_slab,30.9471683502
B081496F,1996-08-14T21:23:47,-73.59,-42.55,33.0,5.2,mwc,,,,,215.0,29.0,-11.0,314.0,85.0,-119.0,-6950000000000000.0,-3.253e+16,3.948e+16,3.276e+16,-5.418999999999999e+16,-2.383e+16,anss,,forearc,48.9309501648
pde19960909002039120_39,1996-09-09T00:20:39,-71.56,-31.9,40.0,6.0,mwb,,,,,351.0,52.0,63.0,211.0,45.0,120.0,7.549e+17,2.167e+17,-9.717e+17,-2.657e+17,-3.075e+17,8.27e+16,anss,gcmt:C090996A,slab_interface,35.8355674744
B021097B,1997-02-10T10:52:09,-68.75,-32.93,149.0,5.3,mwc,,,,,317.0,15.0,-31.0,77.0,82.0,-103.0,-2.933e+16,3.393e+16,-4600000000000000.0,-9.537000000000002e+16,-2.647e+16,-1.6220000000000002e+16,anss,,slab_deep,122.030273438
pde19970309114343260_33,1997-03-09T11:43:43,-71.147,-29.815,38.0,6.2,mwc,,,,,180.0,45.0,105.0,339.0,47.0,75.0,1.89e+18,2000000000000000.0,-1.892e+18,-2.09e+17,-7.88e+17,-3.04e+17,anss,gcmt:C030997B,slab_interface,46.9465827942
B031097A,1997-03-10T03:53:00,-71.14,-29.68,33.0,5.6,mwc,,,,,10.0,38.0,94.0,184.0,52.0,87.0,3.564e+17,-6.62e+16,-2.902e+17,1.09e+16,-8.04e+16,-2.84e+16,anss,,forearc,46.2100830078
B032597A,1997-03-25T00:14:44,-70.55,-33.48,84.0,5.5,mwc,,,,,158.0,59.0,-161.0,58.0,74.0,-33.0,-6.04e+16,-1.123e+17,1.727e+17,-1.1279999999999998e+17,-8000000000000000.0,1.068e+17,anss,,slab_deep,79.7799377441
B042097B,1997-04-20T19:53:15,-70.406109,-34.024412,104.4096,5.6,mwc,relocated,relocated,relocated,,181.0,13.0,-93.0,4.0,77.0,-89.0,-1.077e+17,-3e+16,1.3779999999999998e+17,-1.85e+16,-2.522e+17,8300000000000000.0,anss,,slab_deep,90.6383132935
B051797B,1997-05-17T02:10:26,-70.06,-27.06,121.1,5.5,mw,0.04,0.03,1.6,,251.0,23.0,-168.0,150.0,85.0,-67.0,-4.66e+16,1.03e+17,-5.639999999999999e+16,-8.46e+16,1.991e+17,-3.94e+16,gcmt,,intra_slab,66.3587722778
B060997C,1997-06-09T14:45:28,-71.678949,-31.925905,58.9051,5.1,mwc,relocated,relocated,relocated,,266.0,39.0,-9.0,3.0,85.0,-129.0,-1.055e+16,-1360000000000000.0,1.191e+16,-8400000000000000.0,-4.72e+16,4.082e+16,anss,,intra_slab,29.9813575745
B061997F,1997-06-19T12:21:03,-70.14,-33.2,106.0,5.4,mwc,,,,,150.0,24.0,-137.0,20.0,74.0,-72.0,-7.006e+16,-9930000000000000.0,7.998e+16,-5.121000000000001e+16,-9.756e+16,-1.321e+16,anss,,slab_deep,90.6981277466
B070497E,1997-07-04T23:52:04,-76.31,-45.53,10.0,5.2,mwc,,,,,264.0,90.0,-180.0,354.0,90.0,0.0,-2.348e+16,2.969e+16,-6220000000000000.0,0.0,0.0,-7.983e+16,anss,,outer_rise,
pde19970706095400760_19,1997-07-06T09:54:00,-71.872,-30.058,23.0,6.8,mwc,,,,,350.0,25.0,90.0,170.0,65.0,90.0,1.315e+19,-8.8e+17,-1.227e+19,6.5e+17,-1.448e+19,1.7e+17,anss,gcmt:C070697A,slab_interface,20.4762706757
B070697D,1997-07-06T23:15:20,-71.86,-30.16,33.0,5.7,mwc,,,,,352.0,24.0,80.0,183.0,66.0,95.0,3.727e+17,2.25e+16,-3.952e+17,-3.22e+16,-3.46e+17,1.85e+16,anss,,intra_slab,20.7917976379
pde19970719122257310_26,1997-07-19T12:22:57,-71.684,-29.281,26.0,5.9,mwc,,,,,315.0,55.0,60.0,180.0,45.0,126.0,4.92e+17,1.913e+17,-6.833e+17,-2.901e+17,-2.58e+17,2.502e+17,anss,gcmt:B071997C,intra_slab,21.5327072144
B072197G,1997-07-21T17:54:17,-71.78,-29.97,33.0,5.4,mwc,,,,,14.0,22.0,109.0,173.0,70.0,83.0,1.171e+17,-1.29e+16,-1.042e+17,2.51e+16,-1.24e+17,-8799999999999998.0,anss,,intra_slab,21.5872936249
B072197H,1997-07-21T23:19:39,-71.92,-30.33,33.0,5.9,mwc,,,,,29.0,27.0,123.0,173.0,67.0,74.0,5.858e+17,1.049e+17,-6.908e+17,1.44e+17,-5.884e+17,-1.3700000000000002e+17,anss,,intra_slab,19.9413719177
B072297A,1997-07-22T02:09:31,-72.358298,-30.189057,28.8109,5.4,mwc,relocated,relocated,relocated,,14.0,21.0,59.0,227.0,72.0,101.0,1.115e+17,-3.31e+16,-7.84e+16,-1.038e+17,-6.34e+16,-4500000000000000.0,anss,,intra_slab,10.5620670319
B072497A,1997-07-24T19:54:39,-72.02,-30.58,33.0,5.7,mwc,,,,,0.0,31.0,91.0,179.0,59.0,89.0,3.26e+17,2.48e+16,-3.508e+17,7000000000000001.0,-1.768e+17,4800000000000000.0,anss,,intra_slab,17.8663043976
C072597A,1997-07-25T06:47:02,-71.91,-30.46,33.0,6.0,mwc,,,,,345.0,26.0,78.0,178.0,65.0,96.0,1.158e+18,-8e+16,-1.079e+18,-4.5e+16,-9.27e+17,1.53e+17,anss,,intra_slab,20.1970233917
C072597B,1997-07-25T07:33:29,-72.02,-30.55,33.0,6.0,mwc,,,,,358.0,25.0,79.0,191.0,66.0,95.0,1.088e+18,-7.9e+16,-1.01e+18,-2.3e+17,-8.91e+17,-6.2e+16,anss,,intra_slab,17.7637081146
C072797A,1997-07-27T05:21:29,-71.86,-30.52,33.0,6.3,mwc,,,,,354.0,19.0,86.0,178.0,71.0,91.0,1.917e+18,-1.14e+17,-1.803e+18,5.3e+16,-2.347e+18,1.27e+17,anss,,intra_slab,21.7931957245
B072997A,1997-07-29T00:31:20,-72.13,-30.61,33.0,5.2,mwc,,,,,340.0,46.0,65.0,194.0,49.0,114.0,4.938e+16,3.316e+16,-8.254e+16,-5690000000000000.0,-3930000000000000.0,4820000000000000.0,anss,,intra_slab,14.4898366928
B080697D,1997-08-06T22:50:12,-71.89,-30.67,33.0,5.5,mwc,,,,,339.0,5.0,63.0,186.0,85.0,92.0,6.06e+16,-3.27e+16,-2.7900000000000004e+16,-3e+16,-2.522e+17,1.17e+16,anss,,intra_slab,20.6750335693
B081897B,1997-08-18T12:24:26,-72.01,-29.93,33.0,5.7,mwc,,,,,4.0,24.0,96.0,177.0,66.0,87.0,3.147e+17,-1.83e+16,-2.964e+17,2.38e+16,-2.769e+17,-3400000000000000.0,anss,,intra_slab,16.3744506836
pde19971015010333460_58,1997-10-15T01:03:33,-71.22,-30.933,58.0,7.1,mwc,,,,,175.0,85.0,-120.0,76.0,30.0,-10.0,-1.588e+19,1.69e+18,1.419e+19,-4.51e+18,4.588e+19,-7.99e+18,anss,gcmt:C101597A,slab_interface,50.8243331909
pde19971103191733810_45,1997-11-03T19:17:33,-71.51455,-30.809456,-0.3289,6.2,mwb,relocated,relocated,relocated,,15.0,30.0,120.0,161.0,64.0,74.0,,,,,,,anss,,forearc,35.9105110168
B110597B,1997-11-05T06:09:13,-78.73,-44.54,15.0,5.6,mw,0.04,0.04,0.0,,80.0,75.0,-173.0,349.0,84.0,-15.0,-1.4299999999999998e+16,9.97e+16,-8.54e+16,-1.57e+16,-7.48e+16,-2.387e+17,gcmt,,outer_rise,
B110997B,1997-11-09T20:23:40,-71.87,-30.02,28.3,5.3,mwc,,,,,325.0,29.0,32.0,206.0,75.0,115.0,4.698e+16,1.825e+16,-6.524e+16,-4.821e+16,-6.347000000000001e+16,1.123e+16,anss,,intra_slab,20.3136463165
B121897B,1997-12-18T12:30:03,-73.04,-41.82,47.5,5.2,mwc,,,,,87.0,27.0,37.0,323.0,74.0,112.0,3.339e+16,-3.686e+16,3470000000000000.0,-2.889e+16,4.644e+16,2.567e+16,anss,,forearc,65.2060012817
pde19980112101407630_34,1998-01-12T10:14:07,-71.41,-30.985,35.0,6.6,mwc,,,,,10.0,35.0,115.0,160.0,59.0,74.0,6.913e+18,9.1e+16,-7.004e+18,5.5600000000000006e+17,-5.18e+18,6.83e+17,anss,gcmt:C011298G,slab_interface,41.1418037415
B011498D,1998-01-14T06:35:44,-68.691217,-31.775848,190.3335,5.2,mwc,relocated,relocated,relocated,,176.0,31.0,-123.0,34.0,65.0,-72.0,-6.84e+16,1.306e+16,5.534e+16,-4.489e+16,-2.975e+16,4830000000000000.0,anss,,slab_deep,99.3532714844
pde19980401224256900_9,1998-04-01T22:42:56,-75.255167,-40.35515,4.9086,6.7,mwc,relocated,relocated,relocated,,350.0,65.0,-90.0,170.0,25.0,-90.0,-1.18e+19,8.1e+17,1.099e+19,1.5e+17,-3.5000000000000006e+17,3.72e+18,anss,gcmt:C040198D,outer_rise,
B050898E,1998-05-08T17:42:17,-78.08,-45.15,15.0,5.3,mw,0.2,0.15,0.0,,158.0,55.0,-17.0,258.0,76.0,-144.0,-1.777e+16,4.755e+16,-2.9780000000000004e+16,4.944e+16,4.675e+16,-6.467e+16,gcmt,,outer_rise,
B060698B,1998-06-06T12:16:18,-73.2,-36.56,23.5,5.2,mwc,,,,,341.0,12.0,65.0,186.0,79.0,95.0,4.205e+16,-1.827e+16,-2.378e+16,-1.2509999999999998e+16,-7.858e+16,6680000000000000.0,anss,,slab_interface,29.3792037964
pde19980607161046250_113,1998-06-07T16:10:46,-67.833,-31.518,113.0,5.9,mwc,,,,,20.0,65.0,-35.0,126.0,59.0,-150.0,-4.43e+17,-3.694e+17,8.124e+17,-3.63e+17,-9.25e+16,4.14e+16,anss,gcmt:B060798B,slab_deep,96.1042785645
B062298D,1998-06-22T07:55:08,-66.37,-28.06,181.0,5.4,mw,0.14,0.16,5.9,,210.0,66.0,-18.0,307.0,73.0,-155.0,-3.52e+16,-1.1080000000000002e+17,1.46e+17,7.06e+16,-500000000000000.0,-5.480000000000001e+16,gcmt,,slab_deep,143.860122681
B071898D,1998-07-18T09:57:13,-70.84,-28.31,46.9,5.4,mwc,,,,,8.0,17.0,119.0,158.0,75.0,82.0,8.01e+16,1.4299999999999998e+16,-9.44e+16,5.769999999999999e+16,-1.345e+17,1.67e+16,anss,,slab_interface,42.1912612915
pde19980729071424080_51,1998-07-29T07:14:24,-71.423899,-32.348254,43.8208,6.4,mwc,relocated,relocated,relocated,,325.0,65.0,75.0,177.0,29.0,119.0,4.75e+18,-8.5e+16,-4.666e+18,-1.81e+18,8.31e+17,1.261e+18,anss,gcmt:C072998A,intra_slab,42.256942749
B082498B,1998-08-24T02:45:34,-69.807506,-31.854006,140.7637,5.1,mwc,relocated,relocated,relocated,,102.0,29.0,-106.0,300.0,62.0,-81.0,-4.466e+16,4.109e+16,3570000000000000.0,2.462e+16,-1.851e+16,-1.772e+16,anss,,slab_deep,99.7348327637
pde19980903173758240_27,1998-09-03T17:37:58,-71.715,-29.45,27.0,6.6,mwc,,,,,215.0,70.0,100.0,8.0,22.0,64.0,3.39e+18,9.01e+17,-4.292e+18,-2.587e+18,-6.107e+18,3.5e+17,anss,gcmt:C090398F,slab_interface,22.3903903961
B091198A,1998-09-11T05:24:42,-71.23,-30.68,33.0,5.0,mwc,,,,,337.0,47.0,52.0,207.0,55.0,124.0,4.035e+16,-3840000000000000.0,-3.651e+16,-3.163e+16,-3770000000000000.0,420000000000000.0,anss,,forearc,47.3663253784
B100998B,1998-10-09T10:24:37,-76.5,-47.21,15.0,5.1,mw,0.09,0.08,0.0,,19.0,46.0,138.0,142.0,61.0,52.0,4.173e+16,2.213e+16,-6.386999999999999e+16,2.342e+16,-1.071e+16,1.684e+16,gcmt,,outer_rise,
B101098A,1998-10-10T04:12:08,-72.08,-33.52,33.0,5.6,mwc,,,,,352.0,26.0,87.0,175.0,64.0,91.0,2.654e+17,7099999999999999.0,-2.725e+17,1.48e+16,-2.172e+17,3.2e+16,anss,,intra_slab,20.8003864288
B102998B,1998-10-29T19:55:54,-70.48,-32.76,85.5,5.3,mwc,,,,,165.0,47.0,164.0,266.0,78.0,44.0,3.042e+16,-3.98e+16,9380000000000000.0,-6.503e+16,-1.914e+16,7.303e+16,anss,,slab_deep,79.3163299561
B110698A,1998-11-06T08:01:20,-79.34,-44.52,15.0,5.9,mw,0.02,0.02,0.0,,256.0,69.0,171.0,349.0,82.0,22.0,-6.36e+16,3.284e+17,-2.648e+17,-2.661e+17,2.818e+17,-6.816e+17,gcmt,,outer_rise,
B112798D,1998-11-27T10:27:02,-69.630404,-32.055996,143.6369,5.4,mwc,relocated,relocated,relocated,,191.0,45.0,-107.0,35.0,47.0,-74.0,-1.681e+17,1.02e+16,1.579e+17,-3.19e+16,7500000000000000.0,7.67e+16,anss,,slab_deep,101.255760193
B121198B,1998-12-11T08:37:50,-69.524199,-31.199645,176.0529,5.4,mwc,relocated,relocated,relocated,,32.0,41.0,-97.0,221.0,49.0,-84.0,-1.3959999999999998e+17,4.11e+16,9.85e+16,2.01e+16,1.26e+16,9.4e+16,anss,,slab_deep,100.011787415
pde19981214162524980_138,1998-12-14T16:25:24,-71.033,-38.214,135.0,6.0,mwb,,,,,350.0,85.0,-90.0,170.0,5.0,-90.0,-1799999999999999.8,-1.2350000000000002e+17,1.2529999999999998e+17,2.3730000000000003e+17,-9.828e+17,1.0109999999999998e+17,anss,gcmt:C121498D,slab_deep,124.088951111
B122698A,1998-12-26T11:20:22,-74.85,-40.75,10.0,5.5,mwc,,,,,187.0,18.0,-89.0,6.0,72.0,-90.0,-1.31e+17,-1.7499999999999998e+16,1.485e+17,-2.02e+16,-2.009e+17,1.8e+16,anss,,slab_interface,9.76536655426
B020599D,1999-02-05T16:07:07,-70.95,-35.02,86.2,5.2,mwc,,,,,126.0,47.0,146.0,241.0,66.0,48.0,4.761999999999999e+16,-6.595e+16,1.833e+16,-2.171e+16,-6.548e+16,1.162e+16,anss,,slab_deep,86.6206970215
B030599B,1999-03-05T03:35:14,-69.63945,-34.97074,-1.9194,5.9,mwc,relocated,relocated,relocated,,170.0,12.0,69.0,12.0,79.0,94.0,3.858e+17,-2.7300000000000004e+16,-3.585e+17,2.023e+17,8.644e+17,4500000000000000.0,anss,,crustal_intraarc_shallow,
B030999E,1999-03-09T22:57:00,-66.7,-27.91,140.7,5.1,mw,0.12,0.13,4.6,,212.0,69.0,-6.0,305.0,85.0,-159.0,-8380000000000000.0,-5.163e+16,6.001e+16,2.135e+16,-9920000000000000.0,-2.392e+16,gcmt,,slab_deep,132.656295776
B032799B,1999-03-27T11:13:34,-71.75,-40.04,33.0,5.4,mwc,,,,,174.0,72.0,174.0,266.0,85.0,18.0,-1.28e+16,-2e+16,3.27e+16,-5.779999999999999e+16,-3.24e+16,1.7e+17,anss,,crustal_intraarc_shallow,
B042599B,1999-04-25T09:10:44,-69.25,-31.8,115.7,5.3,mwc,,,,,36.0,42.0,-62.0,181.0,54.0,-113.0,-8.96e+16,-2.11e+16,1.1080000000000002e+17,-1.36e+16,2.86e+16,4.53e+16,anss,,slab_deep,101.90839386
B043099E,1999-04-30T19:28:48,-71.68,-31.65,52.4,5.5,mwc,,,6.0,,355.0,29.0,81.0,185.0,61.0,95.0,1.789e+17,5.36e+16,-2.3250000000000003e+17,-1.62e+16,-1.296e+17,-4500000000000000.0,anss,,slab_interface,29.5464172363
B051099A,1999-05-10T08:47:25,-69.16,-30.4,65.2,5.2,mwc,,,4.1,,119.0,53.0,15.0,20.0,78.0,142.0,2.061e+16,3.323e+16,-5.385e+16,1.623e+16,3.3e+16,3.402e+16,anss,,slab_deep,93.674911499
B052299A,1999-05-22T01:32:13,-70.48,-36.78,158.8,5.3,mwc,,,,,204.0,12.0,-65.0,359.0,80.0,-95.0,-4.258e+16,1.327e+16,2.93e+16,4500000000000000.0,-9.449e+16,7980000000000000.0,anss,,slab_deep,137.206298828
B052599D,1999-05-25T16:42:10,-66.46,-27.9,175.6,5.8,mw,0.03,0.03,1.1,,185.0,52.0,-27.0,292.0,69.0,-139.0,-2.4380000000000003e+17,-6.39e+16,3.078e+17,2.864e+17,2.24e+16,-3.643e+17,gcmt,,slab_deep,142.939193726
B080299A,1999-08-02T01:06:37,-70.310993,-33.121865,100.1677,5.5,mwc,relocated,relocated,relocated,,141.0,19.0,-151.0,23.0,81.0,-73.0,-5.91e+16,-5.560000000000001e+16,1.147e+17,-8.11e+16,-1.879e+17,-7600000000000000.0,anss,,slab_deep,85.9701766968
B080499C,1999-08-04T16:49:50,-68.557403,-31.695124,202.88,5.3,mwc,relocated,relocated,relocated,,155.0,45.0,-139.0,33.0,62.0,-53.0,-8.74e+16,-2.45e+16,1.119e+17,-7.94e+16,-2.44e+16,5600000000000000.0,anss,,slab_deep,97.4869995117
B081299C,1999-08-12T07:27:13,-76.58,-45.62,33.0,5.5,mwc,,,,,6.0,40.0,-20.0,111.0,77.0,-128.0,-6.899999999999999e+16,-2.91e+16,9.81e+16,-1.546e+17,1.2e+16,-1.0229999999999998e+17,anss,,outer_rise,
pde19990822093539470_33,1999-08-22T09:35:39,-74.756,-40.509,18.0,6.4,mwc,,,,,120.0,35.0,-105.0,318.0,56.0,-80.0,-4.099e+18,-1.79e+17,4.279e+18,2.06e+17,-1.49e+17,1.601e+18,anss,gcmt:C082299A,intra_slab,10.6951560974
B091099E,1999-09-10T17:16:29,-71.22,-29.74,54.8,5.0,mwc,,,,,250.0,46.0,-168.0,151.0,81.0,-45.0,-8480000000000000.0,2.935e+16,-2.087e+16,-6430000000000000.0,3.141e+16,-1.873e+16,anss,,intra_slab,44.2438201904
pde19990929180131830_33,1999-09-29T18:01:31,-72.093839,-30.787224,4.4978,6.0,mwb,relocated,relocated,relocated,,180.0,45.0,90.0,0.0,45.0,90.0,3.346e+17,3.49e+16,-3.696e+17,1.17e+16,-1.935e+17,4.38e+16,anss,gcmt:B092999E,forearc,15.8829402924
B110399D,1999-11-03T13:59:21,-73.38,-38.03,33.0,5.3,mwc,,,,,28.0,7.0,132.0,166.0,85.0,85.0,2.7800000000000004e+16,-4000000000000000.0,-2.38e+16,3.14e+16,-1.199e+17,-7000000000000001.0,anss,,intra_slab,31.1133079529
B110399E,1999-11-03T15:19:20,-73.53,-38.08,33.0,5.2,mwc,,,,,96.0,55.0,179.0,187.0,89.0,35.0,-6570000000000000.0,-1.528e+16,2.185e+16,6929999999999999.0,-4.878e+16,-6.416e+16,anss,,intra_slab,27.7450561523
B110699A,1999-11-06T00:57:04,-71.800232,-29.913004,39.9399,5.2,mwc,relocated,relocated,relocated,,4.0,25.0,34.0,242.0,76.0,111.0,3.262e+16,-5400000000000000.0,-2.722e+16,-6.303e+16,-3.283e+16,-4.026e+16,anss,,intra_slab,21.404340744
B112099B,1999-11-20T21:52:52,-71.9,-30.76,39.8,5.2,mwc,,,3.8,,11.0,40.0,106.0,171.0,52.0,77.0,6.429e+16,3640000000000000.0,-6.793999999999999e+16,1.1259999999999998e+16,-1.434e+16,-1930000000000000.0,anss,,slab_interface,20.8994407654
B120499G,1999-12-04T17:06:51,-71.22,-28.5,34.3,5.6,mwc,,,,,219.0,43.0,131.0,349.0,59.0,59.0,1.929e+17,8.68e+16,-2.797e+17,-5.16e+16,9.09e+16,-8.37e+16,anss,,intra_slab,30.4220676422
B022100C,2000-02-21T14:36:22,-71.46,-29.81,33.0,5.1,mwc,,,,,196.0,31.0,114.0,349.0,62.0,76.0,4.711e+16,7060000000000000.0,-5.417e+16,-1.169e+16,3.041e+16,-1890000000000000.0,anss,,forearc,33.4401016235
B032600A,2000-03-26T03:32:36,-71.84,-32.68,36.8,5.2,mwc,,,5.0,,330.0,30.0,55.0,189.0,66.0,108.0,4.769e+16,6240000000000000.0,-5.393e+16,-1.457e+16,-4.198e+16,1.097e+16,anss,,slab_interface,25.6241493225
B043000B,2000-04-30T05:31:30,-66.33,-27.39,26.8,5.2,mw,0.08,0.08,4.1,,185.0,38.0,45.0,57.0,64.0,119.0,5.724e+16,-9060000000000000.0,-4.818e+16,5.293999999999999e+16,1020000000000000.0,-2.458e+16,gcmt,,backarc,
pde20000616075535390_120,2000-06-16T07:55:35,-70.088,-33.877,114.0,6.4,mwc,,,,,10.0,65.0,-105.0,222.0,29.0,-61.0,-3.805e+18,2.61e+17,3.544e+18,3.1e+16,-2.307e+18,1.862e+18,anss,gcmt:C061600B,slab_deep,99.4040145874
B070700B,2000-07-07T05:26:47,-66.22,-27.69,176.1,5.3,mw,0.06,0.05,2.3,,179.0,52.0,-43.0,299.0,58.0,-133.0,-7.17e+16,2190000000000000.0,6.952e+16,4.857e+16,1.678e+16,-6.443e+16,gcmt,,slab_deep,159.567306519
pde20001220112354100_11,2000-12-20T11:23:54,-75.324118,-39.139855,63.3134,6.5,mwc,relocated,relocated,relocated,,5.0,50.0,-90.0,185.0,40.0,-90.0,-4.402e+18,-1.415e+18,5.817e+18,3.74e+17,-8.18e+17,1.941e+18,anss,gcmt:B122000C,outer_rise,
B010701C,2001-01-07T10:18:20,-72.272431,-33.46241,18.7096,5.9,mwc,relocated,relocated,relocated,,353.0,23.0,85.0,178.0,67.0,92.0,6.175e+17,4.78e+16,-6.653e+17,8400000000000002.0,-6.367e+17,4.92e+16,anss,,slab_interface,17.0727005005
B022201B,2001-02-22T07:55:57,-71.585172,-27.179692,10.1536,5.5,mw,relocated,relocated,relocated,,6.0,12.0,119.0,157.0,80.0,84.0,9.51e+16,-4700000000000000.0,-9.05e+16,9.83e+16,-2.165e+17,8699999999999998.0,gcmt,,slab_interface,11.4864845276
B022701B,2001-02-27T02:13:07,-71.395941,-27.940658,2.16,5.2,mw,relocated,relocated,relocated,,9.0,28.0,120.0,155.0,66.0,75.0,4.691e+16,2.076e+16,-6.767e+16,2.146e+16,-4.427e+16,1.818e+16,gcmt,,forearc,18.8681049347
pde20010303115813350_33,2001-03-03T11:58:13,-72.484566,-35.58008,6.1815,5.9,mwc,relocated,relocated,relocated,,0.0,60.0,-90.0,180.0,30.0,-90.0,-4.3840000000000006e+17,-2.72e+16,4.656e+17,1.2809999999999998e+17,-4.8230000000000006e+17,2.492e+17,anss,gcmt:B030301E,forearc,36.9489326477
pde20010315130242110_37,2001-03-15T13:02:42,-71.639763,-32.404024,46.933,6.0,mwb,relocated,relocated,relocated,,355.0,50.0,105.0,152.0,42.0,73.0,7.484e+17,-9.79e+16,-6.505e+17,2.455e+17,3.467e+17,2.121e+17,anss,gcmt:C031501G,intra_slab,32.1989631653
B033101B,2001-03-31T06:54:15,-68.547707,-29.329217,176.2337,5.4,mwc,relocated,relocated,relocated,,332.0,43.0,-49.0,102.0,59.0,-122.0,-1.038e+17,8.23e+16,2.15e+16,-5.689999999999999e+16,-1.54e+16,-9.2e+16,anss,,slab_deep,88.4705810547
pde20010409090057170_11,2001-04-09T09:00:57,-73.270316,-32.744604,4.3406,6.7,mwc,relocated,relocated,relocated,,45.0,55.0,-55.0,174.0,48.0,-129.0,-1.061e+19,3e+18,7.61e+18,2.1e+17,-5e+17,7.12e+18,anss,gcmt:C040901A,outer_rise,
B042101F,2001-04-21T18:15:46,-67.52,-29.1,127.8,5.7,mwc,,,,,156.0,44.0,-32.0,270.0,68.0,-129.0,-2.234e+17,2.0750000000000003e+17,1.59e+16,2.4500000000000003e+17,1.176e+17,-2.431e+17,anss,,slab_deep,99.2351226807
B050601E,2001-05-06T05:59:47,-71.156197,-32.585995,55.4859,5.2,mwc,relocated,relocated,relocated,,313.0,32.0,42.0,185.0,69.0,115.0,4.154e+16,3490000000000000.0,-4.503999999999999e+16,-1.53e+16,-4.558e+16,2.266e+16,anss,,intra_slab,53.1511230469
B051501A,2001-05-15T23:53:23,-66.772191,-27.83644,152.3505,5.6,mw,relocated,relocated,relocated,,181.0,54.0,-28.0,288.0,68.0,-141.0,-1.45e+17,-1300000000000000.0,1.462e+17,1.304e+17,1.83e+16,-2.282e+17,gcmt,,slab_deep,131.440353394
B061301C,2001-06-13T04:10:52,-66.118655,-27.556975,-2.0,5.0,mw,relocated,relocated,relocated,,209.0,30.0,70.0,52.0,62.0,101.0,3.067e+16,-1.306e+16,-1.7609999999999998e+16,1.937e+16,1.2430000000000002e+16,-2.337e+16,gcmt,,backarc,
B072401E,2001-07-24T17:42:41,-71.736775,-32.903055,50.4292,5.2,mwc,relocated,relocated,relocated,,334.0,40.0,87.0,158.0,50.0,93.0,7.816e+16,-1.209e+16,-6.607e+16,3170000000000000.0,-1.419e+16,2.943e+16,anss,,intra_slab,29.1080856323
B101201B,2001-10-12T04:21:31,-69.74,-33.3,3.8,5.3,mwc,,,,,222.0,78.0,171.0,314.0,81.0,12.0,-7099999999999999.0,1.041e+17,-9.7e+16,-3.09e+16,2000000000000000.0,7700000000000000.0,anss,,crustal_intraarc_shallow,
B101701A,2001-10-17T02:34:41,-68.987818,-28.400166,114.3497,5.4,mwc,relocated,relocated,relocated,,310.0,34.0,-119.0,163.0,60.0,-72.0,-1.159e+17,3.33e+16,8.26e+16,3000000000000000.0,7.24e+16,-6.04e+16,anss,,slab_deep,87.2615585327
B102301I,2001-10-23T23:54:24,-75.89,-43.5,33.0,5.1,mwc,,,,,232.0,45.0,-27.0,342.0,71.0,-132.0,-2.942e+16,-2.393e+16,5.335e+16,1.7549999999999998e+16,-3.087e+16,2.281e+16,anss,,outer_rise,
B110301B,2001-11-03T01:43:21,-71.65,-36.25,86.2,5.1,mwc,,,,,274.0,33.0,25.0,163.0,77.0,120.0,2.268e+16,-2.239e+16,-290000000000000.0,-850000000000000.0,-4.581000000000001e+16,2.282e+16,anss,,slab_deep,79.4425582886
B110601A,2001-11-06T06:12:53,-71.15,-30.44,61.4,5.1,mwc,,,2.2,,352.0,37.0,88.0,174.0,53.0,91.0,4.889e+16,7950000000000000.0,-5.684e+16,370000000000000.0,-1.577e+16,7710000000000000.0,anss,,slab_interface,51.0209236145
B022102D,2002-02-21T08:57:46,-67.36,-31.69,120.6,5.4,mwc,,,,,131.0,33.0,-149.0,15.0,74.0,-61.0,-7.131e+16,-1.059e+16,8.19e+16,-6.245e+16,-9.371e+16,-4.49e+16,anss,,slab_deep,103.785392761
C030302A,2002-03-03T07:16:15,-76.12,-45.84,10.0,5.9,mwc,,,,,258.0,83.0,-176.0,168.0,86.0,-7.0,-1.1020000000000002e+17,3.625e+17,-2.522e+17,1.34e+16,9.12e+16,-7e+17,anss,,outer_rise,
pde20020401195932480_71,2002-04-01T19:59:32,-71.540379,-29.623758,69.3569,6.4,mwc,relocated,relocated,relocated,,20.0,80.0,-150.0,284.0,61.0,-12.0,-1.577e+18,2.195e+18,-6.18e+17,-6.3e+16,-3.657e+18,9.83e+17,anss,gcmt:C040102C,intra_slab,28.307598114
C041802F,2002-04-18T16:08:42,-70.368686,-27.55439,60.6242,6.6,mw,relocated,relocated,relocated,,253.0,56.0,168.0,350.0,80.0,35.0,3.424e+18,2.46e+18,-5.884e+18,6.34e+17,4.22e+18,-6.352e+18,gcmt,,intra_slab,56.8481369019
B042702B,2002-04-27T23:53:53,-67.498773,-30.919951,172.4648,5.2,mwc,relocated,relocated,relocated,,341.0,41.0,31.0,227.0,71.0,127.0,3.96e+16,3.009e+16,-6.969e+16,-2.952e+16,-3.421e+16,-3.793e+16,anss,,slab_deep,93.1531448364
pde20020523155215280_52,2002-05-23T15:52:15,-71.304706,-30.718676,68.7419,6.0,mwb,relocated,relocated,relocated,,175.0,55.0,90.0,355.0,35.0,90.0,8.037000000000001e+17,1.481e+17,-9.518e+17,1000000000000000.0,-3.216e+17,2.33e+16,anss,gcmt:B052302B,intra_slab,44.9208374023
B052402A,2002-05-24T00:23:15,-71.156424,-32.158871,37.1803,5.5,mwc,relocated,relocated,relocated,,9.0,40.0,107.0,167.0,52.0,76.0,2.272e+17,9400000000000000.0,-2.3650000000000003e+17,4.83e+16,-4.6e+16,7700000000000000.0,anss,,forearc,53.6737518311
C052802A,2002-05-28T04:04:28,-66.799887,-28.973463,1.4711,6.0,mw,relocated,relocated,relocated,,180.0,19.0,55.0,36.0,74.0,101.0,6.275e+17,-3.67e+16,-5.909e+17,6.475e+17,7.481e+17,-1.655e+17,gcmt,,backarc,
pde20020618135622830_54,2002-06-18T13:56:22,-71.299708,-30.880689,53.7225,6.6,mwb,relocated,relocated,relocated,,175.0,60.0,90.0,355.0,30.0,90.0,4.465e+18,7.8e+16,-4.543e+18,8.09e+17,-2.759e+18,8.68e+17,anss,gcmt:C061802C,slab_interface,45.680480957
B062302A,2002-06-23T11:10:42,-71.343372,-30.901324,72.792,5.2,mwc,relocated,relocated,relocated,,334.0,42.0,-113.0,184.0,52.0,-71.0,-7.84e+16,-900000000000000.0,7.93e+16,1.928e+16,1.763e+16,-1.657e+16,anss,,intra_slab,43.2380867004
B070202D,2002-07-02T20:21:00,-67.448883,-31.044928,85.7541,5.5,mwc,relocated,relocated,relocated,,156.0,40.0,15.0,54.0,81.0,129.0,5.26e+16,9.37e+16,-1.463e+17,1.561e+17,6.08e+16,-5.709999999999999e+16,anss,,slab_deep,94.2893600464
B071802D,2002-07-18T21:53:17,-79.75,-44.72,15.0,5.2,mw,0.0,0.0,0.0,,246.0,34.0,42.0,119.0,68.0,117.0,4.363000000000001e+16,-7.132e+16,2.769e+16,4.069e+16,-2.523e+16,1.028e+16,gcmt,,outer_rise,
pde20020924035722280_119,2002-09-24T03:57:22,-69.302633,-31.430151,136.9216,6.3,mwc,relocated,relocated,relocated,,35.0,45.0,-90.0,215.0,45.0,-90.0,-2.633e+18,5.68e+17,2.065e+18,3.91e+17,4.63e+17,1.278e+18,anss,gcmt:C092402B,slab_deep,100.173698425
B093002B,2002-09-30T13:05:58,-71.004677,-34.908218,82.5472,5.2,mwc,relocated,relocated,relocated,,222.0,23.0,-73.0,23.0,68.0,-97.0,-7.017e+16,2.646e+16,4.372e+16,-2.087e+16,-6.472000000000001e+16,2.426e+16,anss,,slab_deep,82.6134872437
B100602E,2002-10-06T11:21:38,-70.862031,-28.607954,60.3782,5.3,mwc,relocated,relocated,relocated,,348.0,27.0,70.0,190.0,65.0,100.0,7.601e+16,1.2490000000000002e+16,-8.85e+16,-1.725e+16,-6.34e+16,-220000000000000.0,anss,,intra_slab,46.5908660889
B103102F,2002-10-31T20:36:54,-75.097167,-40.288517,69.158,5.1,mwc,relocated,relocated,relocated,,244.0,43.0,-61.0,27.0,53.0,-114.0,-5.775e+16,3.036e+16,2.739e+16,9110000000000000.0,-2.358e+16,2.88e+16,anss,,intra_slab,7.12844133377
B110902G,2002-11-09T06:06:00,-75.64,-48.2,15.0,5.6,mw,0.09,0.07,0.0,,1.0,10.0,89.0,182.0,80.0,90.0,1.323e+17,-3.99e+16,-9.24e+16,-1.13e+16,-3.082e+17,-1300000000000000.0,gcmt,,unclassified,
B121202A,2002-12-12T04:03:16,-67.669561,-31.856038,192.6189,5.3,mwc,relocated,relocated,relocated,,245.0,33.0,8.0,148.0,86.0,123.0,1.482e+16,-5.94e+16,4.459e+16,1.236e+16,-8.694000000000002e+16,5960000000000000.0,anss,,slab_deep,103.585136414
B122602C,2002-12-26T22:20:20,-68.793347,-31.192085,101.6047,5.2,mwc,relocated,relocated,relocated,,347.0,37.0,-81.0,156.0,54.0,-97.0,-9.987e+16,3.4e+16,6.587e+16,-2.118e+16,1.982e+16,-1.017e+16,anss,,slab_deep,94.5693588257
B010703A,2003-01-07T00:54:51,-70.283455,-33.783336,104.1815,5.7,mwc,relocated,relocated,relocated,,199.0,28.0,-70.0,356.0,64.0,-100.0,-3.17e+17,-1.92e+16,3.37e+17,4.58e+16,-2.52e+17,4.55e+16,anss,,slab_deep,91.2355270386
B010903G,2003-01-09T09:49:12,-79.54,-44.66,15.0,5.9,mw,0.02,0.01,0.0,,169.0,84.0,-2.0,259.0,88.0,-174.0,-6.24e+16,3.64e+17,-3.01e+17,8.22e+16,3.55e+16,-7.95e+17,gcmt,,outer_rise,
B022803A,2003-02-28T01:40:22,-73.177924,-35.323373,25.7148,5.3,mwc,relocated,relocated,relocated,,26.0,18.0,115.0,180.0,74.0,82.0,6.66e+16,3400000000000000.0,-6.999999999999999e+16,4800000000000000.0,-1.1000000000000002e+17,-1.63e+16,anss,,slab_interface,16.0852012634
B041403A,2003-04-14T14:42:31,-72.741942,-35.32198,23.9916,5.2,mwc,relocated,relocated,relocated,,18.0,44.0,158.0,124.0,75.0,48.0,3.22e+16,3.19e+16,-6.42e+16,6.36e+16,-1.3800000000000002e+16,3.27e+16,anss,,forearc,25.0290813446
B051803C,2003-05-18T21:10:21,-69.265127,-31.405286,131.7907,5.4,mwc,relocated,relocated,relocated,,43.0,41.0,-82.0,213.0,49.0,-97.0,-1.32e+17,4.6e+16,8.6e+16,3599999999999999.5,2.13e+16,8.31e+16,anss,,slab_deep,99.5664138794
B052703D,2003-05-27T08:29:45,-68.710433,-31.297203,122.8693,5.5,mwc,relocated,relocated,relocated,,223.0,37.0,-75.0,25.0,54.0,-101.0,-2.16e+17,6.52e+16,1.51e+17,-6800000000000000.0,-7.59e+16,1.04e+17,anss,,slab_deep,94.483291626
B060203A,2003-06-02T02:52:11,-72.067564,-32.963797,20.5447,5.5,mwc,relocated,relocated,relocated,,9.0,25.0,92.0,187.0,65.0,89.0,1.69e+17,9700000000000000.0,-1.79e+17,-1.57e+16,-1.47e+17,-2.65e+16,anss,,slab_interface,20.2755069733
B061903D,2003-06-19T23:04:59,-71.774533,-30.679581,25.5584,5.6,mwc,relocated,relocated,relocated,,2.0,26.0,98.0,173.0,64.0,86.0,,,,,,,anss,,slab_interface,25.603395462
B062003C,2003-06-20T04:23:28,-75.94,-45.57,33.0,5.3,mwc,,,,,172.0,36.0,-70.0,327.0,56.0,-104.0,-1.07e+17,1.22e+16,9.51e+16,3.83e+16,-2.68e+16,-3.56e+16,anss,,intra_slab,9.86879253387
pde20030620133041640_33,2003-06-20T13:30:41,-71.764644,-30.663093,27.0113,6.8,mwc,relocated,relocated,relocated,,180.0,60.0,90.0,360.0,30.0,90.0,1.42e+19,2.2e+17,-1.44e+19,7.4e+17,-1.01e+19,2.5e+17,anss,gcmt:C062003G,slab_interface,25.4672431946
B072603I,2003-07-26T14:10:16,-70.263089,-28.476421,25.0282,5.5,mwc,relocated,relocated,relocated,,26.0,26.0,110.0,184.0,66.0,81.0,1.7e+17,-4.2e+16,-1.28e+17,1.17e+16,-1.3600000000000002e+17,-3.3e+16,anss,,backarc,
B092803G,2003-09-28T17:40:43,-70.949767,-35.249331,93.8109,5.0,mwc,relocated,relocated,relocated,,245.0,17.0,-66.0,39.0,74.0,-97.0,-3.04e+16,1.97e+16,1.07e+16,-2.21e+16,-3.34e+16,2970000000000000.0,anss,,slab_deep,91.1428146362
B100403F,2003-10-04T18:15:55,-71.470186,-28.935176,33.3388,5.2,mwc,relocated,relocated,relocated,,331.0,48.0,40.0,211.0,62.0,130.0,5.570000000000001e+16,2.7800000000000004e+16,-8.36e+16,-4.38e+16,-1.7199999999999998e+16,-1600000000000000.0,anss,,intra_slab,26.698928833
20031101031912,2003-11-01T03:19:11,-68.18,-35.48,49.7,5.1,mwc,,,,,250.0,65.0,-164.0,153.0,75.0,-26.0,-1.36e+16,4.07e+16,-2.71e+16,280000000000000.0,2.09e+16,-3.13e+16,anss,gcmt:B110103B,backarc,
B111203C,2003-11-12T01:54:24,-74.87,-40.02,29.6,5.5,mwc,,,,,216.0,33.0,-83.0,27.0,57.0,-95.0,-2.26e+17,5.789999999999999e+16,1.68e+17,-3.6e+16,-9.52e+16,1.05e+17,anss,,intra_slab,9.19699478149
B112603H,2003-11-26T10:57:52,-71.463044,-29.910553,62.8705,5.1,mwc,relocated,relocated,relocated,,162.0,19.0,-91.0,344.0,71.0,-90.0,-3.67e+16,-1900000000000000.0,3.86e+16,1.4e+16,-4.82e+16,-1.36e+16,anss,,intra_slab,34.0183982849
B121003F,2003-12-10T12:25:54,-71.621433,-27.916634,31.5724,5.6,mw,relocated,relocated,relocated,,312.0,41.0,-3.0,44.0,88.0,-131.0,-1.51e+16,2.39e+17,-2.2400000000000003e+17,-1.68e+17,-2.12e+17,5300000000000000.0,gcmt,,intra_slab,14.2466974258
C011004D,2004-01-10T07:25:44,-71.832134,-30.932719,52.9339,5.6,mwc,relocated,relocated,relocated,,70.0,48.0,-144.0,314.0,64.0,-48.0,-2.03e+17,2.88e+17,-8.5e+16,1.7399999999999998e+16,-2.57e+17,-6.39e+16,anss,,intra_slab,22.8614864349
C011904A,2004-01-19T05:47:24,-71.738868,-31.735871,26.1938,5.3,mwc,relocated,relocated,relocated,,358.0,25.0,95.0,172.0,65.0,88.0,8.86e+16,1.56e+16,-1.04e+17,1.27e+16,-8e+16,1.19e+16,anss,,slab_interface,27.8813152313
C031704I,2004-03-17T16:49:49,-65.770092,-32.191741,0.4163,5.0,mw,relocated,relocated,relocated,,172.0,39.0,79.0,5.0,52.0,99.0,4.16e+16,8290000000000000.0,-4.99e+16,4080000000000000.0,1.04e+16,1220000000000000.0,gcmt,,backarc,
C040304E,2004-04-03T09:57:13,-72.120924,-29.972503,38.3065,5.5,mwc,relocated,relocated,relocated,,320.0,33.0,50.0,185.0,65.0,113.0,1.47e+17,3.18e+16,-1.79e+17,-3.48e+16,-1.3e+17,6.66e+16,anss,,intra_slab,14.2768583298
C041504G,2004-04-15T21:39:19,-67.577587,-30.18131,157.7459,5.3,mwc,relocated,relocated,relocated,,185.0,43.0,114.0,334.0,51.0,69.0,1.2e+17,-100000000000000.0,-1.2e+17,-3.92e+16,9500000000000000.0,2.23e+16,anss,,slab_deep,91.6593322754
C043004A,2004-04-30T10:03:45,-70.57809,-33.54729,94.3634,5.0,mwc,relocated,relocated,relocated,,157.0,35.0,-133.0,26.0,65.0,-64.0,-2.92e+16,-1.07e+16,3.99e+16,-1.6200000000000002e+16,-1.99e+16,2160000000000000.0,anss,,slab_deep,78.3664245605
pde20040503043650040_21,2004-05-03T04:36:50,-73.917887,-37.856323,11.3702,6.6,mwb,relocated,relocated,relocated,,150.0,85.0,90.0,330.0,5.0,90.0,4.85e+18,4e+16,-4.89e+18,4.66e+18,-7.86e+18,1.34e+18,anss,gcmt:C050304A,slab_interface,19.6579418182
C060104D,2004-06-01T17:04:54,-68.153452,-32.175295,144.2071,5.0,mwc,relocated,relocated,relocated,,347.0,39.0,112.0,140.0,54.0,73.0,3.44e+16,1270000000000000.0,-3.57e+16,1.03e+16,-7830000000000000.0,2.7e+16,anss,,slab_deep,107.8022995
pde20040615111631500_37,2004-06-15T11:16:31,-73.495287,-38.916768,47.3021,6.1,mwb,relocated,relocated,relocated,,280.0,65.0,60.0,154.0,38.0,137.0,4.56e+17,-1.93e+17,-2.63e+17,-4.63e+17,-1.58e+17,6.86e+17,anss,gcmt:C061504B,intra_slab,33.9716873169
C082704A,2004-08-27T00:43:56,-71.25,-27.63,35.0,5.8,mw,0.01,0.01,0.0,,135.0,8.0,37.0,8.0,85.0,96.0,1.07e+17,2.56e+16,-1.33e+17,1.02e+17,6.73e+17,5.490000000000001e+16,gcmt,,intra_slab,20.7364749908
pde20040828134125600_5,2004-08-28T13:41:25,-70.413273,-35.19566,7.1576,6.5,mwb,relocated,relocated,relocated,,0.0,45.0,90.0,180.0,45.0,90.0,-2e+17,4.190000000000001e+18,-3.99e+18,3.18e+18,-1.36e+18,4.78e+18,anss,gcmt:C082804C,crustal_intraarc_shallow,
C083004F,2004-08-30T16:08:18,-72.1,-50.65,12.0,5.1,mw,0.03,0.03,0.0,,355.0,35.0,73.0,196.0,57.0,102.0,4.56e+16,3210000000000000.0,-4.88e+16,-1.04e+16,-1.78e+16,-5270000000000000.0,gcmt,,backarc,
C090704F,2004-09-07T10:57:39,-72.412294,-33.971052,23.4447,5.2,mwc,relocated,relocated,relocated,,10.0,16.0,105.0,174.0,74.0,86.0,4.33e+16,240000000000000.0,-4.36e+16,9260000000000000.0,-6.91e+16,-1409999999999999.8,anss,,slab_interface,17.0856342316
C090704G,2004-09-07T11:53:11,-65.865671,-28.513261,133.1212,6.1,mw,relocated,relocated,relocated,,216.0,37.0,80.0,48.0,54.0,97.0,1.49e+18,-6.55e+17,-8.39e+17,4.51e+17,2.7000000000000003e+17,-9.42e+17,gcmt,,slab_deep,151.248641968
C090704I,2004-09-07T12:33:56,-72.363219,-33.964901,21.1975,5.7,mwc,relocated,relocated,relocated,,6.0,10.0,102.0,174.0,80.0,88.0,1.3500000000000002e+17,1.35e+16,-1.48e+17,4.28e+16,-3.76e+17,1500000000000000.0,anss,,slab_interface,18.1249332428
C090804A,2004-09-08T08:16:01,-72.334127,-33.959148,18.5167,5.1,mwc,relocated,relocated,relocated,,359.0,23.0,98.0,170.0,67.0,86.0,3.47e+16,1680000000000000.0,-3.64e+16,7390000000000000.0,-3.44e+16,4170000000000000.0,anss,,slab_interface,18.1249332428
C091004D,2004-09-10T10:44:17,-72.653646,-38.195333,45.6996,5.2,mwc,relocated,relocated,relocated,,30.0,48.0,62.0,248.0,49.0,118.0,8.16e+16,-4.78e+16,-3.3800000000000004e+16,-2.11e+16,2.17e+16,-5.2e+16,anss,,forearc,57.463760376
C091204C,2004-09-12T14:24:37,-70.01,-34.14,5.0,5.3,mwc,,,,,162.0,44.0,114.0,310.0,50.0,68.0,1.09e+17,-3.1e+16,-7.83e+16,-3.4200000000000004e+16,-8300000000000000.0,5.94e+16,anss,,crustal_intraarc_shallow,
C092704F,2004-09-27T22:58:24,-71.74907,-32.698494,31.5582,5.5,mwc,relocated,relocated,relocated,,17.0,21.0,109.0,177.0,70.0,83.0,1.29e+17,2.7800000000000004e+16,-1.57e+17,1.22e+16,-1.72e+17,-1.9e+16,anss,,slab_interface,28.8757305145
C110404C,2004-11-04T08:10:17,-76.55,-45.92,25.0,5.0,mwc,,,0.0,,88.0,61.0,-158.0,347.0,71.0,-31.0,-1.39e+16,1.4e+16,-150000000000000.0,-3220000000000000.0,-1.34e+16,-2.96e+16,anss,,outer_rise,
C110404D,2004-11-04T08:29:16,-76.44,-45.9,25.6,5.2,mwc,,,24.0,,82.0,73.0,-172.0,349.0,82.0,-17.0,-1.67e+16,3.65e+16,-1.98e+16,-2530000000000000.0,-2.5e+16,-8.38e+16,anss,,outer_rise,
pde20041208060355590_44,2004-12-08T06:03:55,-71.496307,-30.79083,48.134,5.8,mwb,relocated,relocated,relocated,,175.0,55.0,90.0,355.0,35.0,90.0,3.16e+17,4.07e+16,-3.56e+17,9200000000000000.0,-1.42e+17,1.7199999999999998e+16,anss,gcmt:C120804A,intra_slab,35.9105110168
C200501241907A,2005-01-24T19:07:15,-71.71,-29.4,42.6,5.0,mwc,,,5.2,,356.0,27.0,79.0,189.0,63.0,96.0,3.45e+16,6410000000000000.0,-4.09e+16,-5500000000000000.0,-2.71e+16,-2750000000000000.0,anss,,slab_interface,22.1136932373
C200503010724A,2005-03-01T07:24:05,-71.768361,-31.48095,20.4317,5.4,mwc,relocated,relocated,relocated,,354.0,25.0,103.0,159.0,66.0,84.0,1.1299999999999998e+17,9100000000000000.0,-1.22e+17,4.24e+16,-9.65e+16,3.65e+16,anss,,slab_interface,27.4256629944
C200503132038A,2005-03-13T20:38:59,-71.787406,-32.698902,26.2779,5.2,mwc,relocated,relocated,relocated,,9.0,24.0,103.0,175.0,66.0,84.0,5.659999999999999e+16,1.01e+16,-6.68e+16,6800000000000000.0,-5.560000000000001e+16,-1500000000000000.0,anss,,slab_interface,27.215423584
C200503141243A,2005-03-14T12:43:50,-66.28,-28.86,27.3,5.1,mw,0.03,0.02,1.0,,247.0,54.0,136.0,6.0,56.0,45.0,3.33e+16,-7260000000000000.0,-2.6e+16,-2.05e+16,1.64e+16,-3.1e+16,gcmt,,backarc,
C200503211651A,2005-03-21T16:51:30,-71.510168,-27.94114,40.7138,5.3,mw,relocated,relocated,relocated,,83.0,50.0,162.0,185.0,76.0,41.0,3.67e+16,-8200000000000000.0,-2.85e+16,-5500000000000000.0,-5.07e+16,-7.67e+16,gcmt,,intra_slab,16.5450363159
C200503291638A,2005-03-29T16:38:20,-72.26802,-33.720727,19.5448,5.3,mwc,relocated,relocated,relocated,,6.0,17.0,100.0,175.0,73.0,87.0,5.88e+16,8500000000000002.0,-6.730000000000001e+16,9900000000000000.0,-9.52e+16,600000000000000.0,anss,,slab_interface,18.452703476
C200504130925A,2005-04-13T09:25:27,-72.899854,-33.146923,12.7942,5.4,mwc,relocated,relocated,relocated,,21.0,38.0,-89.0,200.0,52.0,-91.0,-1.33e+17,3599999999999999.5,1.29e+17,1.02e+16,3.09e+16,5.3e+16,anss,,outer_rise,
C200506080239A,2005-06-08T02:39:35,-69.112846,-28.412984,114.6587,5.1,mwc,relocated,relocated,relocated,,1.0,32.0,120.0,147.0,63.0,73.0,5.7e+16,-8450000000000000.0,-4.85e+16,3.19e+16,-2.38e+16,8930000000000000.0,anss,,slab_deep,87.005531311
C200507220014A,2005-07-22T00:14:41,-71.27431,-29.392389,56.2953,5.1,mwc,relocated,relocated,relocated,,97.0,26.0,7.0,360.0,87.0,116.0,3980000000000000.0,4440000000000000.0,-8420000000000000.0,-2630000000000000.0,4.6e+16,2.29e+16,anss,,intra_slab,39.1038856506
C200510101607A,2005-10-10T16:07:00,-76.57,-45.62,35.0,5.1,mwc,,,,,85.0,46.0,-158.0,339.0,74.0,-46.0,-2.2e+16,2.54e+16,-3380000000000000.0,1.03e+16,-2.79e+16,-3.74e+16,anss,,outer_rise,
C200511281633A,2005-11-28T16:33:21,-71.090668,-29.279074,45.8799,5.5,mwc,relocated,relocated,relocated,,254.0,9.0,-169.0,153.0,88.0,-81.0,-2e+16,4.01e+16,-2.01e+16,-1.01e+17,2.06e+17,-1.97e+16,anss,,slab_interface,44.8662261963
C200512141052A,2005-12-14T10:52:08,-71.796736,-31.083058,56.3347,5.3,mwc,relocated,relocated,relocated,,266.0,24.0,-18.0,12.0,83.0,-113.0,-2.71e+16,2.28e+16,4300000000000000.0,-1.25e+16,-9.82e+16,4.31e+16,anss,,intra_slab,24.8301887512
C200512212219A,2005-12-21T22:19:46,-74.06,-42.71,25.8,5.2,mwc,,,,,333.0,23.0,60.0,185.0,70.0,102.0,4.730000000000001e+16,4590000000000000.0,-5.19e+16,-1.01e+16,-5.87e+16,1.07e+16,anss,,slab_interface,32.7637825012
C200512260056A,2005-12-26T00:56:10,-72.429469,-39.280548,37.5044,5.1,mwc,relocated,relocated,relocated,,4.0,32.0,89.0,185.0,58.0,91.0,5.36e+16,2530000000000000.0,-5.61e+16,-2790000000000000.5,-2.7400000000000004e+16,-4940000000000000.0,anss,,slab_deep,79.4643859863
C200512311214A,2005-12-31T12:14:02,-70.806248,-29.173219,-0.743,5.0,mwc,relocated,relocated,relocated,,311.0,18.0,5.0,217.0,88.0,108.0,709999999999999.9,1.3e+16,-1.3700000000000002e+16,-2.25e+16,-3.2400000000000004e+16,90000000000000.0,anss,,forearc,56.757598877
C200601052251A,2006-01-05T22:51:15,-73.496623,-36.406482,29.4496,5.2,mwc,relocated,relocated,relocated,,19.0,16.0,104.0,184.0,74.0,86.0,3.7e+16,5170000000000000.0,-4.22e+16,-4010000000000000.0,-6.64e+16,-9040000000000000.0,anss,,slab_interface,21.3887348175
C200602101751A,2006-02-10T17:51:54,-71.586791,-32.60551,35.3603,5.2,mwc,relocated,relocated,relocated,,11.0,32.0,97.0,183.0,59.0,86.0,6.42e+16,8000000000000000.0,-7.22e+16,200000000000000.0,-3.55e+16,-9300000000000000.0,anss,,slab_interface,34.1910362244
C200604151442A,2006-04-15T14:42:13,-71.778592,-31.005843,42.9912,5.2,mwc,relocated,relocated,relocated,,1.0,22.0,93.0,179.0,68.0,89.0,5.98e+16,5900000000000000.0,-6.57e+16,2100000000000000.0,-6.56e+16,200000000000000.0,anss,,intra_slab,24.6087226868
C200604152350B,2006-04-15T23:50:14,-72.218951,-29.565589,4.517,6.0,mwc,relocated,relocated,relocated,,1.0,27.0,85.0,186.0,63.0,93.0,9.99e+17,8000000000000000.0,-1.01e+18,-1.06e+17,-7.28e+17,-6.4e+16,anss,,slab_interface,11.6574525833
C200604191749A,2006-04-19T17:49:12,-71.232589,-27.048668,10.923,5.6,mw,relocated,relocated,relocated,,16.0,18.0,111.0,174.0,73.0,83.0,1.96e+17,3.14e+16,-2.27e+17,3.83e+16,-3.04e+17,-1.82e+16,gcmt,,slab_interface,17.5537071228
C200604250523A,2006-04-25T05:23:37,-71.71,-27.15,23.1,5.0,mw,0.03,0.02,1.5,,360.0,23.0,92.0,177.0,67.0,89.0,2.44e+16,1150000000000000.0,-2.56e+16,1280000000000000.0,-2.48e+16,670000000000000.0,gcmt,,intra_slab,9.99062347412
C200604281821A,2006-04-28T18:21:55,-76.25,-45.69,10.0,5.3,mwc,,,,,76.0,75.0,-179.0,346.0,89.0,-15.0,7400000000000000.0,5.749999999999999e+16,-6.49e+16,2200000000000000.0,-3.58e+16,-1.1299999999999998e+17,anss,,outer_rise,
C200604301031A,2006-04-30T10:31:24,-71.240407,-27.063792,11.7306,5.3,mw,relocated,relocated,relocated,,350.0,18.0,84.0,176.0,72.0,92.0,5.460000000000001e+16,5300000000000000.0,-5.98e+16,4500000000000000.0,-8.17e+16,7600000000000000.0,gcmt,,slab_interface,17.5537071228
C200604301114A,2006-04-30T11:14:02,-71.62,-27.07,18.2,5.3,mw,0.02,0.02,1.0,,350.0,20.0,81.0,180.0,71.0,93.0,7.31e+16,7500000000000000.0,-8.06e+16,-1200000000000000.0,-9.54e+16,6900000000000001.0,gcmt,,slab_interface,11.0608730316
C200604301917A,2006-04-30T19:17:25,-71.319467,-27.073481,4.565,6.6,mw,relocated,relocated,relocated,,11.0,14.0,106.0,175.0,76.0,86.0,4.55e+18,3.3e+17,-4.88e+18,9.8e+17,-8.86e+18,-2.1e+17,gcmt,,forearc,16.412689209
C200604302012A,2006-04-30T20:12:25,-71.230955,-27.217325,3.1709,5.7,mw,relocated,relocated,relocated,,4.0,23.0,100.0,174.0,68.0,86.0,2.78e+17,9000000000000000.0,-2.86e+17,4.15e+16,-2.82e+17,5400000000000000.0,gcmt,,forearc,18.2370204926
C200604302125A,2006-04-30T21:25:27,-71.62,-27.05,30.1,5.8,mw,0.05,0.04,2.2,,350.0,22.0,80.0,180.0,69.0,94.0,4.42e+17,-6.68e+16,-3.75e+17,-2.38e+16,-4.39e+17,3.4000000000000004e+16,gcmt,,intra_slab,11.0608730316
C200604302132A,2006-04-30T21:33:00,-71.77,-27.32,19.7,5.9,mw,0.03,0.03,1.4,,352.0,22.0,88.0,173.0,68.0,91.0,5.5e+17,-2.25e+16,-5.28e+17,6.36e+16,-5.77e+17,6.860000000000001e+16,gcmt,,intra_slab,9.75354576111
C200604302141A,2006-04-30T21:41:07,-71.55,-27.28,13.4,6.5,mw,0.0,0.0,0.2,,14.0,18.0,112.0,171.0,73.0,83.0,3.44e+18,4.98e+17,-3.94e+18,1.01e+18,-5.28e+18,-1.22e+17,gcmt,,slab_interface,12.5833435059
C200604302304A,2006-04-30T23:04:48,-71.61,-27.42,21.8,5.8,mw,0.03,0.02,1.5,,357.0,18.0,96.0,171.0,72.0,88.0,3.26e+17,1.65e+16,-3.42e+17,8.11e+16,-4.63e+17,4.02e+16,gcmt,,slab_interface,12.1227350235
C200605010135A,2006-05-01T01:35:54,-71.16094,-27.207578,20.8715,5.4,mw,relocated,relocated,relocated,,21.0,22.0,115.0,174.0,70.0,80.0,9.27e+16,4000000000000000.0,-9.67e+16,2.07e+16,-1.07e+17,-1.28e+16,gcmt,,slab_interface,20.8579139709
C200605010249A,2006-05-01T02:49:44,-71.175254,-27.225556,15.0521,5.4,mw,relocated,relocated,relocated,,3.0,22.0,108.0,164.0,69.0,83.0,1.1100000000000002e+17,5400000000000000.0,-1.16e+17,4.27e+16,-1.2e+17,1.54e+16,gcmt,,slab_interface,19.7599182129
C200605020411A,2006-05-02T04:11:21,-71.84,-27.58,16.0,5.2,mw,0.02,0.02,0.8,,352.0,20.0,81.0,181.0,71.0,93.0,5.19e+16,540000000000000.0,-5.24e+16,-3010000000000000.0,-6.5e+16,2940000000000000.0,gcmt,,slab_interface,9.37953662872
C200605021342A,2006-05-02T13:42:40,-71.647837,-27.44832,5.4024,5.3,mw,relocated,relocated,relocated,,359.0,21.0,92.0,177.0,69.0,89.0,6.64e+16,3500000000000000.5,-6.979999999999999e+16,4900000000000000.0,-7.33e+16,3000000000000000.0,gcmt,,slab_interface,11.5292949677
C200605021358A,2006-05-02T13:58:33,-71.86,-27.61,15.4,5.2,mw,0.02,0.02,1.2,,352.0,16.0,80.0,182.0,74.0,93.0,4.64e+16,2800000000000000.0,-4.92e+16,-3100000000000000.0,-7.7e+16,2900000000000000.0,gcmt,,intra_slab,9.37953662872
C200605090902A,2006-05-09T09:02:26,-69.858853,-32.459024,121.9224,5.0,mwc,relocated,relocated,relocated,,270.0,44.0,-29.0,22.0,70.0,-130.0,-2.25e+16,2.11e+16,1409999999999999.8,-5280000000000000.0,-2.51e+16,3.14e+16,anss,,slab_deep,97.5444946289
C200605111348A,2006-05-11T13:48:59,-72.08,-27.72,12.0,5.5,mw,0.01,0.01,0.0,,6.0,15.0,94.0,182.0,75.0,89.0,9.76e+16,400000000000000.0,-9.81e+16,-6200000000000000.0,-1.64e+17,-7600000000000000.0,gcmt,,slab_interface,8.71413135529
C200605181826A,2006-05-18T18:26:20,-71.98,-32.43,10.0,5.0,mwc,,,,,11.0,24.0,109.0,170.0,68.0,82.0,3.29e+16,-1680000000000000.0,-3.13e+16,8460000000000000.0,-3.11e+16,-730000000000000.0,anss,,forearc,21.0235519409
C200605210511A,2006-05-21T05:11:38,-74.18269,-37.242646,44.0963,5.2,mwc,relocated,relocated,relocated,,27.0,17.0,120.0,176.0,76.0,82.0,4.58e+16,-500000000000000.0,-4.53e+16,9200000000000000.0,-8.06e+16,-1.03e+16,anss,,intra_slab,13.3805894852
C200605300250A,2006-05-30T02:50:09,-75.52,-45.76,36.3,5.7,mwc,,,,,78.0,71.0,-175.0,346.0,85.0,-19.0,-4000000000000000.0,1.65e+17,-1.61e+17,-1.09e+16,-1.3e+17,-3.2e+17,anss,,unclassified,
C200607031607A,2006-07-03T16:07:20,-66.47,-28.07,195.2,5.1,mw,0.03,0.02,3.0,,177.0,57.0,-21.0,279.0,72.0,-145.0,-2.4e+16,7480000000000000.0,1.65e+16,2.56e+16,4310000000000000.0,-5.019999999999999e+16,gcmt,,slab_deep,139.824050903
C200607080913A,2006-07-08T09:13:01,-67.486502,-28.428483,104.0556,5.5,mwc,relocated,relocated,relocated,,159.0,37.0,-68.0,312.0,56.0,-106.0,-1.74e+17,5.01e+16,1.24e+17,7.31e+16,-2.7800000000000004e+16,-9.87e+16,anss,,slab_deep,104.103668213
C200607161142A,2006-07-16T11:42:41,-72.713196,-28.584507,23.3626,6.2,mwc,relocated,relocated,relocated,,357.0,46.0,-111.0,205.0,48.0,-70.0,-2e+18,-6.04e+17,2.6e+18,3.62e+17,-1e+16,6.39e+17,anss,,outer_rise,
C200607192211A,2006-07-19T22:11:29,-71.79,-32.5,36.4,5.0,mwc,,,5.2,,336.0,25.0,74.0,174.0,66.0,98.0,3.23e+16,1360000000000000.0,-3.37e+16,1150000000000000.0,-2.96e+16,9540000000000000.0,anss,,slab_interface,27.0367126465
pde20060805140344230_25,2006-08-05T14:03:44,-68.858218,-33.155405,5.0712,5.6,mwc,relocated,relocated,relocated,,125.0,50.0,90.0,305.0,40.0,90.0,1.74e+17,7.33e+16,-2.4700000000000003e+17,5.01e+16,1.34e+17,9.02e+16,anss,gcmt:C200608051403A,backarc,
C200608200251A,2006-08-20T02:51:14,-68.645846,-28.949502,154.0578,5.0,mwc,relocated,relocated,relocated,,274.0,51.0,-140.0,156.0,60.0,-47.0,-2.82e+16,2.45e+16,3760000000000000.0,4950000000000000.0,1.85e+16,-3.08e+16,anss,,slab_deep,87.9680480957
C200608312316A,2006-08-31T23:16:42,-70.638374,-28.864197,88.3112,5.1,mwc,relocated,relocated,relocated,,167.0,73.0,-13.0,261.0,78.0,-163.0,-7930000000000000.0,2.34e+16,-1.55e+16,1.21e+16,1.23e+16,-4.72e+16,anss,,intra_slab,59.3014793396
pde20060912133055660_114,2006-09-12T13:30:55,-69.196268,-28.843826,144.5024,6.0,mwb,relocated,relocated,relocated,,155.0,65.0,-90.0,335.0,25.0,-90.0,-6.01e+17,1.4299999999999998e+17,4.58e+17,-2.07e+17,5.4900000000000006e+17,-4.61e+17,anss,gcmt:C200609121330A,slab_deep,86.8170089722
C200609170934A,2006-09-17T09:34:17,-67.156743,-31.698254,183.5346,6.2,mw,relocated,relocated,relocated,,147.0,17.0,-147.0,25.0,81.0,-76.0,-7.6e+17,-1.4299999999999998e+17,9.03e+17,-1.01e+18,-1.77e+18,-2.03e+17,gcmt,,slab_deep,106.707481384
C200609242108A,2006-09-24T21:08:49,-67.714779,-32.223885,153.8176,5.6,mwc,relocated,relocated,relocated,,122.0,34.0,-131.0,348.0,65.0,-66.0,-3e+17,1.68e+17,1.32e+17,-9.57e+16,-2.55e+17,-9.25e+16,anss,,slab_deep,112.561149597
C200610071632A,2006-10-07T16:32:19,-76.29,-45.7,40.2,5.1,mwc,,,10.1,,135.0,33.0,-74.0,296.0,58.0,-100.0,-5.95e+16,3.4900000000000004e+16,2.46e+16,2.83e+16,-4540000000000000.0,-1.84e+16,anss,,outer_rise,
pde20061012180556570_31,2006-10-12T18:05:56,-71.66497,-31.366151,35.3786,6.4,mwc,relocated,relocated,relocated,,175.0,65.0,90.0,355.0,25.0,90.0,3.22e+18,2.21e+17,-3.44e+18,2.8100000000000003e+17,-2.68e+18,6.6e+16,anss,gcmt:C200610121805A,slab_interface,30.9231014252
C200610131612A,2006-10-13T16:12:54,-71.750205,-31.48432,25.6404,5.3,mwc,relocated,relocated,relocated,,360.0,26.0,95.0,174.0,64.0,88.0,7.79e+16,9800000000000000.0,-8.77e+16,8500000000000002.0,-6.62e+16,6000000000000000.0,anss,,slab_interface,27.4256629944
C200610160133A,2006-10-16T01:33:35,-71.519857,-30.318242,43.7301,5.5,mwc,relocated,relocated,relocated,,8.0,38.0,113.0,160.0,56.0,73.0,1.98e+17,1.13e+16,-2.09e+17,6e+16,-6.12e+16,2.33e+16,anss,,slab_interface,33.9461669922
C200611201933A,2006-11-20T19:33:54,-74.35496,-40.679791,128.9329,5.2,mwc,relocated,relocated,relocated,,190.0,42.0,-82.0,359.0,48.0,-97.0,-7.039999999999999e+16,-5700000000000000.0,7.61e+16,5800000000000000.0,-8200000000000000.0,5800000000000000.0,anss,,intra_slab,17.1830863953
C200612311455A,2006-12-31T14:55:02,-71.11,-37.94,20.6,5.5,mwc,,,,,31.0,86.0,178.0,121.0,88.0,4.0,1.64e+16,2.15e+17,-2.32e+17,1.7100000000000002e+16,-600000000000000.0,1.16e+17,anss,,crustal_intraarc_shallow,
C200701071055A,2007-01-07T10:55:30,-71.167675,-35.450057,104.2074,5.0,mwc,relocated,relocated,relocated,,199.0,23.0,-83.0,12.0,68.0,-93.0,-2.52e+16,3850000000000000.0,2.13e+16,-4110000000000000.0,-2.37e+16,5460000000000000.0,anss,,slab_deep,86.1930618286
C200701232040A,2007-01-23T20:40:16,-72.19,-45.31,32.0,5.3,mwc,,,8.1,,264.0,89.0,-1.0,354.0,89.0,-179.0,-1.34e+16,-1.89e+16,3.22e+16,2600000000000000.0,-2400000000000000.0,1.26e+17,anss,,crustal_intraarc_shallow,
C200701280253A,2007-01-28T02:53:20,-72.32,-45.16,49.7,5.2,mwc,,,10.3,,104.0,76.0,1.0,14.0,89.0,166.0,-1.27e+16,4e+16,-2.73e+16,1.05e+16,1.67e+16,6.67e+16,anss,,crustal_intraarc_deep,
C200702030900A,2007-02-03T09:00:15,-73.090392,-45.413134,3.0505,5.3,mwc,relocated,relocated,relocated,,91.0,84.0,-6.0,182.0,84.0,-174.0,-3.4200000000000004e+16,2.36e+16,1.06e+16,-7199999999999999.0,8300000000000000.0,1.24e+17,anss,,crustal_intraarc_shallow,
C200702100603A,2007-02-10T06:03:02,-71.56,-42.98,157.3,5.5,mwc,,,,,207.0,6.0,117.0,360.0,84.0,87.0,2.31e+16,5.17e+16,-7.48e+16,1500000000000000.0,2.41e+17,-1.24e+16,anss,,slab_deep,152.598571777
C200702231955A,2007-02-23T19:55:48,-73.032868,-45.385461,7.5138,5.7,mwc,relocated,relocated,relocated,,87.0,70.0,-12.0,181.0,79.0,-160.0,-4.5e+16,1.53e+16,2.97e+16,-7.93e+16,1.3500000000000002e+17,3.79e+17,anss,,crustal_intraarc_shallow,
C200703021307A,2007-03-02T13:07:31,-71.19,-30.88,48.3,5.4,mwc,,,,,7.0,35.0,100.0,176.0,55.0,83.0,1.3700000000000002e+17,2.08e+16,-1.58e+17,1.19e+16,-5.37e+16,-3599999999999999.5,anss,,slab_interface,50.6478118896
C200703201759A,2007-03-20T17:59:50,-67.145551,-31.723323,180.1415,5.2,mw,relocated,relocated,relocated,,168.0,19.0,-125.0,24.0,75.0,-79.0,-3.39e+16,-3850000000000000.0,3.78e+16,-2.69e+16,-5.15e+16,4410000000000000.0,gcmt,,slab_deep,106.707481384
C200703222025A,2007-03-22T20:25:20,-71.259696,-28.097255,42.6942,5.2,mwc,relocated,relocated,relocated,,341.0,51.0,49.0,215.0,54.0,129.0,5.22e+16,2.7700000000000004e+16,-7.99e+16,-2.13e+16,-1200000000000000.0,-1.59e+16,anss,,intra_slab,24.2978343964
C200703291440A,2007-03-29T14:40:44,-71.156099,-32.536707,31.0946,5.6,mwc,relocated,relocated,relocated,,12.0,19.0,91.0,191.0,71.0,90.0,1.89e+17,2.27e+16,-2.12e+17,-4.94e+16,-2.54e+17,-4.88e+16,anss,,forearc,53.1773414612
C200703291709A,2007-03-29T17:09:07,-71.71,-31.6,33.9,5.6,mwc,,,7.5,,29.0,22.0,112.0,185.0,69.0,81.0,2.17e+17,3.14e+16,-2.4900000000000003e+17,-1.3e+16,-2.7000000000000003e+17,-8.11e+16,anss,,slab_interface,29.4591903687
C200703291746A,2007-03-29T17:46:20,-71.975307,-31.522379,56.9398,5.3,mwc,relocated,relocated,relocated,,336.0,15.0,59.0,188.0,78.0,98.0,4.08e+16,7500000000000000.0,-4.83e+16,-1.53e+16,-9.18e+16,6000000000000000.0,anss,,intra_slab,19.6158027649
C200703291832A,2007-03-29T18:31:58,-71.162868,-32.802233,14.0009,5.0,mwc,relocated,relocated,relocated,,347.0,31.0,85.0,172.0,59.0,93.0,3.43e+16,1230000000000000.0,-3.55e+16,1729999999999999.8,-1.88e+16,6960000000000000.0,anss,,forearc,53.1518173218
C200704020249A,2007-04-02T02:49:35,-73.059701,-45.378045,5.53,6.1,mwc,relocated,relocated,relocated,,53.0,43.0,-86.0,228.0,47.0,-94.0,-1.59e+18,1.14e+18,4.5e+17,1.15e+17,1.32e+17,1.71e+18,anss,,crustal_intraarc_shallow,
C200704211753A,2007-04-21T17:53:46,-72.65,-45.24,36.7,6.2,mwc,,,6.5,,84.0,86.0,2.0,354.0,88.0,176.0,-9.12e+17,-1.2e+17,1.03e+18,1.85e+17,2.8000000000000003e+17,2.77e+18,anss,,crustal_intraarc_shallow,
C200704220605A,2007-04-22T06:05:28,-71.537512,-32.534205,6.8157,5.1,mwc,relocated,relocated,relocated,,348.0,28.0,61.0,201.0,66.0,105.0,3.47e+16,5639999999999999.0,-4.03e+16,-1.5e+16,-2.79e+16,-4530000000000000.0,anss,,forearc,36.0971603394
C200704261213A,2007-04-26T12:13:29,-70.695873,-28.195326,51.9874,5.2,mwc,relocated,relocated,relocated,,33.0,43.0,128.0,166.0,58.0,60.0,5.45e+16,1.51e+16,-6.96e+16,2.16e+16,-2.06e+16,-1.3799999999999998e+16,anss,,intra_slab,47.6788444519
C200705191626A,2007-05-19T16:26:05,-68.678102,-28.562334,105.5529,5.0,mwc,relocated,relocated,relocated,,338.0,46.0,-59.0,117.0,52.0,-118.0,-3.55e+16,1.58e+16,1.98e+16,-1.14e+16,-4420000000000000.0,-2.97e+16,anss,,slab_deep,88.1233062744
C200705201215A,2007-05-20T12:15:45,-71.186187,-29.585908,50.5154,5.3,mwc,relocated,relocated,relocated,,21.0,41.0,116.0,168.0,54.0,69.0,9.62e+16,1.59e+16,-1.1200000000000002e+17,2.63e+16,-2.7700000000000004e+16,-9500000000000000.0,anss,,slab_interface,43.1004333496
C200706210954A,2007-06-21T09:54:54,-71.208875,-31.746729,52.6866,5.1,mwc,relocated,relocated,relocated,,359.0,32.0,94.0,174.0,58.0,88.0,4.43e+16,1560000000000000.0,-4.59e+16,3270000000000000.0,-2.19e+16,2970000000000000.0,anss,,slab_interface,51.8700904846
C200706281925A,2007-06-28T19:25:21,-71.545379,-31.984029,71.8572,5.6,mwc,relocated,relocated,relocated,,198.0,15.0,-73.0,0.0,75.0,-95.0,-1.91e+17,2.64e+16,1.64e+17,9300000000000000.0,-3.14e+17,2.8000000000000004e+16,anss,,intra_slab,35.8983650208
C200707111512A,2007-07-11T15:12:22,-70.28,-32.67,93.8,5.1,mwc,,,2.4,,150.0,50.0,-177.0,58.0,88.0,-40.0,-1e+16,-2.45e+16,3.45e+16,-1.86e+16,-2.7e+16,2.34e+16,anss,,slab_deep,85.7700500488
C200708081414A,2007-08-08T14:14:20,-71.739093,-32.499602,27.6366,5.3,mwc,relocated,relocated,relocated,,335.0,17.0,78.0,167.0,74.0,93.0,5.83e+16,6900000000000001.0,-6.52e+16,2.2e+16,-1.01e+17,2.53e+16,anss,,slab_interface,28.7071228027
C200709220801A,2007-09-22T08:01:03,-76.28,-45.91,10.0,5.5,mwc,,,,,75.0,80.0,178.0,165.0,88.0,10.0,-5.95e+16,1.57e+17,-9.73e+16,3.6e+16,-4.07e+16,-2.25e+17,anss,,outer_rise,
C200710161337A,2007-10-16T13:37:53,-76.37,-45.99,10.0,5.2,mwc,,,,,71.0,63.0,-173.0,338.0,83.0,-27.0,-1.87e+16,5.269999999999999e+16,-3.39e+16,1.35e+16,-2.85e+16,-5.39e+16,anss,,outer_rise,
C200710201956A,2007-10-20T19:56:21,-73.175715,-36.516108,29.1385,5.2,mwc,relocated,relocated,relocated,,13.0,23.0,104.0,177.0,67.0,84.0,5.18e+16,1.01e+16,-6.18e+16,4670000000000000.0,-5.56e+16,-4780000000000000.0,anss,,slab_interface,29.0455532074
C200710270116A,2007-10-27T01:16:54,-69.244175,-31.632189,140.7295,5.0,mwc,relocated,relocated,relocated,,299.0,51.0,-26.0,46.0,70.0,-138.0,-1.73e+16,3.72e+16,-1.99e+16,-7780000000000000.0,-2.34e+16,7780000000000000.0,anss,,slab_deep,100.987937927
C200712151822A,2007-12-15T18:22:27,-71.744883,-32.735692,31.2833,5.9,mwc,relocated,relocated,relocated,,359.0,21.0,89.0,179.0,69.0,90.0,5.4700000000000006e+17,8.8e+16,-6.35e+17,7000000000000000.0,-6.59e+17,1.2e+16,anss,,slab_interface,28.9251651764
C200712200306A,2007-12-20T03:06:56,-71.782838,-32.729681,29.0184,5.5,mwc,relocated,relocated,relocated,,351.0,12.0,80.0,181.0,78.0,92.0,6.61e+16,2.04e+16,-8.66e+16,-2500000000000000.0,-1.78e+17,5500000000000000.0,anss,,slab_interface,27.2667598724
C200802292251A,2008-02-29T22:51:34,-75.08,-40.32,10.0,5.0,mwc,,,,,212.0,46.0,-107.0,56.0,47.0,-73.0,-4.69e+16,2.26e+16,2.43e+16,-9370000000000000.0,7730000000000000.0,1.7e+16,anss,,intra_slab,7.12844133377
C200803100943A,2008-03-10T09:43:01,-69.29,-28.34,89.5,5.6,mwc,,,3.3,,3.0,33.0,-75.0,165.0,58.0,-100.0,-2.38e+17,-4300000000000000.0,2.43e+17,-5.32e+16,1.07e+17,-2.59e+16,anss,,slab_deep,86.4066848755
C200803290134A,2008-03-29T01:34:35,-74.1,-43.08,27.4,5.1,mwc,,,,,5.0,32.0,90.0,184.0,58.0,90.0,5.34e+16,-8840000000000000.0,-4.45e+16,-1680000000000000.0,-2.46e+16,-2780000000000000.0,anss,,slab_interface,32.5198135376
C200804110129A,2008-04-11T01:29:45,-75.22,-45.77,10.0,5.1,mwc,,,,,80.0,67.0,-165.0,343.0,76.0,-24.0,4000000000000000.0,2.17e+16,-2.57e+16,-1.61e+16,-3.37e+16,-4.25e+16,anss,,unclassified,
C200805020551A,2008-05-02T05:51:24,-72.27,-42.77,10.0,5.2,mwc,,,,,206.0,77.0,-177.0,115.0,87.0,-13.0,-3.55e+16,8.82e+16,-5.28e+16,-1.85e+16,1500000000000000.0,5.590000000000001e+16,anss,,crustal_intraarc_shallow,
C200805030236A,2008-05-03T02:36:12,-72.25,-42.78,10.0,5.0,mwc,,,,,280.0,52.0,-31.0,31.0,66.0,-137.0,-1.98e+16,2.9e+16,-9160000000000000.0,9930000000000000.0,-3.8e+16,1.66e+16,anss,,crustal_intraarc_shallow,
C200805201516A,2008-05-20T15:16:07,-78.9,-44.57,12.2,5.6,mw,0.02,0.01,1.2,,76.0,64.0,-170.0,342.0,81.0,-27.0,-2.89e+16,1.48e+17,-1.19e+17,-4600000000000000.0,-1.32e+17,-2.12e+17,gcmt,,outer_rise,
C200805240243A,2008-05-24T02:43:36,-72.549257,-42.111176,5.1816,5.4,mwc,relocated,relocated,relocated,,84.0,57.0,-11.0,180.0,81.0,-146.0,-6.999999999999999e+16,4500000000000000.0,6.55e+16,3.03e+16,8.34e+16,1.57e+17,anss,,crustal_intraarc_shallow,
C200810011703A,2008-10-01T17:03:46,-70.980531,-35.016818,101.239,5.2,mwc,relocated,relocated,relocated,,288.0,4.0,-10.0,28.0,89.0,-94.0,1030000000000000.0,870000000000000.0,-1900000000000000.0,-3.48e+16,-6.46e+16,7550000000000000.0,anss,,slab_deep,84.4834976196
C200810271908A,2008-10-27T19:08:22,-69.338372,-27.177787,107.6595,5.1,mw,relocated,relocated,relocated,,304.0,56.0,37.0,191.0,60.0,140.0,3.46e+16,1.68e+16,-5.14e+16,-1.6200000000000002e+16,-1.08e+16,3.33e+16,gcmt,,slab_deep,85.8804321289
C200811232119A,2008-11-23T21:19:40,-73.004831,-36.32202,34.6835,5.3,mwc,relocated,relocated,relocated,,11.0,22.0,111.0,169.0,69.0,82.0,6.56e+16,1.36e+16,-7.93e+16,1.81e+16,-7.7e+16,2100000000000000.0,anss,,slab_interface,32.6813278198
20081216220525,2008-12-16T22:05:28,-71.594031,-29.713445,59.363,5.1,mwc,relocated,relocated,relocated,,290.0,29.0,-1.0,21.0,90.0,-119.0,-1400000000000000.0,1.99e+16,-1.86e+16,-1.4e+16,-4.6e+16,1.79e+16,anss,gcmt:C200812162205A,intra_slab,27.0500392914
pde20081218211928380_18,2008-12-18T21:19:28,-71.93977,-32.494498,21.3454,6.2,mwc,relocated,relocated,relocated,,175.0,70.0,90.0,355.0,20.0,90.0,1.13e+18,1.18e+17,-1.25e+18,1.33e+17,-1.54e+18,6.2e+16,anss,gcmt:C200812182119A,slab_interface,22.4552879333
C200812182150A,2008-12-18T21:50:28,-72.022756,-32.528149,19.1151,5.9,mwc,relocated,relocated,relocated,,350.0,18.0,83.0,177.0,72.0,92.0,4.43e+17,7500000000000000.0,-4.51e+17,2.46e+16,-6.1e+17,5.29e+16,anss,,slab_interface,21.1173534393
C200812190730A,2008-12-19T07:30:06,-72.057055,-32.552175,18.3746,5.4,mwc,relocated,relocated,relocated,,359.0,20.0,90.0,179.0,70.0,90.0,9.47e+16,6400000000000000.0,-1.01e+17,1500000000000000.0,-1.17e+17,1200000000000000.0,anss,,slab_interface,19.8018703461
C200812190936A,2008-12-19T09:36:04,-71.944257,-32.464515,22.2852,5.7,mwc,relocated,relocated,relocated,,2.0,19.0,100.0,172.0,72.0,87.0,2.83e+17,1.64e+16,-2.99e+17,6.08e+16,-3.84e+17,1.6900000000000002e+16,anss,,slab_interface,22.4083518982
C200812191357A,2008-12-19T13:57:30,-71.87148,-32.59181,23.9716,5.2,mwc,relocated,relocated,relocated,,11.0,19.0,118.0,162.0,74.0,81.0,3.4000000000000004e+16,2.46e+16,-5.86e+16,1.98e+16,-6.780000000000001e+16,1.2e+16,anss,,slab_interface,25.5278663635
C200812191648A,2008-12-19T16:48:50,-71.99,-32.61,12.6,5.2,mwc,,,,,351.0,23.0,82.0,180.0,67.0,93.0,4.93e+16,5710000000000000.0,-5.5e+16,-820000000000000.0,-4.97e+16,4350000000000000.0,anss,,slab_interface,21.1647834778
C200812201707A,2008-12-20T17:07:01,-68.593093,-31.620399,164.3224,5.2,mwc,relocated,relocated,relocated,,66.0,46.0,-52.0,198.0,56.0,-122.0,-6.909999999999999e+16,2.71e+16,4.2e+16,-1.31e+16,3.11e+16,5.759999999999999e+16,anss,,slab_deep,96.4940261841
C200901231256A,2009-01-23T12:56:08,-70.986854,-36.449216,128.7885,5.2,mwc,relocated,relocated,relocated,,253.0,56.0,-16.0,352.0,77.0,-145.0,-1.52e+16,-1.56e+16,3.08e+16,2.43e+16,-3.69e+16,5.44e+16,anss,,slab_deep,106.12890625
C200902060258A,2009-02-06T02:58:36,-71.335837,-27.998337,43.635,5.3,mw,relocated,relocated,relocated,,154.0,23.0,-107.0,352.0,68.0,-83.0,-8.29e+16,1.7100000000000002e+16,6.59e+16,3300000000000000.0,-7.96e+16,-1.93e+16,gcmt,,intra_slab,20.5311050415
C200902160222A,2009-02-16T02:22:50,-70.4197,-29.087175,117.7167,5.4,mwc,relocated,relocated,relocated,,323.0,46.0,-32.0,77.0,67.0,-131.0,-7.62e+16,1.1100000000000002e+17,-3.49e+16,-6.46e+16,-4.88e+16,-6.18e+16,anss,,slab_deep,71.8902664185
C200903111306A,2009-03-11T13:06:53,-69.39146,-31.899018,0.6495,5.3,mwc,relocated,relocated,relocated,,190.0,44.0,109.0,344.0,49.0,72.0,1.03e+17,1.97e+16,-1.23e+17,-2.14e+16,8000000000000000.0,7800000000000000.0,anss,,backarc,
C200903121103A,2009-03-12T11:03:12,-78.35,-45.27,17.0,5.0,mw,0.03,0.03,1.0,,157.0,43.0,-117.0,12.0,53.0,-67.0,-3.72e+16,4360000000000000.0,3.28e+16,-1.44e+16,-7570000000000000.0,-3510000000000000.0,gcmt,,outer_rise,
C200903151350A,2009-03-15T13:50:41,-65.949512,-31.187175,283.3023,5.2,mw,relocated,relocated,relocated,,149.0,40.0,-69.0,303.0,53.0,-107.0,-5.93e+16,2.89e+16,3.04e+16,2.06e+16,-1810000000000000.0,-3.83e+16,gcmt,,slab_deep,132.831481934
C200904031754A,2009-04-03T17:54:53,-66.71,-28.09,180.4,5.7,mw,0.01,0.01,0.7,,183.0,43.0,-31.0,297.0,69.0,-129.0,-2.23e+17,-2.46e+16,2.48e+17,2.56e+17,-4.14e+16,-2.53e+17,gcmt,,slab_deep,129.45362854
C200904260803A,2009-04-26T08:03:36,-69.601436,-32.847293,129.7147,5.3,mwc,relocated,relocated,relocated,,145.0,49.0,169.0,242.0,82.0,42.0,2.21e+16,-9.56e+16,7.34e+16,-6.57e+16,-5.3e+16,4.41e+16,anss,,slab_deep,103.505317688
C200904281529A,2009-04-28T15:29:30,-76.28,-48.48,17.5,5.1,mw,0.03,0.02,1.3,,7.0,20.0,97.0,180.0,70.0,88.0,3.19e+16,1.25e+16,-4.43e+16,190000000000000.0,-4.55e+16,-2570000000000000.0,gcmt,,outer_rise,
C200905081344A,2009-05-08T13:44:53,-69.882162,-32.037753,118.3956,5.4,mwc,relocated,relocated,relocated,,185.0,48.0,-121.0,47.0,50.0,-60.0,-1.1499999999999998e+17,1700000000000000.0,1.1299999999999998e+17,-3.86e+16,1.47e+16,7.029999999999999e+16,anss,,slab_deep,97.635307312
C200905171235A,2009-05-17T12:35:25,-69.783432,-27.268641,91.6498,5.2,mw,relocated,relocated,relocated,,356.0,29.0,-79.0,163.0,62.0,-96.0,-7.62e+16,1.79e+16,5.83e+16,-1.92e+16,4.01e+16,-5800000000000000.0,gcmt,,slab_deep,76.5240325928
C200905250510A,2009-05-25T05:10:13,-71.387396,-28.295256,42.5272,5.3,mwc,relocated,relocated,relocated,,192.0,20.0,-84.0,5.0,70.0,-92.0,-6.989999999999999e+16,1.07e+16,5.92e+16,-5300000000000000.0,-7.72e+16,8300000000000000.0,anss,,intra_slab,21.7155704498
C200906132122A,2009-06-13T21:22:06,-71.785593,-30.69157,27.9732,5.0,mwc,relocated,relocated,relocated,,352.0,29.0,88.0,175.0,61.0,91.0,3.77e+16,4630000000000000.0,-4.230000000000001e+16,1690000000000000.0,-2.47e+16,5070000000000000.0,anss,,slab_interface,23.8981742859
C200906170705A,2009-06-17T07:04:52,-77.15,-45.62,10.0,5.2,mwc,,,,,346.0,68.0,-11.0,80.0,80.0,-158.0,-8120000000000002.0,3.51e+16,-2.7e+16,-2.87e+16,-2.2e+16,-7.19e+16,anss,,outer_rise,
20090629030730,2009-06-29T03:07:31,-77.15,-45.64,17.0,5.3,mwc,,,,,79.0,67.0,-171.0,346.0,81.0,-23.0,-2.8e+16,5.76e+16,-2.96e+16,4800000000000000.0,-4.03e+16,-9.87e+16,anss,gcmt:C200906290307A,outer_rise,
C200907071646A,2009-07-07T16:46:15,-71.01343,-29.351201,72.7318,5.4,mwc,relocated,relocated,relocated,,260.0,50.0,-174.0,165.0,85.0,-40.0,-1.32e+16,5.91e+16,-4.59e+16,-7900000000000000.0,9.98e+16,-1.05e+17,anss,,intra_slab,50.0221672058
C200907121443A,2009-07-12T14:43:50,-71.381065,-30.627535,42.887,5.2,mwc,relocated,relocated,relocated,,360.0,32.0,99.0,169.0,58.0,84.0,5.769999999999999e+16,1.16e+16,-6.92e+16,7890000000000000.0,-3.06e+16,8330000000000000.0,anss,,slab_interface,39.9405479431
C200908121800A,2009-08-12T18:00:55,-66.750364,-27.885489,155.7209,5.4,mw,relocated,relocated,relocated,,297.0,45.0,-126.0,162.0,55.0,-60.0,-1.41e+17,5.17e+16,8.92e+16,2.7300000000000004e+16,6.28e+16,-1.07e+17,gcmt,,slab_deep,130.714324951
C200909120356A,2009-09-12T03:56:59,-76.51,-45.64,31.6,5.0,mwc,,,16.6,,176.0,26.0,-92.0,359.0,64.0,-89.0,-3.46e+16,7160000000000000.0,2.75e+16,-200000000000000.0,-2.37e+16,-940000000000000.0,anss,,outer_rise,
C200909251547A,2009-09-25T15:47:23,-71.732291,-32.145359,51.0049,5.1,mwc,relocated,relocated,relocated,,277.0,58.0,15.0,180.0,78.0,147.0,1.3e+16,-810000000000000.0,-1.22e+16,-7460000000000000.0,-2.54e+16,4.32e+16,anss,,intra_slab,28.4094009399
C200910280620A,2009-10-28T06:20:02,-71.968623,-32.809443,12.3079,5.0,mwc,relocated,relocated,relocated,,164.0,43.0,86.0,349.0,47.0,94.0,3.88e+16,-2590000000000000.0,-3.62e+16,1160000000000000.0,2980000000000000.0,8360000000000000.0,anss,,forearc,22.7623958588
pde20091122220748220_7,2009-11-22T22:07:48,-75.128325,-39.678069,49.5873,5.9,mwc,relocated,relocated,relocated,,355.0,65.0,-110.0,216.0,32.0,-54.0,-6.99e+17,-1.9e+16,7.19e+17,1.77e+17,-1.16e+17,6.7e+16,anss,gcmt:C200911222207A,outer_rise,
C200912291147A,2009-12-29T11:47:35,-72.987583,-36.734917,34.2371,5.1,mwc,relocated,relocated,relocated,,1.0,21.0,95.0,175.0,69.0,88.0,3.37e+16,1850000000000000.0,-3.55e+16,3600000000000000.0,-3.76e+16,1250000000000000.0,anss,,slab_interface,36.0205993652
C201001181228A,2010-01-18T12:28:34,-68.906101,-31.356859,129.2847,5.4,mwc,relocated,relocated,relocated,,231.0,37.0,-97.0,60.0,54.0,-85.0,-1.3899999999999998e+17,9.78e+16,4.1e+16,-4.21e+16,-1.5e+16,7.08e+16,anss,,slab_deep,96.2661361694
C201001191728A,2010-01-19T17:28:21,-65.74,-27.71,32.1,5.2,mw,0.02,0.01,1.4,,243.0,75.0,178.0,333.0,88.0,15.0,8500000000000002.0,6.4e+16,-7.25e+16,-1.04e+16,2.01e+16,-4.92e+16,gcmt,,backarc,
C201001300550A,2010-01-30T05:50:09,-70.7,-28.23,57.4,5.3,mwc,,,,,17.0,31.0,107.0,177.0,60.0,80.0,8.63e+16,1.9e+16,-1.05e+17,8100000000000000.0,-5.550000000000001e+16,-1.31e+16,anss,,slab_interface,48.3652763367
C201002121203A,2010-02-12T12:03:38,-69.077199,-33.687701,181.8981,5.8,mwc,relocated,relocated,relocated,,69.0,57.0,-156.0,325.0,70.0,-35.0,-2.4e+17,5.7300000000000006e+17,-3.33e+17,1000000000000000.0,-3.98e+17,-2.93e+17,anss,,slab_deep,130.908508301
official20100227063411530_30,2010-02-27T06:34:11,-72.898,-36.122,30.0,8.8,mww,,,,,178.0,77.0,86.0,17.0,14.0,108.0,1.04e+22,-3.9e+20,-1e+22,3.04e+21,-1.52e+22,-1.19e+21,anss,gcmt:C201002270634A,slab_interface,33.1989784241
S201002270801A,2010-02-27T08:01:23,-75.05,-37.77,41.7,7.4,mwc,,,,,3.0,46.0,-102.0,200.0,46.0,-78.0,-1.3999999999999998e+20,1.63e+19,1.24e+20,2.34e+19,-4.1e+18,2.27e+19,anss,,outer_rise,
pde20100227172430590_19,2010-02-27T17:24:30,-73.208,-36.354,19.0,6.1,mwb,,,,,226.0,63.0,51.0,107.0,46.0,141.0,9.4e+17,-1.34e+18,3.9e+17,-2.1e+17,-7.4e+17,-4.5e+17,anss,,forearc,27.9037513733
C201002271900A,2010-02-27T19:00:06,-72.275085,-33.532272,10.9012,6.2,mwc,relocated,relocated,relocated,,3.0,27.0,97.0,175.0,64.0,86.0,2.42e+18,-3.43e+17,-2.08e+18,2.61e+17,-1.7e+18,8999999999999998.0,anss,,slab_interface,16.5070648193
C201002272302A,2010-02-27T23:02:02,-72.83,-37.69,45.2,5.9,mwc,,,4.2,,349.0,27.0,90.0,169.0,63.0,90.0,7.05e+17,-1.22e+17,-5.83e+17,9.1e+16,-4.6e+17,9.5e+16,anss,,slab_interface,45.6896858215
C201002280108A,2010-02-28T01:08:23,-72.32311,-34.43191,73.8135,5.9,mwc,relocated,relocated,relocated,,13.0,24.0,95.0,187.0,66.0,88.0,7.36e+17,-5.7e+16,-6.79e+17,-6.5e+16,-6.53e+17,-1.17e+17,anss,,intra_slab,24.4094028473
C201002281125A,2010-02-28T11:25:35,-71.81262,-34.967995,7.3617,6.2,mwc,relocated,relocated,relocated,,17.0,25.0,113.0,171.0,67.0,80.0,1.65e+18,1.95e+17,-1.84e+18,3.93e+17,-1.64e+18,-1.13e+17,anss,,forearc,49.3663215637
C201002281948A,2010-02-28T19:48:37,-73.63,-38.08,35.0,5.8,mwc,,,,,1.0,16.0,91.0,180.0,74.0,90.0,3.88e+17,-6300000000000000.0,-3.81e+17,-2000000000000000.0,-6.08e+17,-3400000000000000.0,anss,,slab_interface,25.5030269623
C201003010110A,2010-03-01T01:10:57,-72.330852,-35.33834,113.2573,5.2,mwc,relocated,relocated,relocated,,34.0,33.0,130.0,169.0,65.0,67.0,5.05e+16,2.2e+16,-7.25e+16,1.34e+16,-4.46e+16,-1.48e+16,anss,,intra_slab,37.0395278931
C201003010244A,2010-03-01T02:44:42,-73.126217,-34.86487,85.2551,5.6,mwc,relocated,relocated,relocated,,302.0,29.0,32.0,183.0,75.0,115.0,1.3999999999999998e+17,4.03e+16,-1.8e+17,-3.08e+16,-2.55e+17,1.3e+17,anss,,intra_slab,12.4690227509
C201003010749A,2010-03-01T07:49:09,-73.5079,-34.684906,35.8162,5.3,mwc,relocated,relocated,relocated,,208.0,35.0,-65.0,358.0,58.0,-107.0,-9.45e+16,-3.54e+16,1.3e+17,8400000000000002.0,-5.29e+16,3.3e+16,anss,,intra_slab,8.00811576843
C201003010846A,2010-03-01T08:46:56,-72.29,-35.68,35.0,5.3,mwc,,,,,26.0,17.0,98.0,197.0,73.0,87.0,5.610000000000001e+16,2500000000000000.0,-5.86e+16,-2.67e+16,-9.1e+16,-2.63e+16,anss,,forearc,45.3857154846
C201003010858A,2010-03-01T08:58:33,-74.49,-37.84,35.0,5.0,mwc,,,,,204.0,41.0,-79.0,9.0,50.0,-100.0,-3.98e+16,6150000000000000.0,3.36e+16,4070000000000000.0,-7150000000000000.0,8890000000000000.0,anss,,intra_slab,10.7664241791
C201003011220A,2010-03-01T12:20:18,-73.74,-34.54,35.0,5.1,mwc,,,,,41.0,40.0,-91.0,222.0,50.0,-89.0,-5.24e+16,2.27e+16,2.97e+16,6080000000000000.0,6240000000000000.0,2.7400000000000004e+16,anss,,outer_rise,
C201003011436A,2010-03-01T14:36:30,-73.5,-34.39,30.9,5.2,mwc,,,10.8,,46.0,39.0,-89.0,224.0,51.0,-91.0,-7.55e+16,3.76e+16,3.79e+16,1e+16,1.19e+16,2.9900000000000004e+16,anss,,outer_rise,
C201003011552A,2010-03-01T15:52:38,-73.55,-36.76,35.9,5.1,mwc,,,9.4,,13.0,27.0,104.0,177.0,64.0,83.0,4.05e+16,-470000000000000.0,-4e+16,4330000000000000.0,-3.18e+16,-3550000000000000.0,anss,,slab_interface,22.3707809448
C201003011656A,2010-03-01T16:56:49,-72.47,-36.3,35.0,5.0,mwc,,,,,43.0,35.0,125.0,182.0,62.0,68.0,2.5e+16,2650000000000000.0,-2.77e+16,3140000000000000.0,-1.8e+16,-1.39e+16,anss,,forearc,49.9037818909
C201003012240A,2010-03-01T22:40:18,-73.81,-34.83,35.0,5.0,mwc,,,,,32.0,37.0,-88.0,209.0,53.0,-92.0,-3.7e+16,1.17e+16,2.53e+16,4200000000000000.0,9000000000000000.0,1.24e+16,anss,,outer_rise,
C201003020209A,2010-03-02T02:09:35,-71.37,-39.76,24.8,5.1,mwc,,,11.2,,176.0,65.0,-168.0,80.0,79.0,-25.0,470000000000000.0,-1.52e+16,1.47e+16,-3.2e+16,1.53e+16,5.28e+16,anss,,crustal_intraarc_shallow,
C201003020409A,2010-03-02T04:09:28,-73.23,-35.79,35.0,5.4,mwc,,,,,359.0,13.0,78.0,191.0,78.0,93.0,5.93e+16,8200000000000000.0,-6.750000000000001e+16,-2.69e+16,-1.34e+17,-7900000000000000.0,anss,,intra_slab,21.0366859436
20100302042845,2010-03-02T04:28:45,-73.81,-36.85,15.2,5.5,mwc,,,,,17.0,11.0,110.0,178.0,79.0,86.0,6.82e+16,3500000000000000.0,-7.17e+16,9900000000000000.0,-1.79e+17,-9400000000000000.0,anss,gcmt:C201003020428A,slab_interface,18.0963230133
C201003020610A,2010-03-02T06:10:53,-72.68,-34.53,35.0,5.3,mwc,,,,,3.0,5.0,84.0,189.0,85.0,91.0,2.01e+16,3800000000000000.0,-2.4e+16,-1.7199999999999998e+16,-1.1399999999999998e+17,-3100000000000000.0,anss,,intra_slab,16.7076969147
C201003021130A,2010-03-02T11:30:31,-72.620695,-34.990088,0.5138,5.0,mwc,relocated,relocated,relocated,,198.0,67.0,-163.0,101.0,74.0,-24.0,-1.85e+16,2.81e+16,-9510000000000000.0,-8520000000000000.0,3000000000000000.0,3.22e+16,anss,,forearc,24.1707077026
C201003021216A,2010-03-02T12:16:34,-73.33,-36.62,35.0,5.2,mwc,,,,,5.0,16.0,95.0,181.0,74.0,89.0,4.19e+16,-1580000000000000.0,-4.03e+16,-110000000000000.0,-6.39e+16,-2130000000000000.0,anss,,slab_interface,26.0020866394
C201003021407A,2010-03-02T14:07:08,-73.218682,-39.451777,49.5163,5.1,mwc,relocated,relocated,relocated,,16.0,28.0,112.0,172.0,64.0,79.0,4.61e+16,-3590000000000000.0,-4.25e+16,1.11e+16,-3.2400000000000004e+16,-3920000000000000.0,anss,,slab_interface,49.5434188843
C201003021912A,2010-03-02T19:12:56,-72.17,-34.27,40.5,5.6,mwc,,,11.3,,14.0,17.0,119.0,163.0,75.0,81.0,1.57e+17,1.61e+16,-1.73e+17,9.19e+16,-2.66e+17,6100000000000000.0,anss,,slab_interface,26.0457706451
C201003022144A,2010-03-02T21:44:36,-73.12,-36.48,32.8,5.1,mwc,,,23.9,,44.0,26.0,115.0,196.0,67.0,79.0,3.54e+16,-1.07e+16,-2.46e+16,-4240000000000000.0,-3.25e+16,-1.4e+16,anss,,intra_slab,31.6608085632
C201003030435A,2010-03-03T04:35:59,-73.87,-37.58,35.3,5.3,mwc,,,4.0,,350.0,12.0,66.0,194.0,79.0,95.0,4.13e+16,4500000000000000.0,-4.58e+16,-2.71e+16,-1.02e+17,-2400000000000000.0,anss,,slab_interface,19.8144893646
C201003030442A,2010-03-03T04:42:27,-73.8,-37.3,35.0,5.1,mwc,,,,,13.0,26.0,105.0,176.0,65.0,83.0,4.24e+16,-7330000000000000.0,-3.51e+16,6070000000000000.0,-3.19e+16,-3260000000000000.0,anss,,intra_slab,19.7960586548
C201003030616A,2010-03-03T06:16:22,-72.227238,-33.751381,7.0884,5.2,mwc,relocated,relocated,relocated,,10.0,22.0,99.0,180.0,68.0,86.0,5.15e+16,2870000000000000.0,-5.44e+16,2070000000000000.0,-5.43e+16,-4330000000000000.0,anss,,forearc,18.7931900024
C201003031744A,2010-03-03T17:44:25,-73.36,-36.61,20.0,6.1,mwc,,,,,15.0,12.0,103.0,182.0,78.0,87.0,6.98e+17,4e+16,-7.38e+17,-3.5000000000000004e+16,-1.64e+18,-1.09e+17,anss,,slab_interface,26.0020866394
C201003031958A,2010-03-03T19:58:30,-72.252416,-33.42358,31.3519,5.8,mwc,relocated,relocated,relocated,,2.0,17.0,94.0,178.0,73.0,89.0,3.37e+17,2200000000000000.0,-3.39e+17,1.81e+16,-4.91e+17,-1600000000000000.0,anss,,intra_slab,16.8581180573
C201003040159A,2010-03-04T01:59:48,-72.12,-33.22,24.2,6.0,mwc,,,,,10.0,19.0,97.0,183.0,71.0,88.0,8.33e+17,-1.2e+16,-8.21e+17,-4e+16,-1.06e+18,-9.4e+16,anss,,slab_interface,19.5809230804
C201003040903A,2010-03-04T09:03:41,-74.58,-37.65,35.0,5.0,mwc,,,,,217.0,45.0,-56.0,353.0,54.0,-119.0,-3.71e+16,-2110000000000000.0,3.92e+16,1.5e+16,-9880000000000000.0,1.21e+16,anss,,intra_slab,9.36741638184
C201003041737A,2010-03-04T17:37:48,-72.07,-34.18,35.0,5.4,mwc,,,,,14.0,22.0,106.0,177.0,69.0,84.0,1.01e+17,1.01e+16,-1.1100000000000002e+17,1.12e+16,-1.1499999999999998e+17,-1.06e+16,anss,,slab_interface,28.3542671204
C201003050334A,2010-03-05T03:34:28,-71.877182,-34.563802,11.0094,5.4,mwc,relocated,relocated,relocated,,1.0,38.0,-77.0,165.0,53.0,-100.0,-1.48e+17,-3.67e+16,1.85e+17,-2.24e+16,4.2e+16,-3.07e+16,anss,,forearc,38.3177680969
C201003050355A,2010-03-05T03:55:14,-71.88318,-34.612959,11.1325,5.3,mwc,relocated,relocated,relocated,,319.0,75.0,177.0,50.0,87.0,15.0,-600000000000000.0,-8.98e+16,9.04e+16,1.53e+16,2.09e+16,1.3800000000000002e+16,anss,,forearc,39.1373329163
C201003050736A,2010-03-05T07:36:42,-73.227485,-35.279887,70.5706,5.1,mwc,relocated,relocated,relocated,,266.0,50.0,-3.0,358.0,88.0,-140.0,-6370000000000000.0,-3870000000000000.0,1.02e+16,-4300000000000000.0,-3.38e+16,4.1e+16,anss,,intra_slab,15.2871437073
20100305091936,2010-03-05T09:19:39,-73.564601,-36.573504,6.5931,6.1,mwc,relocated,relocated,relocated,,11.0,8.0,116.0,164.0,83.0,87.0,4.6e+17,6.3e+16,-5.23e+17,5.21e+17,-1.83e+18,3.8e+16,anss,gcmt:C201003050919A,forearc,21.3021831512
C201003051031A,2010-03-05T10:31:23,-73.64,-37.56,37.1,5.2,mwc,,,10.7,,358.0,28.0,97.0,171.0,62.0,86.0,7.25e+16,-4100000000000000.0,-6.840000000000001e+16,1.02e+16,-4.64e+16,5800000000000000.0,anss,,slab_interface,23.3978347778
C201003051147A,2010-03-05T11:47:06,-73.91771,-36.681722,21.8817,6.6,mwc,relocated,relocated,relocated,,9.0,16.0,98.0,180.0,74.0,88.0,5.18e+18,9e+16,-5.28e+18,4e+16,-8.6e+18,-4.1e+17,anss,,slab_interface,15.7314138412
C201003061519A,2010-03-06T15:19:07,-73.71,-37.43,35.0,5.2,mwc,,,,,28.0,19.0,112.0,185.0,72.0,83.0,4.24e+16,3449999999999999.5,-4.58e+16,-3300000000000000.0,-6.39e+16,-1.42e+16,anss,,intra_slab,22.103181839
C201003070446A,2010-03-07T04:46:31,-72.038943,-33.160794,20.9997,5.1,mwc,relocated,relocated,relocated,,7.0,26.0,92.0,185.0,64.0,89.0,4.3e+16,-1390000000000000.0,-4.17e+16,-2080000000000000.0,-3.31e+16,-4210000000000000.0,anss,,slab_interface,20.6993484497
C201003071559A,2010-03-07T15:59:44,-73.561099,-38.091082,45.5132,5.9,mwc,relocated,relocated,relocated,,348.0,12.0,84.0,174.0,78.0,91.0,3.02e+17,4.16e+16,-3.44e+17,7.28e+16,-7.2e+17,5.96e+16,anss,,intra_slab,27.7450561523
C201003071836A,2010-03-07T18:36:00,-72.084994,-34.594058,32.9658,5.3,mwc,relocated,relocated,relocated,,24.0,27.0,114.0,177.0,65.0,78.0,7.07e+16,1.61e+16,-8.68e+16,8400000000000002.0,-6.58e+16,-1.62e+16,anss,,slab_interface,32.2626190186
C201003072200A,2010-03-07T22:00:35,-72.051132,-34.124913,31.3814,5.2,mwc,relocated,relocated,relocated,,26.0,42.0,113.0,176.0,52.0,71.0,6.21e+16,9780000000000000.0,-7.18e+16,1.23e+16,-1.54e+16,-1.66e+16,anss,,slab_interface,27.1767578125
C201003072346A,2010-03-07T23:46:57,-73.276893,-36.165908,19.2263,5.1,mwc,relocated,relocated,relocated,,26.0,21.0,-119.0,237.0,72.0,-80.0,-2.82e+16,1.24e+16,1.58e+16,3.48e+16,1.98e+16,1.76e+16,anss,,forearc,23.7265148163
C201003081303A,2010-03-08T13:03:43,-73.82,-34.53,34.7,5.1,mwc,,,16.9,,38.0,41.0,-97.0,228.0,49.0,-84.0,-5.85e+16,2.7400000000000004e+16,3.12e+16,9600000000000000.0,2640000000000000.0,2.79e+16,anss,,outer_rise,
C201003081750A,2010-03-08T17:50:45,-71.64,-32.6,23.8,5.3,mwc,,,,,360.0,28.0,108.0,159.0,63.0,81.0,9.06e+16,-3300000000000000.0,-8.73e+16,3.22e+16,-5.92e+16,1.57e+16,anss,,slab_interface,32.3235321045
C201003081808A,2010-03-08T18:08:01,-71.61,-32.61,22.4,5.3,mwc,,,,,353.0,26.0,89.0,175.0,64.0,91.0,8.04e+16,-600000000000000.0,-7.98e+16,5300000000000000.0,-6.19e+16,8699999999999998.0,anss,,forearc,34.1910362244
20100309221041,2010-03-09T22:10:51,-72.879622,-33.92758,4.827,5.1,mwc,relocated,relocated,relocated,,358.0,22.0,76.0,193.0,69.0,96.0,3.84e+16,-550000000000000.0,-3.78e+16,-1.15e+16,-3.95e+16,-3610000000000000.0,anss,gcmt:C201003092210A,slab_interface,9.49178886414
C201003100241A,2010-03-10T02:41:49,-72.942758,-36.95909,50.0743,5.2,mwc,relocated,relocated,relocated,,19.0,32.0,107.0,178.0,60.0,80.0,6.2e+16,4680000000000000.0,-6.67e+16,6870000000000001.0,-3.63e+16,-1.04e+16,anss,,intra_slab,38.5004844666
C201003100401A,2010-03-10T04:01:48,-73.68,-37.16,36.6,5.1,mwc,,,9.8,,15.0,12.0,109.0,176.0,78.0,86.0,2.62e+16,890000000000000.0,-2.71e+16,4950000000000000.0,-6.09e+16,-2790000000000000.5,anss,,slab_interface,21.0946025848
C201003100845A,2010-03-10T08:45:23,-74.027047,-35.117687,40.3926,5.1,mwc,relocated,relocated,relocated,,48.0,34.0,-59.0,192.0,61.0,-109.0,-4.26e+16,1.05e+16,3.21e+16,-4200000000000000.0,2.81e+16,1.98e+16,anss,,outer_rise,
C201003101220A,2010-03-10T12:20:58,-72.3,-33.56,35.0,5.6,mwc,,,,,47.0,6.0,122.0,195.0,85.0,87.0,5.759999999999999e+16,-6600000000000000.0,-5.1e+16,-9.03e+16,-3.37e+17,-3.57e+16,anss,,intra_slab,16.5070648193
C201003101600A,2010-03-10T16:00:52,-74.91,-38.09,22.9,5.1,mwc,,,25.4,,344.0,55.0,-152.0,237.0,67.0,-38.0,-2.66e+16,-2.02e+16,4.68e+16,2.9900000000000004e+16,-560000000000000.0,2.96e+16,anss,,outer_rise,
C201003111439A,2010-03-11T14:39:44,-71.89,-34.29,11.0,6.9,mwc,,,,,324.0,35.0,-90.0,144.0,55.0,-90.0,-2.33e+19,8.58e+18,1.47e+19,-4.69e+18,6.43e+18,-9.55e+18,anss,,forearc,34.5272293091
C201003111455A,2010-03-11T14:55:27,-72.34745,-34.222249,22.6935,7.0,mwc,relocated,relocated,relocated,,16.0,6.0,-53.0,159.0,86.0,-93.0,-5.9e+18,2.4e+17,5.659999999999999e+18,-1.27e+19,3.2e+19,2.7e+17,anss,,intra_slab,20.400384903
C201003112011A,2010-03-11T20:11:20,-72.050695,-34.408577,10.7916,5.6,mwc,relocated,relocated,relocated,,3.0,44.0,-61.0,146.0,52.0,-115.0,-3.27e+17,1.48e+16,3.12e+17,-1.41e+17,7199999999999999.0,-8.64e+16,anss,,forearc,30.960111618
C201003112234A,2010-03-11T22:34:03,-73.65,-37.71,24.5,5.3,mwc,,,1.5,,351.0,20.0,82.0,180.0,70.0,93.0,7.95e+16,-8599999999999998.0,-7.09e+16,-2200000000000000.0,-8.91e+16,5900000000000000.0,anss,,slab_interface,23.9117565155
C201003121032A,2010-03-12T10:32:35,-73.79,-37.69,35.0,5.1,mwc,,,,,348.0,18.0,71.0,188.0,73.0,96.0,3.11e+16,-3370000000000000.0,-2.77e+16,-8159999999999998.0,-4.09e+16,1820000000000000.0,anss,,intra_slab,21.0166358948
C201003121650A,2010-03-12T16:50:01,-72.067622,-34.316248,28.228,5.7,mwc,relocated,relocated,relocated,,342.0,40.0,-87.0,158.0,50.0,-92.0,-3.95e+17,2.49e+16,3.7e+17,-3.81e+16,6.830000000000001e+16,-1.47e+17,anss,,forearc,29.6160202026
C201003130315A,2010-03-13T03:15:01,-73.61,-36.69,15.0,5.3,mwc,,,,,2.0,23.0,88.0,183.0,67.0,91.0,8.29e+16,-8000000000000000.0,-7.49e+16,-5400000000000000.0,-7.64e+16,-2800000000000000.0,anss,,slab_interface,21.1065063477
C201003130319A,2010-03-13T03:19:07,-73.594652,-36.667549,31.6994,5.4,mwc,relocated,relocated,relocated,,10.0,19.0,102.0,177.0,72.0,86.0,1.02e+17,-9100000000000000.0,-9.29e+16,1.16e+16,-1.32e+17,-6500000000000000.0,anss,,intra_slab,20.8467559814
C201003130712A,2010-03-13T07:12:03,-71.995987,-34.397626,0.1557,5.1,mwc,relocated,relocated,relocated,,345.0,45.0,-81.0,152.0,46.0,-99.0,-4.51e+16,-2570000000000000.0,4.769999999999999e+16,-3890000000000000.0,-330000000000000.0,-2.33e+16,anss,,forearc,32.5734825134
C201003131034A,2010-03-13T10:34:43,-74.082478,-37.610073,1.556,5.8,mwc,relocated,relocated,relocated,,7.0,19.0,102.0,175.0,71.0,86.0,3.56e+17,1.16e+16,-3.67e+17,5.39e+16,-4.62e+17,-6100000000000000.0,anss,,forearc,15.6854705811
C201003131522A,2010-03-13T15:22:35,-71.703115,-34.58103,44.0496,5.2,mwc,relocated,relocated,relocated,,10.0,29.0,-75.0,172.0,62.0,-99.0,-6.979999999999999e+16,-6100000000000000.0,7.59e+16,-1.19e+16,4.63e+16,500000000000000.0,anss,,forearc,46.8708305359
C201003132020A,2010-03-13T20:20:26,-73.7,-36.83,37.3,5.3,mwc,,,10.9,,346.0,12.0,79.0,177.0,79.0,92.0,4.17e+16,500000000000000.0,-4.22e+16,3800000000000000.0,-1e+17,6100000000000000.0,anss,,slab_interface,19.892993927
C201003140731A,2010-03-14T07:31:25,-72.034834,-34.275043,21.8668,5.2,mwc,relocated,relocated,relocated,,341.0,34.0,-116.0,191.0,59.0,-73.0,-6.810000000000001e+16,-2400000000000000.0,7.05e+16,1.94e+16,3.3800000000000004e+16,-5600000000000000.0,anss,,forearc,29.6160202026
C201003141352A,2010-03-14T13:52:22,-74.300752,-38.471441,3.695,5.5,mwc,relocated,relocated,relocated,,281.0,25.0,-26.0,35.0,79.0,-113.0,-6.989999999999999e+16,9.46e+16,-2.47e+16,-7.21e+16,-1.49e+17,4.25e+16,anss,,forearc,14.560716629
C201003142004A,2010-03-14T20:04:51,-74.271584,-38.503359,25.603,5.4,mwc,relocated,relocated,relocated,,228.0,23.0,-60.0,15.0,71.0,-102.0,-1.16e+17,3.47e+16,8.13e+16,-2.15e+16,-1.3700000000000002e+17,5.31e+16,anss,,intra_slab,15.4495429993
C201003151108A,2010-03-15T11:08:29,-74.748385,-35.8195,197.3702,6.2,mwc,relocated,relocated,relocated,,21.0,15.0,103.0,187.0,76.0,87.0,1.15e+18,-3.2e+16,-1.12e+18,-2.45e+17,-2.11e+18,-2.86e+17,anss,,outer_rise,
C201003160221A,2010-03-16T02:21:57,-73.26,-36.22,18.0,6.6,mwc,,,,,12.0,14.0,107.0,175.0,77.0,86.0,4.94e+18,2.9e+17,-5.23e+18,1.14e+18,-1.03e+19,-2.8e+17,anss,,slab_interface,25.354681015
C201003160304A,2010-03-16T03:04:40,-73.07,-36.4,42.3,5.9,mwc,,,8.2,,19.0,14.0,112.0,177.0,77.0,85.0,3.73e+17,-9100000000000000.0,-3.64e+17,5.93e+16,-7.35e+17,-5.580000000000001e+16,anss,,slab_interface,32.2294807434
C201003171738A,2010-03-17T17:38:33,-72.57,-43.84,10.0,5.4,mwc,,,,,191.0,68.0,-178.0,100.0,88.0,-22.0,-9300000000000000.0,6.34e+16,-5.41e+16,-6.19e+16,1.26e+16,1.47e+17,anss,,crustal_intraarc_shallow,
C201003171829A,2010-03-17T18:29:37,-73.04,-35.44,22.1,5.1,mwc,,,,,27.0,24.0,106.0,190.0,67.0,83.0,4.03e+16,-2590000000000000.0,-3.77e+16,-4750000000000000.0,-3.97e+16,-1.34e+16,anss,,slab_interface,20.6433200836
C201003180157A,2010-03-18T01:57:31,-73.035819,-36.668901,41.6022,5.2,mwc,relocated,relocated,relocated,,340.0,8.0,63.0,188.0,83.0,94.0,2e+16,4840000000000000.0,-2.48e+16,-1.2e+16,-8.35e+16,1750000000000000.0,anss,,slab_interface,34.0215759277
C201003180318A,2010-03-18T03:18:25,-71.82,-34.34,43.1,5.1,mwc,,,,,35.0,21.0,-54.0,177.0,73.0,-103.0,-3.44e+16,6860000000000001.0,2.75e+16,-8330000000000000.0,4.51e+16,1.01e+16,anss,,intra_slab,38.8510398865
C201003180932A,2010-03-18T09:32:21,-72.83,-44.18,4.4,5.2,mwc,,,,,186.0,72.0,171.0,279.0,81.0,18.0,-8110000000000002.0,2.69e+16,-1.88e+16,-3.39e+16,-1.66e+16,8.210000000000002e+16,anss,,crustal_intraarc_shallow,
C201003190255A,2010-03-19T02:55:53,-72.17,-33.53,26.9,5.2,mwc,,,11.9,,13.0,18.0,99.0,184.0,72.0,87.0,4.43e+16,-2770000000000000.0,-4.15e+16,-2190000000000000.0,-5.87e+16,-6150000000000000.0,anss,,slab_interface,19.8464393616
C201003190854A,2010-03-19T08:54:44,-73.47,-35.54,14.4,5.5,mwc,,,,,27.0,10.0,118.0,178.0,81.0,85.0,5.88e+16,3500000000000000.5,-6.22e+16,8000000000000000.0,-1.84e+17,-1.46e+16,anss,,slab_interface,14.7417449951
C201003191420A,2010-03-19T14:20:47,-72.11,-33.25,35.0,5.2,mwc,,,,,20.0,16.0,110.0,178.0,75.0,84.0,3.47e+16,-3070000000000000.0,-3.16e+16,3730000000000000.0,-5.89e+16,-5510000000000000.0,anss,,intra_slab,19.7356300354
C201003211831A,2010-03-21T18:31:04,-73.16,-36.35,36.3,5.5,mwc,,,7.1,,11.0,25.0,113.0,166.0,67.0,79.0,1.72e+17,2.16e+16,-1.94e+17,5.460000000000001e+16,-1.6e+17,7800000000000000.0,anss,,slab_interface,29.1667041779
C201003240005A,2010-03-24T00:05:14,-73.56,-37.15,19.1,5.1,mwc,,,24.3,,12.0,14.0,106.0,176.0,77.0,86.0,3.09e+16,-2490000000000000.0,-2.84e+16,5550000000000000.0,-5.76e+16,-2390000000000000.0,anss,,slab_interface,24.0226802826
C201003251110A,2010-03-25T11:10:41,-72.98,-35.86,35.0,5.3,mwc,,,,,21.0,14.0,103.0,187.0,76.0,87.0,5.36e+16,-5000000000000000.0,-4.85e+16,-1.07e+16,-1.01e+17,-1.19e+16,anss,,slab_interface,27.2925376892
C201003261452A,2010-03-26T14:52:11,-71.31,-28.11,41.4,6.1,mw,0.01,0.01,0.2,,176.0,38.0,70.0,21.0,54.0,105.0,1.59e+18,9.4e+16,-1.69e+18,4.2e+17,4.26e+17,-2.8100000000000003e+17,gcmt,,intra_slab,22.7779006958
C201003281436A,2010-03-28T14:36:34,-73.45,-36.14,35.0,5.2,mwc,,,,,6.0,16.0,92.0,183.0,74.0,89.0,3.84e+16,3480000000000000.0,-4.19e+16,-3610000000000000.0,-6.37e+16,-3650000000000000.0,anss,,intra_slab,20.4923763275
C201003282138A,2010-03-28T21:38:28,-73.39,-35.39,29.9,6.0,mwc,,,,,28.0,16.0,112.0,185.0,75.0,84.0,5.14e+17,2.1e+16,-5.35e+17,-6.1e+16,-9.6e+17,-1.64e+17,anss,,intra_slab,14.0388622284
C201003282143A,2010-03-28T21:43:13,-72.9,-35.41,21.5,5.6,mwc,,,2.8,,7.0,16.0,86.0,191.0,74.0,91.0,1.76e+17,1000000000000000.0,-1.77e+17,-5.600000000000001e+16,-2.83e+17,-2.85e+16,anss,,slab_interface,23.0968894958
C201003290735A,2010-03-29T07:35:06,-71.93,-34.88,34.1,5.3,mwc,,,,,36.0,29.0,127.0,175.0,67.0,71.0,6.979999999999999e+16,1.62e+16,-8.6e+16,1.49e+16,-6.969999999999999e+16,-2.57e+16,anss,,forearc,42.5598182678
C201004011253A,2010-04-01T12:53:07,-71.82,-34.65,11.8,5.1,mwc,,,5.0,,195.0,58.0,-142.0,82.0,59.0,-39.0,-3.2400000000000004e+16,2.1e+16,1.15e+16,-2.36e+16,2.53e+16,4.05e+16,anss,,forearc,43.7777023315
C201004011943A,2010-04-01T19:43:02,-72.354372,-34.219962,20.2453,5.1,mwc,relocated,relocated,relocated,,352.0,16.0,89.0,173.0,74.0,90.0,2.84e+16,7840000000000000.0,-3.62e+16,6490000000000000.0,-5.269999999999999e+16,5880000000000000.0,anss,,slab_interface,20.400384903
C201004022258A,2010-04-02T22:58:07,-73.137004,-36.221157,30.2806,6.0,mwc,relocated,relocated,relocated,,17.0,15.0,101.0,186.0,75.0,87.0,5.22e+17,5.1e+16,-5.73e+17,-9.3e+16,-9.79e+17,-1.22e+17,anss,,slab_interface,27.773771286
C201004092223A,2010-04-09T22:23:02,-68.254951,-28.688099,92.4075,5.7,mwc,relocated,relocated,relocated,,314.0,47.0,-117.0,170.0,49.0,-64.0,-4.57e+17,5.41e+16,4.03e+17,1.25e+17,8.65e+16,-2.58e+17,anss,,slab_deep,91.2452087402
C201004162241A,2010-04-16T22:41:32,-74.192448,-37.477249,13.8885,5.6,mwc,relocated,relocated,relocated,,360.0,15.0,90.0,180.0,75.0,90.0,1.76e+17,-1000000000000000.0,-1.75e+17,1000000000000000.0,-2.97e+17,899999999999999.9,anss,,slab_interface,13.9791822433
C201004162315A,2010-04-16T23:15:27,-74.542692,-37.57963,12.0545,5.7,mwc,relocated,relocated,relocated,,31.0,15.0,115.0,185.0,77.0,84.0,2.03e+17,-800000000000000.0,-2.02e+17,-2.37e+16,-4.13e+17,-6.889999999999999e+16,anss,,slab_interface,9.80774307251
C201004180149A,2010-04-18T01:49:38,-73.77414,-37.550727,1.6508,5.6,mwc,relocated,relocated,relocated,,4.0,19.0,93.0,180.0,71.0,89.0,1.73e+17,500000000000000.0,-1.74e+17,1200000000000000.0,-2.25e+17,-5600000000000000.0,anss,,forearc,21.4803943634
C201004180252A,2010-04-18T02:52:18,-74.017851,-37.361559,22.3979,5.1,mwc,relocated,relocated,relocated,,348.0,33.0,74.0,187.0,59.0,100.0,4.7e+16,-3810000000000000.0,-4.32e+16,-8320000000000000.0,-2.22e+16,2210000000000000.0,anss,,slab_interface,16.6061191559
20100419073248,2010-04-19T07:32:48,-74.467773,-37.507176,5.8024,5.2,mwc,relocated,relocated,relocated,,353.0,20.0,93.0,170.0,70.0,89.0,4.42e+16,-540000000000000.0,-4.37e+16,9560000000000000.0,-5.32e+16,6510000000000000.0,anss,gcmt:C201004190732A,slab_interface,10.7494106293
C201004231003A,2010-04-23T10:03:06,-72.89,-37.54,32.0,6.0,mwc,,,,,7.0,14.0,141.0,135.0,81.0,79.0,3.5e+17,5.7e+16,-4.07e+17,8.57e+17,-8.05e+17,2.05e+17,anss,,forearc,43.0034255981
C201004290756A,2010-04-29T07:56:34,-73.61,-36.86,35.0,5.1,mwc,,,,,4.0,27.0,92.0,182.0,63.0,89.0,4.4e+16,-3110000000000000.0,-4.09e+16,-830000000000000.0,-3.09e+16,-2290000000000000.0,anss,,intra_slab,21.8194828033
C201005021452A,2010-05-02T14:52:39,-72.158997,-34.298177,19.8397,5.9,mwc,relocated,relocated,relocated,,26.0,25.0,-36.0,149.0,76.0,-110.0,-4.18e+17,-1.93e+17,6.12e+17,-4.71e+17,6.57e+17,-4.5e+16,anss,,forearc,26.6495933533
C201005031839A,2010-05-03T18:39:44,-74.393773,-37.474305,101.6724,5.4,mwc,relocated,relocated,relocated,,6.0,16.0,92.0,183.0,74.0,89.0,8.09e+16,-300000000000000.0,-8.05e+16,-6800000000000000.0,-1.3e+17,-6300000000000000.0,anss,,intra_slab,11.2479829788
pde20100503230944790_19,2010-05-03T23:09:44,-74.458231,-38.198817,24.6114,6.3,mwc,relocated,relocated,relocated,,185.0,75.0,90.0,5.0,15.0,90.0,1.09e+18,4e+16,-1.13e+18,6.6e+16,-2.02e+18,4.6e+16,anss,gcmt:C201005032309A,intra_slab,11.9827814102
C201005041355A,2010-05-04T13:55:06,-72.365883,-34.159307,22.4254,5.2,mwc,relocated,relocated,relocated,,25.0,26.0,107.0,187.0,66.0,82.0,5.37e+16,3160000000000000.0,-5.69e+16,-2930000000000000.0,-4.95e+16,-1.76e+16,anss,,slab_interface,19.9076862335
C201005051524A,2010-05-05T15:24:10,-73.520269,-35.713061,63.1981,5.4,mwc,relocated,relocated,relocated,,19.0,14.0,106.0,182.0,76.0,86.0,6.850000000000001e+16,3400000000000000.0,-7.2e+16,-3900000000000000.0,-1.3799999999999998e+17,-1.3700000000000002e+16,anss,,intra_slab,15.3919038773
C201005090329A,2010-05-09T03:29:38,-72.238481,-34.014602,33.6523,5.0,mwc,relocated,relocated,relocated,,14.0,22.0,112.0,170.0,70.0,81.0,2.97e+16,1670000000000000.0,-3.14e+16,8129999999999998.0,-3.37e+16,-1020000000000000.0,anss,,intra_slab,20.8200473785
C201005132039A,2010-05-13T20:39:15,-72.433065,-34.242808,14.9252,5.2,mwc,relocated,relocated,relocated,,11.0,27.0,117.0,161.0,67.0,77.0,3.68e+16,3.16e+16,-6.83e+16,1.17e+16,-4.53e+16,1.42e+16,anss,,slab_interface,18.6886024475
C201005211852A,2010-05-21T18:52:12,-71.64,-34.52,37.2,5.3,mwc,,,,,25.0,38.0,-91.0,206.0,52.0,-90.0,-1.1299999999999998e+17,1.7399999999999998e+16,9.58e+16,1.29e+16,2.53e+16,4.93e+16,anss,,forearc,47.1581726074
C201005242357A,2010-05-24T23:57:31,-73.632114,-36.465928,45.2085,5.3,mwc,relocated,relocated,relocated,,19.0,19.0,111.0,177.0,73.0,83.0,4.93e+16,9900000000000000.0,-5.92e+16,5800000000000000.0,-7.68e+16,-7700000000000000.0,anss,,intra_slab,18.7195262909
C201005251309A,2010-05-25T13:09:26,-72.89,-37.62,34.8,5.3,mwc,,,,,348.0,26.0,99.0,158.0,64.0,86.0,8.76e+16,-1900000000000000.0,-8.57e+16,2.94e+16,-6.55e+16,2.8000000000000004e+16,anss,,slab_interface,43.2937889099
C201006011605A,2010-06-01T16:05:29,-73.305474,-37.239201,25.9159,5.1,mwc,relocated,relocated,relocated,,355.0,21.0,81.0,184.0,70.0,93.0,3.81e+16,3880000000000000.0,-4.2e+16,-4270000000000000.0,-4.59e+16,190000000000000.0,anss,,slab_interface,29.9819011688
C201006120351A,2010-06-12T03:51:53,-71.35,-28.38,34.3,5.2,mwc,,,,,256.0,54.0,143.0,10.0,61.0,43.0,3.84e+16,-1.95e+16,-1.89e+16,-4.230000000000001e+16,4.7e+16,-3.71e+16,anss,,intra_slab,24.167881012
C201006241324A,2010-06-24T13:24:09,-74.00884,-37.100601,3.85,5.0,mwc,relocated,relocated,relocated,,12.0,24.0,102.0,178.0,66.0,85.0,3.19e+16,-3730000000000000.0,-2.82e+16,2980000000000000.0,-2.78e+16,-2550000000000000.0,anss,,forearc,15.831199646
C201006270715A,2010-06-27T07:15:51,-72.511596,-37.43747,131.2827,5.0,mwc,relocated,relocated,relocated,,6.0,22.0,92.0,184.0,68.0,89.0,2.53e+16,-30000000000000.0,-2.53e+16,-1600000000000000.0,-2.63e+16,-2160000000000000.0,anss,,intra_slab,57.965549469
C201006280059A,2010-06-28T00:59:47,-75.22396,-37.8351,47.8074,5.6,mwc,relocated,relocated,relocated,,41.0,39.0,-59.0,184.0,57.0,-113.0,-2.53e+17,-2.88e+16,2.82e+17,-3.3600000000000004e+16,1.2e+17,1.43e+17,anss,,outer_rise,
C201006290140A,2010-06-29T01:40:00,-74.062079,-37.691053,22.4704,5.5,mwc,relocated,relocated,relocated,,330.0,27.0,126.0,110.0,69.0,73.0,1.56e+17,-9.83e+16,-5.719999999999999e+16,1.67e+17,-3.68e+16,1.04e+17,anss,,slab_interface,16.7110652924
C201007030005A,2010-07-03T00:05:06,-71.658835,-34.711852,52.1185,5.1,mwc,relocated,relocated,relocated,,43.0,39.0,124.0,183.0,58.0,66.0,4.86e+16,-4760000000000000.0,-4.39e+16,1.31e+16,-2.5e+16,-2.13e+16,anss,,intra_slab,50.7427215576
C201007092257A,2010-07-09T22:57:17,-75.59,-46.06,14.9,5.3,mwc,,,3.9,,79.0,59.0,-176.0,347.0,86.0,-31.0,-1700000000000000.0,3.74e+16,-3.57e+16,800000000000000.0,-5.37e+16,-7.7e+16,anss,,unclassified,
pde20100714083221490_22,2010-07-14T08:32:21,-74.139395,-38.092178,17.1505,6.6,mwc,relocated,relocated,relocated,,180.0,75.0,90.0,360.0,15.0,90.0,3.15e+18,1.1e+17,-3.26e+18,5e+16,-1.03e+19,-2e+17,anss,gcmt:C201007140832A,slab_interface,16.129863739
C201007141505A,2010-07-14T15:05:50,-73.860683,-38.300538,24.0116,5.8,mwc,relocated,relocated,relocated,,353.0,14.0,88.0,175.0,76.0,91.0,2.4e+17,1.83e+16,-2.59e+17,3.84e+16,-4.77e+17,2.83e+16,anss,,slab_interface,22.1658782959
C201007150036A,2010-07-15T00:36:02,-72.361979,-34.163246,17.6357,5.4,mwc,relocated,relocated,relocated,,18.0,24.0,121.0,164.0,70.0,77.0,8.34e+16,4.49e+16,-1.28e+17,3.21e+16,-1.1399999999999998e+17,9000000000000000.0,anss,,slab_interface,19.9076862335
C201008050601A,2010-08-05T06:01:47,-73.971031,-37.504182,40.0708,5.9,mwc,relocated,relocated,relocated,,6.0,13.0,97.0,179.0,78.0,88.0,3.63e+17,1.48e+16,-3.78e+17,2.1e+16,-7.94e+17,-1.64e+16,anss,,intra_slab,17.8246212006
C201008050627A,2010-08-05T06:27:16,-73.959651,-37.492022,43.6845,5.4,mwc,relocated,relocated,relocated,,355.0,30.0,86.0,180.0,60.0,92.0,1.54e+17,-1.48e+16,-1.3899999999999998e+17,-3900000000000000.0,-8.65e+16,5800000000000000.0,anss,,intra_slab,17.8246212006
C201008150750A,2010-08-15T07:50:36,-71.23056,-36.97822,20.9581,5.2,mwc,relocated,relocated,relocated,,290.0,58.0,-9.0,25.0,82.0,-148.0,-1.84e+16,6.08e+16,-4.24e+16,-1.49e+16,-4.18e+16,5.540000000000001e+16,anss,,crustal_intraarc_shallow,
C201009060320A,2010-09-06T03:20:46,-73.42,-37.78,39.3,5.0,mwc,,,,,19.0,28.0,114.0,173.0,65.0,78.0,2.21e+16,1.45e+16,-3.66e+16,2520000000000000.0,-2.33e+16,-2340000000000000.0,anss,,slab_interface,29.8366584778
pde20100909072801720_16,2010-09-09T07:28:01,-74.404895,-37.057302,28.9557,6.2,mwb,relocated,relocated,relocated,,175.0,85.0,90.0,355.0,5.0,90.0,1.08e+18,3.8e+16,-1.12e+18,-5e+16,-2.03e+18,-1.31e+17,anss,gcmt:C201009090728A,intra_slab,10.376999855
C201009122108A,2010-09-12T21:08:42,-71.79,-29.43,60.0,5.2,mwc,,,,,72.0,64.0,179.0,162.0,89.0,26.0,2.73e+16,3.23e+16,-5.97e+16,-9710000000000000.0,-3.86e+16,-5.42e+16,anss,,intra_slab,19.5405311584
C201009131644A,2010-09-13T16:44:47,-70.26,-31.85,100.9,5.1,mwc,,,,,260.0,68.0,15.0,165.0,76.0,158.0,1.04e+16,-2.59e+16,1.55e+16,-6760000000000000.0,-2.05e+16,4.49e+16,anss,,slab_deep,90.3322906494
C201009140323A,2010-09-14T03:23:37,-74.320752,-37.121283,16.2116,5.2,mwc,relocated,relocated,relocated,,359.0,19.0,83.0,186.0,71.0,92.0,5.610000000000001e+16,1799999999999999.8,-5.789999999999999e+16,-9000000000000000.0,-7.1e+16,-2800000000000000.0,anss,,slab_interface,11.6758384705
C201009140337A,2010-09-14T03:37:05,-74.39,-37.52,13.3,5.1,mwc,,,,,352.0,19.0,76.0,187.0,72.0,95.0,3.34e+16,-1530000000000000.0,-3.19e+16,-6560000000000000.0,-4.34e+16,680000000000000.0,anss,,slab_interface,11.3417339325
C201009170652A,2010-09-17T06:52:43,-74.335783,-37.494342,15.371,5.1,mwc,relocated,relocated,relocated,,341.0,16.0,71.0,181.0,75.0,95.0,2.92e+16,-1190000000000000.0,-2.8e+16,-2620000000000000.0,-4.79e+16,4550000000000000.0,anss,,slab_interface,11.9617385864
C201009200325A,2010-09-20T03:25:35,-66.64,-28.34,198.2,5.1,mw,0.02,0.02,2.5,,86.0,51.0,171.0,182.0,83.0,40.0,-4390000000000000.0,-7570000000000000.0,1.2e+16,3.17e+16,-4.37e+16,-4.33e+16,gcmt,,slab_deep,126.789657593
C201009200542A,2010-09-20T05:42:56,-72.247227,-33.772753,30.4847,5.1,mwc,relocated,relocated,relocated,,348.0,22.0,78.0,182.0,69.0,95.0,3.71e+16,-470000000000000.0,-3.66e+16,-2819999999999999.5,-4.07e+16,3260000000000000.0,anss,,intra_slab,18.7931900024
C201009231636A,2010-09-23T16:36:18,-71.891567,-34.975183,48.8961,5.4,mwc,relocated,relocated,relocated,,19.0,30.0,113.0,173.0,63.0,78.0,1.05e+17,1.32e+16,-1.18e+17,1.97e+16,-7.69e+16,-1.3e+16,anss,,slab_interface,46.3733024597
C201009260529A,2010-09-26T05:29:51,-73.175222,-40.587293,66.4275,5.0,mwc,relocated,relocated,relocated,,126.0,43.0,103.0,289.0,48.0,78.0,3.86e+16,-3.8e+16,-600000000000000.0,-5679999999999999.0,-1780000000000000.0,2.61e+16,anss,,intra_slab,53.2418403625
C201009291629A,2010-09-29T16:29:49,-71.855239,-34.812376,49.8928,5.1,mwc,relocated,relocated,relocated,,62.0,42.0,134.0,190.0,61.0,58.0,3.32e+16,-6310000000000000.0,-2.69e+16,5970000000000000.0,-2.2e+16,-2.83e+16,anss,,intra_slab,44.5325584412
C201009300026A,2010-09-30T00:26:10,-74.259712,-36.570073,97.7926,5.6,mwc,relocated,relocated,relocated,,9.0,17.0,98.0,180.0,73.0,87.0,1.65e+17,100000000000000.0,-1.65e+17,2800000000000000.0,-2.41e+17,-1.29e+16,anss,,intra_slab,10.3579034805
C201010210249A,2010-10-21T02:49:56,-73.924758,-34.871316,109.2351,5.9,mwc,relocated,relocated,relocated,,2.0,45.0,-136.0,237.0,60.0,-54.0,-5.83e+17,-4e+16,6.23e+17,2.84e+17,1.15e+17,6.38e+17,anss,,outer_rise,
C201010230138A,2010-10-23T01:38:14,-71.249897,-29.579467,45.0084,5.6,mwc,relocated,relocated,relocated,,9.0,33.0,82.0,199.0,57.0,95.0,2.3e+17,5.22e+16,-2.82e+17,-4.36e+16,-1.1000000000000002e+17,-9.06e+16,anss,,slab_interface,40.8129730225
C201010230558A,2010-10-23T05:58:27,-73.956654,-37.812517,34.7936,5.5,mwc,relocated,relocated,relocated,,31.0,16.0,123.0,177.0,76.0,81.0,1.08e+17,1.23e+16,-1.2e+17,1.92e+16,-2.15e+17,-3.09e+16,anss,,intra_slab,18.6356925964
C201010231057A,2010-10-23T10:56:59,-73.757715,-37.01563,25.2226,5.1,mwc,relocated,relocated,relocated,,31.0,29.0,110.0,188.0,63.0,79.0,3.89e+16,-1810000000000000.0,-3.71e+16,-550000000000000.0,-2.97e+16,-1.42e+16,anss,,slab_interface,19.612985611
C201010291411A,2010-10-29T14:11:51,-71.827631,-29.451348,38.8508,5.2,mwc,relocated,relocated,relocated,,313.0,31.0,36.0,192.0,72.0,116.0,4.29e+16,1.16e+16,-5.44e+16,-2.33e+16,-5.66e+16,2.38e+16,anss,,intra_slab,18.2505760193
pde20101031071040570_29,2010-10-31T07:10:42,-72.281989,-33.71608,14.8356,5.3,mwc,relocated,relocated,relocated,,4.0,20.0,94.0,180.0,70.0,89.0,6.24e+16,3700000000000000.0,-6.6e+16,1200000000000000.0,-7.72e+16,-1900000000000000.0,anss,gcmt:C201010310710A,slab_interface,17.3677577972
C201011100123A,2010-11-10T01:23:31,-73.36,-36.44,7.0,5.0,mwc,,,,,359.0,33.0,88.0,181.0,57.0,91.0,3.96e+16,-790000000000000.0,-3.88e+16,-920000000000000.0,-1.75e+16,-160000000000000.0,anss,,forearc,25.0499286652
C201011280819A,2010-11-28T08:19:47,-72.063465,-34.657025,37.7325,5.2,mwc,relocated,relocated,relocated,,40.0,24.0,-70.0,198.0,68.0,-99.0,-4.31e+16,2680000000000000.0,4.04e+16,1.25e+16,4.62e+16,2.61e+16,anss,,intra_slab,34.6786689758
C201012131851A,2010-12-13T18:51:05,-73.040687,-33.992691,6.0792,5.2,mwc,relocated,relocated,relocated,,38.0,28.0,-89.0,217.0,62.0,-90.0,-6.21e+16,2.17e+16,4.04e+16,2.63e+16,3.57e+16,3.34e+16,anss,,outer_rise,
pde20110102202017780_24,2011-01-02T20:20:17,-74.030172,-38.372621,2.7601,7.2,mww,relocated,relocated,relocated,,175.0,80.0,90.0,355.0,10.0,90.0,2.84e+19,-4.9e+17,-2.79e+19,2.7e+18,-5.66e+19,-5.7e+17,anss,gcmt:C201101022020A,forearc,18.5187969208
pde20110104225910000_110,2011-01-04T22:59:14,-69.653432,-29.18143,104.3074,5.3,mwc,relocated,relocated,relocated,,7.0,35.0,127.0,144.0,62.0,67.0,8.95e+16,-1100000000000000.0,-8.84e+16,5.77e+16,-3.23e+16,2.07e+16,anss,gcmt:C201101042259A,slab_deep,86.0582809448
pde20110107094219300_10,2011-01-07T09:42:23,-73.66,-35.87,12.3,5.4,mwc,,,,,22.0,21.0,107.0,184.0,70.0,83.0,8.7e+16,7000000000000000.0,-9.4e+16,-3000000000000000.0,-1.09e+17,-2.2e+16,anss,gcmt:C201101070942A,slab_interface,14.3384723663
pde20110107140537000_37,2011-01-07T14:05:40,-73.405511,-35.998974,93.1394,5.1,mwc,relocated,relocated,relocated,,26.0,37.0,90.0,206.0,53.0,90.0,6.92e+16,-2.43e+16,-4.49e+16,-8000000000000000.0,-1.51e+16,-1.33e+16,anss,gcmt:C201101071405A,intra_slab,20.1317367554
pde20110110060251950_24,2011-01-10T06:03:04,-73.545413,-35.651417,6.979,5.9,mwc,relocated,relocated,relocated,,12.0,14.0,85.0,196.0,76.0,91.0,5e+17,-2.5e+16,-4.75e+17,-2.66e+17,-8.85e+17,-1.2e+17,anss,gcmt:C201101100602A,slab_interface,14.1582345963
pde20110111010528210_30,2011-01-11T01:05:29,-73.79,-35.7,18.4,5.0,mwc,,,22.6,,29.0,23.0,95.0,204.0,67.0,88.0,2.78e+16,-6000000000000000.0,-2.18e+16,-1.07e+16,-2.51e+16,-1.08e+16,anss,gcmt:C201101110105A,slab_interface,11.1913661957
pde20110111053333860_35,2011-01-11T05:33:53,-73.427586,-35.716655,10.9478,5.1,mwc,relocated,relocated,relocated,,138.0,15.0,60.0,349.0,77.0,98.0,1.97e+16,4700000000000000.0,-2.44e+16,-9400000000000000.0,4.85e+16,1.4e+16,anss,gcmt:C201101110533A,forearc,16.2147064209
pde20110117232949000_65,2011-01-17T23:29:52,-71.354527,-30.32024,83.4699,5.0,mwc,relocated,relocated,relocated,,223.0,19.0,-34.0,345.0,79.0,-106.0,-1.2e+16,-1.11e+16,2.32e+16,8900000000000000.0,-3.71e+16,4700000000000000.0,anss,gcmt:C201101172329A,intra_slab,40.6391525269
pde20110121153609000_11,2011-01-21T15:36:14,-72.48,-34.03,27.6,5.0,mwc,,,,,347.0,25.0,69.0,190.0,66.0,99.0,2.54e+16,100000000000000.0,-2.55e+16,-6600000000000000.0,-2.24e+16,700000000000000.0,anss,gcmt:C201101211536A,intra_slab,15.9296703339
pde20110205161139680_28,2011-02-05T16:11:38,-74.053066,-37.751545,23.3287,5.8,mww,relocated,relocated,relocated,,14.0,12.0,102.0,181.0,77.0,87.0,2.55e+17,2.2e+16,-2.77e+17,-1e+16,-5.68e+17,-3.8e+16,anss,gcmt:C201102051611A,slab_interface,16.8361701965
C201102081303A,2011-02-08T13:03:34,-69.584561,-27.617663,75.3551,5.4,mw,relocated,relocated,relocated,,296.0,47.0,-169.0,199.0,82.0,-44.0,-3.11e+16,-6.19e+16,9.3e+16,3.6e+16,8.85e+16,-7.21e+16,gcmt,,slab_deep,82.7283325195
C201102100212A,2011-02-10T02:12:30,-70.305647,-27.614954,61.6047,5.2,mw,relocated,relocated,relocated,,341.0,70.0,21.0,244.0,71.0,158.0,2.69e+16,4.23e+16,-6.909999999999999e+16,-2.82e+16,1.03e+16,-5.540000000000001e+16,gcmt,,intra_slab,59.6257896423
choy20110211200530,2011-02-11T20:05:30,-73.662876,-36.741835,22.9166,6.9,mww,relocated,relocated,relocated,,180.0,77.0,86.0,17.0,14.0,107.0,9.99e+18,-3.3e+17,-9.66e+18,2.5e+17,-2.09e+19,-1.32e+18,anss,gcmt:C201102112005A,slab_interface,20.3735370636
pde20110211233921310_15,2011-02-11T23:39:23,-74.11,-37.45,16.4,5.9,mwb,,,,,11.0,16.0,98.0,183.0,74.0,88.0,6.3e+17,-3e+16,-5.9e+17,-3e+16,-1.01e+18,-7e+16,anss,gcmt:C201102112339A,slab_interface,15.325709343
pde20110212011701410_16,2011-02-12T01:17:05,-74.008787,-37.183747,35.3936,6.1,mwb,relocated,relocated,relocated,,12.0,15.0,98.0,183.0,75.0,88.0,6.1e+17,1e+16,-6.2e+17,-5e+16,-1.06e+18,-8e+16,anss,gcmt:C201102120117A,intra_slab,16.1609783173
pde20110213085134000_20,2011-02-13T08:51:37,-73.669427,-36.7186,24.8102,5.8,mwb,relocated,relocated,relocated,,13.0,11.0,101.0,182.0,79.0,88.0,3.28e+17,0.0,-3.28e+17,-1.6e+16,-8.14e+17,-4.1e+16,anss,gcmt:C201102130851A,slab_interface,20.1253681183
choy20110213103506,2011-02-13T10:35:06,-73.386521,-36.756993,36.106,6.0,mwc,relocated,relocated,relocated,,184.0,72.0,87.0,14.0,18.0,99.0,5.75e+17,4000000000000000.0,-5.8e+17,-4.8e+16,-8.04e+17,-8.2e+16,anss,gcmt:C201102131035A,intra_slab,25.6327800751
pde20110213134436450_18,2011-02-13T13:44:40,-73.74,-36.75,17.8,5.5,mwb,,,4.9,,9.0,15.0,95.0,184.0,75.0,89.0,1.72e+17,0.0,-1.71e+17,-1.7e+16,-2.99e+17,-1.9e+16,anss,gcmt:C201102131344A,slab_interface,18.513053894
choy20110214034009,2011-02-14T03:40:09,-73.673771,-35.515663,4.1811,6.7,mww,relocated,relocated,relocated,,189.0,73.0,85.0,26.0,18.0,106.0,5.600000000000001e+18,-2.3e+17,-5.37e+18,-1.27e+18,-9.05e+18,-1.7299999999999995e+18,anss,gcmt:C201102140340A,slab_interface,11.5729513168
pde20110214102127320_34,2011-02-14T10:21:27,-73.356623,-35.449118,2.8175,5.2,mwc,relocated,relocated,relocated,,13.0,18.0,107.0,175.0,73.0,85.0,4.52e+16,-2500000000000000.0,-4.27e+16,8100000000000000.0,-6.55e+16,-3700000000000000.0,anss,gcmt:C201102141021A,forearc,15.2913322449
pde20110214121830300_35,2011-02-14T12:18:25,-71.54,-35.65,12.8,5.2,mwc,,,,,211.0,21.0,-33.0,331.0,79.0,-108.0,-2.81e+16,-1.74e+16,4.54e+16,3.79e+16,-6.42e+16,-1600000000000000.0,anss,gcmt:C201102141218A,slab_deep,73.5183181763
pde20110218170058740_10,2011-02-18T17:01:03,-72.268924,-33.980287,11.8963,5.3,mwc,relocated,relocated,relocated,,14.0,20.0,105.0,178.0,71.0,85.0,5.8e+16,2700000000000000.0,-6.07e+16,5400000000000000.0,-7.39e+16,-6000000000000000.0,anss,gcmt:C201102181701A,slab_interface,20.8200473785
pde20110219062631000_15,2011-02-19T06:26:38,-72.267956,-34.039701,4.1571,5.2,mwc,relocated,relocated,relocated,,360.0,21.0,94.0,176.0,69.0,89.0,5.54e+16,5800000000000000.0,-6.12e+16,5500000000000000.0,-6.65e+16,2900000000000000.0,anss,gcmt:C201102190626A,forearc,21.2884426117
pde20110221053851050_36,2011-02-21T05:38:50,-72.55,-46.02,17.6,5.0,mwc,,,7.7,,271.0,32.0,-20.0,18.0,79.0,-121.0,-1.51e+16,1.94e+16,-4400000000000000.0,900000000000000.0,-3.72e+16,1.59e+16,anss,gcmt:C201102210538A,crustal_intraarc_shallow,
pde20110224043648000_33,2011-02-24T04:36:53,-73.82,-36.29,20.5,5.1,mwc,,,,,24.0,27.0,139.0,152.0,73.0,69.0,3.06e+16,6300000000000000.0,-3.69e+16,2.67e+16,-3.35e+16,-200000000000000.0,anss,gcmt:C201102240436A,intra_slab,15.1449737549
pde20110228012925000_31,2011-02-28T01:29:29,-73.69,-37.46,25.3,5.8,mwb,,,,,6.0,16.0,97.0,179.0,74.0,88.0,3.43e+17,1.3e+16,-3.56e+17,1.7e+16,-5.62e+17,-1.6e+16,anss,gcmt:C201102280129A,slab_interface,22.103181839
pde20110303075853000_18,2011-03-03T07:58:58,-73.821347,-37.318913,13.0521,5.2,mwc,relocated,relocated,relocated,,1.0,22.0,97.0,173.0,68.0,87.0,5.46e+16,-2500000000000000.0,-5.21e+16,8200000000000000.0,-5.52e+16,2100000000000000.0,anss,gcmt:C201103030758A,slab_interface,19.7960586548
C201103091324A,2011-03-09T13:24:10,-69.487237,-27.590774,130.665,5.2,mw,relocated,relocated,relocated,,15.0,30.0,-65.0,166.0,63.0,-104.0,-5.34e+16,-3920000000000000.0,5.730000000000001e+16,-1.67e+16,3.69e+16,320000000000000.0,gcmt,,slab_deep,84.3851394653
pde20110316223616000_32,2011-03-16T22:36:20,-71.745462,-32.5711,26.0589,5.5,mwc,relocated,relocated,relocated,,15.0,28.0,105.0,179.0,63.0,83.0,1.69e+17,1.3e+16,-1.82e+17,1.3e+16,-1.29e+17,-2.4e+16,anss,gcmt:C201103162236A,slab_interface,28.7466583252
pde20110317111424000_13,2011-03-17T11:14:27,-71.777486,-32.638758,6.9024,5.2,mwc,relocated,relocated,relocated,,6.0,28.0,101.0,174.0,62.0,84.0,6.23e+16,7200000000000000.0,-6.95e+16,8000000000000000.0,-4.5e+16,900000000000000.0,anss,gcmt:C201103171114A,forearc,27.1676826477
pde20110328061042370_46,2011-03-28T06:10:44,-71.853885,-34.892729,46.7498,5.2,mwc,relocated,relocated,relocated,,29.0,32.0,119.0,176.0,62.0,73.0,5.66e+16,-2100000000000000.0,-5.45e+16,1.42e+16,-3.62e+16,-1.29e+16,anss,gcmt:C201103280610A,intra_slab,46.4070281982
pde20110328235747500_11,2011-03-28T23:57:53,-72.36,-33.69,32.8,5.1,mwc,,,,,2.0,33.0,96.0,175.0,57.0,86.0,4.27e+16,1300000000000000.0,-4.39e+16,3200000000000000.0,-1.98e+16,1400000000000000.0,anss,gcmt:C201103282357A,intra_slab,16.339641571
pde20110404075435940_26,2011-04-04T07:54:34,-77.04,-45.8,12.0,5.3,mwc,,,16.2,,174.0,32.0,-79.0,341.0,59.0,-97.0,-1.12e+17,1.1e+16,1.01e+17,2.8e+16,-5.2e+16,-2e+16,anss,gcmt:C201104040754A,outer_rise,
pde20110410202422000_23,2011-04-10T20:24:26,-73.96,-36.17,18.0,5.2,mwc,,,,,357.0,15.0,83.0,184.0,75.0,92.0,4.52e+16,600000000000000.0,-4.58e+16,-6100000000000000.0,-7.68e+16,-500000000000000.0,anss,gcmt:C201104102024A,slab_interface,12.0561351776
pde20110413151443030_34,2011-04-13T15:14:45,-72.174197,-33.768272,6.6285,5.4,mwc,relocated,relocated,relocated,,9.0,23.0,100.0,178.0,67.0,86.0,1.15e+17,1.2e+16,-1.27e+17,7000000000000000.0,-1.18e+17,-8000000000000000.0,anss,gcmt:C201104131514A,forearc,21.1623001099
pde20110419005727000_45,2011-04-19T00:57:30,-72.403677,-33.463013,67.8992,5.1,mwc,relocated,relocated,relocated,,355.0,29.0,76.0,191.0,62.0,97.0,4.06e+16,-100000000000000.0,-4.05e+16,-8100000000000000.0,-2.53e+16,-2200000000000000.0,anss,gcmt:C201104190057A,intra_slab,14.1276855469
pde20110419055045370_13,2011-04-19T05:50:49,-72.391233,-33.905859,11.2081,5.1,mwc,relocated,relocated,relocated,,23.0,24.0,108.0,184.0,67.0,82.0,4.81e+16,-3600000000000000.0,-4.44e+16,1300000000000000.0,-4.58e+16,-1.08e+16,anss,gcmt:C201104190550A,slab_interface,16.7031269073
pde20110422051248000_19,2011-04-22T05:12:51,-74.31,-38.1,13.8,5.6,mwb,,,,,359.0,19.0,88.0,182.0,71.0,91.0,7.45e+16,-1000000000000000.0,-7.35e+16,-3200000000000000.0,-9.75e+16,-300000000000000.0,anss,gcmt:C201104220512A,slab_interface,13.8456850052
pde20110427045732000_24,2011-04-27T04:57:37,-72.43141,-33.946201,11.9332,5.1,mwb,relocated,relocated,relocated,,17.0,21.0,103.0,183.0,70.0,85.0,4.23e+16,-1000000000000000.0,-4.13e+16,-1100000000000000.0,-4.97e+16,-7600000000000000.0,anss,gcmt:C201104270457A,slab_interface,16.1008987427
pde20110507065731000_42,2011-05-07T06:57:34,-72.82,-33.98,29.1,5.0,mwc,,,,,17.0,25.0,93.0,194.0,65.0,89.0,2.67e+16,-2900000000000000.0,-2.38e+16,-5000000000000000.0,-2.18e+16,-6200000000000000.0,anss,gcmt:C201105070657A,intra_slab,10.9148864746
pde20110519170511000_36,2011-05-19T17:05:14,-71.765884,-34.764393,49.8883,5.2,mwc,relocated,relocated,relocated,,19.0,32.0,118.0,167.0,62.0,74.0,5.58e+16,5900000000000000.0,-6.17e+16,1.74e+16,-3.57e+16,-3400000000000000.0,anss,gcmt:C201105191705A,slab_interface,47.5710678101
pde20110601125522380_21,2011-06-01T12:55:22,-73.691,-37.578,21.0,6.3,mww,,,,,185.0,80.0,90.0,5.0,10.0,90.0,2.25e+18,1.6e+16,-2.27e+18,-1.94e+17,-3.4e+18,-7.5e+16,anss,gcmt:C201106011255A,slab_interface,22.58710289
pde20110601134729640_28,2011-06-01T13:47:30,-74.3,-37.37,27.0,5.4,mwc,,,12.0,,9.0,23.0,77.0,202.0,68.0,95.0,1.06e+17,-1.5e+16,-9e+16,-4.4e+16,-9e+16,-2.1e+16,anss,gcmt:C201106011347A,slab_interface,12.2909555435
pde20110604162847680_9,2011-06-04T16:28:48,-72.22,-40.59,21.2,5.0,mwc,,,15.7,,162.0,64.0,-165.0,65.0,77.0,-27.0,-1.19e+16,-1.95e+16,3.14e+16,-1.67e+16,-1300000000000000.0,2.84e+16,anss,gcmt:C201106041628A,crustal_intraarc_shallow,
pde20110605102515000_32,2011-06-05T10:25:21,-72.205322,-35.00434,37.5338,5.3,mwc,relocated,relocated,relocated,,24.0,31.0,118.0,172.0,63.0,74.0,9.8e+16,5000000000000000.0,-1.02e+17,2.5e+16,-6.9e+16,-1.7e+16,anss,gcmt:C201106051025A,slab_interface,35.5499076843
C201106221357A,2011-06-22T13:57:36,-67.102586,-28.003479,211.1725,5.3,mw,relocated,relocated,relocated,,196.0,44.0,17.0,94.0,78.0,133.0,3.11e+16,-3.65e+16,5400000000000000.0,7.89e+16,-3.27e+16,-7.44e+16,gcmt,,slab_deep,117.508583069
pde20110629053646000_19,2011-06-29T05:36:52,-72.397692,-33.909931,14.4661,5.5,mwc,relocated,relocated,relocated,,13.0,18.0,100.0,183.0,72.0,87.0,1.52e+17,-9000000000000000.0,-1.43e+17,-5000000000000000.0,-2.02e+17,-2e+16,anss,gcmt:C201106290536A,slab_interface,16.7031269073
pde20110713020153000_32,2011-07-13T02:01:57,-73.88,-36.33,21.0,5.0,mwc,,,,,6.0,23.0,93.0,182.0,67.0,89.0,3.27e+16,-2200000000000000.0,-3.05e+16,-900000000000000.0,-3.02e+16,-2100000000000000.0,anss,gcmt:C201107130201A,slab_interface,13.8850107193
choy20110716002612,2011-07-16T00:26:12,-72.182052,-33.875025,7.2961,6.0,mww,relocated,relocated,relocated,,174.0,70.0,83.0,14.0,21.0,109.0,6.72e+17,2.3e+16,-6.94e+17,1.24e+17,-7.99e+17,-4.8e+16,anss,gcmt:C201107160026A,forearc,21.1407794952
pde20110723025651350_103,2011-07-23T02:56:55,-69.661069,-29.305934,77.0107,5.5,mwb,relocated,relocated,relocated,,189.0,40.0,68.0,36.0,53.0,107.0,1.75e+17,-1.6e+16,-1.59e+17,5.6e+16,2e+16,-7.1e+16,anss,gcmt:C201107230256A,slab_deep,86.4604949951
pde20110725111511000_32,2011-07-25T11:15:13,-73.589792,-37.732351,21.9044,5.2,mwb,relocated,relocated,relocated,,3.0,15.0,95.0,178.0,75.0,89.0,7.9e+16,-8000000000000000.0,-7.1e+16,5000000000000000.0,-1.28e+17,-1000000000000000.0,anss,gcmt:C201107251115A,slab_interface,25.1228427887
pde20110728160559790_35,2011-07-28T16:06:00,-73.479565,-35.835481,12.2082,5.2,mwc,relocated,relocated,relocated,,24.0,19.0,103.0,191.0,71.0,86.0,4.39e+16,-1000000000000000.0,-4.29e+16,-9700000000000000.0,-5.88e+16,-1.41e+16,anss,gcmt:C201107281605A,slab_interface,16.8051834106
pde20110728195020060_35,2011-07-28T19:50:19,-73.416556,-35.792828,8.582,5.7,mww,relocated,relocated,relocated,,40.0,11.0,131.0,178.0,81.0,82.0,1.1e+17,2e+16,-1.3e+17,1e+16,-3.7e+17,-5e+16,anss,gcmt:C201107281950A,forearc,18.1116485596
C201107311736A,2011-07-31T17:36:34,-66.74,-28.12,181.2,5.4,mw,0.01,0.01,1.4,,188.0,47.0,-25.0,296.0,72.0,-134.0,-7.39e+16,-2.96e+16,1.04e+17,1.02e+17,-1.59e+16,-1.03e+17,gcmt,,slab_deep,127.681694031
pde20110806132234000_31,2011-08-06T13:22:39,-73.46,-36.06,15.0,5.5,mwc,,,,,49.0,9.0,131.0,188.0,83.0,84.0,4.8e+16,-8000000000000000.0,-4.1e+16,-2.4e+16,-1.96e+17,-2.6e+16,anss,gcmt:C201108061322A,forearc,19.6029338837
pde20110828043032000_25,2011-08-28T04:30:35,-72.274461,-33.251166,14.6167,5.3,mwc,relocated,relocated,relocated,,7.0,23.0,90.0,187.0,67.0,90.0,9.47e+16,-1000000000000000.0,-9.36e+16,-1.2e+16,-9.37e+16,-1.2e+16,anss,gcmt:C201108280430A,slab_interface,16.3233737946
pde20110903162041000_12,2011-09-03T16:20:52,-73.86,-38.45,15.0,5.81,mw,,,4.2,0.1,350.0,17.0,74.0,186.0,72.0,95.0,3.3e+17,5e+16,-3.8e+17,-7e+16,-5.2e+17,1e+16,anss,gcmt:C201109031620A,slab_interface,22.7481937408
pde20110907112150000_19,2011-09-07T11:21:52,-72.55,-33.43,18.9,5.2,mwc,,,8.4,,338.0,24.0,78.0,171.0,66.0,95.0,5.12e+16,-3100000000000000.0,-4.81e+16,4800000000000000.0,-4.64e+16,1.36e+16,anss,gcmt:C201109071121A,slab_interface,11.6786355972
pde20110910031705000_23,2011-09-10T03:17:10,-72.342444,-34.22164,8.9005,5.0,mwc,relocated,relocated,relocated,,27.0,25.0,112.0,184.0,67.0,80.0,2.75e+16,-600000000000000.0,-2.69e+16,800000000000000.0,-2.72e+16,-7800000000000000.0,anss,gcmt:C201109100317A,forearc,20.400384903
pde20110914070351000_37,2011-09-14T07:03:51,-71.843718,-32.740723,23.8756,5.8,mww,relocated,relocated,relocated,,175.0,70.0,90.0,355.0,20.0,90.0,3.82e+17,4.46e+16,-4.26e+17,-5.99e+16,-6.39e+17,-1.95e+16,anss,gcmt:C201109140703A,slab_interface,25.6769447327
pde20110928224012860_10,2011-09-28T22:40:15,-74.45,-38.05,12.0,5.6,mwb,,,,,6.0,15.0,82.0,194.0,75.0,92.0,1.03e+17,3000000000000000.0,-1.06e+17,-4.4e+16,-1.74e+17,-2e+16,anss,gcmt:C201109282240A,slab_interface,11.7193927765
pde20110929154053270_31,2011-09-29T15:40:53,-74.56,-38.06,12.0,5.2,mwc,,,10.6,,3.0,22.0,87.0,187.0,68.0,91.0,5.92e+16,6100000000000000.0,-6.53e+16,-8400000000000000.0,-6.55e+16,-6600000000000000.0,anss,gcmt:C201109291540A,slab_interface,10.5174713135
C201110192045A,2011-10-19T20:45:10,-77.8,-45.74,26.4,5.2,mw,0.02,0.01,1.0,,69.0,70.0,-159.0,331.0,70.0,-22.0,-1.22e+16,5.32e+16,-4.1e+16,-1.09e+16,-3.19e+16,-3.91e+16,gcmt,,outer_rise,
pde20111108171811690_15,2011-11-08T17:18:14,-72.28827,-34.189816,14.3765,5.3,mwc,relocated,relocated,relocated,,6.0,22.0,108.0,166.0,69.0,83.0,6.62e+16,8100000000000000.0,-7.43e+16,2.2e+16,-7.65e+16,7100000000000000.0,anss,gcmt:C201111081718A,slab_interface,21.5780029297
pde20111111080847000_33,2011-11-11T08:08:50,-73.106426,-38.063097,40.2101,5.2,mwc,relocated,relocated,relocated,,346.0,20.0,76.0,181.0,71.0,95.0,5.31e+16,-2700000000000000.0,-5.05e+16,-3800000000000000.0,-6.57e+16,6100000000000000.0,anss,gcmt:C201111110808A,slab_interface,39.6022834778
pde20111122074132000_41,2011-11-22T07:41:36,-71.830464,-34.781262,48.2409,5.1,mwc,relocated,relocated,relocated,,43.0,31.0,129.0,179.0,66.0,69.0,3.91e+16,5600000000000000.0,-4.47e+16,6400000000000000.0,-3.68e+16,-2e+16,anss,gcmt:C201111220741A,intra_slab,44.5325584412
pde20111125173547180_39,2011-11-25T17:35:44,-75.59,-37.77,30.0,5.0,mwc,,,6.2,,321.0,47.0,-122.0,184.0,52.0,-60.0,-3.51e+16,1400000000000000.0,3.38e+16,1.56e+16,7900000000000000.0,-1.15e+16,anss,gcmt:C201111251735A,outer_rise,
C201112072223A,2011-12-07T22:23:14,-71.348258,-27.958008,7.4899,6.1,mw,relocated,relocated,relocated,,17.0,25.0,109.0,176.0,67.0,81.0,1.12e+18,1.16e+17,-1.24e+18,1.61e+17,-1.09e+18,-1.29e+17,gcmt,,forearc,20.1483669281
pde20111216120256980_10,2011-12-16T12:02:57,-76.43,-46.0,14.3,5.4,mwc,,,,,75.0,75.0,178.0,165.0,89.0,15.0,-5000000000000000.0,8.7e+16,-8.2e+16,1.9e+16,-4.1e+16,-1.44e+17,anss,gcmt:C201112161202A,outer_rise,
pde20111216125425370_10,2011-12-16T12:54:25,-76.26,-45.85,12.0,5.8,mww,,,,,170.0,67.0,6.0,78.0,84.0,157.0,-2000000000000000.0,1.97e+17,-1.94e+17,2.28e+17,-3.4e+16,-4.62e+17,anss,gcmt:C201112161254A,outer_rise,
pde20111222150632600_13,2011-12-22T15:06:30,-76.64,-46.06,27.5,5.0,mwc,,,28.9,,72.0,66.0,-177.0,341.0,87.0,-24.0,-4500000000000000.0,2.78e+16,-2.33e+16,6200000000000000.0,-1.75e+16,-3.47e+16,anss,gcmt:C201112221506A,outer_rise,
C201112230418A,2011-12-23T04:18:40,-79.85,-44.71,22.9,5.0,mw,0.03,0.02,1.9,,258.0,75.0,-166.0,164.0,76.0,-15.0,-1.16e+16,2.6e+16,-1.44e+16,5270000000000000.0,1.01e+16,-3.91e+16,gcmt,,outer_rise,
C201201050054A,2012-01-05T00:54:33,-76.65,-45.95,18.0,5.3,mw,0.02,0.01,1.0,,75.0,69.0,-175.0,343.0,85.0,-22.0,-8300000000000000.0,5.84e+16,-5e+16,4300000000000000.0,-3.99e+16,-8.6e+16,gcmt,,outer_rise,
C201201092130A,2012-01-09T21:30:54,-71.639902,-32.580313,11.0935,5.2,mw,relocated,relocated,relocated,,11.0,23.0,100.0,180.0,68.0,86.0,5.779999999999999e+16,5900000000000000.0,-6.37e+16,1300000000000000.0,-6.14e+16,-6400000000000000.0,gcmt,,forearc,32.3235321045
pde20120117232135040_32,2012-01-17T23:21:34,-71.950998,-31.683249,31.0235,5.6,mww,relocated,relocated,relocated,,359.0,20.0,99.0,169.0,70.0,87.0,2.5e+17,-5e+16,-2e+17,6.1e+16,-2.68e+17,1e+16,anss,gcmt:C201201172321A;gcmt:C201201172323A,slab_interface,21.3774147034
C201201181135A,2012-01-18T11:35:54,-68.269247,-31.871582,96.6592,5.0,mw,relocated,relocated,relocated,,215.0,42.0,130.0,346.0,59.0,60.0,3.67e+16,4720000000000000.0,-4.14e+16,-1.89e+16,1.58e+16,-9310000000000000.0,gcmt,,slab_deep,99.6027755737
pde20120123160452980_20,2012-01-23T16:04:52,-73.196722,-36.427683,41.0991,6.1,mww,relocated,relocated,relocated,,180.0,70.0,90.0,360.0,20.0,90.0,1.11e+18,6e+16,-1.17e+18,-2.5e+16,-1.5e+18,-1.63e+17,anss,gcmt:C201201231604A,intra_slab,28.6887798309
pde20120211025817000_20,2012-02-11T02:58:24,-73.72,-37.54,26.8,5.6,mwb,,,,,2.0,17.0,94.0,178.0,73.0,89.0,2.29e+17,3.2e+16,-2.61e+17,1.4e+16,-3.57e+17,0.0,anss,gcmt:C201202110258A,slab_interface,22.4249916077
C201202170801A,2012-02-17T08:01:20,-74.29,-37.27,17.0,5.1,mw,0.02,0.02,0.8,,350.0,25.0,66.0,197.0,67.0,101.0,4.56e+16,-220000000000000.0,-4.53e+16,-1.78e+16,-4.07e+16,-1980000000000000.0,gcmt,,slab_interface,12.060790062
pde20120303110147250_49,2012-03-03T11:01:47,-70.784858,-30.303651,27.0046,5.3,mwc,relocated,relocated,relocated,,179.0,23.0,91.0,358.0,67.0,90.0,7.52e+16,1400000000000000.0,-7.67e+16,-2700000000000000.0,7.51e+16,2000000000000000.0,anss,gcmt:C201203031101A,forearc,66.3397674561
pde20120303221255000_13,2012-03-03T22:12:55,-72.8,-35.749,24.0,5.0,mwr,,,,,42.0,20.0,104.0,207.0,71.0,85.0,2.16e+16,-7500000000000000.0,-1.41e+16,-1.13e+16,-2.44e+16,-9200000000000000.0,anss,gcmt:C201203032212A,slab_interface,30.9156684875
C201203162331A,2012-03-16T23:31:58,-72.27,-33.45,32.7,5.1,mw,0.03,0.02,1.2,,1.0,26.0,95.0,176.0,65.0,88.0,3.57e+16,5520000000000000.0,-4.12e+16,2610000000000000.0,-3.11e+16,1240000000000000.0,gcmt,,intra_slab,17.0727005005
C201203240728A,2012-03-24T07:28:37,-71.083228,-33.057611,66.5572,5.1,mw,relocated,relocated,relocated,,68.0,64.0,2.0,337.0,88.0,154.0,4510000000000000.0,-4.12e+16,3.67e+16,-1.06e+16,2.41e+16,3.87e+16,gcmt,,intra_slab,55.6485710144
pde20120325223706000_40,2012-03-25T22:37:06,-72.118489,-35.241845,50.3276,7.1,mww,relocated,relocated,relocated,,175.0,75.0,65.0,56.0,29.0,148.0,2.92e+19,-3.8e+17,-2.88e+19,4.15e+18,-5.19e+19,-4.74e+18,anss,gcmt:C201203252237A,intra_slab,43.7156181335
C201204030211A,2012-04-03T02:11:10,-72.721502,-33.878315,19.7508,5.1,mw,relocated,relocated,relocated,,5.0,22.0,84.0,191.0,68.0,92.0,4.26e+16,-1210000000000000.0,-4.14e+16,-9520000000000000.0,-4.25e+16,-5730000000000000.0,gcmt,,slab_interface,11.6584424973
C201204061325A,2012-04-06T13:25:02,-75.38,-38.54,21.1,5.0,mw,0.03,0.03,1.0,,181.0,42.0,-110.0,27.0,52.0,-73.0,-3.82e+16,4120000000000000.0,3.41e+16,-1.16e+16,-3760000000000000.0,7940000000000000.0,gcmt,,outer_rise,
pde20120417035015610_29,2012-04-17T03:50:15,-71.798496,-32.733276,18.9315,6.7,mww,relocated,relocated,relocated,,175.0,65.0,90.0,355.0,25.0,90.0,9.7e+18,2.2e+17,-9.93e+18,9.1e+17,-9.08e+18,2.7e+17,anss,gcmt:C201204170350A,slab_interface,27.2667598724
pde20120430073945560_37,2012-04-30T07:39:45,-71.635182,-29.821692,63.0968,5.6,mww,relocated,relocated,relocated,,346.0,29.0,67.0,192.0,64.0,102.0,1.99e+17,8e+16,-2.78e+17,-4.3e+16,-1.68e+17,-7000000000000000.0,anss,gcmt:C201204300739A,intra_slab,25.7903175354
pde20120524191854970_150,2012-05-24T19:18:54,-70.923948,-36.96164,158.6491,5.4,mwb,relocated,relocated,relocated,,104.0,19.0,-165.0,360.0,85.0,-71.0,-2.8e+16,1000000000000000.0,2.7e+16,-5000000000000000.0,-1.65e+17,-5.7e+16,anss,gcmt:C201205241918A,slab_deep,117.416473389
pde20120607040504520_8,2012-06-07T04:05:04,-70.94381,-36.09868,6.9252,6.0,mww,relocated,relocated,relocated,,270.0,70.0,-25.0,9.0,67.0,-158.0,-2.67e+17,1.78e+17,8.9e+16,3.92e+17,-1.6e+16,1.15e+18,anss,gcmt:C201206070405A,crustal_intraarc_shallow,
C201206180829A,2012-06-18T08:29:06,-68.6,-33.01,28.9,5.0,mw,0.04,0.03,1.5,,166.0,25.0,82.0,355.0,65.0,94.0,3.05e+16,-1310000000000000.0,-2.92e+16,-1290000000000000.0,2.56e+16,5090000000000000.0,gcmt,,backarc,
pde20120701233908770_35,2012-07-01T23:39:12,-71.115185,-28.631586,45.7746,5.4,mwb,relocated,relocated,relocated,,27.0,37.0,128.0,163.0,62.0,65.0,8.3e+16,2.1e+16,-1.04e+17,3.5e+16,-4.6e+16,-1e+16,anss,gcmt:C201207012339A,intra_slab,36.3556594849
C201207040833A,2012-07-04T08:33:10,-73.31,-38.09,44.6,5.1,mw,0.03,0.02,1.3,,344.0,27.0,73.0,183.0,64.0,98.0,4.519999999999999e+16,-2980000000000000.0,-4.22e+16,-5880000000000000.0,-3.42e+16,5270000000000000.0,gcmt,,intra_slab,34.0481987
C201207250601A,2012-07-25T06:01:19,-66.739971,-28.117795,169.3365,5.1,mw,relocated,relocated,relocated,,185.0,45.0,-41.0,307.0,62.0,-127.0,-3.99e+16,-5830000000000000.0,4.58e+16,3.1e+16,-4390000000000000.0,-2.98e+16,gcmt,,slab_deep,127.681694031
C201208070039A,2012-08-07T00:39:07,-70.567482,-27.870725,67.0737,5.3,mw,relocated,relocated,relocated,,276.0,38.0,180.0,6.0,90.0,52.0,200000000000000.0,-1.3800000000000002e+16,1.35e+16,1.01e+16,8.99e+16,-6.999999999999999e+16,gcmt,,intra_slab,50.3888626099
C201208300804A,2012-08-30T08:04:40,-74.04,-37.34,26.2,5.2,mw,0.03,0.02,1.5,,352.0,17.0,79.0,183.0,73.0,93.0,3.64e+16,4630000000000000.0,-4.1e+16,-3920000000000000.0,-5.64e+16,1440000000000000.0,gcmt,,intra_slab,15.8276548386
C201209011038A,2012-09-01T10:38:42,-71.293836,-27.34039,41.495,5.1,mw,relocated,relocated,relocated,,298.0,26.0,10.0,199.0,85.0,116.0,6370000000000000.0,1.84e+16,-2.47e+16,-1.3799999999999998e+16,-4.78e+16,1.42e+16,gcmt,,intra_slab,17.75831604
C201209110635A,2012-09-11T06:35:39,-68.622454,-31.882463,172.4829,5.0,mw,relocated,relocated,relocated,,20.0,35.0,-77.0,184.0,56.0,-99.0,-3.56e+16,3550000000000000.0,3.21e+16,-2920000000000000.0,1.43e+16,6500000000000000.0,gcmt,,slab_deep,100.480796814
pde20121011172209930_81,2012-10-11T17:22:10,-70.620607,-32.909815,93.064,5.5,mww,relocated,relocated,relocated,,71.0,83.0,-2.0,161.0,88.0,-172.0,5000000000000000.0,-1.51e+17,1.46e+17,-2.1e+16,2.6e+16,1.93e+17,anss,gcmt:C201210111722A,slab_deep,75.8312149048
pde20121015210420600_24,2012-10-15T21:04:20,-72.164249,-31.817138,19.4849,5.0,mwr,relocated,relocated,relocated,,316.0,23.0,52.0,176.0,72.0,105.0,2.5e+16,-5800000000000000.0,-1.91e+16,-2900000000000000.0,-3.17e+16,1e+16,anss,gcmt:C201210152104A,intra_slab,16.5128746033
C201211120507A,2012-11-12T05:07:13,-77.28,-45.76,18.4,5.2,mw,0.02,0.01,1.0,,78.0,73.0,179.0,168.0,89.0,17.0,4640000000000000.0,3.41e+16,-3.87e+16,4820000000000000.0,-2.66e+16,-7.83e+16,gcmt,,outer_rise,
C201211121055A,2012-11-12T10:55:14,-77.41,-45.76,17.1,5.1,mw,0.02,0.01,1.4,,77.0,64.0,-179.0,346.0,89.0,-26.0,1840000000000000.0,2.4e+16,-2.58e+16,3490000000000000.0,-2.65e+16,-4.78e+16,gcmt,,outer_rise,
choy20121113043126,2012-11-13T04:31:26,-77.05,-45.76,9.0,6.1,mww,,,,,77.0,82.0,-176.0,346.0,86.0,-8.0,-3.4000000000000004e+16,5.97e+17,-5.63e+17,1.66e+17,-2.55e+17,-1.25e+18,anss,gcmt:C201211130431A,outer_rise,
pde20121114190206120_63,2012-11-14T19:02:06,-71.44723,-29.156971,65.9186,6.1,mww,relocated,relocated,relocated,,10.0,80.0,-90.0,190.0,10.0,-90.0,-8.23e+17,1.87e+17,6.36e+17,6.1e+16,-2.06e+18,8.56e+17,anss,gcmt:C201211141902A,intra_slab,28.6209564209
C201211191645A,2012-11-19T16:45:54,-72.42,-33.92,20.9,5.1,mw,0.02,0.02,1.0,,351.0,23.0,78.0,184.0,67.0,95.0,3.82e+16,-530000000000000.0,-3.77e+16,-4730000000000000.0,-3.69e+16,1700000000000000.0,gcmt,,slab_interface,16.7031269073
C201211201623A,2012-11-20T16:23:29,-72.2885,-33.983897,1.636,5.4,mw,relocated,relocated,relocated,,16.0,20.0,100.0,185.0,71.0,87.0,1e+17,7099999999999999.0,-1.07e+17,-1.01e+16,-1.32e+17,-2.12e+16,gcmt,,forearc,19.6523571014
C201211211816A,2012-11-21T18:16:41,-72.32918,-33.983468,17.7726,5.2,mw,relocated,relocated,relocated,,19.0,24.0,118.0,169.0,69.0,79.0,5.93e+16,3400000000000000.0,-6.27e+16,1.89e+16,-6.4e+16,-5000000000000000.0,gcmt,,slab_interface,18.5418395996
pde20121121213622740_18,2012-11-21T21:36:22,-72.256911,-33.982351,7.2292,5.9,mww,relocated,relocated,relocated,,170.0,55.0,90.0,350.0,35.0,90.0,5.08e+17,3.48e+16,-5.43e+17,1.3999999999999998e+17,-6.23e+17,2.63e+16,anss,gcmt:C201211212136A,forearc,20.8200473785
C201211212252A,2012-11-21T22:52:31,-72.306271,-34.039815,15.9715,5.1,mw,relocated,relocated,relocated,,11.0,32.0,101.0,177.0,58.0,83.0,5.19e+16,670000000000000.0,-5.26e+16,5020000000000000.0,-2.62e+16,-3600000000000000.0,gcmt,,slab_interface,20.1046409607
C201211252211A,2012-11-25T22:11:46,-78.37,-44.5,16.4,5.1,mw,0.02,0.01,1.0,,80.0,79.0,-172.0,349.0,82.0,-11.0,-1.6e+16,2.55e+16,-9500000000000000.0,-1220000000000000.0,-6620000000000000.0,-4.53e+16,gcmt,,outer_rise,
C201212030931A,2012-12-03T09:31:57,-70.345639,-28.737612,83.8443,5.1,mw,relocated,relocated,relocated,,88.0,33.0,-34.0,207.0,72.0,-118.0,-2.98e+16,2.7e+16,2790000000000000.5,1.8e+16,4.04e+16,3.55e+16,gcmt,,intra_slab,69.9315719604
C201212241212A,2012-12-24T12:12:41,-71.520637,-29.107751,43.1573,5.2,mw,relocated,relocated,relocated,,353.0,41.0,57.0,214.0,57.0,115.0,6.730000000000001e+16,1.13e+16,-7.86e+16,-2.91e+16,-1.56e+16,-2.39e+16,gcmt,,intra_slab,26.4018859863
pde20121226131757260_29,2012-12-26T13:17:59,-73.79,-37.41,20.0,5.2,mwb,,,6.6,,6.0,17.0,95.0,180.0,73.0,88.0,7.6e+16,9000000000000000.0,-8.5e+16,0.0,-1.16e+17,-5000000000000000.0,anss,gcmt:C201212261317A,slab_interface,20.1097393036
pde20121227003708830_14,2012-12-27T00:37:10,-73.52,-35.87,13.0,5.9,mww,,,9.6,,12.0,12.0,90.0,192.0,78.0,90.0,3.7e+17,-5.1e+16,-3.2e+17,-1.65e+17,-7.71e+17,-6e+16,anss,gcmt:C201212270037A,slab_interface,16.8051834106
C201301230247A,2013-01-23T02:47:44,-71.709573,-31.694508,26.2237,5.1,mw,relocated,relocated,relocated,,336.0,25.0,71.0,176.0,66.0,99.0,4.78e+16,-3580000000000000.0,-4.42e+16,-1550000000000000.0,-4.37e+16,1.1200000000000002e+16,gcmt,,slab_interface,29.6297054291
C201301230743A,2013-01-23T07:42:59,-79.68,-44.71,24.6,5.5,mw,0.01,0.01,0.7,,348.0,85.0,5.0,258.0,85.0,175.0,-2.23e+16,1e+17,-7.78e+16,-2.47e+16,1.6e+16,-1.99e+17,gcmt,,outer_rise,
pde20130130201543340_45,2013-01-30T20:15:43,-70.653,-28.094,45.0,6.8,mww,,,,,175.0,65.0,90.0,355.0,25.0,90.0,1.35e+19,6.5e+17,-1.42e+19,2.33e+18,-1.09e+19,-3.94e+18,anss,gcmt:C201301302015A,slab_interface,48.68800354
pde20130210195430000_46,2013-02-10T19:54:32,-72.131538,-33.490003,25.4891,5.4,mwc,relocated,relocated,relocated,,358.0,25.0,95.0,173.0,65.0,88.0,1.3e+17,-4000000000000000.0,-1.25e+17,1.6e+16,-1.05e+17,9000000000000000.0,anss,gcmt:C201302101954A,slab_interface,19.5754947662
C201302181000A,2013-02-18T10:00:13,-72.558311,-33.937009,72.1074,5.4,mw,relocated,relocated,relocated,,5.0,18.0,95.0,180.0,72.0,89.0,1.02e+17,4900000000000000.0,-1.06e+17,500000000000000.0,-1.46e+17,-4900000000000000.0,gcmt,,intra_slab,14.2902812958
C201302201118A,2013-02-20T11:18:55,-66.64,-27.86,192.2,5.1,mw,0.03,0.02,2.7,,91.0,80.0,-172.0,360.0,82.0,-11.0,-3.74e+16,1.74e+16,2e+16,1430000000000000.0,-4490000000000000.0,-6.51e+16,gcmt,,slab_deep,135.455413818
b000fvhe,2013-03-29T07:30:58,-73.225081,-35.44914,79.429,5.420299280918848,mww,relocated,relocated,relocated,,40.0,14.0,120.0,188.0,78.0,83.0,6.800000000000001e+16,-1.2e+16,-5.600000000000001e+16,-1.7000000000000002e+16,-1.5e+17,-2.7e+16,anss,gcmt:C201303290730A,intra_slab,16.9307174683
pde20130413091904880_10,2013-04-13T09:19:07,-76.33,-45.89,17.1,5.4,mwc,,,,,79.0,67.0,-167.0,344.0,78.0,-23.0,3000000000000000.0,6.6e+16,-6.8e+16,-3.2e+16,-8.2e+16,-1.27e+17,anss,gcmt:C201304130919A,outer_rise,
C201305030918A,2013-05-03T09:18:21,-72.71,-28.26,12.0,5.2,mw,0.01,0.01,0.0,,359.0,45.0,-108.0,204.0,47.0,-73.0,-6.69e+16,2520000000000000.0,6.44e+16,1.59e+16,-859999999999999.9,1.32e+16,gcmt,,outer_rise,
C201305211251A,2013-05-21T12:51:53,-77.04,-45.7,12.0,5.2,mw,0.02,0.01,0.0,,113.0,32.0,-118.0,326.0,62.0,-73.0,-5.649999999999999e+16,3.46e+16,2.19e+16,2.48e+16,-3.71e+16,-6.14e+16,gcmt,,outer_rise,
pde20130619212911500_104,2013-06-19T21:29:14,-70.213303,-32.652832,110.6498,5.3,mwb,relocated,relocated,relocated,,190.0,45.0,-110.0,38.0,48.0,-71.0,-8.12e+16,2800000000000000.0,7.84e+16,-1.82e+16,3100000000000000.0,4.25e+16,anss,gcmt:C201306192129A,slab_deep,88.6425552368
b000j5bj,2013-08-16T22:17:31,-71.194221,-28.642782,45.2353,5.150716535133885,mww,relocated,relocated,relocated,,159.0,34.0,65.0,8.0,59.0,106.0,5.21e+16,1.25e+16,-6.46e+16,1.05e+16,2.9e+16,7200000000000000.0,anss,gcmt:C201308162217A,intra_slab,32.3371658325
C201308301048A,2013-08-30T10:48:17,-70.57459,-34.529052,96.903,5.0,mw,relocated,relocated,relocated,,338.0,45.0,-18.0,81.0,77.0,-133.0,-8050000000000000.0,1.02e+16,-2120000000000000.0,-2.15e+16,-1.92e+16,-1.91e+16,gcmt,,slab_deep,94.8344955444
C201309292306A,2013-09-29T23:07:02,-73.689561,-37.518291,53.5407,5.3,mw,relocated,relocated,relocated,,4.0,20.0,92.0,182.0,70.0,89.0,7.42e+16,3500000000000000.5,-7.77e+16,-2800000000000000.0,-9.25e+16,-3900000000000000.0,gcmt,,intra_slab,22.2639827728
C201309292323A,2013-09-29T23:23:20,-73.867583,-37.478346,45.0385,5.5,mw,relocated,relocated,relocated,,358.0,20.0,86.0,182.0,70.0,91.0,1.72e+17,-1900000000000000.0,-1.7e+17,-9300000000000000.0,-1.98e+17,-200000000000000.0,gcmt,,intra_slab,19.5258407593
C201310211817A,2013-10-21T18:17:21,-75.48,-38.04,13.3,5.0,mw,0.02,0.02,0.9,,201.0,38.0,-61.0,346.0,57.0,-111.0,-3.41e+16,-1770000000000000.0,3.59e+16,1.19e+16,-1.28e+16,2590000000000000.0,gcmt,,outer_rise,
c000kr9e,2013-10-30T02:29:12,-73.226191,-35.441182,29.1946,5.8,mww,relocated,relocated,relocated,,184.0,56.0,58.0,52.0,45.0,129.0,4.31e+17,-3.1e+16,-4e+17,1.49e+17,-1.93e+17,-2.74e+17,anss,gcmt:C201310300229A,intra_slab,16.9307174683
c000kr9k,2013-10-30T02:51:50,-73.474137,-35.317437,24.889,6.2,mww,relocated,relocated,relocated,,194.0,71.0,81.0,41.0,21.0,115.0,1.41e+18,-2.4e+17,-1.17e+18,-3.1e+17,-1.74e+18,-6.5e+17,anss,gcmt:C201310300251A,intra_slab,12.4471206665
b000kqnc,2013-10-31T23:03:56,-71.69325,-30.362655,31.7827,6.559679501745746,mww,relocated,relocated,relocated,,12.0,27.0,118.0,161.0,66.0,77.0,6.34e+18,2.4e+17,-6.58e+18,2.67e+18,-5.15e+18,3.4e+17,anss,gcmt:C201310312303A,slab_interface,26.2960624695
C201311071701A,2013-11-07T17:01:09,-74.177763,-37.617131,48.9753,5.2,mw,relocated,relocated,relocated,,339.0,30.0,69.0,183.0,62.0,102.0,6.82e+16,-1.3700000000000002e+16,-5.45e+16,-1.4e+16,-4.03e+16,8970000000000000.0,gcmt,,intra_slab,14.1987934113
C201311100201A,2013-11-10T02:02:02,-72.23,-33.37,29.1,5.2,mw,0.02,0.02,1.1,,18.0,24.0,98.0,189.0,67.0,87.0,4.89e+16,2710000000000000.0,-5.16e+16,-6700000000000000.0,-4.81e+16,-1.36e+16,gcmt,,slab_interface,16.6623477936
b000kyrl,2013-11-15T06:19:18,-67.58,-32.8,32.8,5.1,mwc,,,3.2,0.068,212.0,46.0,99.0,20.0,44.0,81.0,3.94e+16,-3100000000000000.0,-3.63e+16,-3890000000000000.0,30000000000000.0,-2.14e+16,anss,gcmt:C201311150619A,backarc,
C201311290521A,2013-11-29T05:21:34,-72.44,-33.33,24.1,5.0,mw,0.03,0.02,1.2,,16.0,28.0,91.0,195.0,62.0,90.0,3.23e+16,-2270000000000000.0,-3e+16,-5240000000000000.0,-2.03e+16,-8100000000000002.0,gcmt,,slab_interface,12.8994989395
C201312070923A,2013-12-07T09:23:56,-72.58,-33.88,19.9,5.0,mw,0.02,0.02,1.2,,14.0,17.0,92.0,192.0,73.0,89.0,2.62e+16,-1800000000000000.0,-2.44e+16,-8120000000000002.0,-3.82e+16,-5590000000000001.0,gcmt,,slab_interface,13.1379022598
C201312100051A,2013-12-10T00:51:31,-69.530862,-31.415948,136.6781,5.1,mw,relocated,relocated,relocated,,202.0,45.0,-117.0,57.0,51.0,-66.0,-4.87e+16,1.88e+16,2.9900000000000004e+16,-1.55e+16,6380000000000000.0,3.04e+16,gcmt,,slab_deep,100.895736694
C201401071206A,2014-01-07T12:06:10,-79.9,-44.7,24.4,5.1,mw,0.02,0.01,0.9,,256.0,81.0,176.0,347.0,86.0,9.0,-1530000000000000.0,3.07e+16,-2.92e+16,-7340000000000000.0,9410000000000000.0,-5.76e+16,gcmt,,outer_rise,
C201401150838A,2014-01-15T08:38:14,-68.511027,-31.120743,172.5072,5.2,mw,relocated,relocated,relocated,,182.0,74.0,-173.0,90.0,83.0,-16.0,-3.61e+16,2.38e+16,1.23e+16,-1.64e+16,-4510000000000000.0,7.95e+16,gcmt,,slab_deep,92.5791549683
C201402170034A,2014-02-17T00:34:37,-72.06,-31.65,29.6,5.0,mw,0.03,0.02,1.0,,25.0,30.0,116.0,175.0,63.0,76.0,3.97e+16,-5970000000000000.0,-3.37e+16,9910000000000000.0,-2.64e+16,-6950000000000000.0,gcmt,,intra_slab,18.6093788147
C201403021012A,2014-03-02T10:12:24,-76.95,-45.56,18.0,5.3,mw,0.04,0.04,1.7,,170.0,33.0,-47.0,302.0,67.0,-114.0,-1e+17,2.24e+16,7.76e+16,9.52e+16,-1.01e+16,-3.17e+16,gcmt,,outer_rise,
C201403021114A,2014-03-02T11:14:40,-76.89,-46.15,15.3,5.2,mw,0.03,0.04,1.7,,6.0,49.0,-50.0,134.0,55.0,-127.0,-5.8e+16,420000000000000.0,5.76e+16,-4.17e+16,-8380000000000000.0,-2.27e+16,gcmt,,outer_rise,
C201403021618A,2014-03-02T16:18:32,-76.93,-45.78,21.0,5.0,mw,0.03,0.03,1.0,,160.0,33.0,-86.0,336.0,57.0,-93.0,-3.78e+16,4540000000000000.0,3.33e+16,8030000000000000.0,-1.55e+16,-1.3799999999999998e+16,gcmt,,outer_rise,
b000mzjs,2014-03-02T17:03:43,-77.0,-45.94,12.0,5.4,mwc,,,1.8,,343.0,53.0,-90.0,164.0,37.0,-90.0,-1.27e+17,1.6e+16,1.11e+17,1.06e+16,-3.47e+16,-3.08e+16,anss,gcmt:C201403021703A,outer_rise,
C201403030317A,2014-03-03T03:17:50,-72.11,-33.21,22.0,5.2,mw,0.02,0.01,0.7,,2.0,24.0,96.0,176.0,67.0,87.0,6.969999999999999e+16,-5500000000000000.0,-6.42e+16,6700000000000000.0,-6.21e+16,600000000000000.0,gcmt,,slab_interface,19.5809230804
b000n0mp,2014-03-04T10:51:21,-72.117692,-33.622285,27.4831,5.7,mww,relocated,relocated,relocated,,178.0,77.0,79.0,39.0,17.0,130.0,2.35e+17,-2.04e+16,-2.145e+17,4.83e+16,-4.655e+17,-8.71e+16,anss,gcmt:C201403041051A,intra_slab,21.3821468353
C201403060437A,2014-03-06T04:37:08,-71.352584,-33.346654,59.9038,5.4,mw,relocated,relocated,relocated,,75.0,61.0,11.0,340.0,81.0,150.0,4.53e+16,-9.88e+16,5.35e+16,-2.13e+16,6.57e+16,1.2e+17,gcmt,,intra_slab,45.8192329407
c000nchd,2014-03-15T14:46:31,-71.708067,-34.755171,46.9514,5.1,mww,relocated,relocated,relocated,,175.0,50.0,83.0,6.0,40.0,98.0,6.236e+16,2690000000000000.0,-6.505e+16,5690000000000000.0,-1.127e+16,-660000000000000.0,anss,gcmt:C201403151446A,slab_interface,49.6079330444
c000nu2x,2014-03-27T23:51:00,-68.868352,-29.125206,1.2066,5.7,mww,relocated,relocated,relocated,,177.0,83.0,143.0,272.0,54.0,9.0,3.55e+16,-3.78e+16,2300000000000000.0,-7.39e+16,-2.623e+17,3.394e+17,anss,gcmt:C201403272350A,backarc,
c000p4ng,2014-04-04T09:52:12,-70.691423,-31.48138,114.276,5.4,mww,relocated,relocated,relocated,,74.0,89.0,-21.0,165.0,69.0,-179.0,2500000000000000.0,-7.01e+16,6.76e+16,-5.05e+16,-9500000000000000.0,1.14e+17,anss,gcmt:C201404040952A,slab_deep,75.5297851562
c000p66r,2014-04-05T02:22:42,-71.464853,-32.681555,41.0386,5.6,mwc,relocated,relocated,relocated,0.059,193.0,64.0,96.0,358.0,27.0,77.0,2.14e+17,4.1e+16,-2.55e+17,-4.73e+16,-1.72e+17,-3.38e+16,anss,gcmt:C201404050222A,slab_interface,40.1917419434
C201404301800A,2014-04-30T18:01:00,-71.93,-32.66,39.8,5.2,mw,0.02,0.01,0.8,,358.0,29.0,88.0,180.0,61.0,91.0,6.750000000000001e+16,4000000000000000.0,-7.15e+16,-600000000000000.0,-4.37e+16,1200000000000000.0,gcmt,,slab_interface,22.5981655121
b000qxwk,2014-05-21T09:00:58,-71.462991,-30.446933,33.6625,5.1,mww,relocated,relocated,relocated,,159.0,50.0,82.0,351.0,41.0,99.0,4.973e+16,-3900000000000000.0,-4.584e+16,7290000000000000.0,-5850000000000000.0,1.212e+16,anss,gcmt:C201405210900A,slab_interface,36.8070144653
b000r53z,2014-05-27T09:04:16,-73.834892,-35.930913,24.6451,5.1,mww,relocated,relocated,relocated,,181.0,68.0,83.0,18.0,22.0,106.0,4.119e+16,-1480000000000000.0,-3.971e+16,1590000000000000.0,-4.329e+16,-7130000000000000.0,anss,gcmt:C201405270904A,intra_slab,12.1886234283
C201405302206A,2014-05-30T22:06:20,-72.231065,-33.519412,20.952,5.1,mw,relocated,relocated,relocated,,359.0,30.0,84.0,186.0,60.0,93.0,4.26e+16,-2380000000000000.0,-4.019999999999999e+16,-4100000000000000.0,-2.32e+16,-1570000000000000.0,gcmt,,slab_interface,17.306936264
b000rsk9,2014-07-13T07:18:29,-70.701727,-30.742051,92.2263,5.3,mww,relocated,relocated,relocated,,159.0,72.0,83.0,360.0,19.0,109.0,7.75e+16,-6610000000000000.0,-7.089e+16,4.137e+16,-9.368e+16,1.054e+16,anss,gcmt:C201407130718A,slab_deep,73.4015960693
C201407260731A,2014-07-26T07:31:47,-72.42,-30.54,14.6,5.0,mw,0.02,0.02,0.8,,357.0,28.0,97.0,168.0,62.0,86.0,3.06e+16,-3240000000000000.0,-2.7400000000000004e+16,5290000000000000.0,-1.92e+16,3050000000000000.0,gcmt,,slab_interface,10.2870883942
b000s1ci,2014-08-08T04:10:16,-72.08,-33.86,25.5,5.2,mww,,,2.4,,170.0,58.0,75.0,16.0,35.0,111.0,5.868e+16,3540000000000000.0,-6.222e+16,1.336e+16,-2.577e+16,-3540000000000000.0,anss,gcmt:C201408080410A,slab_interface,23.2626113892
b000s5rc,2014-08-23T22:32:32,-71.531694,-32.730821,36.3984,6.4,mww,relocated,relocated,relocated,,183.0,69.0,92.0,359.0,21.0,86.0,3.729e+18,5.8e+16,-3.787e+18,-3.07e+17,-4.096e+18,-9.5e+16,anss,gcmt:C201408232232A,slab_interface,36.2186012268
b000sfgp,2014-09-24T06:34:39,-73.38,-34.39,11.5,5.0,mww,4.8,4.8,1.7,,2.0,72.0,-92.0,190.0,18.0,-83.0,-2.176e+16,-390000000000000.0,2.215e+16,-770000000000000.0,-2.966e+16,2350000000000000.0,anss,,outer_rise,
b000sguw,2014-09-28T08:46:35,-73.179666,-35.654323,8.5091,5.2,mww,relocated,relocated,relocated,,190.0,60.0,96.0,358.0,30.0,80.0,7.684e+16,-1450000000000000.0,-7.539e+16,-1.244e+16,-4.337e+16,-5030000000000000.0,anss,gcmt:C201409280846A,forearc,20.2349033356
b000slyx,2014-10-14T09:16:42,-72.0946,-33.7109,25.0,5.0,mwr,5.3,5.3,3.1,0.055,9.62,24.27,102.45,176.01,66.33,84.45,2.7721e+16,-2121000000000000.0,-2.56e+16,3431000000000000.0,-2.4272e+16,-1451000000000000.0,anss,,slab_interface,22.0608615875
b000sq7s,2014-10-23T23:38:52,-72.361443,-34.010241,18.7809,5.0,mwr,relocated,relocated,relocated,0.048,37.05,3.58,134.15,172.84,87.43,87.5,8306000000000000.0,-8221000000000000.0,-85000000000000.0,6071000000000000.0,-4.3009e+16,-2971000000000000.0,anss,gcmt:C201410232338A,intra_slab,18.5418395996
C201410251705A,2014-10-25T17:05:20,-72.58,-33.89,30.4,5.0,mw,0.03,0.02,1.0,,29.0,27.0,112.0,184.0,65.0,79.0,3.35e+16,-8190000000000000.0,-2.53e+16,3230000000000000.0,-2.55e+16,-7300000000000000.0,gcmt,,intra_slab,13.1379022598
C201501180359A,2015-01-18T03:59:58,-71.9,-33.13,25.0,5.2,mw,0.02,0.02,0.0,,18.0,17.0,128.0,158.0,77.0,80.0,3.11e+16,970000000000000.0,-3.2e+16,2.58e+16,-5.47e+16,-640000000000000.0,gcmt,,slab_interface,24.8597393036
C201501270527A,2015-01-27T05:27:51,-73.83,-36.84,28.8,5.0,mw,0.04,0.02,1.4,,10.0,21.0,90.0,190.0,69.0,90.0,2.53e+16,-2650000000000000.0,-2.26e+16,-4900000000000000.0,-2.7e+16,-3730000000000000.0,gcmt,,intra_slab,17.2448806763
C201502021049A,2015-02-02T10:49:52,-67.449789,-32.145041,65.0985,6.3,mw,relocated,relocated,relocated,,304.0,4.0,-13.0,47.0,89.0,-94.0,5.88e+17,-1.6e+16,-5.72e+17,-2.4e+18,-2.07e+18,1.07e+18,gcmt,,slab_deep,114.808197021
b000tq1p,2015-02-17T14:36:01,-70.895398,-32.382735,84.137,5.4,mww,relocated,relocated,relocated,,149.0,82.0,169.0,241.0,79.0,8.0,2.71e+16,-1.372e+17,1.101e+17,400000000000000.0,-2.56e+16,7.18e+16,anss,gcmt:C201502171435A,intra_slab,64.3722000122
C201503011548A,2015-03-01T15:48:25,-71.75,-27.42,36.5,5.0,mw,0.03,0.02,1.3,,7.0,26.0,102.0,173.0,64.0,84.0,2.89e+16,6440000000000000.0,-3.53e+16,3960000000000000.0,-2.51e+16,610000000000000.0,gcmt,,slab_interface,10.0178604126
C201503021653A,2015-03-02T16:53:49,-71.090405,-27.850525,29.2337,5.3,mw,relocated,relocated,relocated,,26.0,33.0,121.0,170.0,62.0,72.0,7.45e+16,2.91e+16,-1.04e+17,1.52e+16,-5.37e+16,-1.4000000000000002e+16,gcmt,,intra_slab,26.9128646851
c000tv3t,2015-03-05T02:08:49,-72.688906,-34.327367,15.239,5.0,mwr,relocated,relocated,relocated,0.065,0.16,87.85,-73.13,97.22,17.0,-172.63,-4967000000000000.0,5602000000000000.0,-635000000000000.0,-3179000000000000.0,-3.3867e+16,-1.02e+16,anss,gcmt:C201503050208A,intra_slab,14.8764829636
c000tvct,2015-03-05T21:30:35,-71.383455,-29.269226,47.3427,5.3,mww,relocated,relocated,relocated,,344.0,66.0,51.0,227.0,45.0,145.0,5.432e+16,3.065e+16,-8.497e+16,-2.859e+16,4.019e+16,-3.192e+16,anss,gcmt:C201503052130A,intra_slab,31.4291534424
C201503061039A,2015-03-06T10:39:50,-78.91,-44.52,14.3,5.0,mw,0.02,0.01,1.6,,77.0,74.0,-172.0,345.0,82.0,-16.0,-1680000000000000.0,2.06e+16,-1.89e+16,-2990000000000000.0,-1.36e+16,-3.74e+16,gcmt,,outer_rise,
C201503131916A,2015-03-13T19:16:08,-73.203424,-44.660838,1.7466,5.0,mw,relocated,relocated,relocated,,99.0,61.0,4.0,7.0,86.0,151.0,-2270000000000000.0,8810000000000000.0,-6540000000000000.0,8580000000000000.0,1.6200000000000002e+16,2.93e+16,gcmt,,crustal_intraarc_shallow,
10001nj1,2015-03-18T18:27:38,-73.840719,-36.098188,2.4508,6.2,mww,relocated,relocated,relocated,,189.0,76.0,87.0,19.0,14.0,100.0,1.265e+18,8.8e+16,-1.352e+18,-3.9e+17,-2.475e+18,-3.75e+17,anss,gcmt:C201503181827A,forearc,13.1334247589
10001njq,2015-03-18T19:07:55,-73.574105,-36.038018,10.8511,5.4,mww,relocated,relocated,relocated,,182.0,71.0,87.0,11.0,19.0,99.0,1.173e+17,-3200000000000000.0,-1.141e+17,-1800000000000000.0,-1.472e+17,-1.32e+16,anss,gcmt:C201503181907A,slab_interface,17.6879463196
10001np8,2015-03-19T01:33:19,-73.397674,-36.058912,11.0772,5.0,mww,relocated,relocated,relocated,,194.0,82.0,91.0,5.0,8.0,81.0,9170000000000000.0,2820000000000000.0,-1.199e+16,-9680000000000000.0,-3.878e+16,-2950000000000000.0,anss,,slab_interface,20.6132164001
10001nrg,2015-03-19T08:34:25,-73.91,-36.05,11.5,5.2,mww,3.8,3.8,3.5,,193.0,78.0,95.0,349.0,13.0,67.0,2.925e+16,5050000000000000.0,-3.43e+16,-1.632e+16,-6.558e+16,-1860000000000000.0,anss,gcmt:C201503190834A,slab_interface,12.1397390366
10001spm,2015-04-01T08:17:32,-71.749518,-29.363485,26.0637,5.4,mww,relocated,relocated,relocated,,203.0,83.0,112.0,310.0,23.0,17.0,4.5e+16,3e+16,-7.51e+16,-8.32e+16,-1.441e+17,4.09e+16,anss,gcmt:C201504010817A,intra_slab,20.3970184326
100028yq,2015-05-14T15:08:06,-71.513698,-28.744717,19.0352,5.1,mww,relocated,relocated,relocated,,191.0,75.0,82.0,39.0,17.0,117.0,3.18e+16,-3910000000000000.0,-2.789e+16,-7990000000000000.0,-5.364e+16,-1.423e+16,anss,gcmt:C201505141508A,forearc,23.1292476654
20002k8v,2015-05-29T04:28:18,-70.67198,-28.192031,43.751,5.2,mww,relocated,relocated,relocated,,157.0,61.0,83.0,351.0,29.0,102.0,5.369e+16,7330000000000000.0,-6.102e+16,1.66e+16,-3.496e+16,2.261e+16,anss,gcmt:C201505290428A,slab_interface,50.0118980408
C201506021032A,2015-06-02T10:32:50,-72.493308,-33.895875,19.5245,5.1,mw,relocated,relocated,relocated,,27.0,26.0,107.0,188.0,66.0,82.0,4.38e+16,290000000000000.0,-4.41e+16,-2940000000000000.0,-3.99e+16,-1.47e+16,gcmt,,slab_interface,14.8162698746
10002ke8,2015-06-20T02:10:13,-73.979605,-36.444019,72.2259,6.4,mww,relocated,relocated,relocated,,187.0,80.0,83.0,40.0,12.0,123.0,1.963e+18,-3.3e+17,-1.634e+18,-4.35e+17,-5.009e+18,-7.87e+17,anss,gcmt:C201506200210A,intra_slab,12.9829692841
10002kfc,2015-06-20T05:22:35,-73.76561,-36.423869,63.0309,5.5,mww,relocated,relocated,relocated,,160.0,72.0,71.0,28.0,26.0,135.0,1.099e+17,2.92e+16,-1.391e+17,6.93e+16,-1.367e+17,-1e+16,anss,gcmt:C201506200522A,intra_slab,16.5976390839
20002xvy,2015-07-16T10:48:09,-71.853406,-29.622087,26.9995,5.0,mww,relocated,relocated,relocated,,220.0,58.0,-69.0,5.0,37.0,-119.0,-3.922e+16,3240000000000000.0,3.598e+16,1.937e+16,8680000000000000.0,1.593e+16,anss,gcmt:C201507161048A,intra_slab,18.8743286133
20002y48,2015-07-17T11:11:27,-73.247245,-35.560041,23.6146,5.2,mww,relocated,relocated,relocated,,192.0,77.0,94.0,356.0,13.0,74.0,3.255e+16,1.33e+16,-4.586e+16,-1.748e+16,-8.006e+16,-7010000000000000.0,anss,gcmt:C201507171111A,slab_interface,18.0831832886
C201507200947A,2015-07-20T09:47:44,-74.45,-35.81,17.5,5.1,mw,0.01,0.02,0.6,,16.0,43.0,-97.0,205.0,47.0,-84.0,-5.35e+16,7210000000000000.0,4.62e+16,5180000000000000.0,1540000000000000.0,1.67e+16,gcmt,,outer_rise,
10002x3v,2015-08-01T11:30:25,-68.690017,-30.068441,3.9166,5.2,mww,relocated,relocated,relocated,,356.0,62.0,106.0,144.0,32.0,63.0,5.343e+16,-210000000000000.0,-5.322e+16,5110000000000000.0,3.689e+16,2.146e+16,anss,gcmt:C201508011130A,backarc,
100031b7,2015-08-12T00:14:42,-71.596418,-31.730663,32.7017,5.5,mww,relocated,relocated,relocated,,176.0,63.0,95.0,344.0,27.0,80.0,1.608e+17,-1.13e+16,-1.495e+17,-1100000000000000.0,-1.141e+17,2.6e+16,anss,gcmt:C201508120014A,slab_interface,33.6237983704
100034du,2015-08-23T23:10:06,-71.323609,-29.721762,47.8572,5.7,mww,relocated,relocated,relocated,,216.0,49.0,100.0,21.0,42.0,79.0,3.712e+17,-7.21e+16,-2.991e+17,-6e+16,-1.48e+16,-1.76e+17,anss,gcmt:C201508232310A,slab_interface,39.3001251221
20003k7a,2015-09-16T22:55:23,-71.77,-31.38,25.5,8.3,mww,4.7,4.7,3.2,,180.0,71.0,92.0,353.0,19.0,83.0,1.915e+21,3.5e+19,-1.949e+21,-3.6e+19,-2.536e+21,1.19e+20,anss,gcmt:C201509162254A,slab_interface,27.224029541
20003k7w,2015-09-16T23:18:57,-71.700903,-31.603661,5.1687,7.0,mww,relocated,relocated,relocated,,180.0,54.0,93.0,355.0,36.0,86.0,3.363e+19,-1.43e+18,-3.22e+19,-1.13e+18,-1.045e+19,1.17e+18,anss,gcmt:S201509162318A,forearc,29.4591903687
20003kc5,2015-09-17T01:33:03,-72.134511,-31.619138,13.3676,5.8,mwr,relocated,relocated,relocated,0.049,183.43,85.34,97.36,305.6,8.71,32.47,5.703e+16,7.115e+16,-1.2817e+17,-2.543e+16,-5.3474e+17,5.939e+16,anss,,forearc,16.1805305481
20003kcn,2015-09-17T01:41:15,-71.69257,-31.172058,12.8589,6.4,mww,relocated,relocated,relocated,,172.0,55.0,92.0,348.0,35.0,86.0,5.179e+18,8000000000000000.0,-5.186e+18,1.45e+17,-1.957e+18,9.59e+17,anss,,forearc,28.5390815735
20003kfj,2015-09-17T03:55:08,-71.735101,-31.498897,4.2775,6.5,mww,relocated,relocated,relocated,,157.0,56.0,79.0,356.0,35.0,106.0,5.844e+18,2.56e+17,-6.1e+18,1.542e+18,-2.132e+18,1.719e+18,anss,,forearc,27.4256629944
20003kfv,2015-09-17T04:10:35,-71.731773,-31.549128,1.8144,6.7,mww,relocated,relocated,relocated,,172.0,62.0,89.0,353.0,28.0,91.0,1.023e+19,-6.4e+17,-9.59e+18,9.9e+17,-6.69e+18,1.13e+18,anss,gcmt:C201509170410A,forearc,27.5229377747
20003kgi,2015-09-17T04:26:39,-72.01696,-31.382065,6.5809,5.5,mwr,relocated,relocated,relocated,0.048,0.85,29.46,68.89,204.76,62.69,101.5,1.7711e+17,-1360000000000000.0,-1.7574e+17,-7.109e+16,-1.0561e+17,-4.174e+16,anss,,forearc,19.420917511
20003khn,2015-09-17T05:44:38,-71.943307,-31.816652,18.6599,5.5,mwr,relocated,relocated,relocated,0.048,29.85,36.5,117.9,176.47,58.29,70.9,1.8024e+17,1530000000000000.0,-1.8178e+17,4.396e+16,-8.693e+16,-4.631e+16,anss,,forearc,21.559009552
20003kkt,2015-09-17T12:09:44,-72.181349,-32.147539,20.866,5.3,mwr,relocated,relocated,relocated,0.054,344.13,30.78,76.35,179.91,60.18,98.0,1.0129e+17,5910000000000000.0,-1.072e+17,-7250000000000000.0,-6.098e+16,1.553e+16,anss,,slab_interface,15.8980865479
20003kkw,2015-09-17T12:14:44,-72.140339,-32.144009,3.4881,5.9,mww,relocated,relocated,relocated,,166.0,78.0,91.0,341.0,12.0,85.0,4.131e+17,-4.16e+16,-3.714e+17,2.139e+17,-8.593e+17,1.093e+17,anss,gcmt:C201509171214A,forearc,16.9933204651
20003kl4,2015-09-17T13:32:34,-72.184379,-32.099947,12.199,5.9,mww,relocated,relocated,relocated,,182.0,75.0,88.0,11.0,15.0,99.0,4.744e+17,-1.269e+17,-3.475e+17,-7900000000000000.0,-7.463e+17,-3.77e+16,anss,gcmt:C201509171332A,slab_interface,15.8427591324
20150917204031,2015-09-17T20:40:37,-71.763446,-30.009335,19.1027,5.3,mwc,relocated,relocated,relocated,,357.0,30.0,103.0,162.0,61.0,82.0,8.42e+16,600000000000000.0,-8.49e+16,2.2e+16,-4.8e+16,1.66e+16,anss,gcmt:C201509172040A,slab_interface,23.3150367737
20150917220803,2015-09-17T22:08:10,-72.27,-30.37,21.4,5.1,mwc,5.4,5.4,3.6,0.048,358.0,28.0,86.0,183.0,63.0,92.0,5.03e+16,-7990000000000000.0,-4.23e+16,-3130000000000000.0,-3.24e+16,-120000000000000.0,anss,gcmt:C201509172208A,slab_interface,12.274058342
20150917223920,2015-09-17T22:39:22,-71.76595,-31.012139,15.3299,5.1,mwc,relocated,relocated,relocated,,237.0,23.0,-52.0,17.0,72.0,-105.0,-3.5e+16,1.81e+16,1.68e+16,-4060000000000000.0,-4.12e+16,1.32e+16,anss,gcmt:C201509172239A,forearc,26.3488082886
20150918031540,2015-09-18T03:15:44,-71.76,-31.44,40.7,5.0,mwc,5.5,5.5,3.9,0.043,3.0,37.0,100.0,171.0,53.0,83.0,4.06e+16,-970000000000000.0,-3.96e+16,5140000000000000.0,-1.14e+16,1750000000000000.0,anss,gcmt:C201509180315A,slab_interface,27.3259315491
20150918033217,2015-09-18T03:32:22,-72.122464,-31.742839,31.3361,5.2,mwc,relocated,relocated,relocated,0.041,356.0,22.0,92.0,174.0,68.0,89.0,4.71e+16,-2230000000000000.0,-4.49e+16,5070000000000000.0,-4.85e+16,3570000000000000.0,anss,gcmt:C201509180332A,intra_slab,17.5720443726
20003l3e,2015-09-18T04:24:05,-72.077216,-31.335832,3.4868,5.0,mww,relocated,relocated,relocated,,343.0,88.0,-110.0,249.0,20.0,-4.0,-4590000000000000.0,-1050000000000000.0,5650000000000000.0,1.413e+16,-3.226e+16,1.32e+16,anss,,forearc,16.8549365997
C201509180429A,2015-09-18T04:29:08,-71.740509,-31.664234,14.4976,5.1,mw,relocated,relocated,relocated,,5.0,41.0,90.0,185.0,49.0,90.0,5.24e+16,-9200000000000000.0,-4.32e+16,-450000000000000.0,-6370000000000000.0,-3060000000000000.0,gcmt,,forearc,27.7088794708
20003l55,2015-09-18T08:18:24,-72.31998,-32.266397,16.6717,5.6,mww,relocated,relocated,relocated,,170.0,76.0,89.0,352.0,13.0,92.0,1.433e+17,-9100000000000000.0,-1.342e+17,4.82e+16,-2.714e+17,1.99e+16,anss,gcmt:C201509180818A,slab_interface,13.9934110641
20003l5d,2015-09-18T09:10:52,-72.263374,-32.195695,5.0831,6.2,mww,relocated,relocated,relocated,,170.0,74.0,92.0,345.0,16.0,85.0,1.477e+18,-3.2e+16,-1.445e+18,3.8e+17,-2.355e+18,3.26e+17,anss,gcmt:C201509180910A,slab_interface,14.9184494019
20150918221216,2015-09-18T22:12:19,-72.29,-30.45,18.0,5.1,mwc,4.7,4.7,3.4,0.046,356.0,24.0,89.0,177.0,66.0,90.0,4.39e+16,-1560000000000000.0,-4.23e+16,1950000000000000.0,-3.98e+16,2510000000000000.0,anss,gcmt:C201509182212A,slab_interface,11.6075515747
20003lql,2015-09-19T05:06:53,-72.124973,-29.68038,5.211,6.1,mww,relocated,relocated,relocated,,179.0,69.0,93.0,351.0,21.0,83.0,1.039e+18,-6.1e+16,-9.78e+17,-1.3e+16,-1.111e+18,8.3e+16,anss,gcmt:C201509190506A,slab_interface,13.6941385269
20003ls4,2015-09-19T08:31:29,-72.13,-30.31,25.5,5.4,mww,4.7,4.7,1.8,,167.0,58.0,77.0,11.0,34.0,110.0,1.604e+17,-200000000000000.0,-1.602e+17,3.98e+16,-6.8e+16,1900000000000000.0,anss,gcmt:C201509190831A,slab_interface,13.9849224091
20003lsq,2015-09-19T09:07:11,-71.595185,-31.1557,7.4323,5.7,mww,relocated,relocated,relocated,,173.0,59.0,81.0,9.0,32.0,104.0,4.58e+17,5400000000000000.0,-4.633e+17,6.92e+16,-2.3e+17,-1.02e+16,anss,gcmt:C201509190907A,forearc,32.5318641663
20003luw,2015-09-19T12:52:26,-71.958411,-32.325234,1.8555,6.2,mww,relocated,relocated,relocated,,178.0,68.0,88.0,4.0,22.0,96.0,1.835e+18,-8.2e+16,-1.753e+18,1.02e+17,-1.918e+18,-4.3e+16,anss,gcmt:C201509191252A,forearc,22.3111934662
20003lv1,2015-09-19T13:09:02,-72.008191,-30.614311,16.6222,5.6,mww,relocated,relocated,relocated,,180.0,72.0,93.0,351.0,18.0,81.0,1.957e+17,-1.09e+16,-1.848e+17,-6800000000000000.0,-2.63e+17,1.44e+16,anss,gcmt:C201509191308A,slab_interface,17.8663043976
20150919181314,2015-09-19T18:13:19,-72.14,-31.41,38.2,5.0,mwc,5.6,5.6,3.5,,6.0,31.0,97.0,179.0,59.0,86.0,3.22e+16,-940000000000000.0,-3.12e+16,1800000000000000.0,-1.74e+16,-1350000000000000.0,anss,gcmt:C201509191813A,slab_interface,15.8329782486
20150920030201,2015-09-20T03:02:01,-71.390829,-30.856228,49.1555,5.1,mwc,relocated,relocated,relocated,0.043,340.0,33.0,75.0,178.0,58.0,100.0,5.42e+16,1560000000000000.0,-5.58e+16,-3880000000000000.0,-2.73e+16,1.14e+16,anss,gcmt:C201509200302A,slab_interface,40.676322937
20003m40,2015-09-20T06:07:08,-72.065255,-31.696054,19.1534,5.1,mww,relocated,relocated,relocated,,176.0,73.0,88.0,3.0,17.0,96.0,3.288e+16,5920000000000000.0,-3.88e+16,3620000000000000.0,-5.431e+16,540000000000000.0,anss,gcmt:C201509200607A,slab_interface,18.7002372742
20150920090232,2015-09-20T09:02:38,-72.222612,-30.300523,12.5571,5.1,mwc,relocated,relocated,relocated,,7.0,22.0,77.0,201.0,69.0,95.0,3.66e+16,-3180000000000000.0,-3.35e+16,-1.55e+16,-3.58e+16,-7480000000000000.0,anss,gcmt:C201509200902A,slab_interface,13.0588293076
20003mcj,2015-09-21T05:39:37,-71.732148,-31.636766,26.6803,6.1,mww,relocated,relocated,relocated,,168.0,58.0,81.0,6.0,33.0,104.0,1.58e+18,6.1e+16,-1.641e+18,3e+17,-7.19e+17,8.9e+16,anss,gcmt:C201509210539A,slab_interface,27.7088794708
20003mgp,2015-09-21T15:37:10,-71.785148,-31.100578,21.8241,5.4,mww,relocated,relocated,relocated,,176.0,70.0,89.0,358.0,20.0,92.0,1.118e+17,800000000000000.0,-1.127e+17,9000000000000000.0,-1.364e+17,5100000000000000.0,anss,gcmt:C201509211537A,slab_interface,24.8301887512
20003mi0,2015-09-21T17:40:08,-71.541696,-31.754377,0.0027,6.6,mww,relocated,relocated,relocated,,171.0,62.0,82.0,9.0,29.0,105.0,7.063e+18,6.47e+17,-7.71e+18,1.246e+18,-4.836e+18,3.8e+16,anss,gcmt:C201509211739A,forearc,35.703502655
20003mis,2015-09-21T18:36:59,-71.78511,-31.085276,23.4301,5.5,mww,relocated,relocated,relocated,,176.0,62.0,88.0,1.0,28.0,94.0,1.985e+17,-1.32e+16,-1.853e+17,1.38e+16,-1.278e+17,4000000000000000.0,anss,gcmt:C201509211836A,slab_interface,24.8301887512
20003mjn,2015-09-21T19:56:07,-71.601759,-31.769563,28.6068,5.6,mww,relocated,relocated,relocated,,162.0,75.0,87.0,355.0,15.0,102.0,1.51e+17,1.93e+16,-1.703e+17,8.93e+16,-2.736e+17,4.42e+16,anss,gcmt:C201509211956A,slab_interface,33.6237983704
20003msd,2015-09-22T07:13:05,-71.154047,-31.44733,67.553,6.0,mww,relocated,relocated,relocated,,171.0,65.0,80.0,14.0,27.0,111.0,1.133e+18,-7000000000000000.0,-1.127e+18,2.64e+17,-9.11e+17,-6.1e+16,anss,gcmt:C201509220712A,intra_slab,54.382106781
20003nam,2015-09-23T11:32:40,-72.29,-31.63,23.5,5.0,mww,6.0,6.0,1.8,,179.0,56.0,94.0,352.0,34.0,84.0,3.195e+16,2290000000000000.0,-3.424e+16,-1090000000000000.0,-1.34e+16,2530000000000000.0,anss,gcmt:C201509231132A,slab_interface,13.3058166504
20003nrd,2015-09-24T16:13:33,-71.16,-30.85,50.5,5.2,mww,5.7,5.7,4.0,,172.0,52.0,93.0,348.0,38.0,86.0,7.237e+16,-390000000000000.0,-7.198e+16,330000000000000.0,-1.972e+16,1.292e+16,anss,,slab_interface,52.9534912109
C201509252030A,2015-09-25T20:31:02,-72.012394,-30.607982,19.6717,5.0,mw,relocated,relocated,relocated,,344.0,30.0,75.0,181.0,62.0,98.0,3.16e+16,3290000000000000.0,-3.4900000000000004e+16,-2420000000000000.0,-2.15e+16,4910000000000000.0,gcmt,,slab_interface,17.8663043976
20003p9y,2015-09-26T02:51:24,-71.27,-30.92,60.5,6.3,mww,6.0,6.0,1.8,,179.0,63.0,98.0,342.0,28.0,75.0,2.846e+18,-1.17e+17,-2.729e+18,-2.14e+17,-2.043e+18,4.54e+17,anss,gcmt:C201509260251A,slab_interface,48.154548645
20150927210445,2015-09-27T21:04:51,-71.73,-31.79,38.2,5.1,mwc,4.2,4.2,4.3,,336.0,31.0,80.0,167.0,60.0,96.0,5.46e+16,-7640000000000000.0,-4.7e+16,3100000000000000.0,-2.96e+16,1.51e+16,anss,gcmt:C201509272104A,slab_interface,27.9618015289
20151002162247,2015-10-02T16:22:52,-71.82,-30.77,35.8,5.0,mwc,3.6,3.6,4.6,,349.0,26.0,109.0,148.0,66.0,81.0,3.07e+16,-3790000000000000.0,-2.69e+16,1.65e+16,-2.13e+16,1.04e+16,anss,gcmt:C201510021622A,slab_interface,24.0231132507
C201510021633A,2015-10-02T16:33:30,-72.608712,-31.10384,16.4652,5.0,mw,relocated,relocated,relocated,,216.0,52.0,-50.0,343.0,53.0,-129.0,-3.17e+16,-5350000000000000.0,3.71e+16,2.15e+16,-4130000000000000.0,7360000000000000.0,gcmt,,outer_rise,
10003jyn,2015-10-03T06:03:49,-73.67,-37.46,23.5,5.8,mww,3.8,3.8,3.4,,175.0,73.0,85.0,11.0,17.0,104.0,3.247e+17,4.66e+16,-3.713e+17,4.95e+16,-5.128e+17,-1.57e+16,anss,gcmt:C201510030603A,slab_interface,23.064994812
10003jyt,2015-10-03T06:26:59,-71.399465,-30.367337,28.1766,5.9,mww,relocated,relocated,relocated,,170.0,50.0,77.0,10.0,42.0,105.0,7.71e+17,-2.16e+16,-7.494e+17,1.47e+17,-1.089e+17,-8400000000000000.0,anss,gcmt:C201510030626A,forearc,38.5953941345
10003k08,2015-10-03T11:21:02,-71.650911,-29.842906,30.5674,5.1,mww,relocated,relocated,relocated,,185.0,62.0,89.0,6.0,28.0,91.0,4.974e+16,-810000000000000.0,-4.893e+16,-2850000000000000.0,-3.374e+16,-4850000000000000.0,anss,gcmt:C201510031121A,slab_interface,26.0253257751
10003k53,2015-10-04T03:49:55,-72.175453,-30.325261,12.7259,5.5,mww,relocated,relocated,relocated,,171.0,68.0,84.0,6.0,22.0,104.0,1.632e+17,-4500000000000000.0,-1.587e+17,3.5e+16,-1.679e+17,1900000000000000.0,anss,gcmt:C201510040349A,slab_interface,13.1374368668
10003k6h,2015-10-04T10:11:57,-71.682649,-30.653116,27.9214,5.0,mww,relocated,relocated,relocated,,175.0,54.0,69.0,28.0,41.0,116.0,3.226e+16,5650000000000000.0,-3.79e+16,6930000000000000.0,-1.05e+16,-8960000000000000.0,anss,gcmt:C201510041011A,intra_slab,27.2644672394
10003kg9,2015-10-05T16:33:28,-71.544793,-30.28997,25.6761,5.9,mww,relocated,relocated,relocated,,178.0,56.0,82.0,13.0,35.0,102.0,7.882e+17,-9.91e+16,-6.891e+17,9.17e+16,-2.841e+17,-6.41e+16,anss,gcmt:C201510051633A,slab_interface,31.857219696
C201510060451A,2015-10-06T04:51:45,-72.52,-30.26,24.0,5.0,mw,0.03,0.03,1.0,,342.0,34.0,75.0,181.0,57.0,100.0,3.22e+16,600000000000000.0,-3.28e+16,-3480000000000000.0,-1.5e+16,5080000000000000.0,gcmt,,outer_rise,
10003mjs,2015-10-09T18:27:35,-71.721703,-31.749704,25.528,5.5,mww,relocated,relocated,relocated,,181.0,60.0,92.0,356.0,30.0,86.0,1.515e+17,2.71e+16,-1.786e+17,-4000000000000000.0,-9.72e+16,4200000000000000.0,anss,gcmt:C201510091827A,slab_interface,29.7088356018
10003mxa,2015-10-12T03:15:24,-71.759741,-31.189834,26.6154,5.6,mww,relocated,relocated,relocated,,170.0,60.0,82.0,6.0,30.0,104.0,2.32e+17,1.45e+16,-2.465e+17,4.12e+16,-1.376e+17,9900000000000000.0,anss,gcmt:C201510120315A,slab_interface,26.7989559174
C201510151923A,2015-10-15T19:23:27,-71.640225,-30.591583,31.5171,5.0,mw,relocated,relocated,relocated,,29.0,33.0,114.0,180.0,60.0,75.0,3.12e+16,5870000000000000.0,-3.71e+16,3040000000000000.0,-1.97e+16,-1.06e+16,gcmt,,intra_slab,29.0017337799
10003pvh,2015-10-20T10:06:17,-71.45291,-30.743347,41.1872,5.0,mww,relocated,relocated,relocated,,330.0,52.0,64.0,189.0,45.0,119.0,3.632e+16,5620000000000000.0,-4.194e+16,-1.332e+16,2060000000000000.0,9190000000000000.0,anss,gcmt:C201510201006A,slab_interface,38.0024108887
10003r82,2015-10-24T21:24:46,-71.416937,-31.443695,43.0986,5.0,mww,relocated,relocated,relocated,,175.0,59.0,100.0,335.0,33.0,73.0,2.802e+16,7150000000000000.0,-3.517e+16,30000000000000.0,-1.668e+16,1.084e+16,anss,gcmt:C201510242124A,slab_interface,42.1026992798
10003v5a,2015-11-06T08:44:13,-72.20101,-30.14397,14.4125,5.4,mww,relocated,relocated,relocated,,174.0,66.0,85.0,6.0,25.0,101.0,1.166e+17,-1800000000000000.0,-1.148e+17,1.6e+16,-9.94e+16,-1100000000000000.0,anss,gcmt:C201511060844A,slab_interface,12.817317009
10003vgi,2015-11-07T07:04:40,-72.335834,-29.473418,6.3372,6.2,mww,relocated,relocated,relocated,,194.0,72.0,90.0,12.0,18.0,89.0,1.332e+18,-1.02e+17,-1.23e+18,-4.41e+17,-1.809e+18,-2.73e+17,anss,gcmt:C201511070704A,slab_interface,9.44511508942
10003vgt,2015-11-07T07:31:50,-71.49325,-30.879313,46.316,6.8,mww,relocated,relocated,relocated,,174.0,69.0,87.0,2.0,21.0,98.0,1.231e+19,1.32e+18,-1.363e+19,1.84e+18,-1.445e+19,6.7e+17,anss,gcmt:C201511070731A,intra_slab,36.2196311951
10003vij,2015-11-07T10:53:44,-71.446292,-30.748215,46.8164,5.7,mww,relocated,relocated,relocated,,185.0,61.0,88.0,9.0,29.0,93.0,3.575e+17,1.87e+16,-3.762e+17,-1.61e+16,-2.389e+17,-5.03e+16,anss,gcmt:C201511071053A,slab_interface,38.0024108887
10003x8t,2015-11-11T01:54:50,-72.062251,-29.4699,12.1757,6.9,mww,relocated,relocated,relocated,,176.0,76.0,87.0,9.0,14.0,102.0,1.479e+19,6.9e+17,-1.548e+19,2.25e+18,-2.809e+19,-6.4e+17,anss,gcmt:C201511110154A,slab_interface,13.9155502319
10003x9g,2015-11-11T02:46:34,-72.194922,-29.526604,4.2914,6.9,mww,relocated,relocated,relocated,,180.0,74.0,88.0,6.0,16.0,96.0,1.256e+19,2.6e+17,-1.282e+19,3.3e+17,-2.097e+19,-5.9e+17,anss,gcmt:C201511110246A,slab_interface,11.6574525833
10004077,2015-11-21T23:05:34,-71.716673,-30.633847,26.1315,5.8,mww,relocated,relocated,relocated,,175.0,61.0,83.0,8.0,30.0,101.0,4.829e+17,6.26e+16,-5.456e+17,5.36e+16,-3.133e+17,-9400000000000000.0,anss,gcmt:C201511212305A,slab_interface,27.2644672394
100040mw,2015-11-24T09:14:18,-72.145199,-31.812193,25.0603,5.0,mww,relocated,relocated,relocated,,170.0,73.0,88.0,357.0,17.0,97.0,2.055e+16,1360000000000000.0,-2.191e+16,6240000000000000.0,-3.24e+16,2970000000000000.0,anss,gcmt:C201511240914A,slab_interface,16.5128746033
100041ui,2015-11-28T05:44:41,-72.262462,-30.357094,6.9716,5.6,mww,relocated,relocated,relocated,,179.0,65.0,95.0,348.0,26.0,80.0,2.337e+17,-3.52e+16,-1.985e+17,-9300000000000000.0,-1.779e+17,2.27e+16,anss,gcmt:C201511280544A,slab_interface,12.274058342
100044k5,2015-12-07T07:51:12,-71.3468,-31.4021,60.0,5.1,mwr,5.2,5.2,4.2,,174.01,69.91,85.08,8.07,20.66,103.19,3.6192e+16,8130000000000000.0,-4.4322e+16,5837000000000000.0,-4.6919e+16,108000000000000.0,anss,,slab_interface,44.4297866821
1000454p,2015-12-08T12:56:12,-71.685926,-30.853934,30.8025,5.6,mww,relocated,relocated,relocated,,170.0,57.0,92.0,347.0,33.0,87.0,2.979e+17,-600000000000000.0,-2.973e+17,1.74e+16,-1.376e+17,6.22e+16,anss,gcmt:C201512081256A,slab_interface,27.8158378601
20004g1p,2015-12-10T00:09:38,-73.352751,-36.01176,10.5483,5.5,mww,relocated,relocated,relocated,,198.0,73.0,87.0,27.0,17.0,98.0,1.337e+17,-1.91e+16,-1.146e+17,-6e+16,-1.913e+17,-4.85e+16,anss,gcmt:C201512100009A,forearc,21.1578216553
100048du,2015-12-19T19:25:07,-71.37,-30.64,60.5,5.8,mww,5.7,5.7,2.9,,166.0,54.0,86.0,353.0,36.0,96.0,6.005e+17,-2.09e+16,-5.796e+17,7.65e+16,-1.94e+17,1.099e+17,anss,gcmt:C201512191925A,slab_interface,42.301902771
100049py,2015-12-26T17:58:11,-72.27,-31.85,25.5,5.0,mww,4.2,4.2,1.4,,168.0,69.0,89.0,351.0,21.0,93.0,2.896e+16,870000000000000.0,-2.983e+16,6970000000000000.0,-3.242e+16,5820000000000000.0,anss,gcmt:C201512261758B,slab_interface,14.5133466721
10004c4b,2016-01-07T15:40:49,-74.191168,-41.707602,38.026,5.0,mww,relocated,relocated,relocated,,175.0,69.0,67.0,45.0,31.0,135.0,2.278e+16,6770000000000000.0,-2.955e+16,5170000000000000.0,-2.593e+16,-1.257e+16,anss,gcmt:C201601071540A,intra_slab,23.5588932037
10004c96,2016-01-08T01:12:05,-71.721919,-30.673641,30.8831,5.7,mww,relocated,relocated,relocated,,180.0,57.0,86.0,8.0,33.0,97.0,4.366e+17,-1400000000000000.0,-4.353e+17,2.09e+16,-2.017e+17,-2.78e+16,anss,gcmt:C201601080112A,slab_interface,27.2644672394
C201601260019A,2016-01-26T00:19:15,-71.862966,-32.635386,19.7625,5.1,mw,relocated,relocated,relocated,,344.0,39.0,83.0,173.0,51.0,96.0,4.56e+16,1.04e+16,-5.61e+16,-540000000000000.0,-1.1200000000000002e+16,1.4e+16,gcmt,,slab_interface,25.5747833252
20160129200715,2016-01-29T20:07:20,-71.55549,-30.382201,33.8866,5.1,mwc,relocated,relocated,relocated,,14.0,33.0,105.0,177.0,58.0,80.0,5.24e+16,-230000000000000.0,-5.22e+16,6860000000000000.0,-2.52e+16,-5110000000000000.0,anss,gcmt:C201601292007A,slab_interface,32.2808990479
20160205052808,2016-02-05T05:28:13,-71.792614,-31.09754,20.5737,5.0,mwc,relocated,relocated,relocated,,1.0,33.0,90.0,181.0,57.0,90.0,4.74e+16,-9660000000000000.0,-3.77e+16,-180000000000000.0,-1.91e+16,-570000000000000.0,anss,gcmt:C201602050528A,slab_interface,24.8301887512
20004z5b,2016-02-10T00:33:13,-71.660467,-30.608262,33.0155,6.3,mww,relocated,relocated,relocated,,176.0,62.0,87.0,4.0,28.0,96.0,3.44e+18,-1.22e+17,-3.318e+18,2.75e+17,-2.34e+18,-9000000000000000.0,anss,gcmt:C201602100033A,slab_interface,29.0017337799
C201602190533A,2016-02-19T05:33:14,-71.671876,-30.599983,28.4481,5.0,mw,relocated,relocated,relocated,,358.0,31.0,89.0,179.0,59.0,91.0,4.21e+16,-1740000000000000.0,-4.04e+16,160000000000000.0,-2.18e+16,1190000000000000.0,gcmt,,slab_interface,29.0017337799
C201602192150A,2016-02-19T21:50:51,-77.89,-45.8,25.2,5.0,mw,0.03,0.02,1.1,,80.0,72.0,-163.0,344.0,74.0,-19.0,-6800000000000000.0,2.08e+16,-1.4e+16,-8030000000000000.0,-1.48e+16,-3.51e+16,gcmt,,outer_rise,
10004rn7,2016-02-22T06:37:10,-72.155356,-30.479272,16.4203,6.0,mww,relocated,relocated,relocated,,174.0,65.0,90.0,355.0,25.0,91.0,9.98e+17,-2.1e+16,-9.77e+17,9.8e+16,-8.34e+17,1e+17,anss,gcmt:C201602220637A,slab_interface,14.3239841461
C201602260852A,2016-02-26T08:52:53,-67.54,-31.75,35.0,5.0,mw,0.02,0.01,1.7,,231.0,44.0,151.0,343.0,70.0,50.0,2.14e+16,1.33e+16,-3.47e+16,-1.72e+16,2.17e+16,-1.59e+16,gcmt,,backarc,
10004x18,2016-03-12T16:05:17,-71.544221,-30.30714,37.1524,5.1,mww,relocated,relocated,relocated,,157.0,55.0,70.0,9.0,40.0,115.0,4.796e+16,240000000000000.0,-4.819e+16,1.724e+16,-1.118e+16,5880000000000000.0,anss,gcmt:C201603121605A,slab_interface,31.857219696
20005a3a,2016-03-16T03:49:37,-71.68,-31.24,23.5,5.3,mww,4.6,4.6,3.5,,176.0,58.0,92.0,353.0,32.0,87.0,9.04e+16,7700000000000000.0,-9.81e+16,1900000000000000.0,-4.66e+16,1.02e+16,anss,gcmt:C201603160349A,slab_interface,28.7605895996
C201603271201A,2016-03-27T12:01:44,-77.32,-45.64,36.4,5.0,mw,0.04,0.02,2.0,,74.0,80.0,-174.0,343.0,84.0,-10.0,8060000000000000.0,1.49e+16,-2.29e+16,-3820000000000000.0,-9300000000000000.0,-2.86e+16,gcmt,,outer_rise,
20005eg7,2016-04-04T12:32:46,-71.810379,-31.216789,32.8532,5.3,mww,relocated,relocated,relocated,,167.0,64.0,83.0,3.0,27.0,105.0,9.68e+16,6300000000000000.0,-1.03e+17,2.4e+16,-7.52e+16,1.04e+16,anss,gcmt:C201604041232A,slab_interface,25.0471458435
20005fvy,2016-04-06T17:35:39,-71.681238,-31.504847,28.0871,5.3,mww,relocated,relocated,relocated,,168.0,61.0,82.0,4.0,30.0,104.0,8.19e+16,1.64e+16,-9.84e+16,1.64e+16,-5.44e+16,1e+16,anss,gcmt:C201604061735A,slab_interface,29.273973465
20005hz4,2016-04-14T09:38:47,-70.380543,-33.859697,111.5369,5.1,mww,relocated,relocated,relocated,,244.0,65.0,98.0,45.0,26.0,72.0,3.758e+16,-3.002e+16,-7560000000000000.0,-3.385e+16,-1.478e+16,-2.779e+16,anss,gcmt:C201604140938A,slab_deep,88.4995574951
20005jgy,2016-04-18T11:38:40,-71.342634,-31.751089,47.6423,5.2,mww,relocated,relocated,relocated,,177.0,64.0,105.0,326.0,30.0,62.0,6.453e+16,1.077e+16,-7.531e+16,-2700000000000000.0,-5.5e+16,2.86e+16,anss,gcmt:C201604181138A,slab_interface,44.6870498657
10005gih,2016-05-11T13:11:37,-71.793051,-30.702092,28.287,5.4,mww,relocated,relocated,relocated,,178.0,67.0,88.0,2.0,23.0,94.0,1.012e+17,900000000000000.0,-1.021e+17,5400000000000000.0,-1.003e+17,600000000000000.0,anss,gcmt:C201605111311A,slab_interface,23.8981742859
C201605192025A,2016-05-19T20:25:51,-66.688221,-28.083449,153.0149,5.1,mw,relocated,relocated,relocated,,165.0,49.0,-48.0,291.0,55.0,-128.0,-4.36e+16,1.81e+16,2.55e+16,2.16e+16,1.19e+16,-3.91e+16,gcmt,,slab_deep,129.45362854
10005j7v,2016-05-22T11:47:14,-71.636612,-30.637557,24.4622,5.1,mww,relocated,relocated,relocated,,169.0,50.0,80.0,3.0,41.0,101.0,5.416e+16,7020000000000000.0,-6.117e+16,6920000000000000.0,-7950000000000000.0,4880000000000000.0,anss,gcmt:C201605221147A,slab_interface,29.1599369049
20006257,2016-06-05T05:51:13,-71.805592,-29.334118,30.0553,5.8,mww,relocated,relocated,relocated,,203.0,77.0,116.0,318.0,29.0,28.0,2.554e+17,1.338e+17,-3.892e+17,-2.694e+17,-4.383e+17,1.09e+17,anss,gcmt:C201606050551A,intra_slab,19.0558128357
200062bu,2016-06-06T13:16:05,-71.572513,-30.061015,34.6964,5.5,mww,relocated,relocated,relocated,,180.0,72.0,88.0,7.0,18.0,97.0,1.242e+17,4800000000000000.0,-1.29e+17,1700000000000000.0,-1.801e+17,-8600000000000000.0,anss,gcmt:C201606061316A,slab_interface,30.7079772949
200062by,2016-06-06T13:21:59,-71.537957,-30.070096,37.5632,5.4,mww,relocated,relocated,relocated,,186.0,55.0,88.0,9.0,35.0,92.0,1.318e+17,1.8e+16,-1.498e+17,-3700000000000000.0,-5.38e+16,-2.14e+16,anss,gcmt:C201606061321A,slab_interface,30.7079772949
200065x1,2016-06-22T03:54:46,-71.721702,-30.619656,26.3617,5.1,mww,relocated,relocated,relocated,,171.0,53.0,81.0,6.0,38.0,102.0,4.986e+16,7170000000000000.0,-5.703e+16,6590000000000000.0,-1.432e+16,1810000000000000.0,anss,gcmt:C201606220354A,slab_interface,27.115354538
2000676p,2016-06-27T12:51:16,-71.27,-31.88,60.5,5.0,mww,5.6,5.6,2.2,,179.0,66.0,110.0,319.0,31.0,53.0,2.28e+16,5950000000000000.0,-2.875e+16,-1570000000000000.0,-2.188e+16,1.281e+16,anss,gcmt:C201606271251A,slab_interface,49.3453369141
C201607180258A,2016-07-18T02:58:53,-71.70293,-30.731669,21.7673,5.2,mw,relocated,relocated,relocated,,3.0,13.0,115.0,157.0,78.0,84.0,2.43e+16,4100000000000000.0,-2.84e+16,2.45e+16,-5.62e+16,7260000000000000.0,gcmt,,slab_interface,27.5486850739
C201607180859A,2016-07-18T08:59:45,-71.619258,-30.436991,18.4419,5.1,mw,relocated,relocated,relocated,,341.0,38.0,89.0,163.0,52.0,91.0,5.18e+16,-1300000000000000.0,-5.05e+16,3590000000000000.0,-1.3799999999999998e+16,1.74e+16,gcmt,,forearc,30.4440116882
20006fpn,2016-07-19T05:18:45,-72.201121,-30.189405,15.5019,5.8,mww,relocated,relocated,relocated,,179.0,73.0,88.0,4.0,17.0,95.0,4.003e+17,-1700000000000000.0,-3.985e+17,1.6e+16,-5.861e+17,-1.1e+16,anss,gcmt:C201607190518A,slab_interface,12.8989772797
C201607262300A,2016-07-26T23:00:24,-71.88,-32.59,31.9,5.0,mw,0.03,0.03,0.9,,159.0,39.0,69.0,5.0,54.0,106.0,3.1e+16,140000000000000.0,-3.11e+16,6560000000000000.0,9810000000000000.0,4640000000000000.0,gcmt,,intra_slab,24.0035572052
C201607270125A,2016-07-27T01:25:18,-79.48,-44.62,20.3,5.9,mw,0.01,0.0,0.4,,78.0,88.0,179.0,168.0,89.0,2.0,-5.520000000000001e+16,3.73e+17,-3.18e+17,2.64e+16,-3.27e+16,-7.55e+17,gcmt,,outer_rise,
C201608231447A,2016-08-23T14:47:29,-77.66,-45.77,22.2,5.0,mw,0.02,0.01,1.2,,76.0,70.0,-175.0,344.0,86.0,-20.0,-5950000000000000.0,2.3e+16,-1.7e+16,2950000000000000.0,-1.36e+16,-3.54e+16,gcmt,,outer_rise,
20006v8s,2016-08-30T08:09:13,-72.550235,-34.876418,6.7337,5.4,mww,relocated,relocated,relocated,,198.0,71.0,90.0,19.0,19.0,91.0,1.066e+17,-8100000000000000.0,-9.85e+16,-4.35e+16,-1.353e+17,-3.41e+16,anss,gcmt:C201608300809A,forearc,23.9811687469
C201609090003A,2016-09-09T00:03:48,-66.386096,-31.467754,286.5382,5.6,mw,relocated,relocated,relocated,,121.0,35.0,-133.0,350.0,65.0,-64.0,-1.85e+17,2.19e+16,1.63e+17,-3400000000000000.0,-1.64e+17,-1.54e+17,gcmt,,slab_deep,118.800521851
C201610011025A,2016-10-01T10:26:00,-72.29,-29.79,30.0,5.0,mw,0.04,0.03,0.7,,349.0,36.0,86.0,173.0,54.0,93.0,3.99e+16,-5480000000000000.0,-3.44e+16,80000000000000.0,-1.26e+16,4780000000000000.0,gcmt,,intra_slab,10.6990537643
100072gn,2016-10-27T20:33:03,-72.569014,-33.769173,19.1185,6.0,mww,relocated,relocated,relocated,,184.0,71.0,86.0,15.0,20.0,101.0,8.64e+17,2.4e+16,-8.89e+17,-4.2e+16,-1.097e+18,-1.51e+17,anss,gcmt:C201610272032A,slab_interface,13.040760994
100072zy,2016-10-29T22:01:44,-72.680776,-33.816672,12.0699,5.2,mww,relocated,relocated,relocated,,189.0,75.0,91.0,4.0,15.0,86.0,4.08e+16,610000000000000.0,-4.141e+16,-1.12e+16,-6.881e+16,-5050000000000000.0,anss,gcmt:C201610292201A,slab_interface,11.1157979965
C201610311115A,2016-10-31T11:15:48,-72.68,-33.74,29.8,5.0,mw,0.03,0.03,1.0,,8.0,35.0,85.0,194.0,55.0,94.0,4.49e+16,-4150000000000000.0,-4.08e+16,-5770000000000000.0,-1.48e+16,-7460000000000000.0,gcmt,,intra_slab,10.8680038452
1000744u,2016-11-04T16:20:50,-70.958183,-35.07439,94.1501,6.3,mww,relocated,relocated,relocated,,36.0,71.0,-74.0,176.0,24.0,-127.0,-2.296e+18,-2.5e+16,2.321e+18,-2.013e+18,-2.085e+18,6.58e+17,anss,gcmt:C201611041620A,slab_deep,87.5454864502
10007681,2016-11-08T04:55:51,-73.697973,-36.65553,20.4709,6.0,mww,relocated,relocated,relocated,,188.0,77.0,88.0,15.0,13.0,97.0,6.38e+17,1.8e+16,-6.56e+17,-1.64e+17,-1.301e+18,-1.37e+17,anss,gcmt:C201611080455A,slab_interface,18.9213695526
1000776j,2016-11-13T01:01:57,-67.42,-28.12,130.5,5.3,mww,6.5,6.5,2.9,,42.0,64.0,-59.0,169.0,39.0,-135.0,-7.531e+16,-1.993e+16,9.525e+16,-5.383e+16,-3.009e+16,3.624e+16,anss,gcmt:C201611130101A,slab_deep,108.870292664
100077ap,2016-11-13T14:01:00,-67.878967,-29.189788,136.8237,5.7,mwr,relocated,relocated,relocated,0.071,112.48,55.98,-127.8,346.67,49.09,-47.77,-3.1581e+17,1.1969e+17,1.9612e+17,-2.3166e+17,-1.4761e+17,-1.7488e+17,anss,,slab_deep,93.092628479
10007az5,2016-11-20T20:57:46,-68.53,-31.74,120.5,6.4,mww,5.0,5.0,1.8,,210.0,54.0,-86.0,24.0,36.0,-94.0,-6.006e+18,2.416e+18,3.589e+18,1.138e+18,1.238e+18,7.47e+17,anss,gcmt:C201611202057A,slab_deep,98.1453552246
C201612120140A,2016-12-12T01:40:28,-71.365729,-30.963696,48.2719,5.0,mw,relocated,relocated,relocated,,8.0,38.0,102.0,172.0,53.0,81.0,3.69e+16,1670000000000000.0,-3.86e+16,4930000000000000.0,-9570000000000000.0,50000000000000.0,gcmt,,slab_interface,43.3984336853
2000803e,2016-12-12T02:57:03,-68.06,-30.98,11.5,5.0,mww,4.6,4.6,1.7,,338.0,69.0,84.0,175.0,21.0,106.0,1.863e+16,5260000000000000.0,-2.389e+16,-9640000000000000.0,2.353e+16,8720000000000000.0,anss,gcmt:C201612120256A,backarc,
C201612162311A,2016-12-16T23:11:44,-71.666432,-30.419646,25.0104,5.2,mw,relocated,relocated,relocated,,334.0,31.0,82.0,163.0,59.0,95.0,6.17e+16,-5860000000000000.0,-5.58e+16,7100000000000000.0,-3.25e+16,2.3e+16,gcmt,,slab_interface,28.3139076233
C201612191536A,2016-12-19T15:36:52,-71.27,-30.8,43.7,5.0,mw,0.04,0.03,1.4,,354.0,38.0,94.0,169.0,52.0,87.0,3.79e+16,5840000000000000.0,-4.37e+16,3040000000000000.0,-1.04e+16,7690000000000000.0,gcmt,,forearc,47.7808456421
10007mn3,2016-12-25T14:22:42,-74.229771,-43.534537,35.3278,7.6,mww,relocated,relocated,relocated,,183.0,74.0,92.0,356.0,16.0,83.0,1.803e+20,-8.9e+18,-1.713e+20,-2.13e+19,-2.881e+20,1.8e+18,anss,gcmt:C201612251422A,slab_interface,28.1089038849
10007piy,2017-01-03T21:19:17,-74.581441,-43.453173,33.1302,5.5,mww,relocated,relocated,relocated,0.071,18.63,14.03,131.78,155.99,79.58,80.55,7.176e+16,2.859e+16,-1.0035e+17,8.818e+16,-1.924e+17,1.494e+16,anss,gcmt:C201701032119A,intra_slab,18.7755146027
C201701041324A,2017-01-04T13:24:07,-71.514467,-30.280566,53.676,5.0,mw,relocated,relocated,relocated,,175.0,38.0,119.0,320.0,58.0,69.0,3.33e+16,-2800000000000000.5,-3.05e+16,-1.61e+16,7170000000000000.0,1.33e+16,gcmt,,intra_slab,33.9461669922
C201701080033A,2017-01-08T00:33:51,-72.084569,-30.233287,22.5767,5.0,mw,relocated,relocated,relocated,,339.0,25.0,73.0,178.0,66.0,98.0,3e+16,-3550000000000000.0,-2.64e+16,-1700000000000000.0,-2.64e+16,5460000000000000.0,gcmt,,slab_interface,14.8893537521
20008h9r,2017-02-03T00:52:31,-69.708656,-33.154867,10.4011,5.4,mww,relocated,relocated,relocated,0.052,130.62,55.21,-22.41,233.86,71.75,-143.07,-6.798e+16,1.7209e+17,-1.0411e+17,4.469e+16,6.922e+16,-7630000000000000.0,anss,gcmt:C201702030052A,crustal_intraarc_shallow,
C201702121621A,2017-02-12T16:21:18,-71.58,-28.01,32.6,5.1,mw,0.02,0.02,0.9,,2.0,26.0,101.0,170.0,64.0,85.0,3.95e+16,4540000000000000.0,-4.41e+16,7310000000000000.0,-3.25e+16,3990000000000000.0,gcmt,,slab_interface,14.7953300476
20008k59,2017-02-16T07:02:12,-72.185439,-30.176479,3.7972,5.4,mww,relocated,relocated,relocated,0.048,4.41,15.36,94.5,179.75,74.69,88.77,7.097e+16,430000000000000.0,-7.139e+16,1310000000000000.0,-1.2023e+17,-2590000000000000.0,anss,gcmt:C201702160702A,slab_interface,12.8989772797
20008mhp,2017-02-26T08:59:16,-71.391971,-28.951183,30.5061,5.0,mww,relocated,relocated,relocated,0.089,3.89,30.06,101.04,171.19,60.55,83.68,3.3649e+16,-2469000000000000.0,-3.1181e+16,5421000000000000.0,-1.8872e+16,993000000000000.0,anss,gcmt:C201702260859A,slab_interface,28.4507160187
1000882x,2017-03-10T06:22:21,-72.006939,-30.619073,14.0224,5.2,mww,relocated,relocated,relocated,0.061,16.66,14.3,105.52,180.67,76.23,86.1,3.1826e+16,4857000000000000.0,-3.6683e+16,-57000000000000.0,-6.5779e+16,-5522000000000000.0,anss,gcmt:C201703100622A,slab_interface,17.8663043976
100088n2,2017-03-13T15:05:56,-71.356172,-30.45428,48.9311,5.1,mww,relocated,relocated,relocated,0.068,355.48,43.03,94.11,169.86,47.1,86.17,5.8554e+16,1.1468e+16,-7.0022e+16,2832000000000000.0,-4299000000000000.0,1.073e+16,anss,gcmt:C201703131505A,slab_interface,41.3968353271
C201703200817A,2017-03-20T08:17:31,-66.35,-27.2,187.4,5.0,mw,0.02,0.02,3.1,,269.0,53.0,-160.0,167.0,74.0,-39.0,-1.32e+16,1.58e+16,-2530000000000000.0,5940000000000000.0,2.72e+16,-3.19e+16,gcmt,,slab_deep,162.611709595
C201703270303A,2017-03-27T03:03:35,-71.726301,-36.242803,88.1009,5.1,mw,relocated,relocated,relocated,,246.0,42.0,-6.0,341.0,86.0,-132.0,-5340000000000000.0,-2.06e+16,2.59e+16,1.16e+16,-3.37e+16,2.31e+16,gcmt,,slab_deep,75.6984405518
10008dmt,2017-03-31T18:44:40,-71.438798,-30.733317,43.7604,5.2,mww,relocated,relocated,relocated,0.073,358.48,33.89,95.43,171.95,56.28,86.36,8.1363e+16,776000000000000.0,-8.2139e+16,7781000000000000.0,-3.3272e+16,7033000000000000.0,anss,gcmt:C201703311844A,slab_interface,38.0024108887
C201704111339A,2017-04-11T13:39:49,-70.034083,-27.633068,83.7298,5.1,mw,relocated,relocated,relocated,,272.0,46.0,171.0,8.0,84.0,45.0,8590000000000000.0,-1.06e+16,2040000000000000.0,2640000000000000.0,3.69e+16,-3.82e+16,gcmt,,slab_deep,70.5321426392
10008h52,2017-04-13T03:42:53,-71.489443,-30.982182,44.235,5.4,mww,relocated,relocated,relocated,0.05,0.08,37.08,125.67,138.1,60.67,66.22,1.0447e+17,3120000000000000.0,-1.0759e+17,6.068e+16,-3.176e+16,5.114e+16,anss,gcmt:C201704130342A,slab_interface,36.5030975342
C201704202124A,2017-04-20T21:24:34,-67.498967,-27.595837,148.1125,5.3,mw,relocated,relocated,relocated,,143.0,27.0,-96.0,330.0,63.0,-87.0,-7.2e+16,1.3e+16,5.9e+16,3.07e+16,-5.39e+16,-5.23e+16,gcmt,,slab_deep,110.165855408
C201704222246A,2017-04-22T22:46:46,-72.26,-33.02,29.1,5.1,mw,0.03,0.02,1.0,,1.0,24.0,84.0,188.0,66.0,93.0,3.76e+16,-420000000000000.0,-3.72e+16,-5590000000000001.0,-3.32e+16,-2900000000000000.0,gcmt,,slab_interface,15.7309617996
10008jvr,2017-04-23T02:36:06,-72.076683,-33.015284,18.6024,6.0,mww,relocated,relocated,relocated,0.05,1.85,16.45,88.02,183.92,73.56,90.58,6.062e+17,1.56e+16,-6.218e+17,-6.79e+16,-9.484e+17,-3.26e+16,anss,gcmt:C201704230236A,slab_interface,19.110660553
10008k2i,2017-04-23T19:40:09,-72.141481,-33.040183,17.6899,5.6,mww,relocated,relocated,relocated,0.059,0.88,11.73,88.05,182.87,78.27,90.4,1.2395e+17,2.823e+16,-1.5218e+17,-1.613e+16,-3.1806e+17,-6580000000000000.0,anss,gcmt:C201704231940A,slab_interface,18.0185413361
10008kce,2017-04-24T21:38:40,-72.074075,-33.069932,20.451,6.9,mww,relocated,relocated,relocated,,174.0,76.0,88.0,4.0,14.0,99.0,1.258e+19,1.2e+17,-1.27e+19,2.74e+18,-2.455e+19,2.3e+17,anss,gcmt:C201704242138A,slab_interface,20.462884903
10008kgt,2017-04-25T01:43:03,-72.077302,-33.141742,22.252,5.2,mww,relocated,relocated,relocated,0.089,16.39,26.12,106.89,177.71,65.09,81.9,6.0213e+16,1.9854e+16,-8.0067e+16,4083000000000000.0,-5.8345e+16,-9512000000000000.0,anss,gcmt:C201704250143A,slab_interface,19.4425258636
10008l82,2017-04-27T05:09:22,-71.9648,-33.1682,30.5,5.1,mww,4.4,4.4,4.3,0.068,356.58,22.55,93.62,172.66,67.5,88.5,3.5358e+16,3233000000000000.0,-3.8592e+16,5142000000000000.0,-3.6795e+16,4108000000000000.0,anss,gcmt:C201704270509A,slab_interface,23.4070301056
10008llg,2017-04-28T15:30:05,-71.77,-33.2506,23.5,5.9,mww,4.7,4.7,1.8,0.062,2.07,18.92,99.96,171.56,71.37,86.61,5.0252e+17,2.171e+16,-5.2423e+17,1.1312e+17,-6.6395e+17,3.261e+16,anss,gcmt:C201704281530A,slab_interface,29.9401741028
10008llp,2017-04-28T15:49:40,-71.3845,-33.4713,30.5,5.1,mww,4.2,4.2,1.8,0.068,7.62,41.57,105.73,166.99,50.31,76.48,4.3036e+16,1.5378e+16,-5.8413e+16,5780000000000000.0,-7612000000000000.0,4071000000000000.0,anss,,slab_interface,44.2760124207
10008lm1,2017-04-28T15:58:34,-71.9182,-33.4342,23.5,5.4,mww,3.4,3.4,5.3,0.061,10.09,27.11,108.82,169.14,64.45,80.62,1.0274e+17,3.362e+16,-1.3636e+17,2.164e+16,-9.173e+16,6200000000000000.0,anss,gcmt:C201704281558A,slab_interface,26.0495376587
10008lm3,2017-04-28T16:05:57,-71.72837,-33.119696,28.1496,5.8,mww,relocated,relocated,relocated,0.055,338.47,13.05,77.42,171.37,77.27,92.89,2.7053e+17,-7430000000000000.0,-2.631e+17,8.02e+16,-5.7156e+17,7.281e+16,anss,gcmt:C201704281605A,slab_interface,29.4882564545
10008lnm,2017-04-28T17:41:49,-71.7169,-33.3878,23.5,5.3,mww,3.8,3.8,3.0,0.062,357.47,30.84,86.22,181.88,59.23,92.26,1.0463e+17,2.19e+16,-1.2653e+17,-3590000000000000.0,-6.25e+16,240000000000000.0,anss,gcmt:C201704281741A,slab_interface,32.3283843994
10008lwz,2017-04-29T01:46:02,-71.8417,-33.2092,19.5,5.1,mww,2.9,2.9,2.7,0.089,7.43,29.92,94.41,182.35,60.17,87.47,4.9167e+16,2844000000000000.0,-5.2011e+16,-105000000000000.0,-2.972e+16,-4623000000000000.0,anss,gcmt:C201704290146A,slab_interface,26.5264949799
C201705061451A,2017-05-06T14:51:43,-78.83,-44.52,13.9,5.4,mw,0.01,0.01,0.9,,76.0,73.0,178.0,167.0,88.0,17.0,-200000000000000.0,5.9e+16,-5.88e+16,1.47e+16,-3.75e+16,-1.1499999999999998e+17,gcmt,,outer_rise,
10008s71,2017-05-13T16:54:45,-71.974791,-32.94363,22.5994,5.2,mww,relocated,relocated,relocated,0.075,27.52,21.44,112.56,183.47,70.28,81.43,4.0931e+16,7284000000000000.0,-4.8215e+16,-1595000000000000.0,-5.4856e+16,-1.4223e+16,anss,gcmt:C201705131654A,slab_interface,22.9770584106
C201705270738A,2017-05-27T07:38:42,-76.26,-45.88,14.7,5.3,mw,0.01,0.01,0.9,,76.0,58.0,-176.0,344.0,86.0,-32.0,-1.32e+16,4.71e+16,-3.3900000000000004e+16,1.67e+16,-4.83e+16,-7.35e+16,gcmt,,outer_rise,
10008w2b,2017-05-29T14:57:53,-71.866794,-37.287058,101.4458,5.9,mww,relocated,relocated,relocated,0.043,261.57,35.22,-30.69,17.43,72.88,-121.26,-3.5723e+17,1.99e+17,1.5824e+17,-1.3499e+17,-5.197e+17,4.9352e+17,anss,gcmt:C201705291457A,slab_deep,84.9426422119
20009lwp,2017-06-12T02:43:26,-71.693647,-31.519557,27.0104,5.7,mww,relocated,relocated,relocated,0.052,345.52,32.64,83.33,173.42,57.61,94.25,3.9187e+17,9420000000000000.0,-4.0129e+17,6160000000000000.0,-1.9019e+17,7.804e+16,anss,gcmt:C201706120243A,slab_interface,29.273973465
20009p84,2017-06-23T10:00:51,-71.827706,-39.426393,119.4812,5.0,mww,relocated,relocated,relocated,0.068,292.87,41.8,106.35,91.38,50.24,75.87,3.0129e+16,-4.0729e+16,1.06e+16,6110000000000000.0,2350000000000000.0,1.1022e+16,anss,gcmt:C201706231000A,slab_deep,105.766830444
C201706252208A,2017-06-25T22:08:43,-71.66,-42.09,12.0,5.2,mw,0.03,0.02,0.0,,172.0,17.0,118.0,322.0,75.0,82.0,3.63e+16,-5470000000000000.0,-3.08e+16,-4.04e+16,4.65e+16,1.14e+16,gcmt,,crustal_intraarc_shallow,
20009pqf,2017-06-26T14:44:51,-71.32427,-30.662736,53.1236,5.1,mww,relocated,relocated,relocated,0.068,29.17,32.42,110.9,184.83,59.95,77.24,4.6277e+16,-2602000000000000.0,-4.3675e+16,3938000000000000.0,-2.6898e+16,-1.3951e+16,anss,gcmt:C201706261444A,slab_interface,44.707244873
100096p0,2017-07-04T16:05:59,-73.288063,-35.615443,20.5149,5.9,mww,relocated,relocated,relocated,0.052,8.95,19.3,73.99,205.86,71.47,95.52,4.7939e+17,-2870000000000000.0,-4.7653e+17,-3.0681e+17,-5.8832e+17,-1.739e+17,anss,gcmt:C201707041605A,slab_interface,17.7573127747
C201707070304A,2017-07-07T03:04:52,-72.252521,-33.733145,19.1168,5.1,mw,relocated,relocated,relocated,,16.0,28.0,98.0,186.0,63.0,86.0,4.75e+16,-6740000000000000.0,-4.08e+16,-1010000000000000.0,-3.17e+16,-7420000000000000.0,gcmt,,slab_interface,18.7931900024
1000991f,2017-07-12T09:08:17,-73.254113,-35.432781,22.8188,5.6,mww,relocated,relocated,relocated,0.068,36.84,10.75,116.57,189.86,80.4,85.15,7.551e+16,1.594e+16,-9.145e+16,-4.351e+16,-2.5234e+17,-4.399e+16,anss,gcmt:C201707120908A,intra_slab,16.9307174683
20009wav,2017-07-14T12:00:29,-72.661799,-33.686638,24.7541,5.4,mww,relocated,relocated,relocated,0.071,21.71,18.61,117.02,173.43,73.48,81.3,9.549e+16,1.398e+16,-1.0947e+17,2.347e+16,-1.5193e+17,-1.383e+16,anss,gcmt:C201707141200A,intra_slab,11.2988882065
2000a34a,2017-08-01T06:13:56,-69.086236,-28.572901,122.4811,5.6,mww,relocated,relocated,relocated,0.059,331.1,32.18,-83.7,143.67,58.03,-93.95,-2.2675e+17,5.316e+16,1.7359e+17,-7.599e+16,9.145e+16,-1.3379e+17,anss,gcmt:C201708010613A,slab_deep,86.9135437012
2000a3js,2017-08-02T07:15:14,-70.565491,-33.198995,91.6244,5.4,mww,relocated,relocated,relocated,0.068,190.19,45.6,-125.9,56.16,54.64,-59.09,-1.3906e+17,1.621e+16,1.2284e+17,-5.007e+16,-2300000000000000.0,1.3327e+17,anss,gcmt:C201708020715A,slab_deep,78.1977539062
10009j01,2017-08-02T20:03:24,-71.225451,-28.474426,41.6818,5.3,mww,relocated,relocated,relocated,0.08,72.17,23.67,-52.22,211.92,71.5,-105.03,-5.719e+16,3.679e+16,2.041e+16,3.693e+16,7.064e+16,4.288e+16,anss,gcmt:C201708022003A,intra_slab,28.0143299103
2000a7hj,2017-08-11T23:57:10,-67.3566,-28.0885,120.5,5.0,mww,6.5,6.5,4.7,0.068,14.51,44.87,-91.08,196.03,45.14,-88.93,-3.7556e+16,9342000000000000.0,2.8214e+16,623000000000000.0,-9000000000000.0,5566000000000000.0,anss,gcmt:C201708112357A,slab_deep,110.006515503
2000a7kk,2017-08-12T12:54:13,-72.208975,-30.341443,5.9475,5.8,mww,relocated,relocated,relocated,0.052,5.48,16.21,81.02,194.83,74.0,92.6,3.4751e+17,3860000000000000.0,-3.5137e+17,-1.5234e+17,-5.4623e+17,-6.727e+16,anss,gcmt:C201708121254A,slab_interface,13.1374368668
2000a8iw,2017-08-15T19:03:20,-72.098218,-30.004247,15.0068,5.1,mww,relocated,relocated,relocated,0.073,15.95,35.11,105.1,177.7,56.27,79.62,5.7663e+16,864000000000000.0,-5.8527e+16,7269000000000000.0,-2.3695e+16,-7196000000000000.0,anss,gcmt:C201708151903A,slab_interface,14.384513855
2000a9je,2017-08-18T20:31:50,-77.6196,-45.5239,21.5,5.1,mww,8.8,8.8,1.9,0.083,74.02,60.54,164.68,171.7,76.7,30.35,1.1643e+16,1.1476e+16,-2.3119e+16,1.2211e+16,-2.0393e+16,-3.8016e+16,anss,gcmt:C201708182031A,outer_rise,
C201708300315A,2017-08-30T03:15:40,-73.40198,-37.443653,31.6781,5.1,mw,relocated,relocated,relocated,,10.0,21.0,96.0,183.0,69.0,88.0,3.2e+16,20000000000000.0,-3.2e+16,-1260000000000000.0,-3.59e+16,-3650000000000000.0,gcmt,,slab_interface,28.3630332947
2000apwd,2017-09-18T13:46:56,-72.098976,-31.851157,12.1591,5.9,mww,relocated,relocated,relocated,0.066,357.6,10.06,93.17,174.38,79.95,89.44,2.6874e+17,3.738e+16,-3.0612e+17,7.808e+16,-7.8411e+17,2.578e+16,anss,gcmt:C201709181346A,slab_interface,17.7374019623
2000atms,2017-09-23T17:25:52,-69.237608,-30.738198,158.0908,5.0,mww,relocated,relocated,relocated,0.066,39.79,60.73,155.59,142.3,68.87,31.62,1.7266e+16,2.7446e+16,-4.4713e+16,1.7003e+16,-5552000000000000.0,-927000000000000.0,anss,gcmt:C201709231725A,slab_deep,96.1397094727
C201710011648A,2017-10-01T16:48:07,-75.965503,-45.78099,161.5632,5.0,mw,relocated,relocated,relocated,,75.0,69.0,-175.0,343.0,85.0,-21.0,800000000000000.0,1.66e+16,-1.74e+16,-560000000000000.0,-1.31e+16,-2.66e+16,gcmt,,unclassified,
C201710121859A,2017-10-12T18:59:15,-65.53,-31.03,185.4,5.6,mw,0.01,0.01,1.0,,9.0,69.0,-2.0,99.0,88.0,-159.0,800000000000000.0,-8.06e+16,7.98e+16,-1.01e+17,2900000000000000.0,-2.46e+17,gcmt,,slab_deep,152.552841187
C201710161929A,2017-10-16T19:29:38,-74.36,-35.5,19.5,5.0,mw,0.03,0.03,1.2,,27.0,38.0,-88.0,205.0,52.0,-91.0,-3.32e+16,5940000000000000.0,2.72e+16,3250000000000000.0,7960000000000000.0,1.3700000000000002e+16,gcmt,,outer_rise,
2000clrz,2018-01-20T11:31:11,-71.82137,-28.974732,44.4567,5.2,mww,relocated,relocated,relocated,0.086,295.81,56.87,-20.04,37.08,73.32,-145.21,-1.7164e+16,5.568e+16,-3.8516e+16,-3191000000000000.0,-4.1454e+16,2.24e+16,anss,gcmt:C201801201131A,intra_slab,16.8222866058
2000cpsu,2018-01-26T13:27:06,-74.226795,-37.488853,21.4607,5.0,mww,relocated,relocated,relocated,0.075,354.87,19.44,77.39,188.22,71.05,94.41,2.3726e+16,2053000000000000.0,-2.5779e+16,-5314000000000000.0,-3.1147e+16,-991000000000000.0,anss,gcmt:C201801261327A,slab_interface,13.2813167572
C201801261526A,2018-01-26T15:26:26,-73.808079,-37.575196,18.9708,5.0,mw,relocated,relocated,relocated,,14.0,26.0,104.0,178.0,65.0,83.0,2.9e+16,-3070000000000000.0,-2.59e+16,2980000000000000.0,-2.28e+16,-2930000000000000.0,gcmt,,slab_interface,20.7125244141
2000cqm4,2018-01-28T10:11:27,-69.208615,-28.267794,106.5467,5.1,mww,relocated,relocated,relocated,0.059,299.19,45.33,-120.29,158.92,52.12,-62.97,-4.2755e+16,1.5612e+16,2.7143e+16,5541000000000000.0,1.2943e+16,-3.6282e+16,anss,gcmt:C201801281011A,slab_deep,86.8380432129
2000cqsd,2018-01-28T23:53:14,-69.202828,-31.291807,161.5642,5.4,mww,relocated,relocated,relocated,0.054,69.97,42.05,-74.73,229.77,49.75,-103.37,-1.3157e+17,1.0603e+17,2.554e+16,5380000000000000.0,2.84e+16,7.129e+16,anss,gcmt:C201801282353A,slab_deep,98.6224441528
1000ce18,2018-02-01T23:13:53,-70.232465,-31.574543,119.1206,5.2,mww,relocated,relocated,relocated,0.08,105.21,84.41,4.96,14.72,85.06,174.39,2015000000000000.0,3.5055e+16,-3.707e+16,7685000000000000.0,5133000000000000.0,6.2646e+16,anss,gcmt:C201802012313A,slab_deep,91.3901290894
1000ci7u,2018-02-07T12:36:18,-72.7043,-29.2453,11.5,5.1,mww,5.6,5.6,1.7,0.047,198.65,44.44,-101.58,34.66,46.69,-78.86,-5.7945e+16,1.3948e+16,4.3997e+16,-9004000000000000.0,2057000000000000.0,2.0093e+16,anss,gcmt:C201802071236A,outer_rise,
2000cz4c,2018-02-08T21:19:25,-74.097905,-37.46307,17.641,5.6,mww,relocated,relocated,relocated,0.066,21.62,16.08,100.25,190.96,74.18,87.06,1.4059e+17,2.138e+16,-1.6197e+17,-4.711e+16,-2.5189e+17,-5.369e+16,anss,gcmt:C201802082119A,slab_interface,15.325709343
2000db8n,2018-03-02T18:06:46,-76.986,-44.5213,11.5,5.1,mww,7.0,7.0,1.8,0.069,356.65,16.7,-60.66,146.25,75.49,-98.36,-2.699e+16,-1638000000000000.0,2.8629e+16,-3.0301e+16,4.3173e+16,-1.3412e+16,anss,gcmt:C201803021806A,outer_rise,
1000d6dq,2018-03-19T12:51:17,-69.5574,-32.3814,100.5,5.0,mww,6.6,6.6,4.6,0.059,187.13,81.43,179.34,277.22,89.35,8.57,-4952000000000000.0,1.1256e+16,-6304000000000000.0,-5530000000000000.0,-870000000000000.0,3.397e+16,anss,gcmt:C201803191251A,slab_deep,102.746742249
C201804050632A,2018-04-05T06:32:44,-74.46,-42.6,37.1,5.1,mw,0.03,0.02,1.2,,5.0,25.0,97.0,178.0,66.0,87.0,5.03e+16,-6840000000000001.0,-4.34e+16,3470000000000000.0,-4.1e+16,-1530000000000000.0,gcmt,,intra_slab,20.6640834808
2000dxfc,2018-04-10T10:19:35,-71.511504,-31.008665,69.8182,6.2,mww,relocated,relocated,relocated,0.044,112.44,25.27,-124.85,330.03,69.49,-74.91,-1.9197e+18,1.2296e+18,6.9e+17,5.983e+17,-1.92e+18,-6.851e+17,anss,gcmt:C201804101019A,intra_slab,36.5030975342
C201805021609A,2018-05-02T16:09:57,-70.06,-33.3,103.4,5.0,mw,0.03,0.03,3.2,,166.0,39.0,-100.0,359.0,52.0,-82.0,-3.28e+16,-1.01e+16,4.29e+16,-1440000000000000.0,-9240000000000000.0,-6899999999999999.0,gcmt,,slab_deep,94.1186294556
C201805042025A,2018-05-04T20:25:35,-71.36034,-29.807648,42.9114,5.1,mw,relocated,relocated,relocated,,40.0,71.0,171.0,133.0,81.0,19.0,1.07e+16,4.25e+16,-5.32e+16,1.34e+16,-6500000000000000.0,6680000000000000.0,gcmt,,intra_slab,37.7426605225
1000dz41,2018-05-06T02:44:19,-72.384362,-34.30116,18.935,5.2,mww,relocated,relocated,relocated,0.055,24.73,22.29,107.84,185.55,68.84,82.84,5.356e+16,6831000000000000.0,-6.039e+16,-3962000000000000.0,-6.3824e+16,-1.7587e+16,anss,gcmt:C201805060244A,slab_interface,20.2832183838
1000edk8,2018-05-28T20:59:35,-69.046244,-31.276119,163.7941,5.0,mww,relocated,relocated,relocated,0.062,28.25,38.12,-98.5,219.0,52.37,-83.39,-3.8501e+16,1.1014e+16,2.7487e+16,8562000000000000.0,6394000000000000.0,1.9815e+16,anss,gcmt:C201805282059A,slab_deep,97.2769088745
1000ehan,2018-06-02T06:17:18,-73.757493,-38.307995,33.2761,5.2,mww,relocated,relocated,relocated,0.057,0.16,18.07,92.75,177.27,71.95,89.1,5.0536e+16,5030000000000000.0,-5.5566e+16,3790000000000000.0,-7.2682e+16,1513000000000000.0,anss,gcmt:C201806020617A,slab_interface,24.2426738739
1000er8i,2018-06-14T06:27:39,-76.1157,-45.7298,19.5,5.7,mww,8.4,8.4,1.7,0.073,348.08,74.7,-8.78,80.42,81.53,-164.53,-2.701e+16,1.5319e+17,-1.2618e+17,-9.191e+16,-7.495e+16,-3.5501e+17,anss,gcmt:C201806140627A,outer_rise,
C201806230231A,2018-06-23T02:31:40,-79.85,-44.67,24.7,5.1,mw,0.02,0.01,0.8,,350.0,77.0,0.0,80.0,90.0,-167.0,-8440000000000000.0,2.58e+16,-1.74e+16,-1.39e+16,90000000000000.0,-5.75e+16,gcmt,,outer_rise,
C201807161029A,2018-07-16T10:29:55,-73.6,-35.65,15.9,5.1,mw,0.03,0.02,1.4,,31.0,17.0,113.0,187.0,74.0,83.0,2.63e+16,-330000000000000.0,-2.6e+16,-4000000000000000.0,-4.46e+16,-9390000000000000.0,gcmt,,intra_slab,13.4297037125
C201808270916A,2018-08-27T09:16:07,-71.455441,-29.720195,50.7977,5.0,mw,relocated,relocated,relocated,,214.0,45.0,122.0,352.0,53.0,62.0,3.62e+16,6560000000000000.0,-4.269999999999999e+16,-1.2e+16,8950000000000000.0,-1.16e+16,gcmt,,intra_slab,32.8310966492
1000gigb,2018-08-28T04:51:40,-71.295697,-29.689479,46.5678,5.2,mww,relocated,relocated,relocated,0.073,228.42,35.32,136.22,356.44,66.42,62.91,4.5292e+16,8924000000000000.0,-5.4215e+16,-1.1588e+16,4.2177e+16,-2.8249e+16,anss,gcmt:C201808280451A,intra_slab,39.3001251221
2000h5yi,2018-08-31T13:25:01,-70.1,-32.217,100.5,5.0,mww,5.3,5.3,3.5,0.069,60.24,54.69,-36.63,173.5,60.86,-138.57,-2.6019e+16,-8008000000000000.0,3.4027e+16,-1.247e+16,1.128e+16,2.7772e+16,anss,gcmt:C201808311325A,slab_deep,92.6853790283
2000ha1k,2018-09-07T02:39:17,-70.101477,-28.903342,102.4703,5.8,mww,relocated,relocated,relocated,0.045,116.51,37.97,-81.71,286.04,52.49,-96.42,-5.117e+17,4.9429e+17,1.74e+16,1.4722e+17,-1.089e+16,-2.1605e+17,anss,gcmt:C201809070239A,slab_deep,78.5301437378
2000hbtu,2018-09-10T08:24:15,-71.2331,-28.8383,40.5,5.3,mww,4.1,4.1,1.8,0.086,17.75,28.53,87.7,200.37,61.49,91.25,1.1807e+17,-2.581e+16,-9.226e+16,-2.648e+16,-6.6e+16,-2.567e+16,anss,,slab_interface,32.9472045898
1000h50j,2018-10-01T15:11:49,-76.0061,-45.7587,11.5,5.2,mww,8.4,8.4,1.9,0.053,169.23,76.21,0.39,79.14,89.62,166.21,-3133000000000000.0,2.655e+16,-2.3417e+16,1.6605e+16,1435000000000000.0,-6.2596e+16,anss,gcmt:C201810011511A,outer_rise,
C201810251119A,2018-10-25T11:19:38,-72.03,-30.53,35.2,5.0,mw,0.02,0.02,0.8,,3.0,35.0,94.0,178.0,55.0,87.0,3.65e+16,-2030000000000000.0,-3.44e+16,1670000000000000.0,-1.27e+16,-190000000000000.0,gcmt,,slab_interface,16.5609550476
C201811020820A,2018-11-02T08:20:27,-67.6,-30.18,36.5,5.0,mw,0.03,0.02,1.6,,99.0,49.0,47.0,334.0,57.0,128.0,3.06e+16,-2.29e+16,-7690000000000000.0,7570000000000000.0,1.87e+16,2.41e+16,gcmt,,backarc,
2000i7qy,2018-11-06T21:22:56,-77.0049,-45.5068,11.5,5.3,mww,8.6,8.6,1.8,0.075,79.08,56.01,-175.06,346.31,85.9,-34.09,-2.359e+16,4.232e+16,-1.873e+16,2.687e+16,-5.077e+16,-8.277e+16,anss,gcmt:C201811062122A,outer_rise,
1000hpxh,2018-11-09T18:54:11,-71.721216,-30.676679,29.1226,5.2,mww,relocated,relocated,relocated,0.08,358.94,28.28,97.18,170.79,61.96,86.15,5.4053e+16,3916000000000000.0,-5.7969e+16,7783000000000000.0,-3.6972e+16,5858000000000000.0,anss,gcmt:C201811091854A,slab_interface,27.4088420868
1000i02j,2018-12-01T23:55:24,-72.45073,-33.915573,19.9991,5.5,mww,relocated,relocated,relocated,0.052,18.17,19.2,100.92,186.62,71.16,86.23,1.5739e+17,-920000000000000.0,-1.5647e+17,-1.882e+16,-2.0629e+17,-3.526e+16,anss,gcmt:C201812012355A,slab_interface,15.733045578
C201812051712A,2018-12-05T17:12:17,-71.587622,-33.686946,45.2589,5.1,mw,relocated,relocated,relocated,,333.0,48.0,120.0,112.0,50.0,61.0,6.37e+16,-3.31e+16,-3.05e+16,2.6e+16,2.51e+16,2.16e+16,gcmt,,slab_interface,38.18542099
2000izex,2018-12-31T10:49:41,-69.672502,-31.798491,138.1624,5.3,mww,relocated,relocated,relocated,0.05,39.53,44.11,-64.28,185.68,51.16,-112.81,-1.0406e+17,510000000000000.0,1.0354e+17,-2.224e+16,2.472e+16,5.108e+16,anss,gcmt:C201812311049A,slab_deep,101.281913757
2000j6hy,2019-01-20T01:32:51,-71.377748,-30.079029,72.6479,6.7,mww,relocated,relocated,relocated,0.036,186.79,41.5,-102.11,22.78,49.62,-79.48,-1.4388e+19,4.22e+18,1.0168e+19,-3.012e+18,-1.035e+18,1.545e+18,anss,gcmt:C201901200132A,intra_slab,37.295085907
2000j9mr,2019-01-28T09:00:45,-72.946077,-35.62422,27.1308,5.2,mww,relocated,relocated,relocated,0.061,18.21,26.76,105.38,181.09,64.27,82.38,5.6965e+16,4950000000000000.0,-6.1915e+16,2545000000000000.0,-4.7483e+16,-1.0929e+16,anss,gcmt:C201901280900A,slab_interface,24.9046478271
C201902190509A,2019-02-19T05:09:47,-71.53,-28.18,32.2,5.0,mw,0.03,0.03,0.8,,328.0,41.0,72.0,172.0,51.0,105.0,3.73e+16,-4200000000000000.0,-3.31e+16,-5620000000000001.0,-9010000000000000.0,1.21e+16,gcmt,,intra_slab,17.1199836731
2000jmvn,2019-02-25T15:28:42,-71.63347,-29.771407,32.4433,5.3,mww,relocated,relocated,relocated,0.086,202.44,33.68,132.76,334.42,65.98,65.65,6.736e+16,3.795e+16,-1.053e+17,-3.206e+16,5.68e+16,1.207e+16,anss,gcmt:C201902251528A,intra_slab,25.5497074127
1000j9nk,2019-03-01T22:43:25,-71.707807,-30.605977,30.3721,5.0,mww,relocated,relocated,relocated,0.093,1.76,37.1,93.5,177.38,52.98,87.36,3.822e+16,3875000000000000.0,-4.2095e+16,1472000000000000.0,-1.1417e+16,408000000000000.0,anss,gcmt:C201903012243A,slab_interface,27.115354538
1000j9yt,2019-03-02T20:21:51,-72.566963,-33.645021,23.7861,5.5,mww,relocated,relocated,relocated,0.053,9.4,11.0,89.0,190.41,79.0,90.19,9.273e+16,-1.907e+16,-7.366e+16,-3.783e+16,-2.0454e+17,-9600000000000000.0,anss,gcmt:C201903022021A,intra_slab,12.5204935074
1000jbq5,2019-03-07T05:10:37,-69.0,-38.6237,11.5,5.0,mww,6.5,6.5,4.2,0.093,219.37,9.49,114.34,14.72,81.36,86.06,4743000000000000.0,9306000000000000.0,-1.4049e+16,9850000000000000.0,3.3926e+16,-9711000000000000.0,anss,,backarc,
1000jbws,2019-03-07T15:34:27,-72.556463,-29.569621,16.3005,5.7,mww,relocated,relocated,relocated,0.047,187.32,37.7,112.02,340.24,55.47,73.84,3.8269e+17,1.1864e+17,-5.0133e+17,-8.989e+16,1.3594e+17,8.027e+16,anss,gcmt:C201903071534A,outer_rise,
C201903151842A,2019-03-15T18:42:53,-76.42,-44.38,13.1,5.0,mw,0.02,0.02,0.9,,351.0,38.0,-114.0,200.0,56.0,-73.0,-3.99e+16,-3070000000000000.0,4.3e+16,1.26e+16,1.29e+16,4380000000000000.0,gcmt,,outer_rise,
1000jh45,2019-03-16T17:54:33,-77.0,-45.6255,11.5,5.0,mww,4.7,4.7,1.6,0.053,79.1,70.11,-173.42,346.85,83.81,-20.01,1939000000000000.0,1.7148e+16,-1.9087e+16,-3935000000000000.0,-1.7914e+16,-3.9315e+16,anss,gcmt:C201903161754A,outer_rise,
1000jh4d,2019-03-16T18:06:16,-71.514575,-29.792759,40.4425,5.2,mww,relocated,relocated,relocated,0.069,162.74,22.02,67.07,7.26,69.8,98.95,3.8446e+16,2.7647e+16,-6.6093e+16,6046000000000000.0,5.9192e+16,2039000000000000.0,anss,gcmt:C201903161806A,intra_slab,31.3983020782
2000kbs5,2019-04-07T10:52:41,-72.611038,-33.77404,15.4522,5.6,mww,relocated,relocated,relocated,0.055,13.94,30.68,102.55,179.43,60.13,82.65,2.8771e+17,1.959e+16,-3.0731e+17,2.062e+16,-1.7282e+17,-3.703e+16,anss,gcmt:C201904071052A,slab_interface,12.2672014236
700038b8,2019-04-18T04:06:34,-71.544929,-29.365777,57.4478,5.6,mww,relocated,relocated,relocated,0.066,163.82,17.26,-100.01,354.29,73.01,-86.91,-1.9925e+17,1.127e+16,1.8797e+17,2.299e+16,-2.9047e+17,-3.621e+16,anss,gcmt:C201904180406A,intra_slab,26.6694526672
C201904211000A,2019-04-21T10:00:15,-71.825034,-35.77208,81.125,5.0,mw,relocated,relocated,relocated,,327.0,59.0,-154.0,223.0,68.0,-34.0,-1.85e+16,-2.5e+16,4.35e+16,1.65e+16,4140000000000000.0,6060000000000000.0,gcmt,,intra_slab,63.3921203613
70003lxa,2019-05-16T00:32:13,-69.613327,-31.489905,139.9132,5.1,mww,relocated,relocated,relocated,0.052,34.2,42.77,-83.45,205.32,47.57,-96.02,-6.3608e+16,2.0308e+16,4.33e+16,-2490000000000000.0,7141000000000000.0,1.9713e+16,anss,gcmt:C201905160032A,slab_deep,101.136993408
70003mev,2019-05-17T05:27:28,-74.0327,-35.1547,11.5,5.2,mww,5.1,5.1,1.8,0.054,194.52,46.24,-110.97,43.51,47.59,-69.51,-7.2733e+16,1.6979e+16,5.5754e+16,-1.913e+16,8642000000000000.0,3.0976e+16,anss,gcmt:C201905170527A,outer_rise,
70003nha,2019-05-20T11:18:32,-70.201644,-31.491718,124.8554,5.5,mww,relocated,relocated,relocated,0.068,280.05,75.27,-4.26,11.13,85.88,-165.23,-6.91e+16,1.224e+17,-5.33e+16,-1.783e+16,-5.604e+16,2.3491e+17,anss,gcmt:C201905201118A,slab_deep,92.8236312866
C201905242015A,2019-05-24T20:16:04,-66.841971,-27.960927,172.0996,5.3,mw,relocated,relocated,relocated,,203.0,30.0,-30.0,320.0,75.0,-117.0,-4.41e+16,-2.65e+16,7.05e+16,5.95e+16,-5.44e+16,-1.61e+16,gcmt,,slab_deep,126.30393219
C201906051619A,2019-06-05T16:19:45,-70.166914,-27.454635,87.0576,5.3,mw,relocated,relocated,relocated,,157.0,26.0,-138.0,28.0,73.0,-70.0,-6.42e+16,-1.93e+16,8.36e+16,-5.540000000000001e+16,-7.99e+16,4800000000000000.0,gcmt,,intra_slab,65.0322494507
600040ir,2019-06-13T22:50:10,-71.348743,-30.466541,49.2833,5.0,mww,relocated,relocated,relocated,0.06,0.31,40.26,98.43,169.32,50.26,82.92,3.5936e+16,-1783000000000000.0,-3.4153e+16,4247000000000000.0,-5837000000000000.0,2916000000000000.0,anss,gcmt:C201906132250A,slab_interface,41.3968353271
600040ja,2019-06-14T00:19:12,-72.161591,-30.104794,18.5312,6.4,mww,relocated,relocated,relocated,0.035,1.83,15.97,89.77,182.07,74.03,90.07,2.6843e+18,-7.16e+16,-2.6127e+18,-1.552e+17,-4.2474e+18,-8.63e+16,anss,gcmt:C201906140019A,slab_interface,13.6277513504
600043h2,2019-06-20T01:23:26,-69.207331,-33.569553,173.5315,5.4,mww,relocated,relocated,relocated,0.071,344.64,69.98,-165.58,249.61,76.47,-20.61,1500000000000000.0,-8.98e+16,8.83e+16,7.989e+16,-2.961e+16,1.2065e+17,anss,gcmt:C201906200123A,slab_deep,124.309524536
700046ge,2019-06-28T08:30:43,-70.870983,-29.362156,77.3828,5.0,mww,relocated,relocated,relocated,0.069,312.86,77.2,12.13,220.14,78.18,166.91,4307000000000000.0,4.0188e+16,-4.4495e+16,-1.2664e+16,-1334000000000000.0,5195000000000000.0,anss,gcmt:C201906280830A,intra_slab,56.8639297485
60004yps,2019-08-01T18:28:07,-72.427365,-34.259712,16.5249,6.8,mww,relocated,relocated,relocated,0.045,17.18,13.43,101.72,185.14,76.85,87.22,7.446e+18,-2.35e+17,-7.211e+18,-1.16e+18,-1.499e+19,-1.437e+18,anss,gcmt:C201908011828A,slab_interface,18.6886024475
60004ys7,2019-08-01T20:01:28,-72.354634,-34.343293,26.3586,5.6,mww,relocated,relocated,relocated,0.086,28.88,18.77,116.88,180.72,73.32,81.26,1.4289e+17,2.493e+16,-1.6782e+17,3680000000000000.0,-2.3598e+17,-4.582e+16,anss,gcmt:C201908012001A,slab_interface,21.9878940582
60004z17,2019-08-02T00:55:16,-72.276963,-34.180354,20.419,5.4,mww,relocated,relocated,relocated,0.06,348.28,28.43,78.23,181.61,62.22,96.3,1.3501e+17,1.192e+16,-1.4694e+17,-9840000000000000.0,-9.602e+16,1.305e+16,anss,gcmt:C201908020055A,slab_interface,21.5780029297
C201908102336A,2019-08-10T23:36:47,-66.95,-28.08,185.9,5.0,mw,0.03,0.02,3.2,,116.0,25.0,-134.0,343.0,73.0,-72.0,-2.26e+16,9690000000000000.0,1.29e+16,5200000000000000.0,-3.18e+16,-1.51e+16,gcmt,,slab_deep,120.984855652
C201908151423A,2019-08-15T14:23:46,-72.11,-30.01,23.8,5.0,mw,0.03,0.03,1.1,,7.0,28.0,98.0,177.0,62.0,86.0,2.94e+16,-2560000000000000.0,-2.69e+16,2450000000000000.0,-1.9e+16,-1030000000000000.0,gcmt,,intra_slab,14.384513855
C201908240233A,2019-08-24T02:33:04,-71.383083,-31.129295,61.029,5.0,mw,relocated,relocated,relocated,,306.0,49.0,-167.0,207.0,81.0,-42.0,-9820000000000000.0,-2.1e+16,3.09e+16,9960000000000000.0,1.97e+16,-1.1e+16,gcmt,,intra_slab,41.5355453491
700057x3,2019-08-24T23:36:34,-74.254899,-43.265067,30.5546,5.1,mww,relocated,relocated,relocated,0.069,34.79,24.44,108.71,194.38,66.93,81.71,3.922e+16,-2167000000000000.0,-3.7053e+16,-7650000000000000.0,-3.9192e+16,-1.886e+16,anss,gcmt:C201908242336A,slab_interface,27.7961997986
70005c7g,2019-09-05T05:41:31,-73.7933,-36.1891,11.5,5.1,mww,5.3,5.3,1.6,0.071,22.49,19.27,101.6,190.22,71.13,85.98,3.5377e+16,882000000000000.0,-3.6259e+16,-7530000000000000.0,-4.7498e+16,-1.1372e+16,anss,gcmt:C201909050541A,slab_interface,14.5164766312
70005g9f,2019-09-14T05:15:31,-68.988673,-31.388295,165.3303,5.0,mww,relocated,relocated,relocated,0.049,54.5,44.1,-78.83,219.12,46.94,-100.63,-4.3729e+16,2.3548e+16,2.0181e+16,-1954000000000000.0,5452000000000000.0,2.734e+16,anss,gcmt:C201909140515A,slab_deep,97.4646759033
60005m4u,2019-09-23T08:24:39,-73.70794,-36.074979,24.144,5.3,mww,relocated,relocated,relocated,0.052,1.71,14.21,74.66,197.51,76.31,93.83,4.3288e+16,2606000000000000.0,-4.5893e+16,-2.7301e+16,-8.2499e+16,-9118000000000000.0,anss,gcmt:C201909230824A,slab_interface,15.0868825912
C201909251943A,2019-09-25T19:43:27,-66.840504,-27.933591,165.8989,5.3,mw,relocated,relocated,relocated,,194.0,46.0,-20.0,298.0,76.0,-134.0,-4.9e+16,-3.11e+16,8.01e+16,6.15e+16,-4.06e+16,-8.08e+16,gcmt,,slab_deep,126.30393219
70005lt4,2019-09-26T16:36:18,-72.227592,-40.827374,136.6584,6.1,mww,relocated,relocated,relocated,0.058,88.35,64.62,27.81,345.61,65.07,151.79,5.693e+17,-6.336e+17,6.44e+16,4.195e+17,5.732e+17,1.2148e+18,anss,gcmt:C201909261636A,slab_deep,98.900604248
70005lzd,2019-09-26T20:31:30,-71.371451,-29.866134,43.8494,5.4,mww,relocated,relocated,relocated,0.048,1.58,36.8,87.15,185.13,53.25,92.13,1.6894e+17,1.148e+16,-1.8043e+17,-8140000000000000.0,-5.131e+16,-1.144e+16,anss,gcmt:C201909262031A,slab_interface,38.059928894
70005nie,2019-09-29T15:57:53,-73.101558,-35.50494,28.0824,6.7,mww,relocated,relocated,relocated,0.04,16.21,15.14,104.02,181.71,75.32,86.25,6.476e+18,-4.41e+17,-6.035e+18,-8.4e+16,-1.1176e+19,-9.71e+17,anss,gcmt:C201909291557A,slab_interface,20.3063564301
70005nkr,2019-09-29T20:11:58,-72.893813,-35.541948,23.9302,5.0,mww,relocated,relocated,relocated,0.127,3.74,31.22,-127.54,225.68,65.73,-69.73,-2.5149e+16,923000000000000.0,2.4227e+16,1.9287e+16,1.2727e+16,1.4451e+16,anss,,forearc,25.3206348419
600063ts,2019-10-28T03:55:06,-69.2265,-30.2734,30.5,5.0,mww,2.9,2.9,2.8,0.065,47.77,41.25,150.3,160.98,70.93,52.7,2.2862e+16,1.4639e+16,-3.7501e+16,1.7319e+16,-2.4622e+16,-1.3848e+16,anss,gcmt:C201910280355A,backarc,
700062hv,2019-11-03T08:06:10,-72.036989,-30.727443,6.0101,5.2,mww,relocated,relocated,relocated,0.06,349.99,12.68,81.03,179.18,77.48,92.01,2.8206e+16,642000000000000.0,-2.8848e+16,402000000000000.0,-6.115e+16,2744000000000000.0,anss,gcmt:C201911030806A,forearc,16.9373645782
700062je,2019-11-03T13:23:18,-67.900711,-29.179465,109.9478,5.6,mww,relocated,relocated,relocated,0.04,175.06,37.03,-43.53,302.24,65.5,-118.67,-2.1035e+17,1.689e+16,1.9346e+17,1.65e+17,-9.187e+16,-2.339e+17,anss,gcmt:C201911031323A,slab_deep,93.092628479
70006345,2019-11-04T21:53:24,-71.312155,-31.806807,54.807,6.1,mww,relocated,relocated,relocated,0.057,202.45,38.78,112.27,354.74,54.57,73.06,1.4143e+18,-2.44e+16,-1.3899e+18,-3.303e+17,4.554e+17,-2.199e+17,anss,gcmt:C201911042153A,slab_interface,47.0420074463
60006c5a,2019-11-15T17:16:42,-72.1342,-33.991,19.5,5.2,mww,3.9,3.9,2.5,0.075,28.54,23.35,120.61,175.74,70.05,77.6,5.4285e+16,7675000000000000.0,-6.196e+16,9995000000000000.0,-6.7217e+16,-1.3885e+16,anss,gcmt:C201911151716A,forearc,23.3319301605
C201911192310A,2019-11-19T23:10:45,-68.173197,-33.618255,60.0615,5.7,mw,relocated,relocated,relocated,,213.0,47.0,61.0,73.0,50.0,118.0,3.2e+17,-2.43e+17,-7.64e+16,6.61e+16,-5.14e+16,-2.91e+17,gcmt,,slab_deep,156.991409302
70006bz9,2019-11-22T22:27:31,-70.116229,-32.703733,103.8617,5.0,mww,relocated,relocated,relocated,0.086,344.67,27.28,-82.66,156.42,62.96,-93.77,-3.1806e+16,9277000000000000.0,2.2529e+16,-9667000000000000.0,1.7815e+16,-4703000000000000.0,anss,gcmt:C201911222227A,slab_deep,91.275680542
70006yzw,2020-01-13T02:01:41,-71.427794,-40.294351,173.4042,5.3,mww,relocated,relocated,relocated,0.063,273.42,27.91,-18.06,19.49,81.66,-116.73,-3.237e+16,4.718e+16,-1.481e+16,-5700000000000000.0,-9.16e+16,2.956e+16,anss,gcmt:C202001130201A,slab_deep,133.267028809
60007ibj,2020-01-28T18:16:44,-72.283428,-30.313409,5.4063,5.5,mww,relocated,relocated,relocated,0.046,357.09,17.65,89.47,177.64,72.35,90.17,1.0896e+17,-250000000000000.0,-1.0871e+17,6160000000000000.0,-1.5379e+17,5000000000000000.0,anss,gcmt:C202001281816A,slab_interface,11.4112453461
70007s7z,2020-02-18T05:32:45,-73.2463,-35.5928,25.5,5.0,mww,4.7,4.7,1.7,0.056,17.1,14.52,96.9,189.98,75.59,88.22,1.9572e+16,2596000000000000.0,-2.2169e+16,-6607000000000000.0,-3.8542e+16,-5974000000000000.0,anss,gcmt:C202002180532A,slab_interface,18.6703968048
600089zt,2020-03-05T06:57:41,-67.78688,-28.462607,128.3359,5.5,mww,relocated,relocated,relocated,0.04,167.4,40.75,-87.64,344.28,49.29,-92.04,-1.9199e+17,1.009e+16,1.819e+17,1.218e+16,-2.681e+16,-4.63e+16,anss,gcmt:C202003050657A,slab_deep,98.8453445435
60008gzt,2020-03-17T08:12:03,-73.196216,-36.178077,42.8597,5.6,mww,relocated,relocated,relocated,0.043,102.72,31.49,69.74,306.12,60.65,101.98,2.1571e+17,-1.9502e+17,-2.069e+16,-9.659e+16,9.807e+16,1.0387e+17,anss,gcmt:C202003170812A,intra_slab,26.5478363037
C202003231746A,2020-03-23T17:46:15,-79.39,-44.68,12.4,5.0,mw,0.03,0.02,0.9,,64.0,42.0,105.0,224.0,49.0,76.0,3.27e+16,-2.15e+16,-1.11e+16,340000000000000.0,-7260000000000000.0,-1.6200000000000002e+16,gcmt,,outer_rise,
C202003240652A,2020-03-24T06:52:22,-71.89,-30.5,35.7,5.0,mw,0.04,0.03,1.0,,6.0,35.0,99.0,176.0,56.0,84.0,4.2e+16,-7700000000000000.0,-3.43e+16,4620000000000000.0,-1.47e+16,-859999999999999.9,gcmt,,intra_slab,20.320558548
C202004010355A,2020-04-01T03:55:23,-76.77,-45.63,19.8,5.0,mw,0.05,0.05,1.2,,341.0,43.0,-87.0,157.0,47.0,-93.0,-4.62e+16,1.3e+16,3.32e+16,-2780000000000000.0,1430000000000000.0,-9190000000000000.0,gcmt,,outer_rise,
70008jxh,2020-04-01T04:09:22,-76.8826,-45.6909,11.5,5.2,mww,7.4,7.4,1.7,0.056,354.53,41.99,-71.8,150.67,50.54,-105.7,-9.1685e+16,1.1329e+16,8.0356e+16,-2.4921e+16,6292000000000000.0,-2.3511e+16,anss,gcmt:C202004010409A,outer_rise,
C202004010412A,2020-04-01T04:12:20,-77.02,-45.66,20.3,5.2,mw,0.04,0.04,1.5,,336.0,25.0,-109.0,176.0,66.0,-81.0,-5.59e+16,1e+16,4.58e+16,3340000000000000.0,4.69e+16,-1.1200000000000002e+16,gcmt,,outer_rise,
C202004141602A,2020-04-14T16:02:14,-70.33,-33.83,115.3,5.0,mw,0.03,0.02,2.6,,112.0,55.0,-136.0,353.0,55.0,-45.0,-2.65e+16,6390000000000000.0,2.01e+16,-1.6299999999999998e+16,-1.29e+16,-2.52e+16,gcmt,,slab_deep,90.2119903564
C202004141854A,2020-04-14T18:54:46,-79.9,-44.71,33.4,5.0,mw,0.04,0.02,1.5,,351.0,79.0,9.0,259.0,81.0,169.0,9510000000000000.0,9940000000000000.0,-1.95e+16,-7540000000000000.0,3870000000000000.0,-4.230000000000001e+16,gcmt,,outer_rise,
70008xkv,2020-04-16T15:13:08,-73.721681,-37.957956,33.1862,5.1,mww,relocated,relocated,relocated,0.062,217.63,45.41,-78.76,21.83,45.7,-101.18,-4.7925e+16,1.1476e+16,3.6448e+16,5753000000000000.0,-3566000000000000.0,2.1159e+16,anss,gcmt:C202004161513A,intra_slab,23.8213253021
C202004250553A,2020-04-25T05:54:04,-71.02,-27.96,15.0,5.3,mw,0.03,0.02,0.0,,318.0,10.0,29.0,199.0,85.0,99.0,6100000000000000.0,2.6e+16,-3.21e+16,-2.88e+16,-9.52e+16,-3000000000000000.0,gcmt,,forearc,31.5492572784
70009p3k,2020-05-23T13:11:01,-69.967324,-33.497757,114.5473,5.2,mww,relocated,relocated,relocated,0.051,3.02,58.23,-148.03,254.83,63.25,-36.14,-3.3551e+16,4434000000000000.0,2.9117e+16,4.2343e+16,-2.8005e+16,5.367e+16,anss,gcmt:C202005231310A,slab_deep,98.8347625732
C202005291632A,2020-05-29T16:33:01,-68.96,-27.56,122.6,5.0,mw,0.03,0.02,3.7,,185.0,59.0,150.0,292.0,64.0,35.0,1.79e+16,4300000000000000.0,-2.22e+16,-1.39e+16,-5160000000000000.0,2.68e+16,gcmt,,slab_deep,89.5320129395
7000ab22,2020-06-25T11:55:05,-71.675834,-32.237438,32.218,5.2,mww,relocated,relocated,relocated,0.073,21.93,43.69,109.9,175.33,49.5,71.99,6.4184e+16,1.2973e+16,-7.7157e+16,1.1585e+16,-9186000000000000.0,-1.3584e+16,anss,gcmt:C202006251155A,slab_interface,30.2690658569
C202007021235A,2020-07-02T12:35:51,-72.225866,-34.147498,25.992,5.0,mw,relocated,relocated,relocated,,8.0,29.0,90.0,188.0,61.0,90.0,3.95e+16,-4820000000000000.0,-3.47e+16,-3350000000000000.0,-2.37e+16,-4320000000000000.0,gcmt,,slab_interface,22.2854213715
C202009010409A,2020-09-01T04:09:39,-71.41,-28.01,34.4,6.9,mw,0.0,0.0,0.2,,15.0,24.0,112.0,171.0,68.0,81.0,1.67e+19,7.5e+17,-1.75e+19,4.34e+18,-1.72e+19,-8.599999999999999e+17,gcmt,,slab_interface,19.2289295197
C202009010430A,2020-09-01T04:30:11,-71.37,-28.05,37.6,6.3,mw,0.01,0.01,0.5,,21.0,30.0,119.0,168.0,65.0,74.0,2.58e+18,1.33e+17,-2.71e+18,8.46e+17,-1.93e+18,-2.43e+17,gcmt,,slab_interface,20.9298458099
C202009010701A,2020-09-01T07:01:31,-71.65,-28.17,36.5,5.8,mw,0.02,0.02,0.8,,6.0,31.0,105.0,169.0,60.0,81.0,6.31e+17,-8.14e+16,-5.49e+17,1.3700000000000002e+17,-3.3e+17,1.17e+16,gcmt,,slab_interface,14.7174739838
C202009011031A,2020-09-01T10:31:58,-71.53,-27.94,23.1,5.7,mw,0.01,0.01,0.5,,7.0,24.0,104.0,172.0,67.0,84.0,2.81e+17,5900000000000000.0,-2.87e+17,5.25e+16,-2.62e+17,2900000000000000.0,gcmt,,slab_interface,15.4952306747
C202009011713A,2020-09-01T17:13:27,-71.61,-27.84,29.1,5.1,mw,0.02,0.02,1.0,,7.0,23.0,104.0,172.0,67.0,84.0,4.08e+16,-230000000000000.0,-4.05e+16,7800000000000000.0,-3.96e+16,190000000000000.0,gcmt,,intra_slab,13.9897994995
C202009012109A,2020-09-01T21:09:26,-71.46,-28.03,23.6,6.4,mw,0.0,0.0,0.2,,17.0,22.0,116.0,169.0,70.0,80.0,3.3e+18,3.98e+17,-3.7e+18,1.02e+18,-3.97e+18,-1.83e+17,gcmt,,slab_interface,18.3615932465
C202009020304A,2020-09-02T03:04:34,-71.68,-27.95,31.7,5.1,mw,0.03,0.02,1.0,,352.0,27.0,89.0,173.0,63.0,90.0,4.5e+16,-5370000000000000.0,-3.97e+16,3540000000000000.0,-3.06e+16,4520000000000000.0,gcmt,,intra_slab,12.7497644424
C202009050639A,2020-09-05T06:39:46,-71.73,-28.09,18.4,5.0,mw,0.02,0.02,1.1,,359.0,20.0,86.0,184.0,71.0,91.0,2.54e+16,-3690000000000000.0,-2.17e+16,-2330000000000000.0,-2.9e+16,-310000000000000.0,gcmt,,slab_interface,12.6725358963
7000biqb,2020-09-06T01:17:07,-71.5638,-30.3425,35.5,6.3,mww,5.0,5.0,1.8,0.042,6.49,32.02,103.92,170.19,59.03,81.44,3.0543e+18,5000000000000000.0,-3.0592e+18,5.474e+17,-1.5434e+18,8.33e+16,anss,gcmt:C202009060116A,slab_interface,32.0719261169
C202009170133A,2020-09-17T01:33:21,-71.37,-30.2,40.2,5.0,mw,0.03,0.03,1.2,,0.0,38.0,100.0,167.0,53.0,82.0,3.87e+16,1570000000000000.0,-4.03e+16,5540000000000000.0,-1.06e+16,4710000000000000.0,gcmt,,slab_interface,40.1032676697
7000c6lj,2020-10-28T04:52:32,-71.9494,-34.7813,60.5,5.5,mww,4.0,4.0,3.1,0.05,341.03,52.57,-132.48,217.46,54.15,-48.57,-1.4826e+17,-7.67e+16,2.2496e+17,6.744e+16,-5310000000000000.0,5.116e+16,anss,gcmt:C202010280452A,intra_slab,40.7410926819
7000c6u9,2020-10-28T14:53:17,-71.2496,-29.3285,50.5,5.8,mww,4.1,4.1,1.8,0.05,230.36,37.63,136.83,356.97,65.31,60.65,3.5563e+17,5.507e+16,-4.1071e+17,-1.0255e+17,3.0172e+17,-2.3441e+17,anss,gcmt:C202010281453A,intra_slab,38.6298027039
C202011030240A,2020-11-03T02:41:02,-79.46,-44.61,18.4,6.0,mw,0.01,0.0,0.3,,258.0,86.0,-179.0,168.0,89.0,-4.0,-7.9e+16,5.91e+17,-5.11e+17,3000000000000000.0,8.6e+16,-1.21e+18,gcmt,,outer_rise,
C202011031947A,2020-11-03T19:47:37,-79.91,-44.77,29.0,5.0,mw,0.03,0.02,1.2,,263.0,73.0,179.0,353.0,89.0,17.0,-6450000000000000.0,1.09e+16,-4440000000000000.0,-4670000000000000.0,9280000000000000.0,-3.11e+16,gcmt,,outer_rise,
6000cr45,2020-11-21T02:11:48,-71.6478,-30.9245,60.5,5.5,mww,5.4,5.4,1.6,0.052,356.47,39.13,101.09,162.29,51.73,81.11,2.3994e+17,-1.019e+16,-2.2975e+17,4.084e+16,-4.665e+16,4.24e+16,anss,gcmt:C202011210211A,slab_interface,29.8746948242
6000crcq,2020-11-22T00:55:03,-73.194,-34.6173,21.5,6.1,mww,4.6,4.6,1.8,0.034,174.71,60.01,163.37,273.2,75.65,31.06,1.434e+17,-4.26e+16,-1.007e+17,-1.0187e+18,-7.029e+17,1.4231e+18,anss,gcmt:C202011220054A,intra_slab,10.0779857635
C202012030237A,2020-12-03T02:37:29,-67.12,-31.92,138.3,5.2,mw,0.01,0.01,1.1,,235.0,53.0,28.0,128.0,68.0,140.0,4.34e+16,-9.2e+16,4.87e+16,1.98e+16,-3.4100000000000004e+16,6400000000000000.0,gcmt,,slab_deep,113.13469696
C202012080707A,2020-12-08T07:07:21,-71.48,-32.15,44.2,5.1,mw,0.02,0.02,1.1,,181.0,31.0,77.0,15.0,60.0,98.0,4.19e+16,-1340000000000000.0,-4.05e+16,9290000000000000.0,2.12e+16,-5400000000000000.0,gcmt,,intra_slab,38.0266876221
6000d3i9,2020-12-27T21:39:33,-74.6525,-39.4331,11.5,6.7,mww,5.8,5.8,1.7,0.048,354.89,43.07,-114.41,206.74,51.55,-68.88,-1.2417e+19,1.225e+18,1.1192e+19,4.63e+18,9.18e+17,1.839e+18,anss,gcmt:C202012272139A,intra_slab,10.9155836105
7000d0k5,2021-01-16T03:53:36,-71.5875,-30.9355,70.5,5.1,mww,4.2,4.2,3.0,0.059,32.71,20.28,-18.3,139.95,83.75,-109.33,-1.0818e+16,-1.0553e+16,2.1371e+16,-3.0938e+16,3.1984e+16,-217000000000000.0,anss,gcmt:C202101160353A,slab_interface,32.0359420776
7000d18q,2021-01-19T02:46:31,-68.8703,-31.8174,23.5,6.4,mww,2.9,2.9,3.6,0.055,226.96,57.09,174.66,319.87,85.52,33.02,5.964e+17,4.5685e+18,-5.1649e+18,-2.2109e+18,2.2255e+18,-5.427e+17,anss,gcmt:C202101190246A,backarc,
7000d2s4,2021-01-24T00:07:48,-70.0287,-33.3533,120.5,5.7,mww,5.3,5.3,3.4,0.093,99.42,20.8,175.13,193.97,88.27,69.27,3.591e+16,-1.0286e+17,6.695e+16,-9.825e+16,-4.6491e+17,-1.5822e+17,anss,gcmt:C202101240007A,slab_deep,94.4684295654
C202102111401A,2021-02-11T14:01:32,-71.96,-39.87,21.2,5.0,mw,0.02,0.01,1.4,,78.0,82.0,-7.0,169.0,83.0,-172.0,-3560000000000000.0,-1.39e+16,1.74e+16,-5370000000000000.0,4030000000000000.0,3.64e+16,gcmt,,crustal_intraarc_shallow,
C202102190654A,2021-02-19T06:54:32,-71.89,-29.57,31.9,5.0,mw,0.03,0.03,0.8,,156.0,43.0,70.0,3.0,51.0,108.0,4.269999999999999e+16,-220000000000000.0,-4.24e+16,9660000000000000.0,7980000000000000.0,8060000000000000.0,gcmt,,intra_slab,17.4373054504
7000dh39,2021-03-08T12:48:07,-69.7852,-32.204,130.5,5.2,mww,4.3,4.3,3.7,0.06,206.61,41.73,-82.41,16.49,48.72,-96.72,-8.3507e+16,1798000000000000.0,8.1709e+16,1911000000000000.0,-1.2609e+16,3.7122e+16,anss,gcmt:C202103081248A,slab_deep,98.9746780396
6000e2s5,2021-04-19T03:18:57,-72.413,-34.0729,17.5,5.1,mww,3.5,3.5,2.9,0.083,14.98,30.85,109.24,172.86,61.04,78.87,4.495e+16,-2144000000000000.0,-4.2806e+16,9141000000000000.0,-2.6238e+16,-3343000000000000.0,anss,gcmt:C202104190318A,slab_interface,17.9076499939
6000e2sp,2021-04-19T04:11:32,-72.3958,-33.9848,11.5,5.2,mww,3.4,3.4,3.1,0.069,2.57,10.62,102.55,169.81,79.64,87.67,3.0676e+16,4064000000000000.0,-3.474e+16,1.5699e+16,-8.4882e+16,3216000000000000.0,anss,gcmt:C202104190411A,slab_interface,17.4872264862
6000e2uw,2021-04-19T11:13:28,-72.2438,-34.1689,15.5,5.1,mww,4.0,4.0,1.7,0.071,26.15,23.49,125.24,168.55,71.0,75.92,3.7156e+16,-1446000000000000.0,-3.571e+16,1.528e+16,-4.2366e+16,-6532000000000000.0,anss,gcmt:C202104191113A,forearc,22.2854213715
C202104191305A,2021-04-19T13:05:31,-72.37,-34.05,23.3,5.0,mw,0.02,0.02,0.9,,340.0,27.0,74.0,178.0,64.0,98.0,3.51e+16,-3860000000000000.0,-3.12e+16,-2080000000000000.0,-2.64e+16,6220000000000000.0,gcmt,,intra_slab,18.9781341553
6000e3j6,2021-04-22T00:17:15,-72.4495,-34.0868,25.5,5.5,mww,3.5,3.5,1.7,0.058,7.7,25.34,95.8,181.29,64.8,87.26,1.4271e+17,8710000000000000.0,-1.5142e+17,570000000000000.0,-1.2186e+17,-1.216e+16,anss,gcmt:C202104220017A,slab_interface,17.3146095276
7000dydz,2021-04-29T02:17:24,-70.9266,-37.1883,120.5,5.6,mww,6.6,6.6,1.8,0.039,113.52,30.8,-158.54,4.87,79.2,-60.98,-1.1039e+17,-2.186e+16,1.3225e+17,-5.863e+16,-2.7254e+17,-1.5006e+17,anss,gcmt:C202104290217A,slab_deep,118.540809631
7000dzfk,2021-05-02T06:57:44,-71.5632,-30.137,40.5,5.8,mww,4.0,4.0,1.9,0.038,358.21,35.78,117.33,145.7,58.71,71.69,4.5527e+17,60000000000000.0,-4.5534e+17,2.0327e+17,-1.4968e+17,1.6887e+17,anss,gcmt:C202105020657A,slab_interface,31.1818408966
7000e9wd,2021-06-05T03:05:18,-74.0378,-34.8687,11.5,5.4,mww,5.4,5.4,2.7,0.043,17.81,24.24,-124.57,234.89,70.24,-75.66,-1.0279e+17,3.203e+16,7.076e+16,1.0888e+17,5.789e+16,5.71e+16,anss,gcmt:C202106050305A,outer_rise,
7000ec9v,2021-06-12T03:36:31,-71.8315,-33.7424,25.5,5.1,mww,3.9,3.9,3.0,0.08,174.64,45.25,72.06,19.34,47.5,107.26,4.7481e+16,5056000000000000.0,-5.2537e+16,9991000000000000.0,779000000000000.0,-7216000000000000.0,anss,gcmt:C202106120336A,slab_interface,29.7561683655
C202106221916A,2021-06-22T19:16:29,-71.14,-32.06,75.2,5.0,mw,0.03,0.03,2.3,,21.0,41.0,-81.0,190.0,49.0,-97.0,-3.31e+16,-1740000000000000.0,3.4900000000000004e+16,-1500000000000000.0,5400000000000000.0,1.1e+16,gcmt,,intra_slab,53.8453292847
7000eijq,2021-07-04T01:01:46,-71.8783,-28.4475,23.5,5.9,mww,3.6,3.6,1.7,0.06,21.66,22.06,107.83,182.52,69.05,82.93,5.9385e+17,-8.074e+16,-5.1312e+17,2.223e+16,-6.2476e+17,-1.1152e+17,anss,gcmt:C202107040101A,slab_interface,12.0883903503
7000eijt,2021-07-04T01:29:24,-71.7182,-28.5021,11.5,6.0,mww,3.0,3.0,1.8,0.063,28.61,11.65,115.24,182.91,79.48,84.98,4.68e+17,2600000000000000.0,-4.706e+17,-4.35e+16,-1.2358e+18,-1.396e+17,anss,gcmt:C202107040129A,slab_interface,16.0033531189
6000etaq,2021-07-08T20:38:32,-71.6109,-28.7449,13.5,5.4,mww,4.3,4.3,2.9,0.068,8.68,13.1,129.73,148.2,79.96,81.54,5.061e+16,5420000000000000.0,-5.603e+16,7.63e+16,-1.1586e+17,1.322e+16,anss,gcmt:C202107082038A,slab_interface,20.2941074371
C202107311214A,2021-07-31T12:14:31,-71.96,-32.75,33.0,5.2,mw,0.03,0.02,1.2,,352.0,32.0,89.0,173.0,58.0,91.0,5.93e+16,1.1299999999999998e+16,-7.06e+16,3540000000000000.0,-3.27e+16,1.05e+16,gcmt,,intra_slab,22.7036399841
C202108250028A,2021-08-25T00:28:36,-69.4,-27.48,105.6,5.1,mw,0.02,0.01,1.5,,320.0,40.0,-99.0,152.0,51.0,-83.0,-4.8e+16,1.3799999999999998e+16,3.42e+16,-1440000000000000.0,1.08e+16,-2.45e+16,gcmt,,slab_deep,85.6389770508
C202109011835A,2021-09-01T18:35:50,-71.35,-27.8,42.4,5.7,mw,0.01,0.01,0.5,,21.0,29.0,119.0,169.0,65.0,75.0,3.16e+17,4.21e+16,-3.58e+17,9.41e+16,-2.6e+17,-3.11e+16,gcmt,,intra_slab,19.0924911499
C202109140156A,2021-09-14T01:56:39,-72.08,-31.79,27.4,5.1,mw,0.04,0.03,1.2,,342.0,25.0,81.0,172.0,66.0,94.0,4.67e+16,-1.09e+16,-3.58e+16,2570000000000000.0,-3.74e+16,7090000000000000.0,gcmt,,intra_slab,17.6559829712
C202109150846A,2021-09-15T08:47:04,-72.26,-32.25,18.3,5.1,mw,0.03,0.02,1.2,,353.0,17.0,91.0,172.0,73.0,90.0,3.14e+16,-4440000000000000.0,-2.7e+16,5820000000000000.0,-4.34e+16,2860000000000000.0,gcmt,,intra_slab,14.9644012451
7000fcvb,2021-09-20T13:12:12,-73.9945,-36.7559,11.5,5.1,mww,5.2,5.2,4.5,0.071,7.44,15.55,90.84,186.57,74.45,89.77,2.6792e+16,887000000000000.0,-2.7679e+16,-5161000000000000.0,-4.5221e+16,-3553000000000000.0,anss,gcmt:C202109201312A,slab_interface,14.4341049194
7000fd4k,2021-09-21T13:14:53,-74.0866,-36.7823,21.5,6.4,mww,6.2,6.2,3.0,0.043,11.27,25.57,93.31,187.6,64.48,88.42,4.3515e+18,-3.141e+17,-4.0374e+18,-3.82e+17,-3.4132e+18,-6.431e+17,anss,gcmt:C202109211314A,slab_interface,13.2323608398
C202109221742A,2021-09-22T17:42:07,-74.27,-36.85,23.0,5.0,mw,0.02,0.02,1.1,,348.0,32.0,70.0,191.0,61.0,102.0,3.41e+16,-2310000000000000.0,-3.18e+16,-8700000000000000.0,-1.82e+16,650000000000000.0,gcmt,,intra_slab,11.4989423752
C202109290753A,2021-09-29T07:54:00,-68.15,-33.33,27.9,5.0,mw,0.04,0.03,1.5,,200.0,27.0,106.0,2.0,64.0,82.0,3.06e+16,-1450000000000000.0,-2.91e+16,-1840000000000000.0,2.36e+16,-5560000000000000.0,gcmt,,backarc,
C202110041236A,2021-10-04T12:36:21,-72.15,-31.72,30.1,5.1,mw,0.03,0.02,1.1,,344.0,30.0,87.0,168.0,60.0,92.0,4.37e+16,-5610000000000001.0,-3.81e+16,3820000000000000.0,-2.33e+16,8550000000000000.0,gcmt,,intra_slab,16.3500232697
C202110130755A,2021-10-13T07:55:33,-72.33,-50.4,12.0,5.5,mw,0.01,0.01,0.0,,48.0,53.0,140.0,165.0,59.0,44.0,1.2e+17,6.35e+16,-1.83e+17,6.31e+16,-3.59e+16,-7.68e+16,gcmt,,backarc,
C202110181832A,2021-10-18T18:32:15,-77.41,-45.73,16.7,5.0,mw,0.02,0.01,1.1,,347.0,81.0,-4.0,77.0,86.0,-171.0,990000000000000.0,1.84e+16,-1.94e+16,-5910000000000000.0,-4740000000000000.0,-3.88e+16,gcmt,,outer_rise,
6000fvra,2021-10-18T22:23:40,-77.4823,-45.6762,11.5,5.1,mww,9.2,9.2,1.9,0.065,350.67,55.62,2.47,259.28,87.96,145.59,683000000000000.0,1.7033e+16,-1.7716e+16,-3.3534e+16,-2273000000000000.0,-4.5347e+16,anss,gcmt:C202110182223A,outer_rise,
7000fr0v,2021-11-03T03:17:53,-70.0903,-32.7109,70.5,5.7,mww,4.6,4.6,1.3,0.041,188.43,16.68,-59.23,336.57,75.72,-98.72,-1.8566e+17,-9640000000000000.0,1.9529e+17,1.4846e+17,-3.0383e+17,-2.611e+16,anss,gcmt:C202111030317A,crustal_intraarc_deep,
C202111080616A,2021-11-08T06:16:32,-73.48,-34.06,17.2,5.0,mw,0.03,0.02,0.8,,39.0,32.0,-100.0,231.0,59.0,-84.0,-3.63e+16,1.81e+16,1.82e+16,1.6e+16,9660000000000000.0,1.57e+16,gcmt,,outer_rise,
C202111272244A,2021-11-27T22:44:51,-71.12,-27.93,39.8,5.0,mw,0.03,0.03,0.9,,170.0,37.0,90.0,349.0,53.0,90.0,3.72e+16,-4310000000000000.0,-3.29e+16,-1950000000000000.0,9560000000000000.0,5590000000000001.0,gcmt,,intra_slab,27.8461971283
6000g836,2021-12-01T04:39:29,-73.6298,-37.8959,13.5,5.1,mww,4.1,4.1,2.6,0.047,153.24,29.94,-116.39,3.04,63.44,-75.64,-5.0784e+16,9291000000000000.0,4.1493e+16,-1.2098e+16,-3.4276e+16,-9646000000000000.0,anss,gcmt:C202112010439A,forearc,24.6574058533
6000gbfe,2021-12-11T14:54:26,-71.2228,-29.5433,45.5,5.7,mww,4.2,4.2,1.9,0.058,166.67,44.14,71.53,11.63,48.66,107.09,4.0115e+17,3.927e+16,-4.4042e+17,8.637e+16,3.46e+16,6630000000000000.0,anss,gcmt:C202112111454A,slab_interface,42.6883468628
6000h0lw,2022-02-28T01:15:23,-74.0064,-36.973,15.5,5.7,mww,4.6,4.6,2.6,0.042,1.95,10.85,86.1,185.92,79.17,90.75,1.9006e+17,1740000000000000.0,-1.918e+17,-5.092e+16,-4.7904e+17,-1.35e+16,anss,gcmt:C202202280115A,slab_interface,15.2788772583
6000h2il,2022-03-06T09:35:08,-68.7104,-28.5838,100.5,5.5,mww,6.4,6.4,3.5,0.039,319.52,40.28,-90.02,139.54,49.72,-89.99,-2.1624e+17,8.815e+16,1.2809e+17,-2.433e+16,2.856e+16,-1.2538e+17,anss,gcmt:C202203060935A,slab_deep,88.0495910645
7000gyjz,2022-03-30T23:17:09,-71.4619,-28.7032,28.0,5.0,mwr,3.8,3.8,3.5,0.032,6.47,25.52,109.74,164.79,66.08,80.84,2.7513e+16,2609000000000000.0,-3.0122e+16,8765000000000000.0,-2.4228e+16,2859000000000000.0,anss,,slab_interface,24.165271759
C202204011128A,2022-04-01T11:28:07,-67.97,-31.39,117.2,5.2,mw,0.01,0.01,1.2,,29.0,46.0,-70.0,181.0,47.0,-109.0,-7.37e+16,-1.23e+16,8.61e+16,-1.34e+16,5200000000000000.0,2.83e+16,gcmt,,slab_deep,94.6743469238
C202204030516A,2022-04-03T05:16:39,-67.07,-31.54,136.3,5.1,mw,0.01,0.01,1.6,,214.0,38.0,-53.0,351.0,61.0,-115.0,-4.16e+16,-7430000000000000.0,4.9e+16,1.36e+16,-2.38e+16,1.29e+16,gcmt,,slab_deep,104.985458374
7000h2q1,2022-04-16T17:10:35,-72.3683,-34.3918,11.5,5.0,mww,3.2,3.2,2.9,0.078,34.61,28.87,130.72,170.1,68.53,70.22,2.3903e+16,3609000000000000.0,-2.7512e+16,8847000000000000.0,-2.4661e+16,-7024000000000000.0,anss,gcmt:C202204161710A,forearc,22.5533618927
C202205040345A,2022-05-04T03:46:03,-72.01,-32.2,32.2,5.0,mw,0.02,0.01,0.8,,355.0,36.0,62.0,208.0,58.0,109.0,3.28e+16,1930000000000000.0,-3.47e+16,-1.35e+16,-1.17e+16,-8050000000000000.0,gcmt,,intra_slab,20.7636089325
C202205040654A,2022-05-04T06:54:16,-72.02,-32.31,34.6,5.1,mw,0.02,0.01,0.9,,4.0,27.0,72.0,205.0,64.0,99.0,3.65e+16,-580000000000000.0,-3.59e+16,-1.49e+16,-2.5e+16,-9880000000000000.0,gcmt,,slab_interface,20.8748416901
7000h6zc,2022-05-04T11:59:37,-71.8486,-32.2337,21.5,5.2,mww,1.8,1.8,4.1,0.066,13.79,16.69,69.7,214.91,74.37,95.94,3.5073e+16,-3400000000000000.0,-3.1673e+16,-3.5938e+16,-4.8983e+16,-1.737e+16,anss,gcmt:C202205041159A,slab_interface,25.2018260956
7000h6zr,2022-05-04T12:48:30,-71.8458,-32.3225,35.5,5.1,mww,4.9,4.9,4.4,0.078,346.59,43.36,72.26,190.33,49.16,106.05,5.83e+16,4161000000000000.0,-6.2462e+16,-1.2095e+16,-6477000000000000.0,1743000000000000.0,anss,gcmt:C202205041248A,slab_interface,25.2527770996
7000h7dn,2022-05-05T21:05:31,-72.9405,-33.1072,35.5,5.1,mww,5.1,5.1,3.3,0.075,220.92,47.58,128.64,351.07,54.79,55.65,3.851e+16,8030000000000000.0,-4.654e+16,-1.6496e+16,1.0784e+16,-1.6799e+16,anss,gcmt:C202205052105A,outer_rise,
6000hmkd,2022-05-20T09:07:54,-72.0444,-29.5399,13.5,5.7,mww,4.4,4.4,3.2,0.052,322.78,4.8,43.47,189.41,86.7,93.49,3.107e+16,6.114e+16,-9.221e+16,-7.926e+16,-4.9794e+17,6800000000000000.0,anss,gcmt:C202205200907A,forearc,14.2228221893
C202206181824A,2022-06-18T18:24:15,-69.41,-33.52,148.2,5.1,mw,0.02,0.01,1.3,,305.0,40.0,-41.0,69.0,65.0,-122.0,-3.81e+16,5.71e+16,-1.9e+16,-2.59e+16,-2.02e+16,-7650000000000000.0,gcmt,,slab_deep,116.741645813
C202206210809A,2022-06-21T08:10:00,-69.11,-28.11,22.5,5.1,mw,0.02,0.02,1.8,,106.0,66.0,14.0,10.0,77.0,155.0,3220000000000000.0,1.84e+16,-2.16e+16,2e+16,1.98e+16,4.21e+16,gcmt,,backarc,
7000hk3y,2022-06-25T03:54:51,-71.4862,-29.5435,78.0,5.1,mwr,4.44,4.44,4.355,0.051,159.87,86.21,68.58,60.31,21.74,169.72,-772000000000000.0,2.8658e+16,-2.7886e+16,6602000000000000.0,-5.0904e+16,-3226000000000000.0,anss,gcmt:C202206250354A,intra_slab,29.879825592
6000i09s,2022-07-06T15:12:34,-75.3473,-42.3138,11.5,5.5,mww,8.16,8.16,1.767,0.049,202.14,27.76,-84.1,15.47,62.4,-93.1,-1.9916e+17,3.74e+16,1.6176e+17,-2.798e+16,-1.2835e+17,4.922e+16,anss,gcmt:C202207061512A,slab_interface,7.22722244263
6000i280,2022-07-13T21:21:38,-72.8929,-33.4436,19.5,5.0,mww,2.81,2.81,3.627,0.073,23.07,34.39,-112.82,230.09,58.63,-75.13,-3.296e+16,1.0594e+16,2.2366e+16,1.6213e+16,8121000000000000.0,2.1274e+16,anss,gcmt:C202207132121A,outer_rise,
C202208080344A,2022-08-08T03:45:00,-71.9,-32.77,22.4,5.0,mw,0.02,0.02,1.2,,333.0,32.0,64.0,183.0,62.0,105.0,2.57e+16,8000000000000000.0,-3.37e+16,-2819999999999999.5,-1.85e+16,7570000000000000.0,gcmt,,slab_interface,24.1559677124
6000ibrs,2022-08-18T02:10:26,-70.5979,-34.3598,90.5,5.3,mww,4.6,4.6,2.949,0.051,175.1,22.66,-117.44,24.47,70.01,-79.11,-7.255e+16,4620000000000000.0,6.794e+16,-4.239e+16,-7.027e+16,8510000000000000.0,anss,gcmt:C202208180210A,slab_deep,89.0423431396
7000iam0,2022-09-23T22:53:31,-75.7153,-41.4802,30.5,6.1,mww,6.71,6.71,1.763,0.044,329.93,42.72,59.93,188.18,54.05,114.83,1.6026e+18,1.354e+17,-1.738e+18,-5.324e+17,-4.528e+17,3.775e+17,anss,gcmt:C202209232253A,outer_rise,
C202209281513A,2022-09-28T15:13:49,-76.24,-45.83,19.6,5.0,mw,0.02,0.01,1.3,,80.0,72.0,-166.0,345.0,77.0,-19.0,709999999999999.9,1.64e+16,-1.71e+16,-8620000000000000.0,-1.77e+16,-3.46e+16,gcmt,,outer_rise,
6000ipjd,2022-09-30T06:15:51,-76.219,-45.7702,13.5,5.3,mww,5.39,5.39,1.928,0.057,77.47,86.0,179.46,167.51,89.46,4.0,-4525000000000000.0,4.4238e+16,-3.9712e+16,2906000000000000.0,-6526000000000000.0,-8.9959e+16,anss,gcmt:C202209300615A,outer_rise,
C202210101119A,2022-10-10T11:19:06,-71.63,-29.77,34.7,5.0,mw,0.03,0.03,1.2,,355.0,27.0,99.0,165.0,63.0,85.0,3.07e+16,-4170000000000000.0,-2.65e+16,7080000000000000.0,-2.02e+16,3640000000000000.0,gcmt,,intra_slab,25.5497074127
6000iuhb,2022-10-18T07:35:37,-71.3401,-30.9002,50.5,5.0,mww,5.71,5.71,3.776,0.069,350.35,38.8,89.87,170.51,51.2,90.1,3.6104e+16,3592000000000000.0,-3.9697e+16,1361000000000000.0,-8356000000000000.0,7509000000000000.0,anss,gcmt:C202210180735A,slab_interface,43.2380867004
7000imnf,2022-11-05T07:57:21,-73.9762,-35.5342,11.5,5.0,mww,6.63,6.63,4.128,0.056,58.89,60.79,-1.89,149.81,88.35,-150.77,-3488000000000000.0,-2.6004e+16,2.9491e+16,-7329000000000000.0,1.5739e+16,1.44e+16,anss,gcmt:C202211050757A,outer_rise,
7000impk,2022-11-05T12:12:47,-68.8366,-33.5217,40.5,5.1,mww,6.67,6.67,2.768,0.056,344.7,48.01,61.23,204.08,49.34,118.13,4.9459e+16,1.0244e+16,-5.9704e+16,-1.7476e+16,46000000000000.0,-5445000000000000.0,anss,gcmt:C202211051212A,backarc,
7000in91,2022-11-08T08:51:18,-70.7713,-33.6866,90.5,5.0,mww,4.78,4.78,1.331,0.048,155.83,40.37,-175.37,62.3,87.0,-49.73,-3707000000000000.0,-1.8064e+16,2.1771e+16,-2.6621e+16,-1.5507e+16,1.7672e+16,anss,gcmt:C202211080851A,slab_deep,74.0038757324
7000ipe4,2022-11-13T02:25:02,-73.5659,-37.4782,30.5,6.2,mww,6.67,6.67,1.743,0.069,354.75,19.35,90.09,174.65,70.65,89.97,1.7714e+18,-3.517e+17,-1.4197e+18,1.869e+17,-1.9885e+18,9.96e+16,anss,gcmt:C202211130224A;gcmt:C202211130224B,slab_interface,25.2565116882
C202211202217A,2022-11-20T22:17:43,-66.71,-27.91,182.0,5.1,mw,0.02,0.02,2.2,,148.0,38.0,-89.0,327.0,52.0,-91.0,-4.6e+16,9360000000000000.0,3.67e+16,7440000000000000.0,-1.1e+16,-2.91e+16,gcmt,,slab_deep,132.656295776
C202211230853A,2022-11-23T08:53:17,-71.14,-35.5,85.1,5.0,mw,0.03,0.02,4.8,,259.0,50.0,0.0,169.0,90.0,140.0,-900000000000000.0,-1.1299999999999998e+16,1.22e+16,2650000000000000.0,-2.5e+16,2.69e+16,gcmt,,slab_deep,87.0257949829
C202212090806A,2022-12-09T08:06:24,-79.82,-44.66,20.9,5.1,mw,0.02,0.01,1.1,,259.0,76.0,-171.0,167.0,81.0,-14.0,-3490000000000000.0,2.37e+16,-2.03e+16,5410000000000000.0,1.44e+16,-4.84e+16,gcmt,,outer_rise,
6000j8d7,2022-12-10T07:25:53,-72.0835,-33.6465,23.5,5.4,mww,4.12,4.12,3.556,0.055,12.03,23.82,95.41,186.12,66.3,87.62,1.1583e+17,1.359e+16,-1.2941e+17,-1.032e+16,-1.137e+17,-2.252e+16,anss,gcmt:C202212100725A,slab_interface,21.7092418671
6000jbc1,2022-12-23T20:03:58,-76.747,-45.5476,11.5,5.2,mww,7.1,7.1,1.726,0.052,149.77,42.27,-74.52,309.24,49.59,-103.64,-8.9342e+16,3.6972e+16,5.237e+16,2.0001e+16,1574000000000000.0,-4.8968e+16,anss,gcmt:C202212232003A,outer_rise,
7000j10i,2022-12-30T05:19:25,-76.4251,-45.8447,15.5,5.3,mww,8.82,8.82,4.482,0.05,338.22,50.96,-24.69,84.37,71.07,-138.25,-5.547e+16,7.44e+16,-1.893e+16,-6.485e+16,-3.427e+16,-8.723e+16,anss,gcmt:C202212300519A,outer_rise,
7000j3ty,2023-01-12T06:19:12,-71.3076,-30.6326,60.5,5.5,mww,2.94,2.94,1.878,0.046,4.97,33.8,100.55,172.34,56.85,83.01,2.2525e+17,2.784e+16,-2.5309e+17,2.725e+16,-1.0132e+17,8230000000000000.0,anss,gcmt:C202301120619A,slab_interface,44.707244873
6000jlhg,2023-02-05T01:02:48,-71.2512,-29.6462,70.5,5.5,mww,2.51,2.51,2.978,0.061,184.74,45.45,-103.67,23.86,46.18,-76.5,-2.3703e+17,3.855e+16,1.9848e+17,-4.581e+16,8770000000000000.0,4.348e+16,anss,gcmt:C202302050102A,intra_slab,41.1982192993
6000jqzy,2023-02-23T10:23:41,-73.2001,-33.9235,15.5,5.5,mww,5.19,5.19,0.901,0.039,30.58,35.04,-95.54,217.34,55.15,-86.13,-2.1498e+17,6.908e+16,1.459e+17,5.488e+16,5.665e+16,9.414e+16,anss,gcmt:C202302231023A,outer_rise,
7000jhkz,2023-03-06T07:34:50,-71.6699,-29.704,30.5,5.0,mww,4.94,4.94,5.528,0.089,200.51,12.11,-75.84,6.04,78.26,-93.01,-1.3884e+16,-4308000000000000.0,1.8192e+16,-3922000000000000.0,-3.7536e+16,4654000000000000.0,anss,,slab_interface,25.3029155731
C202303110235A,2023-03-11T02:35:31,-77.53,-45.69,21.0,5.2,mw,0.01,0.01,0.9,,81.0,82.0,-174.0,350.0,84.0,-8.0,-1.24e+16,3.06e+16,-1.83e+16,-3570000000000000.0,-9160000000000000.0,-6.980000000000001e+16,gcmt,,outer_rise,
C202303132250A,2023-03-13T22:50:47,-67.46,-28.1,149.0,5.2,mw,0.01,0.01,1.1,,154.0,28.0,-127.0,14.0,68.0,-72.0,-5.04e+16,-2.88e+16,7.92e+16,-1.54e+16,-5.83e+16,-3700000000000000.0,gcmt,,slab_deep,107.778892517
7000jjwt,2023-03-14T19:56:44,-75.3128,-38.4258,11.5,5.5,mww,5.42,5.42,1.45,0.053,12.38,44.36,-93.59,197.39,45.75,-86.5,-2.5584e+17,1.693e+16,2.3891e+17,1.247e+16,3150000000000000.0,6.347e+16,anss,gcmt:C202303141956A,outer_rise,
7000jlpd,2023-03-21T17:38:13,-71.3517,-33.6061,66.0,5.5,mwr,3.07,3.07,2.851,0.089,99.68,40.64,37.17,339.77,66.83,124.37,1.408e+17,-1.1394e+17,-2.686e+16,6.087e+16,1.7494e+17,7.303e+16,anss,,intra_slab,47.4955749512
6000k0xf,2023-03-30T17:33:20,-73.5562,-35.675,11.5,6.3,mww,5.64,5.64,1.828,0.043,9.81,18.15,83.39,196.76,71.97,92.16,2.0787e+18,5.43e+16,-2.133e+18,-8.914e+17,-2.8441e+18,-5.619e+17,anss,gcmt:C202303301733A,slab_interface,14.1582345963
C202304041908A,2023-04-04T19:08:50,-70.91,-27.44,59.8,5.9,mw,0.01,0.01,0.6,,240.0,27.0,-40.0,7.0,73.0,-111.0,-3.9e+17,-1.07e+17,4.96e+17,-1.09e+17,-6.83e+17,4.3e+17,gcmt,,intra_slab,30.8810195923
7000jw73,2023-04-27T06:07:15,-71.2526,-35.7448,70.5,5.0,mww,7.22,7.22,4.958,0.068,161.05,29.29,-115.64,9.87,63.82,-76.36,-2.9736e+16,-4074000000000000.0,3.381e+16,-7450000000000000.0,-2.2686e+16,-2552000000000000.0,anss,gcmt:C202304270607A,crustal_intraarc_deep,
6000kr5g,2023-07-09T17:11:39,-70.4464,-33.2122,80.5,5.7,mww,4.22,4.22,1.558,0.051,162.16,38.21,-85.57,336.53,51.93,-93.48,-3.21e+17,-2.086e+16,3.4186e+17,4.288e+16,-7.834e+16,-1.6126e+17,anss,gcmt:C202307091711A,slab_deep,81.5805587769
7000kg9g,2023-07-17T03:05:17,-70.5062,-38.0107,190.5,6.6,mww,6.06,6.06,1.803,0.047,261.91,24.55,-39.58,28.85,74.65,-109.39,-5.117e+18,3.855e+18,1.262e+18,-4.217e+18,-8.414e+18,5.284e+18,anss,gcmt:C202307170305A,slab_deep,153.032485962
7000krpr,2023-08-28T23:25:01,-73.2338,-43.8129,87.0,5.0,mwr,6.63,6.63,4.616,0.08,5.09,81.72,-99.55,234.55,12.62,-41.23,-1.2683e+16,2016000000000000.0,1.0667e+16,-2483000000000000.0,-4.1565e+16,8101000000000000.0,anss,,slab_deep,69.2946166992
7000ks3e,2023-08-30T14:17:11,-71.3136,-29.5503,40.5,5.3,mww,5.44,5.44,4.457,0.057,10.11,44.4,135.02,135.63,60.36,55.29,7.563e+16,1.801e+16,-9.364e+16,5.077e+16,-1.239e+16,3.891e+16,anss,gcmt:C202308301417A,intra_slab,38.1791725159
7000ktti,2023-09-06T23:48:09,-71.385,-30.2711,40.5,6.3,mww,4.82,4.82,1.522,0.04,12.29,36.71,106.77,171.68,55.09,77.86,2.9981e+18,-5.83e+16,-2.9397e+18,5.763e+17,-1.0072e+18,-1.135e+17,anss,gcmt:C202309062348A,slab_interface,38.0916671753
C202309111337A,2023-09-11T13:37:14,-71.4,-27.18,26.6,5.6,mw,0.02,0.01,1.1,,356.0,15.0,90.0,176.0,75.0,90.0,1.28e+17,2.25e+16,-1.51e+17,1.6800000000000002e+16,-2.42e+17,1.25e+16,gcmt,,slab_interface,14.9252061844
C202309151807A,2023-09-15T18:07:45,-71.7,-27.42,12.0,5.7,mw,0.01,0.01,0.0,,356.0,18.0,83.0,183.0,72.0,92.0,2.33e+17,-2.57e+16,-2.07e+17,-2.44e+16,-3.1e+17,2700000000000000.0,gcmt,,slab_interface,10.6664819717
C202309170218A,2023-09-17T02:18:04,-75.57,-37.7,28.7,5.2,mw,0.04,0.04,1.0,,173.0,43.0,-76.0,335.0,49.0,-102.0,-8e+16,2.05e+16,5.95e+16,1.78e+16,-2200000000000000.0,-1.14e+16,gcmt,,outer_rise,
7000kw9z,2023-09-17T04:01:49,-71.4572,-29.4108,45.5,5.1,mww,4.64,4.64,1.021,0.051,9.35,50.39,-162.99,268.32,76.97,-40.87,-1.6825e+16,1.49e+16,1924000000000000.0,3.171e+16,-5890000000000000.0,4.1362e+16,anss,gcmt:C202309170401A,intra_slab,30.7417144775
7000l6nl,2023-10-26T21:49:38,-69.9538,-28.8854,100.5,5.4,mww,5.33,5.33,3.992,0.041,259.75,23.63,115.77,51.96,68.84,79.23,1.0558e+17,-9.998e+16,-5600000000000000.0,9.336e+16,8.217e+16,-5.926e+16,anss,gcmt:C202310262149A,slab_deep,81.5003585815
7000l7si,2023-10-31T12:33:46,-71.543,-28.7514,45.5,6.6,mww,4.65,4.65,1.868,0.069,349.16,31.38,42.13,221.48,69.55,114.34,6.834e+18,1.085e+18,-7.92e+18,-6.588e+18,-4.499e+18,-2.39e+18,anss,gcmt:C202310311233A,slab_interface,21.6698284149
7000l951,2023-11-06T13:51:11,-71.8385,-33.1743,35.5,5.1,mww,4.69,4.69,3.034,0.093,355.93,43.54,100.74,161.27,47.41,79.96,5.0258e+16,8495000000000000.0,-5.8753e+16,5796000000000000.0,-2706000000000000.0,1.4284e+16,anss,gcmt:C202311061351A,slab_interface,26.379278183
C202311202103A,2023-11-20T21:03:12,-71.55,-30.99,47.0,5.0,mw,0.04,0.02,1.7,,331.0,33.0,76.0,167.0,58.0,99.0,3.92e+16,-1460000000000000.0,-3.77e+16,1350000000000000.0,-2.02e+16,1.58e+16,gcmt,,intra_slab,34.2926216125
7000lhnw,2023-12-09T04:49:51,-75.6818,-45.7598,13.5,5.2,mww,8.69,8.69,3.197,0.049,258.15,86.82,177.25,348.3,87.25,3.19,-2.2894e+16,4.3735e+16,-2.0841e+16,-6971000000000000.0,4862000000000000.0,-7.4131e+16,anss,gcmt:C202312090449A,unclassified,
C202312120100A,2023-12-12T01:00:39,-77.62,-45.75,13.1,5.0,mw,0.02,0.01,1.2,,76.0,76.0,-178.0,346.0,89.0,-14.0,-3449999999999999.5,2.07e+16,-1.73e+16,2390000000000000.0,-9580000000000000.0,-3.69e+16,gcmt,,outer_rise,
7000ll6h,2023-12-24T03:23:51,-73.881,-38.0804,13.5,5.8,mww,5.04,5.04,1.792,0.043,6.39,13.62,92.88,183.42,76.4,89.3,3.0091e+17,4.241e+16,-3.4332e+17,-3.632e+16,-6.2792e+17,-3.177e+16,anss,gcmt:C202312240323A,slab_interface,20.4653949738
6000m1cg,2024-01-03T08:04:08,-68.9432,-28.5553,90.5,5.5,mww,5.97,5.97,1.854,0.043,311.58,39.66,-108.61,155.2,52.78,-75.18,-1.9738e+17,6.007e+16,1.3731e+17,1570000000000000.0,6.308e+16,-1.2284e+17,anss,gcmt:C202401030804A,slab_deep,87.2480010986
C202401211737A,2024-01-21T17:37:53,-72.35,-33.59,32.2,5.0,mw,0.04,0.03,0.9,,359.0,37.0,83.0,189.0,53.0,96.0,4.230000000000001e+16,-5690000000000000.0,-3.66e+16,-4820000000000000.0,-1.1e+16,-1960000000000000.0,gcmt,,intra_slab,15.7665691376
7000lt1x,2024-01-22T22:30:18,-72.1775,-30.2325,13.5,5.4,mww,2.97,2.97,1.734,0.089,342.41,14.19,52.93,200.34,78.72,98.67,7.394e+16,-100000000000000.0,-7.384e+16,-6.479e+16,-1.5231e+17,2930000000000000.0,anss,,slab_interface,12.9794092178
7000lyi6,2024-02-11T21:14:43,-71.6168,-28.329,30.5,5.4,mww,5.32,5.32,3.022,0.052,200.23,36.02,130.17,334.01,63.3,64.87,1.3331e+17,1.55e+16,-1.4881e+17,-8.108e+16,6.856e+16,3900000000000000.0,anss,gcmt:C202402112114A,intra_slab,17.0929450989
7000lz23,2024-02-14T01:31:46,-71.3142,-28.8042,23.5,5.8,mww,3.92,3.92,1.769,0.046,20.44,36.57,126.66,157.63,61.45,66.11,5.0185e+17,2.007e+16,-5.2193e+17,2.6998e+17,-2.3091e+17,-9160000000000000.0,anss,gcmt:C202402140131A,forearc,30.4144477844
7000lzib,2024-02-15T23:59:42,-71.8517,-29.2704,11.5,5.0,mww,4.74,4.74,3.359,0.073,14.05,14.9,108.78,174.66,75.91,85.1,1.6802e+16,1754000000000000.0,-1.8556e+16,3635000000000000.0,-3.2404e+16,-1255000000000000.0,anss,gcmt:C202402152359A,slab_interface,17.3247966766
7000m4sw,2024-03-12T03:42:37,-72.8952,-33.824,17.5,5.1,mww,4.5,4.5,1.646,0.071,187.74,82.18,91.6,356.14,7.99,78.5,1.9333e+16,-5240000000000000.0,-1.4093e+16,-8430000000000000.0,-5.8542e+16,507000000000000.0,anss,gcmt:C202403120342A,outer_rise,
7000m9lk,2024-04-03T13:52:02,-72.8961,-36.9623,45.5,5.2,mww,6.06,6.06,5.204,0.086,174.9,55.79,86.11,1.79,34.4,95.7,8.18e+16,-1.6612e+16,-6.5188e+16,7009000000000000.0,-2.8578e+16,849000000000000.0,anss,gcmt:C202404031351A,slab_interface,40.0724029541
6000my8g,2024-05-13T09:18:58,-73.276,-35.4877,15.5,5.2,mww,5.46,5.46,1.714,0.059,16.82,14.81,95.54,191.09,75.26,88.54,3.6539e+16,-1006000000000000.0,-3.5532e+16,-1.2184e+16,-6.448e+16,-9060000000000000.0,anss,gcmt:C202405130918A,slab_interface,16.639881134
C202405140318A,2024-05-14T03:18:40,-71.88,-28.66,27.9,5.0,mw,0.03,0.02,0.8,,316.0,39.0,66.0,166.0,55.0,108.0,3.17e+16,-6120000000000000.0,-2.55e+16,-3480000000000000.0,-1.22e+16,1.56e+16,gcmt,,intra_slab,13.1296567917
7000n7us,2024-08-18T23:32:08,-73.8718,-37.0912,11.5,5.2,mww,7.01,7.01,3.088,0.065,13.0,9.58,100.49,182.37,80.58,88.24,2.1255e+16,2775000000000000.0,-2.403e+16,-2539000000000000.0,-6.6637e+16,-3277000000000000.0,anss,gcmt:C202408182331A,slab_interface,18.2516422272
6000nmw5,2024-08-26T16:21:55,-73.6335,-44.8383,60.5,5.0,mww,7.31,7.31,3.582,0.08,143.07,86.32,128.84,237.63,38.98,5.85,4439000000000000.0,-2.8239e+16,2.3801e+16,1.9251e+16,-2.8364e+16,9922000000000000.0,anss,gcmt:C202408261621A,crustal_intraarc_deep,
6000nnvk,2024-08-31T13:04:47,-71.7061,-29.8363,27.0,5.0,mwr,5.39,5.39,3.268,0.039,1.52,24.84,92.89,178.34,65.2,88.66,3.1435e+16,4208000000000000.0,-3.5643e+16,1126000000000000.0,-2.8505e+16,162000000000000.0,anss,gcmt:C202408311304B,slab_interface,24.3268432617
6000npej,2024-09-03T01:21:50,-76.5418,-45.5777,11.5,5.3,mww,8.53,8.53,1.842,0.061,159.49,33.27,-106.23,358.68,58.21,-79.61,-8.664e+16,4260000000000000.0,8.238e+16,-9031000000000000.0,-4.2495e+16,-1.6063e+16,anss,gcmt:C202409030121A,outer_rise,
6000nq0y,2024-09-06T10:13:00,-69.4882,-28.6948,120.5,5.7,mww,6.36,6.36,1.928,0.056,349.59,40.47,88.67,171.34,49.54,91.13,4.1432e+17,-5.131e+16,-3.6301e+17,3480000000000000.0,-6.303e+16,5.404e+16,anss,gcmt:C202409061012A,slab_deep,85.663520813
C202409212124A,2024-09-21T21:24:33,-66.85,-32.0,153.2,6.0,mw,0.01,0.0,0.4,,115.0,54.0,-134.0,354.0,54.0,-46.0,-7.92e+17,1.19e+17,6.73e+17,-3.58e+17,-2.58e+17,-7.94e+17,gcmt,,slab_deep,122.325279236
6000ntqb,2024-09-22T18:46:40,-71.5737,-32.0514,35.5,5.1,mww,3.22,3.22,5.219,0.093,132.58,3.89,39.48,3.17,87.53,93.0,3403000000000000.0,2884000000000000.0,-6287000000000000.0,2920000000000000.0,5.4257e+16,2374000000000000.0,anss,gcmt:C202409221846A,forearc,35.9235649109
6000ntsj,2024-09-23T02:36:45,-71.1602,-29.7073,60.5,5.4,mww,4.43,4.43,1.816,0.047,143.18,48.5,-101.13,339.72,42.71,-77.69,-1.7127e+17,4.851e+16,1.2275e+17,-3.29e+16,800000000000000.0,-5.65e+16,anss,gcmt:C202409230236A,intra_slab,46.2100830078
C202409240058A,2024-09-24T00:58:53,-65.67,-31.56,174.4,5.1,mw,0.03,0.02,3.5,,185.0,67.0,-6.0,278.0,85.0,-157.0,-1.14e+16,-4730000000000000.0,1.6200000000000002e+16,2.01e+16,-3250000000000000.0,-4.99e+16,gcmt,,slab_deep,158.145950317
6000nzxj,2024-10-20T22:59:45,-68.7596,-30.867,90.5,5.7,mww,6.11,6.11,1.845,0.032,8.83,47.37,-87.08,184.52,42.71,-93.16,-4.9615e+17,3.319e+16,4.6296e+17,-2.42e+16,-3.675e+16,5.087e+16,anss,gcmt:C202410202259A,slab_deep,92.809135437
C202410241145A,2024-10-24T11:45:42,-71.95,-28.68,14.3,5.0,mw,0.02,0.02,1.0,,182.0,46.0,120.0,323.0,51.0,63.0,3.2400000000000004e+16,3870000000000000.0,-3.63e+16,-1.1299999999999998e+16,-70000000000000.0,1.43e+16,gcmt,,intra_slab,12.554058075
7000npn0,2024-11-03T04:04:08,-69.5173,-35.7026,190.5,5.4,mww,7.02,7.02,4.589,0.039,41.58,68.95,-80.77,197.23,22.9,-112.63,-1.2867e+17,3.487e+16,9.379e+16,-9.826e+16,-8.751e+16,3.861e+16,anss,gcmt:C202411030404A,slab_deep,169.396942139
C202411081137A,2024-11-08T11:38:07,-75.63,-46.72,12.0,6.3,mw,0.0,0.0,0.0,,10.0,28.0,87.0,193.0,62.0,92.0,3.09e+18,5.9e+16,-3.15e+18,-5.28e+17,-2.04e+18,-6.94e+17,gcmt,,unclassified,
7000nu8n,2024-11-26T12:33:13,-71.0347,-30.4518,50.5,5.1,mww,5.98,5.98,4.506,0.093,170.68,58.23,88.13,354.22,31.82,93.01,4.4428e+16,2787000000000000.0,-4.7214e+16,4454000000000000.0,-2.2596e+16,6826000000000000.0,anss,gcmt:C202411261233A,slab_interface,55.8586959839
7000nwtv,2024-12-07T06:26:35,-73.1903,-38.9157,25.5,5.3,mww,7.94,7.94,5.895,0.052,108.97,41.29,53.8,333.23,57.83,117.42,1.0061e+17,-6.015e+16,-4.046e+16,9050000000000000.0,5.881e+16,6.254e+16,anss,gcmt:C202412070626A,forearc,43.8211669922
7000nyqr,2024-12-13T23:38:22,-70.7316,-35.3393,120.5,6.4,mww,6.16,6.16,1.878,0.032,16.2,76.16,-98.36,227.76,16.13,-59.45,-2.0874e+18,5.091e+17,1.5783e+18,-9.561e+17,-3.8613e+18,1.0976e+18,anss,gcmt:C202412132338A,slab_deep,101.504005432
6000pfi3,2024-12-24T22:42:34,-67.4617,-28.2519,150.5,5.9,mww,6.9,6.9,1.851,0.032,152.05,37.61,-126.88,15.5,60.78,-65.18,-6.2934e+17,-2.7133e+17,9.0067e+17,-1.8988e+17,-3.6263e+17,-8.993e+16,anss,gcmt:C202412242242A,slab_deep,106.624908447
6000pgf5,2024-12-30T05:41:06,-71.9768,-29.6598,11.5,5.5,mww,3.75,3.75,1.829,0.058,165.23,72.81,89.18,348.01,17.21,92.66,1.112e+17,1.96e+16,-1.308e+17,4.719e+16,-1.7758e+17,3.891e+16,anss,gcmt:C202412300541A,slab_interface,15.5301532745
7000pcsz,2025-02-11T02:24:11,-75.0206,-37.2709,11.5,5.2,mww,7.0,7.0,3.334,0.042,359.32,46.62,-111.81,209.54,47.56,-68.54,-7.4194e+16,-4854000000000000.0,7.9048e+16,1.9012e+16,-3547000000000000.0,2.3157e+16,anss,gcmt:C202502110224A,outer_rise,
7000pe2h,2025-02-16T07:08:50,-73.7065,-38.5098,11.5,5.0,mww,7.03,7.03,4.807,0.071,175.23,72.14,82.32,18.97,19.39,112.53,2.1219e+16,1269000000000000.0,-2.2488e+16,3885000000000000.0,-2.9715e+16,-2846000000000000.0,anss,gcmt:C202502160708A,slab_interface,26.2851753235
7000pfih,2025-02-22T22:20:31,-76.7737,-45.5464,11.5,5.4,mww,8.71,8.71,1.843,0.054,345.81,75.37,-16.25,80.02,74.29,-164.79,-2380000000000000.0,6.694e+16,-6.456e+16,-3.868e+16,-6.328e+16,-1.4605e+17,anss,gcmt:C202502222220A,outer_rise,
C202502241226A,2025-02-24T12:26:02,-77.6,-45.71,15.1,5.1,mw,0.01,0.01,0.8,,346.0,79.0,-10.0,78.0,81.0,-169.0,-5120000000000000.0,2.94e+16,-2.42e+16,-8660000000000000.0,-1.15e+16,-5.31e+16,gcmt,,outer_rise,
C202503162150A,2025-03-16T21:50:26,-70.03,-29.04,127.0,5.0,mw,0.03,0.02,0.0,,357.0,41.0,-64.0,145.0,54.0,-110.0,-2.58e+16,-1.21e+16,3.78e+16,-5170000000000000.0,7550000000000000.0,-2.17e+16,gcmt,,slab_deep,80.542350769
6000pzn5,2025-03-18T21:17:51,-71.0352,-30.0133,70.5,5.3,mww,4.61,4.61,3.532,0.068,180.08,59.66,-76.97,335.48,32.77,-111.06,-8.9528e+16,1.3993e+16,7.5536e+16,1.5486e+16,4.6978e+16,-1.6338e+16,anss,gcmt:C202503182117A,intra_slab,53.0460166931
7000pm5f,2025-03-24T04:35:12,-71.3597,-29.6618,70.5,5.1,mww,5.98,5.98,3.915,0.063,145.71,38.45,-91.79,328.0,51.57,-88.58,-5.7999e+16,1.6374e+16,4.1625e+16,6583000000000000.0,-1.2174e+16,-2.8715e+16,anss,gcmt:C202503240435A,intra_slab,36.7333831787
7000pun2,2025-04-24T03:20:20,-71.5289,-30.7266,23.5,5.1,mww,3.9,3.9,4.462,0.062,9.74,32.99,95.09,183.67,57.16,86.7,4.3357e+16,6629000000000000.0,-4.9986e+16,-275000000000000.0,-2.1236e+16,-6506000000000000.0,anss,gcmt:C202504240320A,slab_interface,33.5647239685
7000pwdl,2025-05-01T16:04:54,-67.4216,-28.5033,25.5,5.4,mww,6.38,6.38,1.731,0.083,145.92,28.37,46.93,12.65,69.69,110.24,8.976e+16,-6780000000000000.0,-8.298e+16,4.795e+16,8.755e+16,2.478e+16,anss,,backarc,
7000qa3y,2025-07-02T01:39:56,-72.4855,-33.5723,11.5,5.5,mww,4.13,4.13,1.824,0.071,346.81,6.58,63.08,193.89,84.14,92.99,4.854e+16,6130000000000000.0,-5.467e+16,-5.907e+16,-2.3449e+17,-1480000000000000.0,anss,gcmt:C202507020139A,slab_interface,12.8482303619
